,wind,solar,price
2024-01-01 00:00:00+00:00,0.249,1.55e-06,87.9
2024-01-01 01:00:00+00:00,0.2458,0.0,107.4
2024-01-01 02:00:00+00:00,0.2527,0.0,114.0
2024-01-01 03:00:00+00:00,0.2478,0.0,101.4
2024-01-01 04:00:00+00:00,0.3237,1.9e-06,102.56
2024-01-01 05:00:00+00:00,0.3774,5.8e-06,112.8
2024-01-01 06:00:00+00:00,0.3884,1.115e-05,108.0
2024-01-01 07:00:00+00:00,0.4148,0.001642,98.2
2024-01-01 08:00:00+00:00,0.42,0.0668,86.1
2024-01-01 09:00:00+00:00,0.5034,0.203,68.94
2024-01-01 10:00:00+00:00,0.5117,0.2834,53.16
2024-01-01 11:00:00+00:00,0.4854,0.3916,49.0
2024-01-01 12:00:00+00:00,0.448,0.3916,75.4
2024-01-01 13:00:00+00:00,0.4495,0.3386,69.06
2024-01-01 14:00:00+00:00,0.4358,0.287,92.3
2024-01-01 15:00:00+00:00,0.4336,0.2756,82.75
2024-01-01 16:00:00+00:00,0.4897,0.1744,87.9
2024-01-01 17:00:00+00:00,0.47,0.03827,113.8
2024-01-01 18:00:00+00:00,0.449,3.8e-05,147.1
2024-01-01 19:00:00+00:00,0.4407,3.46e-05,162.6
2024-01-01 20:00:00+00:00,0.4248,3.4e-05,151.1
2024-01-01 21:00:00+00:00,0.4019,3.46e-05,126.56
2024-01-01 22:00:00+00:00,0.1885,2.09e-05,146.5
2024-01-01 23:00:00+00:00,0.1833,1.37e-05,129.2
2024-01-02 00:00:00+00:00,0.1686,0.0,154.2
2024-01-02 01:00:00+00:00,0.159,0.0,149.2
2024-01-02 02:00:00+00:00,0.1343,0.0,125.9
2024-01-02 03:00:00+00:00,0.1186,0.0,107.56
2024-01-02 04:00:00+00:00,0.0826,9e-07,134.8
2024-01-02 05:00:00+00:00,0.0899,0.0,155.9
2024-01-02 06:00:00+00:00,0.0745,0.0,161.8
2024-01-02 07:00:00+00:00,0.02968,3.64e-05,168.9
2024-01-02 08:00:00+00:00,0.07306,0.01052,137.9
2024-01-02 09:00:00+00:00,0.10315,0.0384,145.6
2024-01-02 10:00:00+00:00,0.1421,0.0713,136.4
2024-01-02 11:00:00+00:00,0.1294,0.11053,155.9
2024-01-02 12:00:00+00:00,0.09644,0.1217,152.8
2024-01-02 13:00:00+00:00,0.11383,0.1478,136.4
2024-01-02 14:00:00+00:00,0.1185,0.1605,148.0
2024-01-02 15:00:00+00:00,0.11816,0.10974,145.9
2024-01-02 16:00:00+00:00,0.0939,0.09515,165.0
2024-01-02 17:00:00+00:00,0.07385,0.01811,175.0
2024-01-02 18:00:00+00:00,0.0434,1.717e-05,171.0
2024-01-02 19:00:00+00:00,0.03354,7.8e-06,173.8
2024-01-02 20:00:00+00:00,0.02998,1.717e-05,179.2
2024-01-02 21:00:00+00:00,0.02066,1.496e-05,168.8
2024-01-02 22:00:00+00:00,0.0032,1.85e-06,163.5
2024-01-02 23:00:00+00:00,0.00249,5.1e-06,135.5
2024-01-03 00:00:00+00:00,0.08215,3.64e-06,125.56
2024-01-03 01:00:00+00:00,0.11194,0.0,113.6
2024-01-03 02:00:00+00:00,0.066,2.86e-06,122.7
2024-01-03 03:00:00+00:00,0.0654,6.6e-07,144.6
2024-01-03 04:00:00+00:00,0.0369,4.5e-06,173.6
2024-01-03 05:00:00+00:00,0.04227,9.66e-06,165.1
2024-01-03 06:00:00+00:00,0.0537,1.91e-05,168.6
2024-01-03 07:00:00+00:00,0.1359,0.00131,142.2
2024-01-03 08:00:00+00:00,0.1509,0.03983,139.2
2024-01-03 09:00:00+00:00,0.0328,0.167,145.8
2024-01-03 10:00:00+00:00,0.03445,0.278,153.9
2024-01-03 11:00:00+00:00,0.04962,0.2786,160.6
2024-01-03 12:00:00+00:00,0.1349,0.3167,169.1
2024-01-03 13:00:00+00:00,0.1406,0.3567,172.6
2024-01-03 14:00:00+00:00,0.1698,0.3699,166.0
2024-01-03 15:00:00+00:00,0.208,0.2737,161.0
2024-01-03 16:00:00+00:00,0.2255,0.1808,145.6
2024-01-03 17:00:00+00:00,0.09705,0.02448,178.5
2024-01-03 18:00:00+00:00,0.0736,4.715e-05,170.8
2024-01-03 19:00:00+00:00,0.06775,3.48e-05,190.1
2024-01-03 20:00:00+00:00,0.05527,4.715e-05,175.6
2024-01-03 21:00:00+00:00,0.00549,6.884e-05,158.0
2024-01-03 22:00:00+00:00,0.004692,3.74e-05,123.56
2024-01-03 23:00:00+00:00,0.02864,1.62e-05,118.25
2024-01-04 00:00:00+00:00,0.04227,7.5e-06,112.75
2024-01-04 01:00:00+00:00,0.07306,4.77e-06,125.1
2024-01-04 02:00:00+00:00,0.1151,1.43e-06,127.6
2024-01-04 03:00:00+00:00,0.11145,2e-07,120.56
2024-01-04 04:00:00+00:00,0.147,1.9e-06,134.1
2024-01-04 05:00:00+00:00,0.1476,6.7e-06,146.1
2024-01-04 06:00:00+00:00,0.1588,1.67e-05,149.9
2024-01-04 07:00:00+00:00,0.1991,0.001914,39.3
2024-01-04 08:00:00+00:00,0.1953,0.0946,14.445
2024-01-04 09:00:00+00:00,0.2123,0.315,122.94
2024-01-04 10:00:00+00:00,0.2676,0.381,104.8
2024-01-04 11:00:00+00:00,0.2917,0.4646,74.4
2024-01-04 12:00:00+00:00,0.3015,0.4922,79.75
2024-01-04 13:00:00+00:00,0.3262,0.4773,84.5
2024-01-04 14:00:00+00:00,0.4553,0.3835,80.5
2024-01-04 15:00:00+00:00,0.5645,0.2812,87.25
2024-01-04 16:00:00+00:00,0.5903,0.135,97.94
2024-01-04 17:00:00+00:00,0.67,0.01772,97.2
2024-01-04 18:00:00+00:00,0.6377,3.517e-05,94.8
2024-01-04 19:00:00+00:00,0.661,1.78e-05,115.4
2024-01-04 20:00:00+00:00,0.6704,2.885e-05,97.7
2024-01-04 21:00:00+00:00,0.678,5.215e-05,93.9
2024-01-04 22:00:00+00:00,0.797,4.077e-05,71.94
2024-01-04 23:00:00+00:00,0.8335,1.21e-05,40.94
2024-01-05 00:00:00+00:00,0.8174,3.5e-06,32.6
2024-01-05 01:00:00+00:00,0.9023,1.2e-06,20.17
2024-01-05 02:00:00+00:00,0.8164,3.93e-06,26.17
2024-01-05 03:00:00+00:00,0.853,3.46e-06,2.154
2024-01-05 04:00:00+00:00,0.8296,6e-06,39.3
2024-01-05 05:00:00+00:00,0.8096,5.96e-06,67.2
2024-01-05 06:00:00+00:00,0.793,1.377e-05,72.2
2024-01-05 07:00:00+00:00,0.7817,0.002071,72.7
2024-01-05 08:00:00+00:00,0.747,0.1126,77.1
2024-01-05 09:00:00+00:00,0.686,0.405,58.66
2024-01-05 10:00:00+00:00,0.6787,0.597,68.25
2024-01-05 11:00:00+00:00,0.734,0.687,-2.0
2024-01-05 12:00:00+00:00,0.7397,0.709,-2.0
2024-01-05 13:00:00+00:00,0.7163,0.703,-2.0
2024-01-05 14:00:00+00:00,0.719,0.653,-2.0
2024-01-05 15:00:00+00:00,0.7134,0.527,75.06
2024-01-05 16:00:00+00:00,0.751,0.2927,74.2
2024-01-05 17:00:00+00:00,0.792,0.03897,75.75
2024-01-05 18:00:00+00:00,0.7007,7.28e-05,81.9
2024-01-05 19:00:00+00:00,0.669,6.616e-05,96.7
2024-01-05 20:00:00+00:00,0.674,8.047e-05,103.75
2024-01-05 21:00:00+00:00,0.6816,0.0001064,93.3
2024-01-05 22:00:00+00:00,0.6855,7.17e-05,75.7
2024-01-05 23:00:00+00:00,0.6226,4.226e-05,77.0
2024-01-06 00:00:00+00:00,0.606,6.4e-06,59.28
2024-01-06 01:00:00+00:00,0.5264,5.5e-06,59.3
2024-01-06 02:00:00+00:00,0.4285,8.2e-06,-2.0
2024-01-06 03:00:00+00:00,0.3682,4.77e-06,66.94
2024-01-06 04:00:00+00:00,0.1914,6.85e-06,99.2
2024-01-06 05:00:00+00:00,0.183,1.37e-05,88.94
2024-01-06 06:00:00+00:00,0.0488,1.913e-05,114.06
2024-01-06 07:00:00+00:00,0.05807,0.001373,109.8
2024-01-06 08:00:00+00:00,0.0308,0.0767,122.9
2024-01-06 09:00:00+00:00,0.00801,0.224,101.6
2024-01-06 10:00:00+00:00,0.007496,0.2825,96.75
2024-01-06 11:00:00+00:00,0.01695,0.3772,97.4
2024-01-06 12:00:00+00:00,0.10913,0.3635,77.9
2024-01-06 13:00:00+00:00,0.0709,0.449,79.75
2024-01-06 14:00:00+00:00,0.137,0.4053,96.7
2024-01-06 15:00:00+00:00,0.15,0.278,108.25
2024-01-06 16:00:00+00:00,0.1694,0.1216,114.06
2024-01-06 17:00:00+00:00,0.1736,0.01837,121.2
2024-01-06 18:00:00+00:00,0.1732,3.86e-05,138.0
2024-01-06 19:00:00+00:00,0.2166,3.785e-05,130.8
2024-01-06 20:00:00+00:00,0.2822,4.68e-05,133.8
2024-01-06 21:00:00+00:00,0.2922,6.336e-05,106.6
2024-01-06 22:00:00+00:00,0.2922,3.874e-05,101.94
2024-01-06 23:00:00+00:00,0.3474,2.307e-05,94.7
2024-01-07 00:00:00+00:00,0.3953,7.3e-06,96.1
2024-01-07 01:00:00+00:00,0.464,8.2e-06,82.4
2024-01-07 02:00:00+00:00,0.4727,1.585e-05,65.4
2024-01-07 03:00:00+00:00,0.504,5.66e-06,62.84
2024-01-07 04:00:00+00:00,0.521,5.54e-06,77.06
2024-01-07 05:00:00+00:00,0.4312,6.74e-06,91.5
2024-01-07 06:00:00+00:00,0.419,5.1e-06,94.94
2024-01-07 07:00:00+00:00,0.4287,0.00128,96.4
2024-01-07 08:00:00+00:00,0.4546,0.07446,85.75
2024-01-07 09:00:00+00:00,0.5283,0.2063,97.9
2024-01-07 10:00:00+00:00,0.531,0.3022,73.9
2024-01-07 11:00:00+00:00,0.529,0.3682,94.0
2024-01-07 12:00:00+00:00,0.588,0.3179,78.5
2024-01-07 13:00:00+00:00,0.6323,0.277,86.9
2024-01-07 14:00:00+00:00,0.673,0.2188,85.5
2024-01-07 15:00:00+00:00,0.7173,0.10065,67.9
2024-01-07 16:00:00+00:00,0.7207,0.01161,68.1
2024-01-07 17:00:00+00:00,0.726,0.0004673,82.75
2024-01-07 18:00:00+00:00,0.78,1.59e-05,56.75
2024-01-07 19:00:00+00:00,0.857,1.44e-05,45.56
2024-01-07 20:00:00+00:00,0.8936,3.88e-05,48.03
2024-01-07 21:00:00+00:00,0.893,4.613e-05,42.53
2024-01-07 22:00:00+00:00,0.911,5.007e-05,44.66
2024-01-07 23:00:00+00:00,0.903,3.16e-05,57.88
2024-01-08 00:00:00+00:00,0.789,6.9e-06,72.56
2024-01-08 01:00:00+00:00,0.802,1.85e-06,81.8
2024-01-08 02:00:00+00:00,0.839,5.66e-06,71.8
2024-01-08 03:00:00+00:00,0.8403,8e-07,64.2
2024-01-08 04:00:00+00:00,0.8447,2.74e-06,77.75
2024-01-08 05:00:00+00:00,0.861,4.2e-06,80.25
2024-01-08 06:00:00+00:00,0.769,0.0,117.0
2024-01-08 07:00:00+00:00,0.653,0.000685,107.7
2024-01-08 08:00:00+00:00,0.5693,0.05136,117.25
2024-01-08 09:00:00+00:00,0.4902,0.1277,122.2
2024-01-08 10:00:00+00:00,0.473,0.2795,121.0
2024-01-08 11:00:00+00:00,0.397,0.3667,114.6
2024-01-08 12:00:00+00:00,0.392,0.3691,110.94
2024-01-08 13:00:00+00:00,0.3848,0.3376,105.75
2024-01-08 14:00:00+00:00,0.3757,0.3213,113.5
2024-01-08 15:00:00+00:00,0.2798,0.1595,131.0
2024-01-08 16:00:00+00:00,0.232,0.05197,136.0
2024-01-08 17:00:00+00:00,0.2264,0.00857,131.5
2024-01-08 18:00:00+00:00,0.1755,3.296e-05,139.1
2024-01-08 19:00:00+00:00,0.1522,2.92e-05,150.8
2024-01-08 20:00:00+00:00,0.1316,5.64e-05,143.4
2024-01-08 21:00:00+00:00,0.129,7.32e-05,132.4
2024-01-08 22:00:00+00:00,0.11676,5.335e-05,135.9
2024-01-08 23:00:00+00:00,0.0994,3.84e-05,146.9
2024-01-09 00:00:00+00:00,0.1214,8.3e-06,131.1
2024-01-09 01:00:00+00:00,0.1278,7.2e-06,168.0
2024-01-09 02:00:00+00:00,0.1343,1.043e-05,146.5
2024-01-09 03:00:00+00:00,0.1462,2.26e-06,131.2
2024-01-09 04:00:00+00:00,0.3508,5e-07,107.6
2024-01-09 05:00:00+00:00,0.4639,0.0,115.25
2024-01-09 06:00:00+00:00,0.541,0.0,123.7
2024-01-09 07:00:00+00:00,0.552,0.001758,150.1
2024-01-09 08:00:00+00:00,0.5835,0.1158,140.2
2024-01-09 09:00:00+00:00,0.569,0.3823,85.5
2024-01-09 10:00:00+00:00,0.5566,0.5312,83.1
2024-01-09 11:00:00+00:00,0.5615,0.6187,50.84
2024-01-09 12:00:00+00:00,0.4365,0.62,64.5
2024-01-09 13:00:00+00:00,0.4165,0.636,77.6
2024-01-09 14:00:00+00:00,0.428,0.5405,87.44
2024-01-09 15:00:00+00:00,0.6465,0.358,78.4
2024-01-09 16:00:00+00:00,0.7236,0.1499,88.56
2024-01-09 17:00:00+00:00,0.7153,0.01918,104.44
2024-01-09 18:00:00+00:00,0.6895,5.317e-05,111.3
2024-01-09 19:00:00+00:00,0.6143,4.68e-05,136.4
2024-01-09 20:00:00+00:00,0.5503,6.2e-05,109.9
2024-01-09 21:00:00+00:00,0.474,7.516e-05,97.6
2024-01-09 22:00:00+00:00,0.4568,5.406e-05,95.9
2024-01-09 23:00:00+00:00,0.4146,3.755e-05,78.9
2024-01-10 00:00:00+00:00,0.4333,4.8e-06,98.1
2024-01-10 01:00:00+00:00,0.4497,6.14e-06,86.75
2024-01-10 02:00:00+00:00,0.4568,2.6e-06,91.4
2024-01-10 03:00:00+00:00,0.567,0.0,95.3
2024-01-10 04:00:00+00:00,0.578,0.0,109.75
2024-01-10 05:00:00+00:00,0.642,0.0,84.25
2024-01-10 06:00:00+00:00,0.703,0.0,78.44
2024-01-10 07:00:00+00:00,0.7188,0.0002515,84.56
2024-01-10 08:00:00+00:00,0.731,0.04565,48.84
2024-01-10 09:00:00+00:00,0.773,0.1349,53.12
2024-01-10 10:00:00+00:00,0.765,0.1864,45.78
2024-01-10 11:00:00+00:00,0.755,0.2322,49.12
2024-01-10 12:00:00+00:00,0.6846,0.234,41.75
2024-01-10 13:00:00+00:00,0.6665,0.2203,69.7
2024-01-10 14:00:00+00:00,0.692,0.2457,79.7
2024-01-10 15:00:00+00:00,0.7017,0.2612,85.6
2024-01-10 16:00:00+00:00,0.6816,0.1228,91.44
2024-01-10 17:00:00+00:00,0.673,0.01233,97.6
2024-01-10 18:00:00+00:00,0.572,4.27e-05,129.8
2024-01-10 19:00:00+00:00,0.4644,3.96e-05,147.2
2024-01-10 20:00:00+00:00,0.3572,4.96e-05,136.2
2024-01-10 21:00:00+00:00,0.3464,6.56e-05,110.6
2024-01-10 22:00:00+00:00,0.3486,5.16e-05,101.7
2024-01-10 23:00:00+00:00,0.2617,3.38e-05,121.9
2024-01-11 00:00:00+00:00,0.2405,3.76e-06,122.94
2024-01-11 01:00:00+00:00,0.2177,5.36e-06,112.8
2024-01-11 02:00:00+00:00,0.2002,1.55e-06,144.5
2024-01-11 03:00:00+00:00,0.199,0.0,151.1
2024-01-11 04:00:00+00:00,0.1659,3.6e-07,114.75
2024-01-11 05:00:00+00:00,0.1681,2.4e-07,113.25
2024-01-11 06:00:00+00:00,0.207,0.0,119.6
2024-01-11 07:00:00+00:00,0.2135,3.64e-05,139.1
2024-01-11 08:00:00+00:00,0.2262,0.01052,126.8
2024-01-11 09:00:00+00:00,0.1539,0.0384,137.6
2024-01-11 10:00:00+00:00,0.147,0.0713,137.6
2024-01-11 11:00:00+00:00,0.1361,0.11053,124.7
2024-01-11 12:00:00+00:00,0.1593,0.1217,117.4
2024-01-11 13:00:00+00:00,0.1793,0.1081,105.9
2024-01-11 14:00:00+00:00,0.2869,0.0978,114.7
2024-01-11 15:00:00+00:00,0.2861,0.1338,122.94
2024-01-11 16:00:00+00:00,0.4434,0.0793,98.25
2024-01-11 17:00:00+00:00,0.45,0.00797,20.75
2024-01-11 18:00:00+00:00,0.4443,2.79e-05,27.9
2024-01-11 19:00:00+00:00,0.434,3.105e-05,32.53
2024-01-11 20:00:00+00:00,0.4365,3.41e-05,19.92
2024-01-11 21:00:00+00:00,0.3962,4.17e-05,15.85
2024-01-11 22:00:00+00:00,0.3813,1.88e-05,-2.0
2024-01-11 23:00:00+00:00,0.4058,4.5e-06,4.438
2024-01-12 00:00:00+00:00,0.4412,0.0,124.2
2024-01-12 01:00:00+00:00,0.4585,0.0,112.6
2024-01-12 02:00:00+00:00,0.3884,8.3e-07,116.56
2024-01-12 03:00:00+00:00,0.3801,2.5e-06,115.56
2024-01-12 04:00:00+00:00,0.3599,1.6e-06,111.3
2024-01-12 05:00:00+00:00,0.2778,0.0,129.9
2024-01-12 06:00:00+00:00,0.2898,0.0,143.4
2024-01-12 07:00:00+00:00,0.3345,3.64e-05,143.5
2024-01-12 08:00:00+00:00,0.4043,0.01315,123.0
2024-01-12 09:00:00+00:00,0.4282,0.0532,129.0
2024-01-12 10:00:00+00:00,0.5195,0.0713,109.3
2024-01-12 11:00:00+00:00,0.4731,0.11053,126.2
2024-01-12 12:00:00+00:00,0.5044,0.1217,112.75
2024-01-12 13:00:00+00:00,0.4907,0.1852,110.0
2024-01-12 14:00:00+00:00,0.5312,0.1588,130.6
2024-01-12 15:00:00+00:00,0.572,0.07825,119.44
2024-01-12 16:00:00+00:00,0.595,0.02043,97.56
2024-01-12 17:00:00+00:00,0.5845,0.00699,112.5
2024-01-12 18:00:00+00:00,0.622,2.3e-05,131.1
2024-01-12 19:00:00+00:00,0.679,1.836e-05,135.6
2024-01-12 20:00:00+00:00,0.7207,2.46e-05,106.5
2024-01-12 21:00:00+00:00,0.7246,2.825e-05,105.3
2024-01-12 22:00:00+00:00,0.767,1.67e-05,101.4
2024-01-12 23:00:00+00:00,0.7837,5.4e-06,93.2
2024-01-13 00:00:00+00:00,0.7056,4e-07,95.5
2024-01-13 01:00:00+00:00,0.692,2.6e-06,86.5
2024-01-13 02:00:00+00:00,0.6626,8.5e-06,79.6
2024-01-13 03:00:00+00:00,0.659,1.7e-06,81.2
2024-01-13 04:00:00+00:00,0.6035,1.9e-06,84.56
2024-01-13 05:00:00+00:00,0.491,0.0,78.4
2024-01-13 06:00:00+00:00,0.48,4.7e-06,88.4
2024-01-13 07:00:00+00:00,0.4585,0.0007844,72.0
2024-01-13 08:00:00+00:00,0.4382,0.07166,77.4
2024-01-13 09:00:00+00:00,0.391,0.2974,52.06
2024-01-13 10:00:00+00:00,0.2927,0.4697,35.38
2024-01-13 11:00:00+00:00,0.34,0.5034,45.16
2024-01-13 12:00:00+00:00,0.3562,0.501,46.06
2024-01-13 13:00:00+00:00,0.3984,0.5254,55.3
2024-01-13 14:00:00+00:00,0.4692,0.4175,55.62
2024-01-13 15:00:00+00:00,0.506,0.251,61.7
2024-01-13 16:00:00+00:00,0.582,0.1348,74.94
2024-01-13 17:00:00+00:00,0.535,0.02379,90.06
2024-01-13 18:00:00+00:00,0.4983,6.306e-05,117.5
2024-01-13 19:00:00+00:00,0.4897,4.93e-05,122.3
2024-01-13 20:00:00+00:00,0.502,5.24e-05,117.25
2024-01-13 21:00:00+00:00,0.479,8.816e-05,110.06
2024-01-13 22:00:00+00:00,0.4744,5.26e-05,112.0
2024-01-13 23:00:00+00:00,0.3955,3.487e-05,109.4
2024-01-14 00:00:00+00:00,0.372,2.4e-06,111.2
2024-01-14 01:00:00+00:00,0.369,5.7e-06,86.25
2024-01-14 02:00:00+00:00,0.2421,7.87e-06,118.75
2024-01-14 03:00:00+00:00,0.1737,1.55e-06,118.94
2024-01-14 04:00:00+00:00,0.1321,1.8e-06,120.2
2024-01-14 05:00:00+00:00,0.1245,0.0,122.7
2024-01-14 06:00:00+00:00,0.1241,4.4e-06,146.9
2024-01-14 07:00:00+00:00,0.063,0.001485,150.9
2024-01-14 08:00:00+00:00,0.1089,0.0911,140.0
2024-01-14 09:00:00+00:00,0.1948,0.2607,106.94
2024-01-14 10:00:00+00:00,0.1866,0.3357,93.1
2024-01-14 11:00:00+00:00,0.1469,0.3796,90.2
2024-01-14 12:00:00+00:00,0.1567,0.3657,65.3
2024-01-14 13:00:00+00:00,0.202,0.3032,77.7
2024-01-14 14:00:00+00:00,0.2515,0.2295,83.4
2024-01-14 15:00:00+00:00,0.2512,0.1617,102.1
2024-01-14 16:00:00+00:00,0.2406,0.05743,127.4
2024-01-14 17:00:00+00:00,0.2122,0.00773,137.8
2024-01-14 18:00:00+00:00,0.1526,3.13e-05,139.9
2024-01-14 19:00:00+00:00,0.1456,8.76e-06,160.0
2024-01-14 20:00:00+00:00,0.1223,0.0,160.6
2024-01-14 21:00:00+00:00,0.09436,9.4e-06,139.4
2024-01-14 22:00:00+00:00,0.1669,0.0,121.7
2024-01-14 23:00:00+00:00,0.1782,0.0,121.5
2024-01-15 00:00:00+00:00,0.1853,0.0,121.6
2024-01-15 01:00:00+00:00,0.237,0.0,106.1
2024-01-15 02:00:00+00:00,0.2668,0.0,104.5
2024-01-15 03:00:00+00:00,0.285,0.0,101.6
2024-01-15 04:00:00+00:00,0.275,2.9e-06,101.94
2024-01-15 05:00:00+00:00,0.264,2.5e-06,115.75
2024-01-15 06:00:00+00:00,0.2593,7.3e-06,148.1
2024-01-15 07:00:00+00:00,0.2642,0.001166,165.0
2024-01-15 08:00:00+00:00,0.241,0.0944,153.6
2024-01-15 09:00:00+00:00,0.2186,0.3035,150.2
2024-01-15 10:00:00+00:00,0.313,0.352,133.8
2024-01-15 11:00:00+00:00,0.3645,0.4429,102.0
2024-01-15 12:00:00+00:00,0.3792,0.447,111.1
2024-01-15 13:00:00+00:00,0.4084,0.4604,113.3
2024-01-15 14:00:00+00:00,0.4407,0.3823,119.4
2024-01-15 15:00:00+00:00,0.4626,0.2961,119.94
2024-01-15 16:00:00+00:00,0.51,0.1355,126.6
2024-01-15 17:00:00+00:00,0.506,0.013176,140.9
2024-01-15 18:00:00+00:00,0.491,4.876e-05,140.4
2024-01-15 19:00:00+00:00,0.5356,2.384e-05,136.4
2024-01-15 20:00:00+00:00,0.656,3.5e-06,135.6
2024-01-15 21:00:00+00:00,0.6816,1.83e-05,116.06
2024-01-15 22:00:00+00:00,0.739,8.94e-06,94.8
2024-01-15 23:00:00+00:00,0.746,1.25e-05,61.66
2024-01-16 00:00:00+00:00,0.7666,4e-06,60.97
2024-01-16 01:00:00+00:00,0.7334,4.6e-06,76.1
2024-01-16 02:00:00+00:00,0.7256,9.1e-06,85.25
2024-01-16 03:00:00+00:00,0.6665,3.04e-06,92.1
2024-01-16 04:00:00+00:00,0.6304,4.23e-06,120.2
2024-01-16 05:00:00+00:00,0.7144,4.7e-06,109.06
2024-01-16 06:00:00+00:00,0.693,0.0,120.5
2024-01-16 07:00:00+00:00,0.6206,0.000785,94.6
2024-01-16 08:00:00+00:00,0.5864,0.0985,98.8
2024-01-16 09:00:00+00:00,0.6064,0.267,102.4
2024-01-16 10:00:00+00:00,0.558,0.376,106.7
2024-01-16 11:00:00+00:00,0.514,0.4766,101.56
2024-01-16 12:00:00+00:00,0.4504,0.4893,112.9
2024-01-16 13:00:00+00:00,0.4705,0.4084,124.2
2024-01-16 14:00:00+00:00,0.546,0.3254,129.8
2024-01-16 15:00:00+00:00,0.567,0.3474,112.44
2024-01-16 16:00:00+00:00,0.617,0.1362,108.7
2024-01-16 17:00:00+00:00,0.585,0.01602,122.9
2024-01-16 18:00:00+00:00,0.4714,5.75e-05,135.6
2024-01-16 19:00:00+00:00,0.461,2.825e-05,134.5
2024-01-16 20:00:00+00:00,0.4666,3.403e-05,103.5
2024-01-16 21:00:00+00:00,0.4177,5.066e-05,97.7
2024-01-16 22:00:00+00:00,0.3667,3.81e-05,87.7
2024-01-16 23:00:00+00:00,0.366,3.105e-05,107.94
2024-01-17 00:00:00+00:00,0.2668,1.05e-05,128.8
2024-01-17 01:00:00+00:00,0.2217,8.76e-06,118.25
2024-01-17 02:00:00+00:00,0.1979,1.824e-05,114.2
2024-01-17 03:00:00+00:00,0.2131,2.8e-06,112.6
2024-01-17 04:00:00+00:00,0.1704,5.25e-06,145.5
2024-01-17 05:00:00+00:00,0.1515,9.1e-06,161.6
2024-01-17 06:00:00+00:00,0.152,1.645e-05,166.9
2024-01-17 07:00:00+00:00,0.1821,0.002121,165.0
2024-01-17 08:00:00+00:00,0.1769,0.1447,153.1
2024-01-17 09:00:00+00:00,0.12384,0.405,137.5
2024-01-17 10:00:00+00:00,0.1235,0.609,112.7
2024-01-17 11:00:00+00:00,0.0787,0.687,120.3
2024-01-17 12:00:00+00:00,0.05823,0.709,126.6
2024-01-17 13:00:00+00:00,0.07184,0.703,106.5
2024-01-17 14:00:00+00:00,0.08624,0.653,89.94
2024-01-17 15:00:00+00:00,0.05396,0.527,84.1
2024-01-17 16:00:00+00:00,0.0894,0.261,130.5
2024-01-17 17:00:00+00:00,0.1246,0.03253,148.4
2024-01-17 18:00:00+00:00,0.1283,7.28e-05,169.6
2024-01-17 19:00:00+00:00,0.11945,4.9e-05,155.5
2024-01-17 20:00:00+00:00,0.1218,6.75e-05,153.2
2024-01-17 21:00:00+00:00,0.0772,8.42e-05,161.2
2024-01-17 22:00:00+00:00,0.0506,4.417e-05,144.1
2024-01-17 23:00:00+00:00,0.0404,3.266e-05,125.4
2024-01-18 00:00:00+00:00,0.0347,4e-07,134.8
2024-01-18 01:00:00+00:00,0.0409,6e-08,148.0
2024-01-18 02:00:00+00:00,0.01267,7.15e-06,151.6
2024-01-18 03:00:00+00:00,0.02159,0.0,159.2
2024-01-18 04:00:00+00:00,0.01248,1.97e-06,128.6
2024-01-18 05:00:00+00:00,0.0681,7.4e-06,149.5
2024-01-18 06:00:00+00:00,0.07556,2.62e-05,163.6
2024-01-18 07:00:00+00:00,0.02759,0.002424,185.5
2024-01-18 08:00:00+00:00,0.03824,0.1259,176.8
2024-01-18 09:00:00+00:00,0.01585,0.3948,143.5
2024-01-18 10:00:00+00:00,0.004704,0.609,118.2
2024-01-18 11:00:00+00:00,0.01436,0.687,112.75
2024-01-18 12:00:00+00:00,0.01332,0.709,111.1
2024-01-18 13:00:00+00:00,0.0651,0.703,98.1
2024-01-18 14:00:00+00:00,0.03317,0.653,112.5
2024-01-18 15:00:00+00:00,0.0758,0.527,106.56
2024-01-18 16:00:00+00:00,0.1581,0.227,110.1
2024-01-18 17:00:00+00:00,0.1793,0.02054,160.8
2024-01-18 18:00:00+00:00,0.1652,4.953e-05,156.8
2024-01-18 19:00:00+00:00,0.1665,2.51e-05,158.2
2024-01-18 20:00:00+00:00,0.1842,3.225e-05,151.4
2024-01-18 21:00:00+00:00,0.1914,4.53e-05,147.6
2024-01-18 22:00:00+00:00,0.2103,2.79e-05,143.9
2024-01-18 23:00:00+00:00,0.2253,1.36e-05,118.75
2024-01-19 00:00:00+00:00,0.2327,0.0,99.4
2024-01-19 01:00:00+00:00,0.2285,0.0,97.8
2024-01-19 02:00:00+00:00,0.2217,0.0,103.2
2024-01-19 03:00:00+00:00,0.17,0.0,114.56
2024-01-19 04:00:00+00:00,0.1225,0.0,109.9
2024-01-19 05:00:00+00:00,0.08905,1e-07,128.1
2024-01-19 06:00:00+00:00,0.079,4.9e-06,126.56
2024-01-19 07:00:00+00:00,0.1542,0.001606,145.5
2024-01-19 08:00:00+00:00,0.1652,0.08606,128.0
2024-01-19 09:00:00+00:00,0.1548,0.3032,126.3
2024-01-19 10:00:00+00:00,0.1232,0.574,90.0
2024-01-19 11:00:00+00:00,0.1733,0.612,64.4
2024-01-19 12:00:00+00:00,0.2299,0.641,70.25
2024-01-19 13:00:00+00:00,0.2452,0.6294,67.56
2024-01-19 14:00:00+00:00,0.4158,0.5674,71.9
2024-01-19 15:00:00+00:00,0.4717,0.3928,59.0
2024-01-19 16:00:00+00:00,0.501,0.2174,77.2
2024-01-19 17:00:00+00:00,0.5137,0.01782,94.9
2024-01-19 18:00:00+00:00,0.5723,4.6e-05,115.9
2024-01-19 19:00:00+00:00,0.704,4.095e-05,109.7
2024-01-19 20:00:00+00:00,0.751,6.5e-05,96.25
2024-01-19 21:00:00+00:00,0.7427,9.54e-05,78.3
2024-01-19 22:00:00+00:00,0.676,5.52e-05,69.25
2024-01-19 23:00:00+00:00,0.657,3.96e-05,35.47
2024-01-20 00:00:00+00:00,0.5034,9.5e-07,52.53
2024-01-20 01:00:00+00:00,0.4956,3.4e-06,47.3
2024-01-20 02:00:00+00:00,0.4658,5.8e-06,44.06
2024-01-20 03:00:00+00:00,0.4622,0.0,43.28
2024-01-20 04:00:00+00:00,0.466,1.25e-06,50.84
2024-01-20 05:00:00+00:00,0.424,1.264e-05,62.03
2024-01-20 06:00:00+00:00,0.3137,5.7e-06,87.4
2024-01-20 07:00:00+00:00,0.2435,0.001839,78.06
2024-01-20 08:00:00+00:00,0.2273,0.12067,75.2
2024-01-20 09:00:00+00:00,0.1255,0.4304,68.5
2024-01-20 10:00:00+00:00,0.0882,0.609,73.2
2024-01-20 11:00:00+00:00,0.0854,0.687,55.03
2024-01-20 12:00:00+00:00,0.003603,0.709,79.3
2024-01-20 13:00:00+00:00,0.00937,0.703,84.5
2024-01-20 14:00:00+00:00,0.0572,0.653,69.44
2024-01-20 15:00:00+00:00,0.02483,0.527,99.1
2024-01-20 16:00:00+00:00,0.06506,0.2932,117.2
2024-01-20 17:00:00+00:00,0.0592,0.02821,134.8
2024-01-20 18:00:00+00:00,0.00415,7.28e-05,154.2
2024-01-20 19:00:00+00:00,0.01152,7.28e-05,165.2
2024-01-20 20:00:00+00:00,0.02925,0.0001092,46.28
2024-01-20 21:00:00+00:00,0.00611,0.0001428,157.4
2024-01-20 22:00:00+00:00,0.00498,7.28e-05,144.5
2024-01-20 23:00:00+00:00,0.03363,5.907e-05,89.56
2024-01-21 00:00:00+00:00,0.1703,4.9e-06,67.6
2024-01-21 01:00:00+00:00,0.02179,4.65e-06,74.9
2024-01-21 02:00:00+00:00,0.0517,1.335e-05,74.6
2024-01-21 03:00:00+00:00,0.02599,3.6e-06,102.2
2024-01-21 04:00:00+00:00,0.004658,5e-06,107.0
2024-01-21 05:00:00+00:00,0.005573,1.7e-05,116.1
2024-01-21 06:00:00+00:00,0.0113,2.545e-05,120.75
2024-01-21 07:00:00+00:00,0.0243,0.00245,118.06
2024-01-21 08:00:00+00:00,0.06287,0.1098,90.94
2024-01-21 09:00:00+00:00,0.02725,0.3367,71.44
2024-01-21 10:00:00+00:00,0.00342,0.511,74.44
2024-01-21 11:00:00+00:00,0.01275,0.5967,65.7
2024-01-21 12:00:00+00:00,0.01782,0.702,60.66
2024-01-21 13:00:00+00:00,0.0618,0.703,53.75
2024-01-21 14:00:00+00:00,0.0856,0.653,62.06
2024-01-21 15:00:00+00:00,0.0742,0.527,75.7
2024-01-21 16:00:00+00:00,0.1344,0.2388,112.75
2024-01-21 17:00:00+00:00,0.1837,0.02103,133.1
2024-01-21 18:00:00+00:00,0.179,5.31e-05,151.9
2024-01-21 19:00:00+00:00,0.1594,5.95e-05,127.25
2024-01-21 20:00:00+00:00,0.1859,8.11e-05,126.8
2024-01-21 21:00:00+00:00,0.1261,0.0001001,118.0
2024-01-21 22:00:00+00:00,0.1243,4.83e-05,106.1
2024-01-21 23:00:00+00:00,0.1412,2.45e-05,92.7
2024-01-22 00:00:00+00:00,0.1818,3.76e-06,96.25
2024-01-22 01:00:00+00:00,0.245,6.9e-06,92.5
2024-01-22 02:00:00+00:00,0.2174,1.967e-05,109.4
2024-01-22 03:00:00+00:00,0.196,7.57e-06,115.75
2024-01-22 04:00:00+00:00,0.1577,8.17e-06,142.1
2024-01-22 05:00:00+00:00,0.1486,2.05e-05,143.4
2024-01-22 06:00:00+00:00,0.1573,4.38e-05,159.8
2024-01-22 07:00:00+00:00,0.1669,0.002935,151.6
2024-01-22 08:00:00+00:00,0.146,0.116,155.8
2024-01-22 09:00:00+00:00,0.1082,0.367,129.5
2024-01-22 10:00:00+00:00,0.0363,0.568,129.2
2024-01-22 11:00:00+00:00,0.0294,0.583,128.4
2024-01-22 12:00:00+00:00,0.007595,0.708,109.9
2024-01-22 13:00:00+00:00,0.003487,0.703,103.4
2024-01-22 14:00:00+00:00,0.04297,0.6333,117.06
2024-01-22 15:00:00+00:00,0.11957,0.405,119.25
2024-01-22 16:00:00+00:00,0.18,0.1797,122.2
2024-01-22 17:00:00+00:00,0.1895,0.01888,141.2
2024-01-22 18:00:00+00:00,0.166,5.1e-05,138.9
2024-01-22 19:00:00+00:00,0.1738,5.41e-05,155.8
2024-01-22 20:00:00+00:00,0.1957,6.35e-05,145.9
2024-01-22 21:00:00+00:00,0.1747,9.054e-05,140.0
2024-01-22 22:00:00+00:00,0.1078,4.19e-05,116.5
2024-01-22 23:00:00+00:00,0.01724,1.91e-05,115.9
2024-01-23 00:00:00+00:00,0.02515,0.0,114.2
2024-01-23 01:00:00+00:00,0.05786,3.6e-07,96.0
2024-01-23 02:00:00+00:00,0.0762,0.0,101.2
2024-01-23 03:00:00+00:00,0.08307,1.3e-06,120.94
2024-01-23 04:00:00+00:00,0.07996,3.7e-06,129.4
2024-01-23 05:00:00+00:00,0.1438,6.4e-06,137.4
2024-01-23 06:00:00+00:00,0.1318,1.21e-05,141.2
2024-01-23 07:00:00+00:00,0.1261,0.001752,149.1
2024-01-23 08:00:00+00:00,0.1637,0.09314,128.0
2024-01-23 09:00:00+00:00,0.1346,0.3357,111.5
2024-01-23 10:00:00+00:00,0.1057,0.609,84.25
2024-01-23 11:00:00+00:00,0.12006,0.628,89.0
2024-01-23 12:00:00+00:00,0.1902,0.7075,85.8
2024-01-23 13:00:00+00:00,0.1825,0.6494,65.3
2024-01-23 14:00:00+00:00,0.1655,0.6025,78.1
2024-01-23 15:00:00+00:00,0.1808,0.4895,100.44
2024-01-23 16:00:00+00:00,0.1425,0.2112,144.0
2024-01-23 17:00:00+00:00,0.1248,0.02391,166.8
2024-01-23 18:00:00+00:00,0.1257,5.68e-05,156.8
2024-01-23 19:00:00+00:00,0.218,6.44e-05,148.8
2024-01-23 20:00:00+00:00,0.1948,7.62e-05,144.1
2024-01-23 21:00:00+00:00,0.1864,0.000136,124.25
2024-01-23 22:00:00+00:00,0.1716,5.98e-05,123.2
2024-01-23 23:00:00+00:00,0.2356,3.237e-05,102.56
2024-01-24 00:00:00+00:00,0.2522,4.8e-06,113.5
2024-01-24 01:00:00+00:00,0.304,2.86e-06,122.7
2024-01-24 02:00:00+00:00,0.3018,0.0,114.1
2024-01-24 03:00:00+00:00,0.2793,1.2e-06,111.06
2024-01-24 04:00:00+00:00,0.256,4.95e-06,123.1
2024-01-24 05:00:00+00:00,0.263,5.4e-06,122.7
2024-01-24 06:00:00+00:00,0.2913,6e-08,122.1
2024-01-24 07:00:00+00:00,0.3547,0.0006905,138.6
2024-01-24 08:00:00+00:00,0.366,0.03122,123.1
2024-01-24 09:00:00+00:00,0.3542,0.1511,94.25
2024-01-24 10:00:00+00:00,0.3801,0.3342,70.6
2024-01-24 11:00:00+00:00,0.3774,0.4036,66.56
2024-01-24 12:00:00+00:00,0.4727,0.4248,81.06
2024-01-24 13:00:00+00:00,0.461,0.5596,66.56
2024-01-24 14:00:00+00:00,0.5186,0.552,90.9
2024-01-24 15:00:00+00:00,0.612,0.3958,75.8
2024-01-24 16:00:00+00:00,0.771,0.1886,76.2
2024-01-24 17:00:00+00:00,0.7114,0.02553,97.5
2024-01-24 18:00:00+00:00,0.683,6.044e-05,80.6
2024-01-24 19:00:00+00:00,0.6567,7.28e-05,80.7
2024-01-24 20:00:00+00:00,0.606,8.14e-05,85.4
2024-01-24 21:00:00+00:00,0.592,0.0001268,76.44
2024-01-24 22:00:00+00:00,0.5566,6.956e-05,74.6
2024-01-24 23:00:00+00:00,0.549,4.965e-05,71.56
2024-01-25 00:00:00+00:00,0.512,1.09e-05,80.44
2024-01-25 01:00:00+00:00,0.4546,1.07e-05,71.44
2024-01-25 02:00:00+00:00,0.3367,1.42e-05,64.4
2024-01-25 03:00:00+00:00,0.252,4.3e-06,79.9
2024-01-25 04:00:00+00:00,0.2253,5.36e-06,109.0
2024-01-25 05:00:00+00:00,0.3232,6.74e-06,130.5
2024-01-25 06:00:00+00:00,0.3225,7.87e-06,140.0
2024-01-25 07:00:00+00:00,0.3533,0.000804,112.75
2024-01-25 08:00:00+00:00,0.4094,0.04672,93.3
2024-01-25 09:00:00+00:00,0.4377,0.1134,76.94
2024-01-25 10:00:00+00:00,0.5923,0.2917,32.7
2024-01-25 11:00:00+00:00,0.635,0.3635,25.44
2024-01-25 12:00:00+00:00,0.63,0.3015,60.9
2024-01-25 13:00:00+00:00,0.7,0.3318,35.94
2024-01-25 14:00:00+00:00,0.6523,0.1989,68.2
2024-01-25 15:00:00+00:00,0.6714,0.144,79.25
2024-01-25 16:00:00+00:00,0.642,0.0895,93.7
2024-01-25 17:00:00+00:00,0.611,0.01318,82.6
2024-01-25 18:00:00+00:00,0.616,2.533e-05,81.8
2024-01-25 19:00:00+00:00,0.594,2.193e-05,66.9
2024-01-25 20:00:00+00:00,0.5825,3.55e-05,88.25
2024-01-25 21:00:00+00:00,0.585,5.49e-05,50.38
2024-01-25 22:00:00+00:00,0.6797,3.32e-05,50.97
2024-01-25 23:00:00+00:00,0.6685,3.17e-05,42.88
2024-01-26 00:00:00+00:00,0.647,6.5e-06,56.44
2024-01-26 01:00:00+00:00,0.649,5.3e-06,60.38
2024-01-26 02:00:00+00:00,0.6704,1.02e-05,55.2
2024-01-26 03:00:00+00:00,0.678,3.1e-06,61.28
2024-01-26 04:00:00+00:00,0.675,3.5e-06,72.94
2024-01-26 05:00:00+00:00,0.6704,1.186e-05,79.8
2024-01-26 06:00:00+00:00,0.6606,1.967e-05,75.25
2024-01-26 07:00:00+00:00,0.6475,0.0013895,82.75
2024-01-26 08:00:00+00:00,0.624,0.0485,61.44
2024-01-26 09:00:00+00:00,0.484,0.07605,51.62
2024-01-26 10:00:00+00:00,0.3745,0.1974,51.94
2024-01-26 11:00:00+00:00,0.3174,0.2808,67.4
2024-01-26 12:00:00+00:00,0.323,0.2717,60.88
2024-01-26 13:00:00+00:00,0.3164,0.3337,61.56
2024-01-26 14:00:00+00:00,0.3318,0.2632,55.0
2024-01-26 15:00:00+00:00,0.3481,0.2153,84.25
2024-01-26 16:00:00+00:00,0.3254,0.1326,92.4
2024-01-26 17:00:00+00:00,0.3708,0.01018,93.6
2024-01-26 18:00:00+00:00,0.2003,2.104e-05,126.75
2024-01-26 19:00:00+00:00,0.2,1.395e-05,124.3
2024-01-26 20:00:00+00:00,0.204,3.22e-05,95.06
2024-01-26 21:00:00+00:00,0.2115,3.75e-05,98.25
2024-01-26 22:00:00+00:00,0.2074,2.63e-05,114.06
2024-01-26 23:00:00+00:00,0.1953,2.45e-05,106.94
2024-01-27 00:00:00+00:00,0.1415,9.24e-06,97.25
2024-01-27 01:00:00+00:00,0.11383,1.14e-05,82.8
2024-01-27 02:00:00+00:00,0.0948,2.1e-05,81.8
2024-01-27 03:00:00+00:00,0.08624,6.56e-06,83.9
2024-01-27 04:00:00+00:00,0.0707,9.5e-06,95.44
2024-01-27 05:00:00+00:00,0.02824,1.99e-05,90.2
2024-01-27 06:00:00+00:00,0.0237,4.107e-05,118.4
2024-01-27 07:00:00+00:00,0.02568,0.00304,115.8
2024-01-27 08:00:00+00:00,0.01793,0.1214,92.9
2024-01-27 09:00:00+00:00,0.08514,0.3345,64.3
2024-01-27 10:00:00+00:00,0.03696,0.536,59.75
2024-01-27 11:00:00+00:00,0.006676,0.641,37.66
2024-01-27 12:00:00+00:00,0.02898,0.6777,49.53
2024-01-27 13:00:00+00:00,0.1605,0.6885,20.58
2024-01-27 14:00:00+00:00,0.0117,0.5234,67.06
2024-01-27 15:00:00+00:00,0.0219,0.3523,60.1
2024-01-27 16:00:00+00:00,0.0402,0.1465,103.25
2024-01-27 17:00:00+00:00,0.0166,0.002857,128.1
2024-01-27 18:00:00+00:00,0.0205,2.074e-05,115.2
2024-01-27 19:00:00+00:00,0.00891,2.027e-05,138.9
2024-01-27 20:00:00+00:00,0.00493,4.7e-05,137.0
2024-01-27 21:00:00+00:00,0.01407,7.17e-05,143.4
2024-01-27 22:00:00+00:00,0.003136,4.07e-05,137.6
2024-01-27 23:00:00+00:00,0.02037,3.73e-05,129.1
2024-01-28 00:00:00+00:00,0.005646,6.74e-06,122.44
2024-01-28 01:00:00+00:00,0.011856,4.4e-06,123.44
2024-01-28 02:00:00+00:00,0.03104,1.335e-05,136.2
2024-01-28 03:00:00+00:00,0.03964,3.34e-06,139.9
2024-01-28 04:00:00+00:00,0.066,3.93e-06,122.1
2024-01-28 05:00:00+00:00,0.0903,1.27e-05,114.6
2024-01-28 06:00:00+00:00,0.01614,2.39e-05,112.8
2024-01-28 07:00:00+00:00,0.05225,0.001604,103.0
2024-01-28 08:00:00+00:00,0.05353,0.06104,77.5
2024-01-28 09:00:00+00:00,0.03455,0.201,83.4
2024-01-28 10:00:00+00:00,0.1184,0.268,71.5
2024-01-28 11:00:00+00:00,0.12317,0.3247,86.3
2024-01-28 12:00:00+00:00,0.1855,0.3247,67.25
2024-01-28 13:00:00+00:00,0.2124,0.3472,44.34
2024-01-28 14:00:00+00:00,0.2007,0.35,80.5
2024-01-28 15:00:00+00:00,0.2717,0.3262,69.4
2024-01-28 16:00:00+00:00,0.3186,0.1505,91.94
2024-01-28 17:00:00+00:00,0.3752,0.01494,101.75
2024-01-28 18:00:00+00:00,0.418,3.767e-05,86.6
2024-01-28 19:00:00+00:00,0.4197,3.02e-05,87.5
2024-01-28 20:00:00+00:00,0.4463,3.67e-05,84.7
2024-01-28 21:00:00+00:00,0.4167,2.24e-05,89.75
2024-01-28 22:00:00+00:00,0.4119,1.18e-05,83.8
2024-01-28 23:00:00+00:00,0.4045,2.51e-05,78.94
2024-01-29 00:00:00+00:00,0.4294,7.15e-06,100.2
2024-01-29 01:00:00+00:00,0.3833,5.36e-06,116.75
2024-01-29 02:00:00+00:00,0.3616,9.3e-06,109.5
2024-01-29 03:00:00+00:00,0.3716,1.55e-06,104.1
2024-01-29 04:00:00+00:00,0.3694,0.0,115.4
2024-01-29 05:00:00+00:00,0.3142,4.3e-06,138.4
2024-01-29 06:00:00+00:00,0.296,1.18e-05,144.1
2024-01-29 07:00:00+00:00,0.311,0.0007577,137.6
2024-01-29 08:00:00+00:00,0.277,0.02863,131.5
2024-01-29 09:00:00+00:00,0.2793,0.1145,132.4
2024-01-29 10:00:00+00:00,0.2407,0.1842,130.2
2024-01-29 11:00:00+00:00,0.2764,0.2124,125.9
2024-01-29 12:00:00+00:00,0.278,0.2397,128.2
2024-01-29 13:00:00+00:00,0.279,0.271,115.0
2024-01-29 14:00:00+00:00,0.2825,0.1713,123.3
2024-01-29 15:00:00+00:00,0.271,0.203,112.7
2024-01-29 16:00:00+00:00,0.2534,0.0901,127.0
2024-01-29 17:00:00+00:00,0.231,0.0111,158.4
2024-01-29 18:00:00+00:00,0.2314,2.67e-05,157.0
2024-01-29 19:00:00+00:00,0.1322,2.83e-05,164.1
2024-01-29 20:00:00+00:00,0.131,3.58e-05,152.1
2024-01-29 21:00:00+00:00,0.10406,2.25e-05,157.6
2024-01-29 22:00:00+00:00,0.0903,1.11e-05,125.1
2024-01-29 23:00:00+00:00,0.071,1.365e-05,125.94
2024-01-30 00:00:00+00:00,0.04422,5.07e-06,95.2
2024-01-30 01:00:00+00:00,0.05847,5.3e-06,96.44
2024-01-30 02:00:00+00:00,0.08093,1.335e-05,89.56
2024-01-30 03:00:00+00:00,0.1081,3.7e-06,100.9
2024-01-30 04:00:00+00:00,0.316,1.25e-06,83.1
2024-01-30 05:00:00+00:00,0.3145,8e-07,88.1
2024-01-30 06:00:00+00:00,0.3403,1.794e-05,109.6
2024-01-30 07:00:00+00:00,0.4004,0.001488,97.6
2024-01-30 08:00:00+00:00,0.418,0.05908,77.75
2024-01-30 09:00:00+00:00,0.4272,0.2058,64.56
2024-01-30 10:00:00+00:00,0.4207,0.3403,70.44
2024-01-30 11:00:00+00:00,0.4753,0.421,43.56
2024-01-30 12:00:00+00:00,0.471,0.518,58.62
2024-01-30 13:00:00+00:00,0.433,0.5254,70.0
2024-01-30 14:00:00+00:00,0.3425,0.4282,91.7
2024-01-30 15:00:00+00:00,0.34,0.343,101.9
2024-01-30 16:00:00+00:00,0.3755,0.1595,114.06
2024-01-30 17:00:00+00:00,0.3755,0.01335,106.8
2024-01-30 18:00:00+00:00,0.34,2.89e-05,136.6
2024-01-30 19:00:00+00:00,0.3818,4.184e-05,125.4
2024-01-30 20:00:00+00:00,0.4556,5.49e-05,100.1
2024-01-30 21:00:00+00:00,0.4866,4.99e-05,97.44
2024-01-30 22:00:00+00:00,0.5347,3.177e-05,94.4
2024-01-30 23:00:00+00:00,0.509,2.14e-05,79.9
2024-01-31 00:00:00+00:00,0.3706,1.3e-06,93.44
2024-01-31 01:00:00+00:00,0.3606,1.8e-06,83.7
2024-01-31 02:00:00+00:00,0.3281,4.5e-06,83.75
2024-01-31 03:00:00+00:00,0.3347,6e-07,89.94
2024-01-31 04:00:00+00:00,0.3655,2.4e-07,115.94
2024-01-31 05:00:00+00:00,0.2389,3.76e-06,138.2
2024-01-31 06:00:00+00:00,0.2491,8.94e-06,123.9
2024-01-31 07:00:00+00:00,0.2761,0.001559,107.56
2024-01-31 08:00:00+00:00,0.3142,0.0663,84.9
2024-01-31 09:00:00+00:00,0.3342,0.1953,80.2
2024-01-31 10:00:00+00:00,0.2917,0.317,85.44
2024-01-31 11:00:00+00:00,0.2476,0.4421,74.3
2024-01-31 12:00:00+00:00,0.2389,0.47,87.8
2024-01-31 13:00:00+00:00,0.253,0.469,65.06
2024-01-31 14:00:00+00:00,0.3616,0.4316,65.75
2024-01-31 15:00:00+00:00,0.379,0.3064,79.25
2024-01-31 16:00:00+00:00,0.368,0.1512,99.5
2024-01-31 17:00:00+00:00,0.3643,0.01131,103.9
2024-01-31 18:00:00+00:00,0.3152,3.594e-05,131.8
2024-01-31 19:00:00+00:00,0.3096,3.856e-05,139.2
2024-01-31 20:00:00+00:00,0.2778,4.34e-05,143.0
2024-01-31 21:00:00+00:00,0.2976,6.37e-05,125.56
2024-01-31 22:00:00+00:00,0.3237,4.584e-05,105.06
2024-01-31 23:00:00+00:00,0.3655,2.253e-05,97.94
2024-02-01 00:00:00+00:00,0.4155,0.0,104.56
2024-02-01 01:00:00+00:00,0.4192,0.0,91.4
2024-02-01 02:00:00+00:00,0.382,0.0,77.9
2024-02-01 03:00:00+00:00,0.3477,0.0,75.2
2024-02-01 04:00:00+00:00,0.317,0.0,100.2
2024-02-01 05:00:00+00:00,0.3298,0.0,112.8
2024-02-01 06:00:00+00:00,0.2379,0.0,108.7
2024-02-01 07:00:00+00:00,0.245,0.002708,127.6
2024-02-01 08:00:00+00:00,0.2334,0.0865,107.25
2024-02-01 09:00:00+00:00,0.2025,0.2462,103.94
2024-02-01 10:00:00+00:00,0.1764,0.2937,84.56
2024-02-01 11:00:00+00:00,0.1635,0.3787,100.25
2024-02-01 12:00:00+00:00,0.1729,0.3906,93.4
2024-02-01 13:00:00+00:00,0.165,0.2954,108.56
2024-02-01 14:00:00+00:00,0.1355,0.293,107.5
2024-02-01 15:00:00+00:00,0.215,0.1963,104.6
2024-02-01 16:00:00+00:00,0.1836,0.1853,108.9
2024-02-01 17:00:00+00:00,0.0988,0.03543,116.4
2024-02-01 18:00:00+00:00,0.05643,0.0001509,132.8
2024-02-01 19:00:00+00:00,0.01562,1.526e-05,150.5
2024-02-01 20:00:00+00:00,0.0007863,1.67e-06,136.2
2024-02-01 21:00:00+00:00,0.05145,5.3e-06,132.4
2024-02-01 22:00:00+00:00,0.01217,1.204e-05,138.8
2024-02-01 23:00:00+00:00,0.04596,1.37e-05,125.9
2024-02-02 00:00:00+00:00,0.04626,3.8e-06,93.44
2024-02-02 01:00:00+00:00,0.001678,2.4e-06,92.2
2024-02-02 02:00:00+00:00,0.01987,7.45e-06,108.1
2024-02-02 03:00:00+00:00,0.04596,1.09e-05,95.4
2024-02-02 04:00:00+00:00,0.03763,7.9e-06,103.3
2024-02-02 05:00:00+00:00,0.0473,5.84e-06,101.6
2024-02-02 06:00:00+00:00,0.006027,0.0,109.06
2024-02-02 07:00:00+00:00,0.006943,0.0008082,112.06
2024-02-02 08:00:00+00:00,0.001057,0.0897,124.8
2024-02-02 09:00:00+00:00,0.03555,0.2479,107.0
2024-02-02 10:00:00+00:00,0.006947,0.3313,115.56
2024-02-02 11:00:00+00:00,0.001874,0.3286,135.5
2024-02-02 12:00:00+00:00,0.00787,0.395,116.5
2024-02-02 13:00:00+00:00,0.01761,0.3372,121.75
2024-02-02 14:00:00+00:00,0.05875,0.263,128.9
2024-02-02 15:00:00+00:00,0.07654,0.1715,142.5
2024-02-02 16:00:00+00:00,0.08057,0.1439,150.5
2024-02-02 17:00:00+00:00,0.0883,0.03226,149.9
2024-02-02 18:00:00+00:00,0.0819,0.000653,174.9
2024-02-02 19:00:00+00:00,0.0871,8.9e-06,181.8
2024-02-02 20:00:00+00:00,0.10175,1.7e-06,134.6
2024-02-02 21:00:00+00:00,0.10333,0.0,130.2
2024-02-02 22:00:00+00:00,0.1436,0.0,25.48
2024-02-02 23:00:00+00:00,0.1549,0.0,37.1
2024-02-03 00:00:00+00:00,0.164,1.67e-06,4.484
2024-02-03 01:00:00+00:00,0.1577,8.46e-06,10.36
2024-02-03 02:00:00+00:00,0.1663,2.295e-05,10.84
2024-02-03 03:00:00+00:00,0.1853,2.19e-05,28.17
2024-02-03 04:00:00+00:00,0.2107,1.204e-05,25.0
2024-02-03 05:00:00+00:00,0.257,1.913e-05,1.821
2024-02-03 06:00:00+00:00,0.1956,1.37e-05,26.89
2024-02-03 07:00:00+00:00,0.1891,0.01156,11.81
2024-02-03 08:00:00+00:00,0.1805,0.1509,97.6
2024-02-03 09:00:00+00:00,0.154,0.3826,84.7
2024-02-03 10:00:00+00:00,0.11646,0.607,62.3
2024-02-03 11:00:00+00:00,0.1206,0.6455,60.62
2024-02-03 12:00:00+00:00,0.1545,0.6333,46.75
2024-02-03 13:00:00+00:00,0.1825,0.5864,34.22
2024-02-03 14:00:00+00:00,0.1989,0.49,54.9
2024-02-03 15:00:00+00:00,0.2144,0.3623,47.16
2024-02-03 16:00:00+00:00,0.2097,0.2764,56.16
2024-02-03 17:00:00+00:00,0.207,0.08044,99.3
2024-02-03 18:00:00+00:00,0.1796,0.002298,126.25
2024-02-03 19:00:00+00:00,0.1554,2.67e-05,162.4
2024-02-03 20:00:00+00:00,0.1765,1.64e-05,138.4
2024-02-03 21:00:00+00:00,0.1364,1.99e-05,132.8
2024-02-03 22:00:00+00:00,0.1113,1.365e-05,127.44
2024-02-03 23:00:00+00:00,0.0895,7.75e-06,114.1
2024-02-04 00:00:00+00:00,0.0655,7.5e-06,115.6
2024-02-04 01:00:00+00:00,0.00967,1.26e-05,115.2
2024-02-04 02:00:00+00:00,0.02237,1.37e-05,123.1
2024-02-04 03:00:00+00:00,0.00491,1.54e-05,131.9
2024-02-04 04:00:00+00:00,0.002823,1.156e-05,120.0
2024-02-04 05:00:00+00:00,0.003405,2.65e-05,111.44
2024-02-04 06:00:00+00:00,0.02187,1.05e-05,96.5
2024-02-04 07:00:00+00:00,0.06714,0.003479,81.1
2024-02-04 08:00:00+00:00,0.0711,0.145,59.4
2024-02-04 09:00:00+00:00,0.006313,0.3447,63.62
2024-02-04 10:00:00+00:00,0.04437,0.5244,45.6
2024-02-04 11:00:00+00:00,0.04254,0.566,55.4
2024-02-04 12:00:00+00:00,0.03882,0.578,69.56
2024-02-04 13:00:00+00:00,0.05338,0.525,79.6
2024-02-04 14:00:00+00:00,0.03897,0.521,72.6
2024-02-04 15:00:00+00:00,0.1006,0.4521,79.06
2024-02-04 16:00:00+00:00,0.01813,0.364,82.7
2024-02-04 17:00:00+00:00,0.04776,0.11304,187.5
2024-02-04 18:00:00+00:00,0.002026,0.002525,158.9
2024-02-04 19:00:00+00:00,0.04572,4.5e-05,154.0
2024-02-04 20:00:00+00:00,0.010216,3.75e-05,165.2
2024-02-04 21:00:00+00:00,0.01923,3.344e-05,155.0
2024-02-04 22:00:00+00:00,0.02095,2.41e-05,148.5
2024-02-04 23:00:00+00:00,0.03787,2.22e-05,120.1
2024-02-05 00:00:00+00:00,0.05145,8.34e-06,115.4
2024-02-05 01:00:00+00:00,0.0564,6.7e-06,120.1
2024-02-05 02:00:00+00:00,0.0652,1.09e-05,107.25
2024-02-05 03:00:00+00:00,0.0819,8.17e-06,120.3
2024-02-05 04:00:00+00:00,0.0847,7.03e-06,108.5
2024-02-05 05:00:00+00:00,0.1315,2.21e-05,103.25
2024-02-05 06:00:00+00:00,0.1394,1.39e-05,121.06
2024-02-05 07:00:00+00:00,0.1456,0.01672,132.8
2024-02-05 08:00:00+00:00,0.12494,0.1852,113.8
2024-02-05 09:00:00+00:00,0.0746,0.4094,126.0
2024-02-05 10:00:00+00:00,0.04645,0.582,127.4
2024-02-05 11:00:00+00:00,0.0307,0.645,110.75
2024-02-05 12:00:00+00:00,0.01295,0.7036,98.44
2024-02-05 13:00:00+00:00,0.04547,0.663,100.3
2024-02-05 14:00:00+00:00,0.0863,0.648,90.56
2024-02-05 15:00:00+00:00,0.11487,0.545,87.25
2024-02-05 16:00:00+00:00,0.2117,0.359,97.44
2024-02-05 17:00:00+00:00,0.2375,0.1019,116.9
2024-02-05 18:00:00+00:00,0.2734,0.001497,133.9
2024-02-05 19:00:00+00:00,0.3076,2.83e-05,126.0
2024-02-05 20:00:00+00:00,0.2734,3.9e-05,110.75
2024-02-05 21:00:00+00:00,0.2688,3.61e-05,109.56
2024-02-05 22:00:00+00:00,0.3196,1.73e-05,107.44
2024-02-05 23:00:00+00:00,0.3855,1.353e-05,98.9
2024-02-06 00:00:00+00:00,0.3872,1.305e-05,94.06
2024-02-06 01:00:00+00:00,0.428,1.69e-05,109.3
2024-02-06 02:00:00+00:00,0.455,2.104e-05,104.25
2024-02-06 03:00:00+00:00,0.3477,9.8e-06,112.56
2024-02-06 04:00:00+00:00,0.3623,1.62e-05,109.94
2024-02-06 05:00:00+00:00,0.4094,3.19e-05,116.0
2024-02-06 06:00:00+00:00,0.4375,2.97e-05,123.5
2024-02-06 07:00:00+00:00,0.47,0.02486,121.9
2024-02-06 08:00:00+00:00,0.446,0.2416,103.8
2024-02-06 09:00:00+00:00,0.4644,0.5146,82.6
2024-02-06 10:00:00+00:00,0.506,0.6484,36.16
2024-02-06 11:00:00+00:00,0.5093,0.706,35.25
2024-02-06 12:00:00+00:00,0.529,0.735,41.9
2024-02-06 13:00:00+00:00,0.567,0.733,53.53
2024-02-06 14:00:00+00:00,0.6455,0.6797,63.7
2024-02-06 15:00:00+00:00,0.7324,0.5547,53.0
2024-02-06 16:00:00+00:00,0.7876,0.32,62.84
2024-02-06 17:00:00+00:00,0.7803,0.093,89.56
2024-02-06 18:00:00+00:00,0.736,0.001382,88.44
2024-02-06 19:00:00+00:00,0.731,3.61e-05,98.3
2024-02-06 20:00:00+00:00,0.6997,5.56e-05,75.94
2024-02-06 21:00:00+00:00,0.692,6.497e-05,76.06
2024-02-06 22:00:00+00:00,0.629,4.566e-05,89.44
2024-02-06 23:00:00+00:00,0.5996,3.49e-05,81.94
2024-02-07 00:00:00+00:00,0.595,9e-06,142.0
2024-02-07 01:00:00+00:00,0.573,1.335e-05,142.0
2024-02-07 02:00:00+00:00,0.584,1.913e-05,77.6
2024-02-07 03:00:00+00:00,0.595,1.19e-05,55.03
2024-02-07 04:00:00+00:00,0.592,7.6e-06,56.38
2024-02-07 05:00:00+00:00,0.574,1.895e-05,91.8
2024-02-07 06:00:00+00:00,0.5737,8.7e-06,94.8
2024-02-07 07:00:00+00:00,0.4763,0.002968,117.3
2024-02-07 08:00:00+00:00,0.457,0.0992,20.53
2024-02-07 09:00:00+00:00,0.3967,0.225,93.25
2024-02-07 10:00:00+00:00,0.3057,0.2905,116.56
2024-02-07 11:00:00+00:00,0.2744,0.4102,105.5
2024-02-07 12:00:00+00:00,0.182,0.5356,94.4
2024-02-07 13:00:00+00:00,0.1754,0.624,92.0
2024-02-07 14:00:00+00:00,0.2059,0.4802,9.57
2024-02-07 15:00:00+00:00,0.1768,0.4458,22.02
2024-02-07 16:00:00+00:00,0.1461,0.2966,37.53
2024-02-07 17:00:00+00:00,0.1396,0.0714,43.72
2024-02-07 18:00:00+00:00,0.1456,0.001248,74.9
2024-02-07 19:00:00+00:00,0.0829,2.06e-05,82.6
2024-02-07 20:00:00+00:00,0.1522,3.55e-05,70.25
2024-02-07 21:00:00+00:00,0.194,3.1e-05,35.6
2024-02-07 22:00:00+00:00,0.1934,2.8e-05,110.5
2024-02-07 23:00:00+00:00,0.2057,2.44e-05,104.94
2024-02-08 00:00:00+00:00,0.2164,1.246e-05,80.9
2024-02-08 01:00:00+00:00,0.2148,1.84e-05,68.3
2024-02-08 02:00:00+00:00,0.1521,2.55e-05,79.5
2024-02-08 03:00:00+00:00,0.1394,1.407e-05,106.25
2024-02-08 04:00:00+00:00,0.12366,6.4e-06,128.5
2024-02-08 05:00:00+00:00,0.1142,1.84e-05,154.5
2024-02-08 06:00:00+00:00,0.128,9.5e-06,166.2
2024-02-08 07:00:00+00:00,0.137,0.005795,159.5
2024-02-08 08:00:00+00:00,0.17,0.06018,147.1
2024-02-08 09:00:00+00:00,0.1642,0.1877,136.8
2024-02-08 10:00:00+00:00,0.1342,0.3777,130.6
2024-02-08 11:00:00+00:00,0.1544,0.507,134.1
2024-02-08 12:00:00+00:00,0.2175,0.544,126.75
2024-02-08 13:00:00+00:00,0.10693,0.5605,155.0
2024-02-08 14:00:00+00:00,0.1022,0.4854,129.9
2024-02-08 15:00:00+00:00,0.136,0.3086,125.7
2024-02-08 16:00:00+00:00,0.1407,0.1666,123.8
2024-02-08 17:00:00+00:00,0.02657,0.02606,141.9
2024-02-08 18:00:00+00:00,0.000774,3.62e-05,163.6
2024-02-08 19:00:00+00:00,0.001293,8.76e-06,177.6
2024-02-08 20:00:00+00:00,0.04794,1.52e-05,168.0
2024-02-08 21:00:00+00:00,0.0882,0.0,156.4
2024-02-08 22:00:00+00:00,0.10706,5.54e-06,162.5
2024-02-08 23:00:00+00:00,0.1661,5.5e-06,146.6
2024-02-09 00:00:00+00:00,0.2037,0.0,128.9
2024-02-09 01:00:00+00:00,0.2032,6.26e-06,119.5
2024-02-09 02:00:00+00:00,0.218,1.705e-05,103.6
2024-02-09 03:00:00+00:00,0.2925,6e-07,96.0
2024-02-09 04:00:00+00:00,0.3093,3.9e-06,100.75
2024-02-09 05:00:00+00:00,0.2844,1.055e-05,118.3
2024-02-09 06:00:00+00:00,0.306,6.8e-06,125.2
2024-02-09 07:00:00+00:00,0.3423,0.006622,150.9
2024-02-09 08:00:00+00:00,0.3787,0.08795,143.6
2024-02-09 09:00:00+00:00,0.3848,0.2717,128.0
2024-02-09 10:00:00+00:00,0.4453,0.3801,87.0
2024-02-09 11:00:00+00:00,0.479,0.5137,64.7
2024-02-09 12:00:00+00:00,0.5044,0.4924,62.3
2024-02-09 13:00:00+00:00,0.4736,0.4885,83.1
2024-02-09 14:00:00+00:00,0.4053,0.433,97.75
2024-02-09 15:00:00+00:00,0.3918,0.324,97.06
2024-02-09 16:00:00+00:00,0.3682,0.2222,108.25
2024-02-09 17:00:00+00:00,0.3484,0.03326,128.2
2024-02-09 18:00:00+00:00,0.3225,3.62e-05,135.1
2024-02-09 19:00:00+00:00,0.3018,7.5e-06,147.5
2024-02-09 20:00:00+00:00,0.3416,8.46e-06,144.8
2024-02-09 21:00:00+00:00,0.462,0.0,121.0
2024-02-09 22:00:00+00:00,0.4712,2.5e-06,131.5
2024-02-09 23:00:00+00:00,0.4668,9.7e-06,120.94
2024-02-10 00:00:00+00:00,0.4612,0.0,128.2
2024-02-10 01:00:00+00:00,0.4612,1.13e-06,104.06
2024-02-10 02:00:00+00:00,0.4592,0.0,115.44
2024-02-10 03:00:00+00:00,0.4382,0.0,114.2
2024-02-10 04:00:00+00:00,0.4067,0.0,98.5
2024-02-10 05:00:00+00:00,0.3503,5.8e-06,105.8
2024-02-10 06:00:00+00:00,0.3257,1.45e-05,96.6
2024-02-10 07:00:00+00:00,0.3135,0.01656,78.5
2024-02-10 08:00:00+00:00,0.3525,0.1643,44.22
2024-02-10 09:00:00+00:00,0.319,0.422,22.38
2024-02-10 10:00:00+00:00,0.3274,0.577,23.11
2024-02-10 11:00:00+00:00,0.3118,0.706,30.12
2024-02-10 12:00:00+00:00,0.416,0.735,28.81
2024-02-10 13:00:00+00:00,0.4583,0.7095,34.2
2024-02-10 14:00:00+00:00,0.5146,0.63,45.62
2024-02-10 15:00:00+00:00,0.543,0.5186,29.73
2024-02-10 16:00:00+00:00,0.602,0.2993,46.5
2024-02-10 17:00:00+00:00,0.6187,0.0726,63.7
2024-02-10 18:00:00+00:00,0.563,0.0007286,93.8
2024-02-10 19:00:00+00:00,0.5063,3.237e-05,104.7
2024-02-10 20:00:00+00:00,0.524,3.78e-05,109.7
2024-02-10 21:00:00+00:00,0.52,1.67e-05,102.44
2024-02-10 22:00:00+00:00,0.51,1.13e-05,113.4
2024-02-10 23:00:00+00:00,0.5054,1.61e-05,102.2
2024-02-11 00:00:00+00:00,0.4878,0.0,98.3
2024-02-11 01:00:00+00:00,0.442,0.0,89.6
2024-02-11 02:00:00+00:00,0.4963,0.0,68.2
2024-02-11 03:00:00+00:00,0.538,0.0,66.3
2024-02-11 04:00:00+00:00,0.5913,9.36e-06,79.06
2024-02-11 05:00:00+00:00,0.6255,2.89e-05,80.2
2024-02-11 06:00:00+00:00,0.682,2.41e-05,58.4
2024-02-11 07:00:00+00:00,0.6685,0.02058,62.34
2024-02-11 08:00:00+00:00,0.5664,0.1772,50.3
2024-02-11 09:00:00+00:00,0.547,0.4353,38.9
2024-02-11 10:00:00+00:00,0.5967,0.579,45.7
2024-02-11 11:00:00+00:00,0.545,0.706,22.36
2024-02-11 12:00:00+00:00,0.584,0.735,5.895
2024-02-11 13:00:00+00:00,0.598,0.733,18.42
2024-02-11 14:00:00+00:00,0.729,0.6797,20.47
2024-02-11 15:00:00+00:00,0.7563,0.5356,37.5
2024-02-11 16:00:00+00:00,0.7925,0.2937,75.2
2024-02-11 17:00:00+00:00,0.8384,0.0662,76.3
2024-02-11 18:00:00+00:00,0.8433,0.000744,85.25
2024-02-11 19:00:00+00:00,0.8247,3.43e-05,87.94
2024-02-11 20:00:00+00:00,0.8335,2.89e-05,74.06
2024-02-11 21:00:00+00:00,0.8394,1.734e-05,72.25
2024-02-11 22:00:00+00:00,0.8545,1.776e-05,50.1
2024-02-11 23:00:00+00:00,0.8574,3.064e-05,32.28
2024-02-12 00:00:00+00:00,0.7324,8.94e-06,45.8
2024-02-12 01:00:00+00:00,0.7837,8.94e-06,66.8
2024-02-12 02:00:00+00:00,0.7197,1.99e-05,80.6
2024-02-12 03:00:00+00:00,0.6885,1.43e-05,60.78
2024-02-12 04:00:00+00:00,0.601,2.015e-05,80.06
2024-02-12 05:00:00+00:00,0.5815,3.62e-05,96.1
2024-02-12 06:00:00+00:00,0.5903,1.794e-05,89.6
2024-02-12 07:00:00+00:00,0.7017,0.01744,67.25
2024-02-12 08:00:00+00:00,0.6943,0.1724,33.47
2024-02-12 09:00:00+00:00,0.608,0.3928,36.47
2024-02-12 10:00:00+00:00,0.523,0.4993,56.38
2024-02-12 11:00:00+00:00,0.5234,0.5244,45.56
2024-02-12 12:00:00+00:00,0.514,0.5996,41.03
2024-02-12 13:00:00+00:00,0.4626,0.6167,53.3
2024-02-12 14:00:00+00:00,0.5273,0.578,71.6
2024-02-12 15:00:00+00:00,0.6934,0.4731,93.5
2024-02-12 16:00:00+00:00,0.771,0.3125,77.06
2024-02-12 17:00:00+00:00,0.7485,0.08307,98.4
2024-02-12 18:00:00+00:00,0.7383,0.001216,126.94
2024-02-12 19:00:00+00:00,0.7324,4.333e-05,130.4
2024-02-12 20:00:00+00:00,0.7197,4e-05,89.8
2024-02-12 21:00:00+00:00,0.7056,3.076e-05,84.3
2024-02-12 22:00:00+00:00,0.697,2.62e-05,93.75
2024-02-12 23:00:00+00:00,0.6904,3.62e-05,86.3
2024-02-13 00:00:00+00:00,0.655,2.23e-05,78.6
2024-02-13 01:00:00+00:00,0.593,1.62e-05,78.3
2024-02-13 02:00:00+00:00,0.66,2.21e-05,69.5
2024-02-13 03:00:00+00:00,0.682,1.436e-05,77.6
2024-02-13 04:00:00+00:00,0.6763,1.22e-05,54.03
2024-02-13 05:00:00+00:00,0.6177,1.997e-05,94.25
2024-02-13 06:00:00+00:00,0.6235,1.35e-05,77.06
2024-02-13 07:00:00+00:00,0.6797,0.01599,81.6
2024-02-13 08:00:00+00:00,0.718,0.1599,58.03
2024-02-13 09:00:00+00:00,0.755,0.3235,58.1
2024-02-13 10:00:00+00:00,0.801,0.4348,52.8
2024-02-13 11:00:00+00:00,0.8765,0.503,44.75
2024-02-13 12:00:00+00:00,0.9004,0.5054,28.4
2024-02-13 13:00:00+00:00,0.873,0.5103,33.3
2024-02-13 14:00:00+00:00,0.901,0.4434,27.64
2024-02-13 15:00:00+00:00,0.9097,0.3647,21.14
2024-02-13 16:00:00+00:00,0.9326,0.2446,30.98
2024-02-13 17:00:00+00:00,0.9297,0.0554,46.9
2024-02-13 18:00:00+00:00,0.8657,9.37e-05,95.1
2024-02-13 19:00:00+00:00,0.8936,8.64e-06,69.4
2024-02-13 20:00:00+00:00,0.892,1.1e-05,44.6
2024-02-13 21:00:00+00:00,0.898,1.88e-05,38.56
2024-02-13 22:00:00+00:00,0.8755,3.076e-05,48.6
2024-02-13 23:00:00+00:00,0.8647,3.62e-05,47.16
2024-02-14 00:00:00+00:00,0.9106,1.925e-05,41.0
2024-02-14 01:00:00+00:00,0.844,1.32e-05,52.16
2024-02-14 02:00:00+00:00,0.9,2.235e-05,62.22
2024-02-14 03:00:00+00:00,0.89,1.49e-05,46.25
2024-02-14 04:00:00+00:00,0.841,1.25e-05,51.53
2024-02-14 05:00:00+00:00,0.8306,2.1e-05,60.16
2024-02-14 06:00:00+00:00,0.782,2.116e-05,63.84
2024-02-14 07:00:00+00:00,0.7764,0.01897,72.2
2024-02-14 08:00:00+00:00,0.649,0.1516,71.44
2024-02-14 09:00:00+00:00,0.5454,0.342,82.44
2024-02-14 10:00:00+00:00,0.3635,0.4055,99.25
2024-02-14 11:00:00+00:00,0.3528,0.4983,95.1
2024-02-14 12:00:00+00:00,0.3801,0.526,90.7
2024-02-14 13:00:00+00:00,0.4058,0.4495,102.56
2024-02-14 14:00:00+00:00,0.304,0.4111,125.7
2024-02-14 15:00:00+00:00,0.275,0.377,130.6
2024-02-14 16:00:00+00:00,0.2471,0.2524,134.8
2024-02-14 17:00:00+00:00,0.2229,0.0594,154.4
2024-02-14 18:00:00+00:00,0.1896,0.001292,155.1
2024-02-14 19:00:00+00:00,0.2091,2.223e-05,153.1
2024-02-14 20:00:00+00:00,0.24,1.77e-05,114.56
2024-02-14 21:00:00+00:00,0.2788,2.58e-05,97.25
2024-02-14 22:00:00+00:00,0.298,3.02e-05,100.75
2024-02-14 23:00:00+00:00,0.3154,3.153e-05,95.0
2024-02-15 00:00:00+00:00,0.4033,2.617e-05,92.7
2024-02-15 01:00:00+00:00,0.3745,2.736e-05,109.1
2024-02-15 02:00:00+00:00,0.3684,3.344e-05,89.5
2024-02-15 03:00:00+00:00,0.3364,2.927e-05,95.06
2024-02-15 04:00:00+00:00,0.326,1.86e-05,92.6
2024-02-15 05:00:00+00:00,0.3171,3.195e-05,95.9
2024-02-15 06:00:00+00:00,0.2446,1.895e-05,117.44
2024-02-15 07:00:00+00:00,0.237,0.01875,129.8
2024-02-15 08:00:00+00:00,0.0916,0.1432,118.6
2024-02-15 09:00:00+00:00,0.0578,0.3557,94.9
2024-02-15 10:00:00+00:00,0.0483,0.4404,78.9
2024-02-15 11:00:00+00:00,0.0568,0.4304,105.9
2024-02-15 12:00:00+00:00,0.07684,0.5054,116.25
2024-02-15 13:00:00+00:00,0.0776,0.47,112.4
2024-02-15 14:00:00+00:00,0.08813,0.3777,121.5
2024-02-15 15:00:00+00:00,0.06305,0.3582,129.5
2024-02-15 16:00:00+00:00,0.086,0.2605,148.9
2024-02-15 17:00:00+00:00,0.10834,0.051,164.2
2024-02-15 18:00:00+00:00,0.1381,0.001036,151.9
2024-02-15 19:00:00+00:00,0.1365,1.854e-05,153.6
2024-02-15 20:00:00+00:00,0.1447,7.45e-06,127.5
2024-02-15 21:00:00+00:00,0.1465,1.43e-06,99.8
2024-02-15 22:00:00+00:00,0.1522,8.2e-06,113.44
2024-02-15 23:00:00+00:00,0.1186,2.074e-05,90.9
2024-02-16 00:00:00+00:00,0.1278,1.31e-05,94.2
2024-02-16 01:00:00+00:00,0.1964,1.29e-05,91.9
2024-02-16 02:00:00+00:00,0.2391,6.5e-06,70.25
2024-02-16 03:00:00+00:00,0.1664,3.8e-06,65.7
2024-02-16 04:00:00+00:00,0.1464,1.55e-06,80.3
2024-02-16 05:00:00+00:00,0.1941,0.0,94.4
2024-02-16 06:00:00+00:00,0.2255,0.0,114.0
2024-02-16 07:00:00+00:00,0.2324,0.000434,110.1
2024-02-16 08:00:00+00:00,0.211,0.015114,124.75
2024-02-16 09:00:00+00:00,0.2278,0.04507,114.56
2024-02-16 10:00:00+00:00,0.2686,0.08075,88.94
2024-02-16 11:00:00+00:00,0.322,0.06946,63.78
2024-02-16 12:00:00+00:00,0.3462,0.0711,63.72
2024-02-16 13:00:00+00:00,0.3948,0.0821,17.38
2024-02-16 14:00:00+00:00,0.3596,0.04077,28.58
2024-02-16 15:00:00+00:00,0.3376,0.1207,21.98
2024-02-16 16:00:00+00:00,0.3245,0.0914,35.97
2024-02-16 17:00:00+00:00,0.3022,0.02548,45.06
2024-02-16 18:00:00+00:00,0.298,0.0009737,125.3
2024-02-16 19:00:00+00:00,0.2717,8e-06,121.56
2024-02-16 20:00:00+00:00,0.27,0.0,126.56
2024-02-16 21:00:00+00:00,0.2086,2.7e-06,107.4
2024-02-16 22:00:00+00:00,0.1813,7.15e-06,50.53
2024-02-16 23:00:00+00:00,0.151,5.66e-06,41.44
2024-02-17 00:00:00+00:00,0.1698,4.6e-06,33.16
2024-02-17 01:00:00+00:00,0.1804,5.66e-06,10.7
2024-02-17 02:00:00+00:00,0.1659,4.8e-06,121.56
2024-02-17 03:00:00+00:00,0.1633,9e-07,116.25
2024-02-17 04:00:00+00:00,0.1567,1.67e-06,105.56
2024-02-17 05:00:00+00:00,0.138,7.33e-06,98.44
2024-02-17 06:00:00+00:00,0.11414,1.2e-06,79.2
2024-02-17 07:00:00+00:00,0.1671,0.002129,74.06
2024-02-17 08:00:00+00:00,0.2124,0.03232,88.4
2024-02-17 09:00:00+00:00,0.256,0.0666,66.75
2024-02-17 10:00:00+00:00,0.3037,0.182,60.2
2024-02-17 11:00:00+00:00,0.2842,0.2428,55.97
2024-02-17 12:00:00+00:00,0.252,0.3728,56.97
2024-02-17 13:00:00+00:00,0.264,0.354,42.84
2024-02-17 14:00:00+00:00,0.2173,0.3044,45.7
2024-02-17 15:00:00+00:00,0.211,0.2966,53.62
2024-02-17 16:00:00+00:00,0.0664,0.1974,85.2
2024-02-17 17:00:00+00:00,0.0417,0.04095,130.0
2024-02-17 18:00:00+00:00,0.05496,0.000525,122.25
2024-02-17 19:00:00+00:00,0.0782,1.055e-05,133.2
2024-02-17 20:00:00+00:00,0.1476,1.57e-05,134.1
2024-02-17 21:00:00+00:00,0.1224,1.186e-05,133.4
2024-02-17 22:00:00+00:00,0.11633,1.44e-05,123.75
2024-02-17 23:00:00+00:00,0.05963,1.466e-05,110.56
2024-02-18 00:00:00+00:00,0.03647,8.17e-06,106.94
2024-02-18 01:00:00+00:00,0.01924,4.1e-06,128.4
2024-02-18 02:00:00+00:00,0.00518,6.2e-06,120.1
2024-02-18 03:00:00+00:00,0.00978,5e-06,121.1
2024-02-18 04:00:00+00:00,0.01322,3.4e-06,125.44
2024-02-18 05:00:00+00:00,0.04584,1.484e-05,126.5
2024-02-18 06:00:00+00:00,0.08325,6.56e-06,112.1
2024-02-18 07:00:00+00:00,0.0538,0.007656,115.3
2024-02-18 08:00:00+00:00,0.0482,0.08997,126.9
2024-02-18 09:00:00+00:00,0.05078,0.1964,109.1
2024-02-18 10:00:00+00:00,0.03845,0.3496,92.3
2024-02-18 11:00:00+00:00,0.02628,0.4353,74.06
2024-02-18 12:00:00+00:00,0.03387,0.512,57.72
2024-02-18 13:00:00+00:00,0.04492,0.564,66.3
2024-02-18 14:00:00+00:00,0.09094,0.4666,51.5
2024-02-18 15:00:00+00:00,0.12134,0.3813,65.25
2024-02-18 16:00:00+00:00,0.1338,0.2239,80.06
2024-02-18 17:00:00+00:00,0.1284,0.04593,110.5
2024-02-18 18:00:00+00:00,0.1018,0.001044,122.8
2024-02-18 19:00:00+00:00,0.0952,2.426e-05,142.1
2024-02-18 20:00:00+00:00,0.1688,3.207e-05,131.9
2024-02-18 21:00:00+00:00,0.1783,1.377e-05,111.6
2024-02-18 22:00:00+00:00,0.1971,6.6e-07,104.1
2024-02-18 23:00:00+00:00,0.257,3.16e-06,101.6
2024-02-19 00:00:00+00:00,0.2576,9e-07,110.6
2024-02-19 01:00:00+00:00,0.299,8e-06,111.3
2024-02-19 02:00:00+00:00,0.335,1.01e-05,100.4
2024-02-19 03:00:00+00:00,0.322,1.21e-05,102.7
2024-02-19 04:00:00+00:00,0.2646,9.6e-06,118.0
2024-02-19 05:00:00+00:00,0.2534,7.6e-06,137.1
2024-02-19 06:00:00+00:00,0.2659,0.0,151.2
2024-02-19 07:00:00+00:00,0.259,0.003057,148.5
2024-02-19 08:00:00+00:00,0.2334,0.04617,128.8
2024-02-19 09:00:00+00:00,0.189,0.0775,152.2
2024-02-19 10:00:00+00:00,0.1787,0.106,171.8
2024-02-19 11:00:00+00:00,0.1836,0.10455,150.0
2024-02-19 12:00:00+00:00,0.1631,0.1843,126.94
2024-02-19 13:00:00+00:00,0.1809,0.1996,123.6
2024-02-19 14:00:00+00:00,0.2935,0.082,132.6
2024-02-19 15:00:00+00:00,0.323,0.0946,123.75
2024-02-19 16:00:00+00:00,0.3596,0.1069,130.9
2024-02-19 17:00:00+00:00,0.3708,0.00689,131.9
2024-02-19 18:00:00+00:00,0.3845,3.62e-05,150.6
2024-02-19 19:00:00+00:00,0.3972,1.97e-06,141.6
2024-02-19 20:00:00+00:00,0.4841,1.28e-05,127.8
2024-02-19 21:00:00+00:00,0.4294,0.0,107.9
2024-02-19 22:00:00+00:00,0.4255,0.0,108.25
2024-02-19 23:00:00+00:00,0.3638,0.0,104.4
2024-02-20 00:00:00+00:00,0.2986,0.0,94.44
2024-02-20 01:00:00+00:00,0.2473,0.0,93.44
2024-02-20 02:00:00+00:00,0.2462,0.0,100.0
2024-02-20 03:00:00+00:00,0.2031,0.0,95.7
2024-02-20 04:00:00+00:00,0.2008,0.0,97.94
2024-02-20 05:00:00+00:00,0.203,0.0,126.9
2024-02-20 06:00:00+00:00,0.1902,0.0,147.0
2024-02-20 07:00:00+00:00,0.2437,0.000434,142.2
2024-02-20 08:00:00+00:00,0.1686,0.015114,134.5
2024-02-20 09:00:00+00:00,0.1481,0.04507,116.2
2024-02-20 10:00:00+00:00,0.243,0.05975,112.2
2024-02-20 11:00:00+00:00,0.2703,0.06946,121.75
2024-02-20 12:00:00+00:00,0.3513,0.0711,127.25
2024-02-20 13:00:00+00:00,0.348,0.06274,115.7
2024-02-20 14:00:00+00:00,0.3162,0.03653,128.5
2024-02-20 15:00:00+00:00,0.3054,0.01909,134.9
2024-02-20 16:00:00+00:00,0.3586,0.02048,138.2
2024-02-20 17:00:00+00:00,0.5156,0.0015545,144.6
2024-02-20 18:00:00+00:00,0.4565,3.62e-05,136.5
2024-02-20 19:00:00+00:00,0.44,1.23e-05,150.9
2024-02-20 20:00:00+00:00,0.4956,2.83e-05,128.4
2024-02-20 21:00:00+00:00,0.518,2.13e-05,107.0
2024-02-20 22:00:00+00:00,0.5386,1.67e-05,101.9
2024-02-20 23:00:00+00:00,0.568,2.71e-05,78.9
2024-02-21 00:00:00+00:00,0.7065,1.156e-05,73.3
2024-02-21 01:00:00+00:00,0.721,8e-06,60.47
2024-02-21 02:00:00+00:00,0.764,1.4e-05,69.06
2024-02-21 03:00:00+00:00,0.779,5.6e-06,79.25
2024-02-21 04:00:00+00:00,0.7896,0.0,52.66
2024-02-21 05:00:00+00:00,0.8364,1.5e-06,61.03
2024-02-21 06:00:00+00:00,0.865,3.2e-06,78.1
2024-02-21 07:00:00+00:00,0.806,0.01474,74.6
2024-02-21 08:00:00+00:00,0.789,0.1027,82.75
2024-02-21 09:00:00+00:00,0.768,0.2303,62.94
2024-02-21 10:00:00+00:00,0.748,0.2316,51.06
2024-02-21 11:00:00+00:00,0.714,0.2551,55.78
2024-02-21 12:00:00+00:00,0.702,0.2964,55.0
2024-02-21 13:00:00+00:00,0.6597,0.2437,62.94
2024-02-21 14:00:00+00:00,0.7163,0.2349,52.38
2024-02-21 15:00:00+00:00,0.723,0.12103,68.4
2024-02-21 16:00:00+00:00,0.695,0.07654,73.44
2024-02-21 17:00:00+00:00,0.6685,0.0099,125.2
2024-02-21 18:00:00+00:00,0.641,3.62e-05,118.3
2024-02-21 19:00:00+00:00,0.606,1.35e-05,117.5
2024-02-21 20:00:00+00:00,0.6,3.165e-05,122.44
2024-02-21 21:00:00+00:00,0.576,3.28e-05,113.44
2024-02-21 22:00:00+00:00,0.5522,2.843e-05,126.94
2024-02-21 23:00:00+00:00,0.547,3.62e-05,102.94
2024-02-22 00:00:00+00:00,0.5073,7.15e-06,99.6
2024-02-22 01:00:00+00:00,0.487,1.41e-05,85.7
2024-02-22 02:00:00+00:00,0.4646,2.24e-05,91.7
2024-02-22 03:00:00+00:00,0.463,1.144e-05,98.4
2024-02-22 04:00:00+00:00,0.483,4.6e-06,103.4
2024-02-22 05:00:00+00:00,0.4534,1.84e-05,111.5
2024-02-22 06:00:00+00:00,0.4517,2.22e-05,114.5
2024-02-22 07:00:00+00:00,0.4556,0.02164,94.6
2024-02-22 08:00:00+00:00,0.3386,0.1313,102.1
2024-02-22 09:00:00+00:00,0.3044,0.2603,84.7
2024-02-22 10:00:00+00:00,0.2288,0.2423,94.5
2024-02-22 11:00:00+00:00,0.1578,0.2012,137.0
2024-02-22 12:00:00+00:00,0.1816,0.11487,141.2
2024-02-22 13:00:00+00:00,0.1825,0.05573,138.5
2024-02-22 14:00:00+00:00,0.0938,0.1012,123.06
2024-02-22 15:00:00+00:00,0.0615,0.1058,201.0
2024-02-22 16:00:00+00:00,0.03757,0.05762,201.1
2024-02-22 17:00:00+00:00,0.00506,0.0058,146.8
2024-02-22 18:00:00+00:00,0.01456,0.0001243,156.4
2024-02-22 19:00:00+00:00,0.03033,1.734e-05,166.0
2024-02-22 20:00:00+00:00,0.03705,1.45e-05,155.5
2024-02-22 21:00:00+00:00,0.0192,2.104e-05,134.9
2024-02-22 22:00:00+00:00,0.00843,1.603e-05,129.4
2024-02-22 23:00:00+00:00,0.1288,2.08e-05,117.2
2024-02-23 00:00:00+00:00,0.04254,5.8e-06,123.06
2024-02-23 01:00:00+00:00,0.03555,3.16e-06,145.4
2024-02-23 02:00:00+00:00,0.01369,7.33e-06,140.5
2024-02-23 03:00:00+00:00,0.03607,0.0,167.4
2024-02-23 04:00:00+00:00,0.04343,0.0,170.5
2024-02-23 05:00:00+00:00,0.0405,1.8e-06,176.0
2024-02-23 06:00:00+00:00,0.06696,1e-07,172.8
2024-02-23 07:00:00+00:00,0.1164,0.00655,166.6
2024-02-23 08:00:00+00:00,0.0961,0.05945,161.4
2024-02-23 09:00:00+00:00,0.0766,0.2249,153.0
2024-02-23 10:00:00+00:00,0.08655,0.303,151.2
2024-02-23 11:00:00+00:00,0.1337,0.2847,159.5
2024-02-23 12:00:00+00:00,0.1578,0.2795,165.0
2024-02-23 13:00:00+00:00,0.1982,0.2559,147.1
2024-02-23 14:00:00+00:00,0.2015,0.277,141.1
2024-02-23 15:00:00+00:00,0.2108,0.2213,134.1
2024-02-23 16:00:00+00:00,0.2622,0.1223,155.5
2024-02-23 17:00:00+00:00,0.2588,0.02165,162.8
2024-02-23 18:00:00+00:00,0.1952,3.62e-05,174.1
2024-02-23 19:00:00+00:00,0.1697,1.65e-05,167.5
2024-02-23 20:00:00+00:00,0.1926,3.415e-05,165.8
2024-02-23 21:00:00+00:00,0.241,3.69e-05,142.2
2024-02-23 22:00:00+00:00,0.2954,2.664e-05,141.8
2024-02-23 23:00:00+00:00,0.301,2.44e-05,137.4
2024-02-24 00:00:00+00:00,0.309,1.42e-05,111.94
2024-02-24 01:00:00+00:00,0.323,1.276e-05,118.06
2024-02-24 02:00:00+00:00,0.3374,1.66e-05,118.1
2024-02-24 03:00:00+00:00,0.3682,3.16e-06,120.7
2024-02-24 04:00:00+00:00,0.3865,8.34e-06,102.0
2024-02-24 05:00:00+00:00,0.4258,2.34e-05,95.6
2024-02-24 06:00:00+00:00,0.4053,2.03e-05,101.1
2024-02-24 07:00:00+00:00,0.4072,0.01436,101.7
2024-02-24 08:00:00+00:00,0.403,0.127,91.7
2024-02-24 09:00:00+00:00,0.3252,0.3337,98.4
2024-02-24 10:00:00+00:00,0.257,0.4282,110.9
2024-02-24 11:00:00+00:00,0.2947,0.382,120.3
2024-02-24 12:00:00+00:00,0.3445,0.3462,120.7
2024-02-24 13:00:00+00:00,0.3848,0.3083,131.0
2024-02-24 14:00:00+00:00,0.3564,0.378,100.7
2024-02-24 15:00:00+00:00,0.3845,0.2411,94.44
2024-02-24 16:00:00+00:00,0.3462,0.1384,115.44
2024-02-24 17:00:00+00:00,0.3342,0.01819,121.94
2024-02-24 18:00:00+00:00,0.2986,3.62e-05,142.4
2024-02-24 19:00:00+00:00,0.2925,2.54e-05,140.2
2024-02-24 20:00:00+00:00,0.289,4.43e-05,191.6
2024-02-24 21:00:00+00:00,0.2737,4.655e-05,171.1
2024-02-24 22:00:00+00:00,0.2664,3.81e-05,180.8
2024-02-24 23:00:00+00:00,0.2087,3.62e-05,173.0
2024-02-25 00:00:00+00:00,0.2028,2.3e-05,165.0
2024-02-25 01:00:00+00:00,0.2211,1.615e-05,165.1
2024-02-25 02:00:00+00:00,0.2299,2.05e-05,160.6
2024-02-25 03:00:00+00:00,0.303,1.293e-05,150.8
2024-02-25 04:00:00+00:00,0.3118,2.015e-05,152.1
2024-02-25 05:00:00+00:00,0.329,3.62e-05,107.44
2024-02-25 06:00:00+00:00,0.2913,3.62e-05,106.4
2024-02-25 07:00:00+00:00,0.292,0.02751,92.0
2024-02-25 08:00:00+00:00,0.2437,0.204,84.9
2024-02-25 09:00:00+00:00,0.166,0.4446,70.06
2024-02-25 10:00:00+00:00,0.1777,0.538,73.94
2024-02-25 11:00:00+00:00,0.1833,0.575,87.25
2024-02-25 12:00:00+00:00,0.2246,0.555,87.1
2024-02-25 13:00:00+00:00,0.2556,0.477,92.06
2024-02-25 14:00:00+00:00,0.2656,0.4155,97.7
2024-02-25 15:00:00+00:00,0.3203,0.2837,79.7
2024-02-25 16:00:00+00:00,0.3228,0.1575,102.25
2024-02-25 17:00:00+00:00,0.352,0.01654,110.4
2024-02-25 18:00:00+00:00,0.3308,0.0001088,127.6
2024-02-25 19:00:00+00:00,0.3252,3.153e-05,138.2
2024-02-25 20:00:00+00:00,0.3853,4.846e-05,138.6
2024-02-25 21:00:00+00:00,0.4048,4.88e-05,112.9
2024-02-25 22:00:00+00:00,0.331,3.08e-05,116.44
2024-02-25 23:00:00+00:00,0.342,2.63e-05,120.75
2024-02-26 00:00:00+00:00,0.3428,1.94e-05,122.75
2024-02-26 01:00:00+00:00,0.337,1.633e-05,113.5
2024-02-26 02:00:00+00:00,0.294,1.9e-05,110.56
2024-02-26 03:00:00+00:00,0.2786,1.42e-05,118.8
2024-02-26 04:00:00+00:00,0.2073,1.59e-05,106.25
2024-02-26 05:00:00+00:00,0.1605,3.093e-05,146.8
2024-02-26 06:00:00+00:00,0.1461,2.88e-05,150.4
2024-02-26 07:00:00+00:00,0.0636,0.02077,156.1
2024-02-26 08:00:00+00:00,0.05646,0.1895,122.06
2024-02-26 09:00:00+00:00,0.006042,0.457,111.75
2024-02-26 10:00:00+00:00,0.01874,0.64,101.3
2024-02-26 11:00:00+00:00,0.008125,0.706,106.2
2024-02-26 12:00:00+00:00,0.02463,0.735,106.44
2024-02-26 13:00:00+00:00,0.03075,0.7275,103.75
2024-02-26 14:00:00+00:00,0.02655,0.6577,97.6
2024-02-26 15:00:00+00:00,0.01718,0.4873,115.94
2024-02-26 16:00:00+00:00,0.01631,0.2603,120.25
2024-02-26 17:00:00+00:00,0.010414,0.05124,150.6
2024-02-26 18:00:00+00:00,0.02757,0.0004828,158.4
2024-02-26 19:00:00+00:00,0.0498,4.04e-05,168.0
2024-02-26 20:00:00+00:00,0.0131,4.6e-05,150.8
2024-02-26 21:00:00+00:00,0.02353,4.715e-05,162.6
2024-02-26 22:00:00+00:00,0.01435,2.855e-05,157.2
2024-02-26 23:00:00+00:00,0.0481,2.44e-05,159.5
2024-02-27 00:00:00+00:00,0.0123,2.3e-05,146.1
2024-02-27 01:00:00+00:00,0.01184,1.967e-05,131.5
2024-02-27 02:00:00+00:00,0.01379,1.03e-05,100.75
2024-02-27 03:00:00+00:00,0.001257,5.36e-06,113.8
2024-02-27 04:00:00+00:00,0.01176,0.0,123.25
2024-02-27 05:00:00+00:00,0.03308,1.59e-05,118.25
2024-02-27 06:00:00+00:00,0.03998,1.764e-05,64.4
2024-02-27 07:00:00+00:00,0.04163,0.0163,60.53
2024-02-27 08:00:00+00:00,0.0355,0.1655,47.72
2024-02-27 09:00:00+00:00,0.03708,0.3936,37.84
2024-02-27 10:00:00+00:00,0.0289,0.5386,19.84
2024-02-27 11:00:00+00:00,0.02084,0.6323,2.387
2024-02-27 12:00:00+00:00,0.11816,0.626,116.56
2024-02-27 13:00:00+00:00,0.1377,0.7,86.06
2024-02-27 14:00:00+00:00,0.1753,0.6147,84.6
2024-02-27 15:00:00+00:00,0.224,0.4353,99.8
2024-02-27 16:00:00+00:00,0.252,0.25,130.1
2024-02-27 17:00:00+00:00,0.3357,0.06128,128.1
2024-02-27 18:00:00+00:00,0.3484,0.001302,144.2
2024-02-27 19:00:00+00:00,0.3472,3.55e-05,142.9
2024-02-27 20:00:00+00:00,0.3862,5.03e-05,123.25
2024-02-27 21:00:00+00:00,0.3625,5.496e-05,135.9
2024-02-27 22:00:00+00:00,0.3032,3.69e-05,122.8
2024-02-27 23:00:00+00:00,0.2927,2.664e-05,95.5
2024-02-28 00:00:00+00:00,0.2708,1.657e-05,99.0
2024-02-28 01:00:00+00:00,0.2566,2.06e-05,94.3
2024-02-28 02:00:00+00:00,0.2452,1.687e-05,100.25
2024-02-28 03:00:00+00:00,0.2479,1.734e-05,99.7
2024-02-28 04:00:00+00:00,0.2715,1.013e-05,108.2
2024-02-28 05:00:00+00:00,0.2695,3.07e-05,144.0
2024-02-28 06:00:00+00:00,0.3267,2.96e-05,136.4
2024-02-28 07:00:00+00:00,0.3618,0.02261,119.0
2024-02-28 08:00:00+00:00,0.352,0.2158,111.2
2024-02-28 09:00:00+00:00,0.3047,0.4946,87.5
2024-02-28 10:00:00+00:00,0.3708,0.638,68.3
2024-02-28 11:00:00+00:00,0.484,0.6895,47.72
2024-02-28 12:00:00+00:00,0.5396,0.735,44.6
2024-02-28 13:00:00+00:00,0.5547,0.733,52.12
2024-02-28 14:00:00+00:00,0.5986,0.6797,51.34
2024-02-28 15:00:00+00:00,0.592,0.5005,113.8
2024-02-28 16:00:00+00:00,0.6113,0.2996,76.2
2024-02-28 17:00:00+00:00,0.5405,0.07574,110.25
2024-02-28 18:00:00+00:00,0.4995,0.001406,131.5
2024-02-28 19:00:00+00:00,0.4568,3.91e-05,147.9
2024-02-28 20:00:00+00:00,0.484,4.34e-05,129.4
2024-02-28 21:00:00+00:00,0.4573,4.84e-05,118.9
2024-02-28 22:00:00+00:00,0.4324,3.3e-05,105.44
2024-02-28 23:00:00+00:00,0.3823,1.925e-05,97.94
2024-02-29 00:00:00+00:00,0.3884,8.34e-06,81.8
2024-02-29 01:00:00+00:00,0.3567,1.47e-05,84.06
2024-02-29 02:00:00+00:00,0.3494,1.65e-05,80.8
2024-02-29 03:00:00+00:00,0.3928,1.687e-05,102.56
2024-02-29 04:00:00+00:00,0.4006,9.3e-06,105.0
2024-02-29 05:00:00+00:00,0.3313,2.51e-05,131.1
2024-02-29 06:00:00+00:00,0.3894,2.26e-05,132.1
2024-02-29 07:00:00+00:00,0.3716,0.015564,121.9
2024-02-29 08:00:00+00:00,0.3374,0.1503,111.0
2024-02-29 09:00:00+00:00,0.23,0.4514,79.25
2024-02-29 10:00:00+00:00,0.1571,0.614,89.4
2024-02-29 11:00:00+00:00,0.2256,0.706,74.25
2024-02-29 12:00:00+00:00,0.255,0.735,79.6
2024-02-29 13:00:00+00:00,0.2502,0.7227,94.8
2024-02-29 14:00:00+00:00,0.2737,0.5825,84.94
2024-02-29 15:00:00+00:00,0.2993,0.3506,97.8
2024-02-29 16:00:00+00:00,0.259,0.2012,123.5
2024-02-29 17:00:00+00:00,0.2615,0.04984,140.8
2024-02-29 18:00:00+00:00,0.215,0.000138,146.1
2024-02-29 19:00:00+00:00,0.1486,2.34e-05,171.0
2024-02-29 20:00:00+00:00,0.1515,2.66e-05,172.1
2024-02-29 21:00:00+00:00,0.1203,1.407e-05,158.0
2024-02-29 22:00:00+00:00,0.05585,3.1e-06,145.8
2024-02-29 23:00:00+00:00,0.03992,2.5e-06,147.1
2024-03-01 00:00:00+00:00,0.00977,1.794e-05,114.9
2024-03-01 01:00:00+00:00,0.01743,2.28e-05,124.1
2024-03-01 02:00:00+00:00,0.04877,1.615e-05,89.5
2024-03-01 03:00:00+00:00,0.00441,2.235e-05,101.75
2024-03-01 04:00:00+00:00,0.00898,1.56e-05,97.8
2024-03-01 05:00:00+00:00,0.006252,1.377e-05,125.8
2024-03-01 06:00:00+00:00,0.04547,0.003338,129.9
2024-03-01 07:00:00+00:00,0.02805,0.0931,113.44
2024-03-01 08:00:00+00:00,0.006783,0.2732,74.9
2024-03-01 09:00:00+00:00,0.00819,0.551,40.1
2024-03-01 10:00:00+00:00,0.04874,0.6196,51.9
2024-03-01 11:00:00+00:00,0.0588,0.644,41.62
2024-03-01 12:00:00+00:00,0.0961,0.6836,37.66
2024-03-01 13:00:00+00:00,0.01433,0.6396,41.84
2024-03-01 14:00:00+00:00,0.009865,0.632,32.5
2024-03-01 15:00:00+00:00,0.009834,0.4739,49.9
2024-03-01 16:00:00+00:00,0.03067,0.3323,64.06
2024-03-01 17:00:00+00:00,0.02863,0.1547,82.44
2024-03-01 18:00:00+00:00,0.0798,0.015,90.6
2024-03-01 19:00:00+00:00,0.05002,2.706e-05,99.3
2024-03-01 20:00:00+00:00,0.02838,5.88e-05,118.75
2024-03-01 21:00:00+00:00,0.01109,6.163e-05,125.1
2024-03-01 22:00:00+00:00,0.009865,3.2e-05,109.1
2024-03-01 23:00:00+00:00,0.01521,1.48e-05,114.3
2024-03-02 00:00:00+00:00,0.02563,1.91e-05,105.5
2024-03-02 01:00:00+00:00,0.06396,1.884e-05,92.2
2024-03-02 02:00:00+00:00,0.06445,8.94e-06,-2.0
2024-03-02 03:00:00+00:00,0.03833,9.9e-06,68.1
2024-03-02 04:00:00+00:00,0.03017,1e-05,85.2
2024-03-02 05:00:00+00:00,0.002426,1.323e-05,70.44
2024-03-02 06:00:00+00:00,0.0627,0.002272,63.34
2024-03-02 07:00:00+00:00,0.0852,0.0901,61.3
2024-03-02 08:00:00+00:00,0.0377,0.291,41.0
2024-03-02 09:00:00+00:00,0.03723,0.53,21.53
2024-03-02 10:00:00+00:00,0.00992,0.61,34.1
2024-03-02 11:00:00+00:00,0.01334,0.667,46.8
2024-03-02 12:00:00+00:00,0.02551,0.7773,21.92
2024-03-02 13:00:00+00:00,0.05487,0.785,27.23
2024-03-02 14:00:00+00:00,0.01021,0.7603,39.5
2024-03-02 15:00:00+00:00,0.01828,0.632,29.23
2024-03-02 16:00:00+00:00,0.000822,0.3958,79.25
2024-03-02 17:00:00+00:00,0.013794,0.1688,85.0
2024-03-02 18:00:00+00:00,0.00793,0.014626,114.9
2024-03-02 19:00:00+00:00,0.005444,2.91e-05,120.0
2024-03-02 20:00:00+00:00,0.01096,5.007e-05,108.75
2024-03-02 21:00:00+00:00,0.02158,5.93e-05,109.75
2024-03-02 22:00:00+00:00,0.000807,3.5e-05,93.1
2024-03-02 23:00:00+00:00,0.01605,2.617e-05,86.6
2024-03-03 00:00:00+00:00,0.003061,3.12e-05,90.4
2024-03-03 01:00:00+00:00,0.001431,3.42e-05,88.2
2024-03-03 02:00:00+00:00,0.01793,3.13e-05,79.44
2024-03-03 03:00:00+00:00,0.01727,2.605e-05,73.6
2024-03-03 04:00:00+00:00,0.010506,1.514e-05,104.75
2024-03-03 05:00:00+00:00,0.11316,9.2e-06,94.75
2024-03-03 06:00:00+00:00,0.1323,0.000508,92.44
2024-03-03 07:00:00+00:00,0.1455,0.06915,-2.0
2024-03-03 08:00:00+00:00,0.151,0.2878,-2.0
2024-03-03 09:00:00+00:00,0.2051,0.5,22.6
2024-03-03 10:00:00+00:00,0.1497,0.621,4.992
2024-03-03 11:00:00+00:00,0.1632,0.627,7.48
2024-03-03 12:00:00+00:00,0.1757,0.709,15.98
2024-03-03 13:00:00+00:00,0.1903,0.7627,6.484
2024-03-03 14:00:00+00:00,0.3022,0.739,-2.0
2024-03-03 15:00:00+00:00,0.35,0.5366,13.04
2024-03-03 16:00:00+00:00,0.3958,0.3445,24.23
2024-03-03 17:00:00+00:00,0.4468,0.184,20.6
2024-03-03 18:00:00+00:00,0.458,0.01959,55.84
2024-03-03 19:00:00+00:00,0.4663,4.417e-05,69.6
2024-03-03 20:00:00+00:00,0.4832,8.74e-05,79.2
2024-03-03 21:00:00+00:00,0.5034,9.36e-05,78.44
2024-03-03 22:00:00+00:00,0.4937,6.14e-05,78.3
2024-03-03 23:00:00+00:00,0.588,6.3e-05,49.34
2024-03-04 00:00:00+00:00,0.542,3.42e-05,66.3
2024-03-04 01:00:00+00:00,0.5156,3.42e-05,64.2
2024-03-04 02:00:00+00:00,0.4827,3.42e-05,50.66
2024-03-04 03:00:00+00:00,0.4443,2.95e-05,54.94
2024-03-04 04:00:00+00:00,0.4155,1.216e-05,59.06
2024-03-04 05:00:00+00:00,0.3845,1.04e-05,85.75
2024-03-04 06:00:00+00:00,0.381,0.001269,118.9
2024-03-04 07:00:00+00:00,0.4067,0.06232,113.5
2024-03-04 08:00:00+00:00,0.3828,0.204,75.2
2024-03-04 09:00:00+00:00,0.4944,0.343,47.44
2024-03-04 10:00:00+00:00,0.4434,0.3848,48.84
2024-03-04 11:00:00+00:00,0.426,0.4585,53.25
2024-03-04 12:00:00+00:00,0.3784,0.536,24.64
2024-03-04 13:00:00+00:00,0.363,0.5684,16.27
2024-03-04 14:00:00+00:00,0.306,0.5967,2.059
2024-03-04 15:00:00+00:00,0.3303,0.5107,7.34
2024-03-04 16:00:00+00:00,0.3772,0.3987,20.6
2024-03-04 17:00:00+00:00,0.3796,0.195,46.4
2024-03-04 18:00:00+00:00,0.4375,0.0244,90.75
2024-03-04 19:00:00+00:00,0.4465,5.597e-05,100.75
2024-03-04 20:00:00+00:00,0.4465,9.745e-05,97.6
2024-03-04 21:00:00+00:00,0.4355,9.3e-05,95.6
2024-03-04 22:00:00+00:00,0.426,4.536e-05,94.1
2024-03-04 23:00:00+00:00,0.4243,3.296e-05,79.94
2024-03-05 00:00:00+00:00,0.384,2.58e-05,77.6
2024-03-05 01:00:00+00:00,0.3577,2.337e-05,79.0
2024-03-05 02:00:00+00:00,0.3474,2.396e-05,74.6
2024-03-05 03:00:00+00:00,0.3386,1.42e-05,73.44
2024-03-05 04:00:00+00:00,0.3328,6.56e-06,69.06
2024-03-05 05:00:00+00:00,0.3162,5.84e-06,87.75
2024-03-05 06:00:00+00:00,0.2294,0.000378,89.0
2024-03-05 07:00:00+00:00,0.0992,0.04968,106.4
2024-03-05 08:00:00+00:00,0.0674,0.1973,82.1
2024-03-05 09:00:00+00:00,0.02397,0.401,73.9
2024-03-05 10:00:00+00:00,0.02654,0.4412,71.44
2024-03-05 11:00:00+00:00,0.07776,0.455,64.1
2024-03-05 12:00:00+00:00,0.0666,0.6455,48.12
2024-03-05 13:00:00+00:00,0.0604,0.7295,53.38
2024-03-05 14:00:00+00:00,0.08246,0.6567,37.8
2024-03-05 15:00:00+00:00,0.0106,0.637,25.55
2024-03-05 16:00:00+00:00,0.00572,0.4824,47.28
2024-03-05 17:00:00+00:00,0.01038,0.2253,22.86
2024-03-05 18:00:00+00:00,0.003218,0.02718,50.06
2024-03-05 19:00:00+00:00,0.01912,6.574e-05,52.12
2024-03-05 20:00:00+00:00,0.0459,0.0001099,34.16
2024-03-05 21:00:00+00:00,0.04904,9.9e-05,36.28
2024-03-05 22:00:00+00:00,0.0368,4.81e-05,106.6
2024-03-05 23:00:00+00:00,0.01653,4.21e-05,110.94
2024-03-06 00:00:00+00:00,0.0702,2.95e-05,85.25
2024-03-06 01:00:00+00:00,0.03183,2.53e-05,81.44
2024-03-06 02:00:00+00:00,0.02028,2.91e-05,84.2
2024-03-06 03:00:00+00:00,0.0995,1.967e-05,74.06
2024-03-06 04:00:00+00:00,0.017,6.2e-06,111.3
2024-03-06 05:00:00+00:00,0.02373,6.9e-06,115.6
2024-03-06 06:00:00+00:00,0.011795,0.0,137.4
2024-03-06 07:00:00+00:00,0.01034,0.02162,141.1
2024-03-06 08:00:00+00:00,0.0414,0.0644,107.6
2024-03-06 09:00:00+00:00,0.0018015,0.1394,95.7
2024-03-06 10:00:00+00:00,0.011024,0.1946,114.3
2024-03-06 11:00:00+00:00,0.013954,0.2563,106.94
2024-03-06 12:00:00+00:00,0.01002,0.4062,71.1
2024-03-06 13:00:00+00:00,0.02365,0.4124,77.0
2024-03-06 14:00:00+00:00,0.05548,0.3425,86.0
2024-03-06 15:00:00+00:00,0.006123,0.3267,76.06
2024-03-06 16:00:00+00:00,0.01157,0.2463,103.6
2024-03-06 17:00:00+00:00,0.0307,0.1064,118.56
2024-03-06 18:00:00+00:00,0.03035,0.010925,129.5
2024-03-06 19:00:00+00:00,0.05164,1.73e-05,131.1
2024-03-06 20:00:00+00:00,0.0972,4.42e-05,125.94
2024-03-06 21:00:00+00:00,0.1086,3.517e-05,119.56
2024-03-06 22:00:00+00:00,0.11615,1.82e-05,109.25
2024-03-06 23:00:00+00:00,0.136,2.02e-05,90.75
2024-03-07 00:00:00+00:00,0.1395,7.2e-06,89.8
2024-03-07 01:00:00+00:00,0.2322,3.3e-06,74.0
2024-03-07 02:00:00+00:00,0.2341,8e-06,64.3
2024-03-07 03:00:00+00:00,0.2494,8.3e-06,47.84
2024-03-07 04:00:00+00:00,0.2856,3.34e-06,64.94
2024-03-07 05:00:00+00:00,0.3025,7e-06,69.8
2024-03-07 06:00:00+00:00,0.3125,0.001076,87.1
2024-03-07 07:00:00+00:00,0.2937,0.04883,81.06
2024-03-07 08:00:00+00:00,0.43,0.1909,71.3
2024-03-07 09:00:00+00:00,0.3755,0.266,65.06
2024-03-07 10:00:00+00:00,0.3716,0.3591,54.03
2024-03-07 11:00:00+00:00,0.4456,0.3228,60.6
2024-03-07 12:00:00+00:00,0.4631,0.3718,48.34
2024-03-07 13:00:00+00:00,0.539,0.373,23.75
2024-03-07 14:00:00+00:00,0.5825,0.323,11.82
2024-03-07 15:00:00+00:00,0.609,0.1978,3.037
2024-03-07 16:00:00+00:00,0.6313,0.1144,35.3
2024-03-07 17:00:00+00:00,0.617,0.02733,38.06
2024-03-07 18:00:00+00:00,0.673,0.00119,65.25
2024-03-07 19:00:00+00:00,0.807,0.0,68.0
2024-03-07 20:00:00+00:00,0.8525,0.0,35.44
2024-03-07 21:00:00+00:00,0.8813,1.6e-06,26.33
2024-03-07 22:00:00+00:00,0.8403,0.0,28.55
2024-03-07 23:00:00+00:00,0.907,0.0,9.5
2024-03-08 00:00:00+00:00,0.891,0.0,-2.0
2024-03-08 01:00:00+00:00,0.868,0.0,14.38
2024-03-08 02:00:00+00:00,0.8955,0.0,9.625
2024-03-08 03:00:00+00:00,0.847,2.9e-06,16.81
2024-03-08 04:00:00+00:00,0.9326,0.0,12.734
2024-03-08 05:00:00+00:00,0.917,0.0,21.2
2024-03-08 06:00:00+00:00,0.8735,0.0,24.9
2024-03-08 07:00:00+00:00,0.8706,0.04324,29.27
2024-03-08 08:00:00+00:00,0.859,0.1238,19.31
2024-03-08 09:00:00+00:00,0.871,0.2426,0.4065
2024-03-08 10:00:00+00:00,0.802,0.4211,-2.0
2024-03-08 11:00:00+00:00,0.8696,0.4436,-2.0
2024-03-08 12:00:00+00:00,0.8594,0.4807,-2.0
2024-03-08 13:00:00+00:00,0.8613,0.5146,-2.0
2024-03-08 14:00:00+00:00,0.909,0.505,-2.0
2024-03-08 15:00:00+00:00,0.894,0.4497,-2.0
2024-03-08 16:00:00+00:00,0.8706,0.3447,-2.0
2024-03-08 17:00:00+00:00,0.8047,0.09576,18.22
2024-03-08 18:00:00+00:00,0.766,0.00637,39.97
2024-03-08 19:00:00+00:00,0.7793,8.94e-06,43.22
2024-03-08 20:00:00+00:00,0.9263,2.766e-05,19.11
2024-03-08 21:00:00+00:00,0.902,4.96e-05,6.83
2024-03-08 22:00:00+00:00,0.904,2.56e-05,17.03
2024-03-08 23:00:00+00:00,0.7944,2.027e-05,21.53
2024-03-09 00:00:00+00:00,0.6753,1.99e-05,22.72
2024-03-09 01:00:00+00:00,0.645,2.32e-05,26.48
2024-03-09 02:00:00+00:00,0.565,2.366e-05,41.1
2024-03-09 03:00:00+00:00,0.5317,2.74e-05,22.05
2024-03-09 04:00:00+00:00,0.4485,2.456e-05,21.5
2024-03-09 05:00:00+00:00,0.406,3.326e-05,41.16
2024-03-09 06:00:00+00:00,0.371,0.003683,35.56
2024-03-09 07:00:00+00:00,0.3374,0.10913,25.33
2024-03-09 08:00:00+00:00,0.2854,0.3228,14.02
2024-03-09 09:00:00+00:00,0.1012,0.508,35.56
2024-03-09 10:00:00+00:00,0.066,0.564,24.88
2024-03-09 11:00:00+00:00,0.04166,0.6787,32.1
2024-03-09 12:00:00+00:00,0.08405,0.717,29.1
2024-03-09 13:00:00+00:00,0.1782,0.681,25.03
2024-03-09 14:00:00+00:00,0.2107,0.5986,45.84
2024-03-09 15:00:00+00:00,0.2391,0.4788,52.47
2024-03-09 16:00:00+00:00,0.233,0.3464,69.4
2024-03-09 17:00:00+00:00,0.276,0.11145,67.7
2024-03-09 18:00:00+00:00,0.2766,0.00923,98.0
2024-03-09 19:00:00+00:00,0.225,1.526e-05,103.44
2024-03-09 20:00:00+00:00,0.229,2.96e-05,101.06
2024-03-09 21:00:00+00:00,0.2217,4.92e-05,113.3
2024-03-09 22:00:00+00:00,0.2517,3.34e-05,90.25
2024-03-09 23:00:00+00:00,0.2559,2.56e-05,84.25
2024-03-10 00:00:00+00:00,0.256,1.657e-05,72.06
2024-03-10 01:00:00+00:00,0.2478,1.69e-05,59.38
2024-03-10 02:00:00+00:00,0.2583,1.085e-05,77.25
2024-03-10 03:00:00+00:00,0.3022,1.25e-05,57.72
2024-03-10 04:00:00+00:00,0.2732,1.353e-05,53.03
2024-03-10 05:00:00+00:00,0.2394,2.71e-05,57.34
2024-03-10 06:00:00+00:00,0.2622,0.005894,54.03
2024-03-10 07:00:00+00:00,0.2642,0.12103,60.2
2024-03-10 08:00:00+00:00,0.2217,0.3,34.72
2024-03-10 09:00:00+00:00,0.2021,0.3896,26.52
2024-03-10 10:00:00+00:00,0.1586,0.3958,-2.0
2024-03-10 11:00:00+00:00,0.1523,0.4631,42.94
2024-03-10 12:00:00+00:00,0.1528,0.461,50.9
2024-03-10 13:00:00+00:00,0.1604,0.4368,43.1
2024-03-10 14:00:00+00:00,0.2086,0.4185,35.84
2024-03-10 15:00:00+00:00,0.2155,0.3528,64.7
2024-03-10 16:00:00+00:00,0.1965,0.2556,86.9
2024-03-10 17:00:00+00:00,0.154,0.0971,116.4
2024-03-10 18:00:00+00:00,0.1616,0.009476,136.2
2024-03-10 19:00:00+00:00,0.2196,2.38e-05,126.7
2024-03-10 20:00:00+00:00,0.2751,2.16e-05,134.9
2024-03-10 21:00:00+00:00,0.284,2.71e-05,126.8
2024-03-10 22:00:00+00:00,0.2817,2.19e-05,111.5
2024-03-10 23:00:00+00:00,0.2634,2.56e-05,91.9
2024-03-11 00:00:00+00:00,0.2944,1.99e-05,83.1
2024-03-11 01:00:00+00:00,0.396,1.717e-05,68.6
2024-03-11 02:00:00+00:00,0.4175,1.08e-05,76.0
2024-03-11 03:00:00+00:00,0.4377,1.11e-05,67.4
2024-03-11 04:00:00+00:00,0.4333,8.34e-06,75.4
2024-03-11 05:00:00+00:00,0.4617,1.526e-05,87.9
2024-03-11 06:00:00+00:00,0.4197,0.003214,107.25
2024-03-11 07:00:00+00:00,0.3896,0.08594,103.4
2024-03-11 08:00:00+00:00,0.3062,0.2622,69.75
2024-03-11 09:00:00+00:00,0.1926,0.3628,96.94
2024-03-11 10:00:00+00:00,0.1981,0.3486,93.1
2024-03-11 11:00:00+00:00,0.252,0.4158,67.4
2024-03-11 12:00:00+00:00,0.2429,0.4382,54.72
2024-03-11 13:00:00+00:00,0.1909,0.4526,50.53
2024-03-11 14:00:00+00:00,0.2021,0.4565,45.66
2024-03-11 15:00:00+00:00,0.2238,0.348,55.56
2024-03-11 16:00:00+00:00,0.3044,0.1257,66.9
2024-03-11 17:00:00+00:00,0.227,0.06024,93.4
2024-03-11 18:00:00+00:00,0.208,0.00794,136.8
2024-03-11 19:00:00+00:00,0.1913,2.85e-05,121.5
2024-03-11 20:00:00+00:00,0.2734,5.24e-05,113.44
2024-03-11 21:00:00+00:00,0.295,4.49e-05,98.2
2024-03-11 22:00:00+00:00,0.3345,2.897e-05,63.3
2024-03-11 23:00:00+00:00,0.3508,2.736e-05,-1.699
2024-03-12 00:00:00+00:00,0.3196,7.9e-06,-2.0
2024-03-12 01:00:00+00:00,0.3672,0.0,-2.0
2024-03-12 02:00:00+00:00,0.3728,0.0,-2.0
2024-03-12 03:00:00+00:00,0.3867,7e-07,46.8
2024-03-12 04:00:00+00:00,0.394,0.0,72.7
2024-03-12 05:00:00+00:00,0.4038,0.0,88.8
2024-03-12 06:00:00+00:00,0.4238,0.0,95.4
2024-03-12 07:00:00+00:00,0.4827,0.002666,70.44
2024-03-12 08:00:00+00:00,0.494,0.0279,74.8
2024-03-12 09:00:00+00:00,0.5234,0.0805,83.8
2024-03-12 10:00:00+00:00,0.5483,0.1437,81.5
2024-03-12 11:00:00+00:00,0.553,0.1719,78.0
2024-03-12 12:00:00+00:00,0.5503,0.181,61.34
2024-03-12 13:00:00+00:00,0.5347,0.1521,57.88
2024-03-12 14:00:00+00:00,0.5156,0.117,51.2
2024-03-12 15:00:00+00:00,0.468,0.1265,53.72
2024-03-12 16:00:00+00:00,0.4773,0.05972,62.47
2024-03-12 17:00:00+00:00,0.541,0.01115,52.0
2024-03-12 18:00:00+00:00,0.526,0.0008206,62.94
2024-03-12 19:00:00+00:00,0.5415,4.95e-06,69.56
2024-03-12 20:00:00+00:00,0.547,2.06e-05,68.4
2024-03-12 21:00:00+00:00,0.45,1.454e-05,33.44
2024-03-12 22:00:00+00:00,0.436,1.9e-06,22.44
2024-03-12 23:00:00+00:00,0.4612,1.925e-05,-2.0
2024-03-13 00:00:00+00:00,0.5146,5.66e-06,-2.0
2024-03-13 01:00:00+00:00,0.4956,2.5e-06,9.766
2024-03-13 02:00:00+00:00,0.549,3.93e-06,7.87
2024-03-13 03:00:00+00:00,0.5513,1.544e-05,14.12
2024-03-13 04:00:00+00:00,0.5854,1.293e-05,31.47
2024-03-13 05:00:00+00:00,0.5576,7.57e-06,46.75
2024-03-13 06:00:00+00:00,0.6694,0.0,35.12
2024-03-13 07:00:00+00:00,0.6484,0.009674,46.34
2024-03-13 08:00:00+00:00,0.634,0.1126,27.02
2024-03-13 09:00:00+00:00,0.623,0.1866,26.6
2024-03-13 10:00:00+00:00,0.6074,0.2133,17.05
2024-03-13 11:00:00+00:00,0.621,0.2842,28.64
2024-03-13 12:00:00+00:00,0.6357,0.331,9.48
2024-03-13 13:00:00+00:00,0.6772,0.35,29.25
2024-03-13 14:00:00+00:00,0.6924,0.3262,37.75
2024-03-13 15:00:00+00:00,0.7095,0.2898,33.53
2024-03-13 16:00:00+00:00,0.7754,0.2228,47.94
2024-03-13 17:00:00+00:00,0.81,0.0696,37.7
2024-03-13 18:00:00+00:00,0.7812,0.007305,35.9
2024-03-13 19:00:00+00:00,0.625,1.29e-05,67.7
2024-03-13 20:00:00+00:00,0.619,2.706e-05,61.03
2024-03-13 21:00:00+00:00,0.6157,1.585e-05,53.97
2024-03-13 22:00:00+00:00,0.587,1.1e-06,49.25
2024-03-13 23:00:00+00:00,0.5176,5.4e-07,57.4
2024-03-14 00:00:00+00:00,0.503,0.0,54.8
2024-03-14 01:00:00+00:00,0.475,0.0,61.1
2024-03-14 02:00:00+00:00,0.4404,0.0,123.8
2024-03-14 03:00:00+00:00,0.4177,3.8e-06,114.56
2024-03-14 04:00:00+00:00,0.2488,1.186e-05,85.44
2024-03-14 05:00:00+00:00,0.2051,8.64e-06,103.2
2024-03-14 06:00:00+00:00,0.1812,0.0006695,110.4
2024-03-14 07:00:00+00:00,0.1821,0.01566,117.25
2024-03-14 08:00:00+00:00,0.1672,0.1771,86.8
2024-03-14 09:00:00+00:00,0.1306,0.2615,77.8
2024-03-14 10:00:00+00:00,0.1078,0.3452,81.25
2024-03-14 11:00:00+00:00,0.1016,0.3594,85.75
2024-03-14 12:00:00+00:00,0.0852,0.4214,96.5
2024-03-14 13:00:00+00:00,0.0739,0.405,108.0
2024-03-14 14:00:00+00:00,0.03607,0.403,108.6
2024-03-14 15:00:00+00:00,0.0136,0.3574,106.8
2024-03-14 16:00:00+00:00,0.07196,0.2438,122.56
2024-03-14 17:00:00+00:00,0.07495,0.07983,133.2
2024-03-14 18:00:00+00:00,0.0626,0.00852,123.4
2024-03-14 19:00:00+00:00,0.04636,1.3e-05,131.4
2024-03-14 20:00:00+00:00,0.0418,1.87e-05,129.6
2024-03-14 21:00:00+00:00,0.02374,2.736e-05,131.4
2024-03-14 22:00:00+00:00,0.02591,1.85e-05,0.281
2024-03-14 23:00:00+00:00,0.03023,8.3e-07,3.22
2024-03-15 00:00:00+00:00,0.0379,0.0,15.164
2024-03-15 01:00:00+00:00,0.03635,3.76e-06,15.766
2024-03-15 02:00:00+00:00,0.107,7.7e-06,8.81
2024-03-15 03:00:00+00:00,0.1259,2.87e-05,4.734
2024-03-15 04:00:00+00:00,0.145,3.356e-05,6.938
2024-03-15 05:00:00+00:00,0.1464,2.676e-05,1.298
2024-03-15 06:00:00+00:00,0.1162,0.002573,31.81
2024-03-15 07:00:00+00:00,0.134,0.0478,29.08
2024-03-15 08:00:00+00:00,0.1321,0.2397,-2.0
2024-03-15 09:00:00+00:00,0.07855,0.4526,-2.0
2024-03-15 10:00:00+00:00,0.0482,0.6025,56.28
2024-03-15 11:00:00+00:00,0.00709,0.7026,79.06
2024-03-15 12:00:00+00:00,0.002684,0.7383,90.2
2024-03-15 13:00:00+00:00,0.02556,0.729,83.8
2024-03-15 14:00:00+00:00,0.04037,0.704,76.2
2024-03-15 15:00:00+00:00,0.00492,0.6035,70.0
2024-03-15 16:00:00+00:00,0.04465,0.386,85.8
2024-03-15 17:00:00+00:00,0.03558,0.11523,120.5
2024-03-15 18:00:00+00:00,0.01508,0.0105,130.8
2024-03-15 19:00:00+00:00,0.00645,1.56e-05,143.1
2024-03-15 20:00:00+00:00,0.0008917,3.09e-05,154.2
2024-03-15 21:00:00+00:00,0.08966,4.035e-05,141.4
2024-03-15 22:00:00+00:00,0.007122,3.39e-05,157.4
2024-03-15 23:00:00+00:00,0.00877,2.223e-05,138.8
2024-03-16 00:00:00+00:00,0.003788,1.615e-05,127.9
2024-03-16 01:00:00+00:00,0.0411,2.32e-05,122.25
2024-03-16 02:00:00+00:00,0.01028,2.32e-05,134.4
2024-03-16 03:00:00+00:00,0.0099,2.82e-05,113.8
2024-03-16 04:00:00+00:00,0.04977,2.65e-05,94.4
2024-03-16 05:00:00+00:00,0.03745,2.83e-05,105.2
2024-03-16 06:00:00+00:00,0.02472,0.004616,103.44
2024-03-16 07:00:00+00:00,0.0652,0.08105,85.1
2024-03-16 08:00:00+00:00,0.02158,0.2656,62.56
2024-03-16 09:00:00+00:00,0.04636,0.4937,45.03
2024-03-16 10:00:00+00:00,0.005222,0.6685,17.42
2024-03-16 11:00:00+00:00,0.0589,0.723,15.81
2024-03-16 12:00:00+00:00,0.02245,0.7886,36.06
2024-03-16 13:00:00+00:00,0.02548,0.7197,29.28
2024-03-16 14:00:00+00:00,0.05505,0.703,18.36
2024-03-16 15:00:00+00:00,0.0787,0.571,41.0
2024-03-16 16:00:00+00:00,0.1194,0.3774,51.94
2024-03-16 17:00:00+00:00,0.173,0.1676,80.9
2024-03-16 18:00:00+00:00,0.2947,0.0205,99.7
2024-03-16 19:00:00+00:00,0.3037,4.35e-05,108.1
2024-03-16 20:00:00+00:00,0.3142,0.0001041,107.5
2024-03-16 21:00:00+00:00,0.3164,9.71e-05,116.56
2024-03-16 22:00:00+00:00,0.3235,4.995e-05,114.75
2024-03-16 23:00:00+00:00,0.1316,4.45e-05,107.6
2024-03-17 00:00:00+00:00,0.1206,2.986e-05,116.94
2024-03-17 01:00:00+00:00,0.10144,3.02e-05,109.8
2024-03-17 02:00:00+00:00,0.08936,2.88e-05,132.0
2024-03-17 03:00:00+00:00,0.07776,2.12e-05,131.6
2024-03-17 04:00:00+00:00,0.0702,1.544e-05,91.44
2024-03-17 05:00:00+00:00,0.08234,1.25e-05,100.94
2024-03-17 06:00:00+00:00,0.2065,0.002445,105.1
2024-03-17 07:00:00+00:00,0.218,0.04324,86.44
2024-03-17 08:00:00+00:00,0.3804,0.213,56.0
2024-03-17 09:00:00+00:00,0.36,0.4314,43.56
2024-03-17 10:00:00+00:00,0.385,0.558,45.2
2024-03-17 11:00:00+00:00,0.3728,0.649,47.12
2024-03-17 12:00:00+00:00,0.443,0.663,56.94
2024-03-17 13:00:00+00:00,0.4907,0.5547,49.47
2024-03-17 14:00:00+00:00,0.529,0.509,37.78
2024-03-17 15:00:00+00:00,0.6045,0.4202,43.16
2024-03-17 16:00:00+00:00,0.6274,0.258,40.28
2024-03-17 17:00:00+00:00,0.7,0.0994,64.7
2024-03-17 18:00:00+00:00,0.8013,0.013435,75.0
2024-03-17 19:00:00+00:00,0.8433,3.22e-05,61.8
2024-03-17 20:00:00+00:00,0.8696,9.197e-05,49.9
2024-03-17 21:00:00+00:00,0.9053,8.61e-05,53.8
2024-03-17 22:00:00+00:00,0.9185,5.38e-05,59.44
2024-03-17 23:00:00+00:00,0.888,4.804e-05,66.4
2024-03-18 00:00:00+00:00,0.8745,3.046e-05,64.94
2024-03-18 01:00:00+00:00,0.8315,2.35e-05,56.66
2024-03-18 02:00:00+00:00,0.821,2.06e-05,49.94
2024-03-18 03:00:00+00:00,0.7686,2.02e-05,48.0
2024-03-18 04:00:00+00:00,0.699,1.574e-05,49.56
2024-03-18 05:00:00+00:00,0.6953,8.1e-06,64.1
2024-03-18 06:00:00+00:00,0.708,0.0011425,121.75
2024-03-18 07:00:00+00:00,0.731,0.04306,111.8
2024-03-18 08:00:00+00:00,0.769,0.1542,44.5
2024-03-18 09:00:00+00:00,0.759,0.4233,30.94
2024-03-18 10:00:00+00:00,0.7104,0.5874,43.7
2024-03-18 11:00:00+00:00,0.7354,0.6865,25.12
2024-03-18 12:00:00+00:00,0.695,0.7886,35.3
2024-03-18 13:00:00+00:00,0.7173,0.6763,38.34
2024-03-18 14:00:00+00:00,0.7407,0.599,50.2
2024-03-18 15:00:00+00:00,0.6123,0.497,46.97
2024-03-18 16:00:00+00:00,0.633,0.339,47.22
2024-03-18 17:00:00+00:00,0.659,0.1312,67.8
2024-03-18 18:00:00+00:00,0.6533,0.0164,76.0
2024-03-18 19:00:00+00:00,0.7095,3.72e-05,75.94
2024-03-18 20:00:00+00:00,0.762,8.15e-05,77.1
2024-03-18 21:00:00+00:00,0.784,7.25e-05,77.5
2024-03-18 22:00:00+00:00,0.8438,3.57e-05,55.56
2024-03-18 23:00:00+00:00,0.8438,2.98e-05,48.38
2024-03-19 00:00:00+00:00,0.8267,1.264e-05,46.8
2024-03-19 01:00:00+00:00,0.8057,1.52e-05,118.8
2024-03-19 02:00:00+00:00,0.6865,1.71e-05,43.62
2024-03-19 03:00:00+00:00,0.6465,1.585e-05,44.12
2024-03-19 04:00:00+00:00,0.644,7.33e-06,56.72
2024-03-19 05:00:00+00:00,0.4946,1.46e-05,72.5
2024-03-19 06:00:00+00:00,0.4485,0.00291,80.0
2024-03-19 07:00:00+00:00,0.4128,0.08405,74.5
2024-03-19 08:00:00+00:00,0.362,0.2296,68.06
2024-03-19 09:00:00+00:00,0.2532,0.4097,63.62
2024-03-19 10:00:00+00:00,0.129,0.5605,73.56
2024-03-19 11:00:00+00:00,0.09174,0.7397,50.06
2024-03-19 12:00:00+00:00,0.02849,0.7886,64.9
2024-03-19 13:00:00+00:00,0.01396,0.785,52.72
2024-03-19 14:00:00+00:00,0.01189,0.7603,52.4
2024-03-19 15:00:00+00:00,0.02367,0.584,58.47
2024-03-19 16:00:00+00:00,0.00704,0.3926,64.4
2024-03-19 17:00:00+00:00,0.007935,0.1482,97.5
2024-03-19 18:00:00+00:00,0.00571,0.01808,100.2
2024-03-19 19:00:00+00:00,0.02202,3.18e-05,113.3
2024-03-19 20:00:00+00:00,0.02812,5.83e-05,126.4
2024-03-19 21:00:00+00:00,0.00544,5.34e-05,125.25
2024-03-19 22:00:00+00:00,0.05573,2.646e-05,129.2
2024-03-19 23:00:00+00:00,0.06177,3.135e-05,131.1
2024-03-20 00:00:00+00:00,0.04358,1.85e-05,156.1
2024-03-20 01:00:00+00:00,0.02351,1.6e-05,126.25
2024-03-20 02:00:00+00:00,0.05313,2.116e-05,120.7
2024-03-20 03:00:00+00:00,0.0519,7.87e-06,112.5
2024-03-20 04:00:00+00:00,0.0646,8e-07,136.0
2024-03-20 05:00:00+00:00,0.001944,9.06e-06,151.6
2024-03-20 06:00:00+00:00,0.007996,0.003773,146.2
2024-03-20 07:00:00+00:00,0.01461,0.0968,130.8
2024-03-20 08:00:00+00:00,0.02704,0.3086,105.3
2024-03-20 09:00:00+00:00,0.02771,0.414,95.06
2024-03-20 10:00:00+00:00,0.0413,0.4885,103.44
2024-03-20 11:00:00+00:00,0.01013,0.604,92.94
2024-03-20 12:00:00+00:00,0.00917,0.6714,67.06
2024-03-20 13:00:00+00:00,0.011894,0.6084,50.12
2024-03-20 14:00:00+00:00,0.004143,0.6035,76.06
2024-03-20 15:00:00+00:00,0.006336,0.4382,86.56
2024-03-20 16:00:00+00:00,0.0009265,0.3457,112.06
2024-03-20 17:00:00+00:00,0.02756,0.1359,145.2
2024-03-20 18:00:00+00:00,0.1099,0.01451,164.4
2024-03-20 19:00:00+00:00,0.06335,2.664e-05,192.8
2024-03-20 20:00:00+00:00,0.01846,5.22e-05,169.8
2024-03-20 21:00:00+00:00,0.004543,5.764e-05,178.2
2024-03-20 22:00:00+00:00,0.01779,3.725e-05,164.5
2024-03-20 23:00:00+00:00,0.02141,4.54e-05,166.2
2024-03-21 00:00:00+00:00,0.01918,3.17e-05,160.8
2024-03-21 01:00:00+00:00,0.01319,2.7e-05,138.4
2024-03-21 02:00:00+00:00,0.0179,3.01e-05,131.2
2024-03-21 03:00:00+00:00,0.006596,1.56e-05,149.1
2024-03-21 04:00:00+00:00,0.01199,1.21e-05,165.5
2024-03-21 05:00:00+00:00,0.0008955,2.24e-05,159.4
2024-03-21 06:00:00+00:00,0.01013,0.004242,165.2
2024-03-21 07:00:00+00:00,0.04498,0.0917,147.8
2024-03-21 08:00:00+00:00,0.0507,0.302,121.94
2024-03-21 09:00:00+00:00,0.0232,0.4153,129.9
2024-03-21 10:00:00+00:00,0.03342,0.542,116.2
2024-03-21 11:00:00+00:00,0.01067,0.6216,152.5
2024-03-21 12:00:00+00:00,0.001103,0.7354,138.9
2024-03-21 13:00:00+00:00,0.00358,0.735,107.06
2024-03-21 14:00:00+00:00,0.08655,0.6753,99.7
2024-03-21 15:00:00+00:00,0.0826,0.545,131.0
2024-03-21 16:00:00+00:00,0.09766,0.4204,120.7
2024-03-21 17:00:00+00:00,0.1785,0.183,135.1
2024-03-21 18:00:00+00:00,0.2029,0.02156,152.0
2024-03-21 19:00:00+00:00,0.2269,4.52e-05,145.6
2024-03-21 20:00:00+00:00,0.2412,7.98e-05,145.8
2024-03-21 21:00:00+00:00,0.2708,7.725e-05,143.1
2024-03-21 22:00:00+00:00,0.3293,4.685e-05,157.4
2024-03-21 23:00:00+00:00,0.3467,3.63e-05,139.2
2024-03-22 00:00:00+00:00,0.3528,1.05e-05,127.44
2024-03-22 01:00:00+00:00,0.3582,8e-06,110.4
2024-03-22 02:00:00+00:00,0.462,1.085e-05,91.4
2024-03-22 03:00:00+00:00,0.55,0.0,84.25
2024-03-22 04:00:00+00:00,0.548,1.8e-06,102.0
2024-03-22 05:00:00+00:00,0.5356,3.76e-06,97.1
2024-03-22 06:00:00+00:00,0.4883,0.001718,87.1
2024-03-22 07:00:00+00:00,0.5024,0.01859,79.3
2024-03-22 08:00:00+00:00,0.5664,0.06744,54.4
2024-03-22 09:00:00+00:00,0.6045,0.091,81.4
2024-03-22 10:00:00+00:00,0.6245,0.1437,114.7
2024-03-22 11:00:00+00:00,0.661,0.1719,90.6
2024-03-22 12:00:00+00:00,0.653,0.2147,82.25
2024-03-22 13:00:00+00:00,0.766,0.1521,71.7
2024-03-22 14:00:00+00:00,0.808,0.12384,66.8
2024-03-22 15:00:00+00:00,0.838,0.1597,54.5
2024-03-22 16:00:00+00:00,0.8506,0.1617,48.25
2024-03-22 17:00:00+00:00,0.927,0.069,72.0
2024-03-22 18:00:00+00:00,0.8833,0.011444,92.06
2024-03-22 19:00:00+00:00,0.8765,2.59e-05,111.94
2024-03-22 20:00:00+00:00,0.882,4.6e-05,106.44
2024-03-22 21:00:00+00:00,0.9272,5.007e-05,-2.0
2024-03-22 22:00:00+00:00,0.819,5.08e-05,-2.0
2024-03-22 23:00:00+00:00,0.799,4.69e-05,-2.0
2024-03-23 00:00:00+00:00,0.8115,3.42e-05,-2.0
2024-03-23 01:00:00+00:00,0.82,3.1e-05,-2.0
2024-03-23 02:00:00+00:00,0.8457,3.064e-05,-2.0
2024-03-23 03:00:00+00:00,0.856,2.337e-05,35.44
2024-03-23 04:00:00+00:00,0.885,1.75e-05,38.66
2024-03-23 05:00:00+00:00,0.863,1.687e-05,26.94
2024-03-23 06:00:00+00:00,0.85,0.00246,32.2
2024-03-23 07:00:00+00:00,0.846,0.03763,14.43
2024-03-23 08:00:00+00:00,0.849,0.1471,25.31
2024-03-23 09:00:00+00:00,0.775,0.1562,34.38
2024-03-23 10:00:00+00:00,0.709,0.3196,42.66
2024-03-23 11:00:00+00:00,0.678,0.3848,59.1
2024-03-23 12:00:00+00:00,0.6787,0.3696,38.2
2024-03-23 13:00:00+00:00,0.66,0.2537,61.7
2024-03-23 14:00:00+00:00,0.653,0.2372,49.16
2024-03-23 15:00:00+00:00,0.6587,0.1467,69.2
2024-03-23 16:00:00+00:00,0.5815,0.09,83.4
2024-03-23 17:00:00+00:00,0.5435,0.039,93.4
2024-03-23 18:00:00+00:00,0.492,0.00456,105.7
2024-03-23 19:00:00+00:00,0.4563,8.6e-06,107.3
2024-03-23 20:00:00+00:00,0.444,9.36e-06,109.1
2024-03-23 21:00:00+00:00,0.4277,8.64e-06,95.8
2024-03-23 22:00:00+00:00,0.402,2.46e-05,95.75
2024-03-23 23:00:00+00:00,0.3496,1.746e-05,75.7
2024-03-24 00:00:00+00:00,0.3118,8.4e-06,78.2
2024-03-24 01:00:00+00:00,0.07153,3.2e-06,112.94
2024-03-24 02:00:00+00:00,0.01573,7.15e-06,124.25
2024-03-24 03:00:00+00:00,0.04367,1.9e-06,111.0
2024-03-24 04:00:00+00:00,0.04877,5.1e-06,127.8
2024-03-24 05:00:00+00:00,0.05765,1.204e-05,139.5
2024-03-24 06:00:00+00:00,0.05414,0.0007586,106.06
2024-03-24 07:00:00+00:00,0.0401,0.04208,91.06
2024-03-24 08:00:00+00:00,0.0283,0.1394,91.0
2024-03-24 09:00:00+00:00,0.05035,0.1654,80.56
2024-03-24 10:00:00+00:00,0.014885,0.2896,87.2
2024-03-24 11:00:00+00:00,0.01556,0.3457,103.94
2024-03-24 12:00:00+00:00,0.003803,0.381,125.0
2024-03-24 13:00:00+00:00,0.05325,0.348,104.94
2024-03-24 14:00:00+00:00,0.00434,0.3188,118.9
2024-03-24 15:00:00+00:00,0.003944,0.2935,109.56
2024-03-24 16:00:00+00:00,0.05927,0.187,118.0
2024-03-24 17:00:00+00:00,0.0985,0.08405,115.56
2024-03-24 18:00:00+00:00,0.00834,0.01114,117.9
2024-03-24 19:00:00+00:00,0.00605,2.27e-05,138.4
2024-03-24 20:00:00+00:00,0.03888,5.51e-05,126.75
2024-03-24 21:00:00+00:00,0.02667,5.513e-05,106.6
2024-03-24 22:00:00+00:00,0.02017,4.774e-05,93.94
2024-03-24 23:00:00+00:00,0.02452,2.49e-05,109.94
2024-03-25 00:00:00+00:00,0.04248,1.54e-05,105.2
2024-03-25 01:00:00+00:00,0.00609,1.943e-05,114.7
2024-03-25 02:00:00+00:00,0.0961,1.91e-05,115.5
2024-03-25 03:00:00+00:00,0.08295,1.64e-05,113.7
2024-03-25 04:00:00+00:00,0.06464,1.98e-05,123.6
2024-03-25 05:00:00+00:00,0.003145,1.98e-05,121.1
2024-03-25 06:00:00+00:00,0.03506,0.001557,123.25
2024-03-25 07:00:00+00:00,0.0211,0.05283,139.9
2024-03-25 08:00:00+00:00,0.04184,0.1918,121.4
2024-03-25 09:00:00+00:00,0.03635,0.2834,126.9
2024-03-25 10:00:00+00:00,0.04605,0.432,114.7
2024-03-25 11:00:00+00:00,0.02902,0.494,106.44
2024-03-25 12:00:00+00:00,0.01569,0.4963,107.1
2024-03-25 13:00:00+00:00,0.03775,0.5186,117.94
2024-03-25 14:00:00+00:00,0.03766,0.4734,112.8
2024-03-25 15:00:00+00:00,0.01209,0.489,114.1
2024-03-25 16:00:00+00:00,0.0496,0.2725,116.7
2024-03-25 17:00:00+00:00,0.05707,0.09875,133.5
2024-03-25 18:00:00+00:00,0.0968,0.00815,149.2
2024-03-25 19:00:00+00:00,0.10846,1.156e-05,141.2
2024-03-25 20:00:00+00:00,0.133,1.5e-05,127.6
2024-03-25 21:00:00+00:00,0.1805,1.91e-05,103.5
2024-03-25 22:00:00+00:00,0.3435,1.705e-05,89.4
2024-03-25 23:00:00+00:00,0.4084,5.7e-06,86.7
2024-03-26 00:00:00+00:00,0.408,0.0,64.6
2024-03-26 01:00:00+00:00,0.4082,0.0,65.44
2024-03-26 02:00:00+00:00,0.439,1.55e-06,58.25
2024-03-26 03:00:00+00:00,0.4592,8e-06,65.3
2024-03-26 04:00:00+00:00,0.6436,7.7e-06,64.7
2024-03-26 05:00:00+00:00,0.647,5.54e-06,100.3
2024-03-26 06:00:00+00:00,0.7905,8.85e-05,99.4
2024-03-26 07:00:00+00:00,0.756,0.02872,105.94
2024-03-26 08:00:00+00:00,0.719,0.0968,99.7
2024-03-26 09:00:00+00:00,0.635,0.0805,94.6
2024-03-26 10:00:00+00:00,0.604,0.2224,81.2
2024-03-26 11:00:00+00:00,0.579,0.2644,44.97
2024-03-26 12:00:00+00:00,0.484,0.2969,38.22
2024-03-26 13:00:00+00:00,0.371,0.378,41.7
2024-03-26 14:00:00+00:00,0.266,0.3794,63.47
2024-03-26 15:00:00+00:00,0.2551,0.3484,66.3
2024-03-26 16:00:00+00:00,0.352,0.2642,67.4
2024-03-26 17:00:00+00:00,0.416,0.1583,52.53
2024-03-26 18:00:00+00:00,0.4338,0.01458,66.5
2024-03-26 19:00:00+00:00,0.4463,3.07e-05,83.25
2024-03-26 20:00:00+00:00,0.4639,6.837e-05,75.8
2024-03-26 21:00:00+00:00,0.4294,7.063e-05,78.1
2024-03-26 22:00:00+00:00,0.4768,5.12e-05,101.0
2024-03-26 23:00:00+00:00,0.524,5.16e-05,79.7
2024-03-27 00:00:00+00:00,0.524,1.955e-05,88.2
2024-03-27 01:00:00+00:00,0.639,1.95e-05,77.3
2024-03-27 02:00:00+00:00,0.611,2.33e-05,89.5
2024-03-27 03:00:00+00:00,0.584,2.694e-05,71.6
2024-03-27 04:00:00+00:00,0.4944,1.395e-05,68.8
2024-03-27 05:00:00+00:00,0.482,1.54e-05,76.7
2024-03-27 06:00:00+00:00,0.4841,0.001648,64.9
2024-03-27 07:00:00+00:00,0.4717,0.0614,52.22
2024-03-27 08:00:00+00:00,0.4678,0.134,45.25
2024-03-27 09:00:00+00:00,0.4531,0.0984,62.66
2024-03-27 10:00:00+00:00,0.3809,0.228,57.84
2024-03-27 11:00:00+00:00,0.3342,0.2383,75.7
2024-03-27 12:00:00+00:00,0.2761,0.3013,52.5
2024-03-27 13:00:00+00:00,0.25,0.4197,42.94
2024-03-27 14:00:00+00:00,0.2595,0.3923,46.8
2024-03-27 15:00:00+00:00,0.2666,0.3274,31.88
2024-03-27 16:00:00+00:00,0.32,0.2742,50.88
2024-03-27 17:00:00+00:00,0.3706,0.1669,72.3
2024-03-27 18:00:00+00:00,0.344,0.014725,106.2
2024-03-27 19:00:00+00:00,0.331,3.22e-05,128.2
2024-03-27 20:00:00+00:00,0.299,6.34e-05,114.44
2024-03-27 21:00:00+00:00,0.2932,5.835e-05,115.56
2024-03-27 22:00:00+00:00,0.2493,3.52e-05,119.4
2024-03-27 23:00:00+00:00,0.1946,2.32e-05,126.8
2024-03-28 00:00:00+00:00,0.11523,2.2e-06,140.2
2024-03-28 01:00:00+00:00,0.1392,3.6e-07,133.1
2024-03-28 02:00:00+00:00,0.2568,7.4e-06,99.0
2024-03-28 03:00:00+00:00,0.2161,7.8e-06,98.6
2024-03-28 04:00:00+00:00,0.2456,5.6e-06,94.94
2024-03-28 05:00:00+00:00,0.2917,1.11e-05,98.0
2024-03-28 06:00:00+00:00,0.307,0.001887,89.75
2024-03-28 07:00:00+00:00,0.3167,0.05588,73.1
2024-03-28 08:00:00+00:00,0.3293,0.1741,80.06
2024-03-28 09:00:00+00:00,0.398,0.2181,86.2
2024-03-28 10:00:00+00:00,0.4114,0.3396,78.75
2024-03-28 11:00:00+00:00,0.3767,0.376,82.0
2024-03-28 12:00:00+00:00,0.37,0.4343,-2.0
2024-03-28 13:00:00+00:00,0.3445,0.5225,-2.0
2024-03-28 14:00:00+00:00,0.2896,0.386,-2.0
2024-03-28 15:00:00+00:00,0.2864,0.3323,-2.0
2024-03-28 16:00:00+00:00,0.2866,0.264,-2.0
2024-03-28 17:00:00+00:00,0.411,0.1387,-2.0
2024-03-28 18:00:00+00:00,0.454,0.01068,17.58
2024-03-28 19:00:00+00:00,0.5,1.436e-05,124.8
2024-03-28 20:00:00+00:00,0.508,5.51e-05,120.75
2024-03-28 21:00:00+00:00,0.5215,6.09e-05,94.9
2024-03-28 22:00:00+00:00,0.572,3e-05,89.56
2024-03-28 23:00:00+00:00,0.5303,3.51e-05,83.8
2024-03-29 00:00:00+00:00,0.5264,1.88e-05,56.94
2024-03-29 01:00:00+00:00,0.451,2.044e-05,61.44
2024-03-29 02:00:00+00:00,0.4492,1.925e-05,76.9
2024-03-29 03:00:00+00:00,0.39,1.997e-05,65.6
2024-03-29 04:00:00+00:00,0.3892,5.84e-06,61.6
2024-03-29 05:00:00+00:00,0.3328,6.9e-06,63.94
2024-03-29 06:00:00+00:00,0.2905,0.001594,86.56
2024-03-29 07:00:00+00:00,0.2263,0.0613,108.3
2024-03-29 08:00:00+00:00,0.2122,0.1925,96.4
2024-03-29 09:00:00+00:00,0.2284,0.312,71.2
2024-03-29 10:00:00+00:00,0.2169,0.3645,69.0
2024-03-29 11:00:00+00:00,0.2747,0.4282,-2.0
2024-03-29 12:00:00+00:00,0.3828,0.4282,58.72
2024-03-29 13:00:00+00:00,0.3242,0.4858,46.56
2024-03-29 14:00:00+00:00,0.3542,0.325,47.28
2024-03-29 15:00:00+00:00,0.3252,0.2942,59.53
2024-03-29 16:00:00+00:00,0.2615,0.293,64.2
2024-03-29 17:00:00+00:00,0.2583,0.133,86.06
2024-03-29 18:00:00+00:00,0.254,0.009346,100.2
2024-03-29 19:00:00+00:00,0.2292,2.13e-05,108.06
2024-03-29 20:00:00+00:00,0.2615,5.037e-05,86.44
2024-03-29 21:00:00+00:00,0.299,5.48e-05,93.0
2024-03-29 22:00:00+00:00,0.327,3.4e-05,78.2
2024-03-29 23:00:00+00:00,0.502,2.59e-05,58.6
2024-03-30 00:00:00+00:00,0.4746,6.3e-06,57.62
2024-03-30 01:00:00+00:00,0.431,1.1e-06,61.62
2024-03-30 02:00:00+00:00,0.4194,9.95e-06,57.8
2024-03-30 03:00:00+00:00,0.3442,1.633e-05,81.0
2024-03-30 04:00:00+00:00,0.3003,7.8e-06,61.38
2024-03-30 05:00:00+00:00,0.2979,1.335e-05,52.4
2024-03-30 06:00:00+00:00,0.3616,0.002018,42.25
2024-03-30 07:00:00+00:00,0.3643,0.04773,22.44
2024-03-30 08:00:00+00:00,0.3591,0.15,28.5
2024-03-30 09:00:00+00:00,0.3506,0.2491,18.58
2024-03-30 10:00:00+00:00,0.2908,0.35,17.55
2024-03-30 11:00:00+00:00,0.3022,0.4294,8.12
2024-03-30 12:00:00+00:00,0.3555,0.456,-2.0
2024-03-30 13:00:00+00:00,0.2742,0.4697,-2.0
2024-03-30 14:00:00+00:00,0.2917,0.4075,4.953
2024-03-30 15:00:00+00:00,0.2286,0.3713,-2.0
2024-03-30 16:00:00+00:00,0.1671,0.3225,18.66
2024-03-30 17:00:00+00:00,0.1897,0.1274,61.62
2024-03-30 18:00:00+00:00,0.155,0.007305,82.3
2024-03-30 19:00:00+00:00,0.08124,1.54e-05,103.3
2024-03-30 20:00:00+00:00,0.06287,3.86e-05,100.4
2024-03-30 21:00:00+00:00,0.0008235,3.797e-05,117.3
2024-03-30 22:00:00+00:00,0.02014,2.98e-05,116.4
2024-03-30 23:00:00+00:00,0.012596,1.913e-05,97.6
2024-03-31 00:00:00+00:00,0.00792,1.31e-05,99.8
2024-03-31 01:00:00+00:00,0.0351,1.52e-05,107.8
2024-03-31 02:00:00+00:00,0.00597,2.164e-05,89.2
2024-03-31 03:00:00+00:00,0.002644,2.277e-05,71.44
2024-03-31 04:00:00+00:00,0.003956,1.9e-05,55.44
2024-03-31 05:00:00+00:00,0.01593,3.23e-05,40.53
2024-03-31 06:00:00+00:00,0.006824,0.006424,34.25
2024-03-31 07:00:00+00:00,0.02855,0.1062,31.62
2024-03-31 08:00:00+00:00,0.0218,0.2898,21.02
2024-03-31 09:00:00+00:00,0.01452,0.418,30.34
2024-03-31 10:00:00+00:00,0.00785,0.5093,12.34
2024-03-31 11:00:00+00:00,0.02095,0.5405,16.94
2024-03-31 12:00:00+00:00,0.0377,0.4692,22.4
2024-03-31 13:00:00+00:00,0.01723,0.4453,31.98
2024-03-31 14:00:00+00:00,0.01218,0.3535,52.53
2024-03-31 15:00:00+00:00,0.012596,0.3337,51.88
2024-03-31 16:00:00+00:00,0.005295,0.2644,56.88
2024-03-31 17:00:00+00:00,0.0536,0.09045,85.94
2024-03-31 18:00:00+00:00,0.01442,0.002571,116.8
2024-03-31 19:00:00+00:00,0.00896,0.0,114.3
2024-03-31 20:00:00+00:00,0.003435,1.645e-05,97.75
2024-03-31 21:00:00+00:00,0.005898,0.0,112.8
2024-03-31 22:00:00+00:00,0.1013,1.62e-05,110.94
2024-03-31 23:00:00+00:00,0.0431,0.0,102.9
2024-04-01 00:00:00+00:00,0.0373,0.0,79.5
2024-04-01 01:00:00+00:00,0.0569,0.0,76.2
2024-04-01 02:00:00+00:00,0.07916,1.2e-06,64.6
2024-04-01 03:00:00+00:00,0.09235,7.1e-06,87.7
2024-04-01 04:00:00+00:00,0.1168,3.8e-06,66.1
2024-04-01 05:00:00+00:00,0.1538,0.0005956,68.44
2024-04-01 06:00:00+00:00,0.0794,0.0488,67.56
2024-04-01 07:00:00+00:00,0.07275,0.1681,57.1
2024-04-01 08:00:00+00:00,0.0742,0.303,50.72
2024-04-01 09:00:00+00:00,0.08923,0.4707,23.58
2024-04-01 10:00:00+00:00,0.1163,0.512,12.984
2024-04-01 11:00:00+00:00,0.1476,0.4998,13.13
2024-04-01 12:00:00+00:00,0.1833,0.3855,21.56
2024-04-01 13:00:00+00:00,0.2144,0.3545,19.95
2024-04-01 14:00:00+00:00,0.256,0.3215,30.23
2024-04-01 15:00:00+00:00,0.256,0.3032,29.08
2024-04-01 16:00:00+00:00,0.1908,0.2612,40.12
2024-04-01 17:00:00+00:00,0.1539,0.1614,72.9
2024-04-01 18:00:00+00:00,0.1646,0.03117,93.6
2024-04-01 19:00:00+00:00,0.221,9.6e-05,91.5
2024-04-01 20:00:00+00:00,0.2524,5.61e-05,96.4
2024-04-01 21:00:00+00:00,0.2893,2.34e-05,77.5
2024-04-01 22:00:00+00:00,0.3079,2.6e-05,81.7
2024-04-01 23:00:00+00:00,0.3115,0.0,69.8
2024-04-02 00:00:00+00:00,0.3005,3.3e-06,66.5
2024-04-02 01:00:00+00:00,0.2837,7.3e-06,49.28
2024-04-02 02:00:00+00:00,0.2908,8.17e-06,41.34
2024-04-02 03:00:00+00:00,0.3186,1.02e-05,42.06
2024-04-02 04:00:00+00:00,0.3652,1.04e-05,42.06
2024-04-02 05:00:00+00:00,0.3682,0.0009384,50.62
2024-04-02 06:00:00+00:00,0.4895,0.05487,46.6
2024-04-02 07:00:00+00:00,0.376,0.2169,-2.0
2024-04-02 08:00:00+00:00,0.3442,0.4092,22.08
2024-04-02 09:00:00+00:00,0.238,0.523,15.88
2024-04-02 10:00:00+00:00,0.232,0.586,16.55
2024-04-02 11:00:00+00:00,0.2727,0.6104,28.2
2024-04-02 12:00:00+00:00,0.3257,0.4866,30.81
2024-04-02 13:00:00+00:00,0.3193,0.4575,28.88
2024-04-02 14:00:00+00:00,0.3901,0.4458,17.55
2024-04-02 15:00:00+00:00,0.3787,0.3406,26.27
2024-04-02 16:00:00+00:00,0.3784,0.2695,54.03
2024-04-02 17:00:00+00:00,0.3584,0.1843,58.03
2024-04-02 18:00:00+00:00,0.364,0.0391,87.6
2024-04-02 19:00:00+00:00,0.3655,0.0002273,67.75
2024-04-02 20:00:00+00:00,0.346,3.356e-05,50.3
2024-04-02 21:00:00+00:00,0.338,2.26e-05,60.34
2024-04-02 22:00:00+00:00,0.3582,1.967e-05,31.23
2024-04-02 23:00:00+00:00,0.3313,0.0,15.91
2024-04-03 00:00:00+00:00,0.3262,1.8e-06,12.63
2024-04-03 01:00:00+00:00,0.368,2.26e-06,6.13
2024-04-03 02:00:00+00:00,0.4077,4.77e-06,16.2
2024-04-03 03:00:00+00:00,0.3691,3.8e-06,14.695
2024-04-03 04:00:00+00:00,0.353,5.2e-06,30.28
2024-04-03 05:00:00+00:00,0.3076,0.000662,38.7
2024-04-03 06:00:00+00:00,0.3362,0.04425,46.6
2024-04-03 07:00:00+00:00,0.2585,0.1838,27.94
2024-04-03 08:00:00+00:00,0.2059,0.3977,4.227
2024-04-03 09:00:00+00:00,0.1616,0.605,5.55
2024-04-03 10:00:00+00:00,0.1746,0.683,2.611
2024-04-03 11:00:00+00:00,0.1892,0.6885,-2.0
2024-04-03 12:00:00+00:00,0.2196,0.605,-2.0
2024-04-03 13:00:00+00:00,0.2432,0.6045,-0.676
2024-04-03 14:00:00+00:00,0.2737,0.5337,13.516
2024-04-03 15:00:00+00:00,0.3188,0.461,24.39
2024-04-03 16:00:00+00:00,0.367,0.3142,30.16
2024-04-03 17:00:00+00:00,0.3315,0.1877,39.47
2024-04-03 18:00:00+00:00,0.3555,0.03107,47.9
2024-04-03 19:00:00+00:00,0.4,0.0,47.2
2024-04-03 20:00:00+00:00,0.4592,3.356e-05,43.5
2024-04-03 21:00:00+00:00,0.3982,2.18e-05,49.06
2024-04-03 22:00:00+00:00,0.4048,1.16e-05,50.3
2024-04-03 23:00:00+00:00,0.4773,0.0,41.44
2024-04-04 00:00:00+00:00,0.495,9.9e-06,19.75
2024-04-04 01:00:00+00:00,0.483,1.156e-05,14.13
2024-04-04 02:00:00+00:00,0.4766,1.943e-05,20.12
2024-04-04 03:00:00+00:00,0.4119,1.895e-05,20.23
2024-04-04 04:00:00+00:00,0.4182,1.88e-05,45.72
2024-04-04 05:00:00+00:00,0.4094,0.0008607,68.44
2024-04-04 06:00:00+00:00,0.336,0.04227,79.75
2024-04-04 07:00:00+00:00,0.2927,0.164,53.62
2024-04-04 08:00:00+00:00,0.2476,0.3743,45.2
2024-04-04 09:00:00+00:00,0.1469,0.5977,29.5
2024-04-04 10:00:00+00:00,0.1327,0.657,6.64
2024-04-04 11:00:00+00:00,0.1385,0.717,11.19
2024-04-04 12:00:00+00:00,0.1321,0.786,-2.0
2024-04-04 13:00:00+00:00,0.1909,0.786,0.3203
2024-04-04 14:00:00+00:00,0.2286,0.7446,7.82
2024-04-04 15:00:00+00:00,0.2976,0.5537,24.42
2024-04-04 16:00:00+00:00,0.3235,0.3657,43.47
2024-04-04 17:00:00+00:00,0.2937,0.1786,76.25
2024-04-04 18:00:00+00:00,0.324,0.04385,86.0
2024-04-04 19:00:00+00:00,0.372,0.0007377,70.4
2024-04-04 20:00:00+00:00,0.3958,7.975e-05,72.75
2024-04-04 21:00:00+00:00,0.2866,2.724e-05,77.8
2024-04-04 22:00:00+00:00,0.2988,1.6e-05,57.6
2024-04-04 23:00:00+00:00,0.3057,3.46e-06,71.4
2024-04-05 00:00:00+00:00,0.3127,1.39e-05,57.1
2024-04-05 01:00:00+00:00,0.361,1.65e-05,64.2
2024-04-05 02:00:00+00:00,0.3706,1.645e-05,55.2
2024-04-05 03:00:00+00:00,0.3735,1.514e-05,51.53
2024-04-05 04:00:00+00:00,0.339,1.955e-05,67.7
2024-04-05 05:00:00+00:00,0.3357,0.001066,69.3
2024-04-05 06:00:00+00:00,0.2773,0.05533,62.78
2024-04-05 07:00:00+00:00,0.2498,0.21,51.84
2024-04-05 08:00:00+00:00,0.1874,0.4272,14.58
2024-04-05 09:00:00+00:00,0.1595,0.604,20.1
2024-04-05 10:00:00+00:00,0.1746,0.651,4.613
2024-04-05 11:00:00+00:00,0.0601,0.6685,8.65
2024-04-05 12:00:00+00:00,0.03818,0.729,-2.0
2024-04-05 13:00:00+00:00,0.04257,0.7734,-2.0
2024-04-05 14:00:00+00:00,0.03708,0.681,-2.0
2024-04-05 15:00:00+00:00,0.04883,0.6035,-2.0
2024-04-05 16:00:00+00:00,0.0072,0.429,23.81
2024-04-05 17:00:00+00:00,0.02791,0.19,72.2
2024-04-05 18:00:00+00:00,0.02635,0.04315,79.44
2024-04-05 19:00:00+00:00,0.01894,0.0008106,100.7
2024-04-05 20:00:00+00:00,0.04227,7.856e-05,84.6
2024-04-05 21:00:00+00:00,0.0715,2.81e-05,87.5
2024-04-05 22:00:00+00:00,0.05786,1.43e-05,67.2
2024-04-05 23:00:00+00:00,0.08826,0.0,92.5
2024-04-06 00:00:00+00:00,0.1096,1.49e-05,83.5
2024-04-06 01:00:00+00:00,0.1466,2.05e-05,50.75
2024-04-06 02:00:00+00:00,0.1779,1.94e-05,33.5
2024-04-06 03:00:00+00:00,0.1602,2.15e-05,34.56
2024-04-06 04:00:00+00:00,0.1635,2.41e-05,44.66
2024-04-06 05:00:00+00:00,0.11914,0.001092,61.78
2024-04-06 06:00:00+00:00,0.1493,0.06226,41.9
2024-04-06 07:00:00+00:00,0.1265,0.254,12.69
2024-04-06 08:00:00+00:00,0.1289,0.484,-2.0
2024-04-06 09:00:00+00:00,0.11395,0.6724,-2.0
2024-04-06 10:00:00+00:00,0.1158,0.7695,-2.0
2024-04-06 11:00:00+00:00,0.1368,0.806,-2.0
2024-04-06 12:00:00+00:00,0.1569,0.816,-2.0
2024-04-06 13:00:00+00:00,0.1699,0.8037,-2.0
2024-04-06 14:00:00+00:00,0.1857,0.767,-2.0
2024-04-06 15:00:00+00:00,0.2404,0.679,-2.0
2024-04-06 16:00:00+00:00,0.2756,0.5103,-2.0
2024-04-06 17:00:00+00:00,0.3325,0.2847,-2.0
2024-04-06 18:00:00+00:00,0.3909,0.0658,21.38
2024-04-06 19:00:00+00:00,0.3958,0.001245,40.66
2024-04-06 20:00:00+00:00,0.471,0.0001631,37.53
2024-04-06 21:00:00+00:00,0.4712,4.953e-05,6.047
2024-04-06 22:00:00+00:00,0.4578,4.83e-05,131.8
2024-04-06 23:00:00+00:00,0.392,1.11e-05,102.44
2024-04-07 00:00:00+00:00,0.3845,1.69e-05,108.5
2024-04-07 01:00:00+00:00,0.2874,2.825e-05,109.0
2024-04-07 02:00:00+00:00,0.2822,2.456e-05,116.25
2024-04-07 03:00:00+00:00,0.2338,2.545e-05,54.7
2024-04-07 04:00:00+00:00,0.0743,2.49e-05,67.4
2024-04-07 05:00:00+00:00,0.0535,0.001405,70.4
2024-04-07 06:00:00+00:00,0.04825,0.0732,78.0
2024-04-07 07:00:00+00:00,0.1197,0.2922,27.19
2024-04-07 08:00:00+00:00,0.1052,0.512,-2.0
2024-04-07 09:00:00+00:00,0.10657,0.6724,-2.0
2024-04-07 10:00:00+00:00,0.1125,0.7695,-2.0
2024-04-07 11:00:00+00:00,0.0734,0.806,-2.0
2024-04-07 12:00:00+00:00,0.10364,0.803,-2.0
2024-04-07 13:00:00+00:00,0.1346,0.7266,-2.0
2024-04-07 14:00:00+00:00,0.1613,0.641,-2.0
2024-04-07 15:00:00+00:00,0.3179,0.566,-2.0
2024-04-07 16:00:00+00:00,0.3438,0.387,-2.0
2024-04-07 17:00:00+00:00,0.321,0.2106,-2.0
2024-04-07 18:00:00+00:00,0.3064,0.0469,7.715
2024-04-07 19:00:00+00:00,0.2507,0.000393,28.08
2024-04-07 20:00:00+00:00,0.277,7.15e-05,21.11
2024-04-07 21:00:00+00:00,0.3313,3.356e-05,6.777
2024-04-07 22:00:00+00:00,0.3208,2.664e-05,-2.0
2024-04-07 23:00:00+00:00,0.408,6.2e-06,-2.0
2024-04-08 00:00:00+00:00,0.41,7.5e-06,-2.0
2024-04-08 01:00:00+00:00,0.4016,6.14e-06,-2.0
2024-04-08 02:00:00+00:00,0.399,1.08e-05,-2.0
2024-04-08 03:00:00+00:00,0.311,1.64e-05,-2.0
2024-04-08 04:00:00+00:00,0.3342,1.69e-05,-2.0
2024-04-08 05:00:00+00:00,0.3384,0.0012455,3.814
2024-04-08 06:00:00+00:00,0.3647,0.0674,8.875
2024-04-08 07:00:00+00:00,0.3281,0.2874,1.145
2024-04-08 08:00:00+00:00,0.2954,0.5103,-2.0
2024-04-08 09:00:00+00:00,0.3855,0.6016,-2.0
2024-04-08 10:00:00+00:00,0.3735,0.7354,-2.0
2024-04-08 11:00:00+00:00,0.3572,0.7183,-2.0
2024-04-08 12:00:00+00:00,0.3936,0.6514,-2.0
2024-04-08 13:00:00+00:00,0.406,0.6045,5.688
2024-04-08 14:00:00+00:00,0.47,0.567,0.3618
2024-04-08 15:00:00+00:00,0.511,0.564,0.2715
2024-04-08 16:00:00+00:00,0.545,0.3608,-2.0
2024-04-08 17:00:00+00:00,0.552,0.231,24.66
2024-04-08 18:00:00+00:00,0.596,0.04587,33.1
2024-04-08 19:00:00+00:00,0.614,0.0002356,28.53
2024-04-08 20:00:00+00:00,0.6455,5.38e-05,-2.0
2024-04-08 21:00:00+00:00,0.6436,3.92e-05,-2.0
2024-04-08 22:00:00+00:00,0.626,3.12e-05,-2.0
2024-04-08 23:00:00+00:00,0.5664,9.66e-06,0.9023
2024-04-09 00:00:00+00:00,0.513,7.57e-06,6.574
2024-04-09 01:00:00+00:00,0.4883,5.8e-06,18.39
2024-04-09 02:00:00+00:00,0.5884,8.46e-06,-1.486
2024-04-09 03:00:00+00:00,0.6045,8.1e-06,-2.0
2024-04-09 04:00:00+00:00,0.5674,1.5e-05,18.5
2024-04-09 05:00:00+00:00,0.54,0.00066,32.56
2024-04-09 06:00:00+00:00,0.5254,0.05145,12.07
2024-04-09 07:00:00+00:00,0.4375,0.267,-2.0
2024-04-09 08:00:00+00:00,0.3665,0.4993,-2.0
2024-04-09 09:00:00+00:00,0.316,0.6235,-2.0
2024-04-09 10:00:00+00:00,0.2585,0.7695,-2.0
2024-04-09 11:00:00+00:00,0.255,0.795,-2.0
2024-04-09 12:00:00+00:00,0.2323,0.801,-2.0
2024-04-09 13:00:00+00:00,0.2415,0.8037,-2.0
2024-04-09 14:00:00+00:00,0.2837,0.7217,-2.0
2024-04-09 15:00:00+00:00,0.2896,0.679,-2.0
2024-04-09 16:00:00+00:00,0.2888,0.5103,-2.0
2024-04-09 17:00:00+00:00,0.168,0.2861,36.94
2024-04-09 18:00:00+00:00,0.192,0.05673,67.6
2024-04-09 19:00:00+00:00,0.1987,0.000357,65.9
2024-04-09 20:00:00+00:00,0.1742,4.524e-05,51.28
2024-04-09 21:00:00+00:00,0.1646,3.64e-05,40.7
2024-04-09 22:00:00+00:00,0.16,2.41e-05,38.03
2024-04-09 23:00:00+00:00,0.1288,7.7e-06,50.44
2024-04-10 00:00:00+00:00,0.1133,2.74e-06,32.3
2024-04-10 01:00:00+00:00,0.0212,3.16e-06,40.56
2024-04-10 02:00:00+00:00,0.02142,4.53e-06,36.78
2024-04-10 03:00:00+00:00,0.01322,1.09e-05,22.47
2024-04-10 04:00:00+00:00,0.002922,1.574e-05,31.25
2024-04-10 05:00:00+00:00,0.0217,0.0005603,59.06
2024-04-10 06:00:00+00:00,0.01808,0.0316,68.7
2024-04-10 07:00:00+00:00,0.05338,0.1697,59.3
2024-04-10 08:00:00+00:00,0.03244,0.384,15.09
2024-04-10 09:00:00+00:00,0.01651,0.507,16.4
2024-04-10 10:00:00+00:00,0.02853,0.5293,18.0
2024-04-10 11:00:00+00:00,0.02303,0.5815,18.95
2024-04-10 12:00:00+00:00,0.0257,0.585,14.52
2024-04-10 13:00:00+00:00,0.1409,0.597,-2.0
2024-04-10 14:00:00+00:00,0.157,0.5225,13.04
2024-04-10 15:00:00+00:00,0.1263,0.4692,6.766
2024-04-10 16:00:00+00:00,0.1284,0.388,15.69
2024-04-10 17:00:00+00:00,0.1583,0.2123,53.9
2024-04-10 18:00:00+00:00,0.2028,0.04025,91.25
2024-04-10 19:00:00+00:00,0.2085,0.0001752,95.25
2024-04-10 20:00:00+00:00,0.2043,3.356e-05,73.3
2024-04-10 21:00:00+00:00,0.1866,1.717e-05,60.72
2024-04-10 22:00:00+00:00,0.149,0.0,69.06
2024-04-10 23:00:00+00:00,0.1443,0.0,55.12
2024-04-11 00:00:00+00:00,0.1017,0.0,48.2
2024-04-11 01:00:00+00:00,0.11414,0.0,51.66
2024-04-11 02:00:00+00:00,0.2274,0.0,29.11
2024-04-11 03:00:00+00:00,0.2296,3.9e-06,33.6
2024-04-11 04:00:00+00:00,0.318,9.8e-06,13.51
2024-04-11 05:00:00+00:00,0.43,0.000369,43.44
2024-04-11 06:00:00+00:00,0.4526,0.03586,17.81
2024-04-11 07:00:00+00:00,0.527,0.2133,5.035
2024-04-11 08:00:00+00:00,0.4924,0.4248,-2.0
2024-04-11 09:00:00+00:00,0.4807,0.5312,-2.0
2024-04-11 10:00:00+00:00,0.4558,0.524,-2.0
2024-04-11 11:00:00+00:00,0.4297,0.615,-2.0
2024-04-11 12:00:00+00:00,0.4436,0.5684,-2.0
2024-04-11 13:00:00+00:00,0.3374,0.5903,-2.0
2024-04-11 14:00:00+00:00,0.358,0.5933,-2.0
2024-04-11 15:00:00+00:00,0.3542,0.5303,-2.0
2024-04-11 16:00:00+00:00,0.2764,0.4194,-2.0
2024-04-11 17:00:00+00:00,0.076,0.2747,9.19
2024-04-11 18:00:00+00:00,0.1344,0.05682,38.7
2024-04-11 19:00:00+00:00,0.1475,0.000359,55.44
2024-04-11 20:00:00+00:00,0.1975,0.0001136,31.22
2024-04-11 21:00:00+00:00,0.267,4.34e-05,23.88
2024-04-11 22:00:00+00:00,0.3315,1.764e-05,22.3
2024-04-11 23:00:00+00:00,0.3777,2.1e-06,27.23
2024-04-12 00:00:00+00:00,0.3594,3.9e-06,9.0
2024-04-12 01:00:00+00:00,0.311,1.06e-05,10.9
2024-04-12 02:00:00+00:00,0.3093,1.025e-05,21.27
2024-04-12 03:00:00+00:00,0.2622,1.31e-05,-2.0
2024-04-12 04:00:00+00:00,0.3137,1.64e-05,3.227
2024-04-12 05:00:00+00:00,0.344,0.0005617,7.77
2024-04-12 06:00:00+00:00,0.3765,0.0457,-1.224
2024-04-12 07:00:00+00:00,0.4587,0.2255,-2.0
2024-04-12 08:00:00+00:00,0.4404,0.442,-2.0
2024-04-12 09:00:00+00:00,0.4614,0.5854,-2.0
2024-04-12 10:00:00+00:00,0.4624,0.6597,-2.0
2024-04-12 11:00:00+00:00,0.4773,0.719,-2.0
2024-04-12 12:00:00+00:00,0.596,0.66,-2.0
2024-04-12 13:00:00+00:00,0.61,0.653,-2.0
2024-04-12 14:00:00+00:00,0.6084,0.675,-2.0
2024-04-12 15:00:00+00:00,0.561,0.588,-2.0
2024-04-12 16:00:00+00:00,0.597,0.4365,-2.0
2024-04-12 17:00:00+00:00,0.648,0.2416,-2.0
2024-04-12 18:00:00+00:00,0.6113,0.04156,-2.0
2024-04-12 19:00:00+00:00,0.6104,0.0,-2.0
2024-04-12 20:00:00+00:00,0.578,9.453e-05,60.25
2024-04-12 21:00:00+00:00,0.57,4.447e-05,42.12
2024-04-12 22:00:00+00:00,0.56,2.59e-05,42.3
2024-04-12 23:00:00+00:00,0.555,7.75e-06,11.32
2024-04-13 00:00:00+00:00,0.5195,3.4e-06,4.895
2024-04-13 01:00:00+00:00,0.5107,0.0,1.765
2024-04-13 02:00:00+00:00,0.4905,8.3e-07,27.31
2024-04-13 03:00:00+00:00,0.4802,2e-06,23.83
2024-04-13 04:00:00+00:00,0.4778,0.0,33.84
2024-04-13 05:00:00+00:00,0.4365,0.0002856,25.9
2024-04-13 06:00:00+00:00,0.4158,0.02518,1.041
2024-04-13 07:00:00+00:00,0.3838,0.1526,-2.0
2024-04-13 08:00:00+00:00,0.3013,0.351,-2.0
2024-04-13 09:00:00+00:00,0.223,0.4868,-2.0
2024-04-13 10:00:00+00:00,0.2047,0.561,-2.0
2024-04-13 11:00:00+00:00,0.11304,0.65,-2.0
2024-04-13 12:00:00+00:00,0.1542,0.593,-2.0
2024-04-13 13:00:00+00:00,0.2063,0.5347,-2.0
2024-04-13 14:00:00+00:00,0.2241,0.458,-2.0
2024-04-13 15:00:00+00:00,0.2178,0.4583,-2.0
2024-04-13 16:00:00+00:00,0.2249,0.3938,-0.004913
2024-04-13 17:00:00+00:00,0.2385,0.2214,14.81
2024-04-13 18:00:00+00:00,0.2474,0.03915,51.1
2024-04-13 19:00:00+00:00,0.2517,0.0,41.0
2024-04-13 20:00:00+00:00,0.2227,0.0001072,34.8
2024-04-13 21:00:00+00:00,0.2194,4.9e-05,5.434
2024-04-13 22:00:00+00:00,0.2319,3.445e-05,13.305
2024-04-13 23:00:00+00:00,0.2322,7.87e-06,-2.0
2024-04-14 00:00:00+00:00,0.245,0.0,-2.0
2024-04-14 01:00:00+00:00,0.2712,0.0,-2.0
2024-04-14 02:00:00+00:00,0.3037,3e-07,13.05
2024-04-14 03:00:00+00:00,0.2808,5.3e-06,7.137
2024-04-14 04:00:00+00:00,0.2559,1.43e-06,2.457
2024-04-14 05:00:00+00:00,0.2395,0.0001365,-2.0
2024-04-14 06:00:00+00:00,0.282,0.01421,-2.0
2024-04-14 07:00:00+00:00,0.3171,0.09467,-2.0
2024-04-14 08:00:00+00:00,0.2957,0.1827,-2.0
2024-04-14 09:00:00+00:00,0.2666,0.2668,-2.0
2024-04-14 10:00:00+00:00,0.2052,0.3604,-2.0
2024-04-14 11:00:00+00:00,0.174,0.4536,-2.0
2024-04-14 12:00:00+00:00,0.1486,0.4854,-2.0
2024-04-14 13:00:00+00:00,0.1697,0.4578,-2.0
2024-04-14 14:00:00+00:00,0.249,0.4646,-2.0
2024-04-14 15:00:00+00:00,0.2566,0.4902,-2.0
2024-04-14 16:00:00+00:00,0.2507,0.3318,-2.0
2024-04-14 17:00:00+00:00,0.2612,0.1658,-2.0
2024-04-14 18:00:00+00:00,0.2466,0.03564,-2.0
2024-04-14 19:00:00+00:00,0.3577,0.000521,-2.0
2024-04-14 20:00:00+00:00,0.4475,0.0001315,2.068
2024-04-14 21:00:00+00:00,0.58,4.95e-05,-2.0
2024-04-14 22:00:00+00:00,0.6,5.18e-05,9.36
2024-04-14 23:00:00+00:00,0.603,2.25e-05,-2.0
2024-04-15 00:00:00+00:00,0.615,1.54e-05,1.018
2024-04-15 01:00:00+00:00,0.6655,1.18e-05,2.57
2024-04-15 02:00:00+00:00,0.5605,1.04e-05,5.35
2024-04-15 03:00:00+00:00,0.5547,8.94e-06,-2.0
2024-04-15 04:00:00+00:00,0.5493,8.64e-06,2.533
2024-04-15 05:00:00+00:00,0.547,0.0007973,10.57
2024-04-15 06:00:00+00:00,0.5464,0.05316,10.44
2024-04-15 07:00:00+00:00,0.537,0.2206,0.903
2024-04-15 08:00:00+00:00,0.513,0.399,-2.0
2024-04-15 09:00:00+00:00,0.528,0.4436,-2.0
2024-04-15 10:00:00+00:00,0.613,0.4058,-2.0
2024-04-15 11:00:00+00:00,0.661,0.4304,-2.0
2024-04-15 12:00:00+00:00,0.6357,0.4377,-2.0
2024-04-15 13:00:00+00:00,0.583,0.4521,-2.0
2024-04-15 14:00:00+00:00,0.541,0.519,-2.0
2024-04-15 15:00:00+00:00,0.5317,0.525,-2.0
2024-04-15 16:00:00+00:00,0.528,0.3992,-2.0
2024-04-15 17:00:00+00:00,0.4905,0.2195,-2.0
2024-04-15 18:00:00+00:00,0.4055,0.0465,19.61
2024-04-15 19:00:00+00:00,0.39,0.001202,38.97
2024-04-15 20:00:00+00:00,0.3374,0.0002006,3.734
2024-04-15 21:00:00+00:00,0.2446,4.953e-05,29.88
2024-04-15 22:00:00+00:00,0.05804,6.12e-05,59.53
2024-04-15 23:00:00+00:00,0.0816,2.396e-05,51.94
2024-04-16 00:00:00+00:00,0.0944,1.955e-05,44.12
2024-04-16 01:00:00+00:00,0.1367,1.55e-05,33.12
2024-04-16 02:00:00+00:00,0.0156,8.8e-06,36.5
2024-04-16 03:00:00+00:00,0.01326,1.04e-05,57.8
2024-04-16 04:00:00+00:00,0.06964,8.7e-06,41.84
2024-04-16 05:00:00+00:00,0.04095,0.000616,54.5
2024-04-16 06:00:00+00:00,0.01235,0.04663,75.1
2024-04-16 07:00:00+00:00,0.0496,0.1757,43.6
2024-04-16 08:00:00+00:00,0.0568,0.342,29.8
2024-04-16 09:00:00+00:00,0.0431,0.3767,18.94
2024-04-16 10:00:00+00:00,0.0241,0.3457,28.47
2024-04-16 11:00:00+00:00,0.002552,0.3848,26.64
2024-04-16 12:00:00+00:00,0.02907,0.41,13.55
2024-04-16 13:00:00+00:00,0.02927,0.3623,2.414
2024-04-16 14:00:00+00:00,0.003649,0.4985,2.512
2024-04-16 15:00:00+00:00,0.0666,0.5044,0.817
2024-04-16 16:00:00+00:00,0.007477,0.392,31.81
2024-04-16 17:00:00+00:00,0.002934,0.2025,63.62
2024-04-16 18:00:00+00:00,0.05286,0.03955,89.25
2024-04-16 19:00:00+00:00,0.018,0.0008726,93.8
2024-04-16 20:00:00+00:00,0.008286,0.0001736,67.8
2024-04-16 21:00:00+00:00,0.02676,4.876e-05,87.4
2024-04-16 22:00:00+00:00,0.02106,6.276e-05,80.06
2024-04-16 23:00:00+00:00,0.00199,2.93e-05,76.4
2024-04-17 00:00:00+00:00,0.002571,2.265e-05,54.97
2024-04-17 01:00:00+00:00,0.08575,2.47e-05,22.05
2024-04-17 02:00:00+00:00,0.02654,1.8e-05,28.88
2024-04-17 03:00:00+00:00,0.032,1.44e-05,31.69
2024-04-17 04:00:00+00:00,0.01738,8.9e-06,41.16
2024-04-17 05:00:00+00:00,0.00931,0.000561,56.9
2024-04-17 06:00:00+00:00,0.03473,0.0468,74.7
2024-04-17 07:00:00+00:00,0.02184,0.1749,83.4
2024-04-17 08:00:00+00:00,0.01424,0.3452,55.3
2024-04-17 09:00:00+00:00,0.05313,0.387,42.38
2024-04-17 10:00:00+00:00,0.06146,0.456,34.56
2024-04-17 11:00:00+00:00,0.1079,0.515,34.94
2024-04-17 12:00:00+00:00,0.11145,0.553,27.66
2024-04-17 13:00:00+00:00,0.1301,0.533,19.17
2024-04-17 14:00:00+00:00,0.126,0.563,-1.77
2024-04-17 15:00:00+00:00,0.1475,0.5127,17.0
2024-04-17 16:00:00+00:00,0.1414,0.4014,47.38
2024-04-17 17:00:00+00:00,0.1658,0.2137,65.56
2024-04-17 18:00:00+00:00,0.2037,0.0551,56.22
2024-04-17 19:00:00+00:00,0.2476,0.001131,55.78
2024-04-17 20:00:00+00:00,0.2517,0.0002038,35.22
2024-04-17 21:00:00+00:00,0.2476,4.953e-05,41.38
2024-04-17 22:00:00+00:00,0.2246,6.71e-05,46.7
2024-04-17 23:00:00+00:00,0.2145,2.78e-05,36.9
2024-04-18 00:00:00+00:00,0.2096,1.967e-05,52.4
2024-04-18 01:00:00+00:00,0.2021,1.097e-05,60.4
2024-04-18 02:00:00+00:00,0.1742,2.4e-06,67.5
2024-04-18 03:00:00+00:00,0.1658,3.6e-06,31.66
2024-04-18 04:00:00+00:00,0.1675,4.3e-06,23.53
2024-04-18 05:00:00+00:00,0.231,0.000252,26.8
2024-04-18 06:00:00+00:00,0.2852,0.02916,33.1
2024-04-18 07:00:00+00:00,0.3157,0.1407,31.02
2024-04-18 08:00:00+00:00,0.313,0.2417,15.67
2024-04-18 09:00:00+00:00,0.313,0.3647,18.98
2024-04-18 10:00:00+00:00,0.3462,0.4546,5.914
2024-04-18 11:00:00+00:00,0.3882,0.4412,-1.547
2024-04-18 12:00:00+00:00,0.3914,0.506,-2.0
2024-04-18 13:00:00+00:00,0.4202,0.4673,-2.0
2024-04-18 14:00:00+00:00,0.4824,0.451,10.19
2024-04-18 15:00:00+00:00,0.4954,0.3284,12.1
2024-04-18 16:00:00+00:00,0.4832,0.2622,20.1
2024-04-18 17:00:00+00:00,0.5317,0.1555,5.516
2024-04-18 18:00:00+00:00,0.5293,0.04034,33.4
2024-04-18 19:00:00+00:00,0.4946,0.0005126,43.4
2024-04-18 20:00:00+00:00,0.4888,0.0001262,14.875
2024-04-18 21:00:00+00:00,0.4502,4.65e-05,17.86
2024-04-18 22:00:00+00:00,0.3489,4.5e-05,27.66
2024-04-18 23:00:00+00:00,0.342,1.395e-05,26.12
2024-04-19 00:00:00+00:00,0.2793,1.3e-05,17.02
2024-04-19 01:00:00+00:00,0.2532,6.3e-06,3.316
2024-04-19 02:00:00+00:00,0.2407,0.0,-2.0
2024-04-19 03:00:00+00:00,0.2482,0.0,-2.0
2024-04-19 04:00:00+00:00,0.2462,5.4e-07,28.61
2024-04-19 05:00:00+00:00,0.219,0.0002435,45.53
2024-04-19 06:00:00+00:00,0.1514,0.0356,36.28
2024-04-19 07:00:00+00:00,0.1163,0.1443,38.25
2024-04-19 08:00:00+00:00,0.0849,0.2556,25.72
2024-04-19 09:00:00+00:00,0.01985,0.372,6.758
2024-04-19 10:00:00+00:00,0.006912,0.501,5.21
2024-04-19 11:00:00+00:00,0.01906,0.4587,8.97
2024-04-19 12:00:00+00:00,0.01936,0.4692,9.19
2024-04-19 13:00:00+00:00,0.001489,0.469,17.75
2024-04-19 14:00:00+00:00,0.0853,0.4216,27.66
2024-04-19 15:00:00+00:00,0.0362,0.3743,30.38
2024-04-19 16:00:00+00:00,0.01779,0.3042,48.38
2024-04-19 17:00:00+00:00,0.03775,0.19,61.9
2024-04-19 18:00:00+00:00,0.01593,0.04956,92.6
2024-04-19 19:00:00+00:00,0.01935,0.001265,90.56
2024-04-19 20:00:00+00:00,0.02599,0.0001675,71.56
2024-04-19 21:00:00+00:00,0.01178,4.953e-05,59.84
2024-04-19 22:00:00+00:00,0.02965,4.94e-05,59.0
2024-04-19 23:00:00+00:00,0.04117,2.14e-05,56.84
2024-04-20 00:00:00+00:00,0.0816,1.53e-05,33.84
2024-04-20 01:00:00+00:00,0.010635,1.02e-05,26.86
2024-04-20 02:00:00+00:00,0.007687,8.7e-06,26.28
2024-04-20 03:00:00+00:00,0.0365,1.335e-05,10.19
2024-04-20 04:00:00+00:00,0.02592,1.734e-05,35.22
2024-04-20 05:00:00+00:00,0.002676,0.000626,42.16
2024-04-20 06:00:00+00:00,0.0471,0.0455,23.11
2024-04-20 07:00:00+00:00,0.00525,0.2008,20.72
2024-04-20 08:00:00+00:00,0.00676,0.357,-2.0
2024-04-20 09:00:00+00:00,0.02998,0.43,-2.0
2024-04-20 10:00:00+00:00,0.0431,0.5107,-2.0
2024-04-20 11:00:00+00:00,0.004047,0.4683,10.305
2024-04-20 12:00:00+00:00,0.006073,0.4639,33.5
2024-04-20 13:00:00+00:00,0.002295,0.4546,38.9
2024-04-20 14:00:00+00:00,0.006676,0.4385,30.53
2024-04-20 15:00:00+00:00,0.1031,0.3926,31.73
2024-04-20 16:00:00+00:00,0.005035,0.3528,46.2
2024-04-20 17:00:00+00:00,0.05286,0.2249,54.72
2024-04-20 18:00:00+00:00,0.011444,0.05347,80.4
2024-04-20 19:00:00+00:00,0.03302,0.001084,84.5
2024-04-20 20:00:00+00:00,0.02255,0.000127,82.0
2024-04-20 21:00:00+00:00,0.003464,3.994e-05,67.8
2024-04-20 22:00:00+00:00,0.006794,3.38e-05,81.7
2024-04-20 23:00:00+00:00,0.03903,1.29e-05,77.5
2024-04-21 00:00:00+00:00,0.01207,1.585e-05,73.6
2024-04-21 01:00:00+00:00,0.01698,1.01e-05,62.66
2024-04-21 02:00:00+00:00,0.118,2e-06,42.28
2024-04-21 03:00:00+00:00,0.04327,0.0,43.12
2024-04-21 04:00:00+00:00,0.05557,0.0,41.53
2024-04-21 05:00:00+00:00,0.06384,0.0,41.56
2024-04-21 06:00:00+00:00,0.0661,0.03082,32.16
2024-04-21 07:00:00+00:00,0.03,0.2041,31.67
2024-04-21 08:00:00+00:00,0.002758,0.4312,19.03
2024-04-21 09:00:00+00:00,0.12305,0.6353,-2.0
2024-04-21 10:00:00+00:00,0.00268,0.725,6.008
2024-04-21 11:00:00+00:00,0.08026,0.672,1.148
2024-04-21 12:00:00+00:00,0.1624,0.72,2.26
2024-04-21 13:00:00+00:00,0.1904,0.673,8.09
2024-04-21 14:00:00+00:00,0.1868,0.735,0.1974
2024-04-21 15:00:00+00:00,0.2303,0.679,8.49
2024-04-21 16:00:00+00:00,0.2585,0.5103,37.78
2024-04-21 17:00:00+00:00,0.2494,0.2861,66.9
2024-04-21 18:00:00+00:00,0.27,0.07526,45.72
2024-04-21 19:00:00+00:00,0.2502,0.001513,63.22
2024-04-21 20:00:00+00:00,0.2842,0.0002153,69.7
2024-04-21 21:00:00+00:00,0.2842,4.953e-05,65.25
2024-04-21 22:00:00+00:00,0.3328,5.597e-05,59.2
2024-04-21 23:00:00+00:00,0.354,2.474e-05,60.84
2024-04-22 00:00:00+00:00,0.3582,1.806e-05,29.16
2024-04-22 01:00:00+00:00,0.369,1.54e-05,-2.0
2024-04-22 02:00:00+00:00,0.356,7.57e-06,-2.0
2024-04-22 03:00:00+00:00,0.3706,1.246e-05,18.47
2024-04-22 04:00:00+00:00,0.3357,1.12e-05,33.34
2024-04-22 05:00:00+00:00,0.2727,0.0004606,52.88
2024-04-22 06:00:00+00:00,0.2598,0.04257,56.4
2024-04-22 07:00:00+00:00,0.234,0.2324,38.84
2024-04-22 08:00:00+00:00,0.2598,0.478,31.23
2024-04-22 09:00:00+00:00,0.2316,0.6553,17.23
2024-04-22 10:00:00+00:00,0.2211,0.7373,15.31
2024-04-22 11:00:00+00:00,0.2345,0.719,36.84
2024-04-22 12:00:00+00:00,0.3127,0.7217,25.81
2024-04-22 13:00:00+00:00,0.2345,0.6943,46.28
2024-04-22 14:00:00+00:00,0.2123,0.6943,33.94
2024-04-22 15:00:00+00:00,0.2264,0.6274,41.88
2024-04-22 16:00:00+00:00,0.2281,0.5103,41.28
2024-04-22 17:00:00+00:00,0.2108,0.2861,54.9
2024-04-22 18:00:00+00:00,0.2244,0.07526,70.75
2024-04-22 19:00:00+00:00,0.1976,0.001601,67.4
2024-04-22 20:00:00+00:00,0.1918,0.0002437,73.56
2024-04-22 21:00:00+00:00,0.1757,4.953e-05,73.8
2024-04-22 22:00:00+00:00,0.1564,5.78e-05,64.7
2024-04-22 23:00:00+00:00,0.1732,2.79e-05,62.16
2024-04-23 00:00:00+00:00,0.1144,1.05e-05,49.2
2024-04-23 01:00:00+00:00,0.163,8.46e-06,53.66
2024-04-23 02:00:00+00:00,0.2372,0.0,39.72
2024-04-23 03:00:00+00:00,0.4326,0.0,31.83
2024-04-23 04:00:00+00:00,0.413,0.0,49.94
2024-04-23 05:00:00+00:00,0.3745,4.673e-05,44.25
2024-04-23 06:00:00+00:00,0.3105,0.0219,63.8
2024-04-23 07:00:00+00:00,0.2747,0.1669,53.75
2024-04-23 08:00:00+00:00,0.3228,0.3555,38.53
2024-04-23 09:00:00+00:00,0.277,0.4482,49.62
2024-04-23 10:00:00+00:00,0.2095,0.5107,47.1
2024-04-23 11:00:00+00:00,0.2185,0.506,54.78
2024-04-23 12:00:00+00:00,0.2018,0.561,56.88
2024-04-23 13:00:00+00:00,0.2092,0.6074,62.62
2024-04-23 14:00:00+00:00,0.2258,0.6074,62.9
2024-04-23 15:00:00+00:00,0.2937,0.4766,55.44
2024-04-23 16:00:00+00:00,0.385,0.3564,57.6
2024-04-23 17:00:00+00:00,0.4062,0.2124,81.5
2024-04-23 18:00:00+00:00,0.358,0.05017,99.4
2024-04-23 19:00:00+00:00,0.3345,0.0007067,107.56
2024-04-23 20:00:00+00:00,0.3557,0.0001422,89.0
2024-04-23 21:00:00+00:00,0.3525,4.864e-05,72.06
2024-04-23 22:00:00+00:00,0.4143,4.19e-05,42.9
2024-04-23 23:00:00+00:00,0.413,1.615e-05,43.72
2024-04-24 00:00:00+00:00,0.4158,3.64e-06,42.03
2024-04-24 01:00:00+00:00,0.438,6.6e-06,46.47
2024-04-24 02:00:00+00:00,0.4302,1.8e-06,60.3
2024-04-24 03:00:00+00:00,0.408,4.95e-06,58.72
2024-04-24 04:00:00+00:00,0.3855,1.067e-05,50.62
2024-04-24 05:00:00+00:00,0.3484,0.0007815,58.34
2024-04-24 06:00:00+00:00,0.2974,0.0468,59.78
2024-04-24 07:00:00+00:00,0.2554,0.2375,64.44
2024-04-24 08:00:00+00:00,0.1858,0.4824,49.72
2024-04-24 09:00:00+00:00,0.1365,0.61,49.38
2024-04-24 10:00:00+00:00,0.125,0.6484,33.66
2024-04-24 11:00:00+00:00,0.10034,0.714,9.47
2024-04-24 12:00:00+00:00,0.0967,0.7285,10.98
2024-04-24 13:00:00+00:00,0.0677,0.762,16.69
2024-04-24 14:00:00+00:00,0.001287,0.766,32.03
2024-04-24 15:00:00+00:00,0.04977,0.633,39.4
2024-04-24 16:00:00+00:00,0.0851,0.4946,65.2
2024-04-24 17:00:00+00:00,0.152,0.2578,-2.0
2024-04-24 18:00:00+00:00,0.1913,0.0541,120.1
2024-04-24 19:00:00+00:00,0.2391,0.000871,114.94
2024-04-24 20:00:00+00:00,0.2544,0.0002036,106.56
2024-04-24 21:00:00+00:00,0.2537,4.953e-05,124.0
2024-04-24 22:00:00+00:00,0.1703,5.83e-05,107.44
2024-04-24 23:00:00+00:00,0.1586,2.956e-05,89.2
2024-04-25 00:00:00+00:00,0.1495,2.515e-05,77.1
2024-04-25 01:00:00+00:00,0.1514,1.585e-05,61.72
2024-04-25 02:00:00+00:00,0.1733,9.8e-06,72.6
2024-04-25 03:00:00+00:00,0.1812,1.12e-05,61.94
2024-04-25 04:00:00+00:00,0.1841,1.115e-05,72.75
2024-04-25 05:00:00+00:00,0.269,0.0008802,73.06
2024-04-25 06:00:00+00:00,0.2532,0.04526,87.4
2024-04-25 07:00:00+00:00,0.2281,0.229,78.6
2024-04-25 08:00:00+00:00,0.1777,0.4563,51.53
2024-04-25 09:00:00+00:00,0.1131,0.558,53.2
2024-04-25 10:00:00+00:00,0.1013,0.6226,21.88
2024-04-25 11:00:00+00:00,0.0977,0.673,22.45
2024-04-25 12:00:00+00:00,0.0784,0.7227,25.05
2024-04-25 13:00:00+00:00,0.0836,0.706,49.25
2024-04-25 14:00:00+00:00,0.05145,0.7065,58.8
2024-04-25 15:00:00+00:00,0.05917,0.607,67.5
2024-04-25 16:00:00+00:00,0.0514,0.5103,74.94
2024-04-25 17:00:00+00:00,0.0353,0.2705,115.7
2024-04-25 18:00:00+00:00,0.01001,0.05743,132.8
2024-04-25 19:00:00+00:00,0.03537,0.001037,111.5
2024-04-25 20:00:00+00:00,0.02173,0.0001514,110.5
2024-04-25 21:00:00+00:00,0.02066,4.953e-05,99.94
2024-04-25 22:00:00+00:00,0.01602,4.977e-05,77.7
2024-04-25 23:00:00+00:00,0.0243,2.13e-05,81.9
2024-04-26 00:00:00+00:00,0.0228,9.95e-06,68.0
2024-04-26 01:00:00+00:00,0.0579,5.84e-06,59.25
2024-04-26 02:00:00+00:00,0.00755,2.3e-06,44.75
2024-04-26 03:00:00+00:00,0.00604,3.5e-06,45.38
2024-04-26 04:00:00+00:00,0.01034,8.05e-06,63.97
2024-04-26 05:00:00+00:00,0.0499,0.0004573,76.1
2024-04-26 06:00:00+00:00,0.001257,0.03992,96.6
2024-04-26 07:00:00+00:00,0.00715,0.19,83.0
2024-04-26 08:00:00+00:00,0.0736,0.368,49.53
2024-04-26 09:00:00+00:00,0.06683,0.4695,51.53
2024-04-26 10:00:00+00:00,0.0253,0.5347,46.47
2024-04-26 11:00:00+00:00,0.02498,0.581,29.62
2024-04-26 12:00:00+00:00,0.01636,0.602,46.12
2024-04-26 13:00:00+00:00,0.004898,0.688,19.88
2024-04-26 14:00:00+00:00,0.006924,0.722,-2.0
2024-04-26 15:00:00+00:00,0.011475,0.5977,22.08
2024-04-26 16:00:00+00:00,0.015,0.473,47.12
2024-04-26 17:00:00+00:00,0.005047,0.2334,70.94
2024-04-26 18:00:00+00:00,0.1159,0.05115,94.3
2024-04-26 19:00:00+00:00,0.01964,0.000881,128.4
2024-04-26 20:00:00+00:00,0.000859,8.38e-05,122.8
2024-04-26 21:00:00+00:00,0.04517,3.32e-05,119.2
2024-04-26 22:00:00+00:00,0.00629,3.135e-05,106.3
2024-04-26 23:00:00+00:00,0.01203,7.4e-06,111.8
2024-04-27 00:00:00+00:00,0.0591,6.56e-06,87.06
2024-04-27 01:00:00+00:00,0.004074,7.33e-06,97.6
2024-04-27 02:00:00+00:00,0.04926,5.84e-06,85.8
2024-04-27 03:00:00+00:00,0.00545,2.26e-06,70.3
2024-04-27 04:00:00+00:00,0.0214,4e-06,84.25
2024-04-27 05:00:00+00:00,0.01817,0.00022,74.1
2024-04-27 06:00:00+00:00,0.00551,0.0375,63.44
2024-04-27 07:00:00+00:00,0.0931,0.2032,39.97
2024-04-27 08:00:00+00:00,0.02428,0.4053,36.6
2024-04-27 09:00:00+00:00,0.02013,0.5405,50.38
2024-04-27 10:00:00+00:00,0.0204,0.6,38.84
2024-04-27 11:00:00+00:00,0.04678,0.6484,31.1
2024-04-27 12:00:00+00:00,0.0681,0.712,29.17
2024-04-27 13:00:00+00:00,0.01398,0.627,41.38
2024-04-27 14:00:00+00:00,0.03604,0.596,20.28
2024-04-27 15:00:00+00:00,0.0088,0.5786,31.17
2024-04-27 16:00:00+00:00,0.03035,0.4976,40.16
2024-04-27 17:00:00+00:00,0.05753,0.2861,41.5
2024-04-27 18:00:00+00:00,0.09357,0.05438,95.56
2024-04-27 19:00:00+00:00,0.103,0.001097,88.1
2024-04-27 20:00:00+00:00,0.1105,0.00012064,81.8
2024-04-27 21:00:00+00:00,0.132,4.02e-05,74.7
2024-04-27 22:00:00+00:00,0.1416,3.78e-05,77.3
2024-04-27 23:00:00+00:00,0.167,1.22e-05,81.9
2024-04-28 00:00:00+00:00,0.1981,1.4e-05,75.06
2024-04-28 01:00:00+00:00,0.3464,1.27e-05,61.0
2024-04-28 02:00:00+00:00,0.4138,1.11e-05,50.06
2024-04-28 03:00:00+00:00,0.4387,7.7e-06,26.62
2024-04-28 04:00:00+00:00,0.4417,1.42e-05,38.7
2024-04-28 05:00:00+00:00,0.527,0.000811,29.7
2024-04-28 06:00:00+00:00,0.5254,0.05206,32.62
2024-04-28 07:00:00+00:00,0.5063,0.2312,9.89
2024-04-28 08:00:00+00:00,0.493,0.4734,-2.0
2024-04-28 09:00:00+00:00,0.5454,0.566,-2.0
2024-04-28 10:00:00+00:00,0.5586,0.586,-2.0
2024-04-28 11:00:00+00:00,0.5728,0.6123,-2.0
2024-04-28 12:00:00+00:00,0.558,0.696,-2.0
2024-04-28 13:00:00+00:00,0.5864,0.5513,-2.0
2024-04-28 14:00:00+00:00,0.5625,0.507,-2.0
2024-04-28 15:00:00+00:00,0.5303,0.557,8.06
2024-04-28 16:00:00+00:00,0.5156,0.3784,38.97
2024-04-28 17:00:00+00:00,0.5386,0.1873,52.8
2024-04-28 18:00:00+00:00,0.5283,0.0403,70.2
2024-04-28 19:00:00+00:00,0.4873,0.0005803,82.44
2024-04-28 20:00:00+00:00,0.4912,6.51e-05,77.6
2024-04-28 21:00:00+00:00,0.4907,2.86e-05,61.22
2024-04-28 22:00:00+00:00,0.4788,1.26e-05,-2.0
2024-04-28 23:00:00+00:00,0.561,0.0,-2.0
2024-04-29 00:00:00+00:00,0.5376,0.0,-2.0
2024-04-29 01:00:00+00:00,0.5044,0.0,44.84
2024-04-29 02:00:00+00:00,0.536,0.0,28.98
2024-04-29 03:00:00+00:00,0.532,0.0,34.16
2024-04-29 04:00:00+00:00,0.4172,0.0,65.44
2024-04-29 05:00:00+00:00,0.4106,2.32e-05,90.75
2024-04-29 06:00:00+00:00,0.4412,0.02582,98.1
2024-04-29 07:00:00+00:00,0.4302,0.2299,83.5
2024-04-29 08:00:00+00:00,0.422,0.508,51.47
2024-04-29 09:00:00+00:00,0.3923,0.6724,23.3
2024-04-29 10:00:00+00:00,0.2678,0.7695,42.75
2024-04-29 11:00:00+00:00,0.2377,0.806,30.55
2024-04-29 12:00:00+00:00,0.241,0.816,36.62
2024-04-29 13:00:00+00:00,0.2472,0.8037,43.06
2024-04-29 14:00:00+00:00,0.268,0.7324,54.0
2024-04-29 15:00:00+00:00,0.2673,0.679,38.94
2024-04-29 16:00:00+00:00,0.2842,0.5103,71.0
2024-04-29 17:00:00+00:00,0.3074,0.2861,78.7
2024-04-29 18:00:00+00:00,0.3052,0.07526,110.44
2024-04-29 19:00:00+00:00,0.3088,0.001633,114.3
2024-04-29 20:00:00+00:00,0.3147,0.0002097,115.1
2024-04-29 21:00:00+00:00,0.2988,4.953e-05,114.06
2024-04-29 22:00:00+00:00,0.2898,4.92e-05,96.75
2024-04-29 23:00:00+00:00,0.2646,1.216e-05,73.5
2024-04-30 00:00:00+00:00,0.2473,1.43e-06,84.44
2024-04-30 01:00:00+00:00,0.1802,0.0,67.1
2024-04-30 02:00:00+00:00,0.1758,0.0,68.75
2024-04-30 03:00:00+00:00,0.1725,3.93e-06,68.2
2024-04-30 04:00:00+00:00,0.1421,1.97e-06,68.1
2024-04-30 05:00:00+00:00,0.1245,0.0,97.3
2024-04-30 06:00:00+00:00,0.1186,0.01238,105.6
2024-04-30 07:00:00+00:00,0.0682,0.1549,86.75
2024-04-30 08:00:00+00:00,0.02902,0.3408,92.0
2024-04-30 09:00:00+00:00,0.011215,0.53,57.2
2024-04-30 10:00:00+00:00,0.007557,0.6333,59.62
2024-04-30 11:00:00+00:00,0.06586,0.6006,62.94
2024-04-30 12:00:00+00:00,0.1295,0.5664,55.2
2024-04-30 13:00:00+00:00,0.1727,0.5093,47.97
2024-04-30 14:00:00+00:00,0.1962,0.4321,50.78
2024-04-30 15:00:00+00:00,0.1842,0.4656,67.8
2024-04-30 16:00:00+00:00,0.1975,0.3235,85.6
2024-04-30 17:00:00+00:00,0.1516,0.209,100.56
2024-04-30 18:00:00+00:00,0.1599,0.0454,111.3
2024-04-30 19:00:00+00:00,0.1628,0.000571,106.44
2024-04-30 20:00:00+00:00,0.152,0.0001266,103.2
2024-04-30 21:00:00+00:00,0.1432,4.03e-05,104.6
2024-04-30 22:00:00+00:00,0.0769,3.505e-05,96.0
2024-04-30 23:00:00+00:00,0.04684,9.3e-06,88.4
2024-05-01 00:00:00+00:00,0.1827,1.097e-05,85.6
2024-05-01 01:00:00+00:00,0.136,0.0,99.56
2024-05-01 02:00:00+00:00,0.1316,5e-06,91.56
2024-05-01 03:00:00+00:00,0.1364,7.5e-06,98.56
2024-05-01 04:00:00+00:00,0.0929,8.6e-06,106.7
2024-05-01 05:00:00+00:00,0.0702,0.005436,99.94
2024-05-01 06:00:00+00:00,0.04694,0.0918,107.9
2024-05-01 07:00:00+00:00,0.00746,0.316,97.75
2024-05-01 08:00:00+00:00,0.007935,0.4827,72.44
2024-05-01 09:00:00+00:00,0.0478,0.6387,39.4
2024-05-01 10:00:00+00:00,0.091,0.7305,29.4
2024-05-01 11:00:00+00:00,0.0106,0.783,43.16
2024-05-01 12:00:00+00:00,0.001684,0.766,40.78
2024-05-01 13:00:00+00:00,0.01146,0.7476,21.25
2024-05-01 14:00:00+00:00,0.02783,0.7266,25.27
2024-05-01 15:00:00+00:00,0.04602,0.6646,15.58
2024-05-01 16:00:00+00:00,0.073,0.518,37.72
2024-05-01 17:00:00+00:00,0.0996,0.3176,58.8
2024-05-01 18:00:00+00:00,0.11804,0.1172,94.7
2024-05-01 19:00:00+00:00,0.1548,0.011444,111.94
2024-05-01 20:00:00+00:00,0.1594,0.0001472,78.5
2024-05-01 21:00:00+00:00,0.1614,5.16e-05,76.3
2024-05-01 22:00:00+00:00,0.1604,4.3e-05,55.22
2024-05-01 23:00:00+00:00,0.1671,1.23e-05,52.94
2024-05-02 00:00:00+00:00,0.1711,7.6e-06,39.1
2024-05-02 01:00:00+00:00,0.1771,8.17e-06,46.72
2024-05-02 02:00:00+00:00,0.1779,1.585e-05,38.56
2024-05-02 03:00:00+00:00,0.1821,1.42e-05,47.44
2024-05-02 04:00:00+00:00,0.181,1.407e-05,55.84
2024-05-02 05:00:00+00:00,0.2068,0.00803,70.44
2024-05-02 06:00:00+00:00,0.2015,0.0949,69.25
2024-05-02 07:00:00+00:00,0.1744,0.2883,64.5
2024-05-02 08:00:00+00:00,0.1385,0.4365,36.66
2024-05-02 09:00:00+00:00,0.09607,0.578,23.02
2024-05-02 10:00:00+00:00,0.05585,0.634,19.42
2024-05-02 11:00:00+00:00,0.04767,0.6772,22.11
2024-05-02 12:00:00+00:00,0.0598,0.652,20.89
2024-05-02 13:00:00+00:00,0.05765,0.631,21.17
2024-05-02 14:00:00+00:00,0.0476,0.594,28.27
2024-05-02 15:00:00+00:00,0.0473,0.5605,15.51
2024-05-02 16:00:00+00:00,0.0591,0.4517,62.6
2024-05-02 17:00:00+00:00,0.0929,0.29,80.3
2024-05-02 18:00:00+00:00,0.1285,0.08325,104.9
2024-05-02 19:00:00+00:00,0.1273,0.005596,112.5
2024-05-02 20:00:00+00:00,0.1416,5.8e-05,97.3
2024-05-02 21:00:00+00:00,0.159,2.52e-05,107.3
2024-05-02 22:00:00+00:00,0.186,1.77e-05,101.06
2024-05-02 23:00:00+00:00,0.1927,0.0,82.8
2024-05-03 00:00:00+00:00,0.2023,0.0,72.1
2024-05-03 01:00:00+00:00,0.1997,2.26e-06,67.56
2024-05-03 02:00:00+00:00,0.2225,3.5e-06,67.94
2024-05-03 03:00:00+00:00,0.2301,3.6e-07,54.3
2024-05-03 04:00:00+00:00,0.2336,9e-07,50.56
2024-05-03 05:00:00+00:00,0.2542,0.00673,60.78
2024-05-03 06:00:00+00:00,0.2146,0.09515,52.47
2024-05-03 07:00:00+00:00,0.1929,0.314,37.8
2024-05-03 08:00:00+00:00,0.147,0.5376,39.0
2024-05-03 09:00:00+00:00,0.12213,0.6816,33.62
2024-05-03 10:00:00+00:00,0.1039,0.769,36.28
2024-05-03 11:00:00+00:00,0.09174,0.799,34.12
2024-05-03 12:00:00+00:00,0.04846,0.798,30.2
2024-05-03 13:00:00+00:00,0.0589,0.792,24.53
2024-05-03 14:00:00+00:00,0.0941,0.757,14.96
2024-05-03 15:00:00+00:00,0.1332,0.6587,32.22
2024-05-03 16:00:00+00:00,0.1606,0.518,51.84
2024-05-03 17:00:00+00:00,0.2018,0.3176,69.06
2024-05-03 18:00:00+00:00,0.249,0.117,75.44
2024-05-03 19:00:00+00:00,0.2947,0.0118,88.9
2024-05-03 20:00:00+00:00,0.3667,0.0001466,71.44
2024-05-03 21:00:00+00:00,0.3818,5.126e-05,66.1
2024-05-03 22:00:00+00:00,0.412,5.144e-05,61.4
2024-05-03 23:00:00+00:00,0.4287,2.193e-05,18.95
2024-05-04 00:00:00+00:00,0.419,1.544e-05,39.0
2024-05-04 01:00:00+00:00,0.3994,9.5e-06,42.62
2024-05-04 02:00:00+00:00,0.359,8.3e-07,63.2
2024-05-04 03:00:00+00:00,0.3396,0.0,37.3
2024-05-04 04:00:00+00:00,0.3318,1.39e-05,46.84
2024-05-04 05:00:00+00:00,0.3188,0.007374,50.2
2024-05-04 06:00:00+00:00,0.2703,0.08624,53.44
2024-05-04 07:00:00+00:00,0.2893,0.253,51.88
2024-05-04 08:00:00+00:00,0.2593,0.4458,34.34
2024-05-04 09:00:00+00:00,0.2332,0.5884,34.97
2024-05-04 10:00:00+00:00,0.2502,0.752,50.7
2024-05-04 11:00:00+00:00,0.2896,0.666,48.12
2024-05-04 12:00:00+00:00,0.2969,0.6743,56.12
2024-05-04 13:00:00+00:00,0.283,0.64,30.62
2024-05-04 14:00:00+00:00,0.2727,0.5317,49.0
2024-05-04 15:00:00+00:00,0.2522,0.525,50.9
2024-05-04 16:00:00+00:00,0.2272,0.434,43.34
2024-05-04 17:00:00+00:00,0.1309,0.3176,72.9
2024-05-04 18:00:00+00:00,0.158,0.1164,106.1
2024-05-04 19:00:00+00:00,0.1617,0.01344,121.7
2024-05-04 20:00:00+00:00,0.1672,0.0001233,98.7
2024-05-04 21:00:00+00:00,0.1428,4.023e-05,109.56
2024-05-04 22:00:00+00:00,0.1375,5.43e-05,108.0
2024-05-04 23:00:00+00:00,0.1313,1.87e-05,95.6
2024-05-05 00:00:00+00:00,0.1398,1.81e-05,93.8
2024-05-05 01:00:00+00:00,0.11554,2.63e-05,90.0
2024-05-05 02:00:00+00:00,0.08966,1.85e-05,105.5
2024-05-05 03:00:00+00:00,0.0963,2.43e-05,84.75
2024-05-05 04:00:00+00:00,0.1383,3.24e-05,89.8
2024-05-05 05:00:00+00:00,0.1609,0.010254,90.56
2024-05-05 06:00:00+00:00,0.1627,0.1105,42.97
2024-05-05 07:00:00+00:00,0.1278,0.3271,32.44
2024-05-05 08:00:00+00:00,0.0986,0.5376,25.88
2024-05-05 09:00:00+00:00,0.10645,0.647,25.78
2024-05-05 10:00:00+00:00,0.1171,0.748,25.95
2024-05-05 11:00:00+00:00,0.1409,0.693,29.64
2024-05-05 12:00:00+00:00,0.1614,0.666,38.8
2024-05-05 13:00:00+00:00,0.1722,0.652,24.97
2024-05-05 14:00:00+00:00,0.1865,0.675,12.78
2024-05-05 15:00:00+00:00,0.1976,0.64,33.47
2024-05-05 16:00:00+00:00,0.2186,0.518,48.28
2024-05-05 17:00:00+00:00,0.2537,0.3176,78.0
2024-05-05 18:00:00+00:00,0.255,0.1172,120.25
2024-05-05 19:00:00+00:00,0.2686,0.01296,110.5
2024-05-05 20:00:00+00:00,0.2491,0.0001509,95.06
2024-05-05 21:00:00+00:00,0.266,3.95e-05,86.0
2024-05-05 22:00:00+00:00,0.2241,4.4e-05,72.1
2024-05-05 23:00:00+00:00,0.1573,1.4e-05,85.94
2024-05-06 00:00:00+00:00,0.12415,7.7e-06,110.0
2024-05-06 01:00:00+00:00,0.08356,7.57e-06,119.44
2024-05-06 02:00:00+00:00,0.0775,1.6e-06,105.0
2024-05-06 03:00:00+00:00,0.05707,1.4e-05,112.3
2024-05-06 04:00:00+00:00,0.04977,2.64e-05,115.06
2024-05-06 05:00:00+00:00,0.04242,0.009155,103.94
2024-05-06 06:00:00+00:00,0.02162,0.1022,84.06
2024-05-06 07:00:00+00:00,0.00668,0.308,70.94
2024-05-06 08:00:00+00:00,0.01227,0.518,53.12
2024-05-06 09:00:00+00:00,0.03165,0.582,52.84
2024-05-06 10:00:00+00:00,0.10364,0.692,33.8
2024-05-06 11:00:00+00:00,0.00268,0.685,40.66
2024-05-06 12:00:00+00:00,0.02809,0.672,35.12
2024-05-06 13:00:00+00:00,0.05243,0.682,31.67
2024-05-06 14:00:00+00:00,0.019,0.669,26.69
2024-05-06 15:00:00+00:00,0.006508,0.609,44.22
2024-05-06 16:00:00+00:00,0.003702,0.5024,58.9
2024-05-06 17:00:00+00:00,0.03354,0.3176,89.8
2024-05-06 18:00:00+00:00,0.09204,0.11346,123.1
2024-05-06 19:00:00+00:00,0.11334,0.0114,136.1
2024-05-06 20:00:00+00:00,0.1254,0.0001391,117.56
2024-05-06 21:00:00+00:00,0.1354,3.52e-05,85.25
2024-05-06 22:00:00+00:00,0.1407,4.286e-05,97.56
2024-05-06 23:00:00+00:00,0.1467,1.79e-05,62.56
2024-05-07 00:00:00+00:00,0.1476,1.51e-05,70.25
2024-05-07 01:00:00+00:00,0.1691,1.824e-05,59.94
2024-05-07 02:00:00+00:00,0.1746,1.913e-05,62.53
2024-05-07 03:00:00+00:00,0.1562,2.54e-05,38.56
2024-05-07 04:00:00+00:00,0.1643,3.24e-05,67.5
2024-05-07 05:00:00+00:00,0.151,0.01112,67.2
2024-05-07 06:00:00+00:00,0.1396,0.11304,52.72
2024-05-07 07:00:00+00:00,0.1003,0.3345,43.78
2024-05-07 08:00:00+00:00,0.05115,0.5376,126.9
2024-05-07 09:00:00+00:00,0.05072,0.661,122.9
2024-05-07 10:00:00+00:00,0.04526,0.7583,23.7
2024-05-07 11:00:00+00:00,0.03955,0.7866,13.55
2024-05-07 12:00:00+00:00,0.0473,0.77,14.59
2024-05-07 13:00:00+00:00,0.0879,0.7725,5.984
2024-05-07 14:00:00+00:00,0.1412,0.7104,26.0
2024-05-07 15:00:00+00:00,0.1686,0.6353,28.8
2024-05-07 16:00:00+00:00,0.1946,0.4722,29.86
2024-05-07 17:00:00+00:00,0.2147,0.3176,68.7
2024-05-07 18:00:00+00:00,0.252,0.1011,100.7
2024-05-07 19:00:00+00:00,0.2825,0.0073,117.25
2024-05-07 20:00:00+00:00,0.3057,9.67e-05,93.44
2024-05-07 21:00:00+00:00,0.3413,2.96e-05,75.5
2024-05-07 22:00:00+00:00,0.3662,3.55e-05,58.6
2024-05-07 23:00:00+00:00,0.3503,1.53e-05,54.53
2024-05-08 00:00:00+00:00,0.3074,1.28e-05,61.25
2024-05-08 01:00:00+00:00,0.3052,1.77e-05,53.16
2024-05-08 02:00:00+00:00,0.3057,1.53e-05,40.16
2024-05-08 03:00:00+00:00,0.3074,2.84e-05,33.88
2024-05-08 04:00:00+00:00,0.2964,2.915e-05,31.66
2024-05-08 05:00:00+00:00,0.2942,0.00999,52.38
2024-05-08 06:00:00+00:00,0.3057,0.1029,66.5
2024-05-08 07:00:00+00:00,0.2935,0.3103,60.0
2024-05-08 08:00:00+00:00,0.264,0.4895,36.84
2024-05-08 09:00:00+00:00,0.2445,0.6133,21.77
2024-05-08 10:00:00+00:00,0.2452,0.66,13.95
2024-05-08 11:00:00+00:00,0.2556,0.6714,14.484
2024-05-08 12:00:00+00:00,0.2754,0.6646,-2.0
2024-05-08 13:00:00+00:00,0.3152,0.6187,-2.0
2024-05-08 14:00:00+00:00,0.3208,0.5454,31.16
2024-05-08 15:00:00+00:00,0.3494,0.438,13.2
2024-05-08 16:00:00+00:00,0.373,0.3179,25.23
2024-05-08 17:00:00+00:00,0.4263,0.2297,36.0
2024-05-08 18:00:00+00:00,0.4468,0.0833,61.38
2024-05-08 19:00:00+00:00,0.4763,0.00675,64.44
2024-05-08 20:00:00+00:00,0.506,7.85e-05,61.62
2024-05-08 21:00:00+00:00,0.5396,2.02e-05,51.1
2024-05-08 22:00:00+00:00,0.575,2.456e-05,48.12
2024-05-08 23:00:00+00:00,0.5483,0.0,34.75
2024-05-09 00:00:00+00:00,0.546,4.35e-06,48.56
2024-05-09 01:00:00+00:00,0.534,4.95e-06,45.0
2024-05-09 02:00:00+00:00,0.54,5.8e-06,56.72
2024-05-09 03:00:00+00:00,0.5586,1.24e-05,48.78
2024-05-09 04:00:00+00:00,0.517,1.48e-05,62.4
2024-05-09 05:00:00+00:00,0.5166,0.007286,69.0
2024-05-09 06:00:00+00:00,0.4666,0.0831,70.44
2024-05-09 07:00:00+00:00,0.4543,0.2465,66.06
2024-05-09 08:00:00+00:00,0.4358,0.3857,42.06
2024-05-09 09:00:00+00:00,0.4204,0.508,23.27
2024-05-09 10:00:00+00:00,0.4138,0.5806,27.8
2024-05-09 11:00:00+00:00,0.4036,0.578,4.57
2024-05-09 12:00:00+00:00,0.4316,0.562,-2.0
2024-05-09 13:00:00+00:00,0.3994,0.4966,-2.0
2024-05-09 14:00:00+00:00,0.3926,0.5054,14.25
2024-05-09 15:00:00+00:00,0.4028,0.4373,16.92
2024-05-09 16:00:00+00:00,0.382,0.365,29.23
2024-05-09 17:00:00+00:00,0.3865,0.2395,46.72
2024-05-09 18:00:00+00:00,0.4102,0.0848,64.5
2024-05-09 19:00:00+00:00,0.4272,0.00803,76.4
2024-05-09 20:00:00+00:00,0.41,0.0001205,57.34
2024-05-09 21:00:00+00:00,0.383,3.86e-05,62.72
2024-05-09 22:00:00+00:00,0.3713,3.25e-05,58.3
2024-05-09 23:00:00+00:00,0.3523,1.28e-05,68.25
2024-05-10 00:00:00+00:00,0.3635,1.41e-05,48.44
2024-05-10 01:00:00+00:00,0.3918,1.29e-05,33.44
2024-05-10 02:00:00+00:00,0.3982,1.407e-05,61.47
2024-05-10 03:00:00+00:00,0.4287,1.21e-05,45.34
2024-05-10 04:00:00+00:00,0.5024,1.466e-05,52.06
2024-05-10 05:00:00+00:00,0.4907,0.009094,56.44
2024-05-10 06:00:00+00:00,0.4604,0.0989,51.56
2024-05-10 07:00:00+00:00,0.4075,0.2822,55.78
2024-05-10 08:00:00+00:00,0.3613,0.4321,40.8
2024-05-10 09:00:00+00:00,0.3447,0.503,23.97
2024-05-10 10:00:00+00:00,0.314,0.5635,26.89
2024-05-10 11:00:00+00:00,0.2407,0.642,9.0
2024-05-10 12:00:00+00:00,0.2329,0.615,11.125
2024-05-10 13:00:00+00:00,0.2363,0.541,24.06
2024-05-10 14:00:00+00:00,0.2355,0.508,20.08
2024-05-10 15:00:00+00:00,0.2742,0.4648,31.0
2024-05-10 16:00:00+00:00,0.2798,0.396,36.06
2024-05-10 17:00:00+00:00,0.307,0.245,33.53
2024-05-10 18:00:00+00:00,0.3442,0.0832,76.25
2024-05-10 19:00:00+00:00,0.3389,0.003723,84.0
2024-05-10 20:00:00+00:00,0.4001,9.63e-05,57.06
2024-05-10 21:00:00+00:00,0.3835,2.384e-05,63.16
2024-05-10 22:00:00+00:00,0.3325,2.4e-05,67.44
2024-05-10 23:00:00+00:00,0.3074,6.5e-06,83.94
2024-05-11 00:00:00+00:00,0.2625,1.13e-06,86.4
2024-05-11 01:00:00+00:00,0.2466,4.35e-06,82.56
2024-05-11 02:00:00+00:00,0.2424,1.18e-05,66.2
2024-05-11 03:00:00+00:00,0.2169,5.1e-06,52.4
2024-05-11 04:00:00+00:00,0.1965,1.705e-05,43.75
2024-05-11 05:00:00+00:00,0.1775,0.007442,47.3
2024-05-11 06:00:00+00:00,0.1927,0.08075,41.3
2024-05-11 07:00:00+00:00,0.1584,0.2301,40.12
2024-05-11 08:00:00+00:00,0.1404,0.329,32.72
2024-05-11 09:00:00+00:00,0.12244,0.41,41.0
2024-05-11 10:00:00+00:00,0.1006,0.4763,32.7
2024-05-11 11:00:00+00:00,0.02197,0.538,8.195
2024-05-11 12:00:00+00:00,0.09296,0.54,2.992
2024-05-11 13:00:00+00:00,0.0811,0.478,7.617
2024-05-11 14:00:00+00:00,0.08905,0.405,0.7666
2024-05-11 15:00:00+00:00,0.10846,0.333,12.94
2024-05-11 16:00:00+00:00,0.11304,0.2676,46.62
2024-05-11 17:00:00+00:00,0.1191,0.1638,72.06
2024-05-11 18:00:00+00:00,0.12115,0.0558,102.75
2024-05-11 19:00:00+00:00,0.12335,0.001602,103.8
2024-05-11 20:00:00+00:00,0.1625,2.36e-05,83.75
2024-05-11 21:00:00+00:00,0.1877,1.07e-05,69.25
2024-05-11 22:00:00+00:00,0.1998,9.7e-06,71.75
2024-05-11 23:00:00+00:00,0.2302,3.3e-06,50.94
2024-05-12 00:00:00+00:00,0.2673,9.66e-06,47.6
2024-05-12 01:00:00+00:00,0.263,1.92e-05,46.53
2024-05-12 02:00:00+00:00,0.264,2.32e-05,57.4
2024-05-12 03:00:00+00:00,0.267,1.31e-05,56.62
2024-05-12 04:00:00+00:00,0.2644,2.34e-05,54.12
2024-05-12 05:00:00+00:00,0.3342,0.01089,27.27
2024-05-12 06:00:00+00:00,0.3127,0.1167,36.97
2024-05-12 07:00:00+00:00,0.2805,0.3345,15.37
2024-05-12 08:00:00+00:00,0.265,0.4922,6.7
2024-05-12 09:00:00+00:00,0.2418,0.6216,14.055
2024-05-12 10:00:00+00:00,0.2578,0.662,-2.0
2024-05-12 11:00:00+00:00,0.2957,0.6807,-2.0
2024-05-12 12:00:00+00:00,0.31,0.6816,-2.0
2024-05-12 13:00:00+00:00,0.3167,0.7,-2.0
2024-05-12 14:00:00+00:00,0.3435,0.664,-2.0
2024-05-12 15:00:00+00:00,0.4485,0.5737,-2.0
2024-05-12 16:00:00+00:00,0.4763,0.426,4.457
2024-05-12 17:00:00+00:00,0.542,0.269,-2.0
2024-05-12 18:00:00+00:00,0.475,0.08624,18.58
2024-05-12 19:00:00+00:00,0.4822,0.006046,37.4
2024-05-12 20:00:00+00:00,0.4714,8.48e-05,28.23
2024-05-12 21:00:00+00:00,0.464,3.94e-05,124.6
2024-05-12 22:00:00+00:00,0.4558,5.52e-05,124.2
2024-05-12 23:00:00+00:00,0.449,2.26e-05,109.9
2024-05-13 00:00:00+00:00,0.3875,2.235e-05,119.75
2024-05-13 01:00:00+00:00,0.466,2.48e-05,123.3
2024-05-13 02:00:00+00:00,0.4688,2.35e-05,109.44
2024-05-13 03:00:00+00:00,0.4585,2.813e-05,112.3
2024-05-13 04:00:00+00:00,0.4912,2.02e-05,123.5
2024-05-13 05:00:00+00:00,0.4646,0.008064,132.9
2024-05-13 06:00:00+00:00,0.4368,0.09296,131.1
2024-05-13 07:00:00+00:00,0.3945,0.2795,118.6
2024-05-13 08:00:00+00:00,0.3582,0.4365,104.5
2024-05-13 09:00:00+00:00,0.3193,0.5327,100.25
2024-05-13 10:00:00+00:00,0.3284,0.5586,111.7
2024-05-13 11:00:00+00:00,0.29,0.5796,98.6
2024-05-13 12:00:00+00:00,0.3005,0.5728,96.44
2024-05-13 13:00:00+00:00,0.3027,0.601,46.78
2024-05-13 14:00:00+00:00,0.3289,0.5933,62.8
2024-05-13 15:00:00+00:00,0.3235,0.5254,57.75
2024-05-13 16:00:00+00:00,0.3313,0.4143,33.44
2024-05-13 17:00:00+00:00,0.2922,0.2585,51.75
2024-05-13 18:00:00+00:00,0.2883,0.09607,76.0
2024-05-13 19:00:00+00:00,0.294,0.01014,101.06
2024-05-13 20:00:00+00:00,0.2908,0.00015,86.7
2024-05-13 21:00:00+00:00,0.2837,6.6e-05,76.44
2024-05-13 22:00:00+00:00,0.2812,7.045e-05,60.06
2024-05-13 23:00:00+00:00,0.279,2.82e-05,49.72
2024-05-14 00:00:00+00:00,0.2764,2.474e-05,134.0
2024-05-14 01:00:00+00:00,0.2712,2.205e-05,137.8
2024-05-14 02:00:00+00:00,0.253,2.89e-05,137.1
2024-05-14 03:00:00+00:00,0.2341,2.82e-05,78.2
2024-05-14 04:00:00+00:00,0.2408,3.24e-05,89.56
2024-05-14 05:00:00+00:00,0.3115,0.01047,101.7
2024-05-14 06:00:00+00:00,0.3203,0.1012,100.1
2024-05-14 07:00:00+00:00,0.2893,0.2563,78.0
2024-05-14 08:00:00+00:00,0.2546,0.3967,80.7
2024-05-14 09:00:00+00:00,0.2451,0.4941,71.2
2024-05-14 10:00:00+00:00,0.2832,0.5137,59.4
2024-05-14 11:00:00+00:00,0.2898,0.589,71.5
2024-05-14 12:00:00+00:00,0.303,0.595,63.16
2024-05-14 13:00:00+00:00,0.3083,0.6436,44.38
2024-05-14 14:00:00+00:00,0.327,0.632,46.34
2024-05-14 15:00:00+00:00,0.3628,0.4944,36.12
2024-05-14 16:00:00+00:00,0.39,0.3796,53.44
2024-05-14 17:00:00+00:00,0.3977,0.2834,55.0
2024-05-14 18:00:00+00:00,0.4285,0.09015,73.2
2024-05-14 19:00:00+00:00,0.532,0.007687,83.25
2024-05-14 20:00:00+00:00,0.5547,0.0001258,74.0
2024-05-14 21:00:00+00:00,0.581,4.99e-05,73.0
2024-05-14 22:00:00+00:00,0.624,5.19e-05,69.44
2024-05-14 23:00:00+00:00,0.629,2.32e-05,94.1
2024-05-15 00:00:00+00:00,0.646,1.67e-05,73.94
2024-05-15 01:00:00+00:00,0.619,1.895e-05,78.6
2024-05-15 02:00:00+00:00,0.601,2.545e-05,92.1
2024-05-15 03:00:00+00:00,0.6157,2.724e-05,81.4
2024-05-15 04:00:00+00:00,0.6143,2.57e-05,89.4
2024-05-15 05:00:00+00:00,0.604,0.007427,79.25
2024-05-15 06:00:00+00:00,0.542,0.08466,80.2
2024-05-15 07:00:00+00:00,0.5557,0.2299,57.72
2024-05-15 08:00:00+00:00,0.533,0.354,50.47
2024-05-15 09:00:00+00:00,0.517,0.4683,28.38
2024-05-15 10:00:00+00:00,0.5063,0.477,42.53
2024-05-15 11:00:00+00:00,0.4963,0.5513,39.7
2024-05-15 12:00:00+00:00,0.508,0.5093,43.6
2024-05-15 13:00:00+00:00,0.5107,0.4912,64.1
2024-05-15 14:00:00+00:00,0.5034,0.503,64.1
2024-05-15 15:00:00+00:00,0.485,0.4658,89.3
2024-05-15 16:00:00+00:00,0.492,0.3667,109.4
2024-05-15 17:00:00+00:00,0.4768,0.2632,121.2
2024-05-15 18:00:00+00:00,0.4673,0.0776,157.9
2024-05-15 19:00:00+00:00,0.437,0.007694,189.9
2024-05-15 20:00:00+00:00,0.3992,0.0001039,184.1
2024-05-15 21:00:00+00:00,0.3599,3.94e-05,166.4
2024-05-15 22:00:00+00:00,0.3552,3.42e-05,144.9
2024-05-15 23:00:00+00:00,0.3464,1.425e-05,128.2
2024-05-16 00:00:00+00:00,0.3186,1.46e-05,116.8
2024-05-16 01:00:00+00:00,0.3481,1.46e-05,115.06
2024-05-16 02:00:00+00:00,0.3743,1.395e-05,110.06
2024-05-16 03:00:00+00:00,0.383,1.466e-05,107.94
2024-05-16 04:00:00+00:00,0.3892,1.216e-05,111.25
2024-05-16 05:00:00+00:00,0.3892,0.0067,143.1
2024-05-16 06:00:00+00:00,0.418,0.08026,140.6
2024-05-16 07:00:00+00:00,0.3782,0.221,124.1
2024-05-16 08:00:00+00:00,0.35,0.373,111.6
2024-05-16 09:00:00+00:00,0.3254,0.5005,109.7
2024-05-16 10:00:00+00:00,0.3306,0.488,113.3
2024-05-16 11:00:00+00:00,0.3315,0.4778,121.75
2024-05-16 12:00:00+00:00,0.328,0.3984,141.4
2024-05-16 13:00:00+00:00,0.321,0.4475,126.25
2024-05-16 14:00:00+00:00,0.3257,0.4292,115.56
2024-05-16 15:00:00+00:00,0.325,0.42,146.9
2024-05-16 16:00:00+00:00,0.2744,0.325,150.8
2024-05-16 17:00:00+00:00,0.2664,0.1973,157.8
2024-05-16 18:00:00+00:00,0.1901,0.05728,181.8
2024-05-16 19:00:00+00:00,0.1908,0.00421,174.9
2024-05-16 20:00:00+00:00,0.216,9.12e-05,164.4
2024-05-16 21:00:00+00:00,0.2178,3.43e-05,142.9
2024-05-16 22:00:00+00:00,0.2192,3.75e-05,126.25
2024-05-16 23:00:00+00:00,0.2092,1.32e-05,135.4
2024-05-17 00:00:00+00:00,0.2124,1.013e-05,110.75
2024-05-17 01:00:00+00:00,0.2108,1.305e-05,92.44
2024-05-17 02:00:00+00:00,0.2054,1.78e-05,112.5
2024-05-17 03:00:00+00:00,0.2028,1.89e-05,117.5
2024-05-17 04:00:00+00:00,0.2039,1.705e-05,109.7
2024-05-17 05:00:00+00:00,0.2524,0.00787,114.6
2024-05-17 06:00:00+00:00,0.2236,0.102,117.1
2024-05-17 07:00:00+00:00,0.1985,0.3208,104.1
2024-05-17 08:00:00+00:00,0.1301,0.5347,99.94
2024-05-17 09:00:00+00:00,0.03564,0.6816,115.44
2024-05-17 10:00:00+00:00,0.02206,0.7305,118.44
2024-05-17 11:00:00+00:00,0.0349,0.74,122.56
2024-05-17 12:00:00+00:00,0.05945,0.66,98.25
2024-05-17 13:00:00+00:00,0.05313,0.7354,100.8
2024-05-17 14:00:00+00:00,0.06183,0.649,97.25
2024-05-17 15:00:00+00:00,0.0867,0.599,98.6
2024-05-17 16:00:00+00:00,0.1193,0.444,117.56
2024-05-17 17:00:00+00:00,0.1616,0.25,134.6
2024-05-17 18:00:00+00:00,0.1696,0.08777,159.6
2024-05-17 19:00:00+00:00,0.1871,0.008,134.9
2024-05-17 20:00:00+00:00,0.202,0.00010514,128.9
2024-05-17 21:00:00+00:00,0.203,3.45e-05,130.6
2024-05-17 22:00:00+00:00,0.2097,2.056e-05,121.56
2024-05-17 23:00:00+00:00,0.2343,7.33e-06,121.3
2024-05-18 00:00:00+00:00,0.2372,3.7e-06,102.8
2024-05-18 01:00:00+00:00,0.259,3.93e-06,84.7
2024-05-18 02:00:00+00:00,0.2476,1.21e-05,76.75
2024-05-18 03:00:00+00:00,0.2491,1.824e-05,68.56
2024-05-18 04:00:00+00:00,0.2612,1.353e-05,89.5
2024-05-18 05:00:00+00:00,0.2644,0.00633,85.6
2024-05-18 06:00:00+00:00,0.25,0.0844,74.1
2024-05-18 07:00:00+00:00,0.2144,0.2917,41.7
2024-05-18 08:00:00+00:00,0.1875,0.4612,32.7
2024-05-18 09:00:00+00:00,0.1262,0.6255,37.28
2024-05-18 10:00:00+00:00,0.1153,0.6855,31.83
2024-05-18 11:00:00+00:00,0.1107,0.7314,62.72
2024-05-18 12:00:00+00:00,0.11127,0.7046,56.06
2024-05-18 13:00:00+00:00,0.08636,0.7676,55.7
2024-05-18 14:00:00+00:00,0.1,0.6846,56.8
2024-05-18 15:00:00+00:00,0.11475,0.599,73.75
2024-05-18 16:00:00+00:00,0.138,0.4475,89.2
2024-05-18 17:00:00+00:00,0.164,0.2708,131.0
2024-05-18 18:00:00+00:00,0.1864,0.0962,147.5
2024-05-18 19:00:00+00:00,0.1947,0.01231,143.4
2024-05-18 20:00:00+00:00,0.1743,0.0001366,155.1
2024-05-18 21:00:00+00:00,0.1707,4.864e-05,149.9
2024-05-18 22:00:00+00:00,0.1316,2.66e-05,130.5
2024-05-18 23:00:00+00:00,0.12274,1.8e-05,129.4
2024-05-19 00:00:00+00:00,0.1512,1.687e-05,116.75
2024-05-19 01:00:00+00:00,0.1593,1.82e-05,116.8
2024-05-19 02:00:00+00:00,0.1699,1.88e-05,121.25
2024-05-19 03:00:00+00:00,0.1713,2.29e-05,115.6
2024-05-19 04:00:00+00:00,0.1658,1.19e-05,100.94
2024-05-19 05:00:00+00:00,0.1646,0.00799,97.3
2024-05-19 06:00:00+00:00,0.1704,0.1136,82.6
2024-05-19 07:00:00+00:00,0.1442,0.3345,77.6
2024-05-19 08:00:00+00:00,0.1119,0.5376,45.78
2024-05-19 09:00:00+00:00,0.101,0.6816,36.38
2024-05-19 10:00:00+00:00,0.10126,0.769,43.78
2024-05-19 11:00:00+00:00,0.1848,0.799,39.56
2024-05-19 12:00:00+00:00,0.2183,0.798,58.72
2024-05-19 13:00:00+00:00,0.251,0.792,49.66
2024-05-19 14:00:00+00:00,0.2727,0.757,46.75
2024-05-19 15:00:00+00:00,0.305,0.6646,33.72
2024-05-19 16:00:00+00:00,0.3247,0.518,43.2
2024-05-19 17:00:00+00:00,0.3198,0.3176,62.6
2024-05-19 18:00:00+00:00,0.3403,0.1172,84.8
2024-05-19 19:00:00+00:00,0.355,0.012535,107.7
2024-05-19 20:00:00+00:00,0.3557,0.0001532,112.0
2024-05-19 21:00:00+00:00,0.3428,6.43e-05,109.0
2024-05-19 22:00:00+00:00,0.3323,4.333e-05,113.44
2024-05-19 23:00:00+00:00,0.3528,2.784e-05,128.5
2024-05-20 00:00:00+00:00,0.371,2.325e-05,127.94
2024-05-20 01:00:00+00:00,0.388,2.83e-05,92.44
2024-05-20 02:00:00+00:00,0.398,2.587e-05,97.5
2024-05-20 03:00:00+00:00,0.414,3.08e-05,89.6
2024-05-20 04:00:00+00:00,0.4275,2.22e-05,99.4
2024-05-20 05:00:00+00:00,0.4382,0.00784,116.56
2024-05-20 06:00:00+00:00,0.417,0.0897,120.0
2024-05-20 07:00:00+00:00,0.3726,0.3074,97.75
2024-05-20 08:00:00+00:00,0.3318,0.4968,83.25
2024-05-20 09:00:00+00:00,0.3018,0.642,92.25
2024-05-20 10:00:00+00:00,0.2688,0.6846,80.75
2024-05-20 11:00:00+00:00,0.2507,0.661,82.56
2024-05-20 12:00:00+00:00,0.2983,0.6816,83.94
2024-05-20 13:00:00+00:00,0.3196,0.737,52.97
2024-05-20 14:00:00+00:00,0.3318,0.7095,59.44
2024-05-20 15:00:00+00:00,0.3264,0.638,62.78
2024-05-20 16:00:00+00:00,0.3293,0.4905,62.06
2024-05-20 17:00:00+00:00,0.3198,0.3076,105.44
2024-05-20 18:00:00+00:00,0.336,0.0996,133.1
2024-05-20 19:00:00+00:00,0.3381,0.010086,137.9
2024-05-20 20:00:00+00:00,0.3303,0.0001031,120.9
2024-05-20 21:00:00+00:00,0.3352,3.743e-05,134.4
2024-05-20 22:00:00+00:00,0.3564,1.764e-05,119.1
2024-05-20 23:00:00+00:00,0.3538,1.216e-05,108.06
2024-05-21 00:00:00+00:00,0.3423,8.94e-06,97.6
2024-05-21 01:00:00+00:00,0.3484,1.71e-05,108.94
2024-05-21 02:00:00+00:00,0.3247,1.65e-05,104.9
2024-05-21 03:00:00+00:00,0.272,1.913e-05,115.56
2024-05-21 04:00:00+00:00,0.2472,1.436e-05,131.9
2024-05-21 05:00:00+00:00,0.2283,0.00506,142.9
2024-05-21 06:00:00+00:00,0.177,0.07697,148.4
2024-05-21 07:00:00+00:00,0.1346,0.2666,142.0
2024-05-21 08:00:00+00:00,0.097,0.404,126.06
2024-05-21 09:00:00+00:00,0.06744,0.52,132.5
2024-05-21 10:00:00+00:00,0.0548,0.555,130.5
2024-05-21 11:00:00+00:00,0.0675,0.5244,115.3
2024-05-21 12:00:00+00:00,0.07544,0.533,113.1
2024-05-21 13:00:00+00:00,0.08386,0.514,99.75
2024-05-21 14:00:00+00:00,0.1136,0.5005,99.6
2024-05-21 15:00:00+00:00,0.1436,0.361,115.75
2024-05-21 16:00:00+00:00,0.1515,0.285,123.94
2024-05-21 17:00:00+00:00,0.1658,0.1699,144.6
2024-05-21 18:00:00+00:00,0.1443,0.04636,166.5
2024-05-21 19:00:00+00:00,0.1396,0.001929,182.8
2024-05-21 20:00:00+00:00,0.1416,3.6e-07,149.9
2024-05-21 21:00:00+00:00,0.108,6.9e-06,148.8
2024-05-21 22:00:00+00:00,0.05548,0.0,153.1
2024-05-21 23:00:00+00:00,0.05466,0.0,149.6
2024-05-22 00:00:00+00:00,0.0614,1.13e-06,119.5
2024-05-22 01:00:00+00:00,0.0552,4.5e-06,117.1
2024-05-22 02:00:00+00:00,0.0745,4.35e-06,116.0
2024-05-22 03:00:00+00:00,0.0606,1.44e-05,143.5
2024-05-22 04:00:00+00:00,0.0589,1.246e-05,165.6
2024-05-22 05:00:00+00:00,0.0451,0.005363,159.6
2024-05-22 06:00:00+00:00,0.02896,0.06964,162.0
2024-05-22 07:00:00+00:00,0.002686,0.2524,156.9
2024-05-22 08:00:00+00:00,0.002434,0.395,112.7
2024-05-22 09:00:00+00:00,0.004498,0.4175,107.1
2024-05-22 10:00:00+00:00,0.118,0.5044,94.5
2024-05-22 11:00:00+00:00,0.00397,0.4863,119.56
2024-05-22 12:00:00+00:00,0.00881,0.558,109.9
2024-05-22 13:00:00+00:00,0.03069,0.524,103.3
2024-05-22 14:00:00+00:00,0.03592,0.508,81.3
2024-05-22 15:00:00+00:00,0.05054,0.4873,107.9
2024-05-22 16:00:00+00:00,0.0663,0.3882,112.2
2024-05-22 17:00:00+00:00,0.09033,0.2227,139.6
2024-05-22 18:00:00+00:00,0.11633,0.0772,148.2
2024-05-22 19:00:00+00:00,0.1409,0.007595,159.0
2024-05-22 20:00:00+00:00,0.1478,8.62e-05,156.4
2024-05-22 21:00:00+00:00,0.1274,3.46e-05,163.5
2024-05-22 22:00:00+00:00,0.1307,2.855e-05,137.2
2024-05-22 23:00:00+00:00,0.1604,1.97e-05,121.5
2024-05-23 00:00:00+00:00,0.1887,1.83e-05,128.5
2024-05-23 01:00:00+00:00,0.2142,2.307e-05,116.5
2024-05-23 02:00:00+00:00,0.2148,2.06e-05,98.3
2024-05-23 03:00:00+00:00,0.2162,2.47e-05,107.44
2024-05-23 04:00:00+00:00,0.2241,3.24e-05,110.0
2024-05-23 05:00:00+00:00,0.2266,0.01124,127.4
2024-05-23 06:00:00+00:00,0.2069,0.11554,114.7
2024-05-23 07:00:00+00:00,0.1534,0.3345,113.4
2024-05-23 08:00:00+00:00,0.10565,0.4924,110.1
2024-05-23 09:00:00+00:00,0.0854,0.621,126.94
2024-05-23 10:00:00+00:00,0.1081,0.762,122.5
2024-05-23 11:00:00+00:00,0.12054,0.774,118.9
2024-05-23 12:00:00+00:00,0.151,0.7676,109.44
2024-05-23 13:00:00+00:00,0.1932,0.7217,101.94
2024-05-23 14:00:00+00:00,0.2227,0.71,78.1
2024-05-23 15:00:00+00:00,0.2332,0.6646,79.6
2024-05-23 16:00:00+00:00,0.2311,0.4746,108.06
2024-05-23 17:00:00+00:00,0.2313,0.2482,110.4
2024-05-23 18:00:00+00:00,0.279,0.0833,131.6
2024-05-23 19:00:00+00:00,0.2698,0.007416,159.1
2024-05-23 20:00:00+00:00,0.2705,9.45e-05,130.1
2024-05-23 21:00:00+00:00,0.2477,4.536e-05,117.1
2024-05-23 22:00:00+00:00,0.2426,5.686e-05,114.1
2024-05-23 23:00:00+00:00,0.2411,2.843e-05,111.2
2024-05-24 00:00:00+00:00,0.2292,3.165e-05,115.4
2024-05-24 01:00:00+00:00,0.2345,2.474e-05,112.8
2024-05-24 02:00:00+00:00,0.1821,2.164e-05,119.9
2024-05-24 03:00:00+00:00,0.1687,2.617e-05,113.25
2024-05-24 04:00:00+00:00,0.1614,3.24e-05,143.1
2024-05-24 05:00:00+00:00,0.154,0.01127,153.4
2024-05-24 06:00:00+00:00,0.12054,0.11615,142.8
2024-05-24 07:00:00+00:00,0.07745,0.3267,106.56
2024-05-24 08:00:00+00:00,0.02563,0.494,100.3
2024-05-24 09:00:00+00:00,0.02443,0.655,91.25
2024-05-24 10:00:00+00:00,0.0738,0.7544,70.0
2024-05-24 11:00:00+00:00,0.09424,0.776,80.06
2024-05-24 12:00:00+00:00,0.002188,0.7183,99.4
2024-05-24 13:00:00+00:00,0.0305,0.754,103.8
2024-05-24 14:00:00+00:00,0.08563,0.757,90.0
2024-05-24 15:00:00+00:00,0.0934,0.6646,91.5
2024-05-24 16:00:00+00:00,0.01814,0.518,111.9
2024-05-24 17:00:00+00:00,0.05,0.3052,129.9
2024-05-24 18:00:00+00:00,0.0792,0.10065,140.9
2024-05-24 19:00:00+00:00,0.0867,0.012276,164.0
2024-05-24 20:00:00+00:00,0.1071,0.0001795,135.5
2024-05-24 21:00:00+00:00,0.1114,5.3e-05,119.4
2024-05-24 22:00:00+00:00,0.1368,5.11e-05,121.75
2024-05-24 23:00:00+00:00,0.1387,2.81e-05,86.2
2024-05-25 00:00:00+00:00,0.1407,2.81e-05,79.44
2024-05-25 01:00:00+00:00,0.1245,1.73e-05,80.3
2024-05-25 02:00:00+00:00,0.145,1.395e-05,93.2
2024-05-25 03:00:00+00:00,0.1497,1.68e-05,65.25
2024-05-25 04:00:00+00:00,0.1555,2e-05,85.56
2024-05-25 05:00:00+00:00,0.1749,0.0088,91.1
2024-05-25 06:00:00+00:00,0.1501,0.0926,85.44
2024-05-25 07:00:00+00:00,0.11664,0.3,71.44
2024-05-25 08:00:00+00:00,0.1432,0.4954,59.5
2024-05-25 09:00:00+00:00,0.1238,0.6816,38.12
2024-05-25 10:00:00+00:00,0.1206,0.769,46.25
2024-05-25 11:00:00+00:00,0.1624,0.799,51.12
2024-05-25 12:00:00+00:00,0.1993,0.7954,41.75
2024-05-25 13:00:00+00:00,0.2185,0.751,42.94
2024-05-25 14:00:00+00:00,0.2349,0.757,46.28
2024-05-25 15:00:00+00:00,0.2683,0.6646,60.38
2024-05-25 16:00:00+00:00,0.3096,0.518,64.8
2024-05-25 17:00:00+00:00,0.3398,0.3176,68.5
2024-05-25 18:00:00+00:00,0.423,0.1172,92.44
2024-05-25 19:00:00+00:00,0.4517,0.012474,111.44
2024-05-25 20:00:00+00:00,0.4875,0.0001844,98.4
2024-05-25 21:00:00+00:00,0.5356,5.513e-05,111.6
2024-05-25 22:00:00+00:00,0.559,5.037e-05,99.5
2024-05-25 23:00:00+00:00,0.5933,3.18e-05,103.1
2024-05-26 00:00:00+00:00,0.5435,3.24e-05,-2.0
2024-05-26 01:00:00+00:00,0.544,3e-05,-2.0
2024-05-26 02:00:00+00:00,0.5464,2.337e-05,90.3
2024-05-26 03:00:00+00:00,0.5605,2.57e-05,91.4
2024-05-26 04:00:00+00:00,0.57,2.6e-05,99.3
2024-05-26 05:00:00+00:00,0.572,0.009575,114.0
2024-05-26 06:00:00+00:00,0.5693,0.1083,79.25
2024-05-26 07:00:00+00:00,0.5146,0.3345,60.97
2024-05-26 08:00:00+00:00,0.498,0.5376,44.66
2024-05-26 09:00:00+00:00,0.4963,0.6816,2.672
2024-05-26 10:00:00+00:00,0.432,0.769,27.48
2024-05-26 11:00:00+00:00,0.43,0.799,27.84
2024-05-26 12:00:00+00:00,0.3435,0.798,51.97
2024-05-26 13:00:00+00:00,0.2944,0.792,42.97
2024-05-26 14:00:00+00:00,0.2427,0.757,33.3
2024-05-26 15:00:00+00:00,0.2583,0.6646,51.84
2024-05-26 16:00:00+00:00,0.2432,0.518,63.47
2024-05-26 17:00:00+00:00,0.2563,0.3176,97.6
2024-05-26 18:00:00+00:00,0.2861,0.11115,117.1
2024-05-26 19:00:00+00:00,0.3518,0.00972,94.25
2024-05-26 20:00:00+00:00,0.366,0.0001428,105.06
2024-05-26 21:00:00+00:00,0.3616,3.81e-05,112.5
2024-05-26 22:00:00+00:00,0.351,2.75e-05,88.2
2024-05-26 23:00:00+00:00,0.1472,1.71e-05,95.7
2024-05-27 00:00:00+00:00,0.1244,2.33e-05,126.5
2024-05-27 01:00:00+00:00,0.1172,2.78e-05,123.06
2024-05-27 02:00:00+00:00,0.11005,2.12e-05,115.6
2024-05-27 03:00:00+00:00,0.1081,1.92e-05,114.4
2024-05-27 04:00:00+00:00,0.1011,2.235e-05,135.6
2024-05-27 05:00:00+00:00,0.08655,0.00963,135.4
2024-05-27 06:00:00+00:00,0.04358,0.1167,149.2
2024-05-27 07:00:00+00:00,0.03412,0.3345,141.1
2024-05-27 08:00:00+00:00,0.014496,0.5376,123.44
2024-05-27 09:00:00+00:00,0.02283,0.6816,88.25
2024-05-27 10:00:00+00:00,0.001502,0.769,71.1
2024-05-27 11:00:00+00:00,0.00854,0.799,69.75
2024-05-27 12:00:00+00:00,0.02701,0.798,87.8
2024-05-27 13:00:00+00:00,0.02522,0.792,58.12
2024-05-27 14:00:00+00:00,0.03894,0.757,55.1
2024-05-27 15:00:00+00:00,0.07007,0.6646,69.4
2024-05-27 16:00:00+00:00,0.11444,0.518,73.06
2024-05-27 17:00:00+00:00,0.174,0.3176,103.06
2024-05-27 18:00:00+00:00,0.2323,0.1172,125.6
2024-05-27 19:00:00+00:00,0.2668,0.010475,119.3
2024-05-27 20:00:00+00:00,0.319,0.0001267,135.1
2024-05-27 21:00:00+00:00,0.3237,2.89e-05,130.2
2024-05-27 22:00:00+00:00,0.3389,1.99e-05,119.5
2024-05-27 23:00:00+00:00,0.318,1.17e-05,126.0
2024-05-28 00:00:00+00:00,0.2778,1.34e-05,126.8
2024-05-28 01:00:00+00:00,0.2852,1.72e-05,125.94
2024-05-28 02:00:00+00:00,0.2722,1.96e-05,112.0
2024-05-28 03:00:00+00:00,0.244,2.16e-05,101.1
2024-05-28 04:00:00+00:00,0.2382,2.116e-05,116.9
2024-05-28 05:00:00+00:00,0.2112,0.00861,111.8
2024-05-28 06:00:00+00:00,0.2064,0.0908,131.2
2024-05-28 07:00:00+00:00,0.166,0.3042,101.8
2024-05-28 08:00:00+00:00,0.11975,0.5376,89.7
2024-05-28 09:00:00+00:00,0.148,0.6206,64.94
2024-05-28 10:00:00+00:00,0.11945,0.744,90.2
2024-05-28 11:00:00+00:00,0.10803,0.799,80.0
2024-05-28 12:00:00+00:00,0.0947,0.798,74.94
2024-05-28 13:00:00+00:00,0.0797,0.779,72.0
2024-05-28 14:00:00+00:00,0.1116,0.6387,78.25
2024-05-28 15:00:00+00:00,0.11255,0.5474,68.2
2024-05-28 16:00:00+00:00,0.1333,0.4146,92.25
2024-05-28 17:00:00+00:00,0.1842,0.2556,111.56
2024-05-28 18:00:00+00:00,0.2302,0.09204,137.2
2024-05-28 19:00:00+00:00,0.256,0.009056,140.9
2024-05-28 20:00:00+00:00,0.2546,0.0001357,156.6
2024-05-28 21:00:00+00:00,0.2388,4.41e-05,136.0
2024-05-28 22:00:00+00:00,0.1786,3.076e-05,104.9
2024-05-28 23:00:00+00:00,0.1627,2.1e-06,107.6
2024-05-29 00:00:00+00:00,0.1862,1.85e-06,115.2
2024-05-29 01:00:00+00:00,0.1984,1.1e-05,129.6
2024-05-29 02:00:00+00:00,0.192,1.264e-05,131.5
2024-05-29 03:00:00+00:00,0.183,5.5e-06,131.9
2024-05-29 04:00:00+00:00,0.1567,5.36e-06,139.5
2024-05-29 05:00:00+00:00,0.1388,0.006046,151.1
2024-05-29 06:00:00+00:00,0.1053,0.09125,141.6
2024-05-29 07:00:00+00:00,0.0494,0.3035,142.4
2024-05-29 08:00:00+00:00,0.01991,0.5376,118.7
2024-05-29 09:00:00+00:00,0.03516,0.6553,86.94
2024-05-29 10:00:00+00:00,0.0326,0.7495,81.44
2024-05-29 11:00:00+00:00,0.0694,0.799,72.5
2024-05-29 12:00:00+00:00,0.01032,0.798,87.25
2024-05-29 13:00:00+00:00,0.02722,0.792,79.8
2024-05-29 14:00:00+00:00,0.002132,0.739,71.44
2024-05-29 15:00:00+00:00,0.0213,0.642,71.06
2024-05-29 16:00:00+00:00,0.0682,0.4636,96.8
2024-05-29 17:00:00+00:00,0.0959,0.2556,94.25
2024-05-29 18:00:00+00:00,0.1334,0.0845,123.75
2024-05-29 19:00:00+00:00,0.1514,0.007584,149.5
2024-05-29 20:00:00+00:00,0.1586,0.00011444,145.5
2024-05-29 21:00:00+00:00,0.1287,5.12e-05,158.2
2024-05-29 22:00:00+00:00,0.1313,4.47e-05,152.8
2024-05-29 23:00:00+00:00,0.1423,9e-06,136.8
2024-05-30 00:00:00+00:00,0.1329,4.7e-06,106.7
2024-05-30 01:00:00+00:00,0.1349,7.75e-06,123.1
2024-05-30 02:00:00+00:00,0.1373,5e-06,112.25
2024-05-30 03:00:00+00:00,0.1407,4e-07,127.44
2024-05-30 04:00:00+00:00,0.1542,3.3e-06,142.0
2024-05-30 05:00:00+00:00,0.1426,0.00653,154.1
2024-05-30 06:00:00+00:00,0.0918,0.1167,148.8
2024-05-30 07:00:00+00:00,0.0608,0.3345,116.44
2024-05-30 08:00:00+00:00,0.02434,0.5376,102.3
2024-05-30 09:00:00+00:00,0.00982,0.6733,96.1
2024-05-30 10:00:00+00:00,0.01799,0.769,59.53
2024-05-30 11:00:00+00:00,0.02565,0.799,55.28
2024-05-30 12:00:00+00:00,0.0393,0.798,58.16
2024-05-30 13:00:00+00:00,0.05563,0.792,75.2
2024-05-30 14:00:00+00:00,0.1221,0.757,65.75
2024-05-30 15:00:00+00:00,0.1478,0.6646,72.3
2024-05-30 16:00:00+00:00,0.1832,0.502,74.4
2024-05-30 17:00:00+00:00,0.2162,0.298,97.6
2024-05-30 18:00:00+00:00,0.2482,0.0931,148.4
2024-05-30 19:00:00+00:00,0.2803,0.00644,161.8
2024-05-30 20:00:00+00:00,0.2903,0.000126,165.4
2024-05-30 21:00:00+00:00,0.3057,5.454e-05,162.1
2024-05-30 22:00:00+00:00,0.31,5.406e-05,140.2
2024-05-30 23:00:00+00:00,0.359,1.234e-05,139.1
2024-05-31 00:00:00+00:00,0.36,4.8e-06,121.2
2024-05-31 01:00:00+00:00,0.3552,0.0,137.9
2024-05-31 02:00:00+00:00,0.3552,5e-06,140.5
2024-05-31 03:00:00+00:00,0.3677,1e-05,129.5
2024-05-31 04:00:00+00:00,0.379,9.66e-06,116.1
2024-05-31 05:00:00+00:00,0.3833,0.00769,121.56
2024-05-31 06:00:00+00:00,0.4067,0.1167,116.1
2024-05-31 07:00:00+00:00,0.371,0.3345,89.3
2024-05-31 08:00:00+00:00,0.335,0.5376,71.4
2024-05-31 09:00:00+00:00,0.3176,0.6816,53.6
2024-05-31 10:00:00+00:00,0.3137,0.769,34.94
2024-05-31 11:00:00+00:00,0.2485,0.799,37.9
2024-05-31 12:00:00+00:00,0.2467,0.798,37.88
2024-05-31 13:00:00+00:00,0.2363,0.792,52.22
2024-05-31 14:00:00+00:00,0.2434,0.757,38.0
2024-05-31 15:00:00+00:00,0.2542,0.659,38.16
2024-05-31 16:00:00+00:00,0.237,0.4941,81.4
2024-05-31 17:00:00+00:00,0.2418,0.287,88.75
2024-05-31 18:00:00+00:00,0.2659,0.09564,104.2
2024-05-31 19:00:00+00:00,0.3008,0.006763,117.4
2024-05-31 20:00:00+00:00,0.3071,0.0001338,115.56
2024-05-31 21:00:00+00:00,0.3003,5.364e-05,106.25
2024-05-31 22:00:00+00:00,0.2969,5.97e-05,104.06
2024-05-31 23:00:00+00:00,0.292,2.13e-05,103.4
2024-06-01 00:00:00+00:00,0.2227,1.67e-06,105.1
2024-06-01 01:00:00+00:00,0.1881,2.1e-06,96.1
2024-06-01 02:00:00+00:00,0.1799,3.34e-06,102.56
2024-06-01 03:00:00+00:00,0.1603,1.1e-06,101.06
2024-06-01 04:00:00+00:00,0.1808,3.5e-06,102.1
2024-06-01 05:00:00+00:00,0.1874,0.01041,3.98
2024-06-01 06:00:00+00:00,0.1616,0.1071,112.06
2024-06-01 07:00:00+00:00,0.1257,0.3054,80.0
2024-06-01 08:00:00+00:00,0.09174,0.4888,63.4
2024-06-01 09:00:00+00:00,0.078,0.552,70.0
2024-06-01 10:00:00+00:00,0.03857,0.727,59.78
2024-06-01 11:00:00+00:00,0.02347,0.765,73.56
2024-06-01 12:00:00+00:00,0.01156,0.7812,72.5
2024-06-01 13:00:00+00:00,0.01665,0.765,92.44
2024-06-01 14:00:00+00:00,0.02477,0.7275,83.25
2024-06-01 15:00:00+00:00,0.04346,0.614,87.0
2024-06-01 16:00:00+00:00,0.0454,0.4417,90.25
2024-06-01 17:00:00+00:00,0.07086,0.258,113.56
2024-06-01 18:00:00+00:00,0.0712,0.1116,148.5
2024-06-01 19:00:00+00:00,0.06995,0.019,181.2
2024-06-01 20:00:00+00:00,0.05872,0.0001521,182.4
2024-06-01 21:00:00+00:00,0.054,3.19e-05,163.0
2024-06-01 22:00:00+00:00,0.04993,3.79e-05,140.4
2024-06-01 23:00:00+00:00,0.0483,0.0,114.7
2024-06-02 00:00:00+00:00,0.04074,0.0,132.4
2024-06-02 01:00:00+00:00,0.04138,0.0,128.9
2024-06-02 02:00:00+00:00,0.05093,0.0,136.1
2024-06-02 03:00:00+00:00,0.05276,0.0,113.75
2024-06-02 04:00:00+00:00,0.07465,4.7e-06,125.4
2024-06-02 05:00:00+00:00,0.07495,0.011116,105.0
2024-06-02 06:00:00+00:00,0.05804,0.10144,103.0
2024-06-02 07:00:00+00:00,0.01333,0.277,68.75
2024-06-02 08:00:00+00:00,0.00791,0.4658,55.03
2024-06-02 09:00:00+00:00,0.0639,0.5474,47.16
2024-06-02 10:00:00+00:00,0.002674,0.6685,58.72
2024-06-02 11:00:00+00:00,0.0999,0.7437,56.06
2024-06-02 12:00:00+00:00,0.005856,0.7812,50.3
2024-06-02 13:00:00+00:00,0.010826,0.765,34.4
2024-06-02 14:00:00+00:00,0.003994,0.7275,54.88
2024-06-02 15:00:00+00:00,0.02272,0.6445,51.2
2024-06-02 16:00:00+00:00,0.04672,0.5215,69.9
2024-06-02 17:00:00+00:00,0.0738,0.345,86.5
2024-06-02 18:00:00+00:00,0.10693,0.1396,115.5
2024-06-02 19:00:00+00:00,0.1318,0.02576,130.8
2024-06-02 20:00:00+00:00,0.1609,0.0002995,116.44
2024-06-02 21:00:00+00:00,0.1484,7.21e-05,119.25
2024-06-02 22:00:00+00:00,0.1536,6.926e-05,141.4
2024-06-02 23:00:00+00:00,0.1483,5.6e-06,139.6
2024-06-03 00:00:00+00:00,0.1262,5.6e-06,144.0
2024-06-03 01:00:00+00:00,0.12256,6.7e-06,102.2
2024-06-03 02:00:00+00:00,0.0972,4.35e-06,103.56
2024-06-03 03:00:00+00:00,0.06793,1.3e-06,113.2
2024-06-03 04:00:00+00:00,0.0597,4.77e-06,128.2
2024-06-03 05:00:00+00:00,0.0517,0.00945,152.8
2024-06-03 06:00:00+00:00,0.0343,0.087,126.94
2024-06-03 07:00:00+00:00,0.04422,0.2338,109.25
2024-06-03 08:00:00+00:00,0.0316,0.3643,103.5
2024-06-03 09:00:00+00:00,0.0327,0.4429,102.6
2024-06-03 10:00:00+00:00,0.01967,0.5884,89.5
2024-06-03 11:00:00+00:00,0.01387,0.651,95.25
2024-06-03 12:00:00+00:00,0.02742,0.682,106.25
2024-06-03 13:00:00+00:00,0.02539,0.677,106.25
2024-06-03 14:00:00+00:00,0.05936,0.549,119.44
2024-06-03 15:00:00+00:00,0.09674,0.5312,122.94
2024-06-03 16:00:00+00:00,0.1179,0.3994,126.8
2024-06-03 17:00:00+00:00,0.1261,0.2744,150.4
2024-06-03 18:00:00+00:00,0.1517,0.114,185.6
2024-06-03 19:00:00+00:00,0.1736,0.01848,181.4
2024-06-03 20:00:00+00:00,0.1809,0.0002406,173.5
2024-06-03 21:00:00+00:00,0.1765,5.186e-05,159.1
2024-06-03 22:00:00+00:00,0.1735,5.39e-05,169.2
2024-06-03 23:00:00+00:00,0.157,3e-06,157.0
2024-06-04 00:00:00+00:00,0.1548,7e-07,154.0
2024-06-04 01:00:00+00:00,0.1832,1.13e-06,135.8
2024-06-04 02:00:00+00:00,0.1838,0.0,143.6
2024-06-04 03:00:00+00:00,0.2418,0.0,134.4
2024-06-04 04:00:00+00:00,0.235,0.0,131.4
2024-06-04 05:00:00+00:00,0.2269,0.00781,118.5
2024-06-04 06:00:00+00:00,0.2242,0.07837,141.0
2024-06-04 07:00:00+00:00,0.2128,0.2101,133.5
2024-06-04 08:00:00+00:00,0.216,0.3293,107.0
2024-06-04 09:00:00+00:00,0.2482,0.3562,107.5
2024-06-04 10:00:00+00:00,0.2336,0.461,118.44
2024-06-04 11:00:00+00:00,0.2444,0.4846,127.94
2024-06-04 12:00:00+00:00,0.238,0.5493,117.25
2024-06-04 13:00:00+00:00,0.2407,0.6294,100.6
2024-06-04 14:00:00+00:00,0.292,0.572,87.56
2024-06-04 15:00:00+00:00,0.306,0.519,90.44
2024-06-04 16:00:00+00:00,0.3271,0.3396,111.9
2024-06-04 17:00:00+00:00,0.3174,0.1956,124.56
2024-06-04 18:00:00+00:00,0.319,0.0932,138.9
2024-06-04 19:00:00+00:00,0.2842,0.01477,161.0
2024-06-04 20:00:00+00:00,0.2847,0.0001613,150.8
2024-06-04 21:00:00+00:00,0.272,3.54e-05,133.0
2024-06-04 22:00:00+00:00,0.256,1.645e-05,130.8
2024-06-04 23:00:00+00:00,0.2615,0.0,137.2
2024-06-05 00:00:00+00:00,0.2905,0.0,118.25
2024-06-05 01:00:00+00:00,0.2827,0.0,109.25
2024-06-05 02:00:00+00:00,0.274,0.0,105.0
2024-06-05 03:00:00+00:00,0.2698,0.0,130.2
2024-06-05 04:00:00+00:00,0.2651,0.0,128.4
2024-06-05 05:00:00+00:00,0.2319,0.005398,148.5
2024-06-05 06:00:00+00:00,0.2368,0.04144,181.6
2024-06-05 07:00:00+00:00,0.2012,0.1378,188.4
2024-06-05 08:00:00+00:00,0.1805,0.2402,151.6
2024-06-05 09:00:00+00:00,0.1826,0.3147,136.9
2024-06-05 10:00:00+00:00,0.1869,0.4355,122.0
2024-06-05 11:00:00+00:00,0.1827,0.4783,148.8
2024-06-05 12:00:00+00:00,0.12146,0.56,124.9
2024-06-05 13:00:00+00:00,0.1222,0.535,130.9
2024-06-05 14:00:00+00:00,0.1569,0.4626,121.75
2024-06-05 15:00:00+00:00,0.165,0.4353,129.8
2024-06-05 16:00:00+00:00,0.1881,0.3,156.1
2024-06-05 17:00:00+00:00,0.1992,0.189,182.8
2024-06-05 18:00:00+00:00,0.1833,0.0865,189.8
2024-06-05 19:00:00+00:00,0.2336,0.01455,185.2
2024-06-05 20:00:00+00:00,0.2416,0.0001234,173.2
2024-06-05 21:00:00+00:00,0.2913,2.24e-05,149.5
2024-06-05 22:00:00+00:00,0.3,2.027e-05,128.0
2024-06-05 23:00:00+00:00,0.2886,0.0,111.44
2024-06-06 00:00:00+00:00,0.2795,0.0,117.0
2024-06-06 01:00:00+00:00,0.278,1.25e-06,122.7
2024-06-06 02:00:00+00:00,0.2451,1.25e-06,120.56
2024-06-06 03:00:00+00:00,0.3025,0.0,99.6
2024-06-06 04:00:00+00:00,0.3037,1.067e-05,111.75
2024-06-06 05:00:00+00:00,0.2744,0.01293,108.9
2024-06-06 06:00:00+00:00,0.255,0.084,120.56
2024-06-06 07:00:00+00:00,0.2085,0.2498,140.8
2024-06-06 08:00:00+00:00,0.1715,0.4385,128.4
2024-06-06 09:00:00+00:00,0.148,0.521,117.7
2024-06-06 10:00:00+00:00,0.1259,0.5693,93.25
2024-06-06 11:00:00+00:00,0.1105,0.648,109.75
2024-06-06 12:00:00+00:00,0.11084,0.7104,103.75
2024-06-06 13:00:00+00:00,0.2263,0.6675,73.3
2024-06-06 14:00:00+00:00,0.2634,0.578,60.47
2024-06-06 15:00:00+00:00,0.289,0.5015,48.34
2024-06-06 16:00:00+00:00,0.2651,0.3997,58.84
2024-06-06 17:00:00+00:00,0.2754,0.2482,84.5
2024-06-06 18:00:00+00:00,0.2705,0.11914,113.4
2024-06-06 19:00:00+00:00,0.2832,0.02074,120.9
2024-06-06 20:00:00+00:00,0.2478,0.0002244,99.06
2024-06-06 21:00:00+00:00,0.2394,5.126e-05,90.9
2024-06-06 22:00:00+00:00,0.1707,5.966e-05,116.0
2024-06-06 23:00:00+00:00,0.1216,2.2e-06,119.5
2024-06-07 00:00:00+00:00,0.101,1.4e-06,171.2
2024-06-07 01:00:00+00:00,0.0912,1.4e-06,160.1
2024-06-07 02:00:00+00:00,0.08856,0.0,124.94
2024-06-07 03:00:00+00:00,0.04712,0.0,134.8
2024-06-07 04:00:00+00:00,0.04572,6.1e-06,139.4
2024-06-07 05:00:00+00:00,0.0369,0.01089,134.2
2024-06-07 06:00:00+00:00,0.01177,0.0829,145.0
2024-06-07 07:00:00+00:00,0.02219,0.2255,116.3
2024-06-07 08:00:00+00:00,0.10333,0.392,116.94
2024-06-07 09:00:00+00:00,0.05408,0.5166,109.56
2024-06-07 10:00:00+00:00,0.031,0.5713,101.5
2024-06-07 11:00:00+00:00,0.0134,0.5977,107.2
2024-06-07 12:00:00+00:00,0.00247,0.589,111.94
2024-06-07 13:00:00+00:00,0.009285,0.5444,97.75
2024-06-07 14:00:00+00:00,0.02754,0.49,104.06
2024-06-07 15:00:00+00:00,0.01104,0.4343,124.4
2024-06-07 16:00:00+00:00,0.0096,0.366,131.4
2024-06-07 17:00:00+00:00,0.01584,0.2339,155.9
2024-06-07 18:00:00+00:00,0.03293,0.10803,161.8
2024-06-07 19:00:00+00:00,0.06714,0.01779,156.6
2024-06-07 20:00:00+00:00,0.0759,0.0001584,138.1
2024-06-07 21:00:00+00:00,0.0788,3.93e-05,131.1
2024-06-07 22:00:00+00:00,0.0885,3.73e-05,131.1
2024-06-07 23:00:00+00:00,0.09094,5.4e-07,126.2
2024-06-08 00:00:00+00:00,0.0936,0.0,110.5
2024-06-08 01:00:00+00:00,0.08636,0.0,120.06
2024-06-08 02:00:00+00:00,0.088,0.0,126.44
2024-06-08 03:00:00+00:00,0.092,0.0,125.1
2024-06-08 04:00:00+00:00,0.0938,9.06e-06,125.4
2024-06-08 05:00:00+00:00,0.09216,0.014336,128.6
2024-06-08 06:00:00+00:00,0.09235,0.1136,127.75
2024-06-08 07:00:00+00:00,0.04898,0.3054,108.6
2024-06-08 08:00:00+00:00,0.02768,0.4888,117.25
2024-06-08 09:00:00+00:00,0.0008187,0.6416,80.56
2024-06-08 10:00:00+00:00,0.00464,0.727,49.78
2024-06-08 11:00:00+00:00,0.00946,0.765,41.03
2024-06-08 12:00:00+00:00,0.06183,0.7812,37.0
2024-06-08 13:00:00+00:00,0.0708,0.765,46.78
2024-06-08 14:00:00+00:00,0.0916,0.7275,25.22
2024-06-08 15:00:00+00:00,0.1068,0.6445,32.7
2024-06-08 16:00:00+00:00,0.166,0.5215,28.83
2024-06-08 17:00:00+00:00,0.1941,0.345,51.88
2024-06-08 18:00:00+00:00,0.2465,0.1396,82.94
2024-06-08 19:00:00+00:00,0.291,0.02232,105.06
2024-06-08 20:00:00+00:00,0.302,0.0001962,118.1
2024-06-08 21:00:00+00:00,0.314,4.29e-05,122.56
2024-06-08 22:00:00+00:00,0.314,4.55e-05,100.56
2024-06-08 23:00:00+00:00,0.2957,3.7e-06,94.1
2024-06-09 00:00:00+00:00,0.269,0.0,79.8
2024-06-09 01:00:00+00:00,0.259,0.0,99.44
2024-06-09 02:00:00+00:00,0.2544,1.5e-06,96.7
2024-06-09 03:00:00+00:00,0.2444,6.26e-06,82.6
2024-06-09 04:00:00+00:00,0.2229,1.25e-05,99.8
2024-06-09 05:00:00+00:00,0.1901,0.013245,104.06
2024-06-09 06:00:00+00:00,0.166,0.1088,108.7
2024-06-09 07:00:00+00:00,0.1229,0.3054,91.06
2024-06-09 08:00:00+00:00,0.0967,0.4888,72.94
2024-06-09 09:00:00+00:00,0.0723,0.6416,65.7
2024-06-09 10:00:00+00:00,0.0667,0.727,72.7
2024-06-09 11:00:00+00:00,0.07074,0.765,50.78
2024-06-09 12:00:00+00:00,0.0665,0.7812,67.0
2024-06-09 13:00:00+00:00,0.0736,0.765,75.0
2024-06-09 14:00:00+00:00,0.0623,0.7275,67.44
2024-06-09 15:00:00+00:00,0.07135,0.6445,71.5
2024-06-09 16:00:00+00:00,0.0748,0.5215,74.2
2024-06-09 17:00:00+00:00,0.0918,0.345,87.25
2024-06-09 18:00:00+00:00,0.1196,0.1396,130.1
2024-06-09 19:00:00+00:00,0.1625,0.02477,153.0
2024-06-09 20:00:00+00:00,0.2086,0.0002321,154.9
2024-06-09 21:00:00+00:00,0.2151,5.186e-05,148.6
2024-06-09 22:00:00+00:00,0.2205,5.877e-05,130.2
2024-06-09 23:00:00+00:00,0.2244,9.1e-06,123.3
2024-06-10 00:00:00+00:00,0.2208,4.35e-06,114.06
2024-06-10 01:00:00+00:00,0.2013,3.46e-06,127.6
2024-06-10 02:00:00+00:00,0.1925,3.2e-06,142.1
2024-06-10 03:00:00+00:00,0.1859,2.4e-06,141.4
2024-06-10 04:00:00+00:00,0.2015,1.32e-05,128.0
2024-06-10 05:00:00+00:00,0.2175,0.01467,122.1
2024-06-10 06:00:00+00:00,0.2015,0.1081,120.5
2024-06-10 07:00:00+00:00,0.1659,0.3054,128.1
2024-06-10 08:00:00+00:00,0.1367,0.4888,102.6
2024-06-10 09:00:00+00:00,0.1223,0.6416,93.06
2024-06-10 10:00:00+00:00,0.1142,0.727,102.94
2024-06-10 11:00:00+00:00,0.1185,0.765,87.06
2024-06-10 12:00:00+00:00,0.1034,0.7812,99.44
2024-06-10 13:00:00+00:00,0.085,0.765,88.94
2024-06-10 14:00:00+00:00,0.0655,0.7275,83.5
2024-06-10 15:00:00+00:00,0.05447,0.63,101.9
2024-06-10 16:00:00+00:00,0.08655,0.5215,132.0
2024-06-10 17:00:00+00:00,0.1122,0.345,136.6
2024-06-10 18:00:00+00:00,0.147,0.1396,163.0
2024-06-10 19:00:00+00:00,0.1959,0.01917,173.9
2024-06-10 20:00:00+00:00,0.2291,0.0001256,172.4
2024-06-10 21:00:00+00:00,0.2258,1.71e-05,167.4
2024-06-10 22:00:00+00:00,0.2181,1.98e-05,134.2
2024-06-10 23:00:00+00:00,0.202,0.0,132.6
2024-06-11 00:00:00+00:00,0.2014,0.0,126.94
2024-06-11 01:00:00+00:00,0.1475,0.0,113.6
2024-06-11 02:00:00+00:00,0.1333,0.0,85.2
2024-06-11 03:00:00+00:00,0.1218,0.0,86.8
2024-06-11 04:00:00+00:00,0.1025,0.0,126.3
2024-06-11 05:00:00+00:00,0.0758,0.00957,134.6
2024-06-11 06:00:00+00:00,0.07025,0.0734,156.4
2024-06-11 07:00:00+00:00,0.0498,0.2089,138.5
2024-06-11 08:00:00+00:00,0.0339,0.3418,130.5
2024-06-11 09:00:00+00:00,0.01195,0.4932,133.8
2024-06-11 10:00:00+00:00,0.02217,0.5947,121.2
2024-06-11 11:00:00+00:00,0.012245,0.676,115.94
2024-06-11 12:00:00+00:00,0.0611,0.6763,116.2
2024-06-11 13:00:00+00:00,0.04285,0.672,132.9
2024-06-11 14:00:00+00:00,0.02428,0.6655,104.4
2024-06-11 15:00:00+00:00,0.013504,0.6226,103.25
2024-06-11 16:00:00+00:00,0.04037,0.5215,116.56
2024-06-11 17:00:00+00:00,0.06805,0.345,124.44
2024-06-11 18:00:00+00:00,0.1037,0.1396,168.9
2024-06-11 19:00:00+00:00,0.1349,0.01917,184.1
2024-06-11 20:00:00+00:00,0.1454,0.0001383,162.2
2024-06-11 21:00:00+00:00,0.135,3.54e-05,146.4
2024-06-11 22:00:00+00:00,0.1425,3.093e-05,131.4
2024-06-11 23:00:00+00:00,0.1466,1e-07,141.9
2024-06-12 00:00:00+00:00,0.1444,0.0,125.56
2024-06-12 01:00:00+00:00,0.1605,0.0,120.5
2024-06-12 02:00:00+00:00,0.1659,0.0,111.06
2024-06-12 03:00:00+00:00,0.166,0.0,110.5
2024-06-12 04:00:00+00:00,0.1666,7.7e-06,118.6
2024-06-12 05:00:00+00:00,0.1685,0.01057,130.4
2024-06-12 06:00:00+00:00,0.1898,0.0931,124.44
2024-06-12 07:00:00+00:00,0.1917,0.232,120.4
2024-06-12 08:00:00+00:00,0.1927,0.3645,93.44
2024-06-12 09:00:00+00:00,0.1802,0.4663,87.75
2024-06-12 10:00:00+00:00,0.1859,0.524,88.8
2024-06-12 11:00:00+00:00,0.2058,0.565,76.06
2024-06-12 12:00:00+00:00,0.2173,0.5537,58.6
2024-06-12 13:00:00+00:00,0.2206,0.565,72.94
2024-06-12 14:00:00+00:00,0.2264,0.5576,73.9
2024-06-12 15:00:00+00:00,0.1926,0.513,86.94
2024-06-12 16:00:00+00:00,0.2062,0.413,108.56
2024-06-12 17:00:00+00:00,0.2177,0.2703,112.75
2024-06-12 18:00:00+00:00,0.2236,0.11884,122.75
2024-06-12 19:00:00+00:00,0.25,0.01433,140.0
2024-06-12 20:00:00+00:00,0.2996,5.877e-05,110.75
2024-06-12 21:00:00+00:00,0.3022,1.46e-05,98.75
2024-06-12 22:00:00+00:00,0.2793,6.85e-06,85.94
2024-06-12 23:00:00+00:00,0.269,0.0,75.3
2024-06-13 00:00:00+00:00,0.258,0.0,71.9
2024-06-13 01:00:00+00:00,0.2096,2.26e-06,67.3
2024-06-13 02:00:00+00:00,0.1871,1.6e-06,62.34
2024-06-13 03:00:00+00:00,0.2007,8.3e-07,82.8
2024-06-13 04:00:00+00:00,0.2266,1.38e-05,104.7
2024-06-13 05:00:00+00:00,0.2551,0.011734,81.2
2024-06-13 06:00:00+00:00,0.2467,0.08673,74.6
2024-06-13 07:00:00+00:00,0.2344,0.1938,77.9
2024-06-13 08:00:00+00:00,0.229,0.2876,76.7
2024-06-13 09:00:00+00:00,0.2067,0.426,56.0
2024-06-13 10:00:00+00:00,0.2229,0.5425,38.75
2024-06-13 11:00:00+00:00,0.2203,0.573,49.34
2024-06-13 12:00:00+00:00,0.1643,0.5776,53.2
2024-06-13 13:00:00+00:00,0.1569,0.57,56.78
2024-06-13 14:00:00+00:00,0.1869,0.4934,51.88
2024-06-13 15:00:00+00:00,0.1887,0.466,63.06
2024-06-13 16:00:00+00:00,0.2021,0.356,74.25
2024-06-13 17:00:00+00:00,0.2212,0.2039,105.8
2024-06-13 18:00:00+00:00,0.2615,0.09344,103.8
2024-06-13 19:00:00+00:00,0.2954,0.010826,105.25
2024-06-13 20:00:00+00:00,0.2932,5.5e-05,100.6
2024-06-13 21:00:00+00:00,0.2437,5.8e-06,92.06
2024-06-13 22:00:00+00:00,0.219,2.9e-06,106.1
2024-06-13 23:00:00+00:00,0.2153,0.0,99.75
2024-06-14 00:00:00+00:00,0.2092,0.0,91.1
2024-06-14 01:00:00+00:00,0.2089,2.74e-06,87.3
2024-06-14 02:00:00+00:00,0.2235,5.36e-06,78.56
2024-06-14 03:00:00+00:00,0.2367,4.5e-06,73.25
2024-06-14 04:00:00+00:00,0.266,1.29e-05,64.25
2024-06-14 05:00:00+00:00,0.2656,0.00983,87.9
2024-06-14 06:00:00+00:00,0.2598,0.0772,100.9
2024-06-14 07:00:00+00:00,0.2484,0.1539,132.5
2024-06-14 08:00:00+00:00,0.2333,0.2482,124.3
2024-06-14 09:00:00+00:00,0.1919,0.4392,95.9
2024-06-14 10:00:00+00:00,0.2408,0.4678,82.75
2024-06-14 11:00:00+00:00,0.2773,0.3545,80.8
2024-06-14 12:00:00+00:00,0.3323,0.3125,67.94
2024-06-14 13:00:00+00:00,0.3271,0.399,78.56
2024-06-14 14:00:00+00:00,0.3625,0.3032,77.75
2024-06-14 15:00:00+00:00,0.3591,0.3196,93.3
2024-06-14 16:00:00+00:00,0.4326,0.2517,90.7
2024-06-14 17:00:00+00:00,0.4248,0.1583,97.5
2024-06-14 18:00:00+00:00,0.4243,0.08954,92.8
2024-06-14 19:00:00+00:00,0.4465,0.00593,102.56
2024-06-14 20:00:00+00:00,0.3972,0.0,83.5
2024-06-14 21:00:00+00:00,0.3867,0.0,84.25
2024-06-14 22:00:00+00:00,0.3628,0.0,57.34
2024-06-14 23:00:00+00:00,0.3804,0.0,59.12
2024-06-15 00:00:00+00:00,0.3748,0.0,53.12
2024-06-15 01:00:00+00:00,0.4053,0.0,55.06
2024-06-15 02:00:00+00:00,0.4167,0.0,37.34
2024-06-15 03:00:00+00:00,0.4412,2e-07,49.06
2024-06-15 04:00:00+00:00,0.448,1.514e-05,45.22
2024-06-15 05:00:00+00:00,0.4155,0.01137,46.75
2024-06-15 06:00:00+00:00,0.3936,0.08856,25.84
2024-06-15 07:00:00+00:00,0.3596,0.1906,42.12
2024-06-15 08:00:00+00:00,0.319,0.3364,55.97
2024-06-15 09:00:00+00:00,0.2343,0.514,43.1
2024-06-15 10:00:00+00:00,0.2158,0.586,49.56
2024-06-15 11:00:00+00:00,0.1621,0.569,50.12
2024-06-15 12:00:00+00:00,0.1724,0.536,43.94
2024-06-15 13:00:00+00:00,0.1958,0.561,118.8
2024-06-15 14:00:00+00:00,0.1663,0.504,102.94
2024-06-15 15:00:00+00:00,0.2024,0.4634,109.06
2024-06-15 16:00:00+00:00,0.269,0.38,41.6
2024-06-15 17:00:00+00:00,0.322,0.2954,59.7
2024-06-15 18:00:00+00:00,0.3342,0.1396,86.56
2024-06-15 19:00:00+00:00,0.3303,0.0219,103.5
2024-06-15 20:00:00+00:00,0.2979,0.0002092,106.8
2024-06-15 21:00:00+00:00,0.2703,3.88e-05,104.0
2024-06-15 22:00:00+00:00,0.2683,4.035e-05,91.0
2024-06-15 23:00:00+00:00,0.2507,1e-06,93.25
2024-06-16 00:00:00+00:00,0.2306,3.04e-06,65.9
2024-06-16 01:00:00+00:00,0.2257,4e-06,74.75
2024-06-16 02:00:00+00:00,0.2057,0.0,96.9
2024-06-16 03:00:00+00:00,0.2053,1.85e-06,111.4
2024-06-16 04:00:00+00:00,0.1993,1.62e-05,114.06
2024-06-16 05:00:00+00:00,0.1886,0.0171,89.4
2024-06-16 06:00:00+00:00,0.1609,0.1192,50.38
2024-06-16 07:00:00+00:00,0.1093,0.3054,60.2
2024-06-16 08:00:00+00:00,0.0783,0.486,57.78
2024-06-16 09:00:00+00:00,0.0394,0.6416,41.38
2024-06-16 10:00:00+00:00,0.01203,0.727,34.44
2024-06-16 11:00:00+00:00,0.010414,0.765,36.06
2024-06-16 12:00:00+00:00,0.0301,0.7812,40.25
2024-06-16 13:00:00+00:00,0.04272,0.765,30.47
2024-06-16 14:00:00+00:00,0.05692,0.7275,28.61
2024-06-16 15:00:00+00:00,0.115,0.6445,38.38
2024-06-16 16:00:00+00:00,0.1595,0.5215,58.28
2024-06-16 17:00:00+00:00,0.2021,0.345,74.8
2024-06-16 18:00:00+00:00,0.2421,0.1396,91.94
2024-06-16 19:00:00+00:00,0.261,0.02655,113.8
2024-06-16 20:00:00+00:00,0.2314,0.0003312,112.6
2024-06-16 21:00:00+00:00,0.227,8.61e-05,107.1
2024-06-16 22:00:00+00:00,0.2303,8.76e-05,114.9
2024-06-16 23:00:00+00:00,0.2479,5.66e-06,115.75
2024-06-17 00:00:00+00:00,0.2783,3.1e-06,110.44
2024-06-17 01:00:00+00:00,0.279,4.6e-06,84.75
2024-06-17 02:00:00+00:00,0.2805,5.8e-06,72.6
2024-06-17 03:00:00+00:00,0.2954,7.2e-06,98.94
2024-06-17 04:00:00+00:00,0.301,2.79e-05,87.75
2024-06-17 05:00:00+00:00,0.31,0.01608,102.56
2024-06-17 06:00:00+00:00,0.3284,0.1192,88.4
2024-06-17 07:00:00+00:00,0.2727,0.3054,86.0
2024-06-17 08:00:00+00:00,0.265,0.4753,75.94
2024-06-17 09:00:00+00:00,0.2544,0.549,75.94
2024-06-17 10:00:00+00:00,0.2399,0.626,64.6
2024-06-17 11:00:00+00:00,0.2341,0.6924,54.62
2024-06-17 12:00:00+00:00,0.2527,0.652,37.1
2024-06-17 13:00:00+00:00,0.268,0.6265,53.12
2024-06-17 14:00:00+00:00,0.2832,0.6113,46.78
2024-06-17 15:00:00+00:00,0.3003,0.5312,57.7
2024-06-17 16:00:00+00:00,0.3013,0.4016,89.94
2024-06-17 17:00:00+00:00,0.3103,0.307,109.06
2024-06-17 18:00:00+00:00,0.3345,0.1396,123.0
2024-06-17 19:00:00+00:00,0.3513,0.02286,127.75
2024-06-17 20:00:00+00:00,0.349,0.0002515,134.9
2024-06-17 21:00:00+00:00,0.345,7.564e-05,128.2
2024-06-17 22:00:00+00:00,0.3289,8.47e-05,101.7
2024-06-17 23:00:00+00:00,0.3037,6.7e-06,117.75
2024-06-18 00:00:00+00:00,0.2754,1.8e-06,114.56
2024-06-18 01:00:00+00:00,0.2527,1.8e-06,96.6
2024-06-18 02:00:00+00:00,0.2512,3.6e-06,107.8
2024-06-18 03:00:00+00:00,0.2382,4.7e-06,95.3
2024-06-18 04:00:00+00:00,0.2355,1.603e-05,102.6
2024-06-18 05:00:00+00:00,0.2373,0.014496,114.75
2024-06-18 06:00:00+00:00,0.2216,0.1192,102.3
2024-06-18 07:00:00+00:00,0.2278,0.3054,94.3
2024-06-18 08:00:00+00:00,0.2114,0.4792,68.6
2024-06-18 09:00:00+00:00,0.1837,0.614,71.5
2024-06-18 10:00:00+00:00,0.1873,0.6885,31.31
2024-06-18 11:00:00+00:00,0.1874,0.7095,46.25
2024-06-18 12:00:00+00:00,0.2081,0.6577,40.28
2024-06-18 13:00:00+00:00,0.1947,0.681,49.44
2024-06-18 14:00:00+00:00,0.2178,0.6333,65.06
2024-06-18 15:00:00+00:00,0.232,0.559,67.75
2024-06-18 16:00:00+00:00,0.265,0.4358,78.94
2024-06-18 17:00:00+00:00,0.2167,0.345,92.0
2024-06-18 18:00:00+00:00,0.1969,0.1396,110.0
2024-06-18 19:00:00+00:00,0.21,0.02293,149.4
2024-06-18 20:00:00+00:00,0.2158,0.0002229,150.0
2024-06-18 21:00:00+00:00,0.1869,5.96e-05,129.0
2024-06-18 22:00:00+00:00,0.2019,7.64e-05,124.1
2024-06-18 23:00:00+00:00,0.192,7.6e-06,116.44
2024-06-19 00:00:00+00:00,0.194,1.2e-06,70.6
2024-06-19 01:00:00+00:00,0.1879,2.1e-06,76.0
2024-06-19 02:00:00+00:00,0.1621,3.34e-06,96.94
2024-06-19 03:00:00+00:00,0.1427,5.3e-06,92.4
2024-06-19 04:00:00+00:00,0.1231,2.044e-05,92.6
2024-06-19 05:00:00+00:00,0.11444,0.01253,109.7
2024-06-19 06:00:00+00:00,0.09344,0.10645,97.56
2024-06-19 07:00:00+00:00,0.03732,0.2578,95.75
2024-06-19 08:00:00+00:00,0.01301,0.4539,62.62
2024-06-19 09:00:00+00:00,0.0273,0.4917,60.4
2024-06-19 10:00:00+00:00,0.02042,0.547,42.25
2024-06-19 11:00:00+00:00,0.02777,0.557,28.9
2024-06-19 12:00:00+00:00,0.06146,0.5474,32.16
2024-06-19 13:00:00+00:00,0.0786,0.544,54.47
2024-06-19 14:00:00+00:00,0.1126,0.4763,42.75
2024-06-19 15:00:00+00:00,0.1362,0.3782,60.9
2024-06-19 16:00:00+00:00,0.1453,0.3193,51.47
2024-06-19 17:00:00+00:00,0.1625,0.2185,67.2
2024-06-19 18:00:00+00:00,0.176,0.1127,82.44
2024-06-19 19:00:00+00:00,0.2009,0.014534,104.1
2024-06-19 20:00:00+00:00,0.2312,0.0001297,121.5
2024-06-19 21:00:00+00:00,0.2303,2.795e-05,123.56
2024-06-19 22:00:00+00:00,0.2086,2.42e-05,102.25
2024-06-19 23:00:00+00:00,0.215,0.0,97.7
2024-06-20 00:00:00+00:00,0.2185,0.0,115.8
2024-06-20 01:00:00+00:00,0.2015,0.0,112.0
2024-06-20 02:00:00+00:00,0.2087,0.0,110.7
2024-06-20 03:00:00+00:00,0.2423,0.0,83.5
2024-06-20 04:00:00+00:00,0.2428,2.1e-06,106.75
2024-06-20 05:00:00+00:00,0.2708,0.00859,108.4
2024-06-20 06:00:00+00:00,0.2305,0.07886,107.9
2024-06-20 07:00:00+00:00,0.175,0.192,102.06
2024-06-20 08:00:00+00:00,0.1617,0.3025,95.44
2024-06-20 09:00:00+00:00,0.172,0.3708,95.7
2024-06-20 10:00:00+00:00,0.1693,0.481,88.56
2024-06-20 11:00:00+00:00,0.1819,0.5503,68.75
2024-06-20 12:00:00+00:00,0.1815,0.56,72.2
2024-06-20 13:00:00+00:00,0.1912,0.5317,89.25
2024-06-20 14:00:00+00:00,0.1947,0.5215,76.25
2024-06-20 15:00:00+00:00,0.2279,0.4563,63.44
2024-06-20 16:00:00+00:00,0.241,0.3857,71.1
2024-06-20 17:00:00+00:00,0.2678,0.2534,111.44
2024-06-20 18:00:00+00:00,0.3228,0.12384,123.8
2024-06-20 19:00:00+00:00,0.346,0.01698,139.0
2024-06-20 20:00:00+00:00,0.3574,0.0001262,113.4
2024-06-20 21:00:00+00:00,0.3586,2.35e-05,112.9
2024-06-20 22:00:00+00:00,0.365,2.89e-05,115.0
2024-06-20 23:00:00+00:00,0.3257,1.2e-06,109.06
2024-06-21 00:00:00+00:00,0.3103,1.13e-06,93.4
2024-06-21 01:00:00+00:00,0.264,3e-06,124.6
2024-06-21 02:00:00+00:00,0.3027,4.35e-06,96.44
2024-06-21 03:00:00+00:00,0.3313,6.9e-06,84.6
2024-06-21 04:00:00+00:00,0.3555,1.276e-05,86.2
2024-06-21 05:00:00+00:00,0.3193,0.01328,105.5
2024-06-21 06:00:00+00:00,0.2788,0.1088,105.3
2024-06-21 07:00:00+00:00,0.2468,0.2717,116.2
2024-06-21 08:00:00+00:00,0.208,0.4167,103.25
2024-06-21 09:00:00+00:00,0.1837,0.539,102.7
2024-06-21 10:00:00+00:00,0.1584,0.626,103.44
2024-06-21 11:00:00+00:00,0.1713,0.6753,57.66
2024-06-21 12:00:00+00:00,0.1862,0.665,55.9
2024-06-21 13:00:00+00:00,0.2003,0.5986,55.66
2024-06-21 14:00:00+00:00,0.2018,0.571,72.5
2024-06-21 15:00:00+00:00,0.2218,0.4346,68.1
2024-06-21 16:00:00+00:00,0.2411,0.3464,73.44
2024-06-21 17:00:00+00:00,0.269,0.226,81.4
2024-06-21 18:00:00+00:00,0.2861,0.1093,95.56
2024-06-21 19:00:00+00:00,0.2812,0.0164,113.9
2024-06-21 20:00:00+00:00,0.3438,0.00011367,113.94
2024-06-21 21:00:00+00:00,0.3574,5.2e-06,77.0
2024-06-21 22:00:00+00:00,0.363,1.323e-05,89.25
2024-06-21 23:00:00+00:00,0.369,0.0,97.9
2024-06-22 00:00:00+00:00,0.347,0.0,73.1
2024-06-22 01:00:00+00:00,0.3582,0.0,81.44
2024-06-22 02:00:00+00:00,0.3623,0.0,113.06
2024-06-22 03:00:00+00:00,0.3794,2.15e-06,84.2
2024-06-22 04:00:00+00:00,0.42,1.27e-05,90.94
2024-06-22 05:00:00+00:00,0.4126,0.0142,88.0
2024-06-22 06:00:00+00:00,0.3577,0.11505,84.1
2024-06-22 07:00:00+00:00,0.3147,0.3054,43.2
2024-06-22 08:00:00+00:00,0.2808,0.4888,34.28
2024-06-22 09:00:00+00:00,0.2673,0.577,30.55
2024-06-22 10:00:00+00:00,0.2634,0.6265,46.47
2024-06-22 11:00:00+00:00,0.2546,0.6543,28.97
2024-06-22 12:00:00+00:00,0.1998,0.6636,37.44
2024-06-22 13:00:00+00:00,0.2001,0.6533,32.72
2024-06-22 14:00:00+00:00,0.2317,0.6455,45.94
2024-06-22 15:00:00+00:00,0.2974,0.5244,45.7
2024-06-22 16:00:00+00:00,0.3643,0.3857,57.25
2024-06-22 17:00:00+00:00,0.387,0.249,81.06
2024-06-22 18:00:00+00:00,0.427,0.12366,95.4
2024-06-22 19:00:00+00:00,0.4492,0.01842,106.44
2024-06-22 20:00:00+00:00,0.4382,0.0001196,100.44
2024-06-22 21:00:00+00:00,0.4417,2.01e-05,71.94
2024-06-22 22:00:00+00:00,0.4475,2.89e-05,70.94
2024-06-22 23:00:00+00:00,0.4658,0.0,50.3
2024-06-23 00:00:00+00:00,0.4749,0.0,80.56
2024-06-23 01:00:00+00:00,0.4722,0.0,95.9
2024-06-23 02:00:00+00:00,0.4792,0.0,99.8
2024-06-23 03:00:00+00:00,0.48,0.0,96.7
2024-06-23 04:00:00+00:00,0.4385,0.0,110.0
2024-06-23 05:00:00+00:00,0.3994,0.00813,111.5
2024-06-23 06:00:00+00:00,0.385,0.0854,100.8
2024-06-23 07:00:00+00:00,0.3645,0.2245,94.06
2024-06-23 08:00:00+00:00,0.285,0.356,46.78
2024-06-23 09:00:00+00:00,0.2429,0.4358,26.7
2024-06-23 10:00:00+00:00,0.2428,0.4773,37.16
2024-06-23 11:00:00+00:00,0.267,0.4978,24.69
2024-06-23 12:00:00+00:00,0.2062,0.588,28.64
2024-06-23 13:00:00+00:00,0.2019,0.6294,46.94
2024-06-23 14:00:00+00:00,0.2155,0.583,52.5
2024-06-23 15:00:00+00:00,0.241,0.462,58.53
2024-06-23 16:00:00+00:00,0.2935,0.3547,60.78
2024-06-23 17:00:00+00:00,0.321,0.2568,64.25
2024-06-23 18:00:00+00:00,0.3503,0.10834,111.1
2024-06-23 19:00:00+00:00,0.3713,0.01499,117.25
2024-06-23 20:00:00+00:00,0.342,0.0001525,103.7
2024-06-23 21:00:00+00:00,0.3342,3.505e-05,106.3
2024-06-23 22:00:00+00:00,0.3254,2.515e-05,93.9
2024-06-23 23:00:00+00:00,0.313,0.0,104.94
2024-06-24 00:00:00+00:00,0.288,0.0,124.75
2024-06-24 01:00:00+00:00,0.2391,0.0,131.6
2024-06-24 02:00:00+00:00,0.2482,0.0,134.5
2024-06-24 03:00:00+00:00,0.2554,0.0,136.6
2024-06-24 04:00:00+00:00,0.2499,0.0,135.2
2024-06-24 05:00:00+00:00,0.2491,0.008865,160.2
2024-06-24 06:00:00+00:00,0.2332,0.0845,160.0
2024-06-24 07:00:00+00:00,0.1442,0.2095,154.5
2024-06-24 08:00:00+00:00,0.10126,0.403,135.1
2024-06-24 09:00:00+00:00,0.0718,0.552,108.9
2024-06-24 10:00:00+00:00,0.02536,0.6123,89.2
2024-06-24 11:00:00+00:00,0.00379,0.6587,84.4
2024-06-24 12:00:00+00:00,0.02936,0.6665,87.0
2024-06-24 13:00:00+00:00,0.04257,0.646,108.5
2024-06-24 14:00:00+00:00,0.05545,0.6035,101.9
2024-06-24 15:00:00+00:00,0.1079,0.4656,85.44
2024-06-24 16:00:00+00:00,0.0774,0.3704,91.94
2024-06-24 17:00:00+00:00,0.0857,0.2612,107.44
2024-06-24 18:00:00+00:00,0.0927,0.1235,129.8
2024-06-24 19:00:00+00:00,0.1206,0.01949,139.9
2024-06-24 20:00:00+00:00,0.1346,0.0002062,145.5
2024-06-24 21:00:00+00:00,0.1378,5.73e-05,134.8
2024-06-24 22:00:00+00:00,0.141,4.69e-05,123.94
2024-06-24 23:00:00+00:00,0.1392,2.26e-06,119.0
2024-06-25 00:00:00+00:00,0.1394,0.0,120.9
2024-06-25 01:00:00+00:00,0.1486,2.9e-06,124.94
2024-06-25 02:00:00+00:00,0.1553,2.9e-06,116.75
2024-06-25 03:00:00+00:00,0.1393,2.15e-06,124.6
2024-06-25 04:00:00+00:00,0.1122,1.943e-05,120.2
2024-06-25 05:00:00+00:00,0.1262,0.012505,133.0
2024-06-25 06:00:00+00:00,0.11725,0.09326,129.1
2024-06-25 07:00:00+00:00,0.0959,0.233,106.7
2024-06-25 08:00:00+00:00,0.0693,0.3997,92.94
2024-06-25 09:00:00+00:00,0.0609,0.502,74.25
2024-06-25 10:00:00+00:00,0.05225,0.5786,91.0
2024-06-25 11:00:00+00:00,0.0478,0.5923,80.2
2024-06-25 12:00:00+00:00,0.04913,0.6094,78.8
2024-06-25 13:00:00+00:00,0.06726,0.6074,90.94
2024-06-25 14:00:00+00:00,0.08276,0.586,105.2
2024-06-25 15:00:00+00:00,0.1553,0.42,131.8
2024-06-25 16:00:00+00:00,0.1735,0.3047,130.6
2024-06-25 17:00:00+00:00,0.1987,0.1897,129.9
2024-06-25 18:00:00+00:00,0.2098,0.0996,133.6
2024-06-25 19:00:00+00:00,0.2297,0.01662,153.2
2024-06-25 20:00:00+00:00,0.2788,0.0002241,157.5
2024-06-25 21:00:00+00:00,0.2917,6.64e-05,138.1
2024-06-25 22:00:00+00:00,0.3042,5.56e-05,154.9
2024-06-25 23:00:00+00:00,0.3408,5.4e-07,130.9
2024-06-26 00:00:00+00:00,0.3394,0.0,135.5
2024-06-26 01:00:00+00:00,0.337,2.15e-06,124.1
2024-06-26 02:00:00+00:00,0.332,4.53e-06,112.8
2024-06-26 03:00:00+00:00,0.3352,7.03e-06,102.6
2024-06-26 04:00:00+00:00,0.3464,3.02e-05,95.9
2024-06-26 05:00:00+00:00,0.3293,0.015366,115.25
2024-06-26 06:00:00+00:00,0.3037,0.1192,111.6
2024-06-26 07:00:00+00:00,0.273,0.3044,104.7
2024-06-26 08:00:00+00:00,0.2695,0.3857,88.25
2024-06-26 09:00:00+00:00,0.2524,0.495,75.1
2024-06-26 10:00:00+00:00,0.2484,0.5317,69.44
2024-06-26 11:00:00+00:00,0.2233,0.5884,61.22
2024-06-26 12:00:00+00:00,0.2189,0.5703,61.62
2024-06-26 13:00:00+00:00,0.2146,0.6133,48.6
2024-06-26 14:00:00+00:00,0.2422,0.537,91.56
2024-06-26 15:00:00+00:00,0.2742,0.3748,105.75
2024-06-26 16:00:00+00:00,0.2754,0.2693,116.4
2024-06-26 17:00:00+00:00,0.2969,0.1716,113.44
2024-06-26 18:00:00+00:00,0.3271,0.0918,128.6
2024-06-26 19:00:00+00:00,0.348,0.01646,144.6
2024-06-26 20:00:00+00:00,0.3147,0.0001478,170.8
2024-06-26 21:00:00+00:00,0.2903,5.27e-05,137.2
2024-06-26 22:00:00+00:00,0.2698,2.49e-05,161.0
2024-06-26 23:00:00+00:00,0.2517,0.0,131.4
2024-06-27 00:00:00+00:00,0.2505,0.0,107.44
2024-06-27 01:00:00+00:00,0.2369,1.4e-06,128.6
2024-06-27 02:00:00+00:00,0.2268,2.4e-06,130.4
2024-06-27 03:00:00+00:00,0.2018,3.3e-06,113.75
2024-06-27 04:00:00+00:00,0.199,2.73e-05,106.25
2024-06-27 05:00:00+00:00,0.1858,0.01532,110.5
2024-06-27 06:00:00+00:00,0.1626,0.1192,105.2
2024-06-27 07:00:00+00:00,0.1354,0.296,95.8
2024-06-27 08:00:00+00:00,0.0977,0.4617,100.8
2024-06-27 09:00:00+00:00,0.05276,0.6416,95.5
2024-06-27 10:00:00+00:00,0.05008,0.6875,98.8
2024-06-27 11:00:00+00:00,0.05038,0.719,87.94
2024-06-27 12:00:00+00:00,0.07605,0.638,77.8
2024-06-27 13:00:00+00:00,0.0648,0.645,62.47
2024-06-27 14:00:00+00:00,0.05283,0.6265,77.5
2024-06-27 15:00:00+00:00,0.0512,0.484,82.0
2024-06-27 16:00:00+00:00,0.0807,0.2913,107.44
2024-06-27 17:00:00+00:00,0.0953,0.1528,121.7
2024-06-27 18:00:00+00:00,0.1201,0.0788,139.1
2024-06-27 19:00:00+00:00,0.1439,0.01653,163.1
2024-06-27 20:00:00+00:00,0.1489,8.196e-05,136.9
2024-06-27 21:00:00+00:00,0.1587,2.074e-05,123.25
2024-06-27 22:00:00+00:00,0.158,1.08e-05,139.0
2024-06-27 23:00:00+00:00,0.1754,0.0,123.1
2024-06-28 00:00:00+00:00,0.2024,0.0,114.75
2024-06-28 01:00:00+00:00,0.2009,0.0,124.75
2024-06-28 02:00:00+00:00,0.1982,0.0,126.3
2024-06-28 03:00:00+00:00,0.1927,0.0,117.5
2024-06-28 04:00:00+00:00,0.1897,5e-06,119.56
2024-06-28 05:00:00+00:00,0.1616,0.01048,132.1
2024-06-28 06:00:00+00:00,0.1278,0.0906,144.1
2024-06-28 07:00:00+00:00,0.0826,0.2218,140.5
2024-06-28 08:00:00+00:00,0.0437,0.4004,116.56
2024-06-28 09:00:00+00:00,0.03113,0.5757,93.1
2024-06-28 10:00:00+00:00,0.03004,0.582,87.4
2024-06-28 11:00:00+00:00,0.02383,0.6587,69.1
2024-06-28 12:00:00+00:00,0.05215,0.6064,64.75
2024-06-28 13:00:00+00:00,0.04315,0.605,51.0
2024-06-28 14:00:00+00:00,0.0711,0.6265,61.0
2024-06-28 15:00:00+00:00,0.0873,0.5195,74.25
2024-06-28 16:00:00+00:00,0.11847,0.368,75.6
2024-06-28 17:00:00+00:00,0.1782,0.2212,123.06
2024-06-28 18:00:00+00:00,0.2173,0.12463,153.2
2024-06-28 19:00:00+00:00,0.2437,0.02258,162.5
2024-06-28 20:00:00+00:00,0.2524,0.0002236,194.5
2024-06-28 21:00:00+00:00,0.2715,4.12e-05,128.6
2024-06-28 22:00:00+00:00,0.2588,1.734e-05,109.25
2024-06-28 23:00:00+00:00,0.2576,0.0,93.2
2024-06-29 00:00:00+00:00,0.2456,0.0,87.1
2024-06-29 01:00:00+00:00,0.2493,1.97e-06,63.22
2024-06-29 02:00:00+00:00,0.2335,2.1e-06,72.4
2024-06-29 03:00:00+00:00,0.2502,6e-07,68.1
2024-06-29 04:00:00+00:00,0.2737,3.46e-06,85.1
2024-06-29 05:00:00+00:00,0.2406,0.00828,91.9
2024-06-29 06:00:00+00:00,0.219,0.06,85.1
2024-06-29 07:00:00+00:00,0.193,0.1681,80.06
2024-06-29 08:00:00+00:00,0.1648,0.2834,61.6
2024-06-29 09:00:00+00:00,0.12024,0.478,64.2
2024-06-29 10:00:00+00:00,0.10504,0.495,71.9
2024-06-29 11:00:00+00:00,0.0826,0.5786,58.6
2024-06-29 12:00:00+00:00,0.09436,0.58,74.6
2024-06-29 13:00:00+00:00,0.0964,0.5674,68.4
2024-06-29 14:00:00+00:00,0.1304,0.538,75.06
2024-06-29 15:00:00+00:00,0.1589,0.4338,78.1
2024-06-29 16:00:00+00:00,0.2107,0.251,92.9
2024-06-29 17:00:00+00:00,0.2366,0.1447,115.75
2024-06-29 18:00:00+00:00,0.254,0.0729,130.5
2024-06-29 19:00:00+00:00,0.2874,0.01295,130.1
2024-06-29 20:00:00+00:00,0.2925,9.21e-05,126.5
2024-06-29 21:00:00+00:00,0.2944,1.8e-05,101.9
2024-06-29 22:00:00+00:00,0.277,5.36e-06,106.56
2024-06-29 23:00:00+00:00,0.264,0.0,90.25
2024-06-30 00:00:00+00:00,0.277,0.0,98.3
2024-06-30 01:00:00+00:00,0.2532,0.0,96.0
2024-06-30 02:00:00+00:00,0.243,0.0,98.9
2024-06-30 03:00:00+00:00,0.2507,0.0,94.5
2024-06-30 04:00:00+00:00,0.258,2e-06,114.7
2024-06-30 05:00:00+00:00,0.2651,0.01085,121.44
2024-06-30 06:00:00+00:00,0.2461,0.0974,103.1
2024-06-30 07:00:00+00:00,0.1824,0.3054,116.56
2024-06-30 08:00:00+00:00,0.135,0.4888,88.25
2024-06-30 09:00:00+00:00,0.094,0.6416,64.75
2024-06-30 10:00:00+00:00,0.10486,0.727,48.47
2024-06-30 11:00:00+00:00,0.10657,0.765,21.17
2024-06-30 12:00:00+00:00,0.109,0.731,26.88
2024-06-30 13:00:00+00:00,0.1322,0.681,16.27
2024-06-30 14:00:00+00:00,0.1499,0.6953,11.74
2024-06-30 15:00:00+00:00,0.1736,0.6445,21.58
2024-06-30 16:00:00+00:00,0.211,0.4546,46.6
2024-06-30 17:00:00+00:00,0.2542,0.2908,49.7
2024-06-30 18:00:00+00:00,0.2712,0.1262,68.44
2024-06-30 19:00:00+00:00,0.3254,0.01932,74.75
2024-06-30 20:00:00+00:00,0.3572,0.0001724,65.6
2024-06-30 21:00:00+00:00,0.3613,4.387e-05,50.1
2024-06-30 22:00:00+00:00,0.3816,3.94e-05,59.03
2024-06-30 23:00:00+00:00,0.3801,1e-07,80.3
2024-07-01 00:00:00+00:00,0.3916,2.086e-05,77.9
2024-07-01 01:00:00+00:00,0.3713,1.97e-06,62.88
2024-07-01 02:00:00+00:00,0.3538,0.0,70.9
2024-07-01 03:00:00+00:00,0.3508,0.0,75.0
2024-07-01 04:00:00+00:00,0.3345,0.0,81.2
2024-07-01 05:00:00+00:00,0.3337,0.004574,104.1
2024-07-01 06:00:00+00:00,0.309,0.0658,107.4
2024-07-01 07:00:00+00:00,0.2537,0.2236,118.1
2024-07-01 08:00:00+00:00,0.2101,0.4253,97.3
2024-07-01 09:00:00+00:00,0.1742,0.586,88.2
2024-07-01 10:00:00+00:00,0.1614,0.6816,61.28
2024-07-01 11:00:00+00:00,0.1752,0.7095,56.44
2024-07-01 12:00:00+00:00,0.1804,0.7046,67.9
2024-07-01 13:00:00+00:00,0.1783,0.7026,65.8
2024-07-01 14:00:00+00:00,0.173,0.6787,80.25
2024-07-01 15:00:00+00:00,0.1772,0.6343,83.7
2024-07-01 16:00:00+00:00,0.1594,0.481,94.0
2024-07-01 17:00:00+00:00,0.1831,0.3118,126.56
2024-07-01 18:00:00+00:00,0.218,0.1227,136.8
2024-07-01 19:00:00+00:00,0.231,0.015465,125.0
2024-07-01 20:00:00+00:00,0.2393,0.0001052,144.0
2024-07-01 21:00:00+00:00,0.252,5.67e-05,126.3
2024-07-01 22:00:00+00:00,0.301,7.72e-05,103.44
2024-07-01 23:00:00+00:00,0.3323,2.53e-05,128.4
2024-07-02 00:00:00+00:00,0.356,2.366e-05,118.25
2024-07-02 01:00:00+00:00,0.3635,7.6e-06,120.9
2024-07-02 02:00:00+00:00,0.3418,0.0,124.5
2024-07-02 03:00:00+00:00,0.339,0.0,119.5
2024-07-02 04:00:00+00:00,0.3364,0.0,127.7
2024-07-02 05:00:00+00:00,0.3333,0.004738,127.3
2024-07-02 06:00:00+00:00,0.3174,0.06506,132.4
2024-07-02 07:00:00+00:00,0.2864,0.1653,123.7
2024-07-02 08:00:00+00:00,0.2472,0.3318,107.8
2024-07-02 09:00:00+00:00,0.2166,0.4814,76.6
2024-07-02 10:00:00+00:00,0.2297,0.6025,74.0
2024-07-02 11:00:00+00:00,0.2607,0.6377,62.88
2024-07-02 12:00:00+00:00,0.2576,0.6436,61.72
2024-07-02 13:00:00+00:00,0.2642,0.631,41.1
2024-07-02 14:00:00+00:00,0.2413,0.6206,37.78
2024-07-02 15:00:00+00:00,0.2488,0.596,48.03
2024-07-02 16:00:00+00:00,0.2961,0.4712,77.7
2024-07-02 17:00:00+00:00,0.3145,0.3142,105.4
2024-07-02 18:00:00+00:00,0.2964,0.12225,128.0
2024-07-02 19:00:00+00:00,0.3135,0.01619,119.6
2024-07-02 20:00:00+00:00,0.3228,0.0001467,138.6
2024-07-02 21:00:00+00:00,0.3037,6.39e-05,128.5
2024-07-02 22:00:00+00:00,0.251,8.506e-05,126.7
2024-07-02 23:00:00+00:00,0.2422,2.867e-05,142.6
2024-07-03 00:00:00+00:00,0.2318,2.366e-05,117.75
2024-07-03 01:00:00+00:00,0.2101,8.64e-06,128.6
2024-07-03 02:00:00+00:00,0.2068,3.46e-06,118.44
2024-07-03 03:00:00+00:00,0.2115,5.66e-06,107.4
2024-07-03 04:00:00+00:00,0.2194,7.2e-06,104.06
2024-07-03 05:00:00+00:00,0.2247,0.006596,99.9
2024-07-03 06:00:00+00:00,0.1924,0.079,123.3
2024-07-03 07:00:00+00:00,0.1661,0.2076,100.7
2024-07-03 08:00:00+00:00,0.1272,0.3877,95.8
2024-07-03 09:00:00+00:00,0.0971,0.5244,83.3
2024-07-03 10:00:00+00:00,0.094,0.599,100.7
2024-07-03 11:00:00+00:00,0.10364,0.616,107.5
2024-07-03 12:00:00+00:00,0.1119,0.6406,93.7
2024-07-03 13:00:00+00:00,0.1153,0.644,106.06
2024-07-03 14:00:00+00:00,0.12244,0.6226,106.3
2024-07-03 15:00:00+00:00,0.12335,0.594,117.94
2024-07-03 16:00:00+00:00,0.09296,0.4617,147.0
2024-07-03 17:00:00+00:00,0.1112,0.3047,161.6
2024-07-03 18:00:00+00:00,0.1311,0.12225,181.6
2024-07-03 19:00:00+00:00,0.1355,0.01952,180.2
2024-07-03 20:00:00+00:00,0.1865,0.0001796,166.0
2024-07-03 21:00:00+00:00,0.1805,7.355e-05,153.8
2024-07-03 22:00:00+00:00,0.1733,0.0001014,149.9
2024-07-03 23:00:00+00:00,0.1968,3.08e-05,138.2
2024-07-04 00:00:00+00:00,0.2057,2.867e-05,111.4
2024-07-04 01:00:00+00:00,0.2139,1.04e-05,129.9
2024-07-04 02:00:00+00:00,0.2274,8.6e-06,111.06
2024-07-04 03:00:00+00:00,0.2341,1.03e-05,102.6
2024-07-04 04:00:00+00:00,0.2294,1.07e-05,94.56
2024-07-04 05:00:00+00:00,0.189,0.00663,94.75
2024-07-04 06:00:00+00:00,0.1725,0.0766,103.06
2024-07-04 07:00:00+00:00,0.1537,0.2186,97.56
2024-07-04 08:00:00+00:00,0.1442,0.3604,107.2
2024-07-04 09:00:00+00:00,0.1272,0.474,78.8
2024-07-04 10:00:00+00:00,0.1179,0.5474,96.44
2024-07-04 11:00:00+00:00,0.1259,0.6177,101.4
2024-07-04 12:00:00+00:00,0.1282,0.6504,86.3
2024-07-04 13:00:00+00:00,0.1421,0.6396,90.7
2024-07-04 14:00:00+00:00,0.153,0.615,81.94
2024-07-04 15:00:00+00:00,0.1785,0.549,78.06
2024-07-04 16:00:00+00:00,0.1766,0.43,99.3
2024-07-04 17:00:00+00:00,0.1813,0.2888,108.6
2024-07-04 18:00:00+00:00,0.175,0.115,144.1
2024-07-04 19:00:00+00:00,0.1731,0.01721,160.6
2024-07-04 20:00:00+00:00,0.1715,0.0002056,146.8
2024-07-04 21:00:00+00:00,0.1707,7.904e-05,132.1
2024-07-04 22:00:00+00:00,0.1671,9.77e-05,119.0
2024-07-04 23:00:00+00:00,0.1677,2.94e-05,107.75
2024-07-05 00:00:00+00:00,0.2002,2.337e-05,87.75
2024-07-05 01:00:00+00:00,0.1917,5.8e-06,71.2
2024-07-05 02:00:00+00:00,0.1774,1.05e-05,67.8
2024-07-05 03:00:00+00:00,0.1707,1.09e-05,88.4
2024-07-05 04:00:00+00:00,0.161,2.16e-05,81.06
2024-07-05 05:00:00+00:00,0.1547,0.00763,86.4
2024-07-05 06:00:00+00:00,0.1458,0.0805,96.44
2024-07-05 07:00:00+00:00,0.1292,0.2246,99.5
2024-07-05 08:00:00+00:00,0.11163,0.3716,78.9
2024-07-05 09:00:00+00:00,0.1115,0.4138,97.1
2024-07-05 10:00:00+00:00,0.10474,0.4634,85.2
2024-07-05 11:00:00+00:00,0.09357,0.5386,75.3
2024-07-05 12:00:00+00:00,0.09595,0.5767,95.6
2024-07-05 13:00:00+00:00,0.1085,0.573,111.1
2024-07-05 14:00:00+00:00,0.11414,0.568,115.6
2024-07-05 15:00:00+00:00,0.1299,0.495,115.4
2024-07-05 16:00:00+00:00,0.1627,0.396,119.56
2024-07-05 17:00:00+00:00,0.1786,0.2708,140.0
2024-07-05 18:00:00+00:00,0.2051,0.10767,156.2
2024-07-05 19:00:00+00:00,0.2333,0.014984,176.1
2024-07-05 20:00:00+00:00,0.2517,0.0001906,157.8
2024-07-05 21:00:00+00:00,0.26,7.61e-05,130.8
2024-07-05 22:00:00+00:00,0.2856,8.67e-05,109.3
2024-07-05 23:00:00+00:00,0.278,3.47e-05,102.94
2024-07-06 00:00:00+00:00,0.2878,3.874e-05,113.94
2024-07-06 01:00:00+00:00,0.2666,1.87e-05,123.8
2024-07-06 02:00:00+00:00,0.2656,2.03e-05,123.06
2024-07-06 03:00:00+00:00,0.2646,1.353e-05,132.6
2024-07-06 04:00:00+00:00,0.2966,2.444e-05,111.06
2024-07-06 05:00:00+00:00,0.2944,0.00863,91.06
2024-07-06 06:00:00+00:00,0.2837,0.09344,96.4
2024-07-06 07:00:00+00:00,0.2642,0.2598,98.2
2024-07-06 08:00:00+00:00,0.2712,0.3867,89.56
2024-07-06 09:00:00+00:00,0.267,0.4636,94.25
2024-07-06 10:00:00+00:00,0.2158,0.555,91.56
2024-07-06 11:00:00+00:00,0.2046,0.606,80.4
2024-07-06 12:00:00+00:00,0.2085,0.5938,86.06
2024-07-06 13:00:00+00:00,0.2065,0.566,74.1
2024-07-06 14:00:00+00:00,0.2067,0.53,56.56
2024-07-06 15:00:00+00:00,0.2178,0.4749,67.25
2024-07-06 16:00:00+00:00,0.226,0.3875,93.8
2024-07-06 17:00:00+00:00,0.279,0.2622,102.75
2024-07-06 18:00:00+00:00,0.313,0.11206,126.1
2024-07-06 19:00:00+00:00,0.335,0.0168,148.4
2024-07-06 20:00:00+00:00,0.32,0.000164,136.5
2024-07-06 21:00:00+00:00,0.301,5.41e-05,130.8
2024-07-06 22:00:00+00:00,0.2961,5.555e-05,135.1
2024-07-06 23:00:00+00:00,0.2461,2.366e-05,126.06
2024-07-07 00:00:00+00:00,0.2251,2.813e-05,124.06
2024-07-07 01:00:00+00:00,0.1746,1.097e-05,126.6
2024-07-07 02:00:00+00:00,0.1564,1.63e-05,116.56
2024-07-07 03:00:00+00:00,0.1364,8.1e-06,132.8
2024-07-07 04:00:00+00:00,0.1193,1.66e-05,118.06
2024-07-07 05:00:00+00:00,0.101,0.006428,111.2
2024-07-07 06:00:00+00:00,0.09973,0.0786,90.25
2024-07-07 07:00:00+00:00,0.0789,0.2444,89.2
2024-07-07 08:00:00+00:00,0.02304,0.395,85.06
2024-07-07 09:00:00+00:00,0.01279,0.5117,93.06
2024-07-07 10:00:00+00:00,0.01107,0.6187,93.2
2024-07-07 11:00:00+00:00,0.03073,0.6978,73.3
2024-07-07 12:00:00+00:00,0.03198,0.7188,63.1
2024-07-07 13:00:00+00:00,0.01573,0.6953,72.2
2024-07-07 14:00:00+00:00,0.01747,0.668,50.56
2024-07-07 15:00:00+00:00,0.01293,0.587,74.7
2024-07-07 16:00:00+00:00,0.02573,0.4631,94.56
2024-07-07 17:00:00+00:00,0.046,0.3203,112.0
2024-07-07 18:00:00+00:00,0.0767,0.1384,154.6
2024-07-07 19:00:00+00:00,0.09924,0.02037,147.5
2024-07-07 20:00:00+00:00,0.1074,0.0002391,147.1
2024-07-07 21:00:00+00:00,0.1074,8.06e-05,135.0
2024-07-07 22:00:00+00:00,0.1172,8.935e-05,141.4
2024-07-07 23:00:00+00:00,0.1192,2.87e-05,140.4
2024-07-08 00:00:00+00:00,0.114,3.17e-05,118.6
2024-07-08 01:00:00+00:00,0.1156,1.836e-05,94.25
2024-07-08 02:00:00+00:00,0.116,1.74e-05,103.25
2024-07-08 03:00:00+00:00,0.12463,5.2e-06,129.9
2024-07-08 04:00:00+00:00,0.1348,1.264e-05,138.1
2024-07-08 05:00:00+00:00,0.1239,0.006805,140.4
2024-07-08 06:00:00+00:00,0.1117,0.08307,165.9
2024-07-08 07:00:00+00:00,0.08624,0.2347,145.0
2024-07-08 08:00:00+00:00,0.0769,0.3423,131.8
2024-07-08 09:00:00+00:00,0.07916,0.469,139.8
2024-07-08 10:00:00+00:00,0.06052,0.6025,126.56
2024-07-08 11:00:00+00:00,0.0539,0.7026,108.06
2024-07-08 12:00:00+00:00,0.0589,0.678,104.0
2024-07-08 13:00:00+00:00,0.06125,0.69,115.2
2024-07-08 14:00:00+00:00,0.07117,0.665,111.44
2024-07-08 15:00:00+00:00,0.09973,0.571,115.0
2024-07-08 16:00:00+00:00,0.1359,0.4463,119.44
2024-07-08 17:00:00+00:00,0.1561,0.2988,129.2
2024-07-08 18:00:00+00:00,0.1815,0.11804,146.0
2024-07-08 19:00:00+00:00,0.2037,0.01646,163.5
2024-07-08 20:00:00+00:00,0.2122,0.0001519,152.9
2024-07-08 21:00:00+00:00,0.1785,5.966e-05,143.4
2024-07-08 22:00:00+00:00,0.1774,6.1e-05,133.6
2024-07-08 23:00:00+00:00,0.167,1.293e-05,131.1
2024-07-09 00:00:00+00:00,0.1608,2.15e-05,137.4
2024-07-09 01:00:00+00:00,0.1566,7.87e-06,132.6
2024-07-09 02:00:00+00:00,0.1566,9.5e-06,126.8
2024-07-09 03:00:00+00:00,0.1573,3.04e-06,130.0
2024-07-09 04:00:00+00:00,0.1671,1.15e-05,138.9
2024-07-09 05:00:00+00:00,0.1584,0.006897,130.1
2024-07-09 06:00:00+00:00,0.1406,0.08124,140.2
2024-07-09 07:00:00+00:00,0.1106,0.2262,123.94
2024-07-09 08:00:00+00:00,0.096,0.331,128.8
2024-07-09 09:00:00+00:00,0.0697,0.479,116.8
2024-07-09 10:00:00+00:00,0.05774,0.581,116.56
2024-07-09 11:00:00+00:00,0.04752,0.6484,120.56
2024-07-09 12:00:00+00:00,0.06256,0.629,106.8
2024-07-09 13:00:00+00:00,0.05197,0.642,104.8
2024-07-09 14:00:00+00:00,0.05612,0.621,95.44
2024-07-09 15:00:00+00:00,0.07385,0.5557,111.8
2024-07-09 16:00:00+00:00,0.0937,0.4448,128.6
2024-07-09 17:00:00+00:00,0.1481,0.3003,133.8
2024-07-09 18:00:00+00:00,0.2151,0.1154,166.5
2024-07-09 19:00:00+00:00,0.2399,0.0156,196.2
2024-07-09 20:00:00+00:00,0.2693,0.0001253,173.8
2024-07-09 21:00:00+00:00,0.2747,5.47e-05,173.6
2024-07-09 22:00:00+00:00,0.286,6.49e-05,160.5
2024-07-09 23:00:00+00:00,0.2927,1.4e-05,151.2
2024-07-10 00:00:00+00:00,0.2695,1.73e-05,171.6
2024-07-10 01:00:00+00:00,0.2455,0.0,158.1
2024-07-10 02:00:00+00:00,0.2476,9.5e-07,189.9
2024-07-10 03:00:00+00:00,0.268,0.0,186.1
2024-07-10 04:00:00+00:00,0.283,3.04e-06,162.9
2024-07-10 05:00:00+00:00,0.284,0.0054,121.9
2024-07-10 06:00:00+00:00,0.2769,0.0645,105.7
2024-07-10 07:00:00+00:00,0.2722,0.1735,125.94
2024-07-10 08:00:00+00:00,0.2372,0.2908,105.2
2024-07-10 09:00:00+00:00,0.2172,0.4014,90.9
2024-07-10 10:00:00+00:00,0.1903,0.4834,84.75
2024-07-10 11:00:00+00:00,0.1699,0.584,60.6
2024-07-10 12:00:00+00:00,0.1725,0.5913,72.44
2024-07-10 13:00:00+00:00,0.1512,0.5947,68.56
2024-07-10 14:00:00+00:00,0.159,0.5493,67.4
2024-07-10 15:00:00+00:00,0.1633,0.506,72.2
2024-07-10 16:00:00+00:00,0.2003,0.4312,84.25
2024-07-10 17:00:00+00:00,0.2754,0.3062,108.3
2024-07-10 18:00:00+00:00,0.3188,0.12305,114.5
2024-07-10 19:00:00+00:00,0.3225,0.01752,134.8
2024-07-10 20:00:00+00:00,0.3213,0.0002013,183.9
2024-07-10 21:00:00+00:00,0.32,8.38e-05,116.25
2024-07-10 22:00:00+00:00,0.3027,9.34e-05,123.94
2024-07-10 23:00:00+00:00,0.3005,3.767e-05,108.1
2024-07-11 00:00:00+00:00,0.3367,3.344e-05,93.1
2024-07-11 01:00:00+00:00,0.336,1.484e-05,91.7
2024-07-11 02:00:00+00:00,0.3372,1.6e-05,77.56
2024-07-11 03:00:00+00:00,0.3943,9.95e-06,58.0
2024-07-11 04:00:00+00:00,0.4036,1.63e-05,61.28
2024-07-11 05:00:00+00:00,0.387,0.007133,94.94
2024-07-11 06:00:00+00:00,0.377,0.0744,106.56
2024-07-11 07:00:00+00:00,0.2993,0.1969,110.8
2024-07-11 08:00:00+00:00,0.273,0.3508,11.12
2024-07-11 09:00:00+00:00,0.2883,0.468,112.4
2024-07-11 10:00:00+00:00,0.288,0.5146,103.4
2024-07-11 11:00:00+00:00,0.281,0.567,81.06
2024-07-11 12:00:00+00:00,0.303,0.567,83.8
2024-07-11 13:00:00+00:00,0.303,0.594,77.25
2024-07-11 14:00:00+00:00,0.311,0.5474,75.4
2024-07-11 15:00:00+00:00,0.3347,0.4924,56.38
2024-07-11 16:00:00+00:00,0.3296,0.4465,78.2
2024-07-11 17:00:00+00:00,0.3623,0.2937,79.4
2024-07-11 18:00:00+00:00,0.383,0.12244,113.5
2024-07-11 19:00:00+00:00,0.4104,0.01892,130.9
2024-07-11 20:00:00+00:00,0.3926,0.000231,115.44
2024-07-11 21:00:00+00:00,0.391,7.975e-05,104.6
2024-07-11 22:00:00+00:00,0.382,0.0001178,102.8
2024-07-11 23:00:00+00:00,0.375,4.506e-05,97.9
2024-07-12 00:00:00+00:00,0.3708,3.76e-05,100.9
2024-07-12 01:00:00+00:00,0.347,1.943e-05,80.3
2024-07-12 02:00:00+00:00,0.325,1.633e-05,67.6
2024-07-12 03:00:00+00:00,0.2979,5.96e-06,91.94
2024-07-12 04:00:00+00:00,0.2888,7.57e-06,94.6
2024-07-12 05:00:00+00:00,0.27,0.005898,103.7
2024-07-12 06:00:00+00:00,0.2651,0.0627,121.4
2024-07-12 07:00:00+00:00,0.2423,0.1857,109.8
2024-07-12 08:00:00+00:00,0.2499,0.338,86.7
2024-07-12 09:00:00+00:00,0.2181,0.4692,83.0
2024-07-12 10:00:00+00:00,0.2286,0.547,97.1
2024-07-12 11:00:00+00:00,0.2382,0.6113,56.9
2024-07-12 12:00:00+00:00,0.2568,0.5938,49.88
2024-07-12 13:00:00+00:00,0.2708,0.6147,46.53
2024-07-12 14:00:00+00:00,0.372,0.5737,26.25
2024-07-12 15:00:00+00:00,0.3796,0.5234,47.22
2024-07-12 16:00:00+00:00,0.3816,0.4485,44.16
2024-07-12 17:00:00+00:00,0.4033,0.2805,73.6
2024-07-12 18:00:00+00:00,0.3408,0.1044,112.9
2024-07-12 19:00:00+00:00,0.351,0.012245,134.6
2024-07-12 20:00:00+00:00,0.3464,8.88e-05,108.3
2024-07-12 21:00:00+00:00,0.328,5.245e-05,106.06
2024-07-12 22:00:00+00:00,0.3213,9.45e-05,106.3
2024-07-12 23:00:00+00:00,0.3198,3.546e-05,100.7
2024-07-13 00:00:00+00:00,0.3086,2.85e-05,95.06
2024-07-13 01:00:00+00:00,0.2998,1.56e-05,96.9
2024-07-13 02:00:00+00:00,0.3113,8.9e-06,100.1
2024-07-13 03:00:00+00:00,0.293,2.3e-06,111.9
2024-07-13 04:00:00+00:00,0.2993,0.0,122.3
2024-07-13 05:00:00+00:00,0.289,0.003975,126.3
2024-07-13 06:00:00+00:00,0.2856,0.06015,117.5
2024-07-13 07:00:00+00:00,0.2612,0.168,108.94
2024-07-13 08:00:00+00:00,0.2233,0.3486,78.8
2024-07-13 09:00:00+00:00,0.1965,0.5034,81.94
2024-07-13 10:00:00+00:00,0.1696,0.617,55.16
2024-07-13 11:00:00+00:00,0.1404,0.6772,44.4
2024-07-13 12:00:00+00:00,0.1605,0.689,49.12
2024-07-13 13:00:00+00:00,0.175,0.71,62.03
2024-07-13 14:00:00+00:00,0.1824,0.6694,60.44
2024-07-13 15:00:00+00:00,0.1925,0.6,48.66
2024-07-13 16:00:00+00:00,0.1877,0.51,61.03
2024-07-13 17:00:00+00:00,0.1864,0.3303,97.8
2024-07-13 18:00:00+00:00,0.2148,0.11957,109.06
2024-07-13 19:00:00+00:00,0.2356,0.01646,130.6
2024-07-13 20:00:00+00:00,0.2167,0.0001502,144.9
2024-07-13 21:00:00+00:00,0.1959,7.53e-05,136.0
2024-07-13 22:00:00+00:00,0.1923,0.0001438,137.0
2024-07-13 23:00:00+00:00,0.1466,4.506e-05,136.2
2024-07-14 00:00:00+00:00,0.1799,4.35e-05,143.8
2024-07-14 01:00:00+00:00,0.1733,2.134e-05,136.8
2024-07-14 02:00:00+00:00,0.142,2.09e-05,164.8
2024-07-14 03:00:00+00:00,0.1417,1.013e-05,165.2
2024-07-14 04:00:00+00:00,0.1465,1.16e-05,148.5
2024-07-14 05:00:00+00:00,0.146,0.006393,157.9
2024-07-14 06:00:00+00:00,0.12225,0.0832,155.9
2024-07-14 07:00:00+00:00,0.0905,0.2343,137.4
2024-07-14 08:00:00+00:00,0.0323,0.4534,116.06
2024-07-14 09:00:00+00:00,0.00462,0.622,98.4
2024-07-14 10:00:00+00:00,0.01874,0.727,78.2
2024-07-14 11:00:00+00:00,0.0338,0.772,76.1
2024-07-14 12:00:00+00:00,0.01188,0.7812,72.4
2024-07-14 13:00:00+00:00,0.01106,0.7705,91.0
2024-07-14 14:00:00+00:00,0.0299,0.7314,85.0
2024-07-14 15:00:00+00:00,0.0524,0.6562,112.5
2024-07-14 16:00:00+00:00,0.0773,0.5493,112.9
2024-07-14 17:00:00+00:00,0.11664,0.3647,134.4
2024-07-14 18:00:00+00:00,0.1664,0.1471,151.0
2024-07-14 19:00:00+00:00,0.1931,0.02151,157.0
2024-07-14 20:00:00+00:00,0.2085,0.0002356,153.6
2024-07-14 21:00:00+00:00,0.2141,8.553e-05,129.8
2024-07-14 22:00:00+00:00,0.2135,0.0001476,121.2
2024-07-14 23:00:00+00:00,0.2192,4.506e-05,124.06
2024-07-15 00:00:00+00:00,0.2827,4.274e-05,132.6
2024-07-15 01:00:00+00:00,0.2805,2.26e-05,128.8
2024-07-15 02:00:00+00:00,0.28,2.515e-05,156.2
2024-07-15 03:00:00+00:00,0.2793,1.89e-05,156.1
2024-07-15 04:00:00+00:00,0.207,2.61e-05,154.5
2024-07-15 05:00:00+00:00,0.1929,0.00996,164.9
2024-07-15 06:00:00+00:00,0.1725,0.09705,196.8
2024-07-15 07:00:00+00:00,0.1193,0.262,165.5
2024-07-15 08:00:00+00:00,0.0773,0.4617,99.0
2024-07-15 09:00:00+00:00,0.04715,0.633,87.8
2024-07-15 10:00:00+00:00,0.02795,0.727,101.25
2024-07-15 11:00:00+00:00,0.01031,0.772,106.1
2024-07-15 12:00:00+00:00,0.03044,0.7812,-2.0
2024-07-15 13:00:00+00:00,0.010544,0.759,-2.0
2024-07-15 14:00:00+00:00,0.0523,0.7095,-2.0
2024-07-15 15:00:00+00:00,0.082,0.628,103.8
2024-07-15 16:00:00+00:00,0.0957,0.5215,105.9
2024-07-15 17:00:00+00:00,0.1235,0.3374,130.8
2024-07-15 18:00:00+00:00,0.1558,0.1305,150.5
2024-07-15 19:00:00+00:00,0.1752,0.01822,170.6
2024-07-15 20:00:00+00:00,0.1829,0.0001794,145.6
2024-07-15 21:00:00+00:00,0.185,6.99e-05,140.2
2024-07-15 22:00:00+00:00,0.2378,0.0001186,122.2
2024-07-15 23:00:00+00:00,0.2382,4.107e-05,118.1
2024-07-16 00:00:00+00:00,0.244,3.03e-05,93.75
2024-07-16 01:00:00+00:00,0.2465,1.64e-05,103.44
2024-07-16 02:00:00+00:00,0.2534,1.913e-05,120.6
2024-07-16 03:00:00+00:00,0.255,1.48e-05,113.06
2024-07-16 04:00:00+00:00,0.2642,1.69e-05,103.94
2024-07-16 05:00:00+00:00,0.2444,0.006855,119.3
2024-07-16 06:00:00+00:00,0.2262,0.07153,144.4
2024-07-16 07:00:00+00:00,0.1825,0.2354,136.5
2024-07-16 08:00:00+00:00,0.1388,0.4746,99.7
2024-07-16 09:00:00+00:00,0.1388,0.633,73.25
2024-07-16 10:00:00+00:00,0.1311,0.727,77.06
2024-07-16 11:00:00+00:00,0.1289,0.7563,69.56
2024-07-16 12:00:00+00:00,0.12274,0.742,93.8
2024-07-16 13:00:00+00:00,0.12396,0.751,92.6
2024-07-16 14:00:00+00:00,0.1327,0.7007,68.7
2024-07-16 15:00:00+00:00,0.1447,0.637,82.2
2024-07-16 16:00:00+00:00,0.1542,0.5317,73.94
2024-07-16 17:00:00+00:00,0.1716,0.3389,86.8
2024-07-16 18:00:00+00:00,0.2048,0.1285,123.25
2024-07-16 19:00:00+00:00,0.2242,0.01816,152.9
2024-07-16 20:00:00+00:00,0.2255,0.0001931,139.8
2024-07-16 21:00:00+00:00,0.2131,6.25e-05,119.1
2024-07-16 22:00:00+00:00,0.1711,9.507e-05,128.2
2024-07-16 23:00:00+00:00,0.1694,3.64e-05,119.9
2024-07-17 00:00:00+00:00,0.1769,2.68e-05,126.06
2024-07-17 01:00:00+00:00,0.1697,1.6e-05,117.8
2024-07-17 02:00:00+00:00,0.1678,1.91e-05,124.5
2024-07-17 03:00:00+00:00,0.1265,1.08e-05,131.1
2024-07-17 04:00:00+00:00,0.1437,1.24e-05,128.5
2024-07-17 05:00:00+00:00,0.1554,0.007195,136.1
2024-07-17 06:00:00+00:00,0.1437,0.0809,134.2
2024-07-17 07:00:00+00:00,0.1168,0.258,111.2
2024-07-17 08:00:00+00:00,0.0707,0.4778,97.44
2024-07-17 09:00:00+00:00,0.04785,0.633,77.9
2024-07-17 10:00:00+00:00,0.03937,0.727,72.25
2024-07-17 11:00:00+00:00,0.03934,0.772,52.8
2024-07-17 12:00:00+00:00,0.02895,0.7812,41.34
2024-07-17 13:00:00+00:00,0.0802,0.7705,38.12
2024-07-17 14:00:00+00:00,0.0846,0.7314,61.72
2024-07-17 15:00:00+00:00,0.1054,0.6562,63.12
2024-07-17 16:00:00+00:00,0.11115,0.5283,81.06
2024-07-17 17:00:00+00:00,0.1223,0.341,124.3
2024-07-17 18:00:00+00:00,0.1559,0.1365,141.9
2024-07-17 19:00:00+00:00,0.169,0.02193,158.6
2024-07-17 20:00:00+00:00,0.1772,0.0002542,169.8
2024-07-17 21:00:00+00:00,0.1777,8.42e-05,141.4
2024-07-17 22:00:00+00:00,0.1445,0.0001002,132.6
2024-07-17 23:00:00+00:00,0.173,4.18e-05,136.2
2024-07-18 00:00:00+00:00,0.1793,3.71e-05,134.1
2024-07-18 01:00:00+00:00,0.1732,1.675e-05,111.4
2024-07-18 02:00:00+00:00,0.172,1.5e-05,110.2
2024-07-18 03:00:00+00:00,0.1835,6.3e-06,101.4
2024-07-18 04:00:00+00:00,0.1648,8.5e-06,87.94
2024-07-18 05:00:00+00:00,0.1686,0.007805,117.94
2024-07-18 06:00:00+00:00,0.1501,0.083,118.06
2024-07-18 07:00:00+00:00,0.1242,0.252,110.2
2024-07-18 08:00:00+00:00,0.0855,0.4336,115.1
2024-07-18 09:00:00+00:00,0.0445,0.6313,104.06
2024-07-18 10:00:00+00:00,0.03174,0.727,98.4
2024-07-18 11:00:00+00:00,0.0372,0.772,91.44
2024-07-18 12:00:00+00:00,0.04056,0.7812,86.6
2024-07-18 13:00:00+00:00,0.05493,0.7705,72.4
2024-07-18 14:00:00+00:00,0.0663,0.7314,43.38
2024-07-18 15:00:00+00:00,0.0793,0.6562,52.78
2024-07-18 16:00:00+00:00,0.09033,0.5493,56.4
2024-07-18 17:00:00+00:00,0.1215,0.3647,86.5
2024-07-18 18:00:00+00:00,0.1617,0.1465,116.06
2024-07-18 19:00:00+00:00,0.178,0.0225,134.8
2024-07-18 20:00:00+00:00,0.1821,0.0002005,124.7
2024-07-18 21:00:00+00:00,0.1769,6.26e-05,105.9
2024-07-18 22:00:00+00:00,0.1731,6.133e-05,102.9
2024-07-18 23:00:00+00:00,0.1824,3.105e-05,115.56
2024-07-19 00:00:00+00:00,0.1823,3.64e-05,119.06
2024-07-19 01:00:00+00:00,0.2015,1.913e-05,130.4
2024-07-19 02:00:00+00:00,0.2028,2.4e-05,120.06
2024-07-19 03:00:00+00:00,0.2045,1.657e-05,134.4
2024-07-19 04:00:00+00:00,0.1826,1.85e-05,131.2
2024-07-19 05:00:00+00:00,0.1666,0.00995,141.6
2024-07-19 06:00:00+00:00,0.1432,0.1063,141.2
2024-07-19 07:00:00+00:00,0.1158,0.3025,131.8
2024-07-19 08:00:00+00:00,0.07837,0.4924,112.3
2024-07-19 09:00:00+00:00,0.04932,0.633,99.9
2024-07-19 10:00:00+00:00,0.03198,0.727,-2.0
2024-07-19 11:00:00+00:00,0.02629,0.772,-2.0
2024-07-19 12:00:00+00:00,0.05145,0.7812,-2.0
2024-07-19 13:00:00+00:00,0.0623,0.7705,-2.0
2024-07-19 14:00:00+00:00,0.0737,0.7314,-2.0
2024-07-19 15:00:00+00:00,0.0956,0.6562,64.4
2024-07-19 16:00:00+00:00,0.1324,0.5493,81.06
2024-07-19 17:00:00+00:00,0.149,0.3647,80.94
2024-07-19 18:00:00+00:00,0.1813,0.1514,100.7
2024-07-19 19:00:00+00:00,0.1854,0.02339,117.44
2024-07-19 20:00:00+00:00,0.2164,0.0002378,95.94
2024-07-19 21:00:00+00:00,0.2196,6.944e-05,85.75
2024-07-19 22:00:00+00:00,0.2441,6.69e-05,92.4
2024-07-19 23:00:00+00:00,0.2489,1.895e-05,85.6
2024-07-20 00:00:00+00:00,0.251,2.62e-05,76.9
2024-07-20 01:00:00+00:00,0.2507,9.5e-06,67.56
2024-07-20 02:00:00+00:00,0.2399,1.115e-05,71.5
2024-07-20 03:00:00+00:00,0.2274,6.6e-06,71.0
2024-07-20 04:00:00+00:00,0.2246,5.96e-06,57.88
2024-07-20 05:00:00+00:00,0.2311,0.00645,79.0
2024-07-20 06:00:00+00:00,0.2299,0.08417,86.25
2024-07-20 07:00:00+00:00,0.17,0.2715,63.22
2024-07-20 08:00:00+00:00,0.1493,0.4678,55.72
2024-07-20 09:00:00+00:00,0.1191,0.633,30.97
2024-07-20 10:00:00+00:00,0.10913,0.727,24.27
2024-07-20 11:00:00+00:00,0.1406,0.772,11.445
2024-07-20 12:00:00+00:00,0.1475,0.764,11.555
2024-07-20 13:00:00+00:00,0.1459,0.7705,18.88
2024-07-20 14:00:00+00:00,0.1599,0.7314,0.6333
2024-07-20 15:00:00+00:00,0.1865,0.6562,-2.0
2024-07-20 16:00:00+00:00,0.22,0.5493,10.92
2024-07-20 17:00:00+00:00,0.2463,0.3647,29.0
2024-07-20 18:00:00+00:00,0.2795,0.1493,60.28
2024-07-20 19:00:00+00:00,0.2905,0.02147,62.84
2024-07-20 20:00:00+00:00,0.297,0.0001693,69.6
2024-07-20 21:00:00+00:00,0.2979,6.84e-05,64.2
2024-07-20 22:00:00+00:00,0.3047,7.826e-05,48.28
2024-07-20 23:00:00+00:00,0.3188,3.06e-05,57.2
2024-07-21 00:00:00+00:00,0.3496,2.95e-05,60.12
2024-07-21 01:00:00+00:00,0.33,1.526e-05,77.06
2024-07-21 02:00:00+00:00,0.3264,1.9e-05,46.38
2024-07-21 03:00:00+00:00,0.325,1.186e-05,47.06
2024-07-21 04:00:00+00:00,0.2932,1.72e-05,31.7
2024-07-21 05:00:00+00:00,0.2827,0.007965,44.44
2024-07-21 06:00:00+00:00,0.254,0.09204,63.16
2024-07-21 07:00:00+00:00,0.1985,0.2773,36.9
2024-07-21 08:00:00+00:00,0.148,0.475,27.02
2024-07-21 09:00:00+00:00,0.0899,0.633,17.17
2024-07-21 10:00:00+00:00,0.0672,0.727,16.4
2024-07-21 11:00:00+00:00,0.05527,0.772,7.19
2024-07-21 12:00:00+00:00,0.0567,0.78,-2.0
2024-07-21 13:00:00+00:00,0.0641,0.7373,11.664
2024-07-21 14:00:00+00:00,0.0811,0.6963,9.47
2024-07-21 15:00:00+00:00,0.0938,0.637,15.2
2024-07-21 16:00:00+00:00,0.1048,0.5137,25.2
2024-07-21 17:00:00+00:00,0.1257,0.333,31.02
2024-07-21 18:00:00+00:00,0.1509,0.1323,55.6
2024-07-21 19:00:00+00:00,0.1682,0.01805,78.25
2024-07-21 20:00:00+00:00,0.1613,0.0001385,84.9
2024-07-21 21:00:00+00:00,0.193,6.02e-05,74.0
2024-07-21 22:00:00+00:00,0.1945,7.516e-05,55.34
2024-07-21 23:00:00+00:00,0.2054,2.89e-05,48.53
2024-07-22 00:00:00+00:00,0.2051,3.433e-05,49.1
2024-07-22 01:00:00+00:00,0.1954,1.836e-05,38.53
2024-07-22 02:00:00+00:00,0.1956,1.95e-05,24.94
2024-07-22 03:00:00+00:00,0.1884,9.9e-06,19.1
2024-07-22 04:00:00+00:00,0.1914,1.806e-05,46.06
2024-07-22 05:00:00+00:00,0.1936,0.010185,76.4
2024-07-22 06:00:00+00:00,0.201,0.1115,83.6
2024-07-22 07:00:00+00:00,0.1803,0.3025,81.2
2024-07-22 08:00:00+00:00,0.1333,0.4924,72.6
2024-07-22 09:00:00+00:00,0.0963,0.633,63.4
2024-07-22 10:00:00+00:00,0.0736,0.727,65.25
2024-07-22 11:00:00+00:00,0.0783,0.772,52.2
2024-07-22 12:00:00+00:00,0.0983,0.7812,45.3
2024-07-22 13:00:00+00:00,0.1124,0.7705,82.4
2024-07-22 14:00:00+00:00,0.1271,0.7314,66.56
2024-07-22 15:00:00+00:00,0.1526,0.652,52.62
2024-07-22 16:00:00+00:00,0.1659,0.5386,42.8
2024-07-22 17:00:00+00:00,0.201,0.3533,69.44
2024-07-22 18:00:00+00:00,0.2433,0.1388,88.4
2024-07-22 19:00:00+00:00,0.2947,0.01904,121.4
2024-07-22 20:00:00+00:00,0.2854,0.0001575,119.9
2024-07-22 21:00:00+00:00,0.2761,6.12e-05,185.5
2024-07-22 22:00:00+00:00,0.2598,5.72e-05,173.4
2024-07-22 23:00:00+00:00,0.2651,2e-05,201.0
2024-07-23 00:00:00+00:00,0.2769,2.3e-05,166.4
2024-07-23 01:00:00+00:00,0.2874,1.156e-05,168.0
2024-07-23 02:00:00+00:00,0.35,1.81e-05,154.8
2024-07-23 03:00:00+00:00,0.3533,1.025e-05,171.0
2024-07-23 04:00:00+00:00,0.3325,1.95e-05,92.25
2024-07-23 05:00:00+00:00,0.3342,0.009544,94.44
2024-07-23 06:00:00+00:00,0.3154,0.1115,92.5
2024-07-23 07:00:00+00:00,0.2598,0.3025,91.94
2024-07-23 08:00:00+00:00,0.2322,0.4924,62.25
2024-07-23 09:00:00+00:00,0.2073,0.633,47.4
2024-07-23 10:00:00+00:00,0.2375,0.727,15.03
2024-07-23 11:00:00+00:00,0.2352,0.772,7.42
2024-07-23 12:00:00+00:00,0.252,0.7812,6.86
2024-07-23 13:00:00+00:00,0.27,0.7705,12.51
2024-07-23 14:00:00+00:00,0.2842,0.7314,1.791
2024-07-23 15:00:00+00:00,0.2754,0.6562,1.073
2024-07-23 16:00:00+00:00,0.2969,0.5493,26.47
2024-07-23 17:00:00+00:00,0.349,0.349,65.0
2024-07-23 18:00:00+00:00,0.3838,0.1354,75.4
2024-07-23 19:00:00+00:00,0.3933,0.01788,101.3
2024-07-23 20:00:00+00:00,0.3704,0.0001848,108.44
2024-07-23 21:00:00+00:00,0.3555,6.34e-05,113.25
2024-07-23 22:00:00+00:00,0.3618,8.225e-05,98.8
2024-07-23 23:00:00+00:00,0.3616,2.384e-05,102.06
2024-07-24 00:00:00+00:00,0.362,1.824e-05,79.6
2024-07-24 01:00:00+00:00,0.376,1.067e-05,77.4
2024-07-24 02:00:00+00:00,0.3706,1.31e-05,55.2
2024-07-24 03:00:00+00:00,0.3945,1.127e-05,35.16
2024-07-24 04:00:00+00:00,0.4094,1.997e-05,35.66
2024-07-24 05:00:00+00:00,0.4094,0.009575,73.56
2024-07-24 06:00:00+00:00,0.4,0.09576,80.5
2024-07-24 07:00:00+00:00,0.42,0.2705,55.78
2024-07-24 08:00:00+00:00,0.3953,0.4126,52.0
2024-07-24 09:00:00+00:00,0.3833,0.555,48.1
2024-07-24 10:00:00+00:00,0.3735,0.6255,36.2
2024-07-24 11:00:00+00:00,0.3872,0.6313,32.62
2024-07-24 12:00:00+00:00,0.4006,0.6084,25.78
2024-07-24 13:00:00+00:00,0.4595,0.588,11.07
2024-07-24 14:00:00+00:00,0.5566,0.551,20.03
2024-07-24 15:00:00+00:00,0.5674,0.4917,11.18
2024-07-24 16:00:00+00:00,0.5576,0.421,13.22
2024-07-24 17:00:00+00:00,0.584,0.2854,40.06
2024-07-24 18:00:00+00:00,0.6,0.1128,52.88
2024-07-24 19:00:00+00:00,0.608,0.01688,50.47
2024-07-24 20:00:00+00:00,0.6035,0.0001951,46.2
2024-07-24 21:00:00+00:00,0.6006,4.75e-05,39.22
2024-07-24 22:00:00+00:00,0.5674,6.366e-05,31.9
2024-07-24 23:00:00+00:00,0.547,1.66e-05,23.5
2024-07-25 00:00:00+00:00,0.503,1.85e-05,35.38
2024-07-25 01:00:00+00:00,0.497,8.3e-06,36.75
2024-07-25 02:00:00+00:00,0.4346,1.14e-05,61.2
2024-07-25 03:00:00+00:00,0.4075,7.6e-06,56.16
2024-07-25 04:00:00+00:00,0.4192,1.65e-05,52.1
2024-07-25 05:00:00+00:00,0.4138,0.00788,81.3
2024-07-25 06:00:00+00:00,0.3328,0.0812,99.4
2024-07-25 07:00:00+00:00,0.2864,0.2434,100.8
2024-07-25 08:00:00+00:00,0.2292,0.3914,84.1
2024-07-25 09:00:00+00:00,0.1781,0.567,77.1
2024-07-25 10:00:00+00:00,0.1538,0.668,72.25
2024-07-25 11:00:00+00:00,0.1526,0.6895,82.9
2024-07-25 12:00:00+00:00,0.1393,0.667,63.12
2024-07-25 13:00:00+00:00,0.1238,0.6504,55.16
2024-07-25 14:00:00+00:00,0.12274,0.626,65.06
2024-07-25 15:00:00+00:00,0.11554,0.5576,66.94
2024-07-25 16:00:00+00:00,0.0953,0.4817,43.53
2024-07-25 17:00:00+00:00,0.11676,0.3154,87.0
2024-07-25 18:00:00+00:00,0.1478,0.12177,101.9
2024-07-25 19:00:00+00:00,0.1805,0.01508,107.94
2024-07-25 20:00:00+00:00,0.188,0.0001221,117.06
2024-07-25 21:00:00+00:00,0.1852,5.08e-05,109.1
2024-07-25 22:00:00+00:00,0.1597,7.135e-05,114.56
2024-07-25 23:00:00+00:00,0.1556,2.253e-05,113.6
2024-07-26 00:00:00+00:00,0.1654,2.02e-05,76.75
2024-07-26 01:00:00+00:00,0.1659,1.72e-05,78.44
2024-07-26 02:00:00+00:00,0.1912,1.645e-05,93.8
2024-07-26 03:00:00+00:00,0.1904,1.25e-05,82.7
2024-07-26 04:00:00+00:00,0.189,2.08e-05,91.06
2024-07-26 05:00:00+00:00,0.1848,0.00851,93.8
2024-07-26 06:00:00+00:00,0.1326,0.09515,116.6
2024-07-26 07:00:00+00:00,0.09705,0.2603,104.1
2024-07-26 08:00:00+00:00,0.0835,0.4102,82.94
2024-07-26 09:00:00+00:00,0.06934,0.541,88.06
2024-07-26 10:00:00+00:00,0.04507,0.654,78.1
2024-07-26 11:00:00+00:00,0.03824,0.672,78.25
2024-07-26 12:00:00+00:00,0.02873,0.676,64.2
2024-07-26 13:00:00+00:00,0.0685,0.6523,50.12
2024-07-26 14:00:00+00:00,0.0797,0.6416,48.84
2024-07-26 15:00:00+00:00,0.0907,0.575,71.06
2024-07-26 16:00:00+00:00,0.10767,0.4756,81.9
2024-07-26 17:00:00+00:00,0.1344,0.3086,107.94
2024-07-26 18:00:00+00:00,0.1588,0.1247,144.6
2024-07-26 19:00:00+00:00,0.2092,0.01685,146.1
2024-07-26 20:00:00+00:00,0.2223,0.0001312,129.2
2024-07-26 21:00:00+00:00,0.2233,4.44e-05,128.1
2024-07-26 22:00:00+00:00,0.228,6.05e-05,94.1
2024-07-26 23:00:00+00:00,0.2388,1.49e-05,91.9
2024-07-27 00:00:00+00:00,0.2386,5.4e-06,67.4
2024-07-27 01:00:00+00:00,0.2411,4.05e-06,77.5
2024-07-27 02:00:00+00:00,0.2568,8.76e-06,82.7
2024-07-27 03:00:00+00:00,0.2578,9.06e-06,90.1
2024-07-27 04:00:00+00:00,0.291,1.425e-05,86.3
2024-07-27 05:00:00+00:00,0.2964,0.00694,80.44
2024-07-27 06:00:00+00:00,0.2815,0.08057,68.5
2024-07-27 07:00:00+00:00,0.254,0.243,47.4
2024-07-27 08:00:00+00:00,0.2233,0.4143,135.5
2024-07-27 09:00:00+00:00,0.204,0.5674,102.2
2024-07-27 10:00:00+00:00,0.1777,0.675,37.88
2024-07-27 11:00:00+00:00,0.2223,0.732,54.06
2024-07-27 12:00:00+00:00,0.2825,0.7427,46.1
2024-07-27 13:00:00+00:00,0.299,0.7163,50.72
2024-07-27 14:00:00+00:00,0.2893,0.6714,40.5
2024-07-27 15:00:00+00:00,0.3225,0.5767,41.1
2024-07-27 16:00:00+00:00,0.336,0.48,52.88
2024-07-27 17:00:00+00:00,0.3374,0.3137,72.2
2024-07-27 18:00:00+00:00,0.3765,0.1301,113.56
2024-07-27 19:00:00+00:00,0.44,0.01794,102.5
2024-07-27 20:00:00+00:00,0.4268,0.0001701,102.2
2024-07-27 21:00:00+00:00,0.4165,6.557e-05,103.4
2024-07-27 22:00:00+00:00,0.4258,9.394e-05,89.2
2024-07-27 23:00:00+00:00,0.4446,2.76e-05,88.7
2024-07-28 00:00:00+00:00,0.4219,1.61e-05,92.94
2024-07-28 01:00:00+00:00,0.416,9.7e-06,96.0
2024-07-28 02:00:00+00:00,0.3843,6.2e-06,94.75
2024-07-28 03:00:00+00:00,0.3772,7.75e-06,84.44
2024-07-28 04:00:00+00:00,0.3735,2.01e-05,89.56
2024-07-28 05:00:00+00:00,0.3264,0.01207,107.56
2024-07-28 06:00:00+00:00,0.2983,0.1115,99.75
2024-07-28 07:00:00+00:00,0.2957,0.3025,93.4
2024-07-28 08:00:00+00:00,0.2842,0.4924,57.84
2024-07-28 09:00:00+00:00,0.2588,0.633,30.0
2024-07-28 10:00:00+00:00,0.2595,0.727,26.56
2024-07-28 11:00:00+00:00,0.2512,0.772,20.73
2024-07-28 12:00:00+00:00,0.2627,0.7812,3.482
2024-07-28 13:00:00+00:00,0.293,0.7705,10.97
2024-07-28 14:00:00+00:00,0.3105,0.7314,5.547
2024-07-28 15:00:00+00:00,0.3208,0.6562,19.4
2024-07-28 16:00:00+00:00,0.336,0.5493,16.84
2024-07-28 17:00:00+00:00,0.3882,0.3647,35.16
2024-07-28 18:00:00+00:00,0.4333,0.1476,58.1
2024-07-28 19:00:00+00:00,0.4666,0.01764,109.8
2024-07-28 20:00:00+00:00,0.454,0.000171,98.2
2024-07-28 21:00:00+00:00,0.436,7.373e-05,78.06
2024-07-28 22:00:00+00:00,0.4133,8.255e-05,72.3
2024-07-28 23:00:00+00:00,0.41,2.617e-05,64.4
2024-07-29 00:00:00+00:00,0.4092,1.955e-05,66.0
2024-07-29 01:00:00+00:00,0.4143,1.66e-05,83.06
2024-07-29 02:00:00+00:00,0.4258,1.496e-05,60.2
2024-07-29 03:00:00+00:00,0.4333,1.1e-05,46.03
2024-07-29 04:00:00+00:00,0.4333,1.92e-05,52.16
2024-07-29 05:00:00+00:00,0.467,0.009384,75.25
2024-07-29 06:00:00+00:00,0.4487,0.0973,77.4
2024-07-29 07:00:00+00:00,0.4014,0.284,66.06
2024-07-29 08:00:00+00:00,0.3818,0.4446,49.62
2024-07-29 09:00:00+00:00,0.396,0.5957,22.28
2024-07-29 10:00:00+00:00,0.3652,0.692,20.06
2024-07-29 11:00:00+00:00,0.3635,0.7544,42.72
2024-07-29 12:00:00+00:00,0.3574,0.757,29.62
2024-07-29 13:00:00+00:00,0.349,0.7686,35.0
2024-07-29 14:00:00+00:00,0.343,0.7314,42.88
2024-07-29 15:00:00+00:00,0.3625,0.6562,46.12
2024-07-29 16:00:00+00:00,0.3716,0.5337,30.0
2024-07-29 17:00:00+00:00,0.374,0.3596,42.3
2024-07-29 18:00:00+00:00,0.41,0.1462,71.4
2024-07-29 19:00:00+00:00,0.4443,0.01675,102.7
2024-07-29 20:00:00+00:00,0.453,0.0001236,93.4
2024-07-29 21:00:00+00:00,0.434,5.895e-05,78.9
2024-07-29 22:00:00+00:00,0.4316,9.29e-05,86.9
2024-07-29 23:00:00+00:00,0.429,3.27e-05,77.3
2024-07-30 00:00:00+00:00,0.4238,2.68e-05,84.2
2024-07-30 01:00:00+00:00,0.4033,8.76e-06,80.44
2024-07-30 02:00:00+00:00,0.4011,8.5e-06,73.94
2024-07-30 03:00:00+00:00,0.4326,5e-06,44.75
2024-07-30 04:00:00+00:00,0.4268,8.9e-06,60.9
2024-07-30 05:00:00+00:00,0.4263,0.00792,70.94
2024-07-30 06:00:00+00:00,0.447,0.0909,76.3
2024-07-30 07:00:00+00:00,0.42,0.2864,76.9
2024-07-30 08:00:00+00:00,0.3948,0.4607,48.06
2024-07-30 09:00:00+00:00,0.3716,0.619,35.12
2024-07-30 10:00:00+00:00,0.325,0.727,-2.0
2024-07-30 11:00:00+00:00,0.3313,0.772,-2.0
2024-07-30 12:00:00+00:00,0.3237,0.7812,15.055
2024-07-30 13:00:00+00:00,0.3303,0.7705,27.94
2024-07-30 14:00:00+00:00,0.3408,0.7314,27.36
2024-07-30 15:00:00+00:00,0.3396,0.6562,40.06
2024-07-30 16:00:00+00:00,0.354,0.5493,39.62
2024-07-30 17:00:00+00:00,0.4219,0.3647,74.9
2024-07-30 18:00:00+00:00,0.464,0.1514,103.0
2024-07-30 19:00:00+00:00,0.51,0.0211,124.75
2024-07-30 20:00:00+00:00,0.5317,0.0002279,120.06
2024-07-30 21:00:00+00:00,0.501,8.86e-05,115.94
2024-07-30 22:00:00+00:00,0.4636,0.0001247,99.0
2024-07-30 23:00:00+00:00,0.4482,4.27e-05,100.75
2024-07-31 00:00:00+00:00,0.443,4.256e-05,88.44
2024-07-31 01:00:00+00:00,0.4421,1.93e-05,89.5
2024-07-31 02:00:00+00:00,0.4888,1.26e-05,76.8
2024-07-31 03:00:00+00:00,0.4768,1.11e-05,90.44
2024-07-31 04:00:00+00:00,0.472,1.5e-05,80.56
2024-07-31 05:00:00+00:00,0.4648,0.00807,95.0
2024-07-31 06:00:00+00:00,0.4536,0.09344,96.6
2024-07-31 07:00:00+00:00,0.4128,0.2932,84.2
2024-07-31 08:00:00+00:00,0.3643,0.4849,57.72
2024-07-31 09:00:00+00:00,0.3447,0.595,53.25
2024-07-31 10:00:00+00:00,0.302,0.707,26.0
2024-07-31 11:00:00+00:00,0.2477,0.7715,16.92
2024-07-31 12:00:00+00:00,0.2247,0.7793,25.22
2024-07-31 13:00:00+00:00,0.2617,0.754,25.56
2024-07-31 14:00:00+00:00,0.2952,0.7144,17.58
2024-07-31 15:00:00+00:00,0.332,0.6562,23.5
2024-07-31 16:00:00+00:00,0.3586,0.513,-2.0
2024-07-31 17:00:00+00:00,0.391,0.359,77.75
2024-07-31 18:00:00+00:00,0.4355,0.141,138.0
2024-07-31 19:00:00+00:00,0.4587,0.0181,146.9
2024-07-31 20:00:00+00:00,0.451,0.0001755,144.4
2024-07-31 21:00:00+00:00,0.4502,5.794e-05,126.5
2024-07-31 22:00:00+00:00,0.4539,5.85e-05,122.7
2024-07-31 23:00:00+00:00,0.4639,2.29e-05,113.5
2024-08-01 00:00:00+00:00,0.4531,4e-05,108.4
2024-08-01 01:00:00+00:00,0.438,4.476e-05,117.5
2024-08-01 02:00:00+00:00,0.429,4.476e-05,122.56
2024-08-01 03:00:00+00:00,0.411,6.586e-05,112.7
2024-08-01 04:00:00+00:00,0.4045,4.476e-05,113.44
2024-08-01 05:00:00+00:00,0.385,0.001648,124.56
2024-08-01 06:00:00+00:00,0.3613,0.0595,128.2
2024-08-01 07:00:00+00:00,0.319,0.2462,106.6
2024-08-01 08:00:00+00:00,0.2627,0.4424,67.06
2024-08-01 09:00:00+00:00,0.2388,0.6035,42.0
2024-08-01 10:00:00+00:00,0.2156,0.7153,29.03
2024-08-01 11:00:00+00:00,0.2079,0.749,36.5
2024-08-01 12:00:00+00:00,0.1892,0.763,35.06
2024-08-01 13:00:00+00:00,0.1786,0.723,36.6
2024-08-01 14:00:00+00:00,0.1802,0.68,42.78
2024-08-01 15:00:00+00:00,0.1965,0.585,41.84
2024-08-01 16:00:00+00:00,0.2489,0.4434,73.2
2024-08-01 17:00:00+00:00,0.2563,0.2705,98.5
2024-08-01 18:00:00+00:00,0.2847,0.07635,115.6
2024-08-01 19:00:00+00:00,0.2932,0.00399,139.5
2024-08-01 20:00:00+00:00,0.2947,0.0001255,105.4
2024-08-01 21:00:00+00:00,0.2808,4.494e-05,75.06
2024-08-01 22:00:00+00:00,0.2776,3.85e-05,107.2
2024-08-01 23:00:00+00:00,0.265,2.6e-05,102.1
2024-08-02 00:00:00+00:00,0.2712,3.38e-05,84.25
2024-08-02 01:00:00+00:00,0.2664,2.77e-05,74.75
2024-08-02 02:00:00+00:00,0.2131,3.42e-05,98.0
2024-08-02 03:00:00+00:00,0.1864,3.445e-05,98.8
2024-08-02 04:00:00+00:00,0.1757,3.83e-05,114.25
2024-08-02 05:00:00+00:00,0.1577,0.001159,114.06
2024-08-02 06:00:00+00:00,0.1544,0.05295,107.6
2024-08-02 07:00:00+00:00,0.12067,0.2184,87.7
2024-08-02 08:00:00+00:00,0.0639,0.434,71.1
2024-08-02 09:00:00+00:00,0.02182,0.5806,67.75
2024-08-02 10:00:00+00:00,0.007328,0.7065,42.53
2024-08-02 11:00:00+00:00,0.03082,0.7637,45.97
2024-08-02 12:00:00+00:00,0.01215,0.778,81.75
2024-08-02 13:00:00+00:00,0.08057,0.7646,86.9
2024-08-02 14:00:00+00:00,0.00743,0.7246,81.25
2024-08-02 15:00:00+00:00,0.01219,0.6157,98.1
2024-08-02 16:00:00+00:00,0.01836,0.469,122.44
2024-08-02 17:00:00+00:00,0.05145,0.2944,130.8
2024-08-02 18:00:00+00:00,0.08997,0.087,137.5
2024-08-02 19:00:00+00:00,0.1079,0.00528,156.5
2024-08-02 20:00:00+00:00,0.1215,0.0001825,113.8
2024-08-02 21:00:00+00:00,0.1366,4.816e-05,106.5
2024-08-02 22:00:00+00:00,0.1283,3.54e-05,107.9
2024-08-02 23:00:00+00:00,0.132,2.52e-05,104.0
2024-08-03 00:00:00+00:00,0.1455,2.96e-05,88.06
2024-08-03 01:00:00+00:00,0.1532,2.456e-05,92.06
2024-08-03 02:00:00+00:00,0.1531,3.59e-05,84.4
2024-08-03 03:00:00+00:00,0.1571,4.1e-05,97.1
2024-08-03 04:00:00+00:00,0.1332,3.314e-05,97.44
2024-08-03 05:00:00+00:00,0.1385,0.001388,82.06
2024-08-03 06:00:00+00:00,0.1278,0.05682,69.7
2024-08-03 07:00:00+00:00,0.08923,0.2382,53.56
2024-08-03 08:00:00+00:00,0.0461,0.472,30.84
2024-08-03 09:00:00+00:00,0.02248,0.6177,35.5
2024-08-03 10:00:00+00:00,0.02629,0.712,6.035
2024-08-03 11:00:00+00:00,0.02443,0.7476,23.52
2024-08-03 12:00:00+00:00,0.02324,0.7773,43.4
2024-08-03 13:00:00+00:00,0.04712,0.75,46.4
2024-08-03 14:00:00+00:00,0.09607,0.727,24.16
2024-08-03 15:00:00+00:00,0.11505,0.642,41.78
2024-08-03 16:00:00+00:00,0.1718,0.5073,50.62
2024-08-03 17:00:00+00:00,0.2134,0.3147,79.9
2024-08-03 18:00:00+00:00,0.2487,0.11383,91.06
2024-08-03 19:00:00+00:00,0.2888,0.00829,107.06
2024-08-03 20:00:00+00:00,0.3176,0.0002546,104.2
2024-08-03 21:00:00+00:00,0.3127,6.694e-05,93.44
2024-08-03 22:00:00+00:00,0.315,7.27e-05,99.5
2024-08-03 23:00:00+00:00,0.2908,3.79e-05,80.94
2024-08-04 00:00:00+00:00,0.3008,3.89e-05,72.5
2024-08-04 01:00:00+00:00,0.2937,3.463e-05,73.6
2024-08-04 02:00:00+00:00,0.2898,3.33e-05,101.25
2024-08-04 03:00:00+00:00,0.2827,3.8e-05,87.2
2024-08-04 04:00:00+00:00,0.2537,3.874e-05,73.8
2024-08-04 05:00:00+00:00,0.253,0.001321,54.03
2024-08-04 06:00:00+00:00,0.2266,0.05746,69.8
2024-08-04 07:00:00+00:00,0.2281,0.2463,64.6
2024-08-04 08:00:00+00:00,0.1901,0.472,32.4
2024-08-04 09:00:00+00:00,0.1721,0.6255,16.58
2024-08-04 10:00:00+00:00,0.1577,0.729,-2.0
2024-08-04 11:00:00+00:00,0.1552,0.7773,6.74
2024-08-04 12:00:00+00:00,0.1714,0.7964,6.285
2024-08-04 13:00:00+00:00,0.1968,0.7524,-0.8984
2024-08-04 14:00:00+00:00,0.2063,0.725,2.863
2024-08-04 15:00:00+00:00,0.2651,0.6353,-2.0
2024-08-04 16:00:00+00:00,0.2832,0.497,17.25
2024-08-04 17:00:00+00:00,0.301,0.3257,23.1
2024-08-04 18:00:00+00:00,0.3003,0.11383,69.56
2024-08-04 19:00:00+00:00,0.314,0.007576,110.75
2024-08-04 20:00:00+00:00,0.3242,0.0002773,106.44
2024-08-04 21:00:00+00:00,0.3252,8.66e-05,67.7
2024-08-04 22:00:00+00:00,0.3418,0.0001071,73.4
2024-08-04 23:00:00+00:00,0.359,4.28e-05,45.6
2024-08-05 00:00:00+00:00,0.3647,3.827e-05,49.7
2024-08-05 01:00:00+00:00,0.3625,2.71e-05,61.06
2024-08-05 02:00:00+00:00,0.3796,2.456e-05,62.97
2024-08-05 03:00:00+00:00,0.3877,2.635e-05,66.44
2024-08-05 04:00:00+00:00,0.4155,2.61e-05,75.5
2024-08-05 05:00:00+00:00,0.417,0.0007014,91.2
2024-08-05 06:00:00+00:00,0.4202,0.04767,58.62
2024-08-05 07:00:00+00:00,0.3843,0.2377,43.56
2024-08-05 08:00:00+00:00,0.334,0.444,-0.9126
2024-08-05 09:00:00+00:00,0.3005,0.5693,-2.0
2024-08-05 10:00:00+00:00,0.2812,0.667,10.67
2024-08-05 11:00:00+00:00,0.2266,0.7515,27.58
2024-08-05 12:00:00+00:00,0.2375,0.771,12.484
2024-08-05 13:00:00+00:00,0.2416,0.7373,6.562
2024-08-05 14:00:00+00:00,0.2397,0.7173,14.66
2024-08-05 15:00:00+00:00,0.2472,0.6104,38.12
2024-08-05 16:00:00+00:00,0.2338,0.4783,61.2
2024-08-05 17:00:00+00:00,0.2603,0.2888,84.75
2024-08-05 18:00:00+00:00,0.2732,0.09644,77.94
2024-08-05 19:00:00+00:00,0.291,0.006775,101.1
2024-08-05 20:00:00+00:00,0.2903,0.000206,73.6
2024-08-05 21:00:00+00:00,0.2754,6.06e-05,72.0
2024-08-05 22:00:00+00:00,0.2822,7.74e-05,78.2
2024-08-05 23:00:00+00:00,0.297,3.6e-05,79.75
2024-08-06 00:00:00+00:00,0.2805,4.166e-05,94.1
2024-08-06 01:00:00+00:00,0.292,3.79e-05,80.4
2024-08-06 02:00:00+00:00,0.2893,3.093e-05,82.9
2024-08-06 03:00:00+00:00,0.2886,3.7e-05,80.06
2024-08-06 04:00:00+00:00,0.2463,3.19e-05,88.8
2024-08-06 05:00:00+00:00,0.2407,0.000906,83.4
2024-08-06 06:00:00+00:00,0.2235,0.05026,100.94
2024-08-06 07:00:00+00:00,0.1788,0.2261,98.56
2024-08-06 08:00:00+00:00,0.1399,0.4172,71.56
2024-08-06 09:00:00+00:00,0.11383,0.5493,74.4
2024-08-06 10:00:00+00:00,0.10114,0.6294,62.3
2024-08-06 11:00:00+00:00,0.0914,0.698,76.8
2024-08-06 12:00:00+00:00,0.0857,0.718,71.06
2024-08-06 13:00:00+00:00,0.0954,0.699,61.94
2024-08-06 14:00:00+00:00,0.1023,0.6987,67.44
2024-08-06 15:00:00+00:00,0.1061,0.5996,77.75
2024-08-06 16:00:00+00:00,0.1081,0.4602,99.56
2024-08-06 17:00:00+00:00,0.2065,0.251,119.94
2024-08-06 18:00:00+00:00,0.2415,0.0793,128.9
2024-08-06 19:00:00+00:00,0.263,0.00606,128.1
2024-08-06 20:00:00+00:00,0.2603,0.0001874,112.8
2024-08-06 21:00:00+00:00,0.2466,4.52e-05,88.06
2024-08-06 22:00:00+00:00,0.2153,5.18e-05,82.4
2024-08-06 23:00:00+00:00,0.1963,2.474e-05,67.56
2024-08-07 00:00:00+00:00,0.2084,2.88e-05,82.8
2024-08-07 01:00:00+00:00,0.2019,2.85e-05,83.06
2024-08-07 02:00:00+00:00,0.2,2.74e-05,75.1
2024-08-07 03:00:00+00:00,0.1812,3.564e-05,72.0
2024-08-07 04:00:00+00:00,0.1595,2.44e-05,87.2
2024-08-07 05:00:00+00:00,0.1532,0.0004869,102.75
2024-08-07 06:00:00+00:00,0.1085,0.0446,113.8
2024-08-07 07:00:00+00:00,0.07416,0.1986,95.94
2024-08-07 08:00:00+00:00,0.0507,0.3938,84.94
2024-08-07 09:00:00+00:00,0.02876,0.53,86.0
2024-08-07 10:00:00+00:00,0.0165,0.6064,78.56
2024-08-07 11:00:00+00:00,0.00819,0.6675,73.6
2024-08-07 12:00:00+00:00,0.0137,0.674,63.56
2024-08-07 13:00:00+00:00,0.0552,0.683,63.38
2024-08-07 14:00:00+00:00,0.02477,0.664,56.7
2024-08-07 15:00:00+00:00,0.04654,0.59,63.6
2024-08-07 16:00:00+00:00,0.0678,0.4568,96.0
2024-08-07 17:00:00+00:00,0.09424,0.2632,114.56
2024-08-07 18:00:00+00:00,0.156,0.0765,133.6
2024-08-07 19:00:00+00:00,0.1722,0.00531,148.2
2024-08-07 20:00:00+00:00,0.2053,0.0001712,124.56
2024-08-07 21:00:00+00:00,0.205,3.86e-05,132.1
2024-08-07 22:00:00+00:00,0.2407,3.374e-05,111.94
2024-08-07 23:00:00+00:00,0.2622,1.7e-05,107.0
2024-08-08 00:00:00+00:00,0.2776,2.825e-05,103.25
2024-08-08 01:00:00+00:00,0.279,2.97e-05,111.2
2024-08-08 02:00:00+00:00,0.2834,3.8e-05,107.56
2024-08-08 03:00:00+00:00,0.2876,4.21e-05,90.94
2024-08-08 04:00:00+00:00,0.3123,2.02e-05,118.06
2024-08-08 05:00:00+00:00,0.352,0.000373,130.4
2024-08-08 06:00:00+00:00,0.339,0.04343,139.9
2024-08-08 07:00:00+00:00,0.3083,0.204,120.75
2024-08-08 08:00:00+00:00,0.2732,0.3813,120.2
2024-08-08 09:00:00+00:00,0.2366,0.5474,121.0
2024-08-08 10:00:00+00:00,0.2411,0.627,98.2
2024-08-08 11:00:00+00:00,0.2457,0.6846,71.0
2024-08-08 12:00:00+00:00,0.2458,0.689,59.8
2024-08-08 13:00:00+00:00,0.2413,0.6743,65.4
2024-08-08 14:00:00+00:00,0.2286,0.6157,61.28
2024-08-08 15:00:00+00:00,0.2235,0.543,52.3
2024-08-08 16:00:00+00:00,0.2499,0.4075,88.5
2024-08-08 17:00:00+00:00,0.279,0.2266,82.1
2024-08-08 18:00:00+00:00,0.312,0.04556,122.0
2024-08-08 19:00:00+00:00,0.3186,0.0006514,145.9
2024-08-08 20:00:00+00:00,0.3135,2.93e-05,126.2
2024-08-08 21:00:00+00:00,0.3352,2.277e-05,107.4
2024-08-08 22:00:00+00:00,0.3164,2.25e-05,89.9
2024-08-08 23:00:00+00:00,0.2683,2.116e-05,91.0
2024-08-09 00:00:00+00:00,0.2737,2.64e-05,92.0
2024-08-09 01:00:00+00:00,0.2822,2.456e-05,101.1
2024-08-09 02:00:00+00:00,0.2795,3.59e-05,96.4
2024-08-09 03:00:00+00:00,0.2917,3.83e-05,100.3
2024-08-09 04:00:00+00:00,0.2888,2.49e-05,113.7
2024-08-09 05:00:00+00:00,0.2932,0.0007544,146.5
2024-08-09 06:00:00+00:00,0.2854,0.0433,139.1
2024-08-09 07:00:00+00:00,0.246,0.189,108.7
2024-08-09 08:00:00+00:00,0.1727,0.371,89.75
2024-08-09 09:00:00+00:00,0.1453,0.514,75.94
2024-08-09 10:00:00+00:00,0.10693,0.5957,77.44
2024-08-09 11:00:00+00:00,0.0948,0.654,62.25
2024-08-09 12:00:00+00:00,0.09235,0.666,40.8
2024-08-09 13:00:00+00:00,0.0847,0.6455,37.3
2024-08-09 14:00:00+00:00,0.10504,0.603,23.98
2024-08-09 15:00:00+00:00,0.1311,0.5273,59.97
2024-08-09 16:00:00+00:00,0.1447,0.4165,80.5
2024-08-09 17:00:00+00:00,0.1631,0.2399,100.4
2024-08-09 18:00:00+00:00,0.1891,0.0733,119.94
2024-08-09 19:00:00+00:00,0.2197,0.004093,118.1
2024-08-09 20:00:00+00:00,0.2245,0.0001569,108.5
2024-08-09 21:00:00+00:00,0.2255,4.38e-05,111.44
2024-08-09 22:00:00+00:00,0.2189,5.05e-05,96.2
2024-08-09 23:00:00+00:00,0.2164,2.57e-05,94.94
2024-08-10 00:00:00+00:00,0.2184,3.266e-05,93.9
2024-08-10 01:00:00+00:00,0.236,3.29e-05,94.0
2024-08-10 02:00:00+00:00,0.2627,3.52e-05,73.6
2024-08-10 03:00:00+00:00,0.2627,3.85e-05,66.8
2024-08-10 04:00:00+00:00,0.2291,2.48e-05,81.44
2024-08-10 05:00:00+00:00,0.1941,0.000623,101.4
2024-08-10 06:00:00+00:00,0.1554,0.03638,117.4
2024-08-10 07:00:00+00:00,0.1177,0.1876,103.2
2024-08-10 08:00:00+00:00,0.03928,0.3572,97.1
2024-08-10 09:00:00+00:00,0.000813,0.5337,80.7
2024-08-10 10:00:00+00:00,0.0053,0.6543,28.1
2024-08-10 11:00:00+00:00,0.05145,0.7236,29.6
2024-08-10 12:00:00+00:00,0.02861,0.728,28.0
2024-08-10 13:00:00+00:00,0.003635,0.727,42.5
2024-08-10 14:00:00+00:00,0.0341,0.6855,43.84
2024-08-10 15:00:00+00:00,0.02307,0.608,74.44
2024-08-10 16:00:00+00:00,0.01349,0.4827,89.0
2024-08-10 17:00:00+00:00,0.02681,0.2925,109.1
2024-08-10 18:00:00+00:00,0.04556,0.1017,128.9
2024-08-10 19:00:00+00:00,0.0627,0.00899,127.25
2024-08-10 20:00:00+00:00,0.0721,0.00031,116.9
2024-08-10 21:00:00+00:00,0.0782,7.88e-05,120.06
2024-08-10 22:00:00+00:00,0.088,0.0001171,114.0
2024-08-10 23:00:00+00:00,0.0842,4.476e-05,98.06
2024-08-11 00:00:00+00:00,0.0842,4.476e-05,97.2
2024-08-11 01:00:00+00:00,0.0834,4.476e-05,106.8
2024-08-11 02:00:00+00:00,0.08203,4.476e-05,114.6
2024-08-11 03:00:00+00:00,0.08185,6.19e-05,123.9
2024-08-11 04:00:00+00:00,0.08124,4.476e-05,103.6
2024-08-11 05:00:00+00:00,0.0821,0.001443,111.0
2024-08-11 06:00:00+00:00,0.0713,0.0505,93.0
2024-08-11 07:00:00+00:00,0.0719,0.2063,69.44
2024-08-11 08:00:00+00:00,0.05017,0.373,61.06
2024-08-11 09:00:00+00:00,0.02058,0.548,54.12
2024-08-11 10:00:00+00:00,0.00515,0.6494,43.56
2024-08-11 11:00:00+00:00,0.002228,0.6934,31.34
2024-08-11 12:00:00+00:00,0.00823,0.707,24.1
2024-08-11 13:00:00+00:00,0.03111,0.684,22.5
2024-08-11 14:00:00+00:00,0.0498,0.627,13.7
2024-08-11 15:00:00+00:00,0.0649,0.57,32.84
2024-08-11 16:00:00+00:00,0.09955,0.449,54.72
2024-08-11 17:00:00+00:00,0.1307,0.2605,66.75
2024-08-11 18:00:00+00:00,0.1699,0.08014,82.4
2024-08-11 19:00:00+00:00,0.1875,0.0044,89.5
2024-08-11 20:00:00+00:00,0.192,0.00012124,75.9
2024-08-11 21:00:00+00:00,0.1982,3.18e-05,85.75
2024-08-11 22:00:00+00:00,0.2173,5.3e-05,81.6
2024-08-11 23:00:00+00:00,0.1956,3.1e-05,81.5
2024-08-12 00:00:00+00:00,0.2224,3.564e-05,84.8
2024-08-12 01:00:00+00:00,0.2169,4.14e-05,78.0
2024-08-12 02:00:00+00:00,0.2075,4.065e-05,61.38
2024-08-12 03:00:00+00:00,0.196,4.363e-05,86.75
2024-08-12 04:00:00+00:00,0.1866,3.25e-05,99.2
2024-08-12 05:00:00+00:00,0.1788,0.001259,102.5
2024-08-12 06:00:00+00:00,0.206,0.05115,99.6
2024-08-12 07:00:00+00:00,0.19,0.2183,73.6
2024-08-12 08:00:00+00:00,0.1779,0.419,71.3
2024-08-12 09:00:00+00:00,0.1492,0.5864,50.06
2024-08-12 10:00:00+00:00,0.1254,0.689,32.3
2024-08-12 11:00:00+00:00,0.145,0.76,-2.0
2024-08-12 12:00:00+00:00,0.1588,0.7495,-2.0
2024-08-12 13:00:00+00:00,0.1696,0.705,6.953
2024-08-12 14:00:00+00:00,0.1677,0.677,28.39
2024-08-12 15:00:00+00:00,0.167,0.6084,49.97
2024-08-12 16:00:00+00:00,0.1885,0.461,54.1
2024-08-12 17:00:00+00:00,0.2068,0.2722,71.4
2024-08-12 18:00:00+00:00,0.2385,0.0742,82.0
2024-08-12 19:00:00+00:00,0.2334,0.003668,110.44
2024-08-12 20:00:00+00:00,0.2211,0.0001201,93.4
2024-08-12 21:00:00+00:00,0.1663,3.713e-05,105.2
2024-08-12 22:00:00+00:00,0.133,5.07e-05,105.3
2024-08-12 23:00:00+00:00,0.14,2.944e-05,117.8
2024-08-13 00:00:00+00:00,0.1273,3.42e-05,92.6
2024-08-13 01:00:00+00:00,0.09796,3.105e-05,83.4
2024-08-13 02:00:00+00:00,0.09393,3.38e-05,85.0
2024-08-13 03:00:00+00:00,0.0816,4.34e-05,95.0
2024-08-13 04:00:00+00:00,0.0825,3.517e-05,88.06
2024-08-13 05:00:00+00:00,0.1027,0.001158,115.56
2024-08-13 06:00:00+00:00,0.1055,0.0501,118.9
2024-08-13 07:00:00+00:00,0.0877,0.2281,110.3
2024-08-13 08:00:00+00:00,0.03693,0.4453,95.75
2024-08-13 09:00:00+00:00,0.008804,0.618,70.06
2024-08-13 10:00:00+00:00,0.002987,0.7144,74.0
2024-08-13 11:00:00+00:00,0.006428,0.764,72.94
2024-08-13 12:00:00+00:00,0.0603,0.768,60.62
2024-08-13 13:00:00+00:00,0.003553,0.746,73.8
2024-08-13 14:00:00+00:00,0.02179,0.7173,38.97
2024-08-13 15:00:00+00:00,0.0413,0.6445,52.34
2024-08-13 16:00:00+00:00,0.0815,0.514,77.1
2024-08-13 17:00:00+00:00,0.11084,0.3257,105.1
2024-08-13 18:00:00+00:00,0.1538,0.0952,126.6
2024-08-13 19:00:00+00:00,0.1769,0.00556,138.2
2024-08-13 20:00:00+00:00,0.1978,0.0002172,124.94
2024-08-13 21:00:00+00:00,0.2025,5.466e-05,118.06
2024-08-13 22:00:00+00:00,0.2145,6.586e-05,103.6
2024-08-13 23:00:00+00:00,0.2152,3.53e-05,85.1
2024-08-14 00:00:00+00:00,0.2166,3.68e-05,74.7
2024-08-14 01:00:00+00:00,0.2343,3.04e-05,72.7
2024-08-14 02:00:00+00:00,0.2352,3.15e-05,95.5
2024-08-14 03:00:00+00:00,0.2388,3.45e-05,115.8
2024-08-14 04:00:00+00:00,0.2205,2.7e-05,118.0
2024-08-14 05:00:00+00:00,0.2166,0.0007486,142.4
2024-08-14 06:00:00+00:00,0.204,0.05603,130.9
2024-08-14 07:00:00+00:00,0.1283,0.253,124.5
2024-08-14 08:00:00+00:00,0.0874,0.466,105.7
2024-08-14 09:00:00+00:00,0.02608,0.6084,99.5
2024-08-14 10:00:00+00:00,0.03442,0.7153,89.6
2024-08-14 11:00:00+00:00,0.002422,0.751,85.5
2024-08-14 12:00:00+00:00,0.001803,0.7573,66.9
2024-08-14 13:00:00+00:00,0.02802,0.7197,50.56
2024-08-14 14:00:00+00:00,0.05746,0.6914,57.34
2024-08-14 15:00:00+00:00,0.06824,0.611,67.44
2024-08-14 16:00:00+00:00,0.08496,0.4722,96.94
2024-08-14 17:00:00+00:00,0.0939,0.2703,114.6
2024-08-14 18:00:00+00:00,0.0998,0.0745,136.1
2024-08-14 19:00:00+00:00,0.11475,0.00319,147.4
2024-08-14 20:00:00+00:00,0.11865,0.0001887,151.0
2024-08-14 21:00:00+00:00,0.1256,6.306e-05,130.6
2024-08-14 22:00:00+00:00,0.1304,9.567e-05,146.0
2024-08-14 23:00:00+00:00,0.1288,4.476e-05,136.4
2024-08-15 00:00:00+00:00,0.1366,4.303e-05,93.56
2024-08-15 01:00:00+00:00,0.1613,3.785e-05,76.7
2024-08-15 02:00:00+00:00,0.1382,3.44e-05,92.8
2024-08-15 03:00:00+00:00,0.1353,3.66e-05,100.25
2024-08-15 04:00:00+00:00,0.1327,4.06e-05,110.8
2024-08-15 05:00:00+00:00,0.1226,0.001701,114.9
2024-08-15 06:00:00+00:00,0.12317,0.06586,112.6
2024-08-15 07:00:00+00:00,0.0978,0.2654,108.25
2024-08-15 08:00:00+00:00,0.07446,0.472,82.44
2024-08-15 09:00:00+00:00,0.05185,0.6,61.2
2024-08-15 10:00:00+00:00,0.04364,0.6753,62.38
2024-08-15 11:00:00+00:00,0.05704,0.7007,44.9
2024-08-15 12:00:00+00:00,0.06555,0.7007,41.25
2024-08-15 13:00:00+00:00,0.08264,0.6616,41.75
2024-08-15 14:00:00+00:00,0.0894,0.647,49.2
2024-08-15 15:00:00+00:00,0.1227,0.578,55.97
2024-08-15 16:00:00+00:00,0.1582,0.4277,80.06
2024-08-15 17:00:00+00:00,0.1779,0.2223,87.94
2024-08-15 18:00:00+00:00,0.2028,0.04706,105.6
2024-08-15 19:00:00+00:00,0.2078,0.001443,124.3
2024-08-15 20:00:00+00:00,0.1962,0.0001091,135.4
2024-08-15 21:00:00+00:00,0.1942,4.697e-05,129.8
2024-08-15 22:00:00+00:00,0.1871,7.56e-05,131.9
2024-08-15 23:00:00+00:00,0.1946,4.154e-05,117.56
2024-08-16 00:00:00+00:00,0.2054,4.476e-05,102.0
2024-08-16 01:00:00+00:00,0.2244,4.476e-05,110.2
2024-08-16 02:00:00+00:00,0.2478,4.476e-05,91.6
2024-08-16 03:00:00+00:00,0.2073,4.464e-05,58.94
2024-08-16 04:00:00+00:00,0.1954,4.04e-05,90.7
2024-08-16 05:00:00+00:00,0.1893,0.00121,98.8
2024-08-16 06:00:00+00:00,0.1924,0.05203,111.75
2024-08-16 07:00:00+00:00,0.1344,0.2152,88.3
2024-08-16 08:00:00+00:00,0.08936,0.4116,81.1
2024-08-16 09:00:00+00:00,0.0517,0.545,54.38
2024-08-16 10:00:00+00:00,0.03268,0.6494,51.56
2024-08-16 11:00:00+00:00,0.03558,0.6724,70.9
2024-08-16 12:00:00+00:00,0.0546,0.6655,76.25
2024-08-16 13:00:00+00:00,0.0682,0.628,60.3
2024-08-16 14:00:00+00:00,0.07416,0.605,49.75
2024-08-16 15:00:00+00:00,0.0747,0.5273,70.6
2024-08-16 16:00:00+00:00,0.11383,0.3916,52.6
2024-08-16 17:00:00+00:00,0.1534,0.1912,95.6
2024-08-16 18:00:00+00:00,0.17,0.03696,113.5
2024-08-16 19:00:00+00:00,0.2014,0.0001462,127.25
2024-08-16 20:00:00+00:00,0.1936,7.874e-05,122.06
2024-08-16 21:00:00+00:00,0.1918,4.417e-05,137.0
2024-08-16 22:00:00+00:00,0.1831,9.155e-05,113.1
2024-08-16 23:00:00+00:00,0.1815,4.405e-05,108.56
2024-08-17 00:00:00+00:00,0.196,4.476e-05,100.2
2024-08-17 01:00:00+00:00,0.1913,4.476e-05,96.94
2024-08-17 02:00:00+00:00,0.1852,4.476e-05,65.3
2024-08-17 03:00:00+00:00,0.2189,6.24e-05,29.05
2024-08-17 04:00:00+00:00,0.2249,4.476e-05,58.94
2024-08-17 05:00:00+00:00,0.226,0.001566,58.28
2024-08-17 06:00:00+00:00,0.2222,0.05884,50.88
2024-08-17 07:00:00+00:00,0.1989,0.2228,35.62
2024-08-17 08:00:00+00:00,0.1738,0.4138,49.3
2024-08-17 09:00:00+00:00,0.1545,0.554,32.72
2024-08-17 10:00:00+00:00,0.1113,0.6465,40.12
2024-08-17 11:00:00+00:00,0.115,0.685,40.28
2024-08-17 12:00:00+00:00,0.11804,0.7046,46.47
2024-08-17 13:00:00+00:00,0.1559,0.6895,40.94
2024-08-17 14:00:00+00:00,0.1632,0.677,11.625
2024-08-17 15:00:00+00:00,0.1793,0.5625,21.17
2024-08-17 16:00:00+00:00,0.1926,0.4155,34.3
2024-08-17 17:00:00+00:00,0.2124,0.2369,47.2
2024-08-17 18:00:00+00:00,0.2172,0.0655,80.7
2024-08-17 19:00:00+00:00,0.2249,0.002972,111.4
2024-08-17 20:00:00+00:00,0.1975,0.0001527,120.56
2024-08-17 21:00:00+00:00,0.1957,4.804e-05,121.3
2024-08-17 22:00:00+00:00,0.2201,7.81e-05,103.3
2024-08-17 23:00:00+00:00,0.207,3.67e-05,98.44
2024-08-18 00:00:00+00:00,0.206,4.417e-05,85.94
2024-08-18 01:00:00+00:00,0.2137,4.476e-05,83.0
2024-08-18 02:00:00+00:00,0.2146,4.476e-05,48.34
2024-08-18 03:00:00+00:00,0.2184,4.82e-05,48.3
2024-08-18 04:00:00+00:00,0.1913,4.42e-05,59.78
2024-08-18 05:00:00+00:00,0.1709,0.001245,41.62
2024-08-18 06:00:00+00:00,0.1528,0.05396,53.78
2024-08-18 07:00:00+00:00,0.1248,0.2267,44.1
2024-08-18 08:00:00+00:00,0.09064,0.4214,22.8
2024-08-18 09:00:00+00:00,0.05792,0.5923,8.34
2024-08-18 10:00:00+00:00,0.01912,0.7183,33.9
2024-08-18 11:00:00+00:00,0.0329,0.732,35.53
2024-08-18 12:00:00+00:00,0.04013,0.727,28.95
2024-08-18 13:00:00+00:00,0.06573,0.723,29.31
2024-08-18 14:00:00+00:00,0.0959,0.6924,16.84
2024-08-18 15:00:00+00:00,0.1259,0.597,28.56
2024-08-18 16:00:00+00:00,0.166,0.4592,46.22
2024-08-18 17:00:00+00:00,0.1965,0.2634,58.38
2024-08-18 18:00:00+00:00,0.2098,0.08606,94.94
2024-08-18 19:00:00+00:00,0.2362,0.00667,111.75
2024-08-18 20:00:00+00:00,0.248,0.0002506,123.7
2024-08-18 21:00:00+00:00,0.21,8.95e-05,85.6
2024-08-18 22:00:00+00:00,0.2493,0.0001342,70.25
2024-08-18 23:00:00+00:00,0.252,4.476e-05,85.06
2024-08-19 00:00:00+00:00,0.259,4.476e-05,36.9
2024-08-19 01:00:00+00:00,0.2747,4.476e-05,30.28
2024-08-19 02:00:00+00:00,0.2793,3.94e-05,24.77
2024-08-19 03:00:00+00:00,0.2876,3.53e-05,29.52
2024-08-19 04:00:00+00:00,0.306,3.58e-05,23.28
2024-08-19 05:00:00+00:00,0.3225,0.001532,40.2
2024-08-19 06:00:00+00:00,0.338,0.06223,44.72
2024-08-19 07:00:00+00:00,0.3462,0.2191,32.06
2024-08-19 08:00:00+00:00,0.3325,0.4016,48.56
2024-08-19 09:00:00+00:00,0.3135,0.56,27.03
2024-08-19 10:00:00+00:00,0.3018,0.6543,20.6
2024-08-19 11:00:00+00:00,0.296,0.6567,40.0
2024-08-19 12:00:00+00:00,0.29,0.655,45.25
2024-08-19 13:00:00+00:00,0.274,0.6704,47.47
2024-08-19 14:00:00+00:00,0.264,0.6445,50.3
2024-08-19 15:00:00+00:00,0.2883,0.542,57.44
2024-08-19 16:00:00+00:00,0.3083,0.4314,76.0
2024-08-19 17:00:00+00:00,0.3691,0.239,91.9
2024-08-19 18:00:00+00:00,0.4128,0.06464,105.44
2024-08-19 19:00:00+00:00,0.4136,0.003445,101.3
2024-08-19 20:00:00+00:00,0.3994,9.25e-05,91.06
2024-08-19 21:00:00+00:00,0.4077,4.137e-05,61.72
2024-08-19 22:00:00+00:00,0.4253,5.925e-05,88.5
2024-08-19 23:00:00+00:00,0.4165,2.49e-05,99.9
2024-08-20 00:00:00+00:00,0.4092,2.77e-05,74.75
2024-08-20 01:00:00+00:00,0.4075,2.575e-05,99.8
2024-08-20 02:00:00+00:00,0.3928,2.49e-05,106.25
2024-08-20 03:00:00+00:00,0.3813,1.705e-05,172.5
2024-08-20 04:00:00+00:00,0.3796,2e-05,170.2
2024-08-20 05:00:00+00:00,0.372,0.000179,182.5
2024-08-20 06:00:00+00:00,0.3308,0.0344,184.0
2024-08-20 07:00:00+00:00,0.3225,0.1632,176.2
2024-08-20 08:00:00+00:00,0.2903,0.3735,152.6
2024-08-20 09:00:00+00:00,0.258,0.537,63.06
2024-08-20 10:00:00+00:00,0.2101,0.6606,69.3
2024-08-20 11:00:00+00:00,0.2078,0.675,57.56
2024-08-20 12:00:00+00:00,0.208,0.6597,76.2
2024-08-20 13:00:00+00:00,0.2078,0.682,-2.0
2024-08-20 14:00:00+00:00,0.1743,0.662,62.75
2024-08-20 15:00:00+00:00,0.2217,0.5674,83.44
2024-08-20 16:00:00+00:00,0.2856,0.4565,75.6
2024-08-20 17:00:00+00:00,0.3313,0.2844,98.1
2024-08-20 18:00:00+00:00,0.3682,0.0889,126.4
2024-08-20 19:00:00+00:00,0.3762,0.006756,141.5
2024-08-20 20:00:00+00:00,0.356,0.0002275,125.6
2024-08-20 21:00:00+00:00,0.3555,6.294e-05,133.1
2024-08-20 22:00:00+00:00,0.3247,8.98e-05,137.5
2024-08-20 23:00:00+00:00,0.3284,4.3e-05,126.56
2024-08-21 00:00:00+00:00,0.3345,4.476e-05,99.06
2024-08-21 01:00:00+00:00,0.3628,3.68e-05,109.9
2024-08-21 02:00:00+00:00,0.3562,2.89e-05,85.6
2024-08-21 03:00:00+00:00,0.392,3.05e-05,90.75
2024-08-21 04:00:00+00:00,0.3408,2.503e-05,118.0
2024-08-21 05:00:00+00:00,0.3274,0.0007434,116.06
2024-08-21 06:00:00+00:00,0.3164,0.04337,118.4
2024-08-21 07:00:00+00:00,0.2788,0.1896,111.94
2024-08-21 08:00:00+00:00,0.2063,0.4036,68.94
2024-08-21 09:00:00+00:00,0.1918,0.545,60.9
2024-08-21 10:00:00+00:00,0.2012,0.659,40.4
2024-08-21 11:00:00+00:00,0.2043,0.696,52.38
2024-08-21 12:00:00+00:00,0.2264,0.6953,29.38
2024-08-21 13:00:00+00:00,0.2267,0.7,36.84
2024-08-21 14:00:00+00:00,0.2229,0.671,46.8
2024-08-21 15:00:00+00:00,0.2424,0.5767,57.9
2024-08-21 16:00:00+00:00,0.2761,0.458,74.0
2024-08-21 17:00:00+00:00,0.3066,0.276,87.2
2024-08-21 18:00:00+00:00,0.3826,0.0887,120.44
2024-08-21 19:00:00+00:00,0.3862,0.007668,142.8
2024-08-21 20:00:00+00:00,0.3735,0.0003293,140.8
2024-08-21 21:00:00+00:00,0.3662,8.95e-05,134.2
2024-08-21 22:00:00+00:00,0.3616,0.0001134,119.06
2024-08-21 23:00:00+00:00,0.3018,4.476e-05,114.3
2024-08-22 00:00:00+00:00,0.3044,4.476e-05,106.56
2024-08-22 01:00:00+00:00,0.3057,4.107e-05,116.56
2024-08-22 02:00:00+00:00,0.35,4.25e-05,92.0
2024-08-22 03:00:00+00:00,0.3508,3.254e-05,73.0
2024-08-22 04:00:00+00:00,0.3506,2.086e-05,113.06
2024-08-22 05:00:00+00:00,0.3599,0.0003684,122.94
2024-08-22 06:00:00+00:00,0.333,0.04712,127.7
2024-08-22 07:00:00+00:00,0.2866,0.2153,19.86
2024-08-22 08:00:00+00:00,0.2404,0.4402,16.73
2024-08-22 09:00:00+00:00,0.1707,0.5835,0.9263
2024-08-22 10:00:00+00:00,0.1464,0.6836,90.1
2024-08-22 11:00:00+00:00,0.1421,0.7397,76.2
2024-08-22 12:00:00+00:00,0.146,0.7476,57.8
2024-08-22 13:00:00+00:00,0.163,0.7495,54.7
2024-08-22 14:00:00+00:00,0.1902,0.695,55.7
2024-08-22 15:00:00+00:00,0.2103,0.602,44.75
2024-08-22 16:00:00+00:00,0.2166,0.4756,75.8
2024-08-22 17:00:00+00:00,0.2888,0.2842,99.2
2024-08-22 18:00:00+00:00,0.316,0.0759,133.9
2024-08-22 19:00:00+00:00,0.344,0.00619,145.0
2024-08-22 20:00:00+00:00,0.3525,0.000266,151.8
2024-08-22 21:00:00+00:00,0.3467,6.73e-05,132.9
2024-08-22 22:00:00+00:00,0.3264,9.274e-05,147.8
2024-08-22 23:00:00+00:00,0.3137,4.476e-05,155.9
2024-08-23 00:00:00+00:00,0.2974,4.476e-05,124.06
2024-08-23 01:00:00+00:00,0.3003,4.476e-05,112.8
2024-08-23 02:00:00+00:00,0.2808,4.476e-05,104.1
2024-08-23 03:00:00+00:00,0.2312,4.56e-05,89.44
2024-08-23 04:00:00+00:00,0.2404,3.85e-05,102.0
2024-08-23 05:00:00+00:00,0.2286,0.000474,112.75
2024-08-23 06:00:00+00:00,0.2053,0.042,136.6
2024-08-23 07:00:00+00:00,0.1718,0.1752,112.06
2024-08-23 08:00:00+00:00,0.09076,0.3894,86.3
2024-08-23 09:00:00+00:00,0.0587,0.54,72.44
2024-08-23 10:00:00+00:00,0.02805,0.645,72.44
2024-08-23 11:00:00+00:00,0.0007443,0.729,64.94
2024-08-23 12:00:00+00:00,0.02155,0.728,69.94
2024-08-23 13:00:00+00:00,0.03394,0.7065,59.16
2024-08-23 14:00:00+00:00,0.04626,0.672,59.78
2024-08-23 15:00:00+00:00,0.06726,0.5854,64.56
2024-08-23 16:00:00+00:00,0.1144,0.465,103.5
2024-08-23 17:00:00+00:00,0.1453,0.2717,150.6
2024-08-23 18:00:00+00:00,0.1967,0.06793,70.25
2024-08-23 19:00:00+00:00,0.263,0.003252,69.4
2024-08-23 20:00:00+00:00,0.266,0.0001439,42.25
2024-08-23 21:00:00+00:00,0.2778,4.834e-05,14.95
2024-08-23 22:00:00+00:00,0.2805,5.43e-05,99.9
2024-08-23 23:00:00+00:00,0.28,3.856e-05,96.7
2024-08-24 00:00:00+00:00,0.2847,4.01e-05,80.2
2024-08-24 01:00:00+00:00,0.2678,3.916e-05,87.56
2024-08-24 02:00:00+00:00,0.2455,4.476e-05,85.06
2024-08-24 03:00:00+00:00,0.2416,5.45e-05,87.56
2024-08-24 04:00:00+00:00,0.2396,4.476e-05,58.78
2024-08-24 05:00:00+00:00,0.2769,0.0008664,62.12
2024-08-24 06:00:00+00:00,0.2725,0.0455,52.28
2024-08-24 07:00:00+00:00,0.2827,0.1921,44.6
2024-08-24 08:00:00+00:00,0.2568,0.3765,39.7
2024-08-24 09:00:00+00:00,0.2157,0.5312,37.3
2024-08-24 10:00:00+00:00,0.1742,0.6255,38.03
2024-08-24 11:00:00+00:00,0.1635,0.6836,46.6
2024-08-24 12:00:00+00:00,0.1609,0.685,38.6
2024-08-24 13:00:00+00:00,0.1517,0.669,47.44
2024-08-24 14:00:00+00:00,0.158,0.6396,32.94
2024-08-24 15:00:00+00:00,0.1647,0.5693,39.4
2024-08-24 16:00:00+00:00,0.1704,0.4639,65.56
2024-08-24 17:00:00+00:00,0.1725,0.2898,92.7
2024-08-24 18:00:00+00:00,0.2076,0.0821,115.0
2024-08-24 19:00:00+00:00,0.2351,0.005474,124.8
2024-08-24 20:00:00+00:00,0.246,0.0001869,119.5
2024-08-24 21:00:00+00:00,0.2708,5.984e-05,102.75
2024-08-24 22:00:00+00:00,0.2622,7.266e-05,92.7
2024-08-24 23:00:00+00:00,0.2325,4e-05,109.4
2024-08-25 00:00:00+00:00,0.2255,4.2e-05,124.8
2024-08-25 01:00:00+00:00,0.2142,3.52e-05,128.6
2024-08-25 02:00:00+00:00,0.2234,3.314e-05,116.1
2024-08-25 03:00:00+00:00,0.2341,3.946e-05,112.4
2024-08-25 04:00:00+00:00,0.2378,3.606e-05,96.56
2024-08-25 05:00:00+00:00,0.2507,0.000892,97.6
2024-08-25 06:00:00+00:00,0.243,0.04745,114.75
2024-08-25 07:00:00+00:00,0.2231,0.2012,102.5
2024-08-25 08:00:00+00:00,0.1931,0.376,80.6
2024-08-25 09:00:00+00:00,0.1694,0.51,-2.0
2024-08-25 10:00:00+00:00,0.1309,0.6143,74.3
2024-08-25 11:00:00+00:00,0.1079,0.6714,66.4
2024-08-25 12:00:00+00:00,0.1066,0.6733,74.2
2024-08-25 13:00:00+00:00,0.0976,0.651,68.3
2024-08-25 14:00:00+00:00,0.1268,0.6196,80.6
2024-08-25 15:00:00+00:00,0.1382,0.526,91.94
2024-08-25 16:00:00+00:00,0.1346,0.4385,98.56
2024-08-25 17:00:00+00:00,0.1761,0.266,117.9
2024-08-25 18:00:00+00:00,0.215,0.0845,150.5
2024-08-25 19:00:00+00:00,0.247,0.006023,160.8
2024-08-25 20:00:00+00:00,0.2607,0.0002277,157.8
2024-08-25 21:00:00+00:00,0.3132,7.23e-05,133.2
2024-08-25 22:00:00+00:00,0.3533,9e-05,109.7
2024-08-25 23:00:00+00:00,0.3857,4.476e-05,108.25
2024-08-26 00:00:00+00:00,0.3904,4.476e-05,133.8
2024-08-26 01:00:00+00:00,0.4246,4.476e-05,112.8
2024-08-26 02:00:00+00:00,0.451,4.476e-05,111.56
2024-08-26 03:00:00+00:00,0.4248,6.4e-05,126.0
2024-08-26 04:00:00+00:00,0.4275,4.476e-05,122.0
2024-08-26 05:00:00+00:00,0.4263,0.001739,124.8
2024-08-26 06:00:00+00:00,0.4045,0.06256,115.06
2024-08-26 07:00:00+00:00,0.3667,0.2463,114.9
2024-08-26 08:00:00+00:00,0.2834,0.4429,128.9
2024-08-26 09:00:00+00:00,0.2551,0.5874,115.3
2024-08-26 10:00:00+00:00,0.2227,0.6865,106.44
2024-08-26 11:00:00+00:00,0.2242,0.7173,95.5
2024-08-26 12:00:00+00:00,0.2285,0.713,97.8
2024-08-26 13:00:00+00:00,0.1744,0.6924,119.3
2024-08-26 14:00:00+00:00,0.1733,0.6396,108.7
2024-08-26 15:00:00+00:00,0.1892,0.5522,102.56
2024-08-26 16:00:00+00:00,0.1884,0.4446,134.8
2024-08-26 17:00:00+00:00,0.2467,0.2788,143.8
2024-08-26 18:00:00+00:00,0.2795,0.08093,182.5
2024-08-26 19:00:00+00:00,0.3062,0.005535,205.0
2024-08-26 20:00:00+00:00,0.3206,0.0002067,173.8
2024-08-26 21:00:00+00:00,0.375,6.795e-05,147.8
2024-08-26 22:00:00+00:00,0.3633,0.0001177,115.7
2024-08-26 23:00:00+00:00,0.3657,4.476e-05,110.0
2024-08-27 00:00:00+00:00,0.393,4.476e-05,109.94
2024-08-27 01:00:00+00:00,0.3867,4.476e-05,101.6
2024-08-27 02:00:00+00:00,0.3176,4.476e-05,99.44
2024-08-27 03:00:00+00:00,0.2668,6.12e-05,112.06
2024-08-27 04:00:00+00:00,0.2512,4.476e-05,116.3
2024-08-27 05:00:00+00:00,0.2441,0.001852,146.6
2024-08-27 06:00:00+00:00,0.2301,0.05933,149.5
2024-08-27 07:00:00+00:00,0.1926,0.2361,137.1
2024-08-27 08:00:00+00:00,0.1675,0.4546,125.06
2024-08-27 09:00:00+00:00,0.1376,0.614,99.9
2024-08-27 10:00:00+00:00,0.1556,0.7095,107.06
2024-08-27 11:00:00+00:00,0.1625,0.775,94.44
2024-08-27 12:00:00+00:00,0.1475,0.783,88.8
2024-08-27 13:00:00+00:00,0.1831,0.766,86.75
2024-08-27 14:00:00+00:00,0.1857,0.713,78.56
2024-08-27 15:00:00+00:00,0.1853,0.623,91.56
2024-08-27 16:00:00+00:00,0.206,0.4998,122.1
2024-08-27 17:00:00+00:00,0.2389,0.2974,138.5
2024-08-27 18:00:00+00:00,0.3125,0.09247,170.8
2024-08-27 19:00:00+00:00,0.3525,0.0067,166.5
2024-08-27 20:00:00+00:00,0.376,0.0002337,147.1
2024-08-27 21:00:00+00:00,0.368,6.604e-05,150.2
2024-08-27 22:00:00+00:00,0.3477,8.89e-05,139.9
2024-08-27 23:00:00+00:00,0.3352,4.11e-05,138.1
2024-08-28 00:00:00+00:00,0.3167,3.55e-05,112.56
2024-08-28 01:00:00+00:00,0.2754,3.135e-05,95.2
2024-08-28 02:00:00+00:00,0.268,2.84e-05,86.56
2024-08-28 03:00:00+00:00,0.2507,3.01e-05,73.0
2024-08-28 04:00:00+00:00,0.2488,2.915e-05,95.8
2024-08-28 05:00:00+00:00,0.2329,0.0009236,100.2
2024-08-28 06:00:00+00:00,0.2308,0.04608,128.9
2024-08-28 07:00:00+00:00,0.2002,0.2153,106.44
2024-08-28 08:00:00+00:00,0.1525,0.437,91.6
2024-08-28 09:00:00+00:00,0.09125,0.592,99.7
2024-08-28 10:00:00+00:00,0.0855,0.676,89.25
2024-08-28 11:00:00+00:00,0.07104,0.7285,62.56
2024-08-28 12:00:00+00:00,0.07605,0.7256,60.4
2024-08-28 13:00:00+00:00,0.08105,0.736,81.2
2024-08-28 14:00:00+00:00,0.10205,0.6978,79.9
2024-08-28 15:00:00+00:00,0.1405,0.6025,-2.0
2024-08-28 16:00:00+00:00,0.1614,0.4714,10.07
2024-08-28 17:00:00+00:00,0.1969,0.2598,146.5
2024-08-28 18:00:00+00:00,0.2212,0.0588,171.5
2024-08-28 19:00:00+00:00,0.24,0.001972,159.9
2024-08-28 20:00:00+00:00,0.2153,0.0001314,162.8
2024-08-28 21:00:00+00:00,0.2203,4.464e-05,147.9
2024-08-28 22:00:00+00:00,0.2788,5.585e-05,139.0
2024-08-28 23:00:00+00:00,0.2961,3.51e-05,132.5
2024-08-29 00:00:00+00:00,0.282,3.49e-05,125.06
2024-08-29 01:00:00+00:00,0.2798,3.976e-05,100.9
2024-08-29 02:00:00+00:00,0.276,3.78e-05,79.0
2024-08-29 03:00:00+00:00,0.2734,4.29e-05,73.1
2024-08-29 04:00:00+00:00,0.2688,4.02e-05,82.44
2024-08-29 05:00:00+00:00,0.2676,0.001152,93.25
2024-08-29 06:00:00+00:00,0.2627,0.04996,98.8
2024-08-29 07:00:00+00:00,0.2361,0.209,92.8
2024-08-29 08:00:00+00:00,0.2043,0.4236,75.1
2024-08-29 09:00:00+00:00,0.1849,0.552,86.3
2024-08-29 10:00:00+00:00,0.1458,0.66,75.4
2024-08-29 11:00:00+00:00,0.1576,0.694,67.44
2024-08-29 12:00:00+00:00,0.1224,0.6797,80.06
2024-08-29 13:00:00+00:00,0.1245,0.667,114.56
2024-08-29 14:00:00+00:00,0.1071,0.647,88.8
2024-08-29 15:00:00+00:00,0.10394,0.573,82.44
2024-08-29 16:00:00+00:00,0.1189,0.4443,117.3
2024-08-29 17:00:00+00:00,0.1301,0.257,139.1
2024-08-29 18:00:00+00:00,0.1567,0.049,146.2
2024-08-29 19:00:00+00:00,0.1572,0.0007877,150.2
2024-08-29 20:00:00+00:00,0.1478,0.0001234,135.1
2024-08-29 21:00:00+00:00,0.0972,3.43e-05,135.2
2024-08-29 22:00:00+00:00,0.09467,4.745e-05,124.7
2024-08-29 23:00:00+00:00,0.0843,3.165e-05,119.0
2024-08-30 00:00:00+00:00,0.0822,4e-05,126.56
2024-08-30 01:00:00+00:00,0.08093,4.04e-05,132.5
2024-08-30 02:00:00+00:00,0.0785,3.296e-05,113.6
2024-08-30 03:00:00+00:00,0.076,3.755e-05,123.44
2024-08-30 04:00:00+00:00,0.0648,3.91e-05,140.8
2024-08-30 05:00:00+00:00,0.06076,0.001241,143.1
2024-08-30 06:00:00+00:00,0.05127,0.0559,148.5
2024-08-30 07:00:00+00:00,0.00373,0.2411,124.2
2024-08-30 08:00:00+00:00,0.079,0.4412,78.06
2024-08-30 09:00:00+00:00,0.01512,0.5835,97.0
2024-08-30 10:00:00+00:00,0.01637,0.6963,80.44
2024-08-30 11:00:00+00:00,0.04022,0.7544,78.0
2024-08-30 12:00:00+00:00,0.037,0.7686,79.7
2024-08-30 13:00:00+00:00,0.03235,0.77,77.3
2024-08-30 14:00:00+00:00,0.02263,0.7256,75.4
2024-08-30 15:00:00+00:00,0.007496,0.635,102.8
2024-08-30 16:00:00+00:00,0.03035,0.4912,114.8
2024-08-30 17:00:00+00:00,0.02377,0.301,152.8
2024-08-30 18:00:00+00:00,0.0634,0.076,192.4
2024-08-30 19:00:00+00:00,0.0816,0.003952,201.0
2024-08-30 20:00:00+00:00,0.09125,0.0001501,189.9
2024-08-30 21:00:00+00:00,0.1024,3.666e-05,173.5
2024-08-30 22:00:00+00:00,0.10547,5.06e-05,155.2
2024-08-30 23:00:00+00:00,0.10504,3.37e-05,150.8
2024-08-31 00:00:00+00:00,0.0941,3.34e-05,134.9
2024-08-31 01:00:00+00:00,0.1106,3.403e-05,150.2
2024-08-31 02:00:00+00:00,0.1305,3.964e-05,133.4
2024-08-31 03:00:00+00:00,0.1315,3.94e-05,141.1
2024-08-31 04:00:00+00:00,0.1393,2.813e-05,138.5
2024-08-31 05:00:00+00:00,0.1359,0.001037,134.1
2024-08-31 06:00:00+00:00,0.1292,0.04428,141.9
2024-08-31 07:00:00+00:00,0.0937,0.2189,106.1
2024-08-31 08:00:00+00:00,0.06934,0.4077,110.2
2024-08-31 09:00:00+00:00,0.03662,0.522,98.25
2024-08-31 10:00:00+00:00,0.0354,0.6025,90.56
2024-08-31 11:00:00+00:00,0.0297,0.682,79.2
2024-08-31 12:00:00+00:00,0.04523,0.6807,68.4
2024-08-31 13:00:00+00:00,0.0889,0.6797,56.7
2024-08-31 14:00:00+00:00,0.1048,0.649,57.7
2024-08-31 15:00:00+00:00,0.1532,0.5605,80.25
2024-08-31 16:00:00+00:00,0.1821,0.434,111.2
2024-08-31 17:00:00+00:00,0.2075,0.2664,132.5
2024-08-31 18:00:00+00:00,0.2402,0.0714,180.4
2024-08-31 19:00:00+00:00,0.278,0.003853,179.6
2024-08-31 20:00:00+00:00,0.334,0.0001307,166.0
2024-08-31 21:00:00+00:00,0.3547,4.745e-05,167.8
2024-08-31 22:00:00+00:00,0.3584,6.205e-05,175.4
2024-08-31 23:00:00+00:00,0.34,3.207e-05,176.2
2024-09-01 00:00:00+00:00,0.43,1.67e-05,140.5
2024-09-01 01:00:00+00:00,0.4153,9.83e-06,135.4
2024-09-01 02:00:00+00:00,0.4236,1.75e-05,139.6
2024-09-01 03:00:00+00:00,0.432,2.056e-05,135.6
2024-09-01 04:00:00+00:00,0.435,8.6e-06,147.6
2024-09-01 05:00:00+00:00,0.461,3.14e-05,152.0
2024-09-01 06:00:00+00:00,0.5254,0.012924,128.6
2024-09-01 07:00:00+00:00,0.5273,0.1476,100.1
2024-09-01 08:00:00+00:00,0.514,0.3145,79.56
2024-09-01 09:00:00+00:00,0.521,0.425,60.03
2024-09-01 10:00:00+00:00,0.584,0.503,-2.0
2024-09-01 11:00:00+00:00,0.588,0.5684,-2.0
2024-09-01 12:00:00+00:00,0.5737,0.518,37.5
2024-09-01 13:00:00+00:00,0.588,0.541,23.66
2024-09-01 14:00:00+00:00,0.5376,0.579,25.36
2024-09-01 15:00:00+00:00,0.51,0.4446,40.5
2024-09-01 16:00:00+00:00,0.5283,0.3018,73.25
2024-09-01 17:00:00+00:00,0.5337,0.1109,75.6
2024-09-01 18:00:00+00:00,0.5312,0.004837,118.1
2024-09-01 19:00:00+00:00,0.6025,3.856e-05,119.6
2024-09-01 20:00:00+00:00,0.63,5.76e-05,105.6
2024-09-01 21:00:00+00:00,0.6484,4.286e-05,101.2
2024-09-01 22:00:00+00:00,0.5825,5.65e-05,109.6
2024-09-01 23:00:00+00:00,0.557,2.235e-05,104.75
2024-09-02 00:00:00+00:00,0.5396,3.01e-05,89.1
2024-09-02 01:00:00+00:00,0.535,2.24e-05,98.8
2024-09-02 02:00:00+00:00,0.516,2.92e-05,112.94
2024-09-02 03:00:00+00:00,0.5137,3.17e-05,106.06
2024-09-02 04:00:00+00:00,0.4917,2.486e-05,93.9
2024-09-02 05:00:00+00:00,0.3757,5.215e-05,104.4
2024-09-02 06:00:00+00:00,0.3655,0.01918,124.9
2024-09-02 07:00:00+00:00,0.3467,0.1589,101.2
2024-09-02 08:00:00+00:00,0.3057,0.307,152.5
2024-09-02 09:00:00+00:00,0.252,0.4705,134.0
2024-09-02 10:00:00+00:00,0.2021,0.63,126.9
2024-09-02 11:00:00+00:00,0.1282,0.6978,128.0
2024-09-02 12:00:00+00:00,0.1619,0.603,141.0
2024-09-02 13:00:00+00:00,0.1902,0.582,146.8
2024-09-02 14:00:00+00:00,0.2333,0.5547,132.2
2024-09-02 15:00:00+00:00,0.2632,0.4238,138.8
2024-09-02 16:00:00+00:00,0.2805,0.3372,150.1
2024-09-02 17:00:00+00:00,0.317,0.1343,191.8
2024-09-02 18:00:00+00:00,0.3591,0.01325,195.0
2024-09-02 19:00:00+00:00,0.376,5.937e-05,169.4
2024-09-02 20:00:00+00:00,0.3687,0.0001409,155.9
2024-09-02 21:00:00+00:00,0.3674,3.89e-05,136.5
2024-09-02 22:00:00+00:00,0.348,3.73e-05,144.1
2024-09-02 23:00:00+00:00,0.3416,4.9e-06,135.1
2024-09-03 00:00:00+00:00,0.3738,1.81e-05,130.4
2024-09-03 01:00:00+00:00,0.3354,2.015e-05,137.1
2024-09-03 02:00:00+00:00,0.3171,2.36e-05,123.8
2024-09-03 03:00:00+00:00,0.3103,2.84e-05,111.5
2024-09-03 04:00:00+00:00,0.3271,2.38e-05,92.56
2024-09-03 05:00:00+00:00,0.286,5.233e-05,125.9
2024-09-03 06:00:00+00:00,0.2025,0.02086,153.4
2024-09-03 07:00:00+00:00,0.1709,0.1577,110.25
2024-09-03 08:00:00+00:00,0.1672,0.328,81.0
2024-09-03 09:00:00+00:00,0.127,0.4988,59.84
2024-09-03 10:00:00+00:00,0.1132,0.5864,56.6
2024-09-03 11:00:00+00:00,0.0933,0.6504,47.47
2024-09-03 12:00:00+00:00,0.11206,0.6284,55.56
2024-09-03 13:00:00+00:00,0.1093,0.5947,63.47
2024-09-03 14:00:00+00:00,0.1119,0.58,83.2
2024-09-03 15:00:00+00:00,0.2566,0.4265,79.6
2024-09-03 16:00:00+00:00,0.272,0.2998,84.1
2024-09-03 17:00:00+00:00,0.2942,0.1103,112.5
2024-09-03 18:00:00+00:00,0.276,0.003103,145.6
2024-09-03 19:00:00+00:00,0.2429,4.7e-06,160.9
2024-09-03 20:00:00+00:00,0.2766,2.87e-05,148.9
2024-09-03 21:00:00+00:00,0.2744,2.33e-05,154.4
2024-09-03 22:00:00+00:00,0.2627,1.82e-05,152.6
2024-09-03 23:00:00+00:00,0.2532,0.0,147.5
2024-09-04 00:00:00+00:00,0.251,0.0,145.8
2024-09-04 01:00:00+00:00,0.2485,5.54e-06,128.9
2024-09-04 02:00:00+00:00,0.2678,6.74e-06,112.94
2024-09-04 03:00:00+00:00,0.277,1.395e-05,81.1
2024-09-04 04:00:00+00:00,0.2751,1.794e-05,87.3
2024-09-04 05:00:00+00:00,0.2805,4.61e-05,93.6
2024-09-04 06:00:00+00:00,0.279,0.01859,106.7
2024-09-04 07:00:00+00:00,0.259,0.1475,91.6
2024-09-04 08:00:00+00:00,0.2458,0.2878,85.56
2024-09-04 09:00:00+00:00,0.2056,0.3772,69.1
2024-09-04 10:00:00+00:00,0.1855,0.5156,43.72
2024-09-04 11:00:00+00:00,0.1868,0.5513,58.56
2024-09-04 12:00:00+00:00,0.2062,0.576,65.9
2024-09-04 13:00:00+00:00,0.286,0.5913,73.8
2024-09-04 14:00:00+00:00,0.2866,0.5537,76.8
2024-09-04 15:00:00+00:00,0.3174,0.417,90.25
2024-09-04 16:00:00+00:00,0.3735,0.3203,102.2
2024-09-04 17:00:00+00:00,0.4373,0.1231,118.7
2024-09-04 18:00:00+00:00,0.446,0.010284,159.4
2024-09-04 19:00:00+00:00,0.4536,9.24e-06,142.0
2024-09-04 20:00:00+00:00,0.4617,3.77e-05,122.9
2024-09-04 21:00:00+00:00,0.47,1.57e-05,130.1
2024-09-04 22:00:00+00:00,0.474,1.556e-05,117.94
2024-09-04 23:00:00+00:00,0.4795,0.0,104.2
2024-09-05 00:00:00+00:00,0.5024,1.43e-06,103.2
2024-09-05 01:00:00+00:00,0.516,5.6e-06,91.3
2024-09-05 02:00:00+00:00,0.5317,7.15e-06,101.94
2024-09-05 03:00:00+00:00,0.55,6.85e-06,99.56
2024-09-05 04:00:00+00:00,0.569,4.7e-06,89.7
2024-09-05 05:00:00+00:00,0.6147,1.88e-05,88.9
2024-09-05 06:00:00+00:00,0.615,0.00915,105.94
2024-09-05 07:00:00+00:00,0.578,0.0939,-2.0
2024-09-05 08:00:00+00:00,0.532,0.1953,-1.661
2024-09-05 09:00:00+00:00,0.511,0.2507,56.25
2024-09-05 10:00:00+00:00,0.4792,0.3557,49.2
2024-09-05 11:00:00+00:00,0.4578,0.3655,61.28
2024-09-05 12:00:00+00:00,0.4402,0.4478,55.62
2024-09-05 13:00:00+00:00,0.5093,0.476,42.16
2024-09-05 14:00:00+00:00,0.4585,0.4836,38.28
2024-09-05 15:00:00+00:00,0.4685,0.409,61.78
2024-09-05 16:00:00+00:00,0.558,0.2532,87.1
2024-09-05 17:00:00+00:00,0.5815,0.0958,95.56
2024-09-05 18:00:00+00:00,0.581,0.01183,103.5
2024-09-05 19:00:00+00:00,0.5024,2.48e-05,136.0
2024-09-05 20:00:00+00:00,0.4985,7.683e-05,104.8
2024-09-05 21:00:00+00:00,0.4429,2.91e-05,105.8
2024-09-05 22:00:00+00:00,0.4585,3.797e-05,96.44
2024-09-05 23:00:00+00:00,0.4583,1.6e-05,109.0
2024-09-06 00:00:00+00:00,0.4224,1.76e-05,98.7
2024-09-06 01:00:00+00:00,0.3704,1.24e-05,78.94
2024-09-06 02:00:00+00:00,0.3564,1.52e-05,86.94
2024-09-06 03:00:00+00:00,0.2947,9e-06,89.2
2024-09-06 04:00:00+00:00,0.2898,1.28e-05,99.75
2024-09-06 05:00:00+00:00,0.3132,2.29e-05,111.56
2024-09-06 06:00:00+00:00,0.3113,0.01223,141.1
2024-09-06 07:00:00+00:00,0.2922,0.1354,143.5
2024-09-06 08:00:00+00:00,0.2374,0.273,125.8
2024-09-06 09:00:00+00:00,0.1843,0.349,125.5
2024-09-06 10:00:00+00:00,0.1788,0.4624,108.4
2024-09-06 11:00:00+00:00,0.1753,0.535,104.0
2024-09-06 12:00:00+00:00,0.2037,0.6353,78.9
2024-09-06 13:00:00+00:00,0.1793,0.6675,-2.0
2024-09-06 14:00:00+00:00,0.1251,0.6865,-2.0
2024-09-06 15:00:00+00:00,0.1387,0.5864,-2.0
2024-09-06 16:00:00+00:00,0.1193,0.4429,102.4
2024-09-06 17:00:00+00:00,0.1632,0.1971,143.0
2024-09-06 18:00:00+00:00,0.182,0.02618,155.4
2024-09-06 19:00:00+00:00,0.1738,7.96e-05,172.6
2024-09-06 20:00:00+00:00,0.152,0.0001222,153.9
2024-09-06 21:00:00+00:00,0.1512,4.63e-05,146.0
2024-09-06 22:00:00+00:00,0.1764,4.4e-05,126.8
2024-09-06 23:00:00+00:00,0.1737,1.204e-05,152.8
2024-09-07 00:00:00+00:00,0.1627,9.24e-06,119.75
2024-09-07 01:00:00+00:00,0.164,1.466e-05,115.4
2024-09-07 02:00:00+00:00,0.1708,2.545e-05,104.9
2024-09-07 03:00:00+00:00,0.162,2.325e-05,105.94
2024-09-07 04:00:00+00:00,0.1644,1.633e-05,112.8
2024-09-07 05:00:00+00:00,0.147,1.63e-05,103.06
2024-09-07 06:00:00+00:00,0.09247,0.0072,116.8
2024-09-07 07:00:00+00:00,0.07684,0.09985,133.2
2024-09-07 08:00:00+00:00,0.04962,0.2502,115.56
2024-09-07 09:00:00+00:00,0.02809,0.3176,108.1
2024-09-07 10:00:00+00:00,0.03226,0.357,103.3
2024-09-07 11:00:00+00:00,0.07404,0.3164,92.7
2024-09-07 12:00:00+00:00,0.0839,0.3098,80.44
2024-09-07 13:00:00+00:00,0.0729,0.446,61.47
2024-09-07 14:00:00+00:00,0.10803,0.4775,42.47
2024-09-07 15:00:00+00:00,0.1318,0.4172,45.22
2024-09-07 16:00:00+00:00,0.1677,0.334,71.75
2024-09-07 17:00:00+00:00,0.1715,0.12036,87.06
2024-09-07 18:00:00+00:00,0.16,0.01375,87.7
2024-09-07 19:00:00+00:00,0.1693,3.207e-05,93.6
2024-09-07 20:00:00+00:00,0.1967,2.87e-05,117.56
2024-09-07 21:00:00+00:00,0.2162,2.04e-05,97.56
2024-09-07 22:00:00+00:00,0.2355,3.5e-05,102.94
2024-09-07 23:00:00+00:00,0.2366,1.186e-05,97.7
2024-09-08 00:00:00+00:00,0.2426,9.8e-06,100.9
2024-09-08 01:00:00+00:00,0.2421,5.25e-06,90.75
2024-09-08 02:00:00+00:00,0.2362,9.06e-06,89.44
2024-09-08 03:00:00+00:00,0.246,1.246e-05,87.94
2024-09-08 04:00:00+00:00,0.2559,1.1e-05,93.4
2024-09-08 05:00:00+00:00,0.2559,1.61e-05,81.25
2024-09-08 06:00:00+00:00,0.254,0.01496,78.44
2024-09-08 07:00:00+00:00,0.1824,0.1312,71.1
2024-09-08 08:00:00+00:00,0.1632,0.3052,77.8
2024-09-08 09:00:00+00:00,0.1483,0.397,71.1
2024-09-08 10:00:00+00:00,0.11475,0.5103,60.1
2024-09-08 11:00:00+00:00,0.1549,0.4607,64.6
2024-09-08 12:00:00+00:00,0.1873,0.3792,73.5
2024-09-08 13:00:00+00:00,0.1564,0.4617,61.75
2024-09-08 14:00:00+00:00,0.1759,0.453,31.06
2024-09-08 15:00:00+00:00,0.1505,0.3923,46.0
2024-09-08 16:00:00+00:00,0.1515,0.2944,67.6
2024-09-08 17:00:00+00:00,0.1698,0.09155,163.8
2024-09-08 18:00:00+00:00,0.1592,0.00821,182.2
2024-09-08 19:00:00+00:00,0.1849,2.03e-05,201.2
2024-09-08 20:00:00+00:00,0.1917,2.87e-05,112.75
2024-09-08 21:00:00+00:00,0.2015,2.116e-05,113.3
2024-09-08 22:00:00+00:00,0.2292,4.29e-05,97.3
2024-09-08 23:00:00+00:00,0.215,1.526e-05,93.56
2024-09-09 00:00:00+00:00,0.224,1.734e-05,84.5
2024-09-09 01:00:00+00:00,0.2247,2.05e-05,66.06
2024-09-09 02:00:00+00:00,0.2328,2.21e-05,90.3
2024-09-09 03:00:00+00:00,0.2279,2.015e-05,97.2
2024-09-09 04:00:00+00:00,0.2493,1.33e-05,107.5
2024-09-09 05:00:00+00:00,0.258,2.88e-05,118.0
2024-09-09 06:00:00+00:00,0.3,0.02068,124.06
2024-09-09 07:00:00+00:00,0.289,0.1671,126.94
2024-09-09 08:00:00+00:00,0.2773,0.3655,122.94
2024-09-09 09:00:00+00:00,0.2484,0.4946,94.75
2024-09-09 10:00:00+00:00,0.2297,0.5947,72.0
2024-09-09 11:00:00+00:00,0.2155,0.601,80.9
2024-09-09 12:00:00+00:00,0.3057,0.4988,72.2
2024-09-09 13:00:00+00:00,0.3274,0.511,60.7
2024-09-09 14:00:00+00:00,0.34,0.5176,34.25
2024-09-09 15:00:00+00:00,0.3582,0.4312,40.3
2024-09-09 16:00:00+00:00,0.384,0.3154,64.44
2024-09-09 17:00:00+00:00,0.3938,0.10815,87.94
2024-09-09 18:00:00+00:00,0.4138,0.001612,119.5
2024-09-09 19:00:00+00:00,0.4102,2.15e-05,133.8
2024-09-09 20:00:00+00:00,0.4468,3.49e-05,124.9
2024-09-09 21:00:00+00:00,0.4297,2.95e-05,103.9
2024-09-09 22:00:00+00:00,0.4167,5.436e-05,98.4
2024-09-09 23:00:00+00:00,0.4146,2.18e-05,89.75
2024-09-10 00:00:00+00:00,0.4507,1.866e-05,70.9
2024-09-10 01:00:00+00:00,0.4282,1.305e-05,77.2
2024-09-10 02:00:00+00:00,0.4497,2.36e-05,57.78
2024-09-10 03:00:00+00:00,0.4573,2.64e-05,52.5
2024-09-10 04:00:00+00:00,0.4329,1.77e-05,60.4
2024-09-10 05:00:00+00:00,0.42,2.795e-05,95.3
2024-09-10 06:00:00+00:00,0.413,0.0181,113.25
2024-09-10 07:00:00+00:00,0.3926,0.1377,107.0
2024-09-10 08:00:00+00:00,0.3162,0.3442,86.75
2024-09-10 09:00:00+00:00,0.2915,0.4392,60.22
2024-09-10 10:00:00+00:00,0.2595,0.572,52.34
2024-09-10 11:00:00+00:00,0.216,0.616,33.34
2024-09-10 12:00:00+00:00,0.2048,0.56,47.38
2024-09-10 13:00:00+00:00,0.0772,0.5596,65.1
2024-09-10 14:00:00+00:00,0.0955,0.522,79.6
2024-09-10 15:00:00+00:00,0.1493,0.4468,72.06
2024-09-10 16:00:00+00:00,0.188,0.2969,186.4
2024-09-10 17:00:00+00:00,0.1978,0.1091,94.94
2024-09-10 18:00:00+00:00,0.19,0.00529,102.06
2024-09-10 19:00:00+00:00,0.2332,1.5e-05,116.94
2024-09-10 20:00:00+00:00,0.263,2.87e-05,116.9
2024-09-10 21:00:00+00:00,0.2854,2.31e-05,77.9
2024-09-10 22:00:00+00:00,0.2966,4.065e-05,66.75
2024-09-10 23:00:00+00:00,0.2969,1.48e-05,76.9
2024-09-11 00:00:00+00:00,0.2761,5.4e-06,82.7
2024-09-11 01:00:00+00:00,0.2576,0.0,97.06
2024-09-11 02:00:00+00:00,0.2751,3.6e-07,92.2
2024-09-11 03:00:00+00:00,0.2795,1.043e-05,66.7
2024-09-11 04:00:00+00:00,0.2942,4.3e-06,59.94
2024-09-11 05:00:00+00:00,0.2318,1.895e-05,79.56
2024-09-11 06:00:00+00:00,0.228,0.01431,80.25
2024-09-11 07:00:00+00:00,0.2683,0.1354,71.06
2024-09-11 08:00:00+00:00,0.2174,0.3542,156.9
2024-09-11 09:00:00+00:00,0.1584,0.548,156.6
2024-09-11 10:00:00+00:00,0.206,0.606,140.2
2024-09-11 11:00:00+00:00,0.2108,0.645,125.06
2024-09-11 12:00:00+00:00,0.219,0.6646,37.22
2024-09-11 13:00:00+00:00,0.2323,0.6504,24.34
2024-09-11 14:00:00+00:00,0.2161,0.611,32.44
2024-09-11 15:00:00+00:00,0.2147,0.5557,25.95
2024-09-11 16:00:00+00:00,0.252,0.4006,49.38
2024-09-11 17:00:00+00:00,0.3247,0.1697,83.56
2024-09-11 18:00:00+00:00,0.3564,0.01639,102.6
2024-09-11 19:00:00+00:00,0.3743,5.74e-05,115.44
2024-09-11 20:00:00+00:00,0.3623,6.85e-05,117.75
2024-09-11 21:00:00+00:00,0.3909,2.587e-05,93.4
2024-09-11 22:00:00+00:00,0.3958,3.904e-05,79.0
2024-09-11 23:00:00+00:00,0.3987,9.8e-06,83.75
2024-09-12 00:00:00+00:00,0.4036,1.27e-05,94.56
2024-09-12 01:00:00+00:00,0.4033,1.55e-06,113.44
2024-09-12 02:00:00+00:00,0.4226,2.2e-06,91.5
2024-09-12 03:00:00+00:00,0.4233,1.96e-05,78.25
2024-09-12 04:00:00+00:00,0.3865,1.603e-05,80.0
2024-09-12 05:00:00+00:00,0.4417,2.927e-05,71.75
2024-09-12 06:00:00+00:00,0.4368,0.01837,80.3
2024-09-12 07:00:00+00:00,0.3352,0.1536,71.94
2024-09-12 08:00:00+00:00,0.2532,0.3635,62.78
2024-09-12 09:00:00+00:00,0.1763,0.522,61.9
2024-09-12 10:00:00+00:00,0.1747,0.581,51.88
2024-09-12 11:00:00+00:00,0.169,0.609,65.75
2024-09-12 12:00:00+00:00,0.1102,0.6626,65.0
2024-09-12 13:00:00+00:00,0.1064,0.67,51.72
2024-09-12 14:00:00+00:00,0.11444,0.634,50.47
2024-09-12 15:00:00+00:00,0.1362,0.4685,64.8
2024-09-12 16:00:00+00:00,0.1309,0.3418,84.8
2024-09-12 17:00:00+00:00,0.1495,0.1547,107.94
2024-09-12 18:00:00+00:00,0.153,0.01828,131.4
2024-09-12 19:00:00+00:00,0.1437,7.22e-05,137.4
2024-09-12 20:00:00+00:00,0.1478,0.0001389,157.5
2024-09-12 21:00:00+00:00,0.1263,4.29e-05,119.1
2024-09-12 22:00:00+00:00,0.1234,6.14e-05,136.5
2024-09-12 23:00:00+00:00,0.1697,1.78e-05,113.75
2024-09-13 00:00:00+00:00,0.1522,1.58e-05,117.5
2024-09-13 01:00:00+00:00,0.1631,6.7e-06,98.94
2024-09-13 02:00:00+00:00,0.1674,3.3e-06,76.7
2024-09-13 03:00:00+00:00,0.1677,1.59e-05,83.9
2024-09-13 04:00:00+00:00,0.1849,1.556e-05,111.2
2024-09-13 05:00:00+00:00,0.1871,3.666e-05,107.7
2024-09-13 06:00:00+00:00,0.1945,0.01924,133.4
2024-09-13 07:00:00+00:00,0.2047,0.1805,112.06
2024-09-13 08:00:00+00:00,0.1807,0.3525,87.4
2024-09-13 09:00:00+00:00,0.1782,0.4517,146.4
2024-09-13 10:00:00+00:00,0.1552,0.509,152.1
2024-09-13 11:00:00+00:00,0.1444,0.545,74.44
2024-09-13 12:00:00+00:00,0.149,0.558,83.0
2024-09-13 13:00:00+00:00,0.1528,0.515,97.0
2024-09-13 14:00:00+00:00,0.1536,0.4844,101.6
2024-09-13 15:00:00+00:00,0.1576,0.4028,109.6
2024-09-13 16:00:00+00:00,0.208,0.335,83.94
2024-09-13 17:00:00+00:00,0.2483,0.1316,91.4
2024-09-13 18:00:00+00:00,0.1372,0.01181,109.94
2024-09-13 19:00:00+00:00,0.1687,3.934e-05,107.3
2024-09-13 20:00:00+00:00,0.197,6.235e-05,119.4
2024-09-13 21:00:00+00:00,0.2012,2.78e-05,118.0
2024-09-13 22:00:00+00:00,0.1969,3.43e-05,98.75
2024-09-13 23:00:00+00:00,0.175,0.0,98.3
2024-09-14 00:00:00+00:00,0.2006,0.0,61.0
2024-09-14 01:00:00+00:00,0.2006,0.0,46.1
2024-09-14 02:00:00+00:00,0.215,0.0,47.44
2024-09-14 03:00:00+00:00,0.2332,0.0,54.97
2024-09-14 04:00:00+00:00,0.253,0.0,48.56
2024-09-14 05:00:00+00:00,0.2524,7.03e-06,67.6
2024-09-14 06:00:00+00:00,0.2389,0.00974,66.2
2024-09-14 07:00:00+00:00,0.2141,0.1315,71.9
2024-09-14 08:00:00+00:00,0.1796,0.3127,71.56
2024-09-14 09:00:00+00:00,0.1533,0.4697,39.84
2024-09-14 10:00:00+00:00,0.1509,0.5396,46.8
2024-09-14 11:00:00+00:00,0.1348,0.632,39.06
2024-09-14 12:00:00+00:00,0.1234,0.697,26.73
2024-09-14 13:00:00+00:00,0.1362,0.687,32.88
2024-09-14 14:00:00+00:00,0.1791,0.6597,36.56
2024-09-14 15:00:00+00:00,0.185,0.5176,50.6
2024-09-14 16:00:00+00:00,0.2715,0.4087,60.38
2024-09-14 17:00:00+00:00,0.3713,0.1608,63.8
2024-09-14 18:00:00+00:00,0.4277,0.01973,90.94
2024-09-14 19:00:00+00:00,0.4822,5.62e-05,78.06
2024-09-14 20:00:00+00:00,0.5293,7.03e-05,64.6
2024-09-14 21:00:00+00:00,0.56,3.28e-05,54.0
2024-09-14 22:00:00+00:00,0.579,4.76e-05,42.34
2024-09-14 23:00:00+00:00,0.59,1.67e-05,-2.0
2024-09-15 00:00:00+00:00,0.594,1.043e-05,-2.0
2024-09-15 01:00:00+00:00,0.595,1.16e-05,28.4
2024-09-15 02:00:00+00:00,0.614,1.204e-05,0.628
2024-09-15 03:00:00+00:00,0.7017,1.025e-05,-2.0
2024-09-15 04:00:00+00:00,0.739,1.01e-05,-2.0
2024-09-15 05:00:00+00:00,0.739,2.134e-05,6.15
2024-09-15 06:00:00+00:00,0.7446,0.01622,3.328
2024-09-15 07:00:00+00:00,0.721,0.164,-2.0
2024-09-15 08:00:00+00:00,0.658,0.3438,-2.0
2024-09-15 09:00:00+00:00,0.6167,0.5654,-2.0
2024-09-15 10:00:00+00:00,0.631,0.633,-2.0
2024-09-15 11:00:00+00:00,0.624,0.726,-2.0
2024-09-15 12:00:00+00:00,0.6567,0.736,-2.0
2024-09-15 13:00:00+00:00,0.692,0.687,-2.0
2024-09-15 14:00:00+00:00,0.6895,0.6514,-2.0
2024-09-15 15:00:00+00:00,0.704,0.555,-2.0
2024-09-15 16:00:00+00:00,0.664,0.4429,-2.0
2024-09-15 17:00:00+00:00,0.7383,0.1971,19.47
2024-09-15 18:00:00+00:00,0.7554,0.02545,43.06
2024-09-15 19:00:00+00:00,0.7427,6.664e-05,36.6
2024-09-15 20:00:00+00:00,0.731,0.0001091,56.28
2024-09-15 21:00:00+00:00,0.6924,3.61e-05,49.5
2024-09-15 22:00:00+00:00,0.682,4.44e-05,43.47
2024-09-15 23:00:00+00:00,0.666,1.58e-05,43.25
2024-09-16 00:00:00+00:00,0.6606,1.74e-05,31.39
2024-09-16 01:00:00+00:00,0.652,2.146e-05,39.62
2024-09-16 02:00:00+00:00,0.587,2.35e-05,48.3
2024-09-16 03:00:00+00:00,0.5977,2.13e-05,39.44
2024-09-16 04:00:00+00:00,0.59,2.07e-05,49.03
2024-09-16 05:00:00+00:00,0.5474,4.22e-05,70.3
2024-09-16 06:00:00+00:00,0.5317,0.01944,65.44
2024-09-16 07:00:00+00:00,0.4897,0.1635,65.3
2024-09-16 08:00:00+00:00,0.4473,0.3813,47.4
2024-09-16 09:00:00+00:00,0.342,0.6133,25.02
2024-09-16 10:00:00+00:00,0.3335,0.653,6.508
2024-09-16 11:00:00+00:00,0.3257,0.7183,14.45
2024-09-16 12:00:00+00:00,0.3113,0.763,10.87
2024-09-16 13:00:00+00:00,0.305,0.7466,5.73
2024-09-16 14:00:00+00:00,0.2637,0.697,-2.0
2024-09-16 15:00:00+00:00,0.2803,0.5864,15.57
2024-09-16 16:00:00+00:00,0.306,0.4429,21.61
2024-09-16 17:00:00+00:00,0.3333,0.2239,66.56
2024-09-16 18:00:00+00:00,0.3367,0.02473,86.1
2024-09-16 19:00:00+00:00,0.3394,7.25e-05,109.06
2024-09-16 20:00:00+00:00,0.3389,0.000155,97.06
2024-09-16 21:00:00+00:00,0.278,5.287e-05,98.6
2024-09-16 22:00:00+00:00,0.26,6.604e-05,86.2
2024-09-16 23:00:00+00:00,0.285,1.895e-05,80.94
2024-09-17 00:00:00+00:00,0.3276,2.223e-05,68.75
2024-09-17 01:00:00+00:00,0.3179,2.676e-05,70.7
2024-09-17 02:00:00+00:00,0.3157,2.223e-05,55.72
2024-09-17 03:00:00+00:00,0.3096,2.086e-05,56.75
2024-09-17 04:00:00+00:00,0.2944,2.307e-05,64.6
2024-09-17 05:00:00+00:00,0.2374,3.785e-05,95.6
2024-09-17 06:00:00+00:00,0.2257,0.0205,75.2
2024-09-17 07:00:00+00:00,0.2319,0.1642,63.9
2024-09-17 08:00:00+00:00,0.2163,0.3665,61.62
2024-09-17 09:00:00+00:00,0.1711,0.5825,25.34
2024-09-17 10:00:00+00:00,0.1497,0.708,13.99
2024-09-17 11:00:00+00:00,0.1738,0.739,16.66
2024-09-17 12:00:00+00:00,0.1823,0.763,27.0
2024-09-17 13:00:00+00:00,0.1897,0.7466,29.97
2024-09-17 14:00:00+00:00,0.255,0.697,31.58
2024-09-17 15:00:00+00:00,0.286,0.5864,42.38
2024-09-17 16:00:00+00:00,0.305,0.4429,36.62
2024-09-17 17:00:00+00:00,0.3462,0.2239,65.5
2024-09-17 18:00:00+00:00,0.3916,0.02908,84.8
2024-09-17 19:00:00+00:00,0.3892,9.835e-05,93.56
2024-09-17 20:00:00+00:00,0.36,0.0002027,101.2
2024-09-17 21:00:00+00:00,0.3206,6.336e-05,79.7
2024-09-17 22:00:00+00:00,0.3235,8.476e-05,70.8
2024-09-17 23:00:00+00:00,0.265,2.164e-05,70.1
2024-09-18 00:00:00+00:00,0.212,9.8e-06,64.06
2024-09-18 01:00:00+00:00,0.2083,1.53e-05,57.94
2024-09-18 02:00:00+00:00,0.1747,1.41e-05,48.25
2024-09-18 03:00:00+00:00,0.1384,1.58e-05,42.62
2024-09-18 04:00:00+00:00,0.1344,1.16e-05,67.06
2024-09-18 05:00:00+00:00,0.1829,3.14e-05,78.2
2024-09-18 06:00:00+00:00,0.1665,0.01923,100.7
2024-09-18 07:00:00+00:00,0.1956,0.1462,93.3
2024-09-18 08:00:00+00:00,0.2057,0.3433,75.94
2024-09-18 09:00:00+00:00,0.1699,0.5957,40.16
2024-09-18 10:00:00+00:00,0.1621,0.665,41.8
2024-09-18 11:00:00+00:00,0.1681,0.6777,34.22
2024-09-18 12:00:00+00:00,0.1965,0.682,25.58
2024-09-18 13:00:00+00:00,0.223,0.713,25.75
2024-09-18 14:00:00+00:00,0.2834,0.641,15.64
2024-09-18 15:00:00+00:00,0.277,0.5864,17.11
2024-09-18 16:00:00+00:00,0.3142,0.4429,35.56
2024-09-18 17:00:00+00:00,0.3655,0.1699,78.25
2024-09-18 18:00:00+00:00,0.3083,0.0221,100.0
2024-09-18 19:00:00+00:00,0.3145,8.62e-05,107.06
2024-09-18 20:00:00+00:00,0.3386,0.0001851,97.25
2024-09-18 21:00:00+00:00,0.3467,5.82e-05,99.25
2024-09-18 22:00:00+00:00,0.3545,6.1e-05,91.8
2024-09-18 23:00:00+00:00,0.3628,1.997e-05,74.06
2024-09-19 00:00:00+00:00,0.3613,1.746e-05,70.06
2024-09-19 01:00:00+00:00,0.2852,1.52e-05,67.94
2024-09-19 02:00:00+00:00,0.272,2.354e-05,43.88
2024-09-19 03:00:00+00:00,0.1969,2.67e-05,69.5
2024-09-19 04:00:00+00:00,0.1708,2.93e-05,109.9
2024-09-19 05:00:00+00:00,0.1659,5.805e-05,121.4
2024-09-19 06:00:00+00:00,0.1356,0.0225,158.2
2024-09-19 07:00:00+00:00,0.1012,0.1823,155.2
2024-09-19 08:00:00+00:00,0.06555,0.374,117.0
2024-09-19 09:00:00+00:00,0.00372,0.618,87.25
2024-09-19 10:00:00+00:00,0.003788,0.7163,80.4
2024-09-19 11:00:00+00:00,0.00889,0.6865,81.44
2024-09-19 12:00:00+00:00,0.001737,0.64,74.06
2024-09-19 13:00:00+00:00,0.08307,0.7007,61.0
2024-09-19 14:00:00+00:00,0.015076,0.634,86.6
2024-09-19 15:00:00+00:00,0.0123,0.5864,87.94
2024-09-19 16:00:00+00:00,0.02057,0.4207,86.9
2024-09-19 17:00:00+00:00,0.05164,0.1775,115.8
2024-09-19 18:00:00+00:00,0.0857,0.02087,130.2
2024-09-19 19:00:00+00:00,0.14,7.16e-05,139.5
2024-09-19 20:00:00+00:00,0.126,0.0001,136.8
2024-09-19 21:00:00+00:00,0.1765,5.39e-05,131.9
2024-09-19 22:00:00+00:00,0.1823,7.76e-05,137.0
2024-09-19 23:00:00+00:00,0.1685,3.05e-05,118.75
2024-09-20 00:00:00+00:00,0.15,1.794e-05,111.3
2024-09-20 01:00:00+00:00,0.1476,1.734e-05,134.2
2024-09-20 02:00:00+00:00,0.1476,2.91e-05,126.56
2024-09-20 03:00:00+00:00,0.1512,2.724e-05,133.1
2024-09-20 04:00:00+00:00,0.1678,2.205e-05,104.5
2024-09-20 05:00:00+00:00,0.1835,4.84e-05,105.75
2024-09-20 06:00:00+00:00,0.1901,0.013985,123.7
2024-09-20 07:00:00+00:00,0.1832,0.1044,124.0
2024-09-20 08:00:00+00:00,0.1874,0.2195,122.44
2024-09-20 09:00:00+00:00,0.1765,0.4834,78.0
2024-09-20 10:00:00+00:00,0.1746,0.573,73.6
2024-09-20 11:00:00+00:00,0.1641,0.632,63.1
2024-09-20 12:00:00+00:00,0.1627,0.6104,67.5
2024-09-20 13:00:00+00:00,0.1619,0.6157,72.6
2024-09-20 14:00:00+00:00,0.1838,0.501,100.25
2024-09-20 15:00:00+00:00,0.174,0.4753,113.06
2024-09-20 16:00:00+00:00,0.1815,0.2986,125.3
2024-09-20 17:00:00+00:00,0.2297,0.11725,151.0
2024-09-20 18:00:00+00:00,0.2505,0.00788,138.5
2024-09-20 19:00:00+00:00,0.2568,2.72e-05,138.1
2024-09-20 20:00:00+00:00,0.264,6.12e-05,126.06
2024-09-20 21:00:00+00:00,0.3071,3.964e-05,111.1
2024-09-20 22:00:00+00:00,0.3809,5.126e-05,112.4
2024-09-20 23:00:00+00:00,0.3796,2.307e-05,89.75
2024-09-21 00:00:00+00:00,0.3997,2.533e-05,74.06
2024-09-21 01:00:00+00:00,0.4004,2.49e-05,69.06
2024-09-21 02:00:00+00:00,0.4128,2.587e-05,77.5
2024-09-21 03:00:00+00:00,0.4578,2.33e-05,95.8
2024-09-21 04:00:00+00:00,0.515,2.11e-05,74.5
2024-09-21 05:00:00+00:00,0.565,2.91e-05,80.44
2024-09-21 06:00:00+00:00,0.5283,0.014824,70.56
2024-09-21 07:00:00+00:00,0.5103,0.1037,67.2
2024-09-21 08:00:00+00:00,0.4927,0.2394,59.78
2024-09-21 09:00:00+00:00,0.512,0.442,29.95
2024-09-21 10:00:00+00:00,0.482,0.5503,6.445
2024-09-21 11:00:00+00:00,0.4695,0.596,14.38
2024-09-21 12:00:00+00:00,0.4675,0.595,19.0
2024-09-21 13:00:00+00:00,0.4426,0.544,23.88
2024-09-21 14:00:00+00:00,0.5034,0.4778,26.84
2024-09-21 15:00:00+00:00,0.4873,0.4363,29.5
2024-09-21 16:00:00+00:00,0.4846,0.308,37.06
2024-09-21 17:00:00+00:00,0.4885,0.1388,63.47
2024-09-21 18:00:00+00:00,0.4421,0.01315,83.6
2024-09-21 19:00:00+00:00,0.4321,2.795e-05,86.06
2024-09-21 20:00:00+00:00,0.4307,5.335e-05,84.4
2024-09-21 21:00:00+00:00,0.3704,3.09e-05,79.25
2024-09-21 22:00:00+00:00,0.4182,4.85e-05,50.0
2024-09-21 23:00:00+00:00,0.34,2.88e-05,55.1
2024-09-22 00:00:00+00:00,0.273,3.266e-05,80.25
2024-09-22 01:00:00+00:00,0.2837,2.664e-05,81.7
2024-09-22 02:00:00+00:00,0.2917,2.97e-05,83.75
2024-09-22 03:00:00+00:00,0.2932,2.76e-05,80.6
2024-09-22 04:00:00+00:00,0.2832,2.444e-05,78.3
2024-09-22 05:00:00+00:00,0.327,4.613e-05,76.25
2024-09-22 06:00:00+00:00,0.3203,0.02402,75.4
2024-09-22 07:00:00+00:00,0.3215,0.1571,68.5
2024-09-22 08:00:00+00:00,0.2378,0.3372,47.4
2024-09-22 09:00:00+00:00,0.2228,0.4248,32.66
2024-09-22 10:00:00+00:00,0.2115,0.5166,10.02
2024-09-22 11:00:00+00:00,0.2062,0.591,8.24
2024-09-22 12:00:00+00:00,0.1719,0.6357,-2.0
2024-09-22 13:00:00+00:00,0.2227,0.6157,4.348
2024-09-22 14:00:00+00:00,0.2783,0.5,19.45
2024-09-22 15:00:00+00:00,0.2627,0.4224,23.06
2024-09-22 16:00:00+00:00,0.3066,0.2993,40.22
2024-09-22 17:00:00+00:00,0.3328,0.1337,65.6
2024-09-22 18:00:00+00:00,0.342,0.015,92.5
2024-09-22 19:00:00+00:00,0.3464,5.674e-05,101.5
2024-09-22 20:00:00+00:00,0.3567,0.0001072,91.56
2024-09-22 21:00:00+00:00,0.3467,3.71e-05,93.25
2024-09-22 22:00:00+00:00,0.3535,3.886e-05,75.0
2024-09-22 23:00:00+00:00,0.4192,1.574e-05,39.5
2024-09-23 00:00:00+00:00,0.4324,2.84e-05,45.72
2024-09-23 01:00:00+00:00,0.479,2.83e-05,41.06
2024-09-23 02:00:00+00:00,0.497,3.31e-05,27.97
2024-09-23 03:00:00+00:00,0.499,3.344e-05,33.9
2024-09-23 04:00:00+00:00,0.52,2.57e-05,37.12
2024-09-23 05:00:00+00:00,0.5063,5.895e-05,56.47
2024-09-23 06:00:00+00:00,0.5,0.02803,89.7
2024-09-23 07:00:00+00:00,0.454,0.2092,64.25
2024-09-23 08:00:00+00:00,0.3909,0.4475,34.06
2024-09-23 09:00:00+00:00,0.3743,0.618,18.16
2024-09-23 10:00:00+00:00,0.342,0.7163,15.54
2024-09-23 11:00:00+00:00,0.3164,0.693,5.848
2024-09-23 12:00:00+00:00,0.3083,0.736,-2.0
2024-09-23 13:00:00+00:00,0.349,0.704,-2.0
2024-09-23 14:00:00+00:00,0.3528,0.6157,-2.0
2024-09-23 15:00:00+00:00,0.3542,0.5327,7.53
2024-09-23 16:00:00+00:00,0.3604,0.3374,31.9
2024-09-23 17:00:00+00:00,0.3564,0.1467,73.2
2024-09-23 18:00:00+00:00,0.3572,0.01005,87.7
2024-09-23 19:00:00+00:00,0.3438,5.454e-05,110.56
2024-09-23 20:00:00+00:00,0.3247,0.00010324,77.94
2024-09-23 21:00:00+00:00,0.3235,4.73e-05,80.94
2024-09-23 22:00:00+00:00,0.3513,5.734e-05,79.06
2024-09-23 23:00:00+00:00,0.3726,2.116e-05,87.25
2024-09-24 00:00:00+00:00,0.3442,2.03e-05,78.3
2024-09-24 01:00:00+00:00,0.3467,1.45e-05,74.3
2024-09-24 02:00:00+00:00,0.4075,1.5e-05,59.7
2024-09-24 03:00:00+00:00,0.3835,1.71e-05,84.3
2024-09-24 04:00:00+00:00,0.3982,1.69e-05,84.1
2024-09-24 05:00:00+00:00,0.4119,3.386e-05,80.44
2024-09-24 06:00:00+00:00,0.4023,0.01816,96.25
2024-09-24 07:00:00+00:00,0.3743,0.144,79.06
2024-09-24 08:00:00+00:00,0.452,0.3167,60.28
2024-09-24 09:00:00+00:00,0.4668,0.4124,50.9
2024-09-24 10:00:00+00:00,0.4658,0.539,37.16
2024-09-24 11:00:00+00:00,0.5103,0.5522,23.16
2024-09-24 12:00:00+00:00,0.467,0.587,21.7
2024-09-24 13:00:00+00:00,0.473,0.568,37.25
2024-09-24 14:00:00+00:00,0.4478,0.4941,53.22
2024-09-24 15:00:00+00:00,0.58,0.415,33.94
2024-09-24 16:00:00+00:00,0.5967,0.2734,25.17
2024-09-24 17:00:00+00:00,0.569,0.1371,63.88
2024-09-24 18:00:00+00:00,0.48,0.01251,88.44
2024-09-24 19:00:00+00:00,0.4453,4.84e-05,107.3
2024-09-24 20:00:00+00:00,0.4133,7.89e-05,112.7
2024-09-24 21:00:00+00:00,0.3894,4.405e-05,104.4
2024-09-24 22:00:00+00:00,0.391,5.73e-05,83.56
2024-09-24 23:00:00+00:00,0.3796,2.956e-05,100.1
2024-09-25 00:00:00+00:00,0.3674,3.28e-05,79.75
2024-09-25 01:00:00+00:00,0.3635,2.54e-05,74.8
2024-09-25 02:00:00+00:00,0.358,1.93e-05,89.94
2024-09-25 03:00:00+00:00,0.3877,2.116e-05,88.8
2024-09-25 04:00:00+00:00,0.4033,1.89e-05,84.56
2024-09-25 05:00:00+00:00,0.3904,5.156e-05,88.3
2024-09-25 06:00:00+00:00,0.3772,0.02655,96.8
2024-09-25 07:00:00+00:00,0.382,0.1926,72.06
2024-09-25 08:00:00+00:00,0.2986,0.4346,51.62
2024-09-25 09:00:00+00:00,0.298,0.537,42.4
2024-09-25 10:00:00+00:00,0.2798,0.6104,51.97
2024-09-25 11:00:00+00:00,0.2568,0.6147,34.25
2024-09-25 12:00:00+00:00,0.2551,0.6104,38.25
2024-09-25 13:00:00+00:00,0.2377,0.58,61.97
2024-09-25 14:00:00+00:00,0.2756,0.4817,56.94
2024-09-25 15:00:00+00:00,0.2693,0.397,87.44
2024-09-25 16:00:00+00:00,0.3228,0.2798,101.2
2024-09-25 17:00:00+00:00,0.32,0.1388,119.6
2024-09-25 18:00:00+00:00,0.3345,0.0131,139.4
2024-09-25 19:00:00+00:00,0.3179,4.82e-05,145.6
2024-09-25 20:00:00+00:00,0.3132,0.0001214,132.5
2024-09-25 21:00:00+00:00,0.266,5.823e-05,110.0
2024-09-25 22:00:00+00:00,0.2622,6.944e-05,121.2
2024-09-25 23:00:00+00:00,0.2396,3.47e-05,111.5
2024-09-26 00:00:00+00:00,0.2325,4.15e-05,97.75
2024-09-26 01:00:00+00:00,0.2285,3.09e-05,92.56
2024-09-26 02:00:00+00:00,0.2705,2.646e-05,75.8
2024-09-26 03:00:00+00:00,0.2969,2.074e-05,65.4
2024-09-26 04:00:00+00:00,0.3108,1.913e-05,76.8
2024-09-26 05:00:00+00:00,0.3352,4.37e-05,69.0
2024-09-26 06:00:00+00:00,0.3704,0.02222,102.3
2024-09-26 07:00:00+00:00,0.362,0.1478,83.56
2024-09-26 08:00:00+00:00,0.349,0.346,54.47
2024-09-26 09:00:00+00:00,0.3293,0.4915,56.25
2024-09-26 10:00:00+00:00,0.3364,0.558,36.75
2024-09-26 11:00:00+00:00,0.3435,0.5557,52.7
2024-09-26 12:00:00+00:00,0.337,0.6,39.78
2024-09-26 13:00:00+00:00,0.278,0.606,69.56
2024-09-26 14:00:00+00:00,0.281,0.505,95.25
2024-09-26 15:00:00+00:00,0.2798,0.4424,98.1
2024-09-26 16:00:00+00:00,0.3298,0.3079,89.25
2024-09-26 17:00:00+00:00,0.3496,0.1333,96.6
2024-09-26 18:00:00+00:00,0.3757,0.01336,90.25
2024-09-26 19:00:00+00:00,0.3862,5.28e-05,101.7
2024-09-26 20:00:00+00:00,0.4426,8.273e-05,72.9
2024-09-26 21:00:00+00:00,0.4226,2.68e-05,59.84
2024-09-26 22:00:00+00:00,0.4822,2.06e-05,81.2
2024-09-26 23:00:00+00:00,0.4946,5e-06,71.8
2024-09-27 00:00:00+00:00,0.5117,1.63e-05,58.2
2024-09-27 01:00:00+00:00,0.56,1.866e-05,50.0
2024-09-27 02:00:00+00:00,0.5166,2.17e-05,45.8
2024-09-27 03:00:00+00:00,0.514,2.4e-05,70.44
2024-09-27 04:00:00+00:00,0.5107,2.48e-05,66.3
2024-09-27 05:00:00+00:00,0.542,4.065e-05,66.75
2024-09-27 06:00:00+00:00,0.5615,0.0182,78.1
2024-09-27 07:00:00+00:00,0.5454,0.146,61.8
2024-09-27 08:00:00+00:00,0.5283,0.3118,36.72
2024-09-27 09:00:00+00:00,0.537,0.4668,43.7
2024-09-27 10:00:00+00:00,0.5464,0.4734,55.06
2024-09-27 11:00:00+00:00,0.5093,0.4678,39.97
2024-09-27 12:00:00+00:00,0.5366,0.4138,39.72
2024-09-27 13:00:00+00:00,0.5864,0.3718,57.9
2024-09-27 14:00:00+00:00,0.602,0.3438,46.28
2024-09-27 15:00:00+00:00,0.624,0.2441,53.4
2024-09-27 16:00:00+00:00,0.612,0.1562,58.84
2024-09-27 17:00:00+00:00,0.623,0.05524,64.44
2024-09-27 18:00:00+00:00,0.6143,0.000891,92.44
2024-09-27 19:00:00+00:00,0.603,0.0,90.0
2024-09-27 20:00:00+00:00,0.6143,2.87e-05,82.7
2024-09-27 21:00:00+00:00,0.6187,1.66e-05,70.06
2024-09-27 22:00:00+00:00,0.646,1.204e-05,68.4
2024-09-27 23:00:00+00:00,0.7046,0.0,55.03
2024-09-28 00:00:00+00:00,0.718,1.436e-05,50.53
2024-09-28 01:00:00+00:00,0.7246,1.36e-05,36.66
2024-09-28 02:00:00+00:00,0.7383,2.104e-05,31.28
2024-09-28 03:00:00+00:00,0.744,2.307e-05,51.9
2024-09-28 04:00:00+00:00,0.694,2.04e-05,40.53
2024-09-28 05:00:00+00:00,0.6826,2.49e-05,55.16
2024-09-28 06:00:00+00:00,0.664,0.015564,55.47
2024-09-28 07:00:00+00:00,0.572,0.1562,42.25
2024-09-28 08:00:00+00:00,0.518,0.3706,33.38
2024-09-28 09:00:00+00:00,0.4717,0.542,26.28
2024-09-28 10:00:00+00:00,0.453,0.6455,15.195
2024-09-28 11:00:00+00:00,0.4744,0.612,6.61
2024-09-28 12:00:00+00:00,0.4565,0.5854,13.33
2024-09-28 13:00:00+00:00,0.4246,0.5947,9.195
2024-09-28 14:00:00+00:00,0.4573,0.5254,6.094
2024-09-28 15:00:00+00:00,0.3857,0.4556,24.16
2024-09-28 16:00:00+00:00,0.4011,0.3203,38.22
2024-09-28 17:00:00+00:00,0.418,0.1288,74.8
2024-09-28 18:00:00+00:00,0.4072,0.003191,77.2
2024-09-28 19:00:00+00:00,0.397,1.353e-05,85.5
2024-09-28 20:00:00+00:00,0.395,4.41e-05,102.9
2024-09-28 21:00:00+00:00,0.394,3.916e-05,96.6
2024-09-28 22:00:00+00:00,0.386,4.643e-05,127.56
2024-09-28 23:00:00+00:00,0.359,1.085e-05,108.94
2024-09-29 00:00:00+00:00,0.34,2.307e-05,100.25
2024-09-29 01:00:00+00:00,0.3381,2.54e-05,71.06
2024-09-29 02:00:00+00:00,0.212,3.5e-05,78.75
2024-09-29 03:00:00+00:00,0.2314,3.4e-05,93.7
2024-09-29 04:00:00+00:00,0.1956,2.27e-05,87.7
2024-09-29 05:00:00+00:00,0.1139,2.736e-05,100.06
2024-09-29 06:00:00+00:00,0.0844,0.01704,99.4
2024-09-29 07:00:00+00:00,0.0506,0.1772,110.44
2024-09-29 08:00:00+00:00,0.00918,0.4258,59.75
2024-09-29 09:00:00+00:00,0.05664,0.6074,38.56
2024-09-29 10:00:00+00:00,0.03134,0.7163,51.3
2024-09-29 11:00:00+00:00,0.005493,0.697,34.2
2024-09-29 12:00:00+00:00,0.01743,0.6753,19.44
2024-09-29 13:00:00+00:00,0.006268,0.6763,18.9
2024-09-29 14:00:00+00:00,0.08344,0.62,36.06
2024-09-29 15:00:00+00:00,0.07007,0.5156,64.2
2024-09-29 16:00:00+00:00,0.01082,0.3457,95.75
2024-09-29 17:00:00+00:00,0.01707,0.1646,104.0
2024-09-29 18:00:00+00:00,0.032,0.014435,136.0
2024-09-29 19:00:00+00:00,0.00838,6.515e-05,141.2
2024-09-29 20:00:00+00:00,0.01242,0.0001012,125.8
2024-09-29 21:00:00+00:00,0.00733,4.57e-05,110.94
2024-09-29 22:00:00+00:00,0.02225,4.935e-05,93.44
2024-09-29 23:00:00+00:00,0.02081,1.43e-05,63.16
2024-09-30 00:00:00+00:00,0.02415,2.176e-05,106.56
2024-09-30 01:00:00+00:00,0.0234,2.277e-05,91.2
2024-09-30 02:00:00+00:00,0.02492,3.684e-05,94.9
2024-09-30 03:00:00+00:00,0.02492,3.96e-05,94.0
2024-09-30 04:00:00+00:00,0.00903,3.32e-05,99.75
2024-09-30 05:00:00+00:00,0.01117,6e-05,124.3
2024-09-30 06:00:00+00:00,0.02596,0.02106,149.5
2024-09-30 07:00:00+00:00,0.00772,0.1954,131.4
2024-09-30 08:00:00+00:00,0.0516,0.4475,86.94
2024-09-30 09:00:00+00:00,0.0167,0.618,85.25
2024-09-30 10:00:00+00:00,0.03442,0.661,83.9
2024-09-30 11:00:00+00:00,0.00462,0.665,69.75
2024-09-30 12:00:00+00:00,0.0204,0.6436,73.5
2024-09-30 13:00:00+00:00,0.03195,0.637,68.9
2024-09-30 14:00:00+00:00,0.0438,0.618,71.8
2024-09-30 15:00:00+00:00,0.01907,0.5596,75.5
2024-09-30 16:00:00+00:00,0.05078,0.3892,105.6
2024-09-30 17:00:00+00:00,0.10547,0.1724,133.4
2024-09-30 18:00:00+00:00,0.1342,0.01446,150.2
2024-09-30 19:00:00+00:00,0.135,6.35e-05,157.6
2024-09-30 20:00:00+00:00,0.1454,0.0001202,119.7
2024-09-30 21:00:00+00:00,0.2064,4.345e-05,99.94
2024-09-30 22:00:00+00:00,0.2013,4.756e-05,103.2
2024-09-30 23:00:00+00:00,0.2051,1.186e-05,84.7
2024-10-01 00:00:00+00:00,0.1873,1.23e-05,103.4
2024-10-01 01:00:00+00:00,0.191,7.75e-06,83.06
2024-10-01 02:00:00+00:00,0.2244,1.043e-05,71.9
2024-10-01 03:00:00+00:00,0.2247,9.24e-06,71.7
2024-10-01 04:00:00+00:00,0.3784,4.3e-06,68.1
2024-10-01 05:00:00+00:00,0.3904,1.615e-05,79.06
2024-10-01 06:00:00+00:00,0.4004,0.0004036,97.44
2024-10-01 07:00:00+00:00,0.398,0.0569,94.2
2024-10-01 08:00:00+00:00,0.4395,0.1946,56.88
2024-10-01 09:00:00+00:00,0.4724,0.2747,69.75
2024-10-01 10:00:00+00:00,0.526,0.3179,56.62
2024-10-01 11:00:00+00:00,0.567,0.352,38.5
2024-10-01 12:00:00+00:00,0.6025,0.3267,37.2
2024-10-01 13:00:00+00:00,0.623,0.4058,30.84
2024-10-01 14:00:00+00:00,0.651,0.4597,10.78
2024-10-01 15:00:00+00:00,0.673,0.3977,3.729
2024-10-01 16:00:00+00:00,0.693,0.2603,26.56
2024-10-01 17:00:00+00:00,0.7373,0.0627,71.2
2024-10-01 18:00:00+00:00,0.7275,0.0004787,82.0
2024-10-01 19:00:00+00:00,0.734,0.00010645,79.8
2024-10-01 20:00:00+00:00,0.7905,0.0001373,39.03
2024-10-01 21:00:00+00:00,0.8496,0.0001002,144.0
2024-10-01 22:00:00+00:00,0.8784,6.557e-05,113.75
2024-10-01 23:00:00+00:00,0.7837,2.915e-05,121.6
2024-10-02 00:00:00+00:00,0.772,2.41e-05,121.06
2024-10-02 01:00:00+00:00,0.7896,1.57e-05,111.56
2024-10-02 02:00:00+00:00,0.797,1.58e-05,114.2
2024-10-02 03:00:00+00:00,0.822,1.28e-05,108.25
2024-10-02 04:00:00+00:00,0.8516,1.025e-05,124.3
2024-10-02 05:00:00+00:00,0.874,3.3e-05,125.2
2024-10-02 06:00:00+00:00,0.866,0.002518,136.9
2024-10-02 07:00:00+00:00,0.8345,0.07056,13.53
2024-10-02 08:00:00+00:00,0.766,0.2109,-2.0
2024-10-02 09:00:00+00:00,0.731,0.365,-2.0
2024-10-02 10:00:00+00:00,0.7246,0.419,-2.0
2024-10-02 11:00:00+00:00,0.7354,0.3909,-2.0
2024-10-02 12:00:00+00:00,0.7544,0.3333,12.08
2024-10-02 13:00:00+00:00,0.7344,0.3496,13.8
2024-10-02 14:00:00+00:00,0.718,0.3545,19.67
2024-10-02 15:00:00+00:00,0.6875,0.3123,22.55
2024-10-02 16:00:00+00:00,0.62,0.2046,45.7
2024-10-02 17:00:00+00:00,0.576,0.04782,76.94
2024-10-02 18:00:00+00:00,0.5386,0.0003095,108.1
2024-10-02 19:00:00+00:00,0.517,7.284e-05,105.75
2024-10-02 20:00:00+00:00,0.4539,9.894e-05,98.5
2024-10-02 21:00:00+00:00,0.4004,7.35e-05,72.8
2024-10-02 22:00:00+00:00,0.3887,5.6e-05,60.16
2024-10-02 23:00:00+00:00,0.3396,2.736e-05,76.9
2024-10-03 00:00:00+00:00,0.341,2.55e-05,50.75
2024-10-03 01:00:00+00:00,0.345,2.503e-05,58.44
2024-10-03 02:00:00+00:00,0.3755,2.41e-05,79.94
2024-10-03 03:00:00+00:00,0.355,1.98e-05,71.8
2024-10-03 04:00:00+00:00,0.334,1.353e-05,80.06
2024-10-03 05:00:00+00:00,0.311,2.46e-05,94.75
2024-10-03 06:00:00+00:00,0.2603,0.0012,103.5
2024-10-03 07:00:00+00:00,0.1654,0.03001,108.94
2024-10-03 08:00:00+00:00,0.1676,0.0685,97.7
2024-10-03 09:00:00+00:00,0.1257,0.1251,100.44
2024-10-03 10:00:00+00:00,0.1128,0.1897,92.7
2024-10-03 11:00:00+00:00,0.11786,0.1838,85.94
2024-10-03 12:00:00+00:00,0.11786,0.1896,93.3
2024-10-03 13:00:00+00:00,0.0906,0.2922,60.88
2024-10-03 14:00:00+00:00,0.05655,0.3977,74.06
2024-10-03 15:00:00+00:00,0.0683,0.338,108.4
2024-10-03 16:00:00+00:00,0.11523,0.1683,103.7
2024-10-03 17:00:00+00:00,0.1252,0.046,134.6
2024-10-03 18:00:00+00:00,0.1381,0.0003896,146.6
2024-10-03 19:00:00+00:00,0.1644,5.347e-05,140.5
2024-10-03 20:00:00+00:00,0.1881,5.6e-05,119.75
2024-10-03 21:00:00+00:00,0.2023,2.295e-05,125.5
2024-10-03 22:00:00+00:00,0.1993,2.59e-05,99.06
2024-10-03 23:00:00+00:00,0.1992,1.47e-05,64.1
2024-10-04 00:00:00+00:00,0.1711,1.776e-05,72.2
2024-10-04 01:00:00+00:00,0.1627,1.72e-05,68.06
2024-10-04 02:00:00+00:00,0.1896,1.14e-05,78.44
2024-10-04 03:00:00+00:00,0.1931,8.5e-06,79.06
2024-10-04 04:00:00+00:00,0.2104,1.4e-06,75.1
2024-10-04 05:00:00+00:00,0.1514,1.75e-05,99.06
2024-10-04 06:00:00+00:00,0.1499,0.001139,103.0
2024-10-04 07:00:00+00:00,0.1516,0.03069,117.4
2024-10-04 08:00:00+00:00,0.1667,0.0928,95.9
2024-10-04 09:00:00+00:00,0.1722,0.1359,97.25
2024-10-04 10:00:00+00:00,0.1245,0.2177,88.6
2024-10-04 11:00:00+00:00,0.05447,0.2668,116.94
2024-10-04 12:00:00+00:00,0.00887,0.3484,116.4
2024-10-04 13:00:00+00:00,0.010925,0.3376,108.8
2024-10-04 14:00:00+00:00,0.03128,0.3516,102.6
2024-10-04 15:00:00+00:00,0.0921,0.337,103.75
2024-10-04 16:00:00+00:00,0.1357,0.1372,139.0
2024-10-04 17:00:00+00:00,0.1382,0.02223,149.4
2024-10-04 18:00:00+00:00,0.1765,5.406e-05,159.0
2024-10-04 19:00:00+00:00,0.1797,4.613e-05,147.4
2024-10-04 20:00:00+00:00,0.1085,4.58e-05,140.8
2024-10-04 21:00:00+00:00,0.1073,3.445e-05,130.5
2024-10-04 22:00:00+00:00,0.12445,4.25e-05,100.7
2024-10-04 23:00:00+00:00,0.1648,2.77e-05,106.94
2024-10-05 00:00:00+00:00,0.1638,2.89e-05,108.8
2024-10-05 01:00:00+00:00,0.1953,2.26e-05,85.44
2024-10-05 02:00:00+00:00,0.1807,1.62e-05,96.8
2024-10-05 03:00:00+00:00,0.1471,1.88e-05,108.0
2024-10-05 04:00:00+00:00,0.1747,1.717e-05,89.1
2024-10-05 05:00:00+00:00,0.2003,4.435e-05,93.8
2024-10-05 06:00:00+00:00,0.2021,0.0025,91.94
2024-10-05 07:00:00+00:00,0.225,0.05228,54.66
2024-10-05 08:00:00+00:00,0.2095,0.1915,53.03
2024-10-05 09:00:00+00:00,0.2048,0.3638,51.7
2024-10-05 10:00:00+00:00,0.2386,0.2969,68.3
2024-10-05 11:00:00+00:00,0.2389,0.3057,80.3
2024-10-05 12:00:00+00:00,0.1917,0.5225,79.5
2024-10-05 13:00:00+00:00,0.1923,0.47,66.1
2024-10-05 14:00:00+00:00,0.1803,0.4321,53.22
2024-10-05 15:00:00+00:00,0.1284,0.4087,54.6
2024-10-05 16:00:00+00:00,0.1554,0.1847,87.44
2024-10-05 17:00:00+00:00,0.1625,0.04016,123.56
2024-10-05 18:00:00+00:00,0.1425,0.0001534,126.75
2024-10-05 19:00:00+00:00,0.11304,5.865e-05,150.0
2024-10-05 20:00:00+00:00,0.1385,5.55e-05,135.4
2024-10-05 21:00:00+00:00,0.1456,4.73e-05,133.0
2024-10-05 22:00:00+00:00,0.14,5.615e-05,117.94
2024-10-05 23:00:00+00:00,0.127,4.09e-05,128.8
2024-10-06 00:00:00+00:00,0.1079,2.41e-05,114.44
2024-10-06 01:00:00+00:00,0.05457,2.46e-05,118.94
2024-10-06 02:00:00+00:00,0.05496,2.05e-05,107.94
2024-10-06 03:00:00+00:00,0.01674,1.6e-05,93.44
2024-10-06 04:00:00+00:00,0.01314,1.025e-05,113.44
2024-10-06 05:00:00+00:00,0.0686,4.14e-05,100.9
2024-10-06 06:00:00+00:00,0.1476,0.003075,105.0
2024-10-06 07:00:00+00:00,0.1584,0.05338,91.4
2024-10-06 08:00:00+00:00,0.2131,0.1396,103.2
2024-10-06 09:00:00+00:00,0.2206,0.1539,105.44
2024-10-06 10:00:00+00:00,0.228,0.1475,102.8
2024-10-06 11:00:00+00:00,0.2257,0.2227,96.2
2024-10-06 12:00:00+00:00,0.2722,0.2551,77.94
2024-10-06 13:00:00+00:00,0.2832,0.2783,79.3
2024-10-06 14:00:00+00:00,0.2998,0.2837,76.44
2024-10-06 15:00:00+00:00,0.3276,0.2148,81.6
2024-10-06 16:00:00+00:00,0.5586,0.05542,81.0
2024-10-06 17:00:00+00:00,0.5596,0.006866,109.9
2024-10-06 18:00:00+00:00,0.5645,0.0,117.1
2024-10-06 19:00:00+00:00,0.5757,9.54e-06,103.2
2024-10-06 20:00:00+00:00,0.683,2.825e-05,107.0
2024-10-06 21:00:00+00:00,0.692,0.0,92.1
2024-10-06 22:00:00+00:00,0.7,1.38e-05,85.7
2024-10-06 23:00:00+00:00,0.701,6.5e-06,67.0
2024-10-07 00:00:00+00:00,0.698,1.84e-05,85.8
2024-10-07 01:00:00+00:00,0.6743,1.29e-05,108.9
2024-10-07 02:00:00+00:00,0.6143,1.47e-05,91.56
2024-10-07 03:00:00+00:00,0.648,8.9e-06,74.1
2024-10-07 04:00:00+00:00,0.655,5.84e-06,94.1
2024-10-07 05:00:00+00:00,0.738,3.05e-05,99.75
2024-10-07 06:00:00+00:00,0.7344,0.001554,115.8
2024-10-07 07:00:00+00:00,0.691,0.03177,111.7
2024-10-07 08:00:00+00:00,0.675,0.10345,95.6
2024-10-07 09:00:00+00:00,0.652,0.1444,82.0
2024-10-07 10:00:00+00:00,0.6406,0.221,94.4
2024-10-07 11:00:00+00:00,0.62,0.274,82.1
2024-10-07 12:00:00+00:00,0.559,0.3608,95.06
2024-10-07 13:00:00+00:00,0.5747,0.2878,96.25
2024-10-07 14:00:00+00:00,0.593,0.2167,100.2
2024-10-07 15:00:00+00:00,0.5566,0.1782,105.5
2024-10-07 16:00:00+00:00,0.5464,0.0344,143.6
2024-10-07 17:00:00+00:00,0.5947,0.001887,139.4
2024-10-07 18:00:00+00:00,0.6855,0.0,133.6
2024-10-07 19:00:00+00:00,0.645,2.9e-05,135.6
2024-10-07 20:00:00+00:00,0.667,4.244e-05,120.6
2024-10-07 21:00:00+00:00,0.594,2.12e-05,128.1
2024-10-07 22:00:00+00:00,0.6304,2.09e-05,119.06
2024-10-07 23:00:00+00:00,0.6265,5e-06,112.0
2024-10-08 00:00:00+00:00,0.557,1.36e-05,117.6
2024-10-08 01:00:00+00:00,0.5166,1.17e-05,131.5
2024-10-08 02:00:00+00:00,0.577,1.997e-05,124.25
2024-10-08 03:00:00+00:00,0.573,8.1e-06,122.3
2024-10-08 04:00:00+00:00,0.547,9.66e-06,108.0
2024-10-08 05:00:00+00:00,0.4636,4.315e-05,105.56
2024-10-08 06:00:00+00:00,0.456,0.00296,116.2
2024-10-08 07:00:00+00:00,0.424,0.0676,113.5
2024-10-08 08:00:00+00:00,0.368,0.206,117.44
2024-10-08 09:00:00+00:00,0.313,0.3372,122.5
2024-10-08 10:00:00+00:00,0.2053,0.4526,115.1
2024-10-08 11:00:00+00:00,0.1733,0.5933,98.9
2024-10-08 12:00:00+00:00,0.1556,0.6455,83.5
2024-10-08 13:00:00+00:00,0.1978,0.4917,108.7
2024-10-08 14:00:00+00:00,0.3486,0.3787,99.75
2024-10-08 15:00:00+00:00,0.363,0.3108,120.6
2024-10-08 16:00:00+00:00,0.3906,0.1365,147.5
2024-10-08 17:00:00+00:00,0.4895,0.02983,154.4
2024-10-08 18:00:00+00:00,0.506,0.0002195,157.0
2024-10-08 19:00:00+00:00,0.506,4.286e-05,134.1
2024-10-08 20:00:00+00:00,0.5903,5.704e-05,131.2
2024-10-08 21:00:00+00:00,0.579,5.99e-05,116.56
2024-10-08 22:00:00+00:00,0.512,4.435e-05,110.9
2024-10-08 23:00:00+00:00,0.4976,2.724e-05,126.7
2024-10-09 00:00:00+00:00,0.4553,4.19e-05,129.8
2024-10-09 01:00:00+00:00,0.4636,2.825e-05,142.4
2024-10-09 02:00:00+00:00,0.503,4.196e-05,142.5
2024-10-09 03:00:00+00:00,0.5303,3.415e-05,134.5
2024-10-09 04:00:00+00:00,0.629,2.67e-05,128.0
2024-10-09 05:00:00+00:00,0.689,7.737e-05,129.4
2024-10-09 06:00:00+00:00,0.773,0.0052,133.2
2024-10-09 07:00:00+00:00,0.8276,0.1489,94.94
2024-10-09 08:00:00+00:00,0.8076,0.4175,67.9
2024-10-09 09:00:00+00:00,0.789,0.588,42.62
2024-10-09 10:00:00+00:00,0.779,0.6846,27.33
2024-10-09 11:00:00+00:00,0.785,0.7256,11.266
2024-10-09 12:00:00+00:00,0.753,0.734,-1.151
2024-10-09 13:00:00+00:00,0.756,0.7085,-2.0
2024-10-09 14:00:00+00:00,0.7446,0.553,24.25
2024-10-09 15:00:00+00:00,0.708,0.4756,31.48
2024-10-09 16:00:00+00:00,0.736,0.2336,75.2
2024-10-09 17:00:00+00:00,0.714,0.0447,97.56
2024-10-09 18:00:00+00:00,0.6943,0.0003004,124.25
2024-10-09 19:00:00+00:00,0.6797,9.584e-05,143.9
2024-10-09 20:00:00+00:00,0.619,9.38e-05,114.9
2024-10-09 21:00:00+00:00,0.618,7.76e-05,91.2
2024-10-09 22:00:00+00:00,0.619,6.38e-05,68.4
2024-10-09 23:00:00+00:00,0.6133,2.34e-05,73.75
2024-10-10 00:00:00+00:00,0.563,2.146e-05,82.5
2024-10-10 01:00:00+00:00,0.5215,1.335e-05,91.5
2024-10-10 02:00:00+00:00,0.4229,2.31e-05,90.75
2024-10-10 03:00:00+00:00,0.387,2.223e-05,94.6
2024-10-10 04:00:00+00:00,0.3403,2.205e-05,109.8
2024-10-10 05:00:00+00:00,0.3362,6.22e-05,111.3
2024-10-10 06:00:00+00:00,0.31,0.003304,120.44
2024-10-10 07:00:00+00:00,0.3252,0.12427,110.75
2024-10-10 08:00:00+00:00,0.2106,0.4067,93.25
2024-10-10 09:00:00+00:00,0.204,0.588,77.2
2024-10-10 10:00:00+00:00,0.2815,0.6846,72.5
2024-10-10 11:00:00+00:00,0.3042,0.7256,36.44
2024-10-10 12:00:00+00:00,0.3347,0.7183,53.28
2024-10-10 13:00:00+00:00,0.3616,0.5806,68.25
2024-10-10 14:00:00+00:00,0.393,0.4666,83.2
2024-10-10 15:00:00+00:00,0.4233,0.423,67.44
2024-10-10 16:00:00+00:00,0.4543,0.253,90.3
2024-10-10 17:00:00+00:00,0.4863,0.05078,118.1
2024-10-10 18:00:00+00:00,0.5264,0.00027,124.56
2024-10-10 19:00:00+00:00,0.4878,8.184e-05,136.9
2024-10-10 20:00:00+00:00,0.4907,8.65e-05,121.06
2024-10-10 21:00:00+00:00,0.4866,7.176e-05,103.56
2024-10-10 22:00:00+00:00,0.437,6.52e-05,102.4
2024-10-10 23:00:00+00:00,0.4062,3.44e-05,108.6
2024-10-11 00:00:00+00:00,0.3994,2.927e-05,109.9
2024-10-11 01:00:00+00:00,0.3938,1.836e-05,106.9
2024-10-11 02:00:00+00:00,0.3484,2.41e-05,105.0
2024-10-11 03:00:00+00:00,0.336,1.87e-05,121.06
2024-10-11 04:00:00+00:00,0.3071,1.53e-05,138.1
2024-10-11 05:00:00+00:00,0.2837,4.494e-05,140.5
2024-10-11 06:00:00+00:00,0.2986,0.00138,134.5
2024-10-11 07:00:00+00:00,0.2676,0.0884,138.9
2024-10-11 08:00:00+00:00,0.2009,0.328,114.3
2024-10-11 09:00:00+00:00,0.1445,0.4998,99.94
2024-10-11 10:00:00+00:00,0.0961,0.6846,82.94
2024-10-11 11:00:00+00:00,0.1024,0.7256,79.9
2024-10-11 12:00:00+00:00,0.1752,0.6743,97.2
2024-10-11 13:00:00+00:00,0.2325,0.4937,94.6
2024-10-11 14:00:00+00:00,0.2834,0.4775,92.7
2024-10-11 15:00:00+00:00,0.3157,0.3914,98.1
2024-10-11 16:00:00+00:00,0.3723,0.227,122.06
2024-10-11 17:00:00+00:00,0.3682,0.02187,144.6
2024-10-11 18:00:00+00:00,0.2695,2.784e-05,176.0
2024-10-11 19:00:00+00:00,0.261,4.61e-05,203.2
2024-10-11 20:00:00+00:00,0.2347,4.95e-05,189.0
2024-10-11 21:00:00+00:00,0.2578,5.3e-05,182.6
2024-10-11 22:00:00+00:00,0.3875,4.745e-05,106.6
2024-10-11 23:00:00+00:00,0.392,1.234e-05,96.6
2024-10-12 00:00:00+00:00,0.4792,5.4e-07,74.44
2024-10-12 01:00:00+00:00,0.4976,0.0,65.44
2024-10-12 02:00:00+00:00,0.5464,5.96e-06,56.9
2024-10-12 03:00:00+00:00,0.564,3.6e-06,42.6
2024-10-12 04:00:00+00:00,0.568,7.2e-06,52.34
2024-10-12 05:00:00+00:00,0.5815,2.795e-05,48.7
2024-10-12 06:00:00+00:00,0.6074,0.000854,61.06
2024-10-12 07:00:00+00:00,0.632,0.0468,62.56
2024-10-12 08:00:00+00:00,0.595,0.1802,69.44
2024-10-12 09:00:00+00:00,0.5503,0.3008,64.75
2024-10-12 10:00:00+00:00,0.555,0.3328,54.4
2024-10-12 11:00:00+00:00,0.6016,0.417,35.8
2024-10-12 12:00:00+00:00,0.662,0.366,53.0
2024-10-12 13:00:00+00:00,0.6895,0.2903,65.9
2024-10-12 14:00:00+00:00,0.8145,0.3179,39.56
2024-10-12 15:00:00+00:00,0.8423,0.2952,40.4
2024-10-12 16:00:00+00:00,0.8916,0.1936,32.97
2024-10-12 17:00:00+00:00,0.924,0.02847,28.72
2024-10-12 18:00:00+00:00,0.904,0.00010294,49.1
2024-10-12 19:00:00+00:00,0.8745,5.615e-05,54.9
2024-10-12 20:00:00+00:00,0.8936,7.105e-05,85.7
2024-10-12 21:00:00+00:00,0.877,6.086e-05,78.2
2024-10-12 22:00:00+00:00,0.7163,5.084e-05,82.56
2024-10-12 23:00:00+00:00,0.611,9.9e-06,84.4
2024-10-13 00:00:00+00:00,0.6123,8.64e-06,68.6
2024-10-13 01:00:00+00:00,0.549,5.2e-06,82.6
2024-10-13 02:00:00+00:00,0.5327,1e-05,84.94
2024-10-13 03:00:00+00:00,0.5737,1.067e-05,68.1
2024-10-13 04:00:00+00:00,0.534,2.205e-05,76.8
2024-10-13 05:00:00+00:00,0.4512,5.543e-05,89.4
2024-10-13 06:00:00+00:00,0.4832,0.002506,91.7
2024-10-13 07:00:00+00:00,0.4575,0.0757,67.8
2024-10-13 08:00:00+00:00,0.381,0.2563,54.28
2024-10-13 09:00:00+00:00,0.3499,0.4387,50.22
2024-10-13 10:00:00+00:00,0.3499,0.433,62.28
2024-10-13 11:00:00+00:00,0.3015,0.5156,48.38
2024-10-13 12:00:00+00:00,0.2588,0.531,67.8
2024-10-13 13:00:00+00:00,0.2903,0.4612,62.75
2024-10-13 14:00:00+00:00,0.3203,0.5254,59.0
2024-10-13 15:00:00+00:00,0.359,0.4639,51.1
2024-10-13 16:00:00+00:00,0.4211,0.2417,88.25
2024-10-13 17:00:00+00:00,0.3994,0.04855,91.44
2024-10-13 18:00:00+00:00,0.3838,0.0003412,105.8
2024-10-13 19:00:00+00:00,0.4324,9.036e-05,104.3
2024-10-13 20:00:00+00:00,0.4602,0.0001058,109.75
2024-10-13 21:00:00+00:00,0.416,9.17e-05,137.5
2024-10-13 22:00:00+00:00,0.3906,6.02e-05,135.0
2024-10-13 23:00:00+00:00,0.4097,1.425e-05,103.0
2024-10-14 00:00:00+00:00,0.3887,1.675e-05,120.9
2024-10-14 01:00:00+00:00,0.386,1.323e-05,124.44
2024-10-14 02:00:00+00:00,0.3555,1.23e-05,121.8
2024-10-14 03:00:00+00:00,0.339,9.6e-06,111.0
2024-10-14 04:00:00+00:00,0.3123,1.77e-05,114.8
2024-10-14 05:00:00+00:00,0.2908,6.425e-05,126.9
2024-10-14 06:00:00+00:00,0.3108,0.00324,39.28
2024-10-14 07:00:00+00:00,0.299,0.1076,21.94
2024-10-14 08:00:00+00:00,0.2656,0.328,10.19
2024-10-14 09:00:00+00:00,0.2174,0.556,-2.0
2024-10-14 10:00:00+00:00,0.2852,0.5645,-2.0
2024-10-14 11:00:00+00:00,0.3022,0.6846,54.4
2024-10-14 12:00:00+00:00,0.3486,0.734,28.52
2024-10-14 13:00:00+00:00,0.4111,0.7026,30.12
2024-10-14 14:00:00+00:00,0.4448,0.6494,31.45
2024-10-14 15:00:00+00:00,0.4602,0.532,40.8
2024-10-14 16:00:00+00:00,0.538,0.312,80.06
2024-10-14 17:00:00+00:00,0.5796,0.0651,102.1
2024-10-14 18:00:00+00:00,0.574,0.0005608,117.44
2024-10-14 19:00:00+00:00,0.5806,0.0001245,128.0
2024-10-14 20:00:00+00:00,0.5723,0.0001578,109.7
2024-10-14 21:00:00+00:00,0.5244,0.0001259,110.25
2024-10-14 22:00:00+00:00,0.4932,8.05e-05,88.44
2024-10-14 23:00:00+00:00,0.3687,3.177e-05,99.2
2024-10-15 00:00:00+00:00,0.3442,9.5e-06,87.8
2024-10-15 01:00:00+00:00,0.3252,4e-06,76.25
2024-10-15 02:00:00+00:00,0.3208,9.83e-06,107.3
2024-10-15 03:00:00+00:00,0.3474,1.34e-05,100.7
2024-10-15 04:00:00+00:00,0.3457,1.9e-05,111.06
2024-10-15 05:00:00+00:00,0.3435,5.955e-05,123.1
2024-10-15 06:00:00+00:00,0.3403,0.003431,136.4
2024-10-15 07:00:00+00:00,0.2952,0.0971,178.1
2024-10-15 08:00:00+00:00,0.2483,0.3188,165.6
2024-10-15 09:00:00+00:00,0.2544,0.519,134.5
2024-10-15 10:00:00+00:00,0.1752,0.5366,130.9
2024-10-15 11:00:00+00:00,0.1315,0.6616,152.8
2024-10-15 12:00:00+00:00,0.0995,0.734,118.56
2024-10-15 13:00:00+00:00,0.0974,0.7134,60.28
2024-10-15 14:00:00+00:00,0.12054,0.617,78.94
2024-10-15 15:00:00+00:00,0.1476,0.448,104.8
2024-10-15 16:00:00+00:00,0.1763,0.228,118.7
2024-10-15 17:00:00+00:00,0.1433,0.057,136.4
2024-10-15 18:00:00+00:00,0.1251,0.0004365,163.5
2024-10-15 19:00:00+00:00,0.0839,0.00010204,165.2
2024-10-15 20:00:00+00:00,0.0535,0.0001321,151.8
2024-10-15 21:00:00+00:00,0.01384,0.00010234,142.5
2024-10-15 22:00:00+00:00,0.075,6.634e-05,142.8
2024-10-15 23:00:00+00:00,0.09735,1.997e-05,111.8
2024-10-16 00:00:00+00:00,0.1492,6.74e-06,103.0
2024-10-16 01:00:00+00:00,0.1937,0.0,88.8
2024-10-16 02:00:00+00:00,0.1959,0.0,80.44
2024-10-16 03:00:00+00:00,0.2123,0.0,99.7
2024-10-16 04:00:00+00:00,0.1993,3e-06,96.8
2024-10-16 05:00:00+00:00,0.1749,4.095e-05,109.25
2024-10-16 06:00:00+00:00,0.146,0.001991,120.56
2024-10-16 07:00:00+00:00,0.1509,0.07526,135.5
2024-10-16 08:00:00+00:00,0.1576,0.2206,123.44
2024-10-16 09:00:00+00:00,0.1246,0.4216,87.9
2024-10-16 10:00:00+00:00,0.1406,0.4011,101.4
2024-10-16 11:00:00+00:00,0.1136,0.5747,73.0
2024-10-16 12:00:00+00:00,0.09753,0.727,58.2
2024-10-16 13:00:00+00:00,0.1043,0.7134,63.1
2024-10-16 14:00:00+00:00,0.11273,0.603,74.75
2024-10-16 15:00:00+00:00,0.1248,0.41,151.5
2024-10-16 16:00:00+00:00,0.12445,0.2427,165.1
2024-10-16 17:00:00+00:00,0.1893,0.0466,189.9
2024-10-16 18:00:00+00:00,0.201,0.0003152,209.9
2024-10-16 19:00:00+00:00,0.2063,8.607e-05,220.0
2024-10-16 20:00:00+00:00,0.2236,0.00012136,190.8
2024-10-16 21:00:00+00:00,0.2496,0.00011015,190.2
2024-10-16 22:00:00+00:00,0.2852,7.37e-05,192.4
2024-10-16 23:00:00+00:00,0.289,4.05e-05,168.2
2024-10-17 00:00:00+00:00,0.2876,3.75e-05,172.9
2024-10-17 01:00:00+00:00,0.299,1.955e-05,151.1
2024-10-17 02:00:00+00:00,0.3083,1.746e-05,62.34
2024-10-17 03:00:00+00:00,0.3335,1.37e-05,42.56
2024-10-17 04:00:00+00:00,0.3508,1.74e-05,45.66
2024-10-17 05:00:00+00:00,0.3538,6.586e-05,57.4
2024-10-17 06:00:00+00:00,0.377,0.002718,87.56
2024-10-17 07:00:00+00:00,0.443,0.10284,92.1
2024-10-17 08:00:00+00:00,0.3855,0.351,63.62
2024-10-17 09:00:00+00:00,0.3096,0.588,21.27
2024-10-17 10:00:00+00:00,0.3167,0.656,10.46
2024-10-17 11:00:00+00:00,0.3352,0.7256,7.324
2024-10-17 12:00:00+00:00,0.3477,0.734,20.1
2024-10-17 13:00:00+00:00,0.4597,0.7134,43.06
2024-10-17 14:00:00+00:00,0.4666,0.6494,45.84
2024-10-17 15:00:00+00:00,0.48,0.532,42.5
2024-10-17 16:00:00+00:00,0.4539,0.3298,61.28
2024-10-17 17:00:00+00:00,0.79,0.07385,59.38
2024-10-17 18:00:00+00:00,0.8413,0.0006723,58.2
2024-10-17 19:00:00+00:00,0.925,0.0001259,78.1
2024-10-17 20:00:00+00:00,0.9243,0.0001677,48.06
2024-10-17 21:00:00+00:00,0.894,0.0001259,64.4
2024-10-17 22:00:00+00:00,0.924,8.386e-05,26.08
2024-10-17 23:00:00+00:00,0.928,4.476e-05,12.4
2024-10-18 00:00:00+00:00,0.923,1.69e-05,-2.0
2024-10-18 01:00:00+00:00,0.9263,1.97e-06,-2.0
2024-10-18 02:00:00+00:00,0.8525,3e-07,-2.0
2024-10-18 03:00:00+00:00,0.925,2.6e-06,15.086
2024-10-18 04:00:00+00:00,0.9297,5.54e-06,12.54
2024-10-18 05:00:00+00:00,0.9297,4.494e-05,28.58
2024-10-18 06:00:00+00:00,0.9155,0.00317,16.36
2024-10-18 07:00:00+00:00,0.9165,0.0966,8.31
2024-10-18 08:00:00+00:00,0.851,0.289,10.414
2024-10-18 09:00:00+00:00,0.81,0.4097,9.19
2024-10-18 10:00:00+00:00,0.848,0.379,9.99
2024-10-18 11:00:00+00:00,0.8555,0.3467,7.695
2024-10-18 12:00:00+00:00,0.8604,0.4097,2.658
2024-10-18 13:00:00+00:00,0.7944,0.4158,30.83
2024-10-18 14:00:00+00:00,0.807,0.4246,22.22
2024-10-18 15:00:00+00:00,0.773,0.3733,13.79
2024-10-18 16:00:00+00:00,0.745,0.2097,51.06
2024-10-18 17:00:00+00:00,0.7144,0.04846,63.06
2024-10-18 18:00:00+00:00,0.668,0.0004566,78.8
2024-10-18 19:00:00+00:00,0.6562,8.935e-05,61.3
2024-10-18 20:00:00+00:00,0.586,0.00010675,61.12
2024-10-18 21:00:00+00:00,0.5117,8.065e-05,64.3
2024-10-18 22:00:00+00:00,0.5483,5.95e-05,52.3
2024-10-18 23:00:00+00:00,0.4915,3.25e-05,49.72
2024-10-19 00:00:00+00:00,0.4902,1.985e-05,30.83
2024-10-19 01:00:00+00:00,0.4866,8.05e-06,18.17
2024-10-19 02:00:00+00:00,0.4768,2e-07,35.53
2024-10-19 03:00:00+00:00,0.4695,0.0,59.1
2024-10-19 04:00:00+00:00,0.4526,0.0,75.94
2024-10-19 05:00:00+00:00,0.466,1.01e-05,64.44
2024-10-19 06:00:00+00:00,0.4697,2.825e-05,67.06
2024-10-19 07:00:00+00:00,0.4856,0.02689,40.47
2024-10-19 08:00:00+00:00,0.5034,0.1443,52.53
2024-10-19 09:00:00+00:00,0.4883,0.3257,17.38
2024-10-19 10:00:00+00:00,0.503,0.3247,26.94
2024-10-19 11:00:00+00:00,0.5103,0.3489,0.3645
2024-10-19 12:00:00+00:00,0.4426,0.4167,14.89
2024-10-19 13:00:00+00:00,0.426,0.4795,9.09
2024-10-19 14:00:00+00:00,0.371,0.453,18.27
2024-10-19 15:00:00+00:00,0.4607,0.4224,-2.0
2024-10-19 16:00:00+00:00,0.5015,0.2499,20.58
2024-10-19 17:00:00+00:00,0.551,0.05515,54.78
2024-10-19 18:00:00+00:00,0.4202,0.000422,67.06
2024-10-19 19:00:00+00:00,0.4087,7.24e-05,72.94
2024-10-19 20:00:00+00:00,0.3638,6.88e-05,61.12
2024-10-19 21:00:00+00:00,0.3667,4.685e-05,31.2
2024-10-19 22:00:00+00:00,0.3276,4.34e-05,36.5
2024-10-19 23:00:00+00:00,0.2484,1.025e-05,29.38
2024-10-20 00:00:00+00:00,0.2333,0.0,38.8
2024-10-20 01:00:00+00:00,0.1893,0.0,49.53
2024-10-20 02:00:00+00:00,0.2435,0.0,34.56
2024-10-20 03:00:00+00:00,0.247,0.0,26.86
2024-10-20 04:00:00+00:00,0.2656,0.0,40.88
2024-10-20 05:00:00+00:00,0.2996,1.08e-05,37.0
2024-10-20 06:00:00+00:00,0.343,0.0002542,49.7
2024-10-20 07:00:00+00:00,0.3506,0.04352,42.3
2024-10-20 08:00:00+00:00,0.3533,0.1729,28.58
2024-10-20 09:00:00+00:00,0.2913,0.4478,5.465
2024-10-20 10:00:00+00:00,0.2927,0.3684,31.88
2024-10-20 11:00:00+00:00,0.2783,0.3105,33.0
2024-10-20 12:00:00+00:00,0.2876,0.372,23.98
2024-10-20 13:00:00+00:00,0.3408,0.3796,8.88
2024-10-20 14:00:00+00:00,0.3557,0.3496,9.12
2024-10-20 15:00:00+00:00,0.3608,0.319,25.06
2024-10-20 16:00:00+00:00,0.3774,0.2047,65.56
2024-10-20 17:00:00+00:00,0.343,0.03452,93.4
2024-10-20 18:00:00+00:00,0.3262,0.0003524,92.9
2024-10-20 19:00:00+00:00,0.2986,6.455e-05,93.6
2024-10-20 20:00:00+00:00,0.312,7.17e-05,62.97
2024-10-20 21:00:00+00:00,0.3838,4.78e-05,38.3
2024-10-20 22:00:00+00:00,0.4019,2.986e-05,28.98
2024-10-20 23:00:00+00:00,0.4492,6.26e-06,26.17
2024-10-21 00:00:00+00:00,0.498,0.0,27.16
2024-10-21 01:00:00+00:00,0.4978,0.0,16.77
2024-10-21 02:00:00+00:00,0.4548,0.0,41.56
2024-10-21 03:00:00+00:00,0.4478,0.0,34.03
2024-10-21 04:00:00+00:00,0.4597,0.0,26.97
2024-10-21 05:00:00+00:00,0.4895,0.0,72.25
2024-10-21 06:00:00+00:00,0.4822,2.825e-05,79.4
2024-10-21 07:00:00+00:00,0.4922,0.01622,75.06
2024-10-21 08:00:00+00:00,0.573,0.09625,56.0
2024-10-21 09:00:00+00:00,0.5596,0.2362,37.25
2024-10-21 10:00:00+00:00,0.5625,0.3362,35.72
2024-10-21 11:00:00+00:00,0.6196,0.2294,50.06
2024-10-21 12:00:00+00:00,0.6445,0.327,34.16
2024-10-21 13:00:00+00:00,0.7227,0.2269,42.25
2024-10-21 14:00:00+00:00,0.779,0.2084,23.67
2024-10-21 15:00:00+00:00,0.7837,0.1715,44.12
2024-10-21 16:00:00+00:00,0.7803,0.1407,59.0
2024-10-21 17:00:00+00:00,0.6934,0.0256,84.56
2024-10-21 18:00:00+00:00,0.6655,0.0002935,87.56
2024-10-21 19:00:00+00:00,0.5986,4.524e-05,107.75
2024-10-21 20:00:00+00:00,0.657,5.317e-05,91.3
2024-10-21 21:00:00+00:00,0.699,3.05e-05,41.72
2024-10-21 22:00:00+00:00,0.704,1.29e-05,11.51
2024-10-21 23:00:00+00:00,0.6743,3.6e-07,0.5176
2024-10-22 00:00:00+00:00,0.6377,0.0,-2.0
2024-10-22 01:00:00+00:00,0.5684,0.0,-2.0
2024-10-22 02:00:00+00:00,0.532,0.0,28.27
2024-10-22 03:00:00+00:00,0.5625,0.0,16.92
2024-10-22 04:00:00+00:00,0.54,0.0,18.66
2024-10-22 05:00:00+00:00,0.5176,0.0,29.03
2024-10-22 06:00:00+00:00,0.5312,0.00011307,61.47
2024-10-22 07:00:00+00:00,0.5337,0.008766,42.7
2024-10-22 08:00:00+00:00,0.504,0.0461,49.8
2024-10-22 09:00:00+00:00,0.489,0.0989,64.75
2024-10-22 10:00:00+00:00,0.4785,0.1439,49.12
2024-10-22 11:00:00+00:00,0.505,0.0862,27.14
2024-10-22 12:00:00+00:00,0.508,0.0859,48.94
2024-10-22 13:00:00+00:00,0.4543,0.0814,66.56
2024-10-22 14:00:00+00:00,0.4482,0.08246,47.53
2024-10-22 15:00:00+00:00,0.4434,0.06335,45.97
2024-10-22 16:00:00+00:00,0.399,0.02274,70.5
2024-10-22 17:00:00+00:00,0.3628,0.011314,76.2
2024-10-22 18:00:00+00:00,0.3096,0.0001479,110.44
2024-10-22 19:00:00+00:00,0.2566,1.276e-05,118.2
2024-10-22 20:00:00+00:00,0.2395,2.825e-05,96.06
2024-10-22 21:00:00+00:00,0.2133,6e-08,101.0
2024-10-22 22:00:00+00:00,0.2006,0.0,99.75
2024-10-22 23:00:00+00:00,0.1985,0.0,83.1
2024-10-23 00:00:00+00:00,0.2235,0.0,73.25
2024-10-23 01:00:00+00:00,0.2314,0.0,54.12
2024-10-23 02:00:00+00:00,0.2021,0.0,48.75
2024-10-23 03:00:00+00:00,0.2355,0.0,57.72
2024-10-23 04:00:00+00:00,0.2203,0.0,70.1
2024-10-23 05:00:00+00:00,0.2014,0.0,88.5
2024-10-23 06:00:00+00:00,0.1473,2.825e-05,102.44
2024-10-23 07:00:00+00:00,0.1438,0.008766,84.6
2024-10-23 08:00:00+00:00,0.1276,0.04233,72.1
2024-10-23 09:00:00+00:00,0.12067,0.1219,71.7
2024-10-23 10:00:00+00:00,0.1593,0.0866,70.0
2024-10-23 11:00:00+00:00,0.1855,0.0862,87.06
2024-10-23 12:00:00+00:00,0.154,0.1368,73.06
2024-10-23 13:00:00+00:00,0.1483,0.09216,69.75
2024-10-23 14:00:00+00:00,0.1672,0.08246,53.8
2024-10-23 15:00:00+00:00,0.1646,0.0793,50.5
2024-10-23 16:00:00+00:00,0.1682,0.02274,60.4
2024-10-23 17:00:00+00:00,0.1552,0.001887,86.25
2024-10-23 18:00:00+00:00,0.1373,0.0,103.9
2024-10-23 19:00:00+00:00,0.1478,0.0,103.56
2024-10-23 20:00:00+00:00,0.1602,2.825e-05,86.1
2024-10-23 21:00:00+00:00,0.1636,0.0,85.4
2024-10-23 22:00:00+00:00,0.1917,0.0,77.3
2024-10-23 23:00:00+00:00,0.3025,0.0,72.0
2024-10-24 00:00:00+00:00,0.2969,6.4e-06,64.8
2024-10-24 01:00:00+00:00,0.2874,5.84e-06,85.4
2024-10-24 02:00:00+00:00,0.2952,9.2e-06,79.1
2024-10-24 03:00:00+00:00,0.3,7.33e-06,69.5
2024-10-24 04:00:00+00:00,0.324,1.1e-05,58.47
2024-10-24 05:00:00+00:00,0.3489,4.774e-05,70.25
2024-10-24 06:00:00+00:00,0.4883,0.00163,66.06
2024-10-24 07:00:00+00:00,0.5347,0.05624,49.44
2024-10-24 08:00:00+00:00,0.5366,0.2134,28.23
2024-10-24 09:00:00+00:00,0.488,0.3086,46.5
2024-10-24 10:00:00+00:00,0.5425,0.3545,40.6
2024-10-24 11:00:00+00:00,0.5654,0.3484,28.64
2024-10-24 12:00:00+00:00,0.6323,0.3752,43.28
2024-10-24 13:00:00+00:00,0.628,0.449,38.1
2024-10-24 14:00:00+00:00,0.689,0.4404,45.34
2024-10-24 15:00:00+00:00,0.718,0.3098,48.25
2024-10-24 16:00:00+00:00,0.7246,0.1693,62.47
2024-10-24 17:00:00+00:00,0.754,0.03247,89.56
2024-10-24 18:00:00+00:00,0.7466,0.0001605,116.8
2024-10-24 19:00:00+00:00,0.7847,4.333e-05,110.75
2024-10-24 20:00:00+00:00,0.75,2.825e-05,106.2
2024-10-24 21:00:00+00:00,0.722,1.955e-05,89.44
2024-10-24 22:00:00+00:00,0.704,2.85e-05,84.56
2024-10-24 23:00:00+00:00,0.6895,3.4e-06,61.94
2024-10-25 00:00:00+00:00,0.6655,0.0,51.8
2024-10-25 01:00:00+00:00,0.6626,0.0,55.62
2024-10-25 02:00:00+00:00,0.673,0.0,65.3
2024-10-25 03:00:00+00:00,0.601,1.097e-05,67.06
2024-10-25 04:00:00+00:00,0.6445,1.29e-05,62.06
2024-10-25 05:00:00+00:00,0.696,6.294e-05,66.25
2024-10-25 06:00:00+00:00,0.7026,0.00243,80.2
2024-10-25 07:00:00+00:00,0.695,0.0891,59.6
2024-10-25 08:00:00+00:00,0.6772,0.3496,49.16
2024-10-25 09:00:00+00:00,0.6704,0.557,31.6
2024-10-25 10:00:00+00:00,0.686,0.675,41.75
2024-10-25 11:00:00+00:00,0.7227,0.682,17.17
2024-10-25 12:00:00+00:00,0.726,0.6045,25.97
2024-10-25 13:00:00+00:00,0.6694,0.6704,19.48
2024-10-25 14:00:00+00:00,0.702,0.519,45.53
2024-10-25 15:00:00+00:00,0.7134,0.4238,43.1
2024-10-25 16:00:00+00:00,0.714,0.3027,36.06
2024-10-25 17:00:00+00:00,0.746,0.06076,47.6
2024-10-25 18:00:00+00:00,0.7393,0.0004997,67.44
2024-10-25 19:00:00+00:00,0.7466,9.49e-05,69.2
2024-10-25 20:00:00+00:00,0.694,0.00010216,51.5
2024-10-25 21:00:00+00:00,0.619,7.6e-05,61.56
2024-10-25 22:00:00+00:00,0.615,6.39e-05,36.72
2024-10-25 23:00:00+00:00,0.5947,2.69e-05,37.2
2024-10-26 00:00:00+00:00,0.4797,1.705e-05,35.88
2024-10-26 01:00:00+00:00,0.5723,1.3e-05,25.64
2024-10-26 02:00:00+00:00,0.557,1.705e-05,41.4
2024-10-26 03:00:00+00:00,0.5195,1.54e-05,42.62
2024-10-26 04:00:00+00:00,0.4644,9.6e-06,55.6
2024-10-26 05:00:00+00:00,0.436,5.585e-05,47.75
2024-10-26 06:00:00+00:00,0.416,0.00212,60.97
2024-10-26 07:00:00+00:00,0.3801,0.0815,51.78
2024-10-26 08:00:00+00:00,0.2744,0.2512,61.8
2024-10-26 09:00:00+00:00,0.1997,0.3865,60.75
2024-10-26 10:00:00+00:00,0.1271,0.48,60.6
2024-10-26 11:00:00+00:00,0.1136,0.4888,53.53
2024-10-26 12:00:00+00:00,0.1177,0.4316,42.03
2024-10-26 13:00:00+00:00,0.05423,0.5566,37.5
2024-10-26 14:00:00+00:00,0.0691,0.4595,48.53
2024-10-26 15:00:00+00:00,0.0716,0.2954,36.12
2024-10-26 16:00:00+00:00,0.00864,0.2262,65.94
2024-10-26 17:00:00+00:00,0.0587,0.04147,93.44
2024-10-26 18:00:00+00:00,0.00994,0.0002778,115.7
2024-10-26 19:00:00+00:00,0.00802,7.38e-05,126.9
2024-10-26 20:00:00+00:00,0.01767,9.26e-05,114.75
2024-10-26 21:00:00+00:00,0.0008116,6.72e-05,97.75
2024-10-26 22:00:00+00:00,0.04388,6.05e-05,102.06
2024-10-26 23:00:00+00:00,0.003376,3.11e-05,115.8
2024-10-27 00:00:00+00:00,0.00947,1.44e-05,108.25
2024-10-27 01:00:00+00:00,0.03745,1.216e-05,100.7
2024-10-27 02:00:00+00:00,0.02003,1.48e-05,81.0
2024-10-27 03:00:00+00:00,0.06274,1.746e-05,87.56
2024-10-27 04:00:00+00:00,0.07336,1.14e-05,81.9
2024-10-27 05:00:00+00:00,0.02127,3.725e-05,94.25
2024-10-27 06:00:00+00:00,0.02237,0.000936,72.06
2024-10-27 07:00:00+00:00,0.00257,0.061,81.5
2024-10-27 08:00:00+00:00,0.12146,0.2202,62.7
2024-10-27 09:00:00+00:00,0.02173,0.226,70.25
2024-10-27 10:00:00+00:00,0.00899,0.2896,78.94
2024-10-27 11:00:00+00:00,0.02301,0.3523,61.84
2024-10-27 12:00:00+00:00,0.00228,0.3362,67.94
2024-10-27 13:00:00+00:00,0.02527,0.4502,51.4
2024-10-27 14:00:00+00:00,0.1085,0.4377,42.7
2024-10-27 15:00:00+00:00,0.010315,0.3037,54.75
2024-10-27 16:00:00+00:00,0.01953,0.1993,76.2
2024-10-27 17:00:00+00:00,0.01965,0.0243,106.6
2024-10-27 18:00:00+00:00,0.0853,0.00011724,104.7
2024-10-27 19:00:00+00:00,0.001109,5.17e-05,142.6
2024-10-27 20:00:00+00:00,0.0007873,5.925e-05,134.5
2024-10-27 21:00:00+00:00,0.02002,3.36e-05,110.6
2024-10-27 22:00:00+00:00,0.001566,2.95e-05,122.8
2024-10-27 23:00:00+00:00,0.002098,1.407e-05,118.0
2024-10-28 00:00:00+00:00,0.02359,5.07e-06,119.44
2024-10-28 01:00:00+00:00,0.0158,0.0,103.56
2024-10-28 02:00:00+00:00,0.0195,5.4e-07,123.6
2024-10-28 03:00:00+00:00,0.0473,1.514e-05,126.94
2024-10-28 04:00:00+00:00,0.00572,2.116e-05,122.3
2024-10-28 05:00:00+00:00,0.010826,6.18e-05,131.9
2024-10-28 06:00:00+00:00,0.02007,0.002018,131.5
2024-10-28 07:00:00+00:00,0.02534,0.05566,124.0
2024-10-28 08:00:00+00:00,0.01637,0.1661,103.94
2024-10-28 09:00:00+00:00,0.011795,0.251,96.7
2024-10-28 10:00:00+00:00,0.00818,0.3264,91.44
2024-10-28 11:00:00+00:00,0.02072,0.3267,88.2
2024-10-28 12:00:00+00:00,0.02097,0.3992,82.06
2024-10-28 13:00:00+00:00,0.02544,0.4485,154.1
2024-10-28 14:00:00+00:00,0.0321,0.4673,62.62
2024-10-28 15:00:00+00:00,0.0634,0.337,79.8
2024-10-28 16:00:00+00:00,0.11365,0.1523,93.0
2024-10-28 17:00:00+00:00,0.1447,0.0219,100.7
2024-10-28 18:00:00+00:00,0.1292,5.305e-05,114.25
2024-10-28 19:00:00+00:00,0.1343,4.05e-05,97.1
2024-10-28 20:00:00+00:00,0.1533,4.256e-05,109.94
2024-10-28 21:00:00+00:00,0.153,2.17e-05,91.25
2024-10-28 22:00:00+00:00,0.1597,2.05e-05,108.7
2024-10-28 23:00:00+00:00,0.1619,1.13e-05,106.5
2024-10-29 00:00:00+00:00,0.1771,1.6e-05,105.9
2024-10-29 01:00:00+00:00,0.1997,3.8e-06,80.5
2024-10-29 02:00:00+00:00,0.2026,2.9e-06,85.56
2024-10-29 03:00:00+00:00,0.208,8.1e-06,79.9
2024-10-29 04:00:00+00:00,0.2435,8.4e-06,92.6
2024-10-29 05:00:00+00:00,0.2435,4.107e-05,85.2
2024-10-29 06:00:00+00:00,0.2471,0.001534,84.7
2024-10-29 07:00:00+00:00,0.2255,0.06525,81.1
2024-10-29 08:00:00+00:00,0.1554,0.2395,77.0
2024-10-29 09:00:00+00:00,0.10297,0.3503,86.0
2024-10-29 10:00:00+00:00,0.09717,0.3848,76.6
2024-10-29 11:00:00+00:00,0.0817,0.4421,81.6
2024-10-29 12:00:00+00:00,0.0793,0.5054,66.25
2024-10-29 13:00:00+00:00,0.0742,0.589,43.6
2024-10-29 14:00:00+00:00,0.1725,0.4573,40.12
2024-10-29 15:00:00+00:00,0.2214,0.306,54.8
2024-10-29 16:00:00+00:00,0.271,0.1421,88.44
2024-10-29 17:00:00+00:00,0.2964,0.03104,85.94
2024-10-29 18:00:00+00:00,0.278,9.18e-05,93.5
2024-10-29 19:00:00+00:00,0.282,6.795e-05,112.56
2024-10-29 20:00:00+00:00,0.3015,9.82e-05,103.0
2024-10-29 21:00:00+00:00,0.2847,8.32e-05,92.44
2024-10-29 22:00:00+00:00,0.2426,6.47e-05,81.7
2024-10-29 23:00:00+00:00,0.2124,3.433e-05,89.56
2024-10-30 00:00:00+00:00,0.1774,3.01e-05,70.06
2024-10-30 01:00:00+00:00,0.2308,1.365e-05,60.75
2024-10-30 02:00:00+00:00,0.2329,1.16e-05,59.6
2024-10-30 03:00:00+00:00,0.39,1.25e-05,16.69
2024-10-30 04:00:00+00:00,0.451,1.5e-05,42.1
2024-10-30 05:00:00+00:00,0.519,6.264e-05,8.09
2024-10-30 06:00:00+00:00,0.532,0.00357,2.67
2024-10-30 07:00:00+00:00,0.5244,0.0937,74.06
2024-10-30 08:00:00+00:00,0.561,0.2898,61.56
2024-10-30 09:00:00+00:00,0.642,0.4753,38.2
2024-10-30 10:00:00+00:00,0.6504,0.53,6.32
2024-10-30 11:00:00+00:00,0.6733,0.529,12.66
2024-10-30 12:00:00+00:00,0.682,0.6377,-2.0
2024-10-30 13:00:00+00:00,0.6855,0.674,-2.0
2024-10-30 14:00:00+00:00,0.645,0.6196,-2.0
2024-10-30 15:00:00+00:00,0.69,0.4019,-2.0
2024-10-30 16:00:00+00:00,0.731,0.1962,12.484
2024-10-30 17:00:00+00:00,0.7173,0.04156,26.72
2024-10-30 18:00:00+00:00,0.665,0.000359,46.72
2024-10-30 19:00:00+00:00,0.6685,9.835e-05,55.62
2024-10-30 20:00:00+00:00,0.571,0.000118,45.94
2024-10-30 21:00:00+00:00,0.5767,8.49e-05,42.06
2024-10-30 22:00:00+00:00,0.6294,6.336e-05,31.19
2024-10-30 23:00:00+00:00,0.594,3.064e-05,47.56
2024-10-31 00:00:00+00:00,0.6284,1.89e-05,40.84
2024-10-31 01:00:00+00:00,0.638,1.17e-05,15.79
2024-10-31 02:00:00+00:00,0.6675,1.603e-05,9.22
2024-10-31 03:00:00+00:00,0.6865,1.806e-05,-2.0
2024-10-31 04:00:00+00:00,0.7026,2.58e-05,-2.0
2024-10-31 05:00:00+00:00,0.6104,7.59e-05,21.22
2024-10-31 06:00:00+00:00,0.6445,0.004246,50.6
2024-10-31 07:00:00+00:00,0.6406,0.08673,31.06
2024-10-31 08:00:00+00:00,0.589,0.2467,39.75
2024-10-31 09:00:00+00:00,0.5464,0.432,28.39
2024-10-31 10:00:00+00:00,0.5337,0.5376,18.0
2024-10-31 11:00:00+00:00,0.518,0.5884,19.02
2024-10-31 12:00:00+00:00,0.3901,0.6255,17.48
2024-10-31 13:00:00+00:00,0.3147,0.7134,0.3965
2024-10-31 14:00:00+00:00,0.3325,0.6494,16.78
2024-10-31 15:00:00+00:00,0.2375,0.4504,40.3
2024-10-31 16:00:00+00:00,0.2588,0.2058,65.5
2024-10-31 17:00:00+00:00,0.2747,0.04486,83.25
2024-10-31 18:00:00+00:00,0.2285,0.000356,86.5
2024-10-31 19:00:00+00:00,0.2079,7.737e-05,110.6
2024-10-31 20:00:00+00:00,0.05508,8.893e-05,116.94
2024-10-31 21:00:00+00:00,0.01255,5.937e-05,117.56
2024-10-31 22:00:00+00:00,0.03064,3.97e-05,95.25
2024-10-31 23:00:00+00:00,0.02156,1.293e-05,129.9
2024-11-01 00:00:00+00:00,0.0436,0.0,132.2
2024-11-01 01:00:00+00:00,0.01002,0.0,112.2
2024-11-01 02:00:00+00:00,0.004475,9e-07,98.7
2024-11-01 03:00:00+00:00,0.0103,8.1e-06,115.25
2024-11-01 04:00:00+00:00,0.001232,1.33e-05,97.56
2024-11-01 05:00:00+00:00,0.006615,2.474e-05,130.4
2024-11-01 06:00:00+00:00,0.03714,4.72e-05,146.0
2024-11-01 07:00:00+00:00,0.04904,0.01453,150.1
2024-11-01 08:00:00+00:00,0.04498,0.1318,126.2
2024-11-01 09:00:00+00:00,0.02551,0.2365,132.2
2024-11-01 10:00:00+00:00,0.03256,0.3525,115.44
2024-11-01 11:00:00+00:00,0.0647,0.4182,121.56
2024-11-01 12:00:00+00:00,0.087,0.436,108.75
2024-11-01 13:00:00+00:00,0.1285,0.3755,86.7
2024-11-01 14:00:00+00:00,0.1594,0.338,79.8
2024-11-01 15:00:00+00:00,0.2114,0.1943,79.1
2024-11-01 16:00:00+00:00,0.2573,0.06885,110.56
2024-11-01 17:00:00+00:00,0.27,0.002241,117.0
2024-11-01 18:00:00+00:00,0.2766,6.39e-05,118.94
2024-11-01 19:00:00+00:00,0.2443,5.376e-05,145.9
2024-11-01 20:00:00+00:00,0.2615,7.83e-05,129.6
2024-11-01 21:00:00+00:00,0.3108,9.3e-05,117.7
2024-11-01 22:00:00+00:00,0.2866,6.6e-05,112.6
2024-11-01 23:00:00+00:00,0.2585,3.225e-05,97.7
2024-11-02 00:00:00+00:00,0.2058,8.2e-06,89.1
2024-11-02 01:00:00+00:00,0.1749,7.3e-06,72.3
2024-11-02 02:00:00+00:00,0.163,8.8e-06,75.4
2024-11-02 03:00:00+00:00,0.1015,1.27e-05,94.06
2024-11-02 04:00:00+00:00,0.2399,3.93e-06,56.7
2024-11-02 05:00:00+00:00,0.2281,1.48e-05,70.3
2024-11-02 06:00:00+00:00,0.2239,3.076e-05,89.94
2024-11-02 07:00:00+00:00,0.2168,0.015236,91.44
2024-11-02 08:00:00+00:00,0.1881,0.1349,89.44
2024-11-02 09:00:00+00:00,0.2035,0.2922,82.44
2024-11-02 10:00:00+00:00,0.1592,0.4348,62.6
2024-11-02 11:00:00+00:00,0.1584,0.4697,62.34
2024-11-02 12:00:00+00:00,0.1112,0.4963,39.97
2024-11-02 13:00:00+00:00,0.1598,0.385,18.78
2024-11-02 14:00:00+00:00,0.2059,0.3608,39.78
2024-11-02 15:00:00+00:00,0.2028,0.2698,62.47
2024-11-02 16:00:00+00:00,0.238,0.0705,98.25
2024-11-02 17:00:00+00:00,0.3003,0.00103,99.9
2024-11-02 18:00:00+00:00,0.2998,4.48e-05,112.0
2024-11-02 19:00:00+00:00,0.2379,3.95e-05,147.5
2024-11-02 20:00:00+00:00,0.226,6.53e-05,140.6
2024-11-02 21:00:00+00:00,0.2256,5.43e-05,105.5
2024-11-02 22:00:00+00:00,0.2463,3.6e-05,116.6
2024-11-02 23:00:00+00:00,0.2512,3.16e-05,95.44
2024-11-03 00:00:00+00:00,0.2815,2.86e-06,86.44
2024-11-03 01:00:00+00:00,0.1309,9.3e-06,93.94
2024-11-03 02:00:00+00:00,0.1279,1.174e-05,89.0
2024-11-03 03:00:00+00:00,0.08997,1.2e-05,83.44
2024-11-03 04:00:00+00:00,0.007236,9.1e-06,83.4
2024-11-03 05:00:00+00:00,0.02306,1.115e-05,89.5
2024-11-03 06:00:00+00:00,0.01024,2.53e-05,70.06
2024-11-03 07:00:00+00:00,0.008545,0.02225,67.0
2024-11-03 08:00:00+00:00,0.0647,0.2056,46.56
2024-11-03 09:00:00+00:00,0.00208,0.3647,55.0
2024-11-03 10:00:00+00:00,0.02283,0.5396,32.44
2024-11-03 11:00:00+00:00,0.00883,0.551,51.78
2024-11-03 12:00:00+00:00,0.0384,0.4893,61.0
2024-11-03 13:00:00+00:00,0.002031,0.3936,55.72
2024-11-03 14:00:00+00:00,0.03012,0.3823,38.03
2024-11-03 15:00:00+00:00,0.01085,0.293,53.56
2024-11-03 16:00:00+00:00,0.02087,0.0983,89.0
2024-11-03 17:00:00+00:00,0.002707,0.002396,43.78
2024-11-03 18:00:00+00:00,0.02975,6.545e-05,49.9
2024-11-03 19:00:00+00:00,0.02905,5.58e-05,62.34
2024-11-03 20:00:00+00:00,0.004513,8.893e-05,63.12
2024-11-03 21:00:00+00:00,0.00698,0.0001082,52.2
2024-11-03 22:00:00+00:00,0.00896,6.74e-05,52.2
2024-11-03 23:00:00+00:00,0.00431,4.125e-05,87.8
2024-11-04 00:00:00+00:00,0.02155,9.36e-06,99.5
2024-11-04 01:00:00+00:00,0.02591,8.46e-06,89.25
2024-11-04 02:00:00+00:00,0.00251,1.07e-05,86.9
2024-11-04 03:00:00+00:00,0.009544,1.055e-05,102.9
2024-11-04 04:00:00+00:00,0.065,7.57e-06,109.8
2024-11-04 05:00:00+00:00,0.06287,5.4e-07,126.6
2024-11-04 06:00:00+00:00,0.1122,0.0,118.2
2024-11-04 07:00:00+00:00,0.125,0.001999,129.9
2024-11-04 08:00:00+00:00,0.102,0.0781,100.5
2024-11-04 09:00:00+00:00,0.1187,0.1675,108.1
2024-11-04 10:00:00+00:00,0.1086,0.293,97.06
2024-11-04 11:00:00+00:00,0.1467,0.3706,83.44
2024-11-04 12:00:00+00:00,0.1924,0.3506,17.84
2024-11-04 13:00:00+00:00,0.2327,0.3428,14.83
2024-11-04 14:00:00+00:00,0.3472,0.2463,81.75
2024-11-04 15:00:00+00:00,0.366,0.1583,85.1
2024-11-04 16:00:00+00:00,0.3584,0.05807,110.1
2024-11-04 17:00:00+00:00,0.3362,0.0012865,130.1
2024-11-04 18:00:00+00:00,0.303,3.4e-05,128.0
2024-11-04 19:00:00+00:00,0.3699,3.237e-05,93.94
2024-11-04 20:00:00+00:00,0.355,4.715e-05,90.94
2024-11-04 21:00:00+00:00,0.3347,7.86e-05,88.94
2024-11-04 22:00:00+00:00,0.3345,5.05e-05,79.1
2024-11-04 23:00:00+00:00,0.2817,3.046e-05,83.6
2024-11-05 00:00:00+00:00,0.1957,5.6e-06,93.75
2024-11-05 01:00:00+00:00,0.1749,5.9e-06,94.2
2024-11-05 02:00:00+00:00,0.1487,8.6e-06,74.0
2024-11-05 03:00:00+00:00,0.09937,1.54e-05,93.5
2024-11-05 04:00:00+00:00,0.05508,1.42e-05,128.0
2024-11-05 05:00:00+00:00,0.03317,1.91e-05,130.6
2024-11-05 06:00:00+00:00,0.02545,3.386e-05,151.5
2024-11-05 07:00:00+00:00,0.04105,0.01185,162.1
2024-11-05 08:00:00+00:00,0.05237,0.1276,137.2
2024-11-05 09:00:00+00:00,0.0482,0.2266,92.94
2024-11-05 10:00:00+00:00,0.0632,0.38,6.664
2024-11-05 11:00:00+00:00,0.05243,0.4805,86.5
2024-11-05 12:00:00+00:00,0.0527,0.4897,92.3
2024-11-05 13:00:00+00:00,0.04907,0.5215,85.8
2024-11-05 14:00:00+00:00,0.0819,0.4216,82.5
2024-11-05 15:00:00+00:00,0.0726,0.2394,98.8
2024-11-05 16:00:00+00:00,0.1207,0.09094,116.7
2024-11-05 17:00:00+00:00,0.1393,0.002216,153.8
2024-11-05 18:00:00+00:00,0.12164,5.42e-05,151.9
2024-11-05 19:00:00+00:00,0.1874,5.347e-05,142.0
2024-11-05 20:00:00+00:00,0.2505,6.765e-05,124.8
2024-11-05 21:00:00+00:00,0.3015,7.91e-05,98.9
2024-11-05 22:00:00+00:00,0.301,3.86e-05,106.8
2024-11-05 23:00:00+00:00,0.354,1.92e-05,80.56
2024-11-06 00:00:00+00:00,0.3584,0.0,69.8
2024-11-06 01:00:00+00:00,0.3318,0.0,75.75
2024-11-06 02:00:00+00:00,0.3274,0.0,52.38
2024-11-06 03:00:00+00:00,0.3242,0.0,57.97
2024-11-06 04:00:00+00:00,0.2827,0.0,79.1
2024-11-06 05:00:00+00:00,0.2129,3.2e-06,77.25
2024-11-06 06:00:00+00:00,0.1959,1.407e-05,87.0
2024-11-06 07:00:00+00:00,0.1973,0.009766,111.4
2024-11-06 08:00:00+00:00,0.1918,0.1385,96.2
2024-11-06 09:00:00+00:00,0.2191,0.2874,83.0
2024-11-06 10:00:00+00:00,0.1827,0.4216,83.75
2024-11-06 11:00:00+00:00,0.1628,0.534,63.44
2024-11-06 12:00:00+00:00,0.167,0.556,44.62
2024-11-06 13:00:00+00:00,0.1609,0.5493,51.53
2024-11-06 14:00:00+00:00,0.19,0.414,80.8
2024-11-06 15:00:00+00:00,0.2083,0.2634,101.5
2024-11-06 16:00:00+00:00,0.2421,0.09735,106.1
2024-11-06 17:00:00+00:00,0.3499,0.00235,120.8
2024-11-06 18:00:00+00:00,0.3245,5.88e-05,147.2
2024-11-06 19:00:00+00:00,0.2998,5.835e-05,149.9
2024-11-06 20:00:00+00:00,0.3408,8.273e-05,133.1
2024-11-06 21:00:00+00:00,0.305,9.95e-05,124.2
2024-11-06 22:00:00+00:00,0.2783,5.67e-05,131.4
2024-11-06 23:00:00+00:00,0.2627,3.36e-05,125.06
2024-11-07 00:00:00+00:00,0.264,0.0,112.1
2024-11-07 01:00:00+00:00,0.274,0.0,106.6
2024-11-07 02:00:00+00:00,0.3213,0.0,118.25
2024-11-07 03:00:00+00:00,0.3525,0.0,102.7
2024-11-07 04:00:00+00:00,0.3325,0.0,125.5
2024-11-07 05:00:00+00:00,0.3218,0.0,144.8
2024-11-07 06:00:00+00:00,0.142,0.0,165.9
2024-11-07 07:00:00+00:00,0.155,0.001999,162.2
2024-11-07 08:00:00+00:00,0.1617,0.03452,169.0
2024-11-07 09:00:00+00:00,0.2678,0.0743,146.9
2024-11-07 10:00:00+00:00,0.3198,0.126,134.8
2024-11-07 11:00:00+00:00,0.2795,0.2323,104.75
2024-11-07 12:00:00+00:00,0.2988,0.2136,104.06
2024-11-07 13:00:00+00:00,0.3188,0.2089,102.44
2024-11-07 14:00:00+00:00,0.3452,0.11487,96.7
2024-11-07 15:00:00+00:00,0.319,0.0545,100.75
2024-11-07 16:00:00+00:00,0.1952,0.06012,113.44
2024-11-07 17:00:00+00:00,0.146,0.001866,131.6
2024-11-07 18:00:00+00:00,0.05426,3.43e-05,143.4
2024-11-07 19:00:00+00:00,0.01712,4.17e-05,141.2
2024-11-07 20:00:00+00:00,0.02576,5.895e-05,121.06
2024-11-07 21:00:00+00:00,0.017,5.08e-05,95.94
2024-11-07 22:00:00+00:00,0.007442,2.29e-05,100.6
2024-11-07 23:00:00+00:00,0.02623,1.353e-05,92.3
2024-11-08 00:00:00+00:00,0.01685,0.0,92.44
2024-11-08 01:00:00+00:00,0.03333,4.23e-06,100.94
2024-11-08 02:00:00+00:00,0.00428,7.75e-06,104.7
2024-11-08 03:00:00+00:00,0.000892,0.0,130.8
2024-11-08 04:00:00+00:00,0.01413,2.44e-06,125.56
2024-11-08 05:00:00+00:00,0.08826,8e-06,149.2
2024-11-08 06:00:00+00:00,0.1288,2.48e-05,160.1
2024-11-08 07:00:00+00:00,0.1656,0.00864,134.1
2024-11-08 08:00:00+00:00,0.139,0.0605,148.0
2024-11-08 09:00:00+00:00,0.1399,0.1323,136.4
2024-11-08 10:00:00+00:00,0.1497,0.2042,126.44
2024-11-08 11:00:00+00:00,0.1395,0.3113,107.75
2024-11-08 12:00:00+00:00,0.129,0.347,97.1
2024-11-08 13:00:00+00:00,0.1882,0.246,124.44
2024-11-08 14:00:00+00:00,0.2915,0.2249,127.5
2024-11-08 15:00:00+00:00,0.2976,0.2094,119.1
2024-11-08 16:00:00+00:00,0.3594,0.091,122.75
2024-11-08 17:00:00+00:00,0.347,0.002714,144.9
2024-11-08 18:00:00+00:00,0.2996,4.45e-05,160.6
2024-11-08 19:00:00+00:00,0.2693,4.92e-05,148.0
2024-11-08 20:00:00+00:00,0.2285,6.7e-05,152.2
2024-11-08 21:00:00+00:00,0.2515,6.16e-05,141.8
2024-11-08 22:00:00+00:00,0.244,3.17e-05,150.2
2024-11-08 23:00:00+00:00,0.2551,1.78e-05,34.9
2024-11-09 00:00:00+00:00,0.292,0.0,20.69
2024-11-09 01:00:00+00:00,0.2979,5e-07,10.98
2024-11-09 02:00:00+00:00,0.3093,5.4e-06,-2.0
2024-11-09 03:00:00+00:00,0.3215,1e-07,143.2
2024-11-09 04:00:00+00:00,0.3477,0.0,127.4
2024-11-09 05:00:00+00:00,0.3657,7.33e-06,126.06
2024-11-09 06:00:00+00:00,0.377,0.0,107.9
2024-11-09 07:00:00+00:00,0.393,0.001999,98.1
2024-11-09 08:00:00+00:00,0.4006,0.03452,110.56
2024-11-09 09:00:00+00:00,0.4065,0.10175,88.2
2024-11-09 10:00:00+00:00,0.394,0.1915,71.1
2024-11-09 11:00:00+00:00,0.4194,0.223,123.75
2024-11-09 12:00:00+00:00,0.4138,0.177,134.1
2024-11-09 13:00:00+00:00,0.4038,0.1735,166.9
2024-11-09 14:00:00+00:00,0.305,0.1436,132.6
2024-11-09 15:00:00+00:00,0.298,0.0716,149.9
2024-11-09 16:00:00+00:00,0.2861,0.03108,169.5
2024-11-09 17:00:00+00:00,0.2281,0.001078,127.4
2024-11-09 18:00:00+00:00,0.1965,2.22e-05,135.5
2024-11-09 19:00:00+00:00,0.144,2.414e-05,161.9
2024-11-09 20:00:00+00:00,0.1217,2.99e-05,149.6
2024-11-09 21:00:00+00:00,0.10864,4.09e-05,138.2
2024-11-09 22:00:00+00:00,0.0538,4.226e-05,121.25
2024-11-09 23:00:00+00:00,0.05185,2.09e-05,116.56
2024-11-10 00:00:00+00:00,0.02878,6.2e-06,112.44
2024-11-10 01:00:00+00:00,0.00609,0.0,113.0
2024-11-10 02:00:00+00:00,0.0943,8.8e-06,101.94
2024-11-10 03:00:00+00:00,0.006157,7.7e-06,120.8
2024-11-10 04:00:00+00:00,0.05734,0.0,135.6
2024-11-10 05:00:00+00:00,0.01976,1.11e-05,144.9
2024-11-10 06:00:00+00:00,0.02795,2.48e-05,136.1
2024-11-10 07:00:00+00:00,0.014206,0.01358,146.0
2024-11-10 08:00:00+00:00,0.05017,0.125,137.5
2024-11-10 09:00:00+00:00,0.00932,0.2527,133.9
2024-11-10 10:00:00+00:00,0.00834,0.297,125.8
2024-11-10 11:00:00+00:00,0.06018,0.3325,103.75
2024-11-10 12:00:00+00:00,0.05228,0.267,128.4
2024-11-10 13:00:00+00:00,0.005196,0.2947,118.0
2024-11-10 14:00:00+00:00,0.0227,0.2795,137.4
2024-11-10 15:00:00+00:00,0.007786,0.1683,119.9
2024-11-10 16:00:00+00:00,0.01023,0.0343,135.9
2024-11-10 17:00:00+00:00,0.0228,0.0001513,151.8
2024-11-10 18:00:00+00:00,0.003521,2.6e-05,156.1
2024-11-10 19:00:00+00:00,0.003733,2.49e-05,179.9
2024-11-10 20:00:00+00:00,0.01936,2.07e-05,183.5
2024-11-10 21:00:00+00:00,0.0331,2.24e-05,175.2
2024-11-10 22:00:00+00:00,0.04138,1.526e-05,172.0
2024-11-10 23:00:00+00:00,0.06122,2.79e-05,175.6
2024-11-11 00:00:00+00:00,0.06464,0.0,165.8
2024-11-11 01:00:00+00:00,0.0815,0.0,145.9
2024-11-11 02:00:00+00:00,0.1398,0.0,139.4
2024-11-11 03:00:00+00:00,0.1454,0.0,132.1
2024-11-11 04:00:00+00:00,0.1598,0.0,137.0
2024-11-11 05:00:00+00:00,0.1793,2.1e-06,149.9
2024-11-11 06:00:00+00:00,0.1836,1.81e-05,132.8
2024-11-11 07:00:00+00:00,0.1926,0.01157,138.4
2024-11-11 08:00:00+00:00,0.1898,0.1132,126.94
2024-11-11 09:00:00+00:00,0.1932,0.2313,116.25
2024-11-11 10:00:00+00:00,0.2145,0.2537,105.3
2024-11-11 11:00:00+00:00,0.2339,0.2329,120.9
2024-11-11 12:00:00+00:00,0.2532,0.1863,104.5
2024-11-11 13:00:00+00:00,0.2776,0.1609,105.06
2024-11-11 14:00:00+00:00,0.2932,0.1648,115.44
2024-11-11 15:00:00+00:00,0.3079,0.1204,127.3
2024-11-11 16:00:00+00:00,0.3418,0.02344,120.5
2024-11-11 17:00:00+00:00,0.325,0.0001184,128.4
2024-11-11 18:00:00+00:00,0.331,3.105e-05,137.4
2024-11-11 19:00:00+00:00,0.3564,5.084e-05,140.1
2024-11-11 20:00:00+00:00,0.3699,6.26e-05,122.56
2024-11-11 21:00:00+00:00,0.4346,3.93e-05,128.4
2024-11-11 22:00:00+00:00,0.4644,3.05e-05,112.6
2024-11-11 23:00:00+00:00,0.5522,3.844e-05,83.56
2024-11-12 00:00:00+00:00,0.534,1.73e-05,80.4
2024-11-12 01:00:00+00:00,0.521,1.81e-05,86.56
2024-11-12 02:00:00+00:00,0.4897,1.9e-05,92.56
2024-11-12 03:00:00+00:00,0.4917,2.265e-05,81.7
2024-11-12 04:00:00+00:00,0.4844,2.03e-05,102.25
2024-11-12 05:00:00+00:00,0.483,3.21e-05,131.6
2024-11-12 06:00:00+00:00,0.526,4.786e-05,132.8
2024-11-12 07:00:00+00:00,0.537,0.02043,122.9
2024-11-12 08:00:00+00:00,0.5337,0.1605,112.5
2024-11-12 09:00:00+00:00,0.4717,0.2732,80.4
2024-11-12 10:00:00+00:00,0.4692,0.3193,73.56
2024-11-12 11:00:00+00:00,0.313,0.4011,90.8
2024-11-12 12:00:00+00:00,0.2961,0.3667,110.56
2024-11-12 13:00:00+00:00,0.3083,0.3887,101.3
2024-11-12 14:00:00+00:00,0.3242,0.314,107.75
2024-11-12 15:00:00+00:00,0.347,0.1713,111.44
2024-11-12 16:00:00+00:00,0.3933,0.04398,117.6
2024-11-12 17:00:00+00:00,0.378,7.993e-05,112.94
2024-11-12 18:00:00+00:00,0.3542,3.44e-05,127.94
2024-11-12 19:00:00+00:00,0.4011,3.225e-05,123.2
2024-11-12 20:00:00+00:00,0.4016,3.916e-05,100.3
2024-11-12 21:00:00+00:00,0.2605,1.913e-05,109.7
2024-11-12 22:00:00+00:00,0.2546,1.246e-05,111.0
2024-11-12 23:00:00+00:00,0.2236,3.487e-05,102.0
2024-11-13 00:00:00+00:00,0.1512,0.0,110.75
2024-11-13 01:00:00+00:00,0.1455,0.0,133.6
2024-11-13 02:00:00+00:00,0.11774,0.0,135.9
2024-11-13 03:00:00+00:00,0.0924,6.6e-07,140.6
2024-11-13 04:00:00+00:00,0.0812,0.0,143.8
2024-11-13 05:00:00+00:00,0.0969,0.0,154.4
2024-11-13 06:00:00+00:00,0.0369,1.72e-05,166.6
2024-11-13 07:00:00+00:00,0.07965,0.01542,169.5
2024-11-13 08:00:00+00:00,0.08417,0.1573,139.5
2024-11-13 09:00:00+00:00,0.158,0.2886,108.06
2024-11-13 10:00:00+00:00,0.1259,0.3684,134.1
2024-11-13 11:00:00+00:00,0.11035,0.456,123.8
2024-11-13 12:00:00+00:00,0.152,0.4167,108.94
2024-11-13 13:00:00+00:00,0.1827,0.4524,93.9
2024-11-13 14:00:00+00:00,0.2725,0.2947,91.4
2024-11-13 15:00:00+00:00,0.2659,0.1737,102.3
2024-11-13 16:00:00+00:00,0.2339,0.05615,104.8
2024-11-13 17:00:00+00:00,0.2283,0.001639,108.9
2024-11-13 18:00:00+00:00,0.2133,6.09e-05,140.9
2024-11-13 19:00:00+00:00,0.221,5.84e-05,152.9
2024-11-13 20:00:00+00:00,0.25,5.63e-05,128.2
2024-11-13 21:00:00+00:00,0.2788,5.32e-05,90.2
2024-11-13 22:00:00+00:00,0.371,5.215e-05,79.4
2024-11-13 23:00:00+00:00,0.37,4.87e-05,74.25
2024-11-14 00:00:00+00:00,0.3071,9.06e-06,82.56
2024-11-14 01:00:00+00:00,0.2915,2.15e-06,61.0
2024-11-14 02:00:00+00:00,0.3335,2.8e-06,56.62
2024-11-14 03:00:00+00:00,0.3547,3.93e-06,54.25
2024-11-14 04:00:00+00:00,0.3872,1.8e-06,68.1
2024-11-14 05:00:00+00:00,0.3867,7.87e-06,97.2
2024-11-14 06:00:00+00:00,0.4082,3.994e-05,109.1
2024-11-14 07:00:00+00:00,0.3833,0.0211,103.7
2024-11-14 08:00:00+00:00,0.352,0.187,85.9
2024-11-14 09:00:00+00:00,0.3174,0.3362,62.34
2024-11-14 10:00:00+00:00,0.2062,0.3792,68.44
2024-11-14 11:00:00+00:00,0.1665,0.419,82.75
2024-11-14 12:00:00+00:00,0.1838,0.3757,154.1
2024-11-14 13:00:00+00:00,0.1915,0.3948,149.1
2024-11-14 14:00:00+00:00,0.2406,0.279,155.4
2024-11-14 15:00:00+00:00,0.245,0.1709,213.9
2024-11-14 16:00:00+00:00,0.2212,0.06076,179.9
2024-11-14 17:00:00+00:00,0.2051,0.002354,218.0
2024-11-14 18:00:00+00:00,0.223,6.94e-05,220.0
2024-11-14 19:00:00+00:00,0.2252,7.53e-05,161.4
2024-11-14 20:00:00+00:00,0.22,6.48e-05,146.2
2024-11-14 21:00:00+00:00,0.2083,7.564e-05,109.7
2024-11-14 22:00:00+00:00,0.1414,7.45e-05,118.06
2024-11-14 23:00:00+00:00,0.0518,5.33e-05,126.06
2024-11-15 00:00:00+00:00,0.04956,2.51e-05,132.1
2024-11-15 01:00:00+00:00,0.0585,2.29e-05,128.9
2024-11-15 02:00:00+00:00,0.063,2.044e-05,116.75
2024-11-15 03:00:00+00:00,0.11664,2.193e-05,123.6
2024-11-15 04:00:00+00:00,0.138,1.544e-05,125.94
2024-11-15 05:00:00+00:00,0.2169,3.34e-05,127.9
2024-11-15 06:00:00+00:00,0.2096,7.665e-05,125.8
2024-11-15 07:00:00+00:00,0.2037,0.03577,110.94
2024-11-15 08:00:00+00:00,0.1528,0.2158,112.94
2024-11-15 09:00:00+00:00,0.1262,0.391,102.3
2024-11-15 10:00:00+00:00,0.1186,0.4587,76.56
2024-11-15 11:00:00+00:00,0.1,0.5186,91.1
2024-11-15 12:00:00+00:00,0.09576,0.5464,77.56
2024-11-15 13:00:00+00:00,0.06525,0.5073,95.94
2024-11-15 14:00:00+00:00,0.10913,0.32,136.4
2024-11-15 15:00:00+00:00,0.0717,0.2009,152.6
2024-11-15 16:00:00+00:00,0.1112,0.0804,134.8
2024-11-15 17:00:00+00:00,0.10284,0.0031,156.5
2024-11-15 18:00:00+00:00,0.0755,7.993e-05,165.2
2024-11-15 19:00:00+00:00,0.1047,7.48e-05,172.9
2024-11-15 20:00:00+00:00,0.0993,8.13e-05,176.1
2024-11-15 21:00:00+00:00,0.06537,7.594e-05,166.9
2024-11-15 22:00:00+00:00,0.0413,5.865e-05,158.6
2024-11-15 23:00:00+00:00,0.0096,5.06e-05,139.6
2024-11-16 00:00:00+00:00,0.01978,1.836e-05,120.44
2024-11-16 01:00:00+00:00,0.02455,1.276e-05,125.2
2024-11-16 02:00:00+00:00,0.0725,1.11e-05,125.5
2024-11-16 03:00:00+00:00,0.00521,1.365e-05,131.4
2024-11-16 04:00:00+00:00,0.04062,1.067e-05,129.2
2024-11-16 05:00:00+00:00,0.02867,2.193e-05,115.8
2024-11-16 06:00:00+00:00,0.00956,5.96e-05,157.4
2024-11-16 07:00:00+00:00,0.004356,0.0341,150.9
2024-11-16 08:00:00+00:00,0.01842,0.1726,135.4
2024-11-16 09:00:00+00:00,0.01987,0.328,115.7
2024-11-16 10:00:00+00:00,0.00985,0.3354,120.3
2024-11-16 11:00:00+00:00,0.02577,0.4402,66.06
2024-11-16 12:00:00+00:00,0.02528,0.557,43.2
2024-11-16 13:00:00+00:00,0.00333,0.5522,71.06
2024-11-16 14:00:00+00:00,0.03568,0.4111,95.1
2024-11-16 15:00:00+00:00,0.0694,0.264,116.06
2024-11-16 16:00:00+00:00,0.08704,0.10205,126.9
2024-11-16 17:00:00+00:00,0.08746,0.003653,136.2
2024-11-16 18:00:00+00:00,0.10815,6.59e-05,143.2
2024-11-16 19:00:00+00:00,0.1478,5.764e-05,163.0
2024-11-16 20:00:00+00:00,0.1807,6.55e-05,168.5
2024-11-16 21:00:00+00:00,0.186,7.41e-05,143.0
2024-11-16 22:00:00+00:00,0.2213,6.586e-05,129.1
2024-11-16 23:00:00+00:00,0.3271,3.606e-05,112.56
2024-11-17 00:00:00+00:00,0.3057,1.544e-05,94.7
2024-11-17 01:00:00+00:00,0.296,8.46e-06,77.1
2024-11-17 02:00:00+00:00,0.2483,8.6e-06,79.2
2024-11-17 03:00:00+00:00,0.223,6.6e-06,96.94
2024-11-17 04:00:00+00:00,0.1976,2e-06,98.94
2024-11-17 05:00:00+00:00,0.2462,1.81e-05,101.1
2024-11-17 06:00:00+00:00,0.2642,5.96e-05,90.94
2024-11-17 07:00:00+00:00,0.2842,0.0355,71.5
2024-11-17 08:00:00+00:00,0.2676,0.228,70.6
2024-11-17 09:00:00+00:00,0.1597,0.4233,70.56
2024-11-17 10:00:00+00:00,0.114,0.543,58.44
2024-11-17 11:00:00+00:00,0.1035,0.5913,58.97
2024-11-17 12:00:00+00:00,0.11316,0.601,41.7
2024-11-17 13:00:00+00:00,0.1185,0.5796,33.2
2024-11-17 14:00:00+00:00,0.1383,0.5166,35.6
2024-11-17 15:00:00+00:00,0.1992,0.364,44.72
2024-11-17 16:00:00+00:00,0.252,0.1339,90.8
2024-11-17 17:00:00+00:00,0.2546,0.004738,123.8
2024-11-17 18:00:00+00:00,0.2842,7.993e-05,129.4
2024-11-17 19:00:00+00:00,0.2822,7.993e-05,134.1
2024-11-17 20:00:00+00:00,0.315,0.0001012,135.4
2024-11-17 21:00:00+00:00,0.3015,0.0001336,134.2
2024-11-17 22:00:00+00:00,0.3267,9.35e-05,137.2
2024-11-17 23:00:00+00:00,0.3274,5.4e-05,114.2
2024-11-18 00:00:00+00:00,0.3408,3.207e-05,116.8
2024-11-18 01:00:00+00:00,0.3435,2.56e-05,101.1
2024-11-18 02:00:00+00:00,0.2864,2.193e-05,109.7
2024-11-18 03:00:00+00:00,0.2744,2.13e-05,105.94
2024-11-18 04:00:00+00:00,0.2566,1.466e-05,110.7
2024-11-18 05:00:00+00:00,0.2373,2.617e-05,146.1
2024-11-18 06:00:00+00:00,0.2047,6.884e-05,155.9
2024-11-18 07:00:00+00:00,0.181,0.03088,156.4
2024-11-18 08:00:00+00:00,0.1267,0.1832,137.5
2024-11-18 09:00:00+00:00,0.04938,0.3652,112.2
2024-11-18 10:00:00+00:00,0.04227,0.4119,117.4
2024-11-18 11:00:00+00:00,0.1249,0.4753,98.94
2024-11-18 12:00:00+00:00,0.12317,0.519,104.3
2024-11-18 13:00:00+00:00,0.04855,0.523,105.9
2024-11-18 14:00:00+00:00,0.0615,0.5166,90.56
2024-11-18 15:00:00+00:00,0.0975,0.3274,108.7
2024-11-18 16:00:00+00:00,0.0717,0.11066,130.1
2024-11-18 17:00:00+00:00,0.06525,0.003365,154.6
2024-11-18 18:00:00+00:00,0.01174,6.026e-05,157.8
2024-11-18 19:00:00+00:00,0.04022,5.26e-05,165.8
2024-11-18 20:00:00+00:00,0.07196,6.33e-05,146.6
2024-11-18 21:00:00+00:00,0.0814,8.48e-05,148.4
2024-11-18 22:00:00+00:00,0.11304,4.55e-05,160.8
2024-11-18 23:00:00+00:00,0.1654,2.986e-05,137.0
2024-11-19 00:00:00+00:00,0.182,0.0,108.06
2024-11-19 01:00:00+00:00,0.1895,0.0,100.94
2024-11-19 02:00:00+00:00,0.1682,0.0,119.4
2024-11-19 03:00:00+00:00,0.16,0.0,128.6
2024-11-19 04:00:00+00:00,0.1516,0.0,135.8
2024-11-19 05:00:00+00:00,0.2032,0.0,133.2
2024-11-19 06:00:00+00:00,0.2686,0.0,145.0
2024-11-19 07:00:00+00:00,0.273,0.001999,151.9
2024-11-19 08:00:00+00:00,0.3157,0.04498,151.4
2024-11-19 09:00:00+00:00,0.3477,0.1293,131.5
2024-11-19 10:00:00+00:00,0.347,0.2017,120.0
2024-11-19 11:00:00+00:00,0.3586,0.212,106.2
2024-11-19 12:00:00+00:00,0.3596,0.2705,73.56
2024-11-19 13:00:00+00:00,0.3416,0.3152,60.88
2024-11-19 14:00:00+00:00,0.307,0.336,46.3
2024-11-19 15:00:00+00:00,0.3818,0.2266,55.47
2024-11-19 16:00:00+00:00,0.3965,0.08386,74.6
2024-11-19 17:00:00+00:00,0.3894,0.002655,107.7
2024-11-19 18:00:00+00:00,0.3906,3.76e-05,119.25
2024-11-19 19:00:00+00:00,0.3477,3.004e-05,126.0
2024-11-19 20:00:00+00:00,0.3489,4.905e-05,122.2
2024-11-19 21:00:00+00:00,0.367,5.966e-05,124.75
2024-11-19 22:00:00+00:00,0.3696,3.45e-05,108.0
2024-11-19 23:00:00+00:00,0.36,1.88e-05,165.1
2024-11-20 00:00:00+00:00,0.3357,0.0,158.1
2024-11-20 01:00:00+00:00,0.3188,0.0,174.8
2024-11-20 02:00:00+00:00,0.3296,0.0,203.9
2024-11-20 03:00:00+00:00,0.4053,0.0,147.1
2024-11-20 04:00:00+00:00,0.4583,0.0,159.0
2024-11-20 05:00:00+00:00,0.451,0.0,167.4
2024-11-20 06:00:00+00:00,0.4263,0.0,172.2
2024-11-20 07:00:00+00:00,0.4321,0.00606,193.8
2024-11-20 08:00:00+00:00,0.4001,0.08514,176.6
2024-11-20 09:00:00+00:00,0.3694,0.198,152.8
2024-11-20 10:00:00+00:00,0.3884,0.3147,78.94
2024-11-20 11:00:00+00:00,0.3801,0.3364,85.44
2024-11-20 12:00:00+00:00,0.366,0.3008,83.7
2024-11-20 13:00:00+00:00,0.3635,0.2478,67.25
2024-11-20 14:00:00+00:00,0.3513,0.2678,61.03
2024-11-20 15:00:00+00:00,0.3289,0.1688,74.56
2024-11-20 16:00:00+00:00,0.315,0.05093,101.44
2024-11-20 17:00:00+00:00,0.2598,0.001264,142.0
2024-11-20 18:00:00+00:00,0.1998,3.98e-05,181.4
2024-11-20 19:00:00+00:00,0.14,4.58e-05,207.5
2024-11-20 20:00:00+00:00,0.2593,5.56e-05,183.6
2024-11-20 21:00:00+00:00,0.348,7.105e-05,136.0
2024-11-20 22:00:00+00:00,0.3115,4.08e-05,133.6
2024-11-20 23:00:00+00:00,0.3037,2.99e-05,125.3
2024-11-21 00:00:00+00:00,0.2852,0.0,128.5
2024-11-21 01:00:00+00:00,0.2815,2e-07,122.4
2024-11-21 02:00:00+00:00,0.2715,0.0,116.9
2024-11-21 03:00:00+00:00,0.1571,0.0,130.8
2024-11-21 04:00:00+00:00,0.1207,0.0,135.4
2024-11-21 05:00:00+00:00,0.0612,0.0,145.6
2024-11-21 06:00:00+00:00,0.05896,0.0,176.4
2024-11-21 07:00:00+00:00,0.04486,0.001999,179.5
2024-11-21 08:00:00+00:00,0.01031,0.06323,181.2
2024-11-21 09:00:00+00:00,0.002691,0.1816,43.53
2024-11-21 10:00:00+00:00,0.0812,0.2688,30.98
2024-11-21 11:00:00+00:00,0.00878,0.2883,43.28
2024-11-21 12:00:00+00:00,0.0782,0.3442,148.4
2024-11-21 13:00:00+00:00,0.10834,0.347,137.1
2024-11-21 14:00:00+00:00,0.1758,0.275,132.1
2024-11-21 15:00:00+00:00,0.1975,0.1895,127.3
2024-11-21 16:00:00+00:00,0.2012,0.05536,140.0
2024-11-21 17:00:00+00:00,0.18,0.001091,140.4
2024-11-21 18:00:00+00:00,0.2524,4.07e-05,40.12
2024-11-21 19:00:00+00:00,0.2349,4.715e-05,67.44
2024-11-21 20:00:00+00:00,0.291,4.61e-05,48.56
2024-11-21 21:00:00+00:00,0.3015,5.007e-05,139.5
2024-11-21 22:00:00+00:00,0.3066,2.97e-05,139.6
2024-11-21 23:00:00+00:00,0.366,2.28e-05,106.56
2024-11-22 00:00:00+00:00,0.4148,0.0,106.0
2024-11-22 01:00:00+00:00,0.4229,0.0,92.8
2024-11-22 02:00:00+00:00,0.46,0.0,82.3
2024-11-22 03:00:00+00:00,0.4517,0.0,80.9
2024-11-22 04:00:00+00:00,0.41,0.0,106.1
2024-11-22 05:00:00+00:00,0.3894,0.0,126.75
2024-11-22 06:00:00+00:00,0.385,0.0,131.9
2024-11-22 07:00:00+00:00,0.3887,0.001999,115.2
2024-11-22 08:00:00+00:00,0.3616,0.08057,115.6
2024-11-22 09:00:00+00:00,0.3281,0.2668,98.5
2024-11-22 10:00:00+00:00,0.2996,0.3958,97.8
2024-11-22 11:00:00+00:00,0.3398,0.514,89.8
2024-11-22 12:00:00+00:00,0.4324,0.5464,81.2
2024-11-22 13:00:00+00:00,0.4329,0.573,65.06
2024-11-22 14:00:00+00:00,0.4875,0.5166,51.8
2024-11-22 15:00:00+00:00,0.4316,0.364,80.44
2024-11-22 16:00:00+00:00,0.4631,0.1339,111.2
2024-11-22 17:00:00+00:00,0.4253,0.00453,135.6
2024-11-22 18:00:00+00:00,0.3875,7.993e-05,138.2
2024-11-22 19:00:00+00:00,0.3748,7.993e-05,137.5
2024-11-22 20:00:00+00:00,0.4006,0.0001163,101.0
2024-11-22 21:00:00+00:00,0.4175,0.0001391,96.6
2024-11-22 22:00:00+00:00,0.441,8.92e-05,91.0
2024-11-22 23:00:00+00:00,0.5156,5.394e-05,74.0
2024-11-23 00:00:00+00:00,0.4863,2.414e-05,92.25
2024-11-23 01:00:00+00:00,0.48,1.144e-05,113.0
2024-11-23 02:00:00+00:00,0.427,7.3e-06,116.6
2024-11-23 03:00:00+00:00,0.4163,1.02e-05,91.3
2024-11-23 04:00:00+00:00,0.4119,4.3e-06,103.75
2024-11-23 05:00:00+00:00,0.4465,1.335e-05,108.56
2024-11-23 06:00:00+00:00,0.461,3.21e-05,106.06
2024-11-23 07:00:00+00:00,0.4985,0.01637,87.44
2024-11-23 08:00:00+00:00,0.4504,0.2345,84.06
2024-11-23 09:00:00+00:00,0.4238,0.4233,63.75
2024-11-23 10:00:00+00:00,0.4207,0.543,28.77
2024-11-23 11:00:00+00:00,0.4277,0.5913,29.23
2024-11-23 12:00:00+00:00,0.4404,0.601,-2.0
2024-11-23 13:00:00+00:00,0.407,0.5796,-2.0
2024-11-23 14:00:00+00:00,0.4202,0.5166,25.44
2024-11-23 15:00:00+00:00,0.467,0.364,44.78
2024-11-23 16:00:00+00:00,0.531,0.1339,84.94
2024-11-23 17:00:00+00:00,0.478,0.005737,95.7
2024-11-23 18:00:00+00:00,0.4128,7.993e-05,107.44
2024-11-23 19:00:00+00:00,0.356,7.993e-05,111.5
2024-11-23 20:00:00+00:00,0.381,0.0001199,122.1
2024-11-23 21:00:00+00:00,0.421,0.0001599,118.8
2024-11-23 22:00:00+00:00,0.343,0.0001157,147.2
2024-11-23 23:00:00+00:00,0.311,5.61e-05,127.4
2024-11-24 00:00:00+00:00,0.289,1.585e-05,138.2
2024-11-24 01:00:00+00:00,0.2507,1.32e-05,133.9
2024-11-24 02:00:00+00:00,0.3293,7.33e-06,135.6
2024-11-24 03:00:00+00:00,0.284,5.66e-06,124.8
2024-11-24 04:00:00+00:00,0.2063,5.2e-06,122.9
2024-11-24 05:00:00+00:00,0.184,2.47e-05,122.56
2024-11-24 06:00:00+00:00,0.1423,3.415e-05,128.9
2024-11-24 07:00:00+00:00,0.1434,0.01331,142.1
2024-11-24 08:00:00+00:00,0.01215,0.1794,130.5
2024-11-24 09:00:00+00:00,0.012726,0.3882,114.0
2024-11-24 10:00:00+00:00,0.007614,0.541,91.9
2024-11-24 11:00:00+00:00,0.00275,0.5913,71.1
2024-11-24 12:00:00+00:00,0.005726,0.601,70.1
2024-11-24 13:00:00+00:00,0.02133,0.5796,66.25
2024-11-24 14:00:00+00:00,0.01404,0.512,64.8
2024-11-24 15:00:00+00:00,0.001268,0.364,100.1
2024-11-24 16:00:00+00:00,0.01921,0.1247,141.4
2024-11-24 17:00:00+00:00,0.03946,0.00412,143.5
2024-11-24 18:00:00+00:00,0.0808,7.993e-05,153.0
2024-11-24 19:00:00+00:00,0.03683,7.993e-05,160.0
2024-11-24 20:00:00+00:00,0.02588,0.0001123,149.5
2024-11-24 21:00:00+00:00,0.1063,0.0001317,131.6
2024-11-24 22:00:00+00:00,0.0524,8.24e-05,134.0
2024-11-24 23:00:00+00:00,0.002455,5.05e-05,135.8
2024-11-25 00:00:00+00:00,0.006218,2.01e-05,149.5
2024-11-25 01:00:00+00:00,0.05856,1.514e-05,152.5
2024-11-25 02:00:00+00:00,0.008095,1.28e-05,158.2
2024-11-25 03:00:00+00:00,0.10486,1.46e-05,129.0
2024-11-25 04:00:00+00:00,0.008934,7e-06,150.4
2024-11-25 05:00:00+00:00,0.01707,2.164e-05,146.9
2024-11-25 06:00:00+00:00,0.02867,4.23e-05,149.9
2024-11-25 07:00:00+00:00,0.1589,0.01926,143.6
2024-11-25 08:00:00+00:00,0.002337,0.1906,130.5
2024-11-25 09:00:00+00:00,0.0867,0.3767,105.6
2024-11-25 10:00:00+00:00,0.01971,0.479,96.3
2024-11-25 11:00:00+00:00,0.0009522,0.5127,105.75
2024-11-25 12:00:00+00:00,0.006657,0.5176,109.3
2024-11-25 13:00:00+00:00,0.00499,0.531,94.0
2024-11-25 14:00:00+00:00,0.0815,0.5166,85.8
2024-11-25 15:00:00+00:00,0.03035,0.364,108.9
2024-11-25 16:00:00+00:00,0.0648,0.1312,124.5
2024-11-25 17:00:00+00:00,0.08905,0.004833,142.0
2024-11-25 18:00:00+00:00,0.0993,7.993e-05,153.0
2024-11-25 19:00:00+00:00,0.1005,7.993e-05,136.0
2024-11-25 20:00:00+00:00,0.1305,0.00011927,134.1
2024-11-25 21:00:00+00:00,0.1995,0.0001223,123.7
2024-11-25 22:00:00+00:00,0.2072,8.714e-05,205.2
2024-11-25 23:00:00+00:00,0.2612,4.613e-05,176.1
2024-11-26 00:00:00+00:00,0.318,1.82e-05,165.1
2024-11-26 01:00:00+00:00,0.3196,1.35e-05,169.2
2024-11-26 02:00:00+00:00,0.3782,1.41e-05,151.4
2024-11-26 03:00:00+00:00,0.4653,1.526e-05,186.5
2024-11-26 04:00:00+00:00,0.4739,3.34e-06,173.1
2024-11-26 05:00:00+00:00,0.424,1.323e-05,100.3
2024-11-26 06:00:00+00:00,0.382,3.96e-05,81.44
2024-11-26 07:00:00+00:00,0.3945,0.02045,81.8
2024-11-26 08:00:00+00:00,0.3848,0.1758,59.06
2024-11-26 09:00:00+00:00,0.4417,0.3428,61.88
2024-11-26 10:00:00+00:00,0.546,0.3738,52.88
2024-11-26 11:00:00+00:00,0.561,0.4177,34.1
2024-11-26 12:00:00+00:00,0.6675,0.4385,26.31
2024-11-26 13:00:00+00:00,0.6875,0.4019,52.66
2024-11-26 14:00:00+00:00,0.6777,0.4102,69.94
2024-11-26 15:00:00+00:00,0.6396,0.285,58.97
2024-11-26 16:00:00+00:00,0.6606,0.0944,76.4
2024-11-26 17:00:00+00:00,0.6626,0.003067,100.3
2024-11-26 18:00:00+00:00,0.6484,7.427e-05,117.5
2024-11-26 19:00:00+00:00,0.6016,6.71e-05,123.7
2024-11-26 20:00:00+00:00,0.601,9.48e-05,114.56
2024-11-26 21:00:00+00:00,0.5776,9.61e-05,112.94
2024-11-26 22:00:00+00:00,0.5635,6.65e-05,104.44
2024-11-26 23:00:00+00:00,0.616,3.93e-05,86.75
2024-11-27 00:00:00+00:00,0.6587,1.2e-06,47.38
2024-11-27 01:00:00+00:00,0.667,7e-07,38.62
2024-11-27 02:00:00+00:00,0.657,0.0,39.75
2024-11-27 03:00:00+00:00,0.6353,6.6e-06,43.0
2024-11-27 04:00:00+00:00,0.6255,2e-06,55.44
2024-11-27 05:00:00+00:00,0.6367,1.96e-05,83.44
2024-11-27 06:00:00+00:00,0.615,3.36e-05,99.5
2024-11-27 07:00:00+00:00,0.553,0.02216,94.75
2024-11-27 08:00:00+00:00,0.4192,0.1688,93.7
2024-11-27 09:00:00+00:00,0.389,0.324,88.0
2024-11-27 10:00:00+00:00,0.2634,0.423,93.06
2024-11-27 11:00:00+00:00,0.2937,0.4934,84.44
2024-11-27 12:00:00+00:00,0.3413,0.4841,78.44
2024-11-27 13:00:00+00:00,0.3713,0.4321,73.4
2024-11-27 14:00:00+00:00,0.3762,0.4465,72.6
2024-11-27 15:00:00+00:00,0.4832,0.3066,69.7
2024-11-27 16:00:00+00:00,0.5234,0.0964,85.44
2024-11-27 17:00:00+00:00,0.4746,0.002748,87.75
2024-11-27 18:00:00+00:00,0.2998,7.427e-05,105.75
2024-11-27 19:00:00+00:00,0.289,7.15e-05,112.25
2024-11-27 20:00:00+00:00,0.2878,8.64e-05,105.2
2024-11-27 21:00:00+00:00,0.29,7.325e-05,101.9
2024-11-27 22:00:00+00:00,0.3164,4.53e-05,87.75
2024-11-27 23:00:00+00:00,0.2717,3.91e-05,95.7
2024-11-28 00:00:00+00:00,0.285,0.0,104.2
2024-11-28 01:00:00+00:00,0.2277,0.0,112.3
2024-11-28 02:00:00+00:00,0.1531,4.23e-06,120.5
2024-11-28 03:00:00+00:00,0.1392,1.3e-05,102.2
2024-11-28 04:00:00+00:00,0.11365,6e-06,124.7
2024-11-28 05:00:00+00:00,0.07935,2.015e-05,143.0
2024-11-28 06:00:00+00:00,0.06836,5.83e-05,132.0
2024-11-28 07:00:00+00:00,0.03268,0.02995,126.75
2024-11-28 08:00:00+00:00,0.09625,0.2302,92.0
2024-11-28 09:00:00+00:00,0.08484,0.4233,74.9
2024-11-28 10:00:00+00:00,0.03308,0.543,73.06
2024-11-28 11:00:00+00:00,0.00896,0.5913,69.75
2024-11-28 12:00:00+00:00,0.00972,0.601,53.34
2024-11-28 13:00:00+00:00,0.05176,0.5796,47.6
2024-11-28 14:00:00+00:00,0.0695,0.5166,51.6
2024-11-28 15:00:00+00:00,0.02922,0.364,41.88
2024-11-28 16:00:00+00:00,0.0441,0.1217,91.25
2024-11-28 17:00:00+00:00,0.09094,0.003405,83.06
2024-11-28 18:00:00+00:00,0.1246,7.993e-05,92.56
2024-11-28 19:00:00+00:00,0.1719,7.635e-05,88.1
2024-11-28 20:00:00+00:00,0.2152,9.483e-05,94.0
2024-11-28 21:00:00+00:00,0.2257,9.197e-05,81.0
2024-11-28 22:00:00+00:00,0.1475,6.13e-05,81.8
2024-11-28 23:00:00+00:00,0.1746,4.96e-05,75.2
2024-11-29 00:00:00+00:00,0.1788,0.0,79.75
2024-11-29 01:00:00+00:00,0.2216,1.13e-06,65.8
2024-11-29 02:00:00+00:00,0.2432,1e-06,60.9
2024-11-29 03:00:00+00:00,0.2029,3.34e-06,53.22
2024-11-29 04:00:00+00:00,0.2593,0.0,45.9
2024-11-29 05:00:00+00:00,0.2717,6.74e-06,67.5
2024-11-29 06:00:00+00:00,0.3132,1.01e-05,61.22
2024-11-29 07:00:00+00:00,0.414,0.0101,47.53
2024-11-29 08:00:00+00:00,0.417,0.1538,23.2
2024-11-29 09:00:00+00:00,0.4165,0.305,23.34
2024-11-29 10:00:00+00:00,0.407,0.4243,-2.0
2024-11-29 11:00:00+00:00,0.4907,0.4802,-2.0
2024-11-29 12:00:00+00:00,0.585,0.4062,-2.0
2024-11-29 13:00:00+00:00,0.6104,0.364,-2.0
2024-11-29 14:00:00+00:00,0.713,0.358,-2.0
2024-11-29 15:00:00+00:00,0.8384,0.2874,-2.0
2024-11-29 16:00:00+00:00,0.88,0.0811,27.6
2024-11-29 17:00:00+00:00,0.8843,0.002167,42.3
2024-11-29 18:00:00+00:00,0.87,5.335e-05,38.22
2024-11-29 19:00:00+00:00,0.848,4.39e-05,43.72
2024-11-29 20:00:00+00:00,0.8687,4.625e-05,58.0
2024-11-29 21:00:00+00:00,0.847,3.79e-05,38.6
2024-11-29 22:00:00+00:00,0.859,1.323e-05,19.61
2024-11-29 23:00:00+00:00,0.7495,2.396e-05,49.8
2024-11-30 00:00:00+00:00,0.7593,0.0,43.9
2024-11-30 01:00:00+00:00,0.7,0.0,31.98
2024-11-30 02:00:00+00:00,0.663,0.0,28.78
2024-11-30 03:00:00+00:00,0.6333,0.0,21.64
2024-11-30 04:00:00+00:00,0.606,1e-06,22.22
2024-11-30 05:00:00+00:00,0.6357,1e-05,21.12
2024-11-30 06:00:00+00:00,0.558,1.967e-05,29.23
2024-11-30 07:00:00+00:00,0.528,0.007095,30.64
2024-11-30 08:00:00+00:00,0.55,0.0823,24.02
2024-11-30 09:00:00+00:00,0.5537,0.2,6.75
2024-11-30 10:00:00+00:00,0.5293,0.349,-2.0
2024-11-30 11:00:00+00:00,0.4868,0.4104,6.34
2024-11-30 12:00:00+00:00,0.4785,0.366,5.906
2024-11-30 13:00:00+00:00,0.4844,0.355,14.54
2024-11-30 14:00:00+00:00,0.562,0.3125,6.36
2024-11-30 15:00:00+00:00,0.5977,0.226,22.73
2024-11-30 16:00:00+00:00,0.6426,0.0776,42.3
2024-11-30 17:00:00+00:00,0.6504,0.002556,37.28
2024-11-30 18:00:00+00:00,0.548,4.476e-05,38.25
2024-11-30 19:00:00+00:00,0.537,3.15e-05,47.72
2024-11-30 20:00:00+00:00,0.5366,1.967e-05,37.84
2024-11-30 21:00:00+00:00,0.4775,0.0,35.66
2024-11-30 22:00:00+00:00,0.4678,0.0,-2.0
2024-11-30 23:00:00+00:00,0.5073,1.246e-05,-2.0
2024-12-01 00:00:00+00:00,0.4849,1.7e-06,5.098
2024-12-01 01:00:00+00:00,0.4854,6.6e-06,65.56
2024-12-01 02:00:00+00:00,0.508,3.34e-06,46.5
2024-12-01 03:00:00+00:00,0.601,8.76e-06,28.66
2024-12-01 04:00:00+00:00,0.615,1.22e-05,4.52
2024-12-01 05:00:00+00:00,0.6416,1.603e-05,6.562
2024-12-01 06:00:00+00:00,0.6514,1.746e-05,-1.062
2024-12-01 07:00:00+00:00,0.5845,0.0008636,28.19
2024-12-01 08:00:00+00:00,0.549,0.05417,16.36
2024-12-01 09:00:00+00:00,0.5464,0.1598,20.5
2024-12-01 10:00:00+00:00,0.5522,0.3174,-1.315
2024-12-01 11:00:00+00:00,0.5513,0.3706,-2.0
2024-12-01 12:00:00+00:00,0.561,0.4082,-2.0
2024-12-01 13:00:00+00:00,0.626,0.3777,-2.0
2024-12-01 14:00:00+00:00,0.6587,0.349,-2.0
2024-12-01 15:00:00+00:00,0.669,0.2285,-2.0
2024-12-01 16:00:00+00:00,0.5884,0.0664,0.03705
2024-12-01 17:00:00+00:00,0.5664,0.00119,25.31
2024-12-01 18:00:00+00:00,0.616,5.08e-05,24.8
2024-12-01 19:00:00+00:00,0.642,4.32e-05,39.1
2024-12-01 20:00:00+00:00,0.729,4.524e-05,28.78
2024-12-01 21:00:00+00:00,0.674,5.05e-05,22.38
2024-12-01 22:00:00+00:00,0.6626,3.16e-05,41.5
2024-12-01 23:00:00+00:00,0.5015,2.49e-05,54.12
2024-12-02 00:00:00+00:00,0.4612,0.0,62.28
2024-12-02 01:00:00+00:00,0.4197,7.87e-06,83.5
2024-12-02 02:00:00+00:00,0.3813,4e-06,75.8
2024-12-02 03:00:00+00:00,0.3706,9.83e-06,78.0
2024-12-02 04:00:00+00:00,0.3484,1.52e-05,62.53
2024-12-02 05:00:00+00:00,0.2866,1.5e-05,67.44
2024-12-02 06:00:00+00:00,0.274,2.6e-05,72.3
2024-12-02 07:00:00+00:00,0.2668,0.002468,81.8
2024-12-02 08:00:00+00:00,0.2175,0.1013,63.56
2024-12-02 09:00:00+00:00,0.2202,0.331,41.34
2024-12-02 10:00:00+00:00,0.192,0.492,31.67
2024-12-02 11:00:00+00:00,0.0936,0.561,52.44
2024-12-02 12:00:00+00:00,0.109,0.544,34.16
2024-12-02 13:00:00+00:00,0.2039,0.4287,32.34
2024-12-02 14:00:00+00:00,0.2169,0.3877,38.25
2024-12-02 15:00:00+00:00,0.2273,0.2397,46.62
2024-12-02 16:00:00+00:00,0.2449,0.06204,58.0
2024-12-02 17:00:00+00:00,0.2255,0.001078,78.1
2024-12-02 18:00:00+00:00,0.2083,5.51e-05,110.4
2024-12-02 19:00:00+00:00,0.2386,4.5e-05,135.6
2024-12-02 20:00:00+00:00,0.2292,3.81e-05,124.9
2024-12-02 21:00:00+00:00,0.1852,2.89e-05,108.56
2024-12-02 22:00:00+00:00,0.1768,2.97e-05,105.4
2024-12-02 23:00:00+00:00,0.1533,2.93e-05,109.5
2024-12-03 00:00:00+00:00,0.1389,3e-07,103.1
2024-12-03 01:00:00+00:00,0.1727,4.9e-06,86.56
2024-12-03 02:00:00+00:00,0.2642,6e-06,68.4
2024-12-03 03:00:00+00:00,0.2683,1.115e-05,65.25
2024-12-03 04:00:00+00:00,0.266,1.3e-05,52.84
2024-12-03 05:00:00+00:00,0.3342,1.76e-05,60.88
2024-12-03 06:00:00+00:00,0.3362,3.326e-05,77.1
2024-12-03 07:00:00+00:00,0.3245,0.00248,89.75
2024-12-03 08:00:00+00:00,0.4507,0.0708,69.5
2024-12-03 09:00:00+00:00,0.416,0.2274,66.75
2024-12-03 10:00:00+00:00,0.4192,0.3706,56.84
2024-12-03 11:00:00+00:00,0.4333,0.4138,33.88
2024-12-03 12:00:00+00:00,0.4553,0.4102,30.0
2024-12-03 13:00:00+00:00,0.579,0.2715,45.5
2024-12-03 14:00:00+00:00,0.6313,0.2585,34.88
2024-12-03 15:00:00+00:00,0.6636,0.1624,48.56
2024-12-03 16:00:00+00:00,0.673,0.0587,25.88
2024-12-03 17:00:00+00:00,0.5483,0.000998,62.22
2024-12-03 18:00:00+00:00,0.55,4.54e-05,74.25
2024-12-03 19:00:00+00:00,0.545,4.005e-05,102.9
2024-12-03 20:00:00+00:00,0.552,3.68e-05,85.7
2024-12-03 21:00:00+00:00,0.51,2.51e-05,92.2
2024-12-03 22:00:00+00:00,0.4092,2.813e-05,70.9
2024-12-03 23:00:00+00:00,0.556,2.22e-05,48.97
2024-12-04 00:00:00+00:00,0.545,6.44e-06,25.11
2024-12-04 01:00:00+00:00,0.5366,1.055e-05,17.86
2024-12-04 02:00:00+00:00,0.5664,1.4e-05,23.9
2024-12-04 03:00:00+00:00,0.57,1.83e-05,32.56
2024-12-04 04:00:00+00:00,0.4993,2.575e-05,35.0
2024-12-04 05:00:00+00:00,0.5283,2.41e-05,54.78
2024-12-04 06:00:00+00:00,0.569,3.43e-05,58.38
2024-12-04 07:00:00+00:00,0.5815,0.002508,50.9
2024-12-04 08:00:00+00:00,0.513,0.09406,51.22
2024-12-04 09:00:00+00:00,0.5083,0.2983,35.44
2024-12-04 10:00:00+00:00,0.5137,0.492,15.59
2024-12-04 11:00:00+00:00,0.5137,0.561,-2.0
2024-12-04 12:00:00+00:00,0.5366,0.582,-2.0
2024-12-04 13:00:00+00:00,0.4773,0.536,-2.0
2024-12-04 14:00:00+00:00,0.4949,0.4868,-2.0
2024-12-04 15:00:00+00:00,0.5425,0.2556,33.9
2024-12-04 16:00:00+00:00,0.6353,0.0693,30.53
2024-12-04 17:00:00+00:00,0.6074,0.0004356,52.8
2024-12-04 18:00:00+00:00,0.555,3.976e-05,76.1
2024-12-04 19:00:00+00:00,0.4688,3.237e-05,93.2
2024-12-04 20:00:00+00:00,0.4683,4e-05,86.3
2024-12-04 21:00:00+00:00,0.4602,1.9e-05,104.25
2024-12-04 22:00:00+00:00,0.444,2.63e-05,77.7
2024-12-04 23:00:00+00:00,0.424,2.074e-05,88.06
2024-12-05 00:00:00+00:00,0.438,0.0,78.5
2024-12-05 01:00:00+00:00,0.4556,6e-07,71.44
2024-12-05 02:00:00+00:00,0.5386,8.34e-06,52.56
2024-12-05 03:00:00+00:00,0.5254,1.13e-05,64.75
2024-12-05 04:00:00+00:00,0.5156,2.29e-05,62.8
2024-12-05 05:00:00+00:00,0.465,2.146e-05,75.06
2024-12-05 06:00:00+00:00,0.3875,3.01e-05,87.4
2024-12-05 07:00:00+00:00,0.4258,0.002493,75.06
2024-12-05 08:00:00+00:00,0.4053,0.07526,63.66
2024-12-05 09:00:00+00:00,0.364,0.1941,53.9
2024-12-05 10:00:00+00:00,0.2905,0.2605,49.22
2024-12-05 11:00:00+00:00,0.303,0.3508,23.23
2024-12-05 12:00:00+00:00,0.3958,0.3245,15.65
2024-12-05 13:00:00+00:00,0.4023,0.2474,16.5
2024-12-05 14:00:00+00:00,0.4507,0.2281,29.38
2024-12-05 15:00:00+00:00,0.5156,0.139,16.77
2024-12-05 16:00:00+00:00,0.513,0.03333,41.88
2024-12-05 17:00:00+00:00,0.3818,3.815e-05,68.2
2024-12-05 18:00:00+00:00,0.275,6.5e-06,97.25
2024-12-05 19:00:00+00:00,0.2045,1.55e-06,125.2
2024-12-05 20:00:00+00:00,0.1172,2.575e-05,123.5
2024-12-05 21:00:00+00:00,0.1992,8.8e-06,98.06
2024-12-05 22:00:00+00:00,0.1962,6.44e-06,103.7
2024-12-05 23:00:00+00:00,0.1912,1.156e-05,85.56
2024-12-06 00:00:00+00:00,0.1384,1.67e-06,84.0
2024-12-06 01:00:00+00:00,0.04547,0.0,27.31
2024-12-06 02:00:00+00:00,0.0549,6e-08,30.73
2024-12-06 03:00:00+00:00,0.0964,8.46e-06,40.8
2024-12-06 04:00:00+00:00,0.00828,7.1e-06,55.4
2024-12-06 05:00:00+00:00,0.005455,3.04e-06,66.44
2024-12-06 06:00:00+00:00,0.02925,1.246e-05,134.5
2024-12-06 07:00:00+00:00,0.03065,0.001525,125.94
2024-12-06 08:00:00+00:00,0.007217,0.09406,119.25
2024-12-06 09:00:00+00:00,0.03156,0.2935,93.9
2024-12-06 10:00:00+00:00,0.02753,0.4702,93.56
2024-12-06 11:00:00+00:00,0.00421,0.561,76.6
2024-12-06 12:00:00+00:00,0.0053,0.582,68.9
2024-12-06 13:00:00+00:00,0.002998,0.566,52.94
2024-12-06 14:00:00+00:00,0.00344,0.4958,67.44
2024-12-06 15:00:00+00:00,0.02826,0.2974,107.06
2024-12-06 16:00:00+00:00,0.04816,0.0853,111.5
2024-12-06 17:00:00+00:00,0.07,0.0007625,136.9
2024-12-06 18:00:00+00:00,0.03775,4.36e-05,149.2
2024-12-06 19:00:00+00:00,0.11896,2.9e-05,138.4
2024-12-06 20:00:00+00:00,0.01459,3.684e-05,149.2
2024-12-06 21:00:00+00:00,0.1097,2.855e-05,128.2
2024-12-06 22:00:00+00:00,0.01277,3.237e-05,131.1
2024-12-06 23:00:00+00:00,0.01834,3.68e-05,115.7
2024-12-07 00:00:00+00:00,0.004345,0.0,108.2
2024-12-07 01:00:00+00:00,0.000788,0.0,105.7
2024-12-07 02:00:00+00:00,0.03278,0.0,81.06
2024-12-07 03:00:00+00:00,0.00884,0.0,87.25
2024-12-07 04:00:00+00:00,0.04364,0.0,88.94
2024-12-07 05:00:00+00:00,0.0384,0.0,94.7
2024-12-07 06:00:00+00:00,0.00748,6.44e-06,108.5
2024-12-07 07:00:00+00:00,0.01048,0.0015,76.06
2024-12-07 08:00:00+00:00,0.00317,0.06635,88.1
2024-12-07 09:00:00+00:00,0.0525,0.2192,76.5
2024-12-07 10:00:00+00:00,0.03564,0.309,66.44
2024-12-07 11:00:00+00:00,0.0386,0.411,66.2
2024-12-07 12:00:00+00:00,0.0786,0.3728,67.8
2024-12-07 13:00:00+00:00,0.10126,0.3154,96.94
2024-12-07 14:00:00+00:00,0.1425,0.2732,92.0
2024-12-07 15:00:00+00:00,0.1893,0.1443,104.9
2024-12-07 16:00:00+00:00,0.2283,0.04593,166.0
2024-12-07 17:00:00+00:00,0.251,0.0003383,178.0
2024-12-07 18:00:00+00:00,0.3284,2.515e-05,172.2
2024-12-07 19:00:00+00:00,0.3928,2.49e-05,176.8
2024-12-07 20:00:00+00:00,0.418,2.575e-05,169.6
2024-12-07 21:00:00+00:00,0.442,2.29e-05,169.4
2024-12-07 22:00:00+00:00,0.4412,1.633e-05,163.1
2024-12-07 23:00:00+00:00,0.445,2.384e-05,166.5
2024-12-08 00:00:00+00:00,0.3596,1.025e-05,195.8
2024-12-08 01:00:00+00:00,0.3499,3.2e-06,167.0
2024-12-08 02:00:00+00:00,0.3428,1.1e-06,152.6
2024-12-08 03:00:00+00:00,0.2693,0.0,157.6
2024-12-08 04:00:00+00:00,0.2644,1.55e-06,164.4
2024-12-08 05:00:00+00:00,0.2908,0.0,157.9
2024-12-08 06:00:00+00:00,0.3616,8.05e-06,149.2
2024-12-08 07:00:00+00:00,0.3774,0.001217,143.4
2024-12-08 08:00:00+00:00,0.3892,0.07275,134.9
2024-12-08 09:00:00+00:00,0.415,0.251,40.1
2024-12-08 10:00:00+00:00,0.3938,0.3794,22.6
2024-12-08 11:00:00+00:00,0.369,0.5205,-5.853e-05
2024-12-08 12:00:00+00:00,0.4524,0.515,1.442
2024-12-08 13:00:00+00:00,0.558,0.387,2.514
2024-12-08 14:00:00+00:00,0.6006,0.294,10.15
2024-12-08 15:00:00+00:00,0.6235,0.1738,48.1
2024-12-08 16:00:00+00:00,0.6763,0.05814,81.25
2024-12-08 17:00:00+00:00,0.6226,0.0001814,102.75
2024-12-08 18:00:00+00:00,0.529,3.24e-05,111.56
2024-12-08 19:00:00+00:00,0.623,3.123e-05,119.25
2024-12-08 20:00:00+00:00,0.5874,3.844e-05,104.25
2024-12-08 21:00:00+00:00,0.555,2.92e-05,104.56
2024-12-08 22:00:00+00:00,0.5386,3.606e-05,96.44
2024-12-08 23:00:00+00:00,0.5186,3.934e-05,84.75
2024-12-09 00:00:00+00:00,0.4792,1.496e-05,86.9
2024-12-09 01:00:00+00:00,0.4182,9.8e-06,162.4
2024-12-09 02:00:00+00:00,0.3953,1.2e-05,173.0
2024-12-09 03:00:00+00:00,0.3027,7.33e-06,159.1
2024-12-09 04:00:00+00:00,0.2206,8.4e-06,181.8
2024-12-09 05:00:00+00:00,0.2045,1.24e-05,114.0
2024-12-09 06:00:00+00:00,0.2683,3.19e-05,99.4
2024-12-09 07:00:00+00:00,0.318,0.002144,88.75
2024-12-09 08:00:00+00:00,0.342,0.0936,75.2
2024-12-09 09:00:00+00:00,0.3274,0.3394,62.22
2024-12-09 10:00:00+00:00,0.2651,0.492,50.62
2024-12-09 11:00:00+00:00,0.2261,0.561,40.75
2024-12-09 12:00:00+00:00,0.2267,0.582,33.88
2024-12-09 13:00:00+00:00,0.2722,0.5317,38.8
2024-12-09 14:00:00+00:00,0.364,0.459,56.94
2024-12-09 15:00:00+00:00,0.414,0.2964,75.1
2024-12-09 16:00:00+00:00,0.551,0.0906,94.06
2024-12-09 17:00:00+00:00,0.5127,0.001222,117.44
2024-12-09 18:00:00+00:00,0.5127,6.735e-05,130.9
2024-12-09 19:00:00+00:00,0.4878,6.64e-05,128.0
2024-12-09 20:00:00+00:00,0.3853,6.85e-05,119.7
2024-12-09 21:00:00+00:00,0.325,6.115e-05,128.1
2024-12-09 22:00:00+00:00,0.3196,5.64e-05,107.3
2024-12-09 23:00:00+00:00,0.3262,5.764e-05,104.1
2024-12-10 00:00:00+00:00,0.3936,2.515e-05,82.44
2024-12-10 01:00:00+00:00,0.3877,2.38e-05,72.44
2024-12-10 02:00:00+00:00,0.3455,2.15e-05,95.4
2024-12-10 03:00:00+00:00,0.2603,1.83e-05,80.1
2024-12-10 04:00:00+00:00,0.321,2.26e-05,104.6
2024-12-10 05:00:00+00:00,0.437,2.7e-05,117.44
2024-12-10 06:00:00+00:00,0.436,3.815e-05,89.2
2024-12-10 07:00:00+00:00,0.3875,0.002983,88.4
2024-12-10 08:00:00+00:00,0.357,0.1066,52.62
2024-12-10 09:00:00+00:00,0.3167,0.3394,44.9
2024-12-10 10:00:00+00:00,0.169,0.492,50.53
2024-12-10 11:00:00+00:00,0.1947,0.561,63.72
2024-12-10 12:00:00+00:00,0.1929,0.582,63.75
2024-12-10 13:00:00+00:00,0.2039,0.466,74.75
2024-12-10 14:00:00+00:00,0.1807,0.3982,69.06
2024-12-10 15:00:00+00:00,0.1559,0.2764,77.56
2024-12-10 16:00:00+00:00,0.1528,0.0805,77.5
2024-12-10 17:00:00+00:00,0.1216,0.001037,117.56
2024-12-10 18:00:00+00:00,0.04337,6.68e-05,152.4
2024-12-10 19:00:00+00:00,0.02121,6.13e-05,167.8
2024-12-10 20:00:00+00:00,0.02763,6.7e-05,146.8
2024-12-10 21:00:00+00:00,0.00808,6e-05,163.2
2024-12-10 22:00:00+00:00,0.04892,4.82e-05,163.4
2024-12-10 23:00:00+00:00,0.04666,5.376e-05,47.72
2024-12-11 00:00:00+00:00,0.0101,2.146e-05,49.0
2024-12-11 01:00:00+00:00,0.02895,2.26e-05,112.8
2024-12-11 02:00:00+00:00,0.003162,2.307e-05,107.56
2024-12-11 03:00:00+00:00,0.0318,2.05e-05,111.06
2024-12-11 04:00:00+00:00,0.01444,1.51e-05,126.2
2024-12-11 05:00:00+00:00,0.08057,1.74e-05,136.5
2024-12-11 06:00:00+00:00,0.1292,3.326e-05,140.5
2024-12-11 07:00:00+00:00,0.02312,0.002533,149.9
2024-12-11 08:00:00+00:00,0.05124,0.0867,135.0
2024-12-11 09:00:00+00:00,0.02519,0.283,122.06
2024-12-11 10:00:00+00:00,0.00859,0.4346,112.6
2024-12-11 11:00:00+00:00,0.02672,0.531,94.0
2024-12-11 12:00:00+00:00,0.03244,0.582,99.3
2024-12-11 13:00:00+00:00,0.05267,0.5654,99.4
2024-12-11 14:00:00+00:00,0.0994,0.4668,97.1
2024-12-11 15:00:00+00:00,0.1332,0.336,100.44
2024-12-11 16:00:00+00:00,0.2473,0.1021,97.1
2024-12-11 17:00:00+00:00,0.2435,0.0017185,125.6
2024-12-11 18:00:00+00:00,0.2363,6.8e-05,137.0
2024-12-11 19:00:00+00:00,0.2083,5.94e-05,211.2
2024-12-11 20:00:00+00:00,0.2012,6.413e-05,215.9
2024-12-11 21:00:00+00:00,0.1975,7.546e-05,215.4
2024-12-11 22:00:00+00:00,0.1909,5.18e-05,184.6
2024-12-11 23:00:00+00:00,0.2399,4.995e-05,186.0
2024-12-12 00:00:00+00:00,0.2391,2.575e-05,117.75
2024-12-12 01:00:00+00:00,0.257,2.575e-05,114.06
2024-12-12 02:00:00+00:00,0.2683,2.575e-05,106.94
2024-12-12 03:00:00+00:00,0.2588,2.575e-05,100.56
2024-12-12 04:00:00+00:00,0.25,2.486e-05,95.44
2024-12-12 05:00:00+00:00,0.2064,3.43e-05,106.3
2024-12-12 06:00:00+00:00,0.1936,3.815e-05,138.1
2024-12-12 07:00:00+00:00,0.1373,0.003496,140.4
2024-12-12 08:00:00+00:00,0.09674,0.1121,134.9
2024-12-12 09:00:00+00:00,0.0718,0.3394,107.4
2024-12-12 10:00:00+00:00,0.1173,0.492,79.56
2024-12-12 11:00:00+00:00,0.08124,0.5376,91.94
2024-12-12 12:00:00+00:00,0.06714,0.582,99.6
2024-12-12 13:00:00+00:00,0.007202,0.566,114.3
2024-12-12 14:00:00+00:00,0.01302,0.4958,111.3
2024-12-12 15:00:00+00:00,0.02046,0.336,137.4
2024-12-12 16:00:00+00:00,0.02505,0.1045,168.4
2024-12-12 17:00:00+00:00,0.01069,0.0016365,202.4
2024-12-12 18:00:00+00:00,0.00896,7.635e-05,170.4
2024-12-12 19:00:00+00:00,0.04184,7.355e-05,170.0
2024-12-12 20:00:00+00:00,0.002113,7.445e-05,186.8
2024-12-12 21:00:00+00:00,0.007732,8.4e-05,178.5
2024-12-12 22:00:00+00:00,0.0308,6.35e-05,169.1
2024-12-12 23:00:00+00:00,0.005848,6.32e-05,150.0
2024-12-13 00:00:00+00:00,0.0797,2.575e-05,127.06
2024-12-13 01:00:00+00:00,0.06915,2.575e-05,99.94
2024-12-13 02:00:00+00:00,0.0626,2.575e-05,100.56
2024-12-13 03:00:00+00:00,0.0722,2.24e-05,98.9
2024-12-13 04:00:00+00:00,0.1284,1.496e-05,108.0
2024-12-13 05:00:00+00:00,0.1403,1.85e-05,128.2
2024-12-13 06:00:00+00:00,0.14,3.03e-05,139.0
2024-12-13 07:00:00+00:00,0.128,0.002008,154.8
2024-12-13 08:00:00+00:00,0.1366,0.08997,144.8
2024-12-13 09:00:00+00:00,0.11444,0.274,122.94
2024-12-13 10:00:00+00:00,0.11646,0.4175,104.75
2024-12-13 11:00:00+00:00,0.1263,0.4526,113.94
2024-12-13 12:00:00+00:00,0.1425,0.5024,104.1
2024-12-13 13:00:00+00:00,0.1927,0.4644,109.8
2024-12-13 14:00:00+00:00,0.1946,0.4958,90.8
2024-12-13 15:00:00+00:00,0.2502,0.336,99.44
2024-12-13 16:00:00+00:00,0.2329,0.1039,124.06
2024-12-13 17:00:00+00:00,0.2216,0.001583,136.8
2024-12-13 18:00:00+00:00,0.1752,6.66e-05,159.2
2024-12-13 19:00:00+00:00,0.1603,5.776e-05,149.9
2024-12-13 20:00:00+00:00,0.1572,5.71e-05,148.4
2024-12-13 21:00:00+00:00,0.1832,7.08e-05,132.1
2024-12-13 22:00:00+00:00,0.2128,5.305e-05,145.9
2024-12-13 23:00:00+00:00,0.2107,5.114e-05,135.8
2024-12-14 00:00:00+00:00,0.1843,2.575e-05,145.5
2024-12-14 01:00:00+00:00,0.136,2.575e-05,146.4
2024-12-14 02:00:00+00:00,0.213,2.575e-05,107.06
2024-12-14 03:00:00+00:00,0.1803,2.575e-05,102.5
2024-12-14 04:00:00+00:00,0.1483,2.575e-05,113.8
2024-12-14 05:00:00+00:00,0.1561,2.277e-05,100.3
2024-12-14 06:00:00+00:00,0.1586,3.815e-05,106.8
2024-12-14 07:00:00+00:00,0.1218,0.003157,116.94
2024-12-14 08:00:00+00:00,0.02963,0.10034,99.06
2024-12-14 09:00:00+00:00,0.005413,0.3032,91.4
2024-12-14 10:00:00+00:00,0.01517,0.492,73.8
2024-12-14 11:00:00+00:00,0.002085,0.561,76.7
2024-12-14 12:00:00+00:00,0.01314,0.582,52.78
2024-12-14 13:00:00+00:00,0.07764,0.4797,50.4
2024-12-14 14:00:00+00:00,0.02196,0.4727,75.44
2024-12-14 15:00:00+00:00,0.03235,0.336,96.3
2024-12-14 16:00:00+00:00,0.07666,0.0909,125.8
2024-12-14 17:00:00+00:00,0.01194,0.001486,151.9
2024-12-14 18:00:00+00:00,0.0474,6.735e-05,155.4
2024-12-14 19:00:00+00:00,0.00861,6.07e-05,151.0
2024-12-14 20:00:00+00:00,0.01476,5.73e-05,147.1
2024-12-14 21:00:00+00:00,0.006622,7.963e-05,154.1
2024-12-14 22:00:00+00:00,0.00513,5.287e-05,157.0
2024-12-14 23:00:00+00:00,0.01495,4.48e-05,144.4
2024-12-15 00:00:00+00:00,0.01038,1.62e-05,157.5
2024-12-15 01:00:00+00:00,0.0648,1.794e-05,138.0
2024-12-15 02:00:00+00:00,0.05014,1.675e-05,122.2
2024-12-15 03:00:00+00:00,0.0416,1.42e-05,114.75
2024-12-15 04:00:00+00:00,0.01397,1.28e-05,131.4
2024-12-15 05:00:00+00:00,0.02739,7.33e-06,135.1
2024-12-15 06:00:00+00:00,0.00828,1.68e-05,144.4
2024-12-15 07:00:00+00:00,0.03778,0.001271,166.5
2024-12-15 08:00:00+00:00,0.02893,0.0575,156.8
2024-12-15 09:00:00+00:00,0.05206,0.1638,173.2
2024-12-15 10:00:00+00:00,0.03134,0.3608,145.0
2024-12-15 11:00:00+00:00,0.0387,0.4292,119.8
2024-12-15 12:00:00+00:00,0.08636,0.4114,98.1
2024-12-15 13:00:00+00:00,0.1602,0.3538,72.25
2024-12-15 14:00:00+00:00,0.1884,0.325,78.6
2024-12-15 15:00:00+00:00,0.2142,0.2498,82.5
2024-12-15 16:00:00+00:00,0.1893,0.072,99.75
2024-12-15 17:00:00+00:00,0.167,0.001161,125.7
2024-12-15 18:00:00+00:00,0.1267,4.846e-05,56.2
2024-12-15 19:00:00+00:00,0.05988,4.44e-05,144.4
2024-12-15 20:00:00+00:00,0.03029,3.9e-05,154.8
2024-12-15 21:00:00+00:00,0.01065,4.55e-05,165.0
2024-12-15 22:00:00+00:00,0.1093,3.636e-05,148.6
2024-12-15 23:00:00+00:00,0.1108,3.266e-05,143.6
2024-12-16 00:00:00+00:00,0.1259,2.43e-05,151.8
2024-12-16 01:00:00+00:00,0.0898,2.575e-05,136.4
2024-12-16 02:00:00+00:00,0.1097,2.575e-05,152.2
2024-12-16 03:00:00+00:00,0.11145,2.27e-05,154.1
2024-12-16 04:00:00+00:00,0.1158,1.717e-05,172.6
2024-12-16 05:00:00+00:00,0.1434,1.69e-05,174.9
2024-12-16 06:00:00+00:00,0.1656,2.897e-05,159.9
2024-12-16 07:00:00+00:00,0.1884,0.002085,166.8
2024-12-16 08:00:00+00:00,0.1221,0.09094,149.0
2024-12-16 09:00:00+00:00,0.09045,0.2915,132.2
2024-12-16 10:00:00+00:00,0.1009,0.492,115.44
2024-12-16 11:00:00+00:00,0.09955,0.561,81.0
2024-12-16 12:00:00+00:00,0.1191,0.5654,71.3
2024-12-16 13:00:00+00:00,0.1381,0.4807,79.0
2024-12-16 14:00:00+00:00,0.1125,0.4158,94.8
2024-12-16 15:00:00+00:00,0.142,0.261,109.4
2024-12-16 16:00:00+00:00,0.1406,0.0704,120.0
2024-12-16 17:00:00+00:00,0.2249,0.0009136,202.9
2024-12-16 18:00:00+00:00,0.2461,5.26e-05,220.0
2024-12-16 19:00:00+00:00,0.2054,4.57e-05,212.0
2024-12-16 20:00:00+00:00,0.2087,5.11e-05,133.5
2024-12-16 21:00:00+00:00,0.2257,6.264e-05,119.2
2024-12-16 22:00:00+00:00,0.2766,4.405e-05,119.25
2024-12-16 23:00:00+00:00,0.2583,4.137e-05,113.75
2024-12-17 00:00:00+00:00,0.2837,2.426e-05,105.94
2024-12-17 01:00:00+00:00,0.275,2.325e-05,96.5
2024-12-17 02:00:00+00:00,0.258,2.575e-05,73.8
2024-12-17 03:00:00+00:00,0.2954,1.454e-05,77.7
2024-12-17 04:00:00+00:00,0.2588,8.34e-06,93.3
2024-12-17 05:00:00+00:00,0.2482,1e-07,116.6
2024-12-17 06:00:00+00:00,0.2402,1.26e-05,146.6
2024-12-17 07:00:00+00:00,0.2083,0.001333,157.1
2024-12-17 08:00:00+00:00,0.1223,0.07495,148.9
2024-12-17 09:00:00+00:00,0.1288,0.2559,122.3
2024-12-17 10:00:00+00:00,0.1338,0.4133,114.9
2024-12-17 11:00:00+00:00,0.1998,0.461,95.75
2024-12-17 12:00:00+00:00,0.2131,0.4836,98.56
2024-12-17 13:00:00+00:00,0.2493,0.4675,91.9
2024-12-17 14:00:00+00:00,0.296,0.398,101.0
2024-12-17 15:00:00+00:00,0.3018,0.2393,137.1
2024-12-17 16:00:00+00:00,0.3445,0.06192,147.6
2024-12-17 17:00:00+00:00,0.4036,0.001103,147.2
2024-12-17 18:00:00+00:00,0.4124,5.3e-05,148.5
2024-12-17 19:00:00+00:00,0.4126,5.454e-05,143.6
2024-12-17 20:00:00+00:00,0.4102,6.056e-05,126.8
2024-12-17 21:00:00+00:00,0.388,8.68e-05,104.25
2024-12-17 22:00:00+00:00,0.3782,5.67e-05,85.2
2024-12-17 23:00:00+00:00,0.303,4.92e-05,79.94
2024-12-18 00:00:00+00:00,0.304,2.575e-05,89.9
2024-12-18 01:00:00+00:00,0.33,2.12e-05,70.6
2024-12-18 02:00:00+00:00,0.3506,1.92e-05,66.2
2024-12-18 03:00:00+00:00,0.351,1.13e-05,75.2
2024-12-18 04:00:00+00:00,0.3887,1.097e-05,89.75
2024-12-18 05:00:00+00:00,0.3926,5.36e-06,29.14
2024-12-18 06:00:00+00:00,0.417,8.7e-06,121.5
2024-12-18 07:00:00+00:00,0.4253,0.0004482,115.4
2024-12-18 08:00:00+00:00,0.403,0.05167,108.5
2024-12-18 09:00:00+00:00,0.3076,0.1868,105.06
2024-12-18 10:00:00+00:00,0.3699,0.2573,75.5
2024-12-18 11:00:00+00:00,0.3386,0.2888,102.9
2024-12-18 12:00:00+00:00,0.3728,0.3333,80.06
2024-12-18 13:00:00+00:00,0.3308,0.3013,82.94
2024-12-18 14:00:00+00:00,0.3132,0.265,115.25
2024-12-18 15:00:00+00:00,0.3435,0.164,112.9
2024-12-18 16:00:00+00:00,0.3445,0.0465,118.9
2024-12-18 17:00:00+00:00,0.3115,0.0003831,136.2
2024-12-18 18:00:00+00:00,0.2664,2.885e-05,158.9
2024-12-18 19:00:00+00:00,0.197,2.015e-05,139.0
2024-12-18 20:00:00+00:00,0.1736,4.727e-05,156.9
2024-12-18 21:00:00+00:00,0.1628,7.54e-05,142.6
2024-12-18 22:00:00+00:00,0.1829,5e-05,110.7
2024-12-18 23:00:00+00:00,0.1781,4.524e-05,114.8
2024-12-19 00:00:00+00:00,0.1545,2.575e-05,115.2
2024-12-19 01:00:00+00:00,0.1515,2.575e-05,114.94
2024-12-19 02:00:00+00:00,0.1418,2.575e-05,114.3
2024-12-19 03:00:00+00:00,0.1383,1.997e-05,106.0
2024-12-19 04:00:00+00:00,0.133,2.337e-05,118.6
2024-12-19 05:00:00+00:00,0.0764,2.14e-05,131.9
2024-12-19 06:00:00+00:00,0.1034,2.486e-05,150.8
2024-12-19 07:00:00+00:00,0.1207,0.001224,149.0
2024-12-19 08:00:00+00:00,0.11743,0.0619,125.56
2024-12-19 09:00:00+00:00,0.1,0.1932,119.7
2024-12-19 10:00:00+00:00,0.07983,0.281,110.3
2024-12-19 11:00:00+00:00,0.02124,0.3416,4.01
2024-12-19 12:00:00+00:00,0.03406,0.4048,97.4
2024-12-19 13:00:00+00:00,0.05255,0.3105,103.4
2024-12-19 14:00:00+00:00,0.04016,0.2896,122.6
2024-12-19 15:00:00+00:00,0.05832,0.1637,134.1
2024-12-19 16:00:00+00:00,0.0636,0.0365,118.25
2024-12-19 17:00:00+00:00,0.01831,0.000435,140.2
2024-12-19 18:00:00+00:00,0.05493,2.813e-05,145.4
2024-12-19 19:00:00+00:00,0.003233,1.98e-05,165.1
2024-12-19 20:00:00+00:00,0.003513,3.99e-05,175.1
2024-12-19 21:00:00+00:00,0.0643,5.347e-05,153.9
2024-12-19 22:00:00+00:00,0.03217,4.166e-05,127.25
2024-12-19 23:00:00+00:00,0.01119,3.433e-05,121.44
2024-12-20 00:00:00+00:00,0.00996,1.085e-05,132.2
2024-12-20 01:00:00+00:00,0.00859,1.63e-05,147.9
2024-12-20 02:00:00+00:00,0.02185,1.66e-05,148.5
2024-12-20 03:00:00+00:00,0.007732,1.687e-05,117.6
2024-12-20 04:00:00+00:00,0.01112,2.47e-05,129.2
2024-12-20 05:00:00+00:00,0.01067,2.104e-05,131.2
2024-12-20 06:00:00+00:00,0.02301,2.46e-05,145.9
2024-12-20 07:00:00+00:00,0.01918,0.001693,139.4
2024-12-20 08:00:00+00:00,0.049,0.06055,131.0
2024-12-20 09:00:00+00:00,0.0479,0.176,112.8
2024-12-20 10:00:00+00:00,0.0488,0.2029,91.56
2024-12-20 11:00:00+00:00,0.01018,0.268,99.2
2024-12-20 12:00:00+00:00,0.04645,0.3628,83.44
2024-12-20 13:00:00+00:00,0.03012,0.2903,122.44
2024-12-20 14:00:00+00:00,0.0759,0.2866,88.7
2024-12-20 15:00:00+00:00,0.004898,0.2013,127.5
2024-12-20 16:00:00+00:00,0.00757,0.06232,159.1
2024-12-20 17:00:00+00:00,0.03418,0.001047,165.8
2024-12-20 18:00:00+00:00,0.01398,3.517e-05,180.5
2024-12-20 19:00:00+00:00,0.02124,2.11e-05,189.5
2024-12-20 20:00:00+00:00,0.03693,2.897e-05,176.2
2024-12-20 21:00:00+00:00,0.066,3.225e-05,155.6
2024-12-20 22:00:00+00:00,0.1137,2.944e-05,136.2
2024-12-20 23:00:00+00:00,0.1197,2.55e-05,135.1
2024-12-21 00:00:00+00:00,0.1283,1.454e-05,119.9
2024-12-21 01:00:00+00:00,0.1443,1.657e-05,104.8
2024-12-21 02:00:00+00:00,0.1628,1.57e-05,99.44
2024-12-21 03:00:00+00:00,0.1929,1.544e-05,74.2
2024-12-21 04:00:00+00:00,0.1892,1.794e-05,68.2
2024-12-21 05:00:00+00:00,0.1875,1.526e-05,27.22
2024-12-21 06:00:00+00:00,0.2678,2.086e-05,13.016
2024-12-21 07:00:00+00:00,0.3674,0.001421,8.26
2024-12-21 08:00:00+00:00,0.37,0.05676,1.597
2024-12-21 09:00:00+00:00,0.3674,0.1497,-2.0
2024-12-21 10:00:00+00:00,0.3804,0.1758,-2.0
2024-12-21 11:00:00+00:00,0.2856,0.2186,-0.5156
2024-12-21 12:00:00+00:00,0.2483,0.271,-2.0
2024-12-21 13:00:00+00:00,0.261,0.223,94.4
2024-12-21 14:00:00+00:00,0.2812,0.2444,99.9
2024-12-21 15:00:00+00:00,0.3462,0.1156,89.2
2024-12-21 16:00:00+00:00,0.4045,0.03943,79.75
2024-12-21 17:00:00+00:00,0.391,0.000539,109.94
2024-12-21 18:00:00+00:00,0.3733,2.82e-05,130.4
2024-12-21 19:00:00+00:00,0.4458,2.29e-05,132.9
2024-12-21 20:00:00+00:00,0.5063,2.575e-05,107.4
2024-12-21 21:00:00+00:00,0.5415,2.265e-05,93.2
2024-12-21 22:00:00+00:00,0.5786,2.515e-05,84.4
2024-12-21 23:00:00+00:00,0.6094,1.93e-05,43.84
2024-12-22 00:00:00+00:00,0.562,8.05e-06,50.2
2024-12-22 01:00:00+00:00,0.531,1.717e-05,51.88
2024-12-22 02:00:00+00:00,0.499,9.4e-06,36.62
2024-12-22 03:00:00+00:00,0.3252,1.425e-05,78.0
2024-12-22 04:00:00+00:00,0.379,1.13e-05,69.06
2024-12-22 05:00:00+00:00,0.3616,6.85e-06,67.0
2024-12-22 06:00:00+00:00,0.145,1.14e-05,174.2
2024-12-22 07:00:00+00:00,0.1459,0.001174,179.9
2024-12-22 08:00:00+00:00,0.07764,0.0572,179.5
2024-12-22 09:00:00+00:00,0.1478,0.2086,146.4
2024-12-22 10:00:00+00:00,0.1908,0.2751,148.6
2024-12-22 11:00:00+00:00,0.2118,0.2688,65.6
2024-12-22 12:00:00+00:00,0.2686,0.31,50.84
2024-12-22 13:00:00+00:00,0.2598,0.2866,65.2
2024-12-22 14:00:00+00:00,0.306,0.2905,75.7
2024-12-22 15:00:00+00:00,0.3052,0.1986,86.75
2024-12-22 16:00:00+00:00,0.2786,0.0544,95.9
2024-12-22 17:00:00+00:00,0.2502,0.0006976,130.5
2024-12-22 18:00:00+00:00,0.185,3.13e-05,155.4
2024-12-22 19:00:00+00:00,0.1902,1.63e-05,148.9
2024-12-22 20:00:00+00:00,0.2126,2.575e-05,134.9
2024-12-22 21:00:00+00:00,0.264,1.13e-06,136.4
2024-12-22 22:00:00+00:00,0.257,1.585e-05,125.9
2024-12-22 23:00:00+00:00,0.2505,7.7e-06,95.9
2024-12-23 00:00:00+00:00,0.2664,0.0,102.75
2024-12-23 01:00:00+00:00,0.2812,2e-07,84.5
2024-12-23 02:00:00+00:00,0.2905,3.76e-06,98.94
2024-12-23 03:00:00+00:00,0.2979,8.05e-06,113.94
2024-12-23 04:00:00+00:00,0.325,1.3e-06,115.56
2024-12-23 05:00:00+00:00,0.3442,0.0,88.9
2024-12-23 06:00:00+00:00,0.3425,0.0,97.2
2024-12-23 07:00:00+00:00,0.3723,0.0005264,83.06
2024-12-23 08:00:00+00:00,0.3845,0.04626,71.4
2024-12-23 09:00:00+00:00,0.3655,0.1829,55.2
2024-12-23 10:00:00+00:00,0.4534,0.2546,53.28
2024-12-23 11:00:00+00:00,0.521,0.1898,94.3
2024-12-23 12:00:00+00:00,0.4917,0.1869,99.4
2024-12-23 13:00:00+00:00,0.484,0.1093,105.0
2024-12-23 14:00:00+00:00,0.452,0.0958,17.28
2024-12-23 15:00:00+00:00,0.457,0.05084,91.25
2024-12-23 16:00:00+00:00,0.432,0.01965,104.75
2024-12-23 17:00:00+00:00,0.4001,3.815e-05,118.44
2024-12-23 18:00:00+00:00,0.3274,8.05e-06,141.8
2024-12-23 19:00:00+00:00,0.322,6.85e-06,166.2
2024-12-23 20:00:00+00:00,0.3374,2.575e-05,139.6
2024-12-23 21:00:00+00:00,0.4033,8.46e-06,138.6
2024-12-23 22:00:00+00:00,0.374,1.734e-05,136.2
2024-12-23 23:00:00+00:00,0.428,5.7e-06,114.56
2024-12-24 00:00:00+00:00,0.514,0.0,108.3
2024-12-24 01:00:00+00:00,0.5176,0.0,105.1
2024-12-24 02:00:00+00:00,0.4253,0.0,121.6
2024-12-24 03:00:00+00:00,0.3958,2.4e-07,140.8
2024-12-24 04:00:00+00:00,0.308,0.0,149.6
2024-12-24 05:00:00+00:00,0.291,0.0,162.5
2024-12-24 06:00:00+00:00,0.2532,1.1e-06,158.0
2024-12-24 07:00:00+00:00,0.2568,0.0003507,143.5
2024-12-24 08:00:00+00:00,0.212,0.044,124.8
2024-12-24 09:00:00+00:00,0.2228,0.1715,108.5
2024-12-24 10:00:00+00:00,0.2615,0.2405,110.25
2024-12-24 11:00:00+00:00,0.308,0.2034,121.56
2024-12-24 12:00:00+00:00,0.299,0.2434,115.5
2024-12-24 13:00:00+00:00,0.2896,0.2034,113.7
2024-12-24 14:00:00+00:00,0.287,0.1553,107.6
2024-12-24 15:00:00+00:00,0.2927,0.10425,97.2
2024-12-24 16:00:00+00:00,0.2297,0.03522,107.2
2024-12-24 17:00:00+00:00,0.1769,0.00010663,125.2
2024-12-24 18:00:00+00:00,0.1504,2.646e-05,143.4
2024-12-24 19:00:00+00:00,0.0643,2.63e-05,178.6
2024-12-24 20:00:00+00:00,0.0852,2.76e-05,146.8
2024-12-24 21:00:00+00:00,0.0819,3.81e-05,118.06
2024-12-24 22:00:00+00:00,0.1006,3.034e-05,110.8
2024-12-24 23:00:00+00:00,0.086,2.784e-05,121.94
2024-12-25 00:00:00+00:00,0.0689,1.395e-05,121.1
2024-12-25 01:00:00+00:00,0.0585,1.59e-05,104.6
2024-12-25 02:00:00+00:00,0.0628,8.17e-06,108.1
2024-12-25 03:00:00+00:00,0.0799,9.9e-06,122.1
2024-12-25 04:00:00+00:00,0.0936,6e-06,134.2
2024-12-25 05:00:00+00:00,0.141,0.0,148.0
2024-12-25 06:00:00+00:00,0.1454,1.115e-05,159.2
2024-12-25 07:00:00+00:00,0.1981,0.001234,136.4
2024-12-25 08:00:00+00:00,0.2488,0.06775,120.44
2024-12-25 09:00:00+00:00,0.3298,0.264,96.56
2024-12-25 10:00:00+00:00,0.3687,0.3843,81.44
2024-12-25 11:00:00+00:00,0.405,0.3848,-2.0
2024-12-25 12:00:00+00:00,0.344,0.4268,-2.0
2024-12-25 13:00:00+00:00,0.3608,0.4578,89.06
2024-12-25 14:00:00+00:00,0.3914,0.371,85.1
2024-12-25 15:00:00+00:00,0.4404,0.2096,85.3
2024-12-25 16:00:00+00:00,0.5225,0.06085,94.06
2024-12-25 17:00:00+00:00,0.6533,0.000539,87.5
2024-12-25 18:00:00+00:00,0.7036,4.536e-05,76.1
2024-12-25 19:00:00+00:00,0.7065,3.66e-05,95.94
2024-12-25 20:00:00+00:00,0.748,4.64e-05,71.75
2024-12-25 21:00:00+00:00,0.697,5.75e-05,55.1
2024-12-25 22:00:00+00:00,0.688,3.517e-05,35.0
2024-12-25 23:00:00+00:00,0.7627,2.927e-05,24.72
2024-12-26 00:00:00+00:00,0.761,0.0,40.1
2024-12-26 01:00:00+00:00,0.754,0.0,119.1
2024-12-26 02:00:00+00:00,0.7354,3e-07,135.5
2024-12-26 03:00:00+00:00,0.7124,0.0,161.8
2024-12-26 04:00:00+00:00,0.703,0.0,147.8
2024-12-26 05:00:00+00:00,0.642,0.0,157.8
2024-12-26 06:00:00+00:00,0.655,0.0,87.06
2024-12-26 07:00:00+00:00,0.606,0.000614,80.94
2024-12-26 08:00:00+00:00,0.602,0.05746,73.4
2024-12-26 09:00:00+00:00,0.5713,0.2301,75.6
2024-12-26 10:00:00+00:00,0.4966,0.3303,67.4
2024-12-26 11:00:00+00:00,0.5005,0.309,69.4
2024-12-26 12:00:00+00:00,0.5317,0.2966,76.7
2024-12-26 13:00:00+00:00,0.5337,0.3044,97.25
2024-12-26 14:00:00+00:00,0.6577,0.2333,77.75
2024-12-26 15:00:00+00:00,0.7534,0.138,73.06
2024-12-26 16:00:00+00:00,0.77,0.0537,95.44
2024-12-26 17:00:00+00:00,0.716,0.000567,97.5
2024-12-26 18:00:00+00:00,0.675,2.95e-05,76.56
2024-12-26 19:00:00+00:00,0.67,1.4e-05,100.25
2024-12-26 20:00:00+00:00,0.6353,2.575e-05,88.8
2024-12-26 21:00:00+00:00,0.649,8.7e-06,87.56
2024-12-26 22:00:00+00:00,0.65,1.15e-05,82.4
2024-12-26 23:00:00+00:00,0.6284,1.14e-05,70.0
2024-12-27 00:00:00+00:00,0.6177,3.8e-06,54.7
2024-12-27 01:00:00+00:00,0.5835,5.8e-06,57.44
2024-12-27 02:00:00+00:00,0.579,3e-06,53.0
2024-12-27 03:00:00+00:00,0.563,0.0,49.53
2024-12-27 04:00:00+00:00,0.557,0.0,53.16
2024-12-27 05:00:00+00:00,0.528,1e-07,57.7
2024-12-27 06:00:00+00:00,0.52,3.2e-06,62.03
2024-12-27 07:00:00+00:00,0.4946,0.000954,80.06
2024-12-27 08:00:00+00:00,0.4014,0.07086,77.2
2024-12-27 09:00:00+00:00,0.3882,0.237,62.28
2024-12-27 10:00:00+00:00,0.4028,0.326,47.0
2024-12-27 11:00:00+00:00,0.4463,0.2852,47.16
2024-12-27 12:00:00+00:00,0.4397,0.2498,44.94
2024-12-27 13:00:00+00:00,0.427,0.2854,55.5
2024-12-27 14:00:00+00:00,0.4521,0.2423,47.12
2024-12-27 15:00:00+00:00,0.4988,0.1912,52.47
2024-12-27 16:00:00+00:00,0.4805,0.04852,71.44
2024-12-27 17:00:00+00:00,0.4324,0.000609,84.9
2024-12-27 18:00:00+00:00,0.4253,4.226e-05,100.2
2024-12-27 19:00:00+00:00,0.4324,2.563e-05,115.75
2024-12-27 20:00:00+00:00,0.5303,3.11e-05,113.5
2024-12-27 21:00:00+00:00,0.682,2.66e-05,79.6
2024-12-27 22:00:00+00:00,0.664,2.533e-05,86.2
2024-12-27 23:00:00+00:00,0.7876,1.56e-05,66.25
2024-12-28 00:00:00+00:00,0.7944,0.0,49.94
2024-12-28 01:00:00+00:00,0.825,0.0,33.75
2024-12-28 02:00:00+00:00,0.9116,0.0,6.9
2024-12-28 03:00:00+00:00,0.912,0.0,10.38
2024-12-28 04:00:00+00:00,0.918,2.7e-06,-2.0
2024-12-28 05:00:00+00:00,0.9307,5.54e-06,-2.0
2024-12-28 06:00:00+00:00,0.9214,7.3e-06,-2.0
2024-12-28 07:00:00+00:00,0.921,0.0007267,-2.0
2024-12-28 08:00:00+00:00,0.871,0.05432,-2.0
2024-12-28 09:00:00+00:00,0.9062,0.2067,-2.0
2024-12-28 10:00:00+00:00,0.8867,0.3047,-2.0
2024-12-28 11:00:00+00:00,0.9126,0.321,-2.0
2024-12-28 12:00:00+00:00,0.924,0.2964,-2.0
2024-12-28 13:00:00+00:00,0.888,0.3435,-2.0
2024-12-28 14:00:00+00:00,0.9194,0.3464,-2.0
2024-12-28 15:00:00+00:00,0.929,0.2098,-2.0
2024-12-28 16:00:00+00:00,0.9326,0.05765,3.566
2024-12-28 17:00:00+00:00,0.9106,0.001024,20.88
2024-12-28 18:00:00+00:00,0.93,4.345e-05,39.94
2024-12-28 19:00:00+00:00,0.9214,3.004e-05,49.03
2024-12-28 20:00:00+00:00,0.877,3.24e-05,48.5
2024-12-28 21:00:00+00:00,0.9233,1.74e-05,27.7
2024-12-28 22:00:00+00:00,0.919,1.776e-05,31.95
2024-12-28 23:00:00+00:00,0.9287,1.52e-05,16.77
2024-12-29 00:00:00+00:00,0.9277,0.0,9.43
2024-12-29 01:00:00+00:00,0.879,0.0,7.508
2024-12-29 02:00:00+00:00,0.865,0.0,20.44
2024-12-29 03:00:00+00:00,0.8833,0.0,12.55
2024-12-29 04:00:00+00:00,0.857,0.0,18.11
2024-12-29 05:00:00+00:00,0.7334,0.0,22.9
2024-12-29 06:00:00+00:00,0.7305,0.0,23.23
2024-12-29 07:00:00+00:00,0.7075,7.635e-05,22.2
2024-12-29 08:00:00+00:00,0.711,0.02538,5.152
2024-12-29 09:00:00+00:00,0.6777,0.1476,16.03
2024-12-29 10:00:00+00:00,0.661,0.243,24.22
2024-12-29 11:00:00+00:00,0.649,0.2803,4.63
2024-12-29 12:00:00+00:00,0.617,0.2527,5.074
2024-12-29 13:00:00+00:00,0.585,0.3096,-2.0
2024-12-29 14:00:00+00:00,0.691,0.2551,-2.0
2024-12-29 15:00:00+00:00,0.685,0.1898,3.13
2024-12-29 16:00:00+00:00,0.6914,0.04846,24.38
2024-12-29 17:00:00+00:00,0.5986,0.000637,60.97
2024-12-29 18:00:00+00:00,0.554,2.82e-05,93.1
2024-12-29 19:00:00+00:00,0.505,2.31e-05,97.56
2024-12-29 20:00:00+00:00,0.5107,2.575e-05,72.2
2024-12-29 21:00:00+00:00,0.4326,2.545e-05,85.7
2024-12-29 22:00:00+00:00,0.412,1.24e-05,73.44
2024-12-29 23:00:00+00:00,0.3997,1.75e-05,86.2
2024-12-30 00:00:00+00:00,0.4463,9.06e-06,84.2
2024-12-30 01:00:00+00:00,0.3857,3.76e-06,95.0
2024-12-30 02:00:00+00:00,0.3794,4.2e-06,68.0
2024-12-30 03:00:00+00:00,0.32,7.8e-06,74.94
2024-12-30 04:00:00+00:00,0.304,1.5e-05,78.1
2024-12-30 05:00:00+00:00,0.3948,1.276e-05,167.0
2024-12-30 06:00:00+00:00,0.4023,1.055e-05,180.0
2024-12-30 07:00:00+00:00,0.4639,0.001019,194.9
2024-12-30 08:00:00+00:00,0.458,0.0581,162.6
2024-12-30 09:00:00+00:00,0.4497,0.2117,154.9
2024-12-30 10:00:00+00:00,0.331,0.3938,137.0
2024-12-30 11:00:00+00:00,0.3538,0.375,145.5
2024-12-30 12:00:00+00:00,0.496,0.301,40.38
2024-12-30 13:00:00+00:00,0.568,0.2456,30.25
2024-12-30 14:00:00+00:00,0.609,0.2184,21.0
2024-12-30 15:00:00+00:00,0.6167,0.1298,35.28
2024-12-30 16:00:00+00:00,0.5684,0.02118,22.22
2024-12-30 17:00:00+00:00,0.538,0.0003023,39.88
2024-12-30 18:00:00+00:00,0.5103,3.19e-05,55.38
2024-12-30 19:00:00+00:00,0.4673,2.825e-05,75.9
2024-12-30 20:00:00+00:00,0.48,2.575e-05,58.56
2024-12-30 21:00:00+00:00,0.4207,1.335e-05,51.38
2024-12-30 22:00:00+00:00,0.4104,1.395e-05,33.3
2024-12-30 23:00:00+00:00,0.3972,2.04e-05,44.97
2024-12-31 00:00:00+00:00,0.3435,8.3e-06,47.47
2024-12-31 01:00:00+00:00,0.2834,8.8e-06,50.1
2024-12-31 02:00:00+00:00,0.2869,1.246e-05,57.4
2024-12-31 03:00:00+00:00,0.2761,1.7e-05,53.1
2024-12-31 04:00:00+00:00,0.2688,1.36e-05,73.44
2024-12-31 05:00:00+00:00,0.364,1.794e-05,62.22
2024-12-31 06:00:00+00:00,0.4053,3.23e-05,45.7
2024-12-31 07:00:00+00:00,0.4128,0.00249,43.97
2024-12-31 08:00:00+00:00,0.4043,0.1016,16.34
2024-12-31 09:00:00+00:00,0.214,0.3132,29.05
2024-12-31 10:00:00+00:00,0.09534,0.4658,43.66
2024-12-31 11:00:00+00:00,0.205,0.4639,55.97
2024-12-31 12:00:00+00:00,0.2632,0.4717,51.4
2024-12-31 13:00:00+00:00,0.2793,0.4468,39.16
2024-12-31 14:00:00+00:00,0.416,0.437,24.77
2024-12-31 15:00:00+00:00,0.4001,0.2896,35.44
2024-12-31 16:00:00+00:00,0.425,0.07587,53.9
2024-12-31 17:00:00+00:00,0.4194,0.0011015,66.94
2024-12-31 18:00:00+00:00,0.4194,5.81e-05,65.1
2024-12-31 19:00:00+00:00,0.3926,5.335e-05,68.1
2024-12-31 20:00:00+00:00,0.355,5.513e-05,44.3
2024-12-31 21:00:00+00:00,0.2913,6.634e-05,34.5
2024-12-31 22:00:00+00:00,0.1733,4.57e-05,48.5
2024-12-31 23:00:00+00:00,0.1417,3.52e-05,54.62
