,wind,solar,price
2024-01-01 00,0.2490,0.0000,87.8750
2024-01-01 01,0.2458,0.0000,107.3750
2024-01-01 02,0.2527,0.0000,114.0000
2024-01-01 03,0.2478,0.0000,101.3750
2024-01-01 04,0.3237,0.0000,102.5625
2024-01-01 05,0.3774,0.0000,112.8125
2024-01-01 06,0.3884,0.0000,108.0000
2024-01-01 07,0.4148,0.0016,98.1875
2024-01-01 08,0.4199,0.0668,86.1250
2024-01-01 09,0.5034,0.2030,68.9375
2024-01-01 10,0.5117,0.2834,53.1562
2024-01-01 11,0.4854,0.3916,49.0000
2024-01-01 12,0.4480,0.3916,75.3750
2024-01-01 13,0.4495,0.3386,69.0625
2024-01-01 14,0.4358,0.2871,92.3125
2024-01-01 15,0.4336,0.2756,82.7500
2024-01-01 16,0.4897,0.1744,87.8750
2024-01-01 17,0.4700,0.0383,113.8125
2024-01-01 18,0.4490,0.0000,147.1250
2024-01-01 19,0.4407,0.0000,162.6250
2024-01-01 20,0.4248,0.0000,151.1250
2024-01-01 21,0.4019,0.0000,126.5625
2024-01-01 22,0.1885,0.0000,146.5000
2024-01-01 23,0.1833,0.0000,129.2500
2024-01-02 00,0.1686,0.0000,154.2500
2024-01-02 01,0.1591,0.0000,149.2500
2024-01-02 02,0.1343,0.0000,125.8750
2024-01-02 03,0.1186,0.0000,107.5625
2024-01-02 04,0.0826,0.0000,134.7500
2024-01-02 05,0.0899,0.0000,155.8750
2024-01-02 06,0.0745,0.0000,161.7500
2024-01-02 07,0.0297,0.0000,168.8750
2024-01-02 08,0.0731,0.0105,137.8750
2024-01-02 09,0.1031,0.0384,145.6250
2024-01-02 10,0.1421,0.0713,136.3750
2024-01-02 11,0.1294,0.1105,155.8750
2024-01-02 12,0.0964,0.1217,152.7500
2024-01-02 13,0.1138,0.1478,136.3750
2024-01-02 14,0.1185,0.1605,148.0000
2024-01-02 15,0.1182,0.1097,145.8750
2024-01-02 16,0.0939,0.0952,165.0000
2024-01-02 17,0.0739,0.0181,175.0000
2024-01-02 18,0.0434,0.0000,171.0000
2024-01-02 19,0.0335,0.0000,173.7500
2024-01-02 20,0.0300,0.0000,179.2500
2024-01-02 21,0.0207,0.0000,168.7500
2024-01-02 22,0.0032,0.0000,163.5000
2024-01-02 23,0.0025,0.0000,135.5000
2024-01-03 00,0.0822,0.0000,125.5625
2024-01-03 01,0.1119,0.0000,113.6250
2024-01-03 02,0.0660,0.0000,122.6875
2024-01-03 03,0.0654,0.0000,144.6250
2024-01-03 04,0.0369,0.0000,173.6250
2024-01-03 05,0.0423,0.0000,165.1250
2024-01-03 06,0.0537,0.0000,168.6250
2024-01-03 07,0.1359,0.0013,142.2500
2024-01-03 08,0.1509,0.0398,139.2500
2024-01-03 09,0.0328,0.1670,145.7500
2024-01-03 10,0.0345,0.2781,153.8750
2024-01-03 11,0.0496,0.2786,160.6250
2024-01-03 12,0.1349,0.3167,169.1250
2024-01-03 13,0.1406,0.3567,172.6250
2024-01-03 14,0.1698,0.3699,166.0000
2024-01-03 15,0.2080,0.2737,161.0000
2024-01-03 16,0.2255,0.1808,145.6250
2024-01-03 17,0.0970,0.0245,178.5000
2024-01-03 18,0.0736,0.0000,170.7500
2024-01-03 19,0.0677,0.0000,190.1250
2024-01-03 20,0.0553,0.0000,175.6250
2024-01-03 21,0.0055,0.0001,158.0000
2024-01-03 22,0.0047,0.0000,123.5625
2024-01-03 23,0.0286,0.0000,118.2500
2024-01-04 00,0.0423,0.0000,112.7500
2024-01-04 01,0.0731,0.0000,125.1250
2024-01-04 02,0.1151,0.0000,127.6250
2024-01-04 03,0.1115,0.0000,120.5625
2024-01-04 04,0.1470,0.0000,134.1250
2024-01-04 05,0.1476,0.0000,146.1250
2024-01-04 06,0.1588,0.0000,149.8750
2024-01-04 07,0.1991,0.0019,39.3125
2024-01-04 08,0.1953,0.0946,14.4453
2024-01-04 09,0.2123,0.3149,122.9375
2024-01-04 10,0.2676,0.3811,104.8125
2024-01-04 11,0.2917,0.4646,74.3750
2024-01-04 12,0.3015,0.4922,79.7500
2024-01-04 13,0.3262,0.4773,84.5000
2024-01-04 14,0.4553,0.3835,80.5000
2024-01-04 15,0.5645,0.2812,87.2500
2024-01-04 16,0.5903,0.1350,97.9375
2024-01-04 17,0.6699,0.0177,97.1875
2024-01-04 18,0.6377,0.0000,94.8125
2024-01-04 19,0.6611,0.0000,115.3750
2024-01-04 20,0.6704,0.0000,97.6875
2024-01-04 21,0.6782,0.0001,93.8750
2024-01-04 22,0.7969,0.0000,71.9375
2024-01-04 23,0.8335,0.0000,40.9375
2024-01-05 00,0.8174,0.0000,32.5938
2024-01-05 01,0.9023,0.0000,20.1719
2024-01-05 02,0.8164,0.0000,26.1719
2024-01-05 03,0.8530,0.0000,2.1543
2024-01-05 04,0.8296,0.0000,39.3125
2024-01-05 05,0.8096,0.0000,67.1875
2024-01-05 06,0.7930,0.0000,72.1875
2024-01-05 07,0.7817,0.0021,72.6875
2024-01-05 08,0.7471,0.1126,77.1250
2024-01-05 09,0.6860,0.4050,58.6562
2024-01-05 10,0.6787,0.5972,68.2500
2024-01-05 11,0.7339,0.6870,-2.0000
2024-01-05 12,0.7397,0.7090,-2.0000
2024-01-05 13,0.7163,0.7031,-2.0000
2024-01-05 14,0.7192,0.6528,-2.0000
2024-01-05 15,0.7134,0.5269,75.0625
2024-01-05 16,0.7510,0.2927,74.1875
2024-01-05 17,0.7920,0.0390,75.7500
2024-01-05 18,0.7007,0.0001,81.8750
2024-01-05 19,0.6689,0.0001,96.6875
2024-01-05 20,0.6738,0.0001,103.7500
2024-01-05 21,0.6816,0.0001,93.3125
2024-01-05 22,0.6855,0.0001,75.6875
2024-01-05 23,0.6226,0.0000,77.0000
2024-01-06 00,0.6060,0.0000,59.2812
2024-01-06 01,0.5264,0.0000,59.3125
2024-01-06 02,0.4285,0.0000,-2.0000
2024-01-06 03,0.3682,0.0000,66.9375
2024-01-06 04,0.1914,0.0000,99.1875
2024-01-06 05,0.1830,0.0000,88.9375
2024-01-06 06,0.0488,0.0000,114.0625
2024-01-06 07,0.0581,0.0014,109.8125
2024-01-06 08,0.0308,0.0767,122.8750
2024-01-06 09,0.0080,0.2240,101.6250
2024-01-06 10,0.0075,0.2825,96.7500
2024-01-06 11,0.0170,0.3772,97.3750
2024-01-06 12,0.1091,0.3635,77.8750
2024-01-06 13,0.0709,0.4490,79.7500
2024-01-06 14,0.1370,0.4053,96.6875
2024-01-06 15,0.1500,0.2781,108.2500
2024-01-06 16,0.1694,0.1216,114.0625
2024-01-06 17,0.1736,0.0184,121.1875
2024-01-06 18,0.1732,0.0000,138.0000
2024-01-06 19,0.2166,0.0000,130.7500
2024-01-06 20,0.2822,0.0000,133.7500
2024-01-06 21,0.2922,0.0001,106.6250
2024-01-06 22,0.2922,0.0000,101.9375
2024-01-06 23,0.3474,0.0000,94.6875
2024-01-07 00,0.3953,0.0000,96.1250
2024-01-07 01,0.4641,0.0000,82.3750
2024-01-07 02,0.4727,0.0000,65.3750
2024-01-07 03,0.5039,0.0000,62.8438
2024-01-07 04,0.5210,0.0000,77.0625
2024-01-07 05,0.4312,0.0000,91.5000
2024-01-07 06,0.4189,0.0000,94.9375
2024-01-07 07,0.4287,0.0013,96.3750
2024-01-07 08,0.4546,0.0745,85.7500
2024-01-07 09,0.5283,0.2063,97.8750
2024-01-07 10,0.5308,0.3022,73.8750
2024-01-07 11,0.5288,0.3682,94.0000
2024-01-07 12,0.5879,0.3179,78.5000
2024-01-07 13,0.6323,0.2771,86.8750
2024-01-07 14,0.6729,0.2188,85.5000
2024-01-07 15,0.7173,0.1006,67.8750
2024-01-07 16,0.7207,0.0116,68.1250
2024-01-07 17,0.7261,0.0005,82.7500
2024-01-07 18,0.7798,0.0000,56.7500
2024-01-07 19,0.8569,0.0000,45.5625
2024-01-07 20,0.8936,0.0000,48.0312
2024-01-07 21,0.8931,0.0000,42.5312
2024-01-07 22,0.9111,0.0001,44.6562
2024-01-07 23,0.9028,0.0000,57.8750
2024-01-08 00,0.7891,0.0000,72.5625
2024-01-08 01,0.8018,0.0000,81.8125
2024-01-08 02,0.8389,0.0000,71.8125
2024-01-08 03,0.8403,0.0000,64.1875
2024-01-08 04,0.8447,0.0000,77.7500
2024-01-08 05,0.8608,0.0000,80.2500
2024-01-08 06,0.7690,0.0000,117.0000
2024-01-08 07,0.6528,0.0007,107.6875
2024-01-08 08,0.5693,0.0514,117.2500
2024-01-08 09,0.4902,0.1277,122.1875
2024-01-08 10,0.4729,0.2795,121.0000
2024-01-08 11,0.3970,0.3667,114.6250
2024-01-08 12,0.3921,0.3691,110.9375
2024-01-08 13,0.3848,0.3376,105.7500
2024-01-08 14,0.3757,0.3213,113.5000
2024-01-08 15,0.2798,0.1595,131.0000
2024-01-08 16,0.2321,0.0520,136.0000
2024-01-08 17,0.2264,0.0086,131.5000
2024-01-08 18,0.1755,0.0000,139.1250
2024-01-08 19,0.1522,0.0000,150.7500
2024-01-08 20,0.1316,0.0001,143.3750
2024-01-08 21,0.1290,0.0001,132.3750
2024-01-08 22,0.1168,0.0001,135.8750
2024-01-08 23,0.0994,0.0000,146.8750
2024-01-09 00,0.1214,0.0000,131.1250
2024-01-09 01,0.1278,0.0000,168.0000
2024-01-09 02,0.1343,0.0000,146.5000
2024-01-09 03,0.1462,0.0000,131.2500
2024-01-09 04,0.3508,0.0000,107.6250
2024-01-09 05,0.4639,0.0000,115.2500
2024-01-09 06,0.5410,0.0000,123.6875
2024-01-09 07,0.5518,0.0018,150.1250
2024-01-09 08,0.5835,0.1158,140.2500
2024-01-09 09,0.5688,0.3823,85.5000
2024-01-09 10,0.5566,0.5312,83.1250
2024-01-09 11,0.5615,0.6187,50.8438
2024-01-09 12,0.4365,0.6201,64.5000
2024-01-09 13,0.4165,0.6362,77.6250
2024-01-09 14,0.4280,0.5405,87.4375
2024-01-09 15,0.6465,0.3579,78.3750
2024-01-09 16,0.7236,0.1499,88.5625
2024-01-09 17,0.7153,0.0192,104.4375
2024-01-09 18,0.6895,0.0001,111.3125
2024-01-09 19,0.6143,0.0000,136.3750
2024-01-09 20,0.5503,0.0001,109.8750
2024-01-09 21,0.4741,0.0001,97.6250
2024-01-09 22,0.4568,0.0001,95.8750
2024-01-09 23,0.4146,0.0000,78.8750
2024-01-10 00,0.4333,0.0000,98.1250
2024-01-10 01,0.4497,0.0000,86.7500
2024-01-10 02,0.4568,0.0000,91.3750
2024-01-10 03,0.5669,0.0000,95.3125
2024-01-10 04,0.5781,0.0000,109.7500
2024-01-10 05,0.6421,0.0000,84.2500
2024-01-10 06,0.7031,0.0000,78.4375
2024-01-10 07,0.7188,0.0003,84.5625
2024-01-10 08,0.7310,0.0457,48.8438
2024-01-10 09,0.7729,0.1349,53.1250
2024-01-10 10,0.7651,0.1864,45.7812
2024-01-10 11,0.7549,0.2322,49.1250
2024-01-10 12,0.6846,0.2340,41.7500
2024-01-10 13,0.6665,0.2203,69.6875
2024-01-10 14,0.6919,0.2457,79.6875
2024-01-10 15,0.7017,0.2612,85.6250
2024-01-10 16,0.6816,0.1228,91.4375
2024-01-10 17,0.6729,0.0123,97.6250
2024-01-10 18,0.5718,0.0000,129.7500
2024-01-10 19,0.4644,0.0000,147.2500
2024-01-10 20,0.3572,0.0000,136.2500
2024-01-10 21,0.3464,0.0001,110.6250
2024-01-10 22,0.3486,0.0001,101.6875
2024-01-10 23,0.2617,0.0000,121.8750
2024-01-11 00,0.2405,0.0000,122.9375
2024-01-11 01,0.2177,0.0000,112.8125
2024-01-11 02,0.2002,0.0000,144.5000
2024-01-11 03,0.1990,0.0000,151.1250
2024-01-11 04,0.1659,0.0000,114.7500
2024-01-11 05,0.1681,0.0000,113.2500
2024-01-11 06,0.2070,0.0000,119.6250
2024-01-11 07,0.2135,0.0000,139.1250
2024-01-11 08,0.2262,0.0105,126.8125
2024-01-11 09,0.1539,0.0384,137.6250
2024-01-11 10,0.1470,0.0713,137.6250
2024-01-11 11,0.1361,0.1105,124.6875
2024-01-11 12,0.1593,0.1217,117.3750
2024-01-11 13,0.1793,0.1081,105.8750
2024-01-11 14,0.2869,0.0978,114.6875
2024-01-11 15,0.2861,0.1338,122.9375
2024-01-11 16,0.4434,0.0793,98.2500
2024-01-11 17,0.4500,0.0080,20.7500
2024-01-11 18,0.4443,0.0000,27.9062
2024-01-11 19,0.4341,0.0000,32.5312
2024-01-11 20,0.4365,0.0000,19.9219
2024-01-11 21,0.3962,0.0000,15.8516
2024-01-11 22,0.3813,0.0000,-2.0000
2024-01-11 23,0.4058,0.0000,4.4375
2024-01-12 00,0.4412,0.0000,124.1875
2024-01-12 01,0.4585,0.0000,112.6250
2024-01-12 02,0.3884,0.0000,116.5625
2024-01-12 03,0.3801,0.0000,115.5625
2024-01-12 04,0.3599,0.0000,111.3125
2024-01-12 05,0.2778,0.0000,129.8750
2024-01-12 06,0.2898,0.0000,143.3750
2024-01-12 07,0.3345,0.0000,143.5000
2024-01-12 08,0.4043,0.0132,123.0000
2024-01-12 09,0.4282,0.0532,129.0000
2024-01-12 10,0.5195,0.0713,109.3125
2024-01-12 11,0.4731,0.1105,126.1875
2024-01-12 12,0.5044,0.1217,112.7500
2024-01-12 13,0.4907,0.1852,110.0000
2024-01-12 14,0.5312,0.1588,130.6250
2024-01-12 15,0.5718,0.0782,119.4375
2024-01-12 16,0.5952,0.0204,97.5625
2024-01-12 17,0.5845,0.0070,112.5000
2024-01-12 18,0.6221,0.0000,131.1250
2024-01-12 19,0.6792,0.0000,135.6250
2024-01-12 20,0.7207,0.0000,106.5000
2024-01-12 21,0.7246,0.0000,105.3125
2024-01-12 22,0.7671,0.0000,101.3750
2024-01-12 23,0.7837,0.0000,93.1875
2024-01-13 00,0.7056,0.0000,95.5000
2024-01-13 01,0.6919,0.0000,86.5000
2024-01-13 02,0.6626,0.0000,79.6250
2024-01-13 03,0.6592,0.0000,81.1875
2024-01-13 04,0.6035,0.0000,84.5625
2024-01-13 05,0.4910,0.0000,78.3750
2024-01-13 06,0.4800,0.0000,88.3750
2024-01-13 07,0.4585,0.0008,72.0000
2024-01-13 08,0.4382,0.0717,77.3750
2024-01-13 09,0.3911,0.2974,52.0625
2024-01-13 10,0.2927,0.4697,35.3750
2024-01-13 11,0.3401,0.5034,45.1562
2024-01-13 12,0.3562,0.5010,46.0625
2024-01-13 13,0.3984,0.5254,55.3125
2024-01-13 14,0.4692,0.4175,55.6250
2024-01-13 15,0.5059,0.2510,61.6875
2024-01-13 16,0.5820,0.1348,74.9375
2024-01-13 17,0.5352,0.0238,90.0625
2024-01-13 18,0.4983,0.0001,117.5000
2024-01-13 19,0.4897,0.0000,122.3125
2024-01-13 20,0.5020,0.0001,117.2500
2024-01-13 21,0.4790,0.0001,110.0625
2024-01-13 22,0.4744,0.0001,112.0000
2024-01-13 23,0.3955,0.0000,109.3750
2024-01-14 00,0.3721,0.0000,111.1875
2024-01-14 01,0.3689,0.0000,86.2500
2024-01-14 02,0.2421,0.0000,118.7500
2024-01-14 03,0.1737,0.0000,118.9375
2024-01-14 04,0.1321,0.0000,120.1875
2024-01-14 05,0.1245,0.0000,122.6875
2024-01-14 06,0.1241,0.0000,146.8750
2024-01-14 07,0.0630,0.0015,150.8750
2024-01-14 08,0.1089,0.0911,140.0000
2024-01-14 09,0.1948,0.2607,106.9375
2024-01-14 10,0.1866,0.3357,93.1250
2024-01-14 11,0.1469,0.3796,90.1875
2024-01-14 12,0.1567,0.3657,65.3125
2024-01-14 13,0.2020,0.3032,77.6875
2024-01-14 14,0.2515,0.2295,83.3750
2024-01-14 15,0.2512,0.1617,102.1250
2024-01-14 16,0.2406,0.0574,127.3750
2024-01-14 17,0.2122,0.0077,137.7500
2024-01-14 18,0.1526,0.0000,139.8750
2024-01-14 19,0.1456,0.0000,160.0000
2024-01-14 20,0.1223,0.0000,160.6250
2024-01-14 21,0.0944,0.0000,139.3750
2024-01-14 22,0.1669,0.0000,121.6875
2024-01-14 23,0.1782,0.0000,121.5000
2024-01-15 00,0.1853,0.0000,121.6250
2024-01-15 01,0.2371,0.0000,106.1250
2024-01-15 02,0.2668,0.0000,104.5000
2024-01-15 03,0.2849,0.0000,101.6250
2024-01-15 04,0.2749,0.0000,101.9375
2024-01-15 05,0.2639,0.0000,115.7500
2024-01-15 06,0.2593,0.0000,148.1250
2024-01-15 07,0.2642,0.0012,165.0000
2024-01-15 08,0.2410,0.0944,153.6250
2024-01-15 09,0.2186,0.3035,150.2500
2024-01-15 10,0.3130,0.3521,133.7500
2024-01-15 11,0.3645,0.4429,102.0000
2024-01-15 12,0.3792,0.4470,111.1250
2024-01-15 13,0.4084,0.4604,113.3125
2024-01-15 14,0.4407,0.3823,119.3750
2024-01-15 15,0.4626,0.2961,119.9375
2024-01-15 16,0.5098,0.1355,126.6250
2024-01-15 17,0.5059,0.0132,140.8750
2024-01-15 18,0.4910,0.0000,140.3750
2024-01-15 19,0.5356,0.0000,136.3750
2024-01-15 20,0.6558,0.0000,135.6250
2024-01-15 21,0.6816,0.0000,116.0625
2024-01-15 22,0.7388,0.0000,94.8125
2024-01-15 23,0.7461,0.0000,61.6562
2024-01-16 00,0.7666,0.0000,60.9688
2024-01-16 01,0.7334,0.0000,76.1250
2024-01-16 02,0.7256,0.0000,85.2500
2024-01-16 03,0.6665,0.0000,92.1250
2024-01-16 04,0.6304,0.0000,120.1875
2024-01-16 05,0.7144,0.0000,109.0625
2024-01-16 06,0.6929,0.0000,120.5000
2024-01-16 07,0.6206,0.0008,94.6250
2024-01-16 08,0.5864,0.0985,98.8125
2024-01-16 09,0.6064,0.2671,102.3750
2024-01-16 10,0.5581,0.3760,106.6875
2024-01-16 11,0.5142,0.4766,101.5625
2024-01-16 12,0.4504,0.4893,112.8750
2024-01-16 13,0.4705,0.4084,124.1875
2024-01-16 14,0.5459,0.3254,129.7500
2024-01-16 15,0.5669,0.3474,112.4375
2024-01-16 16,0.6172,0.1362,108.6875
2024-01-16 17,0.5850,0.0160,122.8750
2024-01-16 18,0.4714,0.0001,135.6250
2024-01-16 19,0.4609,0.0000,134.5000
2024-01-16 20,0.4666,0.0000,103.5000
2024-01-16 21,0.4177,0.0001,97.6875
2024-01-16 22,0.3667,0.0000,87.6875
2024-01-16 23,0.3660,0.0000,107.9375
2024-01-17 00,0.2668,0.0000,128.7500
2024-01-17 01,0.2217,0.0000,118.2500
2024-01-17 02,0.1979,0.0000,114.1875
2024-01-17 03,0.2131,0.0000,112.6250
2024-01-17 04,0.1704,0.0000,145.5000
2024-01-17 05,0.1515,0.0000,161.6250
2024-01-17 06,0.1520,0.0000,166.8750
2024-01-17 07,0.1821,0.0021,165.0000
2024-01-17 08,0.1769,0.1447,153.1250
2024-01-17 09,0.1238,0.4050,137.5000
2024-01-17 10,0.1235,0.6089,112.6875
2024-01-17 11,0.0787,0.6870,120.3125
2024-01-17 12,0.0582,0.7090,126.6250
2024-01-17 13,0.0718,0.7031,106.5000
2024-01-17 14,0.0862,0.6528,89.9375
2024-01-17 15,0.0540,0.5269,84.1250
2024-01-17 16,0.0894,0.2610,130.5000
2024-01-17 17,0.1246,0.0325,148.3750
2024-01-17 18,0.1283,0.0001,169.6250
2024-01-17 19,0.1194,0.0000,155.5000
2024-01-17 20,0.1218,0.0001,153.2500
2024-01-17 21,0.0772,0.0001,161.2500
2024-01-17 22,0.0506,0.0000,144.1250
2024-01-17 23,0.0404,0.0000,125.3750
2024-01-18 00,0.0347,0.0000,134.7500
2024-01-18 01,0.0409,0.0000,148.0000
2024-01-18 02,0.0127,0.0000,151.6250
2024-01-18 03,0.0216,0.0000,159.2500
2024-01-18 04,0.0125,0.0000,128.6250
2024-01-18 05,0.0681,0.0000,149.5000
2024-01-18 06,0.0756,0.0000,163.6250
2024-01-18 07,0.0276,0.0024,185.5000
2024-01-18 08,0.0382,0.1259,176.7500
2024-01-18 09,0.0159,0.3948,143.5000
2024-01-18 10,0.0047,0.6089,118.1875
2024-01-18 11,0.0144,0.6870,112.7500
2024-01-18 12,0.0133,0.7090,111.1250
2024-01-18 13,0.0651,0.7031,98.1250
2024-01-18 14,0.0332,0.6528,112.5000
2024-01-18 15,0.0758,0.5269,106.5625
2024-01-18 16,0.1581,0.2271,110.1250
2024-01-18 17,0.1793,0.0205,160.7500
2024-01-18 18,0.1652,0.0000,156.7500
2024-01-18 19,0.1665,0.0000,158.2500
2024-01-18 20,0.1842,0.0000,151.3750
2024-01-18 21,0.1914,0.0000,147.6250
2024-01-18 22,0.2103,0.0000,143.8750
2024-01-18 23,0.2253,0.0000,118.7500
2024-01-19 00,0.2327,0.0000,99.3750
2024-01-19 01,0.2285,0.0000,97.8125
2024-01-19 02,0.2217,0.0000,103.1875
2024-01-19 03,0.1700,0.0000,114.5625
2024-01-19 04,0.1225,0.0000,109.8750
2024-01-19 05,0.0891,0.0000,128.1250
2024-01-19 06,0.0790,0.0000,126.5625
2024-01-19 07,0.1542,0.0016,145.5000
2024-01-19 08,0.1652,0.0861,128.0000
2024-01-19 09,0.1548,0.3032,126.3125
2024-01-19 10,0.1232,0.5742,90.0000
2024-01-19 11,0.1733,0.6118,64.3750
2024-01-19 12,0.2299,0.6411,70.2500
2024-01-19 13,0.2452,0.6294,67.5625
2024-01-19 14,0.4158,0.5674,71.8750
2024-01-19 15,0.4717,0.3928,59.0000
2024-01-19 16,0.5010,0.2174,77.1875
2024-01-19 17,0.5137,0.0178,94.8750
2024-01-19 18,0.5723,0.0000,115.8750
2024-01-19 19,0.7041,0.0000,109.6875
2024-01-19 20,0.7510,0.0001,96.2500
2024-01-19 21,0.7427,0.0001,78.3125
2024-01-19 22,0.6758,0.0001,69.2500
2024-01-19 23,0.6572,0.0000,35.4688
2024-01-20 00,0.5034,0.0000,52.5312
2024-01-20 01,0.4956,0.0000,47.3125
2024-01-20 02,0.4658,0.0000,44.0625
2024-01-20 03,0.4622,0.0000,43.2812
2024-01-20 04,0.4661,0.0000,50.8438
2024-01-20 05,0.4241,0.0000,62.0312
2024-01-20 06,0.3137,0.0000,87.3750
2024-01-20 07,0.2435,0.0018,78.0625
2024-01-20 08,0.2273,0.1207,75.1875
2024-01-20 09,0.1255,0.4304,68.5000
2024-01-20 10,0.0882,0.6089,73.1875
2024-01-20 11,0.0854,0.6870,55.0312
2024-01-20 12,0.0036,0.7090,79.3125
2024-01-20 13,0.0094,0.7031,84.5000
2024-01-20 14,0.0572,0.6528,69.4375
2024-01-20 15,0.0248,0.5269,99.1250
2024-01-20 16,0.0651,0.2932,117.1875
2024-01-20 17,0.0592,0.0282,134.7500
2024-01-20 18,0.0042,0.0001,154.2500
2024-01-20 19,0.0115,0.0001,165.2500
2024-01-20 20,0.0293,0.0001,46.2812
2024-01-20 21,0.0061,0.0001,157.3750
2024-01-20 22,0.0050,0.0001,144.5000
2024-01-20 23,0.0336,0.0001,89.5625
2024-01-21 00,0.1703,0.0000,67.6250
2024-01-21 01,0.0218,0.0000,74.8750
2024-01-21 02,0.0517,0.0000,74.6250
2024-01-21 03,0.0260,0.0000,102.1875
2024-01-21 04,0.0047,0.0000,107.0000
2024-01-21 05,0.0056,0.0000,116.1250
2024-01-21 06,0.0113,0.0000,120.7500
2024-01-21 07,0.0243,0.0025,118.0625
2024-01-21 08,0.0629,0.1098,90.9375
2024-01-21 09,0.0273,0.3367,71.4375
2024-01-21 10,0.0034,0.5112,74.4375
2024-01-21 11,0.0127,0.5967,65.6875
2024-01-21 12,0.0178,0.7021,60.6562
2024-01-21 13,0.0618,0.7031,53.7500
2024-01-21 14,0.0856,0.6528,62.0625
2024-01-21 15,0.0742,0.5269,75.6875
2024-01-21 16,0.1344,0.2388,112.7500
2024-01-21 17,0.1837,0.0210,133.1250
2024-01-21 18,0.1790,0.0001,151.8750
2024-01-21 19,0.1594,0.0001,127.2500
2024-01-21 20,0.1859,0.0001,126.8125
2024-01-21 21,0.1261,0.0001,118.0000
2024-01-21 22,0.1243,0.0000,106.1250
2024-01-21 23,0.1412,0.0000,92.6875
2024-01-22 00,0.1818,0.0000,96.2500
2024-01-22 01,0.2450,0.0000,92.5000
2024-01-22 02,0.2174,0.0000,109.3750
2024-01-22 03,0.1960,0.0000,115.7500
2024-01-22 04,0.1577,0.0000,142.1250
2024-01-22 05,0.1486,0.0000,143.3750
2024-01-22 06,0.1573,0.0000,159.7500
2024-01-22 07,0.1669,0.0029,151.6250
2024-01-22 08,0.1460,0.1160,155.7500
2024-01-22 09,0.1082,0.3669,129.5000
2024-01-22 10,0.0363,0.5679,129.2500
2024-01-22 11,0.0294,0.5830,128.3750
2024-01-22 12,0.0076,0.7080,109.8750
2024-01-22 13,0.0035,0.7031,103.3750
2024-01-22 14,0.0430,0.6333,117.0625
2024-01-22 15,0.1196,0.4050,119.2500
2024-01-22 16,0.1801,0.1797,122.1875
2024-01-22 17,0.1895,0.0189,141.2500
2024-01-22 18,0.1660,0.0001,138.8750
2024-01-22 19,0.1738,0.0001,155.7500
2024-01-22 20,0.1957,0.0001,145.8750
2024-01-22 21,0.1747,0.0001,140.0000
2024-01-22 22,0.1078,0.0000,116.5000
2024-01-22 23,0.0172,0.0000,115.8750
2024-01-23 00,0.0251,0.0000,114.1875
2024-01-23 01,0.0579,0.0000,96.0000
2024-01-23 02,0.0762,0.0000,101.1875
2024-01-23 03,0.0831,0.0000,120.9375
2024-01-23 04,0.0800,0.0000,129.3750
2024-01-23 05,0.1438,0.0000,137.3750
2024-01-23 06,0.1318,0.0000,141.2500
2024-01-23 07,0.1261,0.0018,149.1250
2024-01-23 08,0.1637,0.0931,128.0000
2024-01-23 09,0.1346,0.3357,111.5000
2024-01-23 10,0.1057,0.6089,84.2500
2024-01-23 11,0.1201,0.6279,89.0000
2024-01-23 12,0.1902,0.7075,85.8125
2024-01-23 13,0.1825,0.6494,65.3125
2024-01-23 14,0.1655,0.6025,78.1250
2024-01-23 15,0.1808,0.4895,100.4375
2024-01-23 16,0.1425,0.2112,144.0000
2024-01-23 17,0.1248,0.0239,166.7500
2024-01-23 18,0.1257,0.0001,156.7500
2024-01-23 19,0.2180,0.0001,148.7500
2024-01-23 20,0.1948,0.0001,144.1250
2024-01-23 21,0.1864,0.0001,124.2500
2024-01-23 22,0.1716,0.0001,123.1875
2024-01-23 23,0.2356,0.0000,102.5625
2024-01-24 00,0.2522,0.0000,113.5000
2024-01-24 01,0.3040,0.0000,122.6875
2024-01-24 02,0.3018,0.0000,114.1250
2024-01-24 03,0.2793,0.0000,111.0625
2024-01-24 04,0.2561,0.0000,123.1250
2024-01-24 05,0.2629,0.0000,122.6875
2024-01-24 06,0.2913,0.0000,122.1250
2024-01-24 07,0.3547,0.0007,138.6250
2024-01-24 08,0.3660,0.0312,123.1250
2024-01-24 09,0.3542,0.1511,94.2500
2024-01-24 10,0.3801,0.3342,70.6250
2024-01-24 11,0.3774,0.4036,66.5625
2024-01-24 12,0.4727,0.4248,81.0625
2024-01-24 13,0.4609,0.5596,66.5625
2024-01-24 14,0.5186,0.5518,90.8750
2024-01-24 15,0.6118,0.3958,75.8125
2024-01-24 16,0.7710,0.1886,76.1875
2024-01-24 17,0.7114,0.0255,97.5000
2024-01-24 18,0.6831,0.0001,80.6250
2024-01-24 19,0.6567,0.0001,80.6875
2024-01-24 20,0.6060,0.0001,85.3750
2024-01-24 21,0.5918,0.0001,76.4375
2024-01-24 22,0.5566,0.0001,74.6250
2024-01-24 23,0.5488,0.0000,71.5625
2024-01-25 00,0.5122,0.0000,80.4375
2024-01-25 01,0.4546,0.0000,71.4375
2024-01-25 02,0.3367,0.0000,64.3750
2024-01-25 03,0.2520,0.0000,79.8750
2024-01-25 04,0.2253,0.0000,109.0000
2024-01-25 05,0.3232,0.0000,130.5000
2024-01-25 06,0.3225,0.0000,140.0000
2024-01-25 07,0.3533,0.0008,112.7500
2024-01-25 08,0.4094,0.0467,93.3125
2024-01-25 09,0.4377,0.1134,76.9375
2024-01-25 10,0.5923,0.2917,32.6875
2024-01-25 11,0.6348,0.3635,25.4375
2024-01-25 12,0.6299,0.3015,60.9062
2024-01-25 13,0.7002,0.3318,35.9375
2024-01-25 14,0.6523,0.1989,68.1875
2024-01-25 15,0.6714,0.1440,79.2500
2024-01-25 16,0.6421,0.0895,93.6875
2024-01-25 17,0.6108,0.0132,82.6250
2024-01-25 18,0.6162,0.0000,81.8125
2024-01-25 19,0.5942,0.0000,66.8750
2024-01-25 20,0.5825,0.0000,88.2500
2024-01-25 21,0.5850,0.0001,50.3750
2024-01-25 22,0.6797,0.0000,50.9688
2024-01-25 23,0.6685,0.0000,42.8750
2024-01-26 00,0.6470,0.0000,56.4375
2024-01-26 01,0.6489,0.0000,60.3750
2024-01-26 02,0.6704,0.0000,55.1875
2024-01-26 03,0.6782,0.0000,61.2812
2024-01-26 04,0.6748,0.0000,72.9375
2024-01-26 05,0.6704,0.0000,79.8125
2024-01-26 06,0.6606,0.0000,75.2500
2024-01-26 07,0.6475,0.0014,82.7500
2024-01-26 08,0.6240,0.0485,61.4375
2024-01-26 09,0.4839,0.0760,51.6250
2024-01-26 10,0.3745,0.1974,51.9375
2024-01-26 11,0.3174,0.2808,67.3750
2024-01-26 12,0.3230,0.2717,60.8750
2024-01-26 13,0.3164,0.3337,61.5625
2024-01-26 14,0.3318,0.2632,55.0000
2024-01-26 15,0.3481,0.2153,84.2500
2024-01-26 16,0.3254,0.1326,92.3750
2024-01-26 17,0.3708,0.0102,93.6250
2024-01-26 18,0.2003,0.0000,126.7500
2024-01-26 19,0.2000,0.0000,124.3125
2024-01-26 20,0.2040,0.0000,95.0625
2024-01-26 21,0.2115,0.0000,98.2500
2024-01-26 22,0.2074,0.0000,114.0625
2024-01-26 23,0.1953,0.0000,106.9375
2024-01-27 00,0.1415,0.0000,97.2500
2024-01-27 01,0.1138,0.0000,82.8125
2024-01-27 02,0.0948,0.0000,81.8125
2024-01-27 03,0.0862,0.0000,83.8750
2024-01-27 04,0.0707,0.0000,95.4375
2024-01-27 05,0.0282,0.0000,90.1875
2024-01-27 06,0.0237,0.0000,118.3750
2024-01-27 07,0.0257,0.0030,115.8125
2024-01-27 08,0.0179,0.1214,92.8750
2024-01-27 09,0.0851,0.3345,64.3125
2024-01-27 10,0.0370,0.5361,59.7500
2024-01-27 11,0.0067,0.6411,37.6562
2024-01-27 12,0.0290,0.6777,49.5312
2024-01-27 13,0.1605,0.6885,20.5781
2024-01-27 14,0.0117,0.5234,67.0625
2024-01-27 15,0.0219,0.3523,60.0938
2024-01-27 16,0.0402,0.1465,103.2500
2024-01-27 17,0.0166,0.0029,128.1250
2024-01-27 18,0.0205,0.0000,115.1875
2024-01-27 19,0.0089,0.0000,138.8750
2024-01-27 20,0.0049,0.0000,137.0000
2024-01-27 21,0.0141,0.0001,143.3750
2024-01-27 22,0.0031,0.0000,137.6250
2024-01-27 23,0.0204,0.0000,129.1250
2024-01-28 00,0.0056,0.0000,122.4375
2024-01-28 01,0.0119,0.0000,123.4375
2024-01-28 02,0.0310,0.0000,136.2500
2024-01-28 03,0.0396,0.0000,139.8750
2024-01-28 04,0.0660,0.0000,122.1250
2024-01-28 05,0.0903,0.0000,114.6250
2024-01-28 06,0.0161,0.0000,112.8125
2024-01-28 07,0.0522,0.0016,103.0000
2024-01-28 08,0.0535,0.0610,77.5000
2024-01-28 09,0.0345,0.2010,83.3750
2024-01-28 10,0.1184,0.2681,71.5000
2024-01-28 11,0.1232,0.3247,86.3125
2024-01-28 12,0.1855,0.3247,67.2500
2024-01-28 13,0.2124,0.3472,44.3438
2024-01-28 14,0.2007,0.3501,80.5000
2024-01-28 15,0.2717,0.3262,69.3750
2024-01-28 16,0.3186,0.1505,91.9375
2024-01-28 17,0.3752,0.0149,101.7500
2024-01-28 18,0.4180,0.0000,86.6250
2024-01-28 19,0.4197,0.0000,87.5000
2024-01-28 20,0.4463,0.0000,84.6875
2024-01-28 21,0.4167,0.0000,89.7500
2024-01-28 22,0.4119,0.0000,83.8125
2024-01-28 23,0.4045,0.0000,78.9375
2024-01-29 00,0.4294,0.0000,100.1875
2024-01-29 01,0.3833,0.0000,116.7500
2024-01-29 02,0.3616,0.0000,109.5000
2024-01-29 03,0.3716,0.0000,104.1250
2024-01-29 04,0.3694,0.0000,115.3750
2024-01-29 05,0.3142,0.0000,138.3750
2024-01-29 06,0.2959,0.0000,144.1250
2024-01-29 07,0.3110,0.0008,137.6250
2024-01-29 08,0.2771,0.0286,131.5000
2024-01-29 09,0.2793,0.1145,132.3750
2024-01-29 10,0.2407,0.1842,130.2500
2024-01-29 11,0.2764,0.2124,125.8750
2024-01-29 12,0.2781,0.2397,128.2500
2024-01-29 13,0.2791,0.2710,115.0000
2024-01-29 14,0.2825,0.1713,123.3125
2024-01-29 15,0.2710,0.2030,112.6875
2024-01-29 16,0.2534,0.0901,127.0000
2024-01-29 17,0.2310,0.0111,158.3750
2024-01-29 18,0.2314,0.0000,157.0000
2024-01-29 19,0.1322,0.0000,164.1250
2024-01-29 20,0.1310,0.0000,152.1250
2024-01-29 21,0.1041,0.0000,157.6250
2024-01-29 22,0.0903,0.0000,125.1250
2024-01-29 23,0.0710,0.0000,125.9375
2024-01-30 00,0.0442,0.0000,95.1875
2024-01-30 01,0.0585,0.0000,96.4375
2024-01-30 02,0.0809,0.0000,89.5625
2024-01-30 03,0.1081,0.0000,100.8750
2024-01-30 04,0.3159,0.0000,83.1250
2024-01-30 05,0.3145,0.0000,88.1250
2024-01-30 06,0.3403,0.0000,109.6250
2024-01-30 07,0.4004,0.0015,97.6250
2024-01-30 08,0.4180,0.0591,77.7500
2024-01-30 09,0.4272,0.2058,64.5625
2024-01-30 10,0.4207,0.3403,70.4375
2024-01-30 11,0.4753,0.4209,43.5625
2024-01-30 12,0.4709,0.5181,58.6250
2024-01-30 13,0.4331,0.5254,70.0000
2024-01-30 14,0.3425,0.4282,91.6875
2024-01-30 15,0.3401,0.3430,101.8750
2024-01-30 16,0.3755,0.1595,114.0625
2024-01-30 17,0.3755,0.0134,106.8125
2024-01-30 18,0.3401,0.0000,136.6250
2024-01-30 19,0.3818,0.0000,125.3750
2024-01-30 20,0.4556,0.0001,100.1250
2024-01-30 21,0.4866,0.0000,97.4375
2024-01-30 22,0.5347,0.0000,94.3750
2024-01-30 23,0.5088,0.0000,79.8750
2024-01-31 00,0.3706,0.0000,93.4375
2024-01-31 01,0.3606,0.0000,83.6875
2024-01-31 02,0.3281,0.0000,83.7500
2024-01-31 03,0.3347,0.0000,89.9375
2024-01-31 04,0.3655,0.0000,115.9375
2024-01-31 05,0.2389,0.0000,138.2500
2024-01-31 06,0.2491,0.0000,123.8750
2024-01-31 07,0.2761,0.0016,107.5625
2024-01-31 08,0.3142,0.0663,84.8750
2024-01-31 09,0.3342,0.1953,80.1875
2024-01-31 10,0.2917,0.3169,85.4375
2024-01-31 11,0.2476,0.4421,74.3125
2024-01-31 12,0.2389,0.4700,87.8125
2024-01-31 13,0.2529,0.4690,65.0625
2024-01-31 14,0.3616,0.4316,65.7500
2024-01-31 15,0.3789,0.3064,79.2500
2024-01-31 16,0.3679,0.1512,99.5000
2024-01-31 17,0.3643,0.0113,103.8750
2024-01-31 18,0.3152,0.0000,131.7500
2024-01-31 19,0.3096,0.0000,139.2500
2024-01-31 20,0.2778,0.0000,143.0000
2024-01-31 21,0.2976,0.0001,125.5625
2024-01-31 22,0.3237,0.0000,105.0625
2024-01-31 23,0.3655,0.0000,97.9375
2024-02-01 00,0.4155,0.0000,104.5625
2024-02-01 01,0.4192,0.0000,91.3750
2024-02-01 02,0.3821,0.0000,77.8750
2024-02-01 03,0.3477,0.0000,75.1875
2024-02-01 04,0.3169,0.0000,100.1875
2024-02-01 05,0.3298,0.0000,112.8125
2024-02-01 06,0.2379,0.0000,108.6875
2024-02-01 07,0.2450,0.0027,127.6250
2024-02-01 08,0.2334,0.0865,107.2500
2024-02-01 09,0.2025,0.2462,103.9375
2024-02-01 10,0.1764,0.2937,84.5625
2024-02-01 11,0.1635,0.3787,100.2500
2024-02-01 12,0.1729,0.3906,93.3750
2024-02-01 13,0.1650,0.2954,108.5625
2024-02-01 14,0.1355,0.2930,107.5000
2024-02-01 15,0.2150,0.1963,104.6250
2024-02-01 16,0.1836,0.1853,108.8750
2024-02-01 17,0.0988,0.0354,116.3750
2024-02-01 18,0.0564,0.0002,132.7500
2024-02-01 19,0.0156,0.0000,150.5000
2024-02-01 20,0.0008,0.0000,136.2500
2024-02-01 21,0.0515,0.0000,132.3750
2024-02-01 22,0.0122,0.0000,138.7500
2024-02-01 23,0.0460,0.0000,125.8750
2024-02-02 00,0.0463,0.0000,93.4375
2024-02-02 01,0.0017,0.0000,92.1875
2024-02-02 02,0.0199,0.0000,108.1250
2024-02-02 03,0.0460,0.0000,95.3750
2024-02-02 04,0.0376,0.0000,103.3125
2024-02-02 05,0.0473,0.0000,101.6250
2024-02-02 06,0.0060,0.0000,109.0625
2024-02-02 07,0.0069,0.0008,112.0625
2024-02-02 08,0.0011,0.0897,124.8125
2024-02-02 09,0.0356,0.2479,107.0000
2024-02-02 10,0.0069,0.3313,115.5625
2024-02-02 11,0.0019,0.3286,135.5000
2024-02-02 12,0.0079,0.3950,116.5000
2024-02-02 13,0.0176,0.3372,121.7500
2024-02-02 14,0.0587,0.2629,128.8750
2024-02-02 15,0.0765,0.1715,142.5000
2024-02-02 16,0.0806,0.1439,150.5000
2024-02-02 17,0.0883,0.0323,149.8750
2024-02-02 18,0.0819,0.0007,174.8750
2024-02-02 19,0.0871,0.0000,181.7500
2024-02-02 20,0.1017,0.0000,134.6250
2024-02-02 21,0.1033,0.0000,130.2500
2024-02-02 22,0.1436,0.0000,25.4844
2024-02-02 23,0.1549,0.0000,37.0938
2024-02-03 00,0.1639,0.0000,4.4844
2024-02-03 01,0.1577,0.0000,10.3594
2024-02-03 02,0.1663,0.0000,10.8438
2024-02-03 03,0.1853,0.0000,28.1719
2024-02-03 04,0.2107,0.0000,25.0000
2024-02-03 05,0.2571,0.0000,1.8213
2024-02-03 06,0.1956,0.0000,26.8906
2024-02-03 07,0.1891,0.0116,11.8125
2024-02-03 08,0.1805,0.1509,97.6250
2024-02-03 09,0.1541,0.3826,84.6875
2024-02-03 10,0.1165,0.6069,62.3125
2024-02-03 11,0.1206,0.6455,60.6250
2024-02-03 12,0.1545,0.6333,46.7500
2024-02-03 13,0.1825,0.5864,34.2188
2024-02-03 14,0.1989,0.4900,54.9062
2024-02-03 15,0.2144,0.3623,47.1562
2024-02-03 16,0.2097,0.2764,56.1562
2024-02-03 17,0.2070,0.0804,99.3125
2024-02-03 18,0.1796,0.0023,126.2500
2024-02-03 19,0.1554,0.0000,162.3750
2024-02-03 20,0.1765,0.0000,138.3750
2024-02-03 21,0.1364,0.0000,132.7500
2024-02-03 22,0.1113,0.0000,127.4375
2024-02-03 23,0.0895,0.0000,114.1250
2024-02-04 00,0.0655,0.0000,115.6250
2024-02-04 01,0.0097,0.0000,115.1875
2024-02-04 02,0.0224,0.0000,123.1250
2024-02-04 03,0.0049,0.0000,131.8750
2024-02-04 04,0.0028,0.0000,120.0000
2024-02-04 05,0.0034,0.0000,111.4375
2024-02-04 06,0.0219,0.0000,96.5000
2024-02-04 07,0.0671,0.0035,81.1250
2024-02-04 08,0.0711,0.1450,59.4062
2024-02-04 09,0.0063,0.3447,63.6250
2024-02-04 10,0.0444,0.5244,45.5938
2024-02-04 11,0.0425,0.5659,55.4062
2024-02-04 12,0.0388,0.5781,69.5625
2024-02-04 13,0.0534,0.5249,79.6250
2024-02-04 14,0.0390,0.5210,72.6250
2024-02-04 15,0.1006,0.4521,79.0625
2024-02-04 16,0.0181,0.3640,82.6875
2024-02-04 17,0.0478,0.1130,187.5000
2024-02-04 18,0.0020,0.0025,158.8750
2024-02-04 19,0.0457,0.0000,154.0000
2024-02-04 20,0.0102,0.0000,165.2500
2024-02-04 21,0.0192,0.0000,155.0000
2024-02-04 22,0.0210,0.0000,148.5000
2024-02-04 23,0.0379,0.0000,120.1250
2024-02-05 00,0.0515,0.0000,115.3750
2024-02-05 01,0.0564,0.0000,120.1250
2024-02-05 02,0.0652,0.0000,107.2500
2024-02-05 03,0.0819,0.0000,120.3125
2024-02-05 04,0.0847,0.0000,108.5000
2024-02-05 05,0.1315,0.0000,103.2500
2024-02-05 06,0.1394,0.0000,121.0625
2024-02-05 07,0.1456,0.0167,132.7500
2024-02-05 08,0.1249,0.1852,113.8125
2024-02-05 09,0.0746,0.4094,126.0000
2024-02-05 10,0.0464,0.5820,127.3750
2024-02-05 11,0.0307,0.6450,110.7500
2024-02-05 12,0.0129,0.7036,98.4375
2024-02-05 13,0.0455,0.6631,100.3125
2024-02-05 14,0.0863,0.6479,90.5625
2024-02-05 15,0.1149,0.5449,87.2500
2024-02-05 16,0.2117,0.3589,97.4375
2024-02-05 17,0.2375,0.1019,116.8750
2024-02-05 18,0.2734,0.0015,133.8750
2024-02-05 19,0.3076,0.0000,126.0000
2024-02-05 20,0.2734,0.0000,110.7500
2024-02-05 21,0.2688,0.0000,109.5625
2024-02-05 22,0.3196,0.0000,107.4375
2024-02-05 23,0.3855,0.0000,98.8750
2024-02-06 00,0.3872,0.0000,94.0625
2024-02-06 01,0.4280,0.0000,109.3125
2024-02-06 02,0.4551,0.0000,104.2500
2024-02-06 03,0.3477,0.0000,112.5625
2024-02-06 04,0.3623,0.0000,109.9375
2024-02-06 05,0.4094,0.0000,116.0000
2024-02-06 06,0.4375,0.0000,123.5000
2024-02-06 07,0.4700,0.0249,121.8750
2024-02-06 08,0.4460,0.2416,103.8125
2024-02-06 09,0.4644,0.5146,82.6250
2024-02-06 10,0.5059,0.6484,36.1562
2024-02-06 11,0.5093,0.7061,35.2500
2024-02-06 12,0.5288,0.7349,41.9062
2024-02-06 13,0.5669,0.7329,53.5312
2024-02-06 14,0.6455,0.6797,63.6875
2024-02-06 15,0.7324,0.5547,53.0000
2024-02-06 16,0.7876,0.3201,62.8438
2024-02-06 17,0.7803,0.0930,89.5625
2024-02-06 18,0.7358,0.0014,88.4375
2024-02-06 19,0.7310,0.0000,98.3125
2024-02-06 20,0.6997,0.0001,75.9375
2024-02-06 21,0.6919,0.0001,76.0625
2024-02-06 22,0.6289,0.0000,89.4375
2024-02-06 23,0.5996,0.0000,81.9375
2024-02-07 00,0.5952,0.0000,142.0000
2024-02-07 01,0.5732,0.0000,142.0000
2024-02-07 02,0.5840,0.0000,77.6250
2024-02-07 03,0.5952,0.0000,55.0312
2024-02-07 04,0.5918,0.0000,56.3750
2024-02-07 05,0.5742,0.0000,91.8125
2024-02-07 06,0.5737,0.0000,94.8125
2024-02-07 07,0.4763,0.0030,117.3125
2024-02-07 08,0.4570,0.0992,20.5312
2024-02-07 09,0.3967,0.2250,93.2500
2024-02-07 10,0.3057,0.2905,116.5625
2024-02-07 11,0.2744,0.4102,105.5000
2024-02-07 12,0.1820,0.5356,94.3750
2024-02-07 13,0.1754,0.6240,92.0000
2024-02-07 14,0.2059,0.4802,9.5703
2024-02-07 15,0.1768,0.4458,22.0156
2024-02-07 16,0.1461,0.2966,37.5312
2024-02-07 17,0.1396,0.0714,43.7188
2024-02-07 18,0.1456,0.0012,74.8750
2024-02-07 19,0.0829,0.0000,82.6250
2024-02-07 20,0.1522,0.0000,70.2500
2024-02-07 21,0.1940,0.0000,35.5938
2024-02-07 22,0.1934,0.0000,110.5000
2024-02-07 23,0.2057,0.0000,104.9375
2024-02-08 00,0.2164,0.0000,80.8750
2024-02-08 01,0.2148,0.0000,68.3125
2024-02-08 02,0.1521,0.0000,79.5000
2024-02-08 03,0.1394,0.0000,106.2500
2024-02-08 04,0.1237,0.0000,128.5000
2024-02-08 05,0.1142,0.0000,154.5000
2024-02-08 06,0.1281,0.0000,166.2500
2024-02-08 07,0.1370,0.0058,159.5000
2024-02-08 08,0.1700,0.0602,147.1250
2024-02-08 09,0.1642,0.1877,136.7500
2024-02-08 10,0.1342,0.3777,130.6250
2024-02-08 11,0.1544,0.5068,134.1250
2024-02-08 12,0.2175,0.5439,126.7500
2024-02-08 13,0.1069,0.5605,155.0000
2024-02-08 14,0.1022,0.4854,129.8750
2024-02-08 15,0.1360,0.3086,125.6875
2024-02-08 16,0.1407,0.1666,123.8125
2024-02-08 17,0.0266,0.0261,141.8750
2024-02-08 18,0.0008,0.0000,163.6250
2024-02-08 19,0.0013,0.0000,177.6250
2024-02-08 20,0.0479,0.0000,168.0000
2024-02-08 21,0.0882,0.0000,156.3750
2024-02-08 22,0.1071,0.0000,162.5000
2024-02-08 23,0.1661,0.0000,146.6250
2024-02-09 00,0.2037,0.0000,128.8750
2024-02-09 01,0.2032,0.0000,119.5000
2024-02-09 02,0.2180,0.0000,103.6250
2024-02-09 03,0.2925,0.0000,96.0000
2024-02-09 04,0.3093,0.0000,100.7500
2024-02-09 05,0.2844,0.0000,118.3125
2024-02-09 06,0.3059,0.0000,125.1875
2024-02-09 07,0.3423,0.0066,150.8750
2024-02-09 08,0.3787,0.0880,143.6250
2024-02-09 09,0.3848,0.2717,128.0000
2024-02-09 10,0.4453,0.3801,87.0000
2024-02-09 11,0.4790,0.5137,64.6875
2024-02-09 12,0.5044,0.4924,62.3125
2024-02-09 13,0.4736,0.4885,83.1250
2024-02-09 14,0.4053,0.4331,97.7500
2024-02-09 15,0.3918,0.3240,97.0625
2024-02-09 16,0.3682,0.2222,108.2500
2024-02-09 17,0.3484,0.0333,128.2500
2024-02-09 18,0.3225,0.0000,135.1250
2024-02-09 19,0.3018,0.0000,147.5000
2024-02-09 20,0.3416,0.0000,144.7500
2024-02-09 21,0.4619,0.0000,121.0000
2024-02-09 22,0.4712,0.0000,131.5000
2024-02-09 23,0.4668,0.0000,120.9375
2024-02-10 00,0.4612,0.0000,128.2500
2024-02-10 01,0.4612,0.0000,104.0625
2024-02-10 02,0.4592,0.0000,115.4375
2024-02-10 03,0.4382,0.0000,114.1875
2024-02-10 04,0.4067,0.0000,98.5000
2024-02-10 05,0.3503,0.0000,105.8125
2024-02-10 06,0.3257,0.0000,96.6250
2024-02-10 07,0.3135,0.0166,78.5000
2024-02-10 08,0.3525,0.1643,44.2188
2024-02-10 09,0.3191,0.4221,22.3750
2024-02-10 10,0.3274,0.5771,23.1094
2024-02-10 11,0.3118,0.7061,30.1250
2024-02-10 12,0.4160,0.7349,28.8125
2024-02-10 13,0.4583,0.7095,34.1875
2024-02-10 14,0.5146,0.6299,45.6250
2024-02-10 15,0.5430,0.5186,29.7344
2024-02-10 16,0.6021,0.2993,46.5000
2024-02-10 17,0.6187,0.0726,63.6875
2024-02-10 18,0.5630,0.0007,93.8125
2024-02-10 19,0.5063,0.0000,104.6875
2024-02-10 20,0.5239,0.0000,109.6875
2024-02-10 21,0.5200,0.0000,102.4375
2024-02-10 22,0.5098,0.0000,113.3750
2024-02-10 23,0.5054,0.0000,102.1875
2024-02-11 00,0.4878,0.0000,98.3125
2024-02-11 01,0.4419,0.0000,89.6250
2024-02-11 02,0.4963,0.0000,68.1875
2024-02-11 03,0.5381,0.0000,66.3125
2024-02-11 04,0.5913,0.0000,79.0625
2024-02-11 05,0.6255,0.0000,80.1875
2024-02-11 06,0.6821,0.0000,58.4062
2024-02-11 07,0.6685,0.0206,62.3438
2024-02-11 08,0.5664,0.1772,50.3125
2024-02-11 09,0.5469,0.4353,38.9062
2024-02-11 10,0.5967,0.5791,45.6875
2024-02-11 11,0.5449,0.7061,22.3594
2024-02-11 12,0.5840,0.7349,5.8945
2024-02-11 13,0.5981,0.7329,18.4219
2024-02-11 14,0.7290,0.6797,20.4688
2024-02-11 15,0.7563,0.5356,37.5000
2024-02-11 16,0.7925,0.2937,75.1875
2024-02-11 17,0.8384,0.0662,76.3125
2024-02-11 18,0.8433,0.0007,85.2500
2024-02-11 19,0.8247,0.0000,87.9375
2024-02-11 20,0.8335,0.0000,74.0625
2024-02-11 21,0.8394,0.0000,72.2500
2024-02-11 22,0.8545,0.0000,50.0938
2024-02-11 23,0.8574,0.0000,32.2812
2024-02-12 00,0.7324,0.0000,45.8125
2024-02-12 01,0.7837,0.0000,66.8125
2024-02-12 02,0.7197,0.0000,80.6250
2024-02-12 03,0.6885,0.0000,60.7812
2024-02-12 04,0.6011,0.0000,80.0625
2024-02-12 05,0.5815,0.0000,96.1250
2024-02-12 06,0.5903,0.0000,89.6250
2024-02-12 07,0.7017,0.0174,67.2500
2024-02-12 08,0.6943,0.1724,33.4688
2024-02-12 09,0.6079,0.3928,36.4688
2024-02-12 10,0.5229,0.4993,56.3750
2024-02-12 11,0.5234,0.5244,45.5625
2024-02-12 12,0.5142,0.5996,41.0312
2024-02-12 13,0.4626,0.6167,53.3125
2024-02-12 14,0.5273,0.5781,71.6250
2024-02-12 15,0.6934,0.4731,93.5000
2024-02-12 16,0.7710,0.3125,77.0625
2024-02-12 17,0.7485,0.0831,98.3750
2024-02-12 18,0.7383,0.0012,126.9375
2024-02-12 19,0.7324,0.0000,130.3750
2024-02-12 20,0.7197,0.0000,89.8125
2024-02-12 21,0.7056,0.0000,84.3125
2024-02-12 22,0.6968,0.0000,93.7500
2024-02-12 23,0.6904,0.0000,86.3125
2024-02-13 00,0.6548,0.0000,78.6250
2024-02-13 01,0.5928,0.0000,78.3125
2024-02-13 02,0.6602,0.0000,69.5000
2024-02-13 03,0.6821,0.0000,77.6250
2024-02-13 04,0.6763,0.0000,54.0312
2024-02-13 05,0.6177,0.0000,94.2500
2024-02-13 06,0.6235,0.0000,77.0625
2024-02-13 07,0.6797,0.0160,81.6250
2024-02-13 08,0.7178,0.1599,58.0312
2024-02-13 09,0.7549,0.3235,58.0938
2024-02-13 10,0.8008,0.4348,52.8125
2024-02-13 11,0.8765,0.5029,44.7500
2024-02-13 12,0.9004,0.5054,28.4062
2024-02-13 13,0.8730,0.5103,33.3125
2024-02-13 14,0.9009,0.4434,27.6406
2024-02-13 15,0.9097,0.3647,21.1406
2024-02-13 16,0.9326,0.2446,30.9844
2024-02-13 17,0.9297,0.0554,46.9062
2024-02-13 18,0.8657,0.0001,95.1250
2024-02-13 19,0.8936,0.0000,69.3750
2024-02-13 20,0.8921,0.0000,44.5938
2024-02-13 21,0.8979,0.0000,38.5625
2024-02-13 22,0.8755,0.0000,48.5938
2024-02-13 23,0.8647,0.0000,47.1562
2024-02-14 00,0.9106,0.0000,41.0000
2024-02-14 01,0.8442,0.0000,52.1562
2024-02-14 02,0.8999,0.0000,62.2188
2024-02-14 03,0.8901,0.0000,46.2500
2024-02-14 04,0.8408,0.0000,51.5312
2024-02-14 05,0.8306,0.0000,60.1562
2024-02-14 06,0.7822,0.0000,63.8438
2024-02-14 07,0.7764,0.0190,72.1875
2024-02-14 08,0.6489,0.1516,71.4375
2024-02-14 09,0.5454,0.3420,82.4375
2024-02-14 10,0.3635,0.4055,99.2500
2024-02-14 11,0.3528,0.4983,95.1250
2024-02-14 12,0.3801,0.5259,90.6875
2024-02-14 13,0.4058,0.4495,102.5625
2024-02-14 14,0.3040,0.4111,125.6875
2024-02-14 15,0.2749,0.3770,130.6250
2024-02-14 16,0.2471,0.2524,134.7500
2024-02-14 17,0.2229,0.0594,154.3750
2024-02-14 18,0.1896,0.0013,155.1250
2024-02-14 19,0.2091,0.0000,153.1250
2024-02-14 20,0.2400,0.0000,114.5625
2024-02-14 21,0.2788,0.0000,97.2500
2024-02-14 22,0.2981,0.0000,100.7500
2024-02-14 23,0.3154,0.0000,95.0000
2024-02-15 00,0.4033,0.0000,92.6875
2024-02-15 01,0.3745,0.0000,109.1250
2024-02-15 02,0.3684,0.0000,89.5000
2024-02-15 03,0.3364,0.0000,95.0625
2024-02-15 04,0.3259,0.0000,92.6250
2024-02-15 05,0.3171,0.0000,95.8750
2024-02-15 06,0.2446,0.0000,117.4375
2024-02-15 07,0.2371,0.0188,129.7500
2024-02-15 08,0.0916,0.1432,118.6250
2024-02-15 09,0.0578,0.3557,94.8750
2024-02-15 10,0.0483,0.4404,78.8750
2024-02-15 11,0.0568,0.4304,105.8750
2024-02-15 12,0.0768,0.5054,116.2500
2024-02-15 13,0.0776,0.4700,112.3750
2024-02-15 14,0.0881,0.3777,121.5000
2024-02-15 15,0.0630,0.3582,129.5000
2024-02-15 16,0.0860,0.2605,148.8750
2024-02-15 17,0.1083,0.0510,164.2500
2024-02-15 18,0.1381,0.0010,151.8750
2024-02-15 19,0.1365,0.0000,153.6250
2024-02-15 20,0.1447,0.0000,127.5000
2024-02-15 21,0.1465,0.0000,99.8125
2024-02-15 22,0.1522,0.0000,113.4375
2024-02-15 23,0.1186,0.0000,90.8750
2024-02-16 00,0.1278,0.0000,94.1875
2024-02-16 01,0.1964,0.0000,91.8750
2024-02-16 02,0.2391,0.0000,70.2500
2024-02-16 03,0.1664,0.0000,65.6875
2024-02-16 04,0.1464,0.0000,80.3125
2024-02-16 05,0.1941,0.0000,94.3750
2024-02-16 06,0.2255,0.0000,114.0000
2024-02-16 07,0.2324,0.0004,110.1250
2024-02-16 08,0.2111,0.0151,124.7500
2024-02-16 09,0.2278,0.0451,114.5625
2024-02-16 10,0.2686,0.0807,88.9375
2024-02-16 11,0.3220,0.0695,63.7812
2024-02-16 12,0.3462,0.0711,63.7188
2024-02-16 13,0.3948,0.0821,17.3750
2024-02-16 14,0.3596,0.0408,28.5781
2024-02-16 15,0.3376,0.1207,21.9844
2024-02-16 16,0.3245,0.0914,35.9688
2024-02-16 17,0.3022,0.0255,45.0625
2024-02-16 18,0.2981,0.0010,125.3125
2024-02-16 19,0.2717,0.0000,121.5625
2024-02-16 20,0.2700,0.0000,126.5625
2024-02-16 21,0.2086,0.0000,107.3750
2024-02-16 22,0.1813,0.0000,50.5312
2024-02-16 23,0.1510,0.0000,41.4375
2024-02-17 00,0.1698,0.0000,33.1562
2024-02-17 01,0.1804,0.0000,10.7031
2024-02-17 02,0.1659,0.0000,121.5625
2024-02-17 03,0.1633,0.0000,116.2500
2024-02-17 04,0.1567,0.0000,105.5625
2024-02-17 05,0.1379,0.0000,98.4375
2024-02-17 06,0.1141,0.0000,79.1875
2024-02-17 07,0.1671,0.0021,74.0625
2024-02-17 08,0.2124,0.0323,88.3750
2024-02-17 09,0.2561,0.0666,66.7500
2024-02-17 10,0.3037,0.1820,60.1875
2024-02-17 11,0.2842,0.2428,55.9688
2024-02-17 12,0.2520,0.3728,56.9688
2024-02-17 13,0.2639,0.3540,42.8438
2024-02-17 14,0.2173,0.3044,45.6875
2024-02-17 15,0.2111,0.2966,53.6250
2024-02-17 16,0.0664,0.1974,85.1875
2024-02-17 17,0.0417,0.0410,130.0000
2024-02-17 18,0.0550,0.0005,122.2500
2024-02-17 19,0.0782,0.0000,133.2500
2024-02-17 20,0.1476,0.0000,134.1250
2024-02-17 21,0.1224,0.0000,133.3750
2024-02-17 22,0.1163,0.0000,123.7500
2024-02-17 23,0.0596,0.0000,110.5625
2024-02-18 00,0.0365,0.0000,106.9375
2024-02-18 01,0.0192,0.0000,128.3750
2024-02-18 02,0.0052,0.0000,120.1250
2024-02-18 03,0.0098,0.0000,121.1250
2024-02-18 04,0.0132,0.0000,125.4375
2024-02-18 05,0.0458,0.0000,126.5000
2024-02-18 06,0.0833,0.0000,112.1250
2024-02-18 07,0.0538,0.0077,115.3125
2024-02-18 08,0.0482,0.0900,126.8750
2024-02-18 09,0.0508,0.1964,109.1250
2024-02-18 10,0.0385,0.3496,92.3125
2024-02-18 11,0.0263,0.4353,74.0625
2024-02-18 12,0.0339,0.5122,57.7188
2024-02-18 13,0.0449,0.5640,66.3125
2024-02-18 14,0.0909,0.4666,51.5000
2024-02-18 15,0.1213,0.3813,65.2500
2024-02-18 16,0.1338,0.2239,80.0625
2024-02-18 17,0.1284,0.0459,110.5000
2024-02-18 18,0.1018,0.0010,122.8125
2024-02-18 19,0.0952,0.0000,142.1250
2024-02-18 20,0.1688,0.0000,131.8750
2024-02-18 21,0.1783,0.0000,111.6250
2024-02-18 22,0.1971,0.0000,104.1250
2024-02-18 23,0.2571,0.0000,101.6250
2024-02-19 00,0.2576,0.0000,110.6250
2024-02-19 01,0.2991,0.0000,111.3125
2024-02-19 02,0.3350,0.0000,100.3750
2024-02-19 03,0.3220,0.0000,102.6875
2024-02-19 04,0.2646,0.0000,118.0000
2024-02-19 05,0.2534,0.0000,137.1250
2024-02-19 06,0.2659,0.0000,151.2500
2024-02-19 07,0.2590,0.0031,148.5000
2024-02-19 08,0.2334,0.0462,128.7500
2024-02-19 09,0.1890,0.0775,152.2500
2024-02-19 10,0.1787,0.1060,171.7500
2024-02-19 11,0.1836,0.1046,150.0000
2024-02-19 12,0.1631,0.1843,126.9375
2024-02-19 13,0.1809,0.1996,123.6250
2024-02-19 14,0.2935,0.0820,132.6250
2024-02-19 15,0.3230,0.0946,123.7500
2024-02-19 16,0.3596,0.1069,130.8750
2024-02-19 17,0.3708,0.0069,131.8750
2024-02-19 18,0.3845,0.0000,150.6250
2024-02-19 19,0.3972,0.0000,141.6250
2024-02-19 20,0.4841,0.0000,127.8125
2024-02-19 21,0.4294,0.0000,107.8750
2024-02-19 22,0.4255,0.0000,108.2500
2024-02-19 23,0.3638,0.0000,104.3750
2024-02-20 00,0.2986,0.0000,94.4375
2024-02-20 01,0.2473,0.0000,93.4375
2024-02-20 02,0.2462,0.0000,100.0000
2024-02-20 03,0.2031,0.0000,95.6875
2024-02-20 04,0.2008,0.0000,97.9375
2024-02-20 05,0.2030,0.0000,126.8750
2024-02-20 06,0.1902,0.0000,147.0000
2024-02-20 07,0.2437,0.0004,142.2500
2024-02-20 08,0.1686,0.0151,134.5000
2024-02-20 09,0.1481,0.0451,116.1875
2024-02-20 10,0.2430,0.0598,112.1875
2024-02-20 11,0.2703,0.0695,121.7500
2024-02-20 12,0.3513,0.0711,127.2500
2024-02-20 13,0.3479,0.0627,115.6875
2024-02-20 14,0.3162,0.0365,128.5000
2024-02-20 15,0.3054,0.0191,134.8750
2024-02-20 16,0.3586,0.0205,138.2500
2024-02-20 17,0.5156,0.0016,144.6250
2024-02-20 18,0.4565,0.0000,136.5000
2024-02-20 19,0.4399,0.0000,150.8750
2024-02-20 20,0.4956,0.0000,128.3750
2024-02-20 21,0.5181,0.0000,107.0000
2024-02-20 22,0.5386,0.0000,101.8750
2024-02-20 23,0.5679,0.0000,78.8750
2024-02-21 00,0.7065,0.0000,73.3125
2024-02-21 01,0.7212,0.0000,60.4688
2024-02-21 02,0.7642,0.0000,69.0625
2024-02-21 03,0.7788,0.0000,79.2500
2024-02-21 04,0.7896,0.0000,52.6562
2024-02-21 05,0.8364,0.0000,61.0312
2024-02-21 06,0.8652,0.0000,78.1250
2024-02-21 07,0.8062,0.0147,74.6250
2024-02-21 08,0.7891,0.1027,82.7500
2024-02-21 09,0.7681,0.2303,62.9375
2024-02-21 10,0.7480,0.2316,51.0625
2024-02-21 11,0.7139,0.2551,55.7812
2024-02-21 12,0.7021,0.2964,55.0000
2024-02-21 13,0.6597,0.2437,62.9375
2024-02-21 14,0.7163,0.2349,52.3750
2024-02-21 15,0.7231,0.1210,68.3750
2024-02-21 16,0.6948,0.0765,73.4375
2024-02-21 17,0.6685,0.0099,125.1875
2024-02-21 18,0.6411,0.0000,118.3125
2024-02-21 19,0.6060,0.0000,117.5000
2024-02-21 20,0.6001,0.0000,122.4375
2024-02-21 21,0.5762,0.0000,113.4375
2024-02-21 22,0.5522,0.0000,126.9375
2024-02-21 23,0.5469,0.0000,102.9375
2024-02-22 00,0.5073,0.0000,99.6250
2024-02-22 01,0.4871,0.0000,85.6875
2024-02-22 02,0.4646,0.0000,91.6875
2024-02-22 03,0.4629,0.0000,98.3750
2024-02-22 04,0.4829,0.0000,103.3750
2024-02-22 05,0.4534,0.0000,111.5000
2024-02-22 06,0.4517,0.0000,114.5000
2024-02-22 07,0.4556,0.0216,94.6250
2024-02-22 08,0.3386,0.1313,102.1250
2024-02-22 09,0.3044,0.2603,84.6875
2024-02-22 10,0.2288,0.2423,94.5000
2024-02-22 11,0.1578,0.2012,137.0000
2024-02-22 12,0.1816,0.1149,141.2500
2024-02-22 13,0.1825,0.0557,138.5000
2024-02-22 14,0.0938,0.1012,123.0625
2024-02-22 15,0.0615,0.1058,201.0000
2024-02-22 16,0.0376,0.0576,201.1250
2024-02-22 17,0.0051,0.0058,146.7500
2024-02-22 18,0.0146,0.0001,156.3750
2024-02-22 19,0.0303,0.0000,166.0000
2024-02-22 20,0.0370,0.0000,155.5000
2024-02-22 21,0.0192,0.0000,134.8750
2024-02-22 22,0.0084,0.0000,129.3750
2024-02-22 23,0.1288,0.0000,117.1875
2024-02-23 00,0.0425,0.0000,123.0625
2024-02-23 01,0.0356,0.0000,145.3750
2024-02-23 02,0.0137,0.0000,140.5000
2024-02-23 03,0.0361,0.0000,167.3750
2024-02-23 04,0.0434,0.0000,170.5000
2024-02-23 05,0.0405,0.0000,176.0000
2024-02-23 06,0.0670,0.0000,172.7500
2024-02-23 07,0.1164,0.0065,166.6250
2024-02-23 08,0.0961,0.0594,161.3750
2024-02-23 09,0.0766,0.2249,153.0000
2024-02-23 10,0.0865,0.3030,151.2500
2024-02-23 11,0.1337,0.2847,159.5000
2024-02-23 12,0.1578,0.2795,165.0000
2024-02-23 13,0.1982,0.2559,147.1250
2024-02-23 14,0.2015,0.2771,141.1250
2024-02-23 15,0.2108,0.2213,134.1250
2024-02-23 16,0.2622,0.1223,155.5000
2024-02-23 17,0.2588,0.0217,162.7500
2024-02-23 18,0.1952,0.0000,174.1250
2024-02-23 19,0.1697,0.0000,167.5000
2024-02-23 20,0.1926,0.0000,165.7500
2024-02-23 21,0.2410,0.0000,142.2500
2024-02-23 22,0.2954,0.0000,141.7500
2024-02-23 23,0.3010,0.0000,137.3750
2024-02-24 00,0.3091,0.0000,111.9375
2024-02-24 01,0.3230,0.0000,118.0625
2024-02-24 02,0.3374,0.0000,118.1250
2024-02-24 03,0.3682,0.0000,120.6875
2024-02-24 04,0.3865,0.0000,102.0000
2024-02-24 05,0.4258,0.0000,95.6250
2024-02-24 06,0.4053,0.0000,101.1250
2024-02-24 07,0.4072,0.0144,101.6875
2024-02-24 08,0.4031,0.1270,91.6875
2024-02-24 09,0.3252,0.3337,98.3750
2024-02-24 10,0.2571,0.4282,110.8750
2024-02-24 11,0.2947,0.3821,120.3125
2024-02-24 12,0.3445,0.3462,120.6875
2024-02-24 13,0.3848,0.3083,131.0000
2024-02-24 14,0.3564,0.3779,100.6875
2024-02-24 15,0.3845,0.2411,94.4375
2024-02-24 16,0.3462,0.1384,115.4375
2024-02-24 17,0.3342,0.0182,121.9375
2024-02-24 18,0.2986,0.0000,142.3750
2024-02-24 19,0.2925,0.0000,140.2500
2024-02-24 20,0.2891,0.0000,191.6250
2024-02-24 21,0.2737,0.0000,171.1250
2024-02-24 22,0.2664,0.0000,180.7500
2024-02-24 23,0.2087,0.0000,173.0000
2024-02-25 00,0.2028,0.0000,165.0000
2024-02-25 01,0.2211,0.0000,165.1250
2024-02-25 02,0.2299,0.0000,160.6250
2024-02-25 03,0.3030,0.0000,150.7500
2024-02-25 04,0.3118,0.0000,152.1250
2024-02-25 05,0.3291,0.0000,107.4375
2024-02-25 06,0.2913,0.0000,106.3750
2024-02-25 07,0.2920,0.0275,92.0000
2024-02-25 08,0.2437,0.2040,84.8750
2024-02-25 09,0.1660,0.4446,70.0625
2024-02-25 10,0.1777,0.5381,73.9375
2024-02-25 11,0.1833,0.5752,87.2500
2024-02-25 12,0.2246,0.5552,87.1250
2024-02-25 13,0.2556,0.4771,92.0625
2024-02-25 14,0.2656,0.4155,97.6875
2024-02-25 15,0.3203,0.2837,79.6875
2024-02-25 16,0.3228,0.1575,102.2500
2024-02-25 17,0.3521,0.0165,110.3750
2024-02-25 18,0.3308,0.0001,127.6250
2024-02-25 19,0.3252,0.0000,138.2500
2024-02-25 20,0.3853,0.0000,138.6250
2024-02-25 21,0.4048,0.0000,112.8750
2024-02-25 22,0.3311,0.0000,116.4375
2024-02-25 23,0.3420,0.0000,120.7500
2024-02-26 00,0.3428,0.0000,122.7500
2024-02-26 01,0.3369,0.0000,113.5000
2024-02-26 02,0.2939,0.0000,110.5625
2024-02-26 03,0.2786,0.0000,118.8125
2024-02-26 04,0.2073,0.0000,106.2500
2024-02-26 05,0.1605,0.0000,146.7500
2024-02-26 06,0.1461,0.0000,150.3750
2024-02-26 07,0.0636,0.0208,156.1250
2024-02-26 08,0.0565,0.1895,122.0625
2024-02-26 09,0.0060,0.4570,111.7500
2024-02-26 10,0.0187,0.6401,101.3125
2024-02-26 11,0.0081,0.7061,106.1875
2024-02-26 12,0.0246,0.7349,106.4375
2024-02-26 13,0.0307,0.7275,103.7500
2024-02-26 14,0.0266,0.6577,97.6250
2024-02-26 15,0.0172,0.4873,115.9375
2024-02-26 16,0.0163,0.2603,120.2500
2024-02-26 17,0.0104,0.0512,150.6250
2024-02-26 18,0.0276,0.0005,158.3750
2024-02-26 19,0.0498,0.0000,168.0000
2024-02-26 20,0.0131,0.0000,150.7500
2024-02-26 21,0.0235,0.0000,162.6250
2024-02-26 22,0.0144,0.0000,157.2500
2024-02-26 23,0.0481,0.0000,159.5000
2024-02-27 00,0.0123,0.0000,146.1250
2024-02-27 01,0.0118,0.0000,131.5000
2024-02-27 02,0.0138,0.0000,100.7500
2024-02-27 03,0.0013,0.0000,113.8125
2024-02-27 04,0.0118,0.0000,123.2500
2024-02-27 05,0.0331,0.0000,118.2500
2024-02-27 06,0.0400,0.0000,64.3750
2024-02-27 07,0.0416,0.0163,60.5312
2024-02-27 08,0.0355,0.1655,47.7188
2024-02-27 09,0.0371,0.3936,37.8438
2024-02-27 10,0.0289,0.5386,19.8438
2024-02-27 11,0.0208,0.6323,2.3867
2024-02-27 12,0.1182,0.6260,116.5625
2024-02-27 13,0.1377,0.7002,86.0625
2024-02-27 14,0.1753,0.6147,84.6250
2024-02-27 15,0.2240,0.4353,99.8125
2024-02-27 16,0.2520,0.2500,130.1250
2024-02-27 17,0.3357,0.0613,128.1250
2024-02-27 18,0.3484,0.0013,144.2500
2024-02-27 19,0.3472,0.0000,142.8750
2024-02-27 20,0.3862,0.0001,123.2500
2024-02-27 21,0.3625,0.0001,135.8750
2024-02-27 22,0.3032,0.0000,122.8125
2024-02-27 23,0.2927,0.0000,95.5000
2024-02-28 00,0.2708,0.0000,99.0000
2024-02-28 01,0.2566,0.0000,94.3125
2024-02-28 02,0.2452,0.0000,100.2500
2024-02-28 03,0.2479,0.0000,99.6875
2024-02-28 04,0.2715,0.0000,108.1875
2024-02-28 05,0.2695,0.0000,144.0000
2024-02-28 06,0.3267,0.0000,136.3750
2024-02-28 07,0.3618,0.0226,119.0000
2024-02-28 08,0.3521,0.2158,111.1875
2024-02-28 09,0.3047,0.4946,87.5000
2024-02-28 10,0.3708,0.6382,68.3125
2024-02-28 11,0.4839,0.6895,47.7188
2024-02-28 12,0.5396,0.7349,44.5938
2024-02-28 13,0.5547,0.7329,52.1250
2024-02-28 14,0.5986,0.6797,51.3438
2024-02-28 15,0.5918,0.5005,113.8125
2024-02-28 16,0.6113,0.2996,76.1875
2024-02-28 17,0.5405,0.0757,110.2500
2024-02-28 18,0.4995,0.0014,131.5000
2024-02-28 19,0.4568,0.0000,147.8750
2024-02-28 20,0.4839,0.0000,129.3750
2024-02-28 21,0.4573,0.0000,118.8750
2024-02-28 22,0.4324,0.0000,105.4375
2024-02-28 23,0.3823,0.0000,97.9375
2024-02-29 00,0.3884,0.0000,81.8125
2024-02-29 01,0.3567,0.0000,84.0625
2024-02-29 02,0.3494,0.0000,80.8125
2024-02-29 03,0.3928,0.0000,102.5625
2024-02-29 04,0.4006,0.0000,105.0000
2024-02-29 05,0.3313,0.0000,131.1250
2024-02-29 06,0.3894,0.0000,132.1250
2024-02-29 07,0.3716,0.0156,121.8750
2024-02-29 08,0.3374,0.1503,111.0000
2024-02-29 09,0.2300,0.4514,79.2500
2024-02-29 10,0.1571,0.6138,89.3750
2024-02-29 11,0.2256,0.7061,74.2500
2024-02-29 12,0.2549,0.7349,79.6250
2024-02-29 13,0.2502,0.7227,94.8125
2024-02-29 14,0.2737,0.5825,84.9375
2024-02-29 15,0.2993,0.3506,97.8125
2024-02-29 16,0.2590,0.2012,123.5000
2024-02-29 17,0.2615,0.0498,140.7500
2024-02-29 18,0.2150,0.0001,146.1250
2024-02-29 19,0.1486,0.0000,171.0000
2024-02-29 20,0.1515,0.0000,172.1250
2024-02-29 21,0.1203,0.0000,158.0000
2024-02-29 22,0.0558,0.0000,145.7500
2024-02-29 23,0.0399,0.0000,147.1250
2024-03-01 00,0.0098,0.0000,114.8750
2024-03-01 01,0.0174,0.0000,124.1250
2024-03-01 02,0.0488,0.0000,89.5000
2024-03-01 03,0.0044,0.0000,101.7500
2024-03-01 04,0.0090,0.0000,97.8125
2024-03-01 05,0.0063,0.0000,125.8125
2024-03-01 06,0.0455,0.0033,129.8750
2024-03-01 07,0.0280,0.0931,113.4375
2024-03-01 08,0.0068,0.2732,74.8750
2024-03-01 09,0.0082,0.5508,40.0938
2024-03-01 10,0.0487,0.6196,51.9062
2024-03-01 11,0.0588,0.6440,41.6250
2024-03-01 12,0.0961,0.6836,37.6562
2024-03-01 13,0.0143,0.6396,41.8438
2024-03-01 14,0.0099,0.6318,32.5000
2024-03-01 15,0.0098,0.4739,49.9062
2024-03-01 16,0.0307,0.3323,64.0625
2024-03-01 17,0.0286,0.1547,82.4375
2024-03-01 18,0.0798,0.0150,90.6250
2024-03-01 19,0.0500,0.0000,99.3125
2024-03-01 20,0.0284,0.0001,118.7500
2024-03-01 21,0.0111,0.0001,125.1250
2024-03-01 22,0.0099,0.0000,109.1250
2024-03-01 23,0.0152,0.0000,114.3125
2024-03-02 00,0.0256,0.0000,105.5000
2024-03-02 01,0.0640,0.0000,92.1875
2024-03-02 02,0.0645,0.0000,-2.0000
2024-03-02 03,0.0383,0.0000,68.1250
2024-03-02 04,0.0302,0.0000,85.1875
2024-03-02 05,0.0024,0.0000,70.4375
2024-03-02 06,0.0627,0.0023,63.3438
2024-03-02 07,0.0852,0.0901,61.3125
2024-03-02 08,0.0377,0.2910,41.0000
2024-03-02 09,0.0372,0.5298,21.5312
2024-03-02 10,0.0099,0.6099,34.0938
2024-03-02 11,0.0133,0.6670,46.8125
2024-03-02 12,0.0255,0.7773,21.9219
2024-03-02 13,0.0549,0.7852,27.2344
2024-03-02 14,0.0102,0.7603,39.5000
2024-03-02 15,0.0183,0.6318,29.2344
2024-03-02 16,0.0008,0.3958,79.2500
2024-03-02 17,0.0138,0.1688,85.0000
2024-03-02 18,0.0079,0.0146,114.8750
2024-03-02 19,0.0054,0.0000,120.0000
2024-03-02 20,0.0110,0.0001,108.7500
2024-03-02 21,0.0216,0.0001,109.7500
2024-03-02 22,0.0008,0.0000,93.1250
2024-03-02 23,0.0161,0.0000,86.6250
2024-03-03 00,0.0031,0.0000,90.3750
2024-03-03 01,0.0014,0.0000,88.1875
2024-03-03 02,0.0179,0.0000,79.4375
2024-03-03 03,0.0173,0.0000,73.6250
2024-03-03 04,0.0105,0.0000,104.7500
2024-03-03 05,0.1132,0.0000,94.7500
2024-03-03 06,0.1323,0.0005,92.4375
2024-03-03 07,0.1455,0.0692,-2.0000
2024-03-03 08,0.1510,0.2878,-2.0000
2024-03-03 09,0.2051,0.5000,22.5938
2024-03-03 10,0.1497,0.6211,4.9922
2024-03-03 11,0.1632,0.6270,7.4805
2024-03-03 12,0.1757,0.7090,15.9766
2024-03-03 13,0.1903,0.7627,6.4844
2024-03-03 14,0.3022,0.7388,-2.0000
2024-03-03 15,0.3501,0.5366,13.0391
2024-03-03 16,0.3958,0.3445,24.2344
2024-03-03 17,0.4468,0.1840,20.5938
2024-03-03 18,0.4580,0.0196,55.8438
2024-03-03 19,0.4663,0.0000,69.6250
2024-03-03 20,0.4832,0.0001,79.1875
2024-03-03 21,0.5034,0.0001,78.4375
2024-03-03 22,0.4937,0.0001,78.3125
2024-03-03 23,0.5879,0.0001,49.3438
2024-03-04 00,0.5420,0.0000,66.3125
2024-03-04 01,0.5156,0.0000,64.1875
2024-03-04 02,0.4827,0.0000,50.6562
2024-03-04 03,0.4443,0.0000,54.9375
2024-03-04 04,0.4155,0.0000,59.0625
2024-03-04 05,0.3845,0.0000,85.7500
2024-03-04 06,0.3811,0.0013,118.8750
2024-03-04 07,0.4067,0.0623,113.5000
2024-03-04 08,0.3828,0.2040,75.1875
2024-03-04 09,0.4944,0.3430,47.4375
2024-03-04 10,0.4434,0.3848,48.8438
2024-03-04 11,0.4260,0.4585,53.2500
2024-03-04 12,0.3784,0.5361,24.6406
2024-03-04 13,0.3630,0.5684,16.2656
2024-03-04 14,0.3059,0.5967,2.0586
2024-03-04 15,0.3303,0.5107,7.3398
2024-03-04 16,0.3772,0.3987,20.5938
2024-03-04 17,0.3796,0.1949,46.4062
2024-03-04 18,0.4375,0.0244,90.7500
2024-03-04 19,0.4465,0.0001,100.7500
2024-03-04 20,0.4465,0.0001,97.6250
2024-03-04 21,0.4355,0.0001,95.6250
2024-03-04 22,0.4260,0.0000,94.1250
2024-03-04 23,0.4243,0.0000,79.9375
2024-03-05 00,0.3840,0.0000,77.6250
2024-03-05 01,0.3577,0.0000,79.0000
2024-03-05 02,0.3474,0.0000,74.6250
2024-03-05 03,0.3386,0.0000,73.4375
2024-03-05 04,0.3328,0.0000,69.0625
2024-03-05 05,0.3162,0.0000,87.7500
2024-03-05 06,0.2294,0.0004,89.0000
2024-03-05 07,0.0992,0.0497,106.3750
2024-03-05 08,0.0674,0.1973,82.1250
2024-03-05 09,0.0240,0.4009,73.8750
2024-03-05 10,0.0265,0.4412,71.4375
2024-03-05 11,0.0778,0.4551,64.1250
2024-03-05 12,0.0666,0.6455,48.1250
2024-03-05 13,0.0604,0.7295,53.3750
2024-03-05 14,0.0825,0.6567,37.8125
2024-03-05 15,0.0106,0.6372,25.5469
2024-03-05 16,0.0057,0.4824,47.2812
2024-03-05 17,0.0104,0.2253,22.8594
2024-03-05 18,0.0032,0.0272,50.0625
2024-03-05 19,0.0191,0.0001,52.1250
2024-03-05 20,0.0459,0.0001,34.1562
2024-03-05 21,0.0490,0.0001,36.2812
2024-03-05 22,0.0368,0.0000,106.6250
2024-03-05 23,0.0165,0.0000,110.9375
2024-03-06 00,0.0702,0.0000,85.2500
2024-03-06 01,0.0318,0.0000,81.4375
2024-03-06 02,0.0203,0.0000,84.1875
2024-03-06 03,0.0995,0.0000,74.0625
2024-03-06 04,0.0170,0.0000,111.3125
2024-03-06 05,0.0237,0.0000,115.6250
2024-03-06 06,0.0118,0.0000,137.3750
2024-03-06 07,0.0103,0.0216,141.1250
2024-03-06 08,0.0414,0.0644,107.6250
2024-03-06 09,0.0018,0.1394,95.6875
2024-03-06 10,0.0110,0.1946,114.3125
2024-03-06 11,0.0140,0.2563,106.9375
2024-03-06 12,0.0100,0.4062,71.1250
2024-03-06 13,0.0237,0.4124,77.0000
2024-03-06 14,0.0555,0.3425,86.0000
2024-03-06 15,0.0061,0.3267,76.0625
2024-03-06 16,0.0116,0.2463,103.6250
2024-03-06 17,0.0307,0.1064,118.5625
2024-03-06 18,0.0303,0.0109,129.5000
2024-03-06 19,0.0516,0.0000,131.1250
2024-03-06 20,0.0972,0.0000,125.9375
2024-03-06 21,0.1086,0.0000,119.5625
2024-03-06 22,0.1161,0.0000,109.2500
2024-03-06 23,0.1360,0.0000,90.7500
2024-03-07 00,0.1395,0.0000,89.8125
2024-03-07 01,0.2322,0.0000,74.0000
2024-03-07 02,0.2341,0.0000,64.3125
2024-03-07 03,0.2494,0.0000,47.8438
2024-03-07 04,0.2856,0.0000,64.9375
2024-03-07 05,0.3025,0.0000,69.8125
2024-03-07 06,0.3125,0.0011,87.1250
2024-03-07 07,0.2937,0.0488,81.0625
2024-03-07 08,0.4299,0.1909,71.3125
2024-03-07 09,0.3755,0.2661,65.0625
2024-03-07 10,0.3716,0.3591,54.0312
2024-03-07 11,0.4456,0.3228,60.5938
2024-03-07 12,0.4631,0.3718,48.3438
2024-03-07 13,0.5391,0.3730,23.7500
2024-03-07 14,0.5825,0.3230,11.8203
2024-03-07 15,0.6089,0.1978,3.0371
2024-03-07 16,0.6313,0.1144,35.3125
2024-03-07 17,0.6172,0.0273,38.0625
2024-03-07 18,0.6729,0.0012,65.2500
2024-03-07 19,0.8071,0.0000,68.0000
2024-03-07 20,0.8525,0.0000,35.4375
2024-03-07 21,0.8813,0.0000,26.3281
2024-03-07 22,0.8403,0.0000,28.5469
2024-03-07 23,0.9072,0.0000,9.5000
2024-03-08 00,0.8911,0.0000,-2.0000
2024-03-08 01,0.8682,0.0000,14.3828
2024-03-08 02,0.8955,0.0000,9.6250
2024-03-08 03,0.8472,0.0000,16.8125
2024-03-08 04,0.9326,0.0000,12.7344
2024-03-08 05,0.9170,0.0000,21.2031
2024-03-08 06,0.8735,0.0000,24.9062
2024-03-08 07,0.8706,0.0432,29.2656
2024-03-08 08,0.8589,0.1238,19.3125
2024-03-08 09,0.8711,0.2426,0.4065
2024-03-08 10,0.8018,0.4211,-2.0000
2024-03-08 11,0.8696,0.4436,-2.0000
2024-03-08 12,0.8594,0.4807,-2.0000
2024-03-08 13,0.8613,0.5146,-2.0000
2024-03-08 14,0.9092,0.5049,-2.0000
2024-03-08 15,0.8940,0.4497,-2.0000
2024-03-08 16,0.8706,0.3447,-2.0000
2024-03-08 17,0.8047,0.0958,18.2188
2024-03-08 18,0.7661,0.0064,39.9688
2024-03-08 19,0.7793,0.0000,43.2188
2024-03-08 20,0.9263,0.0000,19.1094
2024-03-08 21,0.9019,0.0000,6.8281
2024-03-08 22,0.9038,0.0000,17.0312
2024-03-08 23,0.7944,0.0000,21.5312
2024-03-09 00,0.6753,0.0000,22.7188
2024-03-09 01,0.6450,0.0000,26.4844
2024-03-09 02,0.5649,0.0000,41.0938
2024-03-09 03,0.5317,0.0000,22.0469
2024-03-09 04,0.4485,0.0000,21.5000
2024-03-09 05,0.4060,0.0000,41.1562
2024-03-09 06,0.3711,0.0037,35.5625
2024-03-09 07,0.3374,0.1091,25.3281
2024-03-09 08,0.2854,0.3228,14.0234
2024-03-09 09,0.1012,0.5078,35.5625
2024-03-09 10,0.0660,0.5640,24.8750
2024-03-09 11,0.0417,0.6787,32.0938
2024-03-09 12,0.0840,0.7168,29.0938
2024-03-09 13,0.1782,0.6812,25.0312
2024-03-09 14,0.2107,0.5986,45.8438
2024-03-09 15,0.2391,0.4788,52.4688
2024-03-09 16,0.2330,0.3464,69.3750
2024-03-09 17,0.2759,0.1115,67.6875
2024-03-09 18,0.2766,0.0092,98.0000
2024-03-09 19,0.2250,0.0000,103.4375
2024-03-09 20,0.2290,0.0000,101.0625
2024-03-09 21,0.2217,0.0000,113.3125
2024-03-09 22,0.2517,0.0000,90.2500
2024-03-09 23,0.2559,0.0000,84.2500
2024-03-10 00,0.2561,0.0000,72.0625
2024-03-10 01,0.2478,0.0000,59.3750
2024-03-10 02,0.2583,0.0000,77.2500
2024-03-10 03,0.3022,0.0000,57.7188
2024-03-10 04,0.2732,0.0000,53.0312
2024-03-10 05,0.2394,0.0000,57.3438
2024-03-10 06,0.2622,0.0059,54.0312
2024-03-10 07,0.2642,0.1210,60.1875
2024-03-10 08,0.2217,0.3000,34.7188
2024-03-10 09,0.2021,0.3896,26.5156
2024-03-10 10,0.1586,0.3958,-2.0000
2024-03-10 11,0.1523,0.4631,42.9375
2024-03-10 12,0.1528,0.4609,50.9062
2024-03-10 13,0.1604,0.4368,43.0938
2024-03-10 14,0.2086,0.4185,35.8438
2024-03-10 15,0.2155,0.3528,64.6875
2024-03-10 16,0.1965,0.2556,86.8750
2024-03-10 17,0.1541,0.0971,116.3750
2024-03-10 18,0.1616,0.0095,136.2500
2024-03-10 19,0.2196,0.0000,126.6875
2024-03-10 20,0.2751,0.0000,134.8750
2024-03-10 21,0.2839,0.0000,126.8125
2024-03-10 22,0.2817,0.0000,111.5000
2024-03-10 23,0.2634,0.0000,91.8750
2024-03-11 00,0.2944,0.0000,83.1250
2024-03-11 01,0.3960,0.0000,68.6250
2024-03-11 02,0.4175,0.0000,76.0000
2024-03-11 03,0.4377,0.0000,67.3750
2024-03-11 04,0.4333,0.0000,75.3750
2024-03-11 05,0.4617,0.0000,87.8750
2024-03-11 06,0.4197,0.0032,107.2500
2024-03-11 07,0.3896,0.0859,103.3750
2024-03-11 08,0.3062,0.2622,69.7500
2024-03-11 09,0.1926,0.3628,96.9375
2024-03-11 10,0.1981,0.3486,93.1250
2024-03-11 11,0.2520,0.4158,67.3750
2024-03-11 12,0.2429,0.4382,54.7188
2024-03-11 13,0.1909,0.4526,50.5312
2024-03-11 14,0.2021,0.4565,45.6562
2024-03-11 15,0.2238,0.3479,55.5625
2024-03-11 16,0.3044,0.1257,66.8750
2024-03-11 17,0.2271,0.0602,93.3750
2024-03-11 18,0.2080,0.0079,136.7500
2024-03-11 19,0.1913,0.0000,121.5000
2024-03-11 20,0.2734,0.0001,113.4375
2024-03-11 21,0.2949,0.0000,98.1875
2024-03-11 22,0.3345,0.0000,63.3125
2024-03-11 23,0.3508,0.0000,-1.6992
2024-03-12 00,0.3196,0.0000,-2.0000
2024-03-12 01,0.3672,0.0000,-2.0000
2024-03-12 02,0.3728,0.0000,-2.0000
2024-03-12 03,0.3867,0.0000,46.8125
2024-03-12 04,0.3940,0.0000,72.6875
2024-03-12 05,0.4038,0.0000,88.8125
2024-03-12 06,0.4238,0.0000,95.3750
2024-03-12 07,0.4827,0.0027,70.4375
2024-03-12 08,0.4939,0.0279,74.8125
2024-03-12 09,0.5234,0.0805,83.8125
2024-03-12 10,0.5483,0.1437,81.5000
2024-03-12 11,0.5532,0.1719,78.0000
2024-03-12 12,0.5503,0.1810,61.3438
2024-03-12 13,0.5347,0.1521,57.8750
2024-03-12 14,0.5156,0.1170,51.1875
2024-03-12 15,0.4680,0.1265,53.7188
2024-03-12 16,0.4773,0.0597,62.4688
2024-03-12 17,0.5410,0.0111,52.0000
2024-03-12 18,0.5259,0.0008,62.9375
2024-03-12 19,0.5415,0.0000,69.5625
2024-03-12 20,0.5469,0.0000,68.3750
2024-03-12 21,0.4500,0.0000,33.4375
2024-03-12 22,0.4360,0.0000,22.4375
2024-03-12 23,0.4612,0.0000,-2.0000
2024-03-13 00,0.5146,0.0000,-2.0000
2024-03-13 01,0.4956,0.0000,9.7656
2024-03-13 02,0.5488,0.0000,7.8711
2024-03-13 03,0.5513,0.0000,14.1172
2024-03-13 04,0.5854,0.0000,31.4688
2024-03-13 05,0.5576,0.0000,46.7500
2024-03-13 06,0.6694,0.0000,35.1250
2024-03-13 07,0.6484,0.0097,46.3438
2024-03-13 08,0.6338,0.1126,27.0156
2024-03-13 09,0.6230,0.1866,26.5938
2024-03-13 10,0.6074,0.2133,17.0469
2024-03-13 11,0.6211,0.2842,28.6406
2024-03-13 12,0.6357,0.3311,9.4766
2024-03-13 13,0.6772,0.3501,29.2500
2024-03-13 14,0.6924,0.3262,37.7500
2024-03-13 15,0.7095,0.2898,33.5312
2024-03-13 16,0.7754,0.2228,47.9375
2024-03-13 17,0.8101,0.0696,37.6875
2024-03-13 18,0.7812,0.0073,35.9062
2024-03-13 19,0.6250,0.0000,67.6875
2024-03-13 20,0.6191,0.0000,61.0312
2024-03-13 21,0.6157,0.0000,53.9688
2024-03-13 22,0.5869,0.0000,49.2500
2024-03-13 23,0.5176,0.0000,57.4062
2024-03-14 00,0.5029,0.0000,54.8125
2024-03-14 01,0.4751,0.0000,61.0938
2024-03-14 02,0.4404,0.0000,123.8125
2024-03-14 03,0.4177,0.0000,114.5625
2024-03-14 04,0.2488,0.0000,85.4375
2024-03-14 05,0.2051,0.0000,103.1875
2024-03-14 06,0.1812,0.0007,110.3750
2024-03-14 07,0.1821,0.0157,117.2500
2024-03-14 08,0.1672,0.1771,86.8125
2024-03-14 09,0.1306,0.2615,77.8125
2024-03-14 10,0.1078,0.3452,81.2500
2024-03-14 11,0.1016,0.3594,85.7500
2024-03-14 12,0.0852,0.4214,96.5000
2024-03-14 13,0.0739,0.4050,108.0000
2024-03-14 14,0.0361,0.4031,108.6250
2024-03-14 15,0.0136,0.3574,106.8125
2024-03-14 16,0.0720,0.2438,122.5625
2024-03-14 17,0.0750,0.0798,133.2500
2024-03-14 18,0.0626,0.0085,123.3750
2024-03-14 19,0.0464,0.0000,131.3750
2024-03-14 20,0.0418,0.0000,129.6250
2024-03-14 21,0.0237,0.0000,131.3750
2024-03-14 22,0.0259,0.0000,0.2810
2024-03-14 23,0.0302,0.0000,3.2207
2024-03-15 00,0.0379,0.0000,15.1641
2024-03-15 01,0.0363,0.0000,15.7656
2024-03-15 02,0.1070,0.0000,8.8125
2024-03-15 03,0.1259,0.0000,4.7344
2024-03-15 04,0.1450,0.0000,6.9375
2024-03-15 05,0.1464,0.0000,1.2979
2024-03-15 06,0.1162,0.0026,31.8125
2024-03-15 07,0.1340,0.0478,29.0781
2024-03-15 08,0.1321,0.2397,-2.0000
2024-03-15 09,0.0786,0.4526,-2.0000
2024-03-15 10,0.0482,0.6025,56.2812
2024-03-15 11,0.0071,0.7026,79.0625
2024-03-15 12,0.0027,0.7383,90.1875
2024-03-15 13,0.0256,0.7290,83.8125
2024-03-15 14,0.0404,0.7041,76.1875
2024-03-15 15,0.0049,0.6035,70.0000
2024-03-15 16,0.0446,0.3860,85.8125
2024-03-15 17,0.0356,0.1152,120.5000
2024-03-15 18,0.0151,0.0105,130.7500
2024-03-15 19,0.0065,0.0000,143.1250
2024-03-15 20,0.0009,0.0000,154.2500
2024-03-15 21,0.0897,0.0000,141.3750
2024-03-15 22,0.0071,0.0000,157.3750
2024-03-15 23,0.0088,0.0000,138.7500
2024-03-16 00,0.0038,0.0000,127.8750
2024-03-16 01,0.0411,0.0000,122.2500
2024-03-16 02,0.0103,0.0000,134.3750
2024-03-16 03,0.0099,0.0000,113.8125
2024-03-16 04,0.0498,0.0000,94.3750
2024-03-16 05,0.0374,0.0000,105.1875
2024-03-16 06,0.0247,0.0046,103.4375
2024-03-16 07,0.0652,0.0811,85.1250
2024-03-16 08,0.0216,0.2656,62.5625
2024-03-16 09,0.0464,0.4937,45.0312
2024-03-16 10,0.0052,0.6685,17.4219
2024-03-16 11,0.0589,0.7231,15.8125
2024-03-16 12,0.0224,0.7886,36.0625
2024-03-16 13,0.0255,0.7197,29.2812
2024-03-16 14,0.0551,0.7031,18.3594
2024-03-16 15,0.0787,0.5708,41.0000
2024-03-16 16,0.1194,0.3774,51.9375
2024-03-16 17,0.1730,0.1676,80.8750
2024-03-16 18,0.2947,0.0205,99.6875
2024-03-16 19,0.3037,0.0000,108.1250
2024-03-16 20,0.3142,0.0001,107.5000
2024-03-16 21,0.3164,0.0001,116.5625
2024-03-16 22,0.3235,0.0000,114.7500
2024-03-16 23,0.1316,0.0000,107.6250
2024-03-17 00,0.1206,0.0000,116.9375
2024-03-17 01,0.1014,0.0000,109.8125
2024-03-17 02,0.0894,0.0000,132.0000
2024-03-17 03,0.0778,0.0000,131.6250
2024-03-17 04,0.0702,0.0000,91.4375
2024-03-17 05,0.0823,0.0000,100.9375
2024-03-17 06,0.2065,0.0024,105.1250
2024-03-17 07,0.2180,0.0432,86.4375
2024-03-17 08,0.3804,0.2130,56.0000
2024-03-17 09,0.3601,0.4314,43.5625
2024-03-17 10,0.3850,0.5581,45.1875
2024-03-17 11,0.3728,0.6489,47.1250
2024-03-17 12,0.4431,0.6631,56.9375
2024-03-17 13,0.4907,0.5547,49.4688
2024-03-17 14,0.5288,0.5088,37.7812
2024-03-17 15,0.6045,0.4202,43.1562
2024-03-17 16,0.6274,0.2581,40.2812
2024-03-17 17,0.7002,0.0994,64.6875
2024-03-17 18,0.8013,0.0134,75.0000
2024-03-17 19,0.8433,0.0000,61.8125
2024-03-17 20,0.8696,0.0001,49.9062
2024-03-17 21,0.9053,0.0001,53.8125
2024-03-17 22,0.9185,0.0001,59.4375
2024-03-17 23,0.8882,0.0000,66.3750
2024-03-18 00,0.8745,0.0000,64.9375
2024-03-18 01,0.8315,0.0000,56.6562
2024-03-18 02,0.8208,0.0000,49.9375
2024-03-18 03,0.7686,0.0000,48.0000
2024-03-18 04,0.6992,0.0000,49.5625
2024-03-18 05,0.6953,0.0000,64.1250
2024-03-18 06,0.7080,0.0011,121.7500
2024-03-18 07,0.7310,0.0431,111.8125
2024-03-18 08,0.7690,0.1542,44.5000
2024-03-18 09,0.7588,0.4233,30.9375
2024-03-18 10,0.7104,0.5874,43.6875
2024-03-18 11,0.7354,0.6865,25.1250
2024-03-18 12,0.6948,0.7886,35.3125
2024-03-18 13,0.7173,0.6763,38.3438
2024-03-18 14,0.7407,0.5991,50.1875
2024-03-18 15,0.6123,0.4971,46.9688
2024-03-18 16,0.6328,0.3391,47.2188
2024-03-18 17,0.6592,0.1312,67.8125
2024-03-18 18,0.6533,0.0164,76.0000
2024-03-18 19,0.7095,0.0000,75.9375
2024-03-18 20,0.7622,0.0001,77.1250
2024-03-18 21,0.7842,0.0001,77.5000
2024-03-18 22,0.8438,0.0000,55.5625
2024-03-18 23,0.8438,0.0000,48.3750
2024-03-19 00,0.8267,0.0000,46.8125
2024-03-19 01,0.8057,0.0000,118.8125
2024-03-19 02,0.6865,0.0000,43.6250
2024-03-19 03,0.6465,0.0000,44.1250
2024-03-19 04,0.6440,0.0000,56.7188
2024-03-19 05,0.4946,0.0000,72.5000
2024-03-19 06,0.4485,0.0029,80.0000
2024-03-19 07,0.4128,0.0840,74.5000
2024-03-19 08,0.3621,0.2296,68.0625
2024-03-19 09,0.2532,0.4097,63.6250
2024-03-19 10,0.1290,0.5605,73.5625
2024-03-19 11,0.0917,0.7397,50.0625
2024-03-19 12,0.0285,0.7886,64.8750
2024-03-19 13,0.0140,0.7852,52.7188
2024-03-19 14,0.0119,0.7603,52.4062
2024-03-19 15,0.0237,0.5840,58.4688
2024-03-19 16,0.0070,0.3926,64.3750
2024-03-19 17,0.0079,0.1482,97.5000
2024-03-19 18,0.0057,0.0181,100.1875
2024-03-19 19,0.0220,0.0000,113.3125
2024-03-19 20,0.0281,0.0001,126.3750
2024-03-19 21,0.0054,0.0001,125.2500
2024-03-19 22,0.0557,0.0000,129.2500
2024-03-19 23,0.0618,0.0000,131.1250
2024-03-20 00,0.0436,0.0000,156.1250
2024-03-20 01,0.0235,0.0000,126.2500
2024-03-20 02,0.0531,0.0000,120.6875
2024-03-20 03,0.0519,0.0000,112.5000
2024-03-20 04,0.0646,0.0000,136.0000
2024-03-20 05,0.0019,0.0000,151.6250
2024-03-20 06,0.0080,0.0038,146.2500
2024-03-20 07,0.0146,0.0968,130.7500
2024-03-20 08,0.0270,0.3086,105.3125
2024-03-20 09,0.0277,0.4141,95.0625
2024-03-20 10,0.0413,0.4885,103.4375
2024-03-20 11,0.0101,0.6040,92.9375
2024-03-20 12,0.0092,0.6714,67.0625
2024-03-20 13,0.0119,0.6084,50.1250
2024-03-20 14,0.0041,0.6035,76.0625
2024-03-20 15,0.0063,0.4382,86.5625
2024-03-20 16,0.0009,0.3457,112.0625
2024-03-20 17,0.0276,0.1359,145.2500
2024-03-20 18,0.1099,0.0145,164.3750
2024-03-20 19,0.0634,0.0000,192.7500
2024-03-20 20,0.0185,0.0001,169.7500
2024-03-20 21,0.0045,0.0001,178.2500
2024-03-20 22,0.0178,0.0000,164.5000
2024-03-20 23,0.0214,0.0000,166.2500
2024-03-21 00,0.0192,0.0000,160.7500
2024-03-21 01,0.0132,0.0000,138.3750
2024-03-21 02,0.0179,0.0000,131.2500
2024-03-21 03,0.0066,0.0000,149.1250
2024-03-21 04,0.0120,0.0000,165.5000
2024-03-21 05,0.0009,0.0000,159.3750
2024-03-21 06,0.0101,0.0042,165.2500
2024-03-21 07,0.0450,0.0917,147.7500
2024-03-21 08,0.0507,0.3020,121.9375
2024-03-21 09,0.0232,0.4153,129.8750
2024-03-21 10,0.0334,0.5420,116.1875
2024-03-21 11,0.0107,0.6216,152.5000
2024-03-21 12,0.0011,0.7354,138.8750
2024-03-21 13,0.0036,0.7349,107.0625
2024-03-21 14,0.0865,0.6753,99.6875
2024-03-21 15,0.0826,0.5449,131.0000
2024-03-21 16,0.0977,0.4204,120.6875
2024-03-21 17,0.1785,0.1830,135.1250
2024-03-21 18,0.2029,0.0216,152.0000
2024-03-21 19,0.2269,0.0000,145.6250
2024-03-21 20,0.2412,0.0001,145.7500
2024-03-21 21,0.2708,0.0001,143.1250
2024-03-21 22,0.3293,0.0000,157.3750
2024-03-21 23,0.3467,0.0000,139.2500
2024-03-22 00,0.3528,0.0000,127.4375
2024-03-22 01,0.3582,0.0000,110.3750
2024-03-22 02,0.4619,0.0000,91.3750
2024-03-22 03,0.5498,0.0000,84.2500
2024-03-22 04,0.5479,0.0000,102.0000
2024-03-22 05,0.5356,0.0000,97.1250
2024-03-22 06,0.4883,0.0017,87.1250
2024-03-22 07,0.5024,0.0186,79.3125
2024-03-22 08,0.5664,0.0674,54.4062
2024-03-22 09,0.6045,0.0910,81.3750
2024-03-22 10,0.6245,0.1437,114.6875
2024-03-22 11,0.6611,0.1719,90.6250
2024-03-22 12,0.6528,0.2147,82.2500
2024-03-22 13,0.7661,0.1521,71.6875
2024-03-22 14,0.8081,0.1238,66.8125
2024-03-22 15,0.8379,0.1597,54.5000
2024-03-22 16,0.8506,0.1617,48.2500
2024-03-22 17,0.9268,0.0690,72.0000
2024-03-22 18,0.8833,0.0114,92.0625
2024-03-22 19,0.8765,0.0000,111.9375
2024-03-22 20,0.8818,0.0000,106.4375
2024-03-22 21,0.9272,0.0001,-2.0000
2024-03-22 22,0.8188,0.0001,-2.0000
2024-03-22 23,0.7988,0.0000,-2.0000
2024-03-23 00,0.8115,0.0000,-2.0000
2024-03-23 01,0.8198,0.0000,-2.0000
2024-03-23 02,0.8457,0.0000,-2.0000
2024-03-23 03,0.8560,0.0000,35.4375
2024-03-23 04,0.8848,0.0000,38.6562
2024-03-23 05,0.8628,0.0000,26.9375
2024-03-23 06,0.8501,0.0025,32.1875
2024-03-23 07,0.8462,0.0376,14.4297
2024-03-23 08,0.8491,0.1471,25.3125
2024-03-23 09,0.7749,0.1562,34.3750
2024-03-23 10,0.7090,0.3196,42.6562
2024-03-23 11,0.6782,0.3848,59.0938
2024-03-23 12,0.6787,0.3696,38.1875
2024-03-23 13,0.6602,0.2537,61.6875
2024-03-23 14,0.6528,0.2372,49.1562
2024-03-23 15,0.6587,0.1467,69.1875
2024-03-23 16,0.5815,0.0900,83.3750
2024-03-23 17,0.5435,0.0390,93.3750
2024-03-23 18,0.4919,0.0046,105.6875
2024-03-23 19,0.4563,0.0000,107.3125
2024-03-23 20,0.4441,0.0000,109.1250
2024-03-23 21,0.4277,0.0000,95.8125
2024-03-23 22,0.4021,0.0000,95.7500
2024-03-23 23,0.3496,0.0000,75.6875
2024-03-24 00,0.3118,0.0000,78.1875
2024-03-24 01,0.0715,0.0000,112.9375
2024-03-24 02,0.0157,0.0000,124.2500
2024-03-24 03,0.0437,0.0000,111.0000
2024-03-24 04,0.0488,0.0000,127.8125
2024-03-24 05,0.0576,0.0000,139.5000
2024-03-24 06,0.0541,0.0008,106.0625
2024-03-24 07,0.0401,0.0421,91.0625
2024-03-24 08,0.0283,0.1394,91.0000
2024-03-24 09,0.0504,0.1654,80.5625
2024-03-24 10,0.0149,0.2896,87.1875
2024-03-24 11,0.0156,0.3457,103.9375
2024-03-24 12,0.0038,0.3811,125.0000
2024-03-24 13,0.0533,0.3479,104.9375
2024-03-24 14,0.0043,0.3188,118.8750
2024-03-24 15,0.0039,0.2935,109.5625
2024-03-24 16,0.0593,0.1870,118.0000
2024-03-24 17,0.0985,0.0840,115.5625
2024-03-24 18,0.0083,0.0111,117.8750
2024-03-24 19,0.0061,0.0000,138.3750
2024-03-24 20,0.0389,0.0001,126.7500
2024-03-24 21,0.0267,0.0001,106.6250
2024-03-24 22,0.0202,0.0000,93.9375
2024-03-24 23,0.0245,0.0000,109.9375
2024-03-25 00,0.0425,0.0000,105.1875
2024-03-25 01,0.0061,0.0000,114.6875
2024-03-25 02,0.0961,0.0000,115.5000
2024-03-25 03,0.0829,0.0000,113.6875
2024-03-25 04,0.0646,0.0000,123.6250
2024-03-25 05,0.0031,0.0000,121.1250
2024-03-25 06,0.0351,0.0016,123.2500
2024-03-25 07,0.0211,0.0528,139.8750
2024-03-25 08,0.0418,0.1918,121.3750
2024-03-25 09,0.0363,0.2834,126.8750
2024-03-25 10,0.0461,0.4319,114.6875
2024-03-25 11,0.0290,0.4939,106.4375
2024-03-25 12,0.0157,0.4963,107.1250
2024-03-25 13,0.0378,0.5186,117.9375
2024-03-25 14,0.0377,0.4734,112.8125
2024-03-25 15,0.0121,0.4890,114.1250
2024-03-25 16,0.0496,0.2725,116.6875
2024-03-25 17,0.0571,0.0988,133.5000
2024-03-25 18,0.0968,0.0081,149.2500
2024-03-25 19,0.1085,0.0000,141.2500
2024-03-25 20,0.1331,0.0000,127.6250
2024-03-25 21,0.1805,0.0000,103.5000
2024-03-25 22,0.3435,0.0000,89.3750
2024-03-25 23,0.4084,0.0000,86.6875
2024-03-26 00,0.4080,0.0000,64.6250
2024-03-26 01,0.4082,0.0000,65.4375
2024-03-26 02,0.4390,0.0000,58.2500
2024-03-26 03,0.4592,0.0000,65.3125
2024-03-26 04,0.6436,0.0000,64.6875
2024-03-26 05,0.6470,0.0000,100.3125
2024-03-26 06,0.7905,0.0001,99.3750
2024-03-26 07,0.7559,0.0287,105.9375
2024-03-26 08,0.7192,0.0968,99.6875
2024-03-26 09,0.6348,0.0805,94.6250
2024-03-26 10,0.6040,0.2224,81.1875
2024-03-26 11,0.5791,0.2644,44.9688
2024-03-26 12,0.4839,0.2969,38.2188
2024-03-26 13,0.3711,0.3779,41.6875
2024-03-26 14,0.2661,0.3794,63.4688
2024-03-26 15,0.2551,0.3484,66.3125
2024-03-26 16,0.3521,0.2642,67.3750
2024-03-26 17,0.4160,0.1583,52.5312
2024-03-26 18,0.4338,0.0146,66.5000
2024-03-26 19,0.4463,0.0000,83.2500
2024-03-26 20,0.4639,0.0001,75.8125
2024-03-26 21,0.4294,0.0001,78.1250
2024-03-26 22,0.4768,0.0001,101.0000
2024-03-26 23,0.5239,0.0001,79.6875
2024-03-27 00,0.5239,0.0000,88.1875
2024-03-27 01,0.6392,0.0000,77.3125
2024-03-27 02,0.6108,0.0000,89.5000
2024-03-27 03,0.5840,0.0000,71.6250
2024-03-27 04,0.4944,0.0000,68.8125
2024-03-27 05,0.4819,0.0000,76.6875
2024-03-27 06,0.4841,0.0016,64.8750
2024-03-27 07,0.4717,0.0614,52.2188
2024-03-27 08,0.4678,0.1340,45.2500
2024-03-27 09,0.4531,0.0984,62.6562
2024-03-27 10,0.3809,0.2280,57.8438
2024-03-27 11,0.3342,0.2383,75.6875
2024-03-27 12,0.2761,0.3013,52.5000
2024-03-27 13,0.2500,0.4197,42.9375
2024-03-27 14,0.2595,0.3923,46.8125
2024-03-27 15,0.2666,0.3274,31.8750
2024-03-27 16,0.3201,0.2742,50.8750
2024-03-27 17,0.3706,0.1669,72.3125
2024-03-27 18,0.3440,0.0147,106.1875
2024-03-27 19,0.3311,0.0000,128.2500
2024-03-27 20,0.2991,0.0001,114.4375
2024-03-27 21,0.2932,0.0001,115.5625
2024-03-27 22,0.2493,0.0000,119.3750
2024-03-27 23,0.1946,0.0000,126.8125
2024-03-28 00,0.1152,0.0000,140.2500
2024-03-28 01,0.1392,0.0000,133.1250
2024-03-28 02,0.2568,0.0000,99.0000
2024-03-28 03,0.2161,0.0000,98.6250
2024-03-28 04,0.2456,0.0000,94.9375
2024-03-28 05,0.2917,0.0000,98.0000
2024-03-28 06,0.3069,0.0019,89.7500
2024-03-28 07,0.3167,0.0559,73.1250
2024-03-28 08,0.3293,0.1741,80.0625
2024-03-28 09,0.3979,0.2181,86.1875
2024-03-28 10,0.4114,0.3396,78.7500
2024-03-28 11,0.3767,0.3760,82.0000
2024-03-28 12,0.3701,0.4343,-2.0000
2024-03-28 13,0.3445,0.5225,-2.0000
2024-03-28 14,0.2896,0.3860,-2.0000
2024-03-28 15,0.2864,0.3323,-2.0000
2024-03-28 16,0.2866,0.2639,-2.0000
2024-03-28 17,0.4109,0.1387,-2.0000
2024-03-28 18,0.4541,0.0107,17.5781
2024-03-28 19,0.5000,0.0000,124.8125
2024-03-28 20,0.5078,0.0001,120.7500
2024-03-28 21,0.5215,0.0001,94.8750
2024-03-28 22,0.5718,0.0000,89.5625
2024-03-28 23,0.5303,0.0000,83.8125
2024-03-29 00,0.5264,0.0000,56.9375
2024-03-29 01,0.4509,0.0000,61.4375
2024-03-29 02,0.4492,0.0000,76.8750
2024-03-29 03,0.3899,0.0000,65.6250
2024-03-29 04,0.3892,0.0000,61.5938
2024-03-29 05,0.3328,0.0000,63.9375
2024-03-29 06,0.2905,0.0016,86.5625
2024-03-29 07,0.2263,0.0613,108.3125
2024-03-29 08,0.2122,0.1925,96.3750
2024-03-29 09,0.2284,0.3120,71.1875
2024-03-29 10,0.2169,0.3645,69.0000
2024-03-29 11,0.2747,0.4282,-2.0000
2024-03-29 12,0.3828,0.4282,58.7188
2024-03-29 13,0.3242,0.4858,46.5625
2024-03-29 14,0.3542,0.3250,47.2812
2024-03-29 15,0.3252,0.2942,59.5312
2024-03-29 16,0.2615,0.2930,64.1875
2024-03-29 17,0.2583,0.1331,86.0625
2024-03-29 18,0.2539,0.0093,100.1875
2024-03-29 19,0.2292,0.0000,108.0625
2024-03-29 20,0.2615,0.0001,86.4375
2024-03-29 21,0.2991,0.0001,93.0000
2024-03-29 22,0.3269,0.0000,78.1875
2024-03-29 23,0.5020,0.0000,58.5938
2024-03-30 00,0.4746,0.0000,57.6250
2024-03-30 01,0.4309,0.0000,61.6250
2024-03-30 02,0.4194,0.0000,57.8125
2024-03-30 03,0.3442,0.0000,81.0000
2024-03-30 04,0.3003,0.0000,61.3750
2024-03-30 05,0.2979,0.0000,52.4062
2024-03-30 06,0.3616,0.0020,42.2500
2024-03-30 07,0.3643,0.0477,22.4375
2024-03-30 08,0.3591,0.1500,28.5000
2024-03-30 09,0.3506,0.2491,18.5781
2024-03-30 10,0.2908,0.3501,17.5469
2024-03-30 11,0.3022,0.4294,8.1172
2024-03-30 12,0.3555,0.4561,-2.0000
2024-03-30 13,0.2742,0.4697,-2.0000
2024-03-30 14,0.2917,0.4075,4.9531
2024-03-30 15,0.2286,0.3713,-2.0000
2024-03-30 16,0.1671,0.3225,18.6562
2024-03-30 17,0.1897,0.1274,61.6250
2024-03-30 18,0.1550,0.0073,82.3125
2024-03-30 19,0.0812,0.0000,103.3125
2024-03-30 20,0.0629,0.0000,100.3750
2024-03-30 21,0.0008,0.0000,117.3125
2024-03-30 22,0.0201,0.0000,116.3750
2024-03-30 23,0.0126,0.0000,97.6250
2024-03-31 00,0.0079,0.0000,99.8125
2024-03-31 01,0.0351,0.0000,107.8125
2024-03-31 02,0.0060,0.0000,89.1875
2024-03-31 03,0.0026,0.0000,71.4375
2024-03-31 04,0.0040,0.0000,55.4375
2024-03-31 05,0.0159,0.0000,40.5312
2024-03-31 06,0.0068,0.0064,34.2500
2024-03-31 07,0.0285,0.1062,31.6250
2024-03-31 08,0.0218,0.2898,21.0156
2024-03-31 09,0.0145,0.4180,30.3438
2024-03-31 10,0.0079,0.5093,12.3438
2024-03-31 11,0.0210,0.5405,16.9375
2024-03-31 12,0.0377,0.4692,22.4062
2024-03-31 13,0.0172,0.4453,31.9844
2024-03-31 14,0.0122,0.3535,52.5312
2024-03-31 15,0.0126,0.3337,51.8750
2024-03-31 16,0.0053,0.2644,56.8750
2024-03-31 17,0.0536,0.0905,85.9375
2024-03-31 18,0.0144,0.0026,116.8125
2024-03-31 19,0.0090,0.0000,114.3125
2024-03-31 20,0.0034,0.0000,97.7500
2024-03-31 21,0.0059,0.0000,112.8125
2024-03-31 22,0.1013,0.0000,110.9375
2024-03-31 23,0.0431,0.0000,102.8750
2024-04-01 00,0.0373,0.0000,79.5000
2024-04-01 01,0.0569,0.0000,76.1875
2024-04-01 02,0.0792,0.0000,64.6250
2024-04-01 03,0.0923,0.0000,87.6875
2024-04-01 04,0.1168,0.0000,66.1250
2024-04-01 05,0.1538,0.0006,68.4375
2024-04-01 06,0.0794,0.0488,67.5625
2024-04-01 07,0.0728,0.1681,57.0938
2024-04-01 08,0.0742,0.3030,50.7188
2024-04-01 09,0.0892,0.4707,23.5781
2024-04-01 10,0.1163,0.5122,12.9844
2024-04-01 11,0.1476,0.4998,13.1328
2024-04-01 12,0.1833,0.3855,21.5625
2024-04-01 13,0.2144,0.3545,19.9531
2024-04-01 14,0.2561,0.3215,30.2344
2024-04-01 15,0.2561,0.3032,29.0781
2024-04-01 16,0.1908,0.2612,40.1250
2024-04-01 17,0.1539,0.1614,72.8750
2024-04-01 18,0.1646,0.0312,93.6250
2024-04-01 19,0.2209,0.0001,91.5000
2024-04-01 20,0.2524,0.0001,96.3750
2024-04-01 21,0.2893,0.0000,77.5000
2024-04-01 22,0.3079,0.0000,81.6875
2024-04-01 23,0.3115,0.0000,69.8125
2024-04-02 00,0.3005,0.0000,66.5000
2024-04-02 01,0.2837,0.0000,49.2812
2024-04-02 02,0.2908,0.0000,41.3438
2024-04-02 03,0.3186,0.0000,42.0625
2024-04-02 04,0.3652,0.0000,42.0625
2024-04-02 05,0.3682,0.0009,50.6250
2024-04-02 06,0.4895,0.0549,46.5938
2024-04-02 07,0.3760,0.2169,-2.0000
2024-04-02 08,0.3442,0.4092,22.0781
2024-04-02 09,0.2380,0.5229,15.8828
2024-04-02 10,0.2321,0.5859,16.5469
2024-04-02 11,0.2727,0.6104,28.2031
2024-04-02 12,0.3257,0.4866,30.8125
2024-04-02 13,0.3193,0.4575,28.8750
2024-04-02 14,0.3901,0.4458,17.5469
2024-04-02 15,0.3787,0.3406,26.2656
2024-04-02 16,0.3784,0.2695,54.0312
2024-04-02 17,0.3584,0.1843,58.0312
2024-04-02 18,0.3640,0.0391,87.6250
2024-04-02 19,0.3655,0.0002,67.7500
2024-04-02 20,0.3459,0.0000,50.3125
2024-04-02 21,0.3379,0.0000,60.3438
2024-04-02 22,0.3582,0.0000,31.2344
2024-04-02 23,0.3313,0.0000,15.9062
2024-04-03 00,0.3262,0.0000,12.6328
2024-04-03 01,0.3679,0.0000,6.1289
2024-04-03 02,0.4077,0.0000,16.2031
2024-04-03 03,0.3691,0.0000,14.6953
2024-04-03 04,0.3530,0.0000,30.2812
2024-04-03 05,0.3076,0.0007,38.6875
2024-04-03 06,0.3362,0.0443,46.5938
2024-04-03 07,0.2585,0.1838,27.9375
2024-04-03 08,0.2059,0.3977,4.2266
2024-04-03 09,0.1616,0.6050,5.5508
2024-04-03 10,0.1746,0.6831,2.6113
2024-04-03 11,0.1892,0.6885,-2.0000
2024-04-03 12,0.2196,0.6050,-2.0000
2024-04-03 13,0.2432,0.6045,-0.6758
2024-04-03 14,0.2737,0.5337,13.5156
2024-04-03 15,0.3188,0.4609,24.3906
2024-04-03 16,0.3669,0.3142,30.1562
2024-04-03 17,0.3315,0.1877,39.4688
2024-04-03 18,0.3555,0.0311,47.9062
2024-04-03 19,0.3999,0.0000,47.1875
2024-04-03 20,0.4592,0.0000,43.5000
2024-04-03 21,0.3982,0.0000,49.0625
2024-04-03 22,0.4048,0.0000,50.3125
2024-04-03 23,0.4773,0.0000,41.4375
2024-04-04 00,0.4951,0.0000,19.7500
2024-04-04 01,0.4829,0.0000,14.1328
2024-04-04 02,0.4766,0.0000,20.1250
2024-04-04 03,0.4119,0.0000,20.2344
2024-04-04 04,0.4182,0.0000,45.7188
2024-04-04 05,0.4094,0.0009,68.4375
2024-04-04 06,0.3359,0.0423,79.7500
2024-04-04 07,0.2927,0.1639,53.6250
2024-04-04 08,0.2476,0.3743,45.1875
2024-04-04 09,0.1469,0.5977,29.5000
2024-04-04 10,0.1327,0.6572,6.6406
2024-04-04 11,0.1385,0.7168,11.1875
2024-04-04 12,0.1321,0.7861,-2.0000
2024-04-04 13,0.1909,0.7861,0.3203
2024-04-04 14,0.2286,0.7446,7.8203
2024-04-04 15,0.2976,0.5537,24.4219
2024-04-04 16,0.3235,0.3657,43.4688
2024-04-04 17,0.2937,0.1786,76.2500
2024-04-04 18,0.3240,0.0439,86.0000
2024-04-04 19,0.3721,0.0007,70.3750
2024-04-04 20,0.3958,0.0001,72.7500
2024-04-04 21,0.2866,0.0000,77.8125
2024-04-04 22,0.2988,0.0000,57.5938
2024-04-04 23,0.3057,0.0000,71.3750
2024-04-05 00,0.3127,0.0000,57.0938
2024-04-05 01,0.3611,0.0000,64.1875
2024-04-05 02,0.3706,0.0000,55.1875
2024-04-05 03,0.3735,0.0000,51.5312
2024-04-05 04,0.3391,0.0000,67.6875
2024-04-05 05,0.3357,0.0011,69.3125
2024-04-05 06,0.2773,0.0553,62.7812
2024-04-05 07,0.2498,0.2100,51.8438
2024-04-05 08,0.1874,0.4272,14.5781
2024-04-05 09,0.1595,0.6040,20.0938
2024-04-05 10,0.1746,0.6509,4.6133
2024-04-05 11,0.0601,0.6685,8.6484
2024-04-05 12,0.0382,0.7290,-2.0000
2024-04-05 13,0.0426,0.7734,-2.0000
2024-04-05 14,0.0371,0.6812,-2.0000
2024-04-05 15,0.0488,0.6035,-2.0000
2024-04-05 16,0.0072,0.4290,23.8125
2024-04-05 17,0.0279,0.1899,72.1875
2024-04-05 18,0.0264,0.0432,79.4375
2024-04-05 19,0.0189,0.0008,100.6875
2024-04-05 20,0.0423,0.0001,84.6250
2024-04-05 21,0.0715,0.0000,87.5000
2024-04-05 22,0.0579,0.0000,67.1875
2024-04-05 23,0.0883,0.0000,92.5000
2024-04-06 00,0.1096,0.0000,83.5000
2024-04-06 01,0.1466,0.0000,50.7500
2024-04-06 02,0.1779,0.0000,33.5000
2024-04-06 03,0.1602,0.0000,34.5625
2024-04-06 04,0.1635,0.0000,44.6562
2024-04-06 05,0.1191,0.0011,61.7812
2024-04-06 06,0.1493,0.0623,41.9062
2024-04-06 07,0.1265,0.2539,12.6875
2024-04-06 08,0.1289,0.4839,-2.0000
2024-04-06 09,0.1140,0.6724,-2.0000
2024-04-06 10,0.1158,0.7695,-2.0000
2024-04-06 11,0.1368,0.8062,-2.0000
2024-04-06 12,0.1569,0.8159,-2.0000
2024-04-06 13,0.1699,0.8037,-2.0000
2024-04-06 14,0.1857,0.7671,-2.0000
2024-04-06 15,0.2404,0.6792,-2.0000
2024-04-06 16,0.2756,0.5103,-2.0000
2024-04-06 17,0.3325,0.2847,-2.0000
2024-04-06 18,0.3909,0.0658,21.3750
2024-04-06 19,0.3958,0.0012,40.6562
2024-04-06 20,0.4709,0.0002,37.5312
2024-04-06 21,0.4712,0.0000,6.0469
2024-04-06 22,0.4578,0.0000,131.7500
2024-04-06 23,0.3921,0.0000,102.4375
2024-04-07 00,0.3845,0.0000,108.5000
2024-04-07 01,0.2874,0.0000,109.0000
2024-04-07 02,0.2822,0.0000,116.2500
2024-04-07 03,0.2338,0.0000,54.6875
2024-04-07 04,0.0743,0.0000,67.3750
2024-04-07 05,0.0535,0.0014,70.3750
2024-04-07 06,0.0482,0.0732,78.0000
2024-04-07 07,0.1197,0.2922,27.1875
2024-04-07 08,0.1052,0.5122,-2.0000
2024-04-07 09,0.1066,0.6724,-2.0000
2024-04-07 10,0.1125,0.7695,-2.0000
2024-04-07 11,0.0734,0.8062,-2.0000
2024-04-07 12,0.1036,0.8032,-2.0000
2024-04-07 13,0.1346,0.7266,-2.0000
2024-04-07 14,0.1613,0.6411,-2.0000
2024-04-07 15,0.3179,0.5659,-2.0000
2024-04-07 16,0.3438,0.3870,-2.0000
2024-04-07 17,0.3210,0.2106,-2.0000
2024-04-07 18,0.3064,0.0469,7.7148
2024-04-07 19,0.2507,0.0004,28.0781
2024-04-07 20,0.2771,0.0001,21.1094
2024-04-07 21,0.3313,0.0000,6.7773
2024-04-07 22,0.3208,0.0000,-2.0000
2024-04-07 23,0.4080,0.0000,-2.0000
2024-04-08 00,0.4099,0.0000,-2.0000
2024-04-08 01,0.4016,0.0000,-2.0000
2024-04-08 02,0.3989,0.0000,-2.0000
2024-04-08 03,0.3110,0.0000,-2.0000
2024-04-08 04,0.3342,0.0000,-2.0000
2024-04-08 05,0.3384,0.0012,3.8145
2024-04-08 06,0.3647,0.0674,8.8750
2024-04-08 07,0.3281,0.2874,1.1445
2024-04-08 08,0.2954,0.5103,-2.0000
2024-04-08 09,0.3855,0.6016,-2.0000
2024-04-08 10,0.3735,0.7354,-2.0000
2024-04-08 11,0.3572,0.7183,-2.0000
2024-04-08 12,0.3936,0.6514,-2.0000
2024-04-08 13,0.4060,0.6045,5.6875
2024-04-08 14,0.4700,0.5669,0.3618
2024-04-08 15,0.5112,0.5640,0.2715
2024-04-08 16,0.5449,0.3608,-2.0000
2024-04-08 17,0.5518,0.2310,24.6562
2024-04-08 18,0.5962,0.0459,33.0938
2024-04-08 19,0.6138,0.0002,28.5312
2024-04-08 20,0.6455,0.0001,-2.0000
2024-04-08 21,0.6436,0.0000,-2.0000
2024-04-08 22,0.6260,0.0000,-2.0000
2024-04-08 23,0.5664,0.0000,0.9023
2024-04-09 00,0.5132,0.0000,6.5742
2024-04-09 01,0.4883,0.0000,18.3906
2024-04-09 02,0.5884,0.0000,-1.4863
2024-04-09 03,0.6045,0.0000,-2.0000
2024-04-09 04,0.5674,0.0000,18.5000
2024-04-09 05,0.5400,0.0007,32.5625
2024-04-09 06,0.5254,0.0515,12.0703
2024-04-09 07,0.4375,0.2671,-2.0000
2024-04-09 08,0.3665,0.4993,-2.0000
2024-04-09 09,0.3159,0.6235,-2.0000
2024-04-09 10,0.2585,0.7695,-2.0000
2024-04-09 11,0.2549,0.7949,-2.0000
2024-04-09 12,0.2323,0.8008,-2.0000
2024-04-09 13,0.2415,0.8037,-2.0000
2024-04-09 14,0.2837,0.7217,-2.0000
2024-04-09 15,0.2896,0.6792,-2.0000
2024-04-09 16,0.2888,0.5103,-2.0000
2024-04-09 17,0.1680,0.2861,36.9375
2024-04-09 18,0.1920,0.0567,67.6250
2024-04-09 19,0.1987,0.0004,65.8750
2024-04-09 20,0.1742,0.0000,51.2812
2024-04-09 21,0.1646,0.0000,40.6875
2024-04-09 22,0.1600,0.0000,38.0312
2024-04-09 23,0.1288,0.0000,50.4375
2024-04-10 00,0.1133,0.0000,32.3125
2024-04-10 01,0.0212,0.0000,40.5625
2024-04-10 02,0.0214,0.0000,36.7812
2024-04-10 03,0.0132,0.0000,22.4688
2024-04-10 04,0.0029,0.0000,31.2500
2024-04-10 05,0.0217,0.0006,59.0625
2024-04-10 06,0.0181,0.0316,68.6875
2024-04-10 07,0.0534,0.1697,59.3125
2024-04-10 08,0.0324,0.3840,15.0938
2024-04-10 09,0.0165,0.5068,16.4062
2024-04-10 10,0.0285,0.5293,18.0000
2024-04-10 11,0.0230,0.5815,18.9531
2024-04-10 12,0.0257,0.5850,14.5234
2024-04-10 13,0.1409,0.5972,-2.0000
2024-04-10 14,0.1570,0.5225,13.0391
2024-04-10 15,0.1263,0.4692,6.7656
2024-04-10 16,0.1284,0.3879,15.6875
2024-04-10 17,0.1583,0.2123,53.9062
2024-04-10 18,0.2028,0.0403,91.2500
2024-04-10 19,0.2085,0.0002,95.2500
2024-04-10 20,0.2043,0.0000,73.3125
2024-04-10 21,0.1866,0.0000,60.7188
2024-04-10 22,0.1490,0.0000,69.0625
2024-04-10 23,0.1443,0.0000,55.1250
2024-04-11 00,0.1017,0.0000,48.1875
2024-04-11 01,0.1141,0.0000,51.6562
2024-04-11 02,0.2274,0.0000,29.1094
2024-04-11 03,0.2296,0.0000,33.5938
2024-04-11 04,0.3181,0.0000,13.5078
2024-04-11 05,0.4299,0.0004,43.4375
2024-04-11 06,0.4526,0.0359,17.8125
2024-04-11 07,0.5269,0.2133,5.0352
2024-04-11 08,0.4924,0.4248,-2.0000
2024-04-11 09,0.4807,0.5312,-2.0000
2024-04-11 10,0.4558,0.5239,-2.0000
2024-04-11 11,0.4297,0.6152,-2.0000
2024-04-11 12,0.4436,0.5684,-2.0000
2024-04-11 13,0.3374,0.5903,-2.0000
2024-04-11 14,0.3579,0.5933,-2.0000
2024-04-11 15,0.3542,0.5303,-2.0000
2024-04-11 16,0.2764,0.4194,-2.0000
2024-04-11 17,0.0760,0.2747,9.1875
2024-04-11 18,0.1344,0.0568,38.6875
2024-04-11 19,0.1475,0.0004,55.4375
2024-04-11 20,0.1975,0.0001,31.2188
2024-04-11 21,0.2671,0.0000,23.8750
2024-04-11 22,0.3315,0.0000,22.2969
2024-04-11 23,0.3777,0.0000,27.2344
2024-04-12 00,0.3594,0.0000,9.0000
2024-04-12 01,0.3110,0.0000,10.8984
2024-04-12 02,0.3093,0.0000,21.2656
2024-04-12 03,0.2622,0.0000,-2.0000
2024-04-12 04,0.3137,0.0000,3.2266
2024-04-12 05,0.3440,0.0006,7.7695
2024-04-12 06,0.3765,0.0457,-1.2236
2024-04-12 07,0.4587,0.2255,-2.0000
2024-04-12 08,0.4404,0.4419,-2.0000
2024-04-12 09,0.4614,0.5854,-2.0000
2024-04-12 10,0.4624,0.6597,-2.0000
2024-04-12 11,0.4773,0.7192,-2.0000
2024-04-12 12,0.5962,0.6602,-2.0000
2024-04-12 13,0.6099,0.6528,-2.0000
2024-04-12 14,0.6084,0.6748,-2.0000
2024-04-12 15,0.5610,0.5879,-2.0000
2024-04-12 16,0.5972,0.4365,-2.0000
2024-04-12 17,0.6479,0.2416,-2.0000
2024-04-12 18,0.6113,0.0416,-2.0000
2024-04-12 19,0.6104,0.0000,-2.0000
2024-04-12 20,0.5781,0.0001,60.2500
2024-04-12 21,0.5698,0.0000,42.1250
2024-04-12 22,0.5601,0.0000,42.3125
2024-04-12 23,0.5552,0.0000,11.3203
2024-04-13 00,0.5195,0.0000,4.8945
2024-04-13 01,0.5107,0.0000,1.7646
2024-04-13 02,0.4905,0.0000,27.3125
2024-04-13 03,0.4802,0.0000,23.8281
2024-04-13 04,0.4778,0.0000,33.8438
2024-04-13 05,0.4365,0.0003,25.9062
2024-04-13 06,0.4158,0.0252,1.0410
2024-04-13 07,0.3838,0.1526,-2.0000
2024-04-13 08,0.3013,0.3511,-2.0000
2024-04-13 09,0.2230,0.4868,-2.0000
2024-04-13 10,0.2047,0.5610,-2.0000
2024-04-13 11,0.1130,0.6499,-2.0000
2024-04-13 12,0.1542,0.5928,-2.0000
2024-04-13 13,0.2063,0.5347,-2.0000
2024-04-13 14,0.2241,0.4580,-2.0000
2024-04-13 15,0.2178,0.4583,-2.0000
2024-04-13 16,0.2249,0.3938,-0.0049
2024-04-13 17,0.2385,0.2214,14.8125
2024-04-13 18,0.2474,0.0392,51.0938
2024-04-13 19,0.2517,0.0000,41.0000
2024-04-13 20,0.2227,0.0001,34.8125
2024-04-13 21,0.2194,0.0000,5.4336
2024-04-13 22,0.2319,0.0000,13.3047
2024-04-13 23,0.2322,0.0000,-2.0000
2024-04-14 00,0.2450,0.0000,-2.0000
2024-04-14 01,0.2712,0.0000,-2.0000
2024-04-14 02,0.3037,0.0000,13.0469
2024-04-14 03,0.2808,0.0000,7.1367
2024-04-14 04,0.2559,0.0000,2.4570
2024-04-14 05,0.2395,0.0001,-2.0000
2024-04-14 06,0.2820,0.0142,-2.0000
2024-04-14 07,0.3171,0.0947,-2.0000
2024-04-14 08,0.2957,0.1827,-2.0000
2024-04-14 09,0.2666,0.2668,-2.0000
2024-04-14 10,0.2052,0.3604,-2.0000
2024-04-14 11,0.1740,0.4536,-2.0000
2024-04-14 12,0.1486,0.4854,-2.0000
2024-04-14 13,0.1697,0.4578,-2.0000
2024-04-14 14,0.2490,0.4646,-2.0000
2024-04-14 15,0.2566,0.4902,-2.0000
2024-04-14 16,0.2507,0.3318,-2.0000
2024-04-14 17,0.2612,0.1658,-2.0000
2024-04-14 18,0.2466,0.0356,-2.0000
2024-04-14 19,0.3577,0.0005,-2.0000
2024-04-14 20,0.4475,0.0001,2.0684
2024-04-14 21,0.5801,0.0000,-2.0000
2024-04-14 22,0.6001,0.0001,9.3594
2024-04-14 23,0.6030,0.0000,-2.0000
2024-04-15 00,0.6152,0.0000,1.0176
2024-04-15 01,0.6655,0.0000,2.5703
2024-04-15 02,0.5605,0.0000,5.3516
2024-04-15 03,0.5547,0.0000,-2.0000
2024-04-15 04,0.5493,0.0000,2.5332
2024-04-15 05,0.5469,0.0008,10.5703
2024-04-15 06,0.5464,0.0532,10.4375
2024-04-15 07,0.5371,0.2206,0.9028
2024-04-15 08,0.5132,0.3989,-2.0000
2024-04-15 09,0.5278,0.4436,-2.0000
2024-04-15 10,0.6128,0.4058,-2.0000
2024-04-15 11,0.6611,0.4304,-2.0000
2024-04-15 12,0.6357,0.4377,-2.0000
2024-04-15 13,0.5830,0.4521,-2.0000
2024-04-15 14,0.5410,0.5190,-2.0000
2024-04-15 15,0.5317,0.5249,-2.0000
2024-04-15 16,0.5278,0.3992,-2.0000
2024-04-15 17,0.4905,0.2195,-2.0000
2024-04-15 18,0.4055,0.0465,19.6094
2024-04-15 19,0.3899,0.0012,38.9688
2024-04-15 20,0.3374,0.0002,3.7344
2024-04-15 21,0.2446,0.0000,29.8750
2024-04-15 22,0.0580,0.0001,59.5312
2024-04-15 23,0.0816,0.0000,51.9375
2024-04-16 00,0.0944,0.0000,44.1250
2024-04-16 01,0.1367,0.0000,33.1250
2024-04-16 02,0.0156,0.0000,36.5000
2024-04-16 03,0.0133,0.0000,57.8125
2024-04-16 04,0.0696,0.0000,41.8438
2024-04-16 05,0.0410,0.0006,54.5000
2024-04-16 06,0.0124,0.0466,75.1250
2024-04-16 07,0.0496,0.1757,43.5938
2024-04-16 08,0.0568,0.3420,29.7969
2024-04-16 09,0.0431,0.3767,18.9375
2024-04-16 10,0.0241,0.3457,28.4688
2024-04-16 11,0.0026,0.3848,26.6406
2024-04-16 12,0.0291,0.4099,13.5469
2024-04-16 13,0.0293,0.3623,2.4141
2024-04-16 14,0.0036,0.4985,2.5117
2024-04-16 15,0.0666,0.5044,0.8169
2024-04-16 16,0.0075,0.3921,31.8125
2024-04-16 17,0.0029,0.2025,63.6250
2024-04-16 18,0.0529,0.0396,89.2500
2024-04-16 19,0.0180,0.0009,93.8125
2024-04-16 20,0.0083,0.0002,67.8125
2024-04-16 21,0.0268,0.0000,87.3750
2024-04-16 22,0.0211,0.0001,80.0625
2024-04-16 23,0.0020,0.0000,76.3750
2024-04-17 00,0.0026,0.0000,54.9688
2024-04-17 01,0.0858,0.0000,22.0469
2024-04-17 02,0.0265,0.0000,28.8750
2024-04-17 03,0.0320,0.0000,31.6875
2024-04-17 04,0.0174,0.0000,41.1562
2024-04-17 05,0.0093,0.0006,56.9062
2024-04-17 06,0.0347,0.0468,74.6875
2024-04-17 07,0.0218,0.1749,83.3750
2024-04-17 08,0.0142,0.3452,55.3125
2024-04-17 09,0.0531,0.3870,42.3750
2024-04-17 10,0.0615,0.4561,34.5625
2024-04-17 11,0.1079,0.5151,34.9375
2024-04-17 12,0.1115,0.5532,27.6562
2024-04-17 13,0.1301,0.5332,19.1719
2024-04-17 14,0.1260,0.5630,-1.7695
2024-04-17 15,0.1475,0.5127,17.0000
2024-04-17 16,0.1414,0.4014,47.3750
2024-04-17 17,0.1658,0.2137,65.5625
2024-04-17 18,0.2037,0.0551,56.2188
2024-04-17 19,0.2476,0.0011,55.7812
2024-04-17 20,0.2517,0.0002,35.2188
2024-04-17 21,0.2476,0.0000,41.3750
2024-04-17 22,0.2246,0.0001,46.6875
2024-04-17 23,0.2145,0.0000,36.9062
2024-04-18 00,0.2096,0.0000,52.4062
2024-04-18 01,0.2021,0.0000,60.4062
2024-04-18 02,0.1742,0.0000,67.5000
2024-04-18 03,0.1658,0.0000,31.6562
2024-04-18 04,0.1675,0.0000,23.5312
2024-04-18 05,0.2310,0.0003,26.7969
2024-04-18 06,0.2852,0.0292,33.0938
2024-04-18 07,0.3157,0.1407,31.0156
2024-04-18 08,0.3130,0.2417,15.6719
2024-04-18 09,0.3130,0.3647,18.9844
2024-04-18 10,0.3462,0.4546,5.9141
2024-04-18 11,0.3882,0.4412,-1.5469
2024-04-18 12,0.3914,0.5059,-2.0000
2024-04-18 13,0.4202,0.4673,-2.0000
2024-04-18 14,0.4824,0.4509,10.1875
2024-04-18 15,0.4954,0.3284,12.1016
2024-04-18 16,0.4832,0.2622,20.0938
2024-04-18 17,0.5317,0.1555,5.5156
2024-04-18 18,0.5293,0.0403,33.4062
2024-04-18 19,0.4946,0.0005,43.4062
2024-04-18 20,0.4888,0.0001,14.8750
2024-04-18 21,0.4502,0.0000,17.8594
2024-04-18 22,0.3489,0.0000,27.6562
2024-04-18 23,0.3420,0.0000,26.1250
2024-04-19 00,0.2793,0.0000,17.0156
2024-04-19 01,0.2532,0.0000,3.3164
2024-04-19 02,0.2407,0.0000,-2.0000
2024-04-19 03,0.2482,0.0000,-2.0000
2024-04-19 04,0.2462,0.0000,28.6094
2024-04-19 05,0.2190,0.0002,45.5312
2024-04-19 06,0.1514,0.0356,36.2812
2024-04-19 07,0.1163,0.1443,38.2500
2024-04-19 08,0.0849,0.2556,25.7188
2024-04-19 09,0.0199,0.3721,6.7578
2024-04-19 10,0.0069,0.5010,5.2109
2024-04-19 11,0.0191,0.4587,8.9688
2024-04-19 12,0.0194,0.4692,9.1875
2024-04-19 13,0.0015,0.4690,17.7500
2024-04-19 14,0.0853,0.4216,27.6562
2024-04-19 15,0.0362,0.3743,30.3750
2024-04-19 16,0.0178,0.3042,48.3750
2024-04-19 17,0.0378,0.1899,61.9062
2024-04-19 18,0.0159,0.0496,92.6250
2024-04-19 19,0.0193,0.0013,90.5625
2024-04-19 20,0.0260,0.0002,71.5625
2024-04-19 21,0.0118,0.0000,59.8438
2024-04-19 22,0.0296,0.0000,59.0000
2024-04-19 23,0.0412,0.0000,56.8438
2024-04-20 00,0.0816,0.0000,33.8438
2024-04-20 01,0.0106,0.0000,26.8594
2024-04-20 02,0.0077,0.0000,26.2812
2024-04-20 03,0.0365,0.0000,10.1875
2024-04-20 04,0.0259,0.0000,35.2188
2024-04-20 05,0.0027,0.0006,42.1562
2024-04-20 06,0.0471,0.0455,23.1094
2024-04-20 07,0.0052,0.2008,20.7188
2024-04-20 08,0.0068,0.3569,-2.0000
2024-04-20 09,0.0300,0.4299,-2.0000
2024-04-20 10,0.0431,0.5107,-2.0000
2024-04-20 11,0.0040,0.4683,10.3047
2024-04-20 12,0.0061,0.4639,33.5000
2024-04-20 13,0.0023,0.4546,38.9062
2024-04-20 14,0.0067,0.4385,30.5312
2024-04-20 15,0.1031,0.3926,31.7344
2024-04-20 16,0.0050,0.3528,46.1875
2024-04-20 17,0.0529,0.2249,54.7188
2024-04-20 18,0.0114,0.0535,80.3750
2024-04-20 19,0.0330,0.0011,84.5000
2024-04-20 20,0.0226,0.0001,82.0000
2024-04-20 21,0.0035,0.0000,67.8125
2024-04-20 22,0.0068,0.0000,81.6875
2024-04-20 23,0.0390,0.0000,77.5000
2024-04-21 00,0.0121,0.0000,73.6250
2024-04-21 01,0.0170,0.0000,62.6562
2024-04-21 02,0.1180,0.0000,42.2812
2024-04-21 03,0.0433,0.0000,43.1250
2024-04-21 04,0.0556,0.0000,41.5312
2024-04-21 05,0.0638,0.0000,41.5625
2024-04-21 06,0.0661,0.0308,32.1562
2024-04-21 07,0.0300,0.2041,31.6719
2024-04-21 08,0.0028,0.4312,19.0312
2024-04-21 09,0.1230,0.6353,-2.0000
2024-04-21 10,0.0027,0.7251,6.0078
2024-04-21 11,0.0803,0.6719,1.1484
2024-04-21 12,0.1624,0.7202,2.2598
2024-04-21 13,0.1904,0.6729,8.0938
2024-04-21 14,0.1868,0.7349,0.1974
2024-04-21 15,0.2303,0.6792,8.4922
2024-04-21 16,0.2585,0.5103,37.7812
2024-04-21 17,0.2494,0.2861,66.8750
2024-04-21 18,0.2700,0.0753,45.7188
2024-04-21 19,0.2502,0.0015,63.2188
2024-04-21 20,0.2842,0.0002,69.6875
2024-04-21 21,0.2842,0.0000,65.2500
2024-04-21 22,0.3328,0.0001,59.1875
2024-04-21 23,0.3540,0.0000,60.8438
2024-04-22 00,0.3582,0.0000,29.1562
2024-04-22 01,0.3689,0.0000,-2.0000
2024-04-22 02,0.3560,0.0000,-2.0000
2024-04-22 03,0.3706,0.0000,18.4688
2024-04-22 04,0.3357,0.0000,33.3438
2024-04-22 05,0.2727,0.0005,52.8750
2024-04-22 06,0.2598,0.0426,56.4062
2024-04-22 07,0.2340,0.2324,38.8438
2024-04-22 08,0.2598,0.4780,31.2344
2024-04-22 09,0.2316,0.6553,17.2344
2024-04-22 10,0.2211,0.7373,15.3125
2024-04-22 11,0.2345,0.7192,36.8438
2024-04-22 12,0.3127,0.7217,25.8125
2024-04-22 13,0.2345,0.6943,46.2812
2024-04-22 14,0.2123,0.6943,33.9375
2024-04-22 15,0.2264,0.6274,41.8750
2024-04-22 16,0.2281,0.5103,41.2812
2024-04-22 17,0.2108,0.2861,54.9062
2024-04-22 18,0.2244,0.0753,70.7500
2024-04-22 19,0.1976,0.0016,67.3750
2024-04-22 20,0.1918,0.0002,73.5625
2024-04-22 21,0.1757,0.0000,73.8125
2024-04-22 22,0.1564,0.0001,64.6875
2024-04-22 23,0.1732,0.0000,62.1562
2024-04-23 00,0.1144,0.0000,49.1875
2024-04-23 01,0.1630,0.0000,53.6562
2024-04-23 02,0.2372,0.0000,39.7188
2024-04-23 03,0.4326,0.0000,31.8281
2024-04-23 04,0.4131,0.0000,49.9375
2024-04-23 05,0.3745,0.0000,44.2500
2024-04-23 06,0.3105,0.0219,63.8125
2024-04-23 07,0.2747,0.1669,53.7500
2024-04-23 08,0.3228,0.3555,38.5312
2024-04-23 09,0.2771,0.4482,49.6250
2024-04-23 10,0.2095,0.5107,47.0938
2024-04-23 11,0.2185,0.5059,54.7812
2024-04-23 12,0.2018,0.5610,56.8750
2024-04-23 13,0.2092,0.6074,62.6250
2024-04-23 14,0.2258,0.6074,62.9062
2024-04-23 15,0.2937,0.4766,55.4375
2024-04-23 16,0.3850,0.3564,57.5938
2024-04-23 17,0.4062,0.2124,81.5000
2024-04-23 18,0.3579,0.0502,99.3750
2024-04-23 19,0.3345,0.0007,107.5625
2024-04-23 20,0.3557,0.0001,89.0000
2024-04-23 21,0.3525,0.0000,72.0625
2024-04-23 22,0.4143,0.0000,42.9062
2024-04-23 23,0.4131,0.0000,43.7188
2024-04-24 00,0.4158,0.0000,42.0312
2024-04-24 01,0.4380,0.0000,46.4688
2024-04-24 02,0.4302,0.0000,60.3125
2024-04-24 03,0.4080,0.0000,58.7188
2024-04-24 04,0.3855,0.0000,50.6250
2024-04-24 05,0.3484,0.0008,58.3438
2024-04-24 06,0.2974,0.0468,59.7812
2024-04-24 07,0.2554,0.2375,64.4375
2024-04-24 08,0.1858,0.4824,49.7188
2024-04-24 09,0.1365,0.6099,49.3750
2024-04-24 10,0.1250,0.6484,33.6562
2024-04-24 11,0.1003,0.7139,9.4688
2024-04-24 12,0.0967,0.7285,10.9766
2024-04-24 13,0.0677,0.7622,16.6875
2024-04-24 14,0.0013,0.7661,32.0312
2024-04-24 15,0.0498,0.6328,39.4062
2024-04-24 16,0.0851,0.4946,65.1875
2024-04-24 17,0.1520,0.2578,-2.0000
2024-04-24 18,0.1913,0.0541,120.1250
2024-04-24 19,0.2391,0.0009,114.9375
2024-04-24 20,0.2544,0.0002,106.5625
2024-04-24 21,0.2537,0.0000,124.0000
2024-04-24 22,0.1703,0.0001,107.4375
2024-04-24 23,0.1586,0.0000,89.1875
2024-04-25 00,0.1495,0.0000,77.1250
2024-04-25 01,0.1514,0.0000,61.7188
2024-04-25 02,0.1733,0.0000,72.6250
2024-04-25 03,0.1812,0.0000,61.9375
2024-04-25 04,0.1841,0.0000,72.7500
2024-04-25 05,0.2690,0.0009,73.0625
2024-04-25 06,0.2532,0.0453,87.3750
2024-04-25 07,0.2281,0.2290,78.6250
2024-04-25 08,0.1777,0.4563,51.5312
2024-04-25 09,0.1131,0.5581,53.1875
2024-04-25 10,0.1013,0.6226,21.8750
2024-04-25 11,0.0977,0.6729,22.4531
2024-04-25 12,0.0784,0.7227,25.0469
2024-04-25 13,0.0836,0.7061,49.2500
2024-04-25 14,0.0515,0.7065,58.8125
2024-04-25 15,0.0592,0.6069,67.5000
2024-04-25 16,0.0514,0.5103,74.9375
2024-04-25 17,0.0353,0.2705,115.6875
2024-04-25 18,0.0100,0.0574,132.7500
2024-04-25 19,0.0354,0.0010,111.5000
2024-04-25 20,0.0217,0.0002,110.5000
2024-04-25 21,0.0207,0.0000,99.9375
2024-04-25 22,0.0160,0.0000,77.6875
2024-04-25 23,0.0243,0.0000,81.8750
2024-04-26 00,0.0228,0.0000,68.0000
2024-04-26 01,0.0579,0.0000,59.2500
2024-04-26 02,0.0075,0.0000,44.7500
2024-04-26 03,0.0060,0.0000,45.3750
2024-04-26 04,0.0103,0.0000,63.9688
2024-04-26 05,0.0499,0.0005,76.1250
2024-04-26 06,0.0013,0.0399,96.6250
2024-04-26 07,0.0071,0.1899,83.0000
2024-04-26 08,0.0736,0.3679,49.5312
2024-04-26 09,0.0668,0.4695,51.5312
2024-04-26 10,0.0253,0.5347,46.4688
2024-04-26 11,0.0250,0.5811,29.6250
2024-04-26 12,0.0164,0.6021,46.1250
2024-04-26 13,0.0049,0.6880,19.8750
2024-04-26 14,0.0069,0.7222,-2.0000
2024-04-26 15,0.0115,0.5977,22.0781
2024-04-26 16,0.0150,0.4729,47.1250
2024-04-26 17,0.0050,0.2334,70.9375
2024-04-26 18,0.1159,0.0511,94.3125
2024-04-26 19,0.0196,0.0009,128.3750
2024-04-26 20,0.0009,0.0001,122.8125
2024-04-26 21,0.0452,0.0000,119.1875
2024-04-26 22,0.0063,0.0000,106.3125
2024-04-26 23,0.0120,0.0000,111.8125
2024-04-27 00,0.0591,0.0000,87.0625
2024-04-27 01,0.0041,0.0000,97.6250
2024-04-27 02,0.0493,0.0000,85.8125
2024-04-27 03,0.0055,0.0000,70.3125
2024-04-27 04,0.0214,0.0000,84.2500
2024-04-27 05,0.0182,0.0002,74.1250
2024-04-27 06,0.0055,0.0375,63.4375
2024-04-27 07,0.0931,0.2032,39.9688
2024-04-27 08,0.0243,0.4053,36.5938
2024-04-27 09,0.0201,0.5405,50.3750
2024-04-27 10,0.0204,0.6001,38.8438
2024-04-27 11,0.0468,0.6484,31.0938
2024-04-27 12,0.0681,0.7119,29.1719
2024-04-27 13,0.0140,0.6270,41.3750
2024-04-27 14,0.0360,0.5962,20.2812
2024-04-27 15,0.0088,0.5786,31.1719
2024-04-27 16,0.0303,0.4976,40.1562
2024-04-27 17,0.0575,0.2861,41.5000
2024-04-27 18,0.0936,0.0544,95.5625
2024-04-27 19,0.1030,0.0011,88.1250
2024-04-27 20,0.1105,0.0001,81.8125
2024-04-27 21,0.1320,0.0000,74.6875
2024-04-27 22,0.1416,0.0000,77.3125
2024-04-27 23,0.1670,0.0000,81.8750
2024-04-28 00,0.1981,0.0000,75.0625
2024-04-28 01,0.3464,0.0000,61.0000
2024-04-28 02,0.4138,0.0000,50.0625
2024-04-28 03,0.4387,0.0000,26.6250
2024-04-28 04,0.4417,0.0000,38.6875
2024-04-28 05,0.5269,0.0008,29.7031
2024-04-28 06,0.5254,0.0521,32.6250
2024-04-28 07,0.5063,0.2312,9.8906
2024-04-28 08,0.4929,0.4734,-2.0000
2024-04-28 09,0.5454,0.5659,-2.0000
2024-04-28 10,0.5586,0.5859,-2.0000
2024-04-28 11,0.5728,0.6123,-2.0000
2024-04-28 12,0.5581,0.6958,-2.0000
2024-04-28 13,0.5864,0.5513,-2.0000
2024-04-28 14,0.5625,0.5068,-2.0000
2024-04-28 15,0.5303,0.5571,8.0625
2024-04-28 16,0.5156,0.3784,38.9688
2024-04-28 17,0.5386,0.1873,52.8125
2024-04-28 18,0.5283,0.0403,70.1875
2024-04-28 19,0.4873,0.0006,82.4375
2024-04-28 20,0.4912,0.0001,77.6250
2024-04-28 21,0.4907,0.0000,61.2188
2024-04-28 22,0.4788,0.0000,-2.0000
2024-04-28 23,0.5610,0.0000,-2.0000
2024-04-29 00,0.5376,0.0000,-2.0000
2024-04-29 01,0.5044,0.0000,44.8438
2024-04-29 02,0.5361,0.0000,28.9844
2024-04-29 03,0.5322,0.0000,34.1562
2024-04-29 04,0.4172,0.0000,65.4375
2024-04-29 05,0.4106,0.0000,90.7500
2024-04-29 06,0.4412,0.0258,98.1250
2024-04-29 07,0.4302,0.2299,83.5000
2024-04-29 08,0.4221,0.5078,51.4688
2024-04-29 09,0.3923,0.6724,23.2969
2024-04-29 10,0.2678,0.7695,42.7500
2024-04-29 11,0.2377,0.8062,30.5469
2024-04-29 12,0.2410,0.8159,36.6250
2024-04-29 13,0.2472,0.8037,43.0625
2024-04-29 14,0.2681,0.7324,54.0000
2024-04-29 15,0.2673,0.6792,38.9375
2024-04-29 16,0.2842,0.5103,71.0000
2024-04-29 17,0.3074,0.2861,78.6875
2024-04-29 18,0.3052,0.0753,110.4375
2024-04-29 19,0.3088,0.0016,114.3125
2024-04-29 20,0.3147,0.0002,115.1250
2024-04-29 21,0.2988,0.0000,114.0625
2024-04-29 22,0.2898,0.0000,96.7500
2024-04-29 23,0.2646,0.0000,73.5000
2024-04-30 00,0.2473,0.0000,84.4375
2024-04-30 01,0.1802,0.0000,67.1250
2024-04-30 02,0.1758,0.0000,68.7500
2024-04-30 03,0.1725,0.0000,68.1875
2024-04-30 04,0.1421,0.0000,68.1250
2024-04-30 05,0.1245,0.0000,97.3125
2024-04-30 06,0.1186,0.0124,105.6250
2024-04-30 07,0.0682,0.1549,86.7500
2024-04-30 08,0.0290,0.3408,92.0000
2024-04-30 09,0.0112,0.5298,57.1875
2024-04-30 10,0.0076,0.6333,59.6250
2024-04-30 11,0.0659,0.6006,62.9375
2024-04-30 12,0.1295,0.5664,55.1875
2024-04-30 13,0.1727,0.5093,47.9688
2024-04-30 14,0.1962,0.4321,50.7812
2024-04-30 15,0.1842,0.4656,67.8125
2024-04-30 16,0.1975,0.3235,85.6250
2024-04-30 17,0.1516,0.2090,100.5625
2024-04-30 18,0.1599,0.0454,111.3125
2024-04-30 19,0.1628,0.0006,106.4375
2024-04-30 20,0.1520,0.0001,103.1875
2024-04-30 21,0.1432,0.0000,104.6250
2024-04-30 22,0.0769,0.0000,96.0000
2024-04-30 23,0.0468,0.0000,88.3750
2024-05-01 00,0.1827,0.0000,85.6250
2024-05-01 01,0.1360,0.0000,99.5625
2024-05-01 02,0.1316,0.0000,91.5625
2024-05-01 03,0.1364,0.0000,98.5625
2024-05-01 04,0.0929,0.0000,106.6875
2024-05-01 05,0.0702,0.0054,99.9375
2024-05-01 06,0.0469,0.0918,107.8750
2024-05-01 07,0.0075,0.3159,97.7500
2024-05-01 08,0.0079,0.4827,72.4375
2024-05-01 09,0.0478,0.6387,39.4062
2024-05-01 10,0.0910,0.7305,29.4062
2024-05-01 11,0.0106,0.7832,43.1562
2024-05-01 12,0.0017,0.7661,40.7812
2024-05-01 13,0.0115,0.7476,21.2500
2024-05-01 14,0.0278,0.7266,25.2656
2024-05-01 15,0.0460,0.6646,15.5781
2024-05-01 16,0.0730,0.5181,37.7188
2024-05-01 17,0.0996,0.3176,58.8125
2024-05-01 18,0.1180,0.1172,94.6875
2024-05-01 19,0.1548,0.0114,111.9375
2024-05-01 20,0.1594,0.0001,78.5000
2024-05-01 21,0.1614,0.0001,76.3125
2024-05-01 22,0.1604,0.0000,55.2188
2024-05-01 23,0.1671,0.0000,52.9375
2024-05-02 00,0.1711,0.0000,39.0938
2024-05-02 01,0.1771,0.0000,46.7188
2024-05-02 02,0.1779,0.0000,38.5625
2024-05-02 03,0.1821,0.0000,47.4375
2024-05-02 04,0.1810,0.0000,55.8438
2024-05-02 05,0.2068,0.0080,70.4375
2024-05-02 06,0.2015,0.0949,69.2500
2024-05-02 07,0.1744,0.2883,64.5000
2024-05-02 08,0.1385,0.4365,36.6562
2024-05-02 09,0.0961,0.5781,23.0156
2024-05-02 10,0.0558,0.6338,19.4219
2024-05-02 11,0.0477,0.6772,22.1094
2024-05-02 12,0.0598,0.6519,20.8906
2024-05-02 13,0.0576,0.6309,21.1719
2024-05-02 14,0.0476,0.5942,28.2656
2024-05-02 15,0.0473,0.5605,15.5078
2024-05-02 16,0.0591,0.4517,62.5938
2024-05-02 17,0.0929,0.2900,80.3125
2024-05-02 18,0.1285,0.0833,104.8750
2024-05-02 19,0.1273,0.0056,112.5000
2024-05-02 20,0.1416,0.0001,97.3125
2024-05-02 21,0.1591,0.0000,107.3125
2024-05-02 22,0.1860,0.0000,101.0625
2024-05-02 23,0.1927,0.0000,82.8125
2024-05-03 00,0.2023,0.0000,72.1250
2024-05-03 01,0.1997,0.0000,67.5625
2024-05-03 02,0.2225,0.0000,67.9375
2024-05-03 03,0.2301,0.0000,54.3125
2024-05-03 04,0.2336,0.0000,50.5625
2024-05-03 05,0.2542,0.0067,60.7812
2024-05-03 06,0.2146,0.0952,52.4688
2024-05-03 07,0.1929,0.3140,37.8125
2024-05-03 08,0.1470,0.5376,39.0000
2024-05-03 09,0.1221,0.6816,33.6250
2024-05-03 10,0.1039,0.7690,36.2812
2024-05-03 11,0.0917,0.7988,34.1250
2024-05-03 12,0.0485,0.7979,30.2031
2024-05-03 13,0.0589,0.7920,24.5312
2024-05-03 14,0.0941,0.7568,14.9609
2024-05-03 15,0.1332,0.6587,32.2188
2024-05-03 16,0.1606,0.5181,51.8438
2024-05-03 17,0.2018,0.3176,69.0625
2024-05-03 18,0.2490,0.1170,75.4375
2024-05-03 19,0.2947,0.0118,88.8750
2024-05-03 20,0.3667,0.0001,71.4375
2024-05-03 21,0.3818,0.0001,66.1250
2024-05-03 22,0.4121,0.0001,61.4062
2024-05-03 23,0.4287,0.0000,18.9531
2024-05-04 00,0.4189,0.0000,39.0000
2024-05-04 01,0.3994,0.0000,42.6250
2024-05-04 02,0.3589,0.0000,63.1875
2024-05-04 03,0.3396,0.0000,37.3125
2024-05-04 04,0.3318,0.0000,46.8438
2024-05-04 05,0.3188,0.0074,50.1875
2024-05-04 06,0.2703,0.0862,53.4375
2024-05-04 07,0.2893,0.2529,51.8750
2024-05-04 08,0.2593,0.4458,34.3438
2024-05-04 09,0.2332,0.5884,34.9688
2024-05-04 10,0.2502,0.7520,50.6875
2024-05-04 11,0.2896,0.6660,48.1250
2024-05-04 12,0.2969,0.6743,56.1250
2024-05-04 13,0.2830,0.6401,30.6250
2024-05-04 14,0.2727,0.5317,49.0000
2024-05-04 15,0.2522,0.5249,50.9062
2024-05-04 16,0.2272,0.4341,43.3438
2024-05-04 17,0.1309,0.3176,72.8750
2024-05-04 18,0.1580,0.1164,106.1250
2024-05-04 19,0.1617,0.0134,121.6875
2024-05-04 20,0.1672,0.0001,98.6875
2024-05-04 21,0.1428,0.0000,109.5625
2024-05-04 22,0.1375,0.0001,108.0000
2024-05-04 23,0.1313,0.0000,95.6250
2024-05-05 00,0.1398,0.0000,93.8125
2024-05-05 01,0.1155,0.0000,90.0000
2024-05-05 02,0.0897,0.0000,105.5000
2024-05-05 03,0.0963,0.0000,84.7500
2024-05-05 04,0.1383,0.0000,89.8125
2024-05-05 05,0.1609,0.0103,90.5625
2024-05-05 06,0.1627,0.1105,42.9688
2024-05-05 07,0.1278,0.3271,32.4375
2024-05-05 08,0.0986,0.5376,25.8750
2024-05-05 09,0.1064,0.6470,25.7812
2024-05-05 10,0.1171,0.7480,25.9531
2024-05-05 11,0.1409,0.6929,29.6406
2024-05-05 12,0.1614,0.6660,38.8125
2024-05-05 13,0.1722,0.6519,24.9688
2024-05-05 14,0.1865,0.6748,12.7812
2024-05-05 15,0.1976,0.6401,33.4688
2024-05-05 16,0.2186,0.5181,48.2812
2024-05-05 17,0.2537,0.3176,78.0000
2024-05-05 18,0.2549,0.1172,120.2500
2024-05-05 19,0.2686,0.0130,110.5000
2024-05-05 20,0.2491,0.0002,95.0625
2024-05-05 21,0.2661,0.0000,86.0000
2024-05-05 22,0.2241,0.0000,72.1250
2024-05-05 23,0.1573,0.0000,85.9375
2024-05-06 00,0.1241,0.0000,110.0000
2024-05-06 01,0.0836,0.0000,119.4375
2024-05-06 02,0.0775,0.0000,105.0000
2024-05-06 03,0.0571,0.0000,112.3125
2024-05-06 04,0.0498,0.0000,115.0625
2024-05-06 05,0.0424,0.0092,103.9375
2024-05-06 06,0.0216,0.1022,84.0625
2024-05-06 07,0.0067,0.3081,70.9375
2024-05-06 08,0.0123,0.5181,53.1250
2024-05-06 09,0.0316,0.5820,52.8438
2024-05-06 10,0.1036,0.6919,33.8125
2024-05-06 11,0.0027,0.6851,40.6562
2024-05-06 12,0.0281,0.6719,35.1250
2024-05-06 13,0.0524,0.6821,31.6719
2024-05-06 14,0.0190,0.6689,26.6875
2024-05-06 15,0.0065,0.6089,44.2188
2024-05-06 16,0.0037,0.5024,58.9062
2024-05-06 17,0.0335,0.3176,89.8125
2024-05-06 18,0.0920,0.1135,123.1250
2024-05-06 19,0.1133,0.0114,136.1250
2024-05-06 20,0.1254,0.0001,117.5625
2024-05-06 21,0.1354,0.0000,85.2500
2024-05-06 22,0.1407,0.0000,97.5625
2024-05-06 23,0.1467,0.0000,62.5625
2024-05-07 00,0.1476,0.0000,70.2500
2024-05-07 01,0.1691,0.0000,59.9375
2024-05-07 02,0.1746,0.0000,62.5312
2024-05-07 03,0.1562,0.0000,38.5625
2024-05-07 04,0.1643,0.0000,67.5000
2024-05-07 05,0.1510,0.0111,67.1875
2024-05-07 06,0.1396,0.1130,52.7188
2024-05-07 07,0.1003,0.3345,43.7812
2024-05-07 08,0.0511,0.5376,126.8750
2024-05-07 09,0.0507,0.6611,122.8750
2024-05-07 10,0.0453,0.7583,23.7031
2024-05-07 11,0.0396,0.7866,13.5469
2024-05-07 12,0.0473,0.7700,14.5938
2024-05-07 13,0.0879,0.7725,5.9844
2024-05-07 14,0.1412,0.7104,26.0000
2024-05-07 15,0.1686,0.6353,28.7969
2024-05-07 16,0.1946,0.4722,29.8594
2024-05-07 17,0.2147,0.3176,68.6875
2024-05-07 18,0.2520,0.1011,100.6875
2024-05-07 19,0.2825,0.0073,117.2500
2024-05-07 20,0.3057,0.0001,93.4375
2024-05-07 21,0.3413,0.0000,75.5000
2024-05-07 22,0.3662,0.0000,58.5938
2024-05-07 23,0.3503,0.0000,54.5312
2024-05-08 00,0.3074,0.0000,61.2500
2024-05-08 01,0.3052,0.0000,53.1562
2024-05-08 02,0.3057,0.0000,40.1562
2024-05-08 03,0.3074,0.0000,33.8750
2024-05-08 04,0.2964,0.0000,31.6562
2024-05-08 05,0.2942,0.0100,52.3750
2024-05-08 06,0.3057,0.1029,66.5000
2024-05-08 07,0.2935,0.3103,60.0000
2024-05-08 08,0.2639,0.4895,36.8438
2024-05-08 09,0.2445,0.6133,21.7656
2024-05-08 10,0.2452,0.6602,13.9531
2024-05-08 11,0.2556,0.6714,14.4844
2024-05-08 12,0.2754,0.6646,-2.0000
2024-05-08 13,0.3152,0.6187,-2.0000
2024-05-08 14,0.3208,0.5454,31.1562
2024-05-08 15,0.3494,0.4380,13.2031
2024-05-08 16,0.3730,0.3179,25.2344
2024-05-08 17,0.4263,0.2297,36.0000
2024-05-08 18,0.4468,0.0833,61.3750
2024-05-08 19,0.4763,0.0067,64.4375
2024-05-08 20,0.5059,0.0001,61.6250
2024-05-08 21,0.5396,0.0000,51.0938
2024-05-08 22,0.5752,0.0000,48.1250
2024-05-08 23,0.5483,0.0000,34.7500
2024-05-09 00,0.5459,0.0000,48.5625
2024-05-09 01,0.5342,0.0000,45.0000
2024-05-09 02,0.5400,0.0000,56.7188
2024-05-09 03,0.5586,0.0000,48.7812
2024-05-09 04,0.5171,0.0000,62.4062
2024-05-09 05,0.5166,0.0073,69.0000
2024-05-09 06,0.4666,0.0831,70.4375
2024-05-09 07,0.4543,0.2465,66.0625
2024-05-09 08,0.4358,0.3857,42.0625
2024-05-09 09,0.4204,0.5078,23.2656
2024-05-09 10,0.4138,0.5806,27.7969
2024-05-09 11,0.4036,0.5781,4.5703
2024-05-09 12,0.4316,0.5620,-2.0000
2024-05-09 13,0.3994,0.4966,-2.0000
2024-05-09 14,0.3926,0.5054,14.2500
2024-05-09 15,0.4028,0.4373,16.9219
2024-05-09 16,0.3821,0.3650,29.2344
2024-05-09 17,0.3865,0.2395,46.7188
2024-05-09 18,0.4102,0.0848,64.5000
2024-05-09 19,0.4272,0.0080,76.3750
2024-05-09 20,0.4099,0.0001,57.3438
2024-05-09 21,0.3831,0.0000,62.7188
2024-05-09 22,0.3713,0.0000,58.3125
2024-05-09 23,0.3523,0.0000,68.2500
2024-05-10 00,0.3635,0.0000,48.4375
2024-05-10 01,0.3918,0.0000,33.4375
2024-05-10 02,0.3982,0.0000,61.4688
2024-05-10 03,0.4287,0.0000,45.3438
2024-05-10 04,0.5024,0.0000,52.0625
2024-05-10 05,0.4907,0.0091,56.4375
2024-05-10 06,0.4604,0.0989,51.5625
2024-05-10 07,0.4075,0.2822,55.7812
2024-05-10 08,0.3613,0.4321,40.8125
2024-05-10 09,0.3447,0.5029,23.9688
2024-05-10 10,0.3140,0.5635,26.8906
2024-05-10 11,0.2407,0.6421,9.0000
2024-05-10 12,0.2329,0.6152,11.1250
2024-05-10 13,0.2363,0.5410,24.0625
2024-05-10 14,0.2355,0.5078,20.0781
2024-05-10 15,0.2742,0.4648,31.0000
2024-05-10 16,0.2798,0.3960,36.0625
2024-05-10 17,0.3069,0.2450,33.5312
2024-05-10 18,0.3442,0.0832,76.2500
2024-05-10 19,0.3389,0.0037,84.0000
2024-05-10 20,0.4001,0.0001,57.0625
2024-05-10 21,0.3835,0.0000,63.1562
2024-05-10 22,0.3325,0.0000,67.4375
2024-05-10 23,0.3074,0.0000,83.9375
2024-05-11 00,0.2625,0.0000,86.3750
2024-05-11 01,0.2466,0.0000,82.5625
2024-05-11 02,0.2424,0.0000,66.1875
2024-05-11 03,0.2169,0.0000,52.4062
2024-05-11 04,0.1965,0.0000,43.7500
2024-05-11 05,0.1775,0.0074,47.3125
2024-05-11 06,0.1927,0.0807,41.3125
2024-05-11 07,0.1584,0.2301,40.1250
2024-05-11 08,0.1404,0.3291,32.7188
2024-05-11 09,0.1224,0.4099,41.0000
2024-05-11 10,0.1006,0.4763,32.6875
2024-05-11 11,0.0220,0.5381,8.1953
2024-05-11 12,0.0930,0.5400,2.9922
2024-05-11 13,0.0811,0.4780,7.6172
2024-05-11 14,0.0891,0.4050,0.7666
2024-05-11 15,0.1085,0.3330,12.9375
2024-05-11 16,0.1130,0.2676,46.6250
2024-05-11 17,0.1191,0.1638,72.0625
2024-05-11 18,0.1212,0.0558,102.7500
2024-05-11 19,0.1234,0.0016,103.8125
2024-05-11 20,0.1625,0.0000,83.7500
2024-05-11 21,0.1877,0.0000,69.2500
2024-05-11 22,0.1998,0.0000,71.7500
2024-05-11 23,0.2302,0.0000,50.9375
2024-05-12 00,0.2673,0.0000,47.5938
2024-05-12 01,0.2629,0.0000,46.5312
2024-05-12 02,0.2639,0.0000,57.4062
2024-05-12 03,0.2671,0.0000,56.6250
2024-05-12 04,0.2644,0.0000,54.1250
2024-05-12 05,0.3342,0.0109,27.2656
2024-05-12 06,0.3127,0.1167,36.9688
2024-05-12 07,0.2805,0.3345,15.3672
2024-05-12 08,0.2649,0.4922,6.6992
2024-05-12 09,0.2418,0.6216,14.0547
2024-05-12 10,0.2578,0.6621,-2.0000
2024-05-12 11,0.2957,0.6807,-2.0000
2024-05-12 12,0.3101,0.6816,-2.0000
2024-05-12 13,0.3167,0.7002,-2.0000
2024-05-12 14,0.3435,0.6641,-2.0000
2024-05-12 15,0.4485,0.5737,-2.0000
2024-05-12 16,0.4763,0.4260,4.4570
2024-05-12 17,0.5420,0.2690,-2.0000
2024-05-12 18,0.4751,0.0862,18.5781
2024-05-12 19,0.4822,0.0060,37.4062
2024-05-12 20,0.4714,0.0001,28.2344
2024-05-12 21,0.4641,0.0000,124.6250
2024-05-12 22,0.4558,0.0001,124.1875
2024-05-12 23,0.4490,0.0000,109.8750
2024-05-13 00,0.3875,0.0000,119.7500
2024-05-13 01,0.4661,0.0000,123.3125
2024-05-13 02,0.4688,0.0000,109.4375
2024-05-13 03,0.4585,0.0000,112.3125
2024-05-13 04,0.4912,0.0000,123.5000
2024-05-13 05,0.4646,0.0081,132.8750
2024-05-13 06,0.4368,0.0930,131.1250
2024-05-13 07,0.3945,0.2795,118.6250
2024-05-13 08,0.3582,0.4365,104.5000
2024-05-13 09,0.3193,0.5327,100.2500
2024-05-13 10,0.3284,0.5586,111.6875
2024-05-13 11,0.2900,0.5796,98.6250
2024-05-13 12,0.3005,0.5728,96.4375
2024-05-13 13,0.3027,0.6011,46.7812
2024-05-13 14,0.3289,0.5933,62.8125
2024-05-13 15,0.3235,0.5254,57.7500
2024-05-13 16,0.3313,0.4143,33.4375
2024-05-13 17,0.2922,0.2585,51.7500
2024-05-13 18,0.2883,0.0961,76.0000
2024-05-13 19,0.2939,0.0101,101.0625
2024-05-13 20,0.2908,0.0001,86.6875
2024-05-13 21,0.2837,0.0001,76.4375
2024-05-13 22,0.2812,0.0001,60.0625
2024-05-13 23,0.2791,0.0000,49.7188
2024-05-14 00,0.2764,0.0000,134.0000
2024-05-14 01,0.2712,0.0000,137.7500
2024-05-14 02,0.2529,0.0000,137.1250
2024-05-14 03,0.2341,0.0000,78.1875
2024-05-14 04,0.2408,0.0000,89.5625
2024-05-14 05,0.3115,0.0105,101.6875
2024-05-14 06,0.3203,0.1012,100.1250
2024-05-14 07,0.2893,0.2563,78.0000
2024-05-14 08,0.2546,0.3967,80.6875
2024-05-14 09,0.2451,0.4941,71.1875
2024-05-14 10,0.2832,0.5137,59.4062
2024-05-14 11,0.2898,0.5889,71.5000
2024-05-14 12,0.3030,0.5952,63.1562
2024-05-14 13,0.3083,0.6436,44.3750
2024-05-14 14,0.3269,0.6318,46.3438
2024-05-14 15,0.3628,0.4944,36.1250
2024-05-14 16,0.3899,0.3796,53.4375
2024-05-14 17,0.3977,0.2834,55.0000
2024-05-14 18,0.4285,0.0901,73.1875
2024-05-14 19,0.5322,0.0077,83.2500
2024-05-14 20,0.5547,0.0001,74.0000
2024-05-14 21,0.5811,0.0000,73.0000
2024-05-14 22,0.6240,0.0001,69.4375
2024-05-14 23,0.6289,0.0000,94.1250
2024-05-15 00,0.6460,0.0000,73.9375
2024-05-15 01,0.6191,0.0000,78.6250
2024-05-15 02,0.6011,0.0000,92.1250
2024-05-15 03,0.6157,0.0000,81.3750
2024-05-15 04,0.6143,0.0000,89.3750
2024-05-15 05,0.6040,0.0074,79.2500
2024-05-15 06,0.5420,0.0847,80.1875
2024-05-15 07,0.5557,0.2299,57.7188
2024-05-15 08,0.5332,0.3540,50.4688
2024-05-15 09,0.5171,0.4683,28.3750
2024-05-15 10,0.5063,0.4771,42.5312
2024-05-15 11,0.4963,0.5513,39.6875
2024-05-15 12,0.5078,0.5093,43.5938
2024-05-15 13,0.5107,0.4912,64.1250
2024-05-15 14,0.5034,0.5029,64.1250
2024-05-15 15,0.4851,0.4658,89.3125
2024-05-15 16,0.4919,0.3667,109.3750
2024-05-15 17,0.4768,0.2632,121.1875
2024-05-15 18,0.4673,0.0776,157.8750
2024-05-15 19,0.4370,0.0077,189.8750
2024-05-15 20,0.3992,0.0001,184.1250
2024-05-15 21,0.3599,0.0000,166.3750
2024-05-15 22,0.3552,0.0000,144.8750
2024-05-15 23,0.3464,0.0000,128.2500
2024-05-16 00,0.3186,0.0000,116.8125
2024-05-16 01,0.3481,0.0000,115.0625
2024-05-16 02,0.3743,0.0000,110.0625
2024-05-16 03,0.3831,0.0000,107.9375
2024-05-16 04,0.3892,0.0000,111.2500
2024-05-16 05,0.3892,0.0067,143.1250
2024-05-16 06,0.4180,0.0803,140.6250
2024-05-16 07,0.3782,0.2209,124.1250
2024-05-16 08,0.3501,0.3730,111.6250
2024-05-16 09,0.3254,0.5005,109.6875
2024-05-16 10,0.3306,0.4880,113.3125
2024-05-16 11,0.3315,0.4778,121.7500
2024-05-16 12,0.3279,0.3984,141.3750
2024-05-16 13,0.3210,0.4475,126.2500
2024-05-16 14,0.3257,0.4292,115.5625
2024-05-16 15,0.3250,0.4199,146.8750
2024-05-16 16,0.2744,0.3250,150.7500
2024-05-16 17,0.2664,0.1973,157.7500
2024-05-16 18,0.1901,0.0573,181.7500
2024-05-16 19,0.1908,0.0042,174.8750
2024-05-16 20,0.2159,0.0001,164.3750
2024-05-16 21,0.2178,0.0000,142.8750
2024-05-16 22,0.2192,0.0000,126.2500
2024-05-16 23,0.2092,0.0000,135.3750
2024-05-17 00,0.2124,0.0000,110.7500
2024-05-17 01,0.2108,0.0000,92.4375
2024-05-17 02,0.2054,0.0000,112.5000
2024-05-17 03,0.2028,0.0000,117.5000
2024-05-17 04,0.2039,0.0000,109.6875
2024-05-17 05,0.2524,0.0079,114.6250
2024-05-17 06,0.2236,0.1020,117.1250
2024-05-17 07,0.1985,0.3208,104.1250
2024-05-17 08,0.1301,0.5347,99.9375
2024-05-17 09,0.0356,0.6816,115.4375
2024-05-17 10,0.0221,0.7305,118.4375
2024-05-17 11,0.0349,0.7402,122.5625
2024-05-17 12,0.0594,0.6602,98.2500
2024-05-17 13,0.0531,0.7354,100.8125
2024-05-17 14,0.0618,0.6489,97.2500
2024-05-17 15,0.0867,0.5991,98.6250
2024-05-17 16,0.1193,0.4441,117.5625
2024-05-17 17,0.1616,0.2500,134.6250
2024-05-17 18,0.1696,0.0878,159.6250
2024-05-17 19,0.1871,0.0080,134.8750
2024-05-17 20,0.2020,0.0001,128.8750
2024-05-17 21,0.2030,0.0000,130.6250
2024-05-17 22,0.2097,0.0000,121.5625
2024-05-17 23,0.2343,0.0000,121.3125
2024-05-18 00,0.2372,0.0000,102.8125
2024-05-18 01,0.2590,0.0000,84.6875
2024-05-18 02,0.2476,0.0000,76.7500
2024-05-18 03,0.2491,0.0000,68.5625
2024-05-18 04,0.2612,0.0000,89.5000
2024-05-18 05,0.2644,0.0063,85.6250
2024-05-18 06,0.2500,0.0844,74.1250
2024-05-18 07,0.2144,0.2917,41.6875
2024-05-18 08,0.1875,0.4612,32.6875
2024-05-18 09,0.1262,0.6255,37.2812
2024-05-18 10,0.1153,0.6855,31.8281
2024-05-18 11,0.1107,0.7314,62.7188
2024-05-18 12,0.1113,0.7046,56.0625
2024-05-18 13,0.0864,0.7676,55.6875
2024-05-18 14,0.1000,0.6846,56.8125
2024-05-18 15,0.1147,0.5991,73.7500
2024-05-18 16,0.1379,0.4475,89.1875
2024-05-18 17,0.1639,0.2708,131.0000
2024-05-18 18,0.1864,0.0962,147.5000
2024-05-18 19,0.1947,0.0123,143.3750
2024-05-18 20,0.1743,0.0001,155.1250
2024-05-18 21,0.1707,0.0000,149.8750
2024-05-18 22,0.1316,0.0000,130.5000
2024-05-18 23,0.1227,0.0000,129.3750
2024-05-19 00,0.1512,0.0000,116.7500
2024-05-19 01,0.1593,0.0000,116.8125
2024-05-19 02,0.1699,0.0000,121.2500
2024-05-19 03,0.1713,0.0000,115.6250
2024-05-19 04,0.1658,0.0000,100.9375
2024-05-19 05,0.1646,0.0080,97.3125
2024-05-19 06,0.1704,0.1136,82.6250
2024-05-19 07,0.1442,0.3345,77.6250
2024-05-19 08,0.1119,0.5376,45.7812
2024-05-19 09,0.1010,0.6816,36.3750
2024-05-19 10,0.1013,0.7690,43.7812
2024-05-19 11,0.1848,0.7988,39.5625
2024-05-19 12,0.2183,0.7979,58.7188
2024-05-19 13,0.2510,0.7920,49.6562
2024-05-19 14,0.2727,0.7568,46.7500
2024-05-19 15,0.3049,0.6646,33.7188
2024-05-19 16,0.3247,0.5181,43.1875
2024-05-19 17,0.3198,0.3176,62.5938
2024-05-19 18,0.3403,0.1172,84.8125
2024-05-19 19,0.3550,0.0125,107.6875
2024-05-19 20,0.3557,0.0002,112.0000
2024-05-19 21,0.3428,0.0001,109.0000
2024-05-19 22,0.3323,0.0000,113.4375
2024-05-19 23,0.3528,0.0000,128.5000
2024-05-20 00,0.3711,0.0000,127.9375
2024-05-20 01,0.3879,0.0000,92.4375
2024-05-20 02,0.3979,0.0000,97.5000
2024-05-20 03,0.4141,0.0000,89.6250
2024-05-20 04,0.4275,0.0000,99.3750
2024-05-20 05,0.4382,0.0078,116.5625
2024-05-20 06,0.4170,0.0897,120.0000
2024-05-20 07,0.3726,0.3074,97.7500
2024-05-20 08,0.3318,0.4968,83.2500
2024-05-20 09,0.3018,0.6421,92.2500
2024-05-20 10,0.2688,0.6846,80.7500
2024-05-20 11,0.2507,0.6611,82.5625
2024-05-20 12,0.2983,0.6816,83.9375
2024-05-20 13,0.3196,0.7368,52.9688
2024-05-20 14,0.3318,0.7095,59.4375
2024-05-20 15,0.3264,0.6382,62.7812
2024-05-20 16,0.3293,0.4905,62.0625
2024-05-20 17,0.3198,0.3076,105.4375
2024-05-20 18,0.3359,0.0996,133.1250
2024-05-20 19,0.3381,0.0101,137.8750
2024-05-20 20,0.3303,0.0001,120.8750
2024-05-20 21,0.3352,0.0000,134.3750
2024-05-20 22,0.3564,0.0000,119.1250
2024-05-20 23,0.3538,0.0000,108.0625
2024-05-21 00,0.3423,0.0000,97.6250
2024-05-21 01,0.3484,0.0000,108.9375
2024-05-21 02,0.3247,0.0000,104.8750
2024-05-21 03,0.2720,0.0000,115.5625
2024-05-21 04,0.2472,0.0000,131.8750
2024-05-21 05,0.2283,0.0051,142.8750
2024-05-21 06,0.1770,0.0770,148.3750
2024-05-21 07,0.1346,0.2666,142.0000
2024-05-21 08,0.0970,0.4041,126.0625
2024-05-21 09,0.0674,0.5200,132.5000
2024-05-21 10,0.0548,0.5552,130.5000
2024-05-21 11,0.0675,0.5244,115.3125
2024-05-21 12,0.0754,0.5332,113.1250
2024-05-21 13,0.0839,0.5142,99.7500
2024-05-21 14,0.1136,0.5005,99.6250
2024-05-21 15,0.1436,0.3611,115.7500
2024-05-21 16,0.1515,0.2849,123.9375
2024-05-21 17,0.1658,0.1699,144.6250
2024-05-21 18,0.1443,0.0464,166.5000
2024-05-21 19,0.1396,0.0019,182.7500
2024-05-21 20,0.1416,0.0000,149.8750
2024-05-21 21,0.1080,0.0000,148.7500
2024-05-21 22,0.0555,0.0000,153.1250
2024-05-21 23,0.0547,0.0000,149.6250
2024-05-22 00,0.0614,0.0000,119.5000
2024-05-22 01,0.0552,0.0000,117.1250
2024-05-22 02,0.0745,0.0000,116.0000
2024-05-22 03,0.0606,0.0000,143.5000
2024-05-22 04,0.0589,0.0000,165.6250
2024-05-22 05,0.0451,0.0054,159.6250
2024-05-22 06,0.0290,0.0696,162.0000
2024-05-22 07,0.0027,0.2524,156.8750
2024-05-22 08,0.0024,0.3950,112.6875
2024-05-22 09,0.0045,0.4175,107.1250
2024-05-22 10,0.1180,0.5044,94.5000
2024-05-22 11,0.0040,0.4863,119.5625
2024-05-22 12,0.0088,0.5581,109.8750
2024-05-22 13,0.0307,0.5239,103.3125
2024-05-22 14,0.0359,0.5078,81.3125
2024-05-22 15,0.0505,0.4873,107.8750
2024-05-22 16,0.0663,0.3882,112.1875
2024-05-22 17,0.0903,0.2227,139.6250
2024-05-22 18,0.1163,0.0772,148.2500
2024-05-22 19,0.1409,0.0076,159.0000
2024-05-22 20,0.1478,0.0001,156.3750
2024-05-22 21,0.1274,0.0000,163.5000
2024-05-22 22,0.1307,0.0000,137.2500
2024-05-22 23,0.1604,0.0000,121.5000
2024-05-23 00,0.1887,0.0000,128.5000
2024-05-23 01,0.2142,0.0000,116.5000
2024-05-23 02,0.2148,0.0000,98.3125
2024-05-23 03,0.2162,0.0000,107.4375
2024-05-23 04,0.2241,0.0000,110.0000
2024-05-23 05,0.2266,0.0112,127.3750
2024-05-23 06,0.2069,0.1155,114.6875
2024-05-23 07,0.1534,0.3345,113.3750
2024-05-23 08,0.1057,0.4924,110.1250
2024-05-23 09,0.0854,0.6211,126.9375
2024-05-23 10,0.1081,0.7622,122.5000
2024-05-23 11,0.1205,0.7739,118.8750
2024-05-23 12,0.1510,0.7676,109.4375
2024-05-23 13,0.1932,0.7217,101.9375
2024-05-23 14,0.2227,0.7100,78.1250
2024-05-23 15,0.2332,0.6646,79.6250
2024-05-23 16,0.2311,0.4746,108.0625
2024-05-23 17,0.2313,0.2482,110.3750
2024-05-23 18,0.2791,0.0833,131.6250
2024-05-23 19,0.2698,0.0074,159.1250
2024-05-23 20,0.2705,0.0001,130.1250
2024-05-23 21,0.2477,0.0000,117.1250
2024-05-23 22,0.2426,0.0001,114.1250
2024-05-23 23,0.2411,0.0000,111.1875
2024-05-24 00,0.2292,0.0000,115.3750
2024-05-24 01,0.2345,0.0000,112.8125
2024-05-24 02,0.1821,0.0000,119.8750
2024-05-24 03,0.1687,0.0000,113.2500
2024-05-24 04,0.1614,0.0000,143.1250
2024-05-24 05,0.1541,0.0113,153.3750
2024-05-24 06,0.1205,0.1161,142.7500
2024-05-24 07,0.0775,0.3267,106.5625
2024-05-24 08,0.0256,0.4939,100.3125
2024-05-24 09,0.0244,0.6548,91.2500
2024-05-24 10,0.0738,0.7544,70.0000
2024-05-24 11,0.0942,0.7759,80.0625
2024-05-24 12,0.0022,0.7183,99.3750
2024-05-24 13,0.0305,0.7539,103.8125
2024-05-24 14,0.0856,0.7568,90.0000
2024-05-24 15,0.0934,0.6646,91.5000
2024-05-24 16,0.0181,0.5181,111.8750
2024-05-24 17,0.0500,0.3052,129.8750
2024-05-24 18,0.0792,0.1006,140.8750
2024-05-24 19,0.0867,0.0123,164.0000
2024-05-24 20,0.1071,0.0002,135.5000
2024-05-24 21,0.1114,0.0001,119.3750
2024-05-24 22,0.1368,0.0001,121.7500
2024-05-24 23,0.1387,0.0000,86.1875
2024-05-25 00,0.1407,0.0000,79.4375
2024-05-25 01,0.1245,0.0000,80.3125
2024-05-25 02,0.1450,0.0000,93.1875
2024-05-25 03,0.1497,0.0000,65.2500
2024-05-25 04,0.1555,0.0000,85.5625
2024-05-25 05,0.1749,0.0088,91.1250
2024-05-25 06,0.1501,0.0926,85.4375
2024-05-25 07,0.1166,0.3000,71.4375
2024-05-25 08,0.1432,0.4954,59.5000
2024-05-25 09,0.1238,0.6816,38.1250
2024-05-25 10,0.1206,0.7690,46.2500
2024-05-25 11,0.1624,0.7988,51.1250
2024-05-25 12,0.1993,0.7954,41.7500
2024-05-25 13,0.2185,0.7510,42.9375
2024-05-25 14,0.2349,0.7568,46.2812
2024-05-25 15,0.2683,0.6646,60.3750
2024-05-25 16,0.3096,0.5181,64.8125
2024-05-25 17,0.3398,0.3176,68.5000
2024-05-25 18,0.4231,0.1172,92.4375
2024-05-25 19,0.4517,0.0125,111.4375
2024-05-25 20,0.4875,0.0002,98.3750
2024-05-25 21,0.5356,0.0001,111.6250
2024-05-25 22,0.5591,0.0001,99.5000
2024-05-25 23,0.5933,0.0000,103.1250
2024-05-26 00,0.5435,0.0000,-2.0000
2024-05-26 01,0.5439,0.0000,-2.0000
2024-05-26 02,0.5464,0.0000,90.3125
2024-05-26 03,0.5605,0.0000,91.3750
2024-05-26 04,0.5698,0.0000,99.3125
2024-05-26 05,0.5718,0.0096,114.0000
2024-05-26 06,0.5693,0.1083,79.2500
2024-05-26 07,0.5146,0.3345,60.9688
2024-05-26 08,0.4980,0.5376,44.6562
2024-05-26 09,0.4963,0.6816,2.6719
2024-05-26 10,0.4319,0.7690,27.4844
2024-05-26 11,0.4299,0.7988,27.8438
2024-05-26 12,0.3435,0.7979,51.9688
2024-05-26 13,0.2944,0.7920,42.9688
2024-05-26 14,0.2427,0.7568,33.3125
2024-05-26 15,0.2583,0.6646,51.8438
2024-05-26 16,0.2432,0.5181,63.4688
2024-05-26 17,0.2563,0.3176,97.6250
2024-05-26 18,0.2861,0.1111,117.1250
2024-05-26 19,0.3518,0.0097,94.2500
2024-05-26 20,0.3660,0.0001,105.0625
2024-05-26 21,0.3616,0.0000,112.5000
2024-05-26 22,0.3511,0.0000,88.1875
2024-05-26 23,0.1472,0.0000,95.6875
2024-05-27 00,0.1244,0.0000,126.5000
2024-05-27 01,0.1172,0.0000,123.0625
2024-05-27 02,0.1100,0.0000,115.6250
2024-05-27 03,0.1081,0.0000,114.3750
2024-05-27 04,0.1011,0.0000,135.6250
2024-05-27 05,0.0865,0.0096,135.3750
2024-05-27 06,0.0436,0.1167,149.2500
2024-05-27 07,0.0341,0.3345,141.1250
2024-05-27 08,0.0145,0.5376,123.4375
2024-05-27 09,0.0228,0.6816,88.2500
2024-05-27 10,0.0015,0.7690,71.1250
2024-05-27 11,0.0085,0.7988,69.7500
2024-05-27 12,0.0270,0.7979,87.8125
2024-05-27 13,0.0252,0.7920,58.1250
2024-05-27 14,0.0389,0.7568,55.0938
2024-05-27 15,0.0701,0.6646,69.3750
2024-05-27 16,0.1144,0.5181,73.0625
2024-05-27 17,0.1740,0.3176,103.0625
2024-05-27 18,0.2323,0.1172,125.6250
2024-05-27 19,0.2668,0.0105,119.3125
2024-05-27 20,0.3191,0.0001,135.1250
2024-05-27 21,0.3237,0.0000,130.2500
2024-05-27 22,0.3389,0.0000,119.5000
2024-05-27 23,0.3181,0.0000,126.0000
2024-05-28 00,0.2778,0.0000,126.8125
2024-05-28 01,0.2852,0.0000,125.9375
2024-05-28 02,0.2722,0.0000,112.0000
2024-05-28 03,0.2440,0.0000,101.1250
2024-05-28 04,0.2382,0.0000,116.8750
2024-05-28 05,0.2112,0.0086,111.8125
2024-05-28 06,0.2064,0.0908,131.2500
2024-05-28 07,0.1660,0.3042,101.8125
2024-05-28 08,0.1198,0.5376,89.6875
2024-05-28 09,0.1479,0.6206,64.9375
2024-05-28 10,0.1194,0.7441,90.1875
2024-05-28 11,0.1080,0.7988,80.0000
2024-05-28 12,0.0947,0.7979,74.9375
2024-05-28 13,0.0797,0.7788,72.0000
2024-05-28 14,0.1116,0.6387,78.2500
2024-05-28 15,0.1125,0.5474,68.1875
2024-05-28 16,0.1333,0.4146,92.2500
2024-05-28 17,0.1842,0.2556,111.5625
2024-05-28 18,0.2302,0.0920,137.2500
2024-05-28 19,0.2561,0.0091,140.8750
2024-05-28 20,0.2546,0.0001,156.6250
2024-05-28 21,0.2388,0.0000,136.0000
2024-05-28 22,0.1786,0.0000,104.8750
2024-05-28 23,0.1627,0.0000,107.6250
2024-05-29 00,0.1862,0.0000,115.1875
2024-05-29 01,0.1984,0.0000,129.6250
2024-05-29 02,0.1920,0.0000,131.5000
2024-05-29 03,0.1830,0.0000,131.8750
2024-05-29 04,0.1567,0.0000,139.5000
2024-05-29 05,0.1388,0.0060,151.1250
2024-05-29 06,0.1053,0.0912,141.6250
2024-05-29 07,0.0494,0.3035,142.3750
2024-05-29 08,0.0199,0.5376,118.6875
2024-05-29 09,0.0352,0.6553,86.9375
2024-05-29 10,0.0326,0.7495,81.4375
2024-05-29 11,0.0694,0.7988,72.5000
2024-05-29 12,0.0103,0.7979,87.2500
2024-05-29 13,0.0272,0.7920,79.8125
2024-05-29 14,0.0021,0.7388,71.4375
2024-05-29 15,0.0213,0.6421,71.0625
2024-05-29 16,0.0682,0.4636,96.8125
2024-05-29 17,0.0959,0.2556,94.2500
2024-05-29 18,0.1334,0.0845,123.7500
2024-05-29 19,0.1514,0.0076,149.5000
2024-05-29 20,0.1586,0.0001,145.5000
2024-05-29 21,0.1287,0.0001,158.2500
2024-05-29 22,0.1313,0.0000,152.7500
2024-05-29 23,0.1423,0.0000,136.7500
2024-05-30 00,0.1329,0.0000,106.6875
2024-05-30 01,0.1349,0.0000,123.1250
2024-05-30 02,0.1373,0.0000,112.2500
2024-05-30 03,0.1407,0.0000,127.4375
2024-05-30 04,0.1542,0.0000,142.0000
2024-05-30 05,0.1426,0.0065,154.1250
2024-05-30 06,0.0918,0.1167,148.7500
2024-05-30 07,0.0608,0.3345,116.4375
2024-05-30 08,0.0243,0.5376,102.3125
2024-05-30 09,0.0098,0.6733,96.1250
2024-05-30 10,0.0180,0.7690,59.5312
2024-05-30 11,0.0257,0.7988,55.2812
2024-05-30 12,0.0393,0.7979,58.1562
2024-05-30 13,0.0556,0.7920,75.1875
2024-05-30 14,0.1221,0.7568,65.7500
2024-05-30 15,0.1478,0.6646,72.3125
2024-05-30 16,0.1832,0.5020,74.3750
2024-05-30 17,0.2162,0.2981,97.6250
2024-05-30 18,0.2482,0.0931,148.3750
2024-05-30 19,0.2803,0.0064,161.7500
2024-05-30 20,0.2903,0.0001,165.3750
2024-05-30 21,0.3057,0.0001,162.1250
2024-05-30 22,0.3101,0.0001,140.2500
2024-05-30 23,0.3589,0.0000,139.1250
2024-05-31 00,0.3601,0.0000,121.1875
2024-05-31 01,0.3552,0.0000,137.8750
2024-05-31 02,0.3552,0.0000,140.5000
2024-05-31 03,0.3677,0.0000,129.5000
2024-05-31 04,0.3789,0.0000,116.1250
2024-05-31 05,0.3833,0.0077,121.5625
2024-05-31 06,0.4067,0.1167,116.1250
2024-05-31 07,0.3711,0.3345,89.3125
2024-05-31 08,0.3350,0.5376,71.3750
2024-05-31 09,0.3176,0.6816,53.5938
2024-05-31 10,0.3137,0.7690,34.9375
2024-05-31 11,0.2485,0.7988,37.9062
2024-05-31 12,0.2467,0.7979,37.8750
2024-05-31 13,0.2363,0.7920,52.2188
2024-05-31 14,0.2434,0.7568,38.0000
2024-05-31 15,0.2542,0.6592,38.1562
2024-05-31 16,0.2371,0.4941,81.3750
2024-05-31 17,0.2418,0.2871,88.7500
2024-05-31 18,0.2659,0.0956,104.1875
2024-05-31 19,0.3008,0.0068,117.3750
2024-05-31 20,0.3071,0.0001,115.5625
2024-05-31 21,0.3003,0.0001,106.2500
2024-05-31 22,0.2969,0.0001,104.0625
2024-05-31 23,0.2920,0.0000,103.3750
2024-06-01 00,0.2227,0.0000,105.1250
2024-06-01 01,0.1881,0.0000,96.1250
2024-06-01 02,0.1799,0.0000,102.5625
2024-06-01 03,0.1603,0.0000,101.0625
2024-06-01 04,0.1808,0.0000,102.1250
2024-06-01 05,0.1874,0.0104,3.9805
2024-06-01 06,0.1616,0.1071,112.0625
2024-06-01 07,0.1257,0.3054,80.0000
2024-06-01 08,0.0917,0.4888,63.4062
2024-06-01 09,0.0780,0.5518,70.0000
2024-06-01 10,0.0386,0.7271,59.7812
2024-06-01 11,0.0235,0.7651,73.5625
2024-06-01 12,0.0116,0.7812,72.5000
2024-06-01 13,0.0166,0.7651,92.4375
2024-06-01 14,0.0248,0.7275,83.2500
2024-06-01 15,0.0435,0.6138,87.0000
2024-06-01 16,0.0454,0.4417,90.2500
2024-06-01 17,0.0709,0.2581,113.5625
2024-06-01 18,0.0712,0.1116,148.5000
2024-06-01 19,0.0699,0.0190,181.2500
2024-06-01 20,0.0587,0.0002,182.3750
2024-06-01 21,0.0540,0.0000,163.0000
2024-06-01 22,0.0499,0.0000,140.3750
2024-06-01 23,0.0483,0.0000,114.6875
2024-06-02 00,0.0407,0.0000,132.3750
2024-06-02 01,0.0414,0.0000,128.8750
2024-06-02 02,0.0509,0.0000,136.1250
2024-06-02 03,0.0528,0.0000,113.7500
2024-06-02 04,0.0746,0.0000,125.3750
2024-06-02 05,0.0750,0.0111,105.0000
2024-06-02 06,0.0580,0.1014,103.0000
2024-06-02 07,0.0133,0.2771,68.7500
2024-06-02 08,0.0079,0.4658,55.0312
2024-06-02 09,0.0639,0.5474,47.1562
2024-06-02 10,0.0027,0.6685,58.7188
2024-06-02 11,0.0999,0.7437,56.0625
2024-06-02 12,0.0059,0.7812,50.3125
2024-06-02 13,0.0108,0.7651,34.4062
2024-06-02 14,0.0040,0.7275,54.8750
2024-06-02 15,0.0227,0.6445,51.1875
2024-06-02 16,0.0467,0.5215,69.8750
2024-06-02 17,0.0738,0.3450,86.5000
2024-06-02 18,0.1069,0.1396,115.5000
2024-06-02 19,0.1318,0.0258,130.7500
2024-06-02 20,0.1609,0.0003,116.4375
2024-06-02 21,0.1484,0.0001,119.2500
2024-06-02 22,0.1536,0.0001,141.3750
2024-06-02 23,0.1483,0.0000,139.6250
2024-06-03 00,0.1262,0.0000,144.0000
2024-06-03 01,0.1226,0.0000,102.1875
2024-06-03 02,0.0972,0.0000,103.5625
2024-06-03 03,0.0679,0.0000,113.1875
2024-06-03 04,0.0597,0.0000,128.2500
2024-06-03 05,0.0517,0.0095,152.7500
2024-06-03 06,0.0343,0.0870,126.9375
2024-06-03 07,0.0442,0.2338,109.2500
2024-06-03 08,0.0316,0.3643,103.5000
2024-06-03 09,0.0327,0.4429,102.6250
2024-06-03 10,0.0197,0.5884,89.5000
2024-06-03 11,0.0139,0.6509,95.2500
2024-06-03 12,0.0274,0.6821,106.2500
2024-06-03 13,0.0254,0.6768,106.2500
2024-06-03 14,0.0594,0.5488,119.4375
2024-06-03 15,0.0967,0.5312,122.9375
2024-06-03 16,0.1179,0.3994,126.8125
2024-06-03 17,0.1261,0.2744,150.3750
2024-06-03 18,0.1517,0.1140,185.6250
2024-06-03 19,0.1736,0.0185,181.3750
2024-06-03 20,0.1809,0.0002,173.5000
2024-06-03 21,0.1765,0.0001,159.1250
2024-06-03 22,0.1735,0.0001,169.2500
2024-06-03 23,0.1570,0.0000,157.0000
2024-06-04 00,0.1548,0.0000,154.0000
2024-06-04 01,0.1832,0.0000,135.7500
2024-06-04 02,0.1838,0.0000,143.6250
2024-06-04 03,0.2418,0.0000,134.3750
2024-06-04 04,0.2350,0.0000,131.3750
2024-06-04 05,0.2269,0.0078,118.5000
2024-06-04 06,0.2242,0.0784,141.0000
2024-06-04 07,0.2128,0.2101,133.5000
2024-06-04 08,0.2159,0.3293,107.0000
2024-06-04 09,0.2482,0.3562,107.5000
2024-06-04 10,0.2336,0.4609,118.4375
2024-06-04 11,0.2444,0.4846,127.9375
2024-06-04 12,0.2380,0.5493,117.2500
2024-06-04 13,0.2407,0.6294,100.6250
2024-06-04 14,0.2920,0.5718,87.5625
2024-06-04 15,0.3059,0.5190,90.4375
2024-06-04 16,0.3271,0.3396,111.8750
2024-06-04 17,0.3174,0.1956,124.5625
2024-06-04 18,0.3191,0.0932,138.8750
2024-06-04 19,0.2842,0.0148,161.0000
2024-06-04 20,0.2847,0.0002,150.7500
2024-06-04 21,0.2720,0.0000,133.0000
2024-06-04 22,0.2561,0.0000,130.7500
2024-06-04 23,0.2615,0.0000,137.2500
2024-06-05 00,0.2905,0.0000,118.2500
2024-06-05 01,0.2827,0.0000,109.2500
2024-06-05 02,0.2739,0.0000,105.0000
2024-06-05 03,0.2698,0.0000,130.2500
2024-06-05 04,0.2651,0.0000,128.3750
2024-06-05 05,0.2319,0.0054,148.5000
2024-06-05 06,0.2368,0.0414,181.6250
2024-06-05 07,0.2012,0.1378,188.3750
2024-06-05 08,0.1805,0.2402,151.6250
2024-06-05 09,0.1826,0.3147,136.8750
2024-06-05 10,0.1869,0.4355,122.0000
2024-06-05 11,0.1827,0.4783,148.7500
2024-06-05 12,0.1215,0.5601,124.8750
2024-06-05 13,0.1222,0.5352,130.8750
2024-06-05 14,0.1569,0.4626,121.7500
2024-06-05 15,0.1650,0.4353,129.7500
2024-06-05 16,0.1881,0.3000,156.1250
2024-06-05 17,0.1992,0.1890,182.7500
2024-06-05 18,0.1833,0.0865,189.7500
2024-06-05 19,0.2336,0.0145,185.2500
2024-06-05 20,0.2416,0.0001,173.2500
2024-06-05 21,0.2913,0.0000,149.5000
2024-06-05 22,0.3000,0.0000,128.0000
2024-06-05 23,0.2886,0.0000,111.4375
2024-06-06 00,0.2795,0.0000,117.0000
2024-06-06 01,0.2781,0.0000,122.6875
2024-06-06 02,0.2451,0.0000,120.5625
2024-06-06 03,0.3025,0.0000,99.6250
2024-06-06 04,0.3037,0.0000,111.7500
2024-06-06 05,0.2744,0.0129,108.8750
2024-06-06 06,0.2549,0.0840,120.5625
2024-06-06 07,0.2085,0.2498,140.7500
2024-06-06 08,0.1715,0.4385,128.3750
2024-06-06 09,0.1479,0.5210,117.6875
2024-06-06 10,0.1259,0.5693,93.2500
2024-06-06 11,0.1105,0.6479,109.7500
2024-06-06 12,0.1108,0.7104,103.7500
2024-06-06 13,0.2263,0.6675,73.3125
2024-06-06 14,0.2634,0.5781,60.4688
2024-06-06 15,0.2891,0.5015,48.3438
2024-06-06 16,0.2651,0.3997,58.8438
2024-06-06 17,0.2754,0.2482,84.5000
2024-06-06 18,0.2705,0.1191,113.3750
2024-06-06 19,0.2832,0.0207,120.8750
2024-06-06 20,0.2478,0.0002,99.0625
2024-06-06 21,0.2394,0.0001,90.8750
2024-06-06 22,0.1707,0.0001,116.0000
2024-06-06 23,0.1216,0.0000,119.5000
2024-06-07 00,0.1010,0.0000,171.2500
2024-06-07 01,0.0912,0.0000,160.1250
2024-06-07 02,0.0886,0.0000,124.9375
2024-06-07 03,0.0471,0.0000,134.7500
2024-06-07 04,0.0457,0.0000,139.3750
2024-06-07 05,0.0369,0.0109,134.2500
2024-06-07 06,0.0118,0.0829,145.0000
2024-06-07 07,0.0222,0.2255,116.3125
2024-06-07 08,0.1033,0.3921,116.9375
2024-06-07 09,0.0541,0.5166,109.5625
2024-06-07 10,0.0310,0.5713,101.5000
2024-06-07 11,0.0134,0.5977,107.1875
2024-06-07 12,0.0025,0.5889,111.9375
2024-06-07 13,0.0093,0.5444,97.7500
2024-06-07 14,0.0275,0.4900,104.0625
2024-06-07 15,0.0110,0.4343,124.3750
2024-06-07 16,0.0096,0.3660,131.3750
2024-06-07 17,0.0158,0.2339,155.8750
2024-06-07 18,0.0329,0.1080,161.7500
2024-06-07 19,0.0671,0.0178,156.6250
2024-06-07 20,0.0759,0.0002,138.1250
2024-06-07 21,0.0788,0.0000,131.1250
2024-06-07 22,0.0885,0.0000,131.1250
2024-06-07 23,0.0909,0.0000,126.1875
2024-06-08 00,0.0936,0.0000,110.5000
2024-06-08 01,0.0864,0.0000,120.0625
2024-06-08 02,0.0880,0.0000,126.4375
2024-06-08 03,0.0920,0.0000,125.1250
2024-06-08 04,0.0938,0.0000,125.3750
2024-06-08 05,0.0922,0.0143,128.6250
2024-06-08 06,0.0923,0.1136,127.7500
2024-06-08 07,0.0490,0.3054,108.6250
2024-06-08 08,0.0277,0.4888,117.2500
2024-06-08 09,0.0008,0.6416,80.5625
2024-06-08 10,0.0046,0.7271,49.7812
2024-06-08 11,0.0095,0.7651,41.0312
2024-06-08 12,0.0618,0.7812,37.0000
2024-06-08 13,0.0708,0.7651,46.7812
2024-06-08 14,0.0916,0.7275,25.2188
2024-06-08 15,0.1068,0.6445,32.6875
2024-06-08 16,0.1660,0.5215,28.8281
2024-06-08 17,0.1941,0.3450,51.8750
2024-06-08 18,0.2465,0.1396,82.9375
2024-06-08 19,0.2910,0.0223,105.0625
2024-06-08 20,0.3020,0.0002,118.1250
2024-06-08 21,0.3140,0.0000,122.5625
2024-06-08 22,0.3140,0.0000,100.5625
2024-06-08 23,0.2957,0.0000,94.1250
2024-06-09 00,0.2690,0.0000,79.8125
2024-06-09 01,0.2590,0.0000,99.4375
2024-06-09 02,0.2544,0.0000,96.6875
2024-06-09 03,0.2444,0.0000,82.6250
2024-06-09 04,0.2229,0.0000,99.8125
2024-06-09 05,0.1901,0.0132,104.0625
2024-06-09 06,0.1660,0.1088,108.6875
2024-06-09 07,0.1229,0.3054,91.0625
2024-06-09 08,0.0967,0.4888,72.9375
2024-06-09 09,0.0723,0.6416,65.6875
2024-06-09 10,0.0667,0.7271,72.6875
2024-06-09 11,0.0707,0.7651,50.7812
2024-06-09 12,0.0665,0.7812,67.0000
2024-06-09 13,0.0736,0.7651,75.0000
2024-06-09 14,0.0623,0.7275,67.4375
2024-06-09 15,0.0714,0.6445,71.5000
2024-06-09 16,0.0748,0.5215,74.1875
2024-06-09 17,0.0918,0.3450,87.2500
2024-06-09 18,0.1196,0.1396,130.1250
2024-06-09 19,0.1625,0.0248,153.0000
2024-06-09 20,0.2086,0.0002,154.8750
2024-06-09 21,0.2151,0.0001,148.6250
2024-06-09 22,0.2205,0.0001,130.2500
2024-06-09 23,0.2244,0.0000,123.3125
2024-06-10 00,0.2208,0.0000,114.0625
2024-06-10 01,0.2013,0.0000,127.6250
2024-06-10 02,0.1925,0.0000,142.1250
2024-06-10 03,0.1859,0.0000,141.3750
2024-06-10 04,0.2015,0.0000,128.0000
2024-06-10 05,0.2175,0.0147,122.1250
2024-06-10 06,0.2015,0.1081,120.5000
2024-06-10 07,0.1659,0.3054,128.1250
2024-06-10 08,0.1367,0.4888,102.6250
2024-06-10 09,0.1223,0.6416,93.0625
2024-06-10 10,0.1142,0.7271,102.9375
2024-06-10 11,0.1185,0.7651,87.0625
2024-06-10 12,0.1034,0.7812,99.4375
2024-06-10 13,0.0850,0.7651,88.9375
2024-06-10 14,0.0655,0.7275,83.5000
2024-06-10 15,0.0545,0.6299,101.8750
2024-06-10 16,0.0865,0.5215,132.0000
2024-06-10 17,0.1122,0.3450,136.6250
2024-06-10 18,0.1470,0.1396,163.0000
2024-06-10 19,0.1959,0.0192,173.8750
2024-06-10 20,0.2291,0.0001,172.3750
2024-06-10 21,0.2258,0.0000,167.3750
2024-06-10 22,0.2181,0.0000,134.2500
2024-06-10 23,0.2020,0.0000,132.6250
2024-06-11 00,0.2014,0.0000,126.9375
2024-06-11 01,0.1475,0.0000,113.6250
2024-06-11 02,0.1333,0.0000,85.1875
2024-06-11 03,0.1218,0.0000,86.8125
2024-06-11 04,0.1025,0.0000,126.3125
2024-06-11 05,0.0758,0.0096,134.6250
2024-06-11 06,0.0703,0.0734,156.3750
2024-06-11 07,0.0498,0.2089,138.5000
2024-06-11 08,0.0339,0.3418,130.5000
2024-06-11 09,0.0119,0.4932,133.7500
2024-06-11 10,0.0222,0.5947,121.1875
2024-06-11 11,0.0122,0.6758,115.9375
2024-06-11 12,0.0611,0.6763,116.1875
2024-06-11 13,0.0428,0.6719,132.8750
2024-06-11 14,0.0243,0.6655,104.3750
2024-06-11 15,0.0135,0.6226,103.2500
2024-06-11 16,0.0404,0.5215,116.5625
2024-06-11 17,0.0681,0.3450,124.4375
2024-06-11 18,0.1037,0.1396,168.8750
2024-06-11 19,0.1349,0.0192,184.1250
2024-06-11 20,0.1454,0.0001,162.2500
2024-06-11 21,0.1350,0.0000,146.3750
2024-06-11 22,0.1425,0.0000,131.3750
2024-06-11 23,0.1466,0.0000,141.8750
2024-06-12 00,0.1444,0.0000,125.5625
2024-06-12 01,0.1605,0.0000,120.5000
2024-06-12 02,0.1659,0.0000,111.0625
2024-06-12 03,0.1660,0.0000,110.5000
2024-06-12 04,0.1666,0.0000,118.6250
2024-06-12 05,0.1685,0.0106,130.3750
2024-06-12 06,0.1898,0.0931,124.4375
2024-06-12 07,0.1917,0.2321,120.3750
2024-06-12 08,0.1927,0.3645,93.4375
2024-06-12 09,0.1802,0.4663,87.7500
2024-06-12 10,0.1859,0.5239,88.8125
2024-06-12 11,0.2058,0.5649,76.0625
2024-06-12 12,0.2173,0.5537,58.5938
2024-06-12 13,0.2206,0.5649,72.9375
2024-06-12 14,0.2264,0.5576,73.8750
2024-06-12 15,0.1926,0.5132,86.9375
2024-06-12 16,0.2062,0.4131,108.5625
2024-06-12 17,0.2177,0.2703,112.7500
2024-06-12 18,0.2236,0.1188,122.7500
2024-06-12 19,0.2500,0.0143,140.0000
2024-06-12 20,0.2996,0.0001,110.7500
2024-06-12 21,0.3022,0.0000,98.7500
2024-06-12 22,0.2793,0.0000,85.9375
2024-06-12 23,0.2690,0.0000,75.3125
2024-06-13 00,0.2581,0.0000,71.8750
2024-06-13 01,0.2096,0.0000,67.3125
2024-06-13 02,0.1871,0.0000,62.3438
2024-06-13 03,0.2007,0.0000,82.8125
2024-06-13 04,0.2266,0.0000,104.6875
2024-06-13 05,0.2551,0.0117,81.1875
2024-06-13 06,0.2467,0.0867,74.6250
2024-06-13 07,0.2344,0.1938,77.8750
2024-06-13 08,0.2290,0.2876,76.6875
2024-06-13 09,0.2067,0.4260,56.0000
2024-06-13 10,0.2229,0.5425,38.7500
2024-06-13 11,0.2203,0.5732,49.3438
2024-06-13 12,0.1643,0.5776,53.1875
2024-06-13 13,0.1569,0.5698,56.7812
2024-06-13 14,0.1869,0.4934,51.8750
2024-06-13 15,0.1887,0.4661,63.0625
2024-06-13 16,0.2021,0.3560,74.2500
2024-06-13 17,0.2212,0.2039,105.8125
2024-06-13 18,0.2615,0.0934,103.8125
2024-06-13 19,0.2954,0.0108,105.2500
2024-06-13 20,0.2932,0.0001,100.6250
2024-06-13 21,0.2437,0.0000,92.0625
2024-06-13 22,0.2190,0.0000,106.1250
2024-06-13 23,0.2153,0.0000,99.7500
2024-06-14 00,0.2092,0.0000,91.1250
2024-06-14 01,0.2089,0.0000,87.3125
2024-06-14 02,0.2235,0.0000,78.5625
2024-06-14 03,0.2367,0.0000,73.2500
2024-06-14 04,0.2661,0.0000,64.2500
2024-06-14 05,0.2656,0.0098,87.8750
2024-06-14 06,0.2598,0.0772,100.8750
2024-06-14 07,0.2484,0.1539,132.5000
2024-06-14 08,0.2333,0.2482,124.3125
2024-06-14 09,0.1919,0.4392,95.8750
2024-06-14 10,0.2408,0.4678,82.7500
2024-06-14 11,0.2773,0.3545,80.8125
2024-06-14 12,0.3323,0.3125,67.9375
2024-06-14 13,0.3271,0.3989,78.5625
2024-06-14 14,0.3625,0.3032,77.7500
2024-06-14 15,0.3591,0.3196,93.3125
2024-06-14 16,0.4326,0.2517,90.6875
2024-06-14 17,0.4248,0.1583,97.5000
2024-06-14 18,0.4243,0.0895,92.8125
2024-06-14 19,0.4465,0.0059,102.5625
2024-06-14 20,0.3972,0.0000,83.5000
2024-06-14 21,0.3867,0.0000,84.2500
2024-06-14 22,0.3628,0.0000,57.3438
2024-06-14 23,0.3804,0.0000,59.1250
2024-06-15 00,0.3748,0.0000,53.1250
2024-06-15 01,0.4053,0.0000,55.0625
2024-06-15 02,0.4167,0.0000,37.3438
2024-06-15 03,0.4412,0.0000,49.0625
2024-06-15 04,0.4480,0.0000,45.2188
2024-06-15 05,0.4155,0.0114,46.7500
2024-06-15 06,0.3936,0.0886,25.8438
2024-06-15 07,0.3596,0.1906,42.1250
2024-06-15 08,0.3191,0.3364,55.9688
2024-06-15 09,0.2343,0.5142,43.0938
2024-06-15 10,0.2158,0.5859,49.5625
2024-06-15 11,0.1621,0.5688,50.1250
2024-06-15 12,0.1724,0.5361,43.9375
2024-06-15 13,0.1958,0.5610,118.8125
2024-06-15 14,0.1663,0.5039,102.9375
2024-06-15 15,0.2024,0.4634,109.0625
2024-06-15 16,0.2690,0.3799,41.5938
2024-06-15 17,0.3220,0.2954,59.6875
2024-06-15 18,0.3342,0.1396,86.5625
2024-06-15 19,0.3303,0.0219,103.5000
2024-06-15 20,0.2979,0.0002,106.8125
2024-06-15 21,0.2703,0.0000,104.0000
2024-06-15 22,0.2683,0.0000,91.0000
2024-06-15 23,0.2507,0.0000,93.2500
2024-06-16 00,0.2306,0.0000,65.8750
2024-06-16 01,0.2257,0.0000,74.7500
2024-06-16 02,0.2057,0.0000,96.8750
2024-06-16 03,0.2053,0.0000,111.3750
2024-06-16 04,0.1993,0.0000,114.0625
2024-06-16 05,0.1886,0.0171,89.3750
2024-06-16 06,0.1609,0.1192,50.3750
2024-06-16 07,0.1093,0.3054,60.1875
2024-06-16 08,0.0783,0.4861,57.7812
2024-06-16 09,0.0394,0.6416,41.3750
2024-06-16 10,0.0120,0.7271,34.4375
2024-06-16 11,0.0104,0.7651,36.0625
2024-06-16 12,0.0301,0.7812,40.2500
2024-06-16 13,0.0427,0.7651,30.4688
2024-06-16 14,0.0569,0.7275,28.6094
2024-06-16 15,0.1150,0.6445,38.3750
2024-06-16 16,0.1595,0.5215,58.2812
2024-06-16 17,0.2021,0.3450,74.8125
2024-06-16 18,0.2421,0.1396,91.9375
2024-06-16 19,0.2610,0.0266,113.8125
2024-06-16 20,0.2314,0.0003,112.6250
2024-06-16 21,0.2271,0.0001,107.1250
2024-06-16 22,0.2303,0.0001,114.8750
2024-06-16 23,0.2479,0.0000,115.7500
2024-06-17 00,0.2783,0.0000,110.4375
2024-06-17 01,0.2791,0.0000,84.7500
2024-06-17 02,0.2805,0.0000,72.6250
2024-06-17 03,0.2954,0.0000,98.9375
2024-06-17 04,0.3010,0.0000,87.7500
2024-06-17 05,0.3101,0.0161,102.5625
2024-06-17 06,0.3284,0.1192,88.3750
2024-06-17 07,0.2727,0.3054,86.0000
2024-06-17 08,0.2649,0.4753,75.9375
2024-06-17 09,0.2544,0.5488,75.9375
2024-06-17 10,0.2399,0.6260,64.6250
2024-06-17 11,0.2341,0.6924,54.6250
2024-06-17 12,0.2527,0.6519,37.0938
2024-06-17 13,0.2681,0.6265,53.1250
2024-06-17 14,0.2832,0.6113,46.7812
2024-06-17 15,0.3003,0.5312,57.6875
2024-06-17 16,0.3013,0.4016,89.9375
2024-06-17 17,0.3103,0.3069,109.0625
2024-06-17 18,0.3345,0.1396,123.0000
2024-06-17 19,0.3513,0.0229,127.7500
2024-06-17 20,0.3491,0.0003,134.8750
2024-06-17 21,0.3450,0.0001,128.2500
2024-06-17 22,0.3289,0.0001,101.6875
2024-06-17 23,0.3037,0.0000,117.7500
2024-06-18 00,0.2754,0.0000,114.5625
2024-06-18 01,0.2527,0.0000,96.6250
2024-06-18 02,0.2512,0.0000,107.8125
2024-06-18 03,0.2382,0.0000,95.3125
2024-06-18 04,0.2355,0.0000,102.6250
2024-06-18 05,0.2373,0.0145,114.7500
2024-06-18 06,0.2216,0.1192,102.3125
2024-06-18 07,0.2278,0.3054,94.3125
2024-06-18 08,0.2114,0.4792,68.6250
2024-06-18 09,0.1837,0.6138,71.5000
2024-06-18 10,0.1873,0.6885,31.3125
2024-06-18 11,0.1874,0.7095,46.2500
2024-06-18 12,0.2081,0.6577,40.2812
2024-06-18 13,0.1947,0.6812,49.4375
2024-06-18 14,0.2178,0.6333,65.0625
2024-06-18 15,0.2321,0.5591,67.7500
2024-06-18 16,0.2649,0.4358,78.9375
2024-06-18 17,0.2167,0.3450,92.0000
2024-06-18 18,0.1969,0.1396,110.0000
2024-06-18 19,0.2100,0.0229,149.3750
2024-06-18 20,0.2158,0.0002,150.0000
2024-06-18 21,0.1869,0.0001,129.0000
2024-06-18 22,0.2019,0.0001,124.1250
2024-06-18 23,0.1920,0.0000,116.4375
2024-06-19 00,0.1940,0.0000,70.6250
2024-06-19 01,0.1879,0.0000,76.0000
2024-06-19 02,0.1621,0.0000,96.9375
2024-06-19 03,0.1427,0.0000,92.3750
2024-06-19 04,0.1231,0.0000,92.6250
2024-06-19 05,0.1144,0.0125,109.6875
2024-06-19 06,0.0934,0.1064,97.5625
2024-06-19 07,0.0373,0.2578,95.7500
2024-06-19 08,0.0130,0.4539,62.6250
2024-06-19 09,0.0273,0.4917,60.4062
2024-06-19 10,0.0204,0.5469,42.2500
2024-06-19 11,0.0278,0.5571,28.9062
2024-06-19 12,0.0615,0.5474,32.1562
2024-06-19 13,0.0786,0.5439,54.4688
2024-06-19 14,0.1126,0.4763,42.7500
2024-06-19 15,0.1362,0.3782,60.9062
2024-06-19 16,0.1453,0.3193,51.4688
2024-06-19 17,0.1625,0.2185,67.1875
2024-06-19 18,0.1760,0.1127,82.4375
2024-06-19 19,0.2009,0.0145,104.1250
2024-06-19 20,0.2312,0.0001,121.5000
2024-06-19 21,0.2303,0.0000,123.5625
2024-06-19 22,0.2086,0.0000,102.2500
2024-06-19 23,0.2150,0.0000,97.6875
2024-06-20 00,0.2185,0.0000,115.8125
2024-06-20 01,0.2015,0.0000,112.0000
2024-06-20 02,0.2087,0.0000,110.6875
2024-06-20 03,0.2423,0.0000,83.5000
2024-06-20 04,0.2428,0.0000,106.7500
2024-06-20 05,0.2708,0.0086,108.3750
2024-06-20 06,0.2305,0.0789,107.8750
2024-06-20 07,0.1750,0.1920,102.0625
2024-06-20 08,0.1617,0.3025,95.4375
2024-06-20 09,0.1720,0.3708,95.6875
2024-06-20 10,0.1693,0.4810,88.5625
2024-06-20 11,0.1819,0.5503,68.7500
2024-06-20 12,0.1815,0.5601,72.1875
2024-06-20 13,0.1912,0.5317,89.2500
2024-06-20 14,0.1947,0.5215,76.2500
2024-06-20 15,0.2279,0.4563,63.4375
2024-06-20 16,0.2410,0.3857,71.1250
2024-06-20 17,0.2678,0.2534,111.4375
2024-06-20 18,0.3228,0.1238,123.8125
2024-06-20 19,0.3459,0.0170,139.0000
2024-06-20 20,0.3574,0.0001,113.3750
2024-06-20 21,0.3586,0.0000,112.8750
2024-06-20 22,0.3650,0.0000,115.0000
2024-06-20 23,0.3257,0.0000,109.0625
2024-06-21 00,0.3103,0.0000,93.3750
2024-06-21 01,0.2639,0.0000,124.6250
2024-06-21 02,0.3027,0.0000,96.4375
2024-06-21 03,0.3313,0.0000,84.6250
2024-06-21 04,0.3555,0.0000,86.1875
2024-06-21 05,0.3193,0.0133,105.5000
2024-06-21 06,0.2788,0.1088,105.3125
2024-06-21 07,0.2468,0.2717,116.1875
2024-06-21 08,0.2080,0.4167,103.2500
2024-06-21 09,0.1837,0.5391,102.6875
2024-06-21 10,0.1584,0.6260,103.4375
2024-06-21 11,0.1713,0.6753,57.6562
2024-06-21 12,0.1862,0.6650,55.9062
2024-06-21 13,0.2003,0.5986,55.6562
2024-06-21 14,0.2018,0.5708,72.5000
2024-06-21 15,0.2218,0.4346,68.1250
2024-06-21 16,0.2411,0.3464,73.4375
2024-06-21 17,0.2690,0.2260,81.3750
2024-06-21 18,0.2861,0.1093,95.5625
2024-06-21 19,0.2812,0.0164,113.8750
2024-06-21 20,0.3438,0.0001,113.9375
2024-06-21 21,0.3574,0.0000,77.0000
2024-06-21 22,0.3630,0.0000,89.2500
2024-06-21 23,0.3689,0.0000,97.8750
2024-06-22 00,0.3469,0.0000,73.1250
2024-06-22 01,0.3582,0.0000,81.4375
2024-06-22 02,0.3623,0.0000,113.0625
2024-06-22 03,0.3794,0.0000,84.1875
2024-06-22 04,0.4199,0.0000,90.9375
2024-06-22 05,0.4126,0.0142,88.0000
2024-06-22 06,0.3577,0.1151,84.1250
2024-06-22 07,0.3147,0.3054,43.1875
2024-06-22 08,0.2808,0.4888,34.2812
2024-06-22 09,0.2673,0.5771,30.5469
2024-06-22 10,0.2634,0.6265,46.4688
2024-06-22 11,0.2546,0.6543,28.9688
2024-06-22 12,0.1998,0.6636,37.4375
2024-06-22 13,0.2001,0.6533,32.7188
2024-06-22 14,0.2317,0.6455,45.9375
2024-06-22 15,0.2974,0.5244,45.6875
2024-06-22 16,0.3643,0.3857,57.2500
2024-06-22 17,0.3870,0.2490,81.0625
2024-06-22 18,0.4270,0.1237,95.3750
2024-06-22 19,0.4492,0.0184,106.4375
2024-06-22 20,0.4382,0.0001,100.4375
2024-06-22 21,0.4417,0.0000,71.9375
2024-06-22 22,0.4475,0.0000,70.9375
2024-06-22 23,0.4658,0.0000,50.3125
2024-06-23 00,0.4749,0.0000,80.5625
2024-06-23 01,0.4722,0.0000,95.8750
2024-06-23 02,0.4792,0.0000,99.8125
2024-06-23 03,0.4800,0.0000,96.6875
2024-06-23 04,0.4385,0.0000,110.0000
2024-06-23 05,0.3994,0.0081,111.5000
2024-06-23 06,0.3850,0.0854,100.8125
2024-06-23 07,0.3645,0.2245,94.0625
2024-06-23 08,0.2849,0.3560,46.7812
2024-06-23 09,0.2429,0.4358,26.7031
2024-06-23 10,0.2428,0.4773,37.1562
2024-06-23 11,0.2671,0.4978,24.6875
2024-06-23 12,0.2062,0.5879,28.6406
2024-06-23 13,0.2019,0.6294,46.9375
2024-06-23 14,0.2155,0.5830,52.5000
2024-06-23 15,0.2410,0.4619,58.5312
2024-06-23 16,0.2935,0.3547,60.7812
2024-06-23 17,0.3210,0.2568,64.2500
2024-06-23 18,0.3503,0.1083,111.1250
2024-06-23 19,0.3713,0.0150,117.2500
2024-06-23 20,0.3420,0.0002,103.6875
2024-06-23 21,0.3342,0.0000,106.3125
2024-06-23 22,0.3254,0.0000,93.8750
2024-06-23 23,0.3130,0.0000,104.9375
2024-06-24 00,0.2881,0.0000,124.7500
2024-06-24 01,0.2391,0.0000,131.6250
2024-06-24 02,0.2482,0.0000,134.5000
2024-06-24 03,0.2554,0.0000,136.6250
2024-06-24 04,0.2499,0.0000,135.2500
2024-06-24 05,0.2491,0.0089,160.2500
2024-06-24 06,0.2332,0.0845,160.0000
2024-06-24 07,0.1442,0.2095,154.5000
2024-06-24 08,0.1013,0.4031,135.1250
2024-06-24 09,0.0718,0.5518,108.8750
2024-06-24 10,0.0254,0.6123,89.1875
2024-06-24 11,0.0038,0.6587,84.3750
2024-06-24 12,0.0294,0.6665,87.0000
2024-06-24 13,0.0426,0.6460,108.5000
2024-06-24 14,0.0555,0.6035,101.8750
2024-06-24 15,0.1079,0.4656,85.4375
2024-06-24 16,0.0774,0.3704,91.9375
2024-06-24 17,0.0857,0.2612,107.4375
2024-06-24 18,0.0927,0.1235,129.7500
2024-06-24 19,0.1206,0.0195,139.8750
2024-06-24 20,0.1346,0.0002,145.5000
2024-06-24 21,0.1378,0.0001,134.7500
2024-06-24 22,0.1410,0.0000,123.9375
2024-06-24 23,0.1392,0.0000,119.0000
2024-06-25 00,0.1394,0.0000,120.8750
2024-06-25 01,0.1486,0.0000,124.9375
2024-06-25 02,0.1553,0.0000,116.7500
2024-06-25 03,0.1393,0.0000,124.6250
2024-06-25 04,0.1122,0.0000,120.1875
2024-06-25 05,0.1262,0.0125,133.0000
2024-06-25 06,0.1172,0.0933,129.1250
2024-06-25 07,0.0959,0.2330,106.6875
2024-06-25 08,0.0693,0.3997,92.9375
2024-06-25 09,0.0609,0.5020,74.2500
2024-06-25 10,0.0522,0.5786,91.0000
2024-06-25 11,0.0478,0.5923,80.1875
2024-06-25 12,0.0491,0.6094,78.8125
2024-06-25 13,0.0673,0.6074,90.9375
2024-06-25 14,0.0828,0.5859,105.1875
2024-06-25 15,0.1553,0.4199,131.7500
2024-06-25 16,0.1735,0.3047,130.6250
2024-06-25 17,0.1987,0.1897,129.8750
2024-06-25 18,0.2098,0.0996,133.6250
2024-06-25 19,0.2297,0.0166,153.2500
2024-06-25 20,0.2788,0.0002,157.5000
2024-06-25 21,0.2917,0.0001,138.1250
2024-06-25 22,0.3042,0.0001,154.8750
2024-06-25 23,0.3408,0.0000,130.8750
2024-06-26 00,0.3394,0.0000,135.5000
2024-06-26 01,0.3369,0.0000,124.1250
2024-06-26 02,0.3320,0.0000,112.8125
2024-06-26 03,0.3352,0.0000,102.6250
2024-06-26 04,0.3464,0.0000,95.8750
2024-06-26 05,0.3293,0.0154,115.2500
2024-06-26 06,0.3037,0.1192,111.6250
2024-06-26 07,0.2729,0.3044,104.6875
2024-06-26 08,0.2695,0.3857,88.2500
2024-06-26 09,0.2524,0.4951,75.1250
2024-06-26 10,0.2484,0.5317,69.4375
2024-06-26 11,0.2233,0.5884,61.2188
2024-06-26 12,0.2189,0.5703,61.6250
2024-06-26 13,0.2146,0.6133,48.5938
2024-06-26 14,0.2422,0.5371,91.5625
2024-06-26 15,0.2742,0.3748,105.7500
2024-06-26 16,0.2754,0.2693,116.3750
2024-06-26 17,0.2969,0.1716,113.4375
2024-06-26 18,0.3271,0.0918,128.6250
2024-06-26 19,0.3479,0.0165,144.6250
2024-06-26 20,0.3147,0.0001,170.7500
2024-06-26 21,0.2903,0.0001,137.2500
2024-06-26 22,0.2698,0.0000,161.0000
2024-06-26 23,0.2517,0.0000,131.3750
2024-06-27 00,0.2505,0.0000,107.4375
2024-06-27 01,0.2369,0.0000,128.6250
2024-06-27 02,0.2268,0.0000,130.3750
2024-06-27 03,0.2018,0.0000,113.7500
2024-06-27 04,0.1990,0.0000,106.2500
2024-06-27 05,0.1858,0.0153,110.5000
2024-06-27 06,0.1626,0.1192,105.1875
2024-06-27 07,0.1354,0.2959,95.8125
2024-06-27 08,0.0977,0.4617,100.8125
2024-06-27 09,0.0528,0.6416,95.5000
2024-06-27 10,0.0501,0.6875,98.8125
2024-06-27 11,0.0504,0.7192,87.9375
2024-06-27 12,0.0760,0.6382,77.8125
2024-06-27 13,0.0648,0.6450,62.4688
2024-06-27 14,0.0528,0.6265,77.5000
2024-06-27 15,0.0512,0.4839,82.0000
2024-06-27 16,0.0807,0.2913,107.4375
2024-06-27 17,0.0953,0.1528,121.6875
2024-06-27 18,0.1201,0.0788,139.1250
2024-06-27 19,0.1439,0.0165,163.1250
2024-06-27 20,0.1489,0.0001,136.8750
2024-06-27 21,0.1587,0.0000,123.2500
2024-06-27 22,0.1580,0.0000,139.0000
2024-06-27 23,0.1754,0.0000,123.1250
2024-06-28 00,0.2024,0.0000,114.7500
2024-06-28 01,0.2009,0.0000,124.7500
2024-06-28 02,0.1982,0.0000,126.3125
2024-06-28 03,0.1927,0.0000,117.5000
2024-06-28 04,0.1897,0.0000,119.5625
2024-06-28 05,0.1616,0.0105,132.1250
2024-06-28 06,0.1278,0.0906,144.1250
2024-06-28 07,0.0826,0.2218,140.5000
2024-06-28 08,0.0437,0.4004,116.5625
2024-06-28 09,0.0311,0.5757,93.1250
2024-06-28 10,0.0300,0.5820,87.3750
2024-06-28 11,0.0238,0.6587,69.1250
2024-06-28 12,0.0522,0.6064,64.7500
2024-06-28 13,0.0432,0.6050,51.0000
2024-06-28 14,0.0711,0.6265,61.0000
2024-06-28 15,0.0873,0.5195,74.2500
2024-06-28 16,0.1185,0.3679,75.6250
2024-06-28 17,0.1782,0.2212,123.0625
2024-06-28 18,0.2173,0.1246,153.2500
2024-06-28 19,0.2437,0.0226,162.5000
2024-06-28 20,0.2524,0.0002,194.5000
2024-06-28 21,0.2715,0.0000,128.6250
2024-06-28 22,0.2588,0.0000,109.2500
2024-06-28 23,0.2576,0.0000,93.1875
2024-06-29 00,0.2456,0.0000,87.1250
2024-06-29 01,0.2493,0.0000,63.2188
2024-06-29 02,0.2335,0.0000,72.3750
2024-06-29 03,0.2502,0.0000,68.1250
2024-06-29 04,0.2737,0.0000,85.1250
2024-06-29 05,0.2406,0.0083,91.8750
2024-06-29 06,0.2190,0.0600,85.1250
2024-06-29 07,0.1930,0.1681,80.0625
2024-06-29 08,0.1648,0.2834,61.5938
2024-06-29 09,0.1202,0.4780,64.1875
2024-06-29 10,0.1050,0.4951,71.8750
2024-06-29 11,0.0826,0.5786,58.5938
2024-06-29 12,0.0944,0.5801,74.6250
2024-06-29 13,0.0964,0.5674,68.3750
2024-06-29 14,0.1304,0.5381,75.0625
2024-06-29 15,0.1589,0.4338,78.1250
2024-06-29 16,0.2107,0.2510,92.8750
2024-06-29 17,0.2366,0.1447,115.7500
2024-06-29 18,0.2539,0.0729,130.5000
2024-06-29 19,0.2874,0.0129,130.1250
2024-06-29 20,0.2925,0.0001,126.5000
2024-06-29 21,0.2944,0.0000,101.8750
2024-06-29 22,0.2771,0.0000,106.5625
2024-06-29 23,0.2639,0.0000,90.2500
2024-06-30 00,0.2771,0.0000,98.3125
2024-06-30 01,0.2532,0.0000,96.0000
2024-06-30 02,0.2430,0.0000,98.8750
2024-06-30 03,0.2507,0.0000,94.5000
2024-06-30 04,0.2581,0.0000,114.6875
2024-06-30 05,0.2651,0.0108,121.4375
2024-06-30 06,0.2461,0.0974,103.1250
2024-06-30 07,0.1824,0.3054,116.5625
2024-06-30 08,0.1350,0.4888,88.2500
2024-06-30 09,0.0940,0.6416,64.7500
2024-06-30 10,0.1049,0.7271,48.4688
2024-06-30 11,0.1066,0.7651,21.1719
2024-06-30 12,0.1090,0.7310,26.8750
2024-06-30 13,0.1322,0.6812,16.2656
2024-06-30 14,0.1499,0.6953,11.7422
2024-06-30 15,0.1736,0.6445,21.5781
2024-06-30 16,0.2111,0.4546,46.5938
2024-06-30 17,0.2542,0.2908,49.6875
2024-06-30 18,0.2712,0.1262,68.4375
2024-06-30 19,0.3254,0.0193,74.7500
2024-06-30 20,0.3572,0.0002,65.6250
2024-06-30 21,0.3613,0.0000,50.0938
2024-06-30 22,0.3816,0.0000,59.0312
2024-06-30 23,0.3801,0.0000,80.3125
2024-07-01 00,0.3916,0.0000,77.8750
2024-07-01 01,0.3713,0.0000,62.8750
2024-07-01 02,0.3538,0.0000,70.8750
2024-07-01 03,0.3508,0.0000,75.0000
2024-07-01 04,0.3345,0.0000,81.1875
2024-07-01 05,0.3337,0.0046,104.1250
2024-07-01 06,0.3091,0.0658,107.3750
2024-07-01 07,0.2537,0.2236,118.1250
2024-07-01 08,0.2101,0.4253,97.3125
2024-07-01 09,0.1742,0.5859,88.1875
2024-07-01 10,0.1614,0.6816,61.2812
2024-07-01 11,0.1752,0.7095,56.4375
2024-07-01 12,0.1804,0.7046,67.8750
2024-07-01 13,0.1783,0.7026,65.8125
2024-07-01 14,0.1730,0.6787,80.2500
2024-07-01 15,0.1772,0.6343,83.6875
2024-07-01 16,0.1594,0.4810,94.0000
2024-07-01 17,0.1831,0.3118,126.5625
2024-07-01 18,0.2180,0.1227,136.7500
2024-07-01 19,0.2310,0.0155,125.0000
2024-07-01 20,0.2393,0.0001,144.0000
2024-07-01 21,0.2520,0.0001,126.3125
2024-07-01 22,0.3010,0.0001,103.4375
2024-07-01 23,0.3323,0.0000,128.3750
2024-07-02 00,0.3560,0.0000,118.2500
2024-07-02 01,0.3635,0.0000,120.8750
2024-07-02 02,0.3418,0.0000,124.5000
2024-07-02 03,0.3391,0.0000,119.5000
2024-07-02 04,0.3364,0.0000,127.6875
2024-07-02 05,0.3333,0.0047,127.3125
2024-07-02 06,0.3174,0.0651,132.3750
2024-07-02 07,0.2864,0.1653,123.6875
2024-07-02 08,0.2472,0.3318,107.8125
2024-07-02 09,0.2166,0.4814,76.6250
2024-07-02 10,0.2297,0.6025,74.0000
2024-07-02 11,0.2607,0.6377,62.8750
2024-07-02 12,0.2576,0.6436,61.7188
2024-07-02 13,0.2642,0.6309,41.0938
2024-07-02 14,0.2413,0.6206,37.7812
2024-07-02 15,0.2488,0.5962,48.0312
2024-07-02 16,0.2961,0.4712,77.6875
2024-07-02 17,0.3145,0.3142,105.3750
2024-07-02 18,0.2964,0.1223,128.0000
2024-07-02 19,0.3135,0.0162,119.6250
2024-07-02 20,0.3228,0.0001,138.6250
2024-07-02 21,0.3037,0.0001,128.5000
2024-07-02 22,0.2510,0.0001,126.6875
2024-07-02 23,0.2422,0.0000,142.6250
2024-07-03 00,0.2318,0.0000,117.7500
2024-07-03 01,0.2101,0.0000,128.6250
2024-07-03 02,0.2068,0.0000,118.4375
2024-07-03 03,0.2115,0.0000,107.3750
2024-07-03 04,0.2194,0.0000,104.0625
2024-07-03 05,0.2247,0.0066,99.8750
2024-07-03 06,0.1924,0.0790,123.3125
2024-07-03 07,0.1661,0.2076,100.6875
2024-07-03 08,0.1272,0.3877,95.8125
2024-07-03 09,0.0971,0.5244,83.3125
2024-07-03 10,0.0940,0.5991,100.6875
2024-07-03 11,0.1036,0.6162,107.5000
2024-07-03 12,0.1119,0.6406,93.6875
2024-07-03 13,0.1153,0.6440,106.0625
2024-07-03 14,0.1224,0.6226,106.3125
2024-07-03 15,0.1234,0.5942,117.9375
2024-07-03 16,0.0930,0.4617,147.0000
2024-07-03 17,0.1112,0.3047,161.6250
2024-07-03 18,0.1311,0.1223,181.6250
2024-07-03 19,0.1355,0.0195,180.2500
2024-07-03 20,0.1865,0.0002,166.0000
2024-07-03 21,0.1805,0.0001,153.7500
2024-07-03 22,0.1733,0.0001,149.8750
2024-07-03 23,0.1968,0.0000,138.2500
2024-07-04 00,0.2057,0.0000,111.3750
2024-07-04 01,0.2139,0.0000,129.8750
2024-07-04 02,0.2274,0.0000,111.0625
2024-07-04 03,0.2341,0.0000,102.6250
2024-07-04 04,0.2294,0.0000,94.5625
2024-07-04 05,0.1890,0.0066,94.7500
2024-07-04 06,0.1725,0.0766,103.0625
2024-07-04 07,0.1537,0.2186,97.5625
2024-07-04 08,0.1442,0.3604,107.1875
2024-07-04 09,0.1272,0.4741,78.8125
2024-07-04 10,0.1179,0.5474,96.4375
2024-07-04 11,0.1259,0.6177,101.3750
2024-07-04 12,0.1282,0.6504,86.3125
2024-07-04 13,0.1421,0.6396,90.6875
2024-07-04 14,0.1530,0.6152,81.9375
2024-07-04 15,0.1785,0.5488,78.0625
2024-07-04 16,0.1766,0.4299,99.3125
2024-07-04 17,0.1813,0.2888,108.6250
2024-07-04 18,0.1750,0.1150,144.1250
2024-07-04 19,0.1731,0.0172,160.6250
2024-07-04 20,0.1715,0.0002,146.7500
2024-07-04 21,0.1707,0.0001,132.1250
2024-07-04 22,0.1671,0.0001,119.0000
2024-07-04 23,0.1677,0.0000,107.7500
2024-07-05 00,0.2002,0.0000,87.7500
2024-07-05 01,0.1917,0.0000,71.1875
2024-07-05 02,0.1774,0.0000,67.8125
2024-07-05 03,0.1707,0.0000,88.3750
2024-07-05 04,0.1610,0.0000,81.0625
2024-07-05 05,0.1547,0.0076,86.3750
2024-07-05 06,0.1458,0.0805,96.4375
2024-07-05 07,0.1292,0.2246,99.5000
2024-07-05 08,0.1116,0.3716,78.8750
2024-07-05 09,0.1115,0.4138,97.1250
2024-07-05 10,0.1047,0.4634,85.1875
2024-07-05 11,0.0936,0.5386,75.3125
2024-07-05 12,0.0959,0.5767,95.6250
2024-07-05 13,0.1085,0.5732,111.1250
2024-07-05 14,0.1141,0.5679,115.6250
2024-07-05 15,0.1299,0.4951,115.3750
2024-07-05 16,0.1627,0.3960,119.5625
2024-07-05 17,0.1786,0.2708,140.0000
2024-07-05 18,0.2051,0.1077,156.2500
2024-07-05 19,0.2333,0.0150,176.1250
2024-07-05 20,0.2517,0.0002,157.7500
2024-07-05 21,0.2600,0.0001,130.7500
2024-07-05 22,0.2856,0.0001,109.3125
2024-07-05 23,0.2781,0.0000,102.9375
2024-07-06 00,0.2878,0.0000,113.9375
2024-07-06 01,0.2666,0.0000,123.8125
2024-07-06 02,0.2656,0.0000,123.0625
2024-07-06 03,0.2646,0.0000,132.6250
2024-07-06 04,0.2966,0.0000,111.0625
2024-07-06 05,0.2944,0.0086,91.0625
2024-07-06 06,0.2837,0.0934,96.3750
2024-07-06 07,0.2642,0.2598,98.1875
2024-07-06 08,0.2712,0.3867,89.5625
2024-07-06 09,0.2671,0.4636,94.2500
2024-07-06 10,0.2158,0.5552,91.5625
2024-07-06 11,0.2046,0.6060,80.3750
2024-07-06 12,0.2085,0.5938,86.0625
2024-07-06 13,0.2065,0.5659,74.1250
2024-07-06 14,0.2067,0.5298,56.5625
2024-07-06 15,0.2178,0.4749,67.2500
2024-07-06 16,0.2260,0.3875,93.8125
2024-07-06 17,0.2791,0.2622,102.7500
2024-07-06 18,0.3130,0.1121,126.1250
2024-07-06 19,0.3350,0.0168,148.3750
2024-07-06 20,0.3201,0.0002,136.5000
2024-07-06 21,0.3010,0.0001,130.7500
2024-07-06 22,0.2961,0.0001,135.1250
2024-07-06 23,0.2461,0.0000,126.0625
2024-07-07 00,0.2251,0.0000,124.0625
2024-07-07 01,0.1746,0.0000,126.6250
2024-07-07 02,0.1564,0.0000,116.5625
2024-07-07 03,0.1364,0.0000,132.7500
2024-07-07 04,0.1193,0.0000,118.0625
2024-07-07 05,0.1010,0.0064,111.1875
2024-07-07 06,0.0997,0.0786,90.2500
2024-07-07 07,0.0789,0.2444,89.1875
2024-07-07 08,0.0230,0.3950,85.0625
2024-07-07 09,0.0128,0.5117,93.0625
2024-07-07 10,0.0111,0.6187,93.1875
2024-07-07 11,0.0307,0.6978,73.3125
2024-07-07 12,0.0320,0.7188,63.0938
2024-07-07 13,0.0157,0.6953,72.1875
2024-07-07 14,0.0175,0.6680,50.5625
2024-07-07 15,0.0129,0.5869,74.6875
2024-07-07 16,0.0257,0.4631,94.5625
2024-07-07 17,0.0460,0.3203,112.0000
2024-07-07 18,0.0767,0.1384,154.6250
2024-07-07 19,0.0992,0.0204,147.5000
2024-07-07 20,0.1074,0.0002,147.1250
2024-07-07 21,0.1074,0.0001,135.0000
2024-07-07 22,0.1172,0.0001,141.3750
2024-07-07 23,0.1192,0.0000,140.3750
2024-07-08 00,0.1140,0.0000,118.6250
2024-07-08 01,0.1156,0.0000,94.2500
2024-07-08 02,0.1160,0.0000,103.2500
2024-07-08 03,0.1246,0.0000,129.8750
2024-07-08 04,0.1348,0.0000,138.1250
2024-07-08 05,0.1239,0.0068,140.3750
2024-07-08 06,0.1117,0.0831,165.8750
2024-07-08 07,0.0862,0.2347,145.0000
2024-07-08 08,0.0769,0.3423,131.7500
2024-07-08 09,0.0792,0.4690,139.7500
2024-07-08 10,0.0605,0.6025,126.5625
2024-07-08 11,0.0539,0.7026,108.0625
2024-07-08 12,0.0589,0.6782,104.0000
2024-07-08 13,0.0612,0.6899,115.1875
2024-07-08 14,0.0712,0.6650,111.4375
2024-07-08 15,0.0997,0.5708,115.0000
2024-07-08 16,0.1359,0.4463,119.4375
2024-07-08 17,0.1561,0.2988,129.2500
2024-07-08 18,0.1815,0.1180,146.0000
2024-07-08 19,0.2037,0.0165,163.5000
2024-07-08 20,0.2122,0.0002,152.8750
2024-07-08 21,0.1785,0.0001,143.3750
2024-07-08 22,0.1774,0.0001,133.6250
2024-07-08 23,0.1670,0.0000,131.1250
2024-07-09 00,0.1608,0.0000,137.3750
2024-07-09 01,0.1566,0.0000,132.6250
2024-07-09 02,0.1566,0.0000,126.8125
2024-07-09 03,0.1573,0.0000,130.0000
2024-07-09 04,0.1671,0.0000,138.8750
2024-07-09 05,0.1584,0.0069,130.1250
2024-07-09 06,0.1406,0.0812,140.2500
2024-07-09 07,0.1106,0.2262,123.9375
2024-07-09 08,0.0960,0.3311,128.7500
2024-07-09 09,0.0697,0.4790,116.8125
2024-07-09 10,0.0577,0.5811,116.5625
2024-07-09 11,0.0475,0.6484,120.5625
2024-07-09 12,0.0626,0.6289,106.8125
2024-07-09 13,0.0520,0.6421,104.8125
2024-07-09 14,0.0561,0.6211,95.4375
2024-07-09 15,0.0739,0.5557,111.8125
2024-07-09 16,0.0937,0.4448,128.6250
2024-07-09 17,0.1481,0.3003,133.7500
2024-07-09 18,0.2151,0.1154,166.5000
2024-07-09 19,0.2399,0.0156,196.2500
2024-07-09 20,0.2693,0.0001,173.7500
2024-07-09 21,0.2747,0.0001,173.6250
2024-07-09 22,0.2859,0.0001,160.5000
2024-07-09 23,0.2927,0.0000,151.2500
2024-07-10 00,0.2695,0.0000,171.6250
2024-07-10 01,0.2455,0.0000,158.1250
2024-07-10 02,0.2476,0.0000,189.8750
2024-07-10 03,0.2681,0.0000,186.1250
2024-07-10 04,0.2830,0.0000,162.8750
2024-07-10 05,0.2839,0.0054,121.8750
2024-07-10 06,0.2769,0.0645,105.6875
2024-07-10 07,0.2722,0.1735,125.9375
2024-07-10 08,0.2372,0.2908,105.1875
2024-07-10 09,0.2172,0.4014,90.8750
2024-07-10 10,0.1903,0.4834,84.7500
2024-07-10 11,0.1699,0.5840,60.5938
2024-07-10 12,0.1725,0.5913,72.4375
2024-07-10 13,0.1512,0.5947,68.5625
2024-07-10 14,0.1591,0.5493,67.3750
2024-07-10 15,0.1633,0.5059,72.1875
2024-07-10 16,0.2003,0.4312,84.2500
2024-07-10 17,0.2754,0.3062,108.3125
2024-07-10 18,0.3188,0.1230,114.5000
2024-07-10 19,0.3225,0.0175,134.7500
2024-07-10 20,0.3213,0.0002,183.8750
2024-07-10 21,0.3201,0.0001,116.2500
2024-07-10 22,0.3027,0.0001,123.9375
2024-07-10 23,0.3005,0.0000,108.1250
2024-07-11 00,0.3367,0.0000,93.1250
2024-07-11 01,0.3359,0.0000,91.6875
2024-07-11 02,0.3372,0.0000,77.5625
2024-07-11 03,0.3943,0.0000,58.0000
2024-07-11 04,0.4036,0.0000,61.2812
2024-07-11 05,0.3870,0.0071,94.9375
2024-07-11 06,0.3770,0.0744,106.5625
2024-07-11 07,0.2993,0.1969,110.8125
2024-07-11 08,0.2729,0.3508,11.1172
2024-07-11 09,0.2883,0.4680,112.3750
2024-07-11 10,0.2881,0.5146,103.3750
2024-07-11 11,0.2810,0.5669,81.0625
2024-07-11 12,0.3030,0.5669,83.8125
2024-07-11 13,0.3030,0.5942,77.2500
2024-07-11 14,0.3110,0.5474,75.3750
2024-07-11 15,0.3347,0.4924,56.3750
2024-07-11 16,0.3296,0.4465,78.1875
2024-07-11 17,0.3623,0.2937,79.3750
2024-07-11 18,0.3831,0.1224,113.5000
2024-07-11 19,0.4104,0.0189,130.8750
2024-07-11 20,0.3926,0.0002,115.4375
2024-07-11 21,0.3911,0.0001,104.6250
2024-07-11 22,0.3821,0.0001,102.8125
2024-07-11 23,0.3750,0.0000,97.8750
2024-07-12 00,0.3708,0.0000,100.8750
2024-07-12 01,0.3469,0.0000,80.3125
2024-07-12 02,0.3250,0.0000,67.6250
2024-07-12 03,0.2979,0.0000,91.9375
2024-07-12 04,0.2888,0.0000,94.6250
2024-07-12 05,0.2700,0.0059,103.6875
2024-07-12 06,0.2651,0.0627,121.3750
2024-07-12 07,0.2423,0.1857,109.8125
2024-07-12 08,0.2499,0.3379,86.6875
2024-07-12 09,0.2181,0.4692,83.0000
2024-07-12 10,0.2286,0.5469,97.1250
2024-07-12 11,0.2382,0.6113,56.9062
2024-07-12 12,0.2568,0.5938,49.8750
2024-07-12 13,0.2708,0.6147,46.5312
2024-07-12 14,0.3721,0.5737,26.2500
2024-07-12 15,0.3796,0.5234,47.2188
2024-07-12 16,0.3816,0.4485,44.1562
2024-07-12 17,0.4033,0.2805,73.6250
2024-07-12 18,0.3408,0.1044,112.8750
2024-07-12 19,0.3511,0.0122,134.6250
2024-07-12 20,0.3464,0.0001,108.3125
2024-07-12 21,0.3279,0.0001,106.0625
2024-07-12 22,0.3213,0.0001,106.3125
2024-07-12 23,0.3198,0.0000,100.6875
2024-07-13 00,0.3086,0.0000,95.0625
2024-07-13 01,0.2998,0.0000,96.8750
2024-07-13 02,0.3113,0.0000,100.1250
2024-07-13 03,0.2930,0.0000,111.8750
2024-07-13 04,0.2993,0.0000,122.3125
2024-07-13 05,0.2891,0.0040,126.3125
2024-07-13 06,0.2856,0.0602,117.5000
2024-07-13 07,0.2612,0.1680,108.9375
2024-07-13 08,0.2233,0.3486,78.8125
2024-07-13 09,0.1965,0.5034,81.9375
2024-07-13 10,0.1696,0.6172,55.1562
2024-07-13 11,0.1404,0.6772,44.4062
2024-07-13 12,0.1605,0.6890,49.1250
2024-07-13 13,0.1750,0.7100,62.0312
2024-07-13 14,0.1824,0.6694,60.4375
2024-07-13 15,0.1925,0.6001,48.6562
2024-07-13 16,0.1877,0.5098,61.0312
2024-07-13 17,0.1864,0.3303,97.8125
2024-07-13 18,0.2148,0.1196,109.0625
2024-07-13 19,0.2356,0.0165,130.6250
2024-07-13 20,0.2167,0.0002,144.8750
2024-07-13 21,0.1959,0.0001,136.0000
2024-07-13 22,0.1923,0.0001,137.0000
2024-07-13 23,0.1466,0.0000,136.2500
2024-07-14 00,0.1799,0.0000,143.7500
2024-07-14 01,0.1733,0.0000,136.7500
2024-07-14 02,0.1420,0.0000,164.7500
2024-07-14 03,0.1417,0.0000,165.2500
2024-07-14 04,0.1465,0.0000,148.5000
2024-07-14 05,0.1460,0.0064,157.8750
2024-07-14 06,0.1223,0.0832,155.8750
2024-07-14 07,0.0905,0.2343,137.3750
2024-07-14 08,0.0323,0.4534,116.0625
2024-07-14 09,0.0046,0.6221,98.3750
2024-07-14 10,0.0187,0.7271,78.1875
2024-07-14 11,0.0338,0.7720,76.1250
2024-07-14 12,0.0119,0.7812,72.3750
2024-07-14 13,0.0111,0.7705,91.0000
2024-07-14 14,0.0299,0.7314,85.0000
2024-07-14 15,0.0524,0.6562,112.5000
2024-07-14 16,0.0773,0.5493,112.8750
2024-07-14 17,0.1166,0.3647,134.3750
2024-07-14 18,0.1664,0.1471,151.0000
2024-07-14 19,0.1931,0.0215,157.0000
2024-07-14 20,0.2085,0.0002,153.6250
2024-07-14 21,0.2141,0.0001,129.7500
2024-07-14 22,0.2135,0.0001,121.1875
2024-07-14 23,0.2192,0.0000,124.0625
2024-07-15 00,0.2827,0.0000,132.6250
2024-07-15 01,0.2805,0.0000,128.7500
2024-07-15 02,0.2800,0.0000,156.2500
2024-07-15 03,0.2793,0.0000,156.1250
2024-07-15 04,0.2070,0.0000,154.5000
2024-07-15 05,0.1929,0.0100,164.8750
2024-07-15 06,0.1725,0.0970,196.7500
2024-07-15 07,0.1193,0.2620,165.5000
2024-07-15 08,0.0773,0.4617,99.0000
2024-07-15 09,0.0471,0.6328,87.8125
2024-07-15 10,0.0280,0.7271,101.2500
2024-07-15 11,0.0103,0.7720,106.1250
2024-07-15 12,0.0304,0.7812,-2.0000
2024-07-15 13,0.0105,0.7588,-2.0000
2024-07-15 14,0.0523,0.7095,-2.0000
2024-07-15 15,0.0820,0.6279,103.8125
2024-07-15 16,0.0957,0.5215,105.8750
2024-07-15 17,0.1235,0.3374,130.7500
2024-07-15 18,0.1558,0.1305,150.5000
2024-07-15 19,0.1752,0.0182,170.6250
2024-07-15 20,0.1829,0.0002,145.6250
2024-07-15 21,0.1851,0.0001,140.2500
2024-07-15 22,0.2378,0.0001,122.1875
2024-07-15 23,0.2382,0.0000,118.1250
2024-07-16 00,0.2440,0.0000,93.7500
2024-07-16 01,0.2465,0.0000,103.4375
2024-07-16 02,0.2534,0.0000,120.6250
2024-07-16 03,0.2549,0.0000,113.0625
2024-07-16 04,0.2642,0.0000,103.9375
2024-07-16 05,0.2444,0.0069,119.3125
2024-07-16 06,0.2262,0.0715,144.3750
2024-07-16 07,0.1825,0.2354,136.5000
2024-07-16 08,0.1388,0.4746,99.6875
2024-07-16 09,0.1388,0.6328,73.2500
2024-07-16 10,0.1311,0.7271,77.0625
2024-07-16 11,0.1289,0.7563,69.5625
2024-07-16 12,0.1227,0.7422,93.8125
2024-07-16 13,0.1240,0.7510,92.6250
2024-07-16 14,0.1327,0.7007,68.6875
2024-07-16 15,0.1447,0.6372,82.1875
2024-07-16 16,0.1542,0.5317,73.9375
2024-07-16 17,0.1716,0.3389,86.8125
2024-07-16 18,0.2048,0.1285,123.2500
2024-07-16 19,0.2242,0.0182,152.8750
2024-07-16 20,0.2255,0.0002,139.7500
2024-07-16 21,0.2131,0.0001,119.1250
2024-07-16 22,0.1711,0.0001,128.2500
2024-07-16 23,0.1694,0.0000,119.8750
2024-07-17 00,0.1769,0.0000,126.0625
2024-07-17 01,0.1697,0.0000,117.8125
2024-07-17 02,0.1678,0.0000,124.5000
2024-07-17 03,0.1265,0.0000,131.1250
2024-07-17 04,0.1437,0.0000,128.5000
2024-07-17 05,0.1554,0.0072,136.1250
2024-07-17 06,0.1437,0.0809,134.2500
2024-07-17 07,0.1168,0.2581,111.1875
2024-07-17 08,0.0707,0.4778,97.4375
2024-07-17 09,0.0479,0.6328,77.8750
2024-07-17 10,0.0394,0.7271,72.2500
2024-07-17 11,0.0393,0.7720,52.8125
2024-07-17 12,0.0289,0.7812,41.3438
2024-07-17 13,0.0802,0.7705,38.1250
2024-07-17 14,0.0846,0.7314,61.7188
2024-07-17 15,0.1054,0.6562,63.1250
2024-07-17 16,0.1111,0.5283,81.0625
2024-07-17 17,0.1223,0.3411,124.3125
2024-07-17 18,0.1559,0.1365,141.8750
2024-07-17 19,0.1689,0.0219,158.6250
2024-07-17 20,0.1772,0.0003,169.7500
2024-07-17 21,0.1777,0.0001,141.3750
2024-07-17 22,0.1445,0.0001,132.6250
2024-07-17 23,0.1730,0.0000,136.2500
2024-07-18 00,0.1793,0.0000,134.1250
2024-07-18 01,0.1732,0.0000,111.3750
2024-07-18 02,0.1720,0.0000,110.1875
2024-07-18 03,0.1835,0.0000,101.3750
2024-07-18 04,0.1648,0.0000,87.9375
2024-07-18 05,0.1686,0.0078,117.9375
2024-07-18 06,0.1501,0.0830,118.0625
2024-07-18 07,0.1242,0.2520,110.1875
2024-07-18 08,0.0855,0.4336,115.1250
2024-07-18 09,0.0445,0.6313,104.0625
2024-07-18 10,0.0317,0.7271,98.3750
2024-07-18 11,0.0372,0.7720,91.4375
2024-07-18 12,0.0406,0.7812,86.6250
2024-07-18 13,0.0549,0.7705,72.3750
2024-07-18 14,0.0663,0.7314,43.3750
2024-07-18 15,0.0793,0.6562,52.7812
2024-07-18 16,0.0903,0.5493,56.4062
2024-07-18 17,0.1215,0.3647,86.5000
2024-07-18 18,0.1617,0.1465,116.0625
2024-07-18 19,0.1780,0.0225,134.7500
2024-07-18 20,0.1821,0.0002,124.6875
2024-07-18 21,0.1769,0.0001,105.8750
2024-07-18 22,0.1731,0.0001,102.8750
2024-07-18 23,0.1824,0.0000,115.5625
2024-07-19 00,0.1823,0.0000,119.0625
2024-07-19 01,0.2015,0.0000,130.3750
2024-07-19 02,0.2028,0.0000,120.0625
2024-07-19 03,0.2045,0.0000,134.3750
2024-07-19 04,0.1826,0.0000,131.2500
2024-07-19 05,0.1666,0.0099,141.6250
2024-07-19 06,0.1432,0.1063,141.2500
2024-07-19 07,0.1158,0.3025,131.7500
2024-07-19 08,0.0784,0.4924,112.3125
2024-07-19 09,0.0493,0.6328,99.8750
2024-07-19 10,0.0320,0.7271,-2.0000
2024-07-19 11,0.0263,0.7720,-2.0000
2024-07-19 12,0.0515,0.7812,-2.0000
2024-07-19 13,0.0623,0.7705,-2.0000
2024-07-19 14,0.0737,0.7314,-2.0000
2024-07-19 15,0.0956,0.6562,64.3750
2024-07-19 16,0.1324,0.5493,81.0625
2024-07-19 17,0.1490,0.3647,80.9375
2024-07-19 18,0.1813,0.1514,100.6875
2024-07-19 19,0.1854,0.0234,117.4375
2024-07-19 20,0.2164,0.0002,95.9375
2024-07-19 21,0.2196,0.0001,85.7500
2024-07-19 22,0.2441,0.0001,92.3750
2024-07-19 23,0.2489,0.0000,85.6250
2024-07-20 00,0.2510,0.0000,76.8750
2024-07-20 01,0.2507,0.0000,67.5625
2024-07-20 02,0.2399,0.0000,71.5000
2024-07-20 03,0.2274,0.0000,71.0000
2024-07-20 04,0.2246,0.0000,57.8750
2024-07-20 05,0.2311,0.0065,79.0000
2024-07-20 06,0.2299,0.0842,86.2500
2024-07-20 07,0.1700,0.2715,63.2188
2024-07-20 08,0.1493,0.4678,55.7188
2024-07-20 09,0.1191,0.6328,30.9688
2024-07-20 10,0.1091,0.7271,24.2656
2024-07-20 11,0.1406,0.7720,11.4453
2024-07-20 12,0.1475,0.7642,11.5547
2024-07-20 13,0.1459,0.7705,18.8750
2024-07-20 14,0.1599,0.7314,0.6333
2024-07-20 15,0.1865,0.6562,-2.0000
2024-07-20 16,0.2200,0.5493,10.9219
2024-07-20 17,0.2463,0.3647,29.0000
2024-07-20 18,0.2795,0.1493,60.2812
2024-07-20 19,0.2905,0.0215,62.8438
2024-07-20 20,0.2971,0.0002,69.6250
2024-07-20 21,0.2979,0.0001,64.1875
2024-07-20 22,0.3047,0.0001,48.2812
2024-07-20 23,0.3188,0.0000,57.1875
2024-07-21 00,0.3496,0.0000,60.1250
2024-07-21 01,0.3301,0.0000,77.0625
2024-07-21 02,0.3264,0.0000,46.3750
2024-07-21 03,0.3250,0.0000,47.0625
2024-07-21 04,0.2932,0.0000,31.7031
2024-07-21 05,0.2827,0.0080,44.4375
2024-07-21 06,0.2539,0.0920,63.1562
2024-07-21 07,0.1985,0.2773,36.9062
2024-07-21 08,0.1479,0.4751,27.0156
2024-07-21 09,0.0899,0.6328,17.1719
2024-07-21 10,0.0672,0.7271,16.4062
2024-07-21 11,0.0553,0.7720,7.1914
2024-07-21 12,0.0567,0.7798,-2.0000
2024-07-21 13,0.0641,0.7373,11.6641
2024-07-21 14,0.0811,0.6963,9.4688
2024-07-21 15,0.0938,0.6372,15.2031
2024-07-21 16,0.1048,0.5137,25.2031
2024-07-21 17,0.1257,0.3330,31.0156
2024-07-21 18,0.1509,0.1323,55.5938
2024-07-21 19,0.1682,0.0181,78.2500
2024-07-21 20,0.1613,0.0001,84.8750
2024-07-21 21,0.1930,0.0001,74.0000
2024-07-21 22,0.1945,0.0001,55.3438
2024-07-21 23,0.2054,0.0000,48.5312
2024-07-22 00,0.2051,0.0000,49.0938
2024-07-22 01,0.1954,0.0000,38.5312
2024-07-22 02,0.1956,0.0000,24.9375
2024-07-22 03,0.1884,0.0000,19.0938
2024-07-22 04,0.1914,0.0000,46.0625
2024-07-22 05,0.1936,0.0102,76.3750
2024-07-22 06,0.2010,0.1115,83.6250
2024-07-22 07,0.1803,0.3025,81.1875
2024-07-22 08,0.1333,0.4924,72.6250
2024-07-22 09,0.0963,0.6328,63.4062
2024-07-22 10,0.0736,0.7271,65.2500
2024-07-22 11,0.0783,0.7720,52.1875
2024-07-22 12,0.0983,0.7812,45.3125
2024-07-22 13,0.1124,0.7705,82.3750
2024-07-22 14,0.1271,0.7314,66.5625
2024-07-22 15,0.1526,0.6519,52.6250
2024-07-22 16,0.1659,0.5386,42.8125
2024-07-22 17,0.2010,0.3533,69.4375
2024-07-22 18,0.2433,0.1388,88.3750
2024-07-22 19,0.2947,0.0190,121.3750
2024-07-22 20,0.2854,0.0002,119.8750
2024-07-22 21,0.2761,0.0001,185.5000
2024-07-22 22,0.2598,0.0001,173.3750
2024-07-22 23,0.2651,0.0000,201.0000
2024-07-23 00,0.2769,0.0000,166.3750
2024-07-23 01,0.2874,0.0000,168.0000
2024-07-23 02,0.3501,0.0000,154.7500
2024-07-23 03,0.3533,0.0000,171.0000
2024-07-23 04,0.3325,0.0000,92.2500
2024-07-23 05,0.3342,0.0095,94.4375
2024-07-23 06,0.3154,0.1115,92.5000
2024-07-23 07,0.2598,0.3025,91.9375
2024-07-23 08,0.2322,0.4924,62.2500
2024-07-23 09,0.2073,0.6328,47.4062
2024-07-23 10,0.2375,0.7271,15.0312
2024-07-23 11,0.2352,0.7720,7.4219
2024-07-23 12,0.2520,0.7812,6.8594
2024-07-23 13,0.2700,0.7705,12.5078
2024-07-23 14,0.2842,0.7314,1.7910
2024-07-23 15,0.2754,0.6562,1.0732
2024-07-23 16,0.2969,0.5493,26.4688
2024-07-23 17,0.3491,0.3491,65.0000
2024-07-23 18,0.3838,0.1354,75.3750
2024-07-23 19,0.3933,0.0179,101.3125
2024-07-23 20,0.3704,0.0002,108.4375
2024-07-23 21,0.3555,0.0001,113.2500
2024-07-23 22,0.3618,0.0001,98.8125
2024-07-23 23,0.3616,0.0000,102.0625
2024-07-24 00,0.3621,0.0000,79.6250
2024-07-24 01,0.3760,0.0000,77.3750
2024-07-24 02,0.3706,0.0000,55.1875
2024-07-24 03,0.3945,0.0000,35.1562
2024-07-24 04,0.4094,0.0000,35.6562
2024-07-24 05,0.4094,0.0096,73.5625
2024-07-24 06,0.3999,0.0958,80.5000
2024-07-24 07,0.4199,0.2705,55.7812
2024-07-24 08,0.3953,0.4126,52.0000
2024-07-24 09,0.3833,0.5552,48.0938
2024-07-24 10,0.3735,0.6255,36.1875
2024-07-24 11,0.3872,0.6313,32.6250
2024-07-24 12,0.4006,0.6084,25.7812
2024-07-24 13,0.4595,0.5879,11.0703
2024-07-24 14,0.5566,0.5508,20.0312
2024-07-24 15,0.5674,0.4917,11.1797
2024-07-24 16,0.5576,0.4209,13.2188
2024-07-24 17,0.5840,0.2854,40.0625
2024-07-24 18,0.6001,0.1128,52.8750
2024-07-24 19,0.6079,0.0169,50.4688
2024-07-24 20,0.6035,0.0002,46.1875
2024-07-24 21,0.6006,0.0000,39.2188
2024-07-24 22,0.5674,0.0001,31.9062
2024-07-24 23,0.5469,0.0000,23.5000
2024-07-25 00,0.5029,0.0000,35.3750
2024-07-25 01,0.4971,0.0000,36.7500
2024-07-25 02,0.4346,0.0000,61.1875
2024-07-25 03,0.4075,0.0000,56.1562
2024-07-25 04,0.4192,0.0000,52.0938
2024-07-25 05,0.4138,0.0079,81.3125
2024-07-25 06,0.3328,0.0812,99.3750
2024-07-25 07,0.2864,0.2434,100.8125
2024-07-25 08,0.2292,0.3914,84.1250
2024-07-25 09,0.1781,0.5669,77.1250
2024-07-25 10,0.1538,0.6680,72.2500
2024-07-25 11,0.1526,0.6895,82.8750
2024-07-25 12,0.1393,0.6670,63.1250
2024-07-25 13,0.1238,0.6504,55.1562
2024-07-25 14,0.1227,0.6260,65.0625
2024-07-25 15,0.1155,0.5576,66.9375
2024-07-25 16,0.0953,0.4817,43.5312
2024-07-25 17,0.1168,0.3154,87.0000
2024-07-25 18,0.1478,0.1218,101.8750
2024-07-25 19,0.1805,0.0151,107.9375
2024-07-25 20,0.1880,0.0001,117.0625
2024-07-25 21,0.1852,0.0001,109.1250
2024-07-25 22,0.1597,0.0001,114.5625
2024-07-25 23,0.1556,0.0000,113.6250
2024-07-26 00,0.1654,0.0000,76.7500
2024-07-26 01,0.1659,0.0000,78.4375
2024-07-26 02,0.1912,0.0000,93.8125
2024-07-26 03,0.1904,0.0000,82.6875
2024-07-26 04,0.1890,0.0000,91.0625
2024-07-26 05,0.1848,0.0085,93.8125
2024-07-26 06,0.1326,0.0952,116.6250
2024-07-26 07,0.0970,0.2603,104.1250
2024-07-26 08,0.0835,0.4102,82.9375
2024-07-26 09,0.0693,0.5410,88.0625
2024-07-26 10,0.0451,0.6538,78.1250
2024-07-26 11,0.0382,0.6719,78.2500
2024-07-26 12,0.0287,0.6758,64.1875
2024-07-26 13,0.0685,0.6523,50.1250
2024-07-26 14,0.0797,0.6416,48.8438
2024-07-26 15,0.0907,0.5752,71.0625
2024-07-26 16,0.1077,0.4756,81.8750
2024-07-26 17,0.1344,0.3086,107.9375
2024-07-26 18,0.1588,0.1247,144.6250
2024-07-26 19,0.2092,0.0168,146.1250
2024-07-26 20,0.2223,0.0001,129.2500
2024-07-26 21,0.2233,0.0000,128.1250
2024-07-26 22,0.2280,0.0001,94.1250
2024-07-26 23,0.2388,0.0000,91.8750
2024-07-27 00,0.2386,0.0000,67.3750
2024-07-27 01,0.2411,0.0000,77.5000
2024-07-27 02,0.2568,0.0000,82.6875
2024-07-27 03,0.2578,0.0000,90.1250
2024-07-27 04,0.2910,0.0000,86.3125
2024-07-27 05,0.2964,0.0069,80.4375
2024-07-27 06,0.2815,0.0806,68.5000
2024-07-27 07,0.2539,0.2430,47.4062
2024-07-27 08,0.2233,0.4143,135.5000
2024-07-27 09,0.2040,0.5674,102.1875
2024-07-27 10,0.1777,0.6748,37.8750
2024-07-27 11,0.2223,0.7319,54.0625
2024-07-27 12,0.2825,0.7427,46.0938
2024-07-27 13,0.2991,0.7163,50.7188
2024-07-27 14,0.2893,0.6714,40.5000
2024-07-27 15,0.3225,0.5767,41.0938
2024-07-27 16,0.3359,0.4800,52.8750
2024-07-27 17,0.3374,0.3137,72.1875
2024-07-27 18,0.3765,0.1301,113.5625
2024-07-27 19,0.4399,0.0179,102.5000
2024-07-27 20,0.4268,0.0002,102.1875
2024-07-27 21,0.4165,0.0001,103.3750
2024-07-27 22,0.4258,0.0001,89.1875
2024-07-27 23,0.4446,0.0000,88.6875
2024-07-28 00,0.4219,0.0000,92.9375
2024-07-28 01,0.4160,0.0000,96.0000
2024-07-28 02,0.3843,0.0000,94.7500
2024-07-28 03,0.3772,0.0000,84.4375
2024-07-28 04,0.3735,0.0000,89.5625
2024-07-28 05,0.3264,0.0121,107.5625
2024-07-28 06,0.2983,0.1115,99.7500
2024-07-28 07,0.2957,0.3025,93.3750
2024-07-28 08,0.2842,0.4924,57.8438
2024-07-28 09,0.2588,0.6328,30.0000
2024-07-28 10,0.2595,0.7271,26.5625
2024-07-28 11,0.2512,0.7720,20.7344
2024-07-28 12,0.2627,0.7812,3.4824
2024-07-28 13,0.2930,0.7705,10.9688
2024-07-28 14,0.3105,0.7314,5.5469
2024-07-28 15,0.3208,0.6562,19.4062
2024-07-28 16,0.3359,0.5493,16.8438
2024-07-28 17,0.3882,0.3647,35.1562
2024-07-28 18,0.4333,0.1476,58.0938
2024-07-28 19,0.4666,0.0176,109.8125
2024-07-28 20,0.4541,0.0002,98.1875
2024-07-28 21,0.4360,0.0001,78.0625
2024-07-28 22,0.4133,0.0001,72.3125
2024-07-28 23,0.4099,0.0000,64.3750
2024-07-29 00,0.4092,0.0000,66.0000
2024-07-29 01,0.4143,0.0000,83.0625
2024-07-29 02,0.4258,0.0000,60.1875
2024-07-29 03,0.4333,0.0000,46.0312
2024-07-29 04,0.4333,0.0000,52.1562
2024-07-29 05,0.4670,0.0094,75.2500
2024-07-29 06,0.4487,0.0973,77.3750
2024-07-29 07,0.4014,0.2839,66.0625
2024-07-29 08,0.3818,0.4446,49.6250
2024-07-29 09,0.3960,0.5957,22.2812
2024-07-29 10,0.3652,0.6919,20.0625
2024-07-29 11,0.3635,0.7544,42.7188
2024-07-29 12,0.3574,0.7568,29.6250
2024-07-29 13,0.3491,0.7686,35.0000
2024-07-29 14,0.3430,0.7314,42.8750
2024-07-29 15,0.3625,0.6562,46.1250
2024-07-29 16,0.3716,0.5337,30.0000
2024-07-29 17,0.3740,0.3596,42.3125
2024-07-29 18,0.4099,0.1462,71.3750
2024-07-29 19,0.4443,0.0168,102.6875
2024-07-29 20,0.4529,0.0001,93.3750
2024-07-29 21,0.4341,0.0001,78.8750
2024-07-29 22,0.4316,0.0001,86.8750
2024-07-29 23,0.4290,0.0000,77.3125
2024-07-30 00,0.4238,0.0000,84.1875
2024-07-30 01,0.4033,0.0000,80.4375
2024-07-30 02,0.4011,0.0000,73.9375
2024-07-30 03,0.4326,0.0000,44.7500
2024-07-30 04,0.4268,0.0000,60.9062
2024-07-30 05,0.4263,0.0079,70.9375
2024-07-30 06,0.4470,0.0909,76.3125
2024-07-30 07,0.4199,0.2864,76.8750
2024-07-30 08,0.3948,0.4607,48.0625
2024-07-30 09,0.3716,0.6191,35.1250
2024-07-30 10,0.3250,0.7271,-2.0000
2024-07-30 11,0.3313,0.7720,-2.0000
2024-07-30 12,0.3237,0.7812,15.0547
2024-07-30 13,0.3303,0.7705,27.9375
2024-07-30 14,0.3408,0.7314,27.3594
2024-07-30 15,0.3396,0.6562,40.0625
2024-07-30 16,0.3540,0.5493,39.6250
2024-07-30 17,0.4219,0.3647,74.8750
2024-07-30 18,0.4641,0.1514,103.0000
2024-07-30 19,0.5098,0.0211,124.7500
2024-07-30 20,0.5317,0.0002,120.0625
2024-07-30 21,0.5010,0.0001,115.9375
2024-07-30 22,0.4636,0.0001,99.0000
2024-07-30 23,0.4482,0.0000,100.7500
2024-07-31 00,0.4431,0.0000,88.4375
2024-07-31 01,0.4421,0.0000,89.5000
2024-07-31 02,0.4888,0.0000,76.8125
2024-07-31 03,0.4768,0.0000,90.4375
2024-07-31 04,0.4719,0.0000,80.5625
2024-07-31 05,0.4648,0.0081,95.0000
2024-07-31 06,0.4536,0.0934,96.6250
2024-07-31 07,0.4128,0.2932,84.1875
2024-07-31 08,0.3643,0.4849,57.7188
2024-07-31 09,0.3447,0.5952,53.2500
2024-07-31 10,0.3020,0.7070,26.0000
2024-07-31 11,0.2477,0.7715,16.9219
2024-07-31 12,0.2247,0.7793,25.2188
2024-07-31 13,0.2617,0.7539,25.5625
2024-07-31 14,0.2952,0.7144,17.5781
2024-07-31 15,0.3320,0.6562,23.5000
2024-07-31 16,0.3586,0.5132,-2.0000
2024-07-31 17,0.3911,0.3589,77.7500
2024-07-31 18,0.4355,0.1410,138.0000
2024-07-31 19,0.4587,0.0181,146.8750
2024-07-31 20,0.4509,0.0002,144.3750
2024-07-31 21,0.4502,0.0001,126.5000
2024-07-31 22,0.4539,0.0001,122.6875
2024-07-31 23,0.4639,0.0000,113.5000
2024-08-01 00,0.4531,0.0000,108.3750
2024-08-01 01,0.4380,0.0000,117.5000
2024-08-01 02,0.4290,0.0000,122.5625
2024-08-01 03,0.4109,0.0001,112.6875
2024-08-01 04,0.4045,0.0000,113.4375
2024-08-01 05,0.3850,0.0016,124.5625
2024-08-01 06,0.3613,0.0595,128.2500
2024-08-01 07,0.3191,0.2462,106.6250
2024-08-01 08,0.2627,0.4424,67.0625
2024-08-01 09,0.2388,0.6035,42.0000
2024-08-01 10,0.2156,0.7153,29.0312
2024-08-01 11,0.2079,0.7490,36.5000
2024-08-01 12,0.1892,0.7632,35.0625
2024-08-01 13,0.1786,0.7231,36.5938
2024-08-01 14,0.1802,0.6802,42.7812
2024-08-01 15,0.1965,0.5850,41.8438
2024-08-01 16,0.2489,0.4434,73.1875
2024-08-01 17,0.2563,0.2705,98.5000
2024-08-01 18,0.2847,0.0764,115.6250
2024-08-01 19,0.2932,0.0040,139.5000
2024-08-01 20,0.2947,0.0001,105.3750
2024-08-01 21,0.2808,0.0000,75.0625
2024-08-01 22,0.2776,0.0000,107.1875
2024-08-01 23,0.2649,0.0000,102.1250
2024-08-02 00,0.2712,0.0000,84.2500
2024-08-02 01,0.2664,0.0000,74.7500
2024-08-02 02,0.2131,0.0000,98.0000
2024-08-02 03,0.1864,0.0000,98.8125
2024-08-02 04,0.1757,0.0000,114.2500
2024-08-02 05,0.1577,0.0012,114.0625
2024-08-02 06,0.1544,0.0529,107.6250
2024-08-02 07,0.1207,0.2184,87.6875
2024-08-02 08,0.0639,0.4341,71.1250
2024-08-02 09,0.0218,0.5806,67.7500
2024-08-02 10,0.0073,0.7065,42.5312
2024-08-02 11,0.0308,0.7637,45.9688
2024-08-02 12,0.0122,0.7778,81.7500
2024-08-02 13,0.0806,0.7646,86.8750
2024-08-02 14,0.0074,0.7246,81.2500
2024-08-02 15,0.0122,0.6157,98.1250
2024-08-02 16,0.0184,0.4690,122.4375
2024-08-02 17,0.0515,0.2944,130.7500
2024-08-02 18,0.0900,0.0870,137.5000
2024-08-02 19,0.1079,0.0053,156.5000
2024-08-02 20,0.1215,0.0002,113.8125
2024-08-02 21,0.1366,0.0000,106.5000
2024-08-02 22,0.1283,0.0000,107.8750
2024-08-02 23,0.1320,0.0000,104.0000
2024-08-03 00,0.1455,0.0000,88.0625
2024-08-03 01,0.1532,0.0000,92.0625
2024-08-03 02,0.1531,0.0000,84.3750
2024-08-03 03,0.1571,0.0000,97.1250
2024-08-03 04,0.1332,0.0000,97.4375
2024-08-03 05,0.1385,0.0014,82.0625
2024-08-03 06,0.1278,0.0568,69.6875
2024-08-03 07,0.0892,0.2382,53.5625
2024-08-03 08,0.0461,0.4719,30.8438
2024-08-03 09,0.0225,0.6177,35.5000
2024-08-03 10,0.0263,0.7119,6.0352
2024-08-03 11,0.0244,0.7476,23.5156
2024-08-03 12,0.0232,0.7773,43.4062
2024-08-03 13,0.0471,0.7500,46.4062
2024-08-03 14,0.0961,0.7271,24.1562
2024-08-03 15,0.1151,0.6421,41.7812
2024-08-03 16,0.1718,0.5073,50.6250
2024-08-03 17,0.2134,0.3147,79.8750
2024-08-03 18,0.2487,0.1138,91.0625
2024-08-03 19,0.2888,0.0083,107.0625
2024-08-03 20,0.3176,0.0003,104.1875
2024-08-03 21,0.3127,0.0001,93.4375
2024-08-03 22,0.3149,0.0001,99.5000
2024-08-03 23,0.2908,0.0000,80.9375
2024-08-04 00,0.3008,0.0000,72.5000
2024-08-04 01,0.2937,0.0000,73.6250
2024-08-04 02,0.2898,0.0000,101.2500
2024-08-04 03,0.2827,0.0000,87.1875
2024-08-04 04,0.2537,0.0000,73.8125
2024-08-04 05,0.2529,0.0013,54.0312
2024-08-04 06,0.2266,0.0575,69.8125
2024-08-04 07,0.2281,0.2463,64.6250
2024-08-04 08,0.1901,0.4719,32.4062
2024-08-04 09,0.1721,0.6255,16.5781
2024-08-04 10,0.1577,0.7290,-2.0000
2024-08-04 11,0.1552,0.7773,6.7383
2024-08-04 12,0.1714,0.7964,6.2852
2024-08-04 13,0.1968,0.7524,-0.8984
2024-08-04 14,0.2063,0.7251,2.8633
2024-08-04 15,0.2651,0.6353,-2.0000
2024-08-04 16,0.2832,0.4971,17.2500
2024-08-04 17,0.3010,0.3257,23.0938
2024-08-04 18,0.3003,0.1138,69.5625
2024-08-04 19,0.3140,0.0076,110.7500
2024-08-04 20,0.3242,0.0003,106.4375
2024-08-04 21,0.3252,0.0001,67.6875
2024-08-04 22,0.3418,0.0001,73.3750
2024-08-04 23,0.3589,0.0000,45.5938
2024-08-05 00,0.3647,0.0000,49.6875
2024-08-05 01,0.3625,0.0000,61.0625
2024-08-05 02,0.3796,0.0000,62.9688
2024-08-05 03,0.3877,0.0000,66.4375
2024-08-05 04,0.4155,0.0000,75.5000
2024-08-05 05,0.4170,0.0007,91.1875
2024-08-05 06,0.4202,0.0477,58.6250
2024-08-05 07,0.3843,0.2377,43.5625
2024-08-05 08,0.3340,0.4441,-0.9126
2024-08-05 09,0.3005,0.5693,-2.0000
2024-08-05 10,0.2812,0.6670,10.6719
2024-08-05 11,0.2266,0.7515,27.5781
2024-08-05 12,0.2375,0.7710,12.4844
2024-08-05 13,0.2416,0.7373,6.5625
2024-08-05 14,0.2397,0.7173,14.6562
2024-08-05 15,0.2472,0.6104,38.1250
2024-08-05 16,0.2338,0.4783,61.1875
2024-08-05 17,0.2603,0.2888,84.7500
2024-08-05 18,0.2732,0.0964,77.9375
2024-08-05 19,0.2910,0.0068,101.1250
2024-08-05 20,0.2903,0.0002,73.6250
2024-08-05 21,0.2754,0.0001,72.0000
2024-08-05 22,0.2822,0.0001,78.1875
2024-08-05 23,0.2971,0.0000,79.7500
2024-08-06 00,0.2805,0.0000,94.1250
2024-08-06 01,0.2920,0.0000,80.3750
2024-08-06 02,0.2893,0.0000,82.8750
2024-08-06 03,0.2886,0.0000,80.0625
2024-08-06 04,0.2463,0.0000,88.8125
2024-08-06 05,0.2407,0.0009,83.3750
2024-08-06 06,0.2235,0.0503,100.9375
2024-08-06 07,0.1788,0.2261,98.5625
2024-08-06 08,0.1399,0.4172,71.5625
2024-08-06 09,0.1138,0.5493,74.3750
2024-08-06 10,0.1011,0.6294,62.3125
2024-08-06 11,0.0914,0.6982,76.8125
2024-08-06 12,0.0857,0.7178,71.0625
2024-08-06 13,0.0954,0.6992,61.9375
2024-08-06 14,0.1023,0.6987,67.4375
2024-08-06 15,0.1061,0.5996,77.7500
2024-08-06 16,0.1081,0.4602,99.5625
2024-08-06 17,0.2065,0.2510,119.9375
2024-08-06 18,0.2415,0.0793,128.8750
2024-08-06 19,0.2629,0.0061,128.1250
2024-08-06 20,0.2603,0.0002,112.8125
2024-08-06 21,0.2466,0.0000,88.0625
2024-08-06 22,0.2153,0.0001,82.3750
2024-08-06 23,0.1963,0.0000,67.5625
2024-08-07 00,0.2084,0.0000,82.8125
2024-08-07 01,0.2019,0.0000,83.0625
2024-08-07 02,0.2000,0.0000,75.1250
2024-08-07 03,0.1812,0.0000,72.0000
2024-08-07 04,0.1595,0.0000,87.1875
2024-08-07 05,0.1532,0.0005,102.7500
2024-08-07 06,0.1085,0.0446,113.8125
2024-08-07 07,0.0742,0.1986,95.9375
2024-08-07 08,0.0507,0.3938,84.9375
2024-08-07 09,0.0288,0.5298,86.0000
2024-08-07 10,0.0165,0.6064,78.5625
2024-08-07 11,0.0082,0.6675,73.6250
2024-08-07 12,0.0137,0.6738,63.5625
2024-08-07 13,0.0552,0.6831,63.3750
2024-08-07 14,0.0248,0.6641,56.6875
2024-08-07 15,0.0465,0.5898,63.5938
2024-08-07 16,0.0678,0.4568,96.0000
2024-08-07 17,0.0942,0.2632,114.5625
2024-08-07 18,0.1560,0.0765,133.6250
2024-08-07 19,0.1722,0.0053,148.2500
2024-08-07 20,0.2053,0.0002,124.5625
2024-08-07 21,0.2050,0.0000,132.1250
2024-08-07 22,0.2407,0.0000,111.9375
2024-08-07 23,0.2622,0.0000,107.0000
2024-08-08 00,0.2776,0.0000,103.2500
2024-08-08 01,0.2791,0.0000,111.1875
2024-08-08 02,0.2834,0.0000,107.5625
2024-08-08 03,0.2876,0.0000,90.9375
2024-08-08 04,0.3123,0.0000,118.0625
2024-08-08 05,0.3521,0.0004,130.3750
2024-08-08 06,0.3391,0.0434,139.8750
2024-08-08 07,0.3083,0.2040,120.7500
2024-08-08 08,0.2732,0.3813,120.1875
2024-08-08 09,0.2366,0.5474,121.0000
2024-08-08 10,0.2411,0.6270,98.1875
2024-08-08 11,0.2457,0.6846,71.0000
2024-08-08 12,0.2458,0.6890,59.8125
2024-08-08 13,0.2413,0.6743,65.3750
2024-08-08 14,0.2286,0.6157,61.2812
2024-08-08 15,0.2235,0.5430,52.3125
2024-08-08 16,0.2499,0.4075,88.5000
2024-08-08 17,0.2791,0.2266,82.1250
2024-08-08 18,0.3120,0.0456,122.0000
2024-08-08 19,0.3186,0.0007,145.8750
2024-08-08 20,0.3135,0.0000,126.1875
2024-08-08 21,0.3352,0.0000,107.3750
2024-08-08 22,0.3164,0.0000,89.8750
2024-08-08 23,0.2683,0.0000,91.0000
2024-08-09 00,0.2737,0.0000,92.0000
2024-08-09 01,0.2822,0.0000,101.1250
2024-08-09 02,0.2795,0.0000,96.3750
2024-08-09 03,0.2917,0.0000,100.3125
2024-08-09 04,0.2888,0.0000,113.6875
2024-08-09 05,0.2932,0.0008,146.5000
2024-08-09 06,0.2854,0.0433,139.1250
2024-08-09 07,0.2460,0.1890,108.6875
2024-08-09 08,0.1727,0.3711,89.7500
2024-08-09 09,0.1453,0.5142,75.9375
2024-08-09 10,0.1069,0.5957,77.4375
2024-08-09 11,0.0948,0.6538,62.2500
2024-08-09 12,0.0923,0.6660,40.8125
2024-08-09 13,0.0847,0.6455,37.3125
2024-08-09 14,0.1050,0.6030,23.9844
2024-08-09 15,0.1311,0.5273,59.9688
2024-08-09 16,0.1447,0.4165,80.5000
2024-08-09 17,0.1631,0.2399,100.3750
2024-08-09 18,0.1891,0.0733,119.9375
2024-08-09 19,0.2197,0.0041,118.1250
2024-08-09 20,0.2245,0.0002,108.5000
2024-08-09 21,0.2255,0.0000,111.4375
2024-08-09 22,0.2189,0.0001,96.1875
2024-08-09 23,0.2164,0.0000,94.9375
2024-08-10 00,0.2184,0.0000,93.8750
2024-08-10 01,0.2360,0.0000,94.0000
2024-08-10 02,0.2627,0.0000,73.6250
2024-08-10 03,0.2627,0.0000,66.8125
2024-08-10 04,0.2291,0.0000,81.4375
2024-08-10 05,0.1941,0.0006,101.3750
2024-08-10 06,0.1554,0.0364,117.3750
2024-08-10 07,0.1177,0.1876,103.1875
2024-08-10 08,0.0393,0.3572,97.1250
2024-08-10 09,0.0008,0.5337,80.6875
2024-08-10 10,0.0053,0.6543,28.0938
2024-08-10 11,0.0515,0.7236,29.5938
2024-08-10 12,0.0286,0.7280,28.0000
2024-08-10 13,0.0036,0.7271,42.5000
2024-08-10 14,0.0341,0.6855,43.8438
2024-08-10 15,0.0231,0.6079,74.4375
2024-08-10 16,0.0135,0.4827,89.0000
2024-08-10 17,0.0268,0.2925,109.1250
2024-08-10 18,0.0456,0.1017,128.8750
2024-08-10 19,0.0627,0.0090,127.2500
2024-08-10 20,0.0721,0.0003,116.8750
2024-08-10 21,0.0782,0.0001,120.0625
2024-08-10 22,0.0880,0.0001,114.0000
2024-08-10 23,0.0842,0.0000,98.0625
2024-08-11 00,0.0842,0.0000,97.1875
2024-08-11 01,0.0834,0.0000,106.8125
2024-08-11 02,0.0820,0.0000,114.6250
2024-08-11 03,0.0818,0.0001,123.8750
2024-08-11 04,0.0812,0.0000,103.6250
2024-08-11 05,0.0821,0.0014,111.0000
2024-08-11 06,0.0713,0.0505,93.0000
2024-08-11 07,0.0719,0.2063,69.4375
2024-08-11 08,0.0502,0.3730,61.0625
2024-08-11 09,0.0206,0.5479,54.1250
2024-08-11 10,0.0051,0.6494,43.5625
2024-08-11 11,0.0022,0.6934,31.3438
2024-08-11 12,0.0082,0.7070,24.0938
2024-08-11 13,0.0311,0.6841,22.5000
2024-08-11 14,0.0498,0.6270,13.7031
2024-08-11 15,0.0649,0.5698,32.8438
2024-08-11 16,0.0995,0.4490,54.7188
2024-08-11 17,0.1307,0.2605,66.7500
2024-08-11 18,0.1699,0.0801,82.3750
2024-08-11 19,0.1875,0.0044,89.5000
2024-08-11 20,0.1920,0.0001,75.8750
2024-08-11 21,0.1982,0.0000,85.7500
2024-08-11 22,0.2173,0.0001,81.6250
2024-08-11 23,0.1956,0.0000,81.5000
2024-08-12 00,0.2224,0.0000,84.8125
2024-08-12 01,0.2169,0.0000,78.0000
2024-08-12 02,0.2075,0.0000,61.3750
2024-08-12 03,0.1960,0.0000,86.7500
2024-08-12 04,0.1866,0.0000,99.1875
2024-08-12 05,0.1788,0.0013,102.5000
2024-08-12 06,0.2061,0.0511,99.6250
2024-08-12 07,0.1899,0.2183,73.6250
2024-08-12 08,0.1779,0.4189,71.3125
2024-08-12 09,0.1492,0.5864,50.0625
2024-08-12 10,0.1254,0.6890,32.3125
2024-08-12 11,0.1450,0.7598,-2.0000
2024-08-12 12,0.1588,0.7495,-2.0000
2024-08-12 13,0.1696,0.7051,6.9531
2024-08-12 14,0.1677,0.6768,28.3906
2024-08-12 15,0.1670,0.6084,49.9688
2024-08-12 16,0.1885,0.4609,54.0938
2024-08-12 17,0.2068,0.2722,71.3750
2024-08-12 18,0.2385,0.0742,82.0000
2024-08-12 19,0.2334,0.0037,110.4375
2024-08-12 20,0.2211,0.0001,93.3750
2024-08-12 21,0.1663,0.0000,105.1875
2024-08-12 22,0.1331,0.0001,105.3125
2024-08-12 23,0.1400,0.0000,117.8125
2024-08-13 00,0.1273,0.0000,92.6250
2024-08-13 01,0.0980,0.0000,83.3750
2024-08-13 02,0.0939,0.0000,85.0000
2024-08-13 03,0.0816,0.0000,95.0000
2024-08-13 04,0.0825,0.0000,88.0625
2024-08-13 05,0.1027,0.0012,115.5625
2024-08-13 06,0.1055,0.0501,118.8750
2024-08-13 07,0.0877,0.2281,110.3125
2024-08-13 08,0.0369,0.4453,95.7500
2024-08-13 09,0.0088,0.6182,70.0625
2024-08-13 10,0.0030,0.7144,74.0000
2024-08-13 11,0.0064,0.7642,72.9375
2024-08-13 12,0.0603,0.7681,60.6250
2024-08-13 13,0.0036,0.7461,73.8125
2024-08-13 14,0.0218,0.7173,38.9688
2024-08-13 15,0.0413,0.6445,52.3438
2024-08-13 16,0.0815,0.5142,77.1250
2024-08-13 17,0.1108,0.3257,105.1250
2024-08-13 18,0.1538,0.0952,126.6250
2024-08-13 19,0.1769,0.0056,138.2500
2024-08-13 20,0.1978,0.0002,124.9375
2024-08-13 21,0.2025,0.0001,118.0625
2024-08-13 22,0.2145,0.0001,103.6250
2024-08-13 23,0.2152,0.0000,85.1250
2024-08-14 00,0.2166,0.0000,74.6875
2024-08-14 01,0.2343,0.0000,72.6875
2024-08-14 02,0.2352,0.0000,95.5000
2024-08-14 03,0.2388,0.0000,115.8125
2024-08-14 04,0.2205,0.0000,118.0000
2024-08-14 05,0.2166,0.0007,142.3750
2024-08-14 06,0.2040,0.0560,130.8750
2024-08-14 07,0.1283,0.2529,124.5000
2024-08-14 08,0.0874,0.4661,105.6875
2024-08-14 09,0.0261,0.6084,99.5000
2024-08-14 10,0.0344,0.7153,89.6250
2024-08-14 11,0.0024,0.7510,85.5000
2024-08-14 12,0.0018,0.7573,66.8750
2024-08-14 13,0.0280,0.7197,50.5625
2024-08-14 14,0.0575,0.6914,57.3438
2024-08-14 15,0.0682,0.6108,67.4375
2024-08-14 16,0.0850,0.4722,96.9375
2024-08-14 17,0.0939,0.2703,114.6250
2024-08-14 18,0.0998,0.0745,136.1250
2024-08-14 19,0.1147,0.0032,147.3750
2024-08-14 20,0.1187,0.0002,151.0000
2024-08-14 21,0.1256,0.0001,130.6250
2024-08-14 22,0.1304,0.0001,146.0000
2024-08-14 23,0.1288,0.0000,136.3750
2024-08-15 00,0.1366,0.0000,93.5625
2024-08-15 01,0.1613,0.0000,76.6875
2024-08-15 02,0.1382,0.0000,92.8125
2024-08-15 03,0.1353,0.0000,100.2500
2024-08-15 04,0.1327,0.0000,110.8125
2024-08-15 05,0.1226,0.0017,114.8750
2024-08-15 06,0.1232,0.0659,112.6250
2024-08-15 07,0.0978,0.2654,108.2500
2024-08-15 08,0.0745,0.4719,82.4375
2024-08-15 09,0.0518,0.6001,61.1875
2024-08-15 10,0.0436,0.6753,62.3750
2024-08-15 11,0.0570,0.7007,44.9062
2024-08-15 12,0.0656,0.7007,41.2500
2024-08-15 13,0.0826,0.6616,41.7500
2024-08-15 14,0.0894,0.6470,49.1875
2024-08-15 15,0.1227,0.5781,55.9688
2024-08-15 16,0.1582,0.4277,80.0625
2024-08-15 17,0.1779,0.2223,87.9375
2024-08-15 18,0.2028,0.0471,105.6250
2024-08-15 19,0.2078,0.0014,124.3125
2024-08-15 20,0.1962,0.0001,135.3750
2024-08-15 21,0.1942,0.0000,129.7500
2024-08-15 22,0.1871,0.0001,131.8750
2024-08-15 23,0.1946,0.0000,117.5625
2024-08-16 00,0.2054,0.0000,102.0000
2024-08-16 01,0.2244,0.0000,110.1875
2024-08-16 02,0.2478,0.0000,91.6250
2024-08-16 03,0.2073,0.0000,58.9375
2024-08-16 04,0.1954,0.0000,90.6875
2024-08-16 05,0.1893,0.0012,98.8125
2024-08-16 06,0.1924,0.0520,111.7500
2024-08-16 07,0.1344,0.2152,88.3125
2024-08-16 08,0.0894,0.4116,81.1250
2024-08-16 09,0.0517,0.5449,54.3750
2024-08-16 10,0.0327,0.6494,51.5625
2024-08-16 11,0.0356,0.6724,70.8750
2024-08-16 12,0.0546,0.6655,76.2500
2024-08-16 13,0.0682,0.6279,60.3125
2024-08-16 14,0.0742,0.6050,49.7500
2024-08-16 15,0.0747,0.5273,70.6250
2024-08-16 16,0.1138,0.3916,52.5938
2024-08-16 17,0.1534,0.1912,95.6250
2024-08-16 18,0.1700,0.0370,113.5000
2024-08-16 19,0.2014,0.0001,127.2500
2024-08-16 20,0.1936,0.0001,122.0625
2024-08-16 21,0.1918,0.0000,137.0000
2024-08-16 22,0.1831,0.0001,113.1250
2024-08-16 23,0.1815,0.0000,108.5625
2024-08-17 00,0.1960,0.0000,100.1875
2024-08-17 01,0.1913,0.0000,96.9375
2024-08-17 02,0.1852,0.0000,65.3125
2024-08-17 03,0.2189,0.0001,29.0469
2024-08-17 04,0.2249,0.0000,58.9375
2024-08-17 05,0.2260,0.0016,58.2812
2024-08-17 06,0.2222,0.0588,50.8750
2024-08-17 07,0.1989,0.2228,35.6250
2024-08-17 08,0.1738,0.4138,49.3125
2024-08-17 09,0.1545,0.5542,32.7188
2024-08-17 10,0.1113,0.6465,40.1250
2024-08-17 11,0.1150,0.6851,40.2812
2024-08-17 12,0.1180,0.7046,46.4688
2024-08-17 13,0.1559,0.6895,40.9375
2024-08-17 14,0.1632,0.6768,11.6250
2024-08-17 15,0.1793,0.5625,21.1719
2024-08-17 16,0.1926,0.4155,34.3125
2024-08-17 17,0.2124,0.2369,47.1875
2024-08-17 18,0.2172,0.0655,80.6875
2024-08-17 19,0.2249,0.0030,111.3750
2024-08-17 20,0.1975,0.0002,120.5625
2024-08-17 21,0.1957,0.0000,121.3125
2024-08-17 22,0.2201,0.0001,103.3125
2024-08-17 23,0.2070,0.0000,98.4375
2024-08-18 00,0.2061,0.0000,85.9375
2024-08-18 01,0.2137,0.0000,83.0000
2024-08-18 02,0.2146,0.0000,48.3438
2024-08-18 03,0.2184,0.0000,48.3125
2024-08-18 04,0.1913,0.0000,59.7812
2024-08-18 05,0.1709,0.0012,41.6250
2024-08-18 06,0.1528,0.0540,53.7812
2024-08-18 07,0.1248,0.2267,44.0938
2024-08-18 08,0.0906,0.4214,22.7969
2024-08-18 09,0.0579,0.5923,8.3438
2024-08-18 10,0.0191,0.7183,33.9062
2024-08-18 11,0.0329,0.7319,35.5312
2024-08-18 12,0.0401,0.7271,28.9531
2024-08-18 13,0.0657,0.7231,29.3125
2024-08-18 14,0.0959,0.6924,16.8438
2024-08-18 15,0.1259,0.5972,28.5625
2024-08-18 16,0.1660,0.4592,46.2188
2024-08-18 17,0.1965,0.2634,58.3750
2024-08-18 18,0.2098,0.0861,94.9375
2024-08-18 19,0.2362,0.0067,111.7500
2024-08-18 20,0.2480,0.0003,123.6875
2024-08-18 21,0.2100,0.0001,85.6250
2024-08-18 22,0.2493,0.0001,70.2500
2024-08-18 23,0.2520,0.0000,85.0625
2024-08-19 00,0.2590,0.0000,36.9062
2024-08-19 01,0.2747,0.0000,30.2812
2024-08-19 02,0.2793,0.0000,24.7656
2024-08-19 03,0.2876,0.0000,29.5156
2024-08-19 04,0.3059,0.0000,23.2812
2024-08-19 05,0.3225,0.0015,40.1875
2024-08-19 06,0.3379,0.0622,44.7188
2024-08-19 07,0.3462,0.2191,32.0625
2024-08-19 08,0.3325,0.4016,48.5625
2024-08-19 09,0.3135,0.5601,27.0312
2024-08-19 10,0.3018,0.6543,20.5938
2024-08-19 11,0.2959,0.6567,40.0000
2024-08-19 12,0.2900,0.6548,45.2500
2024-08-19 13,0.2739,0.6704,47.4688
2024-08-19 14,0.2639,0.6445,50.3125
2024-08-19 15,0.2883,0.5420,57.4375
2024-08-19 16,0.3083,0.4314,76.0000
2024-08-19 17,0.3691,0.2390,91.8750
2024-08-19 18,0.4128,0.0646,105.4375
2024-08-19 19,0.4136,0.0034,101.3125
2024-08-19 20,0.3994,0.0001,91.0625
2024-08-19 21,0.4077,0.0000,61.7188
2024-08-19 22,0.4253,0.0001,88.5000
2024-08-19 23,0.4165,0.0000,99.8750
2024-08-20 00,0.4092,0.0000,74.7500
2024-08-20 01,0.4075,0.0000,99.8125
2024-08-20 02,0.3928,0.0000,106.2500
2024-08-20 03,0.3813,0.0000,172.5000
2024-08-20 04,0.3796,0.0000,170.2500
2024-08-20 05,0.3721,0.0002,182.5000
2024-08-20 06,0.3308,0.0344,184.0000
2024-08-20 07,0.3225,0.1632,176.2500
2024-08-20 08,0.2903,0.3735,152.6250
2024-08-20 09,0.2581,0.5371,63.0625
2024-08-20 10,0.2101,0.6606,69.3125
2024-08-20 11,0.2078,0.6748,57.5625
2024-08-20 12,0.2080,0.6597,76.1875
2024-08-20 13,0.2078,0.6821,-2.0000
2024-08-20 14,0.1743,0.6621,62.7500
2024-08-20 15,0.2217,0.5674,83.4375
2024-08-20 16,0.2856,0.4565,75.6250
2024-08-20 17,0.3313,0.2844,98.1250
2024-08-20 18,0.3682,0.0889,126.3750
2024-08-20 19,0.3762,0.0068,141.5000
2024-08-20 20,0.3560,0.0002,125.6250
2024-08-20 21,0.3555,0.0001,133.1250
2024-08-20 22,0.3247,0.0001,137.5000
2024-08-20 23,0.3284,0.0000,126.5625
2024-08-21 00,0.3345,0.0000,99.0625
2024-08-21 01,0.3628,0.0000,109.8750
2024-08-21 02,0.3562,0.0000,85.6250
2024-08-21 03,0.3921,0.0000,90.7500
2024-08-21 04,0.3408,0.0000,118.0000
2024-08-21 05,0.3274,0.0007,116.0625
2024-08-21 06,0.3164,0.0434,118.3750
2024-08-21 07,0.2788,0.1896,111.9375
2024-08-21 08,0.2063,0.4036,68.9375
2024-08-21 09,0.1918,0.5449,60.9062
2024-08-21 10,0.2012,0.6592,40.4062
2024-08-21 11,0.2043,0.6958,52.3750
2024-08-21 12,0.2264,0.6953,29.3750
2024-08-21 13,0.2267,0.7002,36.8438
2024-08-21 14,0.2229,0.6709,46.8125
2024-08-21 15,0.2424,0.5767,57.9062
2024-08-21 16,0.2761,0.4580,74.0000
2024-08-21 17,0.3066,0.2759,87.1875
2024-08-21 18,0.3826,0.0887,120.4375
2024-08-21 19,0.3862,0.0077,142.7500
2024-08-21 20,0.3735,0.0003,140.7500
2024-08-21 21,0.3662,0.0001,134.2500
2024-08-21 22,0.3616,0.0001,119.0625
2024-08-21 23,0.3018,0.0000,114.3125
2024-08-22 00,0.3044,0.0000,106.5625
2024-08-22 01,0.3057,0.0000,116.5625
2024-08-22 02,0.3501,0.0000,92.0000
2024-08-22 03,0.3508,0.0000,73.0000
2024-08-22 04,0.3506,0.0000,113.0625
2024-08-22 05,0.3599,0.0004,122.9375
2024-08-22 06,0.3330,0.0471,127.6875
2024-08-22 07,0.2866,0.2153,19.8594
2024-08-22 08,0.2404,0.4402,16.7344
2024-08-22 09,0.1707,0.5835,0.9263
2024-08-22 10,0.1464,0.6836,90.1250
2024-08-22 11,0.1421,0.7397,76.1875
2024-08-22 12,0.1460,0.7476,57.8125
2024-08-22 13,0.1630,0.7495,54.6875
2024-08-22 14,0.1902,0.6948,55.6875
2024-08-22 15,0.2103,0.6021,44.7500
2024-08-22 16,0.2166,0.4756,75.8125
2024-08-22 17,0.2888,0.2842,99.1875
2024-08-22 18,0.3159,0.0759,133.8750
2024-08-22 19,0.3440,0.0062,145.0000
2024-08-22 20,0.3525,0.0003,151.7500
2024-08-22 21,0.3467,0.0001,132.8750
2024-08-22 22,0.3264,0.0001,147.7500
2024-08-22 23,0.3137,0.0000,155.8750
2024-08-23 00,0.2974,0.0000,124.0625
2024-08-23 01,0.3003,0.0000,112.8125
2024-08-23 02,0.2808,0.0000,104.1250
2024-08-23 03,0.2312,0.0000,89.4375
2024-08-23 04,0.2404,0.0000,102.0000
2024-08-23 05,0.2286,0.0005,112.7500
2024-08-23 06,0.2053,0.0420,136.6250
2024-08-23 07,0.1718,0.1752,112.0625
2024-08-23 08,0.0908,0.3894,86.3125
2024-08-23 09,0.0587,0.5400,72.4375
2024-08-23 10,0.0280,0.6450,72.4375
2024-08-23 11,0.0007,0.7290,64.9375
2024-08-23 12,0.0215,0.7280,69.9375
2024-08-23 13,0.0339,0.7065,59.1562
2024-08-23 14,0.0463,0.6719,59.7812
2024-08-23 15,0.0673,0.5854,64.5625
2024-08-23 16,0.1144,0.4651,103.5000
2024-08-23 17,0.1453,0.2717,150.6250
2024-08-23 18,0.1967,0.0679,70.2500
2024-08-23 19,0.2629,0.0033,69.3750
2024-08-23 20,0.2661,0.0001,42.2500
2024-08-23 21,0.2778,0.0000,14.9531
2024-08-23 22,0.2805,0.0001,99.8750
2024-08-23 23,0.2800,0.0000,96.6875
2024-08-24 00,0.2847,0.0000,80.1875
2024-08-24 01,0.2678,0.0000,87.5625
2024-08-24 02,0.2455,0.0000,85.0625
2024-08-24 03,0.2416,0.0001,87.5625
2024-08-24 04,0.2396,0.0000,58.7812
2024-08-24 05,0.2769,0.0009,62.1250
2024-08-24 06,0.2725,0.0455,52.2812
2024-08-24 07,0.2827,0.1921,44.5938
2024-08-24 08,0.2568,0.3765,39.6875
2024-08-24 09,0.2157,0.5312,37.3125
2024-08-24 10,0.1742,0.6255,38.0312
2024-08-24 11,0.1635,0.6836,46.5938
2024-08-24 12,0.1609,0.6851,38.5938
2024-08-24 13,0.1517,0.6689,47.4375
2024-08-24 14,0.1580,0.6396,32.9375
2024-08-24 15,0.1647,0.5693,39.4062
2024-08-24 16,0.1704,0.4639,65.5625
2024-08-24 17,0.1725,0.2898,92.6875
2024-08-24 18,0.2076,0.0821,115.0000
2024-08-24 19,0.2351,0.0055,124.8125
2024-08-24 20,0.2460,0.0002,119.5000
2024-08-24 21,0.2708,0.0001,102.7500
2024-08-24 22,0.2622,0.0001,92.6875
2024-08-24 23,0.2325,0.0000,109.3750
2024-08-25 00,0.2255,0.0000,124.8125
2024-08-25 01,0.2142,0.0000,128.6250
2024-08-25 02,0.2234,0.0000,116.1250
2024-08-25 03,0.2341,0.0000,112.3750
2024-08-25 04,0.2378,0.0000,96.5625
2024-08-25 05,0.2507,0.0009,97.6250
2024-08-25 06,0.2430,0.0475,114.7500
2024-08-25 07,0.2231,0.2012,102.5000
2024-08-25 08,0.1931,0.3760,80.6250
2024-08-25 09,0.1694,0.5098,-2.0000
2024-08-25 10,0.1309,0.6143,74.3125
2024-08-25 11,0.1079,0.6714,66.3750
2024-08-25 12,0.1066,0.6733,74.1875
2024-08-25 13,0.0976,0.6509,68.3125
2024-08-25 14,0.1268,0.6196,80.6250
2024-08-25 15,0.1382,0.5259,91.9375
2024-08-25 16,0.1346,0.4385,98.5625
2024-08-25 17,0.1761,0.2661,117.8750
2024-08-25 18,0.2150,0.0845,150.5000
2024-08-25 19,0.2469,0.0060,160.7500
2024-08-25 20,0.2607,0.0002,157.7500
2024-08-25 21,0.3132,0.0001,133.2500
2024-08-25 22,0.3533,0.0001,109.6875
2024-08-25 23,0.3857,0.0000,108.2500
2024-08-26 00,0.3904,0.0000,133.7500
2024-08-26 01,0.4246,0.0000,112.8125
2024-08-26 02,0.4509,0.0000,111.5625
2024-08-26 03,0.4248,0.0001,126.0000
2024-08-26 04,0.4275,0.0000,122.0000
2024-08-26 05,0.4263,0.0017,124.8125
2024-08-26 06,0.4045,0.0626,115.0625
2024-08-26 07,0.3667,0.2463,114.8750
2024-08-26 08,0.2834,0.4429,128.8750
2024-08-26 09,0.2551,0.5874,115.3125
2024-08-26 10,0.2227,0.6865,106.4375
2024-08-26 11,0.2242,0.7173,95.5000
2024-08-26 12,0.2285,0.7129,97.8125
2024-08-26 13,0.1744,0.6924,119.3125
2024-08-26 14,0.1733,0.6396,108.6875
2024-08-26 15,0.1892,0.5522,102.5625
2024-08-26 16,0.1884,0.4446,134.7500
2024-08-26 17,0.2467,0.2788,143.7500
2024-08-26 18,0.2795,0.0809,182.5000
2024-08-26 19,0.3062,0.0055,205.0000
2024-08-26 20,0.3206,0.0002,173.7500
2024-08-26 21,0.3750,0.0001,147.7500
2024-08-26 22,0.3633,0.0001,115.6875
2024-08-26 23,0.3657,0.0000,110.0000
2024-08-27 00,0.3931,0.0000,109.9375
2024-08-27 01,0.3867,0.0000,101.6250
2024-08-27 02,0.3176,0.0000,99.4375
2024-08-27 03,0.2668,0.0001,112.0625
2024-08-27 04,0.2512,0.0000,116.3125
2024-08-27 05,0.2441,0.0019,146.6250
2024-08-27 06,0.2301,0.0593,149.5000
2024-08-27 07,0.1926,0.2361,137.1250
2024-08-27 08,0.1675,0.4546,125.0625
2024-08-27 09,0.1376,0.6138,99.8750
2024-08-27 10,0.1556,0.7095,107.0625
2024-08-27 11,0.1625,0.7749,94.4375
2024-08-27 12,0.1475,0.7832,88.8125
2024-08-27 13,0.1831,0.7661,86.7500
2024-08-27 14,0.1857,0.7129,78.5625
2024-08-27 15,0.1853,0.6230,91.5625
2024-08-27 16,0.2061,0.4998,122.1250
2024-08-27 17,0.2389,0.2974,138.5000
2024-08-27 18,0.3125,0.0925,170.7500
2024-08-27 19,0.3525,0.0067,166.5000
2024-08-27 20,0.3760,0.0002,147.1250
2024-08-27 21,0.3679,0.0001,150.2500
2024-08-27 22,0.3477,0.0001,139.8750
2024-08-27 23,0.3352,0.0000,138.1250
2024-08-28 00,0.3167,0.0000,112.5625
2024-08-28 01,0.2754,0.0000,95.1875
2024-08-28 02,0.2681,0.0000,86.5625
2024-08-28 03,0.2507,0.0000,73.0000
2024-08-28 04,0.2488,0.0000,95.8125
2024-08-28 05,0.2329,0.0009,100.1875
2024-08-28 06,0.2308,0.0461,128.8750
2024-08-28 07,0.2002,0.2153,106.4375
2024-08-28 08,0.1525,0.4370,91.6250
2024-08-28 09,0.0912,0.5918,99.6875
2024-08-28 10,0.0855,0.6758,89.2500
2024-08-28 11,0.0710,0.7285,62.5625
2024-08-28 12,0.0760,0.7256,60.4062
2024-08-28 13,0.0811,0.7358,81.1875
2024-08-28 14,0.1021,0.6978,79.8750
2024-08-28 15,0.1405,0.6025,-2.0000
2024-08-28 16,0.1614,0.4714,10.0703
2024-08-28 17,0.1969,0.2598,146.5000
2024-08-28 18,0.2212,0.0588,171.5000
2024-08-28 19,0.2400,0.0020,159.8750
2024-08-28 20,0.2153,0.0001,162.7500
2024-08-28 21,0.2203,0.0000,147.8750
2024-08-28 22,0.2788,0.0001,139.0000
2024-08-28 23,0.2961,0.0000,132.5000
2024-08-29 00,0.2820,0.0000,125.0625
2024-08-29 01,0.2798,0.0000,100.8750
2024-08-29 02,0.2759,0.0000,79.0000
2024-08-29 03,0.2734,0.0000,73.1250
2024-08-29 04,0.2688,0.0000,82.4375
2024-08-29 05,0.2676,0.0012,93.2500
2024-08-29 06,0.2627,0.0500,98.8125
2024-08-29 07,0.2361,0.2090,92.8125
2024-08-29 08,0.2043,0.4236,75.1250
2024-08-29 09,0.1849,0.5518,86.3125
2024-08-29 10,0.1458,0.6602,75.3750
2024-08-29 11,0.1576,0.6938,67.4375
2024-08-29 12,0.1224,0.6797,80.0625
2024-08-29 13,0.1245,0.6670,114.5625
2024-08-29 14,0.1071,0.6470,88.8125
2024-08-29 15,0.1039,0.5732,82.4375
2024-08-29 16,0.1189,0.4443,117.3125
2024-08-29 17,0.1301,0.2571,139.1250
2024-08-29 18,0.1567,0.0490,146.2500
2024-08-29 19,0.1572,0.0008,150.2500
2024-08-29 20,0.1478,0.0001,135.1250
2024-08-29 21,0.0972,0.0000,135.2500
2024-08-29 22,0.0947,0.0000,124.6875
2024-08-29 23,0.0843,0.0000,119.0000
2024-08-30 00,0.0822,0.0000,126.5625
2024-08-30 01,0.0809,0.0000,132.5000
2024-08-30 02,0.0785,0.0000,113.6250
2024-08-30 03,0.0760,0.0000,123.4375
2024-08-30 04,0.0648,0.0000,140.7500
2024-08-30 05,0.0608,0.0012,143.1250
2024-08-30 06,0.0513,0.0559,148.5000
2024-08-30 07,0.0037,0.2411,124.1875
2024-08-30 08,0.0790,0.4412,78.0625
2024-08-30 09,0.0151,0.5835,97.0000
2024-08-30 10,0.0164,0.6963,80.4375
2024-08-30 11,0.0402,0.7544,78.0000
2024-08-30 12,0.0370,0.7686,79.6875
2024-08-30 13,0.0323,0.7700,77.3125
2024-08-30 14,0.0226,0.7256,75.3750
2024-08-30 15,0.0075,0.6348,102.8125
2024-08-30 16,0.0303,0.4912,114.8125
2024-08-30 17,0.0238,0.3010,152.7500
2024-08-30 18,0.0634,0.0760,192.3750
2024-08-30 19,0.0816,0.0040,201.0000
2024-08-30 20,0.0912,0.0002,189.8750
2024-08-30 21,0.1024,0.0000,173.5000
2024-08-30 22,0.1055,0.0001,155.2500
2024-08-30 23,0.1050,0.0000,150.7500
2024-08-31 00,0.0941,0.0000,134.8750
2024-08-31 01,0.1106,0.0000,150.2500
2024-08-31 02,0.1305,0.0000,133.3750
2024-08-31 03,0.1315,0.0000,141.1250
2024-08-31 04,0.1393,0.0000,138.5000
2024-08-31 05,0.1359,0.0010,134.1250
2024-08-31 06,0.1292,0.0443,141.8750
2024-08-31 07,0.0937,0.2189,106.1250
2024-08-31 08,0.0693,0.4077,110.1875
2024-08-31 09,0.0366,0.5220,98.2500
2024-08-31 10,0.0354,0.6025,90.5625
2024-08-31 11,0.0297,0.6821,79.1875
2024-08-31 12,0.0452,0.6807,68.3750
2024-08-31 13,0.0889,0.6797,56.6875
2024-08-31 14,0.1048,0.6489,57.6875
2024-08-31 15,0.1532,0.5605,80.2500
2024-08-31 16,0.1821,0.4341,111.1875
2024-08-31 17,0.2075,0.2664,132.5000
2024-08-31 18,0.2402,0.0714,180.3750
2024-08-31 19,0.2781,0.0039,179.6250
2024-08-31 20,0.3340,0.0001,166.0000
2024-08-31 21,0.3547,0.0000,167.7500
2024-08-31 22,0.3584,0.0001,175.3750
2024-08-31 23,0.3401,0.0000,176.2500
2024-09-01 00,0.4299,0.0000,140.5000
2024-09-01 01,0.4153,0.0000,135.3750
2024-09-01 02,0.4236,0.0000,139.6250
2024-09-01 03,0.4319,0.0000,135.6250
2024-09-01 04,0.4351,0.0000,147.6250
2024-09-01 05,0.4609,0.0000,152.0000
2024-09-01 06,0.5254,0.0129,128.6250
2024-09-01 07,0.5273,0.1476,100.1250
2024-09-01 08,0.5142,0.3145,79.5625
2024-09-01 09,0.5210,0.4250,60.0312
2024-09-01 10,0.5840,0.5029,-2.0000
2024-09-01 11,0.5879,0.5684,-2.0000
2024-09-01 12,0.5737,0.5181,37.5000
2024-09-01 13,0.5879,0.5410,23.6562
2024-09-01 14,0.5376,0.5791,25.3594
2024-09-01 15,0.5098,0.4446,40.5000
2024-09-01 16,0.5283,0.3018,73.2500
2024-09-01 17,0.5337,0.1109,75.6250
2024-09-01 18,0.5312,0.0048,118.1250
2024-09-01 19,0.6025,0.0000,119.6250
2024-09-01 20,0.6299,0.0001,105.6250
2024-09-01 21,0.6484,0.0000,101.1875
2024-09-01 22,0.5825,0.0001,109.6250
2024-09-01 23,0.5571,0.0000,104.7500
2024-09-02 00,0.5396,0.0000,89.1250
2024-09-02 01,0.5352,0.0000,98.8125
2024-09-02 02,0.5161,0.0000,112.9375
2024-09-02 03,0.5137,0.0000,106.0625
2024-09-02 04,0.4917,0.0000,93.8750
2024-09-02 05,0.3757,0.0001,104.3750
2024-09-02 06,0.3655,0.0192,124.8750
2024-09-02 07,0.3467,0.1589,101.1875
2024-09-02 08,0.3057,0.3069,152.5000
2024-09-02 09,0.2520,0.4705,134.0000
2024-09-02 10,0.2021,0.6299,126.8750
2024-09-02 11,0.1282,0.6978,128.0000
2024-09-02 12,0.1619,0.6030,141.0000
2024-09-02 13,0.1902,0.5820,146.7500
2024-09-02 14,0.2333,0.5547,132.2500
2024-09-02 15,0.2632,0.4238,138.7500
2024-09-02 16,0.2805,0.3372,150.1250
2024-09-02 17,0.3169,0.1343,191.7500
2024-09-02 18,0.3591,0.0133,195.0000
2024-09-02 19,0.3760,0.0001,169.3750
2024-09-02 20,0.3687,0.0001,155.8750
2024-09-02 21,0.3674,0.0000,136.5000
2024-09-02 22,0.3479,0.0000,144.1250
2024-09-02 23,0.3416,0.0000,135.1250
2024-09-03 00,0.3738,0.0000,130.3750
2024-09-03 01,0.3354,0.0000,137.1250
2024-09-03 02,0.3171,0.0000,123.8125
2024-09-03 03,0.3103,0.0000,111.5000
2024-09-03 04,0.3271,0.0000,92.5625
2024-09-03 05,0.2859,0.0001,125.8750
2024-09-03 06,0.2025,0.0209,153.3750
2024-09-03 07,0.1709,0.1577,110.2500
2024-09-03 08,0.1672,0.3279,81.0000
2024-09-03 09,0.1270,0.4988,59.8438
2024-09-03 10,0.1132,0.5864,56.5938
2024-09-03 11,0.0933,0.6504,47.4688
2024-09-03 12,0.1121,0.6284,55.5625
2024-09-03 13,0.1093,0.5947,63.4688
2024-09-03 14,0.1119,0.5801,83.1875
2024-09-03 15,0.2566,0.4265,79.6250
2024-09-03 16,0.2720,0.2998,84.1250
2024-09-03 17,0.2942,0.1103,112.5000
2024-09-03 18,0.2759,0.0031,145.6250
2024-09-03 19,0.2429,0.0000,160.8750
2024-09-03 20,0.2766,0.0000,148.8750
2024-09-03 21,0.2744,0.0000,154.3750
2024-09-03 22,0.2627,0.0000,152.6250
2024-09-03 23,0.2532,0.0000,147.5000
2024-09-04 00,0.2510,0.0000,145.7500
2024-09-04 01,0.2485,0.0000,128.8750
2024-09-04 02,0.2678,0.0000,112.9375
2024-09-04 03,0.2771,0.0000,81.1250
2024-09-04 04,0.2751,0.0000,87.3125
2024-09-04 05,0.2805,0.0000,93.6250
2024-09-04 06,0.2791,0.0186,106.6875
2024-09-04 07,0.2590,0.1475,91.6250
2024-09-04 08,0.2458,0.2878,85.5625
2024-09-04 09,0.2056,0.3772,69.1250
2024-09-04 10,0.1855,0.5156,43.7188
2024-09-04 11,0.1868,0.5513,58.5625
2024-09-04 12,0.2062,0.5762,65.8750
2024-09-04 13,0.2859,0.5913,73.8125
2024-09-04 14,0.2866,0.5537,76.8125
2024-09-04 15,0.3174,0.4170,90.2500
2024-09-04 16,0.3735,0.3203,102.1875
2024-09-04 17,0.4373,0.1231,118.6875
2024-09-04 18,0.4460,0.0103,159.3750
2024-09-04 19,0.4536,0.0000,142.0000
2024-09-04 20,0.4617,0.0000,122.8750
2024-09-04 21,0.4700,0.0000,130.1250
2024-09-04 22,0.4741,0.0000,117.9375
2024-09-04 23,0.4795,0.0000,104.1875
2024-09-05 00,0.5024,0.0000,103.1875
2024-09-05 01,0.5161,0.0000,91.3125
2024-09-05 02,0.5317,0.0000,101.9375
2024-09-05 03,0.5498,0.0000,99.5625
2024-09-05 04,0.5688,0.0000,89.6875
2024-09-05 05,0.6147,0.0000,88.8750
2024-09-05 06,0.6152,0.0091,105.9375
2024-09-05 07,0.5781,0.0939,-2.0000
2024-09-05 08,0.5322,0.1953,-1.6611
2024-09-05 09,0.5112,0.2507,56.2500
2024-09-05 10,0.4792,0.3557,49.1875
2024-09-05 11,0.4578,0.3655,61.2812
2024-09-05 12,0.4402,0.4478,55.6250
2024-09-05 13,0.5093,0.4761,42.1562
2024-09-05 14,0.4585,0.4836,38.2812
2024-09-05 15,0.4685,0.4089,61.7812
2024-09-05 16,0.5581,0.2532,87.1250
2024-09-05 17,0.5815,0.0958,95.5625
2024-09-05 18,0.5811,0.0118,103.5000
2024-09-05 19,0.5024,0.0000,136.0000
2024-09-05 20,0.4985,0.0001,104.8125
2024-09-05 21,0.4429,0.0000,105.8125
2024-09-05 22,0.4585,0.0000,96.4375
2024-09-05 23,0.4583,0.0000,109.0000
2024-09-06 00,0.4224,0.0000,98.6875
2024-09-06 01,0.3704,0.0000,78.9375
2024-09-06 02,0.3564,0.0000,86.9375
2024-09-06 03,0.2947,0.0000,89.1875
2024-09-06 04,0.2898,0.0000,99.7500
2024-09-06 05,0.3132,0.0000,111.5625
2024-09-06 06,0.3113,0.0122,141.1250
2024-09-06 07,0.2922,0.1354,143.5000
2024-09-06 08,0.2374,0.2729,125.8125
2024-09-06 09,0.1843,0.3491,125.5000
2024-09-06 10,0.1788,0.4624,108.3750
2024-09-06 11,0.1753,0.5352,104.0000
2024-09-06 12,0.2037,0.6353,78.8750
2024-09-06 13,0.1793,0.6675,-2.0000
2024-09-06 14,0.1251,0.6865,-2.0000
2024-09-06 15,0.1387,0.5864,-2.0000
2024-09-06 16,0.1193,0.4429,102.3750
2024-09-06 17,0.1632,0.1971,143.0000
2024-09-06 18,0.1820,0.0262,155.3750
2024-09-06 19,0.1738,0.0001,172.6250
2024-09-06 20,0.1520,0.0001,153.8750
2024-09-06 21,0.1512,0.0000,146.0000
2024-09-06 22,0.1764,0.0000,126.8125
2024-09-06 23,0.1737,0.0000,152.7500
2024-09-07 00,0.1627,0.0000,119.7500
2024-09-07 01,0.1639,0.0000,115.3750
2024-09-07 02,0.1708,0.0000,104.8750
2024-09-07 03,0.1620,0.0000,105.9375
2024-09-07 04,0.1644,0.0000,112.8125
2024-09-07 05,0.1470,0.0000,103.0625
2024-09-07 06,0.0925,0.0072,116.8125
2024-09-07 07,0.0768,0.0999,133.2500
2024-09-07 08,0.0496,0.2502,115.5625
2024-09-07 09,0.0281,0.3176,108.1250
2024-09-07 10,0.0323,0.3569,103.3125
2024-09-07 11,0.0740,0.3164,92.6875
2024-09-07 12,0.0839,0.3098,80.4375
2024-09-07 13,0.0729,0.4460,61.4688
2024-09-07 14,0.1080,0.4775,42.4688
2024-09-07 15,0.1318,0.4172,45.2188
2024-09-07 16,0.1677,0.3340,71.7500
2024-09-07 17,0.1715,0.1204,87.0625
2024-09-07 18,0.1600,0.0137,87.6875
2024-09-07 19,0.1693,0.0000,93.6250
2024-09-07 20,0.1967,0.0000,117.5625
2024-09-07 21,0.2162,0.0000,97.5625
2024-09-07 22,0.2355,0.0000,102.9375
2024-09-07 23,0.2366,0.0000,97.6875
2024-09-08 00,0.2426,0.0000,100.8750
2024-09-08 01,0.2421,0.0000,90.7500
2024-09-08 02,0.2362,0.0000,89.4375
2024-09-08 03,0.2460,0.0000,87.9375
2024-09-08 04,0.2559,0.0000,93.3750
2024-09-08 05,0.2559,0.0000,81.2500
2024-09-08 06,0.2539,0.0150,78.4375
2024-09-08 07,0.1824,0.1312,71.1250
2024-09-08 08,0.1632,0.3052,77.8125
2024-09-08 09,0.1483,0.3970,71.1250
2024-09-08 10,0.1147,0.5103,60.0938
2024-09-08 11,0.1549,0.4607,64.6250
2024-09-08 12,0.1873,0.3792,73.5000
2024-09-08 13,0.1564,0.4617,61.7500
2024-09-08 14,0.1759,0.4529,31.0625
2024-09-08 15,0.1505,0.3923,46.0000
2024-09-08 16,0.1515,0.2944,67.6250
2024-09-08 17,0.1698,0.0916,163.7500
2024-09-08 18,0.1592,0.0082,182.2500
2024-09-08 19,0.1849,0.0000,201.2500
2024-09-08 20,0.1917,0.0000,112.7500
2024-09-08 21,0.2015,0.0000,113.3125
2024-09-08 22,0.2292,0.0000,97.3125
2024-09-08 23,0.2150,0.0000,93.5625
2024-09-09 00,0.2240,0.0000,84.5000
2024-09-09 01,0.2247,0.0000,66.0625
2024-09-09 02,0.2328,0.0000,90.3125
2024-09-09 03,0.2279,0.0000,97.1875
2024-09-09 04,0.2493,0.0000,107.5000
2024-09-09 05,0.2581,0.0000,118.0000
2024-09-09 06,0.3000,0.0207,124.0625
2024-09-09 07,0.2891,0.1671,126.9375
2024-09-09 08,0.2773,0.3655,122.9375
2024-09-09 09,0.2484,0.4946,94.7500
2024-09-09 10,0.2297,0.5947,72.0000
2024-09-09 11,0.2155,0.6011,80.8750
2024-09-09 12,0.3057,0.4988,72.1875
2024-09-09 13,0.3274,0.5112,60.6875
2024-09-09 14,0.3401,0.5176,34.2500
2024-09-09 15,0.3582,0.4312,40.3125
2024-09-09 16,0.3840,0.3154,64.4375
2024-09-09 17,0.3938,0.1082,87.9375
2024-09-09 18,0.4138,0.0016,119.5000
2024-09-09 19,0.4102,0.0000,133.7500
2024-09-09 20,0.4468,0.0000,124.8750
2024-09-09 21,0.4297,0.0000,103.8750
2024-09-09 22,0.4167,0.0001,98.3750
2024-09-09 23,0.4146,0.0000,89.7500
2024-09-10 00,0.4507,0.0000,70.8750
2024-09-10 01,0.4282,0.0000,77.1875
2024-09-10 02,0.4497,0.0000,57.7812
2024-09-10 03,0.4573,0.0000,52.5000
2024-09-10 04,0.4329,0.0000,60.4062
2024-09-10 05,0.4199,0.0000,95.3125
2024-09-10 06,0.4131,0.0181,113.2500
2024-09-10 07,0.3926,0.1377,107.0000
2024-09-10 08,0.3162,0.3442,86.7500
2024-09-10 09,0.2915,0.4392,60.2188
2024-09-10 10,0.2595,0.5718,52.3438
2024-09-10 11,0.2159,0.6162,33.3438
2024-09-10 12,0.2048,0.5601,47.3750
2024-09-10 13,0.0772,0.5596,65.1250
2024-09-10 14,0.0955,0.5220,79.6250
2024-09-10 15,0.1493,0.4468,72.0625
2024-09-10 16,0.1880,0.2969,186.3750
2024-09-10 17,0.1978,0.1091,94.9375
2024-09-10 18,0.1899,0.0053,102.0625
2024-09-10 19,0.2332,0.0000,116.9375
2024-09-10 20,0.2629,0.0000,116.8750
2024-09-10 21,0.2854,0.0000,77.8750
2024-09-10 22,0.2966,0.0000,66.7500
2024-09-10 23,0.2969,0.0000,76.8750
2024-09-11 00,0.2761,0.0000,82.6875
2024-09-11 01,0.2576,0.0000,97.0625
2024-09-11 02,0.2751,0.0000,92.1875
2024-09-11 03,0.2795,0.0000,66.6875
2024-09-11 04,0.2942,0.0000,59.9375
2024-09-11 05,0.2318,0.0000,79.5625
2024-09-11 06,0.2280,0.0143,80.2500
2024-09-11 07,0.2683,0.1354,71.0625
2024-09-11 08,0.2174,0.3542,156.8750
2024-09-11 09,0.1584,0.5479,156.6250
2024-09-11 10,0.2061,0.6060,140.2500
2024-09-11 11,0.2108,0.6450,125.0625
2024-09-11 12,0.2190,0.6646,37.2188
2024-09-11 13,0.2323,0.6504,24.3438
2024-09-11 14,0.2161,0.6108,32.4375
2024-09-11 15,0.2147,0.5557,25.9531
2024-09-11 16,0.2520,0.4006,49.3750
2024-09-11 17,0.3247,0.1697,83.5625
2024-09-11 18,0.3564,0.0164,102.6250
2024-09-11 19,0.3743,0.0001,115.4375
2024-09-11 20,0.3623,0.0001,117.7500
2024-09-11 21,0.3909,0.0000,93.3750
2024-09-11 22,0.3958,0.0000,79.0000
2024-09-11 23,0.3987,0.0000,83.7500
2024-09-12 00,0.4036,0.0000,94.5625
2024-09-12 01,0.4033,0.0000,113.4375
2024-09-12 02,0.4226,0.0000,91.5000
2024-09-12 03,0.4233,0.0000,78.2500
2024-09-12 04,0.3865,0.0000,80.0000
2024-09-12 05,0.4417,0.0000,71.7500
2024-09-12 06,0.4368,0.0184,80.3125
2024-09-12 07,0.3352,0.1536,71.9375
2024-09-12 08,0.2532,0.3635,62.7812
2024-09-12 09,0.1763,0.5220,61.9062
2024-09-12 10,0.1747,0.5811,51.8750
2024-09-12 11,0.1689,0.6089,65.7500
2024-09-12 12,0.1102,0.6626,65.0000
2024-09-12 13,0.1064,0.6699,51.7188
2024-09-12 14,0.1144,0.6338,50.4688
2024-09-12 15,0.1362,0.4685,64.8125
2024-09-12 16,0.1309,0.3418,84.8125
2024-09-12 17,0.1495,0.1547,107.9375
2024-09-12 18,0.1530,0.0183,131.3750
2024-09-12 19,0.1437,0.0001,137.3750
2024-09-12 20,0.1478,0.0001,157.5000
2024-09-12 21,0.1263,0.0000,119.1250
2024-09-12 22,0.1234,0.0001,136.5000
2024-09-12 23,0.1697,0.0000,113.7500
2024-09-13 00,0.1522,0.0000,117.5000
2024-09-13 01,0.1631,0.0000,98.9375
2024-09-13 02,0.1674,0.0000,76.6875
2024-09-13 03,0.1677,0.0000,83.8750
2024-09-13 04,0.1849,0.0000,111.1875
2024-09-13 05,0.1871,0.0000,107.6875
2024-09-13 06,0.1945,0.0192,133.3750
2024-09-13 07,0.2047,0.1805,112.0625
2024-09-13 08,0.1807,0.3525,87.3750
2024-09-13 09,0.1782,0.4517,146.3750
2024-09-13 10,0.1552,0.5088,152.1250
2024-09-13 11,0.1444,0.5449,74.4375
2024-09-13 12,0.1490,0.5581,83.0000
2024-09-13 13,0.1528,0.5151,97.0000
2024-09-13 14,0.1536,0.4844,101.6250
2024-09-13 15,0.1576,0.4028,109.6250
2024-09-13 16,0.2080,0.3350,83.9375
2024-09-13 17,0.2483,0.1316,91.3750
2024-09-13 18,0.1372,0.0118,109.9375
2024-09-13 19,0.1687,0.0000,107.3125
2024-09-13 20,0.1970,0.0001,119.3750
2024-09-13 21,0.2012,0.0000,118.0000
2024-09-13 22,0.1969,0.0000,98.7500
2024-09-13 23,0.1750,0.0000,98.3125
2024-09-14 00,0.2006,0.0000,61.0000
2024-09-14 01,0.2006,0.0000,46.0938
2024-09-14 02,0.2150,0.0000,47.4375
2024-09-14 03,0.2332,0.0000,54.9688
2024-09-14 04,0.2529,0.0000,48.5625
2024-09-14 05,0.2524,0.0000,67.6250
2024-09-14 06,0.2389,0.0097,66.1875
2024-09-14 07,0.2141,0.1315,71.8750
2024-09-14 08,0.1796,0.3127,71.5625
2024-09-14 09,0.1533,0.4697,39.8438
2024-09-14 10,0.1509,0.5396,46.8125
2024-09-14 11,0.1348,0.6318,39.0625
2024-09-14 12,0.1234,0.6968,26.7344
2024-09-14 13,0.1362,0.6870,32.8750
2024-09-14 14,0.1791,0.6597,36.5625
2024-09-14 15,0.1851,0.5176,50.5938
2024-09-14 16,0.2715,0.4087,60.3750
2024-09-14 17,0.3713,0.1608,63.8125
2024-09-14 18,0.4277,0.0197,90.9375
2024-09-14 19,0.4822,0.0001,78.0625
2024-09-14 20,0.5293,0.0001,64.6250
2024-09-14 21,0.5601,0.0000,54.0000
2024-09-14 22,0.5791,0.0000,42.3438
2024-09-14 23,0.5898,0.0000,-2.0000
2024-09-15 00,0.5942,0.0000,-2.0000
2024-09-15 01,0.5952,0.0000,28.4062
2024-09-15 02,0.6138,0.0000,0.6279
2024-09-15 03,0.7017,0.0000,-2.0000
2024-09-15 04,0.7388,0.0000,-2.0000
2024-09-15 05,0.7388,0.0000,6.1484
2024-09-15 06,0.7446,0.0162,3.3281
2024-09-15 07,0.7212,0.1639,-2.0000
2024-09-15 08,0.6582,0.3438,-2.0000
2024-09-15 09,0.6167,0.5654,-2.0000
2024-09-15 10,0.6309,0.6328,-2.0000
2024-09-15 11,0.6240,0.7261,-2.0000
2024-09-15 12,0.6567,0.7358,-2.0000
2024-09-15 13,0.6919,0.6870,-2.0000
2024-09-15 14,0.6895,0.6514,-2.0000
2024-09-15 15,0.7041,0.5552,-2.0000
2024-09-15 16,0.6641,0.4429,-2.0000
2024-09-15 17,0.7383,0.1971,19.4688
2024-09-15 18,0.7554,0.0255,43.0625
2024-09-15 19,0.7427,0.0001,36.5938
2024-09-15 20,0.7310,0.0001,56.2812
2024-09-15 21,0.6924,0.0000,49.5000
2024-09-15 22,0.6821,0.0000,43.4688
2024-09-15 23,0.6660,0.0000,43.2500
2024-09-16 00,0.6606,0.0000,31.3906
2024-09-16 01,0.6519,0.0000,39.6250
2024-09-16 02,0.5869,0.0000,48.3125
2024-09-16 03,0.5977,0.0000,39.4375
2024-09-16 04,0.5898,0.0000,49.0312
2024-09-16 05,0.5474,0.0000,70.3125
2024-09-16 06,0.5317,0.0194,65.4375
2024-09-16 07,0.4897,0.1635,65.3125
2024-09-16 08,0.4473,0.3813,47.4062
2024-09-16 09,0.3420,0.6133,25.0156
2024-09-16 10,0.3335,0.6528,6.5078
2024-09-16 11,0.3257,0.7183,14.4531
2024-09-16 12,0.3113,0.7632,10.8672
2024-09-16 13,0.3049,0.7466,5.7305
2024-09-16 14,0.2637,0.6968,-2.0000
2024-09-16 15,0.2803,0.5864,15.5703
2024-09-16 16,0.3059,0.4429,21.6094
2024-09-16 17,0.3333,0.2239,66.5625
2024-09-16 18,0.3367,0.0247,86.1250
2024-09-16 19,0.3394,0.0001,109.0625
2024-09-16 20,0.3389,0.0002,97.0625
2024-09-16 21,0.2781,0.0001,98.6250
2024-09-16 22,0.2600,0.0001,86.1875
2024-09-16 23,0.2849,0.0000,80.9375
2024-09-17 00,0.3276,0.0000,68.7500
2024-09-17 01,0.3179,0.0000,70.6875
2024-09-17 02,0.3157,0.0000,55.7188
2024-09-17 03,0.3096,0.0000,56.7500
2024-09-17 04,0.2944,0.0000,64.6250
2024-09-17 05,0.2374,0.0000,95.6250
2024-09-17 06,0.2257,0.0205,75.1875
2024-09-17 07,0.2319,0.1642,63.9062
2024-09-17 08,0.2163,0.3665,61.6250
2024-09-17 09,0.1711,0.5825,25.3438
2024-09-17 10,0.1497,0.7080,13.9922
2024-09-17 11,0.1738,0.7388,16.6562
2024-09-17 12,0.1823,0.7632,27.0000
2024-09-17 13,0.1897,0.7466,29.9688
2024-09-17 14,0.2549,0.6968,31.5781
2024-09-17 15,0.2859,0.5864,42.3750
2024-09-17 16,0.3049,0.4429,36.6250
2024-09-17 17,0.3462,0.2239,65.5000
2024-09-17 18,0.3916,0.0291,84.8125
2024-09-17 19,0.3892,0.0001,93.5625
2024-09-17 20,0.3601,0.0002,101.1875
2024-09-17 21,0.3206,0.0001,79.6875
2024-09-17 22,0.3235,0.0001,70.8125
2024-09-17 23,0.2649,0.0000,70.1250
2024-09-18 00,0.2120,0.0000,64.0625
2024-09-18 01,0.2083,0.0000,57.9375
2024-09-18 02,0.1747,0.0000,48.2500
2024-09-18 03,0.1384,0.0000,42.6250
2024-09-18 04,0.1344,0.0000,67.0625
2024-09-18 05,0.1829,0.0000,78.1875
2024-09-18 06,0.1665,0.0192,100.6875
2024-09-18 07,0.1956,0.1462,93.3125
2024-09-18 08,0.2057,0.3433,75.9375
2024-09-18 09,0.1699,0.5957,40.1562
2024-09-18 10,0.1621,0.6650,41.8125
2024-09-18 11,0.1681,0.6777,34.2188
2024-09-18 12,0.1965,0.6821,25.5781
2024-09-18 13,0.2230,0.7129,25.7500
2024-09-18 14,0.2834,0.6411,15.6406
2024-09-18 15,0.2771,0.5864,17.1094
2024-09-18 16,0.3142,0.4429,35.5625
2024-09-18 17,0.3655,0.1699,78.2500
2024-09-18 18,0.3083,0.0221,100.0000
2024-09-18 19,0.3145,0.0001,107.0625
2024-09-18 20,0.3386,0.0002,97.2500
2024-09-18 21,0.3467,0.0001,99.2500
2024-09-18 22,0.3545,0.0001,91.8125
2024-09-18 23,0.3628,0.0000,74.0625
2024-09-19 00,0.3613,0.0000,70.0625
2024-09-19 01,0.2852,0.0000,67.9375
2024-09-19 02,0.2720,0.0000,43.8750
2024-09-19 03,0.1969,0.0000,69.5000
2024-09-19 04,0.1708,0.0000,109.8750
2024-09-19 05,0.1659,0.0001,121.3750
2024-09-19 06,0.1356,0.0225,158.2500
2024-09-19 07,0.1012,0.1823,155.2500
2024-09-19 08,0.0656,0.3740,117.0000
2024-09-19 09,0.0037,0.6182,87.2500
2024-09-19 10,0.0038,0.7163,80.3750
2024-09-19 11,0.0089,0.6865,81.4375
2024-09-19 12,0.0017,0.6401,74.0625
2024-09-19 13,0.0831,0.7007,61.0000
2024-09-19 14,0.0151,0.6338,86.6250
2024-09-19 15,0.0123,0.5864,87.9375
2024-09-19 16,0.0206,0.4207,86.8750
2024-09-19 17,0.0516,0.1775,115.8125
2024-09-19 18,0.0857,0.0209,130.2500
2024-09-19 19,0.1400,0.0001,139.5000
2024-09-19 20,0.1260,0.0001,136.7500
2024-09-19 21,0.1765,0.0001,131.8750
2024-09-19 22,0.1823,0.0001,137.0000
2024-09-19 23,0.1685,0.0000,118.7500
2024-09-20 00,0.1500,0.0000,111.3125
2024-09-20 01,0.1476,0.0000,134.2500
2024-09-20 02,0.1476,0.0000,126.5625
2024-09-20 03,0.1512,0.0000,133.1250
2024-09-20 04,0.1678,0.0000,104.5000
2024-09-20 05,0.1835,0.0000,105.7500
2024-09-20 06,0.1901,0.0140,123.6875
2024-09-20 07,0.1832,0.1044,124.0000
2024-09-20 08,0.1874,0.2195,122.4375
2024-09-20 09,0.1765,0.4834,78.0000
2024-09-20 10,0.1746,0.5732,73.6250
2024-09-20 11,0.1641,0.6318,63.0938
2024-09-20 12,0.1627,0.6104,67.5000
2024-09-20 13,0.1619,0.6157,72.6250
2024-09-20 14,0.1838,0.5010,100.2500
2024-09-20 15,0.1740,0.4753,113.0625
2024-09-20 16,0.1815,0.2986,125.3125
2024-09-20 17,0.2297,0.1172,151.0000
2024-09-20 18,0.2505,0.0079,138.5000
2024-09-20 19,0.2568,0.0000,138.1250
2024-09-20 20,0.2639,0.0001,126.0625
2024-09-20 21,0.3071,0.0000,111.1250
2024-09-20 22,0.3809,0.0001,112.3750
2024-09-20 23,0.3796,0.0000,89.7500
2024-09-21 00,0.3997,0.0000,74.0625
2024-09-21 01,0.4004,0.0000,69.0625
2024-09-21 02,0.4128,0.0000,77.5000
2024-09-21 03,0.4578,0.0000,95.8125
2024-09-21 04,0.5151,0.0000,74.5000
2024-09-21 05,0.5649,0.0000,80.4375
2024-09-21 06,0.5283,0.0148,70.5625
2024-09-21 07,0.5103,0.1037,67.1875
2024-09-21 08,0.4927,0.2394,59.7812
2024-09-21 09,0.5122,0.4419,29.9531
2024-09-21 10,0.4819,0.5503,6.4453
2024-09-21 11,0.4695,0.5962,14.3828
2024-09-21 12,0.4675,0.5952,19.0000
2024-09-21 13,0.4426,0.5439,23.8750
2024-09-21 14,0.5034,0.4778,26.8438
2024-09-21 15,0.4873,0.4363,29.5000
2024-09-21 16,0.4846,0.3081,37.0625
2024-09-21 17,0.4885,0.1388,63.4688
2024-09-21 18,0.4421,0.0132,83.6250
2024-09-21 19,0.4321,0.0000,86.0625
2024-09-21 20,0.4307,0.0001,84.3750
2024-09-21 21,0.3704,0.0000,79.2500
2024-09-21 22,0.4182,0.0000,50.0000
2024-09-21 23,0.3401,0.0000,55.0938
2024-09-22 00,0.2729,0.0000,80.2500
2024-09-22 01,0.2837,0.0000,81.6875
2024-09-22 02,0.2917,0.0000,83.7500
2024-09-22 03,0.2932,0.0000,80.6250
2024-09-22 04,0.2832,0.0000,78.3125
2024-09-22 05,0.3269,0.0000,76.2500
2024-09-22 06,0.3203,0.0240,75.3750
2024-09-22 07,0.3215,0.1571,68.5000
2024-09-22 08,0.2378,0.3372,47.4062
2024-09-22 09,0.2228,0.4248,32.6562
2024-09-22 10,0.2115,0.5166,10.0234
2024-09-22 11,0.2062,0.5908,8.2422
2024-09-22 12,0.1719,0.6357,-2.0000
2024-09-22 13,0.2227,0.6157,4.3477
2024-09-22 14,0.2783,0.5000,19.4531
2024-09-22 15,0.2627,0.4224,23.0625
2024-09-22 16,0.3066,0.2993,40.2188
2024-09-22 17,0.3328,0.1337,65.6250
2024-09-22 18,0.3420,0.0150,92.5000
2024-09-22 19,0.3464,0.0001,101.5000
2024-09-22 20,0.3567,0.0001,91.5625
2024-09-22 21,0.3467,0.0000,93.2500
2024-09-22 22,0.3535,0.0000,75.0000
2024-09-22 23,0.4192,0.0000,39.5000
2024-09-23 00,0.4324,0.0000,45.7188
2024-09-23 01,0.4790,0.0000,41.0625
2024-09-23 02,0.4971,0.0000,27.9688
2024-09-23 03,0.4990,0.0000,33.9062
2024-09-23 04,0.5200,0.0000,37.1250
2024-09-23 05,0.5063,0.0001,56.4688
2024-09-23 06,0.5000,0.0280,89.6875
2024-09-23 07,0.4541,0.2092,64.2500
2024-09-23 08,0.3909,0.4475,34.0625
2024-09-23 09,0.3743,0.6182,18.1562
2024-09-23 10,0.3420,0.7163,15.5391
2024-09-23 11,0.3164,0.6929,5.8477
2024-09-23 12,0.3083,0.7358,-2.0000
2024-09-23 13,0.3491,0.7041,-2.0000
2024-09-23 14,0.3528,0.6157,-2.0000
2024-09-23 15,0.3542,0.5327,7.5312
2024-09-23 16,0.3604,0.3374,31.9062
2024-09-23 17,0.3564,0.1467,73.1875
2024-09-23 18,0.3572,0.0100,87.6875
2024-09-23 19,0.3438,0.0001,110.5625
2024-09-23 20,0.3247,0.0001,77.9375
2024-09-23 21,0.3235,0.0000,80.9375
2024-09-23 22,0.3513,0.0001,79.0625
2024-09-23 23,0.3726,0.0000,87.2500
2024-09-24 00,0.3442,0.0000,78.3125
2024-09-24 01,0.3467,0.0000,74.3125
2024-09-24 02,0.4075,0.0000,59.6875
2024-09-24 03,0.3835,0.0000,84.3125
2024-09-24 04,0.3982,0.0000,84.1250
2024-09-24 05,0.4119,0.0000,80.4375
2024-09-24 06,0.4023,0.0182,96.2500
2024-09-24 07,0.3743,0.1440,79.0625
2024-09-24 08,0.4519,0.3167,60.2812
2024-09-24 09,0.4668,0.4124,50.9062
2024-09-24 10,0.4658,0.5391,37.1562
2024-09-24 11,0.5103,0.5522,23.1562
2024-09-24 12,0.4670,0.5869,21.7031
2024-09-24 13,0.4729,0.5679,37.2500
2024-09-24 14,0.4478,0.4941,53.2188
2024-09-24 15,0.5801,0.4150,33.9375
2024-09-24 16,0.5967,0.2734,25.1719
2024-09-24 17,0.5688,0.1371,63.8750
2024-09-24 18,0.4800,0.0125,88.4375
2024-09-24 19,0.4453,0.0000,107.3125
2024-09-24 20,0.4133,0.0001,112.6875
2024-09-24 21,0.3894,0.0000,104.3750
2024-09-24 22,0.3911,0.0001,83.5625
2024-09-24 23,0.3796,0.0000,100.1250
2024-09-25 00,0.3674,0.0000,79.7500
2024-09-25 01,0.3635,0.0000,74.8125
2024-09-25 02,0.3579,0.0000,89.9375
2024-09-25 03,0.3877,0.0000,88.8125
2024-09-25 04,0.4033,0.0000,84.5625
2024-09-25 05,0.3904,0.0001,88.3125
2024-09-25 06,0.3772,0.0266,96.8125
2024-09-25 07,0.3821,0.1926,72.0625
2024-09-25 08,0.2986,0.4346,51.6250
2024-09-25 09,0.2981,0.5371,42.4062
2024-09-25 10,0.2798,0.6104,51.9688
2024-09-25 11,0.2568,0.6147,34.2500
2024-09-25 12,0.2551,0.6104,38.2500
2024-09-25 13,0.2377,0.5801,61.9688
2024-09-25 14,0.2756,0.4817,56.9375
2024-09-25 15,0.2693,0.3970,87.4375
2024-09-25 16,0.3228,0.2798,101.1875
2024-09-25 17,0.3201,0.1388,119.6250
2024-09-25 18,0.3345,0.0131,139.3750
2024-09-25 19,0.3179,0.0000,145.6250
2024-09-25 20,0.3132,0.0001,132.5000
2024-09-25 21,0.2661,0.0001,110.0000
2024-09-25 22,0.2622,0.0001,121.1875
2024-09-25 23,0.2396,0.0000,111.5000
2024-09-26 00,0.2325,0.0000,97.7500
2024-09-26 01,0.2285,0.0000,92.5625
2024-09-26 02,0.2705,0.0000,75.8125
2024-09-26 03,0.2969,0.0000,65.3750
2024-09-26 04,0.3108,0.0000,76.8125
2024-09-26 05,0.3352,0.0000,69.0000
2024-09-26 06,0.3704,0.0222,102.3125
2024-09-26 07,0.3621,0.1478,83.5625
2024-09-26 08,0.3491,0.3459,54.4688
2024-09-26 09,0.3293,0.4915,56.2500
2024-09-26 10,0.3364,0.5581,36.7500
2024-09-26 11,0.3435,0.5557,52.6875
2024-09-26 12,0.3369,0.6001,39.7812
2024-09-26 13,0.2781,0.6060,69.5625
2024-09-26 14,0.2810,0.5049,95.2500
2024-09-26 15,0.2798,0.4424,98.1250
2024-09-26 16,0.3298,0.3079,89.2500
2024-09-26 17,0.3496,0.1333,96.6250
2024-09-26 18,0.3757,0.0134,90.2500
2024-09-26 19,0.3862,0.0001,101.6875
2024-09-26 20,0.4426,0.0001,72.8750
2024-09-26 21,0.4226,0.0000,59.8438
2024-09-26 22,0.4822,0.0000,81.1875
2024-09-26 23,0.4946,0.0000,71.8125
2024-09-27 00,0.5117,0.0000,58.1875
2024-09-27 01,0.5601,0.0000,50.0000
2024-09-27 02,0.5166,0.0000,45.8125
2024-09-27 03,0.5142,0.0000,70.4375
2024-09-27 04,0.5107,0.0000,66.3125
2024-09-27 05,0.5420,0.0000,66.7500
2024-09-27 06,0.5615,0.0182,78.1250
2024-09-27 07,0.5454,0.1460,61.8125
2024-09-27 08,0.5283,0.3118,36.7188
2024-09-27 09,0.5371,0.4668,43.6875
2024-09-27 10,0.5464,0.4734,55.0625
2024-09-27 11,0.5093,0.4678,39.9688
2024-09-27 12,0.5366,0.4138,39.7188
2024-09-27 13,0.5864,0.3718,57.9062
2024-09-27 14,0.6021,0.3438,46.2812
2024-09-27 15,0.6240,0.2441,53.4062
2024-09-27 16,0.6118,0.1562,58.8438
2024-09-27 17,0.6230,0.0552,64.4375
2024-09-27 18,0.6143,0.0009,92.4375
2024-09-27 19,0.6030,0.0000,90.0000
2024-09-27 20,0.6143,0.0000,82.6875
2024-09-27 21,0.6187,0.0000,70.0625
2024-09-27 22,0.6460,0.0000,68.3750
2024-09-27 23,0.7046,0.0000,55.0312
2024-09-28 00,0.7178,0.0000,50.5312
2024-09-28 01,0.7246,0.0000,36.6562
2024-09-28 02,0.7383,0.0000,31.2812
2024-09-28 03,0.7441,0.0000,51.9062
2024-09-28 04,0.6938,0.0000,40.5312
2024-09-28 05,0.6826,0.0000,55.1562
2024-09-28 06,0.6641,0.0156,55.4688
2024-09-28 07,0.5718,0.1562,42.2500
2024-09-28 08,0.5181,0.3706,33.3750
2024-09-28 09,0.4717,0.5420,26.2812
2024-09-28 10,0.4529,0.6455,15.1953
2024-09-28 11,0.4744,0.6118,6.6094
2024-09-28 12,0.4565,0.5854,13.3281
2024-09-28 13,0.4246,0.5947,9.1953
2024-09-28 14,0.4573,0.5254,6.0938
2024-09-28 15,0.3857,0.4556,24.1562
2024-09-28 16,0.4011,0.3203,38.2188
2024-09-28 17,0.4180,0.1288,74.8125
2024-09-28 18,0.4072,0.0032,77.1875
2024-09-28 19,0.3970,0.0000,85.5000
2024-09-28 20,0.3950,0.0000,102.8750
2024-09-28 21,0.3940,0.0000,96.6250
2024-09-28 22,0.3860,0.0000,127.5625
2024-09-28 23,0.3589,0.0000,108.9375
2024-09-29 00,0.3401,0.0000,100.2500
2024-09-29 01,0.3381,0.0000,71.0625
2024-09-29 02,0.2120,0.0000,78.7500
2024-09-29 03,0.2314,0.0000,93.6875
2024-09-29 04,0.1956,0.0000,87.6875
2024-09-29 05,0.1139,0.0000,100.0625
2024-09-29 06,0.0844,0.0170,99.3750
2024-09-29 07,0.0506,0.1772,110.4375
2024-09-29 08,0.0092,0.4258,59.7500
2024-09-29 09,0.0566,0.6074,38.5625
2024-09-29 10,0.0313,0.7163,51.3125
2024-09-29 11,0.0055,0.6968,34.1875
2024-09-29 12,0.0174,0.6753,19.4375
2024-09-29 13,0.0063,0.6763,18.9062
2024-09-29 14,0.0834,0.6201,36.0625
2024-09-29 15,0.0701,0.5156,64.1875
2024-09-29 16,0.0108,0.3457,95.7500
2024-09-29 17,0.0171,0.1646,104.0000
2024-09-29 18,0.0320,0.0144,136.0000
2024-09-29 19,0.0084,0.0001,141.2500
2024-09-29 20,0.0124,0.0001,125.8125
2024-09-29 21,0.0073,0.0000,110.9375
2024-09-29 22,0.0222,0.0000,93.4375
2024-09-29 23,0.0208,0.0000,63.1562
2024-09-30 00,0.0242,0.0000,106.5625
2024-09-30 01,0.0234,0.0000,91.1875
2024-09-30 02,0.0249,0.0000,94.8750
2024-09-30 03,0.0249,0.0000,94.0000
2024-09-30 04,0.0090,0.0000,99.7500
2024-09-30 05,0.0112,0.0001,124.3125
2024-09-30 06,0.0260,0.0211,149.5000
2024-09-30 07,0.0077,0.1954,131.3750
2024-09-30 08,0.0516,0.4475,86.9375
2024-09-30 09,0.0167,0.6182,85.2500
2024-09-30 10,0.0344,0.6611,83.8750
2024-09-30 11,0.0046,0.6650,69.7500
2024-09-30 12,0.0204,0.6436,73.5000
2024-09-30 13,0.0320,0.6372,68.8750
2024-09-30 14,0.0438,0.6182,71.8125
2024-09-30 15,0.0191,0.5596,75.5000
2024-09-30 16,0.0508,0.3892,105.6250
2024-09-30 17,0.1055,0.1724,133.3750
2024-09-30 18,0.1342,0.0145,150.2500
2024-09-30 19,0.1350,0.0001,157.6250
2024-09-30 20,0.1454,0.0001,119.6875
2024-09-30 21,0.2064,0.0000,99.9375
2024-09-30 22,0.2013,0.0000,103.1875
2024-09-30 23,0.2051,0.0000,84.6875
2024-10-01 00,0.1873,0.0000,103.3750
2024-10-01 01,0.1910,0.0000,83.0625
2024-10-01 02,0.2244,0.0000,71.8750
2024-10-01 03,0.2247,0.0000,71.6875
2024-10-01 04,0.3784,0.0000,68.1250
2024-10-01 05,0.3904,0.0000,79.0625
2024-10-01 06,0.4004,0.0004,97.4375
2024-10-01 07,0.3979,0.0569,94.1875
2024-10-01 08,0.4395,0.1946,56.8750
2024-10-01 09,0.4724,0.2747,69.7500
2024-10-01 10,0.5259,0.3179,56.6250
2024-10-01 11,0.5669,0.3521,38.5000
2024-10-01 12,0.6025,0.3267,37.1875
2024-10-01 13,0.6230,0.4058,30.8438
2024-10-01 14,0.6509,0.4597,10.7812
2024-10-01 15,0.6729,0.3977,3.7285
2024-10-01 16,0.6929,0.2603,26.5625
2024-10-01 17,0.7373,0.0627,71.1875
2024-10-01 18,0.7275,0.0005,82.0000
2024-10-01 19,0.7339,0.0001,79.8125
2024-10-01 20,0.7905,0.0001,39.0312
2024-10-01 21,0.8496,0.0001,144.0000
2024-10-01 22,0.8784,0.0001,113.7500
2024-10-01 23,0.7837,0.0000,121.6250
2024-10-02 00,0.7720,0.0000,121.0625
2024-10-02 01,0.7896,0.0000,111.5625
2024-10-02 02,0.7969,0.0000,114.1875
2024-10-02 03,0.8218,0.0000,108.2500
2024-10-02 04,0.8516,0.0000,124.3125
2024-10-02 05,0.8740,0.0000,125.1875
2024-10-02 06,0.8662,0.0025,136.8750
2024-10-02 07,0.8345,0.0706,13.5312
2024-10-02 08,0.7661,0.2109,-2.0000
2024-10-02 09,0.7310,0.3650,-2.0000
2024-10-02 10,0.7246,0.4189,-2.0000
2024-10-02 11,0.7354,0.3909,-2.0000
2024-10-02 12,0.7544,0.3333,12.0781
2024-10-02 13,0.7344,0.3496,13.7969
2024-10-02 14,0.7178,0.3545,19.6719
2024-10-02 15,0.6875,0.3123,22.5469
2024-10-02 16,0.6201,0.2046,45.6875
2024-10-02 17,0.5762,0.0478,76.9375
2024-10-02 18,0.5386,0.0003,108.1250
2024-10-02 19,0.5171,0.0001,105.7500
2024-10-02 20,0.4539,0.0001,98.5000
2024-10-02 21,0.4004,0.0001,72.8125
2024-10-02 22,0.3887,0.0001,60.1562
2024-10-02 23,0.3396,0.0000,76.8750
2024-10-03 00,0.3411,0.0000,50.7500
2024-10-03 01,0.3450,0.0000,58.4375
2024-10-03 02,0.3755,0.0000,79.9375
2024-10-03 03,0.3550,0.0000,71.8125
2024-10-03 04,0.3340,0.0000,80.0625
2024-10-03 05,0.3110,0.0000,94.7500
2024-10-03 06,0.2603,0.0012,103.5000
2024-10-03 07,0.1654,0.0300,108.9375
2024-10-03 08,0.1676,0.0685,97.6875
2024-10-03 09,0.1257,0.1251,100.4375
2024-10-03 10,0.1128,0.1897,92.6875
2024-10-03 11,0.1179,0.1838,85.9375
2024-10-03 12,0.1179,0.1896,93.3125
2024-10-03 13,0.0906,0.2922,60.8750
2024-10-03 14,0.0565,0.3977,74.0625
2024-10-03 15,0.0683,0.3379,108.3750
2024-10-03 16,0.1152,0.1683,103.6875
2024-10-03 17,0.1252,0.0460,134.6250
2024-10-03 18,0.1381,0.0004,146.6250
2024-10-03 19,0.1644,0.0001,140.5000
2024-10-03 20,0.1881,0.0001,119.7500
2024-10-03 21,0.2023,0.0000,125.5000
2024-10-03 22,0.1993,0.0000,99.0625
2024-10-03 23,0.1992,0.0000,64.1250
2024-10-04 00,0.1711,0.0000,72.1875
2024-10-04 01,0.1627,0.0000,68.0625
2024-10-04 02,0.1896,0.0000,78.4375
2024-10-04 03,0.1931,0.0000,79.0625
2024-10-04 04,0.2104,0.0000,75.1250
2024-10-04 05,0.1514,0.0000,99.0625
2024-10-04 06,0.1499,0.0011,103.0000
2024-10-04 07,0.1516,0.0307,117.3750
2024-10-04 08,0.1667,0.0928,95.8750
2024-10-04 09,0.1722,0.1359,97.2500
2024-10-04 10,0.1245,0.2177,88.6250
2024-10-04 11,0.0545,0.2668,116.9375
2024-10-04 12,0.0089,0.3484,116.3750
2024-10-04 13,0.0109,0.3376,108.8125
2024-10-04 14,0.0313,0.3516,102.6250
2024-10-04 15,0.0921,0.3369,103.7500
2024-10-04 16,0.1357,0.1372,139.0000
2024-10-04 17,0.1382,0.0222,149.3750
2024-10-04 18,0.1765,0.0001,159.0000
2024-10-04 19,0.1797,0.0000,147.3750
2024-10-04 20,0.1085,0.0000,140.7500
2024-10-04 21,0.1073,0.0000,130.5000
2024-10-04 22,0.1245,0.0000,100.6875
2024-10-04 23,0.1648,0.0000,106.9375
2024-10-05 00,0.1638,0.0000,108.8125
2024-10-05 01,0.1953,0.0000,85.4375
2024-10-05 02,0.1807,0.0000,96.8125
2024-10-05 03,0.1471,0.0000,108.0000
2024-10-05 04,0.1747,0.0000,89.1250
2024-10-05 05,0.2003,0.0000,93.8125
2024-10-05 06,0.2021,0.0025,91.9375
2024-10-05 07,0.2250,0.0523,54.6562
2024-10-05 08,0.2095,0.1915,53.0312
2024-10-05 09,0.2048,0.3638,51.6875
2024-10-05 10,0.2386,0.2969,68.3125
2024-10-05 11,0.2389,0.3057,80.3125
2024-10-05 12,0.1917,0.5225,79.5000
2024-10-05 13,0.1923,0.4700,66.1250
2024-10-05 14,0.1803,0.4321,53.2188
2024-10-05 15,0.1284,0.4087,54.5938
2024-10-05 16,0.1554,0.1847,87.4375
2024-10-05 17,0.1625,0.0402,123.5625
2024-10-05 18,0.1425,0.0002,126.7500
2024-10-05 19,0.1130,0.0001,150.0000
2024-10-05 20,0.1385,0.0001,135.3750
2024-10-05 21,0.1456,0.0000,133.0000
2024-10-05 22,0.1400,0.0001,117.9375
2024-10-05 23,0.1270,0.0000,128.7500
2024-10-06 00,0.1079,0.0000,114.4375
2024-10-06 01,0.0546,0.0000,118.9375
2024-10-06 02,0.0550,0.0000,107.9375
2024-10-06 03,0.0167,0.0000,93.4375
2024-10-06 04,0.0131,0.0000,113.4375
2024-10-06 05,0.0686,0.0000,100.8750
2024-10-06 06,0.1476,0.0031,105.0000
2024-10-06 07,0.1584,0.0534,91.3750
2024-10-06 08,0.2131,0.1396,103.1875
2024-10-06 09,0.2206,0.1539,105.4375
2024-10-06 10,0.2280,0.1475,102.8125
2024-10-06 11,0.2257,0.2227,96.1875
2024-10-06 12,0.2722,0.2551,77.9375
2024-10-06 13,0.2832,0.2783,79.3125
2024-10-06 14,0.2998,0.2837,76.4375
2024-10-06 15,0.3276,0.2148,81.6250
2024-10-06 16,0.5586,0.0554,81.0000
2024-10-06 17,0.5596,0.0069,109.8750
2024-10-06 18,0.5645,0.0000,117.1250
2024-10-06 19,0.5757,0.0000,103.1875
2024-10-06 20,0.6831,0.0000,107.0000
2024-10-06 21,0.6919,0.0000,92.1250
2024-10-06 22,0.7002,0.0000,85.6875
2024-10-06 23,0.7012,0.0000,67.0000
2024-10-07 00,0.6982,0.0000,85.8125
2024-10-07 01,0.6743,0.0000,108.8750
2024-10-07 02,0.6143,0.0000,91.5625
2024-10-07 03,0.6479,0.0000,74.1250
2024-10-07 04,0.6548,0.0000,94.1250
2024-10-07 05,0.7378,0.0000,99.7500
2024-10-07 06,0.7344,0.0016,115.8125
2024-10-07 07,0.6909,0.0318,111.6875
2024-10-07 08,0.6748,0.1035,95.6250
2024-10-07 09,0.6519,0.1444,82.0000
2024-10-07 10,0.6406,0.2209,94.3750
2024-10-07 11,0.6201,0.2739,82.1250
2024-10-07 12,0.5591,0.3608,95.0625
2024-10-07 13,0.5747,0.2878,96.2500
2024-10-07 14,0.5928,0.2167,100.1875
2024-10-07 15,0.5566,0.1782,105.5000
2024-10-07 16,0.5464,0.0344,143.6250
2024-10-07 17,0.5947,0.0019,139.3750
2024-10-07 18,0.6855,0.0000,133.6250
2024-10-07 19,0.6450,0.0000,135.6250
2024-10-07 20,0.6670,0.0000,120.6250
2024-10-07 21,0.5942,0.0000,128.1250
2024-10-07 22,0.6304,0.0000,119.0625
2024-10-07 23,0.6265,0.0000,112.0000
2024-10-08 00,0.5571,0.0000,117.6250
2024-10-08 01,0.5166,0.0000,131.5000
2024-10-08 02,0.5771,0.0000,124.2500
2024-10-08 03,0.5732,0.0000,122.3125
2024-10-08 04,0.5469,0.0000,108.0000
2024-10-08 05,0.4636,0.0000,105.5625
2024-10-08 06,0.4561,0.0030,116.1875
2024-10-08 07,0.4241,0.0676,113.5000
2024-10-08 08,0.3679,0.2061,117.4375
2024-10-08 09,0.3130,0.3372,122.5000
2024-10-08 10,0.2053,0.4526,115.1250
2024-10-08 11,0.1733,0.5933,98.8750
2024-10-08 12,0.1556,0.6455,83.5000
2024-10-08 13,0.1978,0.4917,108.6875
2024-10-08 14,0.3486,0.3787,99.7500
2024-10-08 15,0.3630,0.3108,120.6250
2024-10-08 16,0.3906,0.1365,147.5000
2024-10-08 17,0.4895,0.0298,154.3750
2024-10-08 18,0.5059,0.0002,157.0000
2024-10-08 19,0.5059,0.0000,134.1250
2024-10-08 20,0.5903,0.0001,131.2500
2024-10-08 21,0.5791,0.0001,116.5625
2024-10-08 22,0.5122,0.0000,110.8750
2024-10-08 23,0.4976,0.0000,126.6875
2024-10-09 00,0.4553,0.0000,129.7500
2024-10-09 01,0.4636,0.0000,142.3750
2024-10-09 02,0.5029,0.0000,142.5000
2024-10-09 03,0.5303,0.0000,134.5000
2024-10-09 04,0.6289,0.0000,128.0000
2024-10-09 05,0.6890,0.0001,129.3750
2024-10-09 06,0.7729,0.0052,133.2500
2024-10-09 07,0.8276,0.1489,94.9375
2024-10-09 08,0.8076,0.4175,67.8750
2024-10-09 09,0.7891,0.5879,42.6250
2024-10-09 10,0.7788,0.6846,27.3281
2024-10-09 11,0.7852,0.7256,11.2656
2024-10-09 12,0.7529,0.7339,-1.1514
2024-10-09 13,0.7559,0.7085,-2.0000
2024-10-09 14,0.7446,0.5532,24.2500
2024-10-09 15,0.7080,0.4756,31.4844
2024-10-09 16,0.7358,0.2336,75.1875
2024-10-09 17,0.7139,0.0447,97.5625
2024-10-09 18,0.6943,0.0003,124.2500
2024-10-09 19,0.6797,0.0001,143.8750
2024-10-09 20,0.6191,0.0001,114.8750
2024-10-09 21,0.6182,0.0001,91.1875
2024-10-09 22,0.6191,0.0001,68.3750
2024-10-09 23,0.6133,0.0000,73.7500
2024-10-10 00,0.5630,0.0000,82.5000
2024-10-10 01,0.5215,0.0000,91.5000
2024-10-10 02,0.4229,0.0000,90.7500
2024-10-10 03,0.3870,0.0000,94.6250
2024-10-10 04,0.3403,0.0000,109.8125
2024-10-10 05,0.3362,0.0001,111.3125
2024-10-10 06,0.3101,0.0033,120.4375
2024-10-10 07,0.3252,0.1243,110.7500
2024-10-10 08,0.2106,0.4067,93.2500
2024-10-10 09,0.2040,0.5879,77.1875
2024-10-10 10,0.2815,0.6846,72.5000
2024-10-10 11,0.3042,0.7256,36.4375
2024-10-10 12,0.3347,0.7183,53.2812
2024-10-10 13,0.3616,0.5806,68.2500
2024-10-10 14,0.3931,0.4666,83.1875
2024-10-10 15,0.4233,0.4231,67.4375
2024-10-10 16,0.4543,0.2529,90.3125
2024-10-10 17,0.4863,0.0508,118.1250
2024-10-10 18,0.5264,0.0003,124.5625
2024-10-10 19,0.4878,0.0001,136.8750
2024-10-10 20,0.4907,0.0001,121.0625
2024-10-10 21,0.4866,0.0001,103.5625
2024-10-10 22,0.4370,0.0001,102.3750
2024-10-10 23,0.4062,0.0000,108.6250
2024-10-11 00,0.3994,0.0000,109.8750
2024-10-11 01,0.3938,0.0000,106.8750
2024-10-11 02,0.3484,0.0000,105.0000
2024-10-11 03,0.3359,0.0000,121.0625
2024-10-11 04,0.3071,0.0000,138.1250
2024-10-11 05,0.2837,0.0000,140.5000
2024-10-11 06,0.2986,0.0014,134.5000
2024-10-11 07,0.2676,0.0884,138.8750
2024-10-11 08,0.2009,0.3279,114.3125
2024-10-11 09,0.1445,0.4998,99.9375
2024-10-11 10,0.0961,0.6846,82.9375
2024-10-11 11,0.1024,0.7256,79.8750
2024-10-11 12,0.1752,0.6743,97.1875
2024-10-11 13,0.2325,0.4937,94.6250
2024-10-11 14,0.2834,0.4775,92.6875
2024-10-11 15,0.3157,0.3914,98.1250
2024-10-11 16,0.3723,0.2271,122.0625
2024-10-11 17,0.3682,0.0219,144.6250
2024-10-11 18,0.2695,0.0000,176.0000
2024-10-11 19,0.2610,0.0000,203.2500
2024-10-11 20,0.2347,0.0000,189.0000
2024-10-11 21,0.2578,0.0001,182.6250
2024-10-11 22,0.3875,0.0000,106.6250
2024-10-11 23,0.3921,0.0000,96.6250
2024-10-12 00,0.4792,0.0000,74.4375
2024-10-12 01,0.4976,0.0000,65.4375
2024-10-12 02,0.5464,0.0000,56.9062
2024-10-12 03,0.5640,0.0000,42.5938
2024-10-12 04,0.5679,0.0000,52.3438
2024-10-12 05,0.5815,0.0000,48.6875
2024-10-12 06,0.6074,0.0009,61.0625
2024-10-12 07,0.6318,0.0468,62.5625
2024-10-12 08,0.5952,0.1802,69.4375
2024-10-12 09,0.5503,0.3008,64.7500
2024-10-12 10,0.5552,0.3328,54.4062
2024-10-12 11,0.6016,0.4170,35.8125
2024-10-12 12,0.6621,0.3660,53.0000
2024-10-12 13,0.6895,0.2903,65.8750
2024-10-12 14,0.8145,0.3179,39.5625
2024-10-12 15,0.8423,0.2952,40.4062
2024-10-12 16,0.8916,0.1936,32.9688
2024-10-12 17,0.9238,0.0285,28.7188
2024-10-12 18,0.9038,0.0001,49.0938
2024-10-12 19,0.8745,0.0001,54.9062
2024-10-12 20,0.8936,0.0001,85.6875
2024-10-12 21,0.8770,0.0001,78.1875
2024-10-12 22,0.7163,0.0001,82.5625
2024-10-12 23,0.6108,0.0000,84.3750
2024-10-13 00,0.6123,0.0000,68.6250
2024-10-13 01,0.5488,0.0000,82.6250
2024-10-13 02,0.5327,0.0000,84.9375
2024-10-13 03,0.5737,0.0000,68.1250
2024-10-13 04,0.5342,0.0000,76.8125
2024-10-13 05,0.4512,0.0001,89.3750
2024-10-13 06,0.4832,0.0025,91.6875
2024-10-13 07,0.4575,0.0757,67.8125
2024-10-13 08,0.3811,0.2563,54.2812
2024-10-13 09,0.3499,0.4387,50.2188
2024-10-13 10,0.3499,0.4331,62.2812
2024-10-13 11,0.3015,0.5156,48.3750
2024-10-13 12,0.2588,0.5308,67.8125
2024-10-13 13,0.2903,0.4612,62.7500
2024-10-13 14,0.3203,0.5254,59.0000
2024-10-13 15,0.3589,0.4639,51.0938
2024-10-13 16,0.4211,0.2417,88.2500
2024-10-13 17,0.3994,0.0486,91.4375
2024-10-13 18,0.3838,0.0003,105.8125
2024-10-13 19,0.4324,0.0001,104.3125
2024-10-13 20,0.4602,0.0001,109.7500
2024-10-13 21,0.4160,0.0001,137.5000
2024-10-13 22,0.3906,0.0001,135.0000
2024-10-13 23,0.4097,0.0000,103.0000
2024-10-14 00,0.3887,0.0000,120.8750
2024-10-14 01,0.3860,0.0000,124.4375
2024-10-14 02,0.3555,0.0000,121.8125
2024-10-14 03,0.3391,0.0000,111.0000
2024-10-14 04,0.3123,0.0000,114.8125
2024-10-14 05,0.2908,0.0001,126.8750
2024-10-14 06,0.3108,0.0032,39.2812
2024-10-14 07,0.2991,0.1076,21.9375
2024-10-14 08,0.2656,0.3279,10.1875
2024-10-14 09,0.2174,0.5562,-2.0000
2024-10-14 10,0.2852,0.5645,-2.0000
2024-10-14 11,0.3022,0.6846,54.4062
2024-10-14 12,0.3486,0.7339,28.5156
2024-10-14 13,0.4111,0.7026,30.1250
2024-10-14 14,0.4448,0.6494,31.4531
2024-10-14 15,0.4602,0.5322,40.8125
2024-10-14 16,0.5381,0.3120,80.0625
2024-10-14 17,0.5796,0.0651,102.1250
2024-10-14 18,0.5742,0.0006,117.4375
2024-10-14 19,0.5806,0.0001,128.0000
2024-10-14 20,0.5723,0.0002,109.6875
2024-10-14 21,0.5244,0.0001,110.2500
2024-10-14 22,0.4932,0.0001,88.4375
2024-10-14 23,0.3687,0.0000,99.1875
2024-10-15 00,0.3442,0.0000,87.8125
2024-10-15 01,0.3252,0.0000,76.2500
2024-10-15 02,0.3208,0.0000,107.3125
2024-10-15 03,0.3474,0.0000,100.6875
2024-10-15 04,0.3457,0.0000,111.0625
2024-10-15 05,0.3435,0.0001,123.1250
2024-10-15 06,0.3403,0.0034,136.3750
2024-10-15 07,0.2952,0.0971,178.1250
2024-10-15 08,0.2483,0.3188,165.6250
2024-10-15 09,0.2544,0.5190,134.5000
2024-10-15 10,0.1752,0.5366,130.8750
2024-10-15 11,0.1315,0.6616,152.7500
2024-10-15 12,0.0995,0.7339,118.5625
2024-10-15 13,0.0974,0.7134,60.2812
2024-10-15 14,0.1205,0.6172,78.9375
2024-10-15 15,0.1476,0.4480,104.8125
2024-10-15 16,0.1763,0.2280,118.6875
2024-10-15 17,0.1433,0.0570,136.3750
2024-10-15 18,0.1251,0.0004,163.5000
2024-10-15 19,0.0839,0.0001,165.2500
2024-10-15 20,0.0535,0.0001,151.7500
2024-10-15 21,0.0138,0.0001,142.5000
2024-10-15 22,0.0750,0.0001,142.7500
2024-10-15 23,0.0974,0.0000,111.8125
2024-10-16 00,0.1492,0.0000,103.0000
2024-10-16 01,0.1937,0.0000,88.8125
2024-10-16 02,0.1959,0.0000,80.4375
2024-10-16 03,0.2123,0.0000,99.6875
2024-10-16 04,0.1993,0.0000,96.8125
2024-10-16 05,0.1749,0.0000,109.2500
2024-10-16 06,0.1460,0.0020,120.5625
2024-10-16 07,0.1509,0.0753,135.5000
2024-10-16 08,0.1576,0.2206,123.4375
2024-10-16 09,0.1246,0.4216,87.8750
2024-10-16 10,0.1406,0.4011,101.3750
2024-10-16 11,0.1136,0.5747,73.0000
2024-10-16 12,0.0975,0.7271,58.1875
2024-10-16 13,0.1043,0.7134,63.0938
2024-10-16 14,0.1127,0.6030,74.7500
2024-10-16 15,0.1248,0.4099,151.5000
2024-10-16 16,0.1245,0.2427,165.1250
2024-10-16 17,0.1893,0.0466,189.8750
2024-10-16 18,0.2010,0.0003,209.8750
2024-10-16 19,0.2063,0.0001,220.0000
2024-10-16 20,0.2236,0.0001,190.7500
2024-10-16 21,0.2496,0.0001,190.2500
2024-10-16 22,0.2852,0.0001,192.3750
2024-10-16 23,0.2891,0.0000,168.2500
2024-10-17 00,0.2876,0.0000,172.8750
2024-10-17 01,0.2991,0.0000,151.1250
2024-10-17 02,0.3083,0.0000,62.3438
2024-10-17 03,0.3335,0.0000,42.5625
2024-10-17 04,0.3508,0.0000,45.6562
2024-10-17 05,0.3538,0.0001,57.4062
2024-10-17 06,0.3770,0.0027,87.5625
2024-10-17 07,0.4431,0.1028,92.1250
2024-10-17 08,0.3855,0.3511,63.6250
2024-10-17 09,0.3096,0.5879,21.2656
2024-10-17 10,0.3167,0.6558,10.4609
2024-10-17 11,0.3352,0.7256,7.3242
2024-10-17 12,0.3477,0.7339,20.0938
2024-10-17 13,0.4597,0.7134,43.0625
2024-10-17 14,0.4666,0.6494,45.8438
2024-10-17 15,0.4800,0.5322,42.5000
2024-10-17 16,0.4539,0.3298,61.2812
2024-10-17 17,0.7900,0.0739,59.3750
2024-10-17 18,0.8413,0.0007,58.1875
2024-10-17 19,0.9248,0.0001,78.1250
2024-10-17 20,0.9243,0.0002,48.0625
2024-10-17 21,0.8940,0.0001,64.3750
2024-10-17 22,0.9238,0.0001,26.0781
2024-10-17 23,0.9282,0.0000,12.3984
2024-10-18 00,0.9229,0.0000,-2.0000
2024-10-18 01,0.9263,0.0000,-2.0000
2024-10-18 02,0.8525,0.0000,-2.0000
2024-10-18 03,0.9248,0.0000,15.0859
2024-10-18 04,0.9297,0.0000,12.5391
2024-10-18 05,0.9297,0.0000,28.5781
2024-10-18 06,0.9155,0.0032,16.3594
2024-10-18 07,0.9165,0.0966,8.3125
2024-10-18 08,0.8511,0.2891,10.4141
2024-10-18 09,0.8101,0.4097,9.1875
2024-10-18 10,0.8481,0.3789,9.9922
2024-10-18 11,0.8555,0.3467,7.6953
2024-10-18 12,0.8604,0.4097,2.6582
2024-10-18 13,0.7944,0.4158,30.8281
2024-10-18 14,0.8071,0.4246,22.2188
2024-10-18 15,0.7729,0.3733,13.7891
2024-10-18 16,0.7451,0.2097,51.0625
2024-10-18 17,0.7144,0.0485,63.0625
2024-10-18 18,0.6680,0.0005,78.8125
2024-10-18 19,0.6562,0.0001,61.3125
2024-10-18 20,0.5859,0.0001,61.1250
2024-10-18 21,0.5117,0.0001,64.3125
2024-10-18 22,0.5483,0.0001,52.3125
2024-10-18 23,0.4915,0.0000,49.7188
2024-10-19 00,0.4902,0.0000,30.8281
2024-10-19 01,0.4866,0.0000,18.1719
2024-10-19 02,0.4768,0.0000,35.5312
2024-10-19 03,0.4695,0.0000,59.0938
2024-10-19 04,0.4526,0.0000,75.9375
2024-10-19 05,0.4661,0.0000,64.4375
2024-10-19 06,0.4697,0.0000,67.0625
2024-10-19 07,0.4856,0.0269,40.4688
2024-10-19 08,0.5034,0.1443,52.5312
2024-10-19 09,0.4883,0.3257,17.3750
2024-10-19 10,0.5029,0.3247,26.9375
2024-10-19 11,0.5103,0.3489,0.3645
2024-10-19 12,0.4426,0.4167,14.8906
2024-10-19 13,0.4260,0.4795,9.0938
2024-10-19 14,0.3711,0.4529,18.2656
2024-10-19 15,0.4607,0.4224,-2.0000
2024-10-19 16,0.5015,0.2499,20.5781
2024-10-19 17,0.5508,0.0551,54.7812
2024-10-19 18,0.4202,0.0004,67.0625
2024-10-19 19,0.4087,0.0001,72.9375
2024-10-19 20,0.3638,0.0001,61.1250
2024-10-19 21,0.3667,0.0000,31.2031
2024-10-19 22,0.3276,0.0000,36.5000
2024-10-19 23,0.2484,0.0000,29.3750
2024-10-20 00,0.2333,0.0000,38.8125
2024-10-20 01,0.1893,0.0000,49.5312
2024-10-20 02,0.2435,0.0000,34.5625
2024-10-20 03,0.2469,0.0000,26.8594
2024-10-20 04,0.2656,0.0000,40.8750
2024-10-20 05,0.2996,0.0000,37.0000
2024-10-20 06,0.3430,0.0003,49.6875
2024-10-20 07,0.3506,0.0435,42.3125
2024-10-20 08,0.3533,0.1729,28.5781
2024-10-20 09,0.2913,0.4478,5.4648
2024-10-20 10,0.2927,0.3684,31.8750
2024-10-20 11,0.2783,0.3105,33.0000
2024-10-20 12,0.2876,0.3721,23.9844
2024-10-20 13,0.3408,0.3796,8.8828
2024-10-20 14,0.3557,0.3496,9.1172
2024-10-20 15,0.3608,0.3191,25.0625
2024-10-20 16,0.3774,0.2047,65.5625
2024-10-20 17,0.3430,0.0345,93.3750
2024-10-20 18,0.3262,0.0004,92.8750
2024-10-20 19,0.2986,0.0001,93.6250
2024-10-20 20,0.3120,0.0001,62.9688
2024-10-20 21,0.3838,0.0000,38.3125
2024-10-20 22,0.4019,0.0000,28.9844
2024-10-20 23,0.4492,0.0000,26.1719
2024-10-21 00,0.4980,0.0000,27.1562
2024-10-21 01,0.4978,0.0000,16.7656
2024-10-21 02,0.4548,0.0000,41.5625
2024-10-21 03,0.4478,0.0000,34.0312
2024-10-21 04,0.4597,0.0000,26.9688
2024-10-21 05,0.4895,0.0000,72.2500
2024-10-21 06,0.4822,0.0000,79.3750
2024-10-21 07,0.4922,0.0162,75.0625
2024-10-21 08,0.5732,0.0963,56.0000
2024-10-21 09,0.5596,0.2362,37.2500
2024-10-21 10,0.5625,0.3362,35.7188
2024-10-21 11,0.6196,0.2294,50.0625
2024-10-21 12,0.6445,0.3269,34.1562
2024-10-21 13,0.7227,0.2269,42.2500
2024-10-21 14,0.7788,0.2084,23.6719
2024-10-21 15,0.7837,0.1715,44.1250
2024-10-21 16,0.7803,0.1407,59.0000
2024-10-21 17,0.6934,0.0256,84.5625
2024-10-21 18,0.6655,0.0003,87.5625
2024-10-21 19,0.5986,0.0000,107.7500
2024-10-21 20,0.6572,0.0001,91.3125
2024-10-21 21,0.6992,0.0000,41.7188
2024-10-21 22,0.7041,0.0000,11.5078
2024-10-21 23,0.6743,0.0000,0.5176
2024-10-22 00,0.6377,0.0000,-2.0000
2024-10-22 01,0.5684,0.0000,-2.0000
2024-10-22 02,0.5322,0.0000,28.2656
2024-10-22 03,0.5625,0.0000,16.9219
2024-10-22 04,0.5400,0.0000,18.6562
2024-10-22 05,0.5176,0.0000,29.0312
2024-10-22 06,0.5312,0.0001,61.4688
2024-10-22 07,0.5337,0.0088,42.6875
2024-10-22 08,0.5039,0.0461,49.8125
2024-10-22 09,0.4890,0.0989,64.7500
2024-10-22 10,0.4785,0.1439,49.1250
2024-10-22 11,0.5049,0.0862,27.1406
2024-10-22 12,0.5078,0.0859,48.9375
2024-10-22 13,0.4543,0.0814,66.5625
2024-10-22 14,0.4482,0.0825,47.5312
2024-10-22 15,0.4434,0.0634,45.9688
2024-10-22 16,0.3989,0.0227,70.5000
2024-10-22 17,0.3628,0.0113,76.1875
2024-10-22 18,0.3096,0.0001,110.4375
2024-10-22 19,0.2566,0.0000,118.1875
2024-10-22 20,0.2395,0.0000,96.0625
2024-10-22 21,0.2133,0.0000,101.0000
2024-10-22 22,0.2006,0.0000,99.7500
2024-10-22 23,0.1985,0.0000,83.1250
2024-10-23 00,0.2235,0.0000,73.2500
2024-10-23 01,0.2314,0.0000,54.1250
2024-10-23 02,0.2021,0.0000,48.7500
2024-10-23 03,0.2355,0.0000,57.7188
2024-10-23 04,0.2203,0.0000,70.1250
2024-10-23 05,0.2014,0.0000,88.5000
2024-10-23 06,0.1473,0.0000,102.4375
2024-10-23 07,0.1438,0.0088,84.6250
2024-10-23 08,0.1276,0.0423,72.1250
2024-10-23 09,0.1207,0.1219,71.6875
2024-10-23 10,0.1593,0.0866,70.0000
2024-10-23 11,0.1855,0.0862,87.0625
2024-10-23 12,0.1541,0.1368,73.0625
2024-10-23 13,0.1483,0.0922,69.7500
2024-10-23 14,0.1672,0.0825,53.8125
2024-10-23 15,0.1646,0.0793,50.5000
2024-10-23 16,0.1682,0.0227,60.4062
2024-10-23 17,0.1552,0.0019,86.2500
2024-10-23 18,0.1373,0.0000,103.8750
2024-10-23 19,0.1478,0.0000,103.5625
2024-10-23 20,0.1602,0.0000,86.1250
2024-10-23 21,0.1636,0.0000,85.3750
2024-10-23 22,0.1917,0.0000,77.3125
2024-10-23 23,0.3025,0.0000,72.0000
2024-10-24 00,0.2969,0.0000,64.8125
2024-10-24 01,0.2874,0.0000,85.3750
2024-10-24 02,0.2952,0.0000,79.1250
2024-10-24 03,0.3000,0.0000,69.5000
2024-10-24 04,0.3240,0.0000,58.4688
2024-10-24 05,0.3489,0.0000,70.2500
2024-10-24 06,0.4883,0.0016,66.0625
2024-10-24 07,0.5347,0.0562,49.4375
2024-10-24 08,0.5366,0.2134,28.2344
2024-10-24 09,0.4880,0.3086,46.5000
2024-10-24 10,0.5425,0.3545,40.5938
2024-10-24 11,0.5654,0.3484,28.6406
2024-10-24 12,0.6323,0.3752,43.2812
2024-10-24 13,0.6279,0.4490,38.0938
2024-10-24 14,0.6890,0.4404,45.3438
2024-10-24 15,0.7178,0.3098,48.2500
2024-10-24 16,0.7246,0.1693,62.4688
2024-10-24 17,0.7539,0.0325,89.5625
2024-10-24 18,0.7466,0.0002,116.8125
2024-10-24 19,0.7847,0.0000,110.7500
2024-10-24 20,0.7500,0.0000,106.1875
2024-10-24 21,0.7222,0.0000,89.4375
2024-10-24 22,0.7041,0.0000,84.5625
2024-10-24 23,0.6895,0.0000,61.9375
2024-10-25 00,0.6655,0.0000,51.8125
2024-10-25 01,0.6626,0.0000,55.6250
2024-10-25 02,0.6729,0.0000,65.3125
2024-10-25 03,0.6011,0.0000,67.0625
2024-10-25 04,0.6445,0.0000,62.0625
2024-10-25 05,0.6958,0.0001,66.2500
2024-10-25 06,0.7026,0.0024,80.1875
2024-10-25 07,0.6948,0.0891,59.5938
2024-10-25 08,0.6772,0.3496,49.1562
2024-10-25 09,0.6704,0.5571,31.5938
2024-10-25 10,0.6860,0.6748,41.7500
2024-10-25 11,0.7227,0.6821,17.1719
2024-10-25 12,0.7261,0.6045,25.9688
2024-10-25 13,0.6694,0.6704,19.4844
2024-10-25 14,0.7021,0.5190,45.5312
2024-10-25 15,0.7134,0.4238,43.0938
2024-10-25 16,0.7139,0.3027,36.0625
2024-10-25 17,0.7461,0.0608,47.5938
2024-10-25 18,0.7393,0.0005,67.4375
2024-10-25 19,0.7466,0.0001,69.1875
2024-10-25 20,0.6938,0.0001,51.5000
2024-10-25 21,0.6191,0.0001,61.5625
2024-10-25 22,0.6152,0.0001,36.7188
2024-10-25 23,0.5947,0.0000,37.1875
2024-10-26 00,0.4797,0.0000,35.8750
2024-10-26 01,0.5723,0.0000,25.6406
2024-10-26 02,0.5571,0.0000,41.4062
2024-10-26 03,0.5195,0.0000,42.6250
2024-10-26 04,0.4644,0.0000,55.5938
2024-10-26 05,0.4360,0.0001,47.7500
2024-10-26 06,0.4160,0.0021,60.9688
2024-10-26 07,0.3801,0.0815,51.7812
2024-10-26 08,0.2744,0.2512,61.8125
2024-10-26 09,0.1997,0.3865,60.7500
2024-10-26 10,0.1271,0.4800,60.5938
2024-10-26 11,0.1136,0.4888,53.5312
2024-10-26 12,0.1177,0.4316,42.0312
2024-10-26 13,0.0542,0.5566,37.5000
2024-10-26 14,0.0691,0.4595,48.5312
2024-10-26 15,0.0716,0.2954,36.1250
2024-10-26 16,0.0086,0.2262,65.9375
2024-10-26 17,0.0587,0.0415,93.4375
2024-10-26 18,0.0099,0.0003,115.6875
2024-10-26 19,0.0080,0.0001,126.8750
2024-10-26 20,0.0177,0.0001,114.7500
2024-10-26 21,0.0008,0.0001,97.7500
2024-10-26 22,0.0439,0.0001,102.0625
2024-10-26 23,0.0034,0.0000,115.8125
2024-10-27 00,0.0095,0.0000,108.2500
2024-10-27 01,0.0374,0.0000,100.6875
2024-10-27 02,0.0200,0.0000,81.0000
2024-10-27 03,0.0627,0.0000,87.5625
2024-10-27 04,0.0734,0.0000,81.8750
2024-10-27 05,0.0213,0.0000,94.2500
2024-10-27 06,0.0224,0.0009,72.0625
2024-10-27 07,0.0026,0.0610,81.5000
2024-10-27 08,0.1215,0.2202,62.6875
2024-10-27 09,0.0217,0.2260,70.2500
2024-10-27 10,0.0090,0.2896,78.9375
2024-10-27 11,0.0230,0.3523,61.8438
2024-10-27 12,0.0023,0.3362,67.9375
2024-10-27 13,0.0253,0.4502,51.4062
2024-10-27 14,0.1085,0.4377,42.6875
2024-10-27 15,0.0103,0.3037,54.7500
2024-10-27 16,0.0195,0.1993,76.1875
2024-10-27 17,0.0197,0.0243,106.6250
2024-10-27 18,0.0853,0.0001,104.6875
2024-10-27 19,0.0011,0.0001,142.6250
2024-10-27 20,0.0008,0.0001,134.5000
2024-10-27 21,0.0200,0.0000,110.6250
2024-10-27 22,0.0016,0.0000,122.8125
2024-10-27 23,0.0021,0.0000,118.0000
2024-10-28 00,0.0236,0.0000,119.4375
2024-10-28 01,0.0158,0.0000,103.5625
2024-10-28 02,0.0195,0.0000,123.6250
2024-10-28 03,0.0473,0.0000,126.9375
2024-10-28 04,0.0057,0.0000,122.3125
2024-10-28 05,0.0108,0.0001,131.8750
2024-10-28 06,0.0201,0.0020,131.5000
2024-10-28 07,0.0253,0.0557,124.0000
2024-10-28 08,0.0164,0.1661,103.9375
2024-10-28 09,0.0118,0.2510,96.6875
2024-10-28 10,0.0082,0.3264,91.4375
2024-10-28 11,0.0207,0.3267,88.1875
2024-10-28 12,0.0210,0.3992,82.0625
2024-10-28 13,0.0254,0.4485,154.1250
2024-10-28 14,0.0321,0.4673,62.6250
2024-10-28 15,0.0634,0.3369,79.8125
2024-10-28 16,0.1136,0.1523,93.0000
2024-10-28 17,0.1447,0.0219,100.6875
2024-10-28 18,0.1292,0.0001,114.2500
2024-10-28 19,0.1343,0.0000,97.1250
2024-10-28 20,0.1533,0.0000,109.9375
2024-10-28 21,0.1530,0.0000,91.2500
2024-10-28 22,0.1597,0.0000,108.6875
2024-10-28 23,0.1619,0.0000,106.5000
2024-10-29 00,0.1771,0.0000,105.8750
2024-10-29 01,0.1997,0.0000,80.5000
2024-10-29 02,0.2026,0.0000,85.5625
2024-10-29 03,0.2080,0.0000,79.8750
2024-10-29 04,0.2435,0.0000,92.6250
2024-10-29 05,0.2435,0.0000,85.1875
2024-10-29 06,0.2471,0.0015,84.6875
2024-10-29 07,0.2255,0.0652,81.1250
2024-10-29 08,0.1554,0.2395,77.0000
2024-10-29 09,0.1030,0.3503,86.0000
2024-10-29 10,0.0972,0.3848,76.6250
2024-10-29 11,0.0817,0.4421,81.6250
2024-10-29 12,0.0793,0.5054,66.2500
2024-10-29 13,0.0742,0.5889,43.5938
2024-10-29 14,0.1725,0.4573,40.1250
2024-10-29 15,0.2214,0.3059,54.8125
2024-10-29 16,0.2710,0.1421,88.4375
2024-10-29 17,0.2964,0.0310,85.9375
2024-10-29 18,0.2781,0.0001,93.5000
2024-10-29 19,0.2820,0.0001,112.5625
2024-10-29 20,0.3015,0.0001,103.0000
2024-10-29 21,0.2847,0.0001,92.4375
2024-10-29 22,0.2426,0.0001,81.6875
2024-10-29 23,0.2124,0.0000,89.5625
2024-10-30 00,0.1774,0.0000,70.0625
2024-10-30 01,0.2308,0.0000,60.7500
2024-10-30 02,0.2329,0.0000,59.5938
2024-10-30 03,0.3899,0.0000,16.6875
2024-10-30 04,0.4509,0.0000,42.0938
2024-10-30 05,0.5190,0.0001,8.0938
2024-10-30 06,0.5322,0.0036,2.6699
2024-10-30 07,0.5244,0.0937,74.0625
2024-10-30 08,0.5610,0.2898,61.5625
2024-10-30 09,0.6421,0.4753,38.1875
2024-10-30 10,0.6504,0.5298,6.3203
2024-10-30 11,0.6733,0.5288,12.6562
2024-10-30 12,0.6821,0.6377,-2.0000
2024-10-30 13,0.6855,0.6738,-2.0000
2024-10-30 14,0.6450,0.6196,-2.0000
2024-10-30 15,0.6899,0.4019,-2.0000
2024-10-30 16,0.7310,0.1962,12.4844
2024-10-30 17,0.7173,0.0416,26.7188
2024-10-30 18,0.6650,0.0004,46.7188
2024-10-30 19,0.6685,0.0001,55.6250
2024-10-30 20,0.5708,0.0001,45.9375
2024-10-30 21,0.5767,0.0001,42.0625
2024-10-30 22,0.6294,0.0001,31.1875
2024-10-30 23,0.5942,0.0000,47.5625
2024-10-31 00,0.6284,0.0000,40.8438
2024-10-31 01,0.6382,0.0000,15.7891
2024-10-31 02,0.6675,0.0000,9.2188
2024-10-31 03,0.6865,0.0000,-2.0000
2024-10-31 04,0.7026,0.0000,-2.0000
2024-10-31 05,0.6104,0.0001,21.2188
2024-10-31 06,0.6445,0.0042,50.5938
2024-10-31 07,0.6406,0.0867,31.0625
2024-10-31 08,0.5889,0.2467,39.7500
2024-10-31 09,0.5464,0.4319,28.3906
2024-10-31 10,0.5337,0.5376,18.0000
2024-10-31 11,0.5181,0.5884,19.0156
2024-10-31 12,0.3901,0.6255,17.4844
2024-10-31 13,0.3147,0.7134,0.3965
2024-10-31 14,0.3325,0.6494,16.7812
2024-10-31 15,0.2375,0.4504,40.3125
2024-10-31 16,0.2588,0.2058,65.5000
2024-10-31 17,0.2747,0.0449,83.2500
2024-10-31 18,0.2285,0.0004,86.5000
2024-10-31 19,0.2079,0.0001,110.6250
2024-10-31 20,0.0551,0.0001,116.9375
2024-10-31 21,0.0126,0.0001,117.5625
2024-10-31 22,0.0306,0.0000,95.2500
2024-10-31 23,0.0216,0.0000,129.8750
2024-11-01 00,0.0436,0.0000,132.2500
2024-11-01 01,0.0100,0.0000,112.1875
2024-11-01 02,0.0045,0.0000,98.6875
2024-11-01 03,0.0103,0.0000,115.2500
2024-11-01 04,0.0012,0.0000,97.5625
2024-11-01 05,0.0066,0.0000,130.3750
2024-11-01 06,0.0371,0.0000,146.0000
2024-11-01 07,0.0490,0.0145,150.1250
2024-11-01 08,0.0450,0.1318,126.1875
2024-11-01 09,0.0255,0.2365,132.2500
2024-11-01 10,0.0326,0.3525,115.4375
2024-11-01 11,0.0647,0.4182,121.5625
2024-11-01 12,0.0870,0.4360,108.7500
2024-11-01 13,0.1285,0.3755,86.6875
2024-11-01 14,0.1594,0.3379,79.8125
2024-11-01 15,0.2114,0.1943,79.1250
2024-11-01 16,0.2573,0.0688,110.5625
2024-11-01 17,0.2700,0.0022,117.0000
2024-11-01 18,0.2766,0.0001,118.9375
2024-11-01 19,0.2443,0.0001,145.8750
2024-11-01 20,0.2615,0.0001,129.6250
2024-11-01 21,0.3108,0.0001,117.6875
2024-11-01 22,0.2866,0.0001,112.6250
2024-11-01 23,0.2585,0.0000,97.6875
2024-11-02 00,0.2058,0.0000,89.1250
2024-11-02 01,0.1749,0.0000,72.3125
2024-11-02 02,0.1630,0.0000,75.3750
2024-11-02 03,0.1015,0.0000,94.0625
2024-11-02 04,0.2399,0.0000,56.6875
2024-11-02 05,0.2281,0.0000,70.3125
2024-11-02 06,0.2239,0.0000,89.9375
2024-11-02 07,0.2168,0.0152,91.4375
2024-11-02 08,0.1881,0.1349,89.4375
2024-11-02 09,0.2035,0.2922,82.4375
2024-11-02 10,0.1592,0.4348,62.5938
2024-11-02 11,0.1584,0.4697,62.3438
2024-11-02 12,0.1112,0.4963,39.9688
2024-11-02 13,0.1598,0.3850,18.7812
2024-11-02 14,0.2059,0.3608,39.7812
2024-11-02 15,0.2028,0.2698,62.4688
2024-11-02 16,0.2380,0.0705,98.2500
2024-11-02 17,0.3003,0.0010,99.8750
2024-11-02 18,0.2998,0.0000,112.0000
2024-11-02 19,0.2379,0.0000,147.5000
2024-11-02 20,0.2260,0.0001,140.6250
2024-11-02 21,0.2256,0.0001,105.5000
2024-11-02 22,0.2463,0.0000,116.6250
2024-11-02 23,0.2512,0.0000,95.4375
2024-11-03 00,0.2815,0.0000,86.4375
2024-11-03 01,0.1309,0.0000,93.9375
2024-11-03 02,0.1279,0.0000,89.0000
2024-11-03 03,0.0900,0.0000,83.4375
2024-11-03 04,0.0072,0.0000,83.3750
2024-11-03 05,0.0231,0.0000,89.5000
2024-11-03 06,0.0102,0.0000,70.0625
2024-11-03 07,0.0085,0.0222,67.0000
2024-11-03 08,0.0647,0.2056,46.5625
2024-11-03 09,0.0021,0.3647,55.0000
2024-11-03 10,0.0228,0.5396,32.4375
2024-11-03 11,0.0088,0.5508,51.7812
2024-11-03 12,0.0384,0.4893,61.0000
2024-11-03 13,0.0020,0.3936,55.7188
2024-11-03 14,0.0301,0.3823,38.0312
2024-11-03 15,0.0108,0.2930,53.5625
2024-11-03 16,0.0209,0.0983,89.0000
2024-11-03 17,0.0027,0.0024,43.7812
2024-11-03 18,0.0298,0.0001,49.9062
2024-11-03 19,0.0291,0.0001,62.3438
2024-11-03 20,0.0045,0.0001,63.1250
2024-11-03 21,0.0070,0.0001,52.1875
2024-11-03 22,0.0090,0.0001,52.1875
2024-11-03 23,0.0043,0.0000,87.8125
2024-11-04 00,0.0215,0.0000,99.5000
2024-11-04 01,0.0259,0.0000,89.2500
2024-11-04 02,0.0025,0.0000,86.8750
2024-11-04 03,0.0095,0.0000,102.8750
2024-11-04 04,0.0650,0.0000,109.8125
2024-11-04 05,0.0629,0.0000,126.6250
2024-11-04 06,0.1122,0.0000,118.1875
2024-11-04 07,0.1250,0.0020,129.8750
2024-11-04 08,0.1020,0.0781,100.5000
2024-11-04 09,0.1187,0.1675,108.1250
2024-11-04 10,0.1086,0.2930,97.0625
2024-11-04 11,0.1467,0.3706,83.4375
2024-11-04 12,0.1924,0.3506,17.8438
2024-11-04 13,0.2327,0.3428,14.8281
2024-11-04 14,0.3472,0.2463,81.7500
2024-11-04 15,0.3660,0.1583,85.1250
2024-11-04 16,0.3584,0.0581,110.1250
2024-11-04 17,0.3362,0.0013,130.1250
2024-11-04 18,0.3030,0.0000,128.0000
2024-11-04 19,0.3699,0.0000,93.9375
2024-11-04 20,0.3550,0.0000,90.9375
2024-11-04 21,0.3347,0.0001,88.9375
2024-11-04 22,0.3345,0.0001,79.1250
2024-11-04 23,0.2817,0.0000,83.6250
2024-11-05 00,0.1957,0.0000,93.7500
2024-11-05 01,0.1749,0.0000,94.1875
2024-11-05 02,0.1487,0.0000,74.0000
2024-11-05 03,0.0994,0.0000,93.5000
2024-11-05 04,0.0551,0.0000,128.0000
2024-11-05 05,0.0332,0.0000,130.6250
2024-11-05 06,0.0255,0.0000,151.5000
2024-11-05 07,0.0410,0.0118,162.1250
2024-11-05 08,0.0524,0.1276,137.2500
2024-11-05 09,0.0482,0.2266,92.9375
2024-11-05 10,0.0632,0.3799,6.6641
2024-11-05 11,0.0524,0.4805,86.5000
2024-11-05 12,0.0527,0.4897,92.3125
2024-11-05 13,0.0491,0.5215,85.8125
2024-11-05 14,0.0819,0.4216,82.5000
2024-11-05 15,0.0726,0.2394,98.8125
2024-11-05 16,0.1207,0.0909,116.6875
2024-11-05 17,0.1393,0.0022,153.7500
2024-11-05 18,0.1216,0.0001,151.8750
2024-11-05 19,0.1874,0.0001,142.0000
2024-11-05 20,0.2505,0.0001,124.8125
2024-11-05 21,0.3015,0.0001,98.8750
2024-11-05 22,0.3010,0.0000,106.8125
2024-11-05 23,0.3540,0.0000,80.5625
2024-11-06 00,0.3584,0.0000,69.8125
2024-11-06 01,0.3318,0.0000,75.7500
2024-11-06 02,0.3274,0.0000,52.3750
2024-11-06 03,0.3242,0.0000,57.9688
2024-11-06 04,0.2827,0.0000,79.1250
2024-11-06 05,0.2129,0.0000,77.2500
2024-11-06 06,0.1959,0.0000,87.0000
2024-11-06 07,0.1973,0.0098,111.3750
2024-11-06 08,0.1918,0.1385,96.1875
2024-11-06 09,0.2191,0.2874,83.0000
2024-11-06 10,0.1827,0.4216,83.7500
2024-11-06 11,0.1628,0.5342,63.4375
2024-11-06 12,0.1670,0.5562,44.6250
2024-11-06 13,0.1609,0.5493,51.5312
2024-11-06 14,0.1899,0.4141,80.8125
2024-11-06 15,0.2083,0.2634,101.5000
2024-11-06 16,0.2421,0.0974,106.1250
2024-11-06 17,0.3499,0.0023,120.8125
2024-11-06 18,0.3245,0.0001,147.2500
2024-11-06 19,0.2998,0.0001,149.8750
2024-11-06 20,0.3408,0.0001,133.1250
2024-11-06 21,0.3049,0.0001,124.1875
2024-11-06 22,0.2783,0.0001,131.3750
2024-11-06 23,0.2627,0.0000,125.0625
2024-11-07 00,0.2639,0.0000,112.1250
2024-11-07 01,0.2739,0.0000,106.6250
2024-11-07 02,0.3213,0.0000,118.2500
2024-11-07 03,0.3525,0.0000,102.6875
2024-11-07 04,0.3325,0.0000,125.5000
2024-11-07 05,0.3218,0.0000,144.7500
2024-11-07 06,0.1420,0.0000,165.8750
2024-11-07 07,0.1550,0.0020,162.2500
2024-11-07 08,0.1617,0.0345,169.0000
2024-11-07 09,0.2678,0.0743,146.8750
2024-11-07 10,0.3198,0.1260,134.7500
2024-11-07 11,0.2795,0.2323,104.7500
2024-11-07 12,0.2988,0.2136,104.0625
2024-11-07 13,0.3188,0.2089,102.4375
2024-11-07 14,0.3452,0.1149,96.6875
2024-11-07 15,0.3191,0.0545,100.7500
2024-11-07 16,0.1952,0.0601,113.4375
2024-11-07 17,0.1460,0.0019,131.6250
2024-11-07 18,0.0543,0.0000,143.3750
2024-11-07 19,0.0171,0.0000,141.2500
2024-11-07 20,0.0258,0.0001,121.0625
2024-11-07 21,0.0170,0.0001,95.9375
2024-11-07 22,0.0074,0.0000,100.6250
2024-11-07 23,0.0262,0.0000,92.3125
2024-11-08 00,0.0168,0.0000,92.4375
2024-11-08 01,0.0333,0.0000,100.9375
2024-11-08 02,0.0043,0.0000,104.6875
2024-11-08 03,0.0009,0.0000,130.7500
2024-11-08 04,0.0141,0.0000,125.5625
2024-11-08 05,0.0883,0.0000,149.2500
2024-11-08 06,0.1288,0.0000,160.1250
2024-11-08 07,0.1656,0.0086,134.1250
2024-11-08 08,0.1390,0.0605,148.0000
2024-11-08 09,0.1399,0.1323,136.3750
2024-11-08 10,0.1497,0.2042,126.4375
2024-11-08 11,0.1395,0.3113,107.7500
2024-11-08 12,0.1290,0.3469,97.1250
2024-11-08 13,0.1882,0.2460,124.4375
2024-11-08 14,0.2915,0.2249,127.5000
2024-11-08 15,0.2976,0.2094,119.1250
2024-11-08 16,0.3594,0.0910,122.7500
2024-11-08 17,0.3469,0.0027,144.8750
2024-11-08 18,0.2996,0.0000,160.6250
2024-11-08 19,0.2693,0.0000,148.0000
2024-11-08 20,0.2285,0.0001,152.2500
2024-11-08 21,0.2515,0.0001,141.7500
2024-11-08 22,0.2440,0.0000,150.2500
2024-11-08 23,0.2551,0.0000,34.9062
2024-11-09 00,0.2920,0.0000,20.6875
2024-11-09 01,0.2979,0.0000,10.9766
2024-11-09 02,0.3093,0.0000,-2.0000
2024-11-09 03,0.3215,0.0000,143.2500
2024-11-09 04,0.3477,0.0000,127.3750
2024-11-09 05,0.3657,0.0000,126.0625
2024-11-09 06,0.3770,0.0000,107.8750
2024-11-09 07,0.3931,0.0020,98.1250
2024-11-09 08,0.4006,0.0345,110.5625
2024-11-09 09,0.4065,0.1017,88.1875
2024-11-09 10,0.3940,0.1915,71.1250
2024-11-09 11,0.4194,0.2230,123.7500
2024-11-09 12,0.4138,0.1770,134.1250
2024-11-09 13,0.4038,0.1735,166.8750
2024-11-09 14,0.3049,0.1436,132.6250
2024-11-09 15,0.2981,0.0716,149.8750
2024-11-09 16,0.2861,0.0311,169.5000
2024-11-09 17,0.2281,0.0011,127.3750
2024-11-09 18,0.1965,0.0000,135.5000
2024-11-09 19,0.1440,0.0000,161.8750
2024-11-09 20,0.1217,0.0000,149.6250
2024-11-09 21,0.1086,0.0000,138.2500
2024-11-09 22,0.0538,0.0000,121.2500
2024-11-09 23,0.0518,0.0000,116.5625
2024-11-10 00,0.0288,0.0000,112.4375
2024-11-10 01,0.0061,0.0000,113.0000
2024-11-10 02,0.0943,0.0000,101.9375
2024-11-10 03,0.0062,0.0000,120.8125
2024-11-10 04,0.0573,0.0000,135.6250
2024-11-10 05,0.0198,0.0000,144.8750
2024-11-10 06,0.0280,0.0000,136.1250
2024-11-10 07,0.0142,0.0136,146.0000
2024-11-10 08,0.0502,0.1250,137.5000
2024-11-10 09,0.0093,0.2527,133.8750
2024-11-10 10,0.0083,0.2971,125.8125
2024-11-10 11,0.0602,0.3325,103.7500
2024-11-10 12,0.0523,0.2671,128.3750
2024-11-10 13,0.0052,0.2947,118.0000
2024-11-10 14,0.0227,0.2795,137.3750
2024-11-10 15,0.0078,0.1683,119.8750
2024-11-10 16,0.0102,0.0343,135.8750
2024-11-10 17,0.0228,0.0002,151.7500
2024-11-10 18,0.0035,0.0000,156.1250
2024-11-10 19,0.0037,0.0000,179.8750
2024-11-10 20,0.0194,0.0000,183.5000
2024-11-10 21,0.0331,0.0000,175.2500
2024-11-10 22,0.0414,0.0000,172.0000
2024-11-10 23,0.0612,0.0000,175.6250
2024-11-11 00,0.0646,0.0000,165.7500
2024-11-11 01,0.0815,0.0000,145.8750
2024-11-11 02,0.1398,0.0000,139.3750
2024-11-11 03,0.1454,0.0000,132.1250
2024-11-11 04,0.1598,0.0000,137.0000
2024-11-11 05,0.1793,0.0000,149.8750
2024-11-11 06,0.1836,0.0000,132.7500
2024-11-11 07,0.1926,0.0116,138.3750
2024-11-11 08,0.1898,0.1132,126.9375
2024-11-11 09,0.1932,0.2313,116.2500
2024-11-11 10,0.2145,0.2537,105.3125
2024-11-11 11,0.2339,0.2329,120.8750
2024-11-11 12,0.2532,0.1863,104.5000
2024-11-11 13,0.2776,0.1609,105.0625
2024-11-11 14,0.2932,0.1648,115.4375
2024-11-11 15,0.3079,0.1204,127.3125
2024-11-11 16,0.3418,0.0234,120.5000
2024-11-11 17,0.3250,0.0001,128.3750
2024-11-11 18,0.3311,0.0000,137.3750
2024-11-11 19,0.3564,0.0001,140.1250
2024-11-11 20,0.3699,0.0001,122.5625
2024-11-11 21,0.4346,0.0000,128.3750
2024-11-11 22,0.4644,0.0000,112.6250
2024-11-11 23,0.5522,0.0000,83.5625
2024-11-12 00,0.5342,0.0000,80.3750
2024-11-12 01,0.5210,0.0000,86.5625
2024-11-12 02,0.4897,0.0000,92.5625
2024-11-12 03,0.4917,0.0000,81.6875
2024-11-12 04,0.4844,0.0000,102.2500
2024-11-12 05,0.4829,0.0000,131.6250
2024-11-12 06,0.5259,0.0000,132.7500
2024-11-12 07,0.5371,0.0204,122.8750
2024-11-12 08,0.5337,0.1605,112.5000
2024-11-12 09,0.4717,0.2732,80.3750
2024-11-12 10,0.4692,0.3193,73.5625
2024-11-12 11,0.3130,0.4011,90.8125
2024-11-12 12,0.2961,0.3667,110.5625
2024-11-12 13,0.3083,0.3887,101.3125
2024-11-12 14,0.3242,0.3140,107.7500
2024-11-12 15,0.3469,0.1713,111.4375
2024-11-12 16,0.3933,0.0440,117.6250
2024-11-12 17,0.3779,0.0001,112.9375
2024-11-12 18,0.3542,0.0000,127.9375
2024-11-12 19,0.4011,0.0000,123.1875
2024-11-12 20,0.4016,0.0000,100.3125
2024-11-12 21,0.2605,0.0000,109.6875
2024-11-12 22,0.2546,0.0000,111.0000
2024-11-12 23,0.2236,0.0000,102.0000
2024-11-13 00,0.1512,0.0000,110.7500
2024-11-13 01,0.1455,0.0000,133.6250
2024-11-13 02,0.1177,0.0000,135.8750
2024-11-13 03,0.0924,0.0000,140.6250
2024-11-13 04,0.0812,0.0000,143.7500
2024-11-13 05,0.0969,0.0000,154.3750
2024-11-13 06,0.0369,0.0000,166.6250
2024-11-13 07,0.0797,0.0154,169.5000
2024-11-13 08,0.0842,0.1573,139.5000
2024-11-13 09,0.1580,0.2886,108.0625
2024-11-13 10,0.1259,0.3684,134.1250
2024-11-13 11,0.1104,0.4561,123.8125
2024-11-13 12,0.1520,0.4167,108.9375
2024-11-13 13,0.1827,0.4524,93.8750
2024-11-13 14,0.2725,0.2947,91.3750
2024-11-13 15,0.2659,0.1737,102.3125
2024-11-13 16,0.2339,0.0562,104.8125
2024-11-13 17,0.2283,0.0016,108.8750
2024-11-13 18,0.2133,0.0001,140.8750
2024-11-13 19,0.2209,0.0001,152.8750
2024-11-13 20,0.2500,0.0001,128.2500
2024-11-13 21,0.2788,0.0001,90.1875
2024-11-13 22,0.3711,0.0001,79.3750
2024-11-13 23,0.3701,0.0000,74.2500
2024-11-14 00,0.3071,0.0000,82.5625
2024-11-14 01,0.2915,0.0000,61.0000
2024-11-14 02,0.3335,0.0000,56.6250
2024-11-14 03,0.3547,0.0000,54.2500
2024-11-14 04,0.3872,0.0000,68.1250
2024-11-14 05,0.3867,0.0000,97.1875
2024-11-14 06,0.4082,0.0000,109.1250
2024-11-14 07,0.3833,0.0211,103.6875
2024-11-14 08,0.3521,0.1870,85.8750
2024-11-14 09,0.3174,0.3362,62.3438
2024-11-14 10,0.2062,0.3792,68.4375
2024-11-14 11,0.1665,0.4189,82.7500
2024-11-14 12,0.1838,0.3757,154.1250
2024-11-14 13,0.1915,0.3948,149.1250
2024-11-14 14,0.2406,0.2791,155.3750
2024-11-14 15,0.2450,0.1709,213.8750
2024-11-14 16,0.2212,0.0608,179.8750
2024-11-14 17,0.2051,0.0024,218.0000
2024-11-14 18,0.2230,0.0001,220.0000
2024-11-14 19,0.2252,0.0001,161.3750
2024-11-14 20,0.2200,0.0001,146.2500
2024-11-14 21,0.2083,0.0001,109.6875
2024-11-14 22,0.1414,0.0001,118.0625
2024-11-14 23,0.0518,0.0001,126.0625
2024-11-15 00,0.0496,0.0000,132.1250
2024-11-15 01,0.0585,0.0000,128.8750
2024-11-15 02,0.0630,0.0000,116.7500
2024-11-15 03,0.1166,0.0000,123.6250
2024-11-15 04,0.1379,0.0000,125.9375
2024-11-15 05,0.2169,0.0000,127.8750
2024-11-15 06,0.2096,0.0001,125.8125
2024-11-15 07,0.2037,0.0358,110.9375
2024-11-15 08,0.1528,0.2158,112.9375
2024-11-15 09,0.1262,0.3911,102.3125
2024-11-15 10,0.1186,0.4587,76.5625
2024-11-15 11,0.1000,0.5186,91.1250
2024-11-15 12,0.0958,0.5464,77.5625
2024-11-15 13,0.0652,0.5073,95.9375
2024-11-15 14,0.1091,0.3201,136.3750
2024-11-15 15,0.0717,0.2009,152.6250
2024-11-15 16,0.1112,0.0804,134.7500
2024-11-15 17,0.1028,0.0031,156.5000
2024-11-15 18,0.0755,0.0001,165.2500
2024-11-15 19,0.1047,0.0001,172.8750
2024-11-15 20,0.0993,0.0001,176.1250
2024-11-15 21,0.0654,0.0001,166.8750
2024-11-15 22,0.0413,0.0001,158.6250
2024-11-15 23,0.0096,0.0001,139.6250
2024-11-16 00,0.0198,0.0000,120.4375
2024-11-16 01,0.0246,0.0000,125.1875
2024-11-16 02,0.0725,0.0000,125.5000
2024-11-16 03,0.0052,0.0000,131.3750
2024-11-16 04,0.0406,0.0000,129.2500
2024-11-16 05,0.0287,0.0000,115.8125
2024-11-16 06,0.0096,0.0001,157.3750
2024-11-16 07,0.0044,0.0341,150.8750
2024-11-16 08,0.0184,0.1726,135.3750
2024-11-16 09,0.0199,0.3279,115.6875
2024-11-16 10,0.0098,0.3354,120.3125
2024-11-16 11,0.0258,0.4402,66.0625
2024-11-16 12,0.0253,0.5571,43.1875
2024-11-16 13,0.0033,0.5522,71.0625
2024-11-16 14,0.0357,0.4111,95.1250
2024-11-16 15,0.0694,0.2639,116.0625
2024-11-16 16,0.0870,0.1021,126.8750
2024-11-16 17,0.0875,0.0037,136.2500
2024-11-16 18,0.1082,0.0001,143.2500
2024-11-16 19,0.1478,0.0001,163.0000
2024-11-16 20,0.1807,0.0001,168.5000
2024-11-16 21,0.1860,0.0001,143.0000
2024-11-16 22,0.2213,0.0001,129.1250
2024-11-16 23,0.3271,0.0000,112.5625
2024-11-17 00,0.3057,0.0000,94.6875
2024-11-17 01,0.2959,0.0000,77.1250
2024-11-17 02,0.2483,0.0000,79.1875
2024-11-17 03,0.2230,0.0000,96.9375
2024-11-17 04,0.1976,0.0000,98.9375
2024-11-17 05,0.2462,0.0000,101.1250
2024-11-17 06,0.2642,0.0001,90.9375
2024-11-17 07,0.2842,0.0355,71.5000
2024-11-17 08,0.2676,0.2280,70.6250
2024-11-17 09,0.1597,0.4233,70.5625
2024-11-17 10,0.1140,0.5430,58.4375
2024-11-17 11,0.1035,0.5913,58.9688
2024-11-17 12,0.1132,0.6011,41.6875
2024-11-17 13,0.1185,0.5796,33.1875
2024-11-17 14,0.1383,0.5166,35.5938
2024-11-17 15,0.1992,0.3640,44.7188
2024-11-17 16,0.2520,0.1339,90.8125
2024-11-17 17,0.2546,0.0047,123.8125
2024-11-17 18,0.2842,0.0001,129.3750
2024-11-17 19,0.2822,0.0001,134.1250
2024-11-17 20,0.3149,0.0001,135.3750
2024-11-17 21,0.3015,0.0001,134.2500
2024-11-17 22,0.3267,0.0001,137.2500
2024-11-17 23,0.3274,0.0001,114.1875
2024-11-18 00,0.3408,0.0000,116.8125
2024-11-18 01,0.3435,0.0000,101.1250
2024-11-18 02,0.2864,0.0000,109.6875
2024-11-18 03,0.2744,0.0000,105.9375
2024-11-18 04,0.2566,0.0000,110.6875
2024-11-18 05,0.2373,0.0000,146.1250
2024-11-18 06,0.2047,0.0001,155.8750
2024-11-18 07,0.1810,0.0309,156.3750
2024-11-18 08,0.1267,0.1832,137.5000
2024-11-18 09,0.0494,0.3652,112.1875
2024-11-18 10,0.0423,0.4119,117.3750
2024-11-18 11,0.1249,0.4753,98.9375
2024-11-18 12,0.1232,0.5190,104.3125
2024-11-18 13,0.0486,0.5229,105.8750
2024-11-18 14,0.0615,0.5166,90.5625
2024-11-18 15,0.0975,0.3274,108.6875
2024-11-18 16,0.0717,0.1107,130.1250
2024-11-18 17,0.0652,0.0034,154.6250
2024-11-18 18,0.0117,0.0001,157.7500
2024-11-18 19,0.0402,0.0001,165.7500
2024-11-18 20,0.0720,0.0001,146.6250
2024-11-18 21,0.0814,0.0001,148.3750
2024-11-18 22,0.1130,0.0000,160.7500
2024-11-18 23,0.1654,0.0000,137.0000
2024-11-19 00,0.1820,0.0000,108.0625
2024-11-19 01,0.1895,0.0000,100.9375
2024-11-19 02,0.1682,0.0000,119.3750
2024-11-19 03,0.1600,0.0000,128.6250
2024-11-19 04,0.1516,0.0000,135.7500
2024-11-19 05,0.2032,0.0000,133.2500
2024-11-19 06,0.2686,0.0000,145.0000
2024-11-19 07,0.2729,0.0020,151.8750
2024-11-19 08,0.3157,0.0450,151.3750
2024-11-19 09,0.3477,0.1293,131.5000
2024-11-19 10,0.3469,0.2017,120.0000
2024-11-19 11,0.3586,0.2120,106.1875
2024-11-19 12,0.3596,0.2705,73.5625
2024-11-19 13,0.3416,0.3152,60.8750
2024-11-19 14,0.3069,0.3359,46.3125
2024-11-19 15,0.3818,0.2266,55.4688
2024-11-19 16,0.3965,0.0839,74.6250
2024-11-19 17,0.3894,0.0027,107.6875
2024-11-19 18,0.3906,0.0000,119.2500
2024-11-19 19,0.3477,0.0000,126.0000
2024-11-19 20,0.3489,0.0000,122.1875
2024-11-19 21,0.3669,0.0001,124.7500
2024-11-19 22,0.3696,0.0000,108.0000
2024-11-19 23,0.3601,0.0000,165.1250
2024-11-20 00,0.3357,0.0000,158.1250
2024-11-20 01,0.3188,0.0000,174.7500
2024-11-20 02,0.3296,0.0000,203.8750
2024-11-20 03,0.4053,0.0000,147.1250
2024-11-20 04,0.4583,0.0000,159.0000
2024-11-20 05,0.4509,0.0000,167.3750
2024-11-20 06,0.4263,0.0000,172.2500
2024-11-20 07,0.4321,0.0061,193.7500
2024-11-20 08,0.4001,0.0851,176.6250
2024-11-20 09,0.3694,0.1980,152.7500
2024-11-20 10,0.3884,0.3147,78.9375
2024-11-20 11,0.3801,0.3364,85.4375
2024-11-20 12,0.3660,0.3008,83.6875
2024-11-20 13,0.3635,0.2478,67.2500
2024-11-20 14,0.3513,0.2678,61.0312
2024-11-20 15,0.3289,0.1688,74.5625
2024-11-20 16,0.3149,0.0509,101.4375
2024-11-20 17,0.2598,0.0013,142.0000
2024-11-20 18,0.1998,0.0000,181.3750
2024-11-20 19,0.1400,0.0000,207.5000
2024-11-20 20,0.2593,0.0001,183.6250
2024-11-20 21,0.3479,0.0001,136.0000
2024-11-20 22,0.3115,0.0000,133.6250
2024-11-20 23,0.3037,0.0000,125.3125
2024-11-21 00,0.2852,0.0000,128.5000
2024-11-21 01,0.2815,0.0000,122.3750
2024-11-21 02,0.2715,0.0000,116.8750
2024-11-21 03,0.1571,0.0000,130.7500
2024-11-21 04,0.1207,0.0000,135.3750
2024-11-21 05,0.0612,0.0000,145.6250
2024-11-21 06,0.0590,0.0000,176.3750
2024-11-21 07,0.0449,0.0020,179.5000
2024-11-21 08,0.0103,0.0632,181.2500
2024-11-21 09,0.0027,0.1816,43.5312
2024-11-21 10,0.0812,0.2688,30.9844
2024-11-21 11,0.0088,0.2883,43.2812
2024-11-21 12,0.0782,0.3442,148.3750
2024-11-21 13,0.1083,0.3469,137.1250
2024-11-21 14,0.1758,0.2749,132.1250
2024-11-21 15,0.1975,0.1895,127.3125
2024-11-21 16,0.2012,0.0554,140.0000
2024-11-21 17,0.1801,0.0011,140.3750
2024-11-21 18,0.2524,0.0000,40.1250
2024-11-21 19,0.2349,0.0000,67.4375
2024-11-21 20,0.2910,0.0000,48.5625
2024-11-21 21,0.3015,0.0001,139.5000
2024-11-21 22,0.3066,0.0000,139.6250
2024-11-21 23,0.3660,0.0000,106.5625
2024-11-22 00,0.4148,0.0000,106.0000
2024-11-22 01,0.4229,0.0000,92.8125
2024-11-22 02,0.4600,0.0000,82.3125
2024-11-22 03,0.4517,0.0000,80.8750
2024-11-22 04,0.4099,0.0000,106.1250
2024-11-22 05,0.3894,0.0000,126.7500
2024-11-22 06,0.3850,0.0000,131.8750
2024-11-22 07,0.3887,0.0020,115.1875
2024-11-22 08,0.3616,0.0806,115.6250
2024-11-22 09,0.3281,0.2668,98.5000
2024-11-22 10,0.2996,0.3958,97.8125
2024-11-22 11,0.3398,0.5142,89.8125
2024-11-22 12,0.4324,0.5464,81.1875
2024-11-22 13,0.4329,0.5732,65.0625
2024-11-22 14,0.4875,0.5166,51.8125
2024-11-22 15,0.4316,0.3640,80.4375
2024-11-22 16,0.4631,0.1339,111.1875
2024-11-22 17,0.4253,0.0045,135.6250
2024-11-22 18,0.3875,0.0001,138.2500
2024-11-22 19,0.3748,0.0001,137.5000
2024-11-22 20,0.4006,0.0001,101.0000
2024-11-22 21,0.4175,0.0001,96.6250
2024-11-22 22,0.4409,0.0001,91.0000
2024-11-22 23,0.5156,0.0001,74.0000
2024-11-23 00,0.4863,0.0000,92.2500
2024-11-23 01,0.4800,0.0000,113.0000
2024-11-23 02,0.4270,0.0000,116.6250
2024-11-23 03,0.4163,0.0000,91.3125
2024-11-23 04,0.4119,0.0000,103.7500
2024-11-23 05,0.4465,0.0000,108.5625
2024-11-23 06,0.4609,0.0000,106.0625
2024-11-23 07,0.4985,0.0164,87.4375
2024-11-23 08,0.4504,0.2345,84.0625
2024-11-23 09,0.4238,0.4233,63.7500
2024-11-23 10,0.4207,0.5430,28.7656
2024-11-23 11,0.4277,0.5913,29.2344
2024-11-23 12,0.4404,0.6011,-2.0000
2024-11-23 13,0.4070,0.5796,-2.0000
2024-11-23 14,0.4202,0.5166,25.4375
2024-11-23 15,0.4670,0.3640,44.7812
2024-11-23 16,0.5308,0.1339,84.9375
2024-11-23 17,0.4780,0.0057,95.6875
2024-11-23 18,0.4128,0.0001,107.4375
2024-11-23 19,0.3560,0.0001,111.5000
2024-11-23 20,0.3811,0.0001,122.1250
2024-11-23 21,0.4209,0.0002,118.8125
2024-11-23 22,0.3430,0.0001,147.2500
2024-11-23 23,0.3110,0.0001,127.3750
2024-11-24 00,0.2891,0.0000,138.2500
2024-11-24 01,0.2507,0.0000,133.8750
2024-11-24 02,0.3293,0.0000,135.6250
2024-11-24 03,0.2839,0.0000,124.8125
2024-11-24 04,0.2063,0.0000,122.8750
2024-11-24 05,0.1840,0.0000,122.5625
2024-11-24 06,0.1423,0.0000,128.8750
2024-11-24 07,0.1434,0.0133,142.1250
2024-11-24 08,0.0122,0.1794,130.5000
2024-11-24 09,0.0127,0.3882,114.0000
2024-11-24 10,0.0076,0.5410,91.8750
2024-11-24 11,0.0028,0.5913,71.1250
2024-11-24 12,0.0057,0.6011,70.1250
2024-11-24 13,0.0213,0.5796,66.2500
2024-11-24 14,0.0140,0.5122,64.8125
2024-11-24 15,0.0013,0.3640,100.1250
2024-11-24 16,0.0192,0.1247,141.3750
2024-11-24 17,0.0395,0.0041,143.5000
2024-11-24 18,0.0808,0.0001,153.0000
2024-11-24 19,0.0368,0.0001,160.0000
2024-11-24 20,0.0259,0.0001,149.5000
2024-11-24 21,0.1063,0.0001,131.6250
2024-11-24 22,0.0524,0.0001,134.0000
2024-11-24 23,0.0025,0.0001,135.7500
2024-11-25 00,0.0062,0.0000,149.5000
2024-11-25 01,0.0586,0.0000,152.5000
2024-11-25 02,0.0081,0.0000,158.2500
2024-11-25 03,0.1049,0.0000,129.0000
2024-11-25 04,0.0089,0.0000,150.3750
2024-11-25 05,0.0171,0.0000,146.8750
2024-11-25 06,0.0287,0.0000,149.8750
2024-11-25 07,0.1589,0.0193,143.6250
2024-11-25 08,0.0023,0.1906,130.5000
2024-11-25 09,0.0867,0.3767,105.6250
2024-11-25 10,0.0197,0.4790,96.3125
2024-11-25 11,0.0010,0.5127,105.7500
2024-11-25 12,0.0067,0.5176,109.3125
2024-11-25 13,0.0050,0.5308,94.0000
2024-11-25 14,0.0815,0.5166,85.8125
2024-11-25 15,0.0303,0.3640,108.8750
2024-11-25 16,0.0648,0.1312,124.5000
2024-11-25 17,0.0891,0.0048,142.0000
2024-11-25 18,0.0993,0.0001,153.0000
2024-11-25 19,0.1005,0.0001,136.0000
2024-11-25 20,0.1305,0.0001,134.1250
2024-11-25 21,0.1995,0.0001,123.6875
2024-11-25 22,0.2072,0.0001,205.2500
2024-11-25 23,0.2612,0.0000,176.1250
2024-11-26 00,0.3181,0.0000,165.1250
2024-11-26 01,0.3196,0.0000,169.2500
2024-11-26 02,0.3782,0.0000,151.3750
2024-11-26 03,0.4653,0.0000,186.5000
2024-11-26 04,0.4739,0.0000,173.1250
2024-11-26 05,0.4241,0.0000,100.3125
2024-11-26 06,0.3821,0.0000,81.4375
2024-11-26 07,0.3945,0.0204,81.8125
2024-11-26 08,0.3848,0.1758,59.0625
2024-11-26 09,0.4417,0.3428,61.8750
2024-11-26 10,0.5459,0.3738,52.8750
2024-11-26 11,0.5610,0.4177,34.0938
2024-11-26 12,0.6675,0.4385,26.3125
2024-11-26 13,0.6875,0.4019,52.6562
2024-11-26 14,0.6777,0.4102,69.9375
2024-11-26 15,0.6396,0.2849,58.9688
2024-11-26 16,0.6606,0.0944,76.3750
2024-11-26 17,0.6626,0.0031,100.3125
2024-11-26 18,0.6484,0.0001,117.5000
2024-11-26 19,0.6016,0.0001,123.6875
2024-11-26 20,0.6011,0.0001,114.5625
2024-11-26 21,0.5776,0.0001,112.9375
2024-11-26 22,0.5635,0.0001,104.4375
2024-11-26 23,0.6162,0.0000,86.7500
2024-11-27 00,0.6587,0.0000,47.3750
2024-11-27 01,0.6670,0.0000,38.6250
2024-11-27 02,0.6572,0.0000,39.7500
2024-11-27 03,0.6353,0.0000,43.0000
2024-11-27 04,0.6255,0.0000,55.4375
2024-11-27 05,0.6367,0.0000,83.4375
2024-11-27 06,0.6152,0.0000,99.5000
2024-11-27 07,0.5532,0.0222,94.7500
2024-11-27 08,0.4192,0.1688,93.6875
2024-11-27 09,0.3889,0.3240,88.0000
2024-11-27 10,0.2634,0.4231,93.0625
2024-11-27 11,0.2937,0.4934,84.4375
2024-11-27 12,0.3413,0.4841,78.4375
2024-11-27 13,0.3713,0.4321,73.3750
2024-11-27 14,0.3762,0.4465,72.6250
2024-11-27 15,0.4832,0.3066,69.6875
2024-11-27 16,0.5234,0.0964,85.4375
2024-11-27 17,0.4746,0.0027,87.7500
2024-11-27 18,0.2998,0.0001,105.7500
2024-11-27 19,0.2891,0.0001,112.2500
2024-11-27 20,0.2878,0.0001,105.1875
2024-11-27 21,0.2900,0.0001,101.8750
2024-11-27 22,0.3164,0.0000,87.7500
2024-11-27 23,0.2717,0.0000,95.6875
2024-11-28 00,0.2849,0.0000,104.1875
2024-11-28 01,0.2277,0.0000,112.3125
2024-11-28 02,0.1531,0.0000,120.5000
2024-11-28 03,0.1392,0.0000,102.1875
2024-11-28 04,0.1136,0.0000,124.6875
2024-11-28 05,0.0793,0.0000,143.0000
2024-11-28 06,0.0684,0.0001,132.0000
2024-11-28 07,0.0327,0.0300,126.7500
2024-11-28 08,0.0963,0.2302,92.0000
2024-11-28 09,0.0848,0.4233,74.8750
2024-11-28 10,0.0331,0.5430,73.0625
2024-11-28 11,0.0090,0.5913,69.7500
2024-11-28 12,0.0097,0.6011,53.3438
2024-11-28 13,0.0518,0.5796,47.5938
2024-11-28 14,0.0695,0.5166,51.5938
2024-11-28 15,0.0292,0.3640,41.8750
2024-11-28 16,0.0441,0.1217,91.2500
2024-11-28 17,0.0909,0.0034,83.0625
2024-11-28 18,0.1246,0.0001,92.5625
2024-11-28 19,0.1719,0.0001,88.1250
2024-11-28 20,0.2152,0.0001,94.0000
2024-11-28 21,0.2257,0.0001,81.0000
2024-11-28 22,0.1475,0.0001,81.8125
2024-11-28 23,0.1746,0.0000,75.1875
2024-11-29 00,0.1788,0.0000,79.7500
2024-11-29 01,0.2216,0.0000,65.8125
2024-11-29 02,0.2432,0.0000,60.9062
2024-11-29 03,0.2029,0.0000,53.2188
2024-11-29 04,0.2593,0.0000,45.9062
2024-11-29 05,0.2717,0.0000,67.5000
2024-11-29 06,0.3132,0.0000,61.2188
2024-11-29 07,0.4141,0.0101,47.5312
2024-11-29 08,0.4170,0.1538,23.2031
2024-11-29 09,0.4165,0.3049,23.3438
2024-11-29 10,0.4070,0.4243,-2.0000
2024-11-29 11,0.4907,0.4802,-2.0000
2024-11-29 12,0.5850,0.4062,-2.0000
2024-11-29 13,0.6104,0.3640,-2.0000
2024-11-29 14,0.7129,0.3579,-2.0000
2024-11-29 15,0.8384,0.2874,-2.0000
2024-11-29 16,0.8799,0.0811,27.5938
2024-11-29 17,0.8843,0.0022,42.3125
2024-11-29 18,0.8701,0.0001,38.2188
2024-11-29 19,0.8481,0.0000,43.7188
2024-11-29 20,0.8687,0.0000,58.0000
2024-11-29 21,0.8472,0.0000,38.5938
2024-11-29 22,0.8589,0.0000,19.6094
2024-11-29 23,0.7495,0.0000,49.8125
2024-11-30 00,0.7593,0.0000,43.9062
2024-11-30 01,0.7002,0.0000,31.9844
2024-11-30 02,0.6631,0.0000,28.7812
2024-11-30 03,0.6333,0.0000,21.6406
2024-11-30 04,0.6060,0.0000,22.2188
2024-11-30 05,0.6357,0.0000,21.1250
2024-11-30 06,0.5581,0.0000,29.2344
2024-11-30 07,0.5278,0.0071,30.6406
2024-11-30 08,0.5498,0.0823,24.0156
2024-11-30 09,0.5537,0.2000,6.7500
2024-11-30 10,0.5293,0.3491,-2.0000
2024-11-30 11,0.4868,0.4104,6.3398
2024-11-30 12,0.4785,0.3660,5.9062
2024-11-30 13,0.4844,0.3550,14.5391
2024-11-30 14,0.5620,0.3125,6.3594
2024-11-30 15,0.5977,0.2260,22.7344
2024-11-30 16,0.6426,0.0776,42.3125
2024-11-30 17,0.6504,0.0026,37.2812
2024-11-30 18,0.5479,0.0000,38.2500
2024-11-30 19,0.5371,0.0000,47.7188
2024-11-30 20,0.5366,0.0000,37.8438
2024-11-30 21,0.4775,0.0000,35.6562
2024-11-30 22,0.4678,0.0000,-2.0000
2024-11-30 23,0.5073,0.0000,-2.0000
2024-12-01 00,0.4849,0.0000,5.0977
2024-12-01 01,0.4854,0.0000,65.5625
2024-12-01 02,0.5078,0.0000,46.5000
2024-12-01 03,0.6011,0.0000,28.6562
2024-12-01 04,0.6152,0.0000,4.5195
2024-12-01 05,0.6416,0.0000,6.5625
2024-12-01 06,0.6514,0.0000,-1.0615
2024-12-01 07,0.5845,0.0009,28.1875
2024-12-01 08,0.5488,0.0542,16.3594
2024-12-01 09,0.5464,0.1598,20.5000
2024-12-01 10,0.5522,0.3174,-1.3154
2024-12-01 11,0.5513,0.3706,-2.0000
2024-12-01 12,0.5610,0.4082,-2.0000
2024-12-01 13,0.6260,0.3777,-2.0000
2024-12-01 14,0.6587,0.3491,-2.0000
2024-12-01 15,0.6689,0.2285,-2.0000
2024-12-01 16,0.5884,0.0664,0.0370
2024-12-01 17,0.5664,0.0012,25.3125
2024-12-01 18,0.6162,0.0001,24.7969
2024-12-01 19,0.6421,0.0000,39.0938
2024-12-01 20,0.7290,0.0000,28.7812
2024-12-01 21,0.6738,0.0001,22.3750
2024-12-01 22,0.6626,0.0000,41.5000
2024-12-01 23,0.5015,0.0000,54.1250
2024-12-02 00,0.4612,0.0000,62.2812
2024-12-02 01,0.4197,0.0000,83.5000
2024-12-02 02,0.3813,0.0000,75.8125
2024-12-02 03,0.3706,0.0000,78.0000
2024-12-02 04,0.3484,0.0000,62.5312
2024-12-02 05,0.2866,0.0000,67.4375
2024-12-02 06,0.2739,0.0000,72.3125
2024-12-02 07,0.2668,0.0025,81.8125
2024-12-02 08,0.2175,0.1013,63.5625
2024-12-02 09,0.2202,0.3311,41.3438
2024-12-02 10,0.1920,0.4919,31.6719
2024-12-02 11,0.0936,0.5610,52.4375
2024-12-02 12,0.1090,0.5439,34.1562
2024-12-02 13,0.2039,0.4287,32.3438
2024-12-02 14,0.2169,0.3877,38.2500
2024-12-02 15,0.2273,0.2397,46.6250
2024-12-02 16,0.2449,0.0620,58.0000
2024-12-02 17,0.2255,0.0011,78.1250
2024-12-02 18,0.2083,0.0001,110.3750
2024-12-02 19,0.2386,0.0000,135.6250
2024-12-02 20,0.2292,0.0000,124.8750
2024-12-02 21,0.1852,0.0000,108.5625
2024-12-02 22,0.1768,0.0000,105.3750
2024-12-02 23,0.1533,0.0000,109.5000
2024-12-03 00,0.1389,0.0000,103.1250
2024-12-03 01,0.1727,0.0000,86.5625
2024-12-03 02,0.2642,0.0000,68.3750
2024-12-03 03,0.2683,0.0000,65.2500
2024-12-03 04,0.2661,0.0000,52.8438
2024-12-03 05,0.3342,0.0000,60.8750
2024-12-03 06,0.3362,0.0000,77.1250
2024-12-03 07,0.3245,0.0025,89.7500
2024-12-03 08,0.4507,0.0708,69.5000
2024-12-03 09,0.4160,0.2274,66.7500
2024-12-03 10,0.4192,0.3706,56.8438
2024-12-03 11,0.4333,0.4138,33.8750
2024-12-03 12,0.4553,0.4102,30.0000
2024-12-03 13,0.5791,0.2715,45.5000
2024-12-03 14,0.6313,0.2585,34.8750
2024-12-03 15,0.6636,0.1624,48.5625
2024-12-03 16,0.6729,0.0587,25.8750
2024-12-03 17,0.5483,0.0010,62.2188
2024-12-03 18,0.5498,0.0000,74.2500
2024-12-03 19,0.5449,0.0000,102.8750
2024-12-03 20,0.5518,0.0000,85.6875
2024-12-03 21,0.5098,0.0000,92.1875
2024-12-03 22,0.4092,0.0000,70.8750
2024-12-03 23,0.5562,0.0000,48.9688
2024-12-04 00,0.5449,0.0000,25.1094
2024-12-04 01,0.5366,0.0000,17.8594
2024-12-04 02,0.5664,0.0000,23.9062
2024-12-04 03,0.5698,0.0000,32.5625
2024-12-04 04,0.4993,0.0000,35.0000
2024-12-04 05,0.5283,0.0000,54.7812
2024-12-04 06,0.5688,0.0000,58.3750
2024-12-04 07,0.5815,0.0025,50.9062
2024-12-04 08,0.5132,0.0941,51.2188
2024-12-04 09,0.5083,0.2983,35.4375
2024-12-04 10,0.5137,0.4919,15.5938
2024-12-04 11,0.5137,0.5610,-2.0000
2024-12-04 12,0.5366,0.5820,-2.0000
2024-12-04 13,0.4773,0.5361,-2.0000
2024-12-04 14,0.4949,0.4868,-2.0000
2024-12-04 15,0.5425,0.2556,33.9062
2024-12-04 16,0.6353,0.0693,30.5312
2024-12-04 17,0.6074,0.0004,52.8125
2024-12-04 18,0.5552,0.0000,76.1250
2024-12-04 19,0.4688,0.0000,93.1875
2024-12-04 20,0.4683,0.0000,86.3125
2024-12-04 21,0.4602,0.0000,104.2500
2024-12-04 22,0.4441,0.0000,77.6875
2024-12-04 23,0.4241,0.0000,88.0625
2024-12-05 00,0.4380,0.0000,78.5000
2024-12-05 01,0.4556,0.0000,71.4375
2024-12-05 02,0.5386,0.0000,52.5625
2024-12-05 03,0.5254,0.0000,64.7500
2024-12-05 04,0.5156,0.0000,62.8125
2024-12-05 05,0.4651,0.0000,75.0625
2024-12-05 06,0.3875,0.0000,87.3750
2024-12-05 07,0.4258,0.0025,75.0625
2024-12-05 08,0.4053,0.0753,63.6562
2024-12-05 09,0.3640,0.1941,53.9062
2024-12-05 10,0.2905,0.2605,49.2188
2024-12-05 11,0.3030,0.3508,23.2344
2024-12-05 12,0.3958,0.3245,15.6484
2024-12-05 13,0.4023,0.2474,16.5000
2024-12-05 14,0.4507,0.2281,29.3750
2024-12-05 15,0.5156,0.1390,16.7656
2024-12-05 16,0.5132,0.0333,41.8750
2024-12-05 17,0.3818,0.0000,68.1875
2024-12-05 18,0.2749,0.0000,97.2500
2024-12-05 19,0.2045,0.0000,125.1875
2024-12-05 20,0.1172,0.0000,123.5000
2024-12-05 21,0.1992,0.0000,98.0625
2024-12-05 22,0.1962,0.0000,103.6875
2024-12-05 23,0.1912,0.0000,85.5625
2024-12-06 00,0.1384,0.0000,84.0000
2024-12-06 01,0.0455,0.0000,27.3125
2024-12-06 02,0.0549,0.0000,30.7344
2024-12-06 03,0.0964,0.0000,40.8125
2024-12-06 04,0.0083,0.0000,55.4062
2024-12-06 05,0.0055,0.0000,66.4375
2024-12-06 06,0.0293,0.0000,134.5000
2024-12-06 07,0.0307,0.0015,125.9375
2024-12-06 08,0.0072,0.0941,119.2500
2024-12-06 09,0.0316,0.2935,93.8750
2024-12-06 10,0.0275,0.4702,93.5625
2024-12-06 11,0.0042,0.5610,76.6250
2024-12-06 12,0.0053,0.5820,68.8750
2024-12-06 13,0.0030,0.5659,52.9375
2024-12-06 14,0.0034,0.4958,67.4375
2024-12-06 15,0.0283,0.2974,107.0625
2024-12-06 16,0.0482,0.0853,111.5000
2024-12-06 17,0.0700,0.0008,136.8750
2024-12-06 18,0.0378,0.0000,149.2500
2024-12-06 19,0.1190,0.0000,138.3750
2024-12-06 20,0.0146,0.0000,149.2500
2024-12-06 21,0.1097,0.0000,128.2500
2024-12-06 22,0.0128,0.0000,131.1250
2024-12-06 23,0.0183,0.0000,115.6875
2024-12-07 00,0.0043,0.0000,108.1875
2024-12-07 01,0.0008,0.0000,105.6875
2024-12-07 02,0.0328,0.0000,81.0625
2024-12-07 03,0.0088,0.0000,87.2500
2024-12-07 04,0.0436,0.0000,88.9375
2024-12-07 05,0.0384,0.0000,94.6875
2024-12-07 06,0.0075,0.0000,108.5000
2024-12-07 07,0.0105,0.0015,76.0625
2024-12-07 08,0.0032,0.0663,88.1250
2024-12-07 09,0.0525,0.2192,76.5000
2024-12-07 10,0.0356,0.3091,66.4375
2024-12-07 11,0.0386,0.4109,66.1875
2024-12-07 12,0.0786,0.3728,67.8125
2024-12-07 13,0.1013,0.3154,96.9375
2024-12-07 14,0.1425,0.2732,92.0000
2024-12-07 15,0.1893,0.1443,104.8750
2024-12-07 16,0.2283,0.0459,166.0000
2024-12-07 17,0.2510,0.0003,178.0000
2024-12-07 18,0.3284,0.0000,172.2500
2024-12-07 19,0.3928,0.0000,176.7500
2024-12-07 20,0.4180,0.0000,169.6250
2024-12-07 21,0.4419,0.0000,169.3750
2024-12-07 22,0.4412,0.0000,163.1250
2024-12-07 23,0.4451,0.0000,166.5000
2024-12-08 00,0.3596,0.0000,195.7500
2024-12-08 01,0.3499,0.0000,167.0000
2024-12-08 02,0.3428,0.0000,152.6250
2024-12-08 03,0.2693,0.0000,157.6250
2024-12-08 04,0.2644,0.0000,164.3750
2024-12-08 05,0.2908,0.0000,157.8750
2024-12-08 06,0.3616,0.0000,149.2500
2024-12-08 07,0.3774,0.0012,143.3750
2024-12-08 08,0.3892,0.0728,134.8750
2024-12-08 09,0.4150,0.2510,40.0938
2024-12-08 10,0.3938,0.3794,22.5938
2024-12-08 11,0.3689,0.5205,-0.0001
2024-12-08 12,0.4524,0.5151,1.4424
2024-12-08 13,0.5581,0.3870,2.5137
2024-12-08 14,0.6006,0.2939,10.1484
2024-12-08 15,0.6235,0.1738,48.0938
2024-12-08 16,0.6763,0.0581,81.2500
2024-12-08 17,0.6226,0.0002,102.7500
2024-12-08 18,0.5288,0.0000,111.5625
2024-12-08 19,0.6230,0.0000,119.2500
2024-12-08 20,0.5874,0.0000,104.2500
2024-12-08 21,0.5552,0.0000,104.5625
2024-12-08 22,0.5386,0.0000,96.4375
2024-12-08 23,0.5186,0.0000,84.7500
2024-12-09 00,0.4792,0.0000,86.8750
2024-12-09 01,0.4182,0.0000,162.3750
2024-12-09 02,0.3953,0.0000,173.0000
2024-12-09 03,0.3027,0.0000,159.1250
2024-12-09 04,0.2206,0.0000,181.7500
2024-12-09 05,0.2045,0.0000,114.0000
2024-12-09 06,0.2683,0.0000,99.3750
2024-12-09 07,0.3181,0.0021,88.7500
2024-12-09 08,0.3420,0.0936,75.1875
2024-12-09 09,0.3274,0.3394,62.2188
2024-12-09 10,0.2651,0.4919,50.6250
2024-12-09 11,0.2261,0.5610,40.7500
2024-12-09 12,0.2267,0.5820,33.8750
2024-12-09 13,0.2722,0.5317,38.8125
2024-12-09 14,0.3640,0.4590,56.9375
2024-12-09 15,0.4141,0.2964,75.1250
2024-12-09 16,0.5508,0.0906,94.0625
2024-12-09 17,0.5127,0.0012,117.4375
2024-12-09 18,0.5127,0.0001,130.8750
2024-12-09 19,0.4878,0.0001,128.0000
2024-12-09 20,0.3853,0.0001,119.6875
2024-12-09 21,0.3250,0.0001,128.1250
2024-12-09 22,0.3196,0.0001,107.3125
2024-12-09 23,0.3262,0.0001,104.1250
2024-12-10 00,0.3936,0.0000,82.4375
2024-12-10 01,0.3877,0.0000,72.4375
2024-12-10 02,0.3455,0.0000,95.3750
2024-12-10 03,0.2603,0.0000,80.1250
2024-12-10 04,0.3210,0.0000,104.6250
2024-12-10 05,0.4370,0.0000,117.4375
2024-12-10 06,0.4360,0.0000,89.1875
2024-12-10 07,0.3875,0.0030,88.3750
2024-12-10 08,0.3569,0.1066,52.6250
2024-12-10 09,0.3167,0.3394,44.9062
2024-12-10 10,0.1689,0.4919,50.5312
2024-12-10 11,0.1947,0.5610,63.7188
2024-12-10 12,0.1929,0.5820,63.7500
2024-12-10 13,0.2039,0.4661,74.7500
2024-12-10 14,0.1807,0.3982,69.0625
2024-12-10 15,0.1559,0.2764,77.5625
2024-12-10 16,0.1528,0.0805,77.5000
2024-12-10 17,0.1216,0.0010,117.5625
2024-12-10 18,0.0434,0.0001,152.3750
2024-12-10 19,0.0212,0.0001,167.7500
2024-12-10 20,0.0276,0.0001,146.7500
2024-12-10 21,0.0081,0.0001,163.2500
2024-12-10 22,0.0489,0.0000,163.3750
2024-12-10 23,0.0467,0.0001,47.7188
2024-12-11 00,0.0101,0.0000,49.0000
2024-12-11 01,0.0289,0.0000,112.8125
2024-12-11 02,0.0032,0.0000,107.5625
2024-12-11 03,0.0318,0.0000,111.0625
2024-12-11 04,0.0144,0.0000,126.1875
2024-12-11 05,0.0806,0.0000,136.5000
2024-12-11 06,0.1292,0.0000,140.5000
2024-12-11 07,0.0231,0.0025,149.8750
2024-12-11 08,0.0512,0.0867,135.0000
2024-12-11 09,0.0252,0.2830,122.0625
2024-12-11 10,0.0086,0.4346,112.6250
2024-12-11 11,0.0267,0.5308,94.0000
2024-12-11 12,0.0324,0.5820,99.3125
2024-12-11 13,0.0527,0.5654,99.3750
2024-12-11 14,0.0994,0.4668,97.1250
2024-12-11 15,0.1332,0.3359,100.4375
2024-12-11 16,0.2473,0.1021,97.1250
2024-12-11 17,0.2435,0.0017,125.6250
2024-12-11 18,0.2363,0.0001,137.0000
2024-12-11 19,0.2083,0.0001,211.2500
2024-12-11 20,0.2012,0.0001,215.8750
2024-12-11 21,0.1975,0.0001,215.3750
2024-12-11 22,0.1909,0.0001,184.6250
2024-12-11 23,0.2399,0.0000,186.0000
2024-12-12 00,0.2391,0.0000,117.7500
2024-12-12 01,0.2571,0.0000,114.0625
2024-12-12 02,0.2683,0.0000,106.9375
2024-12-12 03,0.2588,0.0000,100.5625
2024-12-12 04,0.2500,0.0000,95.4375
2024-12-12 05,0.2064,0.0000,106.3125
2024-12-12 06,0.1936,0.0000,138.1250
2024-12-12 07,0.1373,0.0035,140.3750
2024-12-12 08,0.0967,0.1121,134.8750
2024-12-12 09,0.0718,0.3394,107.3750
2024-12-12 10,0.1173,0.4919,79.5625
2024-12-12 11,0.0812,0.5376,91.9375
2024-12-12 12,0.0671,0.5820,99.6250
2024-12-12 13,0.0072,0.5659,114.3125
2024-12-12 14,0.0130,0.4958,111.3125
2024-12-12 15,0.0205,0.3359,137.3750
2024-12-12 16,0.0251,0.1045,168.3750
2024-12-12 17,0.0107,0.0016,202.3750
2024-12-12 18,0.0090,0.0001,170.3750
2024-12-12 19,0.0418,0.0001,170.0000
2024-12-12 20,0.0021,0.0001,186.7500
2024-12-12 21,0.0077,0.0001,178.5000
2024-12-12 22,0.0308,0.0001,169.1250
2024-12-12 23,0.0058,0.0001,150.0000
2024-12-13 00,0.0797,0.0000,127.0625
2024-12-13 01,0.0692,0.0000,99.9375
2024-12-13 02,0.0626,0.0000,100.5625
2024-12-13 03,0.0722,0.0000,98.8750
2024-12-13 04,0.1284,0.0000,108.0000
2024-12-13 05,0.1403,0.0000,128.2500
2024-12-13 06,0.1400,0.0000,139.0000
2024-12-13 07,0.1281,0.0020,154.7500
2024-12-13 08,0.1366,0.0900,144.7500
2024-12-13 09,0.1144,0.2739,122.9375
2024-12-13 10,0.1165,0.4175,104.7500
2024-12-13 11,0.1263,0.4526,113.9375
2024-12-13 12,0.1425,0.5024,104.1250
2024-12-13 13,0.1927,0.4644,109.8125
2024-12-13 14,0.1946,0.4958,90.8125
2024-12-13 15,0.2502,0.3359,99.4375
2024-12-13 16,0.2329,0.1039,124.0625
2024-12-13 17,0.2216,0.0016,136.7500
2024-12-13 18,0.1752,0.0001,159.2500
2024-12-13 19,0.1603,0.0001,149.8750
2024-12-13 20,0.1572,0.0001,148.3750
2024-12-13 21,0.1832,0.0001,132.1250
2024-12-13 22,0.2128,0.0001,145.8750
2024-12-13 23,0.2107,0.0001,135.7500
2024-12-14 00,0.1843,0.0000,145.5000
2024-12-14 01,0.1360,0.0000,146.3750
2024-12-14 02,0.2130,0.0000,107.0625
2024-12-14 03,0.1803,0.0000,102.5000
2024-12-14 04,0.1483,0.0000,113.8125
2024-12-14 05,0.1561,0.0000,100.3125
2024-12-14 06,0.1586,0.0000,106.8125
2024-12-14 07,0.1218,0.0032,116.9375
2024-12-14 08,0.0296,0.1003,99.0625
2024-12-14 09,0.0054,0.3032,91.3750
2024-12-14 10,0.0152,0.4919,73.8125
2024-12-14 11,0.0021,0.5610,76.6875
2024-12-14 12,0.0131,0.5820,52.7812
2024-12-14 13,0.0776,0.4797,50.4062
2024-12-14 14,0.0220,0.4727,75.4375
2024-12-14 15,0.0323,0.3359,96.3125
2024-12-14 16,0.0767,0.0909,125.8125
2024-12-14 17,0.0119,0.0015,151.8750
2024-12-14 18,0.0474,0.0001,155.3750
2024-12-14 19,0.0086,0.0001,151.0000
2024-12-14 20,0.0148,0.0001,147.1250
2024-12-14 21,0.0066,0.0001,154.1250
2024-12-14 22,0.0051,0.0001,157.0000
2024-12-14 23,0.0150,0.0000,144.3750
2024-12-15 00,0.0104,0.0000,157.5000
2024-12-15 01,0.0648,0.0000,138.0000
2024-12-15 02,0.0501,0.0000,122.1875
2024-12-15 03,0.0416,0.0000,114.7500
2024-12-15 04,0.0140,0.0000,131.3750
2024-12-15 05,0.0274,0.0000,135.1250
2024-12-15 06,0.0083,0.0000,144.3750
2024-12-15 07,0.0378,0.0013,166.5000
2024-12-15 08,0.0289,0.0575,156.7500
2024-12-15 09,0.0521,0.1638,173.2500
2024-12-15 10,0.0313,0.3608,145.0000
2024-12-15 11,0.0387,0.4292,119.8125
2024-12-15 12,0.0864,0.4114,98.1250
2024-12-15 13,0.1602,0.3538,72.2500
2024-12-15 14,0.1884,0.3250,78.6250
2024-12-15 15,0.2142,0.2498,82.5000
2024-12-15 16,0.1893,0.0720,99.7500
2024-12-15 17,0.1670,0.0012,125.6875
2024-12-15 18,0.1267,0.0000,56.1875
2024-12-15 19,0.0599,0.0000,144.3750
2024-12-15 20,0.0303,0.0000,154.7500
2024-12-15 21,0.0107,0.0000,165.0000
2024-12-15 22,0.1093,0.0000,148.6250
2024-12-15 23,0.1108,0.0000,143.6250
2024-12-16 00,0.1259,0.0000,151.7500
2024-12-16 01,0.0898,0.0000,136.3750
2024-12-16 02,0.1097,0.0000,152.2500
2024-12-16 03,0.1115,0.0000,154.1250
2024-12-16 04,0.1158,0.0000,172.6250
2024-12-16 05,0.1434,0.0000,174.8750
2024-12-16 06,0.1656,0.0000,159.8750
2024-12-16 07,0.1884,0.0021,166.7500
2024-12-16 08,0.1221,0.0909,149.0000
2024-12-16 09,0.0905,0.2915,132.2500
2024-12-16 10,0.1009,0.4919,115.4375
2024-12-16 11,0.0995,0.5610,81.0000
2024-12-16 12,0.1191,0.5654,71.3125
2024-12-16 13,0.1381,0.4807,79.0000
2024-12-16 14,0.1125,0.4158,94.8125
2024-12-16 15,0.1420,0.2610,109.3750
2024-12-16 16,0.1406,0.0704,120.0000
2024-12-16 17,0.2249,0.0009,202.8750
2024-12-16 18,0.2461,0.0001,220.0000
2024-12-16 19,0.2054,0.0000,212.0000
2024-12-16 20,0.2087,0.0001,133.5000
2024-12-16 21,0.2257,0.0001,119.1875
2024-12-16 22,0.2766,0.0000,119.2500
2024-12-16 23,0.2583,0.0000,113.7500
2024-12-17 00,0.2837,0.0000,105.9375
2024-12-17 01,0.2749,0.0000,96.5000
2024-12-17 02,0.2581,0.0000,73.8125
2024-12-17 03,0.2954,0.0000,77.6875
2024-12-17 04,0.2588,0.0000,93.3125
2024-12-17 05,0.2482,0.0000,116.6250
2024-12-17 06,0.2402,0.0000,146.6250
2024-12-17 07,0.2083,0.0013,157.1250
2024-12-17 08,0.1223,0.0750,148.8750
2024-12-17 09,0.1288,0.2559,122.3125
2024-12-17 10,0.1338,0.4133,114.8750
2024-12-17 11,0.1998,0.4609,95.7500
2024-12-17 12,0.2131,0.4836,98.5625
2024-12-17 13,0.2493,0.4675,91.8750
2024-12-17 14,0.2959,0.3979,101.0000
2024-12-17 15,0.3018,0.2393,137.1250
2024-12-17 16,0.3445,0.0619,147.6250
2024-12-17 17,0.4036,0.0011,147.2500
2024-12-17 18,0.4124,0.0001,148.5000
2024-12-17 19,0.4126,0.0001,143.6250
2024-12-17 20,0.4102,0.0001,126.8125
2024-12-17 21,0.3879,0.0001,104.2500
2024-12-17 22,0.3782,0.0001,85.1875
2024-12-17 23,0.3030,0.0000,79.9375
2024-12-18 00,0.3040,0.0000,89.8750
2024-12-18 01,0.3301,0.0000,70.6250
2024-12-18 02,0.3506,0.0000,66.1875
2024-12-18 03,0.3511,0.0000,75.1875
2024-12-18 04,0.3887,0.0000,89.7500
2024-12-18 05,0.3926,0.0000,29.1406
2024-12-18 06,0.4170,0.0000,121.5000
2024-12-18 07,0.4253,0.0004,115.3750
2024-12-18 08,0.4031,0.0517,108.5000
2024-12-18 09,0.3076,0.1868,105.0625
2024-12-18 10,0.3699,0.2573,75.5000
2024-12-18 11,0.3386,0.2888,102.8750
2024-12-18 12,0.3728,0.3333,80.0625
2024-12-18 13,0.3308,0.3013,82.9375
2024-12-18 14,0.3132,0.2649,115.2500
2024-12-18 15,0.3435,0.1639,112.8750
2024-12-18 16,0.3445,0.0465,118.8750
2024-12-18 17,0.3115,0.0004,136.2500
2024-12-18 18,0.2664,0.0000,158.8750
2024-12-18 19,0.1970,0.0000,139.0000
2024-12-18 20,0.1736,0.0000,156.8750
2024-12-18 21,0.1628,0.0001,142.6250
2024-12-18 22,0.1829,0.0001,110.6875
2024-12-18 23,0.1781,0.0000,114.8125
2024-12-19 00,0.1545,0.0000,115.1875
2024-12-19 01,0.1515,0.0000,114.9375
2024-12-19 02,0.1418,0.0000,114.3125
2024-12-19 03,0.1383,0.0000,106.0000
2024-12-19 04,0.1331,0.0000,118.6250
2024-12-19 05,0.0764,0.0000,131.8750
2024-12-19 06,0.1034,0.0000,150.7500
2024-12-19 07,0.1207,0.0012,149.0000
2024-12-19 08,0.1174,0.0619,125.5625
2024-12-19 09,0.1000,0.1932,119.6875
2024-12-19 10,0.0798,0.2810,110.3125
2024-12-19 11,0.0212,0.3416,4.0117
2024-12-19 12,0.0341,0.4048,97.3750
2024-12-19 13,0.0526,0.3105,103.3750
2024-12-19 14,0.0402,0.2896,122.6250
2024-12-19 15,0.0583,0.1637,134.1250
2024-12-19 16,0.0636,0.0365,118.2500
2024-12-19 17,0.0183,0.0004,140.2500
2024-12-19 18,0.0549,0.0000,145.3750
2024-12-19 19,0.0032,0.0000,165.1250
2024-12-19 20,0.0035,0.0000,175.1250
2024-12-19 21,0.0643,0.0001,153.8750
2024-12-19 22,0.0322,0.0000,127.2500
2024-12-19 23,0.0112,0.0000,121.4375
2024-12-20 00,0.0100,0.0000,132.2500
2024-12-20 01,0.0086,0.0000,147.8750
2024-12-20 02,0.0219,0.0000,148.5000
2024-12-20 03,0.0077,0.0000,117.6250
2024-12-20 04,0.0111,0.0000,129.2500
2024-12-20 05,0.0107,0.0000,131.2500
2024-12-20 06,0.0230,0.0000,145.8750
2024-12-20 07,0.0192,0.0017,139.3750
2024-12-20 08,0.0490,0.0605,131.0000
2024-12-20 09,0.0479,0.1760,112.8125
2024-12-20 10,0.0488,0.2029,91.5625
2024-12-20 11,0.0102,0.2681,99.1875
2024-12-20 12,0.0464,0.3628,83.4375
2024-12-20 13,0.0301,0.2903,122.4375
2024-12-20 14,0.0759,0.2866,88.6875
2024-12-20 15,0.0049,0.2013,127.5000
2024-12-20 16,0.0076,0.0623,159.1250
2024-12-20 17,0.0342,0.0010,165.7500
2024-12-20 18,0.0140,0.0000,180.5000
2024-12-20 19,0.0212,0.0000,189.5000
2024-12-20 20,0.0369,0.0000,176.2500
2024-12-20 21,0.0660,0.0000,155.6250
2024-12-20 22,0.1137,0.0000,136.2500
2024-12-20 23,0.1197,0.0000,135.1250
2024-12-21 00,0.1283,0.0000,119.8750
2024-12-21 01,0.1443,0.0000,104.8125
2024-12-21 02,0.1628,0.0000,99.4375
2024-12-21 03,0.1929,0.0000,74.1875
2024-12-21 04,0.1892,0.0000,68.1875
2024-12-21 05,0.1875,0.0000,27.2188
2024-12-21 06,0.2678,0.0000,13.0156
2024-12-21 07,0.3674,0.0014,8.2578
2024-12-21 08,0.3701,0.0568,1.5967
2024-12-21 09,0.3674,0.1497,-2.0000
2024-12-21 10,0.3804,0.1758,-2.0000
2024-12-21 11,0.2856,0.2186,-0.5156
2024-12-21 12,0.2483,0.2710,-2.0000
2024-12-21 13,0.2610,0.2230,94.3750
2024-12-21 14,0.2812,0.2444,99.8750
2024-12-21 15,0.3462,0.1156,89.1875
2024-12-21 16,0.4045,0.0394,79.7500
2024-12-21 17,0.3911,0.0005,109.9375
2024-12-21 18,0.3733,0.0000,130.3750
2024-12-21 19,0.4458,0.0000,132.8750
2024-12-21 20,0.5063,0.0000,107.3750
2024-12-21 21,0.5415,0.0000,93.1875
2024-12-21 22,0.5786,0.0000,84.3750
2024-12-21 23,0.6094,0.0000,43.8438
2024-12-22 00,0.5620,0.0000,50.1875
2024-12-22 01,0.5308,0.0000,51.8750
2024-12-22 02,0.4990,0.0000,36.6250
2024-12-22 03,0.3252,0.0000,78.0000
2024-12-22 04,0.3789,0.0000,69.0625
2024-12-22 05,0.3616,0.0000,67.0000
2024-12-22 06,0.1450,0.0000,174.2500
2024-12-22 07,0.1459,0.0012,179.8750
2024-12-22 08,0.0776,0.0572,179.5000
2024-12-22 09,0.1478,0.2086,146.3750
2024-12-22 10,0.1908,0.2751,148.6250
2024-12-22 11,0.2118,0.2688,65.6250
2024-12-22 12,0.2686,0.3101,50.8438
2024-12-22 13,0.2598,0.2866,65.1875
2024-12-22 14,0.3059,0.2905,75.6875
2024-12-22 15,0.3052,0.1986,86.7500
2024-12-22 16,0.2786,0.0544,95.8750
2024-12-22 17,0.2502,0.0007,130.5000
2024-12-22 18,0.1851,0.0000,155.3750
2024-12-22 19,0.1902,0.0000,148.8750
2024-12-22 20,0.2126,0.0000,134.8750
2024-12-22 21,0.2639,0.0000,136.3750
2024-12-22 22,0.2571,0.0000,125.8750
2024-12-22 23,0.2505,0.0000,95.8750
2024-12-23 00,0.2664,0.0000,102.7500
2024-12-23 01,0.2812,0.0000,84.5000
2024-12-23 02,0.2905,0.0000,98.9375
2024-12-23 03,0.2979,0.0000,113.9375
2024-12-23 04,0.3250,0.0000,115.5625
2024-12-23 05,0.3442,0.0000,88.8750
2024-12-23 06,0.3425,0.0000,97.1875
2024-12-23 07,0.3723,0.0005,83.0625
2024-12-23 08,0.3845,0.0463,71.3750
2024-12-23 09,0.3655,0.1829,55.1875
2024-12-23 10,0.4534,0.2546,53.2812
2024-12-23 11,0.5210,0.1898,94.3125
2024-12-23 12,0.4917,0.1869,99.3750
2024-12-23 13,0.4839,0.1093,105.0000
2024-12-23 14,0.4519,0.0958,17.2812
2024-12-23 15,0.4570,0.0508,91.2500
2024-12-23 16,0.4319,0.0197,104.7500
2024-12-23 17,0.4001,0.0000,118.4375
2024-12-23 18,0.3274,0.0000,141.7500
2024-12-23 19,0.3220,0.0000,166.2500
2024-12-23 20,0.3374,0.0000,139.6250
2024-12-23 21,0.4033,0.0000,138.6250
2024-12-23 22,0.3740,0.0000,136.2500
2024-12-23 23,0.4280,0.0000,114.5625
2024-12-24 00,0.5142,0.0000,108.3125
2024-12-24 01,0.5176,0.0000,105.1250
2024-12-24 02,0.4253,0.0000,121.6250
2024-12-24 03,0.3958,0.0000,140.7500
2024-12-24 04,0.3081,0.0000,149.6250
2024-12-24 05,0.2910,0.0000,162.5000
2024-12-24 06,0.2532,0.0000,158.0000
2024-12-24 07,0.2568,0.0004,143.5000
2024-12-24 08,0.2120,0.0440,124.8125
2024-12-24 09,0.2228,0.1715,108.5000
2024-12-24 10,0.2615,0.2405,110.2500
2024-12-24 11,0.3081,0.2034,121.5625
2024-12-24 12,0.2991,0.2434,115.5000
2024-12-24 13,0.2896,0.2034,113.6875
2024-12-24 14,0.2871,0.1553,107.6250
2024-12-24 15,0.2927,0.1042,97.1875
2024-12-24 16,0.2297,0.0352,107.1875
2024-12-24 17,0.1769,0.0001,125.1875
2024-12-24 18,0.1504,0.0000,143.3750
2024-12-24 19,0.0643,0.0000,178.6250
2024-12-24 20,0.0852,0.0000,146.7500
2024-12-24 21,0.0819,0.0000,118.0625
2024-12-24 22,0.1006,0.0000,110.8125
2024-12-24 23,0.0860,0.0000,121.9375
2024-12-25 00,0.0689,0.0000,121.1250
2024-12-25 01,0.0585,0.0000,104.6250
2024-12-25 02,0.0628,0.0000,108.1250
2024-12-25 03,0.0799,0.0000,122.1250
2024-12-25 04,0.0936,0.0000,134.2500
2024-12-25 05,0.1410,0.0000,148.0000
2024-12-25 06,0.1454,0.0000,159.2500
2024-12-25 07,0.1981,0.0012,136.3750
2024-12-25 08,0.2488,0.0677,120.4375
2024-12-25 09,0.3298,0.2639,96.5625
2024-12-25 10,0.3687,0.3843,81.4375
2024-12-25 11,0.4050,0.3848,-2.0000
2024-12-25 12,0.3440,0.4268,-2.0000
2024-12-25 13,0.3608,0.4578,89.0625
2024-12-25 14,0.3914,0.3711,85.1250
2024-12-25 15,0.4404,0.2096,85.3125
2024-12-25 16,0.5225,0.0609,94.0625
2024-12-25 17,0.6533,0.0005,87.5000
2024-12-25 18,0.7036,0.0000,76.1250
2024-12-25 19,0.7065,0.0000,95.9375
2024-12-25 20,0.7480,0.0000,71.7500
2024-12-25 21,0.6968,0.0001,55.0938
2024-12-25 22,0.6880,0.0000,35.0000
2024-12-25 23,0.7627,0.0000,24.7188
2024-12-26 00,0.7612,0.0000,40.0938
2024-12-26 01,0.7539,0.0000,119.1250
2024-12-26 02,0.7354,0.0000,135.5000
2024-12-26 03,0.7124,0.0000,161.7500
2024-12-26 04,0.7031,0.0000,147.7500
2024-12-26 05,0.6421,0.0000,157.7500
2024-12-26 06,0.6548,0.0000,87.0625
2024-12-26 07,0.6060,0.0006,80.9375
2024-12-26 08,0.6021,0.0575,73.3750
2024-12-26 09,0.5713,0.2301,75.6250
2024-12-26 10,0.4966,0.3303,67.3750
2024-12-26 11,0.5005,0.3091,69.3750
2024-12-26 12,0.5317,0.2966,76.6875
2024-12-26 13,0.5337,0.3044,97.2500
2024-12-26 14,0.6577,0.2333,77.7500
2024-12-26 15,0.7534,0.1379,73.0625
2024-12-26 16,0.7700,0.0537,95.4375
2024-12-26 17,0.7158,0.0006,97.5000
2024-12-26 18,0.6748,0.0000,76.5625
2024-12-26 19,0.6699,0.0000,100.2500
2024-12-26 20,0.6353,0.0000,88.8125
2024-12-26 21,0.6489,0.0000,87.5625
2024-12-26 22,0.6499,0.0000,82.3750
2024-12-26 23,0.6284,0.0000,70.0000
2024-12-27 00,0.6177,0.0000,54.6875
2024-12-27 01,0.5835,0.0000,57.4375
2024-12-27 02,0.5791,0.0000,53.0000
2024-12-27 03,0.5630,0.0000,49.5312
2024-12-27 04,0.5571,0.0000,53.1562
2024-12-27 05,0.5278,0.0000,57.6875
2024-12-27 06,0.5200,0.0000,62.0312
2024-12-27 07,0.4946,0.0010,80.0625
2024-12-27 08,0.4014,0.0709,77.1875
2024-12-27 09,0.3882,0.2371,62.2812
2024-12-27 10,0.4028,0.3259,47.0000
2024-12-27 11,0.4463,0.2852,47.1562
2024-12-27 12,0.4397,0.2498,44.9375
2024-12-27 13,0.4270,0.2854,55.5000
2024-12-27 14,0.4521,0.2423,47.1250
2024-12-27 15,0.4988,0.1912,52.4688
2024-12-27 16,0.4805,0.0485,71.4375
2024-12-27 17,0.4324,0.0006,84.8750
2024-12-27 18,0.4253,0.0000,100.1875
2024-12-27 19,0.4324,0.0000,115.7500
2024-12-27 20,0.5303,0.0000,113.5000
2024-12-27 21,0.6821,0.0000,79.6250
2024-12-27 22,0.6641,0.0000,86.1875
2024-12-27 23,0.7876,0.0000,66.2500
2024-12-28 00,0.7944,0.0000,49.9375
2024-12-28 01,0.8252,0.0000,33.7500
2024-12-28 02,0.9116,0.0000,6.8984
2024-12-28 03,0.9121,0.0000,10.3828
2024-12-28 04,0.9180,0.0000,-2.0000
2024-12-28 05,0.9307,0.0000,-2.0000
2024-12-28 06,0.9214,0.0000,-2.0000
2024-12-28 07,0.9209,0.0007,-2.0000
2024-12-28 08,0.8711,0.0543,-2.0000
2024-12-28 09,0.9062,0.2067,-2.0000
2024-12-28 10,0.8867,0.3047,-2.0000
2024-12-28 11,0.9126,0.3210,-2.0000
2024-12-28 12,0.9238,0.2964,-2.0000
2024-12-28 13,0.8882,0.3435,-2.0000
2024-12-28 14,0.9194,0.3464,-2.0000
2024-12-28 15,0.9292,0.2098,-2.0000
2024-12-28 16,0.9326,0.0576,3.5664
2024-12-28 17,0.9106,0.0010,20.8750
2024-12-28 18,0.9302,0.0000,39.9375
2024-12-28 19,0.9214,0.0000,49.0312
2024-12-28 20,0.8770,0.0000,48.5000
2024-12-28 21,0.9233,0.0000,27.7031
2024-12-28 22,0.9189,0.0000,31.9531
2024-12-28 23,0.9287,0.0000,16.7656
2024-12-29 00,0.9277,0.0000,9.4297
2024-12-29 01,0.8789,0.0000,7.5078
2024-12-29 02,0.8652,0.0000,20.4375
2024-12-29 03,0.8833,0.0000,12.5469
2024-12-29 04,0.8569,0.0000,18.1094
2024-12-29 05,0.7334,0.0000,22.9062
2024-12-29 06,0.7305,0.0000,23.2344
2024-12-29 07,0.7075,0.0001,22.2031
2024-12-29 08,0.7109,0.0254,5.1523
2024-12-29 09,0.6777,0.1476,16.0312
2024-12-29 10,0.6611,0.2430,24.2188
2024-12-29 11,0.6489,0.2803,4.6289
2024-12-29 12,0.6172,0.2527,5.0742
2024-12-29 13,0.5850,0.3096,-2.0000
2024-12-29 14,0.6909,0.2551,-2.0000
2024-12-29 15,0.6851,0.1898,3.1309
2024-12-29 16,0.6914,0.0485,24.3750
2024-12-29 17,0.5986,0.0006,60.9688
2024-12-29 18,0.5542,0.0000,93.1250
2024-12-29 19,0.5049,0.0000,97.5625
2024-12-29 20,0.5107,0.0000,72.1875
2024-12-29 21,0.4326,0.0000,85.6875
2024-12-29 22,0.4121,0.0000,73.4375
2024-12-29 23,0.3997,0.0000,86.1875
2024-12-30 00,0.4463,0.0000,84.1875
2024-12-30 01,0.3857,0.0000,95.0000
2024-12-30 02,0.3794,0.0000,68.0000
2024-12-30 03,0.3201,0.0000,74.9375
2024-12-30 04,0.3040,0.0000,78.1250
2024-12-30 05,0.3948,0.0000,167.0000
2024-12-30 06,0.4023,0.0000,180.0000
2024-12-30 07,0.4639,0.0010,194.8750
2024-12-30 08,0.4580,0.0581,162.6250
2024-12-30 09,0.4497,0.2117,154.8750
2024-12-30 10,0.3311,0.3938,137.0000
2024-12-30 11,0.3538,0.3750,145.5000
2024-12-30 12,0.4961,0.3010,40.3750
2024-12-30 13,0.5679,0.2456,30.2500
2024-12-30 14,0.6089,0.2184,21.0000
2024-12-30 15,0.6167,0.1298,35.2812
2024-12-30 16,0.5684,0.0212,22.2188
2024-12-30 17,0.5381,0.0003,39.8750
2024-12-30 18,0.5103,0.0000,55.3750
2024-12-30 19,0.4673,0.0000,75.8750
2024-12-30 20,0.4800,0.0000,58.5625
2024-12-30 21,0.4207,0.0000,51.3750
2024-12-30 22,0.4104,0.0000,33.3125
2024-12-30 23,0.3972,0.0000,44.9688
2024-12-31 00,0.3435,0.0000,47.4688
2024-12-31 01,0.2834,0.0000,50.0938
2024-12-31 02,0.2869,0.0000,57.4062
2024-12-31 03,0.2761,0.0000,53.0938
2024-12-31 04,0.2688,0.0000,73.4375
2024-12-31 05,0.3640,0.0000,62.2188
2024-12-31 06,0.4053,0.0000,45.6875
2024-12-31 07,0.4128,0.0025,43.9688
2024-12-31 08,0.4043,0.1016,16.3438
2024-12-31 09,0.2140,0.3132,29.0469
2024-12-31 10,0.0953,0.4658,43.6562
2024-12-31 11,0.2050,0.4639,55.9688
2024-12-31 12,0.2632,0.4717,51.4062
2024-12-31 13,0.2793,0.4468,39.1562
2024-12-31 14,0.4160,0.4370,24.7656
2024-12-31 15,0.4001,0.2896,35.4375
2024-12-31 16,0.4250,0.0759,53.9062
2024-12-31 17,0.4194,0.0011,66.9375
2024-12-31 18,0.4194,0.0001,65.1250
2024-12-31 19,0.3926,0.0001,68.1250
2024-12-31 20,0.3550,0.0001,44.3125
2024-12-31 21,0.2913,0.0001,34.5000
2024-12-31 22,0.1733,0.0000,48.5000
2024-12-31 23,0.1417,0.0000,54.6250
