ds,yhat,target,forecast_origin,horizon
2017-01-01 00:00:00,30.110510635824344,price,2016-12-31 23:00:00,day_ahead
2017-01-01 01:00:00,26.58470106236564,price,2016-12-31 23:00:00,day_ahead
2017-01-01 02:00:00,24.49049363442411,price,2016-12-31 23:00:00,day_ahead
2017-01-01 03:00:00,24.782022046813896,price,2016-12-31 23:00:00,day_ahead
2017-01-01 04:00:00,27.94214621355096,price,2016-12-31 23:00:00,day_ahead
2017-01-01 05:00:00,33.218477537325086,price,2016-12-31 23:00:00,day_ahead
2017-01-01 06:00:00,38.8294580970677,price,2016-12-31 23:00:00,day_ahead
2017-01-01 07:00:00,43.04901477376089,price,2016-12-31 23:00:00,day_ahead
2017-01-01 08:00:00,45.21201958958846,price,2016-12-31 23:00:00,day_ahead
2017-01-01 09:00:00,45.76908819113621,price,2016-12-31 23:00:00,day_ahead
2017-01-01 10:00:00,45.46685568606921,price,2016-12-31 23:00:00,day_ahead
2017-01-01 11:00:00,44.57438572108568,price,2016-12-31 23:00:00,day_ahead
2017-01-01 12:00:00,42.9595894830501,price,2016-12-31 23:00:00,day_ahead
2017-01-01 13:00:00,40.86418978735816,price,2016-12-31 23:00:00,day_ahead
2017-01-01 14:00:00,39.41894020382782,price,2016-12-31 23:00:00,day_ahead
2017-01-01 15:00:00,40.136305769980034,price,2016-12-31 23:00:00,day_ahead
2017-01-01 16:00:00,43.65911217852477,price,2016-12-31 23:00:00,day_ahead
2017-01-01 17:00:00,48.89702993420287,price,2016-12-31 23:00:00,day_ahead
2017-01-01 18:00:00,53.46133738715969,price,2016-12-31 23:00:00,day_ahead
2017-01-01 19:00:00,55.170371997487464,price,2016-12-31 23:00:00,day_ahead
2017-01-01 20:00:00,53.41619110333879,price,2016-12-31 23:00:00,day_ahead
2017-01-01 21:00:00,49.302196632788835,price,2016-12-31 23:00:00,day_ahead
2017-01-01 22:00:00,44.57135516908085,price,2016-12-31 23:00:00,day_ahead
2017-01-01 23:00:00,40.38502678710046,price,2016-12-31 23:00:00,day_ahead
2017-01-02 00:00:00,37.45684297107157,price,2017-01-01 23:00:00,day_ahead
2017-01-02 01:00:00,34.89547798635012,price,2017-01-01 23:00:00,day_ahead
2017-01-02 02:00:00,33.724907838239524,price,2017-01-01 23:00:00,day_ahead
2017-01-02 03:00:00,34.91009395279002,price,2017-01-01 23:00:00,day_ahead
2017-01-02 04:00:00,38.93553764934406,price,2017-01-01 23:00:00,day_ahead
2017-01-02 05:00:00,45.03003611871406,price,2017-01-01 23:00:00,day_ahead
2017-01-02 06:00:00,51.379797452468495,price,2017-01-01 23:00:00,day_ahead
2017-01-02 07:00:00,56.23240065080125,price,2017-01-01 23:00:00,day_ahead
2017-01-02 08:00:00,58.91570869731096,price,2017-01-01 23:00:00,day_ahead
2017-01-02 09:00:00,59.88838112904565,price,2017-01-01 23:00:00,day_ahead
2017-01-02 10:00:00,59.90430169646476,price,2017-01-01 23:00:00,day_ahead
2017-01-02 11:00:00,59.22913194834817,price,2017-01-01 23:00:00,day_ahead
2017-01-02 12:00:00,57.723441886730036,price,2017-01-01 23:00:00,day_ahead
2017-01-02 13:00:00,55.633303835459174,price,2017-01-01 23:00:00,day_ahead
2017-01-02 14:00:00,54.111776532055735,price,2017-01-01 23:00:00,day_ahead
2017-01-02 15:00:00,54.69861431040319,price,2017-01-01 23:00:00,day_ahead
2017-01-02 16:00:00,58.04648026161535,price,2017-01-01 23:00:00,day_ahead
2017-01-02 17:00:00,63.04654348458615,price,2017-01-01 23:00:00,day_ahead
2017-01-02 18:00:00,67.27585996789662,price,2017-01-01 23:00:00,day_ahead
2017-01-02 19:00:00,68.52955987371645,price,2017-01-01 23:00:00,day_ahead
2017-01-02 20:00:00,66.20575899770813,price,2017-01-01 23:00:00,day_ahead
2017-01-02 21:00:00,61.43810078863551,price,2017-01-01 23:00:00,day_ahead
2017-01-02 22:00:00,56.00204631225057,price,2017-01-01 23:00:00,day_ahead
2017-01-02 23:00:00,51.07588357309178,price,2017-01-01 23:00:00,day_ahead
2017-01-03 00:00:00,47.39484547358971,price,2017-01-02 23:00:00,day_ahead
2017-01-03 01:00:00,44.04525279927152,price,2017-01-02 23:00:00,day_ahead
2017-01-03 02:00:00,42.068918340247365,price,2017-01-02 23:00:00,day_ahead
2017-01-03 03:00:00,42.45136843067655,price,2017-01-02 23:00:00,day_ahead
2017-01-03 04:00:00,45.69338975587742,price,2017-01-02 23:00:00,day_ahead
2017-01-03 05:00:00,51.02581743130103,price,2017-01-02 23:00:00,day_ahead
2017-01-03 06:00:00,56.62422496636675,price,2017-01-02 23:00:00,day_ahead
2017-01-03 07:00:00,60.72482502448203,price,2017-01-02 23:00:00,day_ahead
2017-01-03 08:00:00,62.65472765837537,price,2017-01-02 23:00:00,day_ahead
2017-01-03 09:00:00,62.88338844516031,price,2017-01-02 23:00:00,day_ahead
2017-01-03 10:00:00,62.17835755450812,price,2017-01-02 23:00:00,day_ahead
2017-01-03 11:00:00,60.813530526546934,price,2017-01-02 23:00:00,day_ahead
2017-01-03 12:00:00,58.65291237487049,price,2017-01-02 23:00:00,day_ahead
2017-01-03 13:00:00,55.94903699856246,price,2017-01-02 23:00:00,day_ahead
2017-01-03 14:00:00,53.86939829740554,price,2017-01-02 23:00:00,day_ahead
2017-01-03 15:00:00,53.97066115934988,price,2017-01-02 23:00:00,day_ahead
2017-01-03 16:00:00,56.91242604332754,price,2017-01-02 23:00:00,day_ahead
2017-01-03 17:00:00,61.575275829363065,price,2017-01-02 23:00:00,day_ahead
2017-01-03 18:00:00,65.51408236798696,price,2017-01-02 23:00:00,day_ahead
2017-01-03 19:00:00,66.50588765014388,price,2017-01-02 23:00:00,day_ahead
2017-01-03 20:00:00,63.94710441055373,price,2017-01-02 23:00:00,day_ahead
2017-01-03 21:00:00,58.98454873461421,price,2017-01-02 23:00:00,day_ahead
2017-01-03 22:00:00,53.40862549475787,price,2017-01-02 23:00:00,day_ahead
2017-01-03 23:00:00,48.402201877419174,price,2017-01-02 23:00:00,day_ahead
2017-01-04 00:00:00,45.21815787435692,price,2017-01-03 23:00:00,day_ahead
2017-01-04 01:00:00,41.82846270174341,price,2017-01-03 23:00:00,day_ahead
2017-01-04 02:00:00,39.88486197577486,price,2017-01-03 23:00:00,day_ahead
2017-01-04 03:00:00,40.399437448749865,price,2017-01-03 23:00:00,day_ahead
2017-01-04 04:00:00,43.87952614544958,price,2017-01-03 23:00:00,day_ahead
2017-01-04 05:00:00,49.526963982447654,price,2017-01-03 23:00:00,day_ahead
2017-01-04 06:00:00,55.4650149856191,price,2017-01-03 23:00:00,day_ahead
2017-01-04 07:00:00,59.884986363537244,price,2017-01-03 23:00:00,day_ahead
2017-01-04 08:00:00,62.09903426656615,price,2017-01-03 23:00:00,day_ahead
2017-01-04 09:00:00,62.58775513296896,price,2017-01-03 23:00:00,day_ahead
2017-01-04 10:00:00,62.13301550011144,price,2017-01-03 23:00:00,day_ahead
2017-01-04 11:00:00,61.008830784213444,price,2017-01-03 23:00:00,day_ahead
2017-01-04 12:00:00,59.06999886095272,price,2017-01-03 23:00:00,day_ahead
2017-01-04 13:00:00,56.56978883153577,price,2017-01-03 23:00:00,day_ahead
2017-01-04 14:00:00,54.69630219799139,price,2017-01-03 23:00:00,day_ahead
2017-01-04 15:00:00,55.03271517740554,price,2017-01-03 23:00:00,day_ahead
2017-01-04 16:00:00,58.243821693326325,price,2017-01-03 23:00:00,day_ahead
2017-01-04 17:00:00,63.17989970413693,price,2017-01-03 23:00:00,day_ahead
2017-01-04 18:00:00,67.34484361550389,price,2017-01-03 23:00:00,day_ahead
2017-01-04 19:00:00,68.47698018335187,price,2017-01-03 23:00:00,day_ahead
2017-01-04 20:00:00,65.96920911883895,price,2017-01-03 23:00:00,day_ahead
2017-01-04 21:00:00,60.99430802576701,price,2017-01-03 23:00:00,day_ahead
2017-01-04 22:00:00,55.37194846437859,price,2017-01-03 23:00:00,day_ahead
2017-01-04 23:00:00,50.29725804033523,price,2017-01-03 23:00:00,day_ahead
2017-01-05 00:00:00,47.183544526456664,price,2017-01-04 23:00:00,day_ahead
2017-01-05 01:00:00,43.73917620636831,price,2017-01-04 23:00:00,day_ahead
2017-01-05 02:00:00,41.73241732084128,price,2017-01-04 23:00:00,day_ahead
2017-01-05 03:00:00,42.19129156477473,price,2017-01-04 23:00:00,day_ahead
2017-01-05 04:00:00,45.62930952114545,price,2017-01-04 23:00:00,day_ahead
2017-01-05 05:00:00,51.23742525338248,price,2017-01-04 23:00:00,day_ahead
2017-01-05 06:00:00,57.11794655151544,price,2017-01-04 23:00:00,day_ahead
2017-01-05 07:00:00,61.44700065232825,price,2017-01-04 23:00:00,day_ahead
2017-01-05 08:00:00,63.53803169346889,price,2017-01-04 23:00:00,day_ahead
2017-01-05 09:00:00,63.8858293789385,price,2017-01-04 23:00:00,day_ahead
2017-01-05 10:00:00,63.28610873766784,price,2017-01-04 23:00:00,day_ahead
2017-01-05 11:00:00,62.01690775787496,price,2017-01-04 23:00:00,day_ahead
2017-01-05 12:00:00,59.93036961254282,price,2017-01-04 23:00:00,day_ahead
2017-01-05 13:00:00,57.28175632949452,price,2017-01-04 23:00:00,day_ahead
2017-01-05 14:00:00,55.27228657680656,price,2017-01-04 23:00:00,day_ahead
2017-01-05 15:00:00,55.50283155766985,price,2017-01-04 23:00:00,day_ahead
2017-01-05 16:00:00,58.64616883535236,price,2017-01-04 23:00:00,day_ahead
2017-01-05 17:00:00,63.54263248238345,price,2017-01-04 23:00:00,day_ahead
2017-01-05 18:00:00,67.67481488089756,price,2017-01-04 23:00:00,day_ahead
2017-01-05 19:00:00,68.76454559461496,price,2017-01-04 23:00:00,day_ahead
2017-01-05 20:00:00,66.20452096232268,price,2017-01-04 23:00:00,day_ahead
2017-01-05 21:00:00,61.180797514764876,price,2017-01-04 23:00:00,day_ahead
2017-01-05 22:00:00,55.52676154448368,price,2017-01-04 23:00:00,day_ahead
2017-01-05 23:00:00,50.44168957124586,price,2017-01-04 23:00:00,day_ahead
2017-01-06 00:00:00,47.13510646832697,price,2017-01-05 23:00:00,day_ahead
2017-01-06 01:00:00,43.678466816636416,price,2017-01-05 23:00:00,day_ahead
2017-01-06 02:00:00,41.692262335708364,price,2017-01-05 23:00:00,day_ahead
2017-01-06 03:00:00,42.22875898883458,price,2017-01-05 23:00:00,day_ahead
2017-01-06 04:00:00,45.812968220072285,price,2017-01-05 23:00:00,day_ahead
2017-01-06 05:00:00,51.61733813579607,price,2017-01-05 23:00:00,day_ahead
2017-01-06 06:00:00,57.70192159279357,price,2017-01-05 23:00:00,day_ahead
2017-01-06 07:00:00,62.202082401178885,price,2017-01-05 23:00:00,day_ahead
2017-01-06 08:00:00,64.41391100039647,price,2017-01-05 23:00:00,day_ahead
2017-01-06 09:00:00,64.83864544490805,price,2017-01-05 23:00:00,day_ahead
2017-01-06 10:00:00,64.28431958007452,price,2017-01-05 23:00:00,day_ahead
2017-01-06 11:00:00,63.031153323352015,price,2017-01-05 23:00:00,day_ahead
2017-01-06 12:00:00,60.92532510826286,price,2017-01-05 23:00:00,day_ahead
2017-01-06 13:00:00,58.22350141280137,price,2017-01-05 23:00:00,day_ahead
2017-01-06 14:00:00,56.14482198036313,price,2017-01-05 23:00:00,day_ahead
2017-01-06 15:00:00,56.31341657345071,price,2017-01-05 23:00:00,day_ahead
2017-01-06 16:00:00,59.40683002692749,price,2017-01-05 23:00:00,day_ahead
2017-01-06 17:00:00,64.2381361928061,price,2017-01-05 23:00:00,day_ahead
2017-01-06 18:00:00,68.24298330938291,price,2017-01-05 23:00:00,day_ahead
2017-01-06 19:00:00,69.10665527634146,price,2017-01-05 23:00:00,day_ahead
2017-01-06 20:00:00,66.21826121084496,price,2017-01-05 23:00:00,day_ahead
2017-01-06 21:00:00,60.78952262762617,price,2017-01-05 23:00:00,day_ahead
2017-01-06 22:00:00,54.68420337240507,price,2017-01-05 23:00:00,day_ahead
2017-01-06 23:00:00,49.11524551744154,price,2017-01-05 23:00:00,day_ahead
2017-01-07 00:00:00,44.971088643523416,price,2017-01-06 23:00:00,day_ahead
2017-01-07 01:00:00,40.959280974145734,price,2017-01-06 23:00:00,day_ahead
2017-01-07 02:00:00,38.408418774637106,price,2017-01-06 23:00:00,day_ahead
2017-01-07 03:00:00,38.394625206894176,price,2017-01-06 23:00:00,day_ahead
2017-01-07 04:00:00,41.45096317165386,price,2017-01-06 23:00:00,day_ahead
2017-01-07 05:00:00,46.73471186606113,price,2017-01-06 23:00:00,day_ahead
2017-01-07 06:00:00,52.27837550811016,price,2017-01-06 23:00:00,day_ahead
2017-01-07 07:00:00,56.19752277664933,price,2017-01-06 23:00:00,day_ahead
2017-01-07 08:00:00,57.78813729712806,price,2017-01-06 23:00:00,day_ahead
2017-01-07 09:00:00,57.565772777961044,price,2017-01-06 23:00:00,day_ahead
2017-01-07 10:00:00,56.352590219221725,price,2017-01-06 23:00:00,day_ahead
2017-01-07 11:00:00,54.43493861557938,price,2017-01-06 23:00:00,day_ahead
2017-01-07 12:00:00,51.66382445509252,price,2017-01-06 23:00:00,day_ahead
2017-01-07 13:00:00,48.31200834413016,price,2017-01-06 23:00:00,day_ahead
2017-01-07 14:00:00,45.62847210549293,price,2017-01-06 23:00:00,day_ahead
2017-01-07 15:00:00,45.26696454650903,price,2017-01-06 23:00:00,day_ahead
2017-01-07 16:00:00,47.91483035697198,price,2017-01-06 23:00:00,day_ahead
2017-01-07 17:00:00,52.36817845826111,price,2017-01-06 23:00:00,day_ahead
2017-01-07 18:00:00,56.03256855116037,price,2017-01-06 23:00:00,day_ahead
2017-01-07 19:00:00,56.57364161816778,price,2017-01-06 23:00:00,day_ahead
2017-01-07 20:00:00,53.38519452159084,price,2017-01-06 23:00:00,day_ahead
2017-01-07 21:00:00,47.701887907578374,price,2017-01-06 23:00:00,day_ahead
2017-01-07 22:00:00,41.410822606468145,price,2017-01-06 23:00:00,day_ahead
2017-01-07 23:00:00,35.73694670757513,price,2017-01-06 23:00:00,day_ahead
2017-01-08 00:00:00,32.4418529193046,price,2017-01-07 23:00:00,day_ahead
2017-01-08 01:00:00,28.50895933456559,price,2017-01-07 23:00:00,day_ahead
2017-01-08 02:00:00,26.157773158886926,price,2017-01-07 23:00:00,day_ahead
2017-01-08 03:00:00,26.480727739066833,price,2017-01-07 23:00:00,day_ahead
2017-01-08 04:00:00,30.00909299931119,price,2017-01-07 23:00:00,day_ahead
2017-01-08 05:00:00,35.87857201388576,price,2017-01-07 23:00:00,day_ahead
2017-01-08 06:00:00,42.093221682452416,price,2017-01-07 23:00:00,day_ahead
2017-01-08 07:00:00,46.749842683370936,price,2017-01-07 23:00:00,day_ahead
2017-01-08 08:00:00,49.14112433426197,price,2017-01-07 23:00:00,day_ahead
2017-01-08 09:00:00,49.78609494653544,price,2017-01-07 23:00:00,day_ahead
2017-01-08 10:00:00,49.50439070896669,price,2017-01-07 23:00:00,day_ahead
2017-01-08 11:00:00,48.57092448478922,price,2017-01-07 23:00:00,day_ahead
2017-01-08 12:00:00,46.82644549380601,price,2017-01-07 23:00:00,day_ahead
2017-01-08 13:00:00,44.54666178373036,price,2017-01-07 23:00:00,day_ahead
2017-01-08 14:00:00,42.99644575796346,price,2017-01-07 23:00:00,day_ahead
2017-01-08 15:00:00,43.843130114732176,price,2017-01-07 23:00:00,day_ahead
2017-01-08 16:00:00,47.76752104374245,price,2017-01-07 23:00:00,day_ahead
2017-01-08 17:00:00,53.53486885977717,price,2017-01-07 23:00:00,day_ahead
2017-01-08 18:00:00,58.509513826524355,price,2017-01-07 23:00:00,day_ahead
2017-01-08 19:00:00,60.32609200321439,price,2017-01-07 23:00:00,day_ahead
2017-01-08 20:00:00,58.36802487159456,price,2017-01-07 23:00:00,day_ahead
2017-01-08 21:00:00,53.87397658451341,price,2017-01-07 23:00:00,day_ahead
2017-01-08 22:00:00,48.73543676821999,price,2017-01-07 23:00:00,day_ahead
2017-01-08 23:00:00,44.1749325607178,price,2017-01-07 23:00:00,day_ahead
2017-01-09 00:00:00,42.01523847457474,price,2017-01-08 23:00:00,day_ahead
2017-01-09 01:00:00,39.151862584657444,price,2017-01-08 23:00:00,day_ahead
2017-01-09 02:00:00,37.82134454585764,price,2017-01-08 23:00:00,day_ahead
2017-01-09 03:00:00,39.12358663007487,price,2017-01-08 23:00:00,day_ahead
2017-01-09 04:00:00,43.58889146825892,price,2017-01-08 23:00:00,day_ahead
2017-01-09 05:00:00,50.3348964877798,price,2017-01-08 23:00:00,day_ahead
2017-01-09 06:00:00,57.33842122515011,price,2017-01-08 23:00:00,day_ahead
2017-01-09 07:00:00,62.67693721734457,price,2017-01-08 23:00:00,day_ahead
2017-01-09 08:00:00,65.6409924758234,price,2017-01-08 23:00:00,day_ahead
2017-01-09 09:00:00,66.75723476839167,price,2017-01-08 23:00:00,day_ahead
2017-01-09 10:00:00,66.8470647368058,price,2017-01-08 23:00:00,day_ahead
2017-01-09 11:00:00,66.17480442759454,price,2017-01-08 23:00:00,day_ahead
2017-01-09 12:00:00,64.56888953908022,price,2017-01-08 23:00:00,day_ahead
2017-01-09 13:00:00,62.30845626969829,price,2017-01-08 23:00:00,day_ahead
2017-01-09 14:00:00,60.68290588966601,price,2017-01-08 23:00:00,day_ahead
2017-01-09 15:00:00,61.39008276582102,price,2017-01-08 23:00:00,day_ahead
2017-01-09 16:00:00,65.12341970693426,price,2017-01-08 23:00:00,day_ahead
2017-01-09 17:00:00,70.63193336252114,price,2017-01-08 23:00:00,day_ahead
2017-01-09 18:00:00,75.24784435963335,price,2017-01-08 23:00:00,day_ahead
2017-01-09 19:00:00,76.58423389981071,price,2017-01-08 23:00:00,day_ahead
2017-01-09 20:00:00,74.03090191540596,price,2017-01-08 23:00:00,day_ahead
2017-01-09 21:00:00,68.85533397289886,price,2017-01-08 23:00:00,day_ahead
2017-01-09 22:00:00,62.97918433317924,price,2017-01-08 23:00:00,day_ahead
2017-01-09 23:00:00,57.64015922713549,price,2017-01-08 23:00:00,day_ahead
2017-01-10 00:00:00,54.135318163179804,price,2017-01-09 23:00:00,day_ahead
2017-01-10 01:00:00,50.38248122720132,price,2017-01-09 23:00:00,day_ahead
2017-01-10 02:00:00,48.157440875171275,price,2017-01-09 23:00:00,day_ahead
2017-01-10 03:00:00,48.5986799731631,price,2017-01-09 23:00:00,day_ahead
2017-01-10 04:00:00,52.25904843249326,price,2017-01-09 23:00:00,day_ahead
2017-01-10 05:00:00,58.24397204120345,price,2017-01-09 23:00:00,day_ahead
2017-01-10 06:00:00,64.49310473907106,price,2017-01-09 23:00:00,day_ahead
2017-01-10 07:00:00,69.05232626286184,price,2017-01-09 23:00:00,day_ahead
2017-01-10 08:00:00,71.2098677979121,price,2017-01-09 23:00:00,day_ahead
2017-01-10 09:00:00,71.51598576620589,price,2017-01-09 23:00:00,day_ahead
2017-01-10 10:00:00,70.81773684552442,price,2017-01-09 23:00:00,day_ahead
2017-01-10 11:00:00,69.38850207198074,price,2017-01-09 23:00:00,day_ahead
2017-01-10 12:00:00,67.054188124172,price,2017-01-09 23:00:00,day_ahead
2017-01-10 13:00:00,64.10088970603813,price,2017-01-09 23:00:00,day_ahead
2017-01-10 14:00:00,61.84617835333831,price,2017-01-09 23:00:00,day_ahead
2017-01-10 15:00:00,62.02316204995645,price,2017-01-09 23:00:00,day_ahead
2017-01-10 16:00:00,65.33823536759488,price,2017-01-09 23:00:00,day_ahead
2017-01-10 17:00:00,70.51475306351105,price,2017-01-09 23:00:00,day_ahead
2017-01-10 18:00:00,74.83558736926301,price,2017-01-09 23:00:00,day_ahead
2017-01-10 19:00:00,75.8761471884874,price,2017-01-09 23:00:00,day_ahead
2017-01-10 20:00:00,73.02554547970847,price,2017-01-09 23:00:00,day_ahead
2017-01-10 21:00:00,67.58152635107098,price,2017-01-09 23:00:00,day_ahead
2017-01-10 22:00:00,61.497535570193094,price,2017-01-09 23:00:00,day_ahead
2017-01-10 23:00:00,56.02071218431945,price,2017-01-09 23:00:00,day_ahead
2017-01-11 00:00:00,70.8208967622668,price,2017-01-10 23:00:00,day_ahead
2017-01-11 01:00:00,66.54501708908245,price,2017-01-10 23:00:00,day_ahead
2017-01-11 02:00:00,62.744970954578484,price,2017-01-10 23:00:00,day_ahead
2017-01-11 03:00:00,61.52931346512886,price,2017-01-10 23:00:00,day_ahead
2017-01-11 04:00:00,64.16415013062114,price,2017-01-10 23:00:00,day_ahead
2017-01-11 05:00:00,69.86833033828906,price,2017-01-10 23:00:00,day_ahead
2017-01-11 06:00:00,76.29191697768859,price,2017-01-10 23:00:00,day_ahead
2017-01-11 07:00:00,81.19449129987181,price,2017-01-10 23:00:00,day_ahead
2017-01-11 08:00:00,83.77980095426035,price,2017-01-10 23:00:00,day_ahead
2017-01-11 09:00:00,84.61242144556395,price,2017-01-10 23:00:00,day_ahead
2017-01-11 10:00:00,84.49742160778366,price,2017-01-10 23:00:00,day_ahead
2017-01-11 11:00:00,83.65098948984627,price,2017-01-10 23:00:00,day_ahead
2017-01-11 12:00:00,82.00492703563208,price,2017-01-10 23:00:00,day_ahead
2017-01-11 13:00:00,80.13637869893608,price,2017-01-10 23:00:00,day_ahead
2017-01-11 14:00:00,79.5474573196014,price,2017-01-10 23:00:00,day_ahead
2017-01-11 15:00:00,81.67242434481226,price,2017-01-10 23:00:00,day_ahead
2017-01-11 16:00:00,86.41001472024121,price,2017-01-10 23:00:00,day_ahead
2017-01-11 17:00:00,91.67670315937542,price,2017-01-10 23:00:00,day_ahead
2017-01-11 18:00:00,94.65259619161445,price,2017-01-10 23:00:00,day_ahead
2017-01-11 19:00:00,93.78565359747249,price,2017-01-10 23:00:00,day_ahead
2017-01-11 20:00:00,89.81369118641666,price,2017-01-10 23:00:00,day_ahead
2017-01-11 21:00:00,84.90521844004321,price,2017-01-10 23:00:00,day_ahead
2017-01-11 22:00:00,80.74739506303224,price,2017-01-10 23:00:00,day_ahead
2017-01-11 23:00:00,77.3656563642431,price,2017-01-10 23:00:00,day_ahead
2017-01-12 00:00:00,54.55266293043172,price,2017-01-11 23:00:00,day_ahead
2017-01-12 01:00:00,50.70449482551499,price,2017-01-11 23:00:00,day_ahead
2017-01-12 02:00:00,48.44423906639768,price,2017-01-11 23:00:00,day_ahead
2017-01-12 03:00:00,48.949393167636224,price,2017-01-11 23:00:00,day_ahead
2017-01-12 04:00:00,52.78714025909382,price,2017-01-11 23:00:00,day_ahead
2017-01-12 05:00:00,59.0307537367996,price,2017-01-11 23:00:00,day_ahead
2017-01-12 06:00:00,65.55519450067828,price,2017-01-11 23:00:00,day_ahead
2017-01-12 07:00:00,70.34856423895654,price,2017-01-11 23:00:00,day_ahead
2017-01-12 08:00:00,72.67933990214631,price,2017-01-11 23:00:00,day_ahead
2017-01-12 09:00:00,73.1138407274539,price,2017-01-11 23:00:00,day_ahead
2017-01-12 10:00:00,72.52270959682131,price,2017-01-11 23:00:00,day_ahead
2017-01-12 11:00:00,71.18675530469663,price,2017-01-11 23:00:00,day_ahead
2017-01-12 12:00:00,68.92672833006435,price,2017-01-11 23:00:00,day_ahead
2017-01-12 13:00:00,66.0339617451704,price,2017-01-11 23:00:00,day_ahead
2017-01-12 14:00:00,63.85479886328078,price,2017-01-11 23:00:00,day_ahead
2017-01-12 15:00:00,64.15850034524159,price,2017-01-11 23:00:00,day_ahead
2017-01-12 16:00:00,67.66132378403705,price,2017-01-11 23:00:00,day_ahead
2017-01-12 17:00:00,73.05157343182077,price,2017-01-11 23:00:00,day_ahead
2017-01-12 18:00:00,77.54962345490017,price,2017-01-11 23:00:00,day_ahead
2017-01-12 19:00:00,78.68210004855395,price,2017-01-11 23:00:00,day_ahead
2017-01-12 20:00:00,75.83284620524373,price,2017-01-11 23:00:00,day_ahead
2017-01-12 21:00:00,70.33181906631627,price,2017-01-11 23:00:00,day_ahead
2017-01-12 22:00:00,64.16950548433486,price,2017-01-11 23:00:00,day_ahead
2017-01-12 23:00:00,58.60862223579977,price,2017-01-11 23:00:00,day_ahead
2017-01-13 00:00:00,54.87273795404516,price,2017-01-12 23:00:00,day_ahead
2017-01-13 01:00:00,51.016552952582124,price,2017-01-12 23:00:00,day_ahead
2017-01-13 02:00:00,48.780076150231594,price,2017-01-12 23:00:00,day_ahead
2017-01-13 03:00:00,49.36531488794921,price,2017-01-12 23:00:00,day_ahead
2017-01-13 04:00:00,53.35250951751417,price,2017-01-12 23:00:00,day_ahead
2017-01-13 05:00:00,59.79736163657776,price,2017-01-12 23:00:00,day_ahead
2017-01-13 06:00:00,66.53207234701134,price,2017-01-12 23:00:00,day_ahead
2017-01-13 07:00:00,71.50291655746047,price,2017-01-12 23:00:00,day_ahead
2017-01-13 08:00:00,73.9609164730627,price,2017-01-12 23:00:00,day_ahead
2017-01-13 09:00:00,74.48021952854431,price,2017-01-12 23:00:00,day_ahead
2017-01-13 10:00:00,73.9455413332867,price,2017-01-12 23:00:00,day_ahead
2017-01-13 11:00:00,72.64024716653917,price,2017-01-12 23:00:00,day_ahead
2017-01-13 12:00:00,70.37732906203753,price,2017-01-12 23:00:00,day_ahead
2017-01-13 13:00:00,67.44644169627256,price,2017-01-12 23:00:00,day_ahead
2017-01-13 14:00:00,65.20921178878802,price,2017-01-12 23:00:00,day_ahead
2017-01-13 15:00:00,65.45708915540423,price,2017-01-12 23:00:00,day_ahead
2017-01-13 16:00:00,68.91140637267314,price,2017-01-12 23:00:00,day_ahead
2017-01-13 17:00:00,74.2339997363969,price,2017-01-12 23:00:00,day_ahead
2017-01-13 18:00:00,78.59910657014252,price,2017-01-12 23:00:00,day_ahead
2017-01-13 19:00:00,79.49795796470262,price,2017-01-12 23:00:00,day_ahead
2017-01-13 20:00:00,76.31267593472192,price,2017-01-12 23:00:00,day_ahead
2017-01-13 21:00:00,70.40089938980749,price,2017-01-12 23:00:00,day_ahead
2017-01-13 22:00:00,63.78416671925149,price,2017-01-12 23:00:00,day_ahead
2017-01-13 23:00:00,57.736982544732626,price,2017-01-12 23:00:00,day_ahead
2017-01-14 00:00:00,52.78014131170419,price,2017-01-13 23:00:00,day_ahead
2017-01-14 01:00:00,48.3733591062108,price,2017-01-13 23:00:00,day_ahead
2017-01-14 02:00:00,45.56537635303251,price,2017-01-13 23:00:00,day_ahead
2017-01-14 03:00:00,45.569154004931974,price,2017-01-13 23:00:00,day_ahead
2017-01-14 04:00:00,48.96657283414803,price,2017-01-13 23:00:00,day_ahead
2017-01-14 05:00:00,54.807886092825335,price,2017-01-13 23:00:00,day_ahead
2017-01-14 06:00:00,60.91815389421933,price,2017-01-13 23:00:00,day_ahead
2017-01-14 07:00:00,65.23919093132078,price,2017-01-13 23:00:00,day_ahead
2017-01-14 08:00:00,67.02145687629334,price,2017-01-13 23:00:00,day_ahead
2017-01-14 09:00:00,66.84179301141482,price,2017-01-13 23:00:00,day_ahead
2017-01-14 10:00:00,65.59092347203709,price,2017-01-13 23:00:00,day_ahead
2017-01-14 11:00:00,63.56291662790808,price,2017-01-13 23:00:00,day_ahead
2017-01-14 12:00:00,60.586768795739324,price,2017-01-13 23:00:00,day_ahead
2017-01-14 13:00:00,56.97090401660881,price,2017-01-13 23:00:00,day_ahead
2017-01-14 14:00:00,54.09319786498238,price,2017-01-13 23:00:00,day_ahead
2017-01-14 15:00:00,53.75424869039305,price,2017-01-13 23:00:00,day_ahead
2017-01-14 16:00:00,56.67708389177193,price,2017-01-13 23:00:00,day_ahead
2017-01-14 17:00:00,61.52183499785139,price,2017-01-13 23:00:00,day_ahead
2017-01-14 18:00:00,65.46259121147348,price,2017-01-13 23:00:00,day_ahead
2017-01-14 19:00:00,65.99387708358952,price,2017-01-13 23:00:00,day_ahead
2017-01-14 20:00:00,62.50263559769289,price,2017-01-13 23:00:00,day_ahead
2017-01-14 21:00:00,56.35020832947537,price,2017-01-13 23:00:00,day_ahead
2017-01-14 22:00:00,49.56099335143194,price,2017-01-13 23:00:00,day_ahead
2017-01-14 23:00:00,43.41511127981531,price,2017-01-13 23:00:00,day_ahead
2017-01-15 00:00:00,58.621574747777736,price,2017-01-14 23:00:00,day_ahead
2017-01-15 01:00:00,55.78773047112159,price,2017-01-14 23:00:00,day_ahead
2017-01-15 02:00:00,53.32755612559521,price,2017-01-14 23:00:00,day_ahead
2017-01-15 03:00:00,52.52405106696565,price,2017-01-14 23:00:00,day_ahead
2017-01-15 04:00:00,54.28985329182798,price,2017-01-14 23:00:00,day_ahead
2017-01-15 05:00:00,58.20279410385343,price,2017-01-14 23:00:00,day_ahead
2017-01-15 06:00:00,62.653831421230365,price,2017-01-14 23:00:00,day_ahead
2017-01-15 07:00:00,65.9839056359313,price,2017-01-14 23:00:00,day_ahead
2017-01-15 08:00:00,67.55689451954164,price,2017-01-14 23:00:00,day_ahead
2017-01-15 09:00:00,67.83860656286691,price,2017-01-14 23:00:00,day_ahead
2017-01-15 10:00:00,67.56936665488156,price,2017-01-14 23:00:00,day_ahead
2017-01-15 11:00:00,66.98597193577375,price,2017-01-14 23:00:00,day_ahead
2017-01-15 12:00:00,65.89976499869786,price,2017-01-14 23:00:00,day_ahead
2017-01-15 13:00:00,64.45354626058591,price,2017-01-14 23:00:00,day_ahead
2017-01-15 14:00:00,63.59863264262496,price,2017-01-14 23:00:00,day_ahead
2017-01-15 15:00:00,64.5843125884623,price,2017-01-14 23:00:00,day_ahead
2017-01-15 16:00:00,67.80210235109712,price,2017-01-14 23:00:00,day_ahead
2017-01-15 17:00:00,72.10280669744034,price,2017-01-14 23:00:00,day_ahead
2017-01-15 18:00:00,75.37498311329776,price,2017-01-14 23:00:00,day_ahead
2017-01-15 19:00:00,76.00863374205765,price,2017-01-14 23:00:00,day_ahead
2017-01-15 20:00:00,73.99638478106604,price,2017-01-14 23:00:00,day_ahead
2017-01-15 21:00:00,70.72062104609002,price,2017-01-14 23:00:00,day_ahead
2017-01-15 22:00:00,67.68003822203022,price,2017-01-14 23:00:00,day_ahead
2017-01-15 23:00:00,65.36763601955693,price,2017-01-14 23:00:00,day_ahead
2017-01-16 00:00:00,48.82708837425194,price,2017-01-15 23:00:00,day_ahead
2017-01-16 01:00:00,45.6656376390121,price,2017-01-15 23:00:00,day_ahead
2017-01-16 02:00:00,44.16309922541329,price,2017-01-15 23:00:00,day_ahead
2017-01-16 03:00:00,45.5490654894828,price,2017-01-15 23:00:00,day_ahead
2017-01-16 04:00:00,50.411039461794715,price,2017-01-15 23:00:00,day_ahead
2017-01-16 05:00:00,57.777846000815465,price,2017-01-15 23:00:00,day_ahead
2017-01-16 06:00:00,65.43156645715992,price,2017-01-15 23:00:00,day_ahead
2017-01-16 07:00:00,71.27199782725125,price,2017-01-15 23:00:00,day_ahead
2017-01-16 08:00:00,74.52720862072897,price,2017-01-15 23:00:00,day_ahead
2017-01-16 09:00:00,75.77036463247244,price,2017-01-15 23:00:00,day_ahead
2017-01-16 10:00:00,75.89173988376169,price,2017-01-15 23:00:00,day_ahead
2017-01-16 11:00:00,75.17764516833138,price,2017-01-15 23:00:00,day_ahead
2017-01-16 12:00:00,73.44911917847855,price,2017-01-15 23:00:00,day_ahead
2017-01-16 13:00:00,71.02277310499842,price,2017-01-15 23:00:00,day_ahead
2017-01-16 14:00:00,69.30508677655766,price,2017-01-15 23:00:00,day_ahead
2017-01-16 15:00:00,70.12650116920932,price,2017-01-15 23:00:00,day_ahead
2017-01-16 16:00:00,74.2112127135905,price,2017-01-15 23:00:00,day_ahead
2017-01-16 17:00:00,80.17810595081991,price,2017-01-15 23:00:00,day_ahead
2017-01-16 18:00:00,85.13568450527815,price,2017-01-15 23:00:00,day_ahead
2017-01-16 19:00:00,86.5265578575346,price,2017-01-15 23:00:00,day_ahead
2017-01-16 20:00:00,83.72734966669245,price,2017-01-15 23:00:00,day_ahead
2017-01-16 21:00:00,78.12722827403779,price,2017-01-15 23:00:00,day_ahead
2017-01-16 22:00:00,71.78806324707637,price,2017-01-15 23:00:00,day_ahead
2017-01-16 23:00:00,66.01051557011357,price,2017-01-15 23:00:00,day_ahead
2017-01-17 00:00:00,61.18920352798124,price,2017-01-16 23:00:00,day_ahead
2017-01-17 01:00:00,57.106134642694485,price,2017-01-16 23:00:00,day_ahead
2017-01-17 02:00:00,54.655804078213535,price,2017-01-16 23:00:00,day_ahead
2017-01-17 03:00:00,55.089508784453905,price,2017-01-16 23:00:00,day_ahead
2017-01-17 04:00:00,59.01400604907256,price,2017-01-16 23:00:00,day_ahead
2017-01-17 05:00:00,65.46410309829805,price,2017-01-16 23:00:00,day_ahead
2017-01-17 06:00:00,72.21443743386996,price,2017-01-16 23:00:00,day_ahead
2017-01-17 07:00:00,77.15482124172094,price,2017-01-16 23:00:00,day_ahead
2017-01-17 08:00:00,79.51276818922953,price,2017-01-16 23:00:00,day_ahead
2017-01-17 09:00:00,79.87294001252307,price,2017-01-16 23:00:00,day_ahead
2017-01-17 10:00:00,79.14148601818773,price,2017-01-16 23:00:00,day_ahead
2017-01-17 11:00:00,77.61583562856576,price,2017-01-16 23:00:00,day_ahead
2017-01-17 12:00:00,75.12198699170794,price,2017-01-16 23:00:00,day_ahead
2017-01-17 13:00:00,71.98187825502791,price,2017-01-16 23:00:00,day_ahead
2017-01-17 14:00:00,69.61349685869023,price,2017-01-16 23:00:00,day_ahead
2017-01-17 15:00:00,69.86200824509675,price,2017-01-16 23:00:00,day_ahead
2017-01-17 16:00:00,73.45924831213111,price,2017-01-16 23:00:00,day_ahead
2017-01-17 17:00:00,79.01708048143372,price,2017-01-16 23:00:00,day_ahead
2017-01-17 18:00:00,83.6261245284994,price,2017-01-16 23:00:00,day_ahead
2017-01-17 19:00:00,84.7134953767976,price,2017-01-16 23:00:00,day_ahead
2017-01-17 20:00:00,81.65408308884254,price,2017-01-16 23:00:00,day_ahead
2017-01-17 21:00:00,75.84848383112592,price,2017-01-16 23:00:00,day_ahead
2017-01-17 22:00:00,69.37151896891987,price,2017-01-16 23:00:00,day_ahead
2017-01-17 23:00:00,63.52678972022697,price,2017-01-16 23:00:00,day_ahead
2017-01-18 00:00:00,58.61864954489254,price,2017-01-17 23:00:00,day_ahead
2017-01-18 01:00:00,54.54808056386877,price,2017-01-17 23:00:00,day_ahead
2017-01-18 02:00:00,52.17780328290305,price,2017-01-17 23:00:00,day_ahead
2017-01-18 03:00:00,52.77056073980406,price,2017-01-17 23:00:00,day_ahead
2017-01-18 04:00:00,56.94059812863202,price,2017-01-17 23:00:00,day_ahead
2017-01-18 05:00:00,63.71199851299939,price,2017-01-17 23:00:00,day_ahead
2017-01-18 06:00:00,70.8283209204848,price,2017-01-17 23:00:00,day_ahead
2017-01-18 07:00:00,76.1415790618141,price,2017-01-17 23:00:00,day_ahead
2017-01-18 08:00:00,78.85325178966384,price,2017-01-17 23:00:00,day_ahead
2017-01-18 09:00:00,79.54198146580258,price,2017-01-17 23:00:00,day_ahead
2017-01-18 10:00:00,79.12092441449542,price,2017-01-17 23:00:00,day_ahead
2017-01-18 11:00:00,77.89437974528389,price,2017-01-17 23:00:00,day_ahead
2017-01-18 12:00:00,75.68902668794968,price,2017-01-17 23:00:00,day_ahead
2017-01-18 13:00:00,72.82637780552747,price,2017-01-17 23:00:00,day_ahead
2017-01-18 14:00:00,70.73040345640766,price,2017-01-17 23:00:00,day_ahead
2017-01-18 15:00:00,71.25708508839485,price,2017-01-17 23:00:00,day_ahead
2017-01-18 16:00:00,75.14181695307416,price,2017-01-17 23:00:00,day_ahead
2017-01-18 17:00:00,80.98131155175116,price,2017-01-17 23:00:00,day_ahead
2017-01-18 18:00:00,85.83439062999234,price,2017-01-17 23:00:00,day_ahead
2017-01-18 19:00:00,87.09646167258964,price,2017-01-17 23:00:00,day_ahead
2017-01-18 20:00:00,84.12934910528972,price,2017-01-17 23:00:00,day_ahead
2017-01-18 21:00:00,78.34430784593019,price,2017-01-17 23:00:00,day_ahead
2017-01-18 22:00:00,71.83883427095083,price,2017-01-17 23:00:00,day_ahead
2017-01-18 23:00:00,65.93438443403743,price,2017-01-17 23:00:00,day_ahead
2017-01-19 00:00:00,61.90660187810477,price,2017-01-18 23:00:00,day_ahead
2017-01-19 01:00:00,57.73238615380668,price,2017-01-18 23:00:00,day_ahead
2017-01-19 02:00:00,55.24702671787617,price,2017-01-18 23:00:00,day_ahead
2017-01-19 03:00:00,55.729504604088476,price,2017-01-18 23:00:00,day_ahead
2017-01-19 04:00:00,59.80236698982084,price,2017-01-18 23:00:00,day_ahead
2017-01-19 05:00:00,66.48220291639393,price,2017-01-18 23:00:00,day_ahead
2017-01-19 06:00:00,73.49273613809824,price,2017-01-18 23:00:00,day_ahead
2017-01-19 07:00:00,78.66699682109204,price,2017-01-18 23:00:00,day_ahead
2017-01-19 08:00:00,81.20060680292248,price,2017-01-18 23:00:00,day_ahead
2017-01-19 09:00:00,81.68104785002126,price,2017-01-18 23:00:00,day_ahead
2017-01-19 10:00:00,81.03609105056586,price,2017-01-18 23:00:00,day_ahead
2017-01-19 11:00:00,79.58057505982423,price,2017-01-18 23:00:00,day_ahead
2017-01-19 12:00:00,77.14607993489797,price,2017-01-18 23:00:00,day_ahead
2017-01-19 13:00:00,74.05994700608774,price,2017-01-18 23:00:00,day_ahead
2017-01-19 14:00:00,71.75867452079373,price,2017-01-18 23:00:00,day_ahead
2017-01-19 15:00:00,72.11427647076422,price,2017-01-18 23:00:00,day_ahead
2017-01-19 16:00:00,75.87088978581448,price,2017-01-18 23:00:00,day_ahead
2017-01-19 17:00:00,81.61829712134967,price,2017-01-18 23:00:00,day_ahead
2017-01-19 18:00:00,86.39561268666989,price,2017-01-18 23:00:00,day_ahead
2017-01-19 19:00:00,87.57867876824753,price,2017-01-18 23:00:00,day_ahead
2017-01-19 20:00:00,84.5223034232604,price,2017-01-18 23:00:00,day_ahead
2017-01-19 21:00:00,78.6452409645511,price,2017-01-18 23:00:00,day_ahead
2017-01-19 22:00:00,72.05844839544088,price,2017-01-18 23:00:00,day_ahead
2017-01-19 23:00:00,66.09301378490763,price,2017-01-18 23:00:00,day_ahead
2017-01-20 00:00:00,62.97784189469544,price,2017-01-19 23:00:00,day_ahead
2017-01-20 01:00:00,58.81485165794644,price,2017-01-19 23:00:00,day_ahead
2017-01-20 02:00:00,56.37300673589363,price,2017-01-19 23:00:00,day_ahead
2017-01-20 03:00:00,56.93884361537065,price,2017-01-19 23:00:00,day_ahead
2017-01-20 04:00:00,61.13525998915981,price,2017-01-19 23:00:00,day_ahead
2017-01-20 05:00:00,67.96540385589188,price,2017-01-19 23:00:00,day_ahead
2017-01-20 06:00:00,75.12937897972647,price,2017-01-19 23:00:00,day_ahead
2017-01-20 07:00:00,80.43875960062492,price,2017-01-19 23:00:00,day_ahead
2017-01-20 08:00:00,83.080855372647,price,2017-01-19 23:00:00,day_ahead
2017-01-20 09:00:00,83.64818286656084,price,2017-01-19 23:00:00,day_ahead
2017-01-20 10:00:00,83.07661067721753,price,2017-01-19 23:00:00,day_ahead
2017-01-20 11:00:00,81.68117653704387,price,2017-01-19 23:00:00,day_ahead
2017-01-20 12:00:00,79.28410035738962,price,2017-01-19 23:00:00,day_ahead
2017-01-20 13:00:00,76.2021156571246,price,2017-01-19 23:00:00,day_ahead
2017-01-20 14:00:00,73.86914152867764,price,2017-01-19 23:00:00,day_ahead
2017-01-20 15:00:00,74.16321300664876,price,2017-01-19 23:00:00,day_ahead
2017-01-20 16:00:00,77.83413387264685,price,2017-01-19 23:00:00,day_ahead
2017-01-20 17:00:00,83.46725155811609,price,2017-01-19 23:00:00,day_ahead
2017-01-20 18:00:00,88.08623280013398,price,2017-01-19 23:00:00,day_ahead
2017-01-20 19:00:00,89.04953658892937,price,2017-01-19 23:00:00,day_ahead
2017-01-20 20:00:00,85.70346859189307,price,2017-01-19 23:00:00,day_ahead
2017-01-20 21:00:00,79.4703130529827,price,2017-01-19 23:00:00,day_ahead
2017-01-20 22:00:00,72.47054085162006,price,2017-01-19 23:00:00,day_ahead
2017-01-20 23:00:00,66.04271953185687,price,2017-01-19 23:00:00,day_ahead
2017-01-21 00:00:00,73.41104064573548,price,2017-01-20 23:00:00,day_ahead
2017-01-21 01:00:00,69.36716789409462,price,2017-01-20 23:00:00,day_ahead
2017-01-21 02:00:00,65.61067193360964,price,2017-01-20 23:00:00,day_ahead
2017-01-21 03:00:00,64.00656805547278,price,2017-01-20 23:00:00,day_ahead
2017-01-21 04:00:00,65.64023284999239,price,2017-01-20 23:00:00,day_ahead
2017-01-21 05:00:00,69.87839939479619,price,2017-01-20 23:00:00,day_ahead
2017-01-21 06:00:00,74.82115441105442,price,2017-01-20 23:00:00,day_ahead
2017-01-21 07:00:00,78.66004686281126,price,2017-01-20 23:00:00,day_ahead
2017-01-21 08:00:00,80.70023263150607,price,2017-01-20 23:00:00,day_ahead
2017-01-21 09:00:00,81.27176592673567,price,2017-01-20 23:00:00,day_ahead
2017-01-21 10:00:00,80.90273054098984,price,2017-01-20 23:00:00,day_ahead
2017-01-21 11:00:00,79.77263743959452,price,2017-01-20 23:00:00,day_ahead
2017-01-21 12:00:00,77.99417058282242,price,2017-01-20 23:00:00,day_ahead
2017-01-21 13:00:00,76.24093211588055,price,2017-01-20 23:00:00,day_ahead
2017-01-21 14:00:00,75.77555262732167,price,2017-01-20 23:00:00,day_ahead
2017-01-21 15:00:00,77.55673244160866,price,2017-01-20 23:00:00,day_ahead
2017-01-21 16:00:00,81.17803199515097,price,2017-01-20 23:00:00,day_ahead
2017-01-21 17:00:00,84.764900698253,price,2017-01-20 23:00:00,day_ahead
2017-01-21 18:00:00,86.15733821909988,price,2017-01-20 23:00:00,day_ahead
2017-01-21 19:00:00,84.46403279031415,price,2017-01-20 23:00:00,day_ahead
2017-01-21 20:00:00,80.62603316078422,price,2017-01-20 23:00:00,day_ahead
2017-01-21 21:00:00,76.47727959035105,price,2017-01-20 23:00:00,day_ahead
2017-01-21 22:00:00,73.1668719331527,price,2017-01-20 23:00:00,day_ahead
2017-01-21 23:00:00,70.3947275070299,price,2017-01-20 23:00:00,day_ahead
2017-01-22 00:00:00,50.525058488328085,price,2017-01-21 23:00:00,day_ahead
2017-01-22 01:00:00,45.94633399824418,price,2017-01-21 23:00:00,day_ahead
2017-01-22 02:00:00,43.182437876732386,price,2017-01-21 23:00:00,day_ahead
2017-01-22 03:00:00,43.52683570587395,price,2017-01-21 23:00:00,day_ahead
2017-01-22 04:00:00,47.587908785055546,price,2017-01-21 23:00:00,day_ahead
2017-01-22 05:00:00,54.3461065039481,price,2017-01-21 23:00:00,day_ahead
2017-01-22 06:00:00,61.48920461558216,price,2017-01-21 23:00:00,day_ahead
2017-01-22 07:00:00,66.83596380577477,price,2017-01-21 23:00:00,day_ahead
2017-01-22 08:00:00,69.59362648885455,price,2017-01-21 23:00:00,day_ahead
2017-01-22 09:00:00,70.37167632054073,price,2017-01-21 23:00:00,day_ahead
2017-01-22 10:00:00,70.10900130991367,price,2017-01-21 23:00:00,day_ahead
2017-01-22 11:00:00,69.11159075166042,price,2017-01-21 23:00:00,day_ahead
2017-01-22 12:00:00,67.19150203446537,price,2017-01-21 23:00:00,day_ahead
2017-01-22 13:00:00,64.66333450692375,price,2017-01-21 23:00:00,day_ahead
2017-01-22 14:00:00,62.966866191229094,price,2017-01-21 23:00:00,day_ahead
2017-01-22 15:00:00,63.986935392377696,price,2017-01-21 23:00:00,day_ahead
2017-01-22 16:00:00,68.4749998235628,price,2017-01-21 23:00:00,day_ahead
2017-01-22 17:00:00,75.01281237990305,price,2017-01-21 23:00:00,day_ahead
2017-01-22 18:00:00,80.61871119378169,price,2017-01-21 23:00:00,day_ahead
2017-01-22 19:00:00,82.64536442881827,price,2017-01-21 23:00:00,day_ahead
2017-01-22 20:00:00,80.43001500485934,price,2017-01-21 23:00:00,day_ahead
2017-01-22 21:00:00,75.38041523934186,price,2017-01-21 23:00:00,day_ahead
2017-01-22 22:00:00,69.6012109038691,price,2017-01-21 23:00:00,day_ahead
2017-01-22 23:00:00,64.42361123249249,price,2017-01-21 23:00:00,day_ahead
2017-01-23 00:00:00,60.19406868491858,price,2017-01-22 23:00:00,day_ahead
2017-01-23 01:00:00,56.83026629145855,price,2017-01-22 23:00:00,day_ahead
2017-01-23 02:00:00,55.225774760005685,price,2017-01-22 23:00:00,day_ahead
2017-01-23 03:00:00,56.673755841590314,price,2017-01-22 23:00:00,day_ahead
2017-01-23 04:00:00,61.78119771693328,price,2017-01-22 23:00:00,day_ahead
2017-01-23 05:00:00,69.5168417612637,price,2017-01-22 23:00:00,day_ahead
2017-01-23 06:00:00,77.54753263918803,price,2017-01-22 23:00:00,day_ahead
2017-01-23 07:00:00,83.67183909610227,price,2017-01-22 23:00:00,day_ahead
2017-01-23 08:00:00,87.08575951515066,price,2017-01-22 23:00:00,day_ahead
2017-01-23 09:00:00,88.39504057400518,price,2017-01-22 23:00:00,day_ahead
2017-01-23 10:00:00,88.53468756975383,price,2017-01-22 23:00:00,day_ahead
2017-01-23 11:00:00,87.80362579341272,price,2017-01-22 23:00:00,day_ahead
2017-01-23 12:00:00,86.01104920952854,price,2017-01-22 23:00:00,day_ahead
2017-01-23 13:00:00,83.48385925174118,price,2017-01-22 23:00:00,day_ahead
2017-01-23 14:00:00,81.69031788490898,price,2017-01-22 23:00:00,day_ahead
2017-01-23 15:00:00,82.54500570099093,price,2017-01-22 23:00:00,day_ahead
2017-01-23 16:00:00,86.80917796243939,price,2017-01-22 23:00:00,day_ahead
2017-01-23 17:00:00,93.04511901891256,price,2017-01-22 23:00:00,day_ahead
2017-01-23 18:00:00,98.23507691894582,price,2017-01-22 23:00:00,day_ahead
2017-01-23 19:00:00,99.70532226851223,price,2017-01-22 23:00:00,day_ahead
2017-01-23 20:00:00,96.79603855557606,price,2017-01-22 23:00:00,day_ahead
2017-01-23 21:00:00,90.94547923258165,price,2017-01-22 23:00:00,day_ahead
2017-01-23 22:00:00,84.29663144466468,price,2017-01-22 23:00:00,day_ahead
2017-01-23 23:00:00,78.20697410398192,price,2017-01-22 23:00:00,day_ahead
2017-01-24 00:00:00,73.48092261082107,price,2017-01-23 23:00:00,day_ahead
2017-01-24 01:00:00,69.1488350096938,price,2017-01-23 23:00:00,day_ahead
2017-01-24 02:00:00,66.54485786119162,price,2017-01-23 23:00:00,day_ahead
2017-01-24 03:00:00,66.99435461282967,price,2017-01-23 23:00:00,day_ahead
2017-01-24 04:00:00,71.12473174691814,price,2017-01-23 23:00:00,day_ahead
2017-01-24 05:00:00,77.90184258888408,price,2017-01-23 23:00:00,day_ahead
2017-01-24 06:00:00,84.97512648811231,price,2017-01-23 23:00:00,day_ahead
2017-01-24 07:00:00,90.13242234117301,price,2017-01-23 23:00:00,day_ahead
2017-01-24 08:00:00,92.57978914083311,price,2017-01-23 23:00:00,day_ahead
2017-01-24 09:00:00,92.94854314158762,price,2017-01-23 23:00:00,day_ahead
2017-01-24 10:00:00,92.19644620633464,price,2017-01-23 23:00:00,day_ahead
2017-01-24 11:00:00,90.62920849005305,price,2017-01-23 23:00:00,day_ahead
2017-01-24 12:00:00,88.05077872603827,price,2017-01-23 23:00:00,day_ahead
2017-01-24 13:00:00,84.78614262651082,price,2017-01-23 23:00:00,day_ahead
2017-01-24 14:00:00,82.31490040007877,price,2017-01-23 23:00:00,day_ahead
2017-01-24 15:00:00,82.57010422674551,price,2017-01-23 23:00:00,day_ahead
2017-01-24 16:00:00,86.32279666247264,price,2017-01-23 23:00:00,day_ahead
2017-01-24 17:00:00,92.12746879427907,price,2017-01-23 23:00:00,day_ahead
2017-01-24 18:00:00,96.9487549255636,price,2017-01-23 23:00:00,day_ahead
2017-01-24 19:00:00,98.10262034570003,price,2017-01-23 23:00:00,day_ahead
2017-01-24 20:00:00,94.93566450059092,price,2017-01-23 23:00:00,day_ahead
2017-01-24 21:00:00,88.9014333911908,price,2017-01-23 23:00:00,day_ahead
2017-01-24 22:00:00,82.1498711564232,price,2017-01-23 23:00:00,day_ahead
2017-01-24 23:00:00,76.0280902105301,price,2017-01-23 23:00:00,day_ahead
2017-01-25 00:00:00,71.4400419846768,price,2017-01-24 23:00:00,day_ahead
2017-01-25 01:00:00,67.15169585623485,price,2017-01-24 23:00:00,day_ahead
2017-01-25 02:00:00,64.66020533058655,price,2017-01-24 23:00:00,day_ahead
2017-01-25 03:00:00,65.30153545102016,price,2017-01-24 23:00:00,day_ahead
2017-01-25 04:00:00,69.6972919257952,price,2017-01-24 23:00:00,day_ahead
2017-01-25 05:00:00,76.78969133285236,price,2017-01-24 23:00:00,day_ahead
2017-01-25 06:00:00,84.19886226972599,price,2017-01-24 23:00:00,day_ahead
2017-01-25 07:00:00,89.69336000287613,price,2017-01-24 23:00:00,day_ahead
2017-01-25 08:00:00,92.47604380444938,price,2017-01-24 23:00:00,day_ahead
2017-01-25 09:00:00,93.18346931760767,price,2017-01-24 23:00:00,day_ahead
2017-01-25 10:00:00,92.77427622328763,price,2017-01-24 23:00:00,day_ahead
2017-01-25 11:00:00,91.54530215093894,price,2017-01-24 23:00:00,day_ahead
2017-01-25 12:00:00,89.28833143738419,price,2017-01-24 23:00:00,day_ahead
2017-01-25 13:00:00,86.323628439373,price,2017-01-24 23:00:00,day_ahead
2017-01-25 14:00:00,84.13691797783724,price,2017-01-24 23:00:00,day_ahead
2017-01-25 15:00:00,84.67034188069614,price,2017-01-24 23:00:00,day_ahead
2017-01-25 16:00:00,88.6953410300818,price,2017-01-24 23:00:00,day_ahead
2017-01-25 17:00:00,94.7539838259181,price,2017-01-24 23:00:00,day_ahead
2017-01-25 18:00:00,99.79288604614202,price,2017-01-24 23:00:00,day_ahead
2017-01-25 19:00:00,101.11576697049851,price,2017-01-24 23:00:00,day_ahead
2017-01-25 20:00:00,98.06754558038216,price,2017-01-24 23:00:00,day_ahead
2017-01-25 21:00:00,92.10547331095385,price,2017-01-24 23:00:00,day_ahead
2017-01-25 22:00:00,85.38045793105057,price,2017-01-24 23:00:00,day_ahead
2017-01-25 23:00:00,79.23650854432728,price,2017-01-24 23:00:00,day_ahead
2017-01-26 00:00:00,75.10992146944936,price,2017-01-25 23:00:00,day_ahead
2017-01-26 01:00:00,70.74249108988663,price,2017-01-25 23:00:00,day_ahead
2017-01-26 02:00:00,68.13596021893736,price,2017-01-25 23:00:00,day_ahead
2017-01-26 03:00:00,68.64003129291744,price,2017-01-25 23:00:00,day_ahead
2017-01-26 04:00:00,72.88527411493078,price,2017-01-25 23:00:00,day_ahead
2017-01-26 05:00:00,79.81307805738126,price,2017-01-25 23:00:00,day_ahead
2017-01-26 06:00:00,87.03677291627487,price,2017-01-25 23:00:00,day_ahead
2017-01-26 07:00:00,92.32097071514157,price,2017-01-25 23:00:00,day_ahead
2017-01-26 08:00:00,94.87303920022146,price,2017-01-25 23:00:00,day_ahead
2017-01-26 09:00:00,95.34014585125966,price,2017-01-25 23:00:00,day_ahead
2017-01-26 10:00:00,94.69041225890774,price,2017-01-25 23:00:00,day_ahead
2017-01-26 11:00:00,93.22430709794956,price,2017-01-25 23:00:00,day_ahead
2017-01-26 12:00:00,90.73343837051185,price,2017-01-25 23:00:00,day_ahead
2017-01-26 13:00:00,87.5399920503771,price,2017-01-25 23:00:00,day_ahead
2017-01-26 14:00:00,85.13675163073049,price,2017-01-25 23:00:00,day_ahead
2017-01-26 15:00:00,85.47477159875325,price,2017-01-25 23:00:00,day_ahead
2017-01-26 16:00:00,89.33004185401458,price,2017-01-25 23:00:00,day_ahead
2017-01-26 17:00:00,95.242326959087,price,2017-01-25 23:00:00,day_ahead
2017-01-26 18:00:00,100.15325427661939,price,2017-01-25 23:00:00,day_ahead
2017-01-26 19:00:00,101.3656684211283,price,2017-01-25 23:00:00,day_ahead
2017-01-26 20:00:00,98.23013226519713,price,2017-01-25 23:00:00,day_ahead
2017-01-26 21:00:00,92.21126179704359,price,2017-01-25 23:00:00,day_ahead
2017-01-26 22:00:00,85.46157464204812,price,2017-01-25 23:00:00,day_ahead
2017-01-26 23:00:00,79.31834619705857,price,2017-01-25 23:00:00,day_ahead
2017-01-27 00:00:00,73.61601109882703,price,2017-01-26 23:00:00,day_ahead
2017-01-27 01:00:00,69.2865858679199,price,2017-01-26 23:00:00,day_ahead
2017-01-27 02:00:00,66.73079847976827,price,2017-01-26 23:00:00,day_ahead
2017-01-27 03:00:00,67.30494381520673,price,2017-01-26 23:00:00,day_ahead
2017-01-27 04:00:00,71.65118416030695,price,2017-01-26 23:00:00,day_ahead
2017-01-27 05:00:00,78.71241223664454,price,2017-01-26 23:00:00,day_ahead
2017-01-27 06:00:00,86.08703782493562,price,2017-01-26 23:00:00,day_ahead
2017-01-27 07:00:00,91.51669131959663,price,2017-01-26 23:00:00,day_ahead
2017-01-27 08:00:00,94.1924257953158,price,2017-01-26 23:00:00,day_ahead
2017-01-27 09:00:00,94.75895257185444,price,2017-01-26 23:00:00,day_ahead
2017-01-27 10:00:00,94.18977564414843,price,2017-01-26 23:00:00,day_ahead
2017-01-27 11:00:00,92.78698464499941,price,2017-01-26 23:00:00,day_ahead
2017-01-27 12:00:00,90.33536210603616,price,2017-01-26 23:00:00,day_ahead
2017-01-27 13:00:00,87.148345561987,price,2017-01-26 23:00:00,day_ahead
2017-01-27 14:00:00,84.71761029869994,price,2017-01-26 23:00:00,day_ahead
2017-01-27 15:00:00,85.00157069028606,price,2017-01-26 23:00:00,day_ahead
2017-01-27 16:00:00,88.78156037595802,price,2017-01-26 23:00:00,day_ahead
2017-01-27 17:00:00,94.58892841100537,price,2017-01-26 23:00:00,day_ahead
2017-01-27 18:00:00,99.3429925829964,price,2017-01-26 23:00:00,day_ahead
2017-01-27 19:00:00,100.32417675945092,price,2017-01-26 23:00:00,day_ahead
2017-01-27 20:00:00,96.87667358325233,price,2017-01-26 23:00:00,day_ahead
2017-01-27 21:00:00,90.47851963589616,price,2017-01-26 23:00:00,day_ahead
2017-01-27 22:00:00,83.30304699677737,price,2017-01-26 23:00:00,day_ahead
2017-01-27 23:00:00,76.6985105631733,price,2017-01-26 23:00:00,day_ahead
2017-01-28 00:00:00,69.19851467033179,price,2017-01-27 23:00:00,day_ahead
2017-01-28 01:00:00,64.38510606045323,price,2017-01-27 23:00:00,day_ahead
2017-01-28 02:00:00,61.27332174064299,price,2017-01-27 23:00:00,day_ahead
2017-01-28 03:00:00,61.211167191812876,price,2017-01-27 23:00:00,day_ahead
2017-01-28 04:00:00,64.84743775238884,price,2017-01-27 23:00:00,day_ahead
2017-01-28 05:00:00,71.14764710971556,price,2017-01-27 23:00:00,day_ahead
2017-01-28 06:00:00,77.73795403769188,price,2017-01-27 23:00:00,day_ahead
2017-01-28 07:00:00,82.37896950929012,price,2017-01-27 23:00:00,day_ahead
2017-01-28 08:00:00,84.26698680196397,price,2017-01-27 23:00:00,day_ahead
2017-01-28 09:00:00,84.04558857222017,price,2017-01-27 23:00:00,day_ahead
2017-01-28 10:00:00,82.6920756066782,price,2017-01-27 23:00:00,day_ahead
2017-01-28 11:00:00,80.52066146970053,price,2017-01-27 23:00:00,day_ahead
2017-01-28 12:00:00,77.32875070177961,price,2017-01-27 23:00:00,day_ahead
2017-01-28 13:00:00,73.43242111915004,price,2017-01-27 23:00:00,day_ahead
2017-01-28 14:00:00,70.3148195873152,price,2017-01-27 23:00:00,day_ahead
2017-01-28 15:00:00,69.92591374211341,price,2017-01-27 23:00:00,day_ahead
2017-01-28 16:00:00,73.05302935535506,price,2017-01-27 23:00:00,day_ahead
2017-01-28 17:00:00,78.25221696287413,price,2017-01-27 23:00:00,day_ahead
2017-01-28 18:00:00,82.47591411311608,price,2017-01-27 23:00:00,day_ahead
2017-01-28 19:00:00,83.02976423796812,price,2017-01-27 23:00:00,day_ahead
2017-01-28 20:00:00,79.26635536484645,price,2017-01-27 23:00:00,day_ahead
2017-01-28 21:00:00,72.6595702064766,price,2017-01-27 23:00:00,day_ahead
2017-01-28 22:00:00,65.37697588502024,price,2017-01-27 23:00:00,day_ahead
2017-01-28 23:00:00,58.76552182433577,price,2017-01-27 23:00:00,day_ahead
2017-01-29 00:00:00,51.55605067185706,price,2017-01-28 23:00:00,day_ahead
2017-01-29 01:00:00,46.85324390811169,price,2017-01-28 23:00:00,day_ahead
2017-01-29 02:00:00,43.966834980263,price,2017-01-28 23:00:00,day_ahead
2017-01-29 03:00:00,44.241673441682195,price,2017-01-28 23:00:00,day_ahead
2017-01-29 04:00:00,48.32417346013343,price,2017-01-28 23:00:00,day_ahead
2017-01-29 05:00:00,55.18272693155782,price,2017-01-28 23:00:00,day_ahead
2017-01-29 06:00:00,62.44844843007567,price,2017-01-28 23:00:00,day_ahead
2017-01-29 07:00:00,67.88100505899418,price,2017-01-28 23:00:00,day_ahead
2017-01-29 08:00:00,70.66504239184768,price,2017-01-28 23:00:00,day_ahead
2017-01-29 09:00:00,71.4255252801045,price,2017-01-28 23:00:00,day_ahead
2017-01-29 10:00:00,71.12386849387094,price,2017-01-28 23:00:00,day_ahead
2017-01-29 11:00:00,70.06855219879121,price,2017-01-28 23:00:00,day_ahead
2017-01-29 12:00:00,68.06028815006094,price,2017-01-28 23:00:00,day_ahead
2017-01-29 13:00:00,65.41929314094732,price,2017-01-28 23:00:00,day_ahead
2017-01-29 14:00:00,63.625822338016945,price,2017-01-28 23:00:00,day_ahead
2017-01-29 15:00:00,64.61865547534664,price,2017-01-28 23:00:00,day_ahead
2017-01-29 16:00:00,69.1704322274361,price,2017-01-28 23:00:00,day_ahead
2017-01-29 17:00:00,75.8238806992475,price,2017-01-28 23:00:00,day_ahead
2017-01-29 18:00:00,81.51948097593953,price,2017-01-28 23:00:00,day_ahead
2017-01-29 19:00:00,83.54854555749033,price,2017-01-28 23:00:00,day_ahead
2017-01-29 20:00:00,81.2450644664683,price,2017-01-28 23:00:00,day_ahead
2017-01-29 21:00:00,76.063738984776,price,2017-01-28 23:00:00,day_ahead
2017-01-29 22:00:00,70.15913086522302,price,2017-01-28 23:00:00,day_ahead
2017-01-29 23:00:00,64.87467780103474,price,2017-01-28 23:00:00,day_ahead
2017-01-30 00:00:00,60.2910619784134,price,2017-01-29 23:00:00,day_ahead
2017-01-30 01:00:00,56.87399905631592,price,2017-01-29 23:00:00,day_ahead
2017-01-30 02:00:00,55.18026814105225,price,2017-01-29 23:00:00,day_ahead
2017-01-30 03:00:00,56.52810642495218,price,2017-01-29 23:00:00,day_ahead
2017-01-30 04:00:00,61.55374095087863,price,2017-01-29 23:00:00,day_ahead
2017-01-30 05:00:00,69.23729265573697,price,2017-01-29 23:00:00,day_ahead
2017-01-30 06:00:00,77.23343754500691,price,2017-01-29 23:00:00,day_ahead
2017-01-30 07:00:00,83.31962022164188,price,2017-01-29 23:00:00,day_ahead
2017-01-30 08:00:00,86.6817161724463,price,2017-01-29 23:00:00,day_ahead
2017-01-30 09:00:00,87.93280757208099,price,2017-01-29 23:00:00,day_ahead
2017-01-30 10:00:00,88.02106739703163,price,2017-01-29 23:00:00,day_ahead
2017-01-30 11:00:00,87.24808389061194,price,2017-01-29 23:00:00,day_ahead
2017-01-30 12:00:00,85.41142178416591,price,2017-01-29 23:00:00,day_ahead
2017-01-30 13:00:00,82.8245407531379,price,2017-01-29 23:00:00,day_ahead
2017-01-30 14:00:00,80.95599821893676,price,2017-01-29 23:00:00,day_ahead
2017-01-30 15:00:00,81.73667628541304,price,2017-01-29 23:00:00,day_ahead
2017-01-30 16:00:00,85.94637744986824,price,2017-01-29 23:00:00,day_ahead
2017-01-30 17:00:00,92.15201957030305,price,2017-01-29 23:00:00,day_ahead
2017-01-30 18:00:00,97.32409561219525,price,2017-01-29 23:00:00,day_ahead
2017-01-30 19:00:00,98.77405348615238,price,2017-01-29 23:00:00,day_ahead
2017-01-30 20:00:00,95.83924281020882,price,2017-01-29 23:00:00,day_ahead
2017-01-30 21:00:00,89.96798915142331,price,2017-01-29 23:00:00,day_ahead
2017-01-30 22:00:00,83.31177005105495,price,2017-01-29 23:00:00,day_ahead
2017-01-30 23:00:00,77.22016268249752,price,2017-01-29 23:00:00,day_ahead
2017-01-31 00:00:00,70.77056411423419,price,2017-01-30 23:00:00,day_ahead
2017-01-31 01:00:00,66.39555999442852,price,2017-01-30 23:00:00,day_ahead
2017-01-31 02:00:00,63.71709950512388,price,2017-01-30 23:00:00,day_ahead
2017-01-31 03:00:00,64.07522985669895,price,2017-01-30 23:00:00,day_ahead
2017-01-31 04:00:00,68.12688881492778,price,2017-01-30 23:00:00,day_ahead
2017-01-31 05:00:00,74.86004999874856,price,2017-01-30 23:00:00,day_ahead
2017-01-31 06:00:00,81.92221594834659,price,2017-01-30 23:00:00,day_ahead
2017-01-31 07:00:00,87.07893624456753,price,2017-01-30 23:00:00,day_ahead
2017-01-31 08:00:00,89.51346089034246,price,2017-01-30 23:00:00,day_ahead
2017-01-31 09:00:00,89.85100714922432,price,2017-01-30 23:00:00,day_ahead
2017-01-31 10:00:00,89.05957155527878,price,2017-01-30 23:00:00,day_ahead
2017-01-31 11:00:00,87.45621000747546,price,2017-01-30 23:00:00,day_ahead
2017-01-31 12:00:00,84.84405692361025,price,2017-01-30 23:00:00,day_ahead
2017-01-31 13:00:00,81.53732768439313,price,2017-01-30 23:00:00,day_ahead
2017-01-31 14:00:00,79.00942162349143,price,2017-01-30 23:00:00,day_ahead
2017-01-31 15:00:00,79.20253306123728,price,2017-01-30 23:00:00,day_ahead
2017-01-31 16:00:00,82.90701022146229,price,2017-01-30 23:00:00,day_ahead
2017-01-31 17:00:00,88.69001929040509,price,2017-01-30 23:00:00,day_ahead
2017-01-31 18:00:00,93.51041613622915,price,2017-01-30 23:00:00,day_ahead
2017-01-31 19:00:00,94.66505123570236,price,2017-01-30 23:00:00,day_ahead
2017-01-31 20:00:00,91.4851798595562,price,2017-01-30 23:00:00,day_ahead
2017-01-31 21:00:00,85.42482437826271,price,2017-01-30 23:00:00,day_ahead
2017-01-31 22:00:00,78.64528777417976,price,2017-01-30 23:00:00,day_ahead
2017-01-31 23:00:00,72.49943288999056,price,2017-01-30 23:00:00,day_ahead
2017-02-01 00:00:00,66.25206757608551,price,2017-01-31 23:00:00,day_ahead
2017-02-01 01:00:00,61.984817400835254,price,2017-01-31 23:00:00,day_ahead
2017-02-01 02:00:00,59.45293610403587,price,2017-01-31 23:00:00,day_ahead
2017-02-01 03:00:00,59.98342132949413,price,2017-01-31 23:00:00,day_ahead
2017-02-01 04:00:00,64.22214279703303,price,2017-01-31 23:00:00,day_ahead
2017-02-01 05:00:00,71.15510540774856,price,2017-01-31 23:00:00,day_ahead
2017-02-01 06:00:00,78.43660300736245,price,2017-01-31 23:00:00,day_ahead
2017-02-01 07:00:00,83.84057043925864,price,2017-01-31 23:00:00,day_ahead
2017-02-01 08:00:00,86.55327215223616,price,2017-01-31 23:00:00,day_ahead
2017-02-01 09:00:00,87.19659528267414,price,2017-01-31 23:00:00,day_ahead
2017-02-01 10:00:00,86.73264262815579,price,2017-01-31 23:00:00,day_ahead
2017-02-01 11:00:00,85.47232430674103,price,2017-01-31 23:00:00,day_ahead
2017-02-01 12:00:00,83.20950218084229,price,2017-01-31 23:00:00,day_ahead
2017-02-01 13:00:00,80.24148039557451,price,2017-01-31 23:00:00,day_ahead
2017-02-01 14:00:00,78.01836852448625,price,2017-01-31 23:00:00,day_ahead
2017-02-01 15:00:00,78.46259903220412,price,2017-01-31 23:00:00,day_ahead
2017-02-01 16:00:00,82.36057574262297,price,2017-01-31 23:00:00,day_ahead
2017-02-01 17:00:00,88.29523329088215,price,2017-01-31 23:00:00,day_ahead
2017-02-01 18:00:00,93.25117883084809,price,2017-01-31 23:00:00,day_ahead
2017-02-01 19:00:00,94.54377386469558,price,2017-01-31 23:00:00,day_ahead
2017-02-01 20:00:00,91.50379465598526,price,2017-01-31 23:00:00,day_ahead
2017-02-01 21:00:00,85.56817211544727,price,2017-01-31 23:00:00,day_ahead
2017-02-01 22:00:00,78.87785682326196,price,2017-01-31 23:00:00,day_ahead
2017-02-01 23:00:00,72.77462221568479,price,2017-01-31 23:00:00,day_ahead
2017-02-02 00:00:00,65.79607503343104,price,2017-02-01 23:00:00,day_ahead
2017-02-02 01:00:00,61.52217540480726,price,2017-02-01 23:00:00,day_ahead
2017-02-02 02:00:00,58.92303238388556,price,2017-02-01 23:00:00,day_ahead
2017-02-02 03:00:00,59.31746842630938,price,2017-02-01 23:00:00,day_ahead
2017-02-02 04:00:00,63.36269844653767,price,2017-02-01 23:00:00,day_ahead
2017-02-02 05:00:00,70.06868487194696,price,2017-02-01 23:00:00,day_ahead
2017-02-02 06:00:00,77.11144720651501,price,2017-02-01 23:00:00,day_ahead
2017-02-02 07:00:00,82.27468724960191,price,2017-02-01 23:00:00,day_ahead
2017-02-02 08:00:00,84.74519499008055,price,2017-02-01 23:00:00,day_ahead
2017-02-02 09:00:00,85.146238455261,price,2017-02-01 23:00:00,day_ahead
2017-02-02 10:00:00,84.44785259404675,price,2017-02-01 23:00:00,day_ahead
2017-02-02 11:00:00,82.97040642318194,price,2017-02-01 23:00:00,day_ahead
2017-02-02 12:00:00,80.50855697304152,price,2017-02-01 23:00:00,day_ahead
2017-02-02 13:00:00,77.34804872998828,price,2017-02-01 23:00:00,day_ahead
2017-02-02 14:00:00,74.92355847942027,price,2017-02-01 23:00:00,day_ahead
2017-02-02 15:00:00,75.15232889288048,price,2017-02-01 23:00:00,day_ahead
2017-02-02 16:00:00,78.83283572388446,price,2017-02-01 23:00:00,day_ahead
2017-02-02 17:00:00,84.57070324094916,price,2017-02-01 23:00:00,day_ahead
2017-02-02 18:00:00,89.36956644911466,price,2017-02-01 23:00:00,day_ahead
2017-02-02 19:00:00,90.55095658235209,price,2017-02-01 23:00:00,day_ahead
2017-02-02 20:00:00,87.44190607980227,price,2017-02-01 23:00:00,day_ahead
2017-02-02 21:00:00,81.47564202567368,price,2017-02-01 23:00:00,day_ahead
2017-02-02 22:00:00,74.79479562396934,price,2017-02-01 23:00:00,day_ahead
2017-02-02 23:00:00,68.74292602934358,price,2017-02-01 23:00:00,day_ahead
2017-02-03 00:00:00,60.3434634839413,price,2017-02-02 23:00:00,day_ahead
2017-02-03 01:00:00,56.2130781673911,price,2017-02-02 23:00:00,day_ahead
2017-02-03 02:00:00,53.73897780006637,price,2017-02-02 23:00:00,day_ahead
2017-02-03 03:00:00,54.206371823582394,price,2017-02-02 23:00:00,day_ahead
2017-02-03 04:00:00,58.262502198903235,price,2017-02-02 23:00:00,day_ahead
2017-02-03 05:00:00,64.9417130197865,price,2017-02-02 23:00:00,day_ahead
2017-02-03 06:00:00,71.96219017678993,price,2017-02-02 23:00:00,day_ahead
2017-02-03 07:00:00,77.1383183515546,price,2017-02-02 23:00:00,day_ahead
2017-02-03 08:00:00,79.65985459361765,price,2017-02-02 23:00:00,day_ahead
2017-02-03 09:00:00,80.13382773723222,price,2017-02-02 23:00:00,day_ahead
2017-02-03 10:00:00,79.51524741573046,price,2017-02-02 23:00:00,day_ahead
2017-02-03 11:00:00,78.11998743415663,price,2017-02-02 23:00:00,day_ahead
2017-02-03 12:00:00,75.73799145894563,price,2017-02-02 23:00:00,day_ahead
2017-02-03 13:00:00,72.6335887130604,price,2017-02-02 23:00:00,day_ahead
2017-02-03 14:00:00,70.20342982806851,price,2017-02-02 23:00:00,day_ahead
2017-02-03 15:00:00,70.33279080375162,price,2017-02-02 23:00:00,day_ahead
2017-02-03 16:00:00,73.8209713650979,price,2017-02-02 23:00:00,day_ahead
2017-02-03 17:00:00,79.3119575622686,price,2017-02-02 23:00:00,day_ahead
2017-02-03 18:00:00,83.86033802050466,price,2017-02-02 23:00:00,day_ahead
2017-02-03 19:00:00,84.8160915263347,price,2017-02-02 23:00:00,day_ahead
2017-02-03 20:00:00,81.49622496202325,price,2017-02-02 23:00:00,day_ahead
2017-02-03 21:00:00,75.30035236886796,price,2017-02-02 23:00:00,day_ahead
2017-02-03 22:00:00,68.34324820588729,price,2017-02-02 23:00:00,day_ahead
2017-02-03 23:00:00,61.96210538389772,price,2017-02-02 23:00:00,day_ahead
2017-02-04 00:00:00,54.20599208471509,price,2017-02-03 23:00:00,day_ahead
2017-02-04 01:00:00,49.588467203239055,price,2017-02-03 23:00:00,day_ahead
2017-02-04 02:00:00,46.57307400124506,price,2017-02-03 23:00:00,day_ahead
2017-02-04 03:00:00,46.438907643553726,price,2017-02-03 23:00:00,day_ahead
2017-02-04 04:00:00,49.83300609775761,price,2017-02-03 23:00:00,day_ahead
2017-02-04 05:00:00,55.80101852954869,price,2017-02-03 23:00:00,day_ahead
2017-02-04 06:00:00,62.08126745225282,price,2017-02-03 23:00:00,day_ahead
2017-02-04 07:00:00,66.50798451434788,price,2017-02-03 23:00:00,day_ahead
2017-02-04 08:00:00,68.28285104571553,price,2017-02-03 23:00:00,day_ahead
2017-02-04 09:00:00,68.01696050280431,price,2017-02-03 23:00:00,day_ahead
2017-02-04 10:00:00,66.6677904849533,price,2017-02-03 23:00:00,day_ahead
2017-02-04 11:00:00,64.55721163871756,price,2017-02-03 23:00:00,day_ahead
2017-02-04 12:00:00,61.48324584424296,price,2017-02-03 23:00:00,day_ahead
2017-02-04 13:00:00,57.714515179927744,price,2017-02-03 23:00:00,day_ahead
2017-02-04 14:00:00,54.64539299296498,price,2017-02-03 23:00:00,day_ahead
2017-02-04 15:00:00,54.157466350703366,price,2017-02-03 23:00:00,day_ahead
2017-02-04 16:00:00,57.05464968940673,price,2017-02-03 23:00:00,day_ahead
2017-02-04 17:00:00,61.99915758293009,price,2017-02-03 23:00:00,day_ahead
2017-02-04 18:00:00,66.07238388237371,price,2017-02-03 23:00:00,day_ahead
2017-02-04 19:00:00,66.64748331548536,price,2017-02-03 23:00:00,day_ahead
2017-02-04 20:00:00,63.05138528896868,price,2017-02-03 23:00:00,day_ahead
2017-02-04 21:00:00,56.68074202401944,price,2017-02-03 23:00:00,day_ahead
2017-02-04 22:00:00,49.64320945077288,price,2017-02-03 23:00:00,day_ahead
2017-02-04 23:00:00,43.27305428269042,price,2017-02-03 23:00:00,day_ahead
2017-02-05 00:00:00,36.4385724711817,price,2017-02-04 23:00:00,day_ahead
2017-02-05 01:00:00,31.99388302497179,price,2017-02-04 23:00:00,day_ahead
2017-02-05 02:00:00,29.248273851311673,price,2017-02-04 23:00:00,day_ahead
2017-02-05 03:00:00,29.46428978133192,price,2017-02-04 23:00:00,day_ahead
2017-02-05 04:00:00,33.27944370888839,price,2017-02-04 23:00:00,day_ahead
2017-02-05 05:00:00,39.74772392978321,price,2017-02-04 23:00:00,day_ahead
2017-02-05 06:00:00,46.62814129583396,price,2017-02-04 23:00:00,day_ahead
2017-02-05 07:00:00,51.77115828259961,price,2017-02-04 23:00:00,day_ahead
2017-02-05 08:00:00,54.37762920450369,price,2017-02-04 23:00:00,day_ahead
2017-02-05 09:00:00,55.043115960985624,price,2017-02-04 23:00:00,day_ahead
2017-02-05 10:00:00,54.70810348791109,price,2017-02-04 23:00:00,day_ahead
2017-02-05 11:00:00,53.68609699381989,price,2017-02-04 23:00:00,day_ahead
2017-02-05 12:00:00,51.77278981842571,price,2017-02-04 23:00:00,day_ahead
2017-02-05 13:00:00,49.22965003089327,price,2017-02-04 23:00:00,day_ahead
2017-02-05 14:00:00,47.433187622444656,price,2017-02-04 23:00:00,day_ahead
2017-02-05 15:00:00,48.24340692628023,price,2017-02-04 23:00:00,day_ahead
2017-02-05 16:00:00,52.45265090902482,price,2017-02-04 23:00:00,day_ahead
2017-02-05 17:00:00,58.727766890101876,price,2017-02-04 23:00:00,day_ahead
2017-02-05 18:00:00,64.1618652098571,price,2017-02-04 23:00:00,day_ahead
2017-02-05 19:00:00,66.12974232117921,price,2017-02-04 23:00:00,day_ahead
2017-02-05 20:00:00,63.94052769571686,price,2017-02-04 23:00:00,day_ahead
2017-02-05 21:00:00,58.9610356619183,price,2017-02-04 23:00:00,day_ahead
2017-02-05 22:00:00,53.274305681174376,price,2017-02-04 23:00:00,day_ahead
2017-02-05 23:00:00,48.20601537222918,price,2017-02-04 23:00:00,day_ahead
2017-02-06 00:00:00,42.38365918672362,price,2017-02-05 23:00:00,day_ahead
2017-02-06 01:00:00,39.12093151547925,price,2017-02-05 23:00:00,day_ahead
2017-02-06 02:00:00,37.480789976020795,price,2017-02-05 23:00:00,day_ahead
2017-02-06 03:00:00,38.718173521187175,price,2017-02-05 23:00:00,day_ahead
2017-02-06 04:00:00,43.46594633774088,price,2017-02-05 23:00:00,day_ahead
2017-02-06 05:00:00,50.776743203679565,price,2017-02-05 23:00:00,day_ahead
2017-02-06 06:00:00,58.41145959358315,price,2017-02-05 23:00:00,day_ahead
2017-02-06 07:00:00,64.2235434736739,price,2017-02-05 23:00:00,day_ahead
2017-02-06 08:00:00,67.41371868257423,price,2017-02-05 23:00:00,day_ahead
2017-02-06 09:00:00,68.57077521891999,price,2017-02-05 23:00:00,day_ahead
2017-02-06 10:00:00,68.62249469411839,price,2017-02-05 23:00:00,day_ahead
2017-02-06 11:00:00,67.86949493339628,price,2017-02-05 23:00:00,day_ahead
2017-02-06 12:00:00,66.10169603432928,price,2017-02-05 23:00:00,day_ahead
2017-02-06 13:00:00,63.585347583067865,price,2017-02-05 23:00:00,day_ahead
2017-02-06 14:00:00,61.70906173282967,price,2017-02-05 23:00:00,day_ahead
2017-02-06 15:00:00,62.344744175658626,price,2017-02-05 23:00:00,day_ahead
2017-02-06 16:00:00,66.29039696295811,price,2017-02-05 23:00:00,day_ahead
2017-02-06 17:00:00,72.21208383146957,price,2017-02-05 23:00:00,day_ahead
2017-02-06 18:00:00,77.20076035218145,price,2017-02-05 23:00:00,day_ahead
2017-02-06 19:00:00,78.63335188902185,price,2017-02-05 23:00:00,day_ahead
2017-02-06 20:00:00,75.82707977608364,price,2017-02-05 23:00:00,day_ahead
2017-02-06 21:00:00,70.15983894265577,price,2017-02-05 23:00:00,day_ahead
2017-02-06 22:00:00,63.7243311304528,price,2017-02-05 23:00:00,day_ahead
2017-02-06 23:00:00,57.852426009772294,price,2017-02-05 23:00:00,day_ahead
2017-02-07 00:00:00,51.94681910681714,price,2017-02-06 23:00:00,day_ahead
2017-02-07 01:00:00,47.80198811466742,price,2017-02-06 23:00:00,day_ahead
2017-02-07 02:00:00,45.24301585363976,price,2017-02-06 23:00:00,day_ahead
2017-02-07 03:00:00,45.52885028143908,price,2017-02-06 23:00:00,day_ahead
2017-02-07 04:00:00,49.30346910368343,price,2017-02-06 23:00:00,day_ahead
2017-02-07 05:00:00,55.63698648176713,price,2017-02-06 23:00:00,day_ahead
2017-02-07 06:00:00,62.307540950324565,price,2017-02-06 23:00:00,day_ahead
2017-02-07 07:00:00,67.17915501815034,price,2017-02-06 23:00:00,day_ahead
2017-02-07 08:00:00,69.4562853483644,price,2017-02-06 23:00:00,day_ahead
2017-02-07 09:00:00,69.7306471826959,price,2017-02-06 23:00:00,day_ahead
2017-02-07 10:00:00,68.93806671821271,price,2017-02-06 23:00:00,day_ahead
2017-02-07 11:00:00,67.39181258988187,price,2017-02-06 23:00:00,day_ahead
2017-02-07 12:00:00,64.89221532229843,price,2017-02-06 23:00:00,day_ahead
2017-02-07 13:00:00,61.70721614080626,price,2017-02-06 23:00:00,day_ahead
2017-02-07 14:00:00,59.21910868980271,price,2017-02-06 23:00:00,day_ahead
2017-02-07 15:00:00,59.29348415607787,price,2017-02-06 23:00:00,day_ahead
2017-02-07 16:00:00,62.73036480285482,price,2017-02-06 23:00:00,day_ahead
2017-02-07 17:00:00,68.20723789100103,price,2017-02-06 23:00:00,day_ahead
2017-02-07 18:00:00,72.82868314723528,price,2017-02-06 23:00:00,day_ahead
2017-02-07 19:00:00,73.97841293134151,price,2017-02-06 23:00:00,day_ahead
2017-02-07 20:00:00,70.97042331042381,price,2017-02-06 23:00:00,day_ahead
2017-02-07 21:00:00,65.17386177240786,price,2017-02-06 23:00:00,day_ahead
2017-02-07 22:00:00,58.67400060686557,price,2017-02-06 23:00:00,day_ahead
2017-02-07 23:00:00,52.79901717493276,price,2017-02-06 23:00:00,day_ahead
2017-02-08 00:00:00,46.72264608550576,price,2017-02-07 23:00:00,day_ahead
2017-02-08 01:00:00,42.7123205682294,price,2017-02-07 23:00:00,day_ahead
2017-02-08 02:00:00,40.3121998248256,price,2017-02-07 23:00:00,day_ahead
2017-02-08 03:00:00,40.75712137853075,price,2017-02-07 23:00:00,day_ahead
2017-02-08 04:00:00,44.67882877689674,price,2017-02-07 23:00:00,day_ahead
2017-02-08 05:00:00,51.155777384106536,price,2017-02-07 23:00:00,day_ahead
2017-02-08 06:00:00,57.98793671404455,price,2017-02-07 23:00:00,day_ahead
2017-02-08 07:00:00,63.058213414398914,price,2017-02-07 23:00:00,day_ahead
2017-02-08 08:00:00,65.57566862890195,price,2017-02-07 23:00:00,day_ahead
2017-02-08 09:00:00,66.12427576875147,price,2017-02-07 23:00:00,day_ahead
2017-02-08 10:00:00,65.62953961347964,price,2017-02-07 23:00:00,day_ahead
2017-02-08 11:00:00,64.39717646357634,price,2017-02-07 23:00:00,day_ahead
2017-02-08 12:00:00,62.21807442560809,price,2017-02-07 23:00:00,day_ahead
2017-02-08 13:00:00,59.341285961747786,price,2017-02-07 23:00:00,day_ahead
2017-02-08 14:00:00,57.122330159313016,price,2017-02-07 23:00:00,day_ahead
2017-02-08 15:00:00,57.406085771891036,price,2017-02-07 23:00:00,day_ahead
2017-02-08 16:00:00,60.99362334309548,price,2017-02-07 23:00:00,day_ahead
2017-02-08 17:00:00,66.58748087809931,price,2017-02-07 23:00:00,day_ahead
2017-02-08 18:00:00,71.32538768591195,price,2017-02-07 23:00:00,day_ahead
2017-02-08 19:00:00,72.6098630889956,price,2017-02-07 23:00:00,day_ahead
2017-02-08 20:00:00,69.74843512825315,price,2017-02-07 23:00:00,day_ahead
2017-02-08 21:00:00,64.08712144732719,price,2017-02-07 23:00:00,day_ahead
2017-02-08 22:00:00,57.69033070204685,price,2017-02-07 23:00:00,day_ahead
2017-02-08 23:00:00,51.879385943677846,price,2017-02-07 23:00:00,day_ahead
2017-02-09 00:00:00,46.75507059973222,price,2017-02-08 23:00:00,day_ahead
2017-02-09 01:00:00,42.65294963089707,price,2017-02-08 23:00:00,day_ahead
2017-02-09 02:00:00,40.138255968208206,price,2017-02-08 23:00:00,day_ahead
2017-02-09 03:00:00,40.45524875673886,price,2017-02-08 23:00:00,day_ahead
2017-02-09 04:00:00,44.24022986182461,price,2017-02-08 23:00:00,day_ahead
2017-02-09 05:00:00,50.5692666070971,price,2017-02-08 23:00:00,day_ahead
2017-02-09 06:00:00,57.23633890252406,price,2017-02-08 23:00:00,day_ahead
2017-02-09 07:00:00,62.12081340154198,price,2017-02-08 23:00:00,day_ahead
2017-02-09 08:00:00,64.43434344342779,price,2017-02-08 23:00:00,day_ahead
2017-02-09 09:00:00,64.76822166849925,price,2017-02-08 23:00:00,day_ahead
2017-02-09 10:00:00,64.05551531057128,price,2017-02-08 23:00:00,day_ahead
2017-02-09 11:00:00,62.60672063913232,price,2017-02-08 23:00:00,day_ahead
2017-02-09 12:00:00,60.21570776204691,price,2017-02-08 23:00:00,day_ahead
2017-02-09 13:00:00,57.13592707778091,price,2017-02-08 23:00:00,day_ahead
2017-02-09 14:00:00,54.730098511523764,price,2017-02-08 23:00:00,day_ahead
2017-02-09 15:00:00,54.85062087399753,price,2017-02-08 23:00:00,day_ahead
2017-02-09 16:00:00,58.302176874982806,price,2017-02-08 23:00:00,day_ahead
2017-02-09 17:00:00,63.7852052336847,price,2017-02-08 23:00:00,day_ahead
2017-02-09 18:00:00,68.43221453893861,price,2017-02-08 23:00:00,day_ahead
2017-02-09 19:00:00,69.64209617085737,price,2017-02-08 23:00:00,day_ahead
2017-02-09 20:00:00,66.72289693520298,price,2017-02-08 23:00:00,day_ahead
2017-02-09 21:00:00,61.02364370448104,price,2017-02-08 23:00:00,day_ahead
2017-02-09 22:00:00,54.6105452363177,price,2017-02-08 23:00:00,day_ahead
2017-02-09 23:00:00,48.80386208169173,price,2017-02-08 23:00:00,day_ahead
2017-02-10 00:00:00,64.11281849716596,price,2017-02-09 23:00:00,day_ahead
2017-02-10 01:00:00,60.39235239493784,price,2017-02-09 23:00:00,day_ahead
2017-02-10 02:00:00,56.84910078883411,price,2017-02-09 23:00:00,day_ahead
2017-02-10 03:00:00,55.37987162344685,price,2017-02-09 23:00:00,day_ahead
2017-02-10 04:00:00,57.21008166354311,price,2017-02-09 23:00:00,day_ahead
2017-02-10 05:00:00,61.82099684724924,price,2017-02-09 23:00:00,day_ahead
2017-02-10 06:00:00,67.29468466553958,price,2017-02-09 23:00:00,day_ahead
2017-02-10 07:00:00,71.69377494656042,price,2017-02-09 23:00:00,day_ahead
2017-02-10 08:00:00,74.20488434333312,price,2017-02-09 23:00:00,day_ahead
2017-02-10 09:00:00,75.14529481645035,price,2017-02-09 23:00:00,day_ahead
2017-02-10 10:00:00,75.11374086238203,price,2017-02-09 23:00:00,day_ahead
2017-02-10 11:00:00,74.3378588578886,price,2017-02-09 23:00:00,day_ahead
2017-02-10 12:00:00,72.88768559950755,price,2017-02-09 23:00:00,day_ahead
2017-02-10 13:00:00,71.35236400625153,price,2017-02-09 23:00:00,day_ahead
2017-02-10 14:00:00,70.98603323388514,price,2017-02-09 23:00:00,day_ahead
2017-02-10 15:00:00,72.87190062502901,price,2017-02-09 23:00:00,day_ahead
2017-02-10 16:00:00,76.7807255169655,price,2017-02-09 23:00:00,day_ahead
2017-02-10 17:00:00,80.91199366146378,price,2017-02-09 23:00:00,day_ahead
2017-02-10 18:00:00,82.9921309003224,price,2017-02-09 23:00:00,day_ahead
2017-02-10 19:00:00,81.90466964999236,price,2017-02-09 23:00:00,day_ahead
2017-02-10 20:00:00,78.42980091580651,price,2017-02-09 23:00:00,day_ahead
2017-02-10 21:00:00,74.42316944109191,price,2017-02-09 23:00:00,day_ahead
2017-02-10 22:00:00,71.19338216809246,price,2017-02-09 23:00:00,day_ahead
2017-02-10 23:00:00,68.57705387357555,price,2017-02-09 23:00:00,day_ahead
2017-02-11 00:00:00,40.810955293674965,price,2017-02-10 23:00:00,day_ahead
2017-02-11 01:00:00,36.19773177371266,price,2017-02-10 23:00:00,day_ahead
2017-02-11 02:00:00,33.18061188326004,price,2017-02-10 23:00:00,day_ahead
2017-02-11 03:00:00,33.01676360899977,price,2017-02-10 23:00:00,day_ahead
2017-02-11 04:00:00,36.34047577787648,price,2017-02-10 23:00:00,day_ahead
2017-02-11 05:00:00,42.20957045102988,price,2017-02-10 23:00:00,day_ahead
2017-02-11 06:00:00,48.39247315061498,price,2017-02-10 23:00:00,day_ahead
2017-02-11 07:00:00,52.74929967506126,price,2017-02-10 23:00:00,day_ahead
2017-02-11 08:00:00,54.487458351539246,price,2017-02-10 23:00:00,day_ahead
2017-02-11 09:00:00,54.207265061308405,price,2017-02-10 23:00:00,day_ahead
2017-02-11 10:00:00,52.85499688303334,price,2017-02-10 23:00:00,day_ahead
2017-02-11 11:00:00,50.750618654542876,price,2017-02-10 23:00:00,day_ahead
2017-02-11 12:00:00,47.69298651094075,price,2017-02-10 23:00:00,day_ahead
2017-02-11 13:00:00,43.940993385296366,price,2017-02-10 23:00:00,day_ahead
2017-02-11 14:00:00,40.86711947377078,price,2017-02-10 23:00:00,day_ahead
2017-02-11 15:00:00,40.33567613252853,price,2017-02-10 23:00:00,day_ahead
2017-02-11 16:00:00,43.158890549893535,price,2017-02-10 23:00:00,day_ahead
2017-02-11 17:00:00,48.03584085479909,price,2017-02-10 23:00:00,day_ahead
2017-02-11 18:00:00,52.09077733501175,price,2017-02-10 23:00:00,day_ahead
2017-02-11 19:00:00,52.714398916179896,price,2017-02-10 23:00:00,day_ahead
2017-02-11 20:00:00,49.21270872793957,price,2017-02-10 23:00:00,day_ahead
2017-02-11 21:00:00,42.93988452182382,price,2017-02-10 23:00:00,day_ahead
2017-02-11 22:00:00,35.97177048957738,price,2017-02-10 23:00:00,day_ahead
2017-02-11 23:00:00,29.640848629385147,price,2017-02-10 23:00:00,day_ahead
2017-02-12 00:00:00,39.06932874326255,price,2017-02-11 23:00:00,day_ahead
2017-02-12 01:00:00,35.83031417820837,price,2017-02-11 23:00:00,day_ahead
2017-02-12 02:00:00,33.75626265870226,price,2017-02-11 23:00:00,day_ahead
2017-02-12 03:00:00,33.82307553835003,price,2017-02-11 23:00:00,day_ahead
2017-02-12 04:00:00,36.47459910061844,price,2017-02-11 23:00:00,day_ahead
2017-02-12 05:00:00,41.031698129008845,price,2017-02-11 23:00:00,day_ahead
2017-02-12 06:00:00,45.965359886095655,price,2017-02-11 23:00:00,day_ahead
2017-02-12 07:00:00,49.83689790192614,price,2017-02-11 23:00:00,day_ahead
2017-02-12 08:00:00,52.08304520846287,price,2017-02-11 23:00:00,day_ahead
2017-02-12 09:00:00,53.00627950405333,price,2017-02-11 23:00:00,day_ahead
2017-02-12 10:00:00,53.12266225066009,price,2017-02-11 23:00:00,day_ahead
2017-02-12 11:00:00,52.61652704166801,price,2017-02-11 23:00:00,day_ahead
2017-02-12 12:00:00,51.45878577120169,price,2017-02-11 23:00:00,day_ahead
2017-02-12 13:00:00,49.97826573966323,price,2017-02-11 23:00:00,day_ahead
2017-02-12 14:00:00,49.1374647917049,price,2017-02-11 23:00:00,day_ahead
2017-02-12 15:00:00,50.02959700230593,price,2017-02-11 23:00:00,day_ahead
2017-02-12 16:00:00,52.935207358419625,price,2017-02-11 23:00:00,day_ahead
2017-02-12 17:00:00,56.821433874298016,price,2017-02-11 23:00:00,day_ahead
2017-02-12 18:00:00,59.8528521132926,price,2017-02-11 23:00:00,day_ahead
2017-02-12 19:00:00,60.575447132594356,price,2017-02-11 23:00:00,day_ahead
2017-02-12 20:00:00,58.803691002615075,price,2017-02-11 23:00:00,day_ahead
2017-02-12 21:00:00,55.50448717233973,price,2017-02-11 23:00:00,day_ahead
2017-02-12 22:00:00,51.88482697557896,price,2017-02-11 23:00:00,day_ahead
2017-02-12 23:00:00,48.576615984964285,price,2017-02-11 23:00:00,day_ahead
2017-02-13 00:00:00,33.953165630090126,price,2017-02-12 23:00:00,day_ahead
2017-02-13 01:00:00,29.236854089071908,price,2017-02-12 23:00:00,day_ahead
2017-02-13 02:00:00,25.994518034851644,price,2017-02-12 23:00:00,day_ahead
2017-02-13 03:00:00,26.2269653137194,price,2017-02-12 23:00:00,day_ahead
2017-02-13 04:00:00,30.93645225173742,price,2017-02-12 23:00:00,day_ahead
2017-02-13 05:00:00,38.98011919198033,price,2017-02-12 23:00:00,day_ahead
2017-02-13 06:00:00,47.628208696251114,price,2017-02-12 23:00:00,day_ahead
2017-02-13 07:00:00,54.34742149353033,price,2017-02-12 23:00:00,day_ahead
2017-02-13 08:00:00,58.21228230007669,price,2017-02-12 23:00:00,day_ahead
2017-02-13 09:00:00,59.80697583477212,price,2017-02-12 23:00:00,day_ahead
2017-02-13 10:00:00,60.00566851488959,price,2017-02-12 23:00:00,day_ahead
2017-02-13 11:00:00,59.05265797428863,price,2017-02-12 23:00:00,day_ahead
2017-02-13 12:00:00,56.88326276934887,price,2017-02-12 23:00:00,day_ahead
2017-02-13 13:00:00,54.172936405699105,price,2017-02-12 23:00:00,day_ahead
2017-02-13 14:00:00,52.715057988800375,price,2017-02-12 23:00:00,day_ahead
2017-02-13 15:00:00,54.36586498380787,price,2017-02-12 23:00:00,day_ahead
2017-02-13 16:00:00,59.340833156709884,price,2017-02-12 23:00:00,day_ahead
2017-02-13 17:00:00,65.51170442111342,price,2017-02-12 23:00:00,day_ahead
2017-02-13 18:00:00,69.58437648850703,price,2017-02-12 23:00:00,day_ahead
2017-02-13 19:00:00,69.3118594681514,price,2017-02-12 23:00:00,day_ahead
2017-02-13 20:00:00,64.88538362697386,price,2017-02-12 23:00:00,day_ahead
2017-02-13 21:00:00,58.36710300681301,price,2017-02-12 23:00:00,day_ahead
2017-02-13 22:00:00,51.815433475375734,price,2017-02-12 23:00:00,day_ahead
2017-02-13 23:00:00,45.89557713145222,price,2017-02-12 23:00:00,day_ahead
2017-02-14 00:00:00,64.98600926247698,price,2017-02-13 23:00:00,day_ahead
2017-02-14 01:00:00,61.3565026033143,price,2017-02-13 23:00:00,day_ahead
2017-02-14 02:00:00,59.140114468985765,price,2017-02-13 23:00:00,day_ahead
2017-02-14 03:00:00,59.563672266873525,price,2017-02-13 23:00:00,day_ahead
2017-02-14 04:00:00,63.14018251417258,price,2017-02-13 23:00:00,day_ahead
2017-02-14 05:00:00,68.9402608234994,price,2017-02-13 23:00:00,day_ahead
2017-02-14 06:00:00,74.99592642031955,price,2017-02-13 23:00:00,day_ahead
2017-02-14 07:00:00,79.53282483690079,price,2017-02-13 23:00:00,day_ahead
2017-02-14 08:00:00,81.94278443968608,price,2017-02-13 23:00:00,day_ahead
2017-02-14 09:00:00,82.69781952986438,price,2017-02-13 23:00:00,day_ahead
2017-02-14 10:00:00,82.46213426595321,price,2017-02-13 23:00:00,day_ahead
2017-02-14 11:00:00,81.40827952545287,price,2017-02-13 23:00:00,day_ahead
2017-02-14 12:00:00,79.43725966290835,price,2017-02-13 23:00:00,day_ahead
2017-02-14 13:00:00,76.9708641969903,price,2017-02-13 23:00:00,day_ahead
2017-02-14 14:00:00,75.30399705442085,price,2017-02-13 23:00:00,day_ahead
2017-02-14 15:00:00,75.90257167255817,price,2017-02-13 23:00:00,day_ahead
2017-02-14 16:00:00,79.13663749653603,price,2017-02-13 23:00:00,day_ahead
2017-02-14 17:00:00,83.63389787386365,price,2017-02-13 23:00:00,day_ahead
2017-02-14 18:00:00,86.98396522414784,price,2017-02-13 23:00:00,day_ahead
2017-02-14 19:00:00,87.31050944139983,price,2017-02-13 23:00:00,day_ahead
2017-02-14 20:00:00,84.4180212162428,price,2017-02-13 23:00:00,day_ahead
2017-02-14 21:00:00,79.60403296176143,price,2017-02-13 23:00:00,day_ahead
2017-02-14 22:00:00,74.44357234730508,price,2017-02-13 23:00:00,day_ahead
2017-02-14 23:00:00,69.7337658404383,price,2017-02-13 23:00:00,day_ahead
2017-02-15 00:00:00,46.77066881323071,price,2017-02-14 23:00:00,day_ahead
2017-02-15 01:00:00,41.98134585375778,price,2017-02-14 23:00:00,day_ahead
2017-02-15 02:00:00,38.59906487454382,price,2017-02-14 23:00:00,day_ahead
2017-02-15 03:00:00,38.44263667526867,price,2017-02-14 23:00:00,day_ahead
2017-02-15 04:00:00,42.535413238799904,price,2017-02-14 23:00:00,day_ahead
2017-02-15 05:00:00,49.87107243877161,price,2017-02-14 23:00:00,day_ahead
2017-02-15 06:00:00,57.80843238519327,price,2017-02-14 23:00:00,day_ahead
2017-02-15 07:00:00,63.80050853872311,price,2017-02-14 23:00:00,day_ahead
2017-02-15 08:00:00,66.9024697161814,price,2017-02-14 23:00:00,day_ahead
2017-02-15 09:00:00,67.78442991862215,price,2017-02-14 23:00:00,day_ahead
2017-02-15 10:00:00,67.48147951714304,price,2017-02-14 23:00:00,day_ahead
2017-02-15 11:00:00,66.3089062250088,price,2017-02-14 23:00:00,day_ahead
2017-02-15 12:00:00,64.05943031784068,price,2017-02-14 23:00:00,day_ahead
2017-02-15 13:00:00,61.13281372952799,price,2017-02-14 23:00:00,day_ahead
2017-02-15 14:00:00,59.162290209287264,price,2017-02-14 23:00:00,day_ahead
2017-02-15 15:00:00,60.151176651490736,price,2017-02-14 23:00:00,day_ahead
2017-02-15 16:00:00,64.70068275805104,price,2017-02-14 23:00:00,day_ahead
2017-02-15 17:00:00,71.00614318839007,price,2017-02-14 23:00:00,day_ahead
2017-02-15 18:00:00,75.75627058512679,price,2017-02-14 23:00:00,day_ahead
2017-02-15 19:00:00,76.3425368670675,price,2017-02-14 23:00:00,day_ahead
2017-02-15 20:00:00,72.53485713803734,price,2017-02-14 23:00:00,day_ahead
2017-02-15 21:00:00,66.24139731171137,price,2017-02-14 23:00:00,day_ahead
2017-02-15 22:00:00,59.72216978617584,price,2017-02-14 23:00:00,day_ahead
2017-02-15 23:00:00,53.98707228983923,price,2017-02-14 23:00:00,day_ahead
2017-02-16 00:00:00,44.93752302678592,price,2017-02-15 23:00:00,day_ahead
2017-02-16 01:00:00,41.27635663893845,price,2017-02-15 23:00:00,day_ahead
2017-02-16 02:00:00,37.75408917259511,price,2017-02-15 23:00:00,day_ahead
2017-02-16 03:00:00,36.187081106238324,price,2017-02-15 23:00:00,day_ahead
2017-02-16 04:00:00,37.9183663484074,price,2017-02-15 23:00:00,day_ahead
2017-02-16 05:00:00,42.51971289044294,price,2017-02-15 23:00:00,day_ahead
2017-02-16 06:00:00,47.96323889790349,price,2017-02-15 23:00:00,day_ahead
2017-02-16 07:00:00,52.09112750935087,price,2017-02-15 23:00:00,day_ahead
2017-02-16 08:00:00,54.0186739879324,price,2017-02-15 23:00:00,day_ahead
2017-02-16 09:00:00,54.27243532423172,price,2017-02-15 23:00:00,day_ahead
2017-02-16 10:00:00,53.7679359237722,price,2017-02-15 23:00:00,day_ahead
2017-02-16 11:00:00,52.83145925403797,price,2017-02-15 23:00:00,day_ahead
2017-02-16 12:00:00,51.27784335161701,price,2017-02-15 23:00:00,day_ahead
2017-02-16 13:00:00,49.32080625031305,price,2017-02-15 23:00:00,day_ahead
2017-02-16 14:00:00,48.128855015860054,price,2017-02-15 23:00:00,day_ahead
2017-02-16 15:00:00,49.1736270058233,price,2017-02-15 23:00:00,day_ahead
2017-02-16 16:00:00,52.82677990761681,price,2017-02-15 23:00:00,day_ahead
2017-02-16 17:00:00,57.591839470175834,price,2017-02-15 23:00:00,day_ahead
2017-02-16 18:00:00,60.8984847646892,price,2017-02-15 23:00:00,day_ahead
2017-02-16 19:00:00,60.92296730862194,price,2017-02-15 23:00:00,day_ahead
2017-02-16 20:00:00,57.86038093646165,price,2017-02-15 23:00:00,day_ahead
2017-02-16 21:00:00,53.521267839960394,price,2017-02-15 23:00:00,day_ahead
2017-02-16 22:00:00,49.668446504838464,price,2017-02-15 23:00:00,day_ahead
2017-02-16 23:00:00,46.668332609928754,price,2017-02-15 23:00:00,day_ahead
2017-02-17 00:00:00,39.85227525573873,price,2017-02-16 23:00:00,day_ahead
2017-02-17 01:00:00,35.68449335684611,price,2017-02-16 23:00:00,day_ahead
2017-02-17 02:00:00,33.185788980249086,price,2017-02-16 23:00:00,day_ahead
2017-02-17 03:00:00,33.64811875793456,price,2017-02-16 23:00:00,day_ahead
2017-02-17 04:00:00,37.72585048223293,price,2017-02-16 23:00:00,day_ahead
2017-02-17 05:00:00,44.451412911880645,price,2017-02-16 23:00:00,day_ahead
2017-02-17 06:00:00,51.52903716438045,price,2017-02-16 23:00:00,day_ahead
2017-02-17 07:00:00,56.75598918333902,price,2017-02-16 23:00:00,day_ahead
2017-02-17 08:00:00,59.314733543683076,price,2017-02-16 23:00:00,day_ahead
2017-02-17 09:00:00,59.81860661414433,price,2017-02-16 23:00:00,day_ahead
2017-02-17 10:00:00,59.2324536379521,price,2017-02-16 23:00:00,day_ahead
2017-02-17 11:00:00,57.871556295992555,price,2017-02-16 23:00:00,day_ahead
2017-02-17 12:00:00,55.51223349394638,price,2017-02-16 23:00:00,day_ahead
2017-02-17 13:00:00,52.405677119683524,price,2017-02-16 23:00:00,day_ahead
2017-02-17 14:00:00,49.95365635387061,price,2017-02-16 23:00:00,day_ahead
2017-02-17 15:00:00,50.06872278568521,price,2017-02-16 23:00:00,day_ahead
2017-02-17 16:00:00,53.58288575067129,price,2017-02-16 23:00:00,day_ahead
2017-02-17 17:00:00,59.15322214637982,price,2017-02-16 23:00:00,day_ahead
2017-02-17 18:00:00,63.81551061683463,price,2017-02-16 23:00:00,day_ahead
2017-02-17 19:00:00,64.88042835344342,price,2017-02-16 23:00:00,day_ahead
2017-02-17 20:00:00,61.63110392744053,price,2017-02-16 23:00:00,day_ahead
2017-02-17 21:00:00,55.45824629837756,price,2017-02-16 23:00:00,day_ahead
2017-02-17 22:00:00,48.49197792719434,price,2017-02-16 23:00:00,day_ahead
2017-02-17 23:00:00,42.0924998351455,price,2017-02-16 23:00:00,day_ahead
2017-02-18 00:00:00,37.72293518272454,price,2017-02-17 23:00:00,day_ahead
2017-02-18 01:00:00,32.96825639976668,price,2017-02-17 23:00:00,day_ahead
2017-02-18 02:00:00,29.86266752710643,price,2017-02-17 23:00:00,day_ahead
2017-02-18 03:00:00,29.720204637305944,price,2017-02-17 23:00:00,day_ahead
2017-02-18 04:00:00,33.20142298757971,price,2017-02-17 23:00:00,day_ahead
2017-02-18 05:00:00,39.32431567475689,price,2017-02-17 23:00:00,day_ahead
2017-02-18 06:00:00,45.76933947796996,price,2017-02-17 23:00:00,day_ahead
2017-02-18 07:00:00,50.318690999192214,price,2017-02-17 23:00:00,day_ahead
2017-02-18 08:00:00,52.15806082797379,price,2017-02-17 23:00:00,day_ahead
2017-02-18 09:00:00,51.916688904070604,price,2017-02-17 23:00:00,day_ahead
2017-02-18 10:00:00,50.574838031883445,price,2017-02-17 23:00:00,day_ahead
2017-02-18 11:00:00,48.45587072937554,price,2017-02-17 23:00:00,day_ahead
2017-02-18 12:00:00,45.34234264597157,price,2017-02-17 23:00:00,day_ahead
2017-02-18 13:00:00,41.500107639750965,price,2017-02-17 23:00:00,day_ahead
2017-02-18 14:00:00,38.35606813079711,price,2017-02-17 23:00:00,day_ahead
2017-02-18 15:00:00,37.84752025315087,price,2017-02-17 23:00:00,day_ahead
2017-02-18 16:00:00,40.81607107571469,price,2017-02-17 23:00:00,day_ahead
2017-02-18 17:00:00,45.9087326817315,price,2017-02-17 23:00:00,day_ahead
2017-02-18 18:00:00,50.14252355834654,price,2017-02-17 23:00:00,day_ahead
2017-02-18 19:00:00,50.81797633934168,price,2017-02-17 23:00:00,day_ahead
2017-02-18 20:00:00,47.22545776774745,price,2017-02-17 23:00:00,day_ahead
2017-02-18 21:00:00,40.774127745114924,price,2017-02-17 23:00:00,day_ahead
2017-02-18 22:00:00,33.61052827512797,price,2017-02-17 23:00:00,day_ahead
2017-02-18 23:00:00,27.102711492912043,price,2017-02-17 23:00:00,day_ahead
2017-02-19 00:00:00,47.25580930798095,price,2017-02-18 23:00:00,day_ahead
2017-02-19 01:00:00,43.335714071013165,price,2017-02-18 23:00:00,day_ahead
2017-02-19 02:00:00,40.64777269634321,price,2017-02-18 23:00:00,day_ahead
2017-02-19 03:00:00,40.54796702241521,price,2017-02-18 23:00:00,day_ahead
2017-02-19 04:00:00,43.67993213227017,price,2017-02-18 23:00:00,day_ahead
2017-02-19 05:00:00,49.17266472748642,price,2017-02-18 23:00:00,day_ahead
2017-02-19 06:00:00,55.046275830688984,price,2017-02-18 23:00:00,day_ahead
2017-02-19 07:00:00,59.49664070977792,price,2017-02-18 23:00:00,day_ahead
2017-02-19 08:00:00,61.910986299716654,price,2017-02-18 23:00:00,day_ahead
2017-02-19 09:00:00,62.78129105831179,price,2017-02-18 23:00:00,day_ahead
2017-02-19 10:00:00,62.788453601558125,price,2017-02-18 23:00:00,day_ahead
2017-02-19 11:00:00,62.1015970048813,price,2017-02-18 23:00:00,day_ahead
2017-02-19 12:00:00,60.60657406267691,price,2017-02-18 23:00:00,day_ahead
2017-02-19 13:00:00,58.71011890373376,price,2017-02-18 23:00:00,day_ahead
2017-02-19 14:00:00,57.68168222650607,price,2017-02-18 23:00:00,day_ahead
2017-02-19 15:00:00,58.926479517845394,price,2017-02-18 23:00:00,day_ahead
2017-02-19 16:00:00,62.71853961137549,price,2017-02-18 23:00:00,day_ahead
2017-02-19 17:00:00,67.60483025206591,price,2017-02-18 23:00:00,day_ahead
2017-02-19 18:00:00,71.18394280268481,price,2017-02-18 23:00:00,day_ahead
2017-02-19 19:00:00,71.70928128050117,price,2017-02-18 23:00:00,day_ahead
2017-02-19 20:00:00,69.17657545444908,price,2017-02-18 23:00:00,day_ahead
2017-02-19 21:00:00,65.0127138753529,price,2017-02-18 23:00:00,day_ahead
2017-02-19 22:00:00,60.7615268063906,price,2017-02-18 23:00:00,day_ahead
2017-02-19 23:00:00,57.034647087223846,price,2017-02-18 23:00:00,day_ahead
2017-02-20 00:00:00,55.28141348365735,price,2017-02-19 23:00:00,day_ahead
2017-02-20 01:00:00,55.61165123463674,price,2017-02-19 23:00:00,day_ahead
2017-02-20 02:00:00,55.5057729127389,price,2017-02-19 23:00:00,day_ahead
2017-02-20 03:00:00,54.82460629902212,price,2017-02-19 23:00:00,day_ahead
2017-02-20 04:00:00,53.703645642093726,price,2017-02-19 23:00:00,day_ahead
2017-02-20 05:00:00,52.521996377425836,price,2017-02-19 23:00:00,day_ahead
2017-02-20 06:00:00,51.6554795924836,price,2017-02-19 23:00:00,day_ahead
2017-02-20 07:00:00,51.2266632226554,price,2017-02-19 23:00:00,day_ahead
2017-02-20 08:00:00,51.07542912701155,price,2017-02-19 23:00:00,day_ahead
2017-02-20 09:00:00,50.96587333091552,price,2017-02-19 23:00:00,day_ahead
2017-02-20 10:00:00,50.82127986358257,price,2017-02-19 23:00:00,day_ahead
2017-02-20 11:00:00,50.75971144741581,price,2017-02-19 23:00:00,day_ahead
2017-02-20 12:00:00,50.90765970829977,price,2017-02-19 23:00:00,day_ahead
2017-02-20 13:00:00,51.19479909193431,price,2017-02-19 23:00:00,day_ahead
2017-02-20 14:00:00,51.35436128202908,price,2017-02-19 23:00:00,day_ahead
2017-02-20 15:00:00,51.14838039448824,price,2017-02-19 23:00:00,day_ahead
2017-02-20 16:00:00,50.607966659007204,price,2017-02-19 23:00:00,day_ahead
2017-02-20 17:00:00,50.05341860402533,price,2017-02-19 23:00:00,day_ahead
2017-02-20 18:00:00,49.86400495618796,price,2017-02-19 23:00:00,day_ahead
2017-02-20 19:00:00,50.20217465970247,price,2017-02-19 23:00:00,day_ahead
2017-02-20 20:00:00,50.93318200090579,price,2017-02-19 23:00:00,day_ahead
2017-02-20 21:00:00,51.78761443177578,price,2017-02-19 23:00:00,day_ahead
2017-02-20 22:00:00,52.58582690736664,price,2017-02-19 23:00:00,day_ahead
2017-02-20 23:00:00,53.30431471476541,price,2017-02-19 23:00:00,day_ahead
2017-02-21 00:00:00,44.91848908898296,price,2017-02-20 23:00:00,day_ahead
2017-02-21 01:00:00,40.610381565158306,price,2017-02-20 23:00:00,day_ahead
2017-02-21 02:00:00,37.95862626585142,price,2017-02-20 23:00:00,day_ahead
2017-02-21 03:00:00,38.30669454044409,price,2017-02-20 23:00:00,day_ahead
2017-02-21 04:00:00,42.3414165915979,price,2017-02-20 23:00:00,day_ahead
2017-02-21 05:00:00,49.077856287119864,price,2017-02-20 23:00:00,day_ahead
2017-02-21 06:00:00,56.16453446866674,price,2017-02-20 23:00:00,day_ahead
2017-02-21 07:00:00,61.34842331302685,price,2017-02-20 23:00:00,day_ahead
2017-02-21 08:00:00,63.802136084171174,price,2017-02-20 23:00:00,day_ahead
2017-02-21 09:00:00,64.16513958628705,price,2017-02-20 23:00:00,day_ahead
2017-02-21 10:00:00,63.43015025370739,price,2017-02-20 23:00:00,day_ahead
2017-02-21 11:00:00,61.916901697466315,price,2017-02-20 23:00:00,day_ahead
2017-02-21 12:00:00,59.39373546610576,price,2017-02-20 23:00:00,day_ahead
2017-02-21 13:00:00,56.12527803447035,price,2017-02-20 23:00:00,day_ahead
2017-02-21 14:00:00,53.56454823729499,price,2017-02-20 23:00:00,day_ahead
2017-02-21 15:00:00,53.68711540066566,price,2017-02-20 23:00:00,day_ahead
2017-02-21 16:00:00,57.3497723292917,price,2017-02-20 23:00:00,day_ahead
2017-02-21 17:00:00,63.168763538695885,price,2017-02-20 23:00:00,day_ahead
2017-02-21 18:00:00,68.09822947120288,price,2017-02-20 23:00:00,day_ahead
2017-02-21 19:00:00,69.38557506244925,price,2017-02-20 23:00:00,day_ahead
2017-02-21 20:00:00,66.3123736902133,price,2017-02-20 23:00:00,day_ahead
2017-02-21 21:00:00,60.32120560296764,price,2017-02-20 23:00:00,day_ahead
2017-02-21 22:00:00,53.59929738838273,price,2017-02-20 23:00:00,day_ahead
2017-02-21 23:00:00,47.52790423452371,price,2017-02-20 23:00:00,day_ahead
2017-02-22 00:00:00,42.00014912021423,price,2017-02-21 23:00:00,day_ahead
2017-02-22 01:00:00,37.77571159650145,price,2017-02-21 23:00:00,day_ahead
2017-02-22 02:00:00,35.25960001625088,price,2017-02-21 23:00:00,day_ahead
2017-02-22 03:00:00,35.791972927465196,price,2017-02-21 23:00:00,day_ahead
2017-02-22 04:00:00,40.05463507157043,price,2017-02-21 23:00:00,day_ahead
2017-02-22 05:00:00,47.054685544805835,price,2017-02-21 23:00:00,day_ahead
2017-02-22 06:00:00,54.430707950911874,price,2017-02-21 23:00:00,day_ahead
2017-02-22 07:00:00,59.920573098939,price,2017-02-21 23:00:00,day_ahead
2017-02-22 08:00:00,62.690994524980425,price,2017-02-21 23:00:00,day_ahead
2017-02-22 09:00:00,63.37852374590105,price,2017-02-21 23:00:00,day_ahead
2017-02-22 10:00:00,62.973255410035804,price,2017-02-21 23:00:00,day_ahead
2017-02-22 11:00:00,61.789826873920184,price,2017-02-21 23:00:00,day_ahead
2017-02-22 12:00:00,59.58868512251344,price,2017-02-21 23:00:00,day_ahead
2017-02-22 13:00:00,56.6261882924109,price,2017-02-21 23:00:00,day_ahead
2017-02-22 14:00:00,54.34969194930685,price,2017-02-21 23:00:00,day_ahead
2017-02-22 15:00:00,54.732602074441104,price,2017-02-21 23:00:00,day_ahead
2017-02-22 16:00:00,58.63120521544866,price,2017-02-21 23:00:00,day_ahead
2017-02-22 17:00:00,64.66015667650814,price,2017-02-21 23:00:00,day_ahead
2017-02-22 18:00:00,69.76979657634227,price,2017-02-21 23:00:00,day_ahead
2017-02-22 19:00:00,71.20283905363083,price,2017-02-21 23:00:00,day_ahead
2017-02-22 20:00:00,68.23759250300078,price,2017-02-21 23:00:00,day_ahead
2017-02-22 21:00:00,62.315951474369356,price,2017-02-21 23:00:00,day_ahead
2017-02-22 22:00:00,55.62627618223127,price,2017-02-21 23:00:00,day_ahead
2017-02-22 23:00:00,49.55130225671114,price,2017-02-21 23:00:00,day_ahead
2017-02-23 00:00:00,44.24255598645195,price,2017-02-22 23:00:00,day_ahead
2017-02-23 01:00:00,39.94092559468565,price,2017-02-22 23:00:00,day_ahead
2017-02-23 02:00:00,37.32069109899349,price,2017-02-22 23:00:00,day_ahead
2017-02-23 03:00:00,37.728906876165695,price,2017-02-22 23:00:00,day_ahead
2017-02-23 04:00:00,41.850565591127854,price,2017-02-22 23:00:00,day_ahead
2017-02-23 05:00:00,48.69101998523893,price,2017-02-22 23:00:00,day_ahead
2017-02-23 06:00:00,55.885124993158975,price,2017-02-22 23:00:00,day_ahead
2017-02-23 07:00:00,61.16995048316073,price,2017-02-22 23:00:00,day_ahead
2017-02-23 08:00:00,63.71716269887633,price,2017-02-22 23:00:00,day_ahead
2017-02-23 09:00:00,64.17253311584608,price,2017-02-22 23:00:00,day_ahead
2017-02-23 10:00:00,63.5353811000222,price,2017-02-22 23:00:00,day_ahead
2017-02-23 11:00:00,62.12628333271728,price,2017-02-22 23:00:00,day_ahead
2017-02-23 12:00:00,59.708477106552515,price,2017-02-22 23:00:00,day_ahead
2017-02-23 13:00:00,56.54059454104524,price,2017-02-22 23:00:00,day_ahead
2017-02-23 14:00:00,54.07378922095229,price,2017-02-22 23:00:00,day_ahead
2017-02-23 15:00:00,54.28616745664172,price,2017-02-22 23:00:00,day_ahead
2017-02-23 16:00:00,58.03722094784934,price,2017-02-22 23:00:00,day_ahead
2017-02-23 17:00:00,63.94185316763281,price,2017-02-22 23:00:00,day_ahead
2017-02-23 18:00:00,68.94879761759981,price,2017-02-22 23:00:00,day_ahead
2017-02-23 19:00:00,70.29985298024192,price,2017-02-22 23:00:00,day_ahead
2017-02-23 20:00:00,67.27446570940609,price,2017-02-22 23:00:00,day_ahead
2017-02-23 21:00:00,61.31656634367314,price,2017-02-22 23:00:00,day_ahead
2017-02-23 22:00:00,54.61515314795304,price,2017-02-22 23:00:00,day_ahead
2017-02-23 23:00:00,48.55139472960029,price,2017-02-22 23:00:00,day_ahead
2017-02-24 00:00:00,43.1504606650136,price,2017-02-23 23:00:00,day_ahead
2017-02-24 01:00:00,38.90520891394269,price,2017-02-23 23:00:00,day_ahead
2017-02-24 02:00:00,36.361603918720434,price,2017-02-23 23:00:00,day_ahead
2017-02-24 03:00:00,36.86668523125248,price,2017-02-23 23:00:00,day_ahead
2017-02-24 04:00:00,41.104392583858115,price,2017-02-23 23:00:00,day_ahead
2017-02-24 05:00:00,48.07436837920204,price,2017-02-23 23:00:00,day_ahead
2017-02-24 06:00:00,55.40134854939471,price,2017-02-23 23:00:00,day_ahead
2017-02-24 07:00:00,60.81244573279294,price,2017-02-23 23:00:00,day_ahead
2017-02-24 08:00:00,63.47432642215565,price,2017-02-23 23:00:00,day_ahead
2017-02-24 09:00:00,64.0330416391517,price,2017-02-23 23:00:00,day_ahead
2017-02-24 10:00:00,63.48878642771425,price,2017-02-23 23:00:00,day_ahead
2017-02-24 11:00:00,62.15831578464742,price,2017-02-23 23:00:00,day_ahead
2017-02-24 12:00:00,59.795601463471314,price,2017-02-23 23:00:00,day_ahead
2017-02-24 13:00:00,56.64922488107422,price,2017-02-23 23:00:00,day_ahead
2017-02-24 14:00:00,54.16518002101038,price,2017-02-23 23:00:00,day_ahead
2017-02-24 15:00:00,54.32255102019206,price,2017-02-23 23:00:00,day_ahead
2017-02-24 16:00:00,57.98352806522653,price,2017-02-23 23:00:00,day_ahead
2017-02-24 17:00:00,63.76154638533969,price,2017-02-23 23:00:00,day_ahead
2017-02-24 18:00:00,68.59792802785853,price,2017-02-23 23:00:00,day_ahead
2017-02-24 19:00:00,69.72508570355217,price,2017-02-23 23:00:00,day_ahead
2017-02-24 20:00:00,66.41705448763452,price,2017-02-23 23:00:00,day_ahead
2017-02-24 21:00:00,60.11885370227204,price,2017-02-23 23:00:00,day_ahead
2017-02-24 22:00:00,53.02432066411031,price,2017-02-23 23:00:00,day_ahead
2017-02-24 23:00:00,46.51842104050448,price,2017-02-23 23:00:00,day_ahead
2017-02-25 00:00:00,39.782047961094754,price,2017-02-24 23:00:00,day_ahead
2017-02-25 01:00:00,36.34477657514702,price,2017-02-24 23:00:00,day_ahead
2017-02-25 02:00:00,32.93131435807729,price,2017-02-24 23:00:00,day_ahead
2017-02-25 03:00:00,31.163514528950532,price,2017-02-24 23:00:00,day_ahead
2017-02-25 04:00:00,32.026486530962686,price,2017-02-24 23:00:00,day_ahead
2017-02-25 05:00:00,35.03236746946447,price,2017-02-24 23:00:00,day_ahead
2017-02-25 06:00:00,38.60233271132178,price,2017-02-24 23:00:00,day_ahead
2017-02-25 07:00:00,41.24732434583532,price,2017-02-24 23:00:00,day_ahead
2017-02-25 08:00:00,42.45202156570829,price,2017-02-24 23:00:00,day_ahead
2017-02-25 09:00:00,42.573398001943794,price,2017-02-24 23:00:00,day_ahead
2017-02-25 10:00:00,42.08409728122572,price,2017-02-24 23:00:00,day_ahead
2017-02-25 11:00:00,41.073970948308386,price,2017-02-24 23:00:00,day_ahead
2017-02-25 12:00:00,39.512957509707,price,2017-02-24 23:00:00,day_ahead
2017-02-25 13:00:00,37.85507102987152,price,2017-02-24 23:00:00,day_ahead
2017-02-25 14:00:00,37.12856360309253,price,2017-02-24 23:00:00,day_ahead
2017-02-25 15:00:00,38.191658038014644,price,2017-02-24 23:00:00,day_ahead
2017-02-25 16:00:00,40.79058310539807,price,2017-02-24 23:00:00,day_ahead
2017-02-25 17:00:00,43.41719596135883,price,2017-02-24 23:00:00,day_ahead
2017-02-25 18:00:00,44.287403115479734,price,2017-02-24 23:00:00,day_ahead
2017-02-25 19:00:00,42.67094944337152,price,2017-02-24 23:00:00,day_ahead
2017-02-25 20:00:00,39.38651995123955,price,2017-02-24 23:00:00,day_ahead
2017-02-25 21:00:00,35.996863337491625,price,2017-02-24 23:00:00,day_ahead
2017-02-25 22:00:00,33.44161218690035,price,2017-02-24 23:00:00,day_ahead
2017-02-25 23:00:00,31.373675366956373,price,2017-02-24 23:00:00,day_ahead
2017-02-26 00:00:00,25.890623376652837,price,2017-02-25 23:00:00,day_ahead
2017-02-26 01:00:00,21.240744300490054,price,2017-02-25 23:00:00,day_ahead
2017-02-26 02:00:00,18.359623362794043,price,2017-02-25 23:00:00,day_ahead
2017-02-26 03:00:00,18.60019296438146,price,2017-02-25 23:00:00,day_ahead
2017-02-26 04:00:00,22.640629123212378,price,2017-02-25 23:00:00,day_ahead
2017-02-26 05:00:00,29.474822487688908,price,2017-02-25 23:00:00,day_ahead
2017-02-26 06:00:00,36.73248079668298,price,2017-02-25 23:00:00,day_ahead
2017-02-26 07:00:00,42.15567103529042,price,2017-02-25 23:00:00,day_ahead
2017-02-26 08:00:00,44.924905340278194,price,2017-02-25 23:00:00,day_ahead
2017-02-26 09:00:00,45.68875894278327,price,2017-02-25 23:00:00,day_ahead
2017-02-26 10:00:00,45.43924005994832,price,2017-02-25 23:00:00,day_ahead
2017-02-26 11:00:00,44.484486877186946,price,2017-02-25 23:00:00,day_ahead
2017-02-26 12:00:00,42.578648317666,price,2017-02-25 23:00:00,day_ahead
2017-02-26 13:00:00,39.97823975657541,price,2017-02-25 23:00:00,day_ahead
2017-02-26 14:00:00,38.13528986100442,price,2017-02-25 23:00:00,day_ahead
2017-02-26 15:00:00,39.025342663900176,price,2017-02-25 23:00:00,day_ahead
2017-02-26 16:00:00,43.50023254054027,price,2017-02-25 23:00:00,day_ahead
2017-02-26 17:00:00,50.16679147240838,price,2017-02-25 23:00:00,day_ahead
2017-02-26 18:00:00,55.97062061134688,price,2017-02-25 23:00:00,day_ahead
2017-02-26 19:00:00,58.15463123883286,price,2017-02-25 23:00:00,day_ahead
2017-02-26 20:00:00,55.99659695246587,price,2017-02-25 23:00:00,day_ahead
2017-02-26 21:00:00,50.92964169289402,price,2017-02-25 23:00:00,day_ahead
2017-02-26 22:00:00,45.124536101333916,price,2017-02-25 23:00:00,day_ahead
2017-02-26 23:00:00,39.94644337174061,price,2017-02-25 23:00:00,day_ahead
2017-02-27 00:00:00,36.420099341493426,price,2017-02-26 23:00:00,day_ahead
2017-02-27 01:00:00,33.038125530395895,price,2017-02-26 23:00:00,day_ahead
2017-02-27 02:00:00,31.351507851259708,price,2017-02-26 23:00:00,day_ahead
2017-02-27 03:00:00,32.704975949215736,price,2017-02-26 23:00:00,day_ahead
2017-02-27 04:00:00,37.773617594678456,price,2017-02-26 23:00:00,day_ahead
2017-02-27 05:00:00,45.54859555416363,price,2017-02-26 23:00:00,day_ahead
2017-02-27 06:00:00,53.654169432721105,price,2017-02-26 23:00:00,day_ahead
2017-02-27 07:00:00,59.825086170577194,price,2017-02-26 23:00:00,day_ahead
2017-02-27 08:00:00,63.235413156409315,price,2017-02-26 23:00:00,day_ahead
2017-02-27 09:00:00,64.5292842360126,price,2017-02-26 23:00:00,day_ahead
2017-02-27 10:00:00,64.69483545639845,price,2017-02-26 23:00:00,day_ahead
2017-02-27 11:00:00,64.03546747995476,price,2017-02-26 23:00:00,day_ahead
2017-02-27 12:00:00,62.30121467623145,price,2017-02-26 23:00:00,day_ahead
2017-02-27 13:00:00,59.74904852906534,price,2017-02-26 23:00:00,day_ahead
2017-02-27 14:00:00,57.838450111516565,price,2017-02-26 23:00:00,day_ahead
2017-02-27 15:00:00,58.556781810126964,price,2017-02-26 23:00:00,day_ahead
2017-02-27 16:00:00,62.76540485049802,price,2017-02-26 23:00:00,day_ahead
2017-02-27 17:00:00,69.07311949349581,price,2017-02-26 23:00:00,day_ahead
2017-02-27 18:00:00,74.42109469962367,price,2017-02-26 23:00:00,day_ahead
2017-02-27 19:00:00,76.0486844627183,price,2017-02-26 23:00:00,day_ahead
2017-02-27 20:00:00,73.23849817746904,price,2017-02-26 23:00:00,day_ahead
2017-02-27 21:00:00,67.43825565185278,price,2017-02-26 23:00:00,day_ahead
2017-02-27 22:00:00,60.83713274327391,price,2017-02-26 23:00:00,day_ahead
2017-02-27 23:00:00,54.81436434091847,price,2017-02-26 23:00:00,day_ahead
2017-02-28 00:00:00,47.791094357002876,price,2017-02-27 23:00:00,day_ahead
2017-02-28 01:00:00,43.56990783909916,price,2017-02-27 23:00:00,day_ahead
2017-02-28 02:00:00,40.979242505485765,price,2017-02-27 23:00:00,day_ahead
2017-02-28 03:00:00,41.35784529121079,price,2017-02-27 23:00:00,day_ahead
2017-02-28 04:00:00,45.39180901154087,price,2017-02-27 23:00:00,day_ahead
2017-02-28 05:00:00,52.102014859065655,price,2017-02-27 23:00:00,day_ahead
2017-02-28 06:00:00,59.150020608036,price,2017-02-27 23:00:00,day_ahead
2017-02-28 07:00:00,64.30001699647177,price,2017-02-27 23:00:00,day_ahead
2017-02-28 08:00:00,66.74012727511143,price,2017-02-27 23:00:00,day_ahead
2017-02-28 09:00:00,67.11789708853894,price,2017-02-27 23:00:00,day_ahead
2017-02-28 10:00:00,66.42410102075175,price,2017-02-27 23:00:00,day_ahead
2017-02-28 11:00:00,64.96798805594437,price,2017-02-27 23:00:00,day_ahead
2017-02-28 12:00:00,62.50315159505114,price,2017-02-27 23:00:00,day_ahead
2017-02-28 13:00:00,59.280222167481476,price,2017-02-27 23:00:00,day_ahead
2017-02-28 14:00:00,56.74326492582298,price,2017-02-27 23:00:00,day_ahead
2017-02-28 15:00:00,56.86683667710092,price,2017-02-27 23:00:00,day_ahead
2017-02-28 16:00:00,60.515595009013616,price,2017-02-27 23:00:00,day_ahead
2017-02-28 17:00:00,66.32071343221365,price,2017-02-27 23:00:00,day_ahead
2017-02-28 18:00:00,71.25353678755536,price,2017-02-27 23:00:00,day_ahead
2017-02-28 19:00:00,72.5745832805696,price,2017-02-27 23:00:00,day_ahead
2017-02-28 20:00:00,69.56941309000382,price,2017-02-27 23:00:00,day_ahead
2017-02-28 21:00:00,63.674434128458564,price,2017-02-27 23:00:00,day_ahead
2017-02-28 22:00:00,57.06386557985954,price,2017-02-27 23:00:00,day_ahead
2017-02-28 23:00:00,51.10438634368705,price,2017-02-27 23:00:00,day_ahead
2017-03-01 00:00:00,43.878620229774945,price,2017-02-28 23:00:00,day_ahead
2017-03-01 01:00:00,39.78984123007977,price,2017-02-28 23:00:00,day_ahead
2017-03-01 02:00:00,37.3688963264199,price,2017-02-28 23:00:00,day_ahead
2017-03-01 03:00:00,37.92887756840455,price,2017-02-28 23:00:00,day_ahead
2017-03-01 04:00:00,42.139442682992204,price,2017-02-28 23:00:00,day_ahead
2017-03-01 05:00:00,49.02616968502942,price,2017-02-28 23:00:00,day_ahead
2017-03-01 06:00:00,56.270765662028694,price,2017-02-28 23:00:00,day_ahead
2017-03-01 07:00:00,61.655204294764594,price,2017-02-28 23:00:00,day_ahead
2017-03-01 08:00:00,64.36958445924404,price,2017-02-28 23:00:00,day_ahead
2017-03-01 09:00:00,65.04964058978771,price,2017-02-28 23:00:00,day_ahead
2017-03-01 10:00:00,64.67322224139426,price,2017-02-28 23:00:00,day_ahead
2017-03-01 11:00:00,63.54404383157624,price,2017-02-28 23:00:00,day_ahead
2017-03-01 12:00:00,61.41291994189205,price,2017-02-28 23:00:00,day_ahead
2017-03-01 13:00:00,58.518994020162594,price,2017-02-28 23:00:00,day_ahead
2017-03-01 14:00:00,56.28267373102895,price,2017-02-28 23:00:00,day_ahead
2017-03-01 15:00:00,56.65450671434355,price,2017-02-28 23:00:00,day_ahead
2017-03-01 16:00:00,60.49282987146565,price,2017-02-28 23:00:00,day_ahead
2017-03-01 17:00:00,66.4470244541882,price,2017-02-28 23:00:00,day_ahead
2017-03-01 18:00:00,71.51828584028323,price,2017-02-28 23:00:00,day_ahead
2017-03-01 19:00:00,72.98571461541444,price,2017-02-28 23:00:00,day_ahead
2017-03-01 20:00:00,70.12882847242217,price,2017-02-28 23:00:00,day_ahead
2017-03-01 21:00:00,64.36069922304011,price,2017-02-28 23:00:00,day_ahead
2017-03-01 22:00:00,57.83510722439169,price,2017-02-28 23:00:00,day_ahead
2017-03-01 23:00:00,51.91509590157684,price,2017-02-28 23:00:00,day_ahead
2017-03-02 00:00:00,18.89737394172523,price,2017-03-01 23:00:00,day_ahead
2017-03-02 01:00:00,14.454463182055102,price,2017-03-01 23:00:00,day_ahead
2017-03-02 02:00:00,11.328664396387024,price,2017-03-01 23:00:00,day_ahead
2017-03-02 03:00:00,10.952422128086187,price,2017-03-01 23:00:00,day_ahead
2017-03-02 04:00:00,14.005760726820629,price,2017-03-01 23:00:00,day_ahead
2017-03-02 05:00:00,19.559309157649448,price,2017-03-01 23:00:00,day_ahead
2017-03-02 06:00:00,25.49146238848645,price,2017-03-01 23:00:00,day_ahead
2017-03-02 07:00:00,29.851410127167163,price,2017-03-01 23:00:00,day_ahead
2017-03-02 08:00:00,31.954998456309223,price,2017-03-01 23:00:00,day_ahead
2017-03-02 09:00:00,32.31244908786526,price,2017-03-01 23:00:00,day_ahead
2017-03-02 10:00:00,31.65727395185088,price,2017-03-01 23:00:00,day_ahead
2017-03-02 11:00:00,30.18400100083608,price,2017-03-01 23:00:00,day_ahead
2017-03-02 12:00:00,27.773725036859375,price,2017-03-01 23:00:00,day_ahead
2017-03-02 13:00:00,24.853221944601607,price,2017-03-01 23:00:00,day_ahead
2017-03-02 14:00:00,22.78272890953219,price,2017-03-01 23:00:00,day_ahead
2017-03-02 15:00:00,23.101302640449518,price,2017-03-01 23:00:00,day_ahead
2017-03-02 16:00:00,26.165941866857175,price,2017-03-01 23:00:00,day_ahead
2017-03-02 17:00:00,30.474760452507493,price,2017-03-01 23:00:00,day_ahead
2017-03-02 18:00:00,33.455879242691104,price,2017-03-01 23:00:00,day_ahead
2017-03-02 19:00:00,33.17340159459954,price,2017-03-01 23:00:00,day_ahead
2017-03-02 20:00:00,29.53040194513649,price,2017-03-01 23:00:00,day_ahead
2017-03-02 21:00:00,23.996763344330997,price,2017-03-01 23:00:00,day_ahead
2017-03-02 22:00:00,18.238722487341445,price,2017-03-01 23:00:00,day_ahead
2017-03-02 23:00:00,12.98139473030925,price,2017-03-01 23:00:00,day_ahead
2017-03-03 00:00:00,39.94704408267476,price,2017-03-02 23:00:00,day_ahead
2017-03-03 01:00:00,36.15938001948373,price,2017-03-02 23:00:00,day_ahead
2017-03-03 02:00:00,32.91129070570273,price,2017-03-02 23:00:00,day_ahead
2017-03-03 03:00:00,32.04961913018581,price,2017-03-02 23:00:00,day_ahead
2017-03-03 04:00:00,34.73767934536578,price,2017-03-02 23:00:00,day_ahead
2017-03-03 05:00:00,40.22573739502748,price,2017-03-02 23:00:00,day_ahead
2017-03-03 06:00:00,46.223712090891475,price,2017-03-02 23:00:00,day_ahead
2017-03-03 07:00:00,50.540336587376146,price,2017-03-02 23:00:00,day_ahead
2017-03-03 08:00:00,52.47285283854519,price,2017-03-02 23:00:00,day_ahead
2017-03-03 09:00:00,52.75927037004658,price,2017-03-02 23:00:00,day_ahead
2017-03-03 10:00:00,52.36698545123325,price,2017-03-02 23:00:00,day_ahead
2017-03-03 11:00:00,51.49398925580907,price,2017-03-02 23:00:00,day_ahead
2017-03-03 12:00:00,49.80628865164067,price,2017-03-02 23:00:00,day_ahead
2017-03-03 13:00:00,47.52905208607183,price,2017-03-02 23:00:00,day_ahead
2017-03-03 14:00:00,46.02703357189506,price,2017-03-02 23:00:00,day_ahead
2017-03-03 15:00:00,46.99378367123091,price,2017-03-02 23:00:00,day_ahead
2017-03-03 16:00:00,50.85205606210598,price,2017-03-02 23:00:00,day_ahead
2017-03-03 17:00:00,55.93038407162008,price,2017-03-02 23:00:00,day_ahead
2017-03-03 18:00:00,59.387197446566425,price,2017-03-02 23:00:00,day_ahead
2017-03-03 19:00:00,59.222695295858294,price,2017-03-02 23:00:00,day_ahead
2017-03-03 20:00:00,55.639710473967284,price,2017-03-02 23:00:00,day_ahead
2017-03-03 21:00:00,50.575996035296136,price,2017-03-02 23:00:00,day_ahead
2017-03-03 22:00:00,45.9205996436273,price,2017-03-02 23:00:00,day_ahead
2017-03-03 23:00:00,42.118136062027766,price,2017-03-02 23:00:00,day_ahead
2017-03-04 00:00:00,54.229623637896374,price,2017-03-03 23:00:00,day_ahead
2017-03-04 01:00:00,52.93178818391554,price,2017-03-03 23:00:00,day_ahead
2017-03-04 02:00:00,51.01799431403264,price,2017-03-03 23:00:00,day_ahead
2017-03-04 03:00:00,49.397018310677915,price,2017-03-03 23:00:00,day_ahead
2017-03-04 04:00:00,49.0890395220702,price,2017-03-03 23:00:00,day_ahead
2017-03-04 05:00:00,50.361230730117796,price,2017-03-03 23:00:00,day_ahead
2017-03-04 06:00:00,52.491624357045545,price,2017-03-03 23:00:00,day_ahead
2017-03-04 07:00:00,54.35019025050033,price,2017-03-03 23:00:00,day_ahead
2017-03-04 08:00:00,55.23641565935045,price,2017-03-03 23:00:00,day_ahead
2017-03-04 09:00:00,55.229975894060146,price,2017-03-03 23:00:00,day_ahead
2017-03-04 10:00:00,54.83790200516169,price,2017-03-03 23:00:00,day_ahead
2017-03-04 11:00:00,54.40508787488213,price,2017-03-03 23:00:00,day_ahead
2017-03-04 12:00:00,53.91554413651383,price,2017-03-03 23:00:00,day_ahead
2017-03-04 13:00:00,53.32283996809592,price,2017-03-03 23:00:00,day_ahead
2017-03-04 14:00:00,52.94573723485488,price,2017-03-03 23:00:00,day_ahead
2017-03-04 15:00:00,53.38719771596181,price,2017-03-03 23:00:00,day_ahead
2017-03-04 16:00:00,54.96478811555058,price,2017-03-03 23:00:00,day_ahead
2017-03-04 17:00:00,57.22035858837762,price,2017-03-03 23:00:00,day_ahead
2017-03-04 18:00:00,59.08130599217041,price,2017-03-03 23:00:00,day_ahead
2017-03-04 19:00:00,59.63161937287698,price,2017-03-03 23:00:00,day_ahead
2017-03-04 20:00:00,58.82055930791251,price,2017-03-03 23:00:00,day_ahead
2017-03-04 21:00:00,57.43993599248701,price,2017-03-03 23:00:00,day_ahead
2017-03-04 22:00:00,56.37148381191925,price,2017-03-03 23:00:00,day_ahead
2017-03-04 23:00:00,55.80546227599396,price,2017-03-03 23:00:00,day_ahead
2017-03-05 00:00:00,26.431618062091676,price,2017-03-04 23:00:00,day_ahead
2017-03-05 01:00:00,22.077784250655778,price,2017-03-04 23:00:00,day_ahead
2017-03-05 02:00:00,19.392999762761434,price,2017-03-04 23:00:00,day_ahead
2017-03-05 03:00:00,19.656626344627185,price,2017-03-04 23:00:00,day_ahead
2017-03-05 04:00:00,23.514763434800894,price,2017-03-04 23:00:00,day_ahead
2017-03-05 05:00:00,30.012208632911705,price,2017-03-04 23:00:00,day_ahead
2017-03-05 06:00:00,36.893188132472396,price,2017-03-04 23:00:00,day_ahead
2017-03-05 07:00:00,42.01098904138559,price,2017-03-04 23:00:00,day_ahead
2017-03-05 08:00:00,44.59647642521891,price,2017-03-04 23:00:00,day_ahead
2017-03-05 09:00:00,45.284576283754355,price,2017-03-04 23:00:00,day_ahead
2017-03-05 10:00:00,45.03204736364173,price,2017-03-04 23:00:00,day_ahead
2017-03-05 11:00:00,44.12782400823082,price,2017-03-04 23:00:00,day_ahead
2017-03-05 12:00:00,42.31758822011877,price,2017-03-04 23:00:00,day_ahead
2017-03-05 13:00:00,39.825104354079386,price,2017-03-04 23:00:00,day_ahead
2017-03-05 14:00:00,38.03019825942651,price,2017-03-04 23:00:00,day_ahead
2017-03-05 15:00:00,38.83313942149004,price,2017-03-04 23:00:00,day_ahead
2017-03-05 16:00:00,43.07168767506657,price,2017-03-04 23:00:00,day_ahead
2017-03-05 17:00:00,49.431972292326,price,2017-03-04 23:00:00,day_ahead
2017-03-05 18:00:00,54.994442820089255,price,2017-03-04 23:00:00,day_ahead
2017-03-05 19:00:00,57.108861135638605,price,2017-03-04 23:00:00,day_ahead
2017-03-05 20:00:00,55.06965385045296,price,2017-03-04 23:00:00,day_ahead
2017-03-05 21:00:00,50.24396081269919,price,2017-03-04 23:00:00,day_ahead
2017-03-05 22:00:00,44.71669279326512,price,2017-03-04 23:00:00,day_ahead
2017-03-05 23:00:00,39.80359981987173,price,2017-03-04 23:00:00,day_ahead
2017-03-06 00:00:00,35.25263636220427,price,2017-03-05 23:00:00,day_ahead
2017-03-06 01:00:00,32.119909844462235,price,2017-03-05 23:00:00,day_ahead
2017-03-06 02:00:00,30.58116776306145,price,2017-03-05 23:00:00,day_ahead
2017-03-06 03:00:00,31.886855058759497,price,2017-03-05 23:00:00,day_ahead
2017-03-06 04:00:00,36.66515910499676,price,2017-03-05 23:00:00,day_ahead
2017-03-06 05:00:00,43.9650361013516,price,2017-03-05 23:00:00,day_ahead
2017-03-06 06:00:00,51.55174627621239,price,2017-03-05 23:00:00,day_ahead
2017-03-06 07:00:00,57.29886952002546,price,2017-03-05 23:00:00,day_ahead
2017-03-06 08:00:00,60.441786075828475,price,2017-03-05 23:00:00,day_ahead
2017-03-06 09:00:00,61.603735749052206,price,2017-03-05 23:00:00,day_ahead
2017-03-06 10:00:00,61.725884537058526,price,2017-03-05 23:00:00,day_ahead
2017-03-06 11:00:00,61.08959133384767,price,2017-03-05 23:00:00,day_ahead
2017-03-06 12:00:00,59.44158455103005,price,2017-03-05 23:00:00,day_ahead
2017-03-06 13:00:00,57.00628972027507,price,2017-03-05 23:00:00,day_ahead
2017-03-06 14:00:00,55.15693843089711,price,2017-03-05 23:00:00,day_ahead
2017-03-06 15:00:00,55.78427556682444,price,2017-03-05 23:00:00,day_ahead
2017-03-06 16:00:00,59.7257748961673,price,2017-03-05 23:00:00,day_ahead
2017-03-06 17:00:00,65.68399165926886,price,2017-03-05 23:00:00,day_ahead
2017-03-06 18:00:00,70.76645559307046,price,2017-03-05 23:00:00,day_ahead
2017-03-06 19:00:00,72.34535805551968,price,2017-03-05 23:00:00,day_ahead
2017-03-06 20:00:00,69.72199004942115,price,2017-03-05 23:00:00,day_ahead
2017-03-06 21:00:00,64.25790111050271,price,2017-03-05 23:00:00,day_ahead
2017-03-06 22:00:00,58.03314834641674,price,2017-03-05 23:00:00,day_ahead
2017-03-06 23:00:00,52.369045556592184,price,2017-03-05 23:00:00,day_ahead
2017-03-07 00:00:00,46.391520963900604,price,2017-03-06 23:00:00,day_ahead
2017-03-07 01:00:00,42.428414351100585,price,2017-03-06 23:00:00,day_ahead
2017-03-07 02:00:00,40.01680015372058,price,2017-03-06 23:00:00,day_ahead
2017-03-07 03:00:00,40.40439396606064,price,2017-03-06 23:00:00,day_ahead
2017-03-07 04:00:00,44.22467833366273,price,2017-03-06 23:00:00,day_ahead
2017-03-07 05:00:00,50.54515593777505,price,2017-03-06 23:00:00,day_ahead
2017-03-07 06:00:00,57.157939177804714,price,2017-03-06 23:00:00,day_ahead
2017-03-07 07:00:00,61.96060603828745,price,2017-03-06 23:00:00,day_ahead
2017-03-07 08:00:00,64.20187447291254,price,2017-03-06 23:00:00,day_ahead
2017-03-07 09:00:00,64.50903533155171,price,2017-03-06 23:00:00,day_ahead
2017-03-07 10:00:00,63.825285815386664,price,2017-03-06 23:00:00,day_ahead
2017-03-07 11:00:00,62.4366394734646,price,2017-03-06 23:00:00,day_ahead
2017-03-07 12:00:00,60.094405598890006,price,2017-03-06 23:00:00,day_ahead
2017-03-07 13:00:00,57.02144678215322,price,2017-03-06 23:00:00,day_ahead
2017-03-07 14:00:00,54.582200620087605,price,2017-03-06 23:00:00,day_ahead
2017-03-07 15:00:00,54.65890605535701,price,2017-03-06 23:00:00,day_ahead
2017-03-07 16:00:00,58.09128975378454,price,2017-03-06 23:00:00,day_ahead
2017-03-07 17:00:00,63.59835992344591,price,2017-03-06 23:00:00,day_ahead
2017-03-07 18:00:00,68.31020026810153,price,2017-03-06 23:00:00,day_ahead
2017-03-07 19:00:00,69.6138977090811,price,2017-03-06 23:00:00,day_ahead
2017-03-07 20:00:00,66.80976925731574,price,2017-03-06 23:00:00,day_ahead
2017-03-07 21:00:00,61.24606290485498,price,2017-03-06 23:00:00,day_ahead
2017-03-07 22:00:00,54.98809036044591,price,2017-03-06 23:00:00,day_ahead
2017-03-07 23:00:00,49.348713293362486,price,2017-03-06 23:00:00,day_ahead
2017-03-08 00:00:00,43.64460924556232,price,2017-03-07 23:00:00,day_ahead
2017-03-08 01:00:00,39.77553052827398,price,2017-03-07 23:00:00,day_ahead
2017-03-08 02:00:00,37.501541765921594,price,2017-03-07 23:00:00,day_ahead
2017-03-08 03:00:00,38.061509116068216,price,2017-03-07 23:00:00,day_ahead
2017-03-08 04:00:00,42.08060243009252,price,2017-03-07 23:00:00,day_ahead
2017-03-08 05:00:00,48.622626766409155,price,2017-03-07 23:00:00,day_ahead
2017-03-08 06:00:00,55.48024565020342,price,2017-03-07 23:00:00,day_ahead
2017-03-08 07:00:00,60.55148824788888,price,2017-03-07 23:00:00,day_ahead
2017-03-08 08:00:00,63.08159420812572,price,2017-03-07 23:00:00,day_ahead
2017-03-08 09:00:00,63.690859694333284,price,2017-03-07 23:00:00,day_ahead
2017-03-08 10:00:00,63.31568144237532,price,2017-03-07 23:00:00,day_ahead
2017-03-08 11:00:00,62.237956232636364,price,2017-03-07 23:00:00,day_ahead
2017-03-08 12:00:00,60.2056870131157,price,2017-03-07 23:00:00,day_ahead
2017-03-08 13:00:00,57.434860760218854,price,2017-03-07 23:00:00,day_ahead
2017-03-08 14:00:00,55.27780739403189,price,2017-03-07 23:00:00,day_ahead
2017-03-08 15:00:00,55.60363313821059,price,2017-03-07 23:00:00,day_ahead
2017-03-08 16:00:00,59.24531502746164,price,2017-03-07 23:00:00,day_ahead
2017-03-08 17:00:00,64.92558299297093,price,2017-03-07 23:00:00,day_ahead
2017-03-08 18:00:00,69.78519194917462,price,2017-03-07 23:00:00,day_ahead
2017-03-08 19:00:00,71.22001233363513,price,2017-03-07 23:00:00,day_ahead
2017-03-08 20:00:00,68.53023733256174,price,2017-03-07 23:00:00,day_ahead
2017-03-08 21:00:00,63.05548012035098,price,2017-03-07 23:00:00,day_ahead
2017-03-08 22:00:00,56.85078076773428,price,2017-03-07 23:00:00,day_ahead
2017-03-08 23:00:00,51.224059966792744,price,2017-03-07 23:00:00,day_ahead
2017-03-09 00:00:00,45.68469021342257,price,2017-03-08 23:00:00,day_ahead
2017-03-09 01:00:00,41.765845838689735,price,2017-03-08 23:00:00,day_ahead
2017-03-09 02:00:00,39.40663334833235,price,2017-03-08 23:00:00,day_ahead
2017-03-09 03:00:00,39.84008318667412,price,2017-03-08 23:00:00,day_ahead
2017-03-09 04:00:00,43.68771467618608,price,2017-03-08 23:00:00,day_ahead
2017-03-09 05:00:00,50.01896517007274,price,2017-03-08 23:00:00,day_ahead
2017-03-09 06:00:00,56.64136764374133,price,2017-03-08 23:00:00,day_ahead
2017-03-09 07:00:00,61.46971259812296,price,2017-03-08 23:00:00,day_ahead
2017-03-09 08:00:00,63.75996794012241,price,2017-03-08 23:00:00,day_ahead
2017-03-09 09:00:00,64.1353660748378,price,2017-03-08 23:00:00,day_ahead
2017-03-09 10:00:00,63.53206959921973,price,2017-03-08 23:00:00,day_ahead
2017-03-09 11:00:00,62.23356149267447,price,2017-03-08 23:00:00,day_ahead
2017-03-09 12:00:00,59.99102130267948,price,2017-03-08 23:00:00,day_ahead
2017-03-09 13:00:00,57.0205870715493,price,2017-03-08 23:00:00,day_ahead
2017-03-09 14:00:00,54.66905048856883,price,2017-03-08 23:00:00,day_ahead
2017-03-09 15:00:00,54.79845766788736,price,2017-03-08 23:00:00,day_ahead
2017-03-09 16:00:00,58.2418270099569,price,2017-03-08 23:00:00,day_ahead
2017-03-09 17:00:00,63.73406990088912,price,2017-03-08 23:00:00,day_ahead
2017-03-09 18:00:00,68.43577403992447,price,2017-03-08 23:00:00,day_ahead
2017-03-09 19:00:00,69.75874377765321,price,2017-03-08 23:00:00,day_ahead
2017-03-09 20:00:00,67.00583655599925,price,2017-03-08 23:00:00,day_ahead
2017-03-09 21:00:00,61.50654089344716,price,2017-03-08 23:00:00,day_ahead
2017-03-09 22:00:00,55.302302511459146,price,2017-03-08 23:00:00,day_ahead
2017-03-09 23:00:00,49.6934585526663,price,2017-03-08 23:00:00,day_ahead
2017-03-10 00:00:00,-10.12003106277754,price,2017-03-09 23:00:00,day_ahead
2017-03-10 01:00:00,-14.693446951124091,price,2017-03-09 23:00:00,day_ahead
2017-03-10 02:00:00,-17.914697465066485,price,2017-03-09 23:00:00,day_ahead
2017-03-10 03:00:00,-18.494468840311082,price,2017-03-09 23:00:00,day_ahead
2017-03-10 04:00:00,-15.780678752735659,price,2017-03-09 23:00:00,day_ahead
2017-03-10 05:00:00,-10.578896244254885,price,2017-03-09 23:00:00,day_ahead
2017-03-10 06:00:00,-4.852135918189032,price,2017-03-09 23:00:00,day_ahead
2017-03-10 07:00:00,-0.5047689505527787,price,2017-03-09 23:00:00,day_ahead
2017-03-10 08:00:00,1.6833855994088567,price,2017-03-09 23:00:00,day_ahead
2017-03-10 09:00:00,2.093236495900439,price,2017-03-09 23:00:00,day_ahead
2017-03-10 10:00:00,1.421202776727028,price,2017-03-09 23:00:00,day_ahead
2017-03-10 11:00:00,-0.07364389331379399,price,2017-03-09 23:00:00,day_ahead
2017-03-10 12:00:00,-2.4567373858684447,price,2017-03-09 23:00:00,day_ahead
2017-03-10 13:00:00,-5.3646385743663885,price,2017-03-09 23:00:00,day_ahead
2017-03-10 14:00:00,-7.58798101238065,price,2017-03-09 23:00:00,day_ahead
2017-03-10 15:00:00,-7.6740778405280965,price,2017-03-09 23:00:00,day_ahead
2017-03-10 16:00:00,-5.162860957576839,price,2017-03-09 23:00:00,day_ahead
2017-03-10 17:00:00,-1.3059356055647025,price,2017-03-09 23:00:00,day_ahead
2017-03-10 18:00:00,1.5290996362706075,price,2017-03-09 23:00:00,day_ahead
2017-03-10 19:00:00,1.3888472529769476,price,2017-03-09 23:00:00,day_ahead
2017-03-10 20:00:00,-2.0573558954911504,price,2017-03-09 23:00:00,day_ahead
2017-03-10 21:00:00,-7.6021100027628465,price,2017-03-09 23:00:00,day_ahead
2017-03-10 22:00:00,-13.668113100758163,price,2017-03-09 23:00:00,day_ahead
2017-03-10 23:00:00,-19.40683244541058,price,2017-03-09 23:00:00,day_ahead
2017-03-11 00:00:00,41.424447362734604,price,2017-03-10 23:00:00,day_ahead
2017-03-11 01:00:00,37.103519686346914,price,2017-03-10 23:00:00,day_ahead
2017-03-11 02:00:00,34.30540736077248,price,2017-03-10 23:00:00,day_ahead
2017-03-11 03:00:00,34.25088821641449,price,2017-03-10 23:00:00,day_ahead
2017-03-11 04:00:00,37.553027622807015,price,2017-03-10 23:00:00,day_ahead
2017-03-11 05:00:00,43.28753054308198,price,2017-03-10 23:00:00,day_ahead
2017-03-11 06:00:00,49.282576477965776,price,2017-03-10 23:00:00,day_ahead
2017-03-11 07:00:00,53.47641509086433,price,2017-03-10 23:00:00,day_ahead
2017-03-11 08:00:00,55.13913067114697,price,2017-03-10 23:00:00,day_ahead
2017-03-11 09:00:00,54.896243859456845,price,2017-03-10 23:00:00,day_ahead
2017-03-11 10:00:00,53.68140727831656,price,2017-03-10 23:00:00,day_ahead
2017-03-11 11:00:00,51.7778046000538,price,2017-03-10 23:00:00,day_ahead
2017-03-11 12:00:00,48.937325078686676,price,2017-03-10 23:00:00,day_ahead
2017-03-11 13:00:00,45.37063115849263,price,2017-03-10 23:00:00,day_ahead
2017-03-11 14:00:00,42.41004976718692,price,2017-03-10 23:00:00,day_ahead
2017-03-11 15:00:00,41.902849269817686,price,2017-03-10 23:00:00,day_ahead
2017-03-11 16:00:00,44.68209572377615,price,2017-03-10 23:00:00,day_ahead
2017-03-11 17:00:00,49.505482935316046,price,2017-03-10 23:00:00,day_ahead
2017-03-11 18:00:00,53.570450393059666,price,2017-03-10 23:00:00,day_ahead
2017-03-11 19:00:00,54.319409198082724,price,2017-03-10 23:00:00,day_ahead
2017-03-11 20:00:00,51.063443461444216,price,2017-03-10 23:00:00,day_ahead
2017-03-11 21:00:00,45.118622590361454,price,2017-03-10 23:00:00,day_ahead
2017-03-11 22:00:00,38.506989454967,price,2017-03-10 23:00:00,day_ahead
2017-03-11 23:00:00,32.519584348896814,price,2017-03-10 23:00:00,day_ahead
2017-03-12 00:00:00,27.35442994282607,price,2017-03-11 23:00:00,day_ahead
2017-03-12 01:00:00,23.155354425709557,price,2017-03-11 23:00:00,day_ahead
2017-03-12 02:00:00,20.57379968336988,price,2017-03-11 23:00:00,day_ahead
2017-03-12 03:00:00,20.83059779337985,price,2017-03-11 23:00:00,day_ahead
2017-03-12 04:00:00,24.540469688876378,price,2017-03-11 23:00:00,day_ahead
2017-03-12 05:00:00,30.780310871411068,price,2017-03-11 23:00:00,day_ahead
2017-03-12 06:00:00,37.37696091337815,price,2017-03-11 23:00:00,day_ahead
2017-03-12 07:00:00,42.26485105983549,price,2017-03-11 23:00:00,day_ahead
2017-03-12 08:00:00,44.70954843088817,price,2017-03-11 23:00:00,day_ahead
2017-03-12 09:00:00,45.332643093876804,price,2017-03-11 23:00:00,day_ahead
2017-03-12 10:00:00,45.06375425327798,price,2017-03-11 23:00:00,day_ahead
2017-03-12 11:00:00,44.180196942829134,price,2017-03-11 23:00:00,day_ahead
2017-03-12 12:00:00,42.42569290159395,price,2017-03-11 23:00:00,day_ahead
2017-03-12 13:00:00,40.00228408165036,price,2017-03-11 23:00:00,day_ahead
2017-03-12 14:00:00,38.23573567218623,price,2017-03-11 23:00:00,day_ahead
2017-03-12 15:00:00,38.96913475278748,price,2017-03-11 23:00:00,day_ahead
2017-03-12 16:00:00,43.03082048554189,price,2017-03-11 23:00:00,day_ahead
2017-03-12 17:00:00,49.16925216644189,price,2017-03-11 23:00:00,day_ahead
2017-03-12 18:00:00,54.56684661898207,price,2017-03-11 23:00:00,day_ahead
2017-03-12 19:00:00,56.64833577911168,price,2017-03-11 23:00:00,day_ahead
2017-03-12 20:00:00,54.70988767718052,price,2017-03-11 23:00:00,day_ahead
2017-03-12 21:00:00,50.05883225550875,price,2017-03-11 23:00:00,day_ahead
2017-03-12 22:00:00,44.71337864113555,price,2017-03-11 23:00:00,day_ahead
2017-03-12 23:00:00,39.96099428086884,price,2017-03-11 23:00:00,day_ahead
2017-03-13 00:00:00,35.179270948583884,price,2017-03-12 23:00:00,day_ahead
2017-03-13 01:00:00,32.179928063512286,price,2017-03-12 23:00:00,day_ahead
2017-03-13 02:00:00,30.720335179131638,price,2017-03-12 23:00:00,day_ahead
2017-03-13 03:00:00,31.994220530508784,price,2017-03-12 23:00:00,day_ahead
2017-03-13 04:00:00,36.599573462133236,price,2017-03-12 23:00:00,day_ahead
2017-03-13 05:00:00,43.6178015070796,price,2017-03-12 23:00:00,day_ahead
2017-03-13 06:00:00,50.89681026780861,price,2017-03-12 23:00:00,day_ahead
2017-03-13 07:00:00,56.391839754901746,price,2017-03-12 23:00:00,day_ahead
2017-03-13 08:00:00,59.37463859172442,price,2017-03-12 23:00:00,day_ahead
2017-03-13 09:00:00,60.45799647160447,price,2017-03-12 23:00:00,day_ahead
2017-03-13 10:00:00,60.55916010288295,price,2017-03-12 23:00:00,day_ahead
2017-03-13 11:00:00,59.94968410570015,price,2017-03-12 23:00:00,day_ahead
2017-03-13 12:00:00,58.372988728366174,price,2017-03-12 23:00:00,day_ahead
2017-03-13 13:00:00,56.02678618761259,price,2017-03-12 23:00:00,day_ahead
2017-03-13 14:00:00,54.22327121086209,price,2017-03-12 23:00:00,day_ahead
2017-03-13 15:00:00,54.79037668564078,price,2017-03-12 23:00:00,day_ahead
2017-03-13 16:00:00,58.55506103175198,price,2017-03-12 23:00:00,day_ahead
2017-03-13 17:00:00,64.28661385690936,price,2017-03-12 23:00:00,day_ahead
2017-03-13 18:00:00,69.20233580739269,price,2017-03-12 23:00:00,day_ahead
2017-03-13 19:00:00,70.7565600967085,price,2017-03-12 23:00:00,day_ahead
2017-03-13 20:00:00,68.25530194651587,price,2017-03-12 23:00:00,day_ahead
2017-03-13 21:00:00,62.99804238504277,price,2017-03-12 23:00:00,day_ahead
2017-03-13 22:00:00,56.992406464787194,price,2017-03-12 23:00:00,day_ahead
2017-03-13 23:00:00,51.52537736783646,price,2017-03-12 23:00:00,day_ahead
2017-03-14 00:00:00,57.72644971296309,price,2017-03-13 23:00:00,day_ahead
2017-03-14 01:00:00,54.266144120939956,price,2017-03-13 23:00:00,day_ahead
2017-03-14 02:00:00,51.10381456447602,price,2017-03-13 23:00:00,day_ahead
2017-03-14 03:00:00,50.10573929506081,price,2017-03-13 23:00:00,day_ahead
2017-03-14 04:00:00,52.53932106708647,price,2017-03-13 23:00:00,day_ahead
2017-03-14 05:00:00,57.80254937683521,price,2017-03-13 23:00:00,day_ahead
2017-03-14 06:00:00,63.714012062718375,price,2017-03-13 23:00:00,day_ahead
2017-03-14 07:00:00,68.09356607218594,price,2017-03-13 23:00:00,day_ahead
2017-03-14 08:00:00,70.16925696713473,price,2017-03-13 23:00:00,day_ahead
2017-03-14 09:00:00,70.60768748854213,price,2017-03-13 23:00:00,day_ahead
2017-03-14 10:00:00,70.37035289941065,price,2017-03-13 23:00:00,day_ahead
2017-03-14 11:00:00,69.7100914422293,price,2017-03-13 23:00:00,day_ahead
2017-03-14 12:00:00,68.33777977641246,price,2017-03-13 23:00:00,day_ahead
2017-03-14 13:00:00,66.44694983996945,price,2017-03-13 23:00:00,day_ahead
2017-03-14 14:00:00,65.29969603833736,price,2017-03-13 23:00:00,day_ahead
2017-03-14 15:00:00,66.49426213968788,price,2017-03-13 23:00:00,day_ahead
2017-03-14 16:00:00,70.44908747312483,price,2017-03-13 23:00:00,day_ahead
2017-03-14 17:00:00,75.59473150232303,price,2017-03-13 23:00:00,day_ahead
2017-03-14 18:00:00,79.23233500616587,price,2017-03-13 23:00:00,day_ahead
2017-03-14 19:00:00,79.45537678377691,price,2017-03-13 23:00:00,day_ahead
2017-03-14 20:00:00,76.46670196803733,price,2017-03-13 23:00:00,day_ahead
2017-03-14 21:00:00,72.1349499928147,price,2017-03-13 23:00:00,day_ahead
2017-03-14 22:00:00,68.26423226154232,price,2017-03-13 23:00:00,day_ahead
2017-03-14 23:00:00,65.2281290209148,price,2017-03-13 23:00:00,day_ahead
2017-03-15 00:00:00,41.687162457079445,price,2017-03-14 23:00:00,day_ahead
2017-03-15 01:00:00,38.06550876628181,price,2017-03-14 23:00:00,day_ahead
2017-03-15 02:00:00,35.94318542617806,price,2017-03-14 23:00:00,day_ahead
2017-03-15 03:00:00,36.48437418095809,price,2017-03-14 23:00:00,day_ahead
2017-03-15 04:00:00,40.27925833771714,price,2017-03-14 23:00:00,day_ahead
2017-03-15 05:00:00,46.44170422799192,price,2017-03-14 23:00:00,day_ahead
2017-03-15 06:00:00,52.88106723109978,price,2017-03-14 23:00:00,day_ahead
2017-03-15 07:00:00,57.60962090972999,price,2017-03-14 23:00:00,day_ahead
2017-03-15 08:00:00,59.925017477062816,price,2017-03-14 23:00:00,day_ahead
2017-03-15 09:00:00,60.43614407684026,price,2017-03-14 23:00:00,day_ahead
2017-03-15 10:00:00,60.04895434110213,price,2017-03-14 23:00:00,day_ahead
2017-03-15 11:00:00,59.03279468831941,price,2017-03-14 23:00:00,day_ahead
2017-03-15 12:00:00,57.13017894750046,price,2017-03-14 23:00:00,day_ahead
2017-03-15 13:00:00,54.517352005861135,price,2017-03-14 23:00:00,day_ahead
2017-03-15 14:00:00,52.457197540454786,price,2017-03-14 23:00:00,day_ahead
2017-03-15 15:00:00,52.72457480653923,price,2017-03-14 23:00:00,day_ahead
2017-03-15 16:00:00,56.12996909991268,price,2017-03-14 23:00:00,day_ahead
2017-03-15 17:00:00,61.48408741940502,price,2017-03-14 23:00:00,day_ahead
2017-03-15 18:00:00,66.08326920216311,price,2017-03-14 23:00:00,day_ahead
2017-03-15 19:00:00,67.44971032600247,price,2017-03-14 23:00:00,day_ahead
2017-03-15 20:00:00,64.90688553591134,price,2017-03-14 23:00:00,day_ahead
2017-03-15 21:00:00,59.72068071232805,price,2017-03-14 23:00:00,day_ahead
2017-03-15 22:00:00,53.8465277110533,price,2017-03-14 23:00:00,day_ahead
2017-03-15 23:00:00,48.53356962118314,price,2017-03-14 23:00:00,day_ahead
2017-03-16 00:00:00,42.83404759824947,price,2017-03-15 23:00:00,day_ahead
2017-03-16 01:00:00,39.24618807613327,price,2017-03-15 23:00:00,day_ahead
2017-03-16 02:00:00,37.096607877499935,price,2017-03-15 23:00:00,day_ahead
2017-03-16 03:00:00,37.51261990516839,price,2017-03-15 23:00:00,day_ahead
2017-03-16 04:00:00,41.058967299721424,price,2017-03-15 23:00:00,day_ahead
2017-03-16 05:00:00,46.869544467572474,price,2017-03-15 23:00:00,day_ahead
2017-03-16 06:00:00,52.917480026626706,price,2017-03-15 23:00:00,day_ahead
2017-03-16 07:00:00,57.28409581401451,price,2017-03-15 23:00:00,day_ahead
2017-03-16 08:00:00,59.30079559964394,price,2017-03-15 23:00:00,day_ahead
2017-03-16 09:00:00,59.567817884956426,price,2017-03-15 23:00:00,day_ahead
2017-03-16 10:00:00,58.96791650026588,price,2017-03-15 23:00:00,day_ahead
2017-03-16 11:00:00,57.7628681658108,price,2017-03-15 23:00:00,day_ahead
2017-03-16 12:00:00,55.70363589089277,price,2017-03-15 23:00:00,day_ahead
2017-03-16 13:00:00,52.96354643742063,price,2017-03-15 23:00:00,day_ahead
2017-03-16 14:00:00,50.77020625738453,price,2017-03-15 23:00:00,day_ahead
2017-03-16 15:00:00,50.84647717543282,price,2017-03-15 23:00:00,day_ahead
2017-03-16 16:00:00,53.979136080452555,price,2017-03-15 23:00:00,day_ahead
2017-03-16 17:00:00,59.01697775555226,price,2017-03-15 23:00:00,day_ahead
2017-03-16 18:00:00,63.34274517434364,price,2017-03-15 23:00:00,day_ahead
2017-03-16 19:00:00,64.55883713199646,price,2017-03-15 23:00:00,day_ahead
2017-03-16 20:00:00,62.01143207153985,price,2017-03-15 23:00:00,day_ahead
2017-03-16 21:00:00,56.92567644897759,price,2017-03-15 23:00:00,day_ahead
2017-03-16 22:00:00,51.193307214919045,price,2017-03-15 23:00:00,day_ahead
2017-03-16 23:00:00,46.023960508826285,price,2017-03-15 23:00:00,day_ahead
2017-03-17 00:00:00,40.8846181224519,price,2017-03-16 23:00:00,day_ahead
2017-03-17 01:00:00,37.3769214240178,price,2017-03-16 23:00:00,day_ahead
2017-03-17 02:00:00,35.31085636521591,price,2017-03-16 23:00:00,day_ahead
2017-03-17 03:00:00,35.79421243041949,price,2017-03-16 23:00:00,day_ahead
2017-03-17 04:00:00,39.373224199841644,price,2017-03-16 23:00:00,day_ahead
2017-03-17 05:00:00,45.18333678360643,price,2017-03-16 23:00:00,day_ahead
2017-03-17 06:00:00,51.2221081105418,price,2017-03-16 23:00:00,day_ahead
2017-03-17 07:00:00,55.60090515206984,price,2017-03-16 23:00:00,day_ahead
2017-03-17 08:00:00,57.66530769415677,price,2017-03-16 23:00:00,day_ahead
2017-03-17 09:00:00,58.007551447012155,price,2017-03-16 23:00:00,day_ahead
2017-03-17 10:00:00,57.492660317007484,price,2017-03-16 23:00:00,day_ahead
2017-03-17 11:00:00,56.37106011496384,price,2017-03-16 23:00:00,day_ahead
2017-03-17 12:00:00,54.39099819263571,price,2017-03-16 23:00:00,day_ahead
2017-03-17 13:00:00,51.7188026991228,price,2017-03-16 23:00:00,day_ahead
2017-03-17 14:00:00,49.559138377331756,price,2017-03-16 23:00:00,day_ahead
2017-03-17 15:00:00,49.60239715522017,price,2017-03-16 23:00:00,day_ahead
2017-03-17 16:00:00,52.61634407916472,price,2017-03-16 23:00:00,day_ahead
2017-03-17 17:00:00,57.46342448674351,price,2017-03-16 23:00:00,day_ahead
2017-03-17 18:00:00,61.56806121686454,price,2017-03-16 23:00:00,day_ahead
2017-03-17 19:00:00,62.57443295722383,price,2017-03-16 23:00:00,day_ahead
2017-03-17 20:00:00,59.841592766165505,price,2017-03-16 23:00:00,day_ahead
2017-03-17 21:00:00,54.57251923779214,price,2017-03-16 23:00:00,day_ahead
2017-03-17 22:00:00,48.622074796604245,price,2017-03-16 23:00:00,day_ahead
2017-03-17 23:00:00,43.175489133330224,price,2017-03-16 23:00:00,day_ahead
2017-03-18 00:00:00,38.04144675096863,price,2017-03-17 23:00:00,day_ahead
2017-03-18 01:00:00,34.11932751737492,price,2017-03-17 23:00:00,day_ahead
2017-03-18 02:00:00,31.58879777867973,price,2017-03-17 23:00:00,day_ahead
2017-03-18 03:00:00,31.55454700272844,price,2017-03-17 23:00:00,day_ahead
2017-03-18 04:00:00,34.56101244569106,price,2017-03-17 23:00:00,day_ahead
2017-03-18 05:00:00,39.75109802485479,price,2017-03-17 23:00:00,day_ahead
2017-03-18 06:00:00,45.14023563128069,price,2017-03-17 23:00:00,day_ahead
2017-03-18 07:00:00,48.860397415328435,price,2017-03-17 23:00:00,day_ahead
2017-03-18 08:00:00,50.27089777756829,price,2017-03-17 23:00:00,day_ahead
2017-03-18 09:00:00,49.968068042906935,price,2017-03-17 23:00:00,day_ahead
2017-03-18 10:00:00,48.817102363788166,price,2017-03-17 23:00:00,day_ahead
2017-03-18 11:00:00,47.071907225370914,price,2017-03-17 23:00:00,day_ahead
2017-03-18 12:00:00,44.48817607429649,price,2017-03-17 23:00:00,day_ahead
2017-03-18 13:00:00,41.237198042182115,price,2017-03-17 23:00:00,day_ahead
2017-03-18 14:00:00,38.52045633906089,price,2017-03-17 23:00:00,day_ahead
2017-03-18 15:00:00,38.020285340262966,price,2017-03-17 23:00:00,day_ahead
2017-03-18 16:00:00,40.50303656766783,price,2017-03-17 23:00:00,day_ahead
2017-03-18 17:00:00,44.846212748827234,price,2017-03-17 23:00:00,day_ahead
2017-03-18 18:00:00,48.50379130330059,price,2017-03-17 23:00:00,day_ahead
2017-03-18 19:00:00,49.15000073712407,price,2017-03-17 23:00:00,day_ahead
2017-03-18 20:00:00,46.159073169121996,price,2017-03-17 23:00:00,day_ahead
2017-03-18 21:00:00,40.72975550707623,price,2017-03-17 23:00:00,day_ahead
2017-03-18 22:00:00,34.70229806770161,price,2017-03-17 23:00:00,day_ahead
2017-03-18 23:00:00,29.250685941573987,price,2017-03-17 23:00:00,day_ahead
2017-03-19 00:00:00,24.934589744295486,price,2017-03-18 23:00:00,day_ahead
2017-03-19 01:00:00,21.148016734785035,price,2017-03-18 23:00:00,day_ahead
2017-03-19 02:00:00,18.831492583276702,price,2017-03-18 23:00:00,day_ahead
2017-03-19 03:00:00,19.082143595932177,price,2017-03-18 23:00:00,day_ahead
2017-03-19 04:00:00,22.43363022881051,price,2017-03-18 23:00:00,day_ahead
2017-03-19 05:00:00,28.029035214194916,price,2017-03-18 23:00:00,day_ahead
2017-03-19 06:00:00,33.89953501195187,price,2017-03-18 23:00:00,day_ahead
2017-03-19 07:00:00,38.19804137742369,price,2017-03-18 23:00:00,day_ahead
2017-03-19 08:00:00,40.294242435639035,price,2017-03-18 23:00:00,day_ahead
2017-03-19 09:00:00,40.777832922552626,price,2017-03-18 23:00:00,day_ahead
2017-03-19 10:00:00,40.49820266415797,price,2017-03-18 23:00:00,day_ahead
2017-03-19 11:00:00,39.69698125841711,price,2017-03-18 23:00:00,day_ahead
2017-03-19 12:00:00,38.12497831463342,price,2017-03-18 23:00:00,day_ahead
2017-03-19 13:00:00,35.947555369479204,price,2017-03-18 23:00:00,day_ahead
2017-03-19 14:00:00,34.34900964203611,price,2017-03-18 23:00:00,day_ahead
2017-03-19 15:00:00,34.98475520838652,price,2017-03-18 23:00:00,day_ahead
2017-03-19 16:00:00,38.59954823392718,price,2017-03-18 23:00:00,day_ahead
2017-03-19 17:00:00,44.070093168571056,price,2017-03-18 23:00:00,day_ahead
2017-03-19 18:00:00,48.870410281799046,price,2017-03-18 23:00:00,day_ahead
2017-03-19 19:00:00,50.697561679782,price,2017-03-18 23:00:00,day_ahead
2017-03-19 20:00:00,48.9294839140492,price,2017-03-18 23:00:00,day_ahead
2017-03-19 21:00:00,44.74217510922183,price,2017-03-18 23:00:00,day_ahead
2017-03-19 22:00:00,39.939566556595324,price,2017-03-18 23:00:00,day_ahead
2017-03-19 23:00:00,35.66655165229941,price,2017-03-18 23:00:00,day_ahead
2017-03-20 00:00:00,32.77932234183323,price,2017-03-19 23:00:00,day_ahead
2017-03-20 01:00:00,30.045052532199545,price,2017-03-19 23:00:00,day_ahead
2017-03-20 02:00:00,28.71306953259224,price,2017-03-19 23:00:00,day_ahead
2017-03-20 03:00:00,29.867274730655605,price,2017-03-19 23:00:00,day_ahead
2017-03-20 04:00:00,34.03060646058379,price,2017-03-19 23:00:00,day_ahead
2017-03-20 05:00:00,40.34379342623778,price,2017-03-19 23:00:00,day_ahead
2017-03-20 06:00:00,46.84488952937911,price,2017-03-19 23:00:00,day_ahead
2017-03-20 07:00:00,51.69705871452171,price,2017-03-19 23:00:00,day_ahead
2017-03-20 08:00:00,54.275685672178966,price,2017-03-19 23:00:00,day_ahead
2017-03-20 09:00:00,55.16811678839004,price,2017-03-19 23:00:00,day_ahead
2017-03-20 10:00:00,55.21642291622676,price,2017-03-19 23:00:00,day_ahead
2017-03-20 11:00:00,54.655556522301985,price,2017-03-19 23:00:00,day_ahead
2017-03-20 12:00:00,53.23267755624579,price,2017-03-19 23:00:00,day_ahead
2017-03-20 13:00:00,51.11016394687877,price,2017-03-19 23:00:00,day_ahead
2017-03-20 14:00:00,49.467016950261105,price,2017-03-19 23:00:00,day_ahead
2017-03-20 15:00:00,49.95260027516305,price,2017-03-19 23:00:00,day_ahead
2017-03-20 16:00:00,53.311240932581136,price,2017-03-19 23:00:00,day_ahead
2017-03-20 17:00:00,58.43045494551319,price,2017-03-19 23:00:00,day_ahead
2017-03-20 18:00:00,62.804966791333136,price,2017-03-19 23:00:00,day_ahead
2017-03-20 19:00:00,64.15364270898498,price,2017-03-19 23:00:00,day_ahead
2017-03-20 20:00:00,61.86744523140639,price,2017-03-19 23:00:00,day_ahead
2017-03-20 21:00:00,57.12332579930281,price,2017-03-19 23:00:00,day_ahead
2017-03-20 22:00:00,51.719400511440284,price,2017-03-19 23:00:00,day_ahead
2017-03-20 23:00:00,46.796548457178176,price,2017-03-19 23:00:00,day_ahead
2017-03-21 00:00:00,42.171776136323885,price,2017-03-20 23:00:00,day_ahead
2017-03-21 01:00:00,38.74235771084168,price,2017-03-20 23:00:00,day_ahead
2017-03-21 02:00:00,36.66649861160769,price,2017-03-20 23:00:00,day_ahead
2017-03-21 03:00:00,37.02243335415538,price,2017-03-20 23:00:00,day_ahead
2017-03-21 04:00:00,40.33485204145075,price,2017-03-20 23:00:00,day_ahead
2017-03-21 05:00:00,45.7637569536271,price,2017-03-20 23:00:00,day_ahead
2017-03-21 06:00:00,51.381300299350656,price,2017-03-20 23:00:00,day_ahead
2017-03-21 07:00:00,55.384485987290255,price,2017-03-20 23:00:00,day_ahead
2017-03-21 08:00:00,57.16746219623013,price,2017-03-20 23:00:00,day_ahead
2017-03-21 09:00:00,57.31921295888644,price,2017-03-20 23:00:00,day_ahead
2017-03-21 10:00:00,56.67706075959473,price,2017-03-20 23:00:00,day_ahead
2017-03-21 11:00:00,55.47614113491175,price,2017-03-20 23:00:00,day_ahead
2017-03-21 12:00:00,53.46883838013611,price,2017-03-20 23:00:00,day_ahead
2017-03-21 13:00:00,50.81757597914456,price,2017-03-20 23:00:00,day_ahead
2017-03-21 14:00:00,48.688453887976934,price,2017-03-20 23:00:00,day_ahead
2017-03-21 15:00:00,48.71107906997173,price,2017-03-20 23:00:00,day_ahead
2017-03-21 16:00:00,51.62063049416174,price,2017-03-20 23:00:00,day_ahead
2017-03-21 17:00:00,56.31966409883731,price,2017-03-20 23:00:00,day_ahead
2017-03-21 18:00:00,60.33803144543458,price,2017-03-20 23:00:00,day_ahead
2017-03-21 19:00:00,61.429331440226065,price,2017-03-20 23:00:00,day_ahead
2017-03-21 20:00:00,58.99796167551778,price,2017-03-20 23:00:00,day_ahead
2017-03-21 21:00:00,54.20793742372874,price,2017-03-20 23:00:00,day_ahead
2017-03-21 22:00:00,48.83078941413142,price,2017-03-20 23:00:00,day_ahead
2017-03-21 23:00:00,43.98446748414053,price,2017-03-20 23:00:00,day_ahead
2017-03-22 00:00:00,39.31694664036043,price,2017-03-21 23:00:00,day_ahead
2017-03-22 01:00:00,36.005579935081926,price,2017-03-21 23:00:00,day_ahead
2017-03-22 02:00:00,34.07806065815173,price,2017-03-21 23:00:00,day_ahead
2017-03-22 03:00:00,34.596581644450836,price,2017-03-21 23:00:00,day_ahead
2017-03-22 04:00:00,38.07318191808979,price,2017-03-21 23:00:00,day_ahead
2017-03-22 05:00:00,43.6685696229529,price,2017-03-21 23:00:00,day_ahead
2017-03-22 06:00:00,49.46803264896604,price,2017-03-21 23:00:00,day_ahead
2017-03-22 07:00:00,53.682552449984705,price,2017-03-21 23:00:00,day_ahead
2017-03-22 08:00:00,55.709450698555024,price,2017-03-21 23:00:00,day_ahead
2017-03-22 09:00:00,56.12867974505159,price,2017-03-21 23:00:00,day_ahead
2017-03-22 10:00:00,55.76499455248989,price,2017-03-21 23:00:00,day_ahead
2017-03-22 11:00:00,54.846119430795326,price,2017-03-21 23:00:00,day_ahead
2017-03-22 12:00:00,53.12164569011295,price,2017-03-21 23:00:00,day_ahead
2017-03-22 13:00:00,50.747350029486114,price,2017-03-21 23:00:00,day_ahead
2017-03-22 14:00:00,48.87301683901705,price,2017-03-21 23:00:00,day_ahead
2017-03-22 15:00:00,49.107830447610525,price,2017-03-21 23:00:00,day_ahead
2017-03-22 16:00:00,52.17647209749968,price,2017-03-21 23:00:00,day_ahead
2017-03-22 17:00:00,56.99073593478022,price,2017-03-21 23:00:00,day_ahead
2017-03-22 18:00:00,61.10465409898871,price,2017-03-21 23:00:00,day_ahead
2017-03-22 19:00:00,62.29402925431509,price,2017-03-21 23:00:00,day_ahead
2017-03-22 20:00:00,59.9681902100598,price,2017-03-21 23:00:00,day_ahead
2017-03-22 21:00:00,55.2776183542253,price,2017-03-21 23:00:00,day_ahead
2017-03-22 22:00:00,49.974488495050835,price,2017-03-21 23:00:00,day_ahead
2017-03-22 23:00:00,45.16569318178077,price,2017-03-21 23:00:00,day_ahead
2017-03-23 00:00:00,39.86647352099428,price,2017-03-22 23:00:00,day_ahead
2017-03-23 01:00:00,36.590075915072156,price,2017-03-22 23:00:00,day_ahead
2017-03-23 02:00:00,34.63889217673048,price,2017-03-22 23:00:00,day_ahead
2017-03-23 03:00:00,35.044823109163346,price,2017-03-22 23:00:00,day_ahead
2017-03-23 04:00:00,38.30293099549162,price,2017-03-22 23:00:00,day_ahead
2017-03-23 05:00:00,43.595771486469,price,2017-03-22 23:00:00,day_ahead
2017-03-23 06:00:00,49.0642248874366,price,2017-03-22 23:00:00,day_ahead
2017-03-23 07:00:00,52.97514531467687,price,2017-03-22 23:00:00,day_ahead
2017-03-23 08:00:00,54.75010364919999,price,2017-03-22 23:00:00,day_ahead
2017-03-23 09:00:00,54.95919330895562,price,2017-03-22 23:00:00,day_ahead
2017-03-23 10:00:00,54.4084184583425,price,2017-03-22 23:00:00,day_ahead
2017-03-23 11:00:00,53.32212681475002,price,2017-03-22 23:00:00,day_ahead
2017-03-23 12:00:00,51.45961951580845,price,2017-03-22 23:00:00,day_ahead
2017-03-23 13:00:00,48.97478589360078,price,2017-03-22 23:00:00,day_ahead
2017-03-23 14:00:00,46.98672463468033,price,2017-03-22 23:00:00,day_ahead
2017-03-23 15:00:00,47.05982749746354,price,2017-03-22 23:00:00,day_ahead
2017-03-23 16:00:00,49.898525344424414,price,2017-03-22 23:00:00,day_ahead
2017-03-23 17:00:00,54.4464950660067,price,2017-03-22 23:00:00,day_ahead
2017-03-23 18:00:00,58.32956905790716,price,2017-03-22 23:00:00,day_ahead
2017-03-23 19:00:00,59.3896904142442,price,2017-03-22 23:00:00,day_ahead
2017-03-23 20:00:00,57.05496415626024,price,2017-03-22 23:00:00,day_ahead
2017-03-23 21:00:00,52.44330304862534,price,2017-03-22 23:00:00,day_ahead
2017-03-23 22:00:00,47.256109099481954,price,2017-03-22 23:00:00,day_ahead
2017-03-23 23:00:00,42.56848498274183,price,2017-03-22 23:00:00,day_ahead
2017-03-24 00:00:00,38.43293896537179,price,2017-03-23 23:00:00,day_ahead
2017-03-24 01:00:00,35.17996121962673,price,2017-03-23 23:00:00,day_ahead
2017-03-24 02:00:00,33.26440515131231,price,2017-03-23 23:00:00,day_ahead
2017-03-24 03:00:00,33.71531080980472,price,2017-03-23 23:00:00,day_ahead
2017-03-24 04:00:00,37.02248376227345,price,2017-03-23 23:00:00,day_ahead
2017-03-24 05:00:00,42.36543456662022,price,2017-03-23 23:00:00,day_ahead
2017-03-24 06:00:00,47.88631834068729,price,2017-03-23 23:00:00,day_ahead
2017-03-24 07:00:00,51.85497894991565,price,2017-03-23 23:00:00,day_ahead
2017-03-24 08:00:00,53.69322223249121,price,2017-03-23 23:00:00,day_ahead
2017-03-24 09:00:00,53.96694823616939,price,2017-03-23 23:00:00,day_ahead
2017-03-24 10:00:00,53.47611144867415,price,2017-03-23 23:00:00,day_ahead
2017-03-24 11:00:00,52.440720913633875,price,2017-03-23 23:00:00,day_ahead
2017-03-24 12:00:00,50.617674471091895,price,2017-03-23 23:00:00,day_ahead
2017-03-24 13:00:00,48.15675290986369,price,2017-03-23 23:00:00,day_ahead
2017-03-24 14:00:00,46.16796435883586,price,2017-03-23 23:00:00,day_ahead
2017-03-24 15:00:00,46.203423611511994,price,2017-03-23 23:00:00,day_ahead
2017-03-24 16:00:00,48.95889773902237,price,2017-03-23 23:00:00,day_ahead
2017-03-24 17:00:00,53.379237456374504,price,2017-03-23 23:00:00,day_ahead
2017-03-24 18:00:00,57.10079256650135,price,2017-03-23 23:00:00,day_ahead
2017-03-24 19:00:00,57.977484952368414,price,2017-03-23 23:00:00,day_ahead
2017-03-24 20:00:00,55.44156915219317,price,2017-03-23 23:00:00,day_ahead
2017-03-24 21:00:00,50.60410302672139,price,2017-03-23 23:00:00,day_ahead
2017-03-24 22:00:00,45.153916564420115,price,2017-03-23 23:00:00,day_ahead
2017-03-24 23:00:00,40.156728792988616,price,2017-03-23 23:00:00,day_ahead
2017-03-25 00:00:00,36.14538533034794,price,2017-03-24 23:00:00,day_ahead
2017-03-25 01:00:00,32.5006400228291,price,2017-03-24 23:00:00,day_ahead
2017-03-25 02:00:00,30.151580897552964,price,2017-03-24 23:00:00,day_ahead
2017-03-25 03:00:00,30.127658969978846,price,2017-03-24 23:00:00,day_ahead
2017-03-25 04:00:00,32.92209740020814,price,2017-03-24 23:00:00,day_ahead
2017-03-25 05:00:00,37.72176714987045,price,2017-03-24 23:00:00,day_ahead
2017-03-25 06:00:00,42.6787059900911,price,2017-03-24 23:00:00,day_ahead
2017-03-25 07:00:00,46.07204305537348,price,2017-03-24 23:00:00,day_ahead
2017-03-25 08:00:00,47.32994955637561,price,2017-03-24 23:00:00,day_ahead
2017-03-25 09:00:00,47.022180007783724,price,2017-03-24 23:00:00,day_ahead
2017-03-25 10:00:00,45.9525477932346,price,2017-03-24 23:00:00,day_ahead
2017-03-25 11:00:00,44.34687325728457,price,2017-03-24 23:00:00,day_ahead
2017-03-25 12:00:00,41.96910935766926,price,2017-03-24 23:00:00,day_ahead
2017-03-25 13:00:00,38.974638197089725,price,2017-03-24 23:00:00,day_ahead
2017-03-25 14:00:00,36.47583142275265,price,2017-03-24 23:00:00,day_ahead
2017-03-25 15:00:00,36.02537138209196,price,2017-03-24 23:00:00,day_ahead
2017-03-25 16:00:00,38.32177108932725,price,2017-03-24 23:00:00,day_ahead
2017-03-25 17:00:00,42.318017658221294,price,2017-03-24 23:00:00,day_ahead
2017-03-25 18:00:00,45.66347905143076,price,2017-03-24 23:00:00,day_ahead
2017-03-25 19:00:00,46.22584620632904,price,2017-03-24 23:00:00,day_ahead
2017-03-25 20:00:00,43.44722994339174,price,2017-03-24 23:00:00,day_ahead
2017-03-25 21:00:00,38.44275295452646,price,2017-03-24 23:00:00,day_ahead
2017-03-25 22:00:00,32.9011492157905,price,2017-03-24 23:00:00,day_ahead
2017-03-25 23:00:00,27.886872578705564,price,2017-03-24 23:00:00,day_ahead
2017-03-26 00:00:00,23.572959290621593,price,2017-03-25 23:00:00,day_ahead
2017-03-26 01:00:00,20.05027023225227,price,2017-03-25 23:00:00,day_ahead
2017-03-26 02:00:00,17.90001711569591,price,2017-03-25 23:00:00,day_ahead
2017-03-26 03:00:00,18.147901789624957,price,2017-03-25 23:00:00,day_ahead
2017-03-26 04:00:00,21.280079166631975,price,2017-03-25 23:00:00,day_ahead
2017-03-26 05:00:00,26.482486245547577,price,2017-03-25 23:00:00,day_ahead
2017-03-26 06:00:00,31.916077915792897,price,2017-03-25 23:00:00,day_ahead
2017-03-26 07:00:00,35.87239017859187,price,2017-03-25 23:00:00,day_ahead
2017-03-26 08:00:00,37.78477144228416,price,2017-03-25 23:00:00,day_ahead
2017-03-26 09:00:00,38.2159121125896,price,2017-03-25 23:00:00,day_ahead
2017-03-26 10:00:00,37.955403771480064,price,2017-03-25 23:00:00,day_ahead
2017-03-26 11:00:00,37.21733277294642,price,2017-03-25 23:00:00,day_ahead
2017-03-26 12:00:00,35.760916636583005,price,2017-03-25 23:00:00,day_ahead
2017-03-26 13:00:00,33.7391972446914,price,2017-03-25 23:00:00,day_ahead
2017-03-26 14:00:00,32.256595890450754,price,2017-03-25 23:00:00,day_ahead
2017-03-26 15:00:00,32.85024539827002,price,2017-03-25 23:00:00,day_ahead
2017-03-26 16:00:00,36.202765888440226,price,2017-03-25 23:00:00,day_ahead
2017-03-26 17:00:00,41.260731556765116,price,2017-03-25 23:00:00,day_ahead
2017-03-26 18:00:00,45.67879926147559,price,2017-03-25 23:00:00,day_ahead
2017-03-26 19:00:00,47.33288664258884,price,2017-03-25 23:00:00,day_ahead
2017-03-26 20:00:00,45.66375594796442,price,2017-03-25 23:00:00,day_ahead
2017-03-26 21:00:00,41.77056980205573,price,2017-03-25 23:00:00,day_ahead
2017-03-26 22:00:00,37.318415809700774,price,2017-03-25 23:00:00,day_ahead
2017-03-26 23:00:00,33.352743674321694,price,2017-03-25 23:00:00,day_ahead
2017-03-27 00:00:00,30.158437216342158,price,2017-03-26 23:00:00,day_ahead
2017-03-27 01:00:00,27.603672550046078,price,2017-03-26 23:00:00,day_ahead
2017-03-27 02:00:00,26.362075129268078,price,2017-03-26 23:00:00,day_ahead
2017-03-27 03:00:00,27.443200127882108,price,2017-03-26 23:00:00,day_ahead
2017-03-27 04:00:00,31.324652916727782,price,2017-03-26 23:00:00,day_ahead
2017-03-27 05:00:00,37.19456525148134,price,2017-03-26 23:00:00,day_ahead
2017-03-27 06:00:00,43.22226182705554,price,2017-03-26 23:00:00,day_ahead
2017-03-27 07:00:00,47.70538029240948,price,2017-03-26 23:00:00,day_ahead
2017-03-27 08:00:00,50.07593361101852,price,2017-03-26 23:00:00,day_ahead
2017-03-27 09:00:00,50.88968940623715,price,2017-03-26 23:00:00,day_ahead
2017-03-27 10:00:00,50.92970273939767,price,2017-03-26 23:00:00,day_ahead
2017-03-27 11:00:00,50.40773950357924,price,2017-03-26 23:00:00,day_ahead
2017-03-27 12:00:00,49.08330839022335,price,2017-03-26 23:00:00,day_ahead
2017-03-27 13:00:00,47.10806055218542,price,2017-03-26 23:00:00,day_ahead
2017-03-27 14:00:00,45.58196100632054,price,2017-03-26 23:00:00,day_ahead
2017-03-27 15:00:00,46.0385485274943,price,2017-03-26 23:00:00,day_ahead
2017-03-27 16:00:00,49.1634606621733,price,2017-03-26 23:00:00,day_ahead
2017-03-27 17:00:00,53.91453145996715,price,2017-03-26 23:00:00,day_ahead
2017-03-27 18:00:00,57.961145505089426,price,2017-03-26 23:00:00,day_ahead
2017-03-27 19:00:00,59.19014682645973,price,2017-03-26 23:00:00,day_ahead
2017-03-27 20:00:00,57.046086598676254,price,2017-03-26 23:00:00,day_ahead
2017-03-27 21:00:00,52.62802654230588,price,2017-03-26 23:00:00,day_ahead
2017-03-27 22:00:00,47.60316781730655,price,2017-03-26 23:00:00,day_ahead
2017-03-27 23:00:00,43.02389743613981,price,2017-03-26 23:00:00,day_ahead
2017-03-28 00:00:00,39.022177470443,price,2017-03-27 23:00:00,day_ahead
2017-03-28 01:00:00,35.763108893177595,price,2017-03-27 23:00:00,day_ahead
2017-03-28 02:00:00,33.792517389767696,price,2017-03-27 23:00:00,day_ahead
2017-03-28 03:00:00,34.13385558547742,price,2017-03-27 23:00:00,day_ahead
2017-03-28 04:00:00,37.27443185447369,price,2017-03-27 23:00:00,day_ahead
2017-03-28 05:00:00,42.405611969429316,price,2017-03-27 23:00:00,day_ahead
2017-03-28 06:00:00,47.697180388053006,price,2017-03-27 23:00:00,day_ahead
2017-03-28 07:00:00,51.45037706093869,price,2017-03-27 23:00:00,day_ahead
2017-03-28 08:00:00,53.10640831699082,price,2017-03-27 23:00:00,day_ahead
2017-03-28 09:00:00,53.23269615146734,price,2017-03-27 23:00:00,day_ahead
2017-03-28 10:00:00,52.62103222778931,price,2017-03-27 23:00:00,day_ahead
2017-03-28 11:00:00,51.486631714668775,price,2017-03-27 23:00:00,day_ahead
2017-03-28 12:00:00,49.589734721169336,price,2017-03-27 23:00:00,day_ahead
2017-03-28 13:00:00,47.084381435298205,price,2017-03-27 23:00:00,day_ahead
2017-03-28 14:00:00,45.07598450176456,price,2017-03-27 23:00:00,day_ahead
2017-03-28 15:00:00,45.10357652086787,price,2017-03-27 23:00:00,day_ahead
2017-03-28 16:00:00,47.85426502930742,price,2017-03-27 23:00:00,day_ahead
2017-03-28 17:00:00,52.28280708492975,price,2017-03-27 23:00:00,day_ahead
2017-03-28 18:00:00,56.054948390714,price,2017-03-27 23:00:00,day_ahead
2017-03-28 19:00:00,57.05795794076217,price,2017-03-27 23:00:00,day_ahead
2017-03-28 20:00:00,54.741273235258554,price,2017-03-27 23:00:00,day_ahead
2017-03-28 21:00:00,50.20863121526565,price,2017-03-27 23:00:00,day_ahead
2017-03-28 22:00:00,45.12624409523763,price,2017-03-27 23:00:00,day_ahead
2017-03-28 23:00:00,40.53895812331909,price,2017-03-27 23:00:00,day_ahead
2017-03-29 00:00:00,36.7606289963759,price,2017-03-28 23:00:00,day_ahead
2017-03-29 01:00:00,33.599797381448944,price,2017-03-28 23:00:00,day_ahead
2017-03-29 02:00:00,31.76830655241218,price,2017-03-28 23:00:00,day_ahead
2017-03-29 03:00:00,32.26922568513343,price,2017-03-28 23:00:00,day_ahead
2017-03-29 04:00:00,35.57221355295456,price,2017-03-28 23:00:00,day_ahead
2017-03-29 05:00:00,40.866853954642615,price,2017-03-28 23:00:00,day_ahead
2017-03-29 06:00:00,46.33633735280714,price,2017-03-28 23:00:00,day_ahead
2017-03-29 07:00:00,50.296849377029545,price,2017-03-28 23:00:00,day_ahead
2017-03-29 08:00:00,52.19241963046328,price,2017-03-28 23:00:00,day_ahead
2017-03-29 09:00:00,52.579594565950465,price,2017-03-28 23:00:00,day_ahead
2017-03-29 10:00:00,52.23574535411602,price,2017-03-28 23:00:00,day_ahead
2017-03-29 11:00:00,51.368386563175996,price,2017-03-28 23:00:00,day_ahead
2017-03-29 12:00:00,49.73665542286513,price,2017-03-28 23:00:00,day_ahead
2017-03-29 13:00:00,47.490975104644264,price,2017-03-28 23:00:00,day_ahead
2017-03-29 14:00:00,45.72401034985124,price,2017-03-28 23:00:00,day_ahead
2017-03-29 15:00:00,45.9579357200657,price,2017-03-28 23:00:00,day_ahead
2017-03-29 16:00:00,48.872162414960435,price,2017-03-28 23:00:00,day_ahead
2017-03-29 17:00:00,53.43126013588504,price,2017-03-28 23:00:00,day_ahead
2017-03-29 18:00:00,57.321977144516936,price,2017-03-28 23:00:00,day_ahead
2017-03-29 19:00:00,58.44691130246835,price,2017-03-28 23:00:00,day_ahead
2017-03-29 20:00:00,56.2525730199362,price,2017-03-28 23:00:00,day_ahead
2017-03-29 21:00:00,51.82468234374226,price,2017-03-28 23:00:00,day_ahead
2017-03-29 22:00:00,46.81213638557902,price,2017-03-28 23:00:00,day_ahead
2017-03-29 23:00:00,42.25668182547406,price,2017-03-28 23:00:00,day_ahead
2017-03-30 00:00:00,38.279447585607635,price,2017-03-29 23:00:00,day_ahead
2017-03-30 01:00:00,35.090180983941586,price,2017-03-29 23:00:00,day_ahead
2017-03-30 02:00:00,33.19250002345407,price,2017-03-29 23:00:00,day_ahead
2017-03-30 03:00:00,33.594233351935344,price,2017-03-29 23:00:00,day_ahead
2017-03-30 04:00:00,36.76856970291985,price,2017-03-29 23:00:00,day_ahead
2017-03-30 05:00:00,41.90871735337982,price,2017-03-29 23:00:00,day_ahead
2017-03-30 06:00:00,47.20434862028245,price,2017-03-29 23:00:00,day_ahead
2017-03-30 07:00:00,50.98124550203328,price,2017-03-29 23:00:00,day_ahead
2017-03-30 08:00:00,52.69293949541944,price,2017-03-29 23:00:00,day_ahead
2017-03-30 09:00:00,52.90166164095888,price,2017-03-29 23:00:00,day_ahead
2017-03-30 10:00:00,52.3860029721086,price,2017-03-29 23:00:00,day_ahead
2017-03-30 11:00:00,51.35299003788164,price,2017-03-29 23:00:00,day_ahead
2017-03-30 12:00:00,49.562447521251165,price,2017-03-29 23:00:00,day_ahead
2017-03-30 13:00:00,47.16639213314406,price,2017-03-29 23:00:00,day_ahead
2017-03-30 14:00:00,45.25702452953354,price,2017-03-29 23:00:00,day_ahead
2017-03-30 15:00:00,45.352323633406684,price,2017-03-29 23:00:00,day_ahead
2017-03-30 16:00:00,48.12669520183707,price,2017-03-29 23:00:00,day_ahead
2017-03-30 17:00:00,52.54506638959771,price,2017-03-29 23:00:00,day_ahead
2017-03-30 18:00:00,56.30387366175808,price,2017-03-29 23:00:00,day_ahead
2017-03-30 19:00:00,57.32187682938422,price,2017-03-29 23:00:00,day_ahead
2017-03-30 20:00:00,55.059478883987005,price,2017-03-29 23:00:00,day_ahead
2017-03-30 21:00:00,50.60567622156578,price,2017-03-29 23:00:00,day_ahead
2017-03-30 22:00:00,45.60044505860165,price,2017-03-29 23:00:00,day_ahead
2017-03-30 23:00:00,41.07052833229457,price,2017-03-29 23:00:00,day_ahead
2017-03-31 00:00:00,31.615217550968325,price,2017-03-30 23:00:00,day_ahead
2017-03-31 01:00:00,28.53670823835447,price,2017-03-30 23:00:00,day_ahead
2017-03-31 02:00:00,26.24941915487541,price,2017-03-30 23:00:00,day_ahead
2017-03-31 03:00:00,25.941001480569934,price,2017-03-30 23:00:00,day_ahead
2017-03-31 04:00:00,28.262154899741528,price,2017-03-30 23:00:00,day_ahead
2017-03-31 05:00:00,32.52824619433582,price,2017-03-30 23:00:00,day_ahead
2017-03-31 06:00:00,37.019740774688756,price,2017-03-30 23:00:00,day_ahead
2017-03-31 07:00:00,40.15018015211953,price,2017-03-30 23:00:00,day_ahead
2017-03-31 08:00:00,41.44201902454701,price,2017-03-30 23:00:00,day_ahead
2017-03-31 09:00:00,41.47128880993283,price,2017-03-30 23:00:00,day_ahead
2017-03-31 10:00:00,40.97365236255879,price,2017-03-30 23:00:00,day_ahead
2017-03-31 11:00:00,40.100871292997645,price,2017-03-30 23:00:00,day_ahead
2017-03-31 12:00:00,38.582499001301876,price,2017-03-30 23:00:00,day_ahead
2017-03-31 13:00:00,36.53920731281926,price,2017-03-30 23:00:00,day_ahead
2017-03-31 14:00:00,34.95773056116204,price,2017-03-30 23:00:00,day_ahead
2017-03-31 15:00:00,35.146615617495,price,2017-03-30 23:00:00,day_ahead
2017-03-31 16:00:00,37.55574417447233,price,2017-03-30 23:00:00,day_ahead
2017-03-31 17:00:00,41.08522771932676,price,2017-03-30 23:00:00,day_ahead
2017-03-31 18:00:00,43.64915902884855,price,2017-03-30 23:00:00,day_ahead
2017-03-31 19:00:00,43.607343436703395,price,2017-03-30 23:00:00,day_ahead
2017-03-31 20:00:00,40.84751552402123,price,2017-03-30 23:00:00,day_ahead
2017-03-31 21:00:00,36.61163156726617,price,2017-03-30 23:00:00,day_ahead
2017-03-31 22:00:00,32.32164171005167,price,2017-03-30 23:00:00,day_ahead
2017-03-31 23:00:00,28.55045954336321,price,2017-03-30 23:00:00,day_ahead
2017-04-01 00:00:00,31.474624903703855,price,2017-03-31 23:00:00,day_ahead
2017-04-01 01:00:00,29.58931957240959,price,2017-03-31 23:00:00,day_ahead
2017-04-01 02:00:00,27.986537278635584,price,2017-03-31 23:00:00,day_ahead
2017-04-01 03:00:00,27.48067062570182,price,2017-03-31 23:00:00,day_ahead
2017-04-01 04:00:00,28.500463721765122,price,2017-03-31 23:00:00,day_ahead
2017-04-01 05:00:00,30.603270160230473,price,2017-03-31 23:00:00,day_ahead
2017-04-01 06:00:00,32.735781855427376,price,2017-03-31 23:00:00,day_ahead
2017-04-01 07:00:00,34.004162555405244,price,2017-03-31 23:00:00,day_ahead
2017-04-01 08:00:00,34.23925023547475,price,2017-03-31 23:00:00,day_ahead
2017-04-01 09:00:00,33.87435296492059,price,2017-03-31 23:00:00,day_ahead
2017-04-01 10:00:00,33.34511251822595,price,2017-03-31 23:00:00,day_ahead
2017-04-01 11:00:00,32.670225912404604,price,2017-03-31 23:00:00,day_ahead
2017-04-01 12:00:00,31.633378989398928,price,2017-03-31 23:00:00,day_ahead
2017-04-01 13:00:00,30.319075515424135,price,2017-03-31 23:00:00,day_ahead
2017-04-01 14:00:00,29.353640676190246,price,2017-03-31 23:00:00,day_ahead
2017-04-01 15:00:00,29.491184939105228,price,2017-03-31 23:00:00,day_ahead
2017-04-01 16:00:00,30.879364964475133,price,2017-03-31 23:00:00,day_ahead
2017-04-01 17:00:00,32.730965857099875,price,2017-03-31 23:00:00,day_ahead
2017-04-01 18:00:00,33.7943824812251,price,2017-03-31 23:00:00,day_ahead
2017-04-01 19:00:00,33.26268935354892,price,2017-03-31 23:00:00,day_ahead
2017-04-01 20:00:00,31.324509639628225,price,2017-03-31 23:00:00,day_ahead
2017-04-01 21:00:00,28.880421788822467,price,2017-03-31 23:00:00,day_ahead
2017-04-01 22:00:00,26.725451244580867,price,2017-03-31 23:00:00,day_ahead
2017-04-01 23:00:00,24.97943487078668,price,2017-03-31 23:00:00,day_ahead
2017-04-02 00:00:00,21.917695368739444,price,2017-04-01 23:00:00,day_ahead
2017-04-02 01:00:00,18.567299766476157,price,2017-04-01 23:00:00,day_ahead
2017-04-02 02:00:00,16.533798831367825,price,2017-04-01 23:00:00,day_ahead
2017-04-02 03:00:00,16.797112985995838,price,2017-04-01 23:00:00,day_ahead
2017-04-02 04:00:00,19.813464074488465,price,2017-04-01 23:00:00,day_ahead
2017-04-02 05:00:00,24.793221822409333,price,2017-04-01 23:00:00,day_ahead
2017-04-02 06:00:00,29.973435081812358,price,2017-04-01 23:00:00,day_ahead
2017-04-02 07:00:00,33.72784441384765,price,2017-04-01 23:00:00,day_ahead
2017-04-02 08:00:00,35.52954341491823,price,2017-04-01 23:00:00,day_ahead
2017-04-02 09:00:00,35.92875362504139,price,2017-04-01 23:00:00,day_ahead
2017-04-02 10:00:00,35.682330283258096,price,2017-04-01 23:00:00,day_ahead
2017-04-02 11:00:00,34.98771550503367,price,2017-04-01 23:00:00,day_ahead
2017-04-02 12:00:00,33.60625609748743,price,2017-04-01 23:00:00,day_ahead
2017-04-02 13:00:00,31.68163017553782,price,2017-04-01 23:00:00,day_ahead
2017-04-02 14:00:00,30.272906457843348,price,2017-04-01 23:00:00,day_ahead
2017-04-02 15:00:00,30.852900255450933,price,2017-04-01 23:00:00,day_ahead
2017-04-02 16:00:00,34.072688099430934,price,2017-04-01 23:00:00,day_ahead
2017-04-02 17:00:00,38.92002928038313,price,2017-04-01 23:00:00,day_ahead
2017-04-02 18:00:00,43.14966810806498,price,2017-04-01 23:00:00,day_ahead
2017-04-02 19:00:00,44.73388240680799,price,2017-04-01 23:00:00,day_ahead
2017-04-02 20:00:00,43.14476703321501,price,2017-04-01 23:00:00,day_ahead
2017-04-02 21:00:00,39.437501853035144,price,2017-04-01 23:00:00,day_ahead
2017-04-02 22:00:00,35.20216036452568,price,2017-04-01 23:00:00,day_ahead
2017-04-02 23:00:00,31.43280556327859,price,2017-04-01 23:00:00,day_ahead
2017-04-03 00:00:00,28.693796943364188,price,2017-04-02 23:00:00,day_ahead
2017-04-03 01:00:00,26.248556485251257,price,2017-04-02 23:00:00,day_ahead
2017-04-03 02:00:00,25.072156098230383,price,2017-04-02 23:00:00,day_ahead
2017-04-03 03:00:00,26.135845713720787,price,2017-04-02 23:00:00,day_ahead
2017-04-03 04:00:00,29.888889395371574,price,2017-04-02 23:00:00,day_ahead
2017-04-03 05:00:00,35.53737350635469,price,2017-04-02 23:00:00,day_ahead
2017-04-03 06:00:00,41.31584216525222,price,2017-04-02 23:00:00,day_ahead
2017-04-03 07:00:00,45.59566927660006,price,2017-04-02 23:00:00,day_ahead
2017-04-03 08:00:00,47.84690479426701,price,2017-04-02 23:00:00,day_ahead
2017-04-03 09:00:00,48.61655983028729,price,2017-04-02 23:00:00,day_ahead
2017-04-03 10:00:00,48.65907638184401,price,2017-04-02 23:00:00,day_ahead
2017-04-03 11:00:00,48.17056711662349,price,2017-04-02 23:00:00,day_ahead
2017-04-03 12:00:00,46.911619013393604,price,2017-04-02 23:00:00,day_ahead
2017-04-03 13:00:00,45.025357369720986,price,2017-04-02 23:00:00,day_ahead
2017-04-03 14:00:00,43.57114615355704,price,2017-04-02 23:00:00,day_ahead
2017-04-03 15:00:00,44.024219380982544,price,2017-04-02 23:00:00,day_ahead
2017-04-03 16:00:00,47.04072168613667,price,2017-04-02 23:00:00,day_ahead
2017-04-03 17:00:00,51.614929871861115,price,2017-04-02 23:00:00,day_ahead
2017-04-03 18:00:00,55.507255769513286,price,2017-04-02 23:00:00,day_ahead
2017-04-03 19:00:00,56.69327857735723,price,2017-04-02 23:00:00,day_ahead
2017-04-03 20:00:00,54.646738093564856,price,2017-04-02 23:00:00,day_ahead
2017-04-03 21:00:00,50.4252922525071,price,2017-04-02 23:00:00,day_ahead
2017-04-03 22:00:00,45.62451800499626,price,2017-04-02 23:00:00,day_ahead
2017-04-03 23:00:00,41.24701163444229,price,2017-04-02 23:00:00,day_ahead
2017-04-04 00:00:00,37.90137589418824,price,2017-04-03 23:00:00,day_ahead
2017-04-04 01:00:00,34.77054284481223,price,2017-04-03 23:00:00,day_ahead
2017-04-04 02:00:00,32.894418599174536,price,2017-04-03 23:00:00,day_ahead
2017-04-04 03:00:00,33.256283556837474,price,2017-04-03 23:00:00,day_ahead
2017-04-04 04:00:00,36.31351344695816,price,2017-04-03 23:00:00,day_ahead
2017-04-04 05:00:00,41.27363113590599,price,2017-04-03 23:00:00,day_ahead
2017-04-04 06:00:00,46.36835851208245,price,2017-04-03 23:00:00,day_ahead
2017-04-04 07:00:00,49.96789846839037,price,2017-04-03 23:00:00,day_ahead
2017-04-04 08:00:00,51.547079073286596,price,2017-04-03 23:00:00,day_ahead
2017-04-04 09:00:00,51.662669754387096,price,2017-04-03 23:00:00,day_ahead
2017-04-04 10:00:00,51.07892543864605,price,2017-04-03 23:00:00,day_ahead
2017-04-04 11:00:00,49.997868331740605,price,2017-04-03 23:00:00,day_ahead
2017-04-04 12:00:00,48.182749317220555,price,2017-04-03 23:00:00,day_ahead
2017-04-04 13:00:00,45.78018450060645,price,2017-04-03 23:00:00,day_ahead
2017-04-04 14:00:00,43.856590714718884,price,2017-04-03 23:00:00,day_ahead
2017-04-04 15:00:00,43.89578222279818,price,2017-04-03 23:00:00,day_ahead
2017-04-04 16:00:00,46.558669834001236,price,2017-04-03 23:00:00,day_ahead
2017-04-04 17:00:00,50.83688224487577,price,2017-04-03 23:00:00,day_ahead
2017-04-04 18:00:00,54.482613710467824,price,2017-04-03 23:00:00,day_ahead
2017-04-04 19:00:00,55.4636298638352,price,2017-04-03 23:00:00,day_ahead
2017-04-04 20:00:00,53.25123876180497,price,2017-04-03 23:00:00,day_ahead
2017-04-04 21:00:00,48.905991604061754,price,2017-04-03 23:00:00,day_ahead
2017-04-04 22:00:00,44.02738296655605,price,2017-04-03 23:00:00,day_ahead
2017-04-04 23:00:00,39.61898151660965,price,2017-04-03 23:00:00,day_ahead
2017-04-05 00:00:00,35.641630405413,price,2017-04-04 23:00:00,day_ahead
2017-04-05 01:00:00,32.63485105059517,price,2017-04-04 23:00:00,day_ahead
2017-04-05 02:00:00,30.898150945804876,price,2017-04-04 23:00:00,day_ahead
2017-04-05 03:00:00,31.400169177158315,price,2017-04-04 23:00:00,day_ahead
2017-04-05 04:00:00,34.58826509192571,price,2017-04-04 23:00:00,day_ahead
2017-04-05 05:00:00,39.67423155713977,price,2017-04-04 23:00:00,day_ahead
2017-04-05 06:00:00,44.90756538216727,price,2017-04-04 23:00:00,day_ahead
2017-04-05 07:00:00,48.67763652141613,price,2017-04-04 23:00:00,day_ahead
2017-04-05 08:00:00,50.466743426389236,price,2017-04-04 23:00:00,day_ahead
2017-04-05 09:00:00,50.824658749121596,price,2017-04-04 23:00:00,day_ahead
2017-04-05 10:00:00,50.5026992310621,price,2017-04-04 23:00:00,day_ahead
2017-04-05 11:00:00,49.69379193796538,price,2017-04-04 23:00:00,day_ahead
2017-04-05 12:00:00,48.15652893402506,price,2017-04-04 23:00:00,day_ahead
2017-04-05 13:00:00,46.028899080745894,price,2017-04-04 23:00:00,day_ahead
2017-04-05 14:00:00,44.35819053972963,price,2017-04-04 23:00:00,day_ahead
2017-04-05 15:00:00,44.604125223521066,price,2017-04-04 23:00:00,day_ahead
2017-04-05 16:00:00,47.41432862220411,price,2017-04-04 23:00:00,day_ahead
2017-04-05 17:00:00,51.790481405696774,price,2017-04-04 23:00:00,day_ahead
2017-04-05 18:00:00,55.51476298060081,price,2017-04-04 23:00:00,day_ahead
2017-04-05 19:00:00,56.58616310024617,price,2017-04-04 23:00:00,day_ahead
2017-04-05 20:00:00,54.48873614183121,price,2017-04-04 23:00:00,day_ahead
2017-04-05 21:00:00,50.271820734631895,price,2017-04-04 23:00:00,day_ahead
2017-04-05 22:00:00,45.51113089435299,price,2017-04-04 23:00:00,day_ahead
2017-04-05 23:00:00,41.19049091732836,price,2017-04-04 23:00:00,day_ahead
2017-04-06 00:00:00,36.72380730993696,price,2017-04-05 23:00:00,day_ahead
2017-04-06 01:00:00,33.70510864483361,price,2017-04-05 23:00:00,day_ahead
2017-04-06 02:00:00,31.922577740177914,price,2017-04-05 23:00:00,day_ahead
2017-04-06 03:00:00,32.34003551744443,price,2017-04-05 23:00:00,day_ahead
2017-04-06 04:00:00,35.40373231613463,price,2017-04-05 23:00:00,day_ahead
2017-04-06 05:00:00,40.33213000094026,price,2017-04-05 23:00:00,day_ahead
2017-04-06 06:00:00,45.387980259882035,price,2017-04-05 23:00:00,day_ahead
2017-04-06 07:00:00,48.97459386860922,price,2017-04-05 23:00:00,day_ahead
2017-04-06 08:00:00,50.58323502498575,price,2017-04-05 23:00:00,day_ahead
2017-04-06 09:00:00,50.76669508181462,price,2017-04-05 23:00:00,day_ahead
2017-04-06 10:00:00,50.27675954032048,price,2017-04-05 23:00:00,day_ahead
2017-04-06 11:00:00,49.30759648120258,price,2017-04-05 23:00:00,day_ahead
2017-04-06 12:00:00,47.61932412960138,price,2017-04-05 23:00:00,day_ahead
2017-04-06 13:00:00,45.34842800821296,price,2017-04-05 23:00:00,day_ahead
2017-04-06 14:00:00,43.5362091776748,price,2017-04-05 23:00:00,day_ahead
2017-04-06 15:00:00,43.63563260008603,price,2017-04-05 23:00:00,day_ahead
2017-04-06 16:00:00,46.293640763365325,price,2017-04-05 23:00:00,day_ahead
2017-04-06 17:00:00,50.52127500774317,price,2017-04-05 23:00:00,day_ahead
2017-04-06 18:00:00,54.11688179154966,price,2017-04-05 23:00:00,day_ahead
2017-04-06 19:00:00,55.09374852395641,price,2017-04-05 23:00:00,day_ahead
2017-04-06 20:00:00,52.94087384068522,price,2017-04-05 23:00:00,day_ahead
2017-04-06 21:00:00,48.70249027983019,price,2017-04-05 23:00:00,day_ahead
2017-04-06 22:00:00,43.94484201242706,price,2017-04-05 23:00:00,day_ahead
2017-04-06 23:00:00,39.64428067672007,price,2017-04-05 23:00:00,day_ahead
2017-04-07 00:00:00,35.19101245412319,price,2017-04-06 23:00:00,day_ahead
2017-04-07 01:00:00,32.23516348894567,price,2017-04-06 23:00:00,day_ahead
2017-04-07 02:00:00,30.514751631468368,price,2017-04-06 23:00:00,day_ahead
2017-04-07 03:00:00,30.97521893567856,price,2017-04-06 23:00:00,day_ahead
2017-04-07 04:00:00,34.04981472497808,price,2017-04-06 23:00:00,day_ahead
2017-04-07 05:00:00,38.96225108116957,price,2017-04-06 23:00:00,day_ahead
2017-04-07 06:00:00,43.99722643040168,price,2017-04-06 23:00:00,day_ahead
2017-04-07 07:00:00,47.58123058798206,price,2017-04-06 23:00:00,day_ahead
2017-04-07 08:00:00,49.214398318674476,price,2017-04-06 23:00:00,day_ahead
2017-04-07 09:00:00,49.441845853195545,price,2017-04-06 23:00:00,day_ahead
2017-04-07 10:00:00,49.00209293669585,price,2017-04-06 23:00:00,day_ahead
2017-04-07 11:00:00,48.08177263500384,price,2017-04-06 23:00:00,day_ahead
2017-04-07 12:00:00,46.43896214701152,price,2017-04-06 23:00:00,day_ahead
2017-04-07 13:00:00,44.20323800049541,price,2017-04-06 23:00:00,day_ahead
2017-04-07 14:00:00,42.396901943192084,price,2017-04-06 23:00:00,day_ahead
2017-04-07 15:00:00,42.44874592873388,price,2017-04-06 23:00:00,day_ahead
2017-04-07 16:00:00,44.99383406470189,price,2017-04-06 23:00:00,day_ahead
2017-04-07 17:00:00,49.055782068226996,price,2017-04-06 23:00:00,day_ahead
2017-04-07 18:00:00,52.46387790738352,price,2017-04-06 23:00:00,day_ahead
2017-04-07 19:00:00,53.2595886753789,price,2017-04-06 23:00:00,day_ahead
2017-04-07 20:00:00,50.93838907092068,price,2017-04-06 23:00:00,day_ahead
2017-04-07 21:00:00,46.528002767535085,price,2017-04-06 23:00:00,day_ahead
2017-04-07 22:00:00,41.57098191307764,price,2017-04-06 23:00:00,day_ahead
2017-04-07 23:00:00,37.03010573482447,price,2017-04-06 23:00:00,day_ahead
2017-04-08 00:00:00,33.19826789031092,price,2017-04-07 23:00:00,day_ahead
2017-04-08 01:00:00,29.858592381618507,price,2017-04-07 23:00:00,day_ahead
2017-04-08 02:00:00,27.731162968626716,price,2017-04-07 23:00:00,day_ahead
2017-04-08 03:00:00,27.766188333923363,price,2017-04-07 23:00:00,day_ahead
2017-04-08 04:00:00,30.396375891299076,price,2017-04-07 23:00:00,day_ahead
2017-04-08 05:00:00,34.84205612154632,price,2017-04-07 23:00:00,day_ahead
2017-04-08 06:00:00,39.38647465292152,price,2017-04-07 23:00:00,day_ahead
2017-04-08 07:00:00,42.45971896590683,price,2017-04-07 23:00:00,day_ahead
2017-04-08 08:00:00,43.56973729743062,price,2017-04-07 23:00:00,day_ahead
2017-04-08 09:00:00,43.27012345065674,price,2017-04-07 23:00:00,day_ahead
2017-04-08 10:00:00,42.3056519059155,price,2017-04-07 23:00:00,day_ahead
2017-04-08 11:00:00,40.86704602941318,price,2017-04-07 23:00:00,day_ahead
2017-04-08 12:00:00,38.71655796258092,price,2017-04-07 23:00:00,day_ahead
2017-04-08 13:00:00,35.98977688439463,price,2017-04-07 23:00:00,day_ahead
2017-04-08 14:00:00,33.71633537668093,price,2017-04-07 23:00:00,day_ahead
2017-04-08 15:00:00,33.331683257336095,price,2017-04-07 23:00:00,day_ahead
2017-04-08 16:00:00,35.47569967659989,price,2017-04-07 23:00:00,day_ahead
2017-04-08 17:00:00,39.17584677691887,price,2017-04-07 23:00:00,day_ahead
2017-04-08 18:00:00,42.26605886066428,price,2017-04-07 23:00:00,day_ahead
2017-04-08 19:00:00,42.79370051283318,price,2017-04-07 23:00:00,day_ahead
2017-04-08 20:00:00,40.2597648527752,price,2017-04-07 23:00:00,day_ahead
2017-04-08 21:00:00,35.695090597773856,price,2017-04-07 23:00:00,day_ahead
2017-04-08 22:00:00,30.64299142430345,price,2017-04-07 23:00:00,day_ahead
2017-04-08 23:00:00,26.06732010648241,price,2017-04-07 23:00:00,day_ahead
2017-04-09 00:00:00,23.108055148661002,price,2017-04-08 23:00:00,day_ahead
2017-04-09 01:00:00,19.859664700665117,price,2017-04-08 23:00:00,day_ahead
2017-04-09 02:00:00,17.902756788205597,price,2017-04-08 23:00:00,day_ahead
2017-04-09 03:00:00,18.194835685987492,price,2017-04-08 23:00:00,day_ahead
2017-04-09 04:00:00,21.170165690284634,price,2017-04-08 23:00:00,day_ahead
2017-04-09 05:00:00,26.043045433868,price,2017-04-08 23:00:00,day_ahead
2017-04-09 06:00:00,31.08661835291845,price,2017-04-08 23:00:00,day_ahead
2017-04-09 07:00:00,34.7226800923976,price,2017-04-08 23:00:00,day_ahead
2017-04-09 08:00:00,36.455814372917054,price,2017-04-08 23:00:00,day_ahead
2017-04-09 09:00:00,36.83922947882908,price,2017-04-08 23:00:00,day_ahead
2017-04-09 10:00:00,36.61590527193618,price,2017-04-08 23:00:00,day_ahead
2017-04-09 11:00:00,35.971288883969166,price,2017-04-08 23:00:00,day_ahead
2017-04-09 12:00:00,34.661147904847375,price,2017-04-08 23:00:00,day_ahead
2017-04-09 13:00:00,32.81727903861788,price,2017-04-08 23:00:00,day_ahead
2017-04-09 14:00:00,31.469115109558185,price,2017-04-08 23:00:00,day_ahead
2017-04-09 15:00:00,32.05170506597187,price,2017-04-08 23:00:00,day_ahead
2017-04-09 16:00:00,35.19901694278368,price,2017-04-08 23:00:00,day_ahead
2017-04-09 17:00:00,39.925345954999884,price,2017-04-08 23:00:00,day_ahead
2017-04-09 18:00:00,44.04801644422568,price,2017-04-08 23:00:00,day_ahead
2017-04-09 19:00:00,45.60057812291777,price,2017-04-08 23:00:00,day_ahead
2017-04-09 20:00:00,44.076361009702616,price,2017-04-08 23:00:00,day_ahead
2017-04-09 21:00:00,40.50274189692697,price,2017-04-08 23:00:00,day_ahead
2017-04-09 22:00:00,36.419150782271196,price,2017-04-08 23:00:00,day_ahead
2017-04-09 23:00:00,32.782733408969044,price,2017-04-08 23:00:00,day_ahead
2017-04-10 00:00:00,30.542618907548416,price,2017-04-09 23:00:00,day_ahead
2017-04-10 01:00:00,28.204986884610726,price,2017-04-09 23:00:00,day_ahead
2017-04-10 02:00:00,27.095443177400846,price,2017-04-09 23:00:00,day_ahead
2017-04-10 03:00:00,28.158889603629717,price,2017-04-09 23:00:00,day_ahead
2017-04-10 04:00:00,31.824886576287643,price,2017-04-09 23:00:00,day_ahead
2017-04-10 05:00:00,37.311919655445706,price,2017-04-09 23:00:00,day_ahead
2017-04-10 06:00:00,42.90156234468551,price,2017-04-09 23:00:00,day_ahead
2017-04-10 07:00:00,47.02131714626317,price,2017-04-09 23:00:00,day_ahead
2017-04-10 08:00:00,49.1749519731564,price,2017-04-09 23:00:00,day_ahead
2017-04-10 09:00:00,49.910288019888824,price,2017-04-09 23:00:00,day_ahead
2017-04-10 10:00:00,49.96538290177894,price,2017-04-09 23:00:00,day_ahead
2017-04-10 11:00:00,49.52414082664461,price,2017-04-09 23:00:00,day_ahead
2017-04-10 12:00:00,48.34234597064209,price,2017-04-09 23:00:00,day_ahead
2017-04-10 13:00:00,46.549308986887645,price,2017-04-09 23:00:00,day_ahead
2017-04-10 14:00:00,45.168177144479664,price,2017-04-09 23:00:00,day_ahead
2017-04-10 15:00:00,45.627776347339676,price,2017-04-09 23:00:00,day_ahead
2017-04-10 16:00:00,48.5621227773382,price,2017-04-09 23:00:00,day_ahead
2017-04-10 17:00:00,52.99489771801305,price,2017-04-09 23:00:00,day_ahead
2017-04-10 18:00:00,56.759102342090785,price,2017-04-09 23:00:00,day_ahead
2017-04-10 19:00:00,57.903435055353675,price,2017-04-09 23:00:00,day_ahead
2017-04-10 20:00:00,55.930643807575834,price,2017-04-09 23:00:00,day_ahead
2017-04-10 21:00:00,51.87161539613359,price,2017-04-09 23:00:00,day_ahead
2017-04-10 22:00:00,47.266813666113066,price,2017-04-09 23:00:00,day_ahead
2017-04-10 23:00:00,43.0747172951709,price,2017-04-09 23:00:00,day_ahead
2017-04-11 00:00:00,39.69109820182041,price,2017-04-10 23:00:00,day_ahead
2017-04-11 01:00:00,36.71673773488142,price,2017-04-10 23:00:00,day_ahead
2017-04-11 02:00:00,34.94514753984437,price,2017-04-10 23:00:00,day_ahead
2017-04-11 03:00:00,35.326131882233646,price,2017-04-10 23:00:00,day_ahead
2017-04-11 04:00:00,38.29493215940965,price,2017-04-10 23:00:00,day_ahead
2017-04-11 05:00:00,43.07801999497077,price,2017-04-10 23:00:00,day_ahead
2017-04-11 06:00:00,47.967208302629864,price,2017-04-10 23:00:00,day_ahead
2017-04-11 07:00:00,51.40053908409057,price,2017-04-10 23:00:00,day_ahead
2017-04-11 08:00:00,52.8903430489536,price,2017-04-10 23:00:00,day_ahead
2017-04-11 09:00:00,52.99029613045841,price,2017-04-10 23:00:00,day_ahead
2017-04-11 10:00:00,52.442681051967575,price,2017-04-10 23:00:00,day_ahead
2017-04-11 11:00:00,51.43533725749487,price,2017-04-10 23:00:00,day_ahead
2017-04-11 12:00:00,49.72763797816426,price,2017-04-10 23:00:00,day_ahead
2017-04-11 13:00:00,47.450761810538694,price,2017-04-10 23:00:00,day_ahead
2017-04-11 14:00:00,45.62714239957463,price,2017-04-10 23:00:00,day_ahead
2017-04-11 15:00:00,45.683633413689236,price,2017-04-10 23:00:00,day_ahead
2017-04-11 16:00:00,48.25408479732212,price,2017-04-10 23:00:00,day_ahead
2017-04-11 17:00:00,52.366148964074476,price,2017-04-10 23:00:00,day_ahead
2017-04-11 18:00:00,55.86021832505109,price,2017-04-10 23:00:00,day_ahead
2017-04-11 19:00:00,56.79214126335209,price,2017-04-10 23:00:00,day_ahead
2017-04-11 20:00:00,54.667603021274985,price,2017-04-10 23:00:00,day_ahead
2017-04-11 21:00:00,50.51485859122329,price,2017-04-10 23:00:00,day_ahead
2017-04-11 22:00:00,45.86812213629928,price,2017-04-10 23:00:00,day_ahead
2017-04-11 23:00:00,41.67926419375647,price,2017-04-10 23:00:00,day_ahead
2017-04-12 00:00:00,38.043881313942606,price,2017-04-11 23:00:00,day_ahead
2017-04-12 01:00:00,35.13523611719403,price,2017-04-11 23:00:00,day_ahead
2017-04-12 02:00:00,33.46886658547985,price,2017-04-11 23:00:00,day_ahead
2017-04-12 03:00:00,33.98972199953057,price,2017-04-11 23:00:00,day_ahead
2017-04-12 04:00:00,37.125494978279846,price,2017-04-11 23:00:00,day_ahead
2017-04-12 05:00:00,42.09577826853176,price,2017-04-11 23:00:00,day_ahead
2017-04-12 06:00:00,47.18848280746956,price,2017-04-11 23:00:00,day_ahead
2017-04-12 07:00:00,50.840168986769626,price,2017-04-11 23:00:00,day_ahead
2017-04-12 08:00:00,52.56162102537448,price,2017-04-11 23:00:00,day_ahead
2017-04-12 09:00:00,52.90300183719053,price,2017-04-11 23:00:00,day_ahead
2017-04-12 10:00:00,52.60135610185515,price,2017-04-11 23:00:00,day_ahead
2017-04-12 11:00:00,51.839204706080395,price,2017-04-11 23:00:00,day_ahead
2017-04-12 12:00:00,50.371592911223615,price,2017-04-11 23:00:00,day_ahead
2017-04-12 13:00:00,48.325867087285914,price,2017-04-11 23:00:00,day_ahead
2017-04-12 14:00:00,46.7200626350439,price,2017-04-11 23:00:00,day_ahead
2017-04-12 15:00:00,46.97619961474972,price,2017-04-11 23:00:00,day_ahead
2017-04-12 16:00:00,49.72458799668442,price,2017-04-11 23:00:00,day_ahead
2017-04-12 17:00:00,53.99233011357323,price,2017-04-11 23:00:00,day_ahead
2017-04-12 18:00:00,57.62184192812801,price,2017-04-11 23:00:00,day_ahead
2017-04-12 19:00:00,58.67080946047409,price,2017-04-11 23:00:00,day_ahead
2017-04-12 20:00:00,56.64367261179649,price,2017-04-11 23:00:00,day_ahead
2017-04-12 21:00:00,52.56405572945854,price,2017-04-11 23:00:00,day_ahead
2017-04-12 22:00:00,47.961047770507065,price,2017-04-11 23:00:00,day_ahead
2017-04-12 23:00:00,43.784663990125864,price,2017-04-11 23:00:00,day_ahead
2017-04-13 00:00:00,40.43911575330451,price,2017-04-12 23:00:00,day_ahead
2017-04-13 01:00:00,37.46430370432201,price,2017-04-12 23:00:00,day_ahead
2017-04-13 02:00:00,35.724671736092986,price,2017-04-12 23:00:00,day_ahead
2017-04-13 03:00:00,36.17346389179779,price,2017-04-12 23:00:00,day_ahead
2017-04-13 04:00:00,39.24304406503282,price,2017-04-12 23:00:00,day_ahead
2017-04-13 05:00:00,44.14733928573492,price,2017-04-12 23:00:00,day_ahead
2017-04-13 06:00:00,49.15986029781124,price,2017-04-12 23:00:00,day_ahead
2017-04-13 07:00:00,52.7039524433582,price,2017-04-12 23:00:00,day_ahead
2017-04-13 08:00:00,54.28791203336983,price,2017-04-12 23:00:00,day_ahead
2017-04-13 09:00:00,54.470557794785464,price,2017-04-12 23:00:00,day_ahead
2017-04-13 10:00:00,54.00016942553954,price,2017-04-12 23:00:00,day_ahead
2017-04-13 11:00:00,53.064578194356116,price,2017-04-12 23:00:00,day_ahead
2017-04-13 12:00:00,51.41855086449567,price,2017-04-12 23:00:00,day_ahead
2017-04-13 13:00:00,49.19211644682524,price,2017-04-12 23:00:00,day_ahead
2017-04-13 14:00:00,47.415975605398756,price,2017-04-12 23:00:00,day_ahead
2017-04-13 15:00:00,47.53119459652883,price,2017-04-12 23:00:00,day_ahead
2017-04-13 16:00:00,50.18048627406253,price,2017-04-12 23:00:00,day_ahead
2017-04-13 17:00:00,54.38549326969451,price,2017-04-12 23:00:00,day_ahead
2017-04-13 18:00:00,57.9668090255168,price,2017-04-12 23:00:00,day_ahead
2017-04-13 19:00:00,58.95820110657088,price,2017-04-12 23:00:00,day_ahead
2017-04-13 20:00:00,56.85383515415399,price,2017-04-12 23:00:00,day_ahead
2017-04-13 21:00:00,52.68547880348549,price,2017-04-12 23:00:00,day_ahead
2017-04-13 22:00:00,48.000138626724414,price,2017-04-12 23:00:00,day_ahead
2017-04-13 23:00:00,43.76252766453501,price,2017-04-12 23:00:00,day_ahead
2017-04-14 00:00:00,40.29697343001977,price,2017-04-13 23:00:00,day_ahead
2017-04-14 01:00:00,37.37419323935261,price,2017-04-13 23:00:00,day_ahead
2017-04-14 02:00:00,35.68318453954966,price,2017-04-13 23:00:00,day_ahead
2017-04-14 03:00:00,36.170406420892405,price,2017-04-13 23:00:00,day_ahead
2017-04-14 04:00:00,39.263153005246934,price,2017-04-13 23:00:00,day_ahead
2017-04-14 05:00:00,44.17886491299634,price,2017-04-13 23:00:00,day_ahead
2017-04-14 06:00:00,49.20359572956632,price,2017-04-13 23:00:00,day_ahead
2017-04-14 07:00:00,52.77422814266366,price,2017-04-13 23:00:00,day_ahead
2017-04-14 08:00:00,54.4038140024793,price,2017-04-13 23:00:00,day_ahead
2017-04-14 09:00:00,54.644500777425655,price,2017-04-13 23:00:00,day_ahead
2017-04-14 10:00:00,54.23294150268916,price,2017-04-13 23:00:00,day_ahead
2017-04-14 11:00:00,53.34898361216342,price,2017-04-13 23:00:00,day_ahead
2017-04-14 12:00:00,51.74494211834004,price,2017-04-13 23:00:00,day_ahead
2017-04-14 13:00:00,49.547602901434814,price,2017-04-13 23:00:00,day_ahead
2017-04-14 14:00:00,47.7767155368039,price,2017-04-13 23:00:00,day_ahead
2017-04-14 15:00:00,47.856222651814306,price,2017-04-13 23:00:00,day_ahead
2017-04-14 16:00:00,50.416371487429046,price,2017-04-13 23:00:00,day_ahead
2017-04-14 17:00:00,54.482000723014394,price,2017-04-13 23:00:00,day_ahead
2017-04-14 18:00:00,57.892933886444816,price,2017-04-13 23:00:00,day_ahead
2017-04-14 19:00:00,58.70595764602402,price,2017-04-13 23:00:00,day_ahead
2017-04-14 20:00:00,56.4264656943379,price,2017-04-13 23:00:00,day_ahead
2017-04-14 21:00:00,52.07911027728016,price,2017-04-13 23:00:00,day_ahead
2017-04-14 22:00:00,47.19225918725567,price,2017-04-13 23:00:00,day_ahead
2017-04-14 23:00:00,42.71351212751566,price,2017-04-13 23:00:00,day_ahead
2017-04-15 00:00:00,38.17648319106857,price,2017-04-14 23:00:00,day_ahead
2017-04-15 01:00:00,34.935964743977884,price,2017-04-14 23:00:00,day_ahead
2017-04-15 02:00:00,32.882376184342476,price,2017-04-14 23:00:00,day_ahead
2017-04-15 03:00:00,32.94667072018045,price,2017-04-14 23:00:00,day_ahead
2017-04-15 04:00:00,35.550910387124674,price,2017-04-14 23:00:00,day_ahead
2017-04-15 05:00:00,39.928369857368835,price,2017-04-14 23:00:00,day_ahead
2017-04-15 06:00:00,44.396069251443095,price,2017-04-14 23:00:00,day_ahead
2017-04-15 07:00:00,47.41864281704508,price,2017-04-14 23:00:00,day_ahead
2017-04-15 08:00:00,48.51912933977241,price,2017-04-14 23:00:00,day_ahead
2017-04-15 09:00:00,48.243509617639766,price,2017-04-14 23:00:00,day_ahead
2017-04-15 10:00:00,47.32054640589843,price,2017-04-14 23:00:00,day_ahead
2017-04-15 11:00:00,45.93246699464393,price,2017-04-14 23:00:00,day_ahead
2017-04-15 12:00:00,43.842146536553045,price,2017-04-14 23:00:00,day_ahead
2017-04-15 13:00:00,41.182514558296184,price,2017-04-14 23:00:00,day_ahead
2017-04-15 14:00:00,38.96679221214523,price,2017-04-14 23:00:00,day_ahead
2017-04-15 15:00:00,38.60642501315826,price,2017-04-14 23:00:00,day_ahead
2017-04-15 16:00:00,40.72988032403536,price,2017-04-14 23:00:00,day_ahead
2017-04-15 17:00:00,44.38142000013385,price,2017-04-14 23:00:00,day_ahead
2017-04-15 18:00:00,47.43435995778961,price,2017-04-14 23:00:00,day_ahead
2017-04-15 19:00:00,47.97331064128813,price,2017-04-14 23:00:00,day_ahead
2017-04-15 20:00:00,45.51055236226274,price,2017-04-14 23:00:00,day_ahead
2017-04-15 21:00:00,41.058747392436146,price,2017-04-14 23:00:00,day_ahead
2017-04-15 22:00:00,36.131267914522816,price,2017-04-14 23:00:00,day_ahead
2017-04-15 23:00:00,31.671386917847286,price,2017-04-14 23:00:00,day_ahead
2017-04-16 00:00:00,27.82082874488379,price,2017-04-15 23:00:00,day_ahead
2017-04-16 01:00:00,24.688001539836595,price,2017-04-15 23:00:00,day_ahead
2017-04-16 02:00:00,22.81319764642566,price,2017-04-15 23:00:00,day_ahead
2017-04-16 03:00:00,23.123709294526392,price,2017-04-15 23:00:00,day_ahead
2017-04-16 04:00:00,26.037837443322864,price,2017-04-15 23:00:00,day_ahead
2017-04-16 05:00:00,30.789265125483137,price,2017-04-15 23:00:00,day_ahead
2017-04-16 06:00:00,35.69956349724602,price,2017-04-15 23:00:00,day_ahead
2017-04-16 07:00:00,39.23778938390282,price,2017-04-15 23:00:00,day_ahead
2017-04-16 08:00:00,40.926848749475226,price,2017-04-15 23:00:00,day_ahead
2017-04-16 09:00:00,41.307443793812304,price,2017-04-15 23:00:00,day_ahead
2017-04-16 10:00:00,41.101183353592305,price,2017-04-15 23:00:00,day_ahead
2017-04-16 11:00:00,40.48467904756502,price,2017-04-15 23:00:00,day_ahead
2017-04-16 12:00:00,39.216799538802604,price,2017-04-15 23:00:00,day_ahead
2017-04-16 13:00:00,37.42515246485447,price,2017-04-15 23:00:00,day_ahead
2017-04-16 14:00:00,36.11412380001355,price,2017-04-15 23:00:00,day_ahead
2017-04-16 15:00:00,36.68441017518193,price,2017-04-15 23:00:00,day_ahead
2017-04-16 16:00:00,39.756203378511415,price,2017-04-15 23:00:00,day_ahead
2017-04-16 17:00:00,44.3708192540259,price,2017-04-15 23:00:00,day_ahead
2017-04-16 18:00:00,48.401976408716315,price,2017-04-15 23:00:00,day_ahead
2017-04-16 19:00:00,49.9324680248226,price,2017-04-15 23:00:00,day_ahead
2017-04-16 20:00:00,48.46628717519501,price,2017-04-15 23:00:00,day_ahead
2017-04-16 21:00:00,45.00235453877242,price,2017-04-15 23:00:00,day_ahead
2017-04-16 22:00:00,41.04026546862114,price,2017-04-15 23:00:00,day_ahead
2017-04-16 23:00:00,37.51437611010561,price,2017-04-15 23:00:00,day_ahead
2017-04-17 00:00:00,34.789964148490654,price,2017-04-16 23:00:00,day_ahead
2017-04-17 01:00:00,32.51992088711548,price,2017-04-16 23:00:00,day_ahead
2017-04-17 02:00:00,31.456303426018856,price,2017-04-16 23:00:00,day_ahead
2017-04-17 03:00:00,32.51529258362162,price,2017-04-16 23:00:00,day_ahead
2017-04-17 04:00:00,36.109376456337905,price,2017-04-16 23:00:00,day_ahead
2017-04-17 05:00:00,41.47319793707598,price,2017-04-16 23:00:00,day_ahead
2017-04-17 06:00:00,46.932295552423255,price,2017-04-16 23:00:00,day_ahead
2017-04-17 07:00:00,50.95699956658174,price,2017-04-16 23:00:00,day_ahead
2017-04-17 08:00:00,53.066270177892996,price,2017-04-16 23:00:00,day_ahead
2017-04-17 09:00:00,53.794266493796535,price,2017-04-16 23:00:00,day_ahead
2017-04-17 10:00:00,53.85823627113374,price,2017-04-16 23:00:00,day_ahead
2017-04-17 11:00:00,53.43469106798093,price,2017-04-16 23:00:00,day_ahead
2017-04-17 12:00:00,52.28419786196451,price,2017-04-16 23:00:00,day_ahead
2017-04-17 13:00:00,50.53381442183373,price,2017-04-16 23:00:00,day_ahead
2017-04-17 14:00:00,49.1841650344296,price,2017-04-16 23:00:00,day_ahead
2017-04-17 15:00:00,49.6326285577487,price,2017-04-16 23:00:00,day_ahead
2017-04-17 16:00:00,52.501502213610586,price,2017-04-16 23:00:00,day_ahead
2017-04-17 17:00:00,56.8409920425265,price,2017-04-16 23:00:00,day_ahead
2017-04-17 18:00:00,60.536571509769296,price,2017-04-16 23:00:00,day_ahead
2017-04-17 19:00:00,61.679807465125,price,2017-04-16 23:00:00,day_ahead
2017-04-17 20:00:00,59.77788490017835,price,2017-04-16 23:00:00,day_ahead
2017-04-17 21:00:00,55.82997246415084,price,2017-04-16 23:00:00,day_ahead
2017-04-17 22:00:00,51.33782109858014,price,2017-04-16 23:00:00,day_ahead
2017-04-17 23:00:00,47.24198625289356,price,2017-04-16 23:00:00,day_ahead
2017-04-18 00:00:00,43.50465477547106,price,2017-04-17 23:00:00,day_ahead
2017-04-18 01:00:00,40.63890948418623,price,2017-04-17 23:00:00,day_ahead
2017-04-18 02:00:00,38.94303499574103,price,2017-04-17 23:00:00,day_ahead
2017-04-18 03:00:00,39.32883554409171,price,2017-04-17 23:00:00,day_ahead
2017-04-18 04:00:00,42.211902428257254,price,2017-04-17 23:00:00,day_ahead
2017-04-18 05:00:00,46.843168707882924,price,2017-04-17 23:00:00,day_ahead
2017-04-18 06:00:00,51.573490501983805,price,2017-04-17 23:00:00,day_ahead
2017-04-18 07:00:00,54.896180204122174,price,2017-04-17 23:00:00,day_ahead
2017-04-18 08:00:00,56.34188183524949,price,2017-04-17 23:00:00,day_ahead
2017-04-18 09:00:00,56.44578893956822,price,2017-04-17 23:00:00,day_ahead
2017-04-18 10:00:00,55.92365146053636,price,2017-04-17 23:00:00,day_ahead
2017-04-18 11:00:00,54.954456472264944,price,2017-04-17 23:00:00,day_ahead
2017-04-18 12:00:00,53.30346784493779,price,2017-04-17 23:00:00,day_ahead
2017-04-18 13:00:00,51.0972800644122,price,2017-04-17 23:00:00,day_ahead
2017-04-18 14:00:00,49.32709412267802,price,2017-04-17 23:00:00,day_ahead
2017-04-18 15:00:00,49.37785007513174,price,2017-04-17 23:00:00,day_ahead
2017-04-18 16:00:00,51.86830956252934,price,2017-04-17 23:00:00,day_ahead
2017-04-18 17:00:00,55.86121945822321,price,2017-04-17 23:00:00,day_ahead
2017-04-18 18:00:00,59.26562004411642,price,2017-04-17 23:00:00,day_ahead
2017-04-18 19:00:00,60.19362666756558,price,2017-04-17 23:00:00,day_ahead
2017-04-18 20:00:00,58.15818235388959,price,2017-04-17 23:00:00,day_ahead
2017-04-18 21:00:00,54.14889529135185,price,2017-04-17 23:00:00,day_ahead
2017-04-18 22:00:00,49.65201292178377,price,2017-04-17 23:00:00,day_ahead
2017-04-18 23:00:00,45.59621618970532,price,2017-04-17 23:00:00,day_ahead
2017-04-19 00:00:00,41.06116201242854,price,2017-04-18 23:00:00,day_ahead
2017-04-19 01:00:00,38.30793378904795,price,2017-04-18 23:00:00,day_ahead
2017-04-19 02:00:00,36.74304290202384,price,2017-04-18 23:00:00,day_ahead
2017-04-19 03:00:00,37.26076514370591,price,2017-04-18 23:00:00,day_ahead
2017-04-19 04:00:00,40.26488604330451,price,2017-04-18 23:00:00,day_ahead
2017-04-19 05:00:00,45.011242037989994,price,2017-04-18 23:00:00,day_ahead
2017-04-19 06:00:00,49.87010507121825,price,2017-04-18 23:00:00,day_ahead
2017-04-19 07:00:00,53.354145722503006,price,2017-04-18 23:00:00,day_ahead
2017-04-19 08:00:00,54.99925890703647,price,2017-04-18 23:00:00,day_ahead
2017-04-19 09:00:00,55.3304752138744,price,2017-04-18 23:00:00,day_ahead
2017-04-19 10:00:00,55.04894892412297,price,2017-04-18 23:00:00,day_ahead
2017-04-19 11:00:00,54.325628339278545,price,2017-04-18 23:00:00,day_ahead
2017-04-19 12:00:00,52.92399006457172,price,2017-04-18 23:00:00,day_ahead
2017-04-19 13:00:00,50.96486882184748,price,2017-04-18 23:00:00,day_ahead
2017-04-19 14:00:00,49.42225344308666,price,2017-04-18 23:00:00,day_ahead
2017-04-19 15:00:00,49.65837514038487,price,2017-04-18 23:00:00,day_ahead
2017-04-19 16:00:00,52.2801575733926,price,2017-04-18 23:00:00,day_ahead
2017-04-19 17:00:00,56.3613276046742,price,2017-04-18 23:00:00,day_ahead
2017-04-19 18:00:00,59.839754784334446,price,2017-04-18 23:00:00,day_ahead
2017-04-19 19:00:00,60.85477530773659,price,2017-04-18 23:00:00,day_ahead
2017-04-19 20:00:00,58.92679660708118,price,2017-04-18 23:00:00,day_ahead
2017-04-19 21:00:00,55.03098381779469,price,2017-04-18 23:00:00,day_ahead
2017-04-19 22:00:00,50.63117967029571,price,2017-04-18 23:00:00,day_ahead
2017-04-19 23:00:00,46.64178000692213,price,2017-04-18 23:00:00,day_ahead
2017-04-20 00:00:00,52.51442877583407,price,2017-04-19 23:00:00,day_ahead
2017-04-20 01:00:00,49.34147212088816,price,2017-04-19 23:00:00,day_ahead
2017-04-20 02:00:00,47.070517735297706,price,2017-04-19 23:00:00,day_ahead
2017-04-20 03:00:00,47.1040716559546,price,2017-04-19 23:00:00,day_ahead
2017-04-20 04:00:00,50.26245606613432,price,2017-04-19 23:00:00,day_ahead
2017-04-20 05:00:00,55.745656946835304,price,2017-04-19 23:00:00,day_ahead
2017-04-20 06:00:00,61.44682798182275,price,2017-04-19 23:00:00,day_ahead
2017-04-20 07:00:00,65.39570746823969,price,2017-04-19 23:00:00,day_ahead
2017-04-20 08:00:00,67.01393057837166,price,2017-04-19 23:00:00,day_ahead
2017-04-20 09:00:00,67.0785950299198,price,2017-04-19 23:00:00,day_ahead
2017-04-20 10:00:00,66.58417170318309,price,2017-04-19 23:00:00,day_ahead
2017-04-20 11:00:00,65.75267123140897,price,2017-04-19 23:00:00,day_ahead
2017-04-20 12:00:00,64.20240066558365,price,2017-04-19 23:00:00,day_ahead
2017-04-20 13:00:00,62.00599588416543,price,2017-04-19 23:00:00,day_ahead
2017-04-20 14:00:00,60.37107905161277,price,2017-04-19 23:00:00,day_ahead
2017-04-20 15:00:00,61.007459676243656,price,2017-04-19 23:00:00,day_ahead
2017-04-20 16:00:00,64.6021615145392,price,2017-04-19 23:00:00,day_ahead
2017-04-20 17:00:00,69.84305729446713,price,2017-04-19 23:00:00,day_ahead
2017-04-20 18:00:00,74.04915361437845,price,2017-04-19 23:00:00,day_ahead
2017-04-20 19:00:00,74.99904858130661,price,2017-04-19 23:00:00,day_ahead
2017-04-20 20:00:00,72.41030807866134,price,2017-04-19 23:00:00,day_ahead
2017-04-20 21:00:00,67.82930184320907,price,2017-04-19 23:00:00,day_ahead
2017-04-20 22:00:00,63.15804233829214,price,2017-04-19 23:00:00,day_ahead
2017-04-20 23:00:00,59.25669736795798,price,2017-04-19 23:00:00,day_ahead
2017-04-21 00:00:00,75.92913475175035,price,2017-04-20 23:00:00,day_ahead
2017-04-21 01:00:00,76.58719785162184,price,2017-04-20 23:00:00,day_ahead
2017-04-21 02:00:00,76.53420509820062,price,2017-04-20 23:00:00,day_ahead
2017-04-21 03:00:00,75.92878716731104,price,2017-04-20 23:00:00,day_ahead
2017-04-21 04:00:00,75.22558419059592,price,2017-04-20 23:00:00,day_ahead
2017-04-21 05:00:00,74.79892781359828,price,2017-04-20 23:00:00,day_ahead
2017-04-21 06:00:00,74.67492470982799,price,2017-04-20 23:00:00,day_ahead
2017-04-21 07:00:00,74.60634154531719,price,2017-04-20 23:00:00,day_ahead
2017-04-21 08:00:00,74.38817194150191,price,2017-04-20 23:00:00,day_ahead
2017-04-21 09:00:00,74.08803799013982,price,2017-04-20 23:00:00,day_ahead
2017-04-21 10:00:00,73.96951347964652,price,2017-04-20 23:00:00,day_ahead
2017-04-21 11:00:00,74.20507250201807,price,2017-04-20 23:00:00,day_ahead
2017-04-21 12:00:00,74.68551979638994,price,2017-04-20 23:00:00,day_ahead
2017-04-21 13:00:00,75.12633851780133,price,2017-04-20 23:00:00,day_ahead
2017-04-21 14:00:00,75.36180108334203,price,2017-04-20 23:00:00,day_ahead
2017-04-21 15:00:00,75.5221417979446,price,2017-04-20 23:00:00,day_ahead
2017-04-21 16:00:00,75.90693751922792,price,2017-04-20 23:00:00,day_ahead
2017-04-21 17:00:00,76.67920782713915,price,2017-04-20 23:00:00,day_ahead
2017-04-21 18:00:00,77.6919982751086,price,2017-04-20 23:00:00,day_ahead
2017-04-21 19:00:00,78.62881745546001,price,2017-04-20 23:00:00,day_ahead
2017-04-21 20:00:00,79.31958948515226,price,2017-04-20 23:00:00,day_ahead
2017-04-21 21:00:00,79.90817415091117,price,2017-04-20 23:00:00,day_ahead
2017-04-21 22:00:00,80.68889663125091,price,2017-04-20 23:00:00,day_ahead
2017-04-21 23:00:00,81.76274171584723,price,2017-04-20 23:00:00,day_ahead
2017-04-22 00:00:00,38.853674097645076,price,2017-04-21 23:00:00,day_ahead
2017-04-22 01:00:00,35.8371861220656,price,2017-04-21 23:00:00,day_ahead
2017-04-22 02:00:00,33.93696174983667,price,2017-04-21 23:00:00,day_ahead
2017-04-22 03:00:00,34.014016877495706,price,2017-04-21 23:00:00,day_ahead
2017-04-22 04:00:00,36.44835089470357,price,2017-04-21 23:00:00,day_ahead
2017-04-22 05:00:00,40.51552691676373,price,2017-04-21 23:00:00,day_ahead
2017-04-22 06:00:00,44.64858507202633,price,2017-04-21 23:00:00,day_ahead
2017-04-22 07:00:00,47.428232006712335,price,2017-04-21 23:00:00,day_ahead
2017-04-22 08:00:00,48.422719014637536,price,2017-04-21 23:00:00,day_ahead
2017-04-22 09:00:00,48.14642878478297,price,2017-04-21 23:00:00,day_ahead
2017-04-22 10:00:00,47.2759428628465,price,2017-04-21 23:00:00,day_ahead
2017-04-22 11:00:00,45.97606339596333,price,2017-04-21 23:00:00,day_ahead
2017-04-22 12:00:00,44.023849646153906,price,2017-04-21 23:00:00,day_ahead
2017-04-22 13:00:00,41.54405821405033,price,2017-04-21 23:00:00,day_ahead
2017-04-22 14:00:00,39.479985028507485,price,2017-04-21 23:00:00,day_ahead
2017-04-22 15:00:00,39.14146852957298,price,2017-04-21 23:00:00,day_ahead
2017-04-22 16:00:00,41.107510701918514,price,2017-04-21 23:00:00,day_ahead
2017-04-22 17:00:00,44.4864039510329,price,2017-04-21 23:00:00,day_ahead
2017-04-22 18:00:00,47.303876812361565,price,2017-04-21 23:00:00,day_ahead
2017-04-22 19:00:00,47.78638654536214,price,2017-04-21 23:00:00,day_ahead
2017-04-22 20:00:00,45.48570682526698,price,2017-04-21 23:00:00,day_ahead
2017-04-22 21:00:00,41.34191610107446,price,2017-04-21 23:00:00,day_ahead
2017-04-22 22:00:00,36.755951553687964,price,2017-04-21 23:00:00,day_ahead
2017-04-22 23:00:00,32.6009612514225,price,2017-04-21 23:00:00,day_ahead
2017-04-23 00:00:00,29.4898472885849,price,2017-04-22 23:00:00,day_ahead
2017-04-23 01:00:00,26.57342278297652,price,2017-04-22 23:00:00,day_ahead
2017-04-23 02:00:00,24.837490032959764,price,2017-04-22 23:00:00,day_ahead
2017-04-23 03:00:00,25.139844685309118,price,2017-04-22 23:00:00,day_ahead
2017-04-23 04:00:00,27.85685909330521,price,2017-04-22 23:00:00,day_ahead
2017-04-23 05:00:00,32.265274287982834,price,2017-04-22 23:00:00,day_ahead
2017-04-23 06:00:00,36.80451141985126,price,2017-04-22 23:00:00,day_ahead
2017-04-23 07:00:00,40.061587859647794,price,2017-04-22 23:00:00,day_ahead
2017-04-23 08:00:00,41.60491654946023,price,2017-04-22 23:00:00,day_ahead
2017-04-23 09:00:00,41.94176188316782,price,2017-04-22 23:00:00,day_ahead
2017-04-23 10:00:00,41.7390190896916,price,2017-04-22 23:00:00,day_ahead
2017-04-23 11:00:00,41.15496317568302,price,2017-04-22 23:00:00,day_ahead
2017-04-23 12:00:00,39.96437136681877,price,2017-04-22 23:00:00,day_ahead
2017-04-23 13:00:00,38.289643268118695,price,2017-04-22 23:00:00,day_ahead
2017-04-23 14:00:00,37.06680725102856,price,2017-04-22 23:00:00,day_ahead
2017-04-23 15:00:00,37.59371401077958,price,2017-04-22 23:00:00,day_ahead
2017-04-23 16:00:00,40.43831088306344,price,2017-04-22 23:00:00,day_ahead
2017-04-23 17:00:00,44.704544001537194,price,2017-04-22 23:00:00,day_ahead
2017-04-23 18:00:00,48.42047595858656,price,2017-04-22 23:00:00,day_ahead
2017-04-23 19:00:00,49.81518930888992,price,2017-04-22 23:00:00,day_ahead
2017-04-23 20:00:00,48.436202230680536,price,2017-04-22 23:00:00,day_ahead
2017-04-23 21:00:00,45.21095377609306,price,2017-04-22 23:00:00,day_ahead
2017-04-23 22:00:00,41.52468746071778,price,2017-04-22 23:00:00,day_ahead
2017-04-23 23:00:00,38.2388194384734,price,2017-04-22 23:00:00,day_ahead
2017-04-24 00:00:00,36.24977760844947,price,2017-04-23 23:00:00,day_ahead
2017-04-24 01:00:00,34.12498229654107,price,2017-04-23 23:00:00,day_ahead
2017-04-24 02:00:00,33.1307718628894,price,2017-04-23 23:00:00,day_ahead
2017-04-24 03:00:00,34.120086740326826,price,2017-04-23 23:00:00,day_ahead
2017-04-24 04:00:00,37.46702285771962,price,2017-04-23 23:00:00,day_ahead
2017-04-24 05:00:00,42.4470822733876,price,2017-04-23 23:00:00,day_ahead
2017-04-24 06:00:00,47.49815539600987,price,2017-04-23 23:00:00,day_ahead
2017-04-24 07:00:00,51.204955054997285,price,2017-04-23 23:00:00,day_ahead
2017-04-24 08:00:00,53.13302871638413,price,2017-04-23 23:00:00,day_ahead
2017-04-24 09:00:00,53.78662009120325,price,2017-04-23 23:00:00,day_ahead
2017-04-24 10:00:00,53.82978827334566,price,2017-04-23 23:00:00,day_ahead
2017-04-24 11:00:00,53.4185418646044,price,2017-04-23 23:00:00,day_ahead
2017-04-24 12:00:00,52.3265003625083,price,2017-04-23 23:00:00,day_ahead
2017-04-24 13:00:00,50.67646620569496,price,2017-04-23 23:00:00,day_ahead
2017-04-24 14:00:00,49.406358136948356,price,2017-04-23 23:00:00,day_ahead
2017-04-24 15:00:00,49.816697168889505,price,2017-04-23 23:00:00,day_ahead
2017-04-24 16:00:00,52.478051412006316,price,2017-04-23 23:00:00,day_ahead
2017-04-24 17:00:00,56.49676006481755,price,2017-04-23 23:00:00,day_ahead
2017-04-24 18:00:00,59.903801745922046,price,2017-04-23 23:00:00,day_ahead
2017-04-24 19:00:00,60.93275594800882,price,2017-04-23 23:00:00,day_ahead
2017-04-24 20:00:00,59.13750332398482,price,2017-04-23 23:00:00,day_ahead
2017-04-24 21:00:00,55.45265522460257,price,2017-04-23 23:00:00,day_ahead
2017-04-24 22:00:00,51.26961087979366,price,2017-04-23 23:00:00,day_ahead
2017-04-24 23:00:00,47.453676971223615,price,2017-04-23 23:00:00,day_ahead
2017-04-25 00:00:00,44.65069437134627,price,2017-04-24 23:00:00,day_ahead
2017-04-25 01:00:00,41.93074699426796,price,2017-04-24 23:00:00,day_ahead
2017-04-25 02:00:00,40.32339492745433,price,2017-04-24 23:00:00,day_ahead
2017-04-25 03:00:00,40.688596308735455,price,2017-04-24 23:00:00,day_ahead
2017-04-25 04:00:00,43.40701247029878,price,2017-04-24 23:00:00,day_ahead
2017-04-25 05:00:00,47.75933602733688,price,2017-04-24 23:00:00,day_ahead
2017-04-25 06:00:00,52.18747627663654,price,2017-04-24 23:00:00,day_ahead
2017-04-25 07:00:00,55.28017047977833,price,2017-04-24 23:00:00,day_ahead
2017-04-25 08:00:00,56.60802399825531,price,2017-04-24 23:00:00,day_ahead
2017-04-25 09:00:00,56.68126087924762,price,2017-04-24 23:00:00,day_ahead
2017-04-25 10:00:00,56.16971554156847,price,2017-04-24 23:00:00,day_ahead
2017-04-25 11:00:00,55.2339264460464,price,2017-04-24 23:00:00,day_ahead
2017-04-25 12:00:00,53.650816790329294,price,2017-04-24 23:00:00,day_ahead
2017-04-25 13:00:00,51.54621126108676,price,2017-04-24 23:00:00,day_ahead
2017-04-25 14:00:00,49.861540974136275,price,2017-04-24 23:00:00,day_ahead
2017-04-25 15:00:00,49.90099016423648,price,2017-04-24 23:00:00,day_ahead
2017-04-25 16:00:00,52.23769283157927,price,2017-04-24 23:00:00,day_ahead
2017-04-25 17:00:00,55.97848181401663,price,2017-04-24 23:00:00,day_ahead
2017-04-25 18:00:00,59.15306114802235,price,2017-04-24 23:00:00,day_ahead
2017-04-25 19:00:00,59.99336846334219,price,2017-04-24 23:00:00,day_ahead
2017-04-25 20:00:00,58.05254730163557,price,2017-04-24 23:00:00,day_ahead
2017-04-25 21:00:00,54.26541837914826,price,2017-04-24 23:00:00,day_ahead
2017-04-25 22:00:00,50.02341748145526,price,2017-04-24 23:00:00,day_ahead
2017-04-25 23:00:00,46.1905740976349,price,2017-04-24 23:00:00,day_ahead
2017-04-26 00:00:00,42.65309096242764,price,2017-04-25 23:00:00,day_ahead
2017-04-26 01:00:00,40.02237460318688,price,2017-04-25 23:00:00,day_ahead
2017-04-26 02:00:00,38.52478574502227,price,2017-04-25 23:00:00,day_ahead
2017-04-26 03:00:00,39.00962190587477,price,2017-04-25 23:00:00,day_ahead
2017-04-26 04:00:00,41.85159330663793,price,2017-04-25 23:00:00,day_ahead
2017-04-26 05:00:00,46.33482046369676,price,2017-04-25 23:00:00,day_ahead
2017-04-26 06:00:00,50.91154996259651,price,2017-04-25 23:00:00,day_ahead
2017-04-26 07:00:00,54.1794115539058,price,2017-04-25 23:00:00,day_ahead
2017-04-26 08:00:00,55.709246846199804,price,2017-04-25 23:00:00,day_ahead
2017-04-26 09:00:00,56.00286313133579,price,2017-04-25 23:00:00,day_ahead
2017-04-26 10:00:00,55.71948152940343,price,2017-04-25 23:00:00,day_ahead
2017-04-26 11:00:00,55.013013881125,price,2017-04-25 23:00:00,day_ahead
2017-04-26 12:00:00,53.657740604786376,price,2017-04-25 23:00:00,day_ahead
2017-04-26 13:00:00,51.77544967812057,price,2017-04-25 23:00:00,day_ahead
2017-04-26 14:00:00,50.29801484160109,price,2017-04-25 23:00:00,day_ahead
2017-04-26 15:00:00,50.51724304195239,price,2017-04-25 23:00:00,day_ahead
2017-04-26 16:00:00,52.999177965016926,price,2017-04-25 23:00:00,day_ahead
2017-04-26 17:00:00,56.854950379969715,price,2017-04-25 23:00:00,day_ahead
2017-04-26 18:00:00,60.12775511028031,price,2017-04-25 23:00:00,day_ahead
2017-04-26 19:00:00,61.062804695686154,price,2017-04-25 23:00:00,day_ahead
2017-04-26 20:00:00,59.217343221201496,price,2017-04-25 23:00:00,day_ahead
2017-04-26 21:00:00,55.519734960036445,price,2017-04-25 23:00:00,day_ahead
2017-04-26 22:00:00,51.35067153455228,price,2017-04-25 23:00:00,day_ahead
2017-04-26 23:00:00,47.56647489527063,price,2017-04-25 23:00:00,day_ahead
2017-04-27 00:00:00,43.8576536210571,price,2017-04-26 23:00:00,day_ahead
2017-04-27 01:00:00,41.21061323582484,price,2017-04-26 23:00:00,day_ahead
2017-04-27 02:00:00,39.66463390670325,price,2017-04-26 23:00:00,day_ahead
2017-04-27 03:00:00,40.067725553891236,price,2017-04-26 23:00:00,day_ahead
2017-04-27 04:00:00,42.79721052636817,price,2017-04-26 23:00:00,day_ahead
2017-04-27 05:00:00,47.144604402831334,price,2017-04-26 23:00:00,day_ahead
2017-04-27 06:00:00,51.57199989278181,price,2017-04-26 23:00:00,day_ahead
2017-04-27 07:00:00,54.68535348130424,price,2017-04-26 23:00:00,day_ahead
2017-04-27 08:00:00,56.060005018972696,price,2017-04-26 23:00:00,day_ahead
2017-04-27 09:00:00,56.19950053882173,price,2017-04-26 23:00:00,day_ahead
2017-04-27 10:00:00,55.764843166192335,price,2017-04-26 23:00:00,day_ahead
2017-04-27 11:00:00,54.91296740761755,price,2017-04-26 23:00:00,day_ahead
2017-04-27 12:00:00,53.420483187913,price,2017-04-26 23:00:00,day_ahead
2017-04-27 13:00:00,51.407809427987,price,2017-04-26 23:00:00,day_ahead
2017-04-27 14:00:00,49.80141363242602,price,2017-04-26 23:00:00,day_ahead
2017-04-27 15:00:00,49.88756251069547,price,2017-04-26 23:00:00,day_ahead
2017-04-27 16:00:00,52.23220914655257,price,2017-04-26 23:00:00,day_ahead
2017-04-27 17:00:00,55.95441650784849,price,2017-04-26 23:00:00,day_ahead
2017-04-27 18:00:00,59.110313100657095,price,2017-04-26 23:00:00,day_ahead
2017-04-27 19:00:00,59.95642547524177,price,2017-04-26 23:00:00,day_ahead
2017-04-27 20:00:00,58.054370809317625,price,2017-04-26 23:00:00,day_ahead
2017-04-27 21:00:00,54.32946549867178,price,2017-04-26 23:00:00,day_ahead
2017-04-27 22:00:00,50.15561118476488,price,2017-04-26 23:00:00,day_ahead
2017-04-27 23:00:00,46.382632033219345,price,2017-04-26 23:00:00,day_ahead
2017-04-28 00:00:00,42.56337981537679,price,2017-04-27 23:00:00,day_ahead
2017-04-28 01:00:00,39.965864082787206,price,2017-04-27 23:00:00,day_ahead
2017-04-28 02:00:00,38.467239366570446,price,2017-04-27 23:00:00,day_ahead
2017-04-28 03:00:00,38.901300435541025,price,2017-04-27 23:00:00,day_ahead
2017-04-28 04:00:00,41.63645699509404,price,2017-04-27 23:00:00,day_ahead
2017-04-28 05:00:00,45.9706581018995,price,2017-04-27 23:00:00,day_ahead
2017-04-28 06:00:00,50.38526351368455,price,2017-04-27 23:00:00,day_ahead
2017-04-28 07:00:00,53.5044768952062,price,2017-04-27 23:00:00,day_ahead
2017-04-28 08:00:00,54.90817852410291,price,2017-04-27 23:00:00,day_ahead
2017-04-28 09:00:00,55.09054045824331,price,2017-04-27 23:00:00,day_ahead
2017-04-28 10:00:00,54.700377082009524,price,2017-04-27 23:00:00,day_ahead
2017-04-28 11:00:00,53.88976427018886,price,2017-04-27 23:00:00,day_ahead
2017-04-28 12:00:00,52.43633348241669,price,2017-04-27 23:00:00,day_ahead
2017-04-28 13:00:00,50.45645696653254,price,2017-04-27 23:00:00,day_ahead
2017-04-28 14:00:00,48.859943906248255,price,2017-04-27 23:00:00,day_ahead
2017-04-28 15:00:00,48.91006951934313,price,2017-04-27 23:00:00,day_ahead
2017-04-28 16:00:00,51.16015235670069,price,2017-04-27 23:00:00,day_ahead
2017-04-28 17:00:00,54.739133174612725,price,2017-04-27 23:00:00,day_ahead
2017-04-28 18:00:00,57.73080943774838,price,2017-04-27 23:00:00,day_ahead
2017-04-28 19:00:00,58.418100812147514,price,2017-04-27 23:00:00,day_ahead
2017-04-28 20:00:00,56.36995460769392,price,2017-04-27 23:00:00,day_ahead
2017-04-28 21:00:00,52.49782819946461,price,2017-04-27 23:00:00,day_ahead
2017-04-28 22:00:00,48.1541344679512,price,2017-04-27 23:00:00,day_ahead
2017-04-28 23:00:00,44.17518385659434,price,2017-04-27 23:00:00,day_ahead
2017-04-29 00:00:00,40.58240160360525,price,2017-04-28 23:00:00,day_ahead
2017-04-29 01:00:00,37.66609687918224,price,2017-04-28 23:00:00,day_ahead
2017-04-29 02:00:00,35.823870873504276,price,2017-04-28 23:00:00,day_ahead
2017-04-29 03:00:00,35.88816111646114,price,2017-04-28 23:00:00,day_ahead
2017-04-29 04:00:00,38.22667148158092,price,2017-04-28 23:00:00,day_ahead
2017-04-29 05:00:00,42.140376481512014,price,2017-04-28 23:00:00,day_ahead
2017-04-29 06:00:00,46.117178413910196,price,2017-04-28 23:00:00,day_ahead
2017-04-29 07:00:00,48.788224451382995,price,2017-04-28 23:00:00,day_ahead
2017-04-29 08:00:00,49.7379149449214,price,2017-04-28 23:00:00,day_ahead
2017-04-29 09:00:00,49.462661157950315,price,2017-04-28 23:00:00,day_ahead
2017-04-29 10:00:00,48.61384109765838,price,2017-04-28 23:00:00,day_ahead
2017-04-29 11:00:00,47.34846795645527,price,2017-04-28 23:00:00,day_ahead
2017-04-29 12:00:00,45.45068390899909,price,2017-04-28 23:00:00,day_ahead
2017-04-29 13:00:00,43.04217136112131,price,2017-04-28 23:00:00,day_ahead
2017-04-29 14:00:00,41.0352542942293,price,2017-04-28 23:00:00,day_ahead
2017-04-29 15:00:00,40.69459950168217,price,2017-04-28 23:00:00,day_ahead
2017-04-29 16:00:00,42.57740027981303,price,2017-04-28 23:00:00,day_ahead
2017-04-29 17:00:00,45.82087151885922,price,2017-04-28 23:00:00,day_ahead
2017-04-29 18:00:00,48.51938988875609,price,2017-04-28 23:00:00,day_ahead
2017-04-29 19:00:00,48.96412334657556,price,2017-04-28 23:00:00,day_ahead
2017-04-29 20:00:00,46.726820417645854,price,2017-04-28 23:00:00,day_ahead
2017-04-29 21:00:00,42.71752582831914,price,2017-04-28 23:00:00,day_ahead
2017-04-29 22:00:00,38.28745767670178,price,2017-04-28 23:00:00,day_ahead
2017-04-29 23:00:00,34.27549192375568,price,2017-04-28 23:00:00,day_ahead
2017-04-30 00:00:00,30.908967023934576,price,2017-04-29 23:00:00,day_ahead
2017-04-30 01:00:00,28.09000657444562,price,2017-04-29 23:00:00,day_ahead
2017-04-30 02:00:00,26.4017989371835,price,2017-04-29 23:00:00,day_ahead
2017-04-30 03:00:00,26.675928645717363,price,2017-04-29 23:00:00,day_ahead
2017-04-30 04:00:00,29.282358513212806,price,2017-04-29 23:00:00,day_ahead
2017-04-30 05:00:00,33.52641126657387,price,2017-04-29 23:00:00,day_ahead
2017-04-30 06:00:00,37.89949940521365,price,2017-04-29 23:00:00,day_ahead
2017-04-30 07:00:00,41.03288451837611,price,2017-04-29 23:00:00,day_ahead
2017-04-30 08:00:00,42.507449021018346,price,2017-04-29 23:00:00,day_ahead
2017-04-30 09:00:00,42.8144399602474,price,2017-04-29 23:00:00,day_ahead
2017-04-30 10:00:00,42.6006595672671,price,2017-04-29 23:00:00,day_ahead
2017-04-30 11:00:00,42.019658253399434,price,2017-04-29 23:00:00,day_ahead
2017-04-30 12:00:00,40.851885820145405,price,2017-04-29 23:00:00,day_ahead
2017-04-30 13:00:00,39.21353938242358,price,2017-04-29 23:00:00,day_ahead
2017-04-30 14:00:00,38.0096219409907,price,2017-04-29 23:00:00,day_ahead
2017-04-30 15:00:00,38.49725501602807,price,2017-04-29 23:00:00,day_ahead
2017-04-30 16:00:00,41.22760245688935,price,2017-04-29 23:00:00,day_ahead
2017-04-30 17:00:00,45.33362231475023,price,2017-04-29 23:00:00,day_ahead
2017-04-30 18:00:00,48.90585926059275,price,2017-04-29 23:00:00,day_ahead
2017-04-30 19:00:00,50.230513655316585,price,2017-04-29 23:00:00,day_ahead
2017-04-30 20:00:00,48.87287861322924,price,2017-04-29 23:00:00,day_ahead
2017-04-30 21:00:00,45.73593550823253,price,2017-04-29 23:00:00,day_ahead
2017-04-30 22:00:00,42.16406429126839,price,2017-04-29 23:00:00,day_ahead
2017-04-30 23:00:00,38.98921547950602,price,2017-04-29 23:00:00,day_ahead
2017-05-01 00:00:00,35.63448425212061,price,2017-04-30 23:00:00,day_ahead
2017-05-01 01:00:00,33.602987834784706,price,2017-04-30 23:00:00,day_ahead
2017-05-01 02:00:00,32.64860068177553,price,2017-04-30 23:00:00,day_ahead
2017-05-01 03:00:00,33.58655419481374,price,2017-04-30 23:00:00,day_ahead
2017-05-01 04:00:00,36.777863345950614,price,2017-04-30 23:00:00,day_ahead
2017-05-01 05:00:00,41.533125807034956,price,2017-04-30 23:00:00,day_ahead
2017-05-01 06:00:00,46.35862000624344,price,2017-04-30 23:00:00,day_ahead
2017-05-01 07:00:00,49.89759191298853,price,2017-04-30 23:00:00,day_ahead
2017-05-01 08:00:00,51.73105307419359,price,2017-04-30 23:00:00,day_ahead
2017-05-01 09:00:00,52.34085619042797,price,2017-04-30 23:00:00,day_ahead
2017-05-01 10:00:00,52.36509882432476,price,2017-04-30 23:00:00,day_ahead
2017-05-01 11:00:00,51.956413213905705,price,2017-04-30 23:00:00,day_ahead
2017-05-01 12:00:00,50.89885355502193,price,2017-04-30 23:00:00,day_ahead
2017-05-01 13:00:00,49.30713683400489,price,2017-04-30 23:00:00,day_ahead
2017-05-01 14:00:00,48.07500329940995,price,2017-04-30 23:00:00,day_ahead
2017-05-01 15:00:00,48.44557233960075,price,2017-04-30 23:00:00,day_ahead
2017-05-01 16:00:00,50.966914201826214,price,2017-04-30 23:00:00,day_ahead
2017-05-01 17:00:00,54.78732566803521,price,2017-04-30 23:00:00,day_ahead
2017-05-01 18:00:00,58.0244729591068,price,2017-04-30 23:00:00,day_ahead
2017-05-01 19:00:00,58.98740475597729,price,2017-04-30 23:00:00,day_ahead
2017-05-01 20:00:00,57.2479768447212,price,2017-04-30 23:00:00,day_ahead
2017-05-01 21:00:00,53.701092345321975,price,2017-04-30 23:00:00,day_ahead
2017-05-01 22:00:00,49.68071540548423,price,2017-04-30 23:00:00,day_ahead
2017-05-01 23:00:00,46.01680045612524,price,2017-04-30 23:00:00,day_ahead
2017-05-02 00:00:00,42.16983803317246,price,2017-05-01 23:00:00,day_ahead
2017-05-02 01:00:00,39.606501257551805,price,2017-05-01 23:00:00,day_ahead
2017-05-02 02:00:00,38.084149619083604,price,2017-05-01 23:00:00,day_ahead
2017-05-02 03:00:00,38.40837060515245,price,2017-05-01 23:00:00,day_ahead
2017-05-02 04:00:00,40.9361179791885,price,2017-05-01 23:00:00,day_ahead
2017-05-02 05:00:00,44.99400939734462,price,2017-05-01 23:00:00,day_ahead
2017-05-02 06:00:00,49.12284365783912,price,2017-05-01 23:00:00,day_ahead
2017-05-02 07:00:00,52.000875332865476,price,2017-05-01 23:00:00,day_ahead
2017-05-02 08:00:00,53.22606625725421,price,2017-05-01 23:00:00,day_ahead
2017-05-02 09:00:00,53.27647416829718,price,2017-05-01 23:00:00,day_ahead
2017-05-02 10:00:00,52.77951276691032,price,2017-05-01 23:00:00,day_ahead
2017-05-02 11:00:00,51.88532258014362,price,2017-05-01 23:00:00,day_ahead
2017-05-02 12:00:00,50.38452392438149,price,2017-05-01 23:00:00,day_ahead
2017-05-02 13:00:00,48.39445124884681,price,2017-05-01 23:00:00,day_ahead
2017-05-02 14:00:00,46.796424022997904,price,2017-05-01 23:00:00,day_ahead
2017-05-02 15:00:00,46.8117069120175,price,2017-05-01 23:00:00,day_ahead
2017-05-02 16:00:00,48.97714162394478,price,2017-05-01 23:00:00,day_ahead
2017-05-02 17:00:00,52.45659838868244,price,2017-05-01 23:00:00,day_ahead
2017-05-02 18:00:00,55.405481882884516,price,2017-05-01 23:00:00,day_ahead
2017-05-02 19:00:00,56.168810807641215,price,2017-05-01 23:00:00,day_ahead
2017-05-02 20:00:00,54.32891911981736,price,2017-05-01 23:00:00,day_ahead
2017-05-02 21:00:00,50.761775656047114,price,2017-05-01 23:00:00,day_ahead
2017-05-02 22:00:00,46.77044325391433,price,2017-05-01 23:00:00,day_ahead
2017-05-02 23:00:00,43.16354278742712,price,2017-05-01 23:00:00,day_ahead
2017-05-03 00:00:00,40.26764104794475,price,2017-05-02 23:00:00,day_ahead
2017-05-03 01:00:00,37.75225087255695,price,2017-05-02 23:00:00,day_ahead
2017-05-03 02:00:00,36.31356808729255,price,2017-05-02 23:00:00,day_ahead
2017-05-03 03:00:00,36.75508329848929,price,2017-05-02 23:00:00,day_ahead
2017-05-03 04:00:00,39.43053655849789,price,2017-05-02 23:00:00,day_ahead
2017-05-03 05:00:00,43.6606136125285,price,2017-05-02 23:00:00,day_ahead
2017-05-03 06:00:00,47.97803684251004,price,2017-05-02 23:00:00,day_ahead
2017-05-03 07:00:00,51.053544715032565,price,2017-05-02 23:00:00,day_ahead
2017-05-03 08:00:00,52.48060267232834,price,2017-05-02 23:00:00,day_ahead
2017-05-03 09:00:00,52.73569062570526,price,2017-05-02 23:00:00,day_ahead
2017-05-03 10:00:00,52.44507293480593,price,2017-05-02 23:00:00,day_ahead
2017-05-03 11:00:00,51.75587102003616,price,2017-05-02 23:00:00,day_ahead
2017-05-03 12:00:00,50.454112806017946,price,2017-05-02 23:00:00,day_ahead
2017-05-03 13:00:00,48.65357307761815,price,2017-05-02 23:00:00,day_ahead
2017-05-03 14:00:00,47.235147974536446,price,2017-05-02 23:00:00,day_ahead
2017-05-03 15:00:00,47.42186272551498,price,2017-05-02 23:00:00,day_ahead
2017-05-03 16:00:00,49.75088656789558,price,2017-05-02 23:00:00,day_ahead
2017-05-03 17:00:00,53.38190394871053,price,2017-05-02 23:00:00,day_ahead
2017-05-03 18:00:00,56.46213866604488,price,2017-05-02 23:00:00,day_ahead
2017-05-03 19:00:00,57.32851331918942,price,2017-05-02 23:00:00,day_ahead
2017-05-03 20:00:00,55.55976577102073,price,2017-05-02 23:00:00,day_ahead
2017-05-03 21:00:00,52.0340091736219,price,2017-05-02 23:00:00,day_ahead
2017-05-03 22:00:00,48.05960030254503,price,2017-05-02 23:00:00,day_ahead
2017-05-03 23:00:00,44.44978595727849,price,2017-05-02 23:00:00,day_ahead
2017-05-04 00:00:00,41.41068153220289,price,2017-05-03 23:00:00,day_ahead
2017-05-04 01:00:00,38.89898907579517,price,2017-05-03 23:00:00,day_ahead
2017-05-04 02:00:00,37.4240719490858,price,2017-05-03 23:00:00,day_ahead
2017-05-04 03:00:00,37.78153460964359,price,2017-05-03 23:00:00,day_ahead
2017-05-04 04:00:00,40.32371509563777,price,2017-05-03 23:00:00,day_ahead
2017-05-04 05:00:00,44.384387156380484,price,2017-05-03 23:00:00,day_ahead
2017-05-04 06:00:00,48.5203842210562,price,2017-05-03 23:00:00,day_ahead
2017-05-04 07:00:00,51.42426113778877,price,2017-05-03 23:00:00,day_ahead
2017-05-04 08:00:00,52.69765451898811,price,2017-05-03 23:00:00,day_ahead
2017-05-04 09:00:00,52.81234427720412,price,2017-05-03 23:00:00,day_ahead
2017-05-04 10:00:00,52.38805703829235,price,2017-05-03 23:00:00,day_ahead
2017-05-04 11:00:00,51.57279010288453,price,2017-05-03 23:00:00,day_ahead
2017-05-04 12:00:00,50.15849884913122,price,2017-05-03 23:00:00,day_ahead
2017-05-04 13:00:00,48.25873111815153,price,2017-05-03 23:00:00,day_ahead
2017-05-04 14:00:00,46.74092155782277,price,2017-05-03 23:00:00,day_ahead
2017-05-04 15:00:00,46.80842538311911,price,2017-05-03 23:00:00,day_ahead
2017-05-04 16:00:00,48.989762394015955,price,2017-05-03 23:00:00,day_ahead
2017-05-04 17:00:00,52.459244745775386,price,2017-05-03 23:00:00,day_ahead
2017-05-04 18:00:00,55.39694955872975,price,2017-05-03 23:00:00,day_ahead
2017-05-04 19:00:00,56.171104498159394,price,2017-05-03 23:00:00,day_ahead
2017-05-04 20:00:00,54.37140638484436,price,2017-05-03 23:00:00,day_ahead
2017-05-04 21:00:00,50.863398485044804,price,2017-05-03 23:00:00,day_ahead
2017-05-04 22:00:00,46.932324858839834,price,2017-05-03 23:00:00,day_ahead
2017-05-04 23:00:00,43.37382884620702,price,2017-05-03 23:00:00,day_ahead
2017-05-05 00:00:00,40.28828182801557,price,2017-05-04 23:00:00,day_ahead
2017-05-05 01:00:00,37.773139285676415,price,2017-05-04 23:00:00,day_ahead
2017-05-05 02:00:00,36.32288000971956,price,2017-05-04 23:00:00,day_ahead
2017-05-05 03:00:00,36.73482226549529,price,2017-05-04 23:00:00,day_ahead
2017-05-05 04:00:00,39.35702375631422,price,2017-05-04 23:00:00,day_ahead
2017-05-05 05:00:00,43.51126127821964,price,2017-05-04 23:00:00,day_ahead
2017-05-05 06:00:00,47.73886157172843,price,2017-05-04 23:00:00,day_ahead
2017-05-05 07:00:00,50.7209799575998,price,2017-05-04 23:00:00,day_ahead
2017-05-05 08:00:00,52.05656782724428,price,2017-05-04 23:00:00,day_ahead
2017-05-05 09:00:00,52.22096136566597,price,2017-05-04 23:00:00,day_ahead
2017-05-05 10:00:00,51.83666944265174,price,2017-05-04 23:00:00,day_ahead
2017-05-05 11:00:00,51.04905484010161,price,2017-05-04 23:00:00,day_ahead
2017-05-05 12:00:00,49.64429195604432,price,2017-05-04 23:00:00,day_ahead
2017-05-05 13:00:00,47.73371221707715,price,2017-05-04 23:00:00,day_ahead
2017-05-05 14:00:00,46.189994010812065,price,2017-05-04 23:00:00,day_ahead
2017-05-05 15:00:00,46.22535716241675,price,2017-05-04 23:00:00,day_ahead
2017-05-05 16:00:00,48.37175533008497,price,2017-05-04 23:00:00,day_ahead
2017-05-05 17:00:00,51.79519834751482,price,2017-05-04 23:00:00,day_ahead
2017-05-05 18:00:00,54.65821912584689,price,2017-05-04 23:00:00,day_ahead
2017-05-05 19:00:00,55.31201632573371,price,2017-05-04 23:00:00,day_ahead
2017-05-05 20:00:00,53.33905345022598,price,2017-05-04 23:00:00,day_ahead
2017-05-05 21:00:00,49.609355162478366,price,2017-05-04 23:00:00,day_ahead
2017-05-05 22:00:00,45.41882646919837,price,2017-05-04 23:00:00,day_ahead
2017-05-05 23:00:00,41.572971843443206,price,2017-05-04 23:00:00,day_ahead
2017-05-06 00:00:00,37.874012700838165,price,2017-05-05 23:00:00,day_ahead
2017-05-06 01:00:00,35.082604883023684,price,2017-05-05 23:00:00,day_ahead
2017-05-06 02:00:00,33.319416503672386,price,2017-05-05 23:00:00,day_ahead
2017-05-06 03:00:00,33.37533700351191,price,2017-05-05 23:00:00,day_ahead
2017-05-06 04:00:00,35.5971109804644,price,2017-05-05 23:00:00,day_ahead
2017-05-06 05:00:00,39.31631864774822,price,2017-05-05 23:00:00,day_ahead
2017-05-06 06:00:00,43.092290527296264,price,2017-05-05 23:00:00,day_ahead
2017-05-06 07:00:00,45.622466047603346,price,2017-05-05 23:00:00,day_ahead
2017-05-06 08:00:00,46.51244508527087,price,2017-05-05 23:00:00,day_ahead
2017-05-06 09:00:00,46.23577032847814,price,2017-05-05 23:00:00,day_ahead
2017-05-06 10:00:00,45.41306609783914,price,2017-05-05 23:00:00,day_ahead
2017-05-06 11:00:00,44.19422167904352,price,2017-05-05 23:00:00,day_ahead
2017-05-06 12:00:00,42.37416783028992,price,2017-05-05 23:00:00,day_ahead
2017-05-06 13:00:00,40.068820483673655,price,2017-05-05 23:00:00,day_ahead
2017-05-06 14:00:00,38.14609799055721,price,2017-05-05 23:00:00,day_ahead
2017-05-06 15:00:00,37.80898235497144,price,2017-05-05 23:00:00,day_ahead
2017-05-06 16:00:00,39.587445483509505,price,2017-05-05 23:00:00,day_ahead
2017-05-06 17:00:00,42.66068584726062,price,2017-05-05 23:00:00,day_ahead
2017-05-06 18:00:00,45.21562619054732,price,2017-05-05 23:00:00,day_ahead
2017-05-06 19:00:00,45.62572566395343,price,2017-05-05 23:00:00,day_ahead
2017-05-06 20:00:00,43.48192125008388,price,2017-05-05 23:00:00,day_ahead
2017-05-06 21:00:00,39.648283744689955,price,2017-05-05 23:00:00,day_ahead
2017-05-06 22:00:00,35.40988505306873,price,2017-05-05 23:00:00,day_ahead
2017-05-06 23:00:00,31.566595947058836,price,2017-05-05 23:00:00,day_ahead
2017-05-07 00:00:00,28.491746845258167,price,2017-05-06 23:00:00,day_ahead
2017-05-07 01:00:00,25.788487532795596,price,2017-05-06 23:00:00,day_ahead
2017-05-07 02:00:00,24.168663405626475,price,2017-05-06 23:00:00,day_ahead
2017-05-07 03:00:00,24.41782313218146,price,2017-05-06 23:00:00,day_ahead
2017-05-07 04:00:00,26.8780735873669,price,2017-05-06 23:00:00,day_ahead
2017-05-07 05:00:00,30.88411949571055,price,2017-05-06 23:00:00,day_ahead
2017-05-07 06:00:00,35.0060409789963,price,2017-05-06 23:00:00,day_ahead
2017-05-07 07:00:00,37.95190178958537,price,2017-05-06 23:00:00,day_ahead
2017-05-07 08:00:00,39.329592429122656,price,2017-05-06 23:00:00,day_ahead
2017-05-07 09:00:00,39.60547828481515,price,2017-05-06 23:00:00,day_ahead
2017-05-07 10:00:00,39.38989657685173,price,2017-05-06 23:00:00,day_ahead
2017-05-07 11:00:00,38.826266853653095,price,2017-05-06 23:00:00,day_ahead
2017-05-07 12:00:00,37.70731147051372,price,2017-05-06 23:00:00,day_ahead
2017-05-07 13:00:00,36.145059794447455,price,2017-05-06 23:00:00,day_ahead
2017-05-07 14:00:00,34.99668540748425,price,2017-05-06 23:00:00,day_ahead
2017-05-07 15:00:00,35.44986496455492,price,2017-05-06 23:00:00,day_ahead
2017-05-07 16:00:00,38.023504811771744,price,2017-05-06 23:00:00,day_ahead
2017-05-07 17:00:00,41.89704631154267,price,2017-05-06 23:00:00,day_ahead
2017-05-07 18:00:00,45.26677142065221,price,2017-05-06 23:00:00,day_ahead
2017-05-07 19:00:00,46.51401977505737,price,2017-05-06 23:00:00,day_ahead
2017-05-07 20:00:00,45.2260446816828,price,2017-05-06 23:00:00,day_ahead
2017-05-07 21:00:00,42.25081710930691,price,2017-05-06 23:00:00,day_ahead
2017-05-07 22:00:00,38.853603567580954,price,2017-05-06 23:00:00,day_ahead
2017-05-07 23:00:00,35.820795358382455,price,2017-05-06 23:00:00,day_ahead
2017-05-08 00:00:00,33.8794662418479,price,2017-05-07 23:00:00,day_ahead
2017-05-08 01:00:00,31.91406873636381,price,2017-05-07 23:00:00,day_ahead
2017-05-08 02:00:00,30.98500220782926,price,2017-05-07 23:00:00,day_ahead
2017-05-08 03:00:00,31.871639671421747,price,2017-05-07 23:00:00,day_ahead
2017-05-08 04:00:00,34.91313244729562,price,2017-05-07 23:00:00,day_ahead
2017-05-08 05:00:00,39.44403881370713,price,2017-05-07 23:00:00,day_ahead
2017-05-08 06:00:00,44.03555925499626,price,2017-05-07 23:00:00,day_ahead
2017-05-08 07:00:00,47.39613894030876,price,2017-05-07 23:00:00,day_ahead
2017-05-08 08:00:00,49.13207777069061,price,2017-05-07 23:00:00,day_ahead
2017-05-08 09:00:00,49.70655709631975,price,2017-05-07 23:00:00,day_ahead
2017-05-08 10:00:00,49.726757985431554,price,2017-05-07 23:00:00,day_ahead
2017-05-08 11:00:00,49.33445426833881,price,2017-05-07 23:00:00,day_ahead
2017-05-08 12:00:00,48.322337383256226,price,2017-05-07 23:00:00,day_ahead
2017-05-08 13:00:00,46.80276504470785,price,2017-05-07 23:00:00,day_ahead
2017-05-08 14:00:00,45.63228559957304,price,2017-05-07 23:00:00,day_ahead
2017-05-08 15:00:00,45.99706405948468,price,2017-05-07 23:00:00,day_ahead
2017-05-08 16:00:00,48.415310714714046,price,2017-05-07 23:00:00,day_ahead
2017-05-08 17:00:00,52.0687032896724,price,2017-05-07 23:00:00,day_ahead
2017-05-08 18:00:00,55.15953340661069,price,2017-05-07 23:00:00,day_ahead
2017-05-08 19:00:00,56.07772883344983,price,2017-05-07 23:00:00,day_ahead
2017-05-08 20:00:00,54.41922351953137,price,2017-05-07 23:00:00,day_ahead
2017-05-08 21:00:00,51.038546864298596,price,2017-05-07 23:00:00,day_ahead
2017-05-08 22:00:00,47.20459531389104,price,2017-05-07 23:00:00,day_ahead
2017-05-08 23:00:00,43.705088617412294,price,2017-05-07 23:00:00,day_ahead
2017-05-09 00:00:00,40.98388597127234,price,2017-05-08 23:00:00,day_ahead
2017-05-09 01:00:00,38.4741032163946,price,2017-05-08 23:00:00,day_ahead
2017-05-09 02:00:00,36.98548554113987,price,2017-05-08 23:00:00,day_ahead
2017-05-09 03:00:00,37.30588696608479,price,2017-05-08 23:00:00,day_ahead
2017-05-09 04:00:00,39.781143982459255,price,2017-05-08 23:00:00,day_ahead
2017-05-09 05:00:00,43.7487276590429,price,2017-05-08 23:00:00,day_ahead
2017-05-09 06:00:00,47.77998571026312,price,2017-05-08 23:00:00,day_ahead
2017-05-09 07:00:00,50.58415074017167,price,2017-05-08 23:00:00,day_ahead
2017-05-09 08:00:00,51.77175619381226,price,2017-05-08 23:00:00,day_ahead
2017-05-09 09:00:00,51.81332248475252,price,2017-05-08 23:00:00,day_ahead
2017-05-09 10:00:00,51.32339786443136,price,2017-05-08 23:00:00,day_ahead
2017-05-09 11:00:00,50.44832942004515,price,2017-05-08 23:00:00,day_ahead
2017-05-09 12:00:00,48.982669973195364,price,2017-05-08 23:00:00,day_ahead
2017-05-09 13:00:00,47.04061756476904,price,2017-05-08 23:00:00,day_ahead
2017-05-09 14:00:00,45.4829071723757,price,2017-05-08 23:00:00,day_ahead
2017-05-09 15:00:00,45.50163948656984,price,2017-05-08 23:00:00,day_ahead
2017-05-09 16:00:00,47.619456895525566,price,2017-05-08 23:00:00,day_ahead
2017-05-09 17:00:00,51.018073340261104,price,2017-05-08 23:00:00,day_ahead
2017-05-09 18:00:00,53.8956947099547,price,2017-05-08 23:00:00,day_ahead
2017-05-09 19:00:00,54.637355722197974,price,2017-05-08 23:00:00,day_ahead
2017-05-09 20:00:00,52.83672392329088,price,2017-05-08 23:00:00,day_ahead
2017-05-09 21:00:00,49.349350431901954,price,2017-05-08 23:00:00,day_ahead
2017-05-09 22:00:00,45.44617837767972,price,2017-05-08 23:00:00,day_ahead
2017-05-09 23:00:00,41.91535393861248,price,2017-05-08 23:00:00,day_ahead
2017-05-10 00:00:00,39.212572114321624,price,2017-05-09 23:00:00,day_ahead
2017-05-10 01:00:00,36.7517664104185,price,2017-05-09 23:00:00,day_ahead
2017-05-10 02:00:00,35.34413582013515,price,2017-05-09 23:00:00,day_ahead
2017-05-10 03:00:00,35.77414980883014,price,2017-05-09 23:00:00,day_ahead
2017-05-10 04:00:00,38.38360585260865,price,2017-05-09 23:00:00,day_ahead
2017-05-10 05:00:00,42.5054129623017,price,2017-05-09 23:00:00,day_ahead
2017-05-10 06:00:00,46.70651473928952,price,2017-05-09 23:00:00,day_ahead
2017-05-10 07:00:00,49.692666809577524,price,2017-05-09 23:00:00,day_ahead
2017-05-10 08:00:00,51.07196217171874,price,2017-05-09 23:00:00,day_ahead
2017-05-10 09:00:00,51.31272430330029,price,2017-05-09 23:00:00,day_ahead
2017-05-10 10:00:00,51.02648119324701,price,2017-05-09 23:00:00,day_ahead
2017-05-10 11:00:00,50.35539174146246,price,2017-05-09 23:00:00,day_ahead
2017-05-10 12:00:00,49.0894495346419,price,2017-05-09 23:00:00,day_ahead
2017-05-10 13:00:00,47.33923582870107,price,2017-05-09 23:00:00,day_ahead
2017-05-10 14:00:00,45.96348548839538,price,2017-05-09 23:00:00,day_ahead
2017-05-10 15:00:00,46.15331922254572,price,2017-05-09 23:00:00,day_ahead
2017-05-10 16:00:00,48.43005438550634,price,2017-05-09 23:00:00,day_ahead
2017-05-10 17:00:00,51.97280732515079,price,2017-05-09 23:00:00,day_ahead
2017-05-10 18:00:00,54.97625229673188,price,2017-05-09 23:00:00,day_ahead
2017-05-10 19:00:00,55.82228302021635,price,2017-05-09 23:00:00,day_ahead
2017-05-10 20:00:00,54.10302689690685,price,2017-05-09 23:00:00,day_ahead
2017-05-10 21:00:00,50.67427547484773,price,2017-05-09 23:00:00,day_ahead
2017-05-10 22:00:00,46.80817701146109,price,2017-05-09 23:00:00,day_ahead
2017-05-10 23:00:00,43.29406524075591,price,2017-05-09 23:00:00,day_ahead
2017-05-11 00:00:00,40.25704243855431,price,2017-05-10 23:00:00,day_ahead
2017-05-11 01:00:00,37.78642927455139,price,2017-05-10 23:00:00,day_ahead
2017-05-11 02:00:00,36.34321619248605,price,2017-05-10 23:00:00,day_ahead
2017-05-11 03:00:00,36.71063012338962,price,2017-05-10 23:00:00,day_ahead
2017-05-11 04:00:00,39.23235319567644,price,2017-05-10 23:00:00,day_ahead
2017-05-11 05:00:00,43.24693039560961,price,2017-05-10 23:00:00,day_ahead
2017-05-11 06:00:00,47.32871760022567,price,2017-05-10 23:00:00,day_ahead
2017-05-11 07:00:00,50.18947380053062,price,2017-05-10 23:00:00,day_ahead
2017-05-11 08:00:00,51.44013055406948,price,2017-05-10 23:00:00,day_ahead
2017-05-11 09:00:00,51.54971239644917,price,2017-05-10 23:00:00,day_ahead
2017-05-11 10:00:00,51.13084347116835,price,2017-05-10 23:00:00,day_ahead
2017-05-11 11:00:00,50.32854159838593,price,2017-05-10 23:00:00,day_ahead
2017-05-11 12:00:00,48.93621276278893,price,2017-05-10 23:00:00,day_ahead
2017-05-11 13:00:00,47.06590514892932,price,2017-05-10 23:00:00,day_ahead
2017-05-11 14:00:00,45.57483620211513,price,2017-05-10 23:00:00,day_ahead
2017-05-11 15:00:00,45.65151492836835,price,2017-05-10 23:00:00,day_ahead
2017-05-11 16:00:00,47.81699960810201,price,2017-05-10 23:00:00,day_ahead
2017-05-11 17:00:00,51.25447736441264,price,2017-05-10 23:00:00,day_ahead
2017-05-11 18:00:00,54.165667770998745,price,2017-05-10 23:00:00,day_ahead
2017-05-11 19:00:00,54.93883586507357,price,2017-05-10 23:00:00,day_ahead
2017-05-11 20:00:00,53.16880958200095,price,2017-05-10 23:00:00,day_ahead
2017-05-11 21:00:00,49.71019008603889,price,2017-05-10 23:00:00,day_ahead
2017-05-11 22:00:00,45.83209756255409,price,2017-05-10 23:00:00,day_ahead
2017-05-11 23:00:00,42.32097974177235,price,2017-05-10 23:00:00,day_ahead
2017-05-12 00:00:00,38.65028846509265,price,2017-05-11 23:00:00,day_ahead
2017-05-12 01:00:00,36.270102557244726,price,2017-05-11 23:00:00,day_ahead
2017-05-12 02:00:00,34.88697812789619,price,2017-05-11 23:00:00,day_ahead
2017-05-12 03:00:00,35.25952476972133,price,2017-05-11 23:00:00,day_ahead
2017-05-12 04:00:00,37.723077156630836,price,2017-05-11 23:00:00,day_ahead
2017-05-12 05:00:00,41.64076322125351,price,2017-05-11 23:00:00,day_ahead
2017-05-12 06:00:00,45.63406065158818,price,2017-05-11 23:00:00,day_ahead
2017-05-12 07:00:00,48.4534851100731,price,2017-05-11 23:00:00,day_ahead
2017-05-12 08:00:00,49.71653077629621,price,2017-05-11 23:00:00,day_ahead
2017-05-12 09:00:00,49.8710385869477,price,2017-05-11 23:00:00,day_ahead
2017-05-12 10:00:00,49.50683369455575,price,2017-05-11 23:00:00,day_ahead
2017-05-12 11:00:00,48.764553962040104,price,2017-05-11 23:00:00,day_ahead
2017-05-12 12:00:00,47.444956470545755,price,2017-05-11 23:00:00,day_ahead
2017-05-12 13:00:00,45.65378886164413,price,2017-05-11 23:00:00,day_ahead
2017-05-12 14:00:00,44.21340898569924,price,2017-05-11 23:00:00,day_ahead
2017-05-12 15:00:00,44.265102935471596,price,2017-05-11 23:00:00,day_ahead
2017-05-12 16:00:00,46.30738445582029,price,2017-05-11 23:00:00,day_ahead
2017-05-12 17:00:00,49.55022474325485,price,2017-05-11 23:00:00,day_ahead
2017-05-12 18:00:00,52.25882538521176,price,2017-05-11 23:00:00,day_ahead
2017-05-12 19:00:00,52.87963862397617,price,2017-05-11 23:00:00,day_ahead
2017-05-12 20:00:00,51.02329381387411,price,2017-05-11 23:00:00,day_ahead
2017-05-12 21:00:00,47.51480372705339,price,2017-05-11 23:00:00,day_ahead
2017-05-12 22:00:00,43.57734051194113,price,2017-05-11 23:00:00,day_ahead
2017-05-12 23:00:00,39.96676502206988,price,2017-05-11 23:00:00,day_ahead
2017-05-13 00:00:00,36.851153802264626,price,2017-05-12 23:00:00,day_ahead
2017-05-13 01:00:00,34.16501956785495,price,2017-05-12 23:00:00,day_ahead
2017-05-13 02:00:00,32.47304053367654,price,2017-05-12 23:00:00,day_ahead
2017-05-13 03:00:00,32.53870995169603,price,2017-05-12 23:00:00,day_ahead
2017-05-13 04:00:00,34.69657166696442,price,2017-05-12 23:00:00,day_ahead
2017-05-13 05:00:00,38.300137498567246,price,2017-05-12 23:00:00,day_ahead
2017-05-13 06:00:00,41.956652573192265,price,2017-05-12 23:00:00,day_ahead
2017-05-13 07:00:00,44.407383892648106,price,2017-05-12 23:00:00,day_ahead
2017-05-13 08:00:00,45.27233823357224,price,2017-05-12 23:00:00,day_ahead
2017-05-13 09:00:00,45.011238582212044,price,2017-05-12 23:00:00,day_ahead
2017-05-13 10:00:00,44.2258850533183,price,2017-05-12 23:00:00,day_ahead
2017-05-13 11:00:00,43.0619589026656,price,2017-05-12 23:00:00,day_ahead
2017-05-13 12:00:00,41.32058457764902,price,2017-05-12 23:00:00,day_ahead
2017-05-13 13:00:00,39.112342860457495,price,2017-05-12 23:00:00,day_ahead
2017-05-13 14:00:00,37.274997716359586,price,2017-05-12 23:00:00,day_ahead
2017-05-13 15:00:00,36.97109949929705,price,2017-05-12 23:00:00,day_ahead
2017-05-13 16:00:00,38.71320430672195,price,2017-05-12 23:00:00,day_ahead
2017-05-13 17:00:00,41.707790400805486,price,2017-05-12 23:00:00,day_ahead
2017-05-13 18:00:00,44.201197164381014,price,2017-05-12 23:00:00,day_ahead
2017-05-13 19:00:00,44.619469981133015,price,2017-05-12 23:00:00,day_ahead
2017-05-13 20:00:00,42.565974003572926,price,2017-05-12 23:00:00,day_ahead
2017-05-13 21:00:00,38.87606044078044,price,2017-05-12 23:00:00,day_ahead
2017-05-13 22:00:00,34.793280261545874,price,2017-05-12 23:00:00,day_ahead
2017-05-13 23:00:00,31.09243722297105,price,2017-05-12 23:00:00,day_ahead
2017-05-14 00:00:00,28.067367907375633,price,2017-05-13 23:00:00,day_ahead
2017-05-14 01:00:00,25.450673526021664,price,2017-05-13 23:00:00,day_ahead
2017-05-14 02:00:00,23.89207686021021,price,2017-05-13 23:00:00,day_ahead
2017-05-14 03:00:00,24.154524287976482,price,2017-05-13 23:00:00,day_ahead
2017-05-14 04:00:00,26.571871725721845,price,2017-05-13 23:00:00,day_ahead
2017-05-14 05:00:00,30.496356786510056,price,2017-05-13 23:00:00,day_ahead
2017-05-14 06:00:00,34.53233645065902,price,2017-05-13 23:00:00,day_ahead
2017-05-14 07:00:00,37.41661035783529,price,2017-05-13 23:00:00,day_ahead
2017-05-14 08:00:00,38.76458791648433,price,2017-05-13 23:00:00,day_ahead
2017-05-14 09:00:00,39.03281718198383,price,2017-05-13 23:00:00,day_ahead
2017-05-14 10:00:00,38.82147269482237,price,2017-05-13 23:00:00,day_ahead
2017-05-14 11:00:00,38.27479514795582,price,2017-05-13 23:00:00,day_ahead
2017-05-14 12:00:00,37.19129774098468,price,2017-05-13 23:00:00,day_ahead
2017-05-14 13:00:00,35.677882214489586,price,2017-05-13 23:00:00,day_ahead
2017-05-14 14:00:00,34.568892368629506,price,2017-05-13 23:00:00,day_ahead
2017-05-14 15:00:00,35.02447942458071,price,2017-05-13 23:00:00,day_ahead
2017-05-14 16:00:00,37.554559594576475,price,2017-05-13 23:00:00,day_ahead
2017-05-14 17:00:00,41.36006376398383,price,2017-05-13 23:00:00,day_ahead
2017-05-14 18:00:00,44.67723734430724,price,2017-05-13 23:00:00,day_ahead
2017-05-14 19:00:00,45.91891157045218,price,2017-05-13 23:00:00,day_ahead
2017-05-14 20:00:00,44.676163285927885,price,2017-05-13 23:00:00,day_ahead
2017-05-14 21:00:00,41.776827056888635,price,2017-05-13 23:00:00,day_ahead
2017-05-14 22:00:00,38.462501308810275,price,2017-05-13 23:00:00,day_ahead
2017-05-14 23:00:00,35.508907849259465,price,2017-05-13 23:00:00,day_ahead
2017-05-15 00:00:00,33.693033143165096,price,2017-05-14 23:00:00,day_ahead
2017-05-15 01:00:00,31.791215504297387,price,2017-05-14 23:00:00,day_ahead
2017-05-15 02:00:00,30.907915805138078,price,2017-05-14 23:00:00,day_ahead
2017-05-15 03:00:00,31.79970389811806,price,2017-05-14 23:00:00,day_ahead
2017-05-15 04:00:00,34.79484602253928,price,2017-05-14 23:00:00,day_ahead
2017-05-15 05:00:00,39.24188610738041,price,2017-05-14 23:00:00,day_ahead
2017-05-15 06:00:00,43.74402517183614,price,2017-05-14 23:00:00,day_ahead
2017-05-15 07:00:00,47.038706258772926,price,2017-05-14 23:00:00,day_ahead
2017-05-15 08:00:00,48.74186111112467,price,2017-05-14 23:00:00,day_ahead
2017-05-15 09:00:00,49.30868165096584,price,2017-05-14 23:00:00,day_ahead
2017-05-15 10:00:00,49.335905488854664,price,2017-05-14 23:00:00,day_ahead
2017-05-15 11:00:00,48.96379503868647,price,2017-05-14 23:00:00,day_ahead
2017-05-15 12:00:00,47.98839441108307,price,2017-05-14 23:00:00,day_ahead
2017-05-15 13:00:00,46.51662445080058,price,2017-05-14 23:00:00,day_ahead
2017-05-15 14:00:00,45.3846796348985,price,2017-05-14 23:00:00,day_ahead
2017-05-15 15:00:00,45.7549680385628,price,2017-05-14 23:00:00,day_ahead
2017-05-15 16:00:00,48.139277719229554,price,2017-05-14 23:00:00,day_ahead
2017-05-15 17:00:00,51.740490319821006,price,2017-05-14 23:00:00,day_ahead
2017-05-15 18:00:00,54.79794391876952,price,2017-05-14 23:00:00,day_ahead
2017-05-15 19:00:00,55.72917292485276,price,2017-05-14 23:00:00,day_ahead
2017-05-15 20:00:00,54.130900952258834,price,2017-05-14 23:00:00,day_ahead
2017-05-15 21:00:00,50.83633202468156,price,2017-05-14 23:00:00,day_ahead
2017-05-15 22:00:00,47.09143391995892,price,2017-05-14 23:00:00,day_ahead
2017-05-15 23:00:00,43.67554225850024,price,2017-05-14 23:00:00,day_ahead
2017-05-16 00:00:00,40.98258727431385,price,2017-05-15 23:00:00,day_ahead
2017-05-16 01:00:00,38.56183139309633,price,2017-05-15 23:00:00,day_ahead
2017-05-16 02:00:00,37.13788348304237,price,2017-05-15 23:00:00,day_ahead
2017-05-16 03:00:00,37.47441056032501,price,2017-05-15 23:00:00,day_ahead
2017-05-16 04:00:00,39.9062915406689,price,2017-05-15 23:00:00,day_ahead
2017-05-16 05:00:00,43.787976727039876,price,2017-05-15 23:00:00,day_ahead
2017-05-16 06:00:00,47.72830329228976,price,2017-05-15 23:00:00,day_ahead
2017-05-16 07:00:00,50.470438733839195,price,2017-05-15 23:00:00,day_ahead
2017-05-16 08:00:00,51.635985852471165,price,2017-05-15 23:00:00,day_ahead
2017-05-16 09:00:00,51.685315142180286,price,2017-05-15 23:00:00,day_ahead
2017-05-16 10:00:00,51.21956343253561,price,2017-05-15 23:00:00,day_ahead
2017-05-16 11:00:00,50.382616008748066,price,2017-05-15 23:00:00,day_ahead
2017-05-16 12:00:00,48.97338642680742,price,2017-05-15 23:00:00,day_ahead
2017-05-16 13:00:00,47.10072020459836,price,2017-05-15 23:00:00,day_ahead
2017-05-16 14:00:00,45.60161285057424,price,2017-05-15 23:00:00,day_ahead
2017-05-16 15:00:00,45.638515730095484,price,2017-05-15 23:00:00,day_ahead
2017-05-16 16:00:00,47.72359827096607,price,2017-05-15 23:00:00,day_ahead
2017-05-16 17:00:00,51.06167181737409,price,2017-05-15 23:00:00,day_ahead
2017-05-16 18:00:00,53.89580083953551,price,2017-05-15 23:00:00,day_ahead
2017-05-16 19:00:00,54.64774393197307,price,2017-05-15 23:00:00,day_ahead
2017-05-16 20:00:00,52.91670212819476,price,2017-05-15 23:00:00,day_ahead
2017-05-16 21:00:00,49.53491058173589,price,2017-05-15 23:00:00,day_ahead
2017-05-16 22:00:00,45.74400496587568,price,2017-05-15 23:00:00,day_ahead
2017-05-16 23:00:00,42.31745553960124,price,2017-05-15 23:00:00,day_ahead
2017-05-17 00:00:00,39.760045930544536,price,2017-05-16 23:00:00,day_ahead
2017-05-17 01:00:00,37.37735058588566,price,2017-05-16 23:00:00,day_ahead
2017-05-17 02:00:00,36.02428961197078,price,2017-05-16 23:00:00,day_ahead
2017-05-17 03:00:00,36.4644299809921,price,2017-05-16 23:00:00,day_ahead
2017-05-17 04:00:00,39.030800614280096,price,2017-05-16 23:00:00,day_ahead
2017-05-17 05:00:00,43.07213982330888,price,2017-05-16 23:00:00,day_ahead
2017-05-17 06:00:00,47.18869027255314,price,2017-05-16 23:00:00,day_ahead
2017-05-17 07:00:00,50.115668564134126,price,2017-05-16 23:00:00,day_ahead
2017-05-17 08:00:00,51.47031810760716,price,2017-05-16 23:00:00,day_ahead
2017-05-17 09:00:00,51.71198779055756,price,2017-05-16 23:00:00,day_ahead
2017-05-17 10:00:00,51.44117110446319,price,2017-05-16 23:00:00,day_ahead
2017-05-17 11:00:00,50.79893570369303,price,2017-05-16 23:00:00,day_ahead
2017-05-17 12:00:00,49.57964259072091,price,2017-05-16 23:00:00,day_ahead
2017-05-17 13:00:00,47.88870706071926,price,2017-05-16 23:00:00,day_ahead
2017-05-17 14:00:00,46.56291490743682,price,2017-05-16 23:00:00,day_ahead
2017-05-17 15:00:00,46.76651934884403,price,2017-05-16 23:00:00,day_ahead
2017-05-17 16:00:00,49.011754421184335,price,2017-05-16 23:00:00,day_ahead
2017-05-17 17:00:00,52.49896599648634,price,2017-05-16 23:00:00,day_ahead
2017-05-17 18:00:00,55.46325798515192,price,2017-05-16 23:00:00,day_ahead
2017-05-17 19:00:00,56.319200055391356,price,2017-05-16 23:00:00,day_ahead
2017-05-17 20:00:00,54.66348657067805,price,2017-05-16 23:00:00,day_ahead
2017-05-17 21:00:00,51.33085971504543,price,2017-05-16 23:00:00,day_ahead
2017-05-17 22:00:00,47.567342497690795,price,2017-05-16 23:00:00,day_ahead
2017-05-17 23:00:00,44.149248418021884,price,2017-05-16 23:00:00,day_ahead
2017-05-18 00:00:00,41.278787952100316,price,2017-05-17 23:00:00,day_ahead
2017-05-18 01:00:00,38.88302685367341,price,2017-05-17 23:00:00,day_ahead
2017-05-18 02:00:00,37.49479144953226,price,2017-05-17 23:00:00,day_ahead
2017-05-18 03:00:00,37.878354403784606,price,2017-05-17 23:00:00,day_ahead
2017-05-18 04:00:00,40.36789828441114,price,2017-05-17 23:00:00,day_ahead
2017-05-18 05:00:00,44.31482178218036,price,2017-05-17 23:00:00,day_ahead
2017-05-18 06:00:00,48.32380025014927,price,2017-05-17 23:00:00,day_ahead
2017-05-18 07:00:00,51.1351656580772,price,2017-05-17 23:00:00,day_ahead
2017-05-18 08:00:00,52.370334040452796,price,2017-05-17 23:00:00,day_ahead
2017-05-18 09:00:00,52.49109094545782,price,2017-05-17 23:00:00,day_ahead
2017-05-18 10:00:00,52.099198363934065,price,2017-05-17 23:00:00,day_ahead
2017-05-18 11:00:00,51.33693874847424,price,2017-05-17 23:00:00,day_ahead
2017-05-18 12:00:00,50.000234975819446,price,2017-05-17 23:00:00,day_ahead
2017-05-18 13:00:00,48.195753786435,price,2017-05-17 23:00:00,day_ahead
2017-05-18 14:00:00,46.76047001961609,price,2017-05-17 23:00:00,day_ahead
2017-05-18 15:00:00,46.85816217667532,price,2017-05-17 23:00:00,day_ahead
2017-05-18 16:00:00,49.001579900835964,price,2017-05-17 23:00:00,day_ahead
2017-05-18 17:00:00,52.39412139229585,price,2017-05-17 23:00:00,day_ahead
2017-05-18 18:00:00,55.27628642847861,price,2017-05-17 23:00:00,day_ahead
2017-05-18 19:00:00,56.068166726355855,price,2017-05-17 23:00:00,day_ahead
2017-05-18 20:00:00,54.36936512944214,price,2017-05-17 23:00:00,day_ahead
2017-05-18 21:00:00,51.01370716215907,price,2017-05-17 23:00:00,day_ahead
2017-05-18 22:00:00,47.24359783922228,price,2017-05-17 23:00:00,day_ahead
2017-05-18 23:00:00,43.83138663391697,price,2017-05-17 23:00:00,day_ahead
2017-05-19 00:00:00,40.4989796470459,price,2017-05-18 23:00:00,day_ahead
2017-05-19 01:00:00,38.17122457654835,price,2017-05-18 23:00:00,day_ahead
2017-05-19 02:00:00,36.839584678152065,price,2017-05-18 23:00:00,day_ahead
2017-05-19 03:00:00,37.253862769287025,price,2017-05-18 23:00:00,day_ahead
2017-05-19 04:00:00,39.74052166473894,price,2017-05-18 23:00:00,day_ahead
2017-05-19 05:00:00,43.66062256809507,price,2017-05-18 23:00:00,day_ahead
2017-05-19 06:00:00,47.64280951225381,price,2017-05-18 23:00:00,day_ahead
2017-05-19 07:00:00,50.44999603771965,price,2017-05-18 23:00:00,day_ahead
2017-05-19 08:00:00,51.71029505982943,price,2017-05-18 23:00:00,day_ahead
2017-05-19 09:00:00,51.875814771720854,price,2017-05-18 23:00:00,day_ahead
2017-05-19 10:00:00,51.53475135086478,price,2017-05-18 23:00:00,day_ahead
2017-05-19 11:00:00,50.82368421080586,price,2017-05-18 23:00:00,day_ahead
2017-05-19 12:00:00,49.539458927827276,price,2017-05-18 23:00:00,day_ahead
2017-05-19 13:00:00,47.784058440082866,price,2017-05-18 23:00:00,day_ahead
2017-05-19 14:00:00,46.37544919160833,price,2017-05-18 23:00:00,day_ahead
2017-05-19 15:00:00,46.45102551440774,price,2017-05-18 23:00:00,day_ahead
2017-05-19 16:00:00,48.508993204720404,price,2017-05-18 23:00:00,day_ahead
2017-05-19 17:00:00,51.76460452784212,price,2017-05-18 23:00:00,day_ahead
2017-05-19 18:00:00,54.491896882746545,price,2017-05-18 23:00:00,day_ahead
2017-05-19 19:00:00,55.14427903506689,price,2017-05-18 23:00:00,day_ahead
2017-05-19 20:00:00,53.33288715576376,price,2017-05-18 23:00:00,day_ahead
2017-05-19 21:00:00,49.877128620875375,price,2017-05-18 23:00:00,day_ahead
2017-05-19 22:00:00,45.99349164658562,price,2017-05-18 23:00:00,day_ahead
2017-05-19 23:00:00,42.435221083928276,price,2017-05-18 23:00:00,day_ahead
2017-05-20 00:00:00,39.24324765202841,price,2017-05-19 23:00:00,day_ahead
2017-05-20 01:00:00,36.63885180155231,price,2017-05-19 23:00:00,day_ahead
2017-05-20 02:00:00,35.00988654030554,price,2017-05-19 23:00:00,day_ahead
2017-05-20 03:00:00,35.10601110368807,price,2017-05-19 23:00:00,day_ahead
2017-05-20 04:00:00,37.2529666369449,price,2017-05-19 23:00:00,day_ahead
2017-05-20 05:00:00,40.81243625780522,price,2017-05-19 23:00:00,day_ahead
2017-05-20 06:00:00,44.415996369101805,price,2017-05-19 23:00:00,day_ahead
2017-05-20 07:00:00,46.831238605027394,price,2017-05-19 23:00:00,day_ahead
2017-05-20 08:00:00,47.69128878850994,price,2017-05-19 23:00:00,day_ahead
2017-05-20 09:00:00,47.452553472756534,price,2017-05-19 23:00:00,day_ahead
2017-05-20 10:00:00,46.70677846320811,price,2017-05-19 23:00:00,day_ahead
2017-05-20 11:00:00,45.594003142598204,price,2017-05-19 23:00:00,day_ahead
2017-05-20 12:00:00,43.915011247954524,price,2017-05-19 23:00:00,day_ahead
2017-05-20 13:00:00,41.7762527789412,price,2017-05-19 23:00:00,day_ahead
2017-05-20 14:00:00,40.00044703178142,price,2017-05-19 23:00:00,day_ahead
2017-05-20 15:00:00,39.72991929194106,price,2017-05-19 23:00:00,day_ahead
2017-05-20 16:00:00,41.46805113184916,price,2017-05-19 23:00:00,day_ahead
2017-05-20 17:00:00,44.43535765062075,price,2017-05-19 23:00:00,day_ahead
2017-05-20 18:00:00,46.9105651610176,price,2017-05-19 23:00:00,day_ahead
2017-05-20 19:00:00,47.35038838669013,price,2017-05-19 23:00:00,day_ahead
2017-05-20 20:00:00,45.36773457230221,price,2017-05-19 23:00:00,day_ahead
2017-05-20 21:00:00,41.783204781859,price,2017-05-19 23:00:00,day_ahead
2017-05-20 22:00:00,37.81544235219042,price,2017-05-19 23:00:00,day_ahead
2017-05-20 23:00:00,34.22169022489498,price,2017-05-19 23:00:00,day_ahead
2017-05-21 00:00:00,31.331875297257614,price,2017-05-20 23:00:00,day_ahead
2017-05-21 01:00:00,28.821217039435428,price,2017-05-20 23:00:00,day_ahead
2017-05-21 02:00:00,27.333916342113298,price,2017-05-20 23:00:00,day_ahead
2017-05-21 03:00:00,27.61635097938957,price,2017-05-20 23:00:00,day_ahead
2017-05-21 04:00:00,29.993609358119553,price,2017-05-20 23:00:00,day_ahead
2017-05-21 05:00:00,33.83196759039239,price,2017-05-20 23:00:00,day_ahead
2017-05-21 06:00:00,37.771034407135396,price,2017-05-20 23:00:00,day_ahead
2017-05-21 07:00:00,40.5845941332227,price,2017-05-20 23:00:00,day_ahead
2017-05-21 08:00:00,41.90585554726942,price,2017-05-20 23:00:00,day_ahead
2017-05-21 09:00:00,42.18561105854565,price,2017-05-20 23:00:00,day_ahead
2017-05-21 10:00:00,42.00861486022847,price,2017-05-20 23:00:00,day_ahead
2017-05-21 11:00:00,41.510300268706196,price,2017-05-20 23:00:00,day_ahead
2017-05-21 12:00:00,40.48875785599107,price,2017-05-20 23:00:00,day_ahead
2017-05-21 13:00:00,39.04578011678709,price,2017-05-20 23:00:00,day_ahead
2017-05-21 14:00:00,37.99472373406585,price,2017-05-20 23:00:00,day_ahead
2017-05-21 15:00:00,38.46588494125613,price,2017-05-20 23:00:00,day_ahead
2017-05-21 16:00:00,40.953659582374534,price,2017-05-20 23:00:00,day_ahead
2017-05-21 17:00:00,44.67693802969831,price,2017-05-20 23:00:00,day_ahead
2017-05-21 18:00:00,47.918865685454094,price,2017-05-20 23:00:00,day_ahead
2017-05-21 19:00:00,49.140375079242375,price,2017-05-20 23:00:00,day_ahead
2017-05-21 20:00:00,47.95231973037538,price,2017-05-20 23:00:00,day_ahead
2017-05-21 21:00:00,45.16586846737404,price,2017-05-20 23:00:00,day_ahead
2017-05-21 22:00:00,41.9868817416606,price,2017-05-20 23:00:00,day_ahead
2017-05-21 23:00:00,39.161391756305555,price,2017-05-20 23:00:00,day_ahead
2017-05-22 00:00:00,37.022255952762585,price,2017-05-21 23:00:00,day_ahead
2017-05-22 01:00:00,35.20608403562851,price,2017-05-21 23:00:00,day_ahead
2017-05-22 02:00:00,34.3731957371466,price,2017-05-21 23:00:00,day_ahead
2017-05-22 03:00:00,35.263564421220764,price,2017-05-21 23:00:00,day_ahead
2017-05-22 04:00:00,38.19897694787268,price,2017-05-21 23:00:00,day_ahead
2017-05-22 05:00:00,42.544854229202336,price,2017-05-21 23:00:00,day_ahead
2017-05-22 06:00:00,46.94032287026179,price,2017-05-21 23:00:00,day_ahead
2017-05-22 07:00:00,50.15737653119737,price,2017-05-21 23:00:00,day_ahead
2017-05-22 08:00:00,51.82614477885817,price,2017-05-21 23:00:00,day_ahead
2017-05-22 09:00:00,52.39442619574678,price,2017-05-21 23:00:00,day_ahead
2017-05-22 10:00:00,52.44526275455442,price,2017-05-21 23:00:00,day_ahead
2017-05-22 11:00:00,52.11353974207919,price,2017-05-21 23:00:00,day_ahead
2017-05-22 12:00:00,51.19688472950337,price,2017-05-21 23:00:00,day_ahead
2017-05-22 13:00:00,49.79605277809897,price,2017-05-21 23:00:00,day_ahead
2017-05-22 14:00:00,48.72346398007796,price,2017-05-21 23:00:00,day_ahead
2017-05-22 15:00:00,49.1100495958217,price,2017-05-21 23:00:00,day_ahead
2017-05-22 16:00:00,51.45321392896243,price,2017-05-21 23:00:00,day_ahead
2017-05-22 17:00:00,54.9764751050026,price,2017-05-21 23:00:00,day_ahead
2017-05-22 18:00:00,57.96754396541257,price,2017-05-21 23:00:00,day_ahead
2017-05-22 19:00:00,58.89079364414215,price,2017-05-21 23:00:00,day_ahead
2017-05-22 20:00:00,57.359869141461324,price,2017-05-21 23:00:00,day_ahead
2017-05-22 21:00:00,54.18945573794929,price,2017-05-21 23:00:00,day_ahead
2017-05-22 22:00:00,50.59037165048493,price,2017-05-21 23:00:00,day_ahead
2017-05-22 23:00:00,47.31422738028587,price,2017-05-21 23:00:00,day_ahead
2017-05-23 00:00:00,44.512623331803795,price,2017-05-22 23:00:00,day_ahead
2017-05-23 01:00:00,42.199861631395436,price,2017-05-22 23:00:00,day_ahead
2017-05-23 02:00:00,40.84987485830181,price,2017-05-22 23:00:00,day_ahead
2017-05-23 03:00:00,41.20565480095668,price,2017-05-22 23:00:00,day_ahead
2017-05-23 04:00:00,43.59316763149873,price,2017-05-22 23:00:00,day_ahead
2017-05-23 05:00:00,47.38454794642138,price,2017-05-22 23:00:00,day_ahead
2017-05-23 06:00:00,51.22764430474611,price,2017-05-22 23:00:00,day_ahead
2017-05-23 07:00:00,53.903032693116415,price,2017-05-22 23:00:00,day_ahead
2017-05-23 08:00:00,55.047344972466725,price,2017-05-22 23:00:00,day_ahead
2017-05-23 09:00:00,55.11260549277243,price,2017-05-22 23:00:00,day_ahead
2017-05-23 10:00:00,54.68509064605424,price,2017-05-22 23:00:00,day_ahead
2017-05-23 11:00:00,53.9030024911574,price,2017-05-22 23:00:00,day_ahead
2017-05-23 12:00:00,52.56695326825683,price,2017-05-22 23:00:00,day_ahead
2017-05-23 13:00:00,50.77899171617801,price,2017-05-22 23:00:00,day_ahead
2017-05-23 14:00:00,49.35067323598055,price,2017-05-22 23:00:00,day_ahead
2017-05-23 15:00:00,49.411485178340136,price,2017-05-22 23:00:00,day_ahead
2017-05-23 16:00:00,51.45949914209988,price,2017-05-22 23:00:00,day_ahead
2017-05-23 17:00:00,54.72245546514353,price,2017-05-22 23:00:00,day_ahead
2017-05-23 18:00:00,57.49445852681602,price,2017-05-22 23:00:00,day_ahead
2017-05-23 19:00:00,58.245044310995844,price,2017-05-22 23:00:00,day_ahead
2017-05-23 20:00:00,56.588972623171955,price,2017-05-22 23:00:00,day_ahead
2017-05-23 21:00:00,53.337860050681165,price,2017-05-22 23:00:00,day_ahead
2017-05-23 22:00:00,49.69757354728581,price,2017-05-22 23:00:00,day_ahead
2017-05-23 23:00:00,46.415395365737076,price,2017-05-22 23:00:00,day_ahead
2017-05-24 00:00:00,43.16752385032031,price,2017-05-23 23:00:00,day_ahead
2017-05-24 01:00:00,40.92771625208258,price,2017-05-23 23:00:00,day_ahead
2017-05-24 02:00:00,39.66740262946958,price,2017-05-23 23:00:00,day_ahead
2017-05-24 03:00:00,40.11847862846803,price,2017-05-23 23:00:00,day_ahead
2017-05-24 04:00:00,42.600186887457795,price,2017-05-23 23:00:00,day_ahead
2017-05-24 05:00:00,46.48852806830656,price,2017-05-23 23:00:00,day_ahead
2017-05-24 06:00:00,50.443445371108325,price,2017-05-23 23:00:00,day_ahead
2017-05-24 07:00:00,53.25626117943454,price,2017-05-23 23:00:00,day_ahead
2017-05-24 08:00:00,54.56477810657483,price,2017-05-23 23:00:00,day_ahead
2017-05-24 09:00:00,54.81298069868224,price,2017-05-23 23:00:00,day_ahead
2017-05-24 10:00:00,54.577554791866774,price,2017-05-23 23:00:00,day_ahead
2017-05-24 11:00:00,53.99212029401549,price,2017-05-23 23:00:00,day_ahead
2017-05-24 12:00:00,52.85636784342795,price,2017-05-23 23:00:00,day_ahead
2017-05-24 13:00:00,51.26772379668961,price,2017-05-23 23:00:00,day_ahead
2017-05-24 14:00:00,50.02484096899883,price,2017-05-23 23:00:00,day_ahead
2017-05-24 15:00:00,50.24084554875527,price,2017-05-23 23:00:00,day_ahead
2017-05-24 16:00:00,52.40539024584749,price,2017-05-23 23:00:00,day_ahead
2017-05-24 17:00:00,55.7535012134693,price,2017-05-23 23:00:00,day_ahead
2017-05-24 18:00:00,58.59844506673356,price,2017-05-23 23:00:00,day_ahead
2017-05-24 19:00:00,59.427598116559956,price,2017-05-23 23:00:00,day_ahead
2017-05-24 20:00:00,57.860380294769854,price,2017-05-23 23:00:00,day_ahead
2017-05-24 21:00:00,54.698774645148696,price,2017-05-23 23:00:00,day_ahead
2017-05-24 22:00:00,51.13395417704318,price,2017-05-23 23:00:00,day_ahead
2017-05-24 23:00:00,47.903740177288846,price,2017-05-23 23:00:00,day_ahead
2017-05-25 00:00:00,44.97510130482069,price,2017-05-24 23:00:00,day_ahead
2017-05-25 01:00:00,42.71543090606901,price,2017-05-24 23:00:00,day_ahead
2017-05-25 02:00:00,41.41640269514474,price,2017-05-24 23:00:00,day_ahead
2017-05-25 03:00:00,41.8082505134406,price,2017-05-24 23:00:00,day_ahead
2017-05-25 04:00:00,44.20913941079294,price,2017-05-24 23:00:00,day_ahead
2017-05-25 05:00:00,47.99768657913606,price,2017-05-24 23:00:00,day_ahead
2017-05-25 06:00:00,51.840208131070106,price,2017-05-24 23:00:00,day_ahead
2017-05-25 07:00:00,54.53499412588969,price,2017-05-24 23:00:00,day_ahead
2017-05-25 08:00:00,55.72402933199969,price,2017-05-24 23:00:00,day_ahead
2017-05-25 09:00:00,55.852185652868144,price,2017-05-24 23:00:00,day_ahead
2017-05-25 10:00:00,55.49617708259396,price,2017-05-24 23:00:00,day_ahead
2017-05-25 11:00:00,54.79127593543364,price,2017-05-24 23:00:00,day_ahead
2017-05-25 12:00:00,53.54021808078057,price,2017-05-24 23:00:00,day_ahead
2017-05-25 13:00:00,51.84224089372342,price,2017-05-24 23:00:00,day_ahead
2017-05-25 14:00:00,50.49467351922875,price,2017-05-24 23:00:00,day_ahead
2017-05-25 15:00:00,50.607652724059896,price,2017-05-24 23:00:00,day_ahead
2017-05-25 16:00:00,52.67022667952589,price,2017-05-24 23:00:00,day_ahead
2017-05-25 17:00:00,55.92208727038833,price,2017-05-24 23:00:00,day_ahead
2017-05-25 18:00:00,58.685031087395565,price,2017-05-24 23:00:00,day_ahead
2017-05-25 19:00:00,59.45382440391847,price,2017-05-24 23:00:00,day_ahead
2017-05-25 20:00:00,57.84963750661831,price,2017-05-24 23:00:00,day_ahead
2017-05-25 21:00:00,54.67034038109187,price,2017-05-24 23:00:00,day_ahead
2017-05-25 22:00:00,51.101119913997444,price,2017-05-24 23:00:00,day_ahead
2017-05-25 23:00:00,47.87637160316707,price,2017-05-24 23:00:00,day_ahead
2017-05-26 00:00:00,45.2445653382213,price,2017-05-25 23:00:00,day_ahead
2017-05-26 01:00:00,43.01072117649491,price,2017-05-25 23:00:00,day_ahead
2017-05-26 02:00:00,41.7465983755243,price,2017-05-25 23:00:00,day_ahead
2017-05-26 03:00:00,42.17853556645766,price,2017-05-25 23:00:00,day_ahead
2017-05-26 04:00:00,44.62085647535988,price,2017-05-25 23:00:00,day_ahead
2017-05-26 05:00:00,48.451036712219484,price,2017-05-25 23:00:00,day_ahead
2017-05-26 06:00:00,52.337199110527685,price,2017-05-25 23:00:00,day_ahead
2017-05-26 07:00:00,55.079867160034176,price,2017-05-25 23:00:00,day_ahead
2017-05-26 08:00:00,56.32075134425731,price,2017-05-25 23:00:00,day_ahead
2017-05-26 09:00:00,56.50129191058075,price,2017-05-25 23:00:00,day_ahead
2017-05-26 10:00:00,56.19359872497631,price,2017-05-25 23:00:00,day_ahead
2017-05-26 11:00:00,55.52952342536352,price,2017-05-25 23:00:00,day_ahead
2017-05-26 12:00:00,54.30981612712077,price,2017-05-25 23:00:00,day_ahead
2017-05-26 13:00:00,52.63121963796592,price,2017-05-25 23:00:00,day_ahead
2017-05-26 14:00:00,51.2863291914183,price,2017-05-25 23:00:00,day_ahead
2017-05-26 15:00:00,51.37917493457539,price,2017-05-25 23:00:00,day_ahead
2017-05-26 16:00:00,53.39454072158038,price,2017-05-25 23:00:00,day_ahead
2017-05-26 17:00:00,56.572387143808534,price,2017-05-25 23:00:00,day_ahead
2017-05-26 18:00:00,59.238712323297136,price,2017-05-25 23:00:00,day_ahead
2017-05-26 19:00:00,59.89265935818889,price,2017-05-25 23:00:00,day_ahead
2017-05-26 20:00:00,58.15612751739919,price,2017-05-25 23:00:00,day_ahead
2017-05-26 21:00:00,54.823407880653725,price,2017-05-25 23:00:00,day_ahead
2017-05-26 22:00:00,51.07466912100616,price,2017-05-25 23:00:00,day_ahead
2017-05-26 23:00:00,47.64147341133394,price,2017-05-25 23:00:00,day_ahead
2017-05-27 00:00:00,44.68208140357331,price,2017-05-26 23:00:00,day_ahead
2017-05-27 01:00:00,42.18031803368325,price,2017-05-26 23:00:00,day_ahead
2017-05-27 02:00:00,40.623245145196826,price,2017-05-26 23:00:00,day_ahead
2017-05-27 03:00:00,40.73841679809241,price,2017-05-26 23:00:00,day_ahead
2017-05-27 04:00:00,42.841399743810385,price,2017-05-26 23:00:00,day_ahead
2017-05-27 05:00:00,46.312126378071326,price,2017-05-26 23:00:00,day_ahead
2017-05-27 06:00:00,49.82284271591242,price,2017-05-26 23:00:00,day_ahead
2017-05-27 07:00:00,52.17905446515289,price,2017-05-26 23:00:00,day_ahead
2017-05-27 08:00:00,53.02699867375145,price,2017-05-26 23:00:00,day_ahead
2017-05-27 09:00:00,52.81159329361485,price,2017-05-26 23:00:00,day_ahead
2017-05-27 10:00:00,52.10795337286764,price,2017-05-26 23:00:00,day_ahead
2017-05-27 11:00:00,51.051454734370125,price,2017-05-26 23:00:00,day_ahead
2017-05-27 12:00:00,49.44717002514157,price,2017-05-26 23:00:00,day_ahead
2017-05-27 13:00:00,47.39623789602453,price,2017-05-26 23:00:00,day_ahead
2017-05-27 14:00:00,45.694860219014224,price,2017-05-26 23:00:00,day_ahead
2017-05-27 15:00:00,45.44999374129648,price,2017-05-26 23:00:00,day_ahead
2017-05-27 16:00:00,47.14987298613684,price,2017-05-26 23:00:00,day_ahead
2017-05-27 17:00:00,50.03961328695815,price,2017-05-26 23:00:00,day_ahead
2017-05-27 18:00:00,52.45190712959496,price,2017-05-26 23:00:00,day_ahead
2017-05-27 19:00:00,52.89244397347551,price,2017-05-26 23:00:00,day_ahead
2017-05-27 20:00:00,50.98757092958366,price,2017-05-26 23:00:00,day_ahead
2017-05-27 21:00:00,47.5333143475113,price,2017-05-26 23:00:00,day_ahead
2017-05-27 22:00:00,43.71005288872672,price,2017-05-26 23:00:00,day_ahead
2017-05-27 23:00:00,40.2499204175441,price,2017-05-26 23:00:00,day_ahead
2017-05-28 00:00:00,37.21708355964334,price,2017-05-27 23:00:00,day_ahead
2017-05-28 01:00:00,34.81431162113409,price,2017-05-27 23:00:00,day_ahead
2017-05-28 02:00:00,33.39861242660686,price,2017-05-27 23:00:00,day_ahead
2017-05-28 03:00:00,33.69063865708097,price,2017-05-27 23:00:00,day_ahead
2017-05-28 04:00:00,36.004313994820166,price,2017-05-27 23:00:00,day_ahead
2017-05-28 05:00:00,39.72773786088904,price,2017-05-27 23:00:00,day_ahead
2017-05-28 06:00:00,43.54723656650782,price,2017-05-27 23:00:00,day_ahead
2017-05-28 07:00:00,46.27873314624673,price,2017-05-27 23:00:00,day_ahead
2017-05-28 08:00:00,47.568498936800516,price,2017-05-27 23:00:00,day_ahead
2017-05-28 09:00:00,47.85311306275204,price,2017-05-27 23:00:00,day_ahead
2017-05-28 10:00:00,47.699063913066375,price,2017-05-27 23:00:00,day_ahead
2017-05-28 11:00:00,47.238475701210824,price,2017-05-27 23:00:00,day_ahead
2017-05-28 12:00:00,46.276068753589215,price,2017-05-27 23:00:00,day_ahead
2017-05-28 13:00:00,44.90787241478926,price,2017-05-27 23:00:00,day_ahead
2017-05-28 14:00:00,43.916139900471684,price,2017-05-27 23:00:00,day_ahead
2017-05-28 15:00:00,44.390163733053384,price,2017-05-27 23:00:00,day_ahead
2017-05-28 16:00:00,46.80756480413077,price,2017-05-27 23:00:00,day_ahead
2017-05-28 17:00:00,50.41652479225856,price,2017-05-27 23:00:00,day_ahead
2017-05-28 18:00:00,53.56229289663261,price,2017-05-27 23:00:00,day_ahead
2017-05-28 19:00:00,54.76059328833991,price,2017-05-27 23:00:00,day_ahead
2017-05-28 20:00:00,53.63549557431799,price,2017-05-27 23:00:00,day_ahead
2017-05-28 21:00:00,50.96863340782471,price,2017-05-27 23:00:00,day_ahead
2017-05-28 22:00:00,47.922556664257236,price,2017-05-27 23:00:00,day_ahead
2017-05-28 23:00:00,45.216529015750055,price,2017-05-27 23:00:00,day_ahead
2017-05-29 00:00:00,43.17321717130079,price,2017-05-28 23:00:00,day_ahead
2017-05-29 01:00:00,41.454491655242286,price,2017-05-28 23:00:00,day_ahead
2017-05-29 02:00:00,40.671092139852476,price,2017-05-28 23:00:00,day_ahead
2017-05-29 03:00:00,41.53241926672432,price,2017-05-28 23:00:00,day_ahead
2017-05-29 04:00:00,44.34745762112011,price,2017-05-28 23:00:00,day_ahead
2017-05-29 05:00:00,48.50999986429922,price,2017-05-28 23:00:00,day_ahead
2017-05-29 06:00:00,52.71902541890628,price,2017-05-28 23:00:00,day_ahead
2017-05-29 07:00:00,55.80062674019474,price,2017-05-28 23:00:00,day_ahead
2017-05-29 08:00:00,57.40174503810161,price,2017-05-28 23:00:00,day_ahead
2017-05-29 09:00:00,57.951652896935606,price,2017-05-28 23:00:00,day_ahead
2017-05-29 10:00:00,58.00947006693747,price,2017-05-28 23:00:00,day_ahead
2017-05-29 11:00:00,57.70587542525931,price,2017-05-28 23:00:00,day_ahead
2017-05-29 12:00:00,56.848038550662785,price,2017-05-28 23:00:00,day_ahead
2017-05-29 13:00:00,55.53074504847331,price,2017-05-28 23:00:00,day_ahead
2017-05-29 14:00:00,54.52687914961018,price,2017-05-28 23:00:00,day_ahead
2017-05-29 15:00:00,54.91312423776228,price,2017-05-28 23:00:00,day_ahead
2017-05-29 16:00:00,57.1624331131784,price,2017-05-28 23:00:00,day_ahead
2017-05-29 17:00:00,60.53383760622254,price,2017-05-28 23:00:00,day_ahead
2017-05-29 18:00:00,63.39540151869849,price,2017-05-28 23:00:00,day_ahead
2017-05-29 19:00:00,64.28508615407164,price,2017-05-28 23:00:00,day_ahead
2017-05-29 20:00:00,62.83713264042541,price,2017-05-28 23:00:00,day_ahead
2017-05-29 21:00:00,59.82961973004954,price,2017-05-28 23:00:00,day_ahead
2017-05-29 22:00:00,56.41573565102601,price,2017-05-28 23:00:00,day_ahead
2017-05-29 23:00:00,53.308779943237646,price,2017-05-28 23:00:00,day_ahead
2017-05-30 00:00:00,50.12700608240168,price,2017-05-29 23:00:00,day_ahead
2017-05-30 01:00:00,47.91703840652771,price,2017-05-29 23:00:00,day_ahead
2017-05-30 02:00:00,46.63054474800779,price,2017-05-29 23:00:00,day_ahead
2017-05-30 03:00:00,46.97972433837442,price,2017-05-29 23:00:00,day_ahead
2017-05-30 04:00:00,49.27670939321235,price,2017-05-29 23:00:00,day_ahead
2017-05-30 05:00:00,52.91969375030356,price,2017-05-29 23:00:00,day_ahead
2017-05-30 06:00:00,56.612742886997395,price,2017-05-29 23:00:00,day_ahead
2017-05-30 07:00:00,59.186584800560134,price,2017-05-29 23:00:00,day_ahead
2017-05-30 08:00:00,60.291876651145614,price,2017-05-29 23:00:00,day_ahead
2017-05-30 09:00:00,60.36120010780778,price,2017-05-29 23:00:00,day_ahead
2017-05-30 10:00:00,59.957300862697615,price,2017-05-29 23:00:00,day_ahead
2017-05-30 11:00:00,59.21484578123082,price,2017-05-29 23:00:00,day_ahead
2017-05-30 12:00:00,57.94471512035399,price,2017-05-29 23:00:00,day_ahead
2017-05-30 13:00:00,56.2446403282338,price,2017-05-29 23:00:00,day_ahead
2017-05-30 14:00:00,54.890016235941104,price,2017-05-29 23:00:00,day_ahead
2017-05-30 15:00:00,54.96038699050133,price,2017-05-29 23:00:00,day_ahead
2017-05-30 16:00:00,56.93205848671693,price,2017-05-29 23:00:00,day_ahead
2017-05-30 17:00:00,60.06677722724629,price,2017-05-29 23:00:00,day_ahead
2017-05-30 18:00:00,62.732990676529006,price,2017-05-29 23:00:00,day_ahead
2017-05-30 19:00:00,63.46604204403311,price,2017-05-29 23:00:00,day_ahead
2017-05-30 20:00:00,61.895877868289475,price,2017-05-29 23:00:00,day_ahead
2017-05-30 21:00:00,58.79720812428613,price,2017-05-29 23:00:00,day_ahead
2017-05-30 22:00:00,55.322689674737994,price,2017-05-29 23:00:00,day_ahead
2017-05-30 23:00:00,52.18759949574655,price,2017-05-29 23:00:00,day_ahead
2017-05-31 00:00:00,49.12073303785725,price,2017-05-30 23:00:00,day_ahead
2017-05-31 01:00:00,46.97192878598469,price,2017-05-30 23:00:00,day_ahead
2017-05-31 02:00:00,45.766812070377775,price,2017-05-30 23:00:00,day_ahead
2017-05-31 03:00:00,46.20874771688821,price,2017-05-30 23:00:00,day_ahead
2017-05-31 04:00:00,48.60344292194487,price,2017-05-30 23:00:00,day_ahead
2017-05-31 05:00:00,52.35039460424256,price,2017-05-30 23:00:00,day_ahead
2017-05-31 06:00:00,56.161593725233615,price,2017-05-30 23:00:00,day_ahead
2017-05-31 07:00:00,58.87526016033281,price,2017-05-30 23:00:00,day_ahead
2017-05-31 08:00:00,60.14248818196958,price,2017-05-30 23:00:00,day_ahead
2017-05-31 09:00:00,60.38897570827367,price,2017-05-30 23:00:00,day_ahead
2017-05-31 10:00:00,60.16892548690961,price,2017-05-30 23:00:00,day_ahead
2017-05-31 11:00:00,59.61219206009931,price,2017-05-30 23:00:00,day_ahead
2017-05-31 12:00:00,58.52816363539692,price,2017-05-30 23:00:00,day_ahead
2017-05-31 13:00:00,57.01107903655621,price,2017-05-30 23:00:00,day_ahead
2017-05-31 14:00:00,55.827055360207176,price,2017-05-30 23:00:00,day_ahead
2017-05-31 15:00:00,56.04362259949795,price,2017-05-30 23:00:00,day_ahead
2017-05-31 16:00:00,58.13056497716551,price,2017-05-30 23:00:00,day_ahead
2017-05-31 17:00:00,61.354506910206084,price,2017-05-30 23:00:00,day_ahead
2017-05-31 18:00:00,64.09756331460893,price,2017-05-30 23:00:00,day_ahead
2017-05-31 19:00:00,64.90775725941407,price,2017-05-30 23:00:00,day_ahead
2017-05-31 20:00:00,63.41777244384903,price,2017-05-30 23:00:00,day_ahead
2017-05-31 21:00:00,60.394284809693815,price,2017-05-30 23:00:00,day_ahead
2017-05-31 22:00:00,56.97836317670412,price,2017-05-30 23:00:00,day_ahead
2017-05-31 23:00:00,53.87831002274255,price,2017-05-30 23:00:00,day_ahead
2017-06-01 00:00:00,50.902683355198604,price,2017-05-31 23:00:00,day_ahead
2017-06-01 01:00:00,48.74719490925683,price,2017-05-31 23:00:00,day_ahead
2017-06-01 02:00:00,47.507483231613634,price,2017-05-31 23:00:00,day_ahead
2017-06-01 03:00:00,47.88148143102348,price,2017-05-31 23:00:00,day_ahead
2017-06-01 04:00:00,50.173162686176624,price,2017-05-31 23:00:00,day_ahead
2017-06-01 05:00:00,53.78991925850935,price,2017-05-31 23:00:00,day_ahead
2017-06-01 06:00:00,57.45957541768637,price,2017-05-31 23:00:00,day_ahead
2017-06-01 07:00:00,60.03543761671735,price,2017-05-31 23:00:00,day_ahead
2017-06-01 08:00:00,61.17497034496863,price,2017-05-31 23:00:00,day_ahead
2017-06-01 09:00:00,61.30136635657711,price,2017-05-31 23:00:00,day_ahead
2017-06-01 10:00:00,60.964455938876156,price,2017-05-31 23:00:00,day_ahead
2017-06-01 11:00:00,60.2943669105003,price,2017-05-31 23:00:00,day_ahead
2017-06-01 12:00:00,59.10464212342428,price,2017-05-31 23:00:00,day_ahead
2017-06-01 13:00:00,57.4906807314017,price,2017-05-31 23:00:00,day_ahead
2017-06-01 14:00:00,56.21184885677817,price,2017-05-31 23:00:00,day_ahead
2017-06-01 15:00:00,56.32473683252868,price,2017-05-31 23:00:00,day_ahead
2017-06-01 16:00:00,58.29439795472752,price,2017-05-31 23:00:00,day_ahead
2017-06-01 17:00:00,61.396639188514776,price,2017-05-31 23:00:00,day_ahead
2017-06-01 18:00:00,64.03374761810632,price,2017-05-31 23:00:00,day_ahead
2017-06-01 19:00:00,64.77273100715895,price,2017-05-31 23:00:00,day_ahead
2017-06-01 20:00:00,63.25245134643494,price,2017-05-31 23:00:00,day_ahead
2017-06-01 21:00:00,60.23120086083525,price,2017-05-31 23:00:00,day_ahead
2017-06-01 22:00:00,56.835571366041385,price,2017-05-31 23:00:00,day_ahead
2017-06-01 23:00:00,53.763535773915905,price,2017-05-31 23:00:00,day_ahead
2017-06-02 00:00:00,50.747620492070105,price,2017-06-01 23:00:00,day_ahead
2017-06-02 01:00:00,48.61182294911421,price,2017-06-01 23:00:00,day_ahead
2017-06-02 02:00:00,47.40131004083849,price,2017-06-01 23:00:00,day_ahead
2017-06-02 03:00:00,47.809250618239325,price,2017-06-01 23:00:00,day_ahead
2017-06-02 04:00:00,50.136019629726434,price,2017-06-01 23:00:00,day_ahead
2017-06-02 05:00:00,53.78879333596227,price,2017-06-01 23:00:00,day_ahead
2017-06-02 06:00:00,57.49768944268357,price,2017-06-01 23:00:00,day_ahead
2017-06-02 07:00:00,60.11764964054718,price,2017-06-01 23:00:00,day_ahead
2017-06-02 08:00:00,61.30461344154828,price,2017-06-01 23:00:00,day_ahead
2017-06-02 09:00:00,61.47745063898559,price,2017-06-01 23:00:00,day_ahead
2017-06-02 10:00:00,61.181431187908956,price,2017-06-01 23:00:00,day_ahead
2017-06-02 11:00:00,60.543908995446444,price,2017-06-01 23:00:00,day_ahead
2017-06-02 12:00:00,59.376960990921745,price,2017-06-01 23:00:00,day_ahead
2017-06-02 13:00:00,57.77363896776641,price,2017-06-01 23:00:00,day_ahead
2017-06-02 14:00:00,56.4888523007584,price,2017-06-01 23:00:00,day_ahead
2017-06-02 15:00:00,56.57407740806501,price,2017-06-01 23:00:00,day_ahead
2017-06-02 16:00:00,58.49160154172298,price,2017-06-01 23:00:00,day_ahead
2017-06-02 17:00:00,61.51841622342995,price,2017-06-01 23:00:00,day_ahead
2017-06-02 18:00:00,64.0603183143518,price,2017-06-01 23:00:00,day_ahead
2017-06-02 19:00:00,64.68653445765048,price,2017-06-01 23:00:00,day_ahead
2017-06-02 20:00:00,63.034472613879885,price,2017-06-01 23:00:00,day_ahead
2017-06-02 21:00:00,59.858280497120816,price,2017-06-01 23:00:00,day_ahead
2017-06-02 22:00:00,56.28103541809302,price,2017-06-01 23:00:00,day_ahead
2017-06-02 23:00:00,53.00030662093516,price,2017-06-01 23:00:00,day_ahead
2017-06-03 00:00:00,49.59202564724311,price,2017-06-02 23:00:00,day_ahead
2017-06-03 01:00:00,47.2343015105884,price,2017-06-02 23:00:00,day_ahead
2017-06-03 02:00:00,45.76017317358558,price,2017-06-02 23:00:00,day_ahead
2017-06-03 03:00:00,45.85428559308706,price,2017-06-02 23:00:00,day_ahead
2017-06-03 04:00:00,47.81541718987776,price,2017-06-02 23:00:00,day_ahead
2017-06-03 05:00:00,51.06433547409379,price,2017-06-02 23:00:00,day_ahead
2017-06-03 06:00:00,54.356254267090485,price,2017-06-02 23:00:00,day_ahead
2017-06-03 07:00:00,56.56886882890566,price,2017-06-02 23:00:00,day_ahead
2017-06-03 08:00:00,57.36671997660723,price,2017-06-02 23:00:00,day_ahead
2017-06-03 09:00:00,57.163884977950744,price,2017-06-02 23:00:00,day_ahead
2017-06-03 10:00:00,56.49901364273124,price,2017-06-02 23:00:00,day_ahead
2017-06-03 11:00:00,55.50107873683217,price,2017-06-02 23:00:00,day_ahead
2017-06-03 12:00:00,53.99025267007223,price,2017-06-02 23:00:00,day_ahead
2017-06-03 13:00:00,52.06291522580934,price,2017-06-02 23:00:00,day_ahead
2017-06-03 14:00:00,50.464716985868556,price,2017-06-02 23:00:00,day_ahead
2017-06-03 15:00:00,50.23123732756895,price,2017-06-02 23:00:00,day_ahead
2017-06-03 16:00:00,51.81862631632923,price,2017-06-02 23:00:00,day_ahead
2017-06-03 17:00:00,54.51962806410474,price,2017-06-02 23:00:00,day_ahead
2017-06-03 18:00:00,56.77326638062403,price,2017-06-02 23:00:00,day_ahead
2017-06-03 19:00:00,57.18072733263905,price,2017-06-02 23:00:00,day_ahead
2017-06-03 20:00:00,55.39217598943159,price,2017-06-02 23:00:00,day_ahead
2017-06-03 21:00:00,52.15239146477677,price,2017-06-02 23:00:00,day_ahead
2017-06-03 22:00:00,48.56551968365355,price,2017-06-02 23:00:00,day_ahead
2017-06-03 23:00:00,45.31586374636077,price,2017-06-02 23:00:00,day_ahead
2017-06-04 00:00:00,42.01949543676856,price,2017-06-03 23:00:00,day_ahead
2017-06-04 01:00:00,39.74625025855092,price,2017-06-03 23:00:00,day_ahead
2017-06-04 02:00:00,38.39842962582469,price,2017-06-03 23:00:00,day_ahead
2017-06-04 03:00:00,38.65572162082367,price,2017-06-03 23:00:00,day_ahead
2017-06-04 04:00:00,40.816195008076704,price,2017-06-03 23:00:00,day_ahead
2017-06-04 05:00:00,44.30720017187961,price,2017-06-03 23:00:00,day_ahead
2017-06-04 06:00:00,47.89455658304854,price,2017-06-03 23:00:00,day_ahead
2017-06-04 07:00:00,50.46336343723491,price,2017-06-03 23:00:00,day_ahead
2017-06-04 08:00:00,51.677516886092235,price,2017-06-03 23:00:00,day_ahead
2017-06-04 09:00:00,51.94404429257002,price,2017-06-03 23:00:00,day_ahead
2017-06-04 10:00:00,51.79412835215445,price,2017-06-03 23:00:00,day_ahead
2017-06-04 11:00:00,51.35299015726484,price,2017-06-03 23:00:00,day_ahead
2017-06-04 12:00:00,50.439059453627195,price,2017-06-03 23:00:00,day_ahead
2017-06-04 13:00:00,49.14370843951039,price,2017-06-03 23:00:00,day_ahead
2017-06-04 14:00:00,48.20169666300946,price,2017-06-03 23:00:00,day_ahead
2017-06-04 15:00:00,48.63563486418414,price,2017-06-03 23:00:00,day_ahead
2017-06-04 16:00:00,50.894077969574674,price,2017-06-03 23:00:00,day_ahead
2017-06-04 17:00:00,54.271728565253994,price,2017-06-03 23:00:00,day_ahead
2017-06-04 18:00:00,57.2156412885673,price,2017-06-03 23:00:00,day_ahead
2017-06-04 19:00:00,58.332488184002464,price,2017-06-03 23:00:00,day_ahead
2017-06-04 20:00:00,57.26882997015098,price,2017-06-03 23:00:00,day_ahead
2017-06-04 21:00:00,54.75745169806477,price,2017-06-03 23:00:00,day_ahead
2017-06-04 22:00:00,51.88853159297335,price,2017-06-03 23:00:00,day_ahead
2017-06-04 23:00:00,49.336168650728816,price,2017-06-03 23:00:00,day_ahead
2017-06-05 00:00:00,46.48398595993306,price,2017-06-04 23:00:00,day_ahead
2017-06-05 01:00:00,44.847550204740315,price,2017-06-04 23:00:00,day_ahead
2017-06-05 02:00:00,44.09651264550263,price,2017-06-04 23:00:00,day_ahead
2017-06-05 03:00:00,44.89729257428291,price,2017-06-04 23:00:00,day_ahead
2017-06-05 04:00:00,47.541117972458835,price,2017-06-04 23:00:00,day_ahead
2017-06-05 05:00:00,51.45917307553535,price,2017-06-04 23:00:00,day_ahead
2017-06-05 06:00:00,55.42747912444315,price,2017-06-04 23:00:00,day_ahead
2017-06-05 07:00:00,58.33845186387427,price,2017-06-04 23:00:00,day_ahead
2017-06-05 08:00:00,59.854496673344684,price,2017-06-04 23:00:00,day_ahead
2017-06-05 09:00:00,60.374662324102616,price,2017-06-04 23:00:00,day_ahead
2017-06-05 10:00:00,60.42313933920538,price,2017-06-04 23:00:00,day_ahead
2017-06-05 11:00:00,60.12401580421131,price,2017-06-04 23:00:00,day_ahead
2017-06-05 12:00:00,59.29816679847873,price,2017-06-04 23:00:00,day_ahead
2017-06-05 13:00:00,58.03669416691077,price,2017-06-04 23:00:00,day_ahead
2017-06-05 14:00:00,57.06851266065472,price,2017-06-04 23:00:00,day_ahead
2017-06-05 15:00:00,57.40934304169315,price,2017-06-04 23:00:00,day_ahead
2017-06-05 16:00:00,59.507877302763745,price,2017-06-04 23:00:00,day_ahead
2017-06-05 17:00:00,62.66957847701131,price,2017-06-04 23:00:00,day_ahead
2017-06-05 18:00:00,65.35781647188351,price,2017-06-04 23:00:00,day_ahead
2017-06-05 19:00:00,66.19142113742,price,2017-06-04 23:00:00,day_ahead
2017-06-05 20:00:00,64.81913093149389,price,2017-06-04 23:00:00,day_ahead
2017-06-05 21:00:00,61.96884730834359,price,2017-06-04 23:00:00,day_ahead
2017-06-05 22:00:00,58.727029253372855,price,2017-06-04 23:00:00,day_ahead
2017-06-05 23:00:00,55.770561984267516,price,2017-06-04 23:00:00,day_ahead
2017-06-06 00:00:00,51.99192001026105,price,2017-06-05 23:00:00,day_ahead
2017-06-06 01:00:00,49.95607725701728,price,2017-06-05 23:00:00,day_ahead
2017-06-06 02:00:00,48.757609243549496,price,2017-06-05 23:00:00,day_ahead
2017-06-06 03:00:00,49.048066406104184,price,2017-06-05 23:00:00,day_ahead
2017-06-06 04:00:00,51.11665859431983,price,2017-06-05 23:00:00,day_ahead
2017-06-06 05:00:00,54.41969834743729,price,2017-06-05 23:00:00,day_ahead
2017-06-06 06:00:00,57.7780220923154,price,2017-06-05 23:00:00,day_ahead
2017-06-06 07:00:00,60.123549623341084,price,2017-06-05 23:00:00,day_ahead
2017-06-06 08:00:00,61.13233125488609,price,2017-06-05 23:00:00,day_ahead
2017-06-06 09:00:00,61.193123294196525,price,2017-06-05 23:00:00,day_ahead
2017-06-06 10:00:00,60.816301829606026,price,2017-06-05 23:00:00,day_ahead
2017-06-06 11:00:00,60.125658578836145,price,2017-06-05 23:00:00,day_ahead
2017-06-06 12:00:00,58.95152266724354,price,2017-06-05 23:00:00,day_ahead
2017-06-06 13:00:00,57.38467296876341,price,2017-06-05 23:00:00,day_ahead
2017-06-06 14:00:00,56.131393379508815,price,2017-06-05 23:00:00,day_ahead
2017-06-06 15:00:00,56.174117895476705,price,2017-06-05 23:00:00,day_ahead
2017-06-06 16:00:00,57.94645828608333,price,2017-06-05 23:00:00,day_ahead
2017-06-06 17:00:00,60.7770906202738,price,2017-06-05 23:00:00,day_ahead
2017-06-06 18:00:00,63.18175591150028,price,2017-06-05 23:00:00,day_ahead
2017-06-06 19:00:00,63.82772631621458,price,2017-06-05 23:00:00,day_ahead
2017-06-06 20:00:00,62.3781061945283,price,2017-06-05 23:00:00,day_ahead
2017-06-06 21:00:00,59.5377198440462,price,2017-06-05 23:00:00,day_ahead
2017-06-06 22:00:00,56.355221906683006,price,2017-06-05 23:00:00,day_ahead
2017-06-06 23:00:00,53.48070527805574,price,2017-06-05 23:00:00,day_ahead
2017-06-07 00:00:00,49.771952637057986,price,2017-06-06 23:00:00,day_ahead
2017-06-07 01:00:00,47.81761611755075,price,2017-06-06 23:00:00,day_ahead
2017-06-07 02:00:00,46.707843907338194,price,2017-06-06 23:00:00,day_ahead
2017-06-07 03:00:00,47.07448874865,price,2017-06-06 23:00:00,day_ahead
2017-06-07 04:00:00,49.19410496896864,price,2017-06-06 23:00:00,day_ahead
2017-06-07 05:00:00,52.53163332587653,price,2017-06-06 23:00:00,day_ahead
2017-06-07 06:00:00,55.93466200646295,price,2017-06-06 23:00:00,day_ahead
2017-06-07 07:00:00,58.36085030272095,price,2017-06-06 23:00:00,day_ahead
2017-06-07 08:00:00,59.493100213754325,price,2017-06-06 23:00:00,day_ahead
2017-06-07 09:00:00,59.70741670378663,price,2017-06-06 23:00:00,day_ahead
2017-06-07 10:00:00,59.49707265614472,price,2017-06-06 23:00:00,day_ahead
2017-06-07 11:00:00,58.97890996956871,price,2017-06-06 23:00:00,day_ahead
2017-06-07 12:00:00,57.98529578264566,price,2017-06-06 23:00:00,day_ahead
2017-06-07 13:00:00,56.603508952845914,price,2017-06-06 23:00:00,day_ahead
2017-06-07 14:00:00,55.52020883531629,price,2017-06-06 23:00:00,day_ahead
2017-06-07 15:00:00,55.68978472970343,price,2017-06-06 23:00:00,day_ahead
2017-06-07 16:00:00,57.53119321727187,price,2017-06-06 23:00:00,day_ahead
2017-06-07 17:00:00,60.387847341472074,price,2017-06-06 23:00:00,day_ahead
2017-06-07 18:00:00,62.813193721056635,price,2017-06-06 23:00:00,day_ahead
2017-06-07 19:00:00,63.509676455086954,price,2017-06-06 23:00:00,day_ahead
2017-06-07 20:00:00,62.14947563203318,price,2017-06-06 23:00:00,day_ahead
2017-06-07 21:00:00,59.41808009622751,price,2017-06-06 23:00:00,day_ahead
2017-06-07 22:00:00,56.3351541194571,price,2017-06-06 23:00:00,day_ahead
2017-06-07 23:00:00,53.53328871206785,price,2017-06-06 23:00:00,day_ahead
2017-06-08 00:00:00,50.27095856777098,price,2017-06-07 23:00:00,day_ahead
2017-06-08 01:00:00,48.34557027683241,price,2017-06-07 23:00:00,day_ahead
2017-06-08 02:00:00,47.21854108379292,price,2017-06-07 23:00:00,day_ahead
2017-06-08 03:00:00,47.50589461991628,price,2017-06-07 23:00:00,day_ahead
2017-06-08 04:00:00,49.48018996252595,price,2017-06-07 23:00:00,day_ahead
2017-06-08 05:00:00,52.62705091024542,price,2017-06-07 23:00:00,day_ahead
2017-06-08 06:00:00,55.83243528283003,price,2017-06-07 23:00:00,day_ahead
2017-06-08 07:00:00,58.08719752212682,price,2017-06-07 23:00:00,day_ahead
2017-06-08 08:00:00,59.08375778229224,price,2017-06-07 23:00:00,day_ahead
2017-06-08 09:00:00,59.186247651800656,price,2017-06-07 23:00:00,day_ahead
2017-06-08 10:00:00,58.873822586766664,price,2017-06-07 23:00:00,day_ahead
2017-06-08 11:00:00,58.26261645902042,price,2017-06-07 23:00:00,day_ahead
2017-06-08 12:00:00,57.19379985167563,price,2017-06-07 23:00:00,day_ahead
2017-06-08 13:00:00,55.75441674412543,price,2017-06-07 23:00:00,day_ahead
2017-06-08 14:00:00,54.609964289918835,price,2017-06-07 23:00:00,day_ahead
2017-06-08 15:00:00,54.68355151321299,price,2017-06-07 23:00:00,day_ahead
2017-06-08 16:00:00,56.379728762151245,price,2017-06-07 23:00:00,day_ahead
2017-06-08 17:00:00,59.06329069144579,price,2017-06-07 23:00:00,day_ahead
2017-06-08 18:00:00,61.33654555864226,price,2017-06-07 23:00:00,day_ahead
2017-06-08 19:00:00,61.94754014558722,price,2017-06-07 23:00:00,day_ahead
2017-06-08 20:00:00,60.58261324675457,price,2017-06-07 23:00:00,day_ahead
2017-06-08 21:00:00,57.90661227179519,price,2017-06-07 23:00:00,day_ahead
2017-06-08 22:00:00,54.90476236005835,price,2017-06-07 23:00:00,day_ahead
2017-06-08 23:00:00,52.18546243382082,price,2017-06-07 23:00:00,day_ahead
2017-06-09 00:00:00,48.79364558264737,price,2017-06-08 23:00:00,day_ahead
2017-06-09 01:00:00,46.9223829372866,price,2017-06-08 23:00:00,day_ahead
2017-06-09 02:00:00,45.83632815753971,price,2017-06-08 23:00:00,day_ahead
2017-06-09 03:00:00,46.13521760363335,price,2017-06-08 23:00:00,day_ahead
2017-06-09 04:00:00,48.08401821241236,price,2017-06-08 23:00:00,day_ahead
2017-06-09 05:00:00,51.18102879069287,price,2017-06-08 23:00:00,day_ahead
2017-06-09 06:00:00,54.3400740767588,price,2017-06-08 23:00:00,day_ahead
2017-06-09 07:00:00,56.57628855227348,price,2017-06-08 23:00:00,day_ahead
2017-06-09 08:00:00,57.5870790760082,price,2017-06-08 23:00:00,day_ahead
2017-06-09 09:00:00,57.723602981693084,price,2017-06-08 23:00:00,day_ahead
2017-06-09 10:00:00,57.4496464678856,price,2017-06-08 23:00:00,day_ahead
2017-06-09 11:00:00,56.87674839250937,price,2017-06-08 23:00:00,day_ahead
2017-06-09 12:00:00,55.84959325227904,price,2017-06-08 23:00:00,day_ahead
2017-06-09 13:00:00,54.45200435426586,price,2017-06-08 23:00:00,day_ahead
2017-06-09 14:00:00,53.329773037704626,price,2017-06-08 23:00:00,day_ahead
2017-06-09 15:00:00,53.378346882052114,price,2017-06-08 23:00:00,day_ahead
2017-06-09 16:00:00,54.98832901386251,price,2017-06-08 23:00:00,day_ahead
2017-06-09 17:00:00,57.53944085595438,price,2017-06-08 23:00:00,day_ahead
2017-06-09 18:00:00,59.67093892287696,price,2017-06-08 23:00:00,day_ahead
2017-06-09 19:00:00,60.16499579177709,price,2017-06-08 23:00:00,day_ahead
2017-06-09 20:00:00,58.716841973334155,price,2017-06-08 23:00:00,day_ahead
2017-06-09 21:00:00,55.97301385044259,price,2017-06-08 23:00:00,day_ahead
2017-06-09 22:00:00,52.89092826797509,price,2017-06-08 23:00:00,day_ahead
2017-06-09 23:00:00,50.06126145742488,price,2017-06-08 23:00:00,day_ahead
2017-06-10 00:00:00,47.24960048648536,price,2017-06-09 23:00:00,day_ahead
2017-06-10 01:00:00,45.17287256936676,price,2017-06-09 23:00:00,day_ahead
2017-06-10 02:00:00,43.855423123878246,price,2017-06-09 23:00:00,day_ahead
2017-06-10 03:00:00,43.891854902369104,price,2017-06-09 23:00:00,day_ahead
2017-06-10 04:00:00,45.54530704030041,price,2017-06-09 23:00:00,day_ahead
2017-06-10 05:00:00,48.32074277059227,price,2017-06-09 23:00:00,day_ahead
2017-06-10 06:00:00,51.14551899798235,price,2017-06-09 23:00:00,day_ahead
2017-06-10 07:00:00,53.047701602285244,price,2017-06-09 23:00:00,day_ahead
2017-06-10 08:00:00,53.73048251939729,price,2017-06-09 23:00:00,day_ahead
2017-06-10 09:00:00,53.54385047605824,price,2017-06-09 23:00:00,day_ahead
2017-06-10 10:00:00,52.94948817516484,price,2017-06-09 23:00:00,day_ahead
2017-06-10 11:00:00,52.06115292038346,price,2017-06-09 23:00:00,day_ahead
2017-06-10 12:00:00,50.729114364695235,price,2017-06-09 23:00:00,day_ahead
2017-06-10 13:00:00,49.04031940784273,price,2017-06-09 23:00:00,day_ahead
2017-06-10 14:00:00,47.637334020404246,price,2017-06-09 23:00:00,day_ahead
2017-06-10 15:00:00,47.40931645446799,price,2017-06-09 23:00:00,day_ahead
2017-06-10 16:00:00,48.745923169643525,price,2017-06-09 23:00:00,day_ahead
2017-06-10 17:00:00,51.03700455579111,price,2017-06-09 23:00:00,day_ahead
2017-06-10 18:00:00,52.940015893832914,price,2017-06-09 23:00:00,day_ahead
2017-06-10 19:00:00,53.25342618435631,price,2017-06-09 23:00:00,day_ahead
2017-06-10 20:00:00,51.678173849230845,price,2017-06-09 23:00:00,day_ahead
2017-06-10 21:00:00,48.85561481064199,price,2017-06-09 23:00:00,day_ahead
2017-06-10 22:00:00,45.734594284096325,price,2017-06-09 23:00:00,day_ahead
2017-06-10 23:00:00,42.9017019815618,price,2017-06-09 23:00:00,day_ahead
2017-06-11 00:00:00,40.33921200576624,price,2017-06-10 23:00:00,day_ahead
2017-06-11 01:00:00,38.3443692151688,price,2017-06-10 23:00:00,day_ahead
2017-06-11 02:00:00,37.14132772022251,price,2017-06-10 23:00:00,day_ahead
2017-06-11 03:00:00,37.317201684070916,price,2017-06-10 23:00:00,day_ahead
2017-06-11 04:00:00,39.132512088404326,price,2017-06-10 23:00:00,day_ahead
2017-06-11 05:00:00,42.09968007669028,price,2017-06-10 23:00:00,day_ahead
2017-06-11 06:00:00,45.16041156116496,price,2017-06-10 23:00:00,day_ahead
2017-06-11 07:00:00,47.35450120077785,price,2017-06-10 23:00:00,day_ahead
2017-06-11 08:00:00,48.38676188172237,price,2017-06-10 23:00:00,day_ahead
2017-06-11 09:00:00,48.5996916769624,price,2017-06-10 23:00:00,day_ahead
2017-06-11 10:00:00,48.44606993090862,price,2017-06-10 23:00:00,day_ahead
2017-06-11 11:00:00,48.03560732918514,price,2017-06-10 23:00:00,day_ahead
2017-06-11 12:00:00,47.2180098596759,price,2017-06-10 23:00:00,day_ahead
2017-06-11 13:00:00,46.07615806101354,price,2017-06-10 23:00:00,day_ahead
2017-06-11 14:00:00,45.24067579754988,price,2017-06-10 23:00:00,day_ahead
2017-06-11 15:00:00,45.58509195712464,price,2017-06-10 23:00:00,day_ahead
2017-06-11 16:00:00,47.48976509547546,price,2017-06-10 23:00:00,day_ahead
2017-06-11 17:00:00,50.34822304869122,price,2017-06-10 23:00:00,day_ahead
2017-06-11 18:00:00,52.83099789505642,price,2017-06-10 23:00:00,day_ahead
2017-06-11 19:00:00,53.74757471862046,price,2017-06-10 23:00:00,day_ahead
2017-06-11 20:00:00,52.79806404518622,price,2017-06-10 23:00:00,day_ahead
2017-06-11 21:00:00,50.61092920310913,price,2017-06-10 23:00:00,day_ahead
2017-06-11 22:00:00,48.11840925285745,price,2017-06-10 23:00:00,day_ahead
2017-06-11 23:00:00,45.89525449566614,price,2017-06-10 23:00:00,day_ahead
2017-06-12 00:00:00,43.75992442184449,price,2017-06-11 23:00:00,day_ahead
2017-06-12 01:00:00,42.310570130748026,price,2017-06-11 23:00:00,day_ahead
2017-06-12 02:00:00,41.61824801995113,price,2017-06-11 23:00:00,day_ahead
2017-06-12 03:00:00,42.26047940184908,price,2017-06-11 23:00:00,day_ahead
2017-06-12 04:00:00,44.49208133319712,price,2017-06-11 23:00:00,day_ahead
2017-06-12 05:00:00,47.82710447708028,price,2017-06-11 23:00:00,day_ahead
2017-06-12 06:00:00,51.21412951999678,price,2017-06-11 23:00:00,day_ahead
2017-06-12 07:00:00,53.69893381453192,price,2017-06-11 23:00:00,day_ahead
2017-06-12 08:00:00,54.986628396830596,price,2017-06-11 23:00:00,day_ahead
2017-06-12 09:00:00,55.41492655702064,price,2017-06-11 23:00:00,day_ahead
2017-06-12 10:00:00,55.43152800505464,price,2017-06-11 23:00:00,day_ahead
2017-06-12 11:00:00,55.14462273948138,price,2017-06-11 23:00:00,day_ahead
2017-06-12 12:00:00,54.40507478098596,price,2017-06-11 23:00:00,day_ahead
2017-06-12 13:00:00,53.29535266718542,price,2017-06-11 23:00:00,day_ahead
2017-06-12 14:00:00,52.4415725196195,price,2017-06-11 23:00:00,day_ahead
2017-06-12 15:00:00,52.71137446172761,price,2017-06-11 23:00:00,day_ahead
2017-06-12 16:00:00,54.483926329248874,price,2017-06-11 23:00:00,day_ahead
2017-06-12 17:00:00,57.160016074336795,price,2017-06-11 23:00:00,day_ahead
2017-06-12 18:00:00,59.42332433309154,price,2017-06-11 23:00:00,day_ahead
2017-06-12 19:00:00,60.095229827120924,price,2017-06-11 23:00:00,day_ahead
2017-06-12 20:00:00,58.880725837288956,price,2017-06-11 23:00:00,day_ahead
2017-06-12 21:00:00,56.40638857405919,price,2017-06-11 23:00:00,day_ahead
2017-06-12 22:00:00,53.601046200919356,price,2017-06-11 23:00:00,day_ahead
2017-06-12 23:00:00,51.03938697306765,price,2017-06-11 23:00:00,day_ahead
2017-06-13 00:00:00,48.30848839215674,price,2017-06-12 23:00:00,day_ahead
2017-06-13 01:00:00,46.49700944030822,price,2017-06-12 23:00:00,day_ahead
2017-06-13 02:00:00,45.41260727890593,price,2017-06-12 23:00:00,day_ahead
2017-06-13 03:00:00,45.62625407972564,price,2017-06-12 23:00:00,day_ahead
2017-06-13 04:00:00,47.393479371585926,price,2017-06-12 23:00:00,day_ahead
2017-06-13 05:00:00,50.24351378895731,price,2017-06-12 23:00:00,day_ahead
2017-06-13 06:00:00,53.150021982476865,price,2017-06-12 23:00:00,day_ahead
2017-06-13 07:00:00,55.180338459571786,price,2017-06-12 23:00:00,day_ahead
2017-06-13 08:00:00,56.047195816190744,price,2017-06-12 23:00:00,day_ahead
2017-06-13 09:00:00,56.08371530951466,price,2017-06-12 23:00:00,day_ahead
2017-06-13 10:00:00,55.73186128979163,price,2017-06-12 23:00:00,day_ahead
2017-06-13 11:00:00,55.10154278650835,price,2017-06-12 23:00:00,day_ahead
2017-06-13 12:00:00,54.05012396100524,price,2017-06-12 23:00:00,day_ahead
2017-06-13 13:00:00,52.660743248002724,price,2017-06-12 23:00:00,day_ahead
2017-06-13 14:00:00,51.548071378230404,price,2017-06-12 23:00:00,day_ahead
2017-06-13 15:00:00,51.56288365519681,price,2017-06-12 23:00:00,day_ahead
2017-06-13 16:00:00,53.07740870103935,price,2017-06-12 23:00:00,day_ahead
2017-06-13 17:00:00,55.50549893904292,price,2017-06-12 23:00:00,day_ahead
2017-06-13 18:00:00,57.558411318886726,price,2017-06-12 23:00:00,day_ahead
2017-06-13 19:00:00,58.08204334087639,price,2017-06-12 23:00:00,day_ahead
2017-06-13 20:00:00,56.787610702976075,price,2017-06-12 23:00:00,day_ahead
2017-06-13 21:00:00,54.28875923967277,price,2017-06-12 23:00:00,day_ahead
2017-06-13 22:00:00,51.49459332278726,price,2017-06-12 23:00:00,day_ahead
2017-06-13 23:00:00,48.966377900719834,price,2017-06-12 23:00:00,day_ahead
2017-06-14 00:00:00,46.47328799224219,price,2017-06-13 23:00:00,day_ahead
2017-06-14 01:00:00,44.7184305717667,price,2017-06-13 23:00:00,day_ahead
2017-06-14 02:00:00,43.69933421373121,price,2017-06-13 23:00:00,day_ahead
2017-06-14 03:00:00,43.9757585414988,price,2017-06-13 23:00:00,day_ahead
2017-06-14 04:00:00,45.797024388032554,price,2017-06-13 23:00:00,day_ahead
2017-06-14 05:00:00,48.698367222715454,price,2017-06-13 23:00:00,day_ahead
2017-06-14 06:00:00,51.66873420583654,price,2017-06-13 23:00:00,day_ahead
2017-06-14 07:00:00,53.78866771100525,price,2017-06-13 23:00:00,day_ahead
2017-06-14 08:00:00,54.77249661433088,price,2017-06-13 23:00:00,day_ahead
2017-06-14 09:00:00,54.94414893758512,price,2017-06-13 23:00:00,day_ahead
2017-06-14 10:00:00,54.735082418808865,price,2017-06-13 23:00:00,day_ahead
2017-06-14 11:00:00,54.25136485686078,price,2017-06-13 23:00:00,day_ahead
2017-06-14 12:00:00,53.35148717978692,price,2017-06-13 23:00:00,day_ahead
2017-06-14 13:00:00,52.115596324762535,price,2017-06-13 23:00:00,day_ahead
2017-06-14 14:00:00,51.14536428031698,price,2017-06-13 23:00:00,day_ahead
2017-06-14 15:00:00,51.27389301206232,price,2017-06-13 23:00:00,day_ahead
2017-06-14 16:00:00,52.86438222091027,price,2017-06-13 23:00:00,day_ahead
2017-06-14 17:00:00,55.3395130293908,price,2017-06-13 23:00:00,day_ahead
2017-06-14 18:00:00,57.432871144968615,price,2017-06-13 23:00:00,day_ahead
2017-06-14 19:00:00,58.01082671384736,price,2017-06-13 23:00:00,day_ahead
2017-06-14 20:00:00,56.78947977225475,price,2017-06-13 23:00:00,day_ahead
2017-06-14 21:00:00,54.37072244532572,price,2017-06-13 23:00:00,day_ahead
2017-06-14 22:00:00,51.64633958926857,price,2017-06-13 23:00:00,day_ahead
2017-06-14 23:00:00,49.16685614187608,price,2017-06-13 23:00:00,day_ahead
2017-06-15 00:00:00,47.118635754125826,price,2017-06-14 23:00:00,day_ahead
2017-06-15 01:00:00,45.362528061238834,price,2017-06-14 23:00:00,day_ahead
2017-06-15 02:00:00,44.31769248821633,price,2017-06-14 23:00:00,day_ahead
2017-06-15 03:00:00,44.53842157588973,price,2017-06-14 23:00:00,day_ahead
2017-06-15 04:00:00,46.27314987462849,price,2017-06-14 23:00:00,day_ahead
2017-06-15 05:00:00,49.06542202631317,price,2017-06-14 23:00:00,day_ahead
2017-06-15 06:00:00,51.919030109913436,price,2017-06-14 23:00:00,day_ahead
2017-06-15 07:00:00,53.92754135128041,price,2017-06-14 23:00:00,day_ahead
2017-06-15 08:00:00,54.80979500643581,price,2017-06-14 23:00:00,day_ahead
2017-06-15 09:00:00,54.88654162721816,price,2017-06-14 23:00:00,day_ahead
2017-06-15 10:00:00,54.58521887534946,price,2017-06-14 23:00:00,day_ahead
2017-06-15 11:00:00,54.012572264387174,price,2017-06-14 23:00:00,day_ahead
2017-06-15 12:00:00,53.031030558892894,price,2017-06-14 23:00:00,day_ahead
2017-06-15 13:00:00,51.721370238699436,price,2017-06-14 23:00:00,day_ahead
2017-06-15 14:00:00,50.67849362686456,price,2017-06-14 23:00:00,day_ahead
2017-06-15 15:00:00,50.725308681329295,price,2017-06-14 23:00:00,day_ahead
2017-06-15 16:00:00,52.22095872949263,price,2017-06-14 23:00:00,day_ahead
2017-06-15 17:00:00,54.59669340408562,price,2017-06-14 23:00:00,day_ahead
2017-06-15 18:00:00,56.604058682825666,price,2017-06-14 23:00:00,day_ahead
2017-06-15 19:00:00,57.12575892799511,price,2017-06-14 23:00:00,day_ahead
2017-06-15 20:00:00,55.882772079334366,price,2017-06-14 23:00:00,day_ahead
2017-06-15 21:00:00,53.46953504480948,price,2017-06-14 23:00:00,day_ahead
2017-06-15 22:00:00,50.765680992089,price,2017-06-14 23:00:00,day_ahead
2017-06-15 23:00:00,48.313308128520255,price,2017-06-14 23:00:00,day_ahead
2017-06-16 00:00:00,46.273733691475975,price,2017-06-15 23:00:00,day_ahead
2017-06-16 01:00:00,44.547221456669014,price,2017-06-15 23:00:00,day_ahead
2017-06-16 02:00:00,43.530957374171834,price,2017-06-15 23:00:00,day_ahead
2017-06-16 03:00:00,43.77211496432924,price,2017-06-15 23:00:00,day_ahead
2017-06-16 04:00:00,45.51595546970062,price,2017-06-15 23:00:00,day_ahead
2017-06-16 05:00:00,48.31075893872674,price,2017-06-15 23:00:00,day_ahead
2017-06-16 06:00:00,51.17042393456287,price,2017-06-15 23:00:00,day_ahead
2017-06-16 07:00:00,53.19664979706103,price,2017-06-15 23:00:00,day_ahead
2017-06-16 08:00:00,54.10877641593453,price,2017-06-15 23:00:00,day_ahead
2017-06-16 09:00:00,54.22136847797003,price,2017-06-15 23:00:00,day_ahead
2017-06-16 10:00:00,53.95501645005143,price,2017-06-15 23:00:00,day_ahead
2017-06-16 11:00:00,53.41370351627779,price,2017-06-15 23:00:00,day_ahead
2017-06-16 12:00:00,52.459929789117965,price,2017-06-15 23:00:00,day_ahead
2017-06-16 13:00:00,51.17188117218167,price,2017-06-15 23:00:00,day_ahead
2017-06-16 14:00:00,50.13594293908114,price,2017-06-15 23:00:00,day_ahead
2017-06-16 15:00:00,50.16408053372844,price,2017-06-15 23:00:00,day_ahead
2017-06-16 16:00:00,51.610021117765065,price,2017-06-15 23:00:00,day_ahead
2017-06-16 17:00:00,53.91023972753202,price,2017-06-15 23:00:00,day_ahead
2017-06-16 18:00:00,55.82914385622835,price,2017-06-15 23:00:00,day_ahead
2017-06-16 19:00:00,56.26079294471631,price,2017-06-15 23:00:00,day_ahead
2017-06-16 20:00:00,54.92832014849457,price,2017-06-15 23:00:00,day_ahead
2017-06-16 21:00:00,52.419024927074986,price,2017-06-15 23:00:00,day_ahead
2017-06-16 22:00:00,49.602743734959056,price,2017-06-15 23:00:00,day_ahead
2017-06-16 23:00:00,47.015795196625064,price,2017-06-15 23:00:00,day_ahead
2017-06-17 00:00:00,44.58769550152117,price,2017-06-16 23:00:00,day_ahead
2017-06-17 01:00:00,42.662245516836116,price,2017-06-16 23:00:00,day_ahead
2017-06-17 02:00:00,41.42907938499896,price,2017-06-16 23:00:00,day_ahead
2017-06-17 03:00:00,41.434526807882875,price,2017-06-16 23:00:00,day_ahead
2017-06-17 04:00:00,42.92475327780932,price,2017-06-16 23:00:00,day_ahead
2017-06-17 05:00:00,45.45155231092551,price,2017-06-16 23:00:00,day_ahead
2017-06-17 06:00:00,48.03351963032372,price,2017-06-16 23:00:00,day_ahead
2017-06-17 07:00:00,49.77594769790322,price,2017-06-16 23:00:00,day_ahead
2017-06-17 08:00:00,50.39975098833554,price,2017-06-16 23:00:00,day_ahead
2017-06-17 09:00:00,50.220294526238355,price,2017-06-16 23:00:00,day_ahead
2017-06-17 10:00:00,49.66018210774883,price,2017-06-16 23:00:00,day_ahead
2017-06-17 11:00:00,48.82723317267637,price,2017-06-16 23:00:00,day_ahead
2017-06-17 12:00:00,47.58821730854586,price,2017-06-16 23:00:00,day_ahead
2017-06-17 13:00:00,46.024161185225466,price,2017-06-16 23:00:00,day_ahead
2017-06-17 14:00:00,44.72262655979645,price,2017-06-16 23:00:00,day_ahead
2017-06-17 15:00:00,44.49693773233918,price,2017-06-16 23:00:00,day_ahead
2017-06-17 16:00:00,45.70452541126398,price,2017-06-16 23:00:00,day_ahead
2017-06-17 17:00:00,47.78810137059161,price,2017-06-16 23:00:00,day_ahead
2017-06-17 18:00:00,49.518563688651156,price,2017-06-16 23:00:00,day_ahead
2017-06-17 19:00:00,49.7938791183486,price,2017-06-16 23:00:00,day_ahead
2017-06-17 20:00:00,48.337658971364654,price,2017-06-16 23:00:00,day_ahead
2017-06-17 21:00:00,45.7361399453539,price,2017-06-16 23:00:00,day_ahead
2017-06-17 22:00:00,42.85938519918428,price,2017-06-16 23:00:00,day_ahead
2017-06-17 23:00:00,40.24639089407504,price,2017-06-16 23:00:00,day_ahead
2017-06-18 00:00:00,38.27535113667827,price,2017-06-17 23:00:00,day_ahead
2017-06-18 01:00:00,36.40329908986326,price,2017-06-17 23:00:00,day_ahead
2017-06-18 02:00:00,35.263874149946126,price,2017-06-17 23:00:00,day_ahead
2017-06-18 03:00:00,35.40188588530219,price,2017-06-17 23:00:00,day_ahead
2017-06-18 04:00:00,37.06252504814581,price,2017-06-17 23:00:00,day_ahead
2017-06-18 05:00:00,39.798434450348594,price,2017-06-17 23:00:00,day_ahead
2017-06-18 06:00:00,42.630188466762256,price,2017-06-17 23:00:00,day_ahead
2017-06-18 07:00:00,44.6641698562283,price,2017-06-17 23:00:00,day_ahead
2017-06-18 08:00:00,45.620045860396935,price,2017-06-17 23:00:00,day_ahead
2017-06-18 09:00:00,45.80998210212881,price,2017-06-17 23:00:00,day_ahead
2017-06-18 10:00:00,45.65309350564618,price,2017-06-17 23:00:00,day_ahead
2017-06-18 11:00:00,45.254620417396886,price,2017-06-17 23:00:00,day_ahead
2017-06-18 12:00:00,44.47926887177621,price,2017-06-17 23:00:00,day_ahead
2017-06-18 13:00:00,43.40513311647185,price,2017-06-17 23:00:00,day_ahead
2017-06-18 14:00:00,42.615261689710294,price,2017-06-17 23:00:00,day_ahead
2017-06-18 15:00:00,42.91780126064986,price,2017-06-17 23:00:00,day_ahead
2017-06-18 16:00:00,44.666090015349965,price,2017-06-17 23:00:00,day_ahead
2017-06-18 17:00:00,47.30063142668023,price,2017-06-17 23:00:00,day_ahead
2017-06-18 18:00:00,49.590895876709475,price,2017-06-17 23:00:00,day_ahead
2017-06-18 19:00:00,50.43211196449791,price,2017-06-17 23:00:00,day_ahead
2017-06-18 20:00:00,49.542721479498425,price,2017-06-17 23:00:00,day_ahead
2017-06-18 21:00:00,47.50230667044028,price,2017-06-17 23:00:00,day_ahead
2017-06-18 22:00:00,45.17494484511116,price,2017-06-17 23:00:00,day_ahead
2017-06-18 23:00:00,43.095673293690716,price,2017-06-17 23:00:00,day_ahead
2017-06-19 00:00:00,41.89990633014291,price,2017-06-18 23:00:00,day_ahead
2017-06-19 01:00:00,40.53613213798569,price,2017-06-18 23:00:00,day_ahead
2017-06-19 02:00:00,39.87004288079789,price,2017-06-18 23:00:00,day_ahead
2017-06-19 03:00:00,40.43725223950513,price,2017-06-18 23:00:00,day_ahead
2017-06-19 04:00:00,42.47824653611227,price,2017-06-18 23:00:00,day_ahead
2017-06-19 05:00:00,45.54897230584832,price,2017-06-18 23:00:00,day_ahead
2017-06-19 06:00:00,48.67866052244659,price,2017-06-18 23:00:00,day_ahead
2017-06-19 07:00:00,50.98068037508966,price,2017-06-18 23:00:00,day_ahead
2017-06-19 08:00:00,52.17479663385946,price,2017-06-18 23:00:00,day_ahead
2017-06-19 09:00:00,52.567474474584756,price,2017-06-18 23:00:00,day_ahead
2017-06-19 10:00:00,52.57212612134359,price,2017-06-18 23:00:00,day_ahead
2017-06-19 11:00:00,52.29272316623737,price,2017-06-18 23:00:00,day_ahead
2017-06-19 12:00:00,51.5958254536538,price,2017-06-18 23:00:00,day_ahead
2017-06-19 13:00:00,50.55919716601293,price,2017-06-18 23:00:00,day_ahead
2017-06-19 14:00:00,49.76021634255679,price,2017-06-18 23:00:00,day_ahead
2017-06-19 15:00:00,49.9992587287272,price,2017-06-18 23:00:00,day_ahead
2017-06-19 16:00:00,51.62722186067889,price,2017-06-18 23:00:00,day_ahead
2017-06-19 17:00:00,54.09228662733183,price,2017-06-18 23:00:00,day_ahead
2017-06-19 18:00:00,56.17894252797015,price,2017-06-18 23:00:00,day_ahead
2017-06-19 19:00:00,56.79629923790772,price,2017-06-18 23:00:00,day_ahead
2017-06-19 20:00:00,55.668392650036225,price,2017-06-18 23:00:00,day_ahead
2017-06-19 21:00:00,53.371948486483575,price,2017-06-18 23:00:00,day_ahead
2017-06-19 22:00:00,50.76570317524997,price,2017-06-18 23:00:00,day_ahead
2017-06-19 23:00:00,48.382809851143854,price,2017-06-18 23:00:00,day_ahead
2017-06-20 00:00:00,46.681407437435354,price,2017-06-19 23:00:00,day_ahead
2017-06-20 01:00:00,44.936842983453694,price,2017-06-19 23:00:00,day_ahead
2017-06-20 02:00:00,43.88879359135323,price,2017-06-19 23:00:00,day_ahead
2017-06-20 03:00:00,44.08067623696737,price,2017-06-19 23:00:00,day_ahead
2017-06-20 04:00:00,45.757573156304424,price,2017-06-19 23:00:00,day_ahead
2017-06-20 05:00:00,48.47328088512619,price,2017-06-19 23:00:00,day_ahead
2017-06-20 06:00:00,51.249797028,price,2017-06-19 23:00:00,day_ahead
2017-06-20 07:00:00,53.19443847823224,price,2017-06-19 23:00:00,day_ahead
2017-06-20 08:00:00,54.027543867660754,price,2017-06-19 23:00:00,day_ahead
2017-06-20 09:00:00,54.062498733896554,price,2017-06-19 23:00:00,day_ahead
2017-06-20 10:00:00,53.720583878555864,price,2017-06-19 23:00:00,day_ahead
2017-06-20 11:00:00,53.109681256775275,price,2017-06-19 23:00:00,day_ahead
2017-06-20 12:00:00,52.0968615317014,price,2017-06-19 23:00:00,day_ahead
2017-06-20 13:00:00,50.762218104326294,price,2017-06-19 23:00:00,day_ahead
2017-06-20 14:00:00,49.69120468325931,price,2017-06-19 23:00:00,day_ahead
2017-06-20 15:00:00,49.69553009374489,price,2017-06-19 23:00:00,day_ahead
2017-06-20 16:00:00,51.13290363102997,price,2017-06-19 23:00:00,day_ahead
2017-06-20 17:00:00,53.44750418975403,price,2017-06-19 23:00:00,day_ahead
2017-06-20 18:00:00,55.41035172704875,price,2017-06-19 23:00:00,day_ahead
2017-06-20 19:00:00,55.91619224953018,price,2017-06-19 23:00:00,day_ahead
2017-06-20 20:00:00,54.68280284797689,price,2017-06-19 23:00:00,day_ahead
2017-06-20 21:00:00,52.291158765561505,price,2017-06-19 23:00:00,day_ahead
2017-06-20 22:00:00,49.60957776251539,price,2017-06-19 23:00:00,day_ahead
2017-06-20 23:00:00,47.17884529651584,price,2017-06-19 23:00:00,day_ahead
2017-06-21 00:00:00,45.39511505450736,price,2017-06-20 23:00:00,day_ahead
2017-06-21 01:00:00,43.67477781958594,price,2017-06-20 23:00:00,day_ahead
2017-06-21 02:00:00,42.675325603224245,price,2017-06-20 23:00:00,day_ahead
2017-06-21 03:00:00,42.93920162867728,price,2017-06-20 23:00:00,day_ahead
2017-06-21 04:00:00,44.7097283869156,price,2017-06-20 23:00:00,day_ahead
2017-06-21 05:00:00,47.53712628319132,price,2017-06-20 23:00:00,day_ahead
2017-06-21 06:00:00,50.43803692414485,price,2017-06-20 23:00:00,day_ahead
2017-06-21 07:00:00,52.51411304219124,price,2017-06-20 23:00:00,day_ahead
2017-06-21 08:00:00,53.481515508929995,price,2017-06-20 23:00:00,day_ahead
2017-06-21 09:00:00,53.65152308167022,price,2017-06-20 23:00:00,day_ahead
2017-06-21 10:00:00,53.444350629375165,price,2017-06-20 23:00:00,day_ahead
2017-06-21 11:00:00,52.96637298702559,price,2017-06-20 23:00:00,day_ahead
2017-06-21 12:00:00,52.082347521114706,price,2017-06-20 23:00:00,day_ahead
2017-06-21 13:00:00,50.87035851116152,price,2017-06-20 23:00:00,day_ahead
2017-06-21 14:00:00,49.91546623800407,price,2017-06-20 23:00:00,day_ahead
2017-06-21 15:00:00,50.030464282925536,price,2017-06-20 23:00:00,day_ahead
2017-06-21 16:00:00,51.57373672015532,price,2017-06-20 23:00:00,day_ahead
2017-06-21 17:00:00,53.98759775878352,price,2017-06-20 23:00:00,day_ahead
2017-06-21 18:00:00,56.038285964861934,price,2017-06-20 23:00:00,day_ahead
2017-06-21 19:00:00,56.61481995699573,price,2017-06-20 23:00:00,day_ahead
2017-06-21 20:00:00,55.43119357216514,price,2017-06-20 23:00:00,day_ahead
2017-06-21 21:00:00,53.06814942667825,price,2017-06-20 23:00:00,day_ahead
2017-06-21 22:00:00,50.39661300246285,price,2017-06-20 23:00:00,day_ahead
2017-06-21 23:00:00,47.960734871101344,price,2017-06-20 23:00:00,day_ahead
2017-06-22 00:00:00,46.35309612912525,price,2017-06-21 23:00:00,day_ahead
2017-06-22 01:00:00,44.60892626363012,price,2017-06-21 23:00:00,day_ahead
2017-06-22 02:00:00,43.5738376229065,price,2017-06-21 23:00:00,day_ahead
2017-06-22 03:00:00,43.79118651152492,price,2017-06-21 23:00:00,day_ahead
2017-06-22 04:00:00,45.505435374813366,price,2017-06-21 23:00:00,day_ahead
2017-06-22 05:00:00,48.267873196413404,price,2017-06-21 23:00:00,day_ahead
2017-06-22 06:00:00,51.09592036889115,price,2017-06-21 23:00:00,day_ahead
2017-06-22 07:00:00,53.09192105119003,price,2017-06-21 23:00:00,day_ahead
2017-06-22 08:00:00,53.97311421831858,price,2017-06-21 23:00:00,day_ahead
2017-06-22 09:00:00,54.05249499647472,price,2017-06-21 23:00:00,day_ahead
2017-06-22 10:00:00,53.752360666170816,price,2017-06-21 23:00:00,day_ahead
2017-06-22 11:00:00,53.18098413512176,price,2017-06-21 23:00:00,day_ahead
2017-06-22 12:00:00,52.20457629948214,price,2017-06-21 23:00:00,day_ahead
2017-06-22 13:00:00,50.90255500445017,price,2017-06-21 23:00:00,day_ahead
2017-06-22 14:00:00,49.861769706238434,price,2017-06-21 23:00:00,day_ahead
2017-06-22 15:00:00,49.89740704061375,price,2017-06-21 23:00:00,day_ahead
2017-06-22 16:00:00,51.370225041246464,price,2017-06-21 23:00:00,day_ahead
2017-06-22 17:00:00,53.72389599654181,price,2017-06-21 23:00:00,day_ahead
2017-06-22 18:00:00,55.72447053019791,price,2017-06-21 23:00:00,day_ahead
2017-06-22 19:00:00,56.25969560832396,price,2017-06-21 23:00:00,day_ahead
2017-06-22 20:00:00,55.042367331366684,price,2017-06-21 23:00:00,day_ahead
2017-06-22 21:00:00,52.653069863977365,price,2017-06-21 23:00:00,day_ahead
2017-06-22 22:00:00,49.9636723360876,price,2017-06-21 23:00:00,day_ahead
2017-06-22 23:00:00,47.51959155386398,price,2017-06-21 23:00:00,day_ahead
2017-06-23 00:00:00,45.79299603568649,price,2017-06-22 23:00:00,day_ahead
2017-06-23 01:00:00,44.060150632678216,price,2017-06-22 23:00:00,day_ahead
2017-06-23 02:00:00,43.04760165339934,price,2017-06-22 23:00:00,day_ahead
2017-06-23 03:00:00,43.297604907364,price,2017-06-22 23:00:00,day_ahead
2017-06-23 04:00:00,45.05327584477599,price,2017-06-22 23:00:00,day_ahead
2017-06-23 05:00:00,47.86351686014368,price,2017-06-22 23:00:00,day_ahead
2017-06-23 06:00:00,50.74215311359553,price,2017-06-22 23:00:00,day_ahead
2017-06-23 07:00:00,52.7877104432079,price,2017-06-22 23:00:00,day_ahead
2017-06-23 08:00:00,53.71472760401849,price,2017-06-22 23:00:00,day_ahead
2017-06-23 09:00:00,53.835000715064886,price,2017-06-22 23:00:00,day_ahead
2017-06-23 10:00:00,53.5701511177448,price,2017-06-22 23:00:00,day_ahead
2017-06-23 11:00:00,53.02698193076794,price,2017-06-22 23:00:00,day_ahead
2017-06-23 12:00:00,52.06923485104984,price,2017-06-22 23:00:00,day_ahead
2017-06-23 13:00:00,50.77410682079958,price,2017-06-22 23:00:00,day_ahead
2017-06-23 14:00:00,49.72792937430482,price,2017-06-22 23:00:00,day_ahead
2017-06-23 15:00:00,49.74705934525164,price,2017-06-22 23:00:00,day_ahead
2017-06-23 16:00:00,51.19324019035948,price,2017-06-22 23:00:00,day_ahead
2017-06-23 17:00:00,53.50867752121127,price,2017-06-22 23:00:00,day_ahead
2017-06-23 18:00:00,55.45492053183186,price,2017-06-22 23:00:00,day_ahead
2017-06-23 19:00:00,55.91405051851126,price,2017-06-22 23:00:00,day_ahead
2017-06-23 20:00:00,54.59502862470568,price,2017-06-22 23:00:00,day_ahead
2017-06-23 21:00:00,52.07825747106451,price,2017-06-22 23:00:00,day_ahead
2017-06-23 22:00:00,49.23846762777664,price,2017-06-22 23:00:00,day_ahead
2017-06-23 23:00:00,46.62472842331551,price,2017-06-22 23:00:00,day_ahead
2017-06-24 00:00:00,44.520986764161044,price,2017-06-23 23:00:00,day_ahead
2017-06-24 01:00:00,42.60288898577351,price,2017-06-23 23:00:00,day_ahead
2017-06-24 02:00:00,41.380297045251055,price,2017-06-23 23:00:00,day_ahead
2017-06-24 03:00:00,41.39291810825698,price,2017-06-23 23:00:00,day_ahead
2017-06-24 04:00:00,42.88424706395852,price,2017-06-23 23:00:00,day_ahead
2017-06-24 05:00:00,45.40931191691263,price,2017-06-23 23:00:00,day_ahead
2017-06-24 06:00:00,47.9921267708636,price,2017-06-23 23:00:00,day_ahead
2017-06-24 07:00:00,49.74035379562953,price,2017-06-23 23:00:00,day_ahead
2017-06-24 08:00:00,50.37262732396892,price,2017-06-23 23:00:00,day_ahead
2017-06-24 09:00:00,50.20044375099464,price,2017-06-23 23:00:00,day_ahead
2017-06-24 10:00:00,49.64493656450439,price,2017-06-23 23:00:00,day_ahead
2017-06-24 11:00:00,48.81546315329331,price,2017-06-23 23:00:00,day_ahead
2017-06-24 12:00:00,47.580271398211956,price,2017-06-23 23:00:00,day_ahead
2017-06-24 13:00:00,46.018948139895045,price,2017-06-23 23:00:00,day_ahead
2017-06-24 14:00:00,44.715792907576976,price,2017-06-23 23:00:00,day_ahead
2017-06-24 15:00:00,44.48342936333831,price,2017-06-23 23:00:00,day_ahead
2017-06-24 16:00:00,45.68411389311767,price,2017-06-23 23:00:00,day_ahead
2017-06-24 17:00:00,47.76852784046938,price,2017-06-23 23:00:00,day_ahead
2017-06-24 18:00:00,49.5122092894326,price,2017-06-23 23:00:00,day_ahead
2017-06-24 19:00:00,49.809638213344144,price,2017-06-23 23:00:00,day_ahead
2017-06-24 20:00:00,48.37457193612705,price,2017-06-23 23:00:00,day_ahead
2017-06-24 21:00:00,45.784407240715524,price,2017-06-23 23:00:00,day_ahead
2017-06-24 22:00:00,42.90813077579621,price,2017-06-23 23:00:00,day_ahead
2017-06-24 23:00:00,40.291640948722275,price,2017-06-23 23:00:00,day_ahead
2017-06-25 00:00:00,38.48932754613747,price,2017-06-24 23:00:00,day_ahead
2017-06-25 01:00:00,36.623558362522644,price,2017-06-24 23:00:00,day_ahead
2017-06-25 02:00:00,35.49475624155143,price,2017-06-24 23:00:00,day_ahead
2017-06-25 03:00:00,35.641608050691794,price,2017-06-24 23:00:00,day_ahead
2017-06-25 04:00:00,37.30712681286018,price,2017-06-24 23:00:00,day_ahead
2017-06-25 05:00:00,40.04696144740715,price,2017-06-24 23:00:00,day_ahead
2017-06-25 06:00:00,42.885955015320526,price,2017-06-24 23:00:00,day_ahead
2017-06-25 07:00:00,44.93138918277731,price,2017-06-24 23:00:00,day_ahead
2017-06-25 08:00:00,45.899742024537126,price,2017-06-24 23:00:00,day_ahead
2017-06-25 09:00:00,46.09933685196443,price,2017-06-24 23:00:00,day_ahead
2017-06-25 10:00:00,45.94837863422511,price,2017-06-24 23:00:00,day_ahead
2017-06-25 11:00:00,45.55407498397513,price,2017-06-24 23:00:00,day_ahead
2017-06-25 12:00:00,44.78271375119512,price,2017-06-24 23:00:00,day_ahead
2017-06-25 13:00:00,43.7111754718505,price,2017-06-24 23:00:00,day_ahead
2017-06-25 14:00:00,42.92010015102179,price,2017-06-24 23:00:00,day_ahead
2017-06-25 15:00:00,43.21824200397477,price,2017-06-24 23:00:00,day_ahead
2017-06-25 16:00:00,44.96460385958069,price,2017-06-24 23:00:00,day_ahead
2017-06-25 17:00:00,47.60711459260023,price,2017-06-24 23:00:00,day_ahead
2017-06-25 18:00:00,49.91796223439632,price,2017-06-24 23:00:00,day_ahead
2017-06-25 19:00:00,50.78667525695596,price,2017-06-24 23:00:00,day_ahead
2017-06-25 20:00:00,49.92070233012189,price,2017-06-24 23:00:00,day_ahead
2017-06-25 21:00:00,47.891287719005355,price,2017-06-24 23:00:00,day_ahead
2017-06-25 22:00:00,45.562960748587216,price,2017-06-24 23:00:00,day_ahead
2017-06-25 23:00:00,43.47904985197263,price,2017-06-24 23:00:00,day_ahead
2017-06-26 00:00:00,42.19587475780292,price,2017-06-25 23:00:00,day_ahead
2017-06-26 01:00:00,40.83044856229671,price,2017-06-25 23:00:00,day_ahead
2017-06-26 02:00:00,40.174400258201146,price,2017-06-25 23:00:00,day_ahead
2017-06-26 03:00:00,40.760853289272596,price,2017-06-25 23:00:00,day_ahead
2017-06-26 04:00:00,42.82892459008251,price,2017-06-25 23:00:00,day_ahead
2017-06-26 05:00:00,45.93308228155806,price,2017-06-25 23:00:00,day_ahead
2017-06-26 06:00:00,49.098750850185496,price,2017-06-25 23:00:00,day_ahead
2017-06-26 07:00:00,51.4334312201559,price,2017-06-25 23:00:00,day_ahead
2017-06-26 08:00:00,52.65205135464675,price,2017-06-25 23:00:00,day_ahead
2017-06-26 09:00:00,53.06006694434697,price,2017-06-25 23:00:00,day_ahead
2017-06-26 10:00:00,53.07316912893425,price,2017-06-25 23:00:00,day_ahead
2017-06-26 11:00:00,52.7975980135445,price,2017-06-25 23:00:00,day_ahead
2017-06-26 12:00:00,52.09989494234262,price,2017-06-25 23:00:00,day_ahead
2017-06-26 13:00:00,51.0571750102289,price,2017-06-25 23:00:00,day_ahead
2017-06-26 14:00:00,50.24967377981994,price,2017-06-25 23:00:00,day_ahead
2017-06-26 15:00:00,50.48592084206949,price,2017-06-25 23:00:00,day_ahead
2017-06-26 16:00:00,52.126348155624925,price,2017-06-25 23:00:00,day_ahead
2017-06-26 17:00:00,54.62249520730094,price,2017-06-25 23:00:00,day_ahead
2017-06-26 18:00:00,56.75116918506756,price,2017-06-25 23:00:00,day_ahead
2017-06-26 19:00:00,57.40558856112517,price,2017-06-25 23:00:00,day_ahead
2017-06-26 20:00:00,56.29502288282563,price,2017-06-25 23:00:00,day_ahead
2017-06-26 21:00:00,53.9915804741079,price,2017-06-25 23:00:00,day_ahead
2017-06-26 22:00:00,51.36153892155561,price,2017-06-25 23:00:00,day_ahead
2017-06-26 23:00:00,48.95181541204125,price,2017-06-25 23:00:00,day_ahead
2017-06-27 00:00:00,47.25729688182387,price,2017-06-26 23:00:00,day_ahead
2017-06-27 01:00:00,45.53702007895059,price,2017-06-26 23:00:00,day_ahead
2017-06-27 02:00:00,44.50932902867154,price,2017-06-26 23:00:00,day_ahead
2017-06-27 03:00:00,44.707767605884655,price,2017-06-26 23:00:00,day_ahead
2017-06-27 04:00:00,46.37370609611415,price,2017-06-26 23:00:00,day_ahead
2017-06-27 05:00:00,49.067992479624664,price,2017-06-26 23:00:00,day_ahead
2017-06-27 06:00:00,51.825656920770214,price,2017-06-26 23:00:00,day_ahead
2017-06-27 07:00:00,53.763392930546566,price,2017-06-26 23:00:00,day_ahead
2017-06-27 08:00:00,54.60164617064953,price,2017-06-26 23:00:00,day_ahead
2017-06-27 09:00:00,54.64755392765533,price,2017-06-26 23:00:00,day_ahead
2017-06-27 10:00:00,54.31727344904682,price,2017-06-26 23:00:00,day_ahead
2017-06-27 11:00:00,53.718752957635,price,2017-06-26 23:00:00,day_ahead
2017-06-27 12:00:00,52.72125910141448,price,2017-06-26 23:00:00,day_ahead
2017-06-27 13:00:00,51.403237189823614,price,2017-06-26 23:00:00,day_ahead
2017-06-27 14:00:00,50.34324674888441,price,2017-06-26 23:00:00,day_ahead
2017-06-27 15:00:00,50.34667075144108,price,2017-06-26 23:00:00,day_ahead
2017-06-27 16:00:00,51.773122969394215,price,2017-06-26 23:00:00,day_ahead
2017-06-27 17:00:00,54.07823864680951,price,2017-06-26 23:00:00,day_ahead
2017-06-27 18:00:00,56.04646469496626,price,2017-06-26 23:00:00,day_ahead
2017-06-27 19:00:00,56.57763726219221,price,2017-06-26 23:00:00,day_ahead
2017-06-27 20:00:00,55.38256105987838,price,2017-06-26 23:00:00,day_ahead
2017-06-27 21:00:00,53.02948487961288,price,2017-06-26 23:00:00,day_ahead
2017-06-27 22:00:00,50.3786911856792,price,2017-06-26 23:00:00,day_ahead
2017-06-27 23:00:00,47.97253161378017,price,2017-06-26 23:00:00,day_ahead
2017-06-28 00:00:00,45.64844853752767,price,2017-06-27 23:00:00,day_ahead
2017-06-28 01:00:00,43.998536350676815,price,2017-06-27 23:00:00,day_ahead
2017-06-28 02:00:00,43.04284450757139,price,2017-06-27 23:00:00,day_ahead
2017-06-28 03:00:00,43.30190105445967,price,2017-06-27 23:00:00,day_ahead
2017-06-28 04:00:00,45.01232476403087,price,2017-06-27 23:00:00,day_ahead
2017-06-28 05:00:00,47.74507072679008,price,2017-06-27 23:00:00,day_ahead
2017-06-28 06:00:00,50.554678803623474,price,2017-06-27 23:00:00,day_ahead
2017-06-28 07:00:00,52.57302292019016,price,2017-06-27 23:00:00,day_ahead
2017-06-28 08:00:00,53.521517757668626,price,2017-06-27 23:00:00,day_ahead
2017-06-28 09:00:00,53.69657244341941,price,2017-06-27 23:00:00,day_ahead
2017-06-28 10:00:00,53.50330726184669,price,2017-06-27 23:00:00,day_ahead
2017-06-28 11:00:00,53.046597900357675,price,2017-06-27 23:00:00,day_ahead
2017-06-28 12:00:00,52.19748672698611,price,2017-06-27 23:00:00,day_ahead
2017-06-28 13:00:00,51.030485760890315,price,2017-06-27 23:00:00,day_ahead
2017-06-28 14:00:00,50.10880401641589,price,2017-06-27 23:00:00,day_ahead
2017-06-28 15:00:00,50.21824412159136,price,2017-06-27 23:00:00,day_ahead
2017-06-28 16:00:00,51.70976466394343,price,2017-06-27 23:00:00,day_ahead
2017-06-28 17:00:00,54.0505611400368,price,2017-06-27 23:00:00,day_ahead
2017-06-28 18:00:00,56.05072556029638,price,2017-06-27 23:00:00,day_ahead
2017-06-28 19:00:00,56.63245335924239,price,2017-06-27 23:00:00,day_ahead
2017-06-28 20:00:00,55.511333199563886,price,2017-06-27 23:00:00,day_ahead
2017-06-28 21:00:00,53.242826293927976,price,2017-06-27 23:00:00,day_ahead
2017-06-28 22:00:00,50.66917167450792,price,2017-06-27 23:00:00,day_ahead
2017-06-28 23:00:00,48.32156932142844,price,2017-06-27 23:00:00,day_ahead
2017-06-29 00:00:00,45.51815407010269,price,2017-06-28 23:00:00,day_ahead
2017-06-29 01:00:00,43.87465470787518,price,2017-06-28 23:00:00,day_ahead
2017-06-29 02:00:00,42.90170786313117,price,2017-06-28 23:00:00,day_ahead
2017-06-29 03:00:00,43.111614933936664,price,2017-06-28 23:00:00,day_ahead
2017-06-29 04:00:00,44.73785034400919,price,2017-06-28 23:00:00,day_ahead
2017-06-29 05:00:00,47.35947449897406,price,2017-06-28 23:00:00,day_ahead
2017-06-29 06:00:00,50.04783907058839,price,2017-06-28 23:00:00,day_ahead
2017-06-29 07:00:00,51.95067696108198,price,2017-06-28 23:00:00,day_ahead
2017-06-29 08:00:00,52.79603899155305,price,2017-06-28 23:00:00,day_ahead
2017-06-29 09:00:00,52.87787985274495,price,2017-06-28 23:00:00,day_ahead
2017-06-29 10:00:00,52.59697389483717,price,2017-06-28 23:00:00,day_ahead
2017-06-29 11:00:00,52.058144619402995,price,2017-06-28 23:00:00,day_ahead
2017-06-29 12:00:00,51.13543209774754,price,2017-06-28 23:00:00,day_ahead
2017-06-29 13:00:00,49.90262702951009,price,2017-06-28 23:00:00,day_ahead
2017-06-29 14:00:00,48.91449154656263,price,2017-06-28 23:00:00,day_ahead
2017-06-29 15:00:00,48.945404157814764,price,2017-06-28 23:00:00,day_ahead
2017-06-29 16:00:00,50.34246508264948,price,2017-06-28 23:00:00,day_ahead
2017-06-29 17:00:00,52.58327016699422,price,2017-06-28 23:00:00,day_ahead
2017-06-29 18:00:00,54.49831391088286,price,2017-06-28 23:00:00,day_ahead
2017-06-29 19:00:00,55.027605531380104,price,2017-06-28 23:00:00,day_ahead
2017-06-29 20:00:00,53.89130376687687,price,2017-06-28 23:00:00,day_ahead
2017-06-29 21:00:00,51.63595379972746,price,2017-06-28 23:00:00,day_ahead
2017-06-29 22:00:00,49.09052117744952,price,2017-06-28 23:00:00,day_ahead
2017-06-29 23:00:00,46.77794189373064,price,2017-06-28 23:00:00,day_ahead
2017-06-30 00:00:00,44.27470769578279,price,2017-06-29 23:00:00,day_ahead
2017-06-30 01:00:00,42.70522251981579,price,2017-06-29 23:00:00,day_ahead
2017-06-30 02:00:00,41.785371930856456,price,2017-06-29 23:00:00,day_ahead
2017-06-30 03:00:00,42.00829335286883,price,2017-06-29 23:00:00,day_ahead
2017-06-30 04:00:00,43.59971077031123,price,2017-06-29 23:00:00,day_ahead
2017-06-30 05:00:00,46.155149250207245,price,2017-06-29 23:00:00,day_ahead
2017-06-30 06:00:00,48.78000165365131,price,2017-06-29 23:00:00,day_ahead
2017-06-30 07:00:00,50.651514607901134,price,2017-06-29 23:00:00,day_ahead
2017-06-30 08:00:00,51.50466697382152,price,2017-06-29 23:00:00,day_ahead
2017-06-30 09:00:00,51.61953525868132,price,2017-06-29 23:00:00,day_ahead
2017-06-30 10:00:00,51.380185140884095,price,2017-06-29 23:00:00,day_ahead
2017-06-30 11:00:00,50.88682460841739,price,2017-06-29 23:00:00,day_ahead
2017-06-30 12:00:00,50.01765791096235,price,2017-06-29 23:00:00,day_ahead
2017-06-30 13:00:00,48.842421934039926,price,2017-06-29 23:00:00,day_ahead
2017-06-30 14:00:00,47.892828669760654,price,2017-06-29 23:00:00,day_ahead
2017-06-30 15:00:00,47.9114912727768,price,2017-06-29 23:00:00,day_ahead
2017-06-30 16:00:00,49.23008749080707,price,2017-06-29 23:00:00,day_ahead
2017-06-30 17:00:00,51.34431740047649,price,2017-06-29 23:00:00,day_ahead
2017-06-30 18:00:00,53.128086964133935,price,2017-06-29 23:00:00,day_ahead
2017-06-30 19:00:00,53.56144608605464,price,2017-06-29 23:00:00,day_ahead
2017-06-30 20:00:00,52.37557198546363,price,2017-06-29 23:00:00,day_ahead
2017-06-30 21:00:00,50.096774797337915,price,2017-06-29 23:00:00,day_ahead
2017-06-30 22:00:00,47.52256585360434,price,2017-06-29 23:00:00,day_ahead
2017-06-30 23:00:00,45.155169823153464,price,2017-06-29 23:00:00,day_ahead
2017-07-01 00:00:00,42.77633621570141,price,2017-06-30 23:00:00,day_ahead
2017-07-01 01:00:00,41.024089320940426,price,2017-06-30 23:00:00,day_ahead
2017-07-01 02:00:00,39.90676142833619,price,2017-06-30 23:00:00,day_ahead
2017-07-01 03:00:00,39.918183615121805,price,2017-06-30 23:00:00,day_ahead
2017-07-01 04:00:00,41.2844831603835,price,2017-06-30 23:00:00,day_ahead
2017-07-01 05:00:00,43.60201355106807,price,2017-06-30 23:00:00,day_ahead
2017-07-01 06:00:00,45.977822678984126,price,2017-06-30 23:00:00,day_ahead
2017-07-01 07:00:00,47.59149276624531,price,2017-06-30 23:00:00,day_ahead
2017-07-01 08:00:00,48.18056996669439,price,2017-06-30 23:00:00,day_ahead
2017-07-01 09:00:00,48.027610810782065,price,2017-06-30 23:00:00,day_ahead
2017-07-01 10:00:00,47.51909943945725,price,2017-06-30 23:00:00,day_ahead
2017-07-01 11:00:00,46.75782873772494,price,2017-06-30 23:00:00,day_ahead
2017-07-01 12:00:00,45.62489945810815,price,2017-06-30 23:00:00,day_ahead
2017-07-01 13:00:00,44.193197582862545,price,2017-06-30 23:00:00,day_ahead
2017-07-01 14:00:00,42.99769525208845,price,2017-06-30 23:00:00,day_ahead
2017-07-01 15:00:00,42.78431895498654,price,2017-06-30 23:00:00,day_ahead
2017-07-01 16:00:00,43.88812326518626,price,2017-06-30 23:00:00,day_ahead
2017-07-01 17:00:00,45.80814398310636,price,2017-06-30 23:00:00,day_ahead
2017-07-01 18:00:00,47.421258639537825,price,2017-06-30 23:00:00,day_ahead
2017-07-01 19:00:00,47.70975877316887,price,2017-06-30 23:00:00,day_ahead
2017-07-01 20:00:00,46.40627828148277,price,2017-06-30 23:00:00,day_ahead
2017-07-01 21:00:00,44.03824004837144,price,2017-06-30 23:00:00,day_ahead
2017-07-01 22:00:00,41.4046246579274,price,2017-06-30 23:00:00,day_ahead
2017-07-01 23:00:00,39.00990841904072,price,2017-06-30 23:00:00,day_ahead
2017-07-02 00:00:00,37.054024252431596,price,2017-07-01 23:00:00,day_ahead
2017-07-02 01:00:00,35.382828712561675,price,2017-07-01 23:00:00,day_ahead
2017-07-02 02:00:00,34.368628518561394,price,2017-07-01 23:00:00,day_ahead
2017-07-02 03:00:00,34.49540696563128,price,2017-07-01 23:00:00,day_ahead
2017-07-02 04:00:00,35.98538945476188,price,2017-07-01 23:00:00,day_ahead
2017-07-02 05:00:00,38.44417036028433,price,2017-07-01 23:00:00,day_ahead
2017-07-02 06:00:00,40.99764650225377,price,2017-07-01 23:00:00,day_ahead
2017-07-02 07:00:00,42.8417293074387,price,2017-07-01 23:00:00,day_ahead
2017-07-02 08:00:00,43.71769750091796,price,2017-07-01 23:00:00,day_ahead
2017-07-02 09:00:00,43.89991481593374,price,2017-07-01 23:00:00,day_ahead
2017-07-02 10:00:00,43.76436645195048,price,2017-07-01 23:00:00,day_ahead
2017-07-02 11:00:00,43.409298453902124,price,2017-07-01 23:00:00,day_ahead
2017-07-02 12:00:00,42.715849316624656,price,2017-07-01 23:00:00,day_ahead
2017-07-02 13:00:00,41.75277248159674,price,2017-07-01 23:00:00,day_ahead
2017-07-02 14:00:00,41.04107041588544,price,2017-07-01 23:00:00,day_ahead
2017-07-02 15:00:00,41.30814992345119,price,2017-07-01 23:00:00,day_ahead
2017-07-02 16:00:00,42.87895485211211,price,2017-07-01 23:00:00,day_ahead
2017-07-02 17:00:00,45.25955596074456,price,2017-07-01 23:00:00,day_ahead
2017-07-02 18:00:00,47.346419394272694,price,2017-07-01 23:00:00,day_ahead
2017-07-02 19:00:00,48.1388612512397,price,2017-07-01 23:00:00,day_ahead
2017-07-02 20:00:00,47.37081575032917,price,2017-07-01 23:00:00,day_ahead
2017-07-02 21:00:00,45.55468698434721,price,2017-07-01 23:00:00,day_ahead
2017-07-02 22:00:00,43.46912462176676,price,2017-07-01 23:00:00,day_ahead
2017-07-02 23:00:00,41.60453146829852,price,2017-07-01 23:00:00,day_ahead
2017-07-03 00:00:00,40.038462686856256,price,2017-07-02 23:00:00,day_ahead
2017-07-03 01:00:00,38.83587833636429,price,2017-07-02 23:00:00,day_ahead
2017-07-03 02:00:00,38.25408187166417,price,2017-07-02 23:00:00,day_ahead
2017-07-03 03:00:00,38.76416476825848,price,2017-07-02 23:00:00,day_ahead
2017-07-03 04:00:00,40.58218490690201,price,2017-07-02 23:00:00,day_ahead
2017-07-03 05:00:00,43.320280153168916,price,2017-07-02 23:00:00,day_ahead
2017-07-03 06:00:00,46.11957148058274,price,2017-07-02 23:00:00,day_ahead
2017-07-03 07:00:00,48.188698398424044,price,2017-07-02 23:00:00,day_ahead
2017-07-03 08:00:00,49.27072437078141,price,2017-07-02 23:00:00,day_ahead
2017-07-03 09:00:00,49.63234267210326,price,2017-07-02 23:00:00,day_ahead
2017-07-03 10:00:00,49.64134554959624,price,2017-07-02 23:00:00,day_ahead
2017-07-03 11:00:00,49.39414221216841,price,2017-07-02 23:00:00,day_ahead
2017-07-03 12:00:00,48.77441131754703,price,2017-07-02 23:00:00,day_ahead
2017-07-03 13:00:00,47.84980237992685,price,2017-07-02 23:00:00,day_ahead
2017-07-03 14:00:00,47.132041115544475,price,2017-07-02 23:00:00,day_ahead
2017-07-03 15:00:00,47.336408145617405,price,2017-07-02 23:00:00,day_ahead
2017-07-03 16:00:00,48.784301030264956,price,2017-07-02 23:00:00,day_ahead
2017-07-03 17:00:00,50.99366483184378,price,2017-07-02 23:00:00,day_ahead
2017-07-03 18:00:00,52.88321105922523,price,2017-07-02 23:00:00,day_ahead
2017-07-03 19:00:00,53.47139113616486,price,2017-07-02 23:00:00,day_ahead
2017-07-03 20:00:00,52.49750918715363,price,2017-07-02 23:00:00,day_ahead
2017-07-03 21:00:00,50.466292908588684,price,2017-07-02 23:00:00,day_ahead
2017-07-03 22:00:00,48.145765511795865,price,2017-07-02 23:00:00,day_ahead
2017-07-03 23:00:00,46.02207906257695,price,2017-07-02 23:00:00,day_ahead
2017-07-04 00:00:00,44.22603700781296,price,2017-07-03 23:00:00,day_ahead
2017-07-04 01:00:00,42.70686162784728,price,2017-07-03 23:00:00,day_ahead
2017-07-04 02:00:00,41.7942174308776,price,2017-07-03 23:00:00,day_ahead
2017-07-04 03:00:00,41.95923370300924,price,2017-07-03 23:00:00,day_ahead
2017-07-04 04:00:00,43.420144902738706,price,2017-07-03 23:00:00,day_ahead
2017-07-04 05:00:00,45.79536917846215,price,2017-07-03 23:00:00,day_ahead
2017-07-04 06:00:00,48.234894852111914,price,2017-07-03 23:00:00,day_ahead
2017-07-04 07:00:00,49.95499417744682,price,2017-07-03 23:00:00,day_ahead
2017-07-04 08:00:00,50.70243706616504,price,2017-07-03 23:00:00,day_ahead
2017-07-04 09:00:00,50.744419523846766,price,2017-07-03 23:00:00,day_ahead
2017-07-04 10:00:00,50.44906879210112,price,2017-07-03 23:00:00,day_ahead
2017-07-04 11:00:00,49.91501502041921,price,2017-07-03 23:00:00,day_ahead
2017-07-04 12:00:00,49.029027059073044,price,2017-07-03 23:00:00,day_ahead
2017-07-04 13:00:00,47.85990244132899,price,2017-07-03 23:00:00,day_ahead
2017-07-04 14:00:00,46.91730089371273,price,2017-07-03 23:00:00,day_ahead
2017-07-04 15:00:00,46.91340102231485,price,2017-07-03 23:00:00,day_ahead
2017-07-04 16:00:00,48.16943809007343,price,2017-07-03 23:00:00,day_ahead
2017-07-04 17:00:00,50.208129102465556,price,2017-07-03 23:00:00,day_ahead
2017-07-04 18:00:00,51.95567288068214,price,2017-07-03 23:00:00,day_ahead
2017-07-04 19:00:00,52.435901736405775,price,2017-07-03 23:00:00,day_ahead
2017-07-04 20:00:00,51.388026637191246,price,2017-07-03 23:00:00,day_ahead
2017-07-04 21:00:00,49.3120186134291,price,2017-07-03 23:00:00,day_ahead
2017-07-04 22:00:00,46.97036092867792,price,2017-07-03 23:00:00,day_ahead
2017-07-04 23:00:00,44.84608398160613,price,2017-07-03 23:00:00,day_ahead
2017-07-05 00:00:00,43.08986885366263,price,2017-07-04 23:00:00,day_ahead
2017-07-05 01:00:00,41.61710924084082,price,2017-07-04 23:00:00,day_ahead
2017-07-05 02:00:00,40.76211966396274,price,2017-07-04 23:00:00,day_ahead
2017-07-05 03:00:00,40.98824300930357,price,2017-07-04 23:00:00,day_ahead
2017-07-05 04:00:00,42.50895702425519,price,2017-07-04 23:00:00,day_ahead
2017-07-05 05:00:00,44.944998518011865,price,2017-07-04 23:00:00,day_ahead
2017-07-05 06:00:00,47.45414904624344,price,2017-07-04 23:00:00,day_ahead
2017-07-05 07:00:00,49.259717386430246,price,2017-07-04 23:00:00,day_ahead
2017-07-05 08:00:00,50.109396893182215,price,2017-07-04 23:00:00,day_ahead
2017-07-05 09:00:00,50.265301298349236,price,2017-07-04 23:00:00,day_ahead
2017-07-05 10:00:00,50.08924720085131,price,2017-07-04 23:00:00,day_ahead
2017-07-05 11:00:00,49.676554283943354,price,2017-07-04 23:00:00,day_ahead
2017-07-05 12:00:00,48.91311009445032,price,2017-07-04 23:00:00,day_ahead
2017-07-05 13:00:00,47.86496318377159,price,2017-07-04 23:00:00,day_ahead
2017-07-05 14:00:00,47.034407723685376,price,2017-07-04 23:00:00,day_ahead
2017-07-05 15:00:00,47.1243948051611,price,2017-07-04 23:00:00,day_ahead
2017-07-05 16:00:00,48.45162612698779,price,2017-07-04 23:00:00,day_ahead
2017-07-05 17:00:00,50.543293639496945,price,2017-07-04 23:00:00,day_ahead
2017-07-05 18:00:00,52.336591179200006,price,2017-07-04 23:00:00,day_ahead
2017-07-05 19:00:00,52.86510778785611,price,2017-07-04 23:00:00,day_ahead
2017-07-05 20:00:00,51.86996005457855,price,2017-07-04 23:00:00,day_ahead
2017-07-05 21:00:00,49.845055583256546,price,2017-07-04 23:00:00,day_ahead
2017-07-05 22:00:00,47.544584085372925,price,2017-07-04 23:00:00,day_ahead
2017-07-05 23:00:00,45.44688706974703,price,2017-07-04 23:00:00,day_ahead
2017-07-06 00:00:00,43.65135865548571,price,2017-07-05 23:00:00,day_ahead
2017-07-06 01:00:00,42.18763073883217,price,2017-07-05 23:00:00,day_ahead
2017-07-06 02:00:00,41.31774921069347,price,2017-07-05 23:00:00,day_ahead
2017-07-06 03:00:00,41.49562884872435,price,2017-07-05 23:00:00,day_ahead
2017-07-06 04:00:00,42.93116390562557,price,2017-07-05 23:00:00,day_ahead
2017-07-06 05:00:00,45.254482207421944,price,2017-07-05 23:00:00,day_ahead
2017-07-06 06:00:00,47.64263199593035,price,2017-07-05 23:00:00,day_ahead
2017-07-06 07:00:00,49.336653050795555,price,2017-07-05 23:00:00,day_ahead
2017-07-06 08:00:00,50.09077792866887,price,2017-07-05 23:00:00,day_ahead
2017-07-06 09:00:00,50.162866554784806,price,2017-07-05 23:00:00,day_ahead
2017-07-06 10:00:00,49.90853345567509,price,2017-07-05 23:00:00,day_ahead
2017-07-06 11:00:00,49.42256970676585,price,2017-07-05 23:00:00,day_ahead
2017-07-06 12:00:00,48.59464429614802,price,2017-07-05 23:00:00,day_ahead
2017-07-06 13:00:00,47.490676674656136,price,2017-07-05 23:00:00,day_ahead
2017-07-06 14:00:00,46.60369836700563,price,2017-07-05 23:00:00,day_ahead
2017-07-06 15:00:00,46.623370029080796,price,2017-07-05 23:00:00,day_ahead
2017-07-06 16:00:00,47.86129963234385,price,2017-07-05 23:00:00,day_ahead
2017-07-06 17:00:00,49.85585406277766,price,2017-07-05 23:00:00,day_ahead
2017-07-06 18:00:00,51.567075919452115,price,2017-07-05 23:00:00,day_ahead
2017-07-06 19:00:00,52.04862919904723,price,2017-07-05 23:00:00,day_ahead
2017-07-06 20:00:00,51.046542935964965,price,2017-07-05 23:00:00,day_ahead
2017-07-06 21:00:00,49.0441312603462,price,2017-07-05 23:00:00,day_ahead
2017-07-06 22:00:00,46.78009533805263,price,2017-07-05 23:00:00,day_ahead
2017-07-06 23:00:00,44.723331439952645,price,2017-07-05 23:00:00,day_ahead
2017-07-07 00:00:00,43.45503295643585,price,2017-07-06 23:00:00,day_ahead
2017-07-07 01:00:00,41.99641698318501,price,2017-07-06 23:00:00,day_ahead
2017-07-07 02:00:00,41.14319243405043,price,2017-07-06 23:00:00,day_ahead
2017-07-07 03:00:00,41.35061382746683,price,2017-07-06 23:00:00,day_ahead
2017-07-07 04:00:00,42.82862033533904,price,2017-07-06 23:00:00,day_ahead
2017-07-07 05:00:00,45.2040938562343,price,2017-07-06 23:00:00,day_ahead
2017-07-07 06:00:00,47.647875093348226,price,2017-07-06 23:00:00,day_ahead
2017-07-07 07:00:00,49.39460604742879,price,2017-07-06 23:00:00,day_ahead
2017-07-07 08:00:00,50.1948058760554,price,2017-07-06 23:00:00,day_ahead
2017-07-07 09:00:00,50.30578748599244,price,2017-07-06 23:00:00,day_ahead
2017-07-07 10:00:00,50.08371607238968,price,2017-07-06 23:00:00,day_ahead
2017-07-07 11:00:00,49.62273280572,price,2017-07-06 23:00:00,day_ahead
2017-07-07 12:00:00,48.81054281806031,price,2017-07-06 23:00:00,day_ahead
2017-07-07 13:00:00,47.71186071426433,price,2017-07-06 23:00:00,day_ahead
2017-07-07 14:00:00,46.821066337519916,price,2017-07-06 23:00:00,day_ahead
2017-07-07 15:00:00,46.83082728915451,price,2017-07-06 23:00:00,day_ahead
2017-07-07 16:00:00,48.05407400564123,price,2017-07-06 23:00:00,day_ahead
2017-07-07 17:00:00,50.02592623284702,price,2017-07-06 23:00:00,day_ahead
2017-07-07 18:00:00,51.69906487873145,price,2017-07-06 23:00:00,day_ahead
2017-07-07 19:00:00,52.1195117787929,price,2017-07-06 23:00:00,day_ahead
2017-07-07 20:00:00,51.029604427134586,price,2017-07-06 23:00:00,day_ahead
2017-07-07 21:00:00,48.9142272420104,price,2017-07-06 23:00:00,day_ahead
2017-07-07 22:00:00,46.51663758717899,price,2017-07-06 23:00:00,day_ahead
2017-07-07 23:00:00,44.30983212652555,price,2017-07-06 23:00:00,day_ahead
2017-07-08 00:00:00,42.555981142689,price,2017-07-07 23:00:00,day_ahead
2017-07-08 01:00:00,40.944831391271805,price,2017-07-07 23:00:00,day_ahead
2017-07-08 02:00:00,39.91634906067037,price,2017-07-07 23:00:00,day_ahead
2017-07-08 03:00:00,39.92193821660225,price,2017-07-07 23:00:00,day_ahead
2017-07-08 04:00:00,41.17146589773517,price,2017-07-07 23:00:00,day_ahead
2017-07-08 05:00:00,43.2984091455604,price,2017-07-07 23:00:00,day_ahead
2017-07-08 06:00:00,45.484561962081244,price,2017-07-07 23:00:00,day_ahead
2017-07-08 07:00:00,46.974008653676776,price,2017-07-07 23:00:00,day_ahead
2017-07-08 08:00:00,47.52094390098241,price,2017-07-07 23:00:00,day_ahead
2017-07-08 09:00:00,47.3815696345038,price,2017-07-07 23:00:00,day_ahead
2017-07-08 10:00:00,46.91087786299311,price,2017-07-07 23:00:00,day_ahead
2017-07-08 11:00:00,46.20520210672407,price,2017-07-07 23:00:00,day_ahead
2017-07-08 12:00:00,45.156489629871594,price,2017-07-07 23:00:00,day_ahead
2017-07-08 13:00:00,43.83136643882994,price,2017-07-07 23:00:00,day_ahead
2017-07-08 14:00:00,42.72146428520722,price,2017-07-07 23:00:00,day_ahead
2017-07-08 15:00:00,42.515042146382356,price,2017-07-07 23:00:00,day_ahead
2017-07-08 16:00:00,43.52514715390196,price,2017-07-07 23:00:00,day_ahead
2017-07-08 17:00:00,45.29515895778769,price,2017-07-07 23:00:00,day_ahead
2017-07-08 18:00:00,46.79136991860686,price,2017-07-07 23:00:00,day_ahead
2017-07-08 19:00:00,47.07148119992575,price,2017-07-07 23:00:00,day_ahead
2017-07-08 20:00:00,45.88182313825921,price,2017-07-07 23:00:00,day_ahead
2017-07-08 21:00:00,43.70389393801487,price,2017-07-07 23:00:00,day_ahead
2017-07-08 22:00:00,41.27549022652349,price,2017-07-07 23:00:00,day_ahead
2017-07-08 23:00:00,39.06702621635469,price,2017-07-07 23:00:00,day_ahead
2017-07-09 00:00:00,37.47169266306002,price,2017-07-08 23:00:00,day_ahead
2017-07-09 01:00:00,35.91142994007121,price,2017-07-08 23:00:00,day_ahead
2017-07-09 02:00:00,34.964998727335605,price,2017-07-08 23:00:00,day_ahead
2017-07-09 03:00:00,35.08028032961745,price,2017-07-08 23:00:00,day_ahead
2017-07-09 04:00:00,36.46581519237742,price,2017-07-08 23:00:00,day_ahead
2017-07-09 05:00:00,38.757906978075475,price,2017-07-08 23:00:00,day_ahead
2017-07-09 06:00:00,41.14364126724043,price,2017-07-08 23:00:00,day_ahead
2017-07-09 07:00:00,42.87094823976185,price,2017-07-08 23:00:00,day_ahead
2017-07-09 08:00:00,43.69375865288203,price,2017-07-08 23:00:00,day_ahead
2017-07-09 09:00:00,43.86462707247359,price,2017-07-08 23:00:00,day_ahead
2017-07-09 10:00:00,43.73446057281736,price,2017-07-08 23:00:00,day_ahead
2017-07-09 11:00:00,43.39708062721807,price,2017-07-08 23:00:00,day_ahead
2017-07-09 12:00:00,42.74268528430034,price,2017-07-08 23:00:00,day_ahead
2017-07-09 13:00:00,41.83453970266239,price,2017-07-08 23:00:00,day_ahead
2017-07-09 14:00:00,41.15837065835281,price,2017-07-08 23:00:00,day_ahead
2017-07-09 15:00:00,41.39603632600261,price,2017-07-08 23:00:00,day_ahead
2017-07-09 16:00:00,42.85704233116778,price,2017-07-08 23:00:00,day_ahead
2017-07-09 17:00:00,45.085416760716534,price,2017-07-08 23:00:00,day_ahead
2017-07-09 18:00:00,47.0499543066666,price,2017-07-08 23:00:00,day_ahead
2017-07-09 19:00:00,47.80853468828512,price,2017-07-08 23:00:00,day_ahead
2017-07-09 20:00:00,47.102984806445974,price,2017-07-08 23:00:00,day_ahead
2017-07-09 21:00:00,45.407085573693784,price,2017-07-08 23:00:00,day_ahead
2017-07-09 22:00:00,43.45143167167164,price,2017-07-08 23:00:00,day_ahead
2017-07-09 23:00:00,41.70216222463055,price,2017-07-08 23:00:00,day_ahead
2017-07-10 00:00:00,40.48499964375261,price,2017-07-09 23:00:00,day_ahead
2017-07-10 01:00:00,39.36530534563689,price,2017-07-09 23:00:00,day_ahead
2017-07-10 02:00:00,38.825306293736304,price,2017-07-09 23:00:00,day_ahead
2017-07-10 03:00:00,39.30053895177316,price,2017-07-09 23:00:00,day_ahead
2017-07-10 04:00:00,40.993540909291696,price,2017-07-09 23:00:00,day_ahead
2017-07-10 05:00:00,43.5463881867405,price,2017-07-09 23:00:00,day_ahead
2017-07-10 06:00:00,46.16014067170413,price,2017-07-09 23:00:00,day_ahead
2017-07-10 07:00:00,48.094849139867826,price,2017-07-09 23:00:00,day_ahead
2017-07-10 08:00:00,49.106916461126346,price,2017-07-09 23:00:00,day_ahead
2017-07-10 09:00:00,49.44265236361231,price,2017-07-09 23:00:00,day_ahead
2017-07-10 10:00:00,49.44564265852889,price,2017-07-09 23:00:00,day_ahead
2017-07-10 11:00:00,49.20743792269091,price,2017-07-09 23:00:00,day_ahead
2017-07-10 12:00:00,48.61962987903023,price,2017-07-09 23:00:00,day_ahead
2017-07-10 13:00:00,47.743931666202016,price,2017-07-09 23:00:00,day_ahead
2017-07-10 14:00:00,47.05786416993972,price,2017-07-09 23:00:00,day_ahead
2017-07-10 15:00:00,47.23305915916266,price,2017-07-09 23:00:00,day_ahead
2017-07-10 16:00:00,48.576520139737205,price,2017-07-09 23:00:00,day_ahead
2017-07-10 17:00:00,50.64318389956234,price,2017-07-09 23:00:00,day_ahead
2017-07-10 18:00:00,52.421599779379875,price,2017-07-09 23:00:00,day_ahead
2017-07-10 19:00:00,52.98652482325096,price,2017-07-09 23:00:00,day_ahead
2017-07-10 20:00:00,52.08465300926992,price,2017-07-09 23:00:00,day_ahead
2017-07-10 21:00:00,50.18337643881413,price,2017-07-09 23:00:00,day_ahead
2017-07-10 22:00:00,48.00441634860081,price,2017-07-09 23:00:00,day_ahead
2017-07-10 23:00:00,46.010490799413695,price,2017-07-09 23:00:00,day_ahead
2017-07-11 00:00:00,44.50120857199229,price,2017-07-10 23:00:00,day_ahead
2017-07-11 01:00:00,43.07759014266373,price,2017-07-10 23:00:00,day_ahead
2017-07-11 02:00:00,42.22287544397966,price,2017-07-10 23:00:00,day_ahead
2017-07-11 03:00:00,42.374468030642284,price,2017-07-10 23:00:00,day_ahead
2017-07-11 04:00:00,43.737572728658655,price,2017-07-10 23:00:00,day_ahead
2017-07-11 05:00:00,45.95823134558571,price,2017-07-10 23:00:00,day_ahead
2017-07-11 06:00:00,48.242133062028884,price,2017-07-10 23:00:00,day_ahead
2017-07-11 07:00:00,49.85345354442613,price,2017-07-10 23:00:00,day_ahead
2017-07-11 08:00:00,50.55158385569464,price,2017-07-10 23:00:00,day_ahead
2017-07-11 09:00:00,50.58504407902678,price,2017-07-10 23:00:00,day_ahead
2017-07-11 10:00:00,50.29962614674357,price,2017-07-10 23:00:00,day_ahead
2017-07-11 11:00:00,49.789315956846096,price,2017-07-10 23:00:00,day_ahead
2017-07-11 12:00:00,48.947765566069066,price,2017-07-10 23:00:00,day_ahead
2017-07-11 13:00:00,47.837629037455805,price,2017-07-10 23:00:00,day_ahead
2017-07-11 14:00:00,46.9363298406761,price,2017-07-10 23:00:00,day_ahead
2017-07-11 15:00:00,46.91544744503775,price,2017-07-10 23:00:00,day_ahead
2017-07-11 16:00:00,48.08316143112714,price,2017-07-10 23:00:00,day_ahead
2017-07-11 17:00:00,49.99693412751582,price,2017-07-10 23:00:00,day_ahead
2017-07-11 18:00:00,51.64797781703984,price,2017-07-10 23:00:00,day_ahead
2017-07-11 19:00:00,52.11225997570305,price,2017-07-10 23:00:00,day_ahead
2017-07-11 20:00:00,51.13559937119097,price,2017-07-10 23:00:00,day_ahead
2017-07-11 21:00:00,49.18323053370063,price,2017-07-10 23:00:00,day_ahead
2017-07-11 22:00:00,46.97486684082656,price,2017-07-10 23:00:00,day_ahead
2017-07-11 23:00:00,44.972120985092914,price,2017-07-10 23:00:00,day_ahead
2017-07-12 00:00:00,43.55744869258721,price,2017-07-11 23:00:00,day_ahead
2017-07-12 01:00:00,42.15835883352988,price,2017-07-11 23:00:00,day_ahead
2017-07-12 02:00:00,41.34574012300578,price,2017-07-11 23:00:00,day_ahead
2017-07-12 03:00:00,41.55546223184383,price,2017-07-11 23:00:00,day_ahead
2017-07-12 04:00:00,42.99091913703714,price,2017-07-11 23:00:00,day_ahead
2017-07-12 05:00:00,45.296225980579145,price,2017-07-11 23:00:00,day_ahead
2017-07-12 06:00:00,47.67495184196956,price,2017-07-11 23:00:00,day_ahead
2017-07-12 07:00:00,49.38879711559634,price,2017-07-11 23:00:00,day_ahead
2017-07-12 08:00:00,50.1944026058429,price,2017-07-11 23:00:00,day_ahead
2017-07-12 09:00:00,50.337682973715076,price,2017-07-11 23:00:00,day_ahead
2017-07-12 10:00:00,50.16242671239484,price,2017-07-11 23:00:00,day_ahead
2017-07-12 11:00:00,49.761277085915935,price,2017-07-11 23:00:00,day_ahead
2017-07-12 12:00:00,49.02674929013139,price,2017-07-11 23:00:00,day_ahead
2017-07-12 13:00:00,48.019973852653756,price,2017-07-11 23:00:00,day_ahead
2017-07-12 14:00:00,47.216286500213606,price,2017-07-11 23:00:00,day_ahead
2017-07-12 15:00:00,47.28505825665545,price,2017-07-11 23:00:00,day_ahead
2017-07-12 16:00:00,48.532842646508676,price,2017-07-11 23:00:00,day_ahead
2017-07-12 17:00:00,50.51640406141162,price,2017-07-11 23:00:00,day_ahead
2017-07-12 18:00:00,52.22686562151791,price,2017-07-11 23:00:00,day_ahead
2017-07-12 19:00:00,52.740017468049665,price,2017-07-11 23:00:00,day_ahead
2017-07-12 20:00:00,51.80095755683538,price,2017-07-11 23:00:00,day_ahead
2017-07-12 21:00:00,49.873831219642454,price,2017-07-11 23:00:00,day_ahead
2017-07-12 22:00:00,47.677524081040026,price,2017-07-11 23:00:00,day_ahead
2017-07-12 23:00:00,45.67361880667079,price,2017-07-11 23:00:00,day_ahead
2017-07-13 00:00:00,44.03152249746955,price,2017-07-12 23:00:00,day_ahead
2017-07-13 01:00:00,42.628432081441915,price,2017-07-12 23:00:00,day_ahead
2017-07-13 02:00:00,41.794080230134774,price,2017-07-12 23:00:00,day_ahead
2017-07-13 03:00:00,41.9591745541321,price,2017-07-12 23:00:00,day_ahead
2017-07-13 04:00:00,43.32440710829838,price,2017-07-12 23:00:00,day_ahead
2017-07-13 05:00:00,45.538480424052516,price,2017-07-12 23:00:00,day_ahead
2017-07-13 06:00:00,47.8162123661539,price,2017-07-12 23:00:00,day_ahead
2017-07-13 07:00:00,49.43114288508587,price,2017-07-12 23:00:00,day_ahead
2017-07-13 08:00:00,50.146099975260526,price,2017-07-12 23:00:00,day_ahead
2017-07-13 09:00:00,50.206444130095356,price,2017-07-12 23:00:00,day_ahead
2017-07-13 10:00:00,49.95292180766496,price,2017-07-12 23:00:00,day_ahead
2017-07-13 11:00:00,49.47732229699033,price,2017-07-12 23:00:00,day_ahead
2017-07-13 12:00:00,48.67373798050032,price,2017-07-12 23:00:00,day_ahead
2017-07-13 13:00:00,47.603351336922486,price,2017-07-12 23:00:00,day_ahead
2017-07-13 14:00:00,46.73691650721781,price,2017-07-12 23:00:00,day_ahead
2017-07-13 15:00:00,46.736843662778824,price,2017-07-12 23:00:00,day_ahead
2017-07-13 16:00:00,47.9069476723831,price,2017-07-12 23:00:00,day_ahead
2017-07-13 17:00:00,49.810414987111336,price,2017-07-12 23:00:00,day_ahead
2017-07-13 18:00:00,51.451964494808585,price,2017-07-12 23:00:00,day_ahead
2017-07-13 19:00:00,51.920066988915806,price,2017-07-12 23:00:00,day_ahead
2017-07-13 20:00:00,50.96388400861001,price,2017-07-12 23:00:00,day_ahead
2017-07-13 21:00:00,49.041922850837416,price,2017-07-12 23:00:00,day_ahead
2017-07-13 22:00:00,46.863501513502065,price,2017-07-12 23:00:00,day_ahead
2017-07-13 23:00:00,44.883580899354705,price,2017-07-12 23:00:00,day_ahead
2017-07-14 00:00:00,43.598788866507306,price,2017-07-13 23:00:00,day_ahead
2017-07-14 01:00:00,42.21695007734588,price,2017-07-13 23:00:00,day_ahead
2017-07-14 02:00:00,41.406850570198195,price,2017-07-13 23:00:00,day_ahead
2017-07-14 03:00:00,41.594947237259746,price,2017-07-13 23:00:00,day_ahead
2017-07-14 04:00:00,42.9803685949687,price,2017-07-13 23:00:00,day_ahead
2017-07-14 05:00:00,45.214199875783756,price,2017-07-13 23:00:00,day_ahead
2017-07-14 06:00:00,47.51542197465749,price,2017-07-13 23:00:00,day_ahead
2017-07-14 07:00:00,49.15982848919761,price,2017-07-13 23:00:00,day_ahead
2017-07-14 08:00:00,49.90871892217498,price,2017-07-13 23:00:00,day_ahead
2017-07-14 09:00:00,50.003584732930904,price,2017-07-13 23:00:00,day_ahead
2017-07-14 10:00:00,49.781962187496354,price,2017-07-13 23:00:00,day_ahead
2017-07-14 11:00:00,49.33449461390644,price,2017-07-13 23:00:00,day_ahead
2017-07-14 12:00:00,48.55469078583806,price,2017-07-13 23:00:00,day_ahead
2017-07-14 13:00:00,47.50115882450066,price,2017-07-13 23:00:00,day_ahead
2017-07-14 14:00:00,46.6395773701319,price,2017-07-13 23:00:00,day_ahead
2017-07-14 15:00:00,46.627390908427614,price,2017-07-13 23:00:00,day_ahead
2017-07-14 16:00:00,47.76708421257806,price,2017-07-13 23:00:00,day_ahead
2017-07-14 17:00:00,49.62515750834373,price,2017-07-13 23:00:00,day_ahead
2017-07-14 18:00:00,51.21151461124091,price,2017-07-13 23:00:00,day_ahead
2017-07-14 19:00:00,51.61739006932268,price,2017-07-13 23:00:00,day_ahead
2017-07-14 20:00:00,50.59018776225751,price,2017-07-13 23:00:00,day_ahead
2017-07-14 21:00:00,48.58388254831963,price,2017-07-13 23:00:00,day_ahead
2017-07-14 22:00:00,46.30416385922032,price,2017-07-13 23:00:00,day_ahead
2017-07-14 23:00:00,44.20534167057623,price,2017-07-13 23:00:00,day_ahead
2017-07-15 00:00:00,42.59613810726517,price,2017-07-14 23:00:00,day_ahead
2017-07-15 01:00:00,41.051756954969896,price,2017-07-14 23:00:00,day_ahead
2017-07-15 02:00:00,40.06507248343004,price,2017-07-14 23:00:00,day_ahead
2017-07-15 03:00:00,40.06379477276779,price,2017-07-14 23:00:00,day_ahead
2017-07-15 04:00:00,41.24794901929338,price,2017-07-14 23:00:00,day_ahead
2017-07-15 05:00:00,43.269337924243885,price,2017-07-14 23:00:00,day_ahead
2017-07-15 06:00:00,45.347942760772234,price,2017-07-14 23:00:00,day_ahead
2017-07-15 07:00:00,46.761230787187344,price,2017-07-14 23:00:00,day_ahead
2017-07-15 08:00:00,47.272875444929944,price,2017-07-14 23:00:00,day_ahead
2017-07-15 09:00:00,47.12711239396927,price,2017-07-14 23:00:00,day_ahead
2017-07-15 10:00:00,46.66418187537241,price,2017-07-14 23:00:00,day_ahead
2017-07-15 11:00:00,45.97719592113301,price,2017-07-14 23:00:00,day_ahead
2017-07-15 12:00:00,44.96199183875232,price,2017-07-14 23:00:00,day_ahead
2017-07-15 13:00:00,43.679582104130674,price,2017-07-14 23:00:00,day_ahead
2017-07-15 14:00:00,42.59823873998234,price,2017-07-14 23:00:00,day_ahead
2017-07-15 15:00:00,42.37812505967031,price,2017-07-14 23:00:00,day_ahead
2017-07-15 16:00:00,43.3244344484955,price,2017-07-14 23:00:00,day_ahead
2017-07-15 17:00:00,45.006293551199064,price,2017-07-14 23:00:00,day_ahead
2017-07-15 18:00:00,46.43615683589463,price,2017-07-14 23:00:00,day_ahead
2017-07-15 19:00:00,46.70771667370793,price,2017-07-14 23:00:00,day_ahead
2017-07-15 20:00:00,45.57062800128203,price,2017-07-14 23:00:00,day_ahead
2017-07-15 21:00:00,43.480769558268555,price,2017-07-14 23:00:00,day_ahead
2017-07-15 22:00:00,41.1453791576221,price,2017-07-14 23:00:00,day_ahead
2017-07-15 23:00:00,39.02014820129353,price,2017-07-14 23:00:00,day_ahead
2017-07-16 00:00:00,37.385591970797165,price,2017-07-15 23:00:00,day_ahead
2017-07-16 01:00:00,35.87899975558214,price,2017-07-15 23:00:00,day_ahead
2017-07-16 02:00:00,34.963816841963855,price,2017-07-15 23:00:00,day_ahead
2017-07-16 03:00:00,35.067482827922476,price,2017-07-15 23:00:00,day_ahead
2017-07-16 04:00:00,36.38961896522694,price,2017-07-15 23:00:00,day_ahead
2017-07-16 05:00:00,38.5819615237803,price,2017-07-15 23:00:00,day_ahead
2017-07-16 06:00:00,40.86461373389426,price,2017-07-15 23:00:00,day_ahead
2017-07-16 07:00:00,42.5147848970913,price,2017-07-15 23:00:00,day_ahead
2017-07-16 08:00:00,43.29508268392723,price,2017-07-15 23:00:00,day_ahead
2017-07-16 09:00:00,43.447940676610315,price,2017-07-15 23:00:00,day_ahead
2017-07-16 10:00:00,43.311473733026965,price,2017-07-15 23:00:00,day_ahead
2017-07-16 11:00:00,42.97664213432932,price,2017-07-15 23:00:00,day_ahead
2017-07-16 12:00:00,42.33702542474085,price,2017-07-15 23:00:00,day_ahead
2017-07-16 13:00:00,41.45100691530061,price,2017-07-15 23:00:00,day_ahead
2017-07-16 14:00:00,40.783809128818426,price,2017-07-15 23:00:00,day_ahead
2017-07-16 15:00:00,40.99244050289053,price,2017-07-15 23:00:00,day_ahead
2017-07-16 16:00:00,42.379216239714275,price,2017-07-15 23:00:00,day_ahead
2017-07-16 17:00:00,44.51066985277321,price,2017-07-15 23:00:00,day_ahead
2017-07-16 18:00:00,46.396484546969546,price,2017-07-15 23:00:00,day_ahead
2017-07-16 19:00:00,47.12687435868264,price,2017-07-15 23:00:00,day_ahead
2017-07-16 20:00:00,46.447262777540736,price,2017-07-15 23:00:00,day_ahead
2017-07-16 21:00:00,44.809127202021834,price,2017-07-15 23:00:00,day_ahead
2017-07-16 22:00:00,42.91590551389415,price,2017-07-15 23:00:00,day_ahead
2017-07-16 23:00:00,41.22040301480348,price,2017-07-15 23:00:00,day_ahead
2017-07-17 00:00:00,40.164071708184224,price,2017-07-16 23:00:00,day_ahead
2017-07-17 01:00:00,39.06315640869862,price,2017-07-16 23:00:00,day_ahead
2017-07-17 02:00:00,38.530291125085434,price,2017-07-16 23:00:00,day_ahead
2017-07-17 03:00:00,38.988107686189444,price,2017-07-16 23:00:00,day_ahead
2017-07-17 04:00:00,40.63264537582956,price,2017-07-16 23:00:00,day_ahead
2017-07-17 05:00:00,43.114593585403995,price,2017-07-16 23:00:00,day_ahead
2017-07-17 06:00:00,45.655111943458934,price,2017-07-16 23:00:00,day_ahead
2017-07-17 07:00:00,47.53266700682202,price,2017-07-16 23:00:00,day_ahead
2017-07-17 08:00:00,48.509596948034385,price,2017-07-16 23:00:00,day_ahead
2017-07-17 09:00:00,48.82641837978304,price,2017-07-16 23:00:00,day_ahead
2017-07-17 10:00:00,48.81903268129579,price,2017-07-16 23:00:00,day_ahead
2017-07-17 11:00:00,48.577225487750276,price,2017-07-16 23:00:00,day_ahead
2017-07-17 12:00:00,47.99446217566601,price,2017-07-16 23:00:00,day_ahead
2017-07-17 13:00:00,47.12897287490764,price,2017-07-16 23:00:00,day_ahead
2017-07-17 14:00:00,46.44500189189673,price,2017-07-16 23:00:00,day_ahead
2017-07-17 15:00:00,46.598422507432566,price,2017-07-16 23:00:00,day_ahead
2017-07-17 16:00:00,47.89197233205991,price,2017-07-16 23:00:00,day_ahead
2017-07-17 17:00:00,49.89529096599321,price,2017-07-16 23:00:00,day_ahead
2017-07-17 18:00:00,51.6231335070899,price,2017-07-16 23:00:00,day_ahead
2017-07-17 19:00:00,52.17060815837018,price,2017-07-16 23:00:00,day_ahead
2017-07-17 20:00:00,51.286051429112625,price,2017-07-16 23:00:00,day_ahead
2017-07-17 21:00:00,49.42186814872487,price,2017-07-16 23:00:00,day_ahead
2017-07-17 22:00:00,47.28201855727602,price,2017-07-16 23:00:00,day_ahead
2017-07-17 23:00:00,45.32096393769287,price,2017-07-16 23:00:00,day_ahead
2017-07-18 00:00:00,43.868566168189616,price,2017-07-17 23:00:00,day_ahead
2017-07-18 01:00:00,42.46839292378076,price,2017-07-17 23:00:00,day_ahead
2017-07-18 02:00:00,41.62616742548719,price,2017-07-17 23:00:00,day_ahead
2017-07-18 03:00:00,41.766105616468536,price,2017-07-17 23:00:00,day_ahead
2017-07-18 04:00:00,43.08681162090228,price,2017-07-17 23:00:00,day_ahead
2017-07-18 05:00:00,45.242961417037414,price,2017-07-17 23:00:00,day_ahead
2017-07-18 06:00:00,47.46029515019872,price,2017-07-17 23:00:00,day_ahead
2017-07-18 07:00:00,49.02118254188567,price,2017-07-17 23:00:00,day_ahead
2017-07-18 08:00:00,49.690643441210625,price,2017-07-17 23:00:00,day_ahead
2017-07-18 09:00:00,49.711186412627136,price,2017-07-17 23:00:00,day_ahead
2017-07-18 10:00:00,49.42086461267001,price,2017-07-17 23:00:00,day_ahead
2017-07-18 11:00:00,48.91193104839644,price,2017-07-17 23:00:00,day_ahead
2017-07-18 12:00:00,48.07991890956075,price,2017-07-17 23:00:00,day_ahead
2017-07-18 13:00:00,46.98398838869308,price,2017-07-17 23:00:00,day_ahead
2017-07-18 14:00:00,46.088378840720296,price,2017-07-17 23:00:00,day_ahead
2017-07-18 15:00:00,46.04917587700165,price,2017-07-17 23:00:00,day_ahead
2017-07-18 16:00:00,47.170592637368735,price,2017-07-17 23:00:00,day_ahead
2017-07-18 17:00:00,49.02483855610272,price,2017-07-17 23:00:00,day_ahead
2017-07-18 18:00:00,50.62892964786149,price,2017-07-17 23:00:00,day_ahead
2017-07-18 19:00:00,51.078467704473766,price,2017-07-17 23:00:00,day_ahead
2017-07-18 20:00:00,50.120300259804615,price,2017-07-17 23:00:00,day_ahead
2017-07-18 21:00:00,48.20456733320847,price,2017-07-17 23:00:00,day_ahead
2017-07-18 22:00:00,46.0336919826115,price,2017-07-17 23:00:00,day_ahead
2017-07-18 23:00:00,44.06176274254958,price,2017-07-17 23:00:00,day_ahead
2017-07-19 00:00:00,42.604456266669125,price,2017-07-18 23:00:00,day_ahead
2017-07-19 01:00:00,41.25132490976836,price,2017-07-18 23:00:00,day_ahead
2017-07-19 02:00:00,40.462682366641516,price,2017-07-18 23:00:00,day_ahead
2017-07-19 03:00:00,40.65458104735914,price,2017-07-18 23:00:00,day_ahead
2017-07-19 04:00:00,42.020986577201846,price,2017-07-18 23:00:00,day_ahead
2017-07-19 05:00:00,44.220537119149085,price,2017-07-18 23:00:00,day_ahead
2017-07-19 06:00:00,46.48965866485595,price,2017-07-18 23:00:00,day_ahead
2017-07-19 07:00:00,48.12028913725695,price,2017-07-18 23:00:00,day_ahead
2017-07-19 08:00:00,48.87908037002303,price,2017-07-18 23:00:00,day_ahead
2017-07-19 09:00:00,49.00248472629131,price,2017-07-18 23:00:00,day_ahead
2017-07-19 10:00:00,48.821184692877765,price,2017-07-18 23:00:00,day_ahead
2017-07-19 11:00:00,48.42434228586483,price,2017-07-18 23:00:00,day_ahead
2017-07-19 12:00:00,47.70772752271433,price,2017-07-18 23:00:00,day_ahead
2017-07-19 13:00:00,46.72793572173518,price,2017-07-18 23:00:00,day_ahead
2017-07-19 14:00:00,45.93975655142078,price,2017-07-18 23:00:00,day_ahead
2017-07-19 15:00:00,45.98656408057737,price,2017-07-18 23:00:00,day_ahead
2017-07-19 16:00:00,47.165874365819704,price,2017-07-18 23:00:00,day_ahead
2017-07-19 17:00:00,49.05581988953455,price,2017-07-18 23:00:00,day_ahead
2017-07-19 18:00:00,50.68916519168231,price,2017-07-18 23:00:00,day_ahead
2017-07-19 19:00:00,51.176423300695134,price,2017-07-18 23:00:00,day_ahead
2017-07-19 20:00:00,50.26865443205544,price,2017-07-18 23:00:00,day_ahead
2017-07-19 21:00:00,48.40831969438724,price,2017-07-18 23:00:00,day_ahead
2017-07-19 22:00:00,46.28568861860985,price,2017-07-18 23:00:00,day_ahead
2017-07-19 23:00:00,44.346766692271515,price,2017-07-18 23:00:00,day_ahead
2017-07-20 00:00:00,42.98500835094269,price,2017-07-19 23:00:00,day_ahead
2017-07-20 01:00:00,41.616775123659394,price,2017-07-19 23:00:00,day_ahead
2017-07-20 02:00:00,40.799357850936524,price,2017-07-19 23:00:00,day_ahead
2017-07-20 03:00:00,40.947357854084494,price,2017-07-19 23:00:00,day_ahead
2017-07-20 04:00:00,42.254790715421635,price,2017-07-19 23:00:00,day_ahead
2017-07-20 05:00:00,44.38342486321056,price,2017-07-19 23:00:00,day_ahead
2017-07-20 06:00:00,46.57507555297777,price,2017-07-19 23:00:00,day_ahead
2017-07-20 07:00:00,48.12665238164156,price,2017-07-19 23:00:00,day_ahead
2017-07-20 08:00:00,48.80722082853639,price,2017-07-19 23:00:00,day_ahead
2017-07-20 09:00:00,48.85332376497928,price,2017-07-19 23:00:00,day_ahead
2017-07-20 10:00:00,48.59547492598986,price,2017-07-19 23:00:00,day_ahead
2017-07-20 11:00:00,48.123971957553486,price,2017-07-19 23:00:00,day_ahead
2017-07-20 12:00:00,47.33640775531568,price,2017-07-19 23:00:00,day_ahead
2017-07-20 13:00:00,46.28983593678984,price,2017-07-19 23:00:00,day_ahead
2017-07-20 14:00:00,45.437102541784064,price,2017-07-19 23:00:00,day_ahead
2017-07-20 15:00:00,45.418819564513726,price,2017-07-19 23:00:00,day_ahead
2017-07-20 16:00:00,46.53208342722979,price,2017-07-19 23:00:00,day_ahead
2017-07-20 17:00:00,48.35881085776631,price,2017-07-19 23:00:00,day_ahead
2017-07-20 18:00:00,49.938334665125765,price,2017-07-19 23:00:00,day_ahead
2017-07-20 19:00:00,50.38672324603088,price,2017-07-19 23:00:00,day_ahead
2017-07-20 20:00:00,49.456467127449784,price,2017-07-19 23:00:00,day_ahead
2017-07-20 21:00:00,47.58733473001082,price,2017-07-19 23:00:00,day_ahead
2017-07-20 22:00:00,45.46551434334592,price,2017-07-19 23:00:00,day_ahead
2017-07-20 23:00:00,43.53431962077353,price,2017-07-19 23:00:00,day_ahead
2017-07-21 00:00:00,42.15139449237105,price,2017-07-20 23:00:00,day_ahead
2017-07-21 01:00:00,40.822780482804575,price,2017-07-20 23:00:00,day_ahead
2017-07-21 02:00:00,40.038782433230764,price,2017-07-20 23:00:00,day_ahead
2017-07-21 03:00:00,40.20501329457725,price,2017-07-20 23:00:00,day_ahead
2017-07-21 04:00:00,41.510969543936135,price,2017-07-20 23:00:00,day_ahead
2017-07-21 05:00:00,43.62457436722912,price,2017-07-20 23:00:00,day_ahead
2017-07-21 06:00:00,45.80218747101152,price,2017-07-20 23:00:00,day_ahead
2017-07-21 07:00:00,47.35402359201305,price,2017-07-20 23:00:00,day_ahead
2017-07-21 08:00:00,48.05272569608082,price,2017-07-20 23:00:00,day_ahead
2017-07-21 09:00:00,48.12876401218761,price,2017-07-20 23:00:00,day_ahead
2017-07-21 10:00:00,47.904549949002835,price,2017-07-20 23:00:00,day_ahead
2017-07-21 11:00:00,47.467089230316695,price,2017-07-20 23:00:00,day_ahead
2017-07-21 12:00:00,46.71450538993657,price,2017-07-20 23:00:00,day_ahead
2017-07-21 13:00:00,45.70093732169937,price,2017-07-20 23:00:00,day_ahead
2017-07-21 14:00:00,44.86800521802033,price,2017-07-20 23:00:00,day_ahead
2017-07-21 15:00:00,44.84118891322324,price,2017-07-20 23:00:00,day_ahead
2017-07-21 16:00:00,45.90979052740192,price,2017-07-20 23:00:00,day_ahead
2017-07-21 17:00:00,47.66329727458032,price,2017-07-20 23:00:00,day_ahead
2017-07-21 18:00:00,49.16060265922786,price,2017-07-20 23:00:00,day_ahead
2017-07-21 19:00:00,49.53635398393662,price,2017-07-20 23:00:00,day_ahead
2017-07-21 20:00:00,48.54856509087589,price,2017-07-20 23:00:00,day_ahead
2017-07-21 21:00:00,46.627887234845865,price,2017-07-20 23:00:00,day_ahead
2017-07-21 22:00:00,44.44566795435922,price,2017-07-20 23:00:00,day_ahead
2017-07-21 23:00:00,42.43504863876891,price,2017-07-20 23:00:00,day_ahead
2017-07-22 00:00:00,41.11847954169165,price,2017-07-21 23:00:00,day_ahead
2017-07-22 01:00:00,39.63037529806438,price,2017-07-21 23:00:00,day_ahead
2017-07-22 02:00:00,38.67655662119891,price,2017-07-21 23:00:00,day_ahead
2017-07-22 03:00:00,38.665503066130036,price,2017-07-21 23:00:00,day_ahead
2017-07-22 04:00:00,39.787186824809254,price,2017-07-21 23:00:00,day_ahead
2017-07-22 05:00:00,41.70760616258622,price,2017-07-21 23:00:00,day_ahead
2017-07-22 06:00:00,43.68091526785696,price,2017-07-21 23:00:00,day_ahead
2017-07-22 07:00:00,45.01731556710031,price,2017-07-21 23:00:00,day_ahead
2017-07-22 08:00:00,45.49231818846852,price,2017-07-21 23:00:00,day_ahead
2017-07-22 09:00:00,45.340581245920085,price,2017-07-21 23:00:00,day_ahead
2017-07-22 10:00:00,44.88783148496716,price,2017-07-21 23:00:00,day_ahead
2017-07-22 11:00:00,44.222798151170366,price,2017-07-21 23:00:00,day_ahead
2017-07-22 12:00:00,43.24502635473254,price,2017-07-21 23:00:00,day_ahead
2017-07-22 13:00:00,42.01156235446751,price,2017-07-21 23:00:00,day_ahead
2017-07-22 14:00:00,40.9686965234672,price,2017-07-21 23:00:00,day_ahead
2017-07-22 15:00:00,40.74663367344701,price,2017-07-21 23:00:00,day_ahead
2017-07-22 16:00:00,41.63731751093163,price,2017-07-21 23:00:00,day_ahead
2017-07-22 17:00:00,43.23028193505658,price,2017-07-21 23:00:00,day_ahead
2017-07-22 18:00:00,44.583518767701285,price,2017-07-21 23:00:00,day_ahead
2017-07-22 19:00:00,44.83211807524477,price,2017-07-21 23:00:00,day_ahead
2017-07-22 20:00:00,43.736756638061344,price,2017-07-21 23:00:00,day_ahead
2017-07-22 21:00:00,41.73181513432978,price,2017-07-21 23:00:00,day_ahead
2017-07-22 22:00:00,39.491615517438944,price,2017-07-21 23:00:00,day_ahead
2017-07-22 23:00:00,37.45091379285401,price,2017-07-21 23:00:00,day_ahead
2017-07-23 00:00:00,-9.228634923684684,price,2017-07-22 23:00:00,day_ahead
2017-07-23 01:00:00,-10.915164006523524,price,2017-07-22 23:00:00,day_ahead
2017-07-23 02:00:00,-12.164601317745177,price,2017-07-22 23:00:00,day_ahead
2017-07-23 03:00:00,-12.564093839806135,price,2017-07-22 23:00:00,day_ahead
2017-07-23 04:00:00,-11.872136311475955,price,2017-07-22 23:00:00,day_ahead
2017-07-23 05:00:00,-10.336439035222567,price,2017-07-22 23:00:00,day_ahead
2017-07-23 06:00:00,-8.628700640497089,price,2017-07-22 23:00:00,day_ahead
2017-07-23 07:00:00,-7.421645463229782,price,2017-07-22 23:00:00,day_ahead
2017-07-23 08:00:00,-6.981902356320473,price,2017-07-22 23:00:00,day_ahead
2017-07-23 09:00:00,-7.131742179047707,price,2017-07-22 23:00:00,day_ahead
2017-07-23 10:00:00,-7.566377058591176,price,2017-07-22 23:00:00,day_ahead
2017-07-23 11:00:00,-8.172291461586855,price,2017-07-22 23:00:00,day_ahead
2017-07-23 12:00:00,-9.019384935404192,price,2017-07-22 23:00:00,day_ahead
2017-07-23 13:00:00,-10.0640366148788,price,2017-07-22 23:00:00,day_ahead
2017-07-23 14:00:00,-10.925775952377698,price,2017-07-22 23:00:00,day_ahead
2017-07-23 15:00:00,-11.046635129627838,price,2017-07-22 23:00:00,day_ahead
2017-07-23 16:00:00,-10.151753479975486,price,2017-07-22 23:00:00,day_ahead
2017-07-23 17:00:00,-8.591613786906445,price,2017-07-22 23:00:00,day_ahead
2017-07-23 18:00:00,-7.2096945933131,price,2017-07-22 23:00:00,day_ahead
2017-07-23 19:00:00,-6.800829649081718,price,2017-07-22 23:00:00,day_ahead
2017-07-23 20:00:00,-7.6041789851229336,price,2017-07-22 23:00:00,day_ahead
2017-07-23 21:00:00,-9.243860976335135,price,2017-07-22 23:00:00,day_ahead
2017-07-23 22:00:00,-11.118961299131312,price,2017-07-22 23:00:00,day_ahead
2017-07-23 23:00:00,-12.849379256959867,price,2017-07-22 23:00:00,day_ahead
2017-07-24 00:00:00,49.612234134003565,price,2017-07-23 23:00:00,day_ahead
2017-07-24 01:00:00,48.914527562416126,price,2017-07-23 23:00:00,day_ahead
2017-07-24 02:00:00,48.80278065131659,price,2017-07-23 23:00:00,day_ahead
2017-07-24 03:00:00,49.456657380369045,price,2017-07-23 23:00:00,day_ahead
2017-07-24 04:00:00,51.01909003828336,price,2017-07-23 23:00:00,day_ahead
2017-07-24 05:00:00,53.3101010097135,price,2017-07-23 23:00:00,day_ahead
2017-07-24 06:00:00,55.77014952386563,price,2017-07-23 23:00:00,day_ahead
2017-07-24 07:00:00,57.75138791373121,price,2017-07-23 23:00:00,day_ahead
2017-07-24 08:00:00,58.91209978040678,price,2017-07-23 23:00:00,day_ahead
2017-07-24 09:00:00,59.35118074602797,price,2017-07-23 23:00:00,day_ahead
2017-07-24 10:00:00,59.374077689961226,price,2017-07-23 23:00:00,day_ahead
2017-07-24 11:00:00,59.151333250632774,price,2017-07-23 23:00:00,day_ahead
2017-07-24 12:00:00,58.63341599041495,price,2017-07-23 23:00:00,day_ahead
2017-07-24 13:00:00,57.80689629480965,price,2017-07-23 23:00:00,day_ahead
2017-07-24 14:00:00,56.996152700571756,price,2017-07-23 23:00:00,day_ahead
2017-07-24 15:00:00,56.827738668117696,price,2017-07-23 23:00:00,day_ahead
2017-07-24 16:00:00,57.79168021082587,price,2017-07-23 23:00:00,day_ahead
2017-07-24 17:00:00,59.75620330134753,price,2017-07-23 23:00:00,day_ahead
2017-07-24 18:00:00,61.89796967743279,price,2017-07-23 23:00:00,day_ahead
2017-07-24 19:00:00,63.17270176070552,price,2017-07-23 23:00:00,day_ahead
2017-07-24 20:00:00,62.97488770676042,price,2017-07-23 23:00:00,day_ahead
2017-07-24 21:00:00,61.46612769797047,price,2017-07-23 23:00:00,day_ahead
2017-07-24 22:00:00,59.34747554915642,price,2017-07-23 23:00:00,day_ahead
2017-07-24 23:00:00,57.33012673774477,price,2017-07-23 23:00:00,day_ahead
2017-07-25 00:00:00,42.04982164755825,price,2017-07-24 23:00:00,day_ahead
2017-07-25 01:00:00,40.732010882772656,price,2017-07-24 23:00:00,day_ahead
2017-07-25 02:00:00,39.93355752701942,price,2017-07-24 23:00:00,day_ahead
2017-07-25 03:00:00,40.05202546271707,price,2017-07-24 23:00:00,day_ahead
2017-07-25 04:00:00,41.27436991906775,price,2017-07-24 23:00:00,day_ahead
2017-07-25 05:00:00,43.2783225403947,price,2017-07-24 23:00:00,day_ahead
2017-07-25 06:00:00,45.339566185028424,price,2017-07-24 23:00:00,day_ahead
2017-07-25 07:00:00,46.78637935264382,price,2017-07-24 23:00:00,day_ahead
2017-07-25 08:00:00,47.399001000178195,price,2017-07-24 23:00:00,day_ahead
2017-07-25 09:00:00,47.40523521457642,price,2017-07-24 23:00:00,day_ahead
2017-07-25 10:00:00,47.122674160737645,price,2017-07-24 23:00:00,day_ahead
2017-07-25 11:00:00,46.638294373581694,price,2017-07-24 23:00:00,day_ahead
2017-07-25 12:00:00,45.85357892758695,price,2017-07-24 23:00:00,day_ahead
2017-07-25 13:00:00,44.82184485657115,price,2017-07-24 23:00:00,day_ahead
2017-07-25 14:00:00,43.975296577135474,price,2017-07-24 23:00:00,day_ahead
2017-07-25 15:00:00,43.92685040412998,price,2017-07-24 23:00:00,day_ahead
2017-07-25 16:00:00,44.96200277745963,price,2017-07-24 23:00:00,day_ahead
2017-07-25 17:00:00,46.682651293250125,price,2017-07-24 23:00:00,day_ahead
2017-07-25 18:00:00,48.17133955595623,price,2017-07-24 23:00:00,day_ahead
2017-07-25 19:00:00,48.583207693261336,price,2017-07-24 23:00:00,day_ahead
2017-07-25 20:00:00,47.68145685510957,price,2017-07-24 23:00:00,day_ahead
2017-07-25 21:00:00,45.88635569378302,price,2017-07-24 23:00:00,day_ahead
2017-07-25 22:00:00,43.8537689893628,price,2017-07-24 23:00:00,day_ahead
2017-07-25 23:00:00,42.00710670596108,price,2017-07-24 23:00:00,day_ahead
2017-07-26 00:00:00,-12.613788875684968,price,2017-07-25 23:00:00,day_ahead
2017-07-26 01:00:00,-13.882457915001048,price,2017-07-25 23:00:00,day_ahead
2017-07-26 02:00:00,-14.803746184681945,price,2017-07-25 23:00:00,day_ahead
2017-07-26 03:00:00,-15.056344045566716,price,2017-07-25 23:00:00,day_ahead
2017-07-26 04:00:00,-14.484002430916714,price,2017-07-25 23:00:00,day_ahead
2017-07-26 05:00:00,-13.319993214806955,price,2017-07-25 23:00:00,day_ahead
2017-07-26 06:00:00,-12.099395983410266,price,2017-07-25 23:00:00,day_ahead
2017-07-26 07:00:00,-11.315490386280592,price,2017-07-25 23:00:00,day_ahead
2017-07-26 08:00:00,-11.126024086273041,price,2017-07-25 23:00:00,day_ahead
2017-07-26 09:00:00,-11.362570744701202,price,2017-07-25 23:00:00,day_ahead
2017-07-26 10:00:00,-11.796040929475721,price,2017-07-25 23:00:00,day_ahead
2017-07-26 11:00:00,-12.367038301425854,price,2017-07-25 23:00:00,day_ahead
2017-07-26 12:00:00,-13.14678814291938,price,2017-07-25 23:00:00,day_ahead
2017-07-26 13:00:00,-14.092178788418641,price,2017-07-25 23:00:00,day_ahead
2017-07-26 14:00:00,-14.890537585245573,price,2017-07-25 23:00:00,day_ahead
2017-07-26 15:00:00,-15.113249568623687,price,2017-07-25 23:00:00,day_ahead
2017-07-26 16:00:00,-14.58091433905883,price,2017-07-25 23:00:00,day_ahead
2017-07-26 17:00:00,-13.602505430837326,price,2017-07-25 23:00:00,day_ahead
2017-07-26 18:00:00,-12.835809500654886,price,2017-07-25 23:00:00,day_ahead
2017-07-26 19:00:00,-12.856322370476198,price,2017-07-25 23:00:00,day_ahead
2017-07-26 20:00:00,-13.791896733589892,price,2017-07-25 23:00:00,day_ahead
2017-07-26 21:00:00,-15.319219133683495,price,2017-07-25 23:00:00,day_ahead
2017-07-26 22:00:00,-16.984988178868072,price,2017-07-25 23:00:00,day_ahead
2017-07-26 23:00:00,-18.53118921720481,price,2017-07-25 23:00:00,day_ahead
2017-07-27 00:00:00,41.004758738367535,price,2017-07-26 23:00:00,day_ahead
2017-07-27 01:00:00,39.69556769444236,price,2017-07-26 23:00:00,day_ahead
2017-07-27 02:00:00,38.91179640920621,price,2017-07-26 23:00:00,day_ahead
2017-07-27 03:00:00,39.04719946646115,price,2017-07-26 23:00:00,day_ahead
2017-07-27 04:00:00,40.285306314939895,price,2017-07-26 23:00:00,day_ahead
2017-07-27 05:00:00,42.303430661687905,price,2017-07-26 23:00:00,day_ahead
2017-07-27 06:00:00,44.37986349725746,price,2017-07-26 23:00:00,day_ahead
2017-07-27 07:00:00,45.845973066982246,price,2017-07-26 23:00:00,day_ahead
2017-07-27 08:00:00,46.482918765388526,price,2017-07-26 23:00:00,day_ahead
2017-07-27 09:00:00,46.51687046523699,price,2017-07-26 23:00:00,day_ahead
2017-07-27 10:00:00,46.263102071652035,price,2017-07-26 23:00:00,day_ahead
2017-07-27 11:00:00,45.8075018854196,price,2017-07-26 23:00:00,day_ahead
2017-07-27 12:00:00,45.05162909725163,price,2017-07-26 23:00:00,day_ahead
2017-07-27 13:00:00,44.048274085635214,price,2017-07-26 23:00:00,day_ahead
2017-07-27 14:00:00,43.2272838967843,price,2017-07-26 23:00:00,day_ahead
2017-07-27 15:00:00,43.19846808432573,price,2017-07-26 23:00:00,day_ahead
2017-07-27 16:00:00,44.2461523838724,price,2017-07-26 23:00:00,day_ahead
2017-07-27 17:00:00,45.97465034922017,price,2017-07-26 23:00:00,day_ahead
2017-07-27 18:00:00,47.47117568040851,price,2017-07-26 23:00:00,day_ahead
2017-07-27 19:00:00,47.89430614783754,price,2017-07-26 23:00:00,day_ahead
2017-07-27 20:00:00,47.006804558725335,price,2017-07-26 23:00:00,day_ahead
2017-07-27 21:00:00,45.22518606553529,price,2017-07-26 23:00:00,day_ahead
2017-07-27 22:00:00,43.201455021099996,price,2017-07-26 23:00:00,day_ahead
2017-07-27 23:00:00,41.35793221427419,price,2017-07-26 23:00:00,day_ahead
2017-07-28 00:00:00,49.26158455267329,price,2017-07-27 23:00:00,day_ahead
2017-07-28 01:00:00,47.727461567732156,price,2017-07-27 23:00:00,day_ahead
2017-07-28 02:00:00,46.822242862047254,price,2017-07-27 23:00:00,day_ahead
2017-07-28 03:00:00,47.02842011892419,price,2017-07-27 23:00:00,day_ahead
2017-07-28 04:00:00,48.61438455463985,price,2017-07-27 23:00:00,day_ahead
2017-07-28 05:00:00,51.24301209849086,price,2017-07-27 23:00:00,day_ahead
2017-07-28 06:00:00,54.04855506565101,price,2017-07-27 23:00:00,day_ahead
2017-07-28 07:00:00,56.16552481228235,price,2017-07-27 23:00:00,day_ahead
2017-07-28 08:00:00,57.2473253990069,price,2017-07-27 23:00:00,day_ahead
2017-07-28 09:00:00,57.52193395008816,price,2017-07-27 23:00:00,day_ahead
2017-07-28 10:00:00,57.388217621408316,price,2017-07-27 23:00:00,day_ahead
2017-07-28 11:00:00,56.99909926526036,price,2017-07-27 23:00:00,day_ahead
2017-07-28 12:00:00,56.25968211344968,price,2017-07-27 23:00:00,day_ahead
2017-07-28 13:00:00,55.20942359149887,price,2017-07-27 23:00:00,day_ahead
2017-07-28 14:00:00,54.32777762034128,price,2017-07-27 23:00:00,day_ahead
2017-07-28 15:00:00,54.35013831129338,price,2017-07-27 23:00:00,day_ahead
2017-07-28 16:00:00,55.67461096197648,price,2017-07-27 23:00:00,day_ahead
2017-07-28 17:00:00,57.89195461693303,price,2017-07-27 23:00:00,day_ahead
2017-07-28 18:00:00,59.91822671895857,price,2017-07-27 23:00:00,day_ahead
2017-07-28 19:00:00,60.68013404550601,price,2017-07-27 23:00:00,day_ahead
2017-07-28 20:00:00,59.79758389798012,price,2017-07-27 23:00:00,day_ahead
2017-07-28 21:00:00,57.7122143009228,price,2017-07-27 23:00:00,day_ahead
2017-07-28 22:00:00,55.21918196685672,price,2017-07-27 23:00:00,day_ahead
2017-07-28 23:00:00,52.8816883517336,price,2017-07-27 23:00:00,day_ahead
2017-07-29 00:00:00,39.77415978491937,price,2017-07-28 23:00:00,day_ahead
2017-07-29 01:00:00,38.33068992669673,price,2017-07-28 23:00:00,day_ahead
2017-07-29 02:00:00,37.405085052721475,price,2017-07-28 23:00:00,day_ahead
2017-07-29 03:00:00,37.39159463694328,price,2017-07-28 23:00:00,day_ahead
2017-07-29 04:00:00,38.4738774305426,price,2017-07-28 23:00:00,day_ahead
2017-07-29 05:00:00,40.32894696007057,price,2017-07-28 23:00:00,day_ahead
2017-07-29 06:00:00,42.23483980115498,price,2017-07-28 23:00:00,day_ahead
2017-07-29 07:00:00,43.52336352722655,price,2017-07-28 23:00:00,day_ahead
2017-07-29 08:00:00,43.977039898618024,price,2017-07-28 23:00:00,day_ahead
2017-07-29 09:00:00,43.82386018798813,price,2017-07-28 23:00:00,day_ahead
2017-07-29 10:00:00,43.38054920596234,price,2017-07-28 23:00:00,day_ahead
2017-07-29 11:00:00,42.73355143846427,price,2017-07-28 23:00:00,day_ahead
2017-07-29 12:00:00,41.78429858966115,price,2017-07-28 23:00:00,day_ahead
2017-07-29 13:00:00,40.58553021144464,price,2017-07-28 23:00:00,day_ahead
2017-07-29 14:00:00,39.56780384714751,price,2017-07-28 23:00:00,day_ahead
2017-07-29 15:00:00,39.342502692772776,price,2017-07-28 23:00:00,day_ahead
2017-07-29 16:00:00,40.19593547982758,price,2017-07-28 23:00:00,day_ahead
2017-07-29 17:00:00,41.73426790291913,price,2017-07-28 23:00:00,day_ahead
2017-07-29 18:00:00,43.04624326836522,price,2017-07-28 23:00:00,day_ahead
2017-07-29 19:00:00,43.29182200161485,price,2017-07-28 23:00:00,day_ahead
2017-07-29 20:00:00,42.235213223344346,price,2017-07-28 23:00:00,day_ahead
2017-07-29 21:00:00,40.294407453167786,price,2017-07-28 23:00:00,day_ahead
2017-07-29 22:00:00,38.122706565479,price,2017-07-28 23:00:00,day_ahead
2017-07-29 23:00:00,36.14348678178237,price,2017-07-28 23:00:00,day_ahead
2017-07-30 00:00:00,34.77552451171373,price,2017-07-29 23:00:00,day_ahead
2017-07-30 01:00:00,33.34796545159463,price,2017-07-29 23:00:00,day_ahead
2017-07-30 02:00:00,32.48088838242543,price,2017-07-29 23:00:00,day_ahead
2017-07-30 03:00:00,32.57354855425155,price,2017-07-29 23:00:00,day_ahead
2017-07-30 04:00:00,33.81102164602336,price,2017-07-29 23:00:00,day_ahead
2017-07-30 05:00:00,35.8642144997128,price,2017-07-29 23:00:00,day_ahead
2017-07-30 06:00:00,37.99912989094445,price,2017-07-29 23:00:00,day_ahead
2017-07-30 07:00:00,39.53628711864543,price,2017-07-29 23:00:00,day_ahead
2017-07-30 08:00:00,40.25368168530795,price,2017-07-29 23:00:00,day_ahead
2017-07-30 09:00:00,40.38154493958443,price,2017-07-29 23:00:00,day_ahead
2017-07-30 10:00:00,40.24006618128081,price,2017-07-29 23:00:00,day_ahead
2017-07-30 11:00:00,39.91519358721896,price,2017-07-29 23:00:00,day_ahead
2017-07-30 12:00:00,39.30444301107643,price,2017-07-29 23:00:00,day_ahead
2017-07-30 13:00:00,38.45874421385082,price,2017-07-29 23:00:00,day_ahead
2017-07-30 14:00:00,37.81315652391078,price,2017-07-29 23:00:00,day_ahead
2017-07-30 15:00:00,37.98722908810755,price,2017-07-29 23:00:00,day_ahead
2017-07-30 16:00:00,39.270728663607485,price,2017-07-29 23:00:00,day_ahead
2017-07-30 17:00:00,41.26172840423075,price,2017-07-29 23:00:00,day_ahead
2017-07-30 18:00:00,43.030706556019965,price,2017-07-29 23:00:00,day_ahead
2017-07-30 19:00:00,43.718456490177545,price,2017-07-29 23:00:00,day_ahead
2017-07-30 20:00:00,43.07899458407454,price,2017-07-29 23:00:00,day_ahead
2017-07-30 21:00:00,41.53191557004488,price,2017-07-29 23:00:00,day_ahead
2017-07-30 22:00:00,39.738473458475504,price,2017-07-29 23:00:00,day_ahead
2017-07-30 23:00:00,38.12844835806285,price,2017-07-29 23:00:00,day_ahead
2017-07-31 00:00:00,37.19305787415737,price,2017-07-30 23:00:00,day_ahead
2017-07-31 01:00:00,36.15664890088045,price,2017-07-30 23:00:00,day_ahead
2017-07-31 02:00:00,35.65331271062891,price,2017-07-30 23:00:00,day_ahead
2017-07-31 03:00:00,36.07489776307736,price,2017-07-30 23:00:00,day_ahead
2017-07-31 04:00:00,37.60222556917149,price,2017-07-30 23:00:00,day_ahead
2017-07-31 05:00:00,39.90846109051625,price,2017-07-30 23:00:00,day_ahead
2017-07-31 06:00:00,42.26675838972912,price,2017-07-30 23:00:00,day_ahead
2017-07-31 07:00:00,44.00406522006129,price,2017-07-30 23:00:00,day_ahead
2017-07-31 08:00:00,44.89942865916448,price,2017-07-30 23:00:00,day_ahead
2017-07-31 09:00:00,45.179108847330625,price,2017-07-30 23:00:00,day_ahead
2017-07-31 10:00:00,45.15879236859352,price,2017-07-30 23:00:00,day_ahead
2017-07-31 11:00:00,44.92317764968239,price,2017-07-30 23:00:00,day_ahead
2017-07-31 12:00:00,44.3710099704781,price,2017-07-30 23:00:00,day_ahead
2017-07-31 13:00:00,43.552707119879464,price,2017-07-30 23:00:00,day_ahead
2017-07-31 14:00:00,42.89839279083275,price,2017-07-30 23:00:00,day_ahead
2017-07-31 15:00:00,43.02083639746939,price,2017-07-30 23:00:00,day_ahead
2017-07-31 16:00:00,44.207442883946904,price,2017-07-30 23:00:00,day_ahead
2017-07-31 17:00:00,46.06260203920007,price,2017-07-30 23:00:00,day_ahead
2017-07-31 18:00:00,47.66966274911444,price,2017-07-30 23:00:00,day_ahead
2017-07-31 19:00:00,48.18160222318483,price,2017-07-30 23:00:00,day_ahead
2017-07-31 20:00:00,47.35748865179873,price,2017-07-30 23:00:00,day_ahead
2017-07-31 21:00:00,45.6142929715813,price,2017-07-30 23:00:00,day_ahead
2017-07-31 22:00:00,43.60800026415529,price,2017-07-30 23:00:00,day_ahead
2017-07-31 23:00:00,41.76594284684925,price,2017-07-30 23:00:00,day_ahead
2017-08-01 00:00:00,54.12968562906091,price,2017-07-31 23:00:00,day_ahead
2017-08-01 01:00:00,52.60386001985597,price,2017-07-31 23:00:00,day_ahead
2017-08-01 02:00:00,51.68444426966647,price,2017-07-31 23:00:00,day_ahead
2017-08-01 03:00:00,51.85020402542929,price,2017-07-31 23:00:00,day_ahead
2017-08-01 04:00:00,53.366381237681715,price,2017-07-31 23:00:00,day_ahead
2017-08-01 05:00:00,55.90094417451894,price,2017-07-31 23:00:00,day_ahead
2017-08-01 06:00:00,58.60215999298204,price,2017-07-31 23:00:00,day_ahead
2017-08-01 07:00:00,60.620005742010115,price,2017-07-31 23:00:00,day_ahead
2017-08-01 08:00:00,61.61631747334063,price,2017-07-31 23:00:00,day_ahead
2017-08-01 09:00:00,61.8188851301826,price,2017-07-31 23:00:00,day_ahead
2017-08-01 10:00:00,61.62362843434446,price,2017-07-31 23:00:00,day_ahead
2017-08-01 11:00:00,61.18391434177866,price,2017-07-31 23:00:00,day_ahead
2017-08-01 12:00:00,60.40805045083811,price,2017-07-31 23:00:00,day_ahead
2017-08-01 13:00:00,59.334806765391384,price,2017-07-31 23:00:00,day_ahead
2017-08-01 14:00:00,58.43453007516111,price,2017-07-31 23:00:00,day_ahead
2017-08-01 15:00:00,58.42971079511841,price,2017-07-31 23:00:00,day_ahead
2017-08-01 16:00:00,59.713458613055884,price,2017-07-31 23:00:00,day_ahead
2017-08-01 17:00:00,61.88799759130007,price,2017-07-31 23:00:00,day_ahead
2017-08-01 18:00:00,63.89378176508495,price,2017-07-31 23:00:00,day_ahead
2017-08-01 19:00:00,64.6805605031314,price,2017-07-31 23:00:00,day_ahead
2017-08-01 20:00:00,63.875991625202246,price,2017-07-31 23:00:00,day_ahead
2017-08-01 21:00:00,61.911664539740784,price,2017-07-31 23:00:00,day_ahead
2017-08-01 22:00:00,59.56493972136568,price,2017-07-31 23:00:00,day_ahead
2017-08-01 23:00:00,57.38658436696783,price,2017-07-31 23:00:00,day_ahead
2017-08-02 00:00:00,39.49126712765556,price,2017-08-01 23:00:00,day_ahead
2017-08-02 01:00:00,38.18510224502792,price,2017-08-01 23:00:00,day_ahead
2017-08-02 02:00:00,37.429929065869786,price,2017-08-01 23:00:00,day_ahead
2017-08-02 03:00:00,37.62281500327323,price,2017-08-01 23:00:00,day_ahead
2017-08-02 04:00:00,38.9457856233695,price,2017-08-01 23:00:00,day_ahead
2017-08-02 05:00:00,41.06649306500111,price,2017-08-01 23:00:00,day_ahead
2017-08-02 06:00:00,43.24829541834224,price,2017-08-01 23:00:00,day_ahead
2017-08-02 07:00:00,44.8103635130011,price,2017-08-01 23:00:00,day_ahead
2017-08-02 08:00:00,45.53076764648913,price,2017-08-01 23:00:00,day_ahead
2017-08-02 09:00:00,45.64059146277553,price,2017-08-01 23:00:00,day_ahead
2017-08-02 10:00:00,45.46058421315914,price,2017-08-01 23:00:00,day_ahead
2017-08-02 11:00:00,45.07626365821251,price,2017-08-01 23:00:00,day_ahead
2017-08-02 12:00:00,44.38402758258386,price,2017-08-01 23:00:00,day_ahead
2017-08-02 13:00:00,43.434154929939815,price,2017-08-01 23:00:00,day_ahead
2017-08-02 14:00:00,42.66260467760507,price,2017-08-01 23:00:00,day_ahead
2017-08-02 15:00:00,42.69140608848519,price,2017-08-01 23:00:00,day_ahead
2017-08-02 16:00:00,43.81318153522466,price,2017-08-01 23:00:00,day_ahead
2017-08-02 17:00:00,45.6276417133691,price,2017-08-01 23:00:00,day_ahead
2017-08-02 18:00:00,47.20492854793713,price,2017-08-01 23:00:00,day_ahead
2017-08-02 19:00:00,47.68422241499619,price,2017-08-01 23:00:00,day_ahead
2017-08-02 20:00:00,46.8183185855501,price,2017-08-01 23:00:00,day_ahead
2017-08-02 21:00:00,45.02746248952966,price,2017-08-01 23:00:00,day_ahead
2017-08-02 22:00:00,42.97580660525977,price,2017-08-01 23:00:00,day_ahead
2017-08-02 23:00:00,41.097501498385434,price,2017-08-01 23:00:00,day_ahead
2017-08-03 00:00:00,40.0853973461963,price,2017-08-02 23:00:00,day_ahead
2017-08-03 01:00:00,38.735905871991285,price,2017-08-02 23:00:00,day_ahead
2017-08-03 02:00:00,37.93901948864735,price,2017-08-02 23:00:00,day_ahead
2017-08-03 03:00:00,38.09977159638747,price,2017-08-02 23:00:00,day_ahead
2017-08-03 04:00:00,39.40298500130196,price,2017-08-02 23:00:00,day_ahead
2017-08-03 05:00:00,41.50948506612554,price,2017-08-02 23:00:00,day_ahead
2017-08-03 06:00:00,43.66953027212884,price,2017-08-02 23:00:00,day_ahead
2017-08-03 07:00:00,45.191855042244605,price,2017-08-02 23:00:00,day_ahead
2017-08-03 08:00:00,45.85341953780914,price,2017-08-02 23:00:00,day_ahead
2017-08-03 09:00:00,45.89211683405671,price,2017-08-02 23:00:00,day_ahead
2017-08-03 10:00:00,45.635966332820146,price,2017-08-02 23:00:00,day_ahead
2017-08-03 11:00:00,45.172494396186444,price,2017-08-02 23:00:00,day_ahead
2017-08-03 12:00:00,44.396547694261116,price,2017-08-02 23:00:00,day_ahead
2017-08-03 13:00:00,43.3601979422686,price,2017-08-02 23:00:00,day_ahead
2017-08-03 14:00:00,42.50869095993765,price,2017-08-02 23:00:00,day_ahead
2017-08-03 15:00:00,42.47665777062605,price,2017-08-02 23:00:00,day_ahead
2017-08-03 16:00:00,43.56290232900527,price,2017-08-02 23:00:00,day_ahead
2017-08-03 17:00:00,45.36047330315519,price,2017-08-02 23:00:00,day_ahead
2017-08-03 18:00:00,46.92340705876083,price,2017-08-02 23:00:00,day_ahead
2017-08-03 19:00:00,47.37629681863199,price,2017-08-02 23:00:00,day_ahead
2017-08-03 20:00:00,46.4682953054419,price,2017-08-02 23:00:00,day_ahead
2017-08-03 21:00:00,44.62735986304503,price,2017-08-02 23:00:00,day_ahead
2017-08-03 22:00:00,42.529008950693395,price,2017-08-02 23:00:00,day_ahead
2017-08-03 23:00:00,40.61450576262063,price,2017-08-02 23:00:00,day_ahead
2017-08-04 00:00:00,39.75414239817848,price,2017-08-03 23:00:00,day_ahead
2017-08-04 01:00:00,38.40574544402437,price,2017-08-03 23:00:00,day_ahead
2017-08-04 02:00:00,37.620513289900906,price,2017-08-03 23:00:00,day_ahead
2017-08-04 03:00:00,37.807909733119544,price,2017-08-03 23:00:00,day_ahead
2017-08-04 04:00:00,39.152949306820744,price,2017-08-03 23:00:00,day_ahead
2017-08-04 05:00:00,41.31062560319987,price,2017-08-03 23:00:00,day_ahead
2017-08-04 06:00:00,43.522466300569235,price,2017-08-03 23:00:00,day_ahead
2017-08-04 07:00:00,45.0909127480168,price,2017-08-03 23:00:00,day_ahead
2017-08-04 08:00:00,45.7918831756077,price,2017-08-03 23:00:00,day_ahead
2017-08-04 09:00:00,45.86555178390954,price,2017-08-03 23:00:00,day_ahead
2017-08-04 10:00:00,45.64121040587193,price,2017-08-03 23:00:00,day_ahead
2017-08-04 11:00:00,45.204352911236356,price,2017-08-03 23:00:00,day_ahead
2017-08-04 12:00:00,44.4463125518397,price,2017-08-03 23:00:00,day_ahead
2017-08-04 13:00:00,43.41784109388735,price,2017-08-03 23:00:00,day_ahead
2017-08-04 14:00:00,42.56638237971458,price,2017-08-03 23:00:00,day_ahead
2017-08-04 15:00:00,42.52949897912804,price,2017-08-03 23:00:00,day_ahead
2017-08-04 16:00:00,43.60534036252346,price,2017-08-03 23:00:00,day_ahead
2017-08-04 17:00:00,45.38124618235956,price,2017-08-03 23:00:00,day_ahead
2017-08-04 18:00:00,46.90364782812268,price,2017-08-03 23:00:00,day_ahead
2017-08-04 19:00:00,47.292710618512615,price,2017-08-03 23:00:00,day_ahead
2017-08-04 20:00:00,46.29871079218134,price,2017-08-03 23:00:00,day_ahead
2017-08-04 21:00:00,44.353950936363496,price,2017-08-03 23:00:00,day_ahead
2017-08-04 22:00:00,42.13702559458638,price,2017-08-03 23:00:00,day_ahead
2017-08-04 23:00:00,40.0888722742014,price,2017-08-03 23:00:00,day_ahead
2017-08-05 00:00:00,62.22481702553156,price,2017-08-04 23:00:00,day_ahead
2017-08-05 01:00:00,64.08622455996294,price,2017-08-04 23:00:00,day_ahead
2017-08-05 02:00:00,65.9871485224005,price,2017-08-04 23:00:00,day_ahead
2017-08-05 03:00:00,67.08944195065051,price,2017-08-04 23:00:00,day_ahead
2017-08-05 04:00:00,66.70401412568371,price,2017-08-04 23:00:00,day_ahead
2017-08-05 05:00:00,64.92707832765309,price,2017-08-04 23:00:00,day_ahead
2017-08-05 06:00:00,62.63714218546066,price,2017-08-04 23:00:00,day_ahead
2017-08-05 07:00:00,60.862466588187694,price,2017-08-04 23:00:00,day_ahead
2017-08-05 08:00:00,60.104067684227495,price,2017-08-04 23:00:00,day_ahead
2017-08-05 09:00:00,60.19190631654267,price,2017-08-04 23:00:00,day_ahead
2017-08-05 10:00:00,60.6980749187633,price,2017-08-04 23:00:00,day_ahead
2017-08-05 11:00:00,61.40225744472693,price,2017-08-04 23:00:00,day_ahead
2017-08-05 12:00:00,62.32479859709883,price,2017-08-04 23:00:00,day_ahead
2017-08-05 13:00:00,63.362785945096874,price,2017-08-04 23:00:00,day_ahead
2017-08-05 14:00:00,64.02550484827626,price,2017-08-04 23:00:00,day_ahead
2017-08-05 15:00:00,63.676415525631704,price,2017-08-04 23:00:00,day_ahead
2017-08-05 16:00:00,62.13324271961245,price,2017-08-04 23:00:00,day_ahead
2017-08-05 17:00:00,60.03394115581444,price,2017-08-04 23:00:00,day_ahead
2017-08-05 18:00:00,58.52705012414993,price,2017-08-04 23:00:00,day_ahead
2017-08-05 19:00:00,58.47514326439107,price,2017-08-04 23:00:00,day_ahead
2017-08-05 20:00:00,59.85431549601739,price,2017-08-04 23:00:00,day_ahead
2017-08-05 21:00:00,61.885178730542776,price,2017-08-04 23:00:00,day_ahead
2017-08-05 22:00:00,63.76018985350227,price,2017-08-04 23:00:00,day_ahead
2017-08-05 23:00:00,65.27994613502577,price,2017-08-04 23:00:00,day_ahead
2017-08-06 00:00:00,33.5330886066742,price,2017-08-05 23:00:00,day_ahead
2017-08-06 01:00:00,32.025741874737236,price,2017-08-05 23:00:00,day_ahead
2017-08-06 02:00:00,31.123064252249744,price,2017-08-05 23:00:00,day_ahead
2017-08-06 03:00:00,31.247185680329206,price,2017-08-05 23:00:00,day_ahead
2017-08-06 04:00:00,32.587648209797955,price,2017-08-05 23:00:00,day_ahead
2017-08-06 05:00:00,34.78737356016478,price,2017-08-05 23:00:00,day_ahead
2017-08-06 06:00:00,37.06382098404679,price,2017-08-05 23:00:00,day_ahead
2017-08-06 07:00:00,38.69867309353915,price,2017-08-05 23:00:00,day_ahead
2017-08-06 08:00:00,39.46301019354843,price,2017-08-05 23:00:00,day_ahead
2017-08-06 09:00:00,39.60678223578679,price,2017-08-05 23:00:00,day_ahead
2017-08-06 10:00:00,39.47073771277748,price,2017-08-05 23:00:00,day_ahead
2017-08-06 11:00:00,39.14257013192499,price,2017-08-05 23:00:00,day_ahead
2017-08-06 12:00:00,38.50879096964224,price,2017-08-05 23:00:00,day_ahead
2017-08-06 13:00:00,37.62089955659286,price,2017-08-05 23:00:00,day_ahead
2017-08-06 14:00:00,36.94129777121402,price,2017-08-05 23:00:00,day_ahead
2017-08-06 15:00:00,37.13005193537993,price,2017-08-05 23:00:00,day_ahead
2017-08-06 16:00:00,38.49707540241575,price,2017-08-05 23:00:00,day_ahead
2017-08-06 17:00:00,40.61701109466285,price,2017-08-05 23:00:00,day_ahead
2017-08-06 18:00:00,42.50352041126346,price,2017-08-05 23:00:00,day_ahead
2017-08-06 19:00:00,43.24415909499936,price,2017-08-05 23:00:00,day_ahead
2017-08-06 20:00:00,42.57645330478411,price,2017-08-05 23:00:00,day_ahead
2017-08-06 21:00:00,40.94348778468333,price,2017-08-05 23:00:00,day_ahead
2017-08-06 22:00:00,39.04510095342929,price,2017-08-05 23:00:00,day_ahead
2017-08-06 23:00:00,37.33775707354321,price,2017-08-05 23:00:00,day_ahead
2017-08-07 00:00:00,65.46185214826485,price,2017-08-06 23:00:00,day_ahead
2017-08-07 01:00:00,67.48282441379506,price,2017-08-06 23:00:00,day_ahead
2017-08-07 02:00:00,69.19246996048582,price,2017-08-06 23:00:00,day_ahead
2017-08-07 03:00:00,69.49539430552764,price,2017-08-06 23:00:00,day_ahead
2017-08-07 04:00:00,67.71337287470489,price,2017-08-06 23:00:00,day_ahead
2017-08-07 05:00:00,64.29375069430182,price,2017-08-06 23:00:00,day_ahead
2017-08-07 06:00:00,60.58024146558448,price,2017-08-06 23:00:00,day_ahead
2017-08-07 07:00:00,57.85527734667139,price,2017-08-06 23:00:00,day_ahead
2017-08-07 08:00:00,56.53629986460617,price,2017-08-06 23:00:00,day_ahead
2017-08-07 09:00:00,56.205204957671086,price,2017-08-06 23:00:00,day_ahead
2017-08-07 10:00:00,56.30278104183697,price,2017-08-06 23:00:00,day_ahead
2017-08-07 11:00:00,56.69440906383653,price,2017-08-06 23:00:00,day_ahead
2017-08-07 12:00:00,57.52958546063975,price,2017-08-06 23:00:00,day_ahead
2017-08-07 13:00:00,58.62828809737425,price,2017-08-06 23:00:00,day_ahead
2017-08-07 14:00:00,59.176851169440454,price,2017-08-06 23:00:00,day_ahead
2017-08-07 15:00:00,58.21912452624966,price,2017-08-06 23:00:00,day_ahead
2017-08-07 16:00:00,55.57351276734769,price,2017-08-06 23:00:00,day_ahead
2017-08-07 17:00:00,52.27267512527559,price,2017-08-06 23:00:00,day_ahead
2017-08-07 18:00:00,49.990271174213255,price,2017-08-06 23:00:00,day_ahead
2017-08-07 19:00:00,49.865951182675495,price,2017-08-06 23:00:00,day_ahead
2017-08-07 20:00:00,51.741909715241874,price,2017-08-06 23:00:00,day_ahead
2017-08-07 21:00:00,54.470951221393875,price,2017-08-06 23:00:00,day_ahead
2017-08-07 22:00:00,56.96792812257583,price,2017-08-06 23:00:00,day_ahead
2017-08-07 23:00:00,59.004234070319484,price,2017-08-06 23:00:00,day_ahead
2017-08-08 00:00:00,40.044142385623964,price,2017-08-07 23:00:00,day_ahead
2017-08-08 01:00:00,38.621642502527244,price,2017-08-07 23:00:00,day_ahead
2017-08-08 02:00:00,37.78067770433364,price,2017-08-07 23:00:00,day_ahead
2017-08-08 03:00:00,37.94873456786078,price,2017-08-07 23:00:00,day_ahead
2017-08-08 04:00:00,39.3170106216734,price,2017-08-07 23:00:00,day_ahead
2017-08-08 05:00:00,41.52379514224407,price,2017-08-07 23:00:00,day_ahead
2017-08-08 06:00:00,43.778074866530986,price,2017-08-07 23:00:00,day_ahead
2017-08-08 07:00:00,45.35504827788041,price,2017-08-07 23:00:00,day_ahead
2017-08-08 08:00:00,46.025490790830474,price,2017-08-07 23:00:00,day_ahead
2017-08-08 09:00:00,46.044235310385965,price,2017-08-07 23:00:00,day_ahead
2017-08-08 10:00:00,45.75732363259972,price,2017-08-07 23:00:00,day_ahead
2017-08-08 11:00:00,45.254519274305316,price,2017-08-07 23:00:00,day_ahead
2017-08-08 12:00:00,44.422223312972555,price,2017-08-07 23:00:00,day_ahead
2017-08-08 13:00:00,43.313952116578,price,2017-08-07 23:00:00,day_ahead
2017-08-08 14:00:00,42.398885684146904,price,2017-08-07 23:00:00,day_ahead
2017-08-08 15:00:00,42.34614578188189,price,2017-08-07 23:00:00,day_ahead
2017-08-08 16:00:00,43.47106767781558,price,2017-08-07 23:00:00,day_ahead
2017-08-08 17:00:00,45.34614251967538,price,2017-08-07 23:00:00,day_ahead
2017-08-08 18:00:00,46.9772732867994,price,2017-08-07 23:00:00,day_ahead
2017-08-08 19:00:00,47.4451395432723,price,2017-08-07 23:00:00,day_ahead
2017-08-08 20:00:00,46.4868208169717,price,2017-08-07 23:00:00,day_ahead
2017-08-08 21:00:00,44.55158330193006,price,2017-08-07 23:00:00,day_ahead
2017-08-08 22:00:00,42.347580865902195,price,2017-08-07 23:00:00,day_ahead
2017-08-08 23:00:00,40.33728687913056,price,2017-08-07 23:00:00,day_ahead
2017-08-09 00:00:00,57.5384425856431,price,2017-08-08 23:00:00,day_ahead
2017-08-09 01:00:00,56.590279706095664,price,2017-08-08 23:00:00,day_ahead
2017-08-09 02:00:00,56.11295679489713,price,2017-08-08 23:00:00,day_ahead
2017-08-09 03:00:00,56.32388667674423,price,2017-08-08 23:00:00,day_ahead
2017-08-09 04:00:00,57.373471997812466,price,2017-08-08 23:00:00,day_ahead
2017-08-09 05:00:00,59.0825806338356,price,2017-08-08 23:00:00,day_ahead
2017-08-09 06:00:00,60.92680686298474,price,2017-08-08 23:00:00,day_ahead
2017-08-09 07:00:00,62.33320133539299,price,2017-08-08 23:00:00,day_ahead
2017-08-09 08:00:00,63.03414261895143,price,2017-08-08 23:00:00,day_ahead
2017-08-09 09:00:00,63.1559020208527,price,2017-08-08 23:00:00,day_ahead
2017-08-09 10:00:00,62.97968440853595,price,2017-08-08 23:00:00,day_ahead
2017-08-09 11:00:00,62.63770283548945,price,2017-08-08 23:00:00,day_ahead
2017-08-09 12:00:00,62.0629912326666,price,2017-08-08 23:00:00,day_ahead
2017-08-09 13:00:00,61.23641773825618,price,2017-08-08 23:00:00,day_ahead
2017-08-09 14:00:00,60.44510153650328,price,2017-08-08 23:00:00,day_ahead
2017-08-09 15:00:00,60.22477418472332,price,2017-08-08 23:00:00,day_ahead
2017-08-09 16:00:00,60.963279613043554,price,2017-08-08 23:00:00,day_ahead
2017-08-09 17:00:00,62.50069695704801,price,2017-08-08 23:00:00,day_ahead
2017-08-09 18:00:00,64.1136700307473,price,2017-08-08 23:00:00,day_ahead
2017-08-09 19:00:00,64.94847177748619,price,2017-08-08 23:00:00,day_ahead
2017-08-09 20:00:00,64.56659971434541,price,2017-08-08 23:00:00,day_ahead
2017-08-09 21:00:00,63.16685796137004,price,2017-08-08 23:00:00,day_ahead
2017-08-09 22:00:00,61.34137859103133,price,2017-08-08 23:00:00,day_ahead
2017-08-09 23:00:00,59.62809647630623,price,2017-08-08 23:00:00,day_ahead
2017-08-10 00:00:00,48.185211083580384,price,2017-08-09 23:00:00,day_ahead
2017-08-10 01:00:00,47.91047564770156,price,2017-08-09 23:00:00,day_ahead
2017-08-10 02:00:00,48.69836307228224,price,2017-08-09 23:00:00,day_ahead
2017-08-10 03:00:00,50.18770410123712,price,2017-08-09 23:00:00,day_ahead
2017-08-10 04:00:00,51.93236965525086,price,2017-08-09 23:00:00,day_ahead
2017-08-10 05:00:00,53.540644141105304,price,2017-08-09 23:00:00,day_ahead
2017-08-10 06:00:00,54.74301369854062,price,2017-08-09 23:00:00,day_ahead
2017-08-10 07:00:00,55.433863298695215,price,2017-08-09 23:00:00,day_ahead
2017-08-10 08:00:00,55.6839027936983,price,2017-08-09 23:00:00,day_ahead
2017-08-10 09:00:00,55.673742976946635,price,2017-08-09 23:00:00,day_ahead
2017-08-10 10:00:00,55.544704092355985,price,2017-08-09 23:00:00,day_ahead
2017-08-10 11:00:00,55.26823105425957,price,2017-08-09 23:00:00,day_ahead
2017-08-10 12:00:00,54.67186111272349,price,2017-08-09 23:00:00,day_ahead
2017-08-10 13:00:00,53.647723430286504,price,2017-08-09 23:00:00,day_ahead
2017-08-10 14:00:00,52.38581057629983,price,2017-08-09 23:00:00,day_ahead
2017-08-10 15:00:00,51.398364513065545,price,2017-08-09 23:00:00,day_ahead
2017-08-10 16:00:00,51.240184869394625,price,2017-08-09 23:00:00,day_ahead
2017-08-10 17:00:00,52.09120822786859,price,2017-08-09 23:00:00,day_ahead
2017-08-10 18:00:00,53.52520061336165,price,2017-08-09 23:00:00,day_ahead
2017-08-10 19:00:00,54.68322790738437,price,2017-08-09 23:00:00,day_ahead
2017-08-10 20:00:00,54.76903194242693,price,2017-08-09 23:00:00,day_ahead
2017-08-10 21:00:00,53.53092932779044,price,2017-08-09 23:00:00,day_ahead
2017-08-10 22:00:00,51.402153447506635,price,2017-08-09 23:00:00,day_ahead
2017-08-10 23:00:00,49.22878708304573,price,2017-08-09 23:00:00,day_ahead
2017-08-11 00:00:00,38.710985224842936,price,2017-08-10 23:00:00,day_ahead
2017-08-11 01:00:00,37.28234917270264,price,2017-08-10 23:00:00,day_ahead
2017-08-11 02:00:00,36.462636460346275,price,2017-08-10 23:00:00,day_ahead
2017-08-11 03:00:00,36.68634709037125,price,2017-08-10 23:00:00,day_ahead
2017-08-11 04:00:00,38.144866364735016,price,2017-08-10 23:00:00,day_ahead
2017-08-11 05:00:00,40.46557215073123,price,2017-08-10 23:00:00,day_ahead
2017-08-11 06:00:00,42.839488642312475,price,2017-08-10 23:00:00,day_ahead
2017-08-11 07:00:00,44.52632918458318,price,2017-08-10 23:00:00,day_ahead
2017-08-11 08:00:00,45.290775636278866,price,2017-08-10 23:00:00,day_ahead
2017-08-11 09:00:00,45.38972073556905,price,2017-08-10 23:00:00,day_ahead
2017-08-11 10:00:00,45.172346118659554,price,2017-08-10 23:00:00,day_ahead
2017-08-11 11:00:00,44.72738068129173,price,2017-08-10 23:00:00,day_ahead
2017-08-11 12:00:00,43.93776051525876,price,2017-08-10 23:00:00,day_ahead
2017-08-11 13:00:00,42.857312660495595,price,2017-08-10 23:00:00,day_ahead
2017-08-11 14:00:00,41.96236925531161,price,2017-08-10 23:00:00,day_ahead
2017-08-11 15:00:00,41.931243139243215,price,2017-08-10 23:00:00,day_ahead
2017-08-11 16:00:00,43.08120951233305,price,2017-08-10 23:00:00,day_ahead
2017-08-11 17:00:00,44.97429027902844,price,2017-08-10 23:00:00,day_ahead
2017-08-11 18:00:00,46.598025447394136,price,2017-08-10 23:00:00,day_ahead
2017-08-11 19:00:00,47.01789297756926,price,2017-08-10 23:00:00,day_ahead
2017-08-11 20:00:00,45.96743255199584,price,2017-08-10 23:00:00,day_ahead
2017-08-11 21:00:00,43.903383828123424,price,2017-08-10 23:00:00,day_ahead
2017-08-11 22:00:00,41.54447615443874,price,2017-08-10 23:00:00,day_ahead
2017-08-11 23:00:00,39.359787456002394,price,2017-08-10 23:00:00,day_ahead
2017-08-12 00:00:00,37.36689746750767,price,2017-08-11 23:00:00,day_ahead
2017-08-12 01:00:00,35.78701728376232,price,2017-08-11 23:00:00,day_ahead
2017-08-12 02:00:00,34.79743537835022,price,2017-08-11 23:00:00,day_ahead
2017-08-12 03:00:00,34.82804888111167,price,2017-08-11 23:00:00,day_ahead
2017-08-12 04:00:00,36.0677408854518,price,2017-08-11 23:00:00,day_ahead
2017-08-12 05:00:00,38.147718771498546,price,2017-08-11 23:00:00,day_ahead
2017-08-12 06:00:00,40.2686084663671,price,2017-08-11 23:00:00,day_ahead
2017-08-12 07:00:00,41.700355431876964,price,2017-08-11 23:00:00,day_ahead
2017-08-12 08:00:00,42.21333650660348,price,2017-08-11 23:00:00,day_ahead
2017-08-12 09:00:00,42.06483636321446,price,2017-08-11 23:00:00,day_ahead
2017-08-12 10:00:00,41.60278864527358,price,2017-08-11 23:00:00,day_ahead
2017-08-12 11:00:00,40.9169393308459,price,2017-08-11 23:00:00,day_ahead
2017-08-12 12:00:00,39.893637022031506,price,2017-08-11 23:00:00,day_ahead
2017-08-12 13:00:00,38.58913314451171,price,2017-08-11 23:00:00,day_ahead
2017-08-12 14:00:00,37.478490876121654,price,2017-08-11 23:00:00,day_ahead
2017-08-12 15:00:00,37.236707825085084,price,2017-08-11 23:00:00,day_ahead
2017-08-12 16:00:00,38.180833642044114,price,2017-08-11 23:00:00,day_ahead
2017-08-12 17:00:00,39.87954466694231,price,2017-08-11 23:00:00,day_ahead
2017-08-12 18:00:00,41.33226427900595,price,2017-08-11 23:00:00,day_ahead
2017-08-12 19:00:00,41.61533025267193,price,2017-08-11 23:00:00,day_ahead
2017-08-12 20:00:00,40.466482849748715,price,2017-08-11 23:00:00,day_ahead
2017-08-12 21:00:00,38.339707749693225,price,2017-08-11 23:00:00,day_ahead
2017-08-12 22:00:00,35.94884810916103,price,2017-08-11 23:00:00,day_ahead
2017-08-12 23:00:00,33.76106552036929,price,2017-08-11 23:00:00,day_ahead
2017-08-13 00:00:00,32.52150542279564,price,2017-08-12 23:00:00,day_ahead
2017-08-13 01:00:00,31.000745751321205,price,2017-08-12 23:00:00,day_ahead
2017-08-13 02:00:00,30.094447211686482,price,2017-08-12 23:00:00,day_ahead
2017-08-13 03:00:00,30.228363067972058,price,2017-08-12 23:00:00,day_ahead
2017-08-13 04:00:00,31.591326913675456,price,2017-08-12 23:00:00,day_ahead
2017-08-13 05:00:00,33.82180070925471,price,2017-08-12 23:00:00,day_ahead
2017-08-13 06:00:00,36.131431866459636,price,2017-08-12 23:00:00,day_ahead
2017-08-13 07:00:00,37.79723960223131,price,2017-08-12 23:00:00,day_ahead
2017-08-13 08:00:00,38.58789963695097,price,2017-08-12 23:00:00,day_ahead
2017-08-13 09:00:00,38.75277314053708,price,2017-08-12 23:00:00,day_ahead
2017-08-13 10:00:00,38.6328621233318,price,2017-08-12 23:00:00,day_ahead
2017-08-13 11:00:00,38.31652588050339,price,2017-08-12 23:00:00,day_ahead
2017-08-13 12:00:00,37.69159764629842,price,2017-08-12 23:00:00,day_ahead
2017-08-13 13:00:00,36.81171530526517,price,2017-08-12 23:00:00,day_ahead
2017-08-13 14:00:00,36.14162080226289,price,2017-08-12 23:00:00,day_ahead
2017-08-13 15:00:00,36.3427257062524,price,2017-08-12 23:00:00,day_ahead
2017-08-13 16:00:00,37.72445616503461,price,2017-08-12 23:00:00,day_ahead
2017-08-13 17:00:00,39.85939415512471,price,2017-08-12 23:00:00,day_ahead
2017-08-13 18:00:00,41.75869436530702,price,2017-08-12 23:00:00,day_ahead
2017-08-13 19:00:00,42.50798533199323,price,2017-08-12 23:00:00,day_ahead
2017-08-13 20:00:00,41.843641996519786,price,2017-08-12 23:00:00,day_ahead
2017-08-13 21:00:00,40.2080011721011,price,2017-08-12 23:00:00,day_ahead
2017-08-13 22:00:00,38.30055179853341,price,2017-08-12 23:00:00,day_ahead
2017-08-13 23:00:00,36.5786960306119,price,2017-08-12 23:00:00,day_ahead
2017-08-14 00:00:00,35.25719979213876,price,2017-08-13 23:00:00,day_ahead
2017-08-14 01:00:00,34.146458198452535,price,2017-08-13 23:00:00,day_ahead
2017-08-14 02:00:00,33.62773636493138,price,2017-08-13 23:00:00,day_ahead
2017-08-14 03:00:00,34.122663060224134,price,2017-08-13 23:00:00,day_ahead
2017-08-14 04:00:00,35.81588001632945,price,2017-08-13 23:00:00,day_ahead
2017-08-14 05:00:00,38.34306952627223,price,2017-08-13 23:00:00,day_ahead
2017-08-14 06:00:00,40.915367744928986,price,2017-08-13 23:00:00,day_ahead
2017-08-14 07:00:00,42.810834034077125,price,2017-08-13 23:00:00,day_ahead
2017-08-14 08:00:00,43.79894756508892,price,2017-08-13 23:00:00,day_ahead
2017-08-14 09:00:00,44.12830101220211,price,2017-08-13 23:00:00,day_ahead
2017-08-14 10:00:00,44.13778215951889,price,2017-08-13 23:00:00,day_ahead
2017-08-14 11:00:00,43.913733603520214,price,2017-08-13 23:00:00,day_ahead
2017-08-14 12:00:00,43.34330721581968,price,2017-08-13 23:00:00,day_ahead
2017-08-14 13:00:00,42.480731961590735,price,2017-08-13 23:00:00,day_ahead
2017-08-14 14:00:00,41.79152352848806,price,2017-08-13 23:00:00,day_ahead
2017-08-14 15:00:00,41.937235762548305,price,2017-08-13 23:00:00,day_ahead
2017-08-14 16:00:00,43.2272391167759,price,2017-08-13 23:00:00,day_ahead
2017-08-14 17:00:00,45.23517860533038,price,2017-08-13 23:00:00,day_ahead
2017-08-14 18:00:00,46.97524472412232,price,2017-08-13 23:00:00,day_ahead
2017-08-14 19:00:00,47.537493847308944,price,2017-08-13 23:00:00,day_ahead
2017-08-14 20:00:00,46.66250144291074,price,2017-08-13 23:00:00,day_ahead
2017-08-14 21:00:00,44.795320533516715,price,2017-08-13 23:00:00,day_ahead
2017-08-14 22:00:00,42.636823399342866,price,2017-08-13 23:00:00,day_ahead
2017-08-14 23:00:00,40.64571335250053,price,2017-08-13 23:00:00,day_ahead
2017-08-15 00:00:00,39.10953007836159,price,2017-08-14 23:00:00,day_ahead
2017-08-15 01:00:00,37.67155661610714,price,2017-08-14 23:00:00,day_ahead
2017-08-15 02:00:00,36.829790629301336,price,2017-08-14 23:00:00,day_ahead
2017-08-15 03:00:00,37.014770174074634,price,2017-08-14 23:00:00,day_ahead
2017-08-15 04:00:00,38.41490491247226,price,2017-08-14 23:00:00,day_ahead
2017-08-15 05:00:00,40.660658683589915,price,2017-08-14 23:00:00,day_ahead
2017-08-15 06:00:00,42.95219159558182,price,2017-08-14 23:00:00,day_ahead
2017-08-15 07:00:00,44.55917804457926,price,2017-08-14 23:00:00,day_ahead
2017-08-15 08:00:00,45.25148213856031,price,2017-08-14 23:00:00,day_ahead
2017-08-15 09:00:00,45.28541823617205,price,2017-08-14 23:00:00,day_ahead
2017-08-15 10:00:00,45.00780749580527,price,2017-08-14 23:00:00,day_ahead
2017-08-15 11:00:00,44.50775562185875,price,2017-08-14 23:00:00,day_ahead
2017-08-15 12:00:00,43.67181703415965,price,2017-08-14 23:00:00,day_ahead
2017-08-15 13:00:00,42.557081320136746,price,2017-08-14 23:00:00,day_ahead
2017-08-15 14:00:00,41.63941430856304,price,2017-08-14 23:00:00,day_ahead
2017-08-15 15:00:00,41.59391180253376,price,2017-08-14 23:00:00,day_ahead
2017-08-15 16:00:00,42.73670927581254,price,2017-08-14 23:00:00,day_ahead
2017-08-15 17:00:00,44.634629510597236,price,2017-08-14 23:00:00,day_ahead
2017-08-15 18:00:00,46.2845467042943,price,2017-08-14 23:00:00,day_ahead
2017-08-15 19:00:00,46.75982520331736,price,2017-08-14 23:00:00,day_ahead
2017-08-15 20:00:00,45.7951659291327,price,2017-08-14 23:00:00,day_ahead
2017-08-15 21:00:00,43.84198984148605,price,2017-08-14 23:00:00,day_ahead
2017-08-15 22:00:00,41.6126439753208,price,2017-08-14 23:00:00,day_ahead
2017-08-15 23:00:00,39.57413304147844,price,2017-08-14 23:00:00,day_ahead
2017-08-16 00:00:00,37.876856364039334,price,2017-08-15 23:00:00,day_ahead
2017-08-16 01:00:00,36.49222809743468,price,2017-08-15 23:00:00,day_ahead
2017-08-16 02:00:00,35.707730631380315,price,2017-08-15 23:00:00,day_ahead
2017-08-16 03:00:00,35.94519811826431,price,2017-08-15 23:00:00,day_ahead
2017-08-16 04:00:00,37.38894144788529,price,2017-08-15 23:00:00,day_ahead
2017-08-16 05:00:00,39.67541689728219,price,2017-08-15 23:00:00,day_ahead
2017-08-16 06:00:00,42.01816869442933,price,2017-08-15 23:00:00,day_ahead
2017-08-16 07:00:00,43.698195979765025,price,2017-08-15 23:00:00,day_ahead
2017-08-16 08:00:00,44.48674048356831,price,2017-08-15 23:00:00,day_ahead
2017-08-16 09:00:00,44.63222252704753,price,2017-08-15 23:00:00,day_ahead
2017-08-16 10:00:00,44.47221752185295,price,2017-08-15 23:00:00,day_ahead
2017-08-16 11:00:00,44.092094886395614,price,2017-08-15 23:00:00,day_ahead
2017-08-16 12:00:00,43.37912130204778,price,2017-08-15 23:00:00,day_ahead
2017-08-16 13:00:00,42.388185673785394,price,2017-08-15 23:00:00,day_ahead
2017-08-16 14:00:00,41.5849467412598,price,2017-08-15 23:00:00,day_ahead
2017-08-16 15:00:00,41.630231414421154,price,2017-08-15 23:00:00,day_ahead
2017-08-16 16:00:00,42.832549853356554,price,2017-08-15 23:00:00,day_ahead
2017-08-16 17:00:00,44.76552642186456,price,2017-08-15 23:00:00,day_ahead
2017-08-16 18:00:00,46.44420880902114,price,2017-08-15 23:00:00,day_ahead
2017-08-16 19:00:00,46.959271318835064,price,2017-08-15 23:00:00,day_ahead
2017-08-16 20:00:00,46.05042836692894,price,2017-08-15 23:00:00,day_ahead
2017-08-16 21:00:00,44.16031242010031,price,2017-08-15 23:00:00,day_ahead
2017-08-16 22:00:00,41.987109945566125,price,2017-08-15 23:00:00,day_ahead
2017-08-16 23:00:00,39.98810323219231,price,2017-08-15 23:00:00,day_ahead
2017-08-17 00:00:00,38.82535007833039,price,2017-08-16 23:00:00,day_ahead
2017-08-17 01:00:00,37.39961772939486,price,2017-08-16 23:00:00,day_ahead
2017-08-17 02:00:00,36.57347057232599,price,2017-08-16 23:00:00,day_ahead
2017-08-17 03:00:00,36.77421847251153,price,2017-08-16 23:00:00,day_ahead
2017-08-17 04:00:00,38.18817269535076,price,2017-08-16 23:00:00,day_ahead
2017-08-17 05:00:00,40.44720033755957,price,2017-08-16 23:00:00,day_ahead
2017-08-17 06:00:00,42.75569368378941,price,2017-08-16 23:00:00,day_ahead
2017-08-17 07:00:00,44.38701831929552,price,2017-08-16 23:00:00,day_ahead
2017-08-17 08:00:00,45.11121101889049,price,2017-08-16 23:00:00,day_ahead
2017-08-17 09:00:00,45.18139491762915,price,2017-08-16 23:00:00,day_ahead
2017-08-17 10:00:00,44.940768738999004,price,2017-08-16 23:00:00,day_ahead
2017-08-17 11:00:00,44.47703450368442,price,2017-08-16 23:00:00,day_ahead
2017-08-17 12:00:00,43.677293603027785,price,2017-08-16 23:00:00,day_ahead
2017-08-17 13:00:00,42.59843931280213,price,2017-08-16 23:00:00,day_ahead
2017-08-17 14:00:00,41.713407959801486,price,2017-08-16 23:00:00,day_ahead
2017-08-17 15:00:00,41.692885057840776,price,2017-08-16 23:00:00,day_ahead
2017-08-17 16:00:00,42.850832894482394,price,2017-08-16 23:00:00,day_ahead
2017-08-17 17:00:00,44.75680585664469,price,2017-08-16 23:00:00,day_ahead
2017-08-17 18:00:00,46.41407202325154,price,2017-08-16 23:00:00,day_ahead
2017-08-17 19:00:00,46.901584103993,price,2017-08-16 23:00:00,day_ahead
2017-08-17 20:00:00,45.95486331002551,price,2017-08-16 23:00:00,day_ahead
2017-08-17 21:00:00,44.02124364364745,price,2017-08-16 23:00:00,day_ahead
2017-08-17 22:00:00,41.80759334080455,price,2017-08-16 23:00:00,day_ahead
2017-08-17 23:00:00,39.777837231891304,price,2017-08-16 23:00:00,day_ahead
2017-08-18 00:00:00,38.52928951072886,price,2017-08-17 23:00:00,day_ahead
2017-08-18 01:00:00,37.11370916322543,price,2017-08-17 23:00:00,day_ahead
2017-08-18 02:00:00,36.30935382370892,price,2017-08-17 23:00:00,day_ahead
2017-08-18 03:00:00,36.54206192654363,price,2017-08-17 23:00:00,day_ahead
2017-08-18 04:00:00,37.99630315460088,price,2017-08-17 23:00:00,day_ahead
2017-08-18 05:00:00,40.301256182086405,price,2017-08-17 23:00:00,day_ahead
2017-08-18 06:00:00,42.65765529761761,price,2017-08-17 23:00:00,day_ahead
2017-08-18 07:00:00,44.335138287558685,price,2017-08-17 23:00:00,day_ahead
2017-08-18 08:00:00,45.101256470069536,price,2017-08-17 23:00:00,day_ahead
2017-08-18 09:00:00,45.20831820112795,price,2017-08-17 23:00:00,day_ahead
2017-08-18 10:00:00,44.99938202411471,price,2017-08-17 23:00:00,day_ahead
2017-08-18 11:00:00,44.56120516933758,price,2017-08-17 23:00:00,day_ahead
2017-08-18 12:00:00,43.778748725030844,price,2017-08-17 23:00:00,day_ahead
2017-08-18 13:00:00,42.70682813172608,price,2017-08-17 23:00:00,day_ahead
2017-08-18 14:00:00,41.81808141868423,price,2017-08-17 23:00:00,day_ahead
2017-08-18 15:00:00,41.784943566046785,price,2017-08-17 23:00:00,day_ahead
2017-08-18 16:00:00,42.92326720673999,price,2017-08-17 23:00:00,day_ahead
2017-08-18 17:00:00,44.8019198190285,price,2017-08-17 23:00:00,day_ahead
2017-08-18 18:00:00,46.419758729200886,price,2017-08-17 23:00:00,day_ahead
2017-08-18 19:00:00,46.84928794018079,price,2017-08-17 23:00:00,day_ahead
2017-08-18 20:00:00,45.820978877036765,price,2017-08-17 23:00:00,day_ahead
2017-08-18 21:00:00,43.78114880260988,price,2017-08-17 23:00:00,day_ahead
2017-08-18 22:00:00,41.439665720319645,price,2017-08-17 23:00:00,day_ahead
2017-08-18 23:00:00,39.26515280053446,price,2017-08-17 23:00:00,day_ahead
2017-08-19 00:00:00,37.780465966675855,price,2017-08-18 23:00:00,day_ahead
2017-08-19 01:00:00,36.17899688813839,price,2017-08-18 23:00:00,day_ahead
2017-08-19 02:00:00,35.181306010281276,price,2017-08-18 23:00:00,day_ahead
2017-08-19 03:00:00,35.22031429407038,price,2017-08-18 23:00:00,day_ahead
2017-08-19 04:00:00,36.48311539188869,price,2017-08-18 23:00:00,day_ahead
2017-08-19 05:00:00,38.5945913183701,price,2017-08-18 23:00:00,day_ahead
2017-08-19 06:00:00,40.7473758219559,price,2017-08-18 23:00:00,day_ahead
2017-08-19 07:00:00,42.20541957111543,price,2017-08-18 23:00:00,day_ahead
2017-08-19 08:00:00,42.73691984190259,price,2017-08-18 23:00:00,day_ahead
2017-08-19 09:00:00,42.59968364878823,price,2017-08-18 23:00:00,day_ahead
2017-08-19 10:00:00,42.14235624452281,price,2017-08-18 23:00:00,day_ahead
2017-08-19 11:00:00,41.45438545380189,price,2017-08-18 23:00:00,day_ahead
2017-08-19 12:00:00,40.42217420796489,price,2017-08-18 23:00:00,day_ahead
2017-08-19 13:00:00,39.10478946402999,price,2017-08-18 23:00:00,day_ahead
2017-08-19 14:00:00,37.983441945988446,price,2017-08-18 23:00:00,day_ahead
2017-08-19 15:00:00,37.739918145773714,price,2017-08-18 23:00:00,day_ahead
2017-08-19 16:00:00,38.694349303549544,price,2017-08-18 23:00:00,day_ahead
2017-08-19 17:00:00,40.41215862761684,price,2017-08-18 23:00:00,day_ahead
2017-08-19 18:00:00,41.88447907785955,price,2017-08-18 23:00:00,day_ahead
2017-08-19 19:00:00,42.17865743440844,price,2017-08-18 23:00:00,day_ahead
2017-08-19 20:00:00,41.0270042522741,price,2017-08-18 23:00:00,day_ahead
2017-08-19 21:00:00,38.88321754847649,price,2017-08-18 23:00:00,day_ahead
2017-08-19 22:00:00,36.464802188391516,price,2017-08-18 23:00:00,day_ahead
2017-08-19 23:00:00,34.24450008090063,price,2017-08-18 23:00:00,day_ahead
2017-08-20 00:00:00,32.577578093793335,price,2017-08-19 23:00:00,day_ahead
2017-08-20 01:00:00,31.012037476852495,price,2017-08-19 23:00:00,day_ahead
2017-08-20 02:00:00,30.087871334205012,price,2017-08-19 23:00:00,day_ahead
2017-08-20 03:00:00,30.240180429210575,price,2017-08-19 23:00:00,day_ahead
2017-08-20 04:00:00,31.657094088952274,price,2017-08-19 23:00:00,day_ahead
2017-08-20 05:00:00,33.961975810335154,price,2017-08-19 23:00:00,day_ahead
2017-08-20 06:00:00,36.34361816545234,price,2017-08-19 23:00:00,day_ahead
2017-08-20 07:00:00,38.06171050577525,price,2017-08-19 23:00:00,day_ahead
2017-08-20 08:00:00,38.88171058707125,price,2017-08-19 23:00:00,day_ahead
2017-08-20 09:00:00,39.060502285145944,price,2017-08-19 23:00:00,day_ahead
2017-08-20 10:00:00,38.946209346993854,price,2017-08-19 23:00:00,day_ahead
2017-08-20 11:00:00,38.62663969267296,price,2017-08-19 23:00:00,day_ahead
2017-08-20 12:00:00,37.98542664340613,price,2017-08-19 23:00:00,day_ahead
2017-08-20 13:00:00,37.079179751117955,price,2017-08-19 23:00:00,day_ahead
2017-08-20 14:00:00,36.388157574301,price,2017-08-19 23:00:00,day_ahead
2017-08-20 15:00:00,36.594042101034056,price,2017-08-19 23:00:00,day_ahead
2017-08-20 16:00:00,38.01543044039072,price,2017-08-19 23:00:00,day_ahead
2017-08-20 17:00:00,40.2128910811103,price,2017-08-19 23:00:00,day_ahead
2017-08-20 18:00:00,42.16979128491548,price,2017-08-19 23:00:00,day_ahead
2017-08-20 19:00:00,42.94545276189137,price,2017-08-19 23:00:00,day_ahead
2017-08-20 20:00:00,42.2667234078871,price,2017-08-19 23:00:00,day_ahead
2017-08-20 21:00:00,40.585183699648695,price,2017-08-19 23:00:00,day_ahead
2017-08-20 22:00:00,38.61796014296299,price,2017-08-19 23:00:00,day_ahead
2017-08-20 23:00:00,36.83688000967159,price,2017-08-19 23:00:00,day_ahead
2017-08-21 00:00:00,35.85947742123309,price,2017-08-20 23:00:00,day_ahead
2017-08-21 01:00:00,34.70979410784398,price,2017-08-20 23:00:00,day_ahead
2017-08-21 02:00:00,34.17988104345678,price,2017-08-20 23:00:00,day_ahead
2017-08-21 03:00:00,34.7020896428468,price,2017-08-20 23:00:00,day_ahead
2017-08-21 04:00:00,36.462064959460804,price,2017-08-20 23:00:00,day_ahead
2017-08-21 05:00:00,39.0807886390164,price,2017-08-20 23:00:00,day_ahead
2017-08-21 06:00:00,41.74458474044812,price,2017-08-20 23:00:00,day_ahead
2017-08-21 07:00:00,43.71064365361394,price,2017-08-20 23:00:00,day_ahead
2017-08-21 08:00:00,44.74221146766762,price,2017-08-20 23:00:00,day_ahead
2017-08-21 09:00:00,45.09457004423589,price,2017-08-20 23:00:00,day_ahead
2017-08-21 10:00:00,45.11491976519709,price,2017-08-20 23:00:00,day_ahead
2017-08-21 11:00:00,44.89064986988142,price,2017-08-20 23:00:00,day_ahead
2017-08-21 12:00:00,44.305320513345045,price,2017-08-20 23:00:00,day_ahead
2017-08-21 13:00:00,43.4158822013333,price,2017-08-20 23:00:00,day_ahead
2017-08-21 14:00:00,42.703560488159205,price,2017-08-20 23:00:00,day_ahead
2017-08-21 15:00:00,42.85167078524855,price,2017-08-20 23:00:00,day_ahead
2017-08-21 16:00:00,44.180771761772384,price,2017-08-20 23:00:00,day_ahead
2017-08-21 17:00:00,46.25317212778366,price,2017-08-20 23:00:00,day_ahead
2017-08-21 18:00:00,48.05344197769459,price,2017-08-20 23:00:00,day_ahead
2017-08-21 19:00:00,48.64180867178853,price,2017-08-20 23:00:00,day_ahead
2017-08-21 20:00:00,47.74640071968963,price,2017-08-20 23:00:00,day_ahead
2017-08-21 21:00:00,45.82105967496585,price,2017-08-20 23:00:00,day_ahead
2017-08-21 22:00:00,43.58624041282933,price,2017-08-20 23:00:00,day_ahead
2017-08-21 23:00:00,41.51771100119308,price,2017-08-20 23:00:00,day_ahead
2017-08-22 00:00:00,40.217629251707386,price,2017-08-21 23:00:00,day_ahead
2017-08-22 01:00:00,38.739155451038854,price,2017-08-21 23:00:00,day_ahead
2017-08-22 02:00:00,37.878138007669016,price,2017-08-21 23:00:00,day_ahead
2017-08-22 03:00:00,38.07329025488603,price,2017-08-21 23:00:00,day_ahead
2017-08-22 04:00:00,39.51408569556078,price,2017-08-21 23:00:00,day_ahead
2017-08-22 05:00:00,41.82045512124871,price,2017-08-21 23:00:00,day_ahead
2017-08-22 06:00:00,44.174179390207804,price,2017-08-21 23:00:00,day_ahead
2017-08-22 07:00:00,45.828885890467916,price,2017-08-21 23:00:00,day_ahead
2017-08-22 08:00:00,46.54893707152014,price,2017-08-21 23:00:00,day_ahead
2017-08-22 09:00:00,46.595037635517855,price,2017-08-21 23:00:00,day_ahead
2017-08-22 10:00:00,46.32027025212261,price,2017-08-21 23:00:00,day_ahead
2017-08-22 11:00:00,45.81500580712486,price,2017-08-21 23:00:00,day_ahead
2017-08-22 12:00:00,44.9633742137575,price,2017-08-21 23:00:00,day_ahead
2017-08-22 13:00:00,43.824137397571896,price,2017-08-21 23:00:00,day_ahead
2017-08-22 14:00:00,42.8842510640244,price,2017-08-21 23:00:00,day_ahead
2017-08-22 15:00:00,42.83493081572644,price,2017-08-21 23:00:00,day_ahead
2017-08-22 16:00:00,44.001505087996314,price,2017-08-21 23:00:00,day_ahead
2017-08-22 17:00:00,45.943714367000624,price,2017-08-21 23:00:00,day_ahead
2017-08-22 18:00:00,47.63720105417065,price,2017-08-21 23:00:00,day_ahead
2017-08-22 19:00:00,48.13266883811301,price,2017-08-21 23:00:00,day_ahead
2017-08-22 20:00:00,47.15404865664368,price,2017-08-21 23:00:00,day_ahead
2017-08-22 21:00:00,45.15777372905434,price,2017-08-21 23:00:00,day_ahead
2017-08-22 22:00:00,42.87019578890858,price,2017-08-21 23:00:00,day_ahead
2017-08-22 23:00:00,40.771598124236405,price,2017-08-21 23:00:00,day_ahead
2017-08-23 00:00:00,39.883037140121786,price,2017-08-22 23:00:00,day_ahead
2017-08-23 01:00:00,38.42902203355686,price,2017-08-22 23:00:00,day_ahead
2017-08-23 02:00:00,37.612443111107325,price,2017-08-22 23:00:00,day_ahead
2017-08-23 03:00:00,37.872456376780804,price,2017-08-22 23:00:00,day_ahead
2017-08-23 04:00:00,39.39791362743856,price,2017-08-22 23:00:00,day_ahead
2017-08-23 05:00:00,41.80583771837429,price,2017-08-22 23:00:00,day_ahead
2017-08-23 06:00:00,44.27295556368795,price,2017-08-22 23:00:00,day_ahead
2017-08-23 07:00:00,46.04724693316746,price,2017-08-22 23:00:00,day_ahead
2017-08-23 08:00:00,46.88863366032291,price,2017-08-22 23:00:00,day_ahead
2017-08-23 09:00:00,47.05532365484653,price,2017-08-22 23:00:00,day_ahead
2017-08-23 10:00:00,46.89922974382638,price,2017-08-22 23:00:00,day_ahead
2017-08-23 11:00:00,46.50979574417796,price,2017-08-22 23:00:00,day_ahead
2017-08-23 12:00:00,45.77001141174156,price,2017-08-22 23:00:00,day_ahead
2017-08-23 13:00:00,44.737673561829645,price,2017-08-22 23:00:00,day_ahead
2017-08-23 14:00:00,43.899393269728364,price,2017-08-22 23:00:00,day_ahead
2017-08-23 15:00:00,43.94630805607284,price,2017-08-22 23:00:00,day_ahead
2017-08-23 16:00:00,45.202854249525835,price,2017-08-22 23:00:00,day_ahead
2017-08-23 17:00:00,47.2262748746203,price,2017-08-22 23:00:00,day_ahead
2017-08-23 18:00:00,48.988553932191714,price,2017-08-22 23:00:00,day_ahead
2017-08-23 19:00:00,49.53711690676959,price,2017-08-22 23:00:00,day_ahead
2017-08-23 20:00:00,48.59444506291253,price,2017-08-22 23:00:00,day_ahead
2017-08-23 21:00:00,46.61756109418129,price,2017-08-22 23:00:00,day_ahead
2017-08-23 22:00:00,44.33440441694865,price,2017-08-22 23:00:00,day_ahead
2017-08-23 23:00:00,42.22666080551846,price,2017-08-22 23:00:00,day_ahead
2017-08-24 00:00:00,40.57988400293919,price,2017-08-23 23:00:00,day_ahead
2017-08-24 01:00:00,39.09489849291292,price,2017-08-23 23:00:00,day_ahead
2017-08-24 02:00:00,38.24204881885628,price,2017-08-23 23:00:00,day_ahead
2017-08-24 03:00:00,38.46114602363241,price,2017-08-23 23:00:00,day_ahead
2017-08-24 04:00:00,39.94108052876286,price,2017-08-23 23:00:00,day_ahead
2017-08-24 05:00:00,42.29745208628548,price,2017-08-23 23:00:00,day_ahead
2017-08-24 06:00:00,44.70448362594699,price,2017-08-23 23:00:00,day_ahead
2017-08-24 07:00:00,46.408445471425914,price,2017-08-23 23:00:00,day_ahead
2017-08-24 08:00:00,47.17013408744786,price,2017-08-23 23:00:00,day_ahead
2017-08-24 09:00:00,47.251074829189776,price,2017-08-23 23:00:00,day_ahead
2017-08-24 10:00:00,47.00680536261869,price,2017-08-23 23:00:00,day_ahead
2017-08-24 11:00:00,46.52858714257441,price,2017-08-23 23:00:00,day_ahead
2017-08-24 12:00:00,45.699501738163285,price,2017-08-23 23:00:00,day_ahead
2017-08-24 13:00:00,44.57804419488252,price,2017-08-23 23:00:00,day_ahead
2017-08-24 14:00:00,43.65436418916035,price,2017-08-23 23:00:00,day_ahead
2017-08-24 15:00:00,43.62552901414068,price,2017-08-23 23:00:00,day_ahead
2017-08-24 16:00:00,44.820949536188536,price,2017-08-23 23:00:00,day_ahead
2017-08-24 17:00:00,46.798273150782116,price,2017-08-23 23:00:00,day_ahead
2017-08-24 18:00:00,48.52465242211109,price,2017-08-23 23:00:00,day_ahead
2017-08-24 19:00:00,49.04060003960101,price,2017-08-23 23:00:00,day_ahead
2017-08-24 20:00:00,48.06423752553877,price,2017-08-23 23:00:00,day_ahead
2017-08-24 21:00:00,46.0533749990308,price,2017-08-23 23:00:00,day_ahead
2017-08-24 22:00:00,43.74076753619645,price,2017-08-23 23:00:00,day_ahead
2017-08-24 23:00:00,41.613527013574746,price,2017-08-23 23:00:00,day_ahead
2017-08-25 00:00:00,40.3294146424545,price,2017-08-24 23:00:00,day_ahead
2017-08-25 01:00:00,38.850397929304975,price,2017-08-24 23:00:00,day_ahead
2017-08-25 02:00:00,38.01401215809481,price,2017-08-24 23:00:00,day_ahead
2017-08-25 03:00:00,38.26131518477561,price,2017-08-24 23:00:00,day_ahead
2017-08-25 04:00:00,39.780686191199415,price,2017-08-24 23:00:00,day_ahead
2017-08-25 05:00:00,42.18450329006532,price,2017-08-24 23:00:00,day_ahead
2017-08-25 06:00:00,44.64196980806046,price,2017-08-24 23:00:00,day_ahead
2017-08-25 07:00:00,46.394714459040436,price,2017-08-24 23:00:00,day_ahead
2017-08-25 08:00:00,47.200927253896054,price,2017-08-24 23:00:00,day_ahead
2017-08-25 09:00:00,47.32141889053946,price,2017-08-24 23:00:00,day_ahead
2017-08-25 10:00:00,47.111378505193336,price,2017-08-24 23:00:00,day_ahead
2017-08-25 11:00:00,46.660827920121726,price,2017-08-24 23:00:00,day_ahead
2017-08-25 12:00:00,45.85094798371016,price,2017-08-24 23:00:00,day_ahead
2017-08-25 13:00:00,44.73897563690495,price,2017-08-24 23:00:00,day_ahead
2017-08-25 14:00:00,43.815237154507166,price,2017-08-24 23:00:00,day_ahead
2017-08-25 15:00:00,43.77759118120634,price,2017-08-24 23:00:00,day_ahead
2017-08-25 16:00:00,44.95499266728301,price,2017-08-24 23:00:00,day_ahead
2017-08-25 17:00:00,46.902231328786975,price,2017-08-24 23:00:00,day_ahead
2017-08-25 18:00:00,48.58198152454361,price,2017-08-24 23:00:00,day_ahead
2017-08-25 19:00:00,49.030850755048355,price,2017-08-24 23:00:00,day_ahead
2017-08-25 20:00:00,47.96542453876747,price,2017-08-24 23:00:00,day_ahead
2017-08-25 21:00:00,45.844358042425746,price,2017-08-24 23:00:00,day_ahead
2017-08-25 22:00:00,43.402167811733484,price,2017-08-24 23:00:00,day_ahead
2017-08-25 23:00:00,41.12730252601559,price,2017-08-24 23:00:00,day_ahead
2017-08-26 00:00:00,39.77424942466661,price,2017-08-25 23:00:00,day_ahead
2017-08-26 01:00:00,38.11946027437968,price,2017-08-25 23:00:00,day_ahead
2017-08-26 02:00:00,37.09073201872719,price,2017-08-25 23:00:00,day_ahead
2017-08-26 03:00:00,37.13152117192761,price,2017-08-25 23:00:00,day_ahead
2017-08-26 04:00:00,38.43189218514812,price,2017-08-25 23:00:00,day_ahead
2017-08-26 05:00:00,40.60569231915874,price,2017-08-25 23:00:00,day_ahead
2017-08-26 06:00:00,42.82404565897636,price,2017-08-25 23:00:00,day_ahead
2017-08-26 07:00:00,44.33091695543162,price,2017-08-25 23:00:00,day_ahead
2017-08-26 08:00:00,44.88661081035511,price,2017-08-25 23:00:00,day_ahead
2017-08-26 09:00:00,44.75348853225434,price,2017-08-25 23:00:00,day_ahead
2017-08-26 10:00:00,44.288281115981334,price,2017-08-25 23:00:00,day_ahead
2017-08-26 11:00:00,43.58353027970727,price,2017-08-25 23:00:00,day_ahead
2017-08-26 12:00:00,42.52420427224709,price,2017-08-25 23:00:00,day_ahead
2017-08-26 13:00:00,41.17161371112929,price,2017-08-25 23:00:00,day_ahead
2017-08-26 14:00:00,40.01892939163674,price,2017-08-25 23:00:00,day_ahead
2017-08-26 15:00:00,39.76504610479289,price,2017-08-25 23:00:00,day_ahead
2017-08-26 16:00:00,40.73927599241666,price,2017-08-25 23:00:00,day_ahead
2017-08-26 17:00:00,42.498113176962946,price,2017-08-25 23:00:00,day_ahead
2017-08-26 18:00:00,44.00841750665086,price,2017-08-25 23:00:00,day_ahead
2017-08-26 19:00:00,44.31255201738011,price,2017-08-25 23:00:00,day_ahead
2017-08-26 20:00:00,43.132071235893186,price,2017-08-25 23:00:00,day_ahead
2017-08-26 21:00:00,40.927895529445344,price,2017-08-25 23:00:00,day_ahead
2017-08-26 22:00:00,38.434144720586815,price,2017-08-25 23:00:00,day_ahead
2017-08-26 23:00:00,36.138049395002554,price,2017-08-25 23:00:00,day_ahead
2017-08-27 00:00:00,34.682563620551385,price,2017-08-26 23:00:00,day_ahead
2017-08-27 01:00:00,33.07467586421001,price,2017-08-26 23:00:00,day_ahead
2017-08-27 02:00:00,32.12654292306949,price,2017-08-26 23:00:00,day_ahead
2017-08-27 03:00:00,32.28022863649983,price,2017-08-26 23:00:00,day_ahead
2017-08-27 04:00:00,33.72600426038413,price,2017-08-26 23:00:00,day_ahead
2017-08-27 05:00:00,36.07993859557695,price,2017-08-26 23:00:00,day_ahead
2017-08-27 06:00:00,38.515698878315476,price,2017-08-26 23:00:00,day_ahead
2017-08-27 07:00:00,40.27778662276389,price,2017-08-26 23:00:00,day_ahead
2017-08-27 08:00:00,41.12418537664841,price,2017-08-26 23:00:00,day_ahead
2017-08-27 09:00:00,41.31341641390349,price,2017-08-26 23:00:00,day_ahead
2017-08-27 10:00:00,41.19902627884195,price,2017-08-26 23:00:00,day_ahead
2017-08-27 11:00:00,40.871965117712804,price,2017-08-26 23:00:00,day_ahead
2017-08-27 12:00:00,40.216138295769895,price,2017-08-26 23:00:00,day_ahead
2017-08-27 13:00:00,39.290502746632235,price,2017-08-26 23:00:00,day_ahead
2017-08-27 14:00:00,38.583968825643666,price,2017-08-26 23:00:00,day_ahead
2017-08-27 15:00:00,38.79054127971242,price,2017-08-26 23:00:00,day_ahead
2017-08-27 16:00:00,40.23591938573066,price,2017-08-26 23:00:00,day_ahead
2017-08-27 17:00:00,42.47486622230067,price,2017-08-26 23:00:00,day_ahead
2017-08-27 18:00:00,44.47304694778267,price,2017-08-26 23:00:00,day_ahead
2017-08-27 19:00:00,45.27016499821409,price,2017-08-26 23:00:00,day_ahead
2017-08-27 20:00:00,44.58293920203868,price,2017-08-26 23:00:00,day_ahead
2017-08-27 21:00:00,42.866515646523084,price,2017-08-26 23:00:00,day_ahead
2017-08-27 22:00:00,40.85021918140386,price,2017-08-26 23:00:00,day_ahead
2017-08-27 23:00:00,39.018164880268515,price,2017-08-26 23:00:00,day_ahead
2017-08-28 00:00:00,38.4023443942073,price,2017-08-27 23:00:00,day_ahead
2017-08-28 01:00:00,37.2255118200229,price,2017-08-27 23:00:00,day_ahead
2017-08-28 02:00:00,36.67988548886154,price,2017-08-27 23:00:00,day_ahead
2017-08-28 03:00:00,37.20379828307717,price,2017-08-27 23:00:00,day_ahead
2017-08-28 04:00:00,38.985330788516706,price,2017-08-27 23:00:00,day_ahead
2017-08-28 05:00:00,41.64111865260254,price,2017-08-27 23:00:00,day_ahead
2017-08-28 06:00:00,44.34723024031629,price,2017-08-27 23:00:00,day_ahead
2017-08-28 07:00:00,46.34971007870285,price,2017-08-27 23:00:00,day_ahead
2017-08-28 08:00:00,47.405197630426365,price,2017-08-27 23:00:00,day_ahead
2017-08-28 09:00:00,47.768644053333794,price,2017-08-27 23:00:00,day_ahead
2017-08-28 10:00:00,47.790571345264794,price,2017-08-27 23:00:00,day_ahead
2017-08-28 11:00:00,47.561563159085004,price,2017-08-27 23:00:00,day_ahead
2017-08-28 12:00:00,46.967052322735306,price,2017-08-27 23:00:00,day_ahead
2017-08-28 13:00:00,46.066459835609166,price,2017-08-27 23:00:00,day_ahead
2017-08-28 14:00:00,45.3460407423875,price,2017-08-27 23:00:00,day_ahead
2017-08-28 15:00:00,45.4953853958059,price,2017-08-27 23:00:00,day_ahead
2017-08-28 16:00:00,46.83811898806586,price,2017-08-27 23:00:00,day_ahead
2017-08-28 17:00:00,48.93262812079157,price,2017-08-27 23:00:00,day_ahead
2017-08-28 18:00:00,50.7533667717702,price,2017-08-27 23:00:00,day_ahead
2017-08-28 19:00:00,51.349700701747594,price,2017-08-27 23:00:00,day_ahead
2017-08-28 20:00:00,50.44418696401988,price,2017-08-27 23:00:00,day_ahead
2017-08-28 21:00:00,48.49245875985546,price,2017-08-27 23:00:00,day_ahead
2017-08-28 22:00:00,46.22131729013123,price,2017-08-27 23:00:00,day_ahead
2017-08-28 23:00:00,44.113035026152176,price,2017-08-27 23:00:00,day_ahead
2017-08-29 00:00:00,42.677145048235396,price,2017-08-28 23:00:00,day_ahead
2017-08-29 01:00:00,41.17850699586444,price,2017-08-28 23:00:00,day_ahead
2017-08-29 02:00:00,40.304195386300115,price,2017-08-28 23:00:00,day_ahead
2017-08-29 03:00:00,40.49468181274817,price,2017-08-28 23:00:00,day_ahead
2017-08-29 04:00:00,41.940248956045075,price,2017-08-28 23:00:00,day_ahead
2017-08-29 05:00:00,44.259815479829804,price,2017-08-28 23:00:00,day_ahead
2017-08-29 06:00:00,46.63162685938155,price,2017-08-28 23:00:00,day_ahead
2017-08-29 07:00:00,48.30395338848894,price,2017-08-28 23:00:00,day_ahead
2017-08-29 08:00:00,49.03613875670944,price,2017-08-28 23:00:00,day_ahead
2017-08-29 09:00:00,49.0864229076385,price,2017-08-28 23:00:00,day_ahead
2017-08-29 10:00:00,48.8086160453297,price,2017-08-28 23:00:00,day_ahead
2017-08-29 11:00:00,48.295743681217864,price,2017-08-28 23:00:00,day_ahead
2017-08-29 12:00:00,47.43462668751289,price,2017-08-28 23:00:00,day_ahead
2017-08-29 13:00:00,46.285856920440104,price,2017-08-28 23:00:00,day_ahead
2017-08-29 14:00:00,45.337846629177534,price,2017-08-28 23:00:00,day_ahead
2017-08-29 15:00:00,45.28363441510742,price,2017-08-28 23:00:00,day_ahead
2017-08-29 16:00:00,46.45034871708176,price,2017-08-28 23:00:00,day_ahead
2017-08-29 17:00:00,48.39791063376767,price,2017-08-28 23:00:00,day_ahead
2017-08-29 18:00:00,50.09917616007809,price,2017-08-28 23:00:00,day_ahead
2017-08-29 19:00:00,50.59960661781307,price,2017-08-28 23:00:00,day_ahead
2017-08-29 20:00:00,49.61792053274237,price,2017-08-28 23:00:00,day_ahead
2017-08-29 21:00:00,47.608178916328306,price,2017-08-28 23:00:00,day_ahead
2017-08-29 22:00:00,45.298329549805764,price,2017-08-28 23:00:00,day_ahead
2017-08-29 23:00:00,43.173054831247576,price,2017-08-28 23:00:00,day_ahead
2017-08-30 00:00:00,41.96368033999327,price,2017-08-29 23:00:00,day_ahead
2017-08-30 01:00:00,40.48793336444694,price,2017-08-29 23:00:00,day_ahead
2017-08-30 02:00:00,39.65667570316129,price,2017-08-29 23:00:00,day_ahead
2017-08-30 03:00:00,39.911089662778764,price,2017-08-29 23:00:00,day_ahead
2017-08-30 04:00:00,41.440787613974656,price,2017-08-29 23:00:00,day_ahead
2017-08-30 05:00:00,43.8612942318881,price,2017-08-29 23:00:00,day_ahead
2017-08-30 06:00:00,46.345282147347135,price,2017-08-29 23:00:00,day_ahead
2017-08-30 07:00:00,48.135325056958976,price,2017-08-29 23:00:00,day_ahead
2017-08-30 08:00:00,48.98679828187802,price,2017-08-29 23:00:00,day_ahead
2017-08-30 09:00:00,49.15595461564868,price,2017-08-29 23:00:00,day_ahead
2017-08-30 10:00:00,48.99545230362247,price,2017-08-29 23:00:00,day_ahead
2017-08-30 11:00:00,48.59690882023589,price,2017-08-29 23:00:00,day_ahead
2017-08-30 12:00:00,47.845585860072724,price,2017-08-29 23:00:00,day_ahead
2017-08-30 13:00:00,46.80132396367286,price,2017-08-29 23:00:00,day_ahead
2017-08-30 14:00:00,45.95299864267282,price,2017-08-29 23:00:00,day_ahead
2017-08-30 15:00:00,45.99427972189121,price,2017-08-29 23:00:00,day_ahead
2017-08-30 16:00:00,47.251286457382875,price,2017-08-29 23:00:00,day_ahead
2017-08-30 17:00:00,49.280444868932584,price,2017-08-29 23:00:00,day_ahead
2017-08-30 18:00:00,51.04980374559915,price,2017-08-29 23:00:00,day_ahead
2017-08-30 19:00:00,51.60114043781713,price,2017-08-29 23:00:00,day_ahead
2017-08-30 20:00:00,50.65234004895706,price,2017-08-29 23:00:00,day_ahead
2017-08-30 21:00:00,48.65913674691722,price,2017-08-29 23:00:00,day_ahead
2017-08-30 22:00:00,46.351759192786595,price,2017-08-29 23:00:00,day_ahead
2017-08-30 23:00:00,44.21619342144106,price,2017-08-29 23:00:00,day_ahead
2017-08-31 00:00:00,42.82486420266305,price,2017-08-30 23:00:00,day_ahead
2017-08-31 01:00:00,41.3307757041627,price,2017-08-30 23:00:00,day_ahead
2017-08-31 02:00:00,40.4656359395602,price,2017-08-30 23:00:00,day_ahead
2017-08-31 03:00:00,40.670313391198675,price,2017-08-30 23:00:00,day_ahead
2017-08-31 04:00:00,42.13543655579474,price,2017-08-30 23:00:00,day_ahead
2017-08-31 05:00:00,44.47984851237847,price,2017-08-30 23:00:00,day_ahead
2017-08-31 06:00:00,46.88120064952893,price,2017-08-30 23:00:00,day_ahead
2017-08-31 07:00:00,48.58661881697741,price,2017-08-30 23:00:00,day_ahead
2017-08-31 08:00:00,49.35379631330967,price,2017-08-30 23:00:00,day_ahead
2017-08-31 09:00:00,49.439140788357456,price,2017-08-30 23:00:00,day_ahead
2017-08-31 10:00:00,49.19507954226853,price,2017-08-30 23:00:00,day_ahead
2017-08-31 11:00:00,48.71425505123197,price,2017-08-30 23:00:00,day_ahead
2017-08-31 12:00:00,47.884023823146,price,2017-08-30 23:00:00,day_ahead
2017-08-31 13:00:00,46.765575348432904,price,2017-08-30 23:00:00,day_ahead
2017-08-31 14:00:00,45.846915585262614,price,2017-08-30 23:00:00,day_ahead
2017-08-31 15:00:00,45.81930966950638,price,2017-08-30 23:00:00,day_ahead
2017-08-31 16:00:00,47.00755028778244,price,2017-08-30 23:00:00,day_ahead
2017-08-31 17:00:00,48.97014618474514,price,2017-08-30 23:00:00,day_ahead
2017-08-31 18:00:00,50.680493798779715,price,2017-08-30 23:00:00,day_ahead
2017-08-31 19:00:00,51.18625024926727,price,2017-08-30 23:00:00,day_ahead
2017-08-31 20:00:00,50.208505100965915,price,2017-08-30 23:00:00,day_ahead
2017-08-31 21:00:00,48.20227497237587,price,2017-08-30 23:00:00,day_ahead
2017-08-31 22:00:00,45.8944867500985,price,2017-08-30 23:00:00,day_ahead
2017-08-31 23:00:00,43.76760941639706,price,2017-08-30 23:00:00,day_ahead
2017-09-01 00:00:00,41.931153646469824,price,2017-08-31 23:00:00,day_ahead
2017-09-01 01:00:00,40.4553625781669,price,2017-08-31 23:00:00,day_ahead
2017-09-01 02:00:00,39.61280336863333,price,2017-08-31 23:00:00,day_ahead
2017-09-01 03:00:00,39.842076448204466,price,2017-08-31 23:00:00,day_ahead
2017-09-01 04:00:00,41.33230706363568,price,2017-08-31 23:00:00,day_ahead
2017-09-01 05:00:00,43.70285095188798,price,2017-08-31 23:00:00,day_ahead
2017-09-01 06:00:00,46.13339048540115,price,2017-08-31 23:00:00,day_ahead
2017-09-01 07:00:00,47.87252891904478,price,2017-08-31 23:00:00,day_ahead
2017-09-01 08:00:00,48.67707257594719,price,2017-08-31 23:00:00,day_ahead
2017-09-01 09:00:00,48.80030927523797,price,2017-08-31 23:00:00,day_ahead
2017-09-01 10:00:00,48.59119703067631,price,2017-08-31 23:00:00,day_ahead
2017-09-01 11:00:00,48.14028386277152,price,2017-08-31 23:00:00,day_ahead
2017-09-01 12:00:00,47.33405359336734,price,2017-08-31 23:00:00,day_ahead
2017-09-01 13:00:00,46.23225562682259,price,2017-08-31 23:00:00,day_ahead
2017-09-01 14:00:00,45.31947774898669,price,2017-08-31 23:00:00,day_ahead
2017-09-01 15:00:00,45.28233403181476,price,2017-08-31 23:00:00,day_ahead
2017-09-01 16:00:00,46.442314351458734,price,2017-08-31 23:00:00,day_ahead
2017-09-01 17:00:00,48.3581390598379,price,2017-08-31 23:00:00,day_ahead
2017-09-01 18:00:00,50.00659354696969,price,2017-08-31 23:00:00,day_ahead
2017-09-01 19:00:00,50.439148294082386,price,2017-08-31 23:00:00,day_ahead
2017-09-01 20:00:00,49.3781999509989,price,2017-08-31 23:00:00,day_ahead
2017-09-01 21:00:00,47.27679834428293,price,2017-08-31 23:00:00,day_ahead
2017-09-01 22:00:00,44.85836782712842,price,2017-08-31 23:00:00,day_ahead
2017-09-01 23:00:00,42.602765420579,price,2017-08-31 23:00:00,day_ahead
2017-09-02 00:00:00,40.597213541162375,price,2017-09-01 23:00:00,day_ahead
2017-09-02 01:00:00,38.95749349531378,price,2017-09-01 23:00:00,day_ahead
2017-09-02 02:00:00,37.93259496398637,price,2017-09-01 23:00:00,day_ahead
2017-09-02 03:00:00,37.96005801012655,price,2017-09-01 23:00:00,day_ahead
2017-09-02 04:00:00,39.23006650182684,price,2017-09-01 23:00:00,day_ahead
2017-09-02 05:00:00,41.3655334035653,price,2017-09-01 23:00:00,day_ahead
2017-09-02 06:00:00,43.550931941005274,price,2017-09-01 23:00:00,day_ahead
2017-09-02 07:00:00,45.03910722593525,price,2017-09-01 23:00:00,day_ahead
2017-09-02 08:00:00,45.58972498277637,price,2017-09-01 23:00:00,day_ahead
2017-09-02 09:00:00,45.45807707383991,price,2017-09-01 23:00:00,day_ahead
2017-09-02 10:00:00,44.995237570438114,price,2017-09-01 23:00:00,day_ahead
2017-09-02 11:00:00,44.29420468106185,price,2017-09-01 23:00:00,day_ahead
2017-09-02 12:00:00,43.24354844441692,price,2017-09-01 23:00:00,day_ahead
2017-09-02 13:00:00,41.90411964907133,price,2017-09-01 23:00:00,day_ahead
2017-09-02 14:00:00,40.761132864012204,price,2017-09-01 23:00:00,day_ahead
2017-09-02 15:00:00,40.502875719184296,price,2017-09-01 23:00:00,day_ahead
2017-09-02 16:00:00,41.45475909363321,price,2017-09-01 23:00:00,day_ahead
2017-09-02 17:00:00,43.181267869488586,price,2017-09-01 23:00:00,day_ahead
2017-09-02 18:00:00,44.66487536810013,price,2017-09-01 23:00:00,day_ahead
2017-09-02 19:00:00,44.960725385751594,price,2017-09-01 23:00:00,day_ahead
2017-09-02 20:00:00,43.79247547576775,price,2017-09-01 23:00:00,day_ahead
2017-09-02 21:00:00,41.61333092632002,price,2017-09-01 23:00:00,day_ahead
2017-09-02 22:00:00,39.147411457234746,price,2017-09-01 23:00:00,day_ahead
2017-09-02 23:00:00,36.87622199920012,price,2017-09-01 23:00:00,day_ahead
2017-09-03 00:00:00,34.914628096916395,price,2017-09-02 23:00:00,day_ahead
2017-09-03 01:00:00,33.31071294655986,price,2017-09-02 23:00:00,day_ahead
2017-09-03 02:00:00,32.36048806272497,price,2017-09-02 23:00:00,day_ahead
2017-09-03 03:00:00,32.50322924716884,price,2017-09-02 23:00:00,day_ahead
2017-09-03 04:00:00,33.92839225529244,price,2017-09-02 23:00:00,day_ahead
2017-09-03 05:00:00,36.256167567636034,price,2017-09-02 23:00:00,day_ahead
2017-09-03 06:00:00,38.66795197789346,price,2017-09-02 23:00:00,day_ahead
2017-09-03 07:00:00,40.41457452685725,price,2017-09-02 23:00:00,day_ahead
2017-09-03 08:00:00,41.254785879281975,price,2017-09-02 23:00:00,day_ahead
2017-09-03 09:00:00,41.442921530462996,price,2017-09-02 23:00:00,day_ahead
2017-09-03 10:00:00,41.328037118895836,price,2017-09-02 23:00:00,day_ahead
2017-09-03 11:00:00,41.00024978180813,price,2017-09-02 23:00:00,day_ahead
2017-09-03 12:00:00,40.345591377564666,price,2017-09-02 23:00:00,day_ahead
2017-09-03 13:00:00,39.423612458468305,price,2017-09-02 23:00:00,day_ahead
2017-09-03 14:00:00,38.71895801273546,price,2017-09-02 23:00:00,day_ahead
2017-09-03 15:00:00,38.91843115868294,price,2017-09-02 23:00:00,day_ahead
2017-09-03 16:00:00,40.3436863670322,price,2017-09-02 23:00:00,day_ahead
2017-09-03 17:00:00,42.5533595963996,price,2017-09-02 23:00:00,day_ahead
2017-09-03 18:00:00,44.52358392067662,price,2017-09-02 23:00:00,day_ahead
2017-09-03 19:00:00,45.304343410560286,price,2017-09-02 23:00:00,day_ahead
2017-09-03 20:00:00,44.615766053986626,price,2017-09-02 23:00:00,day_ahead
2017-09-03 21:00:00,42.908334856543625,price,2017-09-02 23:00:00,day_ahead
2017-09-03 22:00:00,40.903279207708174,price,2017-09-02 23:00:00,day_ahead
2017-09-03 23:00:00,39.07899734712126,price,2017-09-02 23:00:00,day_ahead
2017-09-04 00:00:00,38.20919865210157,price,2017-09-03 23:00:00,day_ahead
2017-09-04 01:00:00,37.04035583005016,price,2017-09-03 23:00:00,day_ahead
2017-09-04 02:00:00,36.49158279158757,price,2017-09-03 23:00:00,day_ahead
2017-09-04 03:00:00,36.9951986929513,price,2017-09-03 23:00:00,day_ahead
2017-09-04 04:00:00,38.73821604954941,price,2017-09-03 23:00:00,day_ahead
2017-09-04 05:00:00,41.345450697169426,price,2017-09-03 23:00:00,day_ahead
2017-09-04 06:00:00,44.007030339360206,price,2017-09-03 23:00:00,day_ahead
2017-09-04 07:00:00,45.979945035586404,price,2017-09-03 23:00:00,day_ahead
2017-09-04 08:00:00,47.02196333261573,price,2017-09-03 23:00:00,day_ahead
2017-09-04 09:00:00,47.3809688027659,price,2017-09-03 23:00:00,day_ahead
2017-09-04 10:00:00,47.400242067429396,price,2017-09-03 23:00:00,day_ahead
2017-09-04 11:00:00,47.16931718291439,price,2017-09-03 23:00:00,day_ahead
2017-09-04 12:00:00,46.57728778513416,price,2017-09-03 23:00:00,day_ahead
2017-09-04 13:00:00,45.68454152049465,price,2017-09-03 23:00:00,day_ahead
2017-09-04 14:00:00,44.970470482064826,price,2017-09-03 23:00:00,day_ahead
2017-09-04 15:00:00,45.113341895468544,price,2017-09-03 23:00:00,day_ahead
2017-09-04 16:00:00,46.43067301639607,price,2017-09-03 23:00:00,day_ahead
2017-09-04 17:00:00,48.48708220155728,price,2017-09-03 23:00:00,day_ahead
2017-09-04 18:00:00,50.27308056026662,price,2017-09-03 23:00:00,day_ahead
2017-09-04 19:00:00,50.853331162874525,price,2017-09-03 23:00:00,day_ahead
2017-09-04 20:00:00,49.95512515331003,price,2017-09-03 23:00:00,day_ahead
2017-09-04 21:00:00,48.02710984871032,price,2017-09-03 23:00:00,day_ahead
2017-09-04 22:00:00,45.78462655633509,price,2017-09-03 23:00:00,day_ahead
2017-09-04 23:00:00,43.70213189606389,price,2017-09-03 23:00:00,day_ahead
2017-09-05 00:00:00,42.44247786264606,price,2017-09-04 23:00:00,day_ahead
2017-09-05 01:00:00,40.96230989829793,price,2017-09-04 23:00:00,day_ahead
2017-09-05 02:00:00,40.09008364785801,price,2017-09-04 23:00:00,day_ahead
2017-09-05 03:00:00,40.261103228015386,price,2017-09-04 23:00:00,day_ahead
2017-09-05 04:00:00,41.66575775165724,price,2017-09-04 23:00:00,day_ahead
2017-09-05 05:00:00,43.93336906604488,price,2017-09-04 23:00:00,day_ahead
2017-09-05 06:00:00,46.25931180689372,price,2017-09-04 23:00:00,day_ahead
2017-09-05 07:00:00,47.9051198668062,price,2017-09-04 23:00:00,day_ahead
2017-09-05 08:00:00,48.631217549240745,price,2017-09-04 23:00:00,day_ahead
2017-09-05 09:00:00,48.68654527364449,price,2017-09-04 23:00:00,day_ahead
2017-09-05 10:00:00,48.415396043421644,price,2017-09-04 23:00:00,day_ahead
2017-09-05 11:00:00,47.909560667532546,price,2017-09-04 23:00:00,day_ahead
2017-09-05 12:00:00,47.061303603591405,price,2017-09-04 23:00:00,day_ahead
2017-09-05 13:00:00,45.933387566471566,price,2017-09-04 23:00:00,day_ahead
2017-09-05 14:00:00,45.00539741975924,price,2017-09-04 23:00:00,day_ahead
2017-09-05 15:00:00,44.95408608224308,price,2017-09-04 23:00:00,day_ahead
2017-09-05 16:00:00,46.09589760448514,price,2017-09-04 23:00:00,day_ahead
2017-09-05 17:00:00,47.996782263870365,price,2017-09-04 23:00:00,day_ahead
2017-09-05 18:00:00,49.65092817353197,price,2017-09-04 23:00:00,day_ahead
2017-09-05 19:00:00,50.126839828950054,price,2017-09-04 23:00:00,day_ahead
2017-09-05 20:00:00,49.15327845587948,price,2017-09-04 23:00:00,day_ahead
2017-09-05 21:00:00,47.177126408722074,price,2017-09-04 23:00:00,day_ahead
2017-09-05 22:00:00,44.91002864774928,price,2017-09-04 23:00:00,day_ahead
2017-09-05 23:00:00,42.82293666703554,price,2017-09-04 23:00:00,day_ahead
2017-09-06 00:00:00,40.989250184917815,price,2017-09-05 23:00:00,day_ahead
2017-09-06 01:00:00,39.51408202281127,price,2017-09-05 23:00:00,day_ahead
2017-09-06 02:00:00,38.6792195065931,price,2017-09-05 23:00:00,day_ahead
2017-09-06 03:00:00,38.92311948810419,price,2017-09-05 23:00:00,day_ahead
2017-09-06 04:00:00,40.435383184612625,price,2017-09-05 23:00:00,day_ahead
2017-09-06 05:00:00,42.83535765313427,price,2017-09-05 23:00:00,day_ahead
2017-09-06 06:00:00,45.30134298167166,price,2017-09-05 23:00:00,day_ahead
2017-09-06 07:00:00,47.07968595765968,price,2017-09-05 23:00:00,day_ahead
2017-09-06 08:00:00,47.925531891321455,price,2017-09-05 23:00:00,day_ahead
2017-09-06 09:00:00,48.09202667288333,price,2017-09-05 23:00:00,day_ahead
2017-09-06 10:00:00,47.92895606444822,price,2017-09-05 23:00:00,day_ahead
2017-09-06 11:00:00,47.527360164378656,price,2017-09-05 23:00:00,day_ahead
2017-09-06 12:00:00,46.77343672903402,price,2017-09-05 23:00:00,day_ahead
2017-09-06 13:00:00,45.7270100301778,price,2017-09-05 23:00:00,day_ahead
2017-09-06 14:00:00,44.874693175121884,price,2017-09-05 23:00:00,day_ahead
2017-09-06 15:00:00,44.90714470796333,price,2017-09-05 23:00:00,day_ahead
2017-09-06 16:00:00,46.14971801336758,price,2017-09-05 23:00:00,day_ahead
2017-09-06 17:00:00,48.16185628093452,price,2017-09-05 23:00:00,day_ahead
2017-09-06 18:00:00,49.91680473018618,price,2017-09-05 23:00:00,day_ahead
2017-09-06 19:00:00,50.46024413039664,price,2017-09-05 23:00:00,day_ahead
2017-09-06 20:00:00,49.51034205774705,price,2017-09-05 23:00:00,day_ahead
2017-09-06 21:00:00,47.52016549375488,price,2017-09-05 23:00:00,day_ahead
2017-09-06 22:00:00,45.21698929999209,price,2017-09-05 23:00:00,day_ahead
2017-09-06 23:00:00,43.08548160904792,price,2017-09-05 23:00:00,day_ahead
2017-09-07 00:00:00,41.45324695076461,price,2017-09-06 23:00:00,day_ahead
2017-09-07 01:00:00,39.96541248683303,price,2017-09-06 23:00:00,day_ahead
2017-09-07 02:00:00,39.098810729384,price,2017-09-06 23:00:00,day_ahead
2017-09-07 03:00:00,39.29133309703243,price,2017-09-06 23:00:00,day_ahead
2017-09-07 04:00:00,40.733915560922284,price,2017-09-06 23:00:00,day_ahead
2017-09-07 05:00:00,43.050951813530254,price,2017-09-06 23:00:00,day_ahead
2017-09-07 06:00:00,45.42852688074014,price,2017-09-06 23:00:00,day_ahead
2017-09-07 07:00:00,47.119824212271126,price,2017-09-06 23:00:00,day_ahead
2017-09-07 08:00:00,47.88260059314772,price,2017-09-06 23:00:00,day_ahead
2017-09-07 09:00:00,47.968605197017084,price,2017-09-06 23:00:00,day_ahead
2017-09-07 10:00:00,47.72571287753522,price,2017-09-06 23:00:00,day_ahead
2017-09-07 11:00:00,47.24579442311768,price,2017-09-06 23:00:00,day_ahead
2017-09-07 12:00:00,46.41826542431833,price,2017-09-06 23:00:00,day_ahead
2017-09-07 13:00:00,45.30485987450414,price,2017-09-06 23:00:00,day_ahead
2017-09-07 14:00:00,44.38962890216871,price,2017-09-06 23:00:00,day_ahead
2017-09-07 15:00:00,44.3573153917551,price,2017-09-06 23:00:00,day_ahead
2017-09-07 16:00:00,45.52918524705627,price,2017-09-06 23:00:00,day_ahead
2017-09-07 17:00:00,47.46734724705571,price,2017-09-06 23:00:00,day_ahead
2017-09-07 18:00:00,49.15457471383625,price,2017-09-06 23:00:00,day_ahead
2017-09-07 19:00:00,49.64768792669711,price,2017-09-06 23:00:00,day_ahead
2017-09-07 20:00:00,48.671051023176005,price,2017-09-06 23:00:00,day_ahead
2017-09-07 21:00:00,46.676155278632585,price,2017-09-06 23:00:00,day_ahead
2017-09-07 22:00:00,44.38342604363772,price,2017-09-06 23:00:00,day_ahead
2017-09-07 23:00:00,42.27034673808297,price,2017-09-06 23:00:00,day_ahead
2017-09-08 00:00:00,41.02991949246791,price,2017-09-07 23:00:00,day_ahead
2017-09-08 01:00:00,39.553931899349976,price,2017-09-07 23:00:00,day_ahead
2017-09-08 02:00:00,38.703478929513466,price,2017-09-07 23:00:00,day_ahead
2017-09-08 03:00:00,38.916524096214914,price,2017-09-07 23:00:00,day_ahead
2017-09-08 04:00:00,40.3838252873487,price,2017-09-07 23:00:00,day_ahead
2017-09-08 05:00:00,42.7302059035797,price,2017-09-07 23:00:00,day_ahead
2017-09-08 06:00:00,45.142684499553816,price,2017-09-07 23:00:00,day_ahead
2017-09-08 07:00:00,46.87439798262541,price,2017-09-07 23:00:00,day_ahead
2017-09-08 08:00:00,47.680639881301936,price,2017-09-07 23:00:00,day_ahead
2017-09-08 09:00:00,47.808684590437686,price,2017-09-07 23:00:00,day_ahead
2017-09-08 10:00:00,47.602262193545855,price,2017-09-07 23:00:00,day_ahead
2017-09-08 11:00:00,47.15168955442385,price,2017-09-07 23:00:00,day_ahead
2017-09-08 12:00:00,46.347319740895735,price,2017-09-07 23:00:00,day_ahead
2017-09-08 13:00:00,45.25166903040639,price,2017-09-07 23:00:00,day_ahead
2017-09-08 14:00:00,44.346577210256314,price,2017-09-07 23:00:00,day_ahead
2017-09-08 15:00:00,44.31137064144166,price,2017-09-07 23:00:00,day_ahead
2017-09-08 16:00:00,45.461677786833036,price,2017-09-07 23:00:00,day_ahead
2017-09-08 17:00:00,47.357530491071905,price,2017-09-07 23:00:00,day_ahead
2017-09-08 18:00:00,48.98446692311957,price,2017-09-07 23:00:00,day_ahead
2017-09-08 19:00:00,49.404479135033355,price,2017-09-07 23:00:00,day_ahead
2017-09-08 20:00:00,48.34533570198885,price,2017-09-07 23:00:00,day_ahead
2017-09-08 21:00:00,46.257637113566126,price,2017-09-07 23:00:00,day_ahead
2017-09-08 22:00:00,43.85755231916318,price,2017-09-07 23:00:00,day_ahead
2017-09-08 23:00:00,41.618148291291334,price,2017-09-07 23:00:00,day_ahead
2017-09-09 00:00:00,39.82304964597415,price,2017-09-08 23:00:00,day_ahead
2017-09-09 01:00:00,38.17028102373456,price,2017-09-08 23:00:00,day_ahead
2017-09-09 02:00:00,37.134025359943024,price,2017-09-08 23:00:00,day_ahead
2017-09-09 03:00:00,37.15473396240229,price,2017-09-08 23:00:00,day_ahead
2017-09-09 04:00:00,38.42443294057212,price,2017-09-08 23:00:00,day_ahead
2017-09-09 05:00:00,40.56605456027893,price,2017-09-08 23:00:00,day_ahead
2017-09-09 06:00:00,42.762412415327724,price,2017-09-08 23:00:00,day_ahead
2017-09-09 07:00:00,44.26365752035992,price,2017-09-08 23:00:00,day_ahead
2017-09-09 08:00:00,44.82642629711348,price,2017-09-08 23:00:00,day_ahead
2017-09-09 09:00:00,44.70332027834136,price,2017-09-08 23:00:00,day_ahead
2017-09-09 10:00:00,44.243836333509925,price,2017-09-08 23:00:00,day_ahead
2017-09-09 11:00:00,43.54124406067372,price,2017-09-08 23:00:00,day_ahead
2017-09-09 12:00:00,42.48638342147748,price,2017-09-08 23:00:00,day_ahead
2017-09-09 13:00:00,41.14344874179417,price,2017-09-08 23:00:00,day_ahead
2017-09-09 14:00:00,40.0002962157056,price,2017-09-08 23:00:00,day_ahead
2017-09-09 15:00:00,39.74557568838427,price,2017-09-08 23:00:00,day_ahead
2017-09-09 16:00:00,40.70255913337282,price,2017-09-08 23:00:00,day_ahead
2017-09-09 17:00:00,42.432495591014366,price,2017-09-08 23:00:00,day_ahead
2017-09-09 18:00:00,43.91558184448141,price,2017-09-08 23:00:00,day_ahead
2017-09-09 19:00:00,44.20684101768152,price,2017-09-08 23:00:00,day_ahead
2017-09-09 20:00:00,43.03148131708991,price,2017-09-08 23:00:00,day_ahead
2017-09-09 21:00:00,40.844318148698044,price,2017-09-08 23:00:00,day_ahead
2017-09-09 22:00:00,38.36984634934237,price,2017-09-08 23:00:00,day_ahead
2017-09-09 23:00:00,36.08882430451759,price,2017-09-08 23:00:00,day_ahead
2017-09-10 00:00:00,63.3988847659261,price,2017-09-09 23:00:00,day_ahead
2017-09-10 01:00:00,64.6206620736333,price,2017-09-09 23:00:00,day_ahead
2017-09-10 02:00:00,65.500988981548,price,2017-09-09 23:00:00,day_ahead
2017-09-10 03:00:00,65.68923986464193,price,2017-09-09 23:00:00,day_ahead
2017-09-10 04:00:00,64.90667360073449,price,2017-09-09 23:00:00,day_ahead
2017-09-10 05:00:00,63.28650434989079,price,2017-09-09 23:00:00,day_ahead
2017-09-10 06:00:00,61.39803415157526,price,2017-09-09 23:00:00,day_ahead
2017-09-10 07:00:00,59.89878258800543,price,2017-09-09 23:00:00,day_ahead
2017-09-10 08:00:00,59.122306780404735,price,2017-09-09 23:00:00,day_ahead
2017-09-10 09:00:00,58.96644902211863,price,2017-09-09 23:00:00,day_ahead
2017-09-10 10:00:00,59.14316396588381,price,2017-09-09 23:00:00,day_ahead
2017-09-10 11:00:00,59.49743880669663,price,2017-09-09 23:00:00,day_ahead
2017-09-10 12:00:00,60.05820666547169,price,2017-09-09 23:00:00,day_ahead
2017-09-10 13:00:00,60.79108046639458,price,2017-09-09 23:00:00,day_ahead
2017-09-10 14:00:00,61.362401910974775,price,2017-09-09 23:00:00,day_ahead
2017-09-10 15:00:00,61.23910980385557,price,2017-09-09 23:00:00,day_ahead
2017-09-10 16:00:00,60.10937883908625,price,2017-09-09 23:00:00,day_ahead
2017-09-10 17:00:00,58.2511260837545,price,2017-09-09 23:00:00,day_ahead
2017-09-10 18:00:00,56.46903176699489,price,2017-09-09 23:00:00,day_ahead
2017-09-10 19:00:00,55.59481575255289,price,2017-09-09 23:00:00,day_ahead
2017-09-10 20:00:00,55.94932074623178,price,2017-09-09 23:00:00,day_ahead
2017-09-10 21:00:00,57.20762572716881,price,2017-09-09 23:00:00,day_ahead
2017-09-10 22:00:00,58.74416413867123,price,2017-09-09 23:00:00,day_ahead
2017-09-10 23:00:00,60.11089306220175,price,2017-09-09 23:00:00,day_ahead
2017-09-11 00:00:00,36.66441487568108,price,2017-09-10 23:00:00,day_ahead
2017-09-11 01:00:00,35.47479311127677,price,2017-09-10 23:00:00,day_ahead
2017-09-11 02:00:00,34.91641194054502,price,2017-09-10 23:00:00,day_ahead
2017-09-11 03:00:00,35.4286104349012,price,2017-09-10 23:00:00,day_ahead
2017-09-11 04:00:00,37.20230159306142,price,2017-09-10 23:00:00,day_ahead
2017-09-11 05:00:00,39.85744069359111,price,2017-09-10 23:00:00,day_ahead
2017-09-11 06:00:00,42.57141297097898,price,2017-09-10 23:00:00,day_ahead
2017-09-11 07:00:00,44.587906122314166,price,2017-09-10 23:00:00,day_ahead
2017-09-11 08:00:00,45.65822014932532,price,2017-09-10 23:00:00,day_ahead
2017-09-11 09:00:00,46.03174736808867,price,2017-09-10 23:00:00,day_ahead
2017-09-11 10:00:00,46.05612676242323,price,2017-09-10 23:00:00,day_ahead
2017-09-11 11:00:00,45.82278364013806,price,2017-09-10 23:00:00,day_ahead
2017-09-11 12:00:00,45.22047519814075,price,2017-09-10 23:00:00,day_ahead
2017-09-11 13:00:00,44.312146664675204,price,2017-09-10 23:00:00,day_ahead
2017-09-11 14:00:00,43.58614214736458,price,2017-09-10 23:00:00,day_ahead
2017-09-11 15:00:00,43.73244708422737,price,2017-09-10 23:00:00,day_ahead
2017-09-11 16:00:00,45.07398318035269,price,2017-09-10 23:00:00,day_ahead
2017-09-11 17:00:00,47.1678870391366,price,2017-09-10 23:00:00,day_ahead
2017-09-11 18:00:00,48.987031140790315,price,2017-09-10 23:00:00,day_ahead
2017-09-11 19:00:00,49.5791369711402,price,2017-09-10 23:00:00,day_ahead
2017-09-11 20:00:00,48.665702066752395,price,2017-09-10 23:00:00,day_ahead
2017-09-11 21:00:00,46.70256150054822,price,2017-09-10 23:00:00,day_ahead
2017-09-11 22:00:00,44.417953556640185,price,2017-09-10 23:00:00,day_ahead
2017-09-11 23:00:00,42.295874958361374,price,2017-09-10 23:00:00,day_ahead
2017-09-12 00:00:00,72.92918958920772,price,2017-09-11 23:00:00,day_ahead
2017-09-12 01:00:00,74.07301599159513,price,2017-09-11 23:00:00,day_ahead
2017-09-12 02:00:00,74.88716895703698,price,2017-09-11 23:00:00,day_ahead
2017-09-12 03:00:00,74.99469248698337,price,2017-09-11 23:00:00,day_ahead
2017-09-12 04:00:00,74.18175251041504,price,2017-09-11 23:00:00,day_ahead
2017-09-12 05:00:00,72.67114557052628,price,2017-09-11 23:00:00,day_ahead
2017-09-12 06:00:00,71.04817095591521,price,2017-09-11 23:00:00,day_ahead
2017-09-12 07:00:00,69.88287916530494,price,2017-09-11 23:00:00,day_ahead
2017-09-12 08:00:00,69.3856061045481,price,2017-09-11 23:00:00,day_ahead
2017-09-12 09:00:00,69.39245310247775,price,2017-09-11 23:00:00,day_ahead
2017-09-12 10:00:00,69.64796885527603,price,2017-09-11 23:00:00,day_ahead
2017-09-12 11:00:00,70.06793364418715,price,2017-09-11 23:00:00,day_ahead
2017-09-12 12:00:00,70.71189603164804,price,2017-09-11 23:00:00,day_ahead
2017-09-12 13:00:00,71.5212140545204,price,2017-09-11 23:00:00,day_ahead
2017-09-12 14:00:00,72.14585711942618,price,2017-09-11 23:00:00,day_ahead
2017-09-12 15:00:00,72.11034744392074,price,2017-09-11 23:00:00,day_ahead
2017-09-12 16:00:00,71.21925175645052,price,2017-09-11 23:00:00,day_ahead
2017-09-12 17:00:00,69.82654123570872,price,2017-09-11 23:00:00,day_ahead
2017-09-12 18:00:00,68.67955480012483,price,2017-09-11 23:00:00,day_ahead
2017-09-12 19:00:00,68.42987774439699,price,2017-09-11 23:00:00,day_ahead
2017-09-12 20:00:00,69.21562064970546,price,2017-09-11 23:00:00,day_ahead
2017-09-12 21:00:00,70.65749696893977,price,2017-09-11 23:00:00,day_ahead
2017-09-12 22:00:00,72.23166940747849,price,2017-09-11 23:00:00,day_ahead
2017-09-12 23:00:00,73.650523007653,price,2017-09-11 23:00:00,day_ahead
2017-09-13 00:00:00,39.53621441672738,price,2017-09-12 23:00:00,day_ahead
2017-09-13 01:00:00,38.030815581285886,price,2017-09-12 23:00:00,day_ahead
2017-09-13 02:00:00,37.17756816017722,price,2017-09-12 23:00:00,day_ahead
2017-09-13 03:00:00,37.42360071116123,price,2017-09-12 23:00:00,day_ahead
2017-09-13 04:00:00,38.96286562387893,price,2017-09-12 23:00:00,day_ahead
2017-09-13 05:00:00,41.40928421884313,price,2017-09-12 23:00:00,day_ahead
2017-09-13 06:00:00,43.92760125395705,price,2017-09-12 23:00:00,day_ahead
2017-09-13 07:00:00,45.75025381215196,price,2017-09-12 23:00:00,day_ahead
2017-09-13 08:00:00,46.625334242798615,price,2017-09-12 23:00:00,day_ahead
2017-09-13 09:00:00,46.8066411211399,price,2017-09-12 23:00:00,day_ahead
2017-09-13 10:00:00,46.647461118065706,price,2017-09-12 23:00:00,day_ahead
2017-09-13 11:00:00,46.240661865909,price,2017-09-12 23:00:00,day_ahead
2017-09-13 12:00:00,45.47332404001084,price,2017-09-12 23:00:00,day_ahead
2017-09-13 13:00:00,44.40975104873786,price,2017-09-12 23:00:00,day_ahead
2017-09-13 14:00:00,43.54669815021129,price,2017-09-12 23:00:00,day_ahead
2017-09-13 15:00:00,43.58588894623569,price,2017-09-12 23:00:00,day_ahead
2017-09-13 16:00:00,44.855880150167806,price,2017-09-12 23:00:00,day_ahead
2017-09-13 17:00:00,46.906493760221174,price,2017-09-12 23:00:00,day_ahead
2017-09-13 18:00:00,48.69287566661271,price,2017-09-12 23:00:00,day_ahead
2017-09-13 19:00:00,49.245218649314175,price,2017-09-12 23:00:00,day_ahead
2017-09-13 20:00:00,48.27791856696763,price,2017-09-12 23:00:00,day_ahead
2017-09-13 21:00:00,46.25208678975042,price,2017-09-12 23:00:00,day_ahead
2017-09-13 22:00:00,43.90697844722636,price,2017-09-12 23:00:00,day_ahead
2017-09-13 23:00:00,41.73510215115047,price,2017-09-12 23:00:00,day_ahead
2017-09-14 00:00:00,40.29921936618266,price,2017-09-13 23:00:00,day_ahead
2017-09-14 01:00:00,38.76594287950808,price,2017-09-13 23:00:00,day_ahead
2017-09-14 02:00:00,37.87623878691765,price,2017-09-13 23:00:00,day_ahead
2017-09-14 03:00:00,38.079669662366875,price,2017-09-13 23:00:00,day_ahead
2017-09-14 04:00:00,39.57216877537597,price,2017-09-13 23:00:00,day_ahead
2017-09-14 05:00:00,41.96752132613648,price,2017-09-13 23:00:00,day_ahead
2017-09-14 06:00:00,44.42834420318094,price,2017-09-13 23:00:00,day_ahead
2017-09-14 07:00:00,46.18501639063267,price,2017-09-13 23:00:00,day_ahead
2017-09-14 08:00:00,46.985791954367244,price,2017-09-13 23:00:00,day_ahead
2017-09-14 09:00:00,47.08708438984664,price,2017-09-13 23:00:00,day_ahead
2017-09-14 10:00:00,46.8454402910527,price,2017-09-13 23:00:00,day_ahead
2017-09-14 11:00:00,46.35568475653597,price,2017-09-13 23:00:00,day_ahead
2017-09-14 12:00:00,45.50546687986007,price,2017-09-13 23:00:00,day_ahead
2017-09-14 13:00:00,44.36007119290437,price,2017-09-13 23:00:00,day_ahead
2017-09-14 14:00:00,43.41930089276877,price,2017-09-13 23:00:00,day_ahead
2017-09-14 15:00:00,43.38944301443779,price,2017-09-13 23:00:00,day_ahead
2017-09-14 16:00:00,44.602459428264766,price,2017-09-13 23:00:00,day_ahead
2017-09-14 17:00:00,46.60793870243548,price,2017-09-13 23:00:00,day_ahead
2017-09-14 18:00:00,48.357267229393855,price,2017-09-13 23:00:00,day_ahead
2017-09-14 19:00:00,48.87621014874349,price,2017-09-13 23:00:00,day_ahead
2017-09-14 20:00:00,47.87734738920295,price,2017-09-13 23:00:00,day_ahead
2017-09-14 21:00:00,45.823611235120374,price,2017-09-13 23:00:00,day_ahead
2017-09-14 22:00:00,43.45789213321065,price,2017-09-13 23:00:00,day_ahead
2017-09-14 23:00:00,41.275390193992514,price,2017-09-13 23:00:00,day_ahead
2017-09-15 00:00:00,25.832482058256982,price,2017-09-14 23:00:00,day_ahead
2017-09-15 01:00:00,25.312772330211164,price,2017-09-14 23:00:00,day_ahead
2017-09-15 02:00:00,24.94175134935384,price,2017-09-14 23:00:00,day_ahead
2017-09-15 03:00:00,24.803132906218337,price,2017-09-14 23:00:00,day_ahead
2017-09-15 04:00:00,24.948187516188693,price,2017-09-14 23:00:00,day_ahead
2017-09-15 05:00:00,25.310937488833964,price,2017-09-14 23:00:00,day_ahead
2017-09-15 06:00:00,25.71322837481943,price,2017-09-14 23:00:00,day_ahead
2017-09-15 07:00:00,25.96906343856362,price,2017-09-14 23:00:00,day_ahead
2017-09-15 08:00:00,25.997227896344246,price,2017-09-14 23:00:00,day_ahead
2017-09-15 09:00:00,25.841473848273747,price,2017-09-14 23:00:00,day_ahead
2017-09-15 10:00:00,25.588924279941,price,2017-09-14 23:00:00,day_ahead
2017-09-15 11:00:00,25.277168057537775,price,2017-09-14 23:00:00,day_ahead
2017-09-15 12:00:00,24.886891989759174,price,2017-09-14 23:00:00,day_ahead
2017-09-15 13:00:00,24.422712455178697,price,2017-09-14 23:00:00,day_ahead
2017-09-15 14:00:00,23.986174324323063,price,2017-09-14 23:00:00,day_ahead
2017-09-15 15:00:00,23.744531384274204,price,2017-09-14 23:00:00,day_ahead
2017-09-15 16:00:00,23.801837166718606,price,2017-09-14 23:00:00,day_ahead
2017-09-15 17:00:00,24.084600665299686,price,2017-09-14 23:00:00,day_ahead
2017-09-15 18:00:00,24.355566809254146,price,2017-09-14 23:00:00,day_ahead
2017-09-15 19:00:00,24.359256900853648,price,2017-09-14 23:00:00,day_ahead
2017-09-15 20:00:00,23.98425447198356,price,2017-09-14 23:00:00,day_ahead
2017-09-15 21:00:00,23.312557788220094,price,2017-09-14 23:00:00,day_ahead
2017-09-15 22:00:00,22.528886181475155,price,2017-09-14 23:00:00,day_ahead
2017-09-15 23:00:00,21.784135701891596,price,2017-09-14 23:00:00,day_ahead
2017-09-16 00:00:00,38.67968703749962,price,2017-09-15 23:00:00,day_ahead
2017-09-16 01:00:00,36.986740101668694,price,2017-09-15 23:00:00,day_ahead
2017-09-16 02:00:00,35.92818223346733,price,2017-09-15 23:00:00,day_ahead
2017-09-16 03:00:00,35.95445741694364,price,2017-09-15 23:00:00,day_ahead
2017-09-16 04:00:00,37.2626233484952,price,2017-09-15 23:00:00,day_ahead
2017-09-16 05:00:00,39.46727946650502,price,2017-09-15 23:00:00,day_ahead
2017-09-16 06:00:00,41.73126952945397,price,2017-09-15 23:00:00,day_ahead
2017-09-16 07:00:00,43.28476498463177,price,2017-09-15 23:00:00,day_ahead
2017-09-16 08:00:00,43.87578539899931,price,2017-09-15 23:00:00,day_ahead
2017-09-16 09:00:00,43.76084298845031,price,2017-09-15 23:00:00,day_ahead
2017-09-16 10:00:00,43.297065620247956,price,2017-09-15 23:00:00,day_ahead
2017-09-16 11:00:00,42.580331096644514,price,2017-09-15 23:00:00,day_ahead
2017-09-16 12:00:00,41.4997600514091,price,2017-09-15 23:00:00,day_ahead
2017-09-16 13:00:00,40.12244918112311,price,2017-09-15 23:00:00,day_ahead
2017-09-16 14:00:00,38.95016622414956,price,2017-09-15 23:00:00,day_ahead
2017-09-16 15:00:00,38.6909981460272,price,2017-09-15 23:00:00,day_ahead
2017-09-16 16:00:00,39.678263006271486,price,2017-09-15 23:00:00,day_ahead
2017-09-16 17:00:00,41.46247127313576,price,2017-09-15 23:00:00,day_ahead
2017-09-16 18:00:00,42.99587483173707,price,2017-09-15 23:00:00,day_ahead
2017-09-16 19:00:00,43.30555596149464,price,2017-09-15 23:00:00,day_ahead
2017-09-16 20:00:00,42.106096186945614,price,2017-09-15 23:00:00,day_ahead
2017-09-16 21:00:00,39.862849399199376,price,2017-09-15 23:00:00,day_ahead
2017-09-16 22:00:00,37.32097628033958,price,2017-09-15 23:00:00,day_ahead
2017-09-16 23:00:00,34.977387577357526,price,2017-09-15 23:00:00,day_ahead
2017-09-17 00:00:00,33.56291413618801,price,2017-09-16 23:00:00,day_ahead
2017-09-17 01:00:00,31.913297077189483,price,2017-09-16 23:00:00,day_ahead
2017-09-17 02:00:00,30.935051886466635,price,2017-09-16 23:00:00,day_ahead
2017-09-17 03:00:00,31.07956714644313,price,2017-09-16 23:00:00,day_ahead
2017-09-17 04:00:00,32.544623476672214,price,2017-09-16 23:00:00,day_ahead
2017-09-17 05:00:00,34.94485894621215,price,2017-09-16 23:00:00,day_ahead
2017-09-17 06:00:00,37.44202470950774,price,2017-09-16 23:00:00,day_ahead
2017-09-17 07:00:00,39.2641069247688,price,2017-09-16 23:00:00,day_ahead
2017-09-17 08:00:00,40.15640911647008,price,2017-09-16 23:00:00,day_ahead
2017-09-17 09:00:00,40.37286285920973,price,2017-09-16 23:00:00,day_ahead
2017-09-17 10:00:00,40.268456144775506,price,2017-09-16 23:00:00,day_ahead
2017-09-17 11:00:00,39.93722257358586,price,2017-09-16 23:00:00,day_ahead
2017-09-17 12:00:00,39.26644116572713,price,2017-09-16 23:00:00,day_ahead
2017-09-17 13:00:00,38.321249205309925,price,2017-09-16 23:00:00,day_ahead
2017-09-17 14:00:00,37.60137771870681,price,2017-09-16 23:00:00,day_ahead
2017-09-17 15:00:00,37.81270577792666,price,2017-09-16 23:00:00,day_ahead
2017-09-17 16:00:00,39.28575870377324,price,2017-09-16 23:00:00,day_ahead
2017-09-17 17:00:00,41.56716512805382,price,2017-09-16 23:00:00,day_ahead
2017-09-17 18:00:00,43.604112447226875,price,2017-09-16 23:00:00,day_ahead
2017-09-17 19:00:00,44.418038895562766,price,2017-09-16 23:00:00,day_ahead
2017-09-17 20:00:00,43.71832215750451,price,2017-09-16 23:00:00,day_ahead
2017-09-17 21:00:00,41.9663108035688,price,2017-09-16 23:00:00,day_ahead
2017-09-17 22:00:00,39.90434818215402,price,2017-09-16 23:00:00,day_ahead
2017-09-17 23:00:00,38.02704476876348,price,2017-09-16 23:00:00,day_ahead
2017-09-18 00:00:00,17.745173298189545,price,2017-09-17 23:00:00,day_ahead
2017-09-18 01:00:00,17.26327655483613,price,2017-09-17 23:00:00,day_ahead
2017-09-18 02:00:00,16.990344210715527,price,2017-09-17 23:00:00,day_ahead
2017-09-18 03:00:00,17.00340378675288,price,2017-09-17 23:00:00,day_ahead
2017-09-18 04:00:00,17.357634159002682,price,2017-09-17 23:00:00,day_ahead
2017-09-18 05:00:00,17.974714207883995,price,2017-09-17 23:00:00,day_ahead
2017-09-18 06:00:00,18.632551759350264,price,2017-09-17 23:00:00,day_ahead
2017-09-18 07:00:00,19.089898536443016,price,2017-09-17 23:00:00,day_ahead
2017-09-18 08:00:00,19.23798641241205,price,2017-09-17 23:00:00,day_ahead
2017-09-18 09:00:00,19.138011978714953,price,2017-09-17 23:00:00,day_ahead
2017-09-18 10:00:00,18.9151013046004,price,2017-09-17 23:00:00,day_ahead
2017-09-18 11:00:00,18.623334762860647,price,2017-09-17 23:00:00,day_ahead
2017-09-18 12:00:00,18.22393288280307,price,2017-09-17 23:00:00,day_ahead
2017-09-18 13:00:00,17.69806905702483,price,2017-09-17 23:00:00,day_ahead
2017-09-18 14:00:00,17.167554492971806,price,2017-09-17 23:00:00,day_ahead
2017-09-18 15:00:00,16.874286496865206,price,2017-09-17 23:00:00,day_ahead
2017-09-18 16:00:00,17.00341028123669,price,2017-09-17 23:00:00,day_ahead
2017-09-18 17:00:00,17.498050203625443,price,2017-09-17 23:00:00,day_ahead
2017-09-18 18:00:00,18.042727338378143,price,2017-09-17 23:00:00,day_ahead
2017-09-18 19:00:00,18.251836948780937,price,2017-09-17 23:00:00,day_ahead
2017-09-18 20:00:00,17.917631262959105,price,2017-09-17 23:00:00,day_ahead
2017-09-18 21:00:00,17.119931264538074,price,2017-09-17 23:00:00,day_ahead
2017-09-18 22:00:00,16.125140919571635,price,2017-09-17 23:00:00,day_ahead
2017-09-18 23:00:00,15.184672400487644,price,2017-09-17 23:00:00,day_ahead
2017-09-19 00:00:00,41.44216850628992,price,2017-09-18 23:00:00,day_ahead
2017-09-19 01:00:00,39.88998387997807,price,2017-09-18 23:00:00,day_ahead
2017-09-19 02:00:00,38.982363637413314,price,2017-09-18 23:00:00,day_ahead
2017-09-19 03:00:00,39.1759386910066,price,2017-09-18 23:00:00,day_ahead
2017-09-19 04:00:00,40.6707662496042,price,2017-09-18 23:00:00,day_ahead
2017-09-19 05:00:00,43.077259672607745,price,2017-09-18 23:00:00,day_ahead
2017-09-19 06:00:00,45.548509373486006,price,2017-09-18 23:00:00,day_ahead
2017-09-19 07:00:00,47.30570111334246,price,2017-09-18 23:00:00,day_ahead
2017-09-19 08:00:00,48.09401656554271,price,2017-09-18 23:00:00,day_ahead
2017-09-19 09:00:00,48.172923101071184,price,2017-09-18 23:00:00,day_ahead
2017-09-19 10:00:00,47.90314080121079,price,2017-09-18 23:00:00,day_ahead
2017-09-19 11:00:00,47.38049656311809,price,2017-09-18 23:00:00,day_ahead
2017-09-19 12:00:00,46.49158119460939,price,2017-09-18 23:00:00,day_ahead
2017-09-19 13:00:00,45.303739815225114,price,2017-09-18 23:00:00,day_ahead
2017-09-19 14:00:00,44.325054011699784,price,2017-09-18 23:00:00,day_ahead
2017-09-19 15:00:00,44.272711296756235,price,2017-09-18 23:00:00,day_ahead
2017-09-19 16:00:00,45.48394727539279,price,2017-09-18 23:00:00,day_ahead
2017-09-19 17:00:00,47.50237745579354,price,2017-09-18 23:00:00,day_ahead
2017-09-19 18:00:00,49.26486935905033,price,2017-09-18 23:00:00,day_ahead
2017-09-19 19:00:00,49.783600397966005,price,2017-09-18 23:00:00,day_ahead
2017-09-19 20:00:00,48.76710065934596,price,2017-09-18 23:00:00,day_ahead
2017-09-19 21:00:00,46.68473451248111,price,2017-09-18 23:00:00,day_ahead
2017-09-19 22:00:00,44.28977008846704,price,2017-09-18 23:00:00,day_ahead
2017-09-19 23:00:00,42.084320250971224,price,2017-09-18 23:00:00,day_ahead
2017-09-20 00:00:00,41.55250994384652,price,2017-09-19 23:00:00,day_ahead
2017-09-20 01:00:00,40.01448301007275,price,2017-09-19 23:00:00,day_ahead
2017-09-20 02:00:00,39.14482773544578,price,2017-09-19 23:00:00,day_ahead
2017-09-20 03:00:00,39.401830158338306,price,2017-09-19 23:00:00,day_ahead
2017-09-20 04:00:00,40.98684991575218,price,2017-09-19 23:00:00,day_ahead
2017-09-20 05:00:00,43.50764444947451,price,2017-09-19 23:00:00,day_ahead
2017-09-20 06:00:00,46.10941005337126,price,2017-09-19 23:00:00,day_ahead
2017-09-20 07:00:00,48.00288745849319,price,2017-09-19 23:00:00,day_ahead
2017-09-20 08:00:00,48.92481075934296,price,2017-09-19 23:00:00,day_ahead
2017-09-20 09:00:00,49.13084310835499,price,2017-09-19 23:00:00,day_ahead
2017-09-20 10:00:00,48.98152883355709,price,2017-09-19 23:00:00,day_ahead
2017-09-20 11:00:00,48.57325994784709,price,2017-09-19 23:00:00,day_ahead
2017-09-20 12:00:00,47.79243766335581,price,2017-09-19 23:00:00,day_ahead
2017-09-20 13:00:00,46.7066159545417,price,2017-09-19 23:00:00,day_ahead
2017-09-20 14:00:00,45.82625783464501,price,2017-09-19 23:00:00,day_ahead
2017-09-20 15:00:00,45.87246045551627,price,2017-09-19 23:00:00,day_ahead
2017-09-20 16:00:00,47.18426933659874,price,2017-09-19 23:00:00,day_ahead
2017-09-20 17:00:00,49.30134400401409,price,2017-09-19 23:00:00,day_ahead
2017-09-20 18:00:00,51.15092300282021,price,2017-09-19 23:00:00,day_ahead
2017-09-20 19:00:00,51.734554325507894,price,2017-09-19 23:00:00,day_ahead
2017-09-20 20:00:00,50.755074373178026,price,2017-09-19 23:00:00,day_ahead
2017-09-20 21:00:00,48.6836550674665,price,2017-09-19 23:00:00,day_ahead
2017-09-20 22:00:00,46.28030581553946,price,2017-09-19 23:00:00,day_ahead
2017-09-20 23:00:00,44.05376668195329,price,2017-09-19 23:00:00,day_ahead
2017-09-21 00:00:00,42.373361936294074,price,2017-09-20 23:00:00,day_ahead
2017-09-21 01:00:00,40.7842175655457,price,2017-09-20 23:00:00,day_ahead
2017-09-21 02:00:00,39.86648419031846,price,2017-09-20 23:00:00,day_ahead
2017-09-21 03:00:00,40.08667243264074,price,2017-09-20 23:00:00,day_ahead
2017-09-21 04:00:00,41.64852566554914,price,2017-09-20 23:00:00,day_ahead
2017-09-21 05:00:00,44.15162369378321,price,2017-09-20 23:00:00,day_ahead
2017-09-21 06:00:00,46.72633703914873,price,2017-09-20 23:00:00,day_ahead
2017-09-21 07:00:00,48.571959622895484,price,2017-09-20 23:00:00,day_ahead
2017-09-21 08:00:00,49.42444961284975,price,2017-09-20 23:00:00,day_ahead
2017-09-21 09:00:00,49.547462127036624,price,2017-09-20 23:00:00,day_ahead
2017-09-21 10:00:00,49.309651465255264,price,2017-09-20 23:00:00,day_ahead
2017-09-21 11:00:00,48.809216685273455,price,2017-09-20 23:00:00,day_ahead
2017-09-21 12:00:00,47.93033372190075,price,2017-09-20 23:00:00,day_ahead
2017-09-21 13:00:00,46.7425560475904,price,2017-09-20 23:00:00,day_ahead
2017-09-21 14:00:00,45.76748973584705,price,2017-09-20 23:00:00,day_ahead
2017-09-21 15:00:00,45.74156349372818,price,2017-09-20 23:00:00,day_ahead
2017-09-21 16:00:00,47.01172741779418,price,2017-09-20 23:00:00,day_ahead
2017-09-21 17:00:00,49.110247915728785,price,2017-09-20 23:00:00,day_ahead
2017-09-21 18:00:00,50.94533818164823,price,2017-09-20 23:00:00,day_ahead
2017-09-21 19:00:00,51.50069554140622,price,2017-09-20 23:00:00,day_ahead
2017-09-21 20:00:00,50.473904119329674,price,2017-09-20 23:00:00,day_ahead
2017-09-21 21:00:00,48.34458293854842,price,2017-09-20 23:00:00,day_ahead
2017-09-21 22:00:00,45.88629833889459,price,2017-09-20 23:00:00,day_ahead
2017-09-21 23:00:00,43.617068274692286,price,2017-09-20 23:00:00,day_ahead
2017-09-22 00:00:00,42.319743800625595,price,2017-09-21 23:00:00,day_ahead
2017-09-22 01:00:00,40.74030449250547,price,2017-09-21 23:00:00,day_ahead
2017-09-22 02:00:00,39.84279074112571,price,2017-09-21 23:00:00,day_ahead
2017-09-22 03:00:00,40.09489981614101,price,2017-09-21 23:00:00,day_ahead
2017-09-22 04:00:00,41.70161108731114,price,2017-09-21 23:00:00,day_ahead
2017-09-22 05:00:00,44.26085671588007,price,2017-09-21 23:00:00,day_ahead
2017-09-22 06:00:00,46.89752468965585,price,2017-09-21 23:00:00,day_ahead
2017-09-22 07:00:00,48.803823402667156,price,2017-09-21 23:00:00,day_ahead
2017-09-22 08:00:00,49.71048949108667,price,2017-09-21 23:00:00,day_ahead
2017-09-22 09:00:00,49.87941113921219,price,2017-09-21 23:00:00,day_ahead
2017-09-22 10:00:00,49.67949349201283,price,2017-09-21 23:00:00,day_ahead
2017-09-22 11:00:00,49.208625344514154,price,2017-09-21 23:00:00,day_ahead
2017-09-22 12:00:00,48.349263960618586,price,2017-09-21 23:00:00,day_ahead
2017-09-22 13:00:00,47.16953229808155,price,2017-09-21 23:00:00,day_ahead
2017-09-22 14:00:00,46.19199493726466,price,2017-09-21 23:00:00,day_ahead
2017-09-22 15:00:00,46.15608083428963,price,2017-09-21 23:00:00,day_ahead
2017-09-22 16:00:00,47.41054205504115,price,2017-09-21 23:00:00,day_ahead
2017-09-22 17:00:00,49.484855060629144,price,2017-09-21 23:00:00,day_ahead
2017-09-22 18:00:00,51.27972764711369,price,2017-09-21 23:00:00,day_ahead
2017-09-22 19:00:00,51.770494016618564,price,2017-09-21 23:00:00,day_ahead
2017-09-22 20:00:00,50.65043393613941,price,2017-09-21 23:00:00,day_ahead
2017-09-22 21:00:00,48.400906630943666,price,2017-09-21 23:00:00,day_ahead
2017-09-22 22:00:00,45.800908658268675,price,2017-09-21 23:00:00,day_ahead
2017-09-22 23:00:00,43.37328073774361,price,2017-09-21 23:00:00,day_ahead
2017-09-23 00:00:00,41.6246817112486,price,2017-09-22 23:00:00,day_ahead
2017-09-23 01:00:00,39.83930814023059,price,2017-09-22 23:00:00,day_ahead
2017-09-23 02:00:00,38.729712027408624,price,2017-09-22 23:00:00,day_ahead
2017-09-23 03:00:00,38.77066536090445,price,2017-09-22 23:00:00,day_ahead
2017-09-23 04:00:00,40.17043419922915,price,2017-09-22 23:00:00,day_ahead
2017-09-23 05:00:00,42.52271061972053,price,2017-09-22 23:00:00,day_ahead
2017-09-23 06:00:00,44.94273620147364,price,2017-09-22 23:00:00,day_ahead
2017-09-23 07:00:00,46.61442262816914,price,2017-09-22 23:00:00,day_ahead
2017-09-23 08:00:00,47.267149817995566,price,2017-09-22 23:00:00,day_ahead
2017-09-23 09:00:00,47.168112753733624,price,2017-09-22 23:00:00,day_ahead
2017-09-23 10:00:00,46.69306465235153,price,2017-09-22 23:00:00,day_ahead
2017-09-23 11:00:00,45.943930622534374,price,2017-09-22 23:00:00,day_ahead
2017-09-23 12:00:00,44.805241742217376,price,2017-09-22 23:00:00,day_ahead
2017-09-23 13:00:00,43.34994813258441,price,2017-09-22 23:00:00,day_ahead
2017-09-23 14:00:00,42.11098369981249,price,2017-09-22 23:00:00,day_ahead
2017-09-23 15:00:00,41.84029808397865,price,2017-09-22 23:00:00,day_ahead
2017-09-23 16:00:00,42.89371704653775,price,2017-09-22 23:00:00,day_ahead
2017-09-23 17:00:00,44.797279311654684,price,2017-09-22 23:00:00,day_ahead
2017-09-23 18:00:00,46.44036235377178,price,2017-09-22 23:00:00,day_ahead
2017-09-23 19:00:00,46.787836575383025,price,2017-09-22 23:00:00,day_ahead
2017-09-23 20:00:00,45.53125051993964,price,2017-09-22 23:00:00,day_ahead
2017-09-23 21:00:00,43.1598344057902,price,2017-09-22 23:00:00,day_ahead
2017-09-23 22:00:00,40.46422119719378,price,2017-09-22 23:00:00,day_ahead
2017-09-23 23:00:00,37.976095691583524,price,2017-09-22 23:00:00,day_ahead
2017-09-24 00:00:00,36.32059811484116,price,2017-09-23 23:00:00,day_ahead
2017-09-24 01:00:00,34.56635437731984,price,2017-09-23 23:00:00,day_ahead
2017-09-24 02:00:00,33.53307647536421,price,2017-09-23 23:00:00,day_ahead
2017-09-24 03:00:00,33.69970064465889,price,2017-09-23 23:00:00,day_ahead
2017-09-24 04:00:00,35.27602939245109,price,2017-09-23 23:00:00,day_ahead
2017-09-24 05:00:00,37.85204317969964,price,2017-09-23 23:00:00,day_ahead
2017-09-24 06:00:00,40.535115507966225,price,2017-09-23 23:00:00,day_ahead
2017-09-24 07:00:00,42.50141552323876,price,2017-09-23 23:00:00,day_ahead
2017-09-24 08:00:00,43.476455628796266,price,2017-09-23 23:00:00,day_ahead
2017-09-24 09:00:00,43.727426063418264,price,2017-09-23 23:00:00,day_ahead
2017-09-24 10:00:00,43.630662315205136,price,2017-09-23 23:00:00,day_ahead
2017-09-24 11:00:00,43.28640070455287,price,2017-09-23 23:00:00,day_ahead
2017-09-24 12:00:00,42.57582420417782,price,2017-09-23 23:00:00,day_ahead
2017-09-24 13:00:00,41.57016550279421,price,2017-09-23 23:00:00,day_ahead
2017-09-24 14:00:00,40.80431722520403,price,2017-09-23 23:00:00,day_ahead
2017-09-24 15:00:00,41.0336417478036,price,2017-09-23 23:00:00,day_ahead
2017-09-24 16:00:00,42.61355120531358,price,2017-09-23 23:00:00,day_ahead
2017-09-24 17:00:00,45.06214460459938,price,2017-09-23 23:00:00,day_ahead
2017-09-24 18:00:00,47.254964441789475,price,2017-09-23 23:00:00,day_ahead
2017-09-24 19:00:00,48.14329024992994,price,2017-09-23 23:00:00,day_ahead
2017-09-24 20:00:00,47.41115441095855,price,2017-09-23 23:00:00,day_ahead
2017-09-24 21:00:00,45.54740290706319,price,2017-09-23 23:00:00,day_ahead
2017-09-24 22:00:00,43.345557140728005,price,2017-09-23 23:00:00,day_ahead
2017-09-24 23:00:00,41.338697777229704,price,2017-09-23 23:00:00,day_ahead
2017-09-25 00:00:00,40.28727514441277,price,2017-09-24 23:00:00,day_ahead
2017-09-25 01:00:00,38.99813591760102,price,2017-09-24 23:00:00,day_ahead
2017-09-25 02:00:00,38.406521643860884,price,2017-09-24 23:00:00,day_ahead
2017-09-25 03:00:00,38.989345119431746,price,2017-09-24 23:00:00,day_ahead
2017-09-25 04:00:00,40.95525391861036,price,2017-09-24 23:00:00,day_ahead
2017-09-25 05:00:00,43.89161465971311,price,2017-09-24 23:00:00,day_ahead
2017-09-25 06:00:00,46.90080633407706,price,2017-09-24 23:00:00,day_ahead
2017-09-25 07:00:00,49.15321642191258,price,2017-09-24 23:00:00,day_ahead
2017-09-25 08:00:00,50.370419953778935,price,2017-09-24 23:00:00,day_ahead
2017-09-25 09:00:00,50.81866529563858,price,2017-09-24 23:00:00,day_ahead
2017-09-25 10:00:00,50.87504957535241,price,2017-09-24 23:00:00,day_ahead
2017-09-25 11:00:00,50.64010036075403,price,2017-09-24 23:00:00,day_ahead
2017-09-25 12:00:00,49.994192141210284,price,2017-09-24 23:00:00,day_ahead
2017-09-25 13:00:00,49.00827221601774,price,2017-09-24 23:00:00,day_ahead
2017-09-25 14:00:00,48.2195072606526,price,2017-09-24 23:00:00,day_ahead
2017-09-25 15:00:00,48.38800724177731,price,2017-09-24 23:00:00,day_ahead
2017-09-25 16:00:00,49.873667059752165,price,2017-09-24 23:00:00,day_ahead
2017-09-25 17:00:00,52.195677544636595,price,2017-09-24 23:00:00,day_ahead
2017-09-25 18:00:00,54.22678886322907,price,2017-09-24 23:00:00,day_ahead
2017-09-25 19:00:00,54.91457200480595,price,2017-09-24 23:00:00,day_ahead
2017-09-25 20:00:00,53.94254298369693,price,2017-09-24 23:00:00,day_ahead
2017-09-25 21:00:00,51.80404882017397,price,2017-09-24 23:00:00,day_ahead
2017-09-25 22:00:00,49.30027634790055,price,2017-09-24 23:00:00,day_ahead
2017-09-25 23:00:00,46.97146022059811,price,2017-09-24 23:00:00,day_ahead
2017-09-26 00:00:00,45.181191601976664,price,2017-09-25 23:00:00,day_ahead
2017-09-26 01:00:00,43.5183436506081,price,2017-09-25 23:00:00,day_ahead
2017-09-26 02:00:00,42.55279096317096,price,2017-09-25 23:00:00,day_ahead
2017-09-26 03:00:00,42.77247249088569,price,2017-09-25 23:00:00,day_ahead
2017-09-26 04:00:00,44.39241283778502,price,2017-09-25 23:00:00,day_ahead
2017-09-26 05:00:00,46.99679951005278,price,2017-09-25 23:00:00,day_ahead
2017-09-26 06:00:00,49.67783885685867,price,2017-09-25 23:00:00,day_ahead
2017-09-26 07:00:00,51.597091285925295,price,2017-09-25 23:00:00,day_ahead
2017-09-26 08:00:00,52.475375615147726,price,2017-09-25 23:00:00,day_ahead
2017-09-26 09:00:00,52.585599524758315,price,2017-09-25 23:00:00,day_ahead
2017-09-26 10:00:00,52.3124514340738,price,2017-09-25 23:00:00,day_ahead
2017-09-26 11:00:00,51.7598259696673,price,2017-09-25 23:00:00,day_ahead
2017-09-26 12:00:00,50.808756102411074,price,2017-09-25 23:00:00,day_ahead
2017-09-26 13:00:00,49.53427839177222,price,2017-09-25 23:00:00,day_ahead
2017-09-26 14:00:00,48.484411518546786,price,2017-09-25 23:00:00,day_ahead
2017-09-26 15:00:00,48.43230430421376,price,2017-09-25 23:00:00,day_ahead
2017-09-26 16:00:00,49.74349338677562,price,2017-09-25 23:00:00,day_ahead
2017-09-26 17:00:00,51.92947126717684,price,2017-09-25 23:00:00,day_ahead
2017-09-26 18:00:00,53.84583406084576,price,2017-09-25 23:00:00,day_ahead
2017-09-26 19:00:00,54.424790225855595,price,2017-09-25 23:00:00,day_ahead
2017-09-26 20:00:00,53.345768020710665,price,2017-09-25 23:00:00,day_ahead
2017-09-26 21:00:00,51.10959158307015,price,2017-09-25 23:00:00,day_ahead
2017-09-26 22:00:00,48.528546809201984,price,2017-09-25 23:00:00,day_ahead
2017-09-26 23:00:00,46.149395924877,price,2017-09-25 23:00:00,day_ahead
2017-09-27 00:00:00,44.40137491044584,price,2017-09-26 23:00:00,day_ahead
2017-09-27 01:00:00,42.75875158720814,price,2017-09-26 23:00:00,day_ahead
2017-09-27 02:00:00,41.83803882860585,price,2017-09-26 23:00:00,day_ahead
2017-09-27 03:00:00,42.128026083286265,price,2017-09-26 23:00:00,day_ahead
2017-09-27 04:00:00,43.8424756608463,price,2017-09-26 23:00:00,day_ahead
2017-09-27 05:00:00,46.560171808380034,price,2017-09-26 23:00:00,day_ahead
2017-09-27 06:00:00,49.3649764718885,price,2017-09-26 23:00:00,day_ahead
2017-09-27 07:00:00,51.410949395260666,price,2017-09-26 23:00:00,day_ahead
2017-09-27 08:00:00,52.41531037437955,price,2017-09-26 23:00:00,day_ahead
2017-09-27 09:00:00,52.65088893752502,price,2017-09-26 23:00:00,day_ahead
2017-09-27 10:00:00,52.50263067736052,price,2017-09-26 23:00:00,day_ahead
2017-09-27 11:00:00,52.072410742900566,price,2017-09-26 23:00:00,day_ahead
2017-09-27 12:00:00,51.237642232285246,price,2017-09-26 23:00:00,day_ahead
2017-09-27 13:00:00,50.07135162582703,price,2017-09-26 23:00:00,day_ahead
2017-09-27 14:00:00,49.12334943296286,price,2017-09-26 23:00:00,day_ahead
2017-09-27 15:00:00,49.17076939754622,price,2017-09-26 23:00:00,day_ahead
2017-09-27 16:00:00,50.5808455445282,price,2017-09-26 23:00:00,day_ahead
2017-09-27 17:00:00,52.86110576061268,price,2017-09-26 23:00:00,day_ahead
2017-09-27 18:00:00,54.85855532537823,price,2017-09-26 23:00:00,day_ahead
2017-09-27 19:00:00,55.4970662158782,price,2017-09-26 23:00:00,day_ahead
2017-09-27 20:00:00,54.45272317270009,price,2017-09-26 23:00:00,day_ahead
2017-09-27 21:00:00,52.22886025580476,price,2017-09-26 23:00:00,day_ahead
2017-09-27 22:00:00,49.64297598597692,price,2017-09-26 23:00:00,day_ahead
2017-09-27 23:00:00,47.24590524006724,price,2017-09-26 23:00:00,day_ahead
2017-09-28 00:00:00,45.606849995376976,price,2017-09-27 23:00:00,day_ahead
2017-09-28 01:00:00,43.920129069683846,price,2017-09-27 23:00:00,day_ahead
2017-09-28 02:00:00,42.94937840776035,price,2017-09-27 23:00:00,day_ahead
2017-09-28 03:00:00,43.18862907031389,price,2017-09-27 23:00:00,day_ahead
2017-09-28 04:00:00,44.85440551355539,price,2017-09-27 23:00:00,day_ahead
2017-09-28 05:00:00,47.52303990499159,price,2017-09-27 23:00:00,day_ahead
2017-09-28 06:00:00,50.27216348312783,price,2017-09-27 23:00:00,day_ahead
2017-09-28 07:00:00,52.250489267144324,price,2017-09-27 23:00:00,day_ahead
2017-09-28 08:00:00,53.17453799764049,price,2017-09-27 23:00:00,day_ahead
2017-09-28 09:00:00,53.320726393770734,price,2017-09-27 23:00:00,day_ahead
2017-09-28 10:00:00,53.07824856859377,price,2017-09-27 23:00:00,day_ahead
2017-09-28 11:00:00,52.55100243627999,price,2017-09-27 23:00:00,day_ahead
2017-09-28 12:00:00,51.617046901486255,price,2017-09-27 23:00:00,day_ahead
2017-09-28 13:00:00,50.35212264995801,price,2017-09-27 23:00:00,day_ahead
2017-09-28 14:00:00,49.31269619018322,price,2017-09-27 23:00:00,day_ahead
2017-09-28 15:00:00,49.283918392576936,price,2017-09-27 23:00:00,day_ahead
2017-09-28 16:00:00,50.63696669208766,price,2017-09-27 23:00:00,day_ahead
2017-09-28 17:00:00,52.875800503004726,price,2017-09-27 23:00:00,day_ahead
2017-09-28 18:00:00,54.8384147913947,price,2017-09-27 23:00:00,day_ahead
2017-09-28 19:00:00,55.440487096634705,price,2017-09-27 23:00:00,day_ahead
2017-09-28 20:00:00,54.35608445405419,price,2017-09-27 23:00:00,day_ahead
2017-09-28 21:00:00,52.09297205151286,price,2017-09-27 23:00:00,day_ahead
2017-09-28 22:00:00,49.47517868816408,price,2017-09-27 23:00:00,day_ahead
2017-09-28 23:00:00,47.05760727909768,price,2017-09-27 23:00:00,day_ahead
2017-09-29 00:00:00,45.27839751387444,price,2017-09-28 23:00:00,day_ahead
2017-09-29 01:00:00,43.59650316078802,price,2017-09-28 23:00:00,day_ahead
2017-09-29 02:00:00,42.64506344683638,price,2017-09-28 23:00:00,day_ahead
2017-09-29 03:00:00,42.921739961889585,price,2017-09-28 23:00:00,day_ahead
2017-09-29 04:00:00,44.64384916554714,price,2017-09-28 23:00:00,day_ahead
2017-09-29 05:00:00,47.38239886499084,price,2017-09-28 23:00:00,day_ahead
2017-09-29 06:00:00,50.205047360151084,price,2017-09-28 23:00:00,day_ahead
2017-09-29 07:00:00,52.25120535228413,price,2017-09-28 23:00:00,day_ahead
2017-09-29 08:00:00,53.23322630261513,price,2017-09-28 23:00:00,day_ahead
2017-09-29 09:00:00,53.428243640009526,price,2017-09-28 23:00:00,day_ahead
2017-09-29 10:00:00,53.22689270850263,price,2017-09-28 23:00:00,day_ahead
2017-09-29 11:00:00,52.731752327825404,price,2017-09-28 23:00:00,day_ahead
2017-09-29 12:00:00,51.81762749807181,price,2017-09-28 23:00:00,day_ahead
2017-09-29 13:00:00,50.559123181306184,price,2017-09-28 23:00:00,day_ahead
2017-09-29 14:00:00,49.51621996453071,price,2017-09-28 23:00:00,day_ahead
2017-09-29 15:00:00,49.479727476540646,price,2017-09-28 23:00:00,day_ahead
2017-09-29 16:00:00,50.822638437032275,price,2017-09-28 23:00:00,day_ahead
2017-09-29 17:00:00,53.04285917090859,price,2017-09-28 23:00:00,day_ahead
2017-09-29 18:00:00,54.96656043658076,price,2017-09-28 23:00:00,day_ahead
2017-09-29 19:00:00,55.498774211297736,price,2017-09-28 23:00:00,day_ahead
2017-09-29 20:00:00,54.310212001054055,price,2017-09-28 23:00:00,day_ahead
2017-09-29 21:00:00,51.912980870667184,price,2017-09-28 23:00:00,day_ahead
2017-09-29 22:00:00,49.138234784364656,price,2017-09-28 23:00:00,day_ahead
2017-09-29 23:00:00,46.54553840767962,price,2017-09-28 23:00:00,day_ahead
2017-09-30 00:00:00,44.74843644904832,price,2017-09-29 23:00:00,day_ahead
2017-09-30 01:00:00,42.84820639445889,price,2017-09-29 23:00:00,day_ahead
2017-09-30 02:00:00,41.669638612944716,price,2017-09-29 23:00:00,day_ahead
2017-09-30 03:00:00,41.718657512590816,price,2017-09-29 23:00:00,day_ahead
2017-09-30 04:00:00,43.21725999581049,price,2017-09-29 23:00:00,day_ahead
2017-09-30 05:00:00,45.73252583235005,price,2017-09-29 23:00:00,day_ahead
2017-09-30 06:00:00,48.32155942204111,price,2017-09-29 23:00:00,day_ahead
2017-09-30 07:00:00,50.11442434198476,price,2017-09-29 23:00:00,day_ahead
2017-09-30 08:00:00,50.822066782596345,price,2017-09-29 23:00:00,day_ahead
2017-09-30 09:00:00,50.72792629567315,price,2017-09-29 23:00:00,day_ahead
2017-09-30 10:00:00,50.230503924508746,price,2017-09-29 23:00:00,day_ahead
2017-09-30 11:00:00,49.43648098250395,price,2017-09-29 23:00:00,day_ahead
2017-09-30 12:00:00,48.22201337037534,price,2017-09-29 23:00:00,day_ahead
2017-09-30 13:00:00,46.66618043829764,price,2017-09-29 23:00:00,day_ahead
2017-09-30 14:00:00,45.340274455457944,price,2017-09-29 23:00:00,day_ahead
2017-09-30 15:00:00,45.04948569363717,price,2017-09-29 23:00:00,day_ahead
2017-09-30 16:00:00,46.17520872418487,price,2017-09-29 23:00:00,day_ahead
2017-09-30 17:00:00,48.21155831698682,price,2017-09-29 23:00:00,day_ahead
2017-09-30 18:00:00,49.97166634089521,price,2017-09-29 23:00:00,day_ahead
2017-09-30 19:00:00,50.34863218037913,price,2017-09-29 23:00:00,day_ahead
2017-09-30 20:00:00,49.011618180496384,price,2017-09-29 23:00:00,day_ahead
2017-09-30 21:00:00,46.482348605285864,price,2017-09-29 23:00:00,day_ahead
2017-09-30 22:00:00,43.60543092768337,price,2017-09-29 23:00:00,day_ahead
2017-09-30 23:00:00,40.94967434119201,price,2017-09-29 23:00:00,day_ahead
2017-10-01 00:00:00,39.11876726398592,price,2017-09-30 23:00:00,day_ahead
2017-10-01 01:00:00,37.271936233878506,price,2017-09-30 23:00:00,day_ahead
2017-10-01 02:00:00,36.18416177015934,price,2017-09-30 23:00:00,day_ahead
2017-10-01 03:00:00,36.361577956792544,price,2017-09-30 23:00:00,day_ahead
2017-10-01 04:00:00,38.027526042929466,price,2017-09-30 23:00:00,day_ahead
2017-10-01 05:00:00,40.75053567267224,price,2017-09-30 23:00:00,day_ahead
2017-10-01 06:00:00,43.58819803790141,price,2017-09-30 23:00:00,day_ahead
2017-10-01 07:00:00,45.66990654628742,price,2017-09-30 23:00:00,day_ahead
2017-10-01 08:00:00,46.7053899787217,price,2017-09-30 23:00:00,day_ahead
2017-10-01 09:00:00,46.97684924755467,price,2017-09-30 23:00:00,day_ahead
2017-10-01 10:00:00,46.88126157678531,price,2017-09-30 23:00:00,day_ahead
2017-10-01 11:00:00,46.522697942250524,price,2017-09-30 23:00:00,day_ahead
2017-10-01 12:00:00,45.77323834300385,price,2017-09-30 23:00:00,day_ahead
2017-10-01 13:00:00,44.70710319055267,price,2017-09-30 23:00:00,day_ahead
2017-10-01 14:00:00,43.89126414146514,price,2017-09-30 23:00:00,day_ahead
2017-10-01 15:00:00,44.127938636740836,price,2017-09-30 23:00:00,day_ahead
2017-10-01 16:00:00,45.79642798469728,price,2017-09-30 23:00:00,day_ahead
2017-10-01 17:00:00,48.38829440750888,price,2017-09-30 23:00:00,day_ahead
2017-10-01 18:00:00,50.712681673570884,price,2017-09-30 23:00:00,day_ahead
2017-10-01 19:00:00,51.657539723261486,price,2017-09-30 23:00:00,day_ahead
2017-10-01 20:00:00,50.88693160660367,price,2017-09-30 23:00:00,day_ahead
2017-10-01 21:00:00,48.91847496030611,price,2017-09-30 23:00:00,day_ahead
2017-10-01 22:00:00,46.59341831418576,price,2017-09-30 23:00:00,day_ahead
2017-10-01 23:00:00,44.47679727592513,price,2017-09-30 23:00:00,day_ahead
2017-10-02 00:00:00,43.083312271567856,price,2017-10-01 23:00:00,day_ahead
2017-10-02 01:00:00,41.723836669370975,price,2017-10-01 23:00:00,day_ahead
2017-10-02 02:00:00,41.10221598855683,price,2017-10-01 23:00:00,day_ahead
2017-10-02 03:00:00,41.72210307175376,price,2017-10-01 23:00:00,day_ahead
2017-10-02 04:00:00,43.80471788743751,price,2017-10-01 23:00:00,day_ahead
2017-10-02 05:00:00,46.91478577397698,price,2017-10-01 23:00:00,day_ahead
2017-10-02 06:00:00,50.10368003080801,price,2017-10-01 23:00:00,day_ahead
2017-10-02 07:00:00,52.49382593899041,price,2017-10-01 23:00:00,day_ahead
2017-10-02 08:00:00,53.78989147827326,price,2017-10-01 23:00:00,day_ahead
2017-10-02 09:00:00,54.272182143233294,price,2017-10-01 23:00:00,day_ahead
2017-10-02 10:00:00,54.33790381330578,price,2017-10-01 23:00:00,day_ahead
2017-10-02 11:00:00,54.0916170054345,price,2017-10-01 23:00:00,day_ahead
2017-10-02 12:00:00,53.405679407730204,price,2017-10-01 23:00:00,day_ahead
2017-10-02 13:00:00,52.35579283134975,price,2017-10-01 23:00:00,day_ahead
2017-10-02 14:00:00,51.513046659057565,price,2017-10-01 23:00:00,day_ahead
2017-10-02 15:00:00,51.685550568284405,price,2017-10-01 23:00:00,day_ahead
2017-10-02 16:00:00,53.256973166488876,price,2017-10-01 23:00:00,day_ahead
2017-10-02 17:00:00,55.71857172262577,price,2017-10-01 23:00:00,day_ahead
2017-10-02 18:00:00,57.87459344472469,price,2017-10-01 23:00:00,day_ahead
2017-10-02 19:00:00,58.60737593619758,price,2017-10-01 23:00:00,day_ahead
2017-10-02 20:00:00,57.57957571370812,price,2017-10-01 23:00:00,day_ahead
2017-10-02 21:00:00,55.313798130671515,price,2017-10-01 23:00:00,day_ahead
2017-10-02 22:00:00,52.66062861793485,price,2017-10-01 23:00:00,day_ahead
2017-10-02 23:00:00,50.194524622811166,price,2017-10-01 23:00:00,day_ahead
2017-10-03 00:00:00,48.53652898630713,price,2017-10-02 23:00:00,day_ahead
2017-10-03 01:00:00,46.79239598014217,price,2017-10-02 23:00:00,day_ahead
2017-10-03 02:00:00,45.78037063624857,price,2017-10-02 23:00:00,day_ahead
2017-10-03 03:00:00,46.01355300836127,price,2017-10-02 23:00:00,day_ahead
2017-10-03 04:00:00,47.71914692702541,price,2017-10-02 23:00:00,day_ahead
2017-10-03 05:00:00,50.460694862741825,price,2017-10-02 23:00:00,day_ahead
2017-10-03 06:00:00,53.28342039665792,price,2017-10-02 23:00:00,day_ahead
2017-10-03 07:00:00,55.30514464345567,price,2017-10-02 23:00:00,day_ahead
2017-10-03 08:00:00,56.232397051786634,price,2017-10-02 23:00:00,day_ahead
2017-10-03 09:00:00,56.352754680363915,price,2017-10-02 23:00:00,day_ahead
2017-10-03 10:00:00,56.070564803488416,price,2017-10-02 23:00:00,day_ahead
2017-10-03 11:00:00,55.49319502800037,price,2017-10-02 23:00:00,day_ahead
2017-10-03 12:00:00,54.492836038543174,price,2017-10-02 23:00:00,day_ahead
2017-10-03 13:00:00,53.147271777793996,price,2017-10-02 23:00:00,day_ahead
2017-10-03 14:00:00,52.035053478153095,price,2017-10-02 23:00:00,day_ahead
2017-10-03 15:00:00,51.974049815757155,price,2017-10-02 23:00:00,day_ahead
2017-10-03 16:00:00,53.352820456132065,price,2017-10-02 23:00:00,day_ahead
2017-10-03 17:00:00,55.65800929586556,price,2017-10-02 23:00:00,day_ahead
2017-10-03 18:00:00,57.68238387092514,price,2017-10-02 23:00:00,day_ahead
2017-10-03 19:00:00,58.2980141289787,price,2017-10-02 23:00:00,day_ahead
2017-10-03 20:00:00,57.165191548026634,price,2017-10-02 23:00:00,day_ahead
2017-10-03 21:00:00,54.811928239903054,price,2017-10-02 23:00:00,day_ahead
2017-10-03 22:00:00,52.095975760093324,price,2017-10-02 23:00:00,day_ahead
2017-10-03 23:00:00,49.59491617963471,price,2017-10-02 23:00:00,day_ahead
2017-10-04 00:00:00,47.49157350744553,price,2017-10-03 23:00:00,day_ahead
2017-10-04 01:00:00,45.77955211469943,price,2017-10-03 23:00:00,day_ahead
2017-10-04 02:00:00,44.82055708356938,price,2017-10-03 23:00:00,day_ahead
2017-10-04 03:00:00,45.12620450482614,price,2017-10-03 23:00:00,day_ahead
2017-10-04 04:00:00,46.92155134411987,price,2017-10-03 23:00:00,day_ahead
2017-10-04 05:00:00,49.76635661414873,price,2017-10-03 23:00:00,day_ahead
2017-10-04 06:00:00,52.70114636778728,price,2017-10-03 23:00:00,day_ahead
2017-10-04 07:00:00,54.84013335621188,price,2017-10-03 23:00:00,day_ahead
2017-10-04 08:00:00,55.88866881228052,price,2017-10-03 23:00:00,day_ahead
2017-10-04 09:00:00,56.134750989051625,price,2017-10-03 23:00:00,day_ahead
2017-10-04 10:00:00,55.982319091338276,price,2017-10-03 23:00:00,day_ahead
2017-10-04 11:00:00,55.53573434468472,price,2017-10-03 23:00:00,day_ahead
2017-10-04 12:00:00,54.66226199932389,price,2017-10-03 23:00:00,day_ahead
2017-10-04 13:00:00,53.43547758756284,price,2017-10-03 23:00:00,day_ahead
2017-10-04 14:00:00,52.43262378826281,price,2017-10-03 23:00:00,day_ahead
2017-10-04 15:00:00,52.47281934467881,price,2017-10-03 23:00:00,day_ahead
2017-10-04 16:00:00,53.945829787843245,price,2017-10-03 23:00:00,day_ahead
2017-10-04 17:00:00,56.33697956071753,price,2017-10-03 23:00:00,day_ahead
2017-10-04 18:00:00,58.43510227422042,price,2017-10-03 23:00:00,day_ahead
2017-10-04 19:00:00,59.108067592799934,price,2017-10-03 23:00:00,day_ahead
2017-10-04 20:00:00,58.01432771663449,price,2017-10-03 23:00:00,day_ahead
2017-10-04 21:00:00,55.68304646595554,price,2017-10-03 23:00:00,day_ahead
2017-10-04 22:00:00,52.97445240099647,price,2017-10-03 23:00:00,day_ahead
2017-10-04 23:00:00,50.46776033165281,price,2017-10-03 23:00:00,day_ahead
2017-10-05 00:00:00,48.98708643497978,price,2017-10-04 23:00:00,day_ahead
2017-10-05 01:00:00,47.2389304463741,price,2017-10-04 23:00:00,day_ahead
2017-10-05 02:00:00,46.23236464929446,price,2017-10-04 23:00:00,day_ahead
2017-10-05 03:00:00,46.48101701600176,price,2017-10-04 23:00:00,day_ahead
2017-10-05 04:00:00,48.2111141102572,price,2017-10-04 23:00:00,day_ahead
2017-10-05 05:00:00,50.98304889663955,price,2017-10-04 23:00:00,day_ahead
2017-10-05 06:00:00,53.83807433341047,price,2017-10-04 23:00:00,day_ahead
2017-10-05 07:00:00,55.891460883287934,price,2017-10-04 23:00:00,day_ahead
2017-10-05 08:00:00,56.84963120174696,price,2017-10-04 23:00:00,day_ahead
2017-10-05 09:00:00,57.001334154590445,price,2017-10-04 23:00:00,day_ahead
2017-10-05 10:00:00,56.751198796467996,price,2017-10-04 23:00:00,day_ahead
2017-10-05 11:00:00,56.20501410176827,price,2017-10-04 23:00:00,day_ahead
2017-10-05 12:00:00,55.23277263487193,price,2017-10-04 23:00:00,day_ahead
2017-10-05 13:00:00,53.91165310209779,price,2017-10-04 23:00:00,day_ahead
2017-10-05 14:00:00,52.822063849073004,price,2017-10-04 23:00:00,day_ahead
2017-10-05 15:00:00,52.78462728670113,price,2017-10-04 23:00:00,day_ahead
2017-10-05 16:00:00,54.18883250163223,price,2017-10-04 23:00:00,day_ahead
2017-10-05 17:00:00,56.51904382531347,price,2017-10-04 23:00:00,day_ahead
2017-10-05 18:00:00,58.56382633885084,price,2017-10-04 23:00:00,day_ahead
2017-10-05 19:00:00,59.19198185532597,price,2017-10-04 23:00:00,day_ahead
2017-10-05 20:00:00,58.063412457433415,price,2017-10-04 23:00:00,day_ahead
2017-10-05 21:00:00,55.70812308723513,price,2017-10-04 23:00:00,day_ahead
2017-10-05 22:00:00,52.98608389859623,price,2017-10-04 23:00:00,day_ahead
2017-10-05 23:00:00,50.475690531512534,price,2017-10-04 23:00:00,day_ahead
2017-10-06 00:00:00,48.57080386319396,price,2017-10-05 23:00:00,day_ahead
2017-10-06 01:00:00,46.83204306796514,price,2017-10-05 23:00:00,day_ahead
2017-10-06 02:00:00,45.848990523155585,price,2017-10-05 23:00:00,day_ahead
2017-10-06 03:00:00,46.13857523911687,price,2017-10-05 23:00:00,day_ahead
2017-10-06 04:00:00,47.92695897462964,price,2017-10-05 23:00:00,day_ahead
2017-10-06 05:00:00,50.76826577132162,price,2017-10-05 23:00:00,day_ahead
2017-10-06 06:00:00,53.6937222647249,price,2017-10-05 23:00:00,day_ahead
2017-10-06 07:00:00,55.81067252727924,price,2017-10-05 23:00:00,day_ahead
2017-10-06 08:00:00,56.823586261489964,price,2017-10-05 23:00:00,day_ahead
2017-10-06 09:00:00,57.02359857982614,price,2017-10-05 23:00:00,day_ahead
2017-10-06 10:00:00,56.81684267327821,price,2017-10-05 23:00:00,day_ahead
2017-10-06 11:00:00,56.3063778063498,price,2017-10-05 23:00:00,day_ahead
2017-10-06 12:00:00,55.35721136628931,price,2017-10-05 23:00:00,day_ahead
2017-10-06 13:00:00,54.04446497738815,price,2017-10-05 23:00:00,day_ahead
2017-10-06 14:00:00,52.9521394974659,price,2017-10-05 23:00:00,day_ahead
2017-10-06 15:00:00,52.906882492908935,price,2017-10-05 23:00:00,day_ahead
2017-10-06 16:00:00,54.29991670121862,price,2017-10-05 23:00:00,day_ahead
2017-10-06 17:00:00,56.60905889403842,price,2017-10-05 23:00:00,day_ahead
2017-10-06 18:00:00,58.610871122865916,price,2017-10-05 23:00:00,day_ahead
2017-10-06 19:00:00,59.16423354380131,price,2017-10-05 23:00:00,day_ahead
2017-10-06 20:00:00,57.927054253588295,price,2017-10-05 23:00:00,day_ahead
2017-10-06 21:00:00,55.43471627588279,price,2017-10-05 23:00:00,day_ahead
2017-10-06 22:00:00,52.55423826563612,price,2017-10-05 23:00:00,day_ahead
2017-10-06 23:00:00,49.86759259150994,price,2017-10-05 23:00:00,day_ahead
2017-10-07 00:00:00,47.51509886124904,price,2017-10-06 23:00:00,day_ahead
2017-10-07 01:00:00,45.5784388067448,price,2017-10-06 23:00:00,day_ahead
2017-10-07 02:00:00,44.375479474611225,price,2017-10-06 23:00:00,day_ahead
2017-10-07 03:00:00,44.42591161402342,price,2017-10-06 23:00:00,day_ahead
2017-10-07 04:00:00,45.95902366728484,price,2017-10-06 23:00:00,day_ahead
2017-10-07 05:00:00,48.53116335065207,price,2017-10-06 23:00:00,day_ahead
2017-10-07 06:00:00,51.17493800290785,price,2017-10-06 23:00:00,day_ahead
2017-10-07 07:00:00,52.999364964944036,price,2017-10-06 23:00:00,day_ahead
2017-10-07 08:00:00,53.71186134389135,price,2017-10-06 23:00:00,day_ahead
2017-10-07 09:00:00,53.60764103518429,price,2017-10-06 23:00:00,day_ahead
2017-10-07 10:00:00,53.096973389432584,price,2017-10-06 23:00:00,day_ahead
2017-10-07 11:00:00,52.28618138361865,price,2017-10-06 23:00:00,day_ahead
2017-10-07 12:00:00,51.042712818766745,price,2017-10-06 23:00:00,day_ahead
2017-10-07 13:00:00,49.44412211685385,price,2017-10-06 23:00:00,day_ahead
2017-10-07 14:00:00,48.077459815271325,price,2017-10-06 23:00:00,day_ahead
2017-10-07 15:00:00,47.77282267011643,price,2017-10-06 23:00:00,day_ahead
2017-10-07 16:00:00,48.92456541750669,price,2017-10-06 23:00:00,day_ahead
2017-10-07 17:00:00,51.013041034510316,price,2017-10-06 23:00:00,day_ahead
2017-10-07 18:00:00,52.81738119014146,price,2017-10-06 23:00:00,day_ahead
2017-10-07 19:00:00,53.20001017897206,price,2017-10-06 23:00:00,day_ahead
2017-10-07 20:00:00,51.82348496840177,price,2017-10-06 23:00:00,day_ahead
2017-10-07 21:00:00,49.22778689843247,price,2017-10-06 23:00:00,day_ahead
2017-10-07 22:00:00,46.282830492910136,price,2017-10-06 23:00:00,day_ahead
2017-10-07 23:00:00,43.57105469858479,price,2017-10-06 23:00:00,day_ahead
2017-10-08 00:00:00,41.577099224353844,price,2017-10-07 23:00:00,day_ahead
2017-10-08 01:00:00,39.69161012511448,price,2017-10-07 23:00:00,day_ahead
2017-10-08 02:00:00,38.57871713369761,price,2017-10-07 23:00:00,day_ahead
2017-10-08 03:00:00,38.75795481181624,price,2017-10-07 23:00:00,day_ahead
2017-10-08 04:00:00,40.458955451592,price,2017-10-07 23:00:00,day_ahead
2017-10-08 05:00:00,43.239467843809706,price,2017-10-07 23:00:00,day_ahead
2017-10-08 06:00:00,46.1339872274409,price,2017-10-07 23:00:00,day_ahead
2017-10-08 07:00:00,48.25248651931956,price,2017-10-07 23:00:00,day_ahead
2017-10-08 08:00:00,49.301306674706375,price,2017-10-07 23:00:00,day_ahead
2017-10-08 09:00:00,49.57272610693526,price,2017-10-07 23:00:00,day_ahead
2017-10-08 10:00:00,49.473460006243386,price,2017-10-07 23:00:00,day_ahead
2017-10-08 11:00:00,49.10678684882687,price,2017-10-07 23:00:00,day_ahead
2017-10-08 12:00:00,48.337622080009965,price,2017-10-07 23:00:00,day_ahead
2017-10-08 13:00:00,47.24051809293682,price,2017-10-07 23:00:00,day_ahead
2017-10-08 14:00:00,46.39823370348344,price,2017-10-07 23:00:00,day_ahead
2017-10-08 15:00:00,46.63562574091809,price,2017-10-07 23:00:00,day_ahead
2017-10-08 16:00:00,48.34219832468531,price,2017-10-07 23:00:00,day_ahead
2017-10-08 17:00:00,50.99497016949137,price,2017-10-07 23:00:00,day_ahead
2017-10-08 18:00:00,53.37107929447932,price,2017-10-07 23:00:00,day_ahead
2017-10-08 19:00:00,54.3308999999612,price,2017-10-07 23:00:00,day_ahead
2017-10-08 20:00:00,53.533453273616146,price,2017-10-07 23:00:00,day_ahead
2017-10-08 21:00:00,51.513414128698656,price,2017-10-07 23:00:00,day_ahead
2017-10-08 22:00:00,49.13457733911623,price,2017-10-07 23:00:00,day_ahead
2017-10-08 23:00:00,46.973662863543304,price,2017-10-07 23:00:00,day_ahead
2017-10-09 00:00:00,45.646859133887205,price,2017-10-08 23:00:00,day_ahead
2017-10-09 01:00:00,44.248282307510884,price,2017-10-08 23:00:00,day_ahead
2017-10-09 02:00:00,43.60604480182758,price,2017-10-08 23:00:00,day_ahead
2017-10-09 03:00:00,44.24255553857375,price,2017-10-08 23:00:00,day_ahead
2017-10-09 04:00:00,46.386506725826784,price,2017-10-08 23:00:00,day_ahead
2017-10-09 05:00:00,49.58607348548816,price,2017-10-08 23:00:00,day_ahead
2017-10-09 06:00:00,52.8601195403567,price,2017-10-08 23:00:00,day_ahead
2017-10-09 07:00:00,55.30531186023447,price,2017-10-08 23:00:00,day_ahead
2017-10-09 08:00:00,56.62362776141747,price,2017-10-08 23:00:00,day_ahead
2017-10-09 09:00:00,57.110800023273015,price,2017-10-08 23:00:00,day_ahead
2017-10-09 10:00:00,57.177656652623035,price,2017-10-08 23:00:00,day_ahead
2017-10-09 11:00:00,56.92674685249503,price,2017-10-08 23:00:00,day_ahead
2017-10-09 12:00:00,56.21938682346716,price,2017-10-08 23:00:00,day_ahead
2017-10-09 13:00:00,55.13093217262173,price,2017-10-08 23:00:00,day_ahead
2017-10-09 14:00:00,54.25373299898491,price,2017-10-08 23:00:00,day_ahead
2017-10-09 15:00:00,54.426609377907965,price,2017-10-08 23:00:00,day_ahead
2017-10-09 16:00:00,56.04691959437303,price,2017-10-08 23:00:00,day_ahead
2017-10-09 17:00:00,58.58620823761681,price,2017-10-08 23:00:00,day_ahead
2017-10-09 18:00:00,60.806016485441546,price,2017-10-08 23:00:00,day_ahead
2017-10-09 19:00:00,61.552627241370956,price,2017-10-08 23:00:00,day_ahead
2017-10-09 20:00:00,60.48298022878324,price,2017-10-08 23:00:00,day_ahead
2017-10-09 21:00:00,58.14272591214002,price,2017-10-08 23:00:00,day_ahead
2017-10-09 22:00:00,55.41163245212615,price,2017-10-08 23:00:00,day_ahead
2017-10-09 23:00:00,52.87837084702182,price,2017-10-08 23:00:00,day_ahead
2017-10-10 00:00:00,51.2306755254818,price,2017-10-09 23:00:00,day_ahead
2017-10-10 01:00:00,49.43945623938209,price,2017-10-09 23:00:00,day_ahead
2017-10-10 02:00:00,48.39899345753088,price,2017-10-09 23:00:00,day_ahead
2017-10-10 03:00:00,48.638984142133275,price,2017-10-09 23:00:00,day_ahead
2017-10-10 04:00:00,50.39201507040618,price,2017-10-09 23:00:00,day_ahead
2017-10-10 05:00:00,53.20506710771609,price,2017-10-09 23:00:00,day_ahead
2017-10-10 06:00:00,56.09314936076681,price,2017-10-09 23:00:00,day_ahead
2017-10-10 07:00:00,58.151237793436394,price,2017-10-09 23:00:00,day_ahead
2017-10-10 08:00:00,59.084733332716084,price,2017-10-09 23:00:00,day_ahead
2017-10-10 09:00:00,59.19634837319521,price,2017-10-09 23:00:00,day_ahead
2017-10-10 10:00:00,58.90304793402085,price,2017-10-09 23:00:00,day_ahead
2017-10-10 11:00:00,58.309830141268186,price,2017-10-09 23:00:00,day_ahead
2017-10-10 12:00:00,57.278244233841946,price,2017-10-09 23:00:00,day_ahead
2017-10-10 13:00:00,55.885783088199275,price,2017-10-09 23:00:00,day_ahead
2017-10-10 14:00:00,54.73109511563621,price,2017-10-09 23:00:00,day_ahead
2017-10-10 15:00:00,54.66099533964748,price,2017-10-09 23:00:00,day_ahead
2017-10-10 16:00:00,56.07711999073973,price,2017-10-09 23:00:00,day_ahead
2017-10-10 17:00:00,58.44808739751875,price,2017-10-09 23:00:00,day_ahead
2017-10-10 18:00:00,60.52712153250658,price,2017-10-09 23:00:00,day_ahead
2017-10-10 19:00:00,61.152556727016446,price,2017-10-09 23:00:00,day_ahead
2017-10-10 20:00:00,59.978646340416255,price,2017-10-09 23:00:00,day_ahead
2017-10-10 21:00:00,57.55386966011198,price,2017-10-09 23:00:00,day_ahead
2017-10-10 22:00:00,54.76256094732254,price,2017-10-09 23:00:00,day_ahead
2017-10-10 23:00:00,52.195919012504675,price,2017-10-09 23:00:00,day_ahead
2017-10-11 00:00:00,50.815908183233255,price,2017-10-10 23:00:00,day_ahead
2017-10-11 01:00:00,49.0456521941034,price,2017-10-10 23:00:00,day_ahead
2017-10-11 02:00:00,48.05136391734055,price,2017-10-10 23:00:00,day_ahead
2017-10-11 03:00:00,48.364897178926896,price,2017-10-10 23:00:00,day_ahead
2017-10-11 04:00:00,50.2184843483787,price,2017-10-10 23:00:00,day_ahead
2017-10-11 05:00:00,53.1534784218939,price,2017-10-10 23:00:00,day_ahead
2017-10-11 06:00:00,56.175446811030305,price,2017-10-10 23:00:00,day_ahead
2017-10-11 07:00:00,58.37075129489675,price,2017-10-10 23:00:00,day_ahead
2017-10-11 08:00:00,59.44067310086743,price,2017-10-10 23:00:00,day_ahead
2017-10-11 09:00:00,59.6878325119619,price,2017-10-10 23:00:00,day_ahead
2017-10-11 10:00:00,59.529471191803154,price,2017-10-10 23:00:00,day_ahead
2017-10-11 11:00:00,59.06839103176601,price,2017-10-10 23:00:00,day_ahead
2017-10-11 12:00:00,58.162395404434854,price,2017-10-10 23:00:00,day_ahead
2017-10-11 13:00:00,56.887215686802435,price,2017-10-10 23:00:00,day_ahead
2017-10-11 14:00:00,55.84377055440993,price,2017-10-10 23:00:00,day_ahead
2017-10-11 15:00:00,55.88293666809547,price,2017-10-10 23:00:00,day_ahead
2017-10-11 16:00:00,57.40722496771179,price,2017-10-10 23:00:00,day_ahead
2017-10-11 17:00:00,59.879848759439135,price,2017-10-10 23:00:00,day_ahead
2017-10-11 18:00:00,62.044384250915456,price,2017-10-10 23:00:00,day_ahead
2017-10-11 19:00:00,62.73104542287576,price,2017-10-10 23:00:00,day_ahead
2017-10-11 20:00:00,61.59214356507436,price,2017-10-10 23:00:00,day_ahead
2017-10-11 21:00:00,59.18014673690924,price,2017-10-10 23:00:00,day_ahead
2017-10-11 22:00:00,56.38493399584472,price,2017-10-10 23:00:00,day_ahead
2017-10-11 23:00:00,53.80069072446739,price,2017-10-10 23:00:00,day_ahead
2017-10-12 00:00:00,52.172435553360785,price,2017-10-11 23:00:00,day_ahead
2017-10-12 01:00:00,50.34179282470516,price,2017-10-11 23:00:00,day_ahead
2017-10-12 02:00:00,49.28445269437398,price,2017-10-11 23:00:00,day_ahead
2017-10-12 03:00:00,49.54377798440456,price,2017-10-11 23:00:00,day_ahead
2017-10-12 04:00:00,51.35729613855473,price,2017-10-11 23:00:00,day_ahead
2017-10-12 05:00:00,54.25917918839097,price,2017-10-11 23:00:00,day_ahead
2017-10-12 06:00:00,57.239443425636175,price,2017-10-11 23:00:00,day_ahead
2017-10-12 07:00:00,59.3718387178614,price,2017-10-11 23:00:00,day_ahead
2017-10-12 08:00:00,60.356289919797604,price,2017-10-11 23:00:00,day_ahead
2017-10-12 09:00:00,60.50348300180459,price,2017-10-11 23:00:00,day_ahead
2017-10-12 10:00:00,60.239044573265126,price,2017-10-11 23:00:00,day_ahead
2017-10-12 11:00:00,59.66790565184695,price,2017-10-11 23:00:00,day_ahead
2017-10-12 12:00:00,58.64633109135666,price,2017-10-11 23:00:00,day_ahead
2017-10-12 13:00:00,57.253246355662306,price,2017-10-11 23:00:00,day_ahead
2017-10-12 14:00:00,56.10178028352093,price,2017-10-11 23:00:00,day_ahead
2017-10-12 15:00:00,56.05800508021424,price,2017-10-11 23:00:00,day_ahead
2017-10-12 16:00:00,57.530620061898965,price,2017-10-11 23:00:00,day_ahead
2017-10-12 17:00:00,59.973246615439535,price,2017-10-11 23:00:00,day_ahead
2017-10-12 18:00:00,62.10972826490498,price,2017-10-11 23:00:00,day_ahead
2017-10-12 19:00:00,62.75438051341777,price,2017-10-11 23:00:00,day_ahead
2017-10-12 20:00:00,61.557956076140265,price,2017-10-11 23:00:00,day_ahead
2017-10-12 21:00:00,59.08424232851375,price,2017-10-11 23:00:00,day_ahead
2017-10-12 22:00:00,56.2364969449491,price,2017-10-11 23:00:00,day_ahead
2017-10-12 23:00:00,53.61492839997571,price,2017-10-11 23:00:00,day_ahead
2017-10-13 00:00:00,51.832022397722575,price,2017-10-12 23:00:00,day_ahead
2017-10-13 01:00:00,50.03836360045688,price,2017-10-12 23:00:00,day_ahead
2017-10-13 02:00:00,49.01695124999841,price,2017-10-12 23:00:00,day_ahead
2017-10-13 03:00:00,49.30590817795058,price,2017-10-12 23:00:00,day_ahead
2017-10-13 04:00:00,51.14065361939685,price,2017-10-12 23:00:00,day_ahead
2017-10-13 05:00:00,54.05940418012299,price,2017-10-12 23:00:00,day_ahead
2017-10-13 06:00:00,57.06039212198731,price,2017-10-12 23:00:00,day_ahead
2017-10-13 07:00:00,59.22387414441047,price,2017-10-12 23:00:00,day_ahead
2017-10-13 08:00:00,60.24996985875725,price,2017-10-12 23:00:00,day_ahead
2017-10-13 09:00:00,60.444033010990076,price,2017-10-12 23:00:00,day_ahead
2017-10-13 10:00:00,60.225857484296185,price,2017-10-12 23:00:00,day_ahead
2017-10-13 11:00:00,59.6980005284349,price,2017-10-12 23:00:00,day_ahead
2017-10-13 12:00:00,58.71662136601396,price,2017-10-12 23:00:00,day_ahead
2017-10-13 13:00:00,57.357877191174516,price,2017-10-12 23:00:00,day_ahead
2017-10-13 14:00:00,56.22644092789453,price,2017-10-12 23:00:00,day_ahead
2017-10-13 15:00:00,56.17731109380342,price,2017-10-12 23:00:00,day_ahead
2017-10-13 16:00:00,57.61288630592553,price,2017-10-12 23:00:00,day_ahead
2017-10-13 17:00:00,59.99051021829547,price,2017-10-12 23:00:00,day_ahead
2017-10-13 18:00:00,62.04573857806193,price,2017-10-12 23:00:00,day_ahead
2017-10-13 19:00:00,62.60442799449265,price,2017-10-12 23:00:00,day_ahead
2017-10-13 20:00:00,61.32096228582059,price,2017-10-12 23:00:00,day_ahead
2017-10-13 21:00:00,58.75352598409633,price,2017-10-12 23:00:00,day_ahead
2017-10-13 22:00:00,55.79576430618005,price,2017-10-12 23:00:00,day_ahead
2017-10-13 23:00:00,53.040653045094274,price,2017-10-12 23:00:00,day_ahead
2017-10-14 00:00:00,50.91594906841218,price,2017-10-13 23:00:00,day_ahead
2017-10-14 01:00:00,48.904524015577095,price,2017-10-13 23:00:00,day_ahead
2017-10-14 02:00:00,47.65256716371752,price,2017-10-13 23:00:00,day_ahead
2017-10-14 03:00:00,47.70294615062897,price,2017-10-13 23:00:00,day_ahead
2017-10-14 04:00:00,49.2922499151753,price,2017-10-13 23:00:00,day_ahead
2017-10-14 05:00:00,51.95499103411272,price,2017-10-13 23:00:00,day_ahead
2017-10-14 06:00:00,54.6838856291105,price,2017-10-13 23:00:00,day_ahead
2017-10-14 07:00:00,56.556973715875344,price,2017-10-13 23:00:00,day_ahead
2017-10-14 08:00:00,57.27808133200577,price,2017-10-13 23:00:00,day_ahead
2017-10-14 09:00:00,57.159976310403074,price,2017-10-13 23:00:00,day_ahead
2017-10-14 10:00:00,56.62874431444999,price,2017-10-13 23:00:00,day_ahead
2017-10-14 11:00:00,55.78936593769529,price,2017-10-13 23:00:00,day_ahead
2017-10-14 12:00:00,54.49846588061651,price,2017-10-13 23:00:00,day_ahead
2017-10-14 13:00:00,52.83516012991142,price,2017-10-13 23:00:00,day_ahead
2017-10-14 14:00:00,51.41181313443017,price,2017-10-13 23:00:00,day_ahead
2017-10-14 15:00:00,51.0931865429138,price,2017-10-13 23:00:00,day_ahead
2017-10-14 16:00:00,52.28806275964947,price,2017-10-13 23:00:00,day_ahead
2017-10-14 17:00:00,54.453521329592725,price,2017-10-13 23:00:00,day_ahead
2017-10-14 18:00:00,56.32021340235044,price,2017-10-13 23:00:00,day_ahead
2017-10-14 19:00:00,56.710017986134936,price,2017-10-13 23:00:00,day_ahead
2017-10-14 20:00:00,55.278562409995146,price,2017-10-13 23:00:00,day_ahead
2017-10-14 21:00:00,52.59015662133164,price,2017-10-13 23:00:00,day_ahead
2017-10-14 22:00:00,49.545578131961335,price,2017-10-13 23:00:00,day_ahead
2017-10-14 23:00:00,46.74264582960486,price,2017-10-13 23:00:00,day_ahead
2017-10-15 00:00:00,45.2841392933371,price,2017-10-14 23:00:00,day_ahead
2017-10-15 01:00:00,43.31551246576555,price,2017-10-14 23:00:00,day_ahead
2017-10-15 02:00:00,42.14347330330643,price,2017-10-14 23:00:00,day_ahead
2017-10-15 03:00:00,42.318757149546755,price,2017-10-14 23:00:00,day_ahead
2017-10-15 04:00:00,44.0856328441239,price,2017-10-14 23:00:00,day_ahead
2017-10-15 05:00:00,46.98076527155725,price,2017-10-14 23:00:00,day_ahead
2017-10-15 06:00:00,49.99247653168761,price,2017-10-14 23:00:00,day_ahead
2017-10-15 07:00:00,52.191302371922866,price,2017-10-14 23:00:00,day_ahead
2017-10-15 08:00:00,53.27479073744809,price,2017-10-14 23:00:00,day_ahead
2017-10-15 09:00:00,53.55235760256623,price,2017-10-14 23:00:00,day_ahead
2017-10-15 10:00:00,53.448392091889126,price,2017-10-14 23:00:00,day_ahead
2017-10-15 11:00:00,53.066112559071094,price,2017-10-14 23:00:00,day_ahead
2017-10-15 12:00:00,52.26035700617792,price,2017-10-14 23:00:00,day_ahead
2017-10-15 13:00:00,51.10967553078762,price,2017-10-14 23:00:00,day_ahead
2017-10-15 14:00:00,50.22705202263618,price,2017-10-14 23:00:00,day_ahead
2017-10-15 15:00:00,50.476476909027696,price,2017-10-14 23:00:00,day_ahead
2017-10-15 16:00:00,52.26135970653965,price,2017-10-14 23:00:00,day_ahead
2017-10-15 17:00:00,55.02844660578678,price,2017-10-14 23:00:00,day_ahead
2017-10-15 18:00:00,57.49696845896033,price,2017-10-14 23:00:00,day_ahead
2017-10-15 19:00:00,58.48170558787019,price,2017-10-14 23:00:00,day_ahead
2017-10-15 20:00:00,57.637747782133026,price,2017-10-14 23:00:00,day_ahead
2017-10-15 21:00:00,55.53218892804453,price,2017-10-14 23:00:00,day_ahead
2017-10-15 22:00:00,53.06576234380463,price,2017-10-14 23:00:00,day_ahead
2017-10-15 23:00:00,50.829754142462214,price,2017-10-14 23:00:00,day_ahead
2017-10-16 00:00:00,31.41919682586124,price,2017-10-15 23:00:00,day_ahead
2017-10-16 01:00:00,30.966001827624993,price,2017-10-15 23:00:00,day_ahead
2017-10-16 02:00:00,30.701529578618658,price,2017-10-15 23:00:00,day_ahead
2017-10-16 03:00:00,30.6891444514041,price,2017-10-15 23:00:00,day_ahead
2017-10-16 04:00:00,30.955880849308723,price,2017-10-15 23:00:00,day_ahead
2017-10-16 05:00:00,31.4144675462992,price,2017-10-15 23:00:00,day_ahead
2017-10-16 06:00:00,31.87434307686567,price,2017-10-15 23:00:00,day_ahead
2017-10-16 07:00:00,32.151014065883814,price,2017-10-15 23:00:00,day_ahead
2017-10-16 08:00:00,32.178806128613616,price,2017-10-15 23:00:00,day_ahead
2017-10-16 09:00:00,32.02245611077823,price,2017-10-15 23:00:00,day_ahead
2017-10-16 10:00:00,31.781168413900378,price,2017-10-15 23:00:00,day_ahead
2017-10-16 11:00:00,31.486065737601987,price,2017-10-15 23:00:00,day_ahead
2017-10-16 12:00:00,31.097639689376702,price,2017-10-15 23:00:00,day_ahead
2017-10-16 13:00:00,30.60469189624432,price,2017-10-15 23:00:00,day_ahead
2017-10-16 14:00:00,30.114985756349956,price,2017-10-15 23:00:00,day_ahead
2017-10-16 15:00:00,29.82533448193142,price,2017-10-15 23:00:00,day_ahead
2017-10-16 16:00:00,29.873849651065722,price,2017-10-15 23:00:00,day_ahead
2017-10-16 17:00:00,30.199798525992072,price,2017-10-15 23:00:00,day_ahead
2017-10-16 18:00:00,30.5449279185528,price,2017-10-15 23:00:00,day_ahead
2017-10-16 19:00:00,30.610534833531048,price,2017-10-15 23:00:00,day_ahead
2017-10-16 20:00:00,30.24724142961735,price,2017-10-15 23:00:00,day_ahead
2017-10-16 21:00:00,29.527741513351074,price,2017-10-15 23:00:00,day_ahead
2017-10-16 22:00:00,28.659626312204963,price,2017-10-15 23:00:00,day_ahead
2017-10-16 23:00:00,27.83265795732198,price,2017-10-15 23:00:00,day_ahead
2017-10-17 00:00:00,53.90314709037782,price,2017-10-16 23:00:00,day_ahead
2017-10-17 01:00:00,52.06961266304689,price,2017-10-16 23:00:00,day_ahead
2017-10-17 02:00:00,50.989932089051315,price,2017-10-16 23:00:00,day_ahead
2017-10-17 03:00:00,51.21741487264967,price,2017-10-16 23:00:00,day_ahead
2017-10-17 04:00:00,52.99991449386605,price,2017-10-16 23:00:00,day_ahead
2017-10-17 05:00:00,55.875154946234616,price,2017-10-16 23:00:00,day_ahead
2017-10-17 06:00:00,58.82937703929654,price,2017-10-16 23:00:00,day_ahead
2017-10-17 07:00:00,60.93077371144236,price,2017-10-16 23:00:00,day_ahead
2017-10-17 08:00:00,61.87770717232908,price,2017-10-16 23:00:00,day_ahead
2017-10-17 09:00:00,61.984088324778895,price,2017-10-16 23:00:00,day_ahead
2017-10-17 10:00:00,61.67966251703435,price,2017-10-16 23:00:00,day_ahead
2017-10-17 11:00:00,61.0706365398742,price,2017-10-16 23:00:00,day_ahead
2017-10-17 12:00:00,60.01210343954173,price,2017-10-16 23:00:00,day_ahead
2017-10-17 13:00:00,58.58288252573295,price,2017-10-16 23:00:00,day_ahead
2017-10-17 14:00:00,57.39907397646827,price,2017-10-16 23:00:00,day_ahead
2017-10-17 15:00:00,57.33037370119048,price,2017-10-16 23:00:00,day_ahead
2017-10-17 16:00:00,58.78515078345753,price,2017-10-16 23:00:00,day_ahead
2017-10-17 17:00:00,61.211277161264896,price,2017-10-16 23:00:00,day_ahead
2017-10-17 18:00:00,63.32577292960627,price,2017-10-16 23:00:00,day_ahead
2017-10-17 19:00:00,63.94186151340487,price,2017-10-16 23:00:00,day_ahead
2017-10-17 20:00:00,62.7175916155726,price,2017-10-16 23:00:00,day_ahead
2017-10-17 21:00:00,60.22755523413722,price,2017-10-16 23:00:00,day_ahead
2017-10-17 22:00:00,57.380541179183,price,2017-10-16 23:00:00,day_ahead
2017-10-17 23:00:00,54.772068038892776,price,2017-10-16 23:00:00,day_ahead
2017-10-18 00:00:00,57.21992159891297,price,2017-10-17 23:00:00,day_ahead
2017-10-18 01:00:00,56.82714586039462,price,2017-10-17 23:00:00,day_ahead
2017-10-18 02:00:00,56.90598617046788,price,2017-10-17 23:00:00,day_ahead
2017-10-18 03:00:00,57.67125626999208,price,2017-10-17 23:00:00,day_ahead
2017-10-18 04:00:00,58.83110280612218,price,2017-10-17 23:00:00,day_ahead
2017-10-18 05:00:00,59.77658262069935,price,2017-10-17 23:00:00,day_ahead
2017-10-18 06:00:00,60.078827697615836,price,2017-10-17 23:00:00,day_ahead
2017-10-18 07:00:00,59.82956664046528,price,2017-10-17 23:00:00,day_ahead
2017-10-18 08:00:00,59.510635788326034,price,2017-10-17 23:00:00,day_ahead
2017-10-18 09:00:00,59.53152802860356,price,2017-10-17 23:00:00,day_ahead
2017-10-18 10:00:00,59.88449083150602,price,2017-10-17 23:00:00,day_ahead
2017-10-18 11:00:00,60.23275166710593,price,2017-10-17 23:00:00,day_ahead
2017-10-18 12:00:00,60.30991987088538,price,2017-10-17 23:00:00,day_ahead
2017-10-18 13:00:00,60.20651264374534,price,2017-10-17 23:00:00,day_ahead
2017-10-18 14:00:00,60.25051325861441,price,2017-10-17 23:00:00,day_ahead
2017-10-18 15:00:00,60.613804210553944,price,2017-10-17 23:00:00,day_ahead
2017-10-18 16:00:00,61.06249428164453,price,2017-10-17 23:00:00,day_ahead
2017-10-18 17:00:00,61.126551974266654,price,2017-10-17 23:00:00,day_ahead
2017-10-18 18:00:00,60.53687898805587,price,2017-10-17 23:00:00,day_ahead
2017-10-18 19:00:00,59.49867578022425,price,2017-10-17 23:00:00,day_ahead
2017-10-18 20:00:00,58.523838474298095,price,2017-10-17 23:00:00,day_ahead
2017-10-18 21:00:00,57.98141108355879,price,2017-10-17 23:00:00,day_ahead
2017-10-18 22:00:00,57.806628492632655,price,2017-10-17 23:00:00,day_ahead
2017-10-18 23:00:00,57.650877841127866,price,2017-10-17 23:00:00,day_ahead
2017-10-19 00:00:00,53.46427896111831,price,2017-10-18 23:00:00,day_ahead
2017-10-19 01:00:00,51.59625765457408,price,2017-10-18 23:00:00,day_ahead
2017-10-19 02:00:00,50.500404152696866,price,2017-10-18 23:00:00,day_ahead
2017-10-19 03:00:00,50.74245466718248,price,2017-10-18 23:00:00,day_ahead
2017-10-19 04:00:00,52.5740546987688,price,2017-10-18 23:00:00,day_ahead
2017-10-19 05:00:00,55.521438085526455,price,2017-10-18 23:00:00,day_ahead
2017-10-19 06:00:00,58.550116130346616,price,2017-10-18 23:00:00,day_ahead
2017-10-19 07:00:00,60.71188597400249,price,2017-10-18 23:00:00,day_ahead
2017-10-19 08:00:00,61.701935308439445,price,2017-10-18 23:00:00,day_ahead
2017-10-19 09:00:00,61.84112107593918,price,2017-10-18 23:00:00,day_ahead
2017-10-19 10:00:00,61.565679846555625,price,2017-10-18 23:00:00,day_ahead
2017-10-19 11:00:00,60.98116663110593,price,2017-10-18 23:00:00,day_ahead
2017-10-19 12:00:00,59.93858765303493,price,2017-10-18 23:00:00,day_ahead
2017-10-19 13:00:00,58.51844042884471,price,2017-10-18 23:00:00,day_ahead
2017-10-19 14:00:00,57.34786606562642,price,2017-10-18 23:00:00,day_ahead
2017-10-19 15:00:00,57.30938361555868,price,2017-10-18 23:00:00,day_ahead
2017-10-19 16:00:00,58.81341905951808,price,2017-10-18 23:00:00,day_ahead
2017-10-19 17:00:00,61.29389716485457,price,2017-10-18 23:00:00,day_ahead
2017-10-19 18:00:00,63.44611695159725,price,2017-10-18 23:00:00,day_ahead
2017-10-19 19:00:00,64.06903624959833,price,2017-10-18 23:00:00,day_ahead
2017-10-19 20:00:00,62.82286569010246,price,2017-10-18 23:00:00,day_ahead
2017-10-19 21:00:00,60.29606219237467,price,2017-10-18 23:00:00,day_ahead
2017-10-19 22:00:00,57.40994907402011,price,2017-10-18 23:00:00,day_ahead
2017-10-19 23:00:00,54.76264360693938,price,2017-10-18 23:00:00,day_ahead
2017-10-20 00:00:00,32.681105021781086,price,2017-10-19 23:00:00,day_ahead
2017-10-20 01:00:00,32.077163231319794,price,2017-10-19 23:00:00,day_ahead
2017-10-20 02:00:00,31.70515854627017,price,2017-10-19 23:00:00,day_ahead
2017-10-20 03:00:00,31.647663756763446,price,2017-10-19 23:00:00,day_ahead
2017-10-20 04:00:00,31.9424484273783,price,2017-10-19 23:00:00,day_ahead
2017-10-20 05:00:00,32.48406775710965,price,2017-10-19 23:00:00,day_ahead
2017-10-20 06:00:00,33.0368510770838,price,2017-10-19 23:00:00,day_ahead
2017-10-20 07:00:00,33.37057379834511,price,2017-10-19 23:00:00,day_ahead
2017-10-20 08:00:00,33.400703952500436,price,2017-10-19 23:00:00,day_ahead
2017-10-20 09:00:00,33.2036704690649,price,2017-10-19 23:00:00,day_ahead
2017-10-20 10:00:00,32.89944596350514,price,2017-10-19 23:00:00,day_ahead
2017-10-20 11:00:00,32.52616697198866,price,2017-10-19 23:00:00,day_ahead
2017-10-20 12:00:00,32.03778209815448,price,2017-10-19 23:00:00,day_ahead
2017-10-20 13:00:00,31.425490117056565,price,2017-10-19 23:00:00,day_ahead
2017-10-20 14:00:00,30.827076296144423,price,2017-10-19 23:00:00,day_ahead
2017-10-20 15:00:00,30.486780915560832,price,2017-10-19 23:00:00,day_ahead
2017-10-20 16:00:00,30.571371801410375,price,2017-10-19 23:00:00,day_ahead
2017-10-20 17:00:00,30.99884464153563,price,2017-10-19 23:00:00,day_ahead
2017-10-20 18:00:00,31.444216544966224,price,2017-10-19 23:00:00,day_ahead
2017-10-20 19:00:00,31.53716019604659,price,2017-10-19 23:00:00,day_ahead
2017-10-20 20:00:00,31.096762628427598,price,2017-10-19 23:00:00,day_ahead
2017-10-20 21:00:00,30.21817383552092,price,2017-10-19 23:00:00,day_ahead
2017-10-20 22:00:00,29.16070543532399,price,2017-10-19 23:00:00,day_ahead
2017-10-20 23:00:00,28.157292259593476,price,2017-10-19 23:00:00,day_ahead
2017-10-21 00:00:00,50.99917211938734,price,2017-10-20 23:00:00,day_ahead
2017-10-21 01:00:00,48.908110652965696,price,2017-10-20 23:00:00,day_ahead
2017-10-21 02:00:00,47.59413206520961,price,2017-10-20 23:00:00,day_ahead
2017-10-21 03:00:00,47.63513438903901,price,2017-10-20 23:00:00,day_ahead
2017-10-21 04:00:00,49.28654784605494,price,2017-10-20 23:00:00,day_ahead
2017-10-21 05:00:00,52.062196136526616,price,2017-10-20 23:00:00,day_ahead
2017-10-21 06:00:00,54.905028279224254,price,2017-10-20 23:00:00,day_ahead
2017-10-21 07:00:00,56.84955654792484,price,2017-10-20 23:00:00,day_ahead
2017-10-21 08:00:00,57.589785724674485,price,2017-10-20 23:00:00,day_ahead
2017-10-21 09:00:00,57.458088789423535,price,2017-10-20 23:00:00,day_ahead
2017-10-21 10:00:00,56.901647159263526,price,2017-10-20 23:00:00,day_ahead
2017-10-21 11:00:00,56.02714690077885,price,2017-10-20 23:00:00,day_ahead
2017-10-21 12:00:00,54.680994491549185,price,2017-10-20 23:00:00,day_ahead
2017-10-21 13:00:00,52.945895977298136,price,2017-10-20 23:00:00,day_ahead
2017-10-21 14:00:00,51.464760608682056,price,2017-10-20 23:00:00,day_ahead
2017-10-21 15:00:00,51.141342317998294,price,2017-10-20 23:00:00,day_ahead
2017-10-21 16:00:00,52.395733762645875,price,2017-10-20 23:00:00,day_ahead
2017-10-21 17:00:00,54.64980626794522,price,2017-10-20 23:00:00,day_ahead
2017-10-21 18:00:00,56.572361836815666,price,2017-10-20 23:00:00,day_ahead
2017-10-21 19:00:00,56.94087890044904,price,2017-10-20 23:00:00,day_ahead
2017-10-21 20:00:00,55.41431770994608,price,2017-10-20 23:00:00,day_ahead
2017-10-21 21:00:00,52.59878659698303,price,2017-10-20 23:00:00,day_ahead
2017-10-21 22:00:00,49.43734617352689,price,2017-10-20 23:00:00,day_ahead
2017-10-21 23:00:00,46.54034424666953,price,2017-10-20 23:00:00,day_ahead
2017-10-22 00:00:00,44.09570286403739,price,2017-10-21 23:00:00,day_ahead
2017-10-22 01:00:00,42.046217299951905,price,2017-10-21 23:00:00,day_ahead
2017-10-22 02:00:00,40.820950139061104,price,2017-10-21 23:00:00,day_ahead
2017-10-22 03:00:00,41.00095789350467,price,2017-10-21 23:00:00,day_ahead
2017-10-22 04:00:00,42.843103072190246,price,2017-10-21 23:00:00,day_ahead
2017-10-22 05:00:00,45.85925091540292,price,2017-10-21 23:00:00,day_ahead
2017-10-22 06:00:00,48.98779623137366,price,2017-10-21 23:00:00,day_ahead
2017-10-22 07:00:00,51.25868406688669,price,2017-10-21 23:00:00,day_ahead
2017-10-22 08:00:00,52.363303328597915,price,2017-10-21 23:00:00,day_ahead
2017-10-22 09:00:00,52.63302607533584,price,2017-10-21 23:00:00,day_ahead
2017-10-22 10:00:00,52.51372638280503,price,2017-10-21 23:00:00,day_ahead
2017-10-22 11:00:00,52.10926483253686,price,2017-10-21 23:00:00,day_ahead
2017-10-22 12:00:00,51.26261312027322,price,2017-10-21 23:00:00,day_ahead
2017-10-22 13:00:00,50.054435052138274,price,2017-10-21 23:00:00,day_ahead
2017-10-22 14:00:00,49.127623207027305,price,2017-10-21 23:00:00,day_ahead
2017-10-22 15:00:00,49.38591199770486,price,2017-10-21 23:00:00,day_ahead
2017-10-22 16:00:00,51.24611476086317,price,2017-10-21 23:00:00,day_ahead
2017-10-22 17:00:00,54.122073642715065,price,2017-10-21 23:00:00,day_ahead
2017-10-22 18:00:00,56.671795667177086,price,2017-10-21 23:00:00,day_ahead
2017-10-22 19:00:00,57.66331133643828,price,2017-10-21 23:00:00,day_ahead
2017-10-22 20:00:00,56.750431246653996,price,2017-10-21 23:00:00,day_ahead
2017-10-22 21:00:00,54.53794737970859,price,2017-10-21 23:00:00,day_ahead
2017-10-22 22:00:00,51.96835188668808,price,2017-10-21 23:00:00,day_ahead
2017-10-22 23:00:00,49.64944638038916,price,2017-10-21 23:00:00,day_ahead
2017-10-23 00:00:00,47.926134140967825,price,2017-10-22 23:00:00,day_ahead
2017-10-23 01:00:00,46.4073462950437,price,2017-10-22 23:00:00,day_ahead
2017-10-23 02:00:00,45.69417329523074,price,2017-10-22 23:00:00,day_ahead
2017-10-23 03:00:00,46.3690429943366,price,2017-10-22 23:00:00,day_ahead
2017-10-23 04:00:00,48.687323442902574,price,2017-10-22 23:00:00,day_ahead
2017-10-23 05:00:00,52.15209215115701,price,2017-10-22 23:00:00,day_ahead
2017-10-23 06:00:00,55.68756459367391,price,2017-10-22 23:00:00,day_ahead
2017-10-23 07:00:00,58.3112435196112,price,2017-10-22 23:00:00,day_ahead
2017-10-23 08:00:00,59.70965448012099,price,2017-10-22 23:00:00,day_ahead
2017-10-23 09:00:00,60.2161435372102,price,2017-10-22 23:00:00,day_ahead
2017-10-23 10:00:00,60.2794340223229,price,2017-10-22 23:00:00,day_ahead
2017-10-23 11:00:00,60.00256188880071,price,2017-10-22 23:00:00,day_ahead
2017-10-23 12:00:00,59.2258675069766,price,2017-10-22 23:00:00,day_ahead
2017-10-23 13:00:00,58.0318515417128,price,2017-10-22 23:00:00,day_ahead
2017-10-23 14:00:00,57.07315171900284,price,2017-10-22 23:00:00,day_ahead
2017-10-23 15:00:00,57.26667087253334,price,2017-10-22 23:00:00,day_ahead
2017-10-23 16:00:00,59.03610801756864,price,2017-10-22 23:00:00,day_ahead
2017-10-23 17:00:00,61.78952637722682,price,2017-10-22 23:00:00,day_ahead
2017-10-23 18:00:00,64.16986101986137,price,2017-10-22 23:00:00,day_ahead
2017-10-23 19:00:00,64.93189111205197,price,2017-10-22 23:00:00,day_ahead
2017-10-23 20:00:00,63.727933511090804,price,2017-10-22 23:00:00,day_ahead
2017-10-23 21:00:00,61.174026820651555,price,2017-10-22 23:00:00,day_ahead
2017-10-23 22:00:00,58.2289495668289,price,2017-10-22 23:00:00,day_ahead
2017-10-23 23:00:00,55.51301798410622,price,2017-10-22 23:00:00,day_ahead
2017-10-24 00:00:00,53.584081903339964,price,2017-10-23 23:00:00,day_ahead
2017-10-24 01:00:00,51.62695366546945,price,2017-10-23 23:00:00,day_ahead
2017-10-24 02:00:00,50.47859223275805,price,2017-10-23 23:00:00,day_ahead
2017-10-24 03:00:00,50.734101321134155,price,2017-10-23 23:00:00,day_ahead
2017-10-24 04:00:00,52.65457536132454,price,2017-10-23 23:00:00,day_ahead
2017-10-24 05:00:00,55.735909922450645,price,2017-10-23 23:00:00,day_ahead
2017-10-24 06:00:00,58.88685895508906,price,2017-10-23 23:00:00,day_ahead
2017-10-24 07:00:00,61.11344503337915,price,2017-10-23 23:00:00,day_ahead
2017-10-24 08:00:00,62.10366344435513,price,2017-10-23 23:00:00,day_ahead
2017-10-24 09:00:00,62.20287583787362,price,2017-10-23 23:00:00,day_ahead
2017-10-24 10:00:00,61.87155841282545,price,2017-10-23 23:00:00,day_ahead
2017-10-24 11:00:00,61.21618574096276,price,2017-10-23 23:00:00,day_ahead
2017-10-24 12:00:00,60.07503928934488,price,2017-10-23 23:00:00,day_ahead
2017-10-24 13:00:00,58.5334371839225,price,2017-10-23 23:00:00,day_ahead
2017-10-24 14:00:00,57.25799766086758,price,2017-10-23 23:00:00,day_ahead
2017-10-24 15:00:00,57.18472172493877,price,2017-10-23 23:00:00,day_ahead
2017-10-24 16:00:00,58.74707238124381,price,2017-10-23 23:00:00,day_ahead
2017-10-24 17:00:00,61.343678124355506,price,2017-10-23 23:00:00,day_ahead
2017-10-24 18:00:00,63.593381260947226,price,2017-10-23 23:00:00,day_ahead
2017-10-24 19:00:00,64.22824427829184,price,2017-10-23 23:00:00,day_ahead
2017-10-24 20:00:00,62.89360036502724,price,2017-10-23 23:00:00,day_ahead
2017-10-24 21:00:00,60.21563132817585,price,2017-10-23 23:00:00,day_ahead
2017-10-24 22:00:00,57.169511545808625,price,2017-10-23 23:00:00,day_ahead
2017-10-24 23:00:00,54.386219460921474,price,2017-10-23 23:00:00,day_ahead
2017-10-25 00:00:00,65.13591659241982,price,2017-10-24 23:00:00,day_ahead
2017-10-25 01:00:00,66.12450361838334,price,2017-10-24 23:00:00,day_ahead
2017-10-25 02:00:00,66.70902672512138,price,2017-10-24 23:00:00,day_ahead
2017-10-25 03:00:00,66.66306524999133,price,2017-10-24 23:00:00,day_ahead
2017-10-25 04:00:00,65.77229838882562,price,2017-10-24 23:00:00,day_ahead
2017-10-25 05:00:00,64.15333874364744,price,2017-10-24 23:00:00,day_ahead
2017-10-25 06:00:00,62.32476146427942,price,2017-10-24 23:00:00,day_ahead
2017-10-25 07:00:00,60.912730532356804,price,2017-10-24 23:00:00,day_ahead
2017-10-25 08:00:00,60.24694131804271,price,2017-10-24 23:00:00,day_ahead
2017-10-25 09:00:00,60.219756777071446,price,2017-10-24 23:00:00,day_ahead
2017-10-25 10:00:00,60.51974750587341,price,2017-10-24 23:00:00,day_ahead
2017-10-25 11:00:00,60.97636301013391,price,2017-10-24 23:00:00,day_ahead
2017-10-25 12:00:00,61.649965058789554,price,2017-10-24 23:00:00,day_ahead
2017-10-25 13:00:00,62.58089307836381,price,2017-10-24 23:00:00,day_ahead
2017-10-25 14:00:00,63.48989680772308,price,2017-10-24 23:00:00,day_ahead
2017-10-25 15:00:00,63.80629931352007,price,2017-10-24 23:00:00,day_ahead
2017-10-25 16:00:00,63.085581017096096,price,2017-10-24 23:00:00,day_ahead
2017-10-25 17:00:00,61.46619993031562,price,2017-10-24 23:00:00,day_ahead
2017-10-25 18:00:00,59.721283323819264,price,2017-10-24 23:00:00,day_ahead
2017-10-25 19:00:00,58.79871730164505,price,2017-10-24 23:00:00,day_ahead
2017-10-25 20:00:00,59.20392443331434,price,2017-10-24 23:00:00,day_ahead
2017-10-25 21:00:00,60.72570716413549,price,2017-10-24 23:00:00,day_ahead
2017-10-25 22:00:00,62.69684146326651,price,2017-10-24 23:00:00,day_ahead
2017-10-25 23:00:00,64.51190059610315,price,2017-10-24 23:00:00,day_ahead
2017-10-26 00:00:00,53.26698179645752,price,2017-10-25 23:00:00,day_ahead
2017-10-26 01:00:00,51.29968129331789,price,2017-10-25 23:00:00,day_ahead
2017-10-26 02:00:00,50.15282892435162,price,2017-10-25 23:00:00,day_ahead
2017-10-26 03:00:00,50.42467749130805,price,2017-10-25 23:00:00,day_ahead
2017-10-26 04:00:00,52.376778852415256,price,2017-10-25 23:00:00,day_ahead
2017-10-26 05:00:00,55.500283809862744,price,2017-10-25 23:00:00,day_ahead
2017-10-26 06:00:00,58.69593454211371,price,2017-10-25 23:00:00,day_ahead
2017-10-26 07:00:00,60.96331364368679,price,2017-10-25 23:00:00,day_ahead
2017-10-26 08:00:00,61.98896573689056,price,2017-10-25 23:00:00,day_ahead
2017-10-26 09:00:00,62.120879880577895,price,2017-10-25 23:00:00,day_ahead
2017-10-26 10:00:00,61.82227175292838,price,2017-10-25 23:00:00,day_ahead
2017-10-26 11:00:00,61.19951071988842,price,2017-10-25 23:00:00,day_ahead
2017-10-26 12:00:00,60.08872466222665,price,2017-10-25 23:00:00,day_ahead
2017-10-26 13:00:00,58.574310547302225,price,2017-10-25 23:00:00,day_ahead
2017-10-26 14:00:00,57.325092938825776,price,2017-10-25 23:00:00,day_ahead
2017-10-26 15:00:00,57.28050306245883,price,2017-10-25 23:00:00,day_ahead
2017-10-26 16:00:00,58.87458238119902,price,2017-10-25 23:00:00,day_ahead
2017-10-26 17:00:00,61.50156527486598,price,2017-10-25 23:00:00,day_ahead
2017-10-26 18:00:00,63.77323609536673,price,2017-10-25 23:00:00,day_ahead
2017-10-26 19:00:00,64.41689644575322,price,2017-10-25 23:00:00,day_ahead
2017-10-26 20:00:00,63.07860319444429,price,2017-10-25 23:00:00,day_ahead
2017-10-26 21:00:00,60.38935446278237,price,2017-10-25 23:00:00,day_ahead
2017-10-26 22:00:00,57.32878861213516,price,2017-10-25 23:00:00,day_ahead
2017-10-26 23:00:00,54.5288178282986,price,2017-10-25 23:00:00,day_ahead
2017-10-27 00:00:00,14.730307937500807,price,2017-10-26 23:00:00,day_ahead
2017-10-27 01:00:00,14.087174719876911,price,2017-10-26 23:00:00,day_ahead
2017-10-27 02:00:00,13.690926636618,price,2017-10-26 23:00:00,day_ahead
2017-10-27 03:00:00,13.628597431437054,price,2017-10-26 23:00:00,day_ahead
2017-10-27 04:00:00,13.938884076539582,price,2017-10-26 23:00:00,day_ahead
2017-10-27 05:00:00,14.508752437839172,price,2017-10-26 23:00:00,day_ahead
2017-10-27 06:00:00,15.088385388520088,price,2017-10-26 23:00:00,day_ahead
2017-10-27 07:00:00,15.435253444197683,price,2017-10-26 23:00:00,day_ahead
2017-10-27 08:00:00,15.461735856900304,price,2017-10-26 23:00:00,day_ahead
2017-10-27 09:00:00,15.24981342517018,price,2017-10-26 23:00:00,day_ahead
2017-10-27 10:00:00,14.925977551369707,price,2017-10-26 23:00:00,day_ahead
2017-10-27 11:00:00,14.529115564664528,price,2017-10-26 23:00:00,day_ahead
2017-10-27 12:00:00,14.00948579330386,price,2017-10-26 23:00:00,day_ahead
2017-10-27 13:00:00,13.358242469190644,price,2017-10-26 23:00:00,day_ahead
2017-10-27 14:00:00,12.722757319269144,price,2017-10-26 23:00:00,day_ahead
2017-10-27 15:00:00,12.36270780981425,price,2017-10-26 23:00:00,day_ahead
2017-10-27 16:00:00,12.454249039308483,price,2017-10-26 23:00:00,day_ahead
2017-10-27 17:00:00,12.9088859564176,price,2017-10-26 23:00:00,day_ahead
2017-10-27 18:00:00,13.380955782595072,price,2017-10-26 23:00:00,day_ahead
2017-10-27 19:00:00,13.478128280779348,price,2017-10-26 23:00:00,day_ahead
2017-10-27 20:00:00,13.010057088003622,price,2017-10-26 23:00:00,day_ahead
2017-10-27 21:00:00,12.07909929990658,price,2017-10-26 23:00:00,day_ahead
2017-10-27 22:00:00,10.960718484102635,price,2017-10-26 23:00:00,day_ahead
2017-10-27 23:00:00,9.901508196055762,price,2017-10-26 23:00:00,day_ahead
2017-10-28 00:00:00,50.83261890181844,price,2017-10-27 23:00:00,day_ahead
2017-10-28 01:00:00,48.64910654283775,price,2017-10-27 23:00:00,day_ahead
2017-10-28 02:00:00,47.28163881854105,price,2017-10-27 23:00:00,day_ahead
2017-10-28 03:00:00,47.33501726849431,price,2017-10-27 23:00:00,day_ahead
2017-10-28 04:00:00,49.07172537094686,price,2017-10-27 23:00:00,day_ahead
2017-10-28 05:00:00,51.97594004123824,price,2017-10-27 23:00:00,day_ahead
2017-10-28 06:00:00,54.93810927455556,price,2017-10-27 23:00:00,day_ahead
2017-10-28 07:00:00,56.9517128425518,price,2017-10-27 23:00:00,day_ahead
2017-10-28 08:00:00,57.70507971144125,price,2017-10-27 23:00:00,day_ahead
2017-10-28 09:00:00,57.55279188389135,price,2017-10-27 23:00:00,day_ahead
2017-10-28 10:00:00,56.963215834010825,price,2017-10-27 23:00:00,day_ahead
2017-10-28 11:00:00,56.04340951581278,price,2017-10-27 23:00:00,day_ahead
2017-10-28 12:00:00,54.628659337274605,price,2017-10-27 23:00:00,day_ahead
2017-10-28 13:00:00,52.80623975593324,price,2017-10-27 23:00:00,day_ahead
2017-10-28 14:00:00,51.25296292459472,price,2017-10-27 23:00:00,day_ahead
2017-10-28 15:00:00,50.91662778667411,price,2017-10-27 23:00:00,day_ahead
2017-10-28 16:00:00,52.233365984561075,price,2017-10-27 23:00:00,day_ahead
2017-10-28 17:00:00,54.591279914451114,price,2017-10-27 23:00:00,day_ahead
2017-10-28 18:00:00,56.59302800345919,price,2017-10-27 23:00:00,day_ahead
2017-10-28 19:00:00,56.96184347174033,price,2017-10-27 23:00:00,day_ahead
2017-10-28 20:00:00,55.348549205067386,price,2017-10-27 23:00:00,day_ahead
2017-10-28 21:00:00,52.39419520501456,price,2017-10-27 23:00:00,day_ahead
2017-10-28 22:00:00,49.08671884345729,price,2017-10-27 23:00:00,day_ahead
2017-10-28 23:00:00,46.06087555163588,price,2017-10-27 23:00:00,day_ahead
2017-10-29 00:00:00,6.458724558913296,price,2017-10-28 23:00:00,day_ahead
2017-10-29 01:00:00,5.791706128595927,price,2017-10-28 23:00:00,day_ahead
2017-10-29 02:00:00,5.3704492296535475,price,2017-10-28 23:00:00,day_ahead
2017-10-29 03:00:00,5.278444693824868,price,2017-10-28 23:00:00,day_ahead
2017-10-29 04:00:00,5.552268520056879,price,2017-10-28 23:00:00,day_ahead
2017-10-29 05:00:00,6.082871491344008,price,2017-10-28 23:00:00,day_ahead
2017-10-29 06:00:00,6.630543993959696,price,2017-10-28 23:00:00,day_ahead
2017-10-29 07:00:00,6.963464674314308,price,2017-10-28 23:00:00,day_ahead
2017-10-29 08:00:00,6.999062866727303,price,2017-10-28 23:00:00,day_ahead
2017-10-29 09:00:00,6.817390733169293,price,2017-10-28 23:00:00,day_ahead
2017-10-29 10:00:00,6.540434526469297,price,2017-10-28 23:00:00,day_ahead
2017-10-29 11:00:00,6.2052208052957525,price,2017-10-28 23:00:00,day_ahead
2017-10-29 12:00:00,5.763292626660777,price,2017-10-28 23:00:00,day_ahead
2017-10-29 13:00:00,5.205642168388819,price,2017-10-28 23:00:00,day_ahead
2017-10-29 14:00:00,4.673704213036273,price,2017-10-28 23:00:00,day_ahead
2017-10-29 15:00:00,4.4170470692701524,price,2017-10-28 23:00:00,day_ahead
2017-10-29 16:00:00,4.604995776674609,price,2017-10-28 23:00:00,day_ahead
2017-10-29 17:00:00,5.1524582167367265,price,2017-10-28 23:00:00,day_ahead
2017-10-29 18:00:00,5.727065565299559,price,2017-10-28 23:00:00,day_ahead
2017-10-29 19:00:00,5.951392203058351,price,2017-10-28 23:00:00,day_ahead
2017-10-29 20:00:00,5.641836530833087,price,2017-10-28 23:00:00,day_ahead
2017-10-29 21:00:00,4.895851899419734,price,2017-10-28 23:00:00,day_ahead
2017-10-29 22:00:00,3.977245672499814,price,2017-10-28 23:00:00,day_ahead
2017-10-29 23:00:00,3.1223436585983886,price,2017-10-28 23:00:00,day_ahead
2017-10-30 00:00:00,46.862198681130245,price,2017-10-29 23:00:00,day_ahead
2017-10-30 01:00:00,45.27257820703215,price,2017-10-29 23:00:00,day_ahead
2017-10-30 02:00:00,44.53655623037879,price,2017-10-29 23:00:00,day_ahead
2017-10-30 03:00:00,45.26686537719456,price,2017-10-29 23:00:00,day_ahead
2017-10-30 04:00:00,47.72473564339573,price,2017-10-29 23:00:00,day_ahead
2017-10-30 05:00:00,51.37580565972639,price,2017-10-29 23:00:00,day_ahead
2017-10-30 06:00:00,55.08139633112031,price,2017-10-29 23:00:00,day_ahead
2017-10-30 07:00:00,57.81213923823123,price,2017-10-29 23:00:00,day_ahead
2017-10-30 08:00:00,59.2514268713429,price,2017-10-29 23:00:00,day_ahead
2017-10-30 09:00:00,59.76248035135114,price,2017-10-29 23:00:00,day_ahead
2017-10-30 10:00:00,59.82057896619037,price,2017-10-29 23:00:00,day_ahead
2017-10-30 11:00:00,59.527637823322756,price,2017-10-29 23:00:00,day_ahead
2017-10-30 12:00:00,58.70713041100775,price,2017-10-29 23:00:00,day_ahead
2017-10-30 13:00:00,57.44324462803126,price,2017-10-29 23:00:00,day_ahead
2017-10-30 14:00:00,56.42695402440067,price,2017-10-29 23:00:00,day_ahead
2017-10-30 15:00:00,56.628002233900126,price,2017-10-29 23:00:00,day_ahead
2017-10-30 16:00:00,58.49133883253047,price,2017-10-29 23:00:00,day_ahead
2017-10-30 17:00:00,61.38727914562473,price,2017-10-29 23:00:00,day_ahead
2017-10-30 18:00:00,63.881482591303154,price,2017-10-29 23:00:00,day_ahead
2017-10-30 19:00:00,64.66416173886026,price,2017-10-29 23:00:00,day_ahead
2017-10-30 20:00:00,63.37689413899353,price,2017-10-29 23:00:00,day_ahead
2017-10-30 21:00:00,60.67604416145335,price,2017-10-29 23:00:00,day_ahead
2017-10-30 22:00:00,57.57309022024561,price,2017-10-29 23:00:00,day_ahead
2017-10-30 23:00:00,54.71753828868919,price,2017-10-29 23:00:00,day_ahead
2017-10-31 00:00:00,4.042100577880829,price,2017-10-30 23:00:00,day_ahead
2017-10-31 01:00:00,3.414531486868656,price,2017-10-30 23:00:00,day_ahead
2017-10-31 02:00:00,3.023777484582279,price,2017-10-30 23:00:00,day_ahead
2017-10-31 03:00:00,2.9530457573689644,price,2017-10-30 23:00:00,day_ahead
2017-10-31 04:00:00,3.2381249394654565,price,2017-10-30 23:00:00,day_ahead
2017-10-31 05:00:00,3.768523349200172,price,2017-10-30 23:00:00,day_ahead
2017-10-31 06:00:00,4.302976993804601,price,2017-10-30 23:00:00,day_ahead
2017-10-31 07:00:00,4.609107930022509,price,2017-10-30 23:00:00,day_ahead
2017-10-31 08:00:00,4.60548895801751,price,2017-10-30 23:00:00,day_ahead
2017-10-31 09:00:00,4.374470514809615,price,2017-10-30 23:00:00,day_ahead
2017-10-31 10:00:00,4.039992105587584,price,2017-10-30 23:00:00,day_ahead
2017-10-31 11:00:00,3.639564339103365,price,2017-10-30 23:00:00,day_ahead
2017-10-31 12:00:00,3.124138378091375,price,2017-10-30 23:00:00,day_ahead
2017-10-31 13:00:00,2.4847082527075317,price,2017-10-30 23:00:00,day_ahead
2017-10-31 14:00:00,1.8647001380376014,price,2017-10-30 23:00:00,day_ahead
2017-10-31 15:00:00,1.5173133931199583,price,2017-10-30 23:00:00,day_ahead
2017-10-31 16:00:00,1.6150895977353492,price,2017-10-30 23:00:00,day_ahead
2017-10-31 17:00:00,2.073623596269838,price,2017-10-30 23:00:00,day_ahead
2017-10-31 18:00:00,2.5583620468650468,price,2017-10-30 23:00:00,day_ahead
2017-10-31 19:00:00,2.6886432103204334,price,2017-10-30 23:00:00,day_ahead
2017-10-31 20:00:00,2.2791520865115875,price,2017-10-30 23:00:00,day_ahead
2017-10-31 21:00:00,1.4285226248758123,price,2017-10-30 23:00:00,day_ahead
2017-10-31 22:00:00,0.40396620231534724,price,2017-10-30 23:00:00,day_ahead
2017-10-31 23:00:00,-0.5544263325494598,price,2017-10-30 23:00:00,day_ahead
2017-11-01 00:00:00,50.148010467962855,price,2017-10-31 23:00:00,day_ahead
2017-11-01 01:00:00,48.19997847875444,price,2017-10-31 23:00:00,day_ahead
2017-11-01 02:00:00,47.08704951615302,price,2017-10-31 23:00:00,day_ahead
2017-11-01 03:00:00,47.414956921454866,price,2017-10-31 23:00:00,day_ahead
2017-11-01 04:00:00,49.44755275282555,price,2017-10-31 23:00:00,day_ahead
2017-11-01 05:00:00,52.66825285335108,price,2017-10-31 23:00:00,day_ahead
2017-11-01 06:00:00,55.96449387195315,price,2017-10-31 23:00:00,day_ahead
2017-11-01 07:00:00,58.32656294932011,price,2017-10-31 23:00:00,day_ahead
2017-11-01 08:00:00,59.44137189261964,price,2017-10-31 23:00:00,day_ahead
2017-11-01 09:00:00,59.663702000519756,price,2017-10-31 23:00:00,day_ahead
2017-11-01 10:00:00,59.46165314042051,price,2017-10-31 23:00:00,day_ahead
2017-11-01 11:00:00,58.939588124876856,price,2017-10-31 23:00:00,day_ahead
2017-11-01 12:00:00,57.92760644502644,price,2017-10-31 23:00:00,day_ahead
2017-11-01 13:00:00,56.50695810376566,price,2017-10-31 23:00:00,day_ahead
2017-11-01 14:00:00,55.3492001513728,price,2017-10-31 23:00:00,day_ahead
2017-11-01 15:00:00,55.39780875826027,price,2017-10-31 23:00:00,day_ahead
2017-11-01 16:00:00,57.084650996780276,price,2017-10-31 23:00:00,day_ahead
2017-11-01 17:00:00,59.793344886823114,price,2017-10-31 23:00:00,day_ahead
2017-11-01 18:00:00,62.12307160654902,price,2017-10-31 23:00:00,day_ahead
2017-11-01 19:00:00,62.796294084260644,price,2017-10-31 23:00:00,day_ahead
2017-11-01 20:00:00,61.46587484571196,price,2017-10-31 23:00:00,day_ahead
2017-11-01 21:00:00,58.77531629988673,price,2017-10-31 23:00:00,day_ahead
2017-11-01 22:00:00,55.71203651409475,price,2017-10-31 23:00:00,day_ahead
2017-11-01 23:00:00,52.90573803600419,price,2017-10-31 23:00:00,day_ahead
2017-11-02 00:00:00,50.17614620712563,price,2017-11-01 23:00:00,day_ahead
2017-11-02 01:00:00,48.15978594765644,price,2017-11-01 23:00:00,day_ahead
2017-11-02 02:00:00,46.98318777863636,price,2017-11-01 23:00:00,day_ahead
2017-11-02 03:00:00,47.26575451074642,price,2017-11-01 23:00:00,day_ahead
2017-11-02 04:00:00,49.27612984164762,price,2017-11-01 23:00:00,day_ahead
2017-11-02 05:00:00,52.48557624105218,price,2017-11-01 23:00:00,day_ahead
2017-11-02 06:00:00,55.75868736679753,price,2017-11-01 23:00:00,day_ahead
2017-11-02 07:00:00,58.06818044945472,price,2017-11-01 23:00:00,day_ahead
2017-11-02 08:00:00,59.09982597390577,price,2017-11-01 23:00:00,day_ahead
2017-11-02 09:00:00,59.22013214989844,price,2017-11-01 23:00:00,day_ahead
2017-11-02 10:00:00,58.908199793492464,price,2017-11-01 23:00:00,day_ahead
2017-11-02 11:00:00,58.269531903340834,price,2017-11-01 23:00:00,day_ahead
2017-11-02 12:00:00,57.13028125577617,price,2017-11-01 23:00:00,day_ahead
2017-11-02 13:00:00,55.575848660587106,price,2017-11-01 23:00:00,day_ahead
2017-11-02 14:00:00,54.29648637506435,price,2017-11-01 23:00:00,day_ahead
2017-11-02 15:00:00,54.259315214578116,price,2017-11-01 23:00:00,day_ahead
2017-11-02 16:00:00,55.90591440425579,price,2017-11-01 23:00:00,day_ahead
2017-11-02 17:00:00,58.60472118724499,price,2017-11-01 23:00:00,day_ahead
2017-11-02 18:00:00,60.92310919062829,price,2017-11-01 23:00:00,day_ahead
2017-11-02 19:00:00,61.55678438819635,price,2017-11-01 23:00:00,day_ahead
2017-11-02 20:00:00,60.154064684440016,price,2017-11-01 23:00:00,day_ahead
2017-11-02 21:00:00,57.375254608714,price,2017-11-01 23:00:00,day_ahead
2017-11-02 22:00:00,54.23004916138335,price,2017-11-01 23:00:00,day_ahead
2017-11-02 23:00:00,51.3607752651712,price,2017-11-01 23:00:00,day_ahead
2017-11-03 00:00:00,-3.348271972687839,price,2017-11-02 23:00:00,day_ahead
2017-11-03 01:00:00,-3.929491530970403,price,2017-11-02 23:00:00,day_ahead
2017-11-03 02:00:00,-4.265751807090264,price,2017-11-02 23:00:00,day_ahead
2017-11-03 03:00:00,-4.276865025859219,price,2017-11-02 23:00:00,day_ahead
2017-11-03 04:00:00,-3.9302760227193194,price,2017-11-02 23:00:00,day_ahead
2017-11-03 05:00:00,-3.338665989479151,price,2017-11-02 23:00:00,day_ahead
2017-11-03 06:00:00,-2.7439910692517624,price,2017-11-02 23:00:00,day_ahead
2017-11-03 07:00:00,-2.3782519764230554,price,2017-11-02 23:00:00,day_ahead
2017-11-03 08:00:00,-2.322283147761424,price,2017-11-02 23:00:00,day_ahead
2017-11-03 09:00:00,-2.4936600643259754,price,2017-11-02 23:00:00,day_ahead
2017-11-03 10:00:00,-2.7692105878559308,price,2017-11-02 23:00:00,day_ahead
2017-11-03 11:00:00,-3.1129307769075707,price,2017-11-02 23:00:00,day_ahead
2017-11-03 12:00:00,-3.575694036333591,price,2017-11-02 23:00:00,day_ahead
2017-11-03 13:00:00,-4.168048244753375,price,2017-11-02 23:00:00,day_ahead
2017-11-03 14:00:00,-4.747275320173818,price,2017-11-02 23:00:00,day_ahead
2017-11-03 15:00:00,-5.059879237025071,price,2017-11-02 23:00:00,day_ahead
2017-11-03 16:00:00,-4.9324681904753005,price,2017-11-02 23:00:00,day_ahead
2017-11-03 17:00:00,-4.4489804722897395,price,2017-11-02 23:00:00,day_ahead
2017-11-03 18:00:00,-3.9447264097196117,price,2017-11-02 23:00:00,day_ahead
2017-11-03 19:00:00,-3.8024120783288056,price,2017-11-02 23:00:00,day_ahead
2017-11-03 20:00:00,-4.209749534037077,price,2017-11-02 23:00:00,day_ahead
2017-11-03 21:00:00,-5.069447337306575,price,2017-11-02 23:00:00,day_ahead
2017-11-03 22:00:00,-6.1136702299000785,price,2017-11-02 23:00:00,day_ahead
2017-11-03 23:00:00,-7.100015746136083,price,2017-11-02 23:00:00,day_ahead
2017-11-04 00:00:00,47.29764528992266,price,2017-11-03 23:00:00,day_ahead
2017-11-04 01:00:00,45.06772567514714,price,2017-11-03 23:00:00,day_ahead
2017-11-04 02:00:00,43.66138974152034,price,2017-11-03 23:00:00,day_ahead
2017-11-04 03:00:00,43.701391571831024,price,2017-11-03 23:00:00,day_ahead
2017-11-04 04:00:00,45.45887166537224,price,2017-11-03 23:00:00,day_ahead
2017-11-04 05:00:00,48.406502314769725,price,2017-11-03 23:00:00,day_ahead
2017-11-04 06:00:00,51.4097987717407,price,2017-11-03 23:00:00,day_ahead
2017-11-04 07:00:00,53.44224961240604,price,2017-11-03 23:00:00,day_ahead
2017-11-04 08:00:00,54.19013129443785,price,2017-11-03 23:00:00,day_ahead
2017-11-04 09:00:00,54.0203070778187,price,2017-11-03 23:00:00,day_ahead
2017-11-04 10:00:00,53.4128388266845,price,2017-11-03 23:00:00,day_ahead
2017-11-04 11:00:00,52.475523941656114,price,2017-11-03 23:00:00,day_ahead
2017-11-04 12:00:00,51.03767332703631,price,2017-11-03 23:00:00,day_ahead
2017-11-04 13:00:00,49.18684129862294,price,2017-11-03 23:00:00,day_ahead
2017-11-04 14:00:00,47.61261526674625,price,2017-11-03 23:00:00,day_ahead
2017-11-04 15:00:00,47.27889904389029,price,2017-11-03 23:00:00,day_ahead
2017-11-04 16:00:00,48.624421985989166,price,2017-11-03 23:00:00,day_ahead
2017-11-04 17:00:00,51.01885574125848,price,2017-11-03 23:00:00,day_ahead
2017-11-04 18:00:00,53.03638303126429,price,2017-11-03 23:00:00,day_ahead
2017-11-04 19:00:00,53.3827396264383,price,2017-11-03 23:00:00,day_ahead
2017-11-04 20:00:00,51.714675073044724,price,2017-11-03 23:00:00,day_ahead
2017-11-04 21:00:00,48.69547691823777,price,2017-11-03 23:00:00,day_ahead
2017-11-04 22:00:00,45.33222501076914,price,2017-11-03 23:00:00,day_ahead
2017-11-04 23:00:00,42.26244136625654,price,2017-11-03 23:00:00,day_ahead
2017-11-05 00:00:00,71.89471010261704,price,2017-11-04 23:00:00,day_ahead
2017-11-05 01:00:00,70.49580384759604,price,2017-11-04 23:00:00,day_ahead
2017-11-05 02:00:00,69.969273321444,price,2017-11-04 23:00:00,day_ahead
2017-11-05 03:00:00,70.71136543608682,price,2017-11-04 23:00:00,day_ahead
2017-11-05 04:00:00,72.84912375189481,price,2017-11-04 23:00:00,day_ahead
2017-11-05 05:00:00,75.89488025767348,price,2017-11-04 23:00:00,day_ahead
2017-11-05 06:00:00,78.8980427005919,price,2017-11-04 23:00:00,day_ahead
2017-11-05 07:00:00,81.02958446823867,price,2017-11-04 23:00:00,day_ahead
2017-11-05 08:00:00,82.08212354653104,price,2017-11-04 23:00:00,day_ahead
2017-11-05 09:00:00,82.42963178031965,price,2017-11-04 23:00:00,day_ahead
2017-11-05 10:00:00,82.51734984251475,price,2017-11-04 23:00:00,day_ahead
2017-11-05 11:00:00,82.41607576170686,price,2017-11-04 23:00:00,day_ahead
2017-11-05 12:00:00,81.89938312841686,price,2017-11-04 23:00:00,day_ahead
2017-11-05 13:00:00,80.95137752909604,price,2017-11-04 23:00:00,day_ahead
2017-11-05 14:00:00,80.13821831063481,price,2017-11-04 23:00:00,day_ahead
2017-11-05 15:00:00,80.37039827774635,price,2017-11-04 23:00:00,day_ahead
2017-11-05 16:00:00,82.17652210895817,price,2017-11-04 23:00:00,day_ahead
2017-11-05 17:00:00,85.12806640097436,price,2017-11-04 23:00:00,day_ahead
2017-11-05 18:00:00,87.9778524830346,price,2017-11-04 23:00:00,day_ahead
2017-11-05 19:00:00,89.45385237838778,price,2017-11-04 23:00:00,day_ahead
2017-11-05 20:00:00,89.06619769446452,price,2017-11-04 23:00:00,day_ahead
2017-11-05 21:00:00,87.28844151286448,price,2017-11-04 23:00:00,day_ahead
2017-11-05 22:00:00,85.04995203738541,price,2017-11-04 23:00:00,day_ahead
2017-11-05 23:00:00,83.0677929728366,price,2017-11-04 23:00:00,day_ahead
2017-11-06 00:00:00,43.19041759969011,price,2017-11-05 23:00:00,day_ahead
2017-11-06 01:00:00,41.57603085302704,price,2017-11-05 23:00:00,day_ahead
2017-11-06 02:00:00,40.80947652610228,price,2017-11-05 23:00:00,day_ahead
2017-11-06 03:00:00,41.517440351012844,price,2017-11-05 23:00:00,day_ahead
2017-11-06 04:00:00,43.96992864268881,price,2017-11-05 23:00:00,day_ahead
2017-11-06 05:00:00,47.62919950002089,price,2017-11-05 23:00:00,day_ahead
2017-11-06 06:00:00,51.345094574522996,price,2017-11-05 23:00:00,day_ahead
2017-11-06 07:00:00,54.07894105618653,price,2017-11-05 23:00:00,day_ahead
2017-11-06 08:00:00,55.513498905288074,price,2017-11-05 23:00:00,day_ahead
2017-11-06 09:00:00,56.01752255199322,price,2017-11-05 23:00:00,day_ahead
2017-11-06 10:00:00,56.070580796951255,price,2017-11-05 23:00:00,day_ahead
2017-11-06 11:00:00,55.77374141888678,price,2017-11-05 23:00:00,day_ahead
2017-11-06 12:00:00,54.9478168702977,price,2017-11-05 23:00:00,day_ahead
2017-11-06 13:00:00,53.67837662227035,price,2017-11-05 23:00:00,day_ahead
2017-11-06 14:00:00,52.662525191670234,price,2017-11-05 23:00:00,day_ahead
2017-11-06 15:00:00,52.87442848432758,price,2017-11-05 23:00:00,day_ahead
2017-11-06 16:00:00,54.75451466363958,price,2017-11-05 23:00:00,day_ahead
2017-11-06 17:00:00,57.660076108710385,price,2017-11-05 23:00:00,day_ahead
2017-11-06 18:00:00,60.144784190845876,price,2017-11-05 23:00:00,day_ahead
2017-11-06 19:00:00,60.89850902126704,price,2017-11-05 23:00:00,day_ahead
2017-11-06 20:00:00,59.57561256516919,price,2017-11-05 23:00:00,day_ahead
2017-11-06 21:00:00,56.84840793751849,price,2017-11-05 23:00:00,day_ahead
2017-11-06 22:00:00,53.73452255575755,price,2017-11-05 23:00:00,day_ahead
2017-11-06 23:00:00,50.87549570689476,price,2017-11-05 23:00:00,day_ahead
2017-11-07 00:00:00,48.590743942936804,price,2017-11-06 23:00:00,day_ahead
2017-11-07 01:00:00,46.51964641957264,price,2017-11-06 23:00:00,day_ahead
2017-11-07 02:00:00,45.291673576852276,price,2017-11-06 23:00:00,day_ahead
2017-11-07 03:00:00,45.54823245895281,price,2017-11-06 23:00:00,day_ahead
2017-11-07 04:00:00,47.5672217019497,price,2017-11-06 23:00:00,day_ahead
2017-11-07 05:00:00,50.806538535656024,price,2017-11-06 23:00:00,day_ahead
2017-11-07 06:00:00,54.10384595581506,price,2017-11-06 23:00:00,day_ahead
2017-11-07 07:00:00,56.411318035013686,price,2017-11-06 23:00:00,day_ahead
2017-11-07 08:00:00,57.41326380124919,price,2017-11-06 23:00:00,day_ahead
2017-11-07 09:00:00,57.4887824861487,price,2017-11-06 23:00:00,day_ahead
2017-11-07 10:00:00,57.12794912452928,price,2017-11-06 23:00:00,day_ahead
2017-11-07 11:00:00,56.436154371237414,price,2017-11-06 23:00:00,day_ahead
2017-11-07 12:00:00,55.23431746590815,price,2017-11-06 23:00:00,day_ahead
2017-11-07 13:00:00,53.61121751440017,price,2017-11-06 23:00:00,day_ahead
2017-11-07 14:00:00,52.27419158483274,price,2017-11-06 23:00:00,day_ahead
2017-11-07 15:00:00,52.20978395352975,price,2017-11-06 23:00:00,day_ahead
2017-11-07 16:00:00,53.8630693625101,price,2017-11-06 23:00:00,day_ahead
2017-11-07 17:00:00,56.582922278475166,price,2017-11-06 23:00:00,day_ahead
2017-11-07 18:00:00,58.90661913312861,price,2017-11-06 23:00:00,day_ahead
2017-11-07 19:00:00,59.51134196070831,price,2017-11-06 23:00:00,day_ahead
2017-11-07 20:00:00,58.05066562475774,price,2017-11-06 23:00:00,day_ahead
2017-11-07 21:00:00,55.20597040849164,price,2017-11-06 23:00:00,day_ahead
2017-11-07 22:00:00,52.00442709070418,price,2017-11-06 23:00:00,day_ahead
2017-11-07 23:00:00,49.09031503928149,price,2017-11-06 23:00:00,day_ahead
2017-11-08 00:00:00,47.052599943989996,price,2017-11-07 23:00:00,day_ahead
2017-11-08 01:00:00,44.99003120395944,price,2017-11-07 23:00:00,day_ahead
2017-11-08 02:00:00,43.8056436909821,price,2017-11-07 23:00:00,day_ahead
2017-11-08 03:00:00,44.146700134194916,price,2017-11-07 23:00:00,day_ahead
2017-11-08 04:00:00,46.29104690788605,price,2017-11-07 23:00:00,day_ahead
2017-11-08 05:00:00,49.68592580620272,price,2017-11-07 23:00:00,day_ahead
2017-11-08 06:00:00,53.15154805445676,price,2017-11-07 23:00:00,day_ahead
2017-11-08 07:00:00,55.625396114932,price,2017-11-07 23:00:00,day_ahead
2017-11-08 08:00:00,56.78671993125525,price,2017-11-07 23:00:00,day_ahead
2017-11-08 09:00:00,57.01752518252815,price,2017-11-07 23:00:00,day_ahead
2017-11-08 10:00:00,56.81100915619926,price,2017-11-07 23:00:00,day_ahead
2017-11-08 11:00:00,56.270263664545965,price,2017-11-07 23:00:00,day_ahead
2017-11-08 12:00:00,55.21057702401336,price,2017-11-07 23:00:00,day_ahead
2017-11-08 13:00:00,53.718910590213284,price,2017-11-07 23:00:00,day_ahead
2017-11-08 14:00:00,52.50855723331934,price,2017-11-07 23:00:00,day_ahead
2017-11-08 15:00:00,52.57523281951677,price,2017-11-07 23:00:00,day_ahead
2017-11-08 16:00:00,54.366645071649096,price,2017-11-07 23:00:00,day_ahead
2017-11-08 17:00:00,57.22192570727372,price,2017-11-07 23:00:00,day_ahead
2017-11-08 18:00:00,59.660417339967196,price,2017-11-07 23:00:00,day_ahead
2017-11-08 19:00:00,60.34437760782248,price,2017-11-07 23:00:00,day_ahead
2017-11-08 20:00:00,58.92422569893305,price,2017-11-07 23:00:00,day_ahead
2017-11-08 21:00:00,56.089238070376155,price,2017-11-07 23:00:00,day_ahead
2017-11-08 22:00:00,52.87716511185713,price,2017-11-07 23:00:00,day_ahead
2017-11-08 23:00:00,49.93801312436772,price,2017-11-07 23:00:00,day_ahead
2017-11-09 00:00:00,47.802090084819305,price,2017-11-08 23:00:00,day_ahead
2017-11-09 01:00:00,45.685057728176304,price,2017-11-08 23:00:00,day_ahead
2017-11-09 02:00:00,44.442140766916715,price,2017-11-08 23:00:00,day_ahead
2017-11-09 03:00:00,44.73151202891772,price,2017-11-08 23:00:00,day_ahead
2017-11-09 04:00:00,46.835869545608126,price,2017-11-08 23:00:00,day_ahead
2017-11-09 05:00:00,50.195335762009215,price,2017-11-08 23:00:00,day_ahead
2017-11-09 06:00:00,53.615036167424776,price,2017-11-08 23:00:00,day_ahead
2017-11-09 07:00:00,56.0203640440543,price,2017-11-08 23:00:00,day_ahead
2017-11-09 08:00:00,57.08958293563509,price,2017-11-08 23:00:00,day_ahead
2017-11-09 09:00:00,57.21305291233346,price,2017-11-08 23:00:00,day_ahead
2017-11-09 10:00:00,56.892707108823046,price,2017-11-08 23:00:00,day_ahead
2017-11-09 11:00:00,56.23411112252206,price,2017-11-08 23:00:00,day_ahead
2017-11-09 12:00:00,55.05107524985714,price,2017-11-08 23:00:00,day_ahead
2017-11-09 13:00:00,53.43336906777931,price,2017-11-08 23:00:00,day_ahead
2017-11-09 14:00:00,52.10591718267273,price,2017-11-08 23:00:00,day_ahead
2017-11-09 15:00:00,52.0794317983987,price,2017-11-08 23:00:00,day_ahead
2017-11-09 16:00:00,53.80839650958857,price,2017-11-08 23:00:00,day_ahead
2017-11-09 17:00:00,56.62353629269884,price,2017-11-08 23:00:00,day_ahead
2017-11-09 18:00:00,59.02552334250254,price,2017-11-08 23:00:00,day_ahead
2017-11-09 19:00:00,59.66096971623774,price,2017-11-08 23:00:00,day_ahead
2017-11-09 20:00:00,58.178110465764874,price,2017-11-08 23:00:00,day_ahead
2017-11-09 21:00:00,55.27665233731648,price,2017-11-08 23:00:00,day_ahead
2017-11-09 22:00:00,52.00734386626603,price,2017-11-08 23:00:00,day_ahead
2017-11-09 23:00:00,49.02661679228451,price,2017-11-08 23:00:00,day_ahead
2017-11-10 00:00:00,-0.2546597262417231,price,2017-11-09 23:00:00,day_ahead
2017-11-10 01:00:00,0.8688571175293944,price,2017-11-09 23:00:00,day_ahead
2017-11-10 02:00:00,1.7119787510546531,price,2017-11-09 23:00:00,day_ahead
2017-11-10 03:00:00,1.7847196253152882,price,2017-11-09 23:00:00,day_ahead
2017-11-10 04:00:00,0.7208127817742703,price,2017-11-09 23:00:00,day_ahead
2017-11-10 05:00:00,-1.3392338462108988,price,2017-11-09 23:00:00,day_ahead
2017-11-10 06:00:00,-3.7519027779196206,price,2017-11-09 23:00:00,day_ahead
2017-11-10 07:00:00,-5.775962103843751,price,2017-11-09 23:00:00,day_ahead
2017-11-10 08:00:00,-7.020015289000307,price,2017-11-09 23:00:00,day_ahead
2017-11-10 09:00:00,-7.554688023399135,price,2017-11-09 23:00:00,day_ahead
2017-11-10 10:00:00,-7.654699815370885,price,2017-11-09 23:00:00,day_ahead
2017-11-10 11:00:00,-7.487679989985466,price,2017-11-09 23:00:00,day_ahead
2017-11-10 12:00:00,-7.075963781991916,price,2017-11-09 23:00:00,day_ahead
2017-11-10 13:00:00,-6.528674360117806,price,2017-11-09 23:00:00,day_ahead
2017-11-10 14:00:00,-6.224698928410087,price,2017-11-09 23:00:00,day_ahead
2017-11-10 15:00:00,-6.659684517805076,price,2017-11-09 23:00:00,day_ahead
2017-11-10 16:00:00,-8.028273138576713,price,2017-11-09 23:00:00,day_ahead
2017-11-10 17:00:00,-9.930763757506357,price,2017-11-09 23:00:00,day_ahead
2017-11-10 18:00:00,-11.532101366442548,price,2017-11-09 23:00:00,day_ahead
2017-11-10 19:00:00,-12.096802539698793,price,2017-11-09 23:00:00,day_ahead
2017-11-10 20:00:00,-11.462961061800085,price,2017-11-09 23:00:00,day_ahead
2017-11-10 21:00:00,-10.05972765710957,price,2017-11-09 23:00:00,day_ahead
2017-11-10 22:00:00,-8.486336028243036,price,2017-11-09 23:00:00,day_ahead
2017-11-10 23:00:00,-7.062401268990768,price,2017-11-09 23:00:00,day_ahead
2017-11-11 00:00:00,71.42932068787496,price,2017-11-10 23:00:00,day_ahead
2017-11-11 01:00:00,72.16384682921327,price,2017-11-10 23:00:00,day_ahead
2017-11-11 02:00:00,72.4478340464411,price,2017-11-10 23:00:00,day_ahead
2017-11-11 03:00:00,72.23920985891324,price,2017-11-10 23:00:00,day_ahead
2017-11-11 04:00:00,71.52727865391705,price,2017-11-10 23:00:00,day_ahead
2017-11-11 05:00:00,70.46683766341934,price,2017-11-10 23:00:00,day_ahead
2017-11-11 06:00:00,69.397415473446,price,2017-11-10 23:00:00,day_ahead
2017-11-11 07:00:00,68.67613708191864,price,2017-11-10 23:00:00,day_ahead
2017-11-11 08:00:00,68.46008080127282,price,2017-11-10 23:00:00,day_ahead
2017-11-11 09:00:00,68.64657229701268,price,2017-11-10 23:00:00,day_ahead
2017-11-11 10:00:00,69.03164888046747,price,2017-11-10 23:00:00,day_ahead
2017-11-11 11:00:00,69.52457600766492,price,2017-11-10 23:00:00,day_ahead
2017-11-11 12:00:00,70.19236615684879,price,2017-11-10 23:00:00,day_ahead
2017-11-11 13:00:00,71.08057584554675,price,2017-11-10 23:00:00,day_ahead
2017-11-11 14:00:00,71.99978190432654,price,2017-11-10 23:00:00,day_ahead
2017-11-11 15:00:00,72.53144633282503,price,2017-11-10 23:00:00,day_ahead
2017-11-11 16:00:00,72.31071992019538,price,2017-11-10 23:00:00,day_ahead
2017-11-11 17:00:00,71.3652878518252,price,2017-11-10 23:00:00,day_ahead
2017-11-11 18:00:00,70.20027896818175,price,2017-11-10 23:00:00,day_ahead
2017-11-11 19:00:00,69.51908916822411,price,2017-11-10 23:00:00,day_ahead
2017-11-11 20:00:00,69.78280632085396,price,2017-11-10 23:00:00,day_ahead
2017-11-11 21:00:00,70.94934947888285,price,2017-11-10 23:00:00,day_ahead
2017-11-11 22:00:00,72.57232794610833,price,2017-11-10 23:00:00,day_ahead
2017-11-11 23:00:00,74.13365800162003,price,2017-11-10 23:00:00,day_ahead
2017-11-12 00:00:00,37.80224307418566,price,2017-11-11 23:00:00,day_ahead
2017-11-12 01:00:00,35.47668340777725,price,2017-11-11 23:00:00,day_ahead
2017-11-12 02:00:00,34.07669924025796,price,2017-11-11 23:00:00,day_ahead
2017-11-12 03:00:00,34.27850219724917,price,2017-11-11 23:00:00,day_ahead
2017-11-12 04:00:00,36.37285165754005,price,2017-11-11 23:00:00,day_ahead
2017-11-12 05:00:00,39.78834809889273,price,2017-11-11 23:00:00,day_ahead
2017-11-12 06:00:00,43.30513871661146,price,2017-11-11 23:00:00,day_ahead
2017-11-12 07:00:00,45.826994938768884,price,2017-11-11 23:00:00,day_ahead
2017-11-12 08:00:00,47.026171202346454,price,2017-11-11 23:00:00,day_ahead
2017-11-12 09:00:00,47.30001318076985,price,2017-11-11 23:00:00,day_ahead
2017-11-12 10:00:00,47.15753876644406,price,2017-11-11 23:00:00,day_ahead
2017-11-12 11:00:00,46.70268782878423,price,2017-11-11 23:00:00,day_ahead
2017-11-12 12:00:00,45.743369231078205,price,2017-11-11 23:00:00,day_ahead
2017-11-12 13:00:00,44.3712839613322,price,2017-11-11 23:00:00,day_ahead
2017-11-12 14:00:00,43.32632263128359,price,2017-11-11 23:00:00,day_ahead
2017-11-12 15:00:00,43.63721344064077,price,2017-11-11 23:00:00,day_ahead
2017-11-12 16:00:00,45.761726725339784,price,2017-11-11 23:00:00,day_ahead
2017-11-12 17:00:00,49.0102556901857,price,2017-11-11 23:00:00,day_ahead
2017-11-12 18:00:00,51.84930159443383,price,2017-11-11 23:00:00,day_ahead
2017-11-12 19:00:00,52.89873104179829,price,2017-11-11 23:00:00,day_ahead
2017-11-12 20:00:00,51.802311759403,price,2017-11-11 23:00:00,day_ahead
2017-11-12 21:00:00,49.274091714822376,price,2017-11-11 23:00:00,day_ahead
2017-11-12 22:00:00,46.38120180806991,price,2017-11-11 23:00:00,day_ahead
2017-11-12 23:00:00,43.78499421931173,price,2017-11-11 23:00:00,day_ahead
2017-11-13 00:00:00,42.06132756109338,price,2017-11-12 23:00:00,day_ahead
2017-11-13 01:00:00,40.341437868756415,price,2017-11-12 23:00:00,day_ahead
2017-11-13 02:00:00,39.51853453041395,price,2017-11-12 23:00:00,day_ahead
2017-11-13 03:00:00,40.26938842429814,price,2017-11-12 23:00:00,day_ahead
2017-11-13 04:00:00,42.8846378279555,price,2017-11-12 23:00:00,day_ahead
2017-11-13 05:00:00,46.787128378071515,price,2017-11-12 23:00:00,day_ahead
2017-11-13 06:00:00,50.74603069876127,price,2017-11-12 23:00:00,day_ahead
2017-11-13 07:00:00,53.65450055724893,price,2017-11-12 23:00:00,day_ahead
2017-11-13 08:00:00,55.17988778207843,price,2017-11-12 23:00:00,day_ahead
2017-11-13 09:00:00,55.72044887835429,price,2017-11-12 23:00:00,day_ahead
2017-11-13 10:00:00,55.787270799655516,price,2017-11-12 23:00:00,day_ahead
2017-11-13 11:00:00,55.48346489692138,price,2017-11-12 23:00:00,day_ahead
2017-11-13 12:00:00,54.61430259935637,price,2017-11-12 23:00:00,day_ahead
2017-11-13 13:00:00,53.272095667443686,price,2017-11-12 23:00:00,day_ahead
2017-11-13 14:00:00,52.20375695191656,price,2017-11-12 23:00:00,day_ahead
2017-11-13 15:00:00,52.44824224641482,price,2017-11-12 23:00:00,day_ahead
2017-11-13 16:00:00,54.46908094260145,price,2017-11-12 23:00:00,day_ahead
2017-11-13 17:00:00,57.57277869136984,price,2017-11-12 23:00:00,day_ahead
2017-11-13 18:00:00,60.215044026633635,price,2017-11-12 23:00:00,day_ahead
2017-11-13 19:00:00,61.00710467688237,price,2017-11-12 23:00:00,day_ahead
2017-11-13 20:00:00,59.59412076035851,price,2017-11-12 23:00:00,day_ahead
2017-11-13 21:00:00,56.70169922200604,price,2017-11-12 23:00:00,day_ahead
2017-11-13 22:00:00,53.41149121110879,price,2017-11-12 23:00:00,day_ahead
2017-11-13 23:00:00,50.39457904159771,price,2017-11-12 23:00:00,day_ahead
2017-11-14 00:00:00,47.999973385056656,price,2017-11-13 23:00:00,day_ahead
2017-11-14 01:00:00,45.79745555784843,price,2017-11-13 23:00:00,day_ahead
2017-11-14 02:00:00,44.488579313866765,price,2017-11-13 23:00:00,day_ahead
2017-11-14 03:00:00,44.76771485855401,price,2017-11-13 23:00:00,day_ahead
2017-11-14 04:00:00,46.936190139027275,price,2017-11-13 23:00:00,day_ahead
2017-11-14 05:00:00,50.41113886659906,price,2017-11-13 23:00:00,day_ahead
2017-11-14 06:00:00,53.94379080106587,price,2017-11-13 23:00:00,day_ahead
2017-11-14 07:00:00,56.41218362079177,price,2017-11-13 23:00:00,day_ahead
2017-11-14 08:00:00,57.48368670532224,price,2017-11-13 23:00:00,day_ahead
2017-11-14 09:00:00,57.57028896868442,price,2017-11-13 23:00:00,day_ahead
2017-11-14 10:00:00,57.19784756696941,price,2017-11-13 23:00:00,day_ahead
2017-11-14 11:00:00,56.47467149126942,price,2017-11-13 23:00:00,day_ahead
2017-11-14 12:00:00,55.203689823952935,price,2017-11-13 23:00:00,day_ahead
2017-11-14 13:00:00,53.47906535887596,price,2017-11-13 23:00:00,day_ahead
2017-11-14 14:00:00,52.061690381853495,price,2017-11-13 23:00:00,day_ahead
2017-11-14 15:00:00,52.01058594721869,price,2017-11-13 23:00:00,day_ahead
2017-11-14 16:00:00,53.7994251301676,price,2017-11-13 23:00:00,day_ahead
2017-11-14 17:00:00,56.7239256726706,price,2017-11-13 23:00:00,day_ahead
2017-11-14 18:00:00,59.21352174646402,price,2017-11-13 23:00:00,day_ahead
2017-11-14 19:00:00,59.85605230892665,price,2017-11-13 23:00:00,day_ahead
2017-11-14 20:00:00,58.29188141514778,price,2017-11-13 23:00:00,day_ahead
2017-11-14 21:00:00,55.260419100222975,price,2017-11-13 23:00:00,day_ahead
2017-11-14 22:00:00,51.861632468165666,price,2017-11-13 23:00:00,day_ahead
2017-11-14 23:00:00,48.775357280536475,price,2017-11-13 23:00:00,day_ahead
2017-11-15 00:00:00,46.62635486056744,price,2017-11-14 23:00:00,day_ahead
2017-11-15 01:00:00,44.45224010989787,price,2017-11-14 23:00:00,day_ahead
2017-11-15 02:00:00,43.19792239681925,price,2017-11-14 23:00:00,day_ahead
2017-11-15 03:00:00,43.55611207350386,price,2017-11-14 23:00:00,day_ahead
2017-11-15 04:00:00,45.82607640461981,price,2017-11-14 23:00:00,day_ahead
2017-11-15 05:00:00,49.42274740852791,price,2017-11-14 23:00:00,day_ahead
2017-11-15 06:00:00,53.09474334018039,price,2017-11-14 23:00:00,day_ahead
2017-11-15 07:00:00,55.71639943706259,price,2017-11-14 23:00:00,day_ahead
2017-11-15 08:00:00,56.9500855633018,price,2017-11-14 23:00:00,day_ahead
2017-11-15 09:00:00,57.20244552731158,price,2017-11-14 23:00:00,day_ahead
2017-11-15 10:00:00,56.99531208366784,price,2017-11-14 23:00:00,day_ahead
2017-11-15 11:00:00,56.43529298781238,price,2017-11-14 23:00:00,day_ahead
2017-11-15 12:00:00,55.32521640233574,price,2017-11-14 23:00:00,day_ahead
2017-11-15 13:00:00,53.75868419764542,price,2017-11-14 23:00:00,day_ahead
2017-11-15 14:00:00,52.49384230397741,price,2017-11-14 23:00:00,day_ahead
2017-11-15 15:00:00,52.58491863834343,price,2017-11-14 23:00:00,day_ahead
2017-11-15 16:00:00,54.50073073198821,price,2017-11-14 23:00:00,day_ahead
2017-11-15 17:00:00,57.53429574451719,price,2017-11-14 23:00:00,day_ahead
2017-11-15 18:00:00,60.11514460510245,price,2017-11-14 23:00:00,day_ahead
2017-11-15 19:00:00,60.83264884734116,price,2017-11-14 23:00:00,day_ahead
2017-11-15 20:00:00,59.32804002487599,price,2017-11-14 23:00:00,day_ahead
2017-11-15 21:00:00,56.33985570097812,price,2017-11-14 23:00:00,day_ahead
2017-11-15 22:00:00,52.96611663605531,price,2017-11-14 23:00:00,day_ahead
2017-11-15 23:00:00,49.8852216485705,price,2017-11-14 23:00:00,day_ahead
2017-11-16 00:00:00,48.173397007227074,price,2017-11-15 23:00:00,day_ahead
2017-11-16 01:00:00,45.907716336822794,price,2017-11-15 23:00:00,day_ahead
2017-11-16 02:00:00,44.57101869292535,price,2017-11-15 23:00:00,day_ahead
2017-11-16 03:00:00,44.881073090212766,price,2017-11-15 23:00:00,day_ahead
2017-11-16 04:00:00,47.1477639552836,price,2017-11-15 23:00:00,day_ahead
2017-11-16 05:00:00,50.76712040670434,price,2017-11-15 23:00:00,day_ahead
2017-11-16 06:00:00,54.44885755481974,price,2017-11-15 23:00:00,day_ahead
2017-11-16 07:00:00,57.03556705823505,price,2017-11-15 23:00:00,day_ahead
2017-11-16 08:00:00,58.18540806420567,price,2017-11-15 23:00:00,day_ahead
2017-11-16 09:00:00,58.324100646305155,price,2017-11-15 23:00:00,day_ahead
2017-11-16 10:00:00,57.99328635278333,price,2017-11-15 23:00:00,day_ahead
2017-11-16 11:00:00,57.30303947815295,price,2017-11-15 23:00:00,day_ahead
2017-11-16 12:00:00,56.04875181094174,price,2017-11-15 23:00:00,day_ahead
2017-11-16 13:00:00,54.326547449851844,price,2017-11-15 23:00:00,day_ahead
2017-11-16 14:00:00,52.919285186722995,price,2017-11-15 23:00:00,day_ahead
2017-11-16 15:00:00,52.915436443247444,price,2017-11-15 23:00:00,day_ahead
2017-11-16 16:00:00,54.79906538532721,price,2017-11-15 23:00:00,day_ahead
2017-11-16 17:00:00,57.84168680992251,price,2017-11-15 23:00:00,day_ahead
2017-11-16 18:00:00,60.426111438141675,price,2017-11-15 23:00:00,day_ahead
2017-11-16 19:00:00,61.10241058393741,price,2017-11-15 23:00:00,day_ahead
2017-11-16 20:00:00,59.50593861710679,price,2017-11-15 23:00:00,day_ahead
2017-11-16 21:00:00,56.400882088538886,price,2017-11-15 23:00:00,day_ahead
2017-11-16 22:00:00,52.91744636874538,price,2017-11-15 23:00:00,day_ahead
2017-11-16 23:00:00,49.74976361622668,price,2017-11-15 23:00:00,day_ahead
2017-11-17 00:00:00,48.25977911304482,price,2017-11-16 23:00:00,day_ahead
2017-11-17 01:00:00,45.96364772413645,price,2017-11-16 23:00:00,day_ahead
2017-11-17 02:00:00,44.63071284976276,price,2017-11-16 23:00:00,day_ahead
2017-11-17 03:00:00,44.99525476301336,price,2017-11-16 23:00:00,day_ahead
2017-11-17 04:00:00,47.370450532369354,price,2017-11-16 23:00:00,day_ahead
2017-11-17 05:00:00,51.131960931872015,price,2017-11-16 23:00:00,day_ahead
2017-11-17 06:00:00,54.954382009063785,price,2017-11-16 23:00:00,day_ahead
2017-11-17 07:00:00,57.65233058891252,price,2017-11-16 23:00:00,day_ahead
2017-11-17 08:00:00,58.87855381480565,price,2017-11-16 23:00:00,day_ahead
2017-11-17 09:00:00,59.071382771972786,price,2017-11-16 23:00:00,day_ahead
2017-11-17 10:00:00,58.784449149415714,price,2017-11-16 23:00:00,day_ahead
2017-11-17 11:00:00,58.12573919829309,price,2017-11-16 23:00:00,day_ahead
2017-11-17 12:00:00,56.87952311734068,price,2017-11-16 23:00:00,day_ahead
2017-11-17 13:00:00,55.139162929685625,price,2017-11-16 23:00:00,day_ahead
2017-11-17 14:00:00,53.703345405105324,price,2017-11-16 23:00:00,day_ahead
2017-11-17 15:00:00,53.68499432505949,price,2017-11-16 23:00:00,day_ahead
2017-11-17 16:00:00,55.578328355005254,price,2017-11-16 23:00:00,day_ahead
2017-11-17 17:00:00,58.63611605141289,price,2017-11-16 23:00:00,day_ahead
2017-11-17 18:00:00,61.2020975388325,price,2017-11-16 23:00:00,day_ahead
2017-11-17 19:00:00,61.79249597695111,price,2017-11-16 23:00:00,day_ahead
2017-11-17 20:00:00,60.03486811025865,price,2017-11-16 23:00:00,day_ahead
2017-11-17 21:00:00,56.71099603455817,price,2017-11-16 23:00:00,day_ahead
2017-11-17 22:00:00,52.97539205234781,price,2017-11-16 23:00:00,day_ahead
2017-11-17 23:00:00,49.53569516412788,price,2017-11-16 23:00:00,day_ahead
2017-11-18 00:00:00,47.93429796115033,price,2017-11-17 23:00:00,day_ahead
2017-11-18 01:00:00,45.38094251292688,price,2017-11-17 23:00:00,day_ahead
2017-11-18 02:00:00,43.76932105784958,price,2017-11-17 23:00:00,day_ahead
2017-11-18 03:00:00,43.83625240529644,price,2017-11-17 23:00:00,day_ahead
2017-11-18 04:00:00,45.89672210698706,price,2017-11-17 23:00:00,day_ahead
2017-11-18 05:00:00,49.327553736186566,price,2017-11-17 23:00:00,day_ahead
2017-11-18 06:00:00,52.8044587348869,price,2017-11-17 23:00:00,day_ahead
2017-11-18 07:00:00,55.14374766100265,price,2017-11-17 23:00:00,day_ahead
2017-11-18 08:00:00,56.00068453122082,price,2017-11-17 23:00:00,day_ahead
2017-11-18 09:00:00,55.81680686961206,price,2017-11-17 23:00:00,day_ahead
2017-11-18 10:00:00,55.149453795336086,price,2017-11-17 23:00:00,day_ahead
2017-11-18 11:00:00,54.11083017228123,price,2017-11-17 23:00:00,day_ahead
2017-11-18 12:00:00,52.49005238248004,price,2017-11-17 23:00:00,day_ahead
2017-11-18 13:00:00,50.38585863053633,price,2017-11-17 23:00:00,day_ahead
2017-11-18 14:00:00,48.602363939585146,price,2017-11-17 23:00:00,day_ahead
2017-11-18 15:00:00,48.257338694517536,price,2017-11-17 23:00:00,day_ahead
2017-11-18 16:00:00,49.848923507709635,price,2017-11-17 23:00:00,day_ahead
2017-11-18 17:00:00,52.63308003436073,price,2017-11-17 23:00:00,day_ahead
2017-11-18 18:00:00,54.95654567303296,price,2017-11-17 23:00:00,day_ahead
2017-11-18 19:00:00,55.33874337648995,price,2017-11-17 23:00:00,day_ahead
2017-11-18 20:00:00,53.4105969001262,price,2017-11-17 23:00:00,day_ahead
2017-11-18 21:00:00,49.95709877422487,price,2017-11-17 23:00:00,day_ahead
2017-11-18 22:00:00,46.135620533176045,price,2017-11-17 23:00:00,day_ahead
2017-11-18 23:00:00,42.656488666299445,price,2017-11-17 23:00:00,day_ahead
2017-11-19 00:00:00,40.30453083513412,price,2017-11-18 23:00:00,day_ahead
2017-11-19 01:00:00,37.783798623583195,price,2017-11-18 23:00:00,day_ahead
2017-11-19 02:00:00,36.27201846454158,price,2017-11-18 23:00:00,day_ahead
2017-11-19 03:00:00,36.516946596582805,price,2017-11-18 23:00:00,day_ahead
2017-11-19 04:00:00,38.83650198507169,price,2017-11-18 23:00:00,day_ahead
2017-11-19 05:00:00,42.59686428649048,price,2017-11-18 23:00:00,day_ahead
2017-11-19 06:00:00,46.45477579832604,price,2017-11-18 23:00:00,day_ahead
2017-11-19 07:00:00,49.21127871099431,price,2017-11-18 23:00:00,day_ahead
2017-11-19 08:00:00,50.51804200619688,price,2017-11-18 23:00:00,day_ahead
2017-11-19 09:00:00,50.82173123277908,price,2017-11-18 23:00:00,day_ahead
2017-11-19 10:00:00,50.68356685694436,price,2017-11-18 23:00:00,day_ahead
2017-11-19 11:00:00,50.21203438044332,price,2017-11-18 23:00:00,day_ahead
2017-11-19 12:00:00,49.18867705186427,price,2017-11-18 23:00:00,day_ahead
2017-11-19 13:00:00,47.710263484048575,price,2017-11-18 23:00:00,day_ahead
2017-11-19 14:00:00,46.58879601529637,price,2017-11-18 23:00:00,day_ahead
2017-11-19 15:00:00,46.95262525233955,price,2017-11-18 23:00:00,day_ahead
2017-11-19 16:00:00,49.29991924959428,price,2017-11-18 23:00:00,day_ahead
2017-11-19 17:00:00,52.869071105148805,price,2017-11-18 23:00:00,day_ahead
2017-11-19 18:00:00,55.978264973134706,price,2017-11-18 23:00:00,day_ahead
2017-11-19 19:00:00,57.122821335261655,price,2017-11-18 23:00:00,day_ahead
2017-11-19 20:00:00,55.92543222459195,price,2017-11-18 23:00:00,day_ahead
2017-11-19 21:00:00,53.17721196516217,price,2017-11-18 23:00:00,day_ahead
2017-11-19 22:00:00,50.04457969548364,price,2017-11-18 23:00:00,day_ahead
2017-11-19 23:00:00,47.23994645621789,price,2017-11-18 23:00:00,day_ahead
2017-11-20 00:00:00,45.56135193078565,price,2017-11-19 23:00:00,day_ahead
2017-11-20 01:00:00,43.67256770010032,price,2017-11-19 23:00:00,day_ahead
2017-11-20 02:00:00,42.78386773554635,price,2017-11-19 23:00:00,day_ahead
2017-11-20 03:00:00,43.6517162069469,price,2017-11-19 23:00:00,day_ahead
2017-11-20 04:00:00,46.59029315743345,price,2017-11-19 23:00:00,day_ahead
2017-11-20 05:00:00,50.941717063481896,price,2017-11-19 23:00:00,day_ahead
2017-11-20 06:00:00,55.32846582210485,price,2017-11-19 23:00:00,day_ahead
2017-11-20 07:00:00,58.52804796734504,price,2017-11-19 23:00:00,day_ahead
2017-11-20 08:00:00,60.19211102037725,price,2017-11-19 23:00:00,day_ahead
2017-11-20 09:00:00,60.783455981020474,price,2017-11-19 23:00:00,day_ahead
2017-11-20 10:00:00,60.875524291598765,price,2017-11-19 23:00:00,day_ahead
2017-11-20 11:00:00,60.57230985273913,price,2017-11-19 23:00:00,day_ahead
2017-11-20 12:00:00,59.641430258239275,price,2017-11-19 23:00:00,day_ahead
2017-11-20 13:00:00,58.176173614635765,price,2017-11-19 23:00:00,day_ahead
2017-11-20 14:00:00,57.00715268651706,price,2017-11-19 23:00:00,day_ahead
2017-11-20 15:00:00,57.293170313937274,price,2017-11-19 23:00:00,day_ahead
2017-11-20 16:00:00,59.55008313758018,price,2017-11-19 23:00:00,day_ahead
2017-11-20 17:00:00,63.00449214482603,price,2017-11-19 23:00:00,day_ahead
2017-11-20 18:00:00,65.94044506543958,price,2017-11-19 23:00:00,day_ahead
2017-11-20 19:00:00,66.82225962980951,price,2017-11-19 23:00:00,day_ahead
2017-11-20 20:00:00,65.2668370180381,price,2017-11-19 23:00:00,day_ahead
2017-11-20 21:00:00,62.08582830890779,price,2017-11-19 23:00:00,day_ahead
2017-11-20 22:00:00,58.47498759848483,price,2017-11-19 23:00:00,day_ahead
2017-11-20 23:00:00,55.16704121589743,price,2017-11-19 23:00:00,day_ahead
2017-11-21 00:00:00,53.778393272912695,price,2017-11-20 23:00:00,day_ahead
2017-11-21 01:00:00,51.39121425399356,price,2017-11-20 23:00:00,day_ahead
2017-11-21 02:00:00,49.98082650210642,price,2017-11-20 23:00:00,day_ahead
2017-11-21 03:00:00,50.31640060797093,price,2017-11-20 23:00:00,day_ahead
2017-11-21 04:00:00,52.72384957651261,price,2017-11-20 23:00:00,day_ahead
2017-11-21 05:00:00,56.551191005014076,price,2017-11-20 23:00:00,day_ahead
2017-11-21 06:00:00,60.421212028706215,price,2017-11-20 23:00:00,day_ahead
2017-11-21 07:00:00,63.110417228582165,price,2017-11-20 23:00:00,day_ahead
2017-11-21 08:00:00,64.2720844564111,price,2017-11-20 23:00:00,day_ahead
2017-11-21 09:00:00,64.37368812724573,price,2017-11-20 23:00:00,day_ahead
2017-11-21 10:00:00,63.994019445347575,price,2017-11-20 23:00:00,day_ahead
2017-11-21 11:00:00,63.241277420233324,price,2017-11-20 23:00:00,day_ahead
2017-11-21 12:00:00,61.88687371967243,price,2017-11-20 23:00:00,day_ahead
2017-11-21 13:00:00,60.02932079839764,price,2017-11-20 23:00:00,day_ahead
2017-11-21 14:00:00,58.505740730193104,price,2017-11-20 23:00:00,day_ahead
2017-11-21 15:00:00,58.479609472691024,price,2017-11-20 23:00:00,day_ahead
2017-11-21 16:00:00,60.466215493004086,price,2017-11-20 23:00:00,day_ahead
2017-11-21 17:00:00,63.68653146516317,price,2017-11-20 23:00:00,day_ahead
2017-11-21 18:00:00,66.41855653531104,price,2017-11-20 23:00:00,day_ahead
2017-11-21 19:00:00,67.12562634830532,price,2017-11-20 23:00:00,day_ahead
2017-11-21 20:00:00,65.43001311470131,price,2017-11-20 23:00:00,day_ahead
2017-11-21 21:00:00,62.15055277722172,price,2017-11-20 23:00:00,day_ahead
2017-11-21 22:00:00,58.48533093743419,price,2017-11-20 23:00:00,day_ahead
2017-11-21 23:00:00,55.16164207655444,price,2017-11-20 23:00:00,day_ahead
2017-11-22 00:00:00,52.81879289915918,price,2017-11-21 23:00:00,day_ahead
2017-11-22 01:00:00,50.45304049820243,price,2017-11-21 23:00:00,day_ahead
2017-11-22 02:00:00,49.098042026435444,price,2017-11-21 23:00:00,day_ahead
2017-11-22 03:00:00,49.52976791209417,price,2017-11-21 23:00:00,day_ahead
2017-11-22 04:00:00,52.076930463419174,price,2017-11-21 23:00:00,day_ahead
2017-11-22 05:00:00,56.07892254071065,price,2017-11-21 23:00:00,day_ahead
2017-11-22 06:00:00,60.140540118030955,price,2017-11-21 23:00:00,day_ahead
2017-11-22 07:00:00,63.02105493303958,price,2017-11-21 23:00:00,day_ahead
2017-11-22 08:00:00,64.36624774413981,price,2017-11-21 23:00:00,day_ahead
2017-11-22 09:00:00,64.6458054401704,price,2017-11-21 23:00:00,day_ahead
2017-11-22 10:00:00,64.44256901494408,price,2017-11-21 23:00:00,day_ahead
2017-11-22 11:00:00,63.863579926084924,price,2017-11-21 23:00:00,day_ahead
2017-11-22 12:00:00,62.67482711745537,price,2017-11-21 23:00:00,day_ahead
2017-11-22 13:00:00,60.97236614219404,price,2017-11-21 23:00:00,day_ahead
2017-11-22 14:00:00,59.59863128056924,price,2017-11-21 23:00:00,day_ahead
2017-11-22 15:00:00,59.72601245130981,price,2017-11-21 23:00:00,day_ahead
2017-11-22 16:00:00,61.87199748274779,price,2017-11-21 23:00:00,day_ahead
2017-11-22 17:00:00,65.24649113092207,price,2017-11-21 23:00:00,day_ahead
2017-11-22 18:00:00,68.10765659266885,price,2017-11-21 23:00:00,day_ahead
2017-11-22 19:00:00,68.90289817211378,price,2017-11-21 23:00:00,day_ahead
2017-11-22 20:00:00,67.25254040912891,price,2017-11-21 23:00:00,day_ahead
2017-11-22 21:00:00,63.98636610488703,price,2017-11-21 23:00:00,day_ahead
2017-11-22 22:00:00,60.315751135148005,price,2017-11-21 23:00:00,day_ahead
2017-11-22 23:00:00,56.973780598055534,price,2017-11-21 23:00:00,day_ahead
2017-11-23 00:00:00,34.977069607385374,price,2017-11-22 23:00:00,day_ahead
2017-11-23 01:00:00,33.87996548851397,price,2017-11-22 23:00:00,day_ahead
2017-11-23 02:00:00,33.26338018671657,price,2017-11-22 23:00:00,day_ahead
2017-11-23 03:00:00,33.29115043004459,price,2017-11-22 23:00:00,day_ahead
2017-11-23 04:00:00,33.98677090555623,price,2017-11-22 23:00:00,day_ahead
2017-11-23 05:00:00,35.084183134914845,price,2017-11-22 23:00:00,day_ahead
2017-11-23 06:00:00,36.10952051360606,price,2017-11-22 23:00:00,day_ahead
2017-11-23 07:00:00,36.6628002227194,price,2017-11-22 23:00:00,day_ahead
2017-11-23 08:00:00,36.654071381258724,price,2017-11-22 23:00:00,day_ahead
2017-11-23 09:00:00,36.27708384243111,price,2017-11-22 23:00:00,day_ahead
2017-11-23 10:00:00,35.75601846347978,price,2017-11-22 23:00:00,day_ahead
2017-11-23 11:00:00,35.12539439180075,price,2017-11-22 23:00:00,day_ahead
2017-11-23 12:00:00,34.26831061805079,price,2017-11-22 23:00:00,day_ahead
2017-11-23 13:00:00,33.17025977535414,price,2017-11-22 23:00:00,day_ahead
2017-11-23 14:00:00,32.11044897301036,price,2017-11-22 23:00:00,day_ahead
2017-11-23 15:00:00,31.55233277737248,price,2017-11-22 23:00:00,day_ahead
2017-11-23 16:00:00,31.783773815622684,price,2017-11-22 23:00:00,day_ahead
2017-11-23 17:00:00,32.61824929043129,price,2017-11-22 23:00:00,day_ahead
2017-11-23 18:00:00,33.44288327027874,price,2017-11-22 23:00:00,day_ahead
2017-11-23 19:00:00,33.601003630398985,price,2017-11-22 23:00:00,day_ahead
2017-11-23 20:00:00,32.80363070101293,price,2017-11-22 23:00:00,day_ahead
2017-11-23 21:00:00,31.248908311663193,price,2017-11-22 23:00:00,day_ahead
2017-11-23 22:00:00,29.39761326518295,price,2017-11-22 23:00:00,day_ahead
2017-11-23 23:00:00,27.645435750322022,price,2017-11-22 23:00:00,day_ahead
2017-11-24 00:00:00,52.77028124953421,price,2017-11-23 23:00:00,day_ahead
2017-11-24 01:00:00,50.36832228278665,price,2017-11-23 23:00:00,day_ahead
2017-11-24 02:00:00,48.97371291588957,price,2017-11-23 23:00:00,day_ahead
2017-11-24 03:00:00,49.37599190239751,price,2017-11-23 23:00:00,day_ahead
2017-11-24 04:00:00,51.911167289923384,price,2017-11-23 23:00:00,day_ahead
2017-11-24 05:00:00,55.911580849884395,price,2017-11-23 23:00:00,day_ahead
2017-11-24 06:00:00,59.964884888882274,price,2017-11-23 23:00:00,day_ahead
2017-11-24 07:00:00,62.815594035661114,price,2017-11-23 23:00:00,day_ahead
2017-11-24 08:00:00,64.10618587264402,price,2017-11-23 23:00:00,day_ahead
2017-11-24 09:00:00,64.31255948162894,price,2017-11-23 23:00:00,day_ahead
2017-11-24 10:00:00,64.02392289497341,price,2017-11-23 23:00:00,day_ahead
2017-11-24 11:00:00,63.34754153907788,price,2017-11-23 23:00:00,day_ahead
2017-11-24 12:00:00,62.046558380295686,price,2017-11-23 23:00:00,day_ahead
2017-11-24 13:00:00,60.219224214061654,price,2017-11-23 23:00:00,day_ahead
2017-11-24 14:00:00,58.718135390060745,price,2017-11-23 23:00:00,day_ahead
2017-11-24 15:00:00,58.72650158441696,price,2017-11-23 23:00:00,day_ahead
2017-11-24 16:00:00,60.76180332815472,price,2017-11-23 23:00:00,day_ahead
2017-11-24 17:00:00,64.01906918498533,price,2017-11-23 23:00:00,day_ahead
2017-11-24 18:00:00,66.73557664641696,price,2017-11-23 23:00:00,day_ahead
2017-11-24 19:00:00,67.34679096905765,price,2017-11-23 23:00:00,day_ahead
2017-11-24 20:00:00,65.4779778212483,price,2017-11-23 23:00:00,day_ahead
2017-11-24 21:00:00,61.974679150948205,price,2017-11-23 23:00:00,day_ahead
2017-11-24 22:00:00,58.06075030298073,price,2017-11-23 23:00:00,day_ahead
2017-11-24 23:00:00,54.46956650152482,price,2017-11-23 23:00:00,day_ahead
2017-11-25 00:00:00,51.27604620773788,price,2017-11-24 23:00:00,day_ahead
2017-11-25 01:00:00,48.56238704825998,price,2017-11-24 23:00:00,day_ahead
2017-11-25 02:00:00,46.84566682884863,price,2017-11-24 23:00:00,day_ahead
2017-11-25 03:00:00,46.929423355970854,price,2017-11-24 23:00:00,day_ahead
2017-11-25 04:00:00,49.155446200853426,price,2017-11-24 23:00:00,day_ahead
2017-11-25 05:00:00,52.846837081795776,price,2017-11-24 23:00:00,day_ahead
2017-11-25 06:00:00,56.5729052375224,price,2017-11-24 23:00:00,day_ahead
2017-11-25 07:00:00,59.064738312303085,price,2017-11-24 23:00:00,day_ahead
2017-11-25 08:00:00,59.96586653103376,price,2017-11-24 23:00:00,day_ahead
2017-11-25 09:00:00,59.76467959812461,price,2017-11-24 23:00:00,day_ahead
2017-11-25 10:00:00,59.06285213137316,price,2017-11-24 23:00:00,day_ahead
2017-11-25 11:00:00,57.9722846202355,price,2017-11-24 23:00:00,day_ahead
2017-11-25 12:00:00,56.256406283487884,price,2017-11-24 23:00:00,day_ahead
2017-11-25 13:00:00,54.01961294967897,price,2017-11-24 23:00:00,day_ahead
2017-11-25 14:00:00,52.13137669346599,price,2017-11-24 23:00:00,day_ahead
2017-11-25 15:00:00,51.7950149280581,price,2017-11-24 23:00:00,day_ahead
2017-11-25 16:00:00,53.53718342222111,price,2017-11-24 23:00:00,day_ahead
2017-11-25 17:00:00,56.543718242363354,price,2017-11-24 23:00:00,day_ahead
2017-11-25 18:00:00,59.031670106782066,price,2017-11-24 23:00:00,day_ahead
2017-11-25 19:00:00,59.42184927332876,price,2017-11-24 23:00:00,day_ahead
2017-11-25 20:00:00,57.34216989830986,price,2017-11-24 23:00:00,day_ahead
2017-11-25 21:00:00,53.65547525530939,price,2017-11-24 23:00:00,day_ahead
2017-11-25 22:00:00,49.60441221130873,price,2017-11-24 23:00:00,day_ahead
2017-11-25 23:00:00,45.93195410103368,price,2017-11-24 23:00:00,day_ahead
2017-11-26 00:00:00,42.64927474380566,price,2017-11-25 23:00:00,day_ahead
2017-11-26 01:00:00,39.99457048725847,price,2017-11-25 23:00:00,day_ahead
2017-11-26 02:00:00,38.39640172332302,price,2017-11-25 23:00:00,day_ahead
2017-11-26 03:00:00,38.663965186601025,price,2017-11-25 23:00:00,day_ahead
2017-11-26 04:00:00,41.14182155805463,price,2017-11-25 23:00:00,day_ahead
2017-11-26 05:00:00,45.15015803839475,price,2017-11-25 23:00:00,day_ahead
2017-11-26 06:00:00,49.251206607819825,price,2017-11-25 23:00:00,day_ahead
2017-11-26 07:00:00,52.16911730077012,price,2017-11-25 23:00:00,day_ahead
2017-11-26 08:00:00,53.543633243777016,price,2017-11-25 23:00:00,day_ahead
2017-11-26 09:00:00,53.86180158277565,price,2017-11-25 23:00:00,day_ahead
2017-11-26 10:00:00,53.7235137168218,price,2017-11-25 23:00:00,day_ahead
2017-11-26 11:00:00,53.23702585241083,price,2017-11-25 23:00:00,day_ahead
2017-11-26 12:00:00,52.16202741258966,price,2017-11-25 23:00:00,day_ahead
2017-11-26 13:00:00,50.60187059009291,price,2017-11-25 23:00:00,day_ahead
2017-11-26 14:00:00,49.42769035894035,price,2017-11-25 23:00:00,day_ahead
2017-11-26 15:00:00,49.84314676701165,price,2017-11-25 23:00:00,day_ahead
2017-11-26 16:00:00,52.368949056901776,price,2017-11-25 23:00:00,day_ahead
2017-11-26 17:00:00,56.177572591642424,price,2017-11-25 23:00:00,day_ahead
2017-11-26 18:00:00,59.469812450677516,price,2017-11-25 23:00:00,day_ahead
2017-11-26 19:00:00,60.65423416318603,price,2017-11-25 23:00:00,day_ahead
2017-11-26 20:00:00,59.354234607185234,price,2017-11-25 23:00:00,day_ahead
2017-11-26 21:00:00,56.433565932668905,price,2017-11-25 23:00:00,day_ahead
2017-11-26 22:00:00,53.135370599603064,price,2017-11-25 23:00:00,day_ahead
2017-11-26 23:00:00,50.19870543809856,price,2017-11-25 23:00:00,day_ahead
2017-11-27 00:00:00,48.602300111161696,price,2017-11-26 23:00:00,day_ahead
2017-11-27 01:00:00,46.648957859845154,price,2017-11-26 23:00:00,day_ahead
2017-11-27 02:00:00,45.703381510656435,price,2017-11-26 23:00:00,day_ahead
2017-11-27 03:00:00,46.568166102309554,price,2017-11-26 23:00:00,day_ahead
2017-11-27 04:00:00,49.58792938227448,price,2017-11-26 23:00:00,day_ahead
2017-11-27 05:00:00,54.08823143181768,price,2017-11-26 23:00:00,day_ahead
2017-11-27 06:00:00,58.63677675858399,price,2017-11-26 23:00:00,day_ahead
2017-11-27 07:00:00,61.95800486831309,price,2017-11-26 23:00:00,day_ahead
2017-11-27 08:00:00,63.68566509920408,price,2017-11-26 23:00:00,day_ahead
2017-11-27 09:00:00,64.2984308107389,price,2017-11-26 23:00:00,day_ahead
2017-11-27 10:00:00,64.39088683702016,price,2017-11-26 23:00:00,day_ahead
2017-11-27 11:00:00,64.07138959773698,price,2017-11-26 23:00:00,day_ahead
2017-11-27 12:00:00,63.10271008070331,price,2017-11-26 23:00:00,day_ahead
2017-11-27 13:00:00,61.589778781793164,price,2017-11-26 23:00:00,day_ahead
2017-11-27 14:00:00,60.40165172819066,price,2017-11-26 23:00:00,day_ahead
2017-11-27 15:00:00,60.73838810387949,price,2017-11-26 23:00:00,day_ahead
2017-11-27 16:00:00,63.119869906654976,price,2017-11-26 23:00:00,day_ahead
2017-11-27 17:00:00,66.72298690891091,price,2017-11-26 23:00:00,day_ahead
2017-11-27 18:00:00,69.75678158428094,price,2017-11-26 23:00:00,day_ahead
2017-11-27 19:00:00,70.6381844175581,price,2017-11-26 23:00:00,day_ahead
2017-11-27 20:00:00,68.99637362228619,price,2017-11-26 23:00:00,day_ahead
2017-11-27 21:00:00,65.69836440408666,price,2017-11-26 23:00:00,day_ahead
2017-11-27 22:00:00,61.98966745932193,price,2017-11-26 23:00:00,day_ahead
2017-11-27 23:00:00,58.61159195085503,price,2017-11-26 23:00:00,day_ahead
2017-11-28 00:00:00,56.217539511314094,price,2017-11-27 23:00:00,day_ahead
2017-11-28 01:00:00,53.70681325163721,price,2017-11-27 23:00:00,day_ahead
2017-11-28 02:00:00,52.21114963822394,price,2017-11-27 23:00:00,day_ahead
2017-11-28 03:00:00,52.55548875952302,price,2017-11-27 23:00:00,day_ahead
2017-11-28 04:00:00,55.0924377033313,price,2017-11-27 23:00:00,day_ahead
2017-11-28 05:00:00,59.13231949054625,price,2017-11-27 23:00:00,day_ahead
2017-11-28 06:00:00,63.21473635076009,price,2017-11-27 23:00:00,day_ahead
2017-11-28 07:00:00,66.04501977096368,price,2017-11-27 23:00:00,day_ahead
2017-11-28 08:00:00,67.26075363767664,price,2017-11-27 23:00:00,day_ahead
2017-11-28 09:00:00,67.36127662413442,price,2017-11-27 23:00:00,day_ahead
2017-11-28 10:00:00,66.95961405435777,price,2017-11-27 23:00:00,day_ahead
2017-11-28 11:00:00,66.16763040744037,price,2017-11-27 23:00:00,day_ahead
2017-11-28 12:00:00,64.7425078322861,price,2017-11-27 23:00:00,day_ahead
2017-11-28 13:00:00,62.79173740268833,price,2017-11-27 23:00:00,day_ahead
2017-11-28 14:00:00,61.204441843252646,price,2017-11-27 23:00:00,day_ahead
2017-11-28 15:00:00,61.20783037847744,price,2017-11-27 23:00:00,day_ahead
2017-11-28 16:00:00,63.333846866605754,price,2017-11-27 23:00:00,day_ahead
2017-11-28 17:00:00,66.74318872331256,price,2017-11-27 23:00:00,day_ahead
2017-11-28 18:00:00,69.60972665118562,price,2017-11-27 23:00:00,day_ahead
2017-11-28 19:00:00,70.3208412724705,price,2017-11-27 23:00:00,day_ahead
2017-11-28 20:00:00,68.50064015492488,price,2017-11-27 23:00:00,day_ahead
2017-11-28 21:00:00,65.03356031138676,price,2017-11-27 23:00:00,day_ahead
2017-11-28 22:00:00,61.18681558652951,price,2017-11-27 23:00:00,day_ahead
2017-11-28 23:00:00,57.711980630721136,price,2017-11-27 23:00:00,day_ahead
2017-11-29 00:00:00,69.49145944623602,price,2017-11-28 23:00:00,day_ahead
2017-11-29 01:00:00,70.45499024855965,price,2017-11-28 23:00:00,day_ahead
2017-11-29 02:00:00,70.83826506117525,price,2017-11-28 23:00:00,day_ahead
2017-11-29 03:00:00,70.53706585004451,price,2017-11-28 23:00:00,day_ahead
2017-11-29 04:00:00,69.48063473773482,price,2017-11-28 23:00:00,day_ahead
2017-11-29 05:00:00,67.8572840308754,price,2017-11-28 23:00:00,day_ahead
2017-11-29 06:00:00,66.1544957504564,price,2017-11-28 23:00:00,day_ahead
2017-11-29 07:00:00,64.90844127216027,price,2017-11-28 23:00:00,day_ahead
2017-11-29 08:00:00,64.371898708788,price,2017-11-28 23:00:00,day_ahead
2017-11-29 09:00:00,64.41499122326245,price,2017-11-28 23:00:00,day_ahead
2017-11-29 10:00:00,64.74984718067353,price,2017-11-28 23:00:00,day_ahead
2017-11-29 11:00:00,65.24165664249031,price,2017-11-28 23:00:00,day_ahead
2017-11-29 12:00:00,65.97676583468873,price,2017-11-28 23:00:00,day_ahead
2017-11-29 13:00:00,67.01126065436958,price,2017-11-28 23:00:00,day_ahead
2017-11-29 14:00:00,68.0737609976023,price,2017-11-28 23:00:00,day_ahead
2017-11-29 15:00:00,68.5824069355628,price,2017-11-28 23:00:00,day_ahead
2017-11-29 16:00:00,68.0487346715046,price,2017-11-28 23:00:00,day_ahead
2017-11-29 17:00:00,66.54590556442975,price,2017-11-28 23:00:00,day_ahead
2017-11-29 18:00:00,64.80511948249902,price,2017-11-28 23:00:00,day_ahead
2017-11-29 19:00:00,63.8021827903968,price,2017-11-28 23:00:00,day_ahead
2017-11-29 20:00:00,64.14030492318402,price,2017-11-28 23:00:00,day_ahead
2017-11-29 21:00:00,65.71322745496826,price,2017-11-28 23:00:00,day_ahead
2017-11-29 22:00:00,67.88152933379247,price,2017-11-28 23:00:00,day_ahead
2017-11-29 23:00:00,69.95476482408606,price,2017-11-28 23:00:00,day_ahead
2017-11-30 00:00:00,56.37650439214137,price,2017-11-29 23:00:00,day_ahead
2017-11-30 01:00:00,53.798207135163715,price,2017-11-29 23:00:00,day_ahead
2017-11-30 02:00:00,52.27998019885675,price,2017-11-29 23:00:00,day_ahead
2017-11-30 03:00:00,52.67420022534287,price,2017-11-29 23:00:00,day_ahead
2017-11-30 04:00:00,55.339172982097914,price,2017-11-29 23:00:00,day_ahead
2017-11-30 05:00:00,59.55395765232677,price,2017-11-29 23:00:00,day_ahead
2017-11-30 06:00:00,63.8056676842601,price,2017-11-29 23:00:00,day_ahead
2017-11-30 07:00:00,66.76044119129489,price,2017-11-29 23:00:00,day_ahead
2017-11-30 08:00:00,68.05241042817693,price,2017-11-29 23:00:00,day_ahead
2017-11-30 09:00:00,68.2042104499361,price,2017-11-29 23:00:00,day_ahead
2017-11-30 10:00:00,67.84954476322734,price,2017-11-29 23:00:00,day_ahead
2017-11-30 11:00:00,67.09876798228633,price,2017-11-29 23:00:00,day_ahead
2017-11-30 12:00:00,65.69450288551853,price,2017-11-29 23:00:00,day_ahead
2017-11-30 13:00:00,63.74316271432286,price,2017-11-29 23:00:00,day_ahead
2017-11-30 14:00:00,62.1602150980911,price,2017-11-29 23:00:00,day_ahead
2017-11-30 15:00:00,62.210023892422754,price,2017-11-29 23:00:00,day_ahead
2017-11-30 16:00:00,64.43846473332138,price,2017-11-29 23:00:00,day_ahead
2017-11-30 17:00:00,67.97781028248573,price,2017-11-29 23:00:00,day_ahead
2017-11-30 18:00:00,70.94693124988872,price,2017-11-29 23:00:00,day_ahead
2017-11-30 19:00:00,71.69003195489287,price,2017-11-29 23:00:00,day_ahead
2017-11-30 20:00:00,69.82760381524292,price,2017-11-29 23:00:00,day_ahead
2017-11-30 21:00:00,66.2744527025112,price,2017-11-29 23:00:00,day_ahead
2017-11-30 22:00:00,62.33213142603574,price,2017-11-29 23:00:00,day_ahead
2017-11-30 23:00:00,58.766423534203966,price,2017-11-29 23:00:00,day_ahead
2017-12-01 00:00:00,56.70200442842115,price,2017-11-30 23:00:00,day_ahead
2017-12-01 01:00:00,54.12562462307553,price,2017-11-30 23:00:00,day_ahead
2017-12-01 02:00:00,52.61784256145213,price,2017-11-30 23:00:00,day_ahead
2017-12-01 03:00:00,53.041391995210866,price,2017-11-30 23:00:00,day_ahead
2017-12-01 04:00:00,55.761702535035866,price,2017-11-30 23:00:00,day_ahead
2017-12-01 05:00:00,60.05390594889056,price,2017-11-30 23:00:00,day_ahead
2017-12-01 06:00:00,64.39141144817673,price,2017-11-30 23:00:00,day_ahead
2017-12-01 07:00:00,67.42576474732029,price,2017-11-30 23:00:00,day_ahead
2017-12-01 08:00:00,68.78382895037532,price,2017-11-30 23:00:00,day_ahead
2017-12-01 09:00:00,68.98892904983555,price,2017-11-30 23:00:00,day_ahead
2017-12-01 10:00:00,68.67738557279516,price,2017-11-30 23:00:00,day_ahead
2017-12-01 11:00:00,67.95853108710052,price,2017-11-30 23:00:00,day_ahead
2017-12-01 12:00:00,66.57093092910009,price,2017-11-30 23:00:00,day_ahead
2017-12-01 13:00:00,64.61915828774474,price,2017-11-30 23:00:00,day_ahead
2017-12-01 14:00:00,63.02214246588145,price,2017-11-30 23:00:00,day_ahead
2017-12-01 15:00:00,63.04934354352344,price,2017-11-30 23:00:00,day_ahead
2017-12-01 16:00:00,65.24585119001179,price,2017-11-30 23:00:00,day_ahead
2017-12-01 17:00:00,68.7336832983303,price,2017-11-30 23:00:00,day_ahead
2017-12-01 18:00:00,71.61700549312582,price,2017-11-30 23:00:00,day_ahead
2017-12-01 19:00:00,72.2308244866835,price,2017-11-30 23:00:00,day_ahead
2017-12-01 20:00:00,70.19789515255482,price,2017-11-30 23:00:00,day_ahead
2017-12-01 21:00:00,66.4430851356124,price,2017-11-30 23:00:00,day_ahead
2017-12-01 22:00:00,62.27592462613277,price,2017-11-30 23:00:00,day_ahead
2017-12-01 23:00:00,58.46135219983871,price,2017-11-30 23:00:00,day_ahead
2017-12-02 00:00:00,54.902355395921276,price,2017-12-01 23:00:00,day_ahead
2017-12-02 01:00:00,52.01313264113354,price,2017-12-01 23:00:00,day_ahead
2017-12-02 02:00:00,50.17266215508594,price,2017-12-01 23:00:00,day_ahead
2017-12-02 03:00:00,50.25172119795502,price,2017-12-01 23:00:00,day_ahead
2017-12-02 04:00:00,52.61948285845909,price,2017-12-01 23:00:00,day_ahead
2017-12-02 05:00:00,56.54808223440316,price,2017-12-01 23:00:00,day_ahead
2017-12-02 06:00:00,60.50448819022621,price,2017-12-01 23:00:00,day_ahead
2017-12-02 07:00:00,63.13657283658381,price,2017-12-01 23:00:00,day_ahead
2017-12-02 08:00:00,64.07394343403931,price,2017-12-01 23:00:00,day_ahead
2017-12-02 09:00:00,63.847357550103624,price,2017-12-01 23:00:00,day_ahead
2017-12-02 10:00:00,63.10055866441206,price,2017-12-01 23:00:00,day_ahead
2017-12-02 11:00:00,61.94762010354861,price,2017-12-01 23:00:00,day_ahead
2017-12-02 12:00:00,60.13095887833931,price,2017-12-01 23:00:00,day_ahead
2017-12-02 13:00:00,57.76184159022432,price,2017-12-01 23:00:00,day_ahead
2017-12-02 14:00:00,55.76963828304965,price,2017-12-01 23:00:00,day_ahead
2017-12-02 15:00:00,55.43416312961464,price,2017-12-01 23:00:00,day_ahead
2017-12-02 16:00:00,57.305367843878216,price,2017-12-01 23:00:00,day_ahead
2017-12-02 17:00:00,60.50294436518587,price,2017-12-01 23:00:00,day_ahead
2017-12-02 18:00:00,63.12567663885766,price,2017-12-01 23:00:00,day_ahead
2017-12-02 19:00:00,63.50675331150868,price,2017-12-01 23:00:00,day_ahead
2017-12-02 20:00:00,61.27403575766416,price,2017-12-01 23:00:00,day_ahead
2017-12-02 21:00:00,57.36183986191664,price,2017-12-01 23:00:00,day_ahead
2017-12-02 22:00:00,53.08783613205363,price,2017-12-01 23:00:00,day_ahead
2017-12-02 23:00:00,49.22059684858486,price,2017-12-01 23:00:00,day_ahead
2017-12-03 00:00:00,46.2315821963624,price,2017-12-02 23:00:00,day_ahead
2017-12-03 01:00:00,43.41381806474085,price,2017-12-02 23:00:00,day_ahead
2017-12-03 02:00:00,41.70190588902325,price,2017-12-02 23:00:00,day_ahead
2017-12-03 03:00:00,41.970231367484615,price,2017-12-02 23:00:00,day_ahead
2017-12-03 04:00:00,44.592227263015545,price,2017-12-02 23:00:00,day_ahead
2017-12-03 05:00:00,48.84215311731671,price,2017-12-02 23:00:00,day_ahead
2017-12-03 06:00:00,53.18530804720362,price,2017-12-02 23:00:00,day_ahead
2017-12-03 07:00:00,56.26458521366312,price,2017-12-02 23:00:00,day_ahead
2017-12-03 08:00:00,57.703225509269195,price,2017-12-02 23:00:00,day_ahead
2017-12-03 09:00:00,58.02611620808683,price,2017-12-02 23:00:00,day_ahead
2017-12-03 10:00:00,57.872585948045206,price,2017-12-02 23:00:00,day_ahead
2017-12-03 11:00:00,57.353919670018854,price,2017-12-02 23:00:00,day_ahead
2017-12-03 12:00:00,56.21121934850406,price,2017-12-02 23:00:00,day_ahead
2017-12-03 13:00:00,54.55540714167384,price,2017-12-02 23:00:00,day_ahead
2017-12-03 14:00:00,53.31519416425854,price,2017-12-02 23:00:00,day_ahead
2017-12-03 15:00:00,53.767401052032525,price,2017-12-02 23:00:00,day_ahead
2017-12-03 16:00:00,56.45499404029521,price,2017-12-02 23:00:00,day_ahead
2017-12-03 17:00:00,60.48689899159457,price,2017-12-02 23:00:00,day_ahead
2017-12-03 18:00:00,63.949897616284034,price,2017-12-02 23:00:00,day_ahead
2017-12-03 19:00:00,65.16741783837034,price,2017-12-02 23:00:00,day_ahead
2017-12-03 20:00:00,63.761784911839676,price,2017-12-02 23:00:00,day_ahead
2017-12-03 21:00:00,60.66500666164832,price,2017-12-02 23:00:00,day_ahead
2017-12-03 22:00:00,57.192524421797444,price,2017-12-02 23:00:00,day_ahead
2017-12-03 23:00:00,54.108025009445726,price,2017-12-02 23:00:00,day_ahead
2017-12-04 00:00:00,51.92554153211081,price,2017-12-03 23:00:00,day_ahead
2017-12-04 01:00:00,49.813140332903856,price,2017-12-03 23:00:00,day_ahead
2017-12-04 02:00:00,48.78016795940438,price,2017-12-03 23:00:00,day_ahead
2017-12-04 03:00:00,49.704153033588966,price,2017-12-03 23:00:00,day_ahead
2017-12-04 04:00:00,52.95483140833218,price,2017-12-03 23:00:00,day_ahead
2017-12-04 05:00:00,57.7928628436378,price,2017-12-03 23:00:00,day_ahead
2017-12-04 06:00:00,62.6657757930743,price,2017-12-03 23:00:00,day_ahead
2017-12-04 07:00:00,66.20402033969977,price,2017-12-03 23:00:00,day_ahead
2017-12-04 08:00:00,68.02819232129296,price,2017-12-03 23:00:00,day_ahead
2017-12-04 09:00:00,68.66610699563012,price,2017-12-03 23:00:00,day_ahead
2017-12-04 10:00:00,68.75782387915115,price,2017-12-03 23:00:00,day_ahead
2017-12-04 11:00:00,68.41047369691967,price,2017-12-03 23:00:00,day_ahead
2017-12-04 12:00:00,67.36161154107093,price,2017-12-03 23:00:00,day_ahead
2017-12-04 13:00:00,65.72699387992562,price,2017-12-03 23:00:00,day_ahead
2017-12-04 14:00:00,64.44950465220298,price,2017-12-03 23:00:00,day_ahead
2017-12-04 15:00:00,64.82074412423805,price,2017-12-03 23:00:00,day_ahead
2017-12-04 16:00:00,67.38755855966616,price,2017-12-03 23:00:00,day_ahead
2017-12-04 17:00:00,71.24812691344904,price,2017-12-03 23:00:00,day_ahead
2017-12-04 18:00:00,74.47202466300969,price,2017-12-03 23:00:00,day_ahead
2017-12-04 19:00:00,75.37256677111796,price,2017-12-03 23:00:00,day_ahead
2017-12-04 20:00:00,73.57674819697549,price,2017-12-03 23:00:00,day_ahead
2017-12-04 21:00:00,70.03221095356456,price,2017-12-03 23:00:00,day_ahead
2017-12-04 22:00:00,66.07048714678292,price,2017-12-03 23:00:00,day_ahead
2017-12-04 23:00:00,62.46474883649056,price,2017-12-03 23:00:00,day_ahead
2017-12-05 00:00:00,64.13251065026913,price,2017-12-04 23:00:00,day_ahead
2017-12-05 01:00:00,63.38264437110626,price,2017-12-04 23:00:00,day_ahead
2017-12-05 02:00:00,62.20290665430486,price,2017-12-04 23:00:00,day_ahead
2017-12-05 03:00:00,61.38156226648556,price,2017-12-04 23:00:00,day_ahead
2017-12-05 04:00:00,61.35787107103431,price,2017-12-04 23:00:00,day_ahead
2017-12-05 05:00:00,61.97227342182048,price,2017-12-04 23:00:00,day_ahead
2017-12-05 06:00:00,62.748072615409896,price,2017-12-04 23:00:00,day_ahead
2017-12-05 07:00:00,63.34945992450252,price,2017-12-04 23:00:00,day_ahead
2017-12-05 08:00:00,63.767161000800606,price,2017-12-04 23:00:00,day_ahead
2017-12-05 09:00:00,64.13291942823686,price,2017-12-04 23:00:00,day_ahead
2017-12-05 10:00:00,64.46113035391686,price,2017-12-04 23:00:00,day_ahead
2017-12-05 11:00:00,64.6470745638381,price,2017-12-04 23:00:00,day_ahead
2017-12-05 12:00:00,64.70934686207424,price,2017-12-04 23:00:00,day_ahead
2017-12-05 13:00:00,64.94145247852371,price,2017-12-04 23:00:00,day_ahead
2017-12-05 14:00:00,65.703893300183,price,2017-12-04 23:00:00,day_ahead
2017-12-05 15:00:00,66.99292274033645,price,2017-12-04 23:00:00,day_ahead
2017-12-05 16:00:00,68.2354759759324,price,2017-12-04 23:00:00,day_ahead
2017-12-05 17:00:00,68.61630462149238,price,2017-12-04 23:00:00,day_ahead
2017-12-05 18:00:00,67.73807787009089,price,2017-12-04 23:00:00,day_ahead
2017-12-05 19:00:00,66.03692253058145,price,2017-12-04 23:00:00,day_ahead
2017-12-05 20:00:00,64.52818822232733,price,2017-12-04 23:00:00,day_ahead
2017-12-05 21:00:00,64.04037886012665,price,2017-12-04 23:00:00,day_ahead
2017-12-05 22:00:00,64.57524398242172,price,2017-12-04 23:00:00,day_ahead
2017-12-05 23:00:00,65.34625590109826,price,2017-12-04 23:00:00,day_ahead
2017-12-06 00:00:00,58.85459963396405,price,2017-12-05 23:00:00,day_ahead
2017-12-06 01:00:00,56.144319347122575,price,2017-12-05 23:00:00,day_ahead
2017-12-06 02:00:00,54.55646049190699,price,2017-12-05 23:00:00,day_ahead
2017-12-06 03:00:00,55.00595459773135,price,2017-12-05 23:00:00,day_ahead
2017-12-06 04:00:00,57.87729645131079,price,2017-12-05 23:00:00,day_ahead
2017-12-06 05:00:00,62.404272206776646,price,2017-12-05 23:00:00,day_ahead
2017-12-06 06:00:00,66.98138726620101,price,2017-12-05 23:00:00,day_ahead
2017-12-06 07:00:00,70.19749934516568,price,2017-12-05 23:00:00,day_ahead
2017-12-06 08:00:00,71.66893298154643,price,2017-12-05 23:00:00,day_ahead
2017-12-06 09:00:00,71.94865925717431,price,2017-12-05 23:00:00,day_ahead
2017-12-06 10:00:00,71.70059382058204,price,2017-12-05 23:00:00,day_ahead
2017-12-06 11:00:00,71.03315876936112,price,2017-12-05 23:00:00,day_ahead
2017-12-06 12:00:00,69.67158854179176,price,2017-12-05 23:00:00,day_ahead
2017-12-06 13:00:00,67.73318989606751,price,2017-12-05 23:00:00,day_ahead
2017-12-06 14:00:00,66.19035762091883,price,2017-12-05 23:00:00,day_ahead
2017-12-06 15:00:00,66.3738228013068,price,2017-12-05 23:00:00,day_ahead
2017-12-06 16:00:00,68.84287042490271,price,2017-12-05 23:00:00,day_ahead
2017-12-06 17:00:00,72.66203112079297,price,2017-12-05 23:00:00,day_ahead
2017-12-06 18:00:00,75.83973970960994,price,2017-12-05 23:00:00,day_ahead
2017-12-06 19:00:00,76.64302045596718,price,2017-12-05 23:00:00,day_ahead
2017-12-06 20:00:00,74.69681385492436,price,2017-12-05 23:00:00,day_ahead
2017-12-06 21:00:00,70.98306454077601,price,2017-12-05 23:00:00,day_ahead
2017-12-06 22:00:00,66.86959310307411,price,2017-12-05 23:00:00,day_ahead
2017-12-06 23:00:00,63.14124379560013,price,2017-12-05 23:00:00,day_ahead
2017-12-07 00:00:00,60.71232259498138,price,2017-12-06 23:00:00,day_ahead
2017-12-07 01:00:00,57.95854210987115,price,2017-12-06 23:00:00,day_ahead
2017-12-07 02:00:00,56.31079421094139,price,2017-12-06 23:00:00,day_ahead
2017-12-07 03:00:00,56.69125003338726,price,2017-12-06 23:00:00,day_ahead
2017-12-07 04:00:00,59.48991996711976,price,2017-12-06 23:00:00,day_ahead
2017-12-07 05:00:00,63.93961534814171,price,2017-12-06 23:00:00,day_ahead
2017-12-07 06:00:00,68.42865603590539,price,2017-12-06 23:00:00,day_ahead
2017-12-07 07:00:00,71.54065523384557,price,2017-12-06 23:00:00,day_ahead
2017-12-07 08:00:00,72.89261030021989,price,2017-12-06 23:00:00,day_ahead
2017-12-07 09:00:00,73.04319059256785,price,2017-12-06 23:00:00,day_ahead
2017-12-07 10:00:00,72.6617054178926,price,2017-12-06 23:00:00,day_ahead
2017-12-07 11:00:00,71.85787700833495,price,2017-12-06 23:00:00,day_ahead
2017-12-07 12:00:00,70.35611977510767,price,2017-12-06 23:00:00,day_ahead
2017-12-07 13:00:00,68.27643965092601,price,2017-12-06 23:00:00,day_ahead
2017-12-07 14:00:00,66.60030894644326,price,2017-12-06 23:00:00,day_ahead
2017-12-07 15:00:00,66.6698518590066,price,2017-12-06 23:00:00,day_ahead
2017-12-07 16:00:00,69.04987416009548,price,2017-12-06 23:00:00,day_ahead
2017-12-07 17:00:00,72.79973435902781,price,2017-12-06 23:00:00,day_ahead
2017-12-07 18:00:00,75.915582579197,price,2017-12-06 23:00:00,day_ahead
2017-12-07 19:00:00,76.6545068481748,price,2017-12-06 23:00:00,day_ahead
2017-12-07 20:00:00,74.64120346403647,price,2017-12-06 23:00:00,day_ahead
2017-12-07 21:00:00,70.86619537776616,price,2017-12-06 23:00:00,day_ahead
2017-12-07 22:00:00,66.70702655117564,price,2017-12-06 23:00:00,day_ahead
2017-12-07 23:00:00,62.95227144936939,price,2017-12-06 23:00:00,day_ahead
2017-12-08 00:00:00,60.47104653202695,price,2017-12-07 23:00:00,day_ahead
2017-12-08 01:00:00,57.74054430826657,price,2017-12-07 23:00:00,day_ahead
2017-12-08 02:00:00,56.11828282353838,price,2017-12-07 23:00:00,day_ahead
2017-12-08 03:00:00,56.52727518808248,price,2017-12-07 23:00:00,day_ahead
2017-12-08 04:00:00,59.36245379777101,price,2017-12-07 23:00:00,day_ahead
2017-12-08 05:00:00,63.860520374003194,price,2017-12-07 23:00:00,day_ahead
2017-12-08 06:00:00,68.4084341286668,price,2017-12-07 23:00:00,day_ahead
2017-12-08 07:00:00,71.58326212904579,price,2017-12-07 23:00:00,day_ahead
2017-12-08 08:00:00,72.99418717088862,price,2017-12-07 23:00:00,day_ahead
2017-12-08 09:00:00,73.19493869888677,price,2017-12-07 23:00:00,day_ahead
2017-12-08 10:00:00,72.85376120437795,price,2017-12-07 23:00:00,day_ahead
2017-12-08 11:00:00,72.08085673773039,price,2017-12-07 23:00:00,day_ahead
2017-12-08 12:00:00,70.59973176237614,price,2017-12-07 23:00:00,day_ahead
2017-12-08 13:00:00,68.52728432507315,price,2017-12-07 23:00:00,day_ahead
2017-12-08 14:00:00,66.8411512769855,price,2017-12-07 23:00:00,day_ahead
2017-12-08 15:00:00,66.88052376674729,price,2017-12-07 23:00:00,day_ahead
2017-12-08 16:00:00,69.20810449981386,price,2017-12-07 23:00:00,day_ahead
2017-12-08 17:00:00,72.88064314229182,price,2017-12-07 23:00:00,day_ahead
2017-12-08 18:00:00,75.89068348131511,price,2017-12-07 23:00:00,day_ahead
2017-12-08 19:00:00,76.49228722940624,price,2017-12-07 23:00:00,day_ahead
2017-12-08 20:00:00,74.31003874862807,price,2017-12-07 23:00:00,day_ahead
2017-12-08 21:00:00,70.33765925147422,price,2017-12-07 23:00:00,day_ahead
2017-12-08 22:00:00,65.95648956515107,price,2017-12-07 23:00:00,day_ahead
2017-12-08 23:00:00,61.95567232979893,price,2017-12-07 23:00:00,day_ahead
2017-12-09 00:00:00,57.71591832011403,price,2017-12-08 23:00:00,day_ahead
2017-12-09 01:00:00,54.63277732123494,price,2017-12-08 23:00:00,day_ahead
2017-12-09 02:00:00,52.6494490013369,price,2017-12-08 23:00:00,day_ahead
2017-12-09 03:00:00,52.70186104665652,price,2017-12-08 23:00:00,day_ahead
2017-12-09 04:00:00,55.188117432485264,price,2017-12-08 23:00:00,day_ahead
2017-12-09 05:00:00,59.33388360075484,price,2017-12-08 23:00:00,day_ahead
2017-12-09 06:00:00,63.50839627799609,price,2017-12-08 23:00:00,day_ahead
2017-12-09 07:00:00,66.27773084713579,price,2017-12-08 23:00:00,day_ahead
2017-12-09 08:00:00,67.2541488421346,price,2017-12-08 23:00:00,day_ahead
2017-12-09 09:00:00,67.00375168367248,price,2017-12-08 23:00:00,day_ahead
2017-12-09 10:00:00,66.2053755968264,price,2017-12-08 23:00:00,day_ahead
2017-12-09 11:00:00,64.97235002985283,price,2017-12-08 23:00:00,day_ahead
2017-12-09 12:00:00,63.02916620234062,price,2017-12-08 23:00:00,day_ahead
2017-12-09 13:00:00,60.50161838791796,price,2017-12-08 23:00:00,day_ahead
2017-12-09 14:00:00,58.38707681380316,price,2017-12-08 23:00:00,day_ahead
2017-12-09 15:00:00,58.04590237090293,price,2017-12-08 23:00:00,day_ahead
2017-12-09 16:00:00,60.04904137481405,price,2017-12-08 23:00:00,day_ahead
2017-12-09 17:00:00,63.442569579195386,price,2017-12-08 23:00:00,day_ahead
2017-12-09 18:00:00,66.19828341983454,price,2017-12-08 23:00:00,day_ahead
2017-12-09 19:00:00,66.55618948306385,price,2017-12-08 23:00:00,day_ahead
2017-12-09 20:00:00,64.14418805385208,price,2017-12-08 23:00:00,day_ahead
2017-12-09 21:00:00,59.97319491534157,price,2017-12-08 23:00:00,day_ahead
2017-12-09 22:00:00,55.44293455256635,price,2017-12-08 23:00:00,day_ahead
2017-12-09 23:00:00,51.352772405988574,price,2017-12-08 23:00:00,day_ahead
2017-12-10 00:00:00,54.19624574109509,price,2017-12-09 23:00:00,day_ahead
2017-12-10 01:00:00,50.088106808622996,price,2017-12-09 23:00:00,day_ahead
2017-12-10 02:00:00,47.17407265100067,price,2017-12-09 23:00:00,day_ahead
2017-12-10 03:00:00,47.07082576361124,price,2017-12-09 23:00:00,day_ahead
2017-12-10 04:00:00,50.47051541731287,price,2017-12-09 23:00:00,day_ahead
2017-12-10 05:00:00,56.29390716176909,price,2017-12-09 23:00:00,day_ahead
2017-12-10 06:00:00,62.300053760119866,price,2017-12-09 23:00:00,day_ahead
2017-12-10 07:00:00,66.61565723788213,price,2017-12-09 23:00:00,day_ahead
2017-12-10 08:00:00,68.7968712199531,price,2017-12-09 23:00:00,day_ahead
2017-12-10 09:00:00,69.55684839762789,price,2017-12-09 23:00:00,day_ahead
2017-12-10 10:00:00,69.63065046492753,price,2017-12-09 23:00:00,day_ahead
2017-12-10 11:00:00,69.0459097004591,price,2017-12-09 23:00:00,day_ahead
2017-12-10 12:00:00,67.53422057807835,price,2017-12-09 23:00:00,day_ahead
2017-12-10 13:00:00,65.52896161823688,price,2017-12-09 23:00:00,day_ahead
2017-12-10 14:00:00,64.49838951254914,price,2017-12-09 23:00:00,day_ahead
2017-12-10 15:00:00,66.00532229469664,price,2017-12-09 23:00:00,day_ahead
2017-12-10 16:00:00,70.23953664378851,price,2017-12-09 23:00:00,day_ahead
2017-12-10 17:00:00,75.45221112448951,price,2017-12-09 23:00:00,day_ahead
2017-12-10 18:00:00,78.98829113421098,price,2017-12-09 23:00:00,day_ahead
2017-12-10 19:00:00,79.12964238526077,price,2017-12-09 23:00:00,day_ahead
2017-12-10 20:00:00,76.17154420573411,price,2017-12-09 23:00:00,day_ahead
2017-12-10 21:00:00,71.84910084130053,price,2017-12-09 23:00:00,day_ahead
2017-12-10 22:00:00,67.7531741188948,price,2017-12-09 23:00:00,day_ahead
2017-12-10 23:00:00,64.25846456914675,price,2017-12-09 23:00:00,day_ahead
2017-12-11 00:00:00,99.5678993263809,price,2017-12-10 23:00:00,day_ahead
2017-12-11 01:00:00,98.36240901341256,price,2017-12-10 23:00:00,day_ahead
2017-12-11 02:00:00,98.06208675959637,price,2017-12-10 23:00:00,day_ahead
2017-12-11 03:00:00,99.49660198561266,price,2017-12-10 23:00:00,day_ahead
2017-12-11 04:00:00,102.6802775543275,price,2017-12-10 23:00:00,day_ahead
2017-12-11 05:00:00,106.5876469794232,price,2017-12-10 23:00:00,day_ahead
2017-12-11 06:00:00,109.84149171696946,price,2017-12-10 23:00:00,day_ahead
2017-12-11 07:00:00,111.70548294262264,price,2017-12-10 23:00:00,day_ahead
2017-12-11 08:00:00,112.47483498317584,price,2017-12-10 23:00:00,day_ahead
2017-12-11 09:00:00,112.9484205573093,price,2017-12-10 23:00:00,day_ahead
2017-12-11 10:00:00,113.55734295031759,price,2017-12-10 23:00:00,day_ahead
2017-12-11 11:00:00,114.03077011005502,price,2017-12-10 23:00:00,day_ahead
2017-12-11 12:00:00,113.9005738253327,price,2017-12-10 23:00:00,day_ahead
2017-12-11 13:00:00,113.27040493266684,price,2017-12-10 23:00:00,day_ahead
2017-12-11 14:00:00,112.98887885768735,price,2017-12-10 23:00:00,day_ahead
2017-12-11 15:00:00,113.96537839246828,price,2017-12-10 23:00:00,day_ahead
2017-12-11 16:00:00,116.2544804378106,price,2017-12-10 23:00:00,day_ahead
2017-12-11 17:00:00,118.81728814799507,price,2017-12-10 23:00:00,day_ahead
2017-12-11 18:00:00,120.24786381745699,price,2017-12-10 23:00:00,day_ahead
2017-12-11 19:00:00,119.83192583648437,price,2017-12-10 23:00:00,day_ahead
2017-12-11 20:00:00,117.98850386833128,price,2017-12-10 23:00:00,day_ahead
2017-12-11 21:00:00,115.7436208849248,price,2017-12-10 23:00:00,day_ahead
2017-12-11 22:00:00,113.80565748037426,price,2017-12-10 23:00:00,day_ahead
2017-12-11 23:00:00,112.14979812488372,price,2017-12-10 23:00:00,day_ahead
2017-12-12 00:00:00,58.74765492505588,price,2017-12-11 23:00:00,day_ahead
2017-12-12 01:00:00,55.938933410734016,price,2017-12-11 23:00:00,day_ahead
2017-12-12 02:00:00,54.22921998822164,price,2017-12-11 23:00:00,day_ahead
2017-12-12 03:00:00,54.55604116749008,price,2017-12-11 23:00:00,day_ahead
2017-12-12 04:00:00,57.32380232038243,price,2017-12-11 23:00:00,day_ahead
2017-12-12 05:00:00,61.76581916449194,price,2017-12-11 23:00:00,day_ahead
2017-12-12 06:00:00,66.25540982664413,price,2017-12-11 23:00:00,day_ahead
2017-12-12 07:00:00,69.35612989151902,price,2017-12-11 23:00:00,day_ahead
2017-12-12 08:00:00,70.67212844788644,price,2017-12-11 23:00:00,day_ahead
2017-12-12 09:00:00,70.76022899875731,price,2017-12-11 23:00:00,day_ahead
2017-12-12 10:00:00,70.29383678794125,price,2017-12-11 23:00:00,day_ahead
2017-12-12 11:00:00,69.38728682576115,price,2017-12-11 23:00:00,day_ahead
2017-12-12 12:00:00,67.77139762578443,price,2017-12-11 23:00:00,day_ahead
2017-12-12 13:00:00,65.57973530502517,price,2017-12-11 23:00:00,day_ahead
2017-12-12 14:00:00,63.81447638599069,price,2017-12-11 23:00:00,day_ahead
2017-12-12 15:00:00,63.83498917666668,price,2017-12-11 23:00:00,day_ahead
2017-12-12 16:00:00,66.20525253790136,price,2017-12-11 23:00:00,day_ahead
2017-12-12 17:00:00,69.96077233005238,price,2017-12-11 23:00:00,day_ahead
2017-12-12 18:00:00,73.06303914716717,price,2017-12-11 23:00:00,day_ahead
2017-12-12 19:00:00,73.74571743029576,price,2017-12-11 23:00:00,day_ahead
2017-12-12 20:00:00,71.63609777379725,price,2017-12-11 23:00:00,day_ahead
2017-12-12 21:00:00,67.74899994542878,price,2017-12-11 23:00:00,day_ahead
2017-12-12 22:00:00,63.488831526584335,price,2017-12-11 23:00:00,day_ahead
2017-12-12 23:00:00,59.656273093905455,price,2017-12-11 23:00:00,day_ahead
2017-12-13 00:00:00,56.89606395031728,price,2017-12-12 23:00:00,day_ahead
2017-12-13 01:00:00,54.06786057181431,price,2017-12-12 23:00:00,day_ahead
2017-12-13 02:00:00,52.38796296379375,price,2017-12-12 23:00:00,day_ahead
2017-12-13 03:00:00,52.80905924141599,price,2017-12-12 23:00:00,day_ahead
2017-12-13 04:00:00,55.73747238520877,price,2017-12-12 23:00:00,day_ahead
2017-12-13 05:00:00,60.387016241590565,price,2017-12-12 23:00:00,day_ahead
2017-12-13 06:00:00,65.09940093438445,price,2017-12-12 23:00:00,day_ahead
2017-12-13 07:00:00,68.41356873410155,price,2017-12-12 23:00:00,day_ahead
2017-12-13 08:00:00,69.92793807141851,price,2017-12-12 23:00:00,day_ahead
2017-12-13 09:00:00,70.2074380440845,price,2017-12-12 23:00:00,day_ahead
2017-12-13 10:00:00,69.93222436903537,price,2017-12-12 23:00:00,day_ahead
2017-12-13 11:00:00,69.21273640125189,price,2017-12-12 23:00:00,day_ahead
2017-12-13 12:00:00,67.77081219270485,price,2017-12-12 23:00:00,day_ahead
2017-12-13 13:00:00,65.73927243637225,price,2017-12-12 23:00:00,day_ahead
2017-12-13 14:00:00,64.13319138335808,price,2017-12-12 23:00:00,day_ahead
2017-12-13 15:00:00,64.32808845069444,price,2017-12-12 23:00:00,day_ahead
2017-12-13 16:00:00,66.88974404252568,price,2017-12-12 23:00:00,day_ahead
2017-12-13 17:00:00,70.83339899319017,price,2017-12-12 23:00:00,day_ahead
2017-12-13 18:00:00,74.0891071565086,price,2017-12-12 23:00:00,day_ahead
2017-12-13 19:00:00,74.86875846434407,price,2017-12-12 23:00:00,day_ahead
2017-12-13 20:00:00,72.80019816625482,price,2017-12-12 23:00:00,day_ahead
2017-12-13 21:00:00,68.91533916954023,price,2017-12-12 23:00:00,day_ahead
2017-12-13 22:00:00,64.63508234576341,price,2017-12-12 23:00:00,day_ahead
2017-12-13 23:00:00,60.764584482180126,price,2017-12-12 23:00:00,day_ahead
2017-12-14 00:00:00,57.56623026394556,price,2017-12-13 23:00:00,day_ahead
2017-12-14 01:00:00,54.71294915415079,price,2017-12-13 23:00:00,day_ahead
2017-12-14 02:00:00,52.98303681349067,price,2017-12-13 23:00:00,day_ahead
2017-12-14 03:00:00,53.32995747364209,price,2017-12-13 23:00:00,day_ahead
2017-12-14 04:00:00,56.165035409878556,price,2017-12-13 23:00:00,day_ahead
2017-12-14 05:00:00,60.708481181225224,price,2017-12-13 23:00:00,day_ahead
2017-12-14 06:00:00,65.30607655734998,price,2017-12-13 23:00:00,day_ahead
2017-12-14 07:00:00,68.49725408193778,price,2017-12-13 23:00:00,day_ahead
2017-12-14 08:00:00,69.87955102673735,price,2017-12-13 23:00:00,day_ahead
2017-12-14 09:00:00,70.01902610151967,price,2017-12-13 23:00:00,day_ahead
2017-12-14 10:00:00,69.60019174820677,price,2017-12-13 23:00:00,day_ahead
2017-12-14 11:00:00,68.7389783304595,price,2017-12-13 23:00:00,day_ahead
2017-12-14 12:00:00,67.16055787815586,price,2017-12-13 23:00:00,day_ahead
2017-12-14 13:00:00,64.99767700599533,price,2017-12-13 23:00:00,day_ahead
2017-12-14 14:00:00,63.263901830872705,price,2017-12-13 23:00:00,day_ahead
2017-12-14 15:00:00,63.33503550664596,price,2017-12-13 23:00:00,day_ahead
2017-12-14 16:00:00,65.7802936046867,price,2017-12-13 23:00:00,day_ahead
2017-12-14 17:00:00,69.61980947264169,price,2017-12-13 23:00:00,day_ahead
2017-12-14 18:00:00,72.78705943743928,price,2017-12-13 23:00:00,day_ahead
2017-12-14 19:00:00,73.4946150462127,price,2017-12-13 23:00:00,day_ahead
2017-12-14 20:00:00,71.36966763914195,price,2017-12-13 23:00:00,day_ahead
2017-12-14 21:00:00,67.44441321100187,price,2017-12-13 23:00:00,day_ahead
2017-12-14 22:00:00,63.141439804485714,price,2017-12-13 23:00:00,day_ahead
2017-12-14 23:00:00,59.266971905601494,price,2017-12-13 23:00:00,day_ahead
2017-12-15 00:00:00,55.77998084853743,price,2017-12-14 23:00:00,day_ahead
2017-12-15 01:00:00,52.965338259132324,price,2017-12-14 23:00:00,day_ahead
2017-12-15 02:00:00,51.27691771041336,price,2017-12-14 23:00:00,day_ahead
2017-12-15 03:00:00,51.66024505979204,price,2017-12-14 23:00:00,day_ahead
2017-12-15 04:00:00,54.526156427764434,price,2017-12-14 23:00:00,day_ahead
2017-12-15 05:00:00,59.10192197551029,price,2017-12-14 23:00:00,day_ahead
2017-12-15 06:00:00,63.74139867724466,price,2017-12-14 23:00:00,day_ahead
2017-12-15 07:00:00,66.98568040675217,price,2017-12-14 23:00:00,day_ahead
2017-12-15 08:00:00,68.42596483779526,price,2017-12-14 23:00:00,day_ahead
2017-12-15 09:00:00,68.61940895643886,price,2017-12-14 23:00:00,day_ahead
2017-12-15 10:00:00,68.24597385943396,price,2017-12-14 23:00:00,day_ahead
2017-12-15 11:00:00,67.42293535938555,price,2017-12-14 23:00:00,day_ahead
2017-12-15 12:00:00,65.87749841226182,price,2017-12-14 23:00:00,day_ahead
2017-12-15 13:00:00,63.738594106655555,price,2017-12-14 23:00:00,day_ahead
2017-12-15 14:00:00,62.00913646051493,price,2017-12-14 23:00:00,day_ahead
2017-12-15 15:00:00,62.05349777309083,price,2017-12-14 23:00:00,day_ahead
2017-12-15 16:00:00,64.43636686450262,price,2017-12-14 23:00:00,day_ahead
2017-12-15 17:00:00,68.18246426546875,price,2017-12-14 23:00:00,day_ahead
2017-12-15 18:00:00,71.2337721678086,price,2017-12-14 23:00:00,day_ahead
2017-12-15 19:00:00,71.80765299209163,price,2017-12-14 23:00:00,day_ahead
2017-12-15 20:00:00,69.52918869950547,price,2017-12-14 23:00:00,day_ahead
2017-12-15 21:00:00,65.4249763728022,price,2017-12-14 23:00:00,day_ahead
2017-12-15 22:00:00,60.91417966597137,price,2017-12-14 23:00:00,day_ahead
2017-12-15 23:00:00,56.803598498988435,price,2017-12-14 23:00:00,day_ahead
2017-12-16 00:00:00,53.449734851318695,price,2017-12-15 23:00:00,day_ahead
2017-12-16 01:00:00,50.33580964173253,price,2017-12-15 23:00:00,day_ahead
2017-12-16 02:00:00,48.320912179811714,price,2017-12-15 23:00:00,day_ahead
2017-12-16 03:00:00,48.34611506856359,price,2017-12-15 23:00:00,day_ahead
2017-12-16 04:00:00,50.82130290306983,price,2017-12-15 23:00:00,day_ahead
2017-12-16 05:00:00,54.978913785347395,price,2017-12-15 23:00:00,day_ahead
2017-12-16 06:00:00,59.18172570744269,price,2017-12-15 23:00:00,day_ahead
2017-12-16 07:00:00,61.97864319450188,price,2017-12-15 23:00:00,day_ahead
2017-12-16 08:00:00,62.96485878012666,price,2017-12-15 23:00:00,day_ahead
2017-12-16 09:00:00,62.699340244618014,price,2017-12-15 23:00:00,day_ahead
2017-12-16 10:00:00,61.865347198477124,price,2017-12-15 23:00:00,day_ahead
2017-12-16 11:00:00,60.586449916155566,price,2017-12-15 23:00:00,day_ahead
2017-12-16 12:00:00,58.59681537270999,price,2017-12-15 23:00:00,day_ahead
2017-12-16 13:00:00,56.02944126072264,price,2017-12-15 23:00:00,day_ahead
2017-12-16 14:00:00,53.887754926839335,price,2017-12-15 23:00:00,day_ahead
2017-12-16 15:00:00,53.53659285148915,price,2017-12-15 23:00:00,day_ahead
2017-12-16 16:00:00,55.545554681099375,price,2017-12-15 23:00:00,day_ahead
2017-12-16 17:00:00,58.949626678557564,price,2017-12-15 23:00:00,day_ahead
2017-12-16 18:00:00,61.702375650050875,price,2017-12-15 23:00:00,day_ahead
2017-12-16 19:00:00,62.028524675629185,price,2017-12-15 23:00:00,day_ahead
2017-12-16 20:00:00,59.55429073118685,price,2017-12-15 23:00:00,day_ahead
2017-12-16 21:00:00,55.304489068997086,price,2017-12-15 23:00:00,day_ahead
2017-12-16 22:00:00,50.69892256584964,price,2017-12-15 23:00:00,day_ahead
2017-12-16 23:00:00,46.549635812742075,price,2017-12-15 23:00:00,day_ahead
2017-12-17 00:00:00,42.96821574662454,price,2017-12-16 23:00:00,day_ahead
2017-12-17 01:00:00,39.92718218766319,price,2017-12-16 23:00:00,day_ahead
2017-12-17 02:00:00,38.04556188079856,price,2017-12-16 23:00:00,day_ahead
2017-12-17 03:00:00,38.26370896761829,price,2017-12-16 23:00:00,day_ahead
2017-12-17 04:00:00,40.993552863491885,price,2017-12-16 23:00:00,day_ahead
2017-12-17 05:00:00,45.47222196521253,price,2017-12-16 23:00:00,day_ahead
2017-12-17 06:00:00,50.06640131377391,price,2017-12-16 23:00:00,day_ahead
2017-12-17 07:00:00,53.3240616773867,price,2017-12-16 23:00:00,day_ahead
2017-12-17 08:00:00,54.83363568768018,price,2017-12-16 23:00:00,day_ahead
2017-12-17 09:00:00,55.14483088951342,price,2017-12-16 23:00:00,day_ahead
2017-12-17 10:00:00,54.93420319201963,price,2017-12-16 23:00:00,day_ahead
2017-12-17 11:00:00,54.323749130272844,price,2017-12-16 23:00:00,day_ahead
2017-12-17 12:00:00,53.0491957529806,price,2017-12-16 23:00:00,day_ahead
2017-12-17 13:00:00,51.243545174731366,price,2017-12-16 23:00:00,day_ahead
2017-12-17 14:00:00,49.905343770343244,price,2017-12-16 23:00:00,day_ahead
2017-12-17 15:00:00,50.39024920493661,price,2017-12-16 23:00:00,day_ahead
2017-12-17 16:00:00,53.25784670693248,price,2017-12-16 23:00:00,day_ahead
2017-12-17 17:00:00,57.535276685118156,price,2017-12-16 23:00:00,day_ahead
2017-12-17 18:00:00,61.17061834333487,price,2017-12-16 23:00:00,day_ahead
2017-12-17 19:00:00,62.383463000421386,price,2017-12-16 23:00:00,day_ahead
2017-12-17 20:00:00,60.793605383327645,price,2017-12-16 23:00:00,day_ahead
2017-12-17 21:00:00,57.41852756322396,price,2017-12-16 23:00:00,day_ahead
2017-12-17 22:00:00,53.67137781109089,price,2017-12-16 23:00:00,day_ahead
2017-12-17 23:00:00,50.35887271968928,price,2017-12-16 23:00:00,day_ahead
2017-12-18 00:00:00,48.19033181280426,price,2017-12-17 23:00:00,day_ahead
2017-12-18 01:00:00,45.91837923474399,price,2017-12-17 23:00:00,day_ahead
2017-12-18 02:00:00,44.77230270545991,price,2017-12-17 23:00:00,day_ahead
2017-12-18 03:00:00,45.686787891683124,price,2017-12-17 23:00:00,day_ahead
2017-12-18 04:00:00,49.06786117559782,price,2017-12-17 23:00:00,day_ahead
2017-12-18 05:00:00,54.14561845803537,price,2017-12-17 23:00:00,day_ahead
2017-12-18 06:00:00,59.27929035641981,price,2017-12-17 23:00:00,day_ahead
2017-12-18 07:00:00,63.01125102878164,price,2017-12-17 23:00:00,day_ahead
2017-12-18 08:00:00,64.92784456329963,price,2017-12-17 23:00:00,day_ahead
2017-12-18 09:00:00,65.57918367009819,price,2017-12-17 23:00:00,day_ahead
2017-12-18 10:00:00,65.6416171595849,price,2017-12-17 23:00:00,day_ahead
2017-12-18 11:00:00,65.23412906084344,price,2017-12-17 23:00:00,day_ahead
2017-12-18 12:00:00,64.08790295381975,price,2017-12-17 23:00:00,day_ahead
2017-12-18 13:00:00,62.333925561484136,price,2017-12-17 23:00:00,day_ahead
2017-12-18 14:00:00,60.97441958181778,price,2017-12-17 23:00:00,day_ahead
2017-12-18 15:00:00,61.37331999297913,price,2017-12-17 23:00:00,day_ahead
2017-12-18 16:00:00,64.09803748013887,price,2017-12-17 23:00:00,day_ahead
2017-12-18 17:00:00,68.17808378921687,price,2017-12-17 23:00:00,day_ahead
2017-12-18 18:00:00,71.55779290040914,price,2017-12-17 23:00:00,day_ahead
2017-12-18 19:00:00,72.45130066093574,price,2017-12-17 23:00:00,day_ahead
2017-12-18 20:00:00,70.4772095483426,price,2017-12-17 23:00:00,day_ahead
2017-12-18 21:00:00,66.6589825618455,price,2017-12-17 23:00:00,day_ahead
2017-12-18 22:00:00,62.4209736059212,price,2017-12-17 23:00:00,day_ahead
2017-12-18 23:00:00,58.581776559466235,price,2017-12-17 23:00:00,day_ahead
2017-12-19 00:00:00,55.41166168959049,price,2017-12-18 23:00:00,day_ahead
2017-12-19 01:00:00,52.550840255137174,price,2017-12-18 23:00:00,day_ahead
2017-12-19 02:00:00,50.798217391353134,price,2017-12-18 23:00:00,day_ahead
2017-12-19 03:00:00,51.10914877093464,price,2017-12-18 23:00:00,day_ahead
2017-12-19 04:00:00,53.90540610064014,price,2017-12-18 23:00:00,day_ahead
2017-12-19 05:00:00,58.41682423868004,price,2017-12-18 23:00:00,day_ahead
2017-12-19 06:00:00,62.988923967308644,price,2017-12-18 23:00:00,day_ahead
2017-12-19 07:00:00,66.15098115844903,price,2017-12-18 23:00:00,day_ahead
2017-12-19 08:00:00,67.48941248196459,price,2017-12-18 23:00:00,day_ahead
2017-12-19 09:00:00,67.56757630367129,price,2017-12-18 23:00:00,day_ahead
2017-12-19 10:00:00,67.07715690736576,price,2017-12-18 23:00:00,day_ahead
2017-12-19 11:00:00,66.14432621893008,price,2017-12-18 23:00:00,day_ahead
2017-12-19 12:00:00,64.49993488556848,price,2017-12-18 23:00:00,day_ahead
2017-12-19 13:00:00,62.27665057677936,price,2017-12-18 23:00:00,day_ahead
2017-12-19 14:00:00,60.487286957160684,price,2017-12-18 23:00:00,day_ahead
2017-12-19 15:00:00,60.51069192789502,price,2017-12-18 23:00:00,day_ahead
2017-12-19 16:00:00,62.92088277722455,price,2017-12-18 23:00:00,day_ahead
2017-12-19 17:00:00,66.7377057844822,price,2017-12-18 23:00:00,day_ahead
2017-12-19 18:00:00,69.88542193064903,price,2017-12-18 23:00:00,day_ahead
2017-12-19 19:00:00,70.56331619606827,price,2017-12-18 23:00:00,day_ahead
2017-12-19 20:00:00,68.3918180103693,price,2017-12-18 23:00:00,day_ahead
2017-12-19 21:00:00,64.4097398077731,price,2017-12-18 23:00:00,day_ahead
2017-12-19 22:00:00,60.055835611650515,price,2017-12-18 23:00:00,day_ahead
2017-12-19 23:00:00,56.15025410992297,price,2017-12-18 23:00:00,day_ahead
2017-12-20 00:00:00,52.78033753693632,price,2017-12-19 23:00:00,day_ahead
2017-12-20 01:00:00,49.898731973566555,price,2017-12-19 23:00:00,day_ahead
2017-12-20 02:00:00,48.17902955771008,price,2017-12-19 23:00:00,day_ahead
2017-12-20 03:00:00,48.591746057438755,price,2017-12-19 23:00:00,day_ahead
2017-12-20 04:00:00,51.56147881613626,price,2017-12-19 23:00:00,day_ahead
2017-12-20 05:00:00,56.29850328533704,price,2017-12-19 23:00:00,day_ahead
2017-12-20 06:00:00,61.114133415125785,price,2017-12-19 23:00:00,day_ahead
2017-12-20 07:00:00,64.50848090050543,price,2017-12-19 23:00:00,day_ahead
2017-12-20 08:00:00,66.05822807242862,price,2017-12-19 23:00:00,day_ahead
2017-12-20 09:00:00,66.33365656789549,price,2017-12-19 23:00:00,day_ahead
2017-12-20 10:00:00,66.03496597532441,price,2017-12-19 23:00:00,day_ahead
2017-12-20 11:00:00,65.2872447605563,price,2017-12-19 23:00:00,day_ahead
2017-12-20 12:00:00,63.814234084512655,price,2017-12-19 23:00:00,day_ahead
2017-12-20 13:00:00,61.748451224820926,price,2017-12-19 23:00:00,day_ahead
2017-12-20 14:00:00,60.116077237450135,price,2017-12-19 23:00:00,day_ahead
2017-12-20 15:00:00,60.313322819407695,price,2017-12-19 23:00:00,day_ahead
2017-12-20 16:00:00,62.91716500868754,price,2017-12-19 23:00:00,day_ahead
2017-12-20 17:00:00,66.92642940319303,price,2017-12-19 23:00:00,day_ahead
2017-12-20 18:00:00,70.2304249293863,price,2017-12-19 23:00:00,day_ahead
2017-12-20 19:00:00,71.00197596278983,price,2017-12-19 23:00:00,day_ahead
2017-12-20 20:00:00,68.85936641127483,price,2017-12-19 23:00:00,day_ahead
2017-12-20 21:00:00,64.85995649094072,price,2017-12-19 23:00:00,day_ahead
2017-12-20 22:00:00,60.463878770180145,price,2017-12-19 23:00:00,day_ahead
2017-12-20 23:00:00,56.50102998589824,price,2017-12-19 23:00:00,day_ahead
2017-12-21 00:00:00,54.701430473543816,price,2017-12-20 23:00:00,day_ahead
2017-12-21 01:00:00,52.42371919982799,price,2017-12-20 23:00:00,day_ahead
2017-12-21 02:00:00,51.024987989549714,price,2017-12-20 23:00:00,day_ahead
2017-12-21 03:00:00,51.35027359634548,price,2017-12-20 23:00:00,day_ahead
2017-12-21 04:00:00,53.50932997423345,price,2017-12-20 23:00:00,day_ahead
2017-12-21 05:00:00,56.585927881883215,price,2017-12-20 23:00:00,day_ahead
2017-12-21 06:00:00,59.22568642135238,price,2017-12-20 23:00:00,day_ahead
2017-12-21 07:00:00,60.58799269899396,price,2017-12-20 23:00:00,day_ahead
2017-12-21 08:00:00,60.79883024606813,price,2017-12-20 23:00:00,day_ahead
2017-12-21 09:00:00,60.5384636229072,price,2017-12-20 23:00:00,day_ahead
2017-12-21 10:00:00,60.2416254493217,price,2017-12-20 23:00:00,day_ahead
2017-12-21 11:00:00,59.73563130367335,price,2017-12-20 23:00:00,day_ahead
2017-12-21 12:00:00,58.65292837270403,price,2017-12-20 23:00:00,day_ahead
2017-12-21 13:00:00,57.13104958837326,price,2017-12-20 23:00:00,day_ahead
2017-12-21 14:00:00,55.9944934271289,price,2017-12-20 23:00:00,day_ahead
2017-12-21 15:00:00,56.13116509131221,price,2017-12-20 23:00:00,day_ahead
2017-12-21 16:00:00,57.61609838977093,price,2017-12-20 23:00:00,day_ahead
2017-12-21 17:00:00,59.44797983364614,price,2017-12-20 23:00:00,day_ahead
2017-12-21 18:00:00,60.21713872952581,price,2017-12-20 23:00:00,day_ahead
2017-12-21 19:00:00,59.141229332896415,price,2017-12-20 23:00:00,day_ahead
2017-12-21 20:00:00,56.552278180548605,price,2017-12-20 23:00:00,day_ahead
2017-12-21 21:00:00,53.44412652310274,price,2017-12-20 23:00:00,day_ahead
2017-12-21 22:00:00,50.57641203670868,price,2017-12-20 23:00:00,day_ahead
2017-12-21 23:00:00,48.0115517772462,price,2017-12-20 23:00:00,day_ahead
2017-12-22 00:00:00,51.34920805807938,price,2017-12-21 23:00:00,day_ahead
2017-12-22 01:00:00,48.41605626792748,price,2017-12-21 23:00:00,day_ahead
2017-12-22 02:00:00,46.646633337586515,price,2017-12-21 23:00:00,day_ahead
2017-12-22 03:00:00,47.02886466427728,price,2017-12-21 23:00:00,day_ahead
2017-12-22 04:00:00,49.99646122024231,price,2017-12-21 23:00:00,day_ahead
2017-12-22 05:00:00,54.75038913272677,price,2017-12-21 23:00:00,day_ahead
2017-12-22 06:00:00,59.57854662956189,price,2017-12-21 23:00:00,day_ahead
2017-12-22 07:00:00,62.9588763101167,price,2017-12-21 23:00:00,day_ahead
2017-12-22 08:00:00,64.46016769786456,price,2017-12-21 23:00:00,day_ahead
2017-12-22 09:00:00,64.65928544363699,price,2017-12-21 23:00:00,day_ahead
2017-12-22 10:00:00,64.26684046897485,price,2017-12-21 23:00:00,day_ahead
2017-12-22 11:00:00,63.412321653776246,price,2017-12-21 23:00:00,day_ahead
2017-12-22 12:00:00,61.81807754103355,price,2017-12-21 23:00:00,day_ahead
2017-12-22 13:00:00,59.617508099292046,price,2017-12-21 23:00:00,day_ahead
2017-12-22 14:00:00,57.84517201228762,price,2017-12-21 23:00:00,day_ahead
2017-12-22 15:00:00,57.90802252004264,price,2017-12-21 23:00:00,day_ahead
2017-12-22 16:00:00,60.38466607376551,price,2017-12-21 23:00:00,day_ahead
2017-12-22 17:00:00,64.260415583176,price,2017-12-21 23:00:00,day_ahead
2017-12-22 18:00:00,67.40285688670272,price,2017-12-21 23:00:00,day_ahead
2017-12-22 19:00:00,67.96982182698828,price,2017-12-21 23:00:00,day_ahead
2017-12-22 20:00:00,65.58111105398851,price,2017-12-21 23:00:00,day_ahead
2017-12-22 21:00:00,61.308052095729515,price,2017-12-21 23:00:00,day_ahead
2017-12-22 22:00:00,56.623702737260466,price,2017-12-21 23:00:00,day_ahead
2017-12-22 23:00:00,52.36016446123348,price,2017-12-21 23:00:00,day_ahead
2017-12-23 00:00:00,48.52520469137819,price,2017-12-22 23:00:00,day_ahead
2017-12-23 01:00:00,45.262991146951045,price,2017-12-22 23:00:00,day_ahead
2017-12-23 02:00:00,43.1345993697744,price,2017-12-22 23:00:00,day_ahead
2017-12-23 03:00:00,43.13560458396451,price,2017-12-22 23:00:00,day_ahead
2017-12-23 04:00:00,45.708667705063164,price,2017-12-22 23:00:00,day_ahead
2017-12-23 05:00:00,50.05841423405266,price,2017-12-22 23:00:00,day_ahead
2017-12-23 06:00:00,54.46945720903277,price,2017-12-22 23:00:00,day_ahead
2017-12-23 07:00:00,57.414241929782676,price,2017-12-22 23:00:00,day_ahead
2017-12-23 08:00:00,58.46037645514153,price,2017-12-22 23:00:00,day_ahead
2017-12-23 09:00:00,58.1902636237819,price,2017-12-22 23:00:00,day_ahead
2017-12-23 10:00:00,57.32355799619707,price,2017-12-22 23:00:00,day_ahead
2017-12-23 11:00:00,55.997481580644774,price,2017-12-22 23:00:00,day_ahead
2017-12-23 12:00:00,53.93944689977355,price,2017-12-22 23:00:00,day_ahead
2017-12-23 13:00:00,51.28815281803227,price,2017-12-22 23:00:00,day_ahead
2017-12-23 14:00:00,49.08674205460691,price,2017-12-22 23:00:00,day_ahead
2017-12-23 15:00:00,48.75278922287877,price,2017-12-22 23:00:00,day_ahead
2017-12-23 16:00:00,50.87228189830988,price,2017-12-22 23:00:00,day_ahead
2017-12-23 17:00:00,54.4304965291367,price,2017-12-22 23:00:00,day_ahead
2017-12-23 18:00:00,57.28937853532423,price,2017-12-22 23:00:00,day_ahead
2017-12-23 19:00:00,57.60271130545301,price,2017-12-22 23:00:00,day_ahead
2017-12-23 20:00:00,54.99434553359728,price,2017-12-22 23:00:00,day_ahead
2017-12-23 21:00:00,50.54762723758783,price,2017-12-22 23:00:00,day_ahead
2017-12-23 22:00:00,45.74879037265058,price,2017-12-22 23:00:00,day_ahead
2017-12-23 23:00:00,41.43687431550104,price,2017-12-22 23:00:00,day_ahead
2017-12-24 00:00:00,38.01506224517674,price,2017-12-23 23:00:00,day_ahead
2017-12-24 01:00:00,34.7955150741463,price,2017-12-23 23:00:00,day_ahead
2017-12-24 02:00:00,32.79929111160849,price,2017-12-23 23:00:00,day_ahead
2017-12-24 03:00:00,33.03359405074184,price,2017-12-23 23:00:00,day_ahead
2017-12-24 04:00:00,35.94038051861866,price,2017-12-23 23:00:00,day_ahead
2017-12-24 05:00:00,40.708107706626485,price,2017-12-23 23:00:00,day_ahead
2017-12-24 06:00:00,45.598324109129244,price,2017-12-23 23:00:00,day_ahead
2017-12-24 07:00:00,49.06708211052222,price,2017-12-23 23:00:00,day_ahead
2017-12-24 08:00:00,50.67904142217605,price,2017-12-23 23:00:00,day_ahead
2017-12-24 09:00:00,51.021736004474384,price,2017-12-23 23:00:00,day_ahead
2017-12-24 10:00:00,50.816914827752306,price,2017-12-23 23:00:00,day_ahead
2017-12-24 11:00:00,50.1956771656874,price,2017-12-23 23:00:00,day_ahead
2017-12-24 12:00:00,48.87701712746905,price,2017-12-23 23:00:00,day_ahead
2017-12-24 13:00:00,46.99923703413,price,2017-12-23 23:00:00,day_ahead
2017-12-24 14:00:00,45.61588723800697,price,2017-12-23 23:00:00,day_ahead
2017-12-24 15:00:00,46.15603366736965,price,2017-12-23 23:00:00,day_ahead
2017-12-24 16:00:00,49.20360461564356,price,2017-12-23 23:00:00,day_ahead
2017-12-24 17:00:00,53.72209204742218,price,2017-12-23 23:00:00,day_ahead
2017-12-24 18:00:00,57.54066017506709,price,2017-12-23 23:00:00,day_ahead
2017-12-24 19:00:00,58.78616417901475,price,2017-12-23 23:00:00,day_ahead
2017-12-24 20:00:00,57.07260401951361,price,2017-12-23 23:00:00,day_ahead
2017-12-24 21:00:00,53.48814315932356,price,2017-12-23 23:00:00,day_ahead
2017-12-24 22:00:00,49.52703768308485,price,2017-12-23 23:00:00,day_ahead
2017-12-24 23:00:00,46.030836156934306,price,2017-12-23 23:00:00,day_ahead
2017-12-25 00:00:00,34.31971130709772,price,2017-12-24 23:00:00,day_ahead
2017-12-25 01:00:00,34.56904688236918,price,2017-12-24 23:00:00,day_ahead
2017-12-25 02:00:00,34.15283730649598,price,2017-12-24 23:00:00,day_ahead
2017-12-25 03:00:00,32.94956049298371,price,2017-12-24 23:00:00,day_ahead
2017-12-25 04:00:00,30.874114649154432,price,2017-12-24 23:00:00,day_ahead
2017-12-25 05:00:00,28.148726974378693,price,2017-12-24 23:00:00,day_ahead
2017-12-25 06:00:00,25.351227494789622,price,2017-12-24 23:00:00,day_ahead
2017-12-25 07:00:00,23.11524993081262,price,2017-12-24 23:00:00,day_ahead
2017-12-25 08:00:00,21.733893230198213,price,2017-12-24 23:00:00,day_ahead
2017-12-25 09:00:00,21.043970677537523,price,2017-12-24 23:00:00,day_ahead
2017-12-25 10:00:00,20.69870741940206,price,2017-12-24 23:00:00,day_ahead
2017-12-25 11:00:00,20.541972620110283,price,2017-12-24 23:00:00,day_ahead
2017-12-25 12:00:00,20.687895398277465,price,2017-12-24 23:00:00,day_ahead
2017-12-25 13:00:00,21.214788448137767,price,2017-12-24 23:00:00,day_ahead
2017-12-25 14:00:00,21.803849871726513,price,2017-12-24 23:00:00,day_ahead
2017-12-25 15:00:00,21.75662338241818,price,2017-12-24 23:00:00,day_ahead
2017-12-25 16:00:00,20.47946960064893,price,2017-12-24 23:00:00,day_ahead
2017-12-25 17:00:00,18.047834288711933,price,2017-12-24 23:00:00,day_ahead
2017-12-25 18:00:00,15.325932352666259,price,2017-12-24 23:00:00,day_ahead
2017-12-25 19:00:00,13.474863132440694,price,2017-12-24 23:00:00,day_ahead
2017-12-25 20:00:00,13.215039278634187,price,2017-12-24 23:00:00,day_ahead
2017-12-25 21:00:00,14.422767047722168,price,2017-12-24 23:00:00,day_ahead
2017-12-25 22:00:00,16.34014399402271,price,2017-12-24 23:00:00,day_ahead
2017-12-25 23:00:00,18.15035420803399,price,2017-12-24 23:00:00,day_ahead
2017-12-26 00:00:00,50.09173588780805,price,2017-12-25 23:00:00,day_ahead
2017-12-26 01:00:00,47.10014483789406,price,2017-12-25 23:00:00,day_ahead
2017-12-26 02:00:00,45.26222445122449,price,2017-12-25 23:00:00,day_ahead
2017-12-26 03:00:00,45.58801942934374,price,2017-12-25 23:00:00,day_ahead
2017-12-26 04:00:00,48.52620652812885,price,2017-12-25 23:00:00,day_ahead
2017-12-26 05:00:00,53.2720014646807,price,2017-12-25 23:00:00,day_ahead
2017-12-26 06:00:00,58.090779136434925,price,2017-12-25 23:00:00,day_ahead
2017-12-26 07:00:00,61.43908710078985,price,2017-12-25 23:00:00,day_ahead
2017-12-26 08:00:00,62.88025061585426,price,2017-12-25 23:00:00,day_ahead
2017-12-26 09:00:00,63.00030497260214,price,2017-12-25 23:00:00,day_ahead
2017-12-26 10:00:00,62.520295811042914,price,2017-12-25 23:00:00,day_ahead
2017-12-26 11:00:00,61.57215745219555,price,2017-12-25 23:00:00,day_ahead
2017-12-26 12:00:00,59.87838329378672,price,2017-12-25 23:00:00,day_ahead
2017-12-26 13:00:00,57.58433293128813,price,2017-12-25 23:00:00,day_ahead
2017-12-26 14:00:00,55.75333332494494,price,2017-12-25 23:00:00,day_ahead
2017-12-26 15:00:00,55.823803428262714,price,2017-12-25 23:00:00,day_ahead
2017-12-26 16:00:00,58.38481940167754,price,2017-12-25 23:00:00,day_ahead
2017-12-26 17:00:00,62.399382700446594,price,2017-12-25 23:00:00,day_ahead
2017-12-26 18:00:00,65.69311577057495,price,2017-12-25 23:00:00,day_ahead
2017-12-26 19:00:00,66.39134712981905,price,2017-12-25 23:00:00,day_ahead
2017-12-26 20:00:00,64.11224785898685,price,2017-12-25 23:00:00,day_ahead
2017-12-26 21:00:00,59.95314182646495,price,2017-12-25 23:00:00,day_ahead
2017-12-26 22:00:00,55.417862523644786,price,2017-12-25 23:00:00,day_ahead
2017-12-26 23:00:00,51.35325180835583,price,2017-12-25 23:00:00,day_ahead
2017-12-27 00:00:00,46.550854459009045,price,2017-12-26 23:00:00,day_ahead
2017-12-27 01:00:00,43.63253851281743,price,2017-12-26 23:00:00,day_ahead
2017-12-27 02:00:00,41.88209142384897,price,2017-12-26 23:00:00,day_ahead
2017-12-27 03:00:00,42.292970666224775,price,2017-12-26 23:00:00,day_ahead
2017-12-27 04:00:00,45.30930617311723,price,2017-12-26 23:00:00,day_ahead
2017-12-27 05:00:00,50.138600678940705,price,2017-12-26 23:00:00,day_ahead
2017-12-27 06:00:00,55.066264916393,price,2017-12-26 23:00:00,day_ahead
2017-12-27 07:00:00,58.56076989896555,price,2017-12-26 23:00:00,day_ahead
2017-12-27 08:00:00,60.180513707553345,price,2017-12-26 23:00:00,day_ahead
2017-12-27 09:00:00,60.49547554630743,price,2017-12-26 23:00:00,day_ahead
2017-12-27 10:00:00,60.21336683464541,price,2017-12-26 23:00:00,day_ahead
2017-12-27 11:00:00,59.46376954458156,price,2017-12-26 23:00:00,day_ahead
2017-12-27 12:00:00,57.97289417509135,price,2017-12-26 23:00:00,day_ahead
2017-12-27 13:00:00,55.883750037256405,price,2017-12-26 23:00:00,day_ahead
2017-12-27 14:00:00,54.24527996052875,price,2017-12-26 23:00:00,day_ahead
2017-12-27 15:00:00,54.47700444253054,price,2017-12-26 23:00:00,day_ahead
2017-12-27 16:00:00,57.159297509181336,price,2017-12-26 23:00:00,day_ahead
2017-12-27 17:00:00,61.264617891631026,price,2017-12-26 23:00:00,day_ahead
2017-12-27 18:00:00,64.6394247532577,price,2017-12-26 23:00:00,day_ahead
2017-12-27 19:00:00,65.42548803778251,price,2017-12-26 23:00:00,day_ahead
2017-12-27 20:00:00,63.24213367665646,price,2017-12-26 23:00:00,day_ahead
2017-12-27 21:00:00,59.17518911969851,price,2017-12-26 23:00:00,day_ahead
2017-12-27 22:00:00,54.71602384531346,price,2017-12-26 23:00:00,day_ahead
2017-12-27 23:00:00,50.706374395850474,price,2017-12-26 23:00:00,day_ahead
2017-12-28 00:00:00,46.74177106280668,price,2017-12-27 23:00:00,day_ahead
2017-12-28 01:00:00,43.80845980999997,price,2017-12-27 23:00:00,day_ahead
2017-12-28 02:00:00,42.02179315014849,price,2017-12-27 23:00:00,day_ahead
2017-12-28 03:00:00,42.36430495352755,price,2017-12-27 23:00:00,day_ahead
2017-12-28 04:00:00,45.27526006703386,price,2017-12-27 23:00:00,day_ahead
2017-12-28 05:00:00,49.97097575836673,price,2017-12-27 23:00:00,day_ahead
2017-12-28 06:00:00,54.75483881152016,price,2017-12-27 23:00:00,day_ahead
2017-12-28 07:00:00,58.10996361158479,price,2017-12-27 23:00:00,day_ahead
2017-12-28 08:00:00,59.59742824273706,price,2017-12-27 23:00:00,day_ahead
2017-12-28 09:00:00,59.780870788525746,price,2017-12-27 23:00:00,day_ahead
2017-12-28 10:00:00,59.36323420287975,price,2017-12-27 23:00:00,day_ahead
2017-12-28 11:00:00,58.47786221541063,price,2017-12-27 23:00:00,day_ahead
2017-12-28 12:00:00,56.85954231438132,price,2017-12-27 23:00:00,day_ahead
2017-12-28 13:00:00,54.65467437176404,price,2017-12-27 23:00:00,day_ahead
2017-12-28 14:00:00,52.9053644726325,price,2017-12-27 23:00:00,day_ahead
2017-12-28 15:00:00,53.02039894184066,price,2017-12-27 23:00:00,day_ahead
2017-12-28 16:00:00,55.57783528347628,price,2017-12-27 23:00:00,day_ahead
2017-12-28 17:00:00,59.56233942732713,price,2017-12-27 23:00:00,day_ahead
2017-12-28 18:00:00,62.84012722358713,price,2017-12-27 23:00:00,day_ahead
2017-12-28 19:00:00,63.565845952642135,price,2017-12-27 23:00:00,day_ahead
2017-12-28 20:00:00,61.35595768198571,price,2017-12-27 23:00:00,day_ahead
2017-12-28 21:00:00,57.2822921242294,price,2017-12-27 23:00:00,day_ahead
2017-12-28 22:00:00,52.82431952637406,price,2017-12-27 23:00:00,day_ahead
2017-12-28 23:00:00,48.823048463717925,price,2017-12-27 23:00:00,day_ahead
2017-12-29 00:00:00,44.505989007387385,price,2017-12-28 23:00:00,day_ahead
2017-12-29 01:00:00,41.57841287529728,price,2017-12-28 23:00:00,day_ahead
2017-12-29 02:00:00,39.81287011950599,price,2017-12-28 23:00:00,day_ahead
2017-12-29 03:00:00,40.19357550346741,price,2017-12-28 23:00:00,day_ahead
2017-12-29 04:00:00,43.15899293809074,price,2017-12-28 23:00:00,day_ahead
2017-12-29 05:00:00,47.92193555611486,price,2017-12-28 23:00:00,day_ahead
2017-12-29 06:00:00,52.7804513468514,price,2017-12-28 23:00:00,day_ahead
2017-12-29 07:00:00,56.21161972469097,price,2017-12-28 23:00:00,day_ahead
2017-12-29 08:00:00,57.77065931359047,price,2017-12-28 23:00:00,day_ahead
2017-12-29 09:00:00,58.016211500402626,price,2017-12-28 23:00:00,day_ahead
2017-12-29 10:00:00,57.647819586028604,price,2017-12-28 23:00:00,day_ahead
2017-12-29 11:00:00,56.7975680731943,price,2017-12-28 23:00:00,day_ahead
2017-12-29 12:00:00,55.20081577139168,price,2017-12-28 23:00:00,day_ahead
2017-12-29 13:00:00,53.00487322413379,price,2017-12-28 23:00:00,day_ahead
2017-12-29 14:00:00,51.25109009029948,price,2017-12-28 23:00:00,day_ahead
2017-12-29 15:00:00,51.3446958152173,price,2017-12-28 23:00:00,day_ahead
2017-12-29 16:00:00,53.85811208598613,price,2017-12-28 23:00:00,day_ahead
2017-12-29 17:00:00,57.77046940813311,price,2017-12-28 23:00:00,day_ahead
2017-12-29 18:00:00,60.944590701827465,price,2017-12-28 23:00:00,day_ahead
2017-12-29 19:00:00,61.5342796570571,price,2017-12-28 23:00:00,day_ahead
2017-12-29 20:00:00,59.1563610212521,price,2017-12-28 23:00:00,day_ahead
2017-12-29 21:00:00,54.88250249497604,price,2017-12-28 23:00:00,day_ahead
2017-12-29 22:00:00,50.19099187321538,price,2017-12-28 23:00:00,day_ahead
2017-12-29 23:00:00,45.92182477532014,price,2017-12-28 23:00:00,day_ahead
2017-12-30 00:00:00,41.863398234328265,price,2017-12-29 23:00:00,day_ahead
2017-12-30 01:00:00,38.63311056118098,price,2017-12-29 23:00:00,day_ahead
2017-12-30 02:00:00,36.533448677511785,price,2017-12-29 23:00:00,day_ahead
2017-12-30 03:00:00,36.54553497410094,price,2017-12-29 23:00:00,day_ahead
2017-12-30 04:00:00,39.10870521432978,price,2017-12-29 23:00:00,day_ahead
2017-12-30 05:00:00,43.44285093611135,price,2017-12-29 23:00:00,day_ahead
2017-12-30 06:00:00,47.85659335685079,price,2017-12-29 23:00:00,day_ahead
2017-12-30 07:00:00,50.83581177850638,price,2017-12-29 23:00:00,day_ahead
2017-12-30 08:00:00,51.939763039677544,price,2017-12-29 23:00:00,day_ahead
2017-12-30 09:00:00,51.72813289339497,price,2017-12-29 23:00:00,day_ahead
2017-12-30 10:00:00,50.90276708447033,price,2017-12-29 23:00:00,day_ahead
2017-12-30 11:00:00,49.60143558378215,price,2017-12-29 23:00:00,day_ahead
2017-12-30 12:00:00,47.566366193529014,price,2017-12-29 23:00:00,day_ahead
2017-12-30 13:00:00,44.94888438159047,price,2017-12-29 23:00:00,day_ahead
2017-12-30 14:00:00,42.79025186997709,price,2017-12-29 23:00:00,day_ahead
2017-12-30 15:00:00,42.4949940339394,price,2017-12-29 23:00:00,day_ahead
2017-12-30 16:00:00,44.63948632079208,price,2017-12-29 23:00:00,day_ahead
2017-12-30 17:00:00,48.21340448584894,price,2017-12-29 23:00:00,day_ahead
2017-12-30 18:00:00,51.09303041020922,price,2017-12-29 23:00:00,day_ahead
2017-12-30 19:00:00,51.442202854158495,price,2017-12-29 23:00:00,day_ahead
2017-12-30 20:00:00,48.88082790958482,price,2017-12-29 23:00:00,day_ahead
2017-12-30 21:00:00,44.47878567221902,price,2017-12-29 23:00:00,day_ahead
2017-12-30 22:00:00,39.712964043198824,price,2017-12-29 23:00:00,day_ahead
2017-12-30 23:00:00,35.425592513559515,price,2017-12-29 23:00:00,day_ahead
2017-12-31 00:00:00,-19.62676645673333,price,2017-12-30 23:00:00,day_ahead
2017-12-31 01:00:00,-22.172214812154625,price,2017-12-30 23:00:00,day_ahead
2017-12-31 02:00:00,-23.816682809225938,price,2017-12-30 23:00:00,day_ahead
2017-12-31 03:00:00,-23.848529809220654,price,2017-12-30 23:00:00,day_ahead
2017-12-31 04:00:00,-22.228358583789248,price,2017-12-30 23:00:00,day_ahead
2017-12-31 05:00:00,-19.784716862474475,price,2017-12-30 23:00:00,day_ahead
2017-12-31 06:00:00,-17.681670804589725,price,2017-12-30 23:00:00,day_ahead
2017-12-31 07:00:00,-16.622313899396335,price,2017-12-30 23:00:00,day_ahead
2017-12-31 08:00:00,-16.501933906238648,price,2017-12-30 23:00:00,day_ahead
2017-12-31 09:00:00,-16.77772362042863,price,2017-12-30 23:00:00,day_ahead
2017-12-31 10:00:00,-17.126322831292615,price,2017-12-30 23:00:00,day_ahead
2017-12-31 11:00:00,-17.70933956601249,price,2017-12-30 23:00:00,day_ahead
2017-12-31 12:00:00,-18.804461171983085,price,2017-12-30 23:00:00,day_ahead
2017-12-31 13:00:00,-20.236871322567687,price,2017-12-30 23:00:00,day_ahead
2017-12-31 14:00:00,-21.271967181134677,price,2017-12-30 23:00:00,day_ahead
2017-12-31 15:00:00,-21.169051587717117,price,2017-12-30 23:00:00,day_ahead
2017-12-31 16:00:00,-19.905350991114286,price,2017-12-30 23:00:00,day_ahead
2017-12-31 17:00:00,-18.358204709893872,price,2017-12-30 23:00:00,day_ahead
2017-12-31 18:00:00,-17.71812657188968,price,2017-12-30 23:00:00,day_ahead
2017-12-31 19:00:00,-18.63080010854728,price,2017-12-30 23:00:00,day_ahead
2017-12-31 20:00:00,-20.821358512754728,price,2017-12-30 23:00:00,day_ahead
2017-12-31 21:00:00,-23.489196512702406,price,2017-12-30 23:00:00,day_ahead
2017-12-31 22:00:00,-26.034727019744142,price,2017-12-30 23:00:00,day_ahead
2017-12-31 23:00:00,-28.402868072026546,price,2017-12-30 23:00:00,day_ahead
