ds,yhat,target,forecast_origin,horizon
2017-01-01 00:00:00,0.0,solar,2016-12-31 23:00:00,day_ahead
2017-01-01 01:00:00,0.0,solar,2016-12-31 23:00:00,day_ahead
2017-01-01 02:00:00,0.0,solar,2016-12-31 23:00:00,day_ahead
2017-01-01 03:00:00,0.0,solar,2016-12-31 23:00:00,day_ahead
2017-01-01 04:00:00,0.0,solar,2016-12-31 23:00:00,day_ahead
2017-01-01 05:00:00,0.0,solar,2016-12-31 23:00:00,day_ahead
2017-01-01 06:00:00,0.0,solar,2016-12-31 23:00:00,day_ahead
2017-01-01 07:00:00,0.21764795680652024,solar,2016-12-31 23:00:00,day_ahead
2017-01-01 08:00:00,41.67142760452538,solar,2016-12-31 23:00:00,day_ahead
2017-01-01 09:00:00,143.6711251679255,solar,2016-12-31 23:00:00,day_ahead
2017-01-01 10:00:00,217.39977495075075,solar,2016-12-31 23:00:00,day_ahead
2017-01-01 11:00:00,254.32082117382683,solar,2016-12-31 23:00:00,day_ahead
2017-01-01 12:00:00,265.13498918472203,solar,2016-12-31 23:00:00,day_ahead
2017-01-01 13:00:00,257.89454466826083,solar,2016-12-31 23:00:00,day_ahead
2017-01-01 14:00:00,230.385597573494,solar,2016-12-31 23:00:00,day_ahead
2017-01-01 15:00:00,179.13327422273565,solar,2016-12-31 23:00:00,day_ahead
2017-01-01 16:00:00,85.07556496980858,solar,2016-12-31 23:00:00,day_ahead
2017-01-01 17:00:00,7.228580868589257,solar,2016-12-31 23:00:00,day_ahead
2017-01-01 18:00:00,0.0,solar,2016-12-31 23:00:00,day_ahead
2017-01-01 19:00:00,0.0,solar,2016-12-31 23:00:00,day_ahead
2017-01-01 20:00:00,0.0,solar,2016-12-31 23:00:00,day_ahead
2017-01-01 21:00:00,0.0,solar,2016-12-31 23:00:00,day_ahead
2017-01-01 22:00:00,0.0,solar,2016-12-31 23:00:00,day_ahead
2017-01-01 23:00:00,0.0,solar,2016-12-31 23:00:00,day_ahead
2017-01-02 00:00:00,0.0,solar,2017-01-01 23:00:00,day_ahead
2017-01-02 01:00:00,0.0,solar,2017-01-01 23:00:00,day_ahead
2017-01-02 02:00:00,0.0,solar,2017-01-01 23:00:00,day_ahead
2017-01-02 03:00:00,0.0,solar,2017-01-01 23:00:00,day_ahead
2017-01-02 04:00:00,0.0,solar,2017-01-01 23:00:00,day_ahead
2017-01-02 05:00:00,0.0,solar,2017-01-01 23:00:00,day_ahead
2017-01-02 06:00:00,0.0,solar,2017-01-01 23:00:00,day_ahead
2017-01-02 07:00:00,0.18701100615466307,solar,2017-01-01 23:00:00,day_ahead
2017-01-02 08:00:00,36.35658317207442,solar,2017-01-01 23:00:00,day_ahead
2017-01-02 09:00:00,125.55117608609613,solar,2017-01-01 23:00:00,day_ahead
2017-01-02 10:00:00,189.9867974734775,solar,2017-01-01 23:00:00,day_ahead
2017-01-02 11:00:00,222.27839702913238,solar,2017-01-01 23:00:00,day_ahead
2017-01-02 12:00:00,231.82076148016435,solar,2017-01-01 23:00:00,day_ahead
2017-01-02 13:00:00,225.13209949869645,solar,2017-01-01 23:00:00,day_ahead
2017-01-02 14:00:00,200.6940778275543,solar,2017-01-01 23:00:00,day_ahead
2017-01-02 15:00:00,155.37071164295236,solar,2017-01-01 23:00:00,day_ahead
2017-01-02 16:00:00,73.50094233365077,solar,2017-01-01 23:00:00,day_ahead
2017-01-02 17:00:00,6.211084525898551,solar,2017-01-01 23:00:00,day_ahead
2017-01-02 18:00:00,0.0,solar,2017-01-01 23:00:00,day_ahead
2017-01-02 19:00:00,0.0,solar,2017-01-01 23:00:00,day_ahead
2017-01-02 20:00:00,0.0,solar,2017-01-01 23:00:00,day_ahead
2017-01-02 21:00:00,0.0,solar,2017-01-01 23:00:00,day_ahead
2017-01-02 22:00:00,0.0,solar,2017-01-01 23:00:00,day_ahead
2017-01-02 23:00:00,0.0,solar,2017-01-01 23:00:00,day_ahead
2017-01-03 00:00:00,0.0,solar,2017-01-02 23:00:00,day_ahead
2017-01-03 01:00:00,0.0,solar,2017-01-02 23:00:00,day_ahead
2017-01-03 02:00:00,0.0,solar,2017-01-02 23:00:00,day_ahead
2017-01-03 03:00:00,0.0,solar,2017-01-02 23:00:00,day_ahead
2017-01-03 04:00:00,0.0,solar,2017-01-02 23:00:00,day_ahead
2017-01-03 05:00:00,0.0,solar,2017-01-02 23:00:00,day_ahead
2017-01-03 06:00:00,0.0,solar,2017-01-02 23:00:00,day_ahead
2017-01-03 07:00:00,0.13841309422247824,solar,2017-01-02 23:00:00,day_ahead
2017-01-03 08:00:00,27.05698791169066,solar,2017-01-02 23:00:00,day_ahead
2017-01-03 09:00:00,93.6288745139234,solar,2017-01-02 23:00:00,day_ahead
2017-01-03 10:00:00,141.66578324957925,solar,2017-01-02 23:00:00,day_ahead
2017-01-03 11:00:00,165.73885215208784,solar,2017-01-02 23:00:00,day_ahead
2017-01-03 12:00:00,172.50496447459255,solar,2017-01-02 23:00:00,day_ahead
2017-01-03 13:00:00,167.14675417536318,solar,2017-01-02 23:00:00,day_ahead
2017-01-03 14:00:00,148.88638467640013,solar,2017-01-02 23:00:00,day_ahead
2017-01-03 15:00:00,115.24219595713448,solar,2017-01-02 23:00:00,day_ahead
2017-01-03 16:00:00,54.462298806316134,solar,2017-01-02 23:00:00,day_ahead
2017-01-03 17:00:00,4.597032988749224,solar,2017-01-02 23:00:00,day_ahead
2017-01-03 18:00:00,0.0,solar,2017-01-02 23:00:00,day_ahead
2017-01-03 19:00:00,0.0,solar,2017-01-02 23:00:00,day_ahead
2017-01-03 20:00:00,0.0,solar,2017-01-02 23:00:00,day_ahead
2017-01-03 21:00:00,0.0,solar,2017-01-02 23:00:00,day_ahead
2017-01-03 22:00:00,0.0,solar,2017-01-02 23:00:00,day_ahead
2017-01-03 23:00:00,0.0,solar,2017-01-02 23:00:00,day_ahead
2017-01-04 00:00:00,0.0,solar,2017-01-03 23:00:00,day_ahead
2017-01-04 01:00:00,0.0,solar,2017-01-03 23:00:00,day_ahead
2017-01-04 02:00:00,0.0,solar,2017-01-03 23:00:00,day_ahead
2017-01-04 03:00:00,0.0,solar,2017-01-03 23:00:00,day_ahead
2017-01-04 04:00:00,0.0,solar,2017-01-03 23:00:00,day_ahead
2017-01-04 05:00:00,0.0,solar,2017-01-03 23:00:00,day_ahead
2017-01-04 06:00:00,0.0,solar,2017-01-03 23:00:00,day_ahead
2017-01-04 07:00:00,0.13893093140813745,solar,2017-01-03 23:00:00,day_ahead
2017-01-04 08:00:00,27.245012458919668,solar,2017-01-03 23:00:00,day_ahead
2017-01-04 09:00:00,94.40076229677369,solar,2017-01-03 23:00:00,day_ahead
2017-01-04 10:00:00,142.96459652602996,solar,2017-01-03 23:00:00,day_ahead
2017-01-04 11:00:00,167.61135588053324,solar,2017-01-03 23:00:00,day_ahead
2017-01-04 12:00:00,174.4771843324564,solar,2017-01-03 23:00:00,day_ahead
2017-01-04 13:00:00,169.0617263159952,solar,2017-01-03 23:00:00,day_ahead
2017-01-04 14:00:00,150.36101804511912,solar,2017-01-03 23:00:00,day_ahead
2017-01-04 15:00:00,116.26854609310965,solar,2017-01-03 23:00:00,day_ahead
2017-01-04 16:00:00,54.86444954694426,solar,2017-01-03 23:00:00,day_ahead
2017-01-04 17:00:00,4.626630808158585,solar,2017-01-03 23:00:00,day_ahead
2017-01-04 18:00:00,0.0,solar,2017-01-03 23:00:00,day_ahead
2017-01-04 19:00:00,0.0,solar,2017-01-03 23:00:00,day_ahead
2017-01-04 20:00:00,0.0,solar,2017-01-03 23:00:00,day_ahead
2017-01-04 21:00:00,0.0,solar,2017-01-03 23:00:00,day_ahead
2017-01-04 22:00:00,0.0,solar,2017-01-03 23:00:00,day_ahead
2017-01-04 23:00:00,0.0,solar,2017-01-03 23:00:00,day_ahead
2017-01-05 00:00:00,0.0,solar,2017-01-04 23:00:00,day_ahead
2017-01-05 01:00:00,0.0,solar,2017-01-04 23:00:00,day_ahead
2017-01-05 02:00:00,0.0,solar,2017-01-04 23:00:00,day_ahead
2017-01-05 03:00:00,0.0,solar,2017-01-04 23:00:00,day_ahead
2017-01-05 04:00:00,0.0,solar,2017-01-04 23:00:00,day_ahead
2017-01-05 05:00:00,0.0,solar,2017-01-04 23:00:00,day_ahead
2017-01-05 06:00:00,0.0,solar,2017-01-04 23:00:00,day_ahead
2017-01-05 07:00:00,0.15022284081657267,solar,2017-01-04 23:00:00,day_ahead
2017-01-05 08:00:00,29.673949840786864,solar,2017-01-04 23:00:00,day_ahead
2017-01-05 09:00:00,102.98518493118613,solar,2017-01-04 23:00:00,day_ahead
2017-01-05 10:00:00,156.01909201166256,solar,2017-01-04 23:00:00,day_ahead
2017-01-05 11:00:00,183.01769869496343,solar,2017-01-04 23:00:00,day_ahead
2017-01-05 12:00:00,190.5488325725837,solar,2017-01-04 23:00:00,day_ahead
2017-01-05 13:00:00,184.7870840282778,solar,2017-01-04 23:00:00,day_ahead
2017-01-05 14:00:00,164.351894654885,solar,2017-01-04 23:00:00,day_ahead
2017-01-05 15:00:00,127.04599307374212,solar,2017-01-04 23:00:00,day_ahead
2017-01-05 16:00:00,59.76616481927446,solar,2017-01-04 23:00:00,day_ahead
2017-01-05 17:00:00,5.0160787374381055,solar,2017-01-04 23:00:00,day_ahead
2017-01-05 18:00:00,0.0,solar,2017-01-04 23:00:00,day_ahead
2017-01-05 19:00:00,0.0,solar,2017-01-04 23:00:00,day_ahead
2017-01-05 20:00:00,0.0,solar,2017-01-04 23:00:00,day_ahead
2017-01-05 21:00:00,0.0,solar,2017-01-04 23:00:00,day_ahead
2017-01-05 22:00:00,0.0,solar,2017-01-04 23:00:00,day_ahead
2017-01-05 23:00:00,0.0,solar,2017-01-04 23:00:00,day_ahead
2017-01-06 00:00:00,0.0,solar,2017-01-05 23:00:00,day_ahead
2017-01-06 01:00:00,0.0,solar,2017-01-05 23:00:00,day_ahead
2017-01-06 02:00:00,0.0,solar,2017-01-05 23:00:00,day_ahead
2017-01-06 03:00:00,0.0,solar,2017-01-05 23:00:00,day_ahead
2017-01-06 04:00:00,0.0,solar,2017-01-05 23:00:00,day_ahead
2017-01-06 05:00:00,0.0,solar,2017-01-05 23:00:00,day_ahead
2017-01-06 06:00:00,0.0,solar,2017-01-05 23:00:00,day_ahead
2017-01-06 07:00:00,0.15461874877367732,solar,2017-01-05 23:00:00,day_ahead
2017-01-06 08:00:00,30.763106933131855,solar,2017-01-05 23:00:00,day_ahead
2017-01-06 09:00:00,106.9648876380856,solar,2017-01-05 23:00:00,day_ahead
2017-01-06 10:00:00,162.25456929080812,solar,2017-01-05 23:00:00,day_ahead
2017-01-06 11:00:00,190.3882571238046,solar,2017-01-05 23:00:00,day_ahead
2017-01-06 12:00:00,198.1673741874206,solar,2017-01-05 23:00:00,day_ahead
2017-01-06 13:00:00,192.4992458445287,solar,2017-01-05 23:00:00,day_ahead
2017-01-06 14:00:00,171.4798708570867,solar,2017-01-05 23:00:00,day_ahead
2017-01-06 15:00:00,132.54405230371367,solar,2017-01-05 23:00:00,day_ahead
2017-01-06 16:00:00,62.20514150769055,solar,2017-01-05 23:00:00,day_ahead
2017-01-06 17:00:00,5.176663533374516,solar,2017-01-05 23:00:00,day_ahead
2017-01-06 18:00:00,0.0,solar,2017-01-05 23:00:00,day_ahead
2017-01-06 19:00:00,0.0,solar,2017-01-05 23:00:00,day_ahead
2017-01-06 20:00:00,0.0,solar,2017-01-05 23:00:00,day_ahead
2017-01-06 21:00:00,0.0,solar,2017-01-05 23:00:00,day_ahead
2017-01-06 22:00:00,0.0,solar,2017-01-05 23:00:00,day_ahead
2017-01-06 23:00:00,0.0,solar,2017-01-05 23:00:00,day_ahead
2017-01-07 00:00:00,0.0,solar,2017-01-06 23:00:00,day_ahead
2017-01-07 01:00:00,0.0,solar,2017-01-06 23:00:00,day_ahead
2017-01-07 02:00:00,0.0,solar,2017-01-06 23:00:00,day_ahead
2017-01-07 03:00:00,0.0,solar,2017-01-06 23:00:00,day_ahead
2017-01-07 04:00:00,0.0,solar,2017-01-06 23:00:00,day_ahead
2017-01-07 05:00:00,0.0,solar,2017-01-06 23:00:00,day_ahead
2017-01-07 06:00:00,0.0,solar,2017-01-06 23:00:00,day_ahead
2017-01-07 07:00:00,0.18829364294571996,solar,2017-01-06 23:00:00,day_ahead
2017-01-07 08:00:00,38.017716778941185,solar,2017-01-06 23:00:00,day_ahead
2017-01-07 09:00:00,132.24427689976284,solar,2017-01-06 23:00:00,day_ahead
2017-01-07 10:00:00,200.65128758670215,solar,2017-01-06 23:00:00,day_ahead
2017-01-07 11:00:00,235.9375104992706,solar,2017-01-06 23:00:00,day_ahead
2017-01-07 12:00:00,246.0831422145976,solar,2017-01-06 23:00:00,day_ahead
2017-01-07 13:00:00,239.13011581071848,solar,2017-01-06 23:00:00,day_ahead
2017-01-07 14:00:00,213.1967366261984,solar,2017-01-06 23:00:00,day_ahead
2017-01-07 15:00:00,164.7221435605852,solar,2017-01-06 23:00:00,day_ahead
2017-01-07 16:00:00,77.01348413034725,solar,2017-01-06 23:00:00,day_ahead
2017-01-07 17:00:00,6.337716173296741,solar,2017-01-06 23:00:00,day_ahead
2017-01-07 18:00:00,0.0,solar,2017-01-06 23:00:00,day_ahead
2017-01-07 19:00:00,0.0,solar,2017-01-06 23:00:00,day_ahead
2017-01-07 20:00:00,0.0,solar,2017-01-06 23:00:00,day_ahead
2017-01-07 21:00:00,0.0,solar,2017-01-06 23:00:00,day_ahead
2017-01-07 22:00:00,0.0,solar,2017-01-06 23:00:00,day_ahead
2017-01-07 23:00:00,0.0,solar,2017-01-06 23:00:00,day_ahead
2017-01-08 00:00:00,0.0,solar,2017-01-07 23:00:00,day_ahead
2017-01-08 01:00:00,0.0,solar,2017-01-07 23:00:00,day_ahead
2017-01-08 02:00:00,0.0,solar,2017-01-07 23:00:00,day_ahead
2017-01-08 03:00:00,0.0,solar,2017-01-07 23:00:00,day_ahead
2017-01-08 04:00:00,0.0,solar,2017-01-07 23:00:00,day_ahead
2017-01-08 05:00:00,0.0,solar,2017-01-07 23:00:00,day_ahead
2017-01-08 06:00:00,0.0,solar,2017-01-07 23:00:00,day_ahead
2017-01-08 07:00:00,0.19247345780906538,solar,2017-01-07 23:00:00,day_ahead
2017-01-08 08:00:00,39.617584491714084,solar,2017-01-07 23:00:00,day_ahead
2017-01-08 09:00:00,138.11772637153544,solar,2017-01-07 23:00:00,day_ahead
2017-01-08 10:00:00,209.5551353804603,solar,2017-01-07 23:00:00,day_ahead
2017-01-08 11:00:00,246.27751227758588,solar,2017-01-07 23:00:00,day_ahead
2017-01-08 12:00:00,256.8201657441247,solar,2017-01-07 23:00:00,day_ahead
2017-01-08 13:00:00,249.609711150295,solar,2017-01-07 23:00:00,day_ahead
2017-01-08 14:00:00,222.56806126330835,solar,2017-01-07 23:00:00,day_ahead
2017-01-08 15:00:00,171.9178672703389,solar,2017-01-07 23:00:00,day_ahead
2017-01-08 16:00:00,80.08031287038564,solar,2017-01-07 23:00:00,day_ahead
2017-01-08 17:00:00,6.4955850844485115,solar,2017-01-07 23:00:00,day_ahead
2017-01-08 18:00:00,0.0,solar,2017-01-07 23:00:00,day_ahead
2017-01-08 19:00:00,0.0,solar,2017-01-07 23:00:00,day_ahead
2017-01-08 20:00:00,0.0,solar,2017-01-07 23:00:00,day_ahead
2017-01-08 21:00:00,0.0,solar,2017-01-07 23:00:00,day_ahead
2017-01-08 22:00:00,0.0,solar,2017-01-07 23:00:00,day_ahead
2017-01-08 23:00:00,0.0,solar,2017-01-07 23:00:00,day_ahead
2017-01-09 00:00:00,0.0,solar,2017-01-08 23:00:00,day_ahead
2017-01-09 01:00:00,0.0,solar,2017-01-08 23:00:00,day_ahead
2017-01-09 02:00:00,0.0,solar,2017-01-08 23:00:00,day_ahead
2017-01-09 03:00:00,0.0,solar,2017-01-08 23:00:00,day_ahead
2017-01-09 04:00:00,0.0,solar,2017-01-08 23:00:00,day_ahead
2017-01-09 05:00:00,0.0,solar,2017-01-08 23:00:00,day_ahead
2017-01-09 06:00:00,0.0,solar,2017-01-08 23:00:00,day_ahead
2017-01-09 07:00:00,0.18832675161152898,solar,2017-01-08 23:00:00,day_ahead
2017-01-09 08:00:00,39.45325222459388,solar,2017-01-08 23:00:00,day_ahead
2017-01-09 09:00:00,137.83164246211382,solar,2017-01-08 23:00:00,day_ahead
2017-01-09 10:00:00,209.20924251238802,solar,2017-01-08 23:00:00,day_ahead
2017-01-09 11:00:00,245.81285016643403,solar,2017-01-08 23:00:00,day_ahead
2017-01-09 12:00:00,256.36370590922996,solar,2017-01-08 23:00:00,day_ahead
2017-01-09 13:00:00,249.3422170352954,solar,2017-01-08 23:00:00,day_ahead
2017-01-09 14:00:00,222.26119737697982,solar,2017-01-08 23:00:00,day_ahead
2017-01-09 15:00:00,171.50872976094558,solar,2017-01-08 23:00:00,day_ahead
2017-01-09 16:00:00,79.6157661562812,solar,2017-01-08 23:00:00,day_ahead
2017-01-09 17:00:00,6.389260389907833,solar,2017-01-08 23:00:00,day_ahead
2017-01-09 18:00:00,0.0,solar,2017-01-08 23:00:00,day_ahead
2017-01-09 19:00:00,0.0,solar,2017-01-08 23:00:00,day_ahead
2017-01-09 20:00:00,0.0,solar,2017-01-08 23:00:00,day_ahead
2017-01-09 21:00:00,0.0,solar,2017-01-08 23:00:00,day_ahead
2017-01-09 22:00:00,0.0,solar,2017-01-08 23:00:00,day_ahead
2017-01-09 23:00:00,0.0,solar,2017-01-08 23:00:00,day_ahead
2017-01-10 00:00:00,0.0,solar,2017-01-09 23:00:00,day_ahead
2017-01-10 01:00:00,0.0,solar,2017-01-09 23:00:00,day_ahead
2017-01-10 02:00:00,0.0,solar,2017-01-09 23:00:00,day_ahead
2017-01-10 03:00:00,0.0,solar,2017-01-09 23:00:00,day_ahead
2017-01-10 04:00:00,0.0,solar,2017-01-09 23:00:00,day_ahead
2017-01-10 05:00:00,0.0,solar,2017-01-09 23:00:00,day_ahead
2017-01-10 06:00:00,0.0,solar,2017-01-09 23:00:00,day_ahead
2017-01-10 07:00:00,0.18900723756151233,solar,2017-01-09 23:00:00,day_ahead
2017-01-10 08:00:00,40.45620110439607,solar,2017-01-09 23:00:00,day_ahead
2017-01-10 09:00:00,141.40008644669325,solar,2017-01-09 23:00:00,day_ahead
2017-01-10 10:00:00,214.5033155734336,solar,2017-01-09 23:00:00,day_ahead
2017-01-10 11:00:00,251.86338128601287,solar,2017-01-09 23:00:00,day_ahead
2017-01-10 12:00:00,262.6379323292607,solar,2017-01-09 23:00:00,day_ahead
2017-01-10 13:00:00,255.47297969750247,solar,2017-01-09 23:00:00,day_ahead
2017-01-10 14:00:00,227.83861002576717,solar,2017-01-09 23:00:00,day_ahead
2017-01-10 15:00:00,175.8905373378065,solar,2017-01-09 23:00:00,day_ahead
2017-01-10 16:00:00,81.55673714058791,solar,2017-01-09 23:00:00,day_ahead
2017-01-10 17:00:00,6.479826712874793,solar,2017-01-09 23:00:00,day_ahead
2017-01-10 18:00:00,0.0,solar,2017-01-09 23:00:00,day_ahead
2017-01-10 19:00:00,0.0,solar,2017-01-09 23:00:00,day_ahead
2017-01-10 20:00:00,0.0,solar,2017-01-09 23:00:00,day_ahead
2017-01-10 21:00:00,0.0,solar,2017-01-09 23:00:00,day_ahead
2017-01-10 22:00:00,0.0,solar,2017-01-09 23:00:00,day_ahead
2017-01-10 23:00:00,0.0,solar,2017-01-09 23:00:00,day_ahead
2017-01-11 00:00:00,0.0,solar,2017-01-10 23:00:00,day_ahead
2017-01-11 01:00:00,0.0,solar,2017-01-10 23:00:00,day_ahead
2017-01-11 02:00:00,0.0,solar,2017-01-10 23:00:00,day_ahead
2017-01-11 03:00:00,0.0,solar,2017-01-10 23:00:00,day_ahead
2017-01-11 04:00:00,0.0,solar,2017-01-10 23:00:00,day_ahead
2017-01-11 05:00:00,0.0,solar,2017-01-10 23:00:00,day_ahead
2017-01-11 06:00:00,0.0,solar,2017-01-10 23:00:00,day_ahead
2017-01-11 07:00:00,0.15393410061093496,solar,2017-01-10 23:00:00,day_ahead
2017-01-11 08:00:00,33.25124152935772,solar,2017-01-10 23:00:00,day_ahead
2017-01-11 09:00:00,116.05433505995802,solar,2017-01-10 23:00:00,day_ahead
2017-01-11 10:00:00,176.21049713948912,solar,2017-01-10 23:00:00,day_ahead
2017-01-11 11:00:00,207.79202932832447,solar,2017-01-10 23:00:00,day_ahead
2017-01-11 12:00:00,216.73208752347364,solar,2017-01-10 23:00:00,day_ahead
2017-01-11 13:00:00,210.5394540340726,solar,2017-01-10 23:00:00,day_ahead
2017-01-11 14:00:00,187.5384017647162,solar,2017-01-10 23:00:00,day_ahead
2017-01-11 15:00:00,144.73540950380232,solar,2017-01-10 23:00:00,day_ahead
2017-01-11 16:00:00,66.95855666132229,solar,2017-01-10 23:00:00,day_ahead
2017-01-11 17:00:00,5.304880266510759,solar,2017-01-10 23:00:00,day_ahead
2017-01-11 18:00:00,0.0,solar,2017-01-10 23:00:00,day_ahead
2017-01-11 19:00:00,0.0,solar,2017-01-10 23:00:00,day_ahead
2017-01-11 20:00:00,0.0,solar,2017-01-10 23:00:00,day_ahead
2017-01-11 21:00:00,0.0,solar,2017-01-10 23:00:00,day_ahead
2017-01-11 22:00:00,0.0,solar,2017-01-10 23:00:00,day_ahead
2017-01-11 23:00:00,0.0,solar,2017-01-10 23:00:00,day_ahead
2017-01-12 00:00:00,0.0,solar,2017-01-11 23:00:00,day_ahead
2017-01-12 01:00:00,0.0,solar,2017-01-11 23:00:00,day_ahead
2017-01-12 02:00:00,0.0,solar,2017-01-11 23:00:00,day_ahead
2017-01-12 03:00:00,0.0,solar,2017-01-11 23:00:00,day_ahead
2017-01-12 04:00:00,0.0,solar,2017-01-11 23:00:00,day_ahead
2017-01-12 05:00:00,0.0,solar,2017-01-11 23:00:00,day_ahead
2017-01-12 06:00:00,0.0,solar,2017-01-11 23:00:00,day_ahead
2017-01-12 07:00:00,0.18037628585316684,solar,2017-01-11 23:00:00,day_ahead
2017-01-12 08:00:00,39.46210122478774,solar,2017-01-11 23:00:00,day_ahead
2017-01-12 09:00:00,138.46907720463912,solar,2017-01-11 23:00:00,day_ahead
2017-01-12 10:00:00,210.45592118280203,solar,2017-01-11 23:00:00,day_ahead
2017-01-12 11:00:00,248.10639630253655,solar,2017-01-11 23:00:00,day_ahead
2017-01-12 12:00:00,258.90414250332356,solar,2017-01-11 23:00:00,day_ahead
2017-01-12 13:00:00,251.5511636336335,solar,2017-01-11 23:00:00,day_ahead
2017-01-12 14:00:00,224.13218498328558,solar,2017-01-11 23:00:00,day_ahead
2017-01-12 15:00:00,173.10727144092138,solar,2017-01-11 23:00:00,day_ahead
2017-01-12 16:00:00,80.03822507849418,solar,2017-01-11 23:00:00,day_ahead
2017-01-12 17:00:00,6.280529755088688,solar,2017-01-11 23:00:00,day_ahead
2017-01-12 18:00:00,0.0,solar,2017-01-11 23:00:00,day_ahead
2017-01-12 19:00:00,0.0,solar,2017-01-11 23:00:00,day_ahead
2017-01-12 20:00:00,0.0,solar,2017-01-11 23:00:00,day_ahead
2017-01-12 21:00:00,0.0,solar,2017-01-11 23:00:00,day_ahead
2017-01-12 22:00:00,0.0,solar,2017-01-11 23:00:00,day_ahead
2017-01-12 23:00:00,0.0,solar,2017-01-11 23:00:00,day_ahead
2017-01-13 00:00:00,0.0,solar,2017-01-12 23:00:00,day_ahead
2017-01-13 01:00:00,0.0,solar,2017-01-12 23:00:00,day_ahead
2017-01-13 02:00:00,0.0,solar,2017-01-12 23:00:00,day_ahead
2017-01-13 03:00:00,0.0,solar,2017-01-12 23:00:00,day_ahead
2017-01-13 04:00:00,0.0,solar,2017-01-12 23:00:00,day_ahead
2017-01-13 05:00:00,0.0,solar,2017-01-12 23:00:00,day_ahead
2017-01-13 06:00:00,0.0,solar,2017-01-12 23:00:00,day_ahead
2017-01-13 07:00:00,0.15464975804480594,solar,2017-01-12 23:00:00,day_ahead
2017-01-13 08:00:00,34.45492953118781,solar,2017-01-12 23:00:00,day_ahead
2017-01-13 09:00:00,120.74887113604504,solar,2017-01-12 23:00:00,day_ahead
2017-01-13 10:00:00,183.10345124557313,solar,2017-01-12 23:00:00,day_ahead
2017-01-13 11:00:00,215.53580700483397,solar,2017-01-12 23:00:00,day_ahead
2017-01-13 12:00:00,225.06958680211363,solar,2017-01-12 23:00:00,day_ahead
2017-01-13 13:00:00,218.68251580065316,solar,2017-01-12 23:00:00,day_ahead
2017-01-13 14:00:00,194.91194084297348,solar,2017-01-12 23:00:00,day_ahead
2017-01-13 15:00:00,150.69520811490617,solar,2017-01-12 23:00:00,day_ahead
2017-01-13 16:00:00,69.61652304754672,solar,2017-01-12 23:00:00,day_ahead
2017-01-13 17:00:00,5.426170277155352,solar,2017-01-12 23:00:00,day_ahead
2017-01-13 18:00:00,0.0,solar,2017-01-12 23:00:00,day_ahead
2017-01-13 19:00:00,0.0,solar,2017-01-12 23:00:00,day_ahead
2017-01-13 20:00:00,0.0,solar,2017-01-12 23:00:00,day_ahead
2017-01-13 21:00:00,0.0,solar,2017-01-12 23:00:00,day_ahead
2017-01-13 22:00:00,0.0,solar,2017-01-12 23:00:00,day_ahead
2017-01-13 23:00:00,0.0,solar,2017-01-12 23:00:00,day_ahead
2017-01-14 00:00:00,0.0,solar,2017-01-13 23:00:00,day_ahead
2017-01-14 01:00:00,0.0,solar,2017-01-13 23:00:00,day_ahead
2017-01-14 02:00:00,0.0,solar,2017-01-13 23:00:00,day_ahead
2017-01-14 03:00:00,0.0,solar,2017-01-13 23:00:00,day_ahead
2017-01-14 04:00:00,0.0,solar,2017-01-13 23:00:00,day_ahead
2017-01-14 05:00:00,0.0,solar,2017-01-13 23:00:00,day_ahead
2017-01-14 06:00:00,0.0,solar,2017-01-13 23:00:00,day_ahead
2017-01-14 07:00:00,0.1785556052143989,solar,2017-01-13 23:00:00,day_ahead
2017-01-14 08:00:00,40.4662894687069,solar,2017-01-13 23:00:00,day_ahead
2017-01-14 09:00:00,142.12362157735504,solar,2017-01-13 23:00:00,day_ahead
2017-01-14 10:00:00,215.51947400482314,solar,2017-01-13 23:00:00,day_ahead
2017-01-14 11:00:00,253.63459498219183,solar,2017-01-13 23:00:00,day_ahead
2017-01-14 12:00:00,264.9608568420285,solar,2017-01-13 23:00:00,day_ahead
2017-01-14 13:00:00,257.5545976522028,solar,2017-01-13 23:00:00,day_ahead
2017-01-14 14:00:00,229.63144103576943,solar,2017-01-13 23:00:00,day_ahead
2017-01-14 15:00:00,177.73499889226662,solar,2017-01-13 23:00:00,day_ahead
2017-01-14 16:00:00,82.16285231095617,solar,2017-01-13 23:00:00,day_ahead
2017-01-14 17:00:00,6.360572462835268,solar,2017-01-13 23:00:00,day_ahead
2017-01-14 18:00:00,0.0,solar,2017-01-13 23:00:00,day_ahead
2017-01-14 19:00:00,0.0,solar,2017-01-13 23:00:00,day_ahead
2017-01-14 20:00:00,0.0,solar,2017-01-13 23:00:00,day_ahead
2017-01-14 21:00:00,0.0,solar,2017-01-13 23:00:00,day_ahead
2017-01-14 22:00:00,0.0,solar,2017-01-13 23:00:00,day_ahead
2017-01-14 23:00:00,0.0,solar,2017-01-13 23:00:00,day_ahead
2017-01-15 00:00:00,0.0,solar,2017-01-14 23:00:00,day_ahead
2017-01-15 01:00:00,0.0,solar,2017-01-14 23:00:00,day_ahead
2017-01-15 02:00:00,0.0,solar,2017-01-14 23:00:00,day_ahead
2017-01-15 03:00:00,0.0,solar,2017-01-14 23:00:00,day_ahead
2017-01-15 04:00:00,0.0,solar,2017-01-14 23:00:00,day_ahead
2017-01-15 05:00:00,0.0,solar,2017-01-14 23:00:00,day_ahead
2017-01-15 06:00:00,0.0,solar,2017-01-14 23:00:00,day_ahead
2017-01-15 07:00:00,0.17862556374406327,solar,2017-01-14 23:00:00,day_ahead
2017-01-15 08:00:00,41.406890344494165,solar,2017-01-14 23:00:00,day_ahead
2017-01-15 09:00:00,145.35213847737145,solar,2017-01-14 23:00:00,day_ahead
2017-01-15 10:00:00,220.11602789034325,solar,2017-01-14 23:00:00,day_ahead
2017-01-15 11:00:00,258.8200568181647,solar,2017-01-14 23:00:00,day_ahead
2017-01-15 12:00:00,270.32613708544704,solar,2017-01-14 23:00:00,day_ahead
2017-01-15 13:00:00,262.80536912618646,solar,2017-01-14 23:00:00,day_ahead
2017-01-15 14:00:00,234.47267798588408,solar,2017-01-14 23:00:00,day_ahead
2017-01-15 15:00:00,181.59927320877793,solar,2017-01-14 23:00:00,day_ahead
2017-01-15 16:00:00,84.0285882291589,solar,2017-01-14 23:00:00,day_ahead
2017-01-15 17:00:00,6.474671244296842,solar,2017-01-14 23:00:00,day_ahead
2017-01-15 18:00:00,0.0,solar,2017-01-14 23:00:00,day_ahead
2017-01-15 19:00:00,0.0,solar,2017-01-14 23:00:00,day_ahead
2017-01-15 20:00:00,0.0,solar,2017-01-14 23:00:00,day_ahead
2017-01-15 21:00:00,0.0,solar,2017-01-14 23:00:00,day_ahead
2017-01-15 22:00:00,0.0,solar,2017-01-14 23:00:00,day_ahead
2017-01-15 23:00:00,0.0,solar,2017-01-14 23:00:00,day_ahead
2017-01-16 00:00:00,0.0,solar,2017-01-15 23:00:00,day_ahead
2017-01-16 01:00:00,0.0,solar,2017-01-15 23:00:00,day_ahead
2017-01-16 02:00:00,0.0,solar,2017-01-15 23:00:00,day_ahead
2017-01-16 03:00:00,0.0,solar,2017-01-15 23:00:00,day_ahead
2017-01-16 04:00:00,0.0,solar,2017-01-15 23:00:00,day_ahead
2017-01-16 05:00:00,0.0,solar,2017-01-15 23:00:00,day_ahead
2017-01-16 06:00:00,0.0,solar,2017-01-15 23:00:00,day_ahead
2017-01-16 07:00:00,0.17532258907219517,solar,2017-01-15 23:00:00,day_ahead
2017-01-16 08:00:00,41.595826099699515,solar,2017-01-15 23:00:00,day_ahead
2017-01-16 09:00:00,145.84117927189718,solar,2017-01-15 23:00:00,day_ahead
2017-01-16 10:00:00,220.49017053896057,solar,2017-01-15 23:00:00,day_ahead
2017-01-16 11:00:00,258.994932864465,solar,2017-01-15 23:00:00,day_ahead
2017-01-16 12:00:00,270.4603908431079,solar,2017-01-15 23:00:00,day_ahead
2017-01-16 13:00:00,263.00044524959105,solar,2017-01-15 23:00:00,day_ahead
2017-01-16 14:00:00,234.7847834073553,solar,2017-01-15 23:00:00,day_ahead
2017-01-16 15:00:00,181.9657744510168,solar,2017-01-15 23:00:00,day_ahead
2017-01-16 16:00:00,84.24314931223238,solar,2017-01-15 23:00:00,day_ahead
2017-01-16 17:00:00,6.480139720489443,solar,2017-01-15 23:00:00,day_ahead
2017-01-16 18:00:00,0.0,solar,2017-01-15 23:00:00,day_ahead
2017-01-16 19:00:00,0.0,solar,2017-01-15 23:00:00,day_ahead
2017-01-16 20:00:00,0.0,solar,2017-01-15 23:00:00,day_ahead
2017-01-16 21:00:00,0.0,solar,2017-01-15 23:00:00,day_ahead
2017-01-16 22:00:00,0.0,solar,2017-01-15 23:00:00,day_ahead
2017-01-16 23:00:00,0.0,solar,2017-01-15 23:00:00,day_ahead
2017-01-17 00:00:00,0.0,solar,2017-01-16 23:00:00,day_ahead
2017-01-17 01:00:00,0.0,solar,2017-01-16 23:00:00,day_ahead
2017-01-17 02:00:00,0.0,solar,2017-01-16 23:00:00,day_ahead
2017-01-17 03:00:00,0.0,solar,2017-01-16 23:00:00,day_ahead
2017-01-17 04:00:00,0.0,solar,2017-01-16 23:00:00,day_ahead
2017-01-17 05:00:00,0.0,solar,2017-01-16 23:00:00,day_ahead
2017-01-17 06:00:00,0.0,solar,2017-01-16 23:00:00,day_ahead
2017-01-17 07:00:00,0.17107707278829953,solar,2017-01-16 23:00:00,day_ahead
2017-01-17 08:00:00,41.520052853025376,solar,2017-01-16 23:00:00,day_ahead
2017-01-17 09:00:00,145.31781922438913,solar,2017-01-16 23:00:00,day_ahead
2017-01-17 10:00:00,219.35023561912752,solar,2017-01-16 23:00:00,day_ahead
2017-01-17 11:00:00,257.45704873969,solar,2017-01-16 23:00:00,day_ahead
2017-01-17 12:00:00,268.8281092341773,solar,2017-01-16 23:00:00,day_ahead
2017-01-17 13:00:00,261.4571877400536,solar,2017-01-16 23:00:00,day_ahead
2017-01-17 14:00:00,233.55829339351325,solar,2017-01-16 23:00:00,day_ahead
2017-01-17 15:00:00,181.16318328431464,solar,2017-01-16 23:00:00,day_ahead
2017-01-17 16:00:00,84.00505939595804,solar,2017-01-16 23:00:00,day_ahead
2017-01-17 17:00:00,6.445382661208251,solar,2017-01-16 23:00:00,day_ahead
2017-01-17 18:00:00,0.0,solar,2017-01-16 23:00:00,day_ahead
2017-01-17 19:00:00,0.0,solar,2017-01-16 23:00:00,day_ahead
2017-01-17 20:00:00,0.0,solar,2017-01-16 23:00:00,day_ahead
2017-01-17 21:00:00,0.0,solar,2017-01-16 23:00:00,day_ahead
2017-01-17 22:00:00,0.0,solar,2017-01-16 23:00:00,day_ahead
2017-01-17 23:00:00,0.0,solar,2017-01-16 23:00:00,day_ahead
2017-01-18 00:00:00,0.0,solar,2017-01-17 23:00:00,day_ahead
2017-01-18 01:00:00,0.0,solar,2017-01-17 23:00:00,day_ahead
2017-01-18 02:00:00,0.0,solar,2017-01-17 23:00:00,day_ahead
2017-01-18 03:00:00,0.0,solar,2017-01-17 23:00:00,day_ahead
2017-01-18 04:00:00,0.0,solar,2017-01-17 23:00:00,day_ahead
2017-01-18 05:00:00,0.0,solar,2017-01-17 23:00:00,day_ahead
2017-01-18 06:00:00,0.0,solar,2017-01-17 23:00:00,day_ahead
2017-01-18 07:00:00,0.16798976302277674,solar,2017-01-17 23:00:00,day_ahead
2017-01-18 08:00:00,41.65544647450593,solar,2017-01-17 23:00:00,day_ahead
2017-01-18 09:00:00,145.60430326129455,solar,2017-01-17 23:00:00,day_ahead
2017-01-18 10:00:00,219.4852674308463,solar,2017-01-17 23:00:00,day_ahead
2017-01-18 11:00:00,257.4441902424898,solar,2017-01-17 23:00:00,day_ahead
2017-01-18 12:00:00,268.77498270866954,solar,2017-01-17 23:00:00,day_ahead
2017-01-18 13:00:00,261.4621071487204,solar,2017-01-17 23:00:00,day_ahead
2017-01-18 14:00:00,233.72181437661507,solar,2017-01-17 23:00:00,day_ahead
2017-01-18 15:00:00,181.43255418140058,solar,2017-01-17 23:00:00,day_ahead
2017-01-18 16:00:00,84.28841838176106,solar,2017-01-17 23:00:00,day_ahead
2017-01-18 17:00:00,6.464017812099359,solar,2017-01-17 23:00:00,day_ahead
2017-01-18 18:00:00,0.0,solar,2017-01-17 23:00:00,day_ahead
2017-01-18 19:00:00,0.0,solar,2017-01-17 23:00:00,day_ahead
2017-01-18 20:00:00,0.0,solar,2017-01-17 23:00:00,day_ahead
2017-01-18 21:00:00,0.0,solar,2017-01-17 23:00:00,day_ahead
2017-01-18 22:00:00,0.0,solar,2017-01-17 23:00:00,day_ahead
2017-01-18 23:00:00,0.0,solar,2017-01-17 23:00:00,day_ahead
2017-01-19 00:00:00,0.0,solar,2017-01-18 23:00:00,day_ahead
2017-01-19 01:00:00,0.0,solar,2017-01-18 23:00:00,day_ahead
2017-01-19 02:00:00,0.0,solar,2017-01-18 23:00:00,day_ahead
2017-01-19 03:00:00,0.0,solar,2017-01-18 23:00:00,day_ahead
2017-01-19 04:00:00,0.0,solar,2017-01-18 23:00:00,day_ahead
2017-01-19 05:00:00,0.0,solar,2017-01-18 23:00:00,day_ahead
2017-01-19 06:00:00,0.0,solar,2017-01-18 23:00:00,day_ahead
2017-01-19 07:00:00,0.18517361428448975,solar,2017-01-18 23:00:00,day_ahead
2017-01-19 08:00:00,43.14008930650659,solar,2017-01-18 23:00:00,day_ahead
2017-01-19 09:00:00,150.54790622745898,solar,2017-01-18 23:00:00,day_ahead
2017-01-19 10:00:00,226.52663423076658,solar,2017-01-18 23:00:00,day_ahead
2017-01-19 11:00:00,265.4555762536196,solar,2017-01-18 23:00:00,day_ahead
2017-01-19 12:00:00,277.11918069737857,solar,2017-01-18 23:00:00,day_ahead
2017-01-19 13:00:00,269.68847197320207,solar,2017-01-18 23:00:00,day_ahead
2017-01-19 14:00:00,241.25214328943875,solar,2017-01-18 23:00:00,day_ahead
2017-01-19 15:00:00,187.4572493752071,solar,2017-01-18 23:00:00,day_ahead
2017-01-19 16:00:00,87.31491415083248,solar,2017-01-18 23:00:00,day_ahead
2017-01-19 17:00:00,6.7082618847521225,solar,2017-01-18 23:00:00,day_ahead
2017-01-19 18:00:00,0.0,solar,2017-01-18 23:00:00,day_ahead
2017-01-19 19:00:00,0.0,solar,2017-01-18 23:00:00,day_ahead
2017-01-19 20:00:00,0.0,solar,2017-01-18 23:00:00,day_ahead
2017-01-19 21:00:00,0.0,solar,2017-01-18 23:00:00,day_ahead
2017-01-19 22:00:00,0.0,solar,2017-01-18 23:00:00,day_ahead
2017-01-19 23:00:00,0.0,solar,2017-01-18 23:00:00,day_ahead
2017-01-20 00:00:00,0.0,solar,2017-01-19 23:00:00,day_ahead
2017-01-20 01:00:00,0.0,solar,2017-01-19 23:00:00,day_ahead
2017-01-20 02:00:00,0.0,solar,2017-01-19 23:00:00,day_ahead
2017-01-20 03:00:00,0.0,solar,2017-01-19 23:00:00,day_ahead
2017-01-20 04:00:00,0.0,solar,2017-01-19 23:00:00,day_ahead
2017-01-20 05:00:00,0.0,solar,2017-01-19 23:00:00,day_ahead
2017-01-20 06:00:00,0.0,solar,2017-01-19 23:00:00,day_ahead
2017-01-20 07:00:00,0.1664418187523244,solar,2017-01-19 23:00:00,day_ahead
2017-01-20 08:00:00,39.198919186233056,solar,2017-01-19 23:00:00,day_ahead
2017-01-20 09:00:00,137.15999652812022,solar,2017-01-19 23:00:00,day_ahead
2017-01-20 10:00:00,206.48940466621644,solar,2017-01-19 23:00:00,day_ahead
2017-01-20 11:00:00,242.09411272890316,solar,2017-01-19 23:00:00,day_ahead
2017-01-20 12:00:00,252.7960693807163,solar,2017-01-19 23:00:00,day_ahead
2017-01-20 13:00:00,246.19887337362061,solar,2017-01-19 23:00:00,day_ahead
2017-01-20 14:00:00,220.6254801403454,solar,2017-01-19 23:00:00,day_ahead
2017-01-20 15:00:00,171.65863478390267,solar,2017-01-19 23:00:00,day_ahead
2017-01-20 16:00:00,80.15988169435543,solar,2017-01-19 23:00:00,day_ahead
2017-01-20 17:00:00,6.193333767119833,solar,2017-01-19 23:00:00,day_ahead
2017-01-20 18:00:00,0.0,solar,2017-01-19 23:00:00,day_ahead
2017-01-20 19:00:00,0.0,solar,2017-01-19 23:00:00,day_ahead
2017-01-20 20:00:00,0.0,solar,2017-01-19 23:00:00,day_ahead
2017-01-20 21:00:00,0.0,solar,2017-01-19 23:00:00,day_ahead
2017-01-20 22:00:00,0.0,solar,2017-01-19 23:00:00,day_ahead
2017-01-20 23:00:00,0.0,solar,2017-01-19 23:00:00,day_ahead
2017-01-21 00:00:00,0.0,solar,2017-01-20 23:00:00,day_ahead
2017-01-21 01:00:00,0.0,solar,2017-01-20 23:00:00,day_ahead
2017-01-21 02:00:00,0.0,solar,2017-01-20 23:00:00,day_ahead
2017-01-21 03:00:00,0.0,solar,2017-01-20 23:00:00,day_ahead
2017-01-21 04:00:00,0.0,solar,2017-01-20 23:00:00,day_ahead
2017-01-21 05:00:00,0.0,solar,2017-01-20 23:00:00,day_ahead
2017-01-21 06:00:00,0.0,solar,2017-01-20 23:00:00,day_ahead
2017-01-21 07:00:00,0.15035865177245683,solar,2017-01-20 23:00:00,day_ahead
2017-01-21 08:00:00,35.867096532443384,solar,2017-01-20 23:00:00,day_ahead
2017-01-21 09:00:00,125.39740040396126,solar,2017-01-20 23:00:00,day_ahead
2017-01-21 10:00:00,188.8901606040805,solar,2017-01-20 23:00:00,day_ahead
2017-01-21 11:00:00,221.1407263607361,solar,2017-01-20 23:00:00,day_ahead
2017-01-21 12:00:00,230.77161942660643,solar,2017-01-20 23:00:00,day_ahead
2017-01-21 13:00:00,225.19385518805086,solar,2017-01-20 23:00:00,day_ahead
2017-01-21 14:00:00,201.5863911989083,solar,2017-01-20 23:00:00,day_ahead
2017-01-21 15:00:00,156.67343007377414,solar,2017-01-20 23:00:00,day_ahead
2017-01-21 16:00:00,73.07957019746617,solar,2017-01-20 23:00:00,day_ahead
2017-01-21 17:00:00,5.656492594951835,solar,2017-01-20 23:00:00,day_ahead
2017-01-21 18:00:00,0.0,solar,2017-01-20 23:00:00,day_ahead
2017-01-21 19:00:00,0.0,solar,2017-01-20 23:00:00,day_ahead
2017-01-21 20:00:00,0.0,solar,2017-01-20 23:00:00,day_ahead
2017-01-21 21:00:00,0.0,solar,2017-01-20 23:00:00,day_ahead
2017-01-21 22:00:00,0.0,solar,2017-01-20 23:00:00,day_ahead
2017-01-21 23:00:00,0.0,solar,2017-01-20 23:00:00,day_ahead
2017-01-22 00:00:00,0.0,solar,2017-01-21 23:00:00,day_ahead
2017-01-22 01:00:00,0.0,solar,2017-01-21 23:00:00,day_ahead
2017-01-22 02:00:00,0.0,solar,2017-01-21 23:00:00,day_ahead
2017-01-22 03:00:00,0.0,solar,2017-01-21 23:00:00,day_ahead
2017-01-22 04:00:00,0.0,solar,2017-01-21 23:00:00,day_ahead
2017-01-22 05:00:00,0.0,solar,2017-01-21 23:00:00,day_ahead
2017-01-22 06:00:00,0.0,solar,2017-01-21 23:00:00,day_ahead
2017-01-22 07:00:00,0.1848075067584347,solar,2017-01-21 23:00:00,day_ahead
2017-01-22 08:00:00,41.501518586344005,solar,2017-01-21 23:00:00,day_ahead
2017-01-22 09:00:00,145.00119156174432,solar,2017-01-21 23:00:00,day_ahead
2017-01-22 10:00:00,218.27786834968992,solar,2017-01-21 23:00:00,day_ahead
2017-01-22 11:00:00,255.4329773510093,solar,2017-01-21 23:00:00,day_ahead
2017-01-22 12:00:00,266.5278090972338,solar,2017-01-21 23:00:00,day_ahead
2017-01-22 13:00:00,260.0653913762218,solar,2017-01-21 23:00:00,day_ahead
2017-01-22 14:00:00,232.88296084164884,solar,2017-01-21 23:00:00,day_ahead
2017-01-22 15:00:00,180.99320822445472,solar,2017-01-21 23:00:00,day_ahead
2017-01-22 16:00:00,84.64336834634254,solar,2017-01-21 23:00:00,day_ahead
2017-01-22 17:00:00,6.579845532050421,solar,2017-01-21 23:00:00,day_ahead
2017-01-22 18:00:00,0.0,solar,2017-01-21 23:00:00,day_ahead
2017-01-22 19:00:00,0.0,solar,2017-01-21 23:00:00,day_ahead
2017-01-22 20:00:00,0.0,solar,2017-01-21 23:00:00,day_ahead
2017-01-22 21:00:00,0.0,solar,2017-01-21 23:00:00,day_ahead
2017-01-22 22:00:00,0.0,solar,2017-01-21 23:00:00,day_ahead
2017-01-22 23:00:00,0.0,solar,2017-01-21 23:00:00,day_ahead
2017-01-23 00:00:00,0.0,solar,2017-01-22 23:00:00,day_ahead
2017-01-23 01:00:00,0.0,solar,2017-01-22 23:00:00,day_ahead
2017-01-23 02:00:00,0.0,solar,2017-01-22 23:00:00,day_ahead
2017-01-23 03:00:00,0.0,solar,2017-01-22 23:00:00,day_ahead
2017-01-23 04:00:00,0.0,solar,2017-01-22 23:00:00,day_ahead
2017-01-23 05:00:00,0.0,solar,2017-01-22 23:00:00,day_ahead
2017-01-23 06:00:00,0.0,solar,2017-01-22 23:00:00,day_ahead
2017-01-23 07:00:00,0.17567442423760865,solar,2017-01-22 23:00:00,day_ahead
2017-01-23 08:00:00,40.15573797549434,solar,2017-01-22 23:00:00,day_ahead
2017-01-23 09:00:00,140.17712058774498,solar,2017-01-22 23:00:00,day_ahead
2017-01-23 10:00:00,210.96349609149763,solar,2017-01-22 23:00:00,day_ahead
2017-01-23 11:00:00,246.62837894978034,solar,2017-01-22 23:00:00,day_ahead
2017-01-23 12:00:00,257.1483058246028,solar,2017-01-22 23:00:00,day_ahead
2017-01-23 13:00:00,250.59278860114955,solar,2017-01-22 23:00:00,day_ahead
2017-01-23 14:00:00,224.58071701471923,solar,2017-01-22 23:00:00,day_ahead
2017-01-23 15:00:00,174.45698109230412,solar,2017-01-22 23:00:00,day_ahead
2017-01-23 16:00:00,81.7376953125778,solar,2017-01-22 23:00:00,day_ahead
2017-01-23 17:00:00,6.37442457708259,solar,2017-01-22 23:00:00,day_ahead
2017-01-23 18:00:00,0.0,solar,2017-01-22 23:00:00,day_ahead
2017-01-23 19:00:00,0.0,solar,2017-01-22 23:00:00,day_ahead
2017-01-23 20:00:00,0.0,solar,2017-01-22 23:00:00,day_ahead
2017-01-23 21:00:00,0.0,solar,2017-01-22 23:00:00,day_ahead
2017-01-23 22:00:00,0.0,solar,2017-01-22 23:00:00,day_ahead
2017-01-23 23:00:00,0.0,solar,2017-01-22 23:00:00,day_ahead
2017-01-24 00:00:00,0.0,solar,2017-01-23 23:00:00,day_ahead
2017-01-24 01:00:00,0.0,solar,2017-01-23 23:00:00,day_ahead
2017-01-24 02:00:00,0.0,solar,2017-01-23 23:00:00,day_ahead
2017-01-24 03:00:00,0.0,solar,2017-01-23 23:00:00,day_ahead
2017-01-24 04:00:00,0.0,solar,2017-01-23 23:00:00,day_ahead
2017-01-24 05:00:00,0.0,solar,2017-01-23 23:00:00,day_ahead
2017-01-24 06:00:00,0.0,solar,2017-01-23 23:00:00,day_ahead
2017-01-24 07:00:00,0.18258299874506284,solar,2017-01-23 23:00:00,day_ahead
2017-01-24 08:00:00,42.39864096602826,solar,2017-01-23 23:00:00,day_ahead
2017-01-24 09:00:00,148.19257494072158,solar,2017-01-23 23:00:00,day_ahead
2017-01-24 10:00:00,222.97954021953194,solar,2017-01-23 23:00:00,day_ahead
2017-01-24 11:00:00,260.5862560634872,solar,2017-01-23 23:00:00,day_ahead
2017-01-24 12:00:00,271.69964826652375,solar,2017-01-23 23:00:00,day_ahead
2017-01-24 13:00:00,264.8310187328311,solar,2017-01-23 23:00:00,day_ahead
2017-01-24 14:00:00,237.46413441541324,solar,2017-01-23 23:00:00,day_ahead
2017-01-24 15:00:00,184.65019450133497,solar,2017-01-23 23:00:00,day_ahead
2017-01-24 16:00:00,86.74974829509074,solar,2017-01-23 23:00:00,day_ahead
2017-01-24 17:00:00,6.804870796906526,solar,2017-01-23 23:00:00,day_ahead
2017-01-24 18:00:00,0.0,solar,2017-01-23 23:00:00,day_ahead
2017-01-24 19:00:00,0.0,solar,2017-01-23 23:00:00,day_ahead
2017-01-24 20:00:00,0.0,solar,2017-01-23 23:00:00,day_ahead
2017-01-24 21:00:00,0.0,solar,2017-01-23 23:00:00,day_ahead
2017-01-24 22:00:00,0.0,solar,2017-01-23 23:00:00,day_ahead
2017-01-24 23:00:00,0.0,solar,2017-01-23 23:00:00,day_ahead
2017-01-25 00:00:00,0.0,solar,2017-01-24 23:00:00,day_ahead
2017-01-25 01:00:00,0.0,solar,2017-01-24 23:00:00,day_ahead
2017-01-25 02:00:00,0.0,solar,2017-01-24 23:00:00,day_ahead
2017-01-25 03:00:00,0.0,solar,2017-01-24 23:00:00,day_ahead
2017-01-25 04:00:00,0.0,solar,2017-01-24 23:00:00,day_ahead
2017-01-25 05:00:00,0.0,solar,2017-01-24 23:00:00,day_ahead
2017-01-25 06:00:00,0.0,solar,2017-01-24 23:00:00,day_ahead
2017-01-25 07:00:00,0.19331537250896455,solar,2017-01-24 23:00:00,day_ahead
2017-01-25 08:00:00,42.601335689702836,solar,2017-01-24 23:00:00,day_ahead
2017-01-25 09:00:00,148.51049104473663,solar,2017-01-24 23:00:00,day_ahead
2017-01-25 10:00:00,223.18011701491,solar,2017-01-24 23:00:00,day_ahead
2017-01-25 11:00:00,260.6703582805226,solar,2017-01-24 23:00:00,day_ahead
2017-01-25 12:00:00,271.7582711796546,solar,2017-01-24 23:00:00,day_ahead
2017-01-25 13:00:00,264.87542479619486,solar,2017-01-24 23:00:00,day_ahead
2017-01-25 14:00:00,237.58608471028904,solar,2017-01-24 23:00:00,day_ahead
2017-01-25 15:00:00,184.8153055321951,solar,2017-01-24 23:00:00,day_ahead
2017-01-25 16:00:00,87.11074398992642,solar,2017-01-24 23:00:00,day_ahead
2017-01-25 17:00:00,6.888145140614889,solar,2017-01-24 23:00:00,day_ahead
2017-01-25 18:00:00,0.0,solar,2017-01-24 23:00:00,day_ahead
2017-01-25 19:00:00,0.0,solar,2017-01-24 23:00:00,day_ahead
2017-01-25 20:00:00,0.0,solar,2017-01-24 23:00:00,day_ahead
2017-01-25 21:00:00,0.0,solar,2017-01-24 23:00:00,day_ahead
2017-01-25 22:00:00,0.0,solar,2017-01-24 23:00:00,day_ahead
2017-01-25 23:00:00,0.0,solar,2017-01-24 23:00:00,day_ahead
2017-01-26 00:00:00,0.0,solar,2017-01-25 23:00:00,day_ahead
2017-01-26 01:00:00,0.0,solar,2017-01-25 23:00:00,day_ahead
2017-01-26 02:00:00,0.0,solar,2017-01-25 23:00:00,day_ahead
2017-01-26 03:00:00,0.0,solar,2017-01-25 23:00:00,day_ahead
2017-01-26 04:00:00,0.0,solar,2017-01-25 23:00:00,day_ahead
2017-01-26 05:00:00,0.0,solar,2017-01-25 23:00:00,day_ahead
2017-01-26 06:00:00,0.0,solar,2017-01-25 23:00:00,day_ahead
2017-01-26 07:00:00,0.19374171671611876,solar,2017-01-25 23:00:00,day_ahead
2017-01-26 08:00:00,40.67715238979807,solar,2017-01-25 23:00:00,day_ahead
2017-01-26 09:00:00,141.3549591028037,solar,2017-01-25 23:00:00,day_ahead
2017-01-26 10:00:00,212.22290923976044,solar,2017-01-25 23:00:00,day_ahead
2017-01-26 11:00:00,247.61763640230114,solar,2017-01-25 23:00:00,day_ahead
2017-01-26 12:00:00,258.0755693589236,solar,2017-01-25 23:00:00,day_ahead
2017-01-26 13:00:00,251.29992580797463,solar,2017-01-25 23:00:00,day_ahead
2017-01-26 14:00:00,225.32874512542162,solar,2017-01-25 23:00:00,day_ahead
2017-01-26 15:00:00,174.87519797877238,solar,2017-01-25 23:00:00,day_ahead
2017-01-26 16:00:00,82.350738607376,solar,2017-01-25 23:00:00,day_ahead
2017-01-26 17:00:00,6.525740171393686,solar,2017-01-25 23:00:00,day_ahead
2017-01-26 18:00:00,0.0,solar,2017-01-25 23:00:00,day_ahead
2017-01-26 19:00:00,0.0,solar,2017-01-25 23:00:00,day_ahead
2017-01-26 20:00:00,0.0,solar,2017-01-25 23:00:00,day_ahead
2017-01-26 21:00:00,0.0,solar,2017-01-25 23:00:00,day_ahead
2017-01-26 22:00:00,0.0,solar,2017-01-25 23:00:00,day_ahead
2017-01-26 23:00:00,0.0,solar,2017-01-25 23:00:00,day_ahead
2017-01-27 00:00:00,0.0,solar,2017-01-26 23:00:00,day_ahead
2017-01-27 01:00:00,0.0,solar,2017-01-26 23:00:00,day_ahead
2017-01-27 02:00:00,0.0,solar,2017-01-26 23:00:00,day_ahead
2017-01-27 03:00:00,0.0,solar,2017-01-26 23:00:00,day_ahead
2017-01-27 04:00:00,0.0,solar,2017-01-26 23:00:00,day_ahead
2017-01-27 05:00:00,0.0,solar,2017-01-26 23:00:00,day_ahead
2017-01-27 06:00:00,0.0,solar,2017-01-26 23:00:00,day_ahead
2017-01-27 07:00:00,0.11198648457726723,solar,2017-01-26 23:00:00,day_ahead
2017-01-27 08:00:00,23.54903738669913,solar,2017-01-26 23:00:00,day_ahead
2017-01-27 09:00:00,81.80912194831073,solar,2017-01-26 23:00:00,day_ahead
2017-01-27 10:00:00,122.81641767408452,solar,2017-01-26 23:00:00,day_ahead
2017-01-27 11:00:00,143.31947949967773,solar,2017-01-26 23:00:00,day_ahead
2017-01-27 12:00:00,149.34964469364894,solar,2017-01-26 23:00:00,day_ahead
2017-01-27 13:00:00,145.4110901904835,solar,2017-01-26 23:00:00,day_ahead
2017-01-27 14:00:00,130.32556740744806,solar,2017-01-26 23:00:00,day_ahead
2017-01-27 15:00:00,101.16240401693769,solar,2017-01-26 23:00:00,day_ahead
2017-01-27 16:00:00,47.68877329040418,solar,2017-01-26 23:00:00,day_ahead
2017-01-27 17:00:00,3.794106751306576,solar,2017-01-26 23:00:00,day_ahead
2017-01-27 18:00:00,0.0,solar,2017-01-26 23:00:00,day_ahead
2017-01-27 19:00:00,0.0,solar,2017-01-26 23:00:00,day_ahead
2017-01-27 20:00:00,0.0,solar,2017-01-26 23:00:00,day_ahead
2017-01-27 21:00:00,0.0,solar,2017-01-26 23:00:00,day_ahead
2017-01-27 22:00:00,0.0,solar,2017-01-26 23:00:00,day_ahead
2017-01-27 23:00:00,0.0,solar,2017-01-26 23:00:00,day_ahead
2017-01-28 00:00:00,0.0,solar,2017-01-27 23:00:00,day_ahead
2017-01-28 01:00:00,0.0,solar,2017-01-27 23:00:00,day_ahead
2017-01-28 02:00:00,0.0,solar,2017-01-27 23:00:00,day_ahead
2017-01-28 03:00:00,0.0,solar,2017-01-27 23:00:00,day_ahead
2017-01-28 04:00:00,0.0,solar,2017-01-27 23:00:00,day_ahead
2017-01-28 05:00:00,0.0,solar,2017-01-27 23:00:00,day_ahead
2017-01-28 06:00:00,0.0,solar,2017-01-27 23:00:00,day_ahead
2017-01-28 07:00:00,0.17122061274710967,solar,2017-01-27 23:00:00,day_ahead
2017-01-28 08:00:00,36.309062730658596,solar,2017-01-27 23:00:00,day_ahead
2017-01-28 09:00:00,126.28598945863477,solar,2017-01-27 23:00:00,day_ahead
2017-01-28 10:00:00,189.81691400309506,solar,2017-01-27 23:00:00,day_ahead
2017-01-28 11:00:00,221.62652076419624,solar,2017-01-27 23:00:00,day_ahead
2017-01-28 12:00:00,230.90256190481867,solar,2017-01-27 23:00:00,day_ahead
2017-01-28 13:00:00,224.6555167623795,solar,2017-01-27 23:00:00,day_ahead
2017-01-28 14:00:00,201.43304371878224,solar,2017-01-27 23:00:00,day_ahead
2017-01-28 15:00:00,156.34889749158765,solar,2017-01-27 23:00:00,day_ahead
2017-01-28 16:00:00,73.93793438738162,solar,2017-01-27 23:00:00,day_ahead
2017-01-28 17:00:00,5.924829836806906,solar,2017-01-27 23:00:00,day_ahead
2017-01-28 18:00:00,0.0,solar,2017-01-27 23:00:00,day_ahead
2017-01-28 19:00:00,0.0,solar,2017-01-27 23:00:00,day_ahead
2017-01-28 20:00:00,0.0,solar,2017-01-27 23:00:00,day_ahead
2017-01-28 21:00:00,0.0,solar,2017-01-27 23:00:00,day_ahead
2017-01-28 22:00:00,0.0,solar,2017-01-27 23:00:00,day_ahead
2017-01-28 23:00:00,0.0,solar,2017-01-27 23:00:00,day_ahead
2017-01-29 00:00:00,0.0,solar,2017-01-28 23:00:00,day_ahead
2017-01-29 01:00:00,0.0,solar,2017-01-28 23:00:00,day_ahead
2017-01-29 02:00:00,0.0,solar,2017-01-28 23:00:00,day_ahead
2017-01-29 03:00:00,0.0,solar,2017-01-28 23:00:00,day_ahead
2017-01-29 04:00:00,0.0,solar,2017-01-28 23:00:00,day_ahead
2017-01-29 05:00:00,0.0,solar,2017-01-28 23:00:00,day_ahead
2017-01-29 06:00:00,0.0,solar,2017-01-28 23:00:00,day_ahead
2017-01-29 07:00:00,0.18815869756160683,solar,2017-01-28 23:00:00,day_ahead
2017-01-29 08:00:00,38.15847008449974,solar,2017-01-28 23:00:00,day_ahead
2017-01-29 09:00:00,132.07227358116538,solar,2017-01-28 23:00:00,day_ahead
2017-01-29 10:00:00,198.40391240629404,solar,2017-01-28 23:00:00,day_ahead
2017-01-29 11:00:00,231.40042727889352,solar,2017-01-28 23:00:00,day_ahead
2017-01-29 12:00:00,240.60503564045,solar,2017-01-28 23:00:00,day_ahead
2017-01-29 13:00:00,233.64111286453033,solar,2017-01-28 23:00:00,day_ahead
2017-01-29 14:00:00,209.1737132461065,solar,2017-01-28 23:00:00,day_ahead
2017-01-29 15:00:00,162.29233323863593,solar,2017-01-28 23:00:00,day_ahead
2017-01-29 16:00:00,76.71400067121837,solar,2017-01-28 23:00:00,day_ahead
2017-01-29 17:00:00,6.143968061449079,solar,2017-01-28 23:00:00,day_ahead
2017-01-29 18:00:00,0.0,solar,2017-01-28 23:00:00,day_ahead
2017-01-29 19:00:00,0.0,solar,2017-01-28 23:00:00,day_ahead
2017-01-29 20:00:00,0.0,solar,2017-01-28 23:00:00,day_ahead
2017-01-29 21:00:00,0.0,solar,2017-01-28 23:00:00,day_ahead
2017-01-29 22:00:00,0.0,solar,2017-01-28 23:00:00,day_ahead
2017-01-29 23:00:00,0.0,solar,2017-01-28 23:00:00,day_ahead
2017-01-30 00:00:00,0.0,solar,2017-01-29 23:00:00,day_ahead
2017-01-30 01:00:00,0.0,solar,2017-01-29 23:00:00,day_ahead
2017-01-30 02:00:00,0.0,solar,2017-01-29 23:00:00,day_ahead
2017-01-30 03:00:00,0.0,solar,2017-01-29 23:00:00,day_ahead
2017-01-30 04:00:00,0.0,solar,2017-01-29 23:00:00,day_ahead
2017-01-30 05:00:00,0.0,solar,2017-01-29 23:00:00,day_ahead
2017-01-30 06:00:00,0.0,solar,2017-01-29 23:00:00,day_ahead
2017-01-30 07:00:00,0.18570393264885401,solar,2017-01-29 23:00:00,day_ahead
2017-01-30 08:00:00,35.935603903875084,solar,2017-01-29 23:00:00,day_ahead
2017-01-30 09:00:00,124.18611694401997,solar,2017-01-29 23:00:00,day_ahead
2017-01-30 10:00:00,186.45130608256036,solar,2017-01-29 23:00:00,day_ahead
2017-01-30 11:00:00,217.39412837317155,solar,2017-01-29 23:00:00,day_ahead
2017-01-30 12:00:00,225.74546182722767,solar,2017-01-29 23:00:00,day_ahead
2017-01-30 13:00:00,219.05602784317148,solar,2017-01-29 23:00:00,day_ahead
2017-01-30 14:00:00,195.73945549236532,solar,2017-01-29 23:00:00,day_ahead
2017-01-30 15:00:00,151.60884384409468,solar,2017-01-29 23:00:00,day_ahead
2017-01-30 16:00:00,71.71134735842239,solar,2017-01-29 23:00:00,day_ahead
2017-01-30 17:00:00,5.808473698984744,solar,2017-01-29 23:00:00,day_ahead
2017-01-30 18:00:00,0.0,solar,2017-01-29 23:00:00,day_ahead
2017-01-30 19:00:00,0.0,solar,2017-01-29 23:00:00,day_ahead
2017-01-30 20:00:00,0.0,solar,2017-01-29 23:00:00,day_ahead
2017-01-30 21:00:00,0.0,solar,2017-01-29 23:00:00,day_ahead
2017-01-30 22:00:00,0.0,solar,2017-01-29 23:00:00,day_ahead
2017-01-30 23:00:00,0.0,solar,2017-01-29 23:00:00,day_ahead
2017-01-31 00:00:00,0.0,solar,2017-01-30 23:00:00,day_ahead
2017-01-31 01:00:00,0.0,solar,2017-01-30 23:00:00,day_ahead
2017-01-31 02:00:00,0.0,solar,2017-01-30 23:00:00,day_ahead
2017-01-31 03:00:00,0.0,solar,2017-01-30 23:00:00,day_ahead
2017-01-31 04:00:00,0.0,solar,2017-01-30 23:00:00,day_ahead
2017-01-31 05:00:00,0.0,solar,2017-01-30 23:00:00,day_ahead
2017-01-31 06:00:00,0.0,solar,2017-01-30 23:00:00,day_ahead
2017-01-31 07:00:00,0.19564559792681693,solar,2017-01-30 23:00:00,day_ahead
2017-01-31 08:00:00,36.263227487434314,solar,2017-01-30 23:00:00,day_ahead
2017-01-31 09:00:00,124.94739391301074,solar,2017-01-30 23:00:00,day_ahead
2017-01-31 10:00:00,187.50111079382137,solar,2017-01-30 23:00:00,day_ahead
2017-01-31 11:00:00,218.67500039643102,solar,2017-01-30 23:00:00,day_ahead
2017-01-31 12:00:00,227.0868000056742,solar,2017-01-30 23:00:00,day_ahead
2017-01-31 13:00:00,220.42640969217553,solar,2017-01-30 23:00:00,day_ahead
2017-01-31 14:00:00,196.9316339685632,solar,2017-01-30 23:00:00,day_ahead
2017-01-31 15:00:00,152.61646444050194,solar,2017-01-30 23:00:00,day_ahead
2017-01-31 16:00:00,72.37802530991506,solar,2017-01-30 23:00:00,day_ahead
2017-01-31 17:00:00,5.922974809885059,solar,2017-01-30 23:00:00,day_ahead
2017-01-31 18:00:00,0.0,solar,2017-01-30 23:00:00,day_ahead
2017-01-31 19:00:00,0.0,solar,2017-01-30 23:00:00,day_ahead
2017-01-31 20:00:00,0.0,solar,2017-01-30 23:00:00,day_ahead
2017-01-31 21:00:00,0.0,solar,2017-01-30 23:00:00,day_ahead
2017-01-31 22:00:00,0.0,solar,2017-01-30 23:00:00,day_ahead
2017-01-31 23:00:00,0.0,solar,2017-01-30 23:00:00,day_ahead
2017-02-01 00:00:00,0.0,solar,2017-01-31 23:00:00,day_ahead
2017-02-01 01:00:00,0.0,solar,2017-01-31 23:00:00,day_ahead
2017-02-01 02:00:00,0.0,solar,2017-01-31 23:00:00,day_ahead
2017-02-01 03:00:00,0.0,solar,2017-01-31 23:00:00,day_ahead
2017-02-01 04:00:00,0.0,solar,2017-01-31 23:00:00,day_ahead
2017-02-01 05:00:00,0.0,solar,2017-01-31 23:00:00,day_ahead
2017-02-01 06:00:00,0.0,solar,2017-01-31 23:00:00,day_ahead
2017-02-01 07:00:00,4.924012541388094,solar,2017-01-31 23:00:00,day_ahead
2017-02-01 08:00:00,52.71591994776163,solar,2017-01-31 23:00:00,day_ahead
2017-02-01 09:00:00,115.87092394852877,solar,2017-01-31 23:00:00,day_ahead
2017-02-01 10:00:00,152.40346364908882,solar,2017-01-31 23:00:00,day_ahead
2017-02-01 11:00:00,176.70759189300244,solar,2017-01-31 23:00:00,day_ahead
2017-02-01 12:00:00,185.06261823960784,solar,2017-01-31 23:00:00,day_ahead
2017-02-01 13:00:00,179.2216343760101,solar,2017-01-31 23:00:00,day_ahead
2017-02-01 14:00:00,165.2466815730636,solar,2017-01-31 23:00:00,day_ahead
2017-02-01 15:00:00,134.63584698189402,solar,2017-01-31 23:00:00,day_ahead
2017-02-01 16:00:00,89.95365434722441,solar,2017-01-31 23:00:00,day_ahead
2017-02-01 17:00:00,26.10864334338026,solar,2017-01-31 23:00:00,day_ahead
2017-02-01 18:00:00,0.2793674013018589,solar,2017-01-31 23:00:00,day_ahead
2017-02-01 19:00:00,0.0,solar,2017-01-31 23:00:00,day_ahead
2017-02-01 20:00:00,0.0,solar,2017-01-31 23:00:00,day_ahead
2017-02-01 21:00:00,0.0,solar,2017-01-31 23:00:00,day_ahead
2017-02-01 22:00:00,0.0,solar,2017-01-31 23:00:00,day_ahead
2017-02-01 23:00:00,0.0,solar,2017-01-31 23:00:00,day_ahead
2017-02-02 00:00:00,0.0,solar,2017-02-01 23:00:00,day_ahead
2017-02-02 01:00:00,0.0,solar,2017-02-01 23:00:00,day_ahead
2017-02-02 02:00:00,0.0,solar,2017-02-01 23:00:00,day_ahead
2017-02-02 03:00:00,0.0,solar,2017-02-01 23:00:00,day_ahead
2017-02-02 04:00:00,0.0,solar,2017-02-01 23:00:00,day_ahead
2017-02-02 05:00:00,0.0,solar,2017-02-01 23:00:00,day_ahead
2017-02-02 06:00:00,0.0,solar,2017-02-01 23:00:00,day_ahead
2017-02-02 07:00:00,6.641828879505766,solar,2017-02-01 23:00:00,day_ahead
2017-02-02 08:00:00,71.89139780254078,solar,2017-02-01 23:00:00,day_ahead
2017-02-02 09:00:00,158.82787865795933,solar,2017-02-01 23:00:00,day_ahead
2017-02-02 10:00:00,209.01359948367536,solar,2017-02-01 23:00:00,day_ahead
2017-02-02 11:00:00,241.69599646841237,solar,2017-02-01 23:00:00,day_ahead
2017-02-02 12:00:00,253.07265315612517,solar,2017-02-01 23:00:00,day_ahead
2017-02-02 13:00:00,245.04455461010528,solar,2017-02-01 23:00:00,day_ahead
2017-02-02 14:00:00,225.73381202340576,solar,2017-02-01 23:00:00,day_ahead
2017-02-02 15:00:00,183.32884010402896,solar,2017-02-01 23:00:00,day_ahead
2017-02-02 16:00:00,121.89022958288243,solar,2017-02-01 23:00:00,day_ahead
2017-02-02 17:00:00,35.19498153592976,solar,2017-02-01 23:00:00,day_ahead
2017-02-02 18:00:00,0.3758674114559766,solar,2017-02-01 23:00:00,day_ahead
2017-02-02 19:00:00,0.0,solar,2017-02-01 23:00:00,day_ahead
2017-02-02 20:00:00,0.0,solar,2017-02-01 23:00:00,day_ahead
2017-02-02 21:00:00,0.0,solar,2017-02-01 23:00:00,day_ahead
2017-02-02 22:00:00,0.0,solar,2017-02-01 23:00:00,day_ahead
2017-02-02 23:00:00,0.0,solar,2017-02-01 23:00:00,day_ahead
2017-02-03 00:00:00,0.0,solar,2017-02-02 23:00:00,day_ahead
2017-02-03 01:00:00,0.0,solar,2017-02-02 23:00:00,day_ahead
2017-02-03 02:00:00,0.0,solar,2017-02-02 23:00:00,day_ahead
2017-02-03 03:00:00,0.0,solar,2017-02-02 23:00:00,day_ahead
2017-02-03 04:00:00,0.0,solar,2017-02-02 23:00:00,day_ahead
2017-02-03 05:00:00,0.0,solar,2017-02-02 23:00:00,day_ahead
2017-02-03 06:00:00,0.0,solar,2017-02-02 23:00:00,day_ahead
2017-02-03 07:00:00,5.747132960773122,solar,2017-02-02 23:00:00,day_ahead
2017-02-03 08:00:00,62.41251025458013,solar,2017-02-02 23:00:00,day_ahead
2017-02-03 09:00:00,138.41545118565156,solar,2017-02-02 23:00:00,day_ahead
2017-02-03 10:00:00,182.38351810528528,solar,2017-02-02 23:00:00,day_ahead
2017-02-03 11:00:00,211.45541368806022,solar,2017-02-02 23:00:00,day_ahead
2017-02-03 12:00:00,221.18222210718852,solar,2017-02-02 23:00:00,day_ahead
2017-02-03 13:00:00,214.4262327529634,solar,2017-02-02 23:00:00,day_ahead
2017-02-03 14:00:00,197.55543120315494,solar,2017-02-02 23:00:00,day_ahead
2017-02-03 15:00:00,160.3346617665798,solar,2017-02-02 23:00:00,day_ahead
2017-02-03 16:00:00,106.468201200406,solar,2017-02-02 23:00:00,day_ahead
2017-02-03 17:00:00,30.65933192713704,solar,2017-02-02 23:00:00,day_ahead
2017-02-03 18:00:00,0.325235659721389,solar,2017-02-02 23:00:00,day_ahead
2017-02-03 19:00:00,0.0,solar,2017-02-02 23:00:00,day_ahead
2017-02-03 20:00:00,0.0,solar,2017-02-02 23:00:00,day_ahead
2017-02-03 21:00:00,0.0,solar,2017-02-02 23:00:00,day_ahead
2017-02-03 22:00:00,0.0,solar,2017-02-02 23:00:00,day_ahead
2017-02-03 23:00:00,0.0,solar,2017-02-02 23:00:00,day_ahead
2017-02-04 00:00:00,0.0,solar,2017-02-03 23:00:00,day_ahead
2017-02-04 01:00:00,0.0,solar,2017-02-03 23:00:00,day_ahead
2017-02-04 02:00:00,0.0,solar,2017-02-03 23:00:00,day_ahead
2017-02-04 03:00:00,0.0,solar,2017-02-03 23:00:00,day_ahead
2017-02-04 04:00:00,0.0,solar,2017-02-03 23:00:00,day_ahead
2017-02-04 05:00:00,0.0,solar,2017-02-03 23:00:00,day_ahead
2017-02-04 06:00:00,0.0,solar,2017-02-03 23:00:00,day_ahead
2017-02-04 07:00:00,5.176257434059077,solar,2017-02-03 23:00:00,day_ahead
2017-02-04 08:00:00,56.463794108872094,solar,2017-02-03 23:00:00,day_ahead
2017-02-04 09:00:00,125.68311196374808,solar,2017-02-03 23:00:00,day_ahead
2017-02-04 10:00:00,165.82515540569435,solar,2017-02-03 23:00:00,day_ahead
2017-02-04 11:00:00,191.96949376802797,solar,2017-02-03 23:00:00,day_ahead
2017-02-04 12:00:00,200.33374279588537,solar,2017-02-03 23:00:00,day_ahead
2017-02-04 13:00:00,194.1960025944064,solar,2017-02-03 23:00:00,day_ahead
2017-02-04 14:00:00,178.67080830724174,solar,2017-02-03 23:00:00,day_ahead
2017-02-04 15:00:00,144.98887538779735,solar,2017-02-03 23:00:00,day_ahead
2017-02-04 16:00:00,96.31477811596045,solar,2017-02-03 23:00:00,day_ahead
2017-02-04 17:00:00,27.70622237069307,solar,2017-02-03 23:00:00,day_ahead
2017-02-04 18:00:00,0.29292814797864297,solar,2017-02-03 23:00:00,day_ahead
2017-02-04 19:00:00,0.0,solar,2017-02-03 23:00:00,day_ahead
2017-02-04 20:00:00,0.0,solar,2017-02-03 23:00:00,day_ahead
2017-02-04 21:00:00,0.0,solar,2017-02-03 23:00:00,day_ahead
2017-02-04 22:00:00,0.0,solar,2017-02-03 23:00:00,day_ahead
2017-02-04 23:00:00,0.0,solar,2017-02-03 23:00:00,day_ahead
2017-02-05 00:00:00,0.0,solar,2017-02-04 23:00:00,day_ahead
2017-02-05 01:00:00,0.0,solar,2017-02-04 23:00:00,day_ahead
2017-02-05 02:00:00,0.0,solar,2017-02-04 23:00:00,day_ahead
2017-02-05 03:00:00,0.0,solar,2017-02-04 23:00:00,day_ahead
2017-02-05 04:00:00,0.0,solar,2017-02-04 23:00:00,day_ahead
2017-02-05 05:00:00,0.0,solar,2017-02-04 23:00:00,day_ahead
2017-02-05 06:00:00,0.0,solar,2017-02-04 23:00:00,day_ahead
2017-02-05 07:00:00,5.1198881640164515,solar,2017-02-04 23:00:00,day_ahead
2017-02-05 08:00:00,55.96650376536818,solar,2017-02-04 23:00:00,day_ahead
2017-02-05 09:00:00,124.82401814697646,solar,2017-02-04 23:00:00,day_ahead
2017-02-05 10:00:00,165.064637056027,solar,2017-02-04 23:00:00,day_ahead
2017-02-05 11:00:00,191.45998517053826,solar,2017-02-04 23:00:00,day_ahead
2017-02-05 12:00:00,199.58941829462253,solar,2017-02-04 23:00:00,day_ahead
2017-02-05 13:00:00,193.07426197252417,solar,2017-02-04 23:00:00,day_ahead
2017-02-05 14:00:00,177.33921193025944,solar,2017-02-04 23:00:00,day_ahead
2017-02-05 15:00:00,143.94567491841366,solar,2017-02-04 23:00:00,day_ahead
2017-02-05 16:00:00,95.618706796146,solar,2017-02-04 23:00:00,day_ahead
2017-02-05 17:00:00,27.495967463740858,solar,2017-02-04 23:00:00,day_ahead
2017-02-05 18:00:00,0.2897381725784751,solar,2017-02-04 23:00:00,day_ahead
2017-02-05 19:00:00,0.0,solar,2017-02-04 23:00:00,day_ahead
2017-02-05 20:00:00,0.0,solar,2017-02-04 23:00:00,day_ahead
2017-02-05 21:00:00,0.0,solar,2017-02-04 23:00:00,day_ahead
2017-02-05 22:00:00,0.0,solar,2017-02-04 23:00:00,day_ahead
2017-02-05 23:00:00,0.0,solar,2017-02-04 23:00:00,day_ahead
2017-02-06 00:00:00,0.0,solar,2017-02-05 23:00:00,day_ahead
2017-02-06 01:00:00,0.0,solar,2017-02-05 23:00:00,day_ahead
2017-02-06 02:00:00,0.0,solar,2017-02-05 23:00:00,day_ahead
2017-02-06 03:00:00,0.0,solar,2017-02-05 23:00:00,day_ahead
2017-02-06 04:00:00,0.0,solar,2017-02-05 23:00:00,day_ahead
2017-02-06 05:00:00,0.0,solar,2017-02-05 23:00:00,day_ahead
2017-02-06 06:00:00,0.0,solar,2017-02-05 23:00:00,day_ahead
2017-02-06 07:00:00,6.850856044935533,solar,2017-02-05 23:00:00,day_ahead
2017-02-06 08:00:00,75.83100128594145,solar,2017-02-05 23:00:00,day_ahead
2017-02-06 09:00:00,169.93121272892233,solar,2017-02-05 23:00:00,day_ahead
2017-02-06 10:00:00,224.66854975971702,solar,2017-02-05 23:00:00,day_ahead
2017-02-06 11:00:00,260.3339216928907,solar,2017-02-05 23:00:00,day_ahead
2017-02-06 12:00:00,271.53291781352135,solar,2017-02-05 23:00:00,day_ahead
2017-02-06 13:00:00,262.7500657186442,solar,2017-02-05 23:00:00,day_ahead
2017-02-06 14:00:00,241.41743974548936,solar,2017-02-05 23:00:00,day_ahead
2017-02-06 15:00:00,196.1326905076706,solar,2017-02-05 23:00:00,day_ahead
2017-02-06 16:00:00,130.28874719647962,solar,2017-02-05 23:00:00,day_ahead
2017-02-06 17:00:00,37.22154039232127,solar,2017-02-05 23:00:00,day_ahead
2017-02-06 18:00:00,0.38670813893636236,solar,2017-02-05 23:00:00,day_ahead
2017-02-06 19:00:00,0.0,solar,2017-02-05 23:00:00,day_ahead
2017-02-06 20:00:00,0.0,solar,2017-02-05 23:00:00,day_ahead
2017-02-06 21:00:00,0.0,solar,2017-02-05 23:00:00,day_ahead
2017-02-06 22:00:00,0.0,solar,2017-02-05 23:00:00,day_ahead
2017-02-06 23:00:00,0.0,solar,2017-02-05 23:00:00,day_ahead
2017-02-07 00:00:00,0.0,solar,2017-02-06 23:00:00,day_ahead
2017-02-07 01:00:00,0.0,solar,2017-02-06 23:00:00,day_ahead
2017-02-07 02:00:00,0.0,solar,2017-02-06 23:00:00,day_ahead
2017-02-07 03:00:00,0.0,solar,2017-02-06 23:00:00,day_ahead
2017-02-07 04:00:00,0.0,solar,2017-02-06 23:00:00,day_ahead
2017-02-07 05:00:00,0.0,solar,2017-02-06 23:00:00,day_ahead
2017-02-07 06:00:00,0.0,solar,2017-02-06 23:00:00,day_ahead
2017-02-07 07:00:00,7.197951028488061,solar,2017-02-06 23:00:00,day_ahead
2017-02-07 08:00:00,80.65113122638829,solar,2017-02-06 23:00:00,day_ahead
2017-02-07 09:00:00,180.95167897060853,solar,2017-02-06 23:00:00,day_ahead
2017-02-07 10:00:00,239.26291649199823,solar,2017-02-06 23:00:00,day_ahead
2017-02-07 11:00:00,277.28773264458516,solar,2017-02-06 23:00:00,day_ahead
2017-02-07 12:00:00,289.1831556280067,solar,2017-02-06 23:00:00,day_ahead
2017-02-07 13:00:00,279.970709011372,solar,2017-02-06 23:00:00,day_ahead
2017-02-07 14:00:00,257.27254037485267,solar,2017-02-06 23:00:00,day_ahead
2017-02-07 15:00:00,209.12666391777756,solar,2017-02-06 23:00:00,day_ahead
2017-02-07 16:00:00,138.85268307177097,solar,2017-02-06 23:00:00,day_ahead
2017-02-07 17:00:00,39.41104063446109,solar,2017-02-06 23:00:00,day_ahead
2017-02-07 18:00:00,0.40322123857138664,solar,2017-02-06 23:00:00,day_ahead
2017-02-07 19:00:00,0.0,solar,2017-02-06 23:00:00,day_ahead
2017-02-07 20:00:00,0.0,solar,2017-02-06 23:00:00,day_ahead
2017-02-07 21:00:00,0.0,solar,2017-02-06 23:00:00,day_ahead
2017-02-07 22:00:00,0.0,solar,2017-02-06 23:00:00,day_ahead
2017-02-07 23:00:00,0.0,solar,2017-02-06 23:00:00,day_ahead
2017-02-08 00:00:00,0.0,solar,2017-02-07 23:00:00,day_ahead
2017-02-08 01:00:00,0.0,solar,2017-02-07 23:00:00,day_ahead
2017-02-08 02:00:00,0.0,solar,2017-02-07 23:00:00,day_ahead
2017-02-08 03:00:00,0.0,solar,2017-02-07 23:00:00,day_ahead
2017-02-08 04:00:00,0.0,solar,2017-02-07 23:00:00,day_ahead
2017-02-08 05:00:00,0.0,solar,2017-02-07 23:00:00,day_ahead
2017-02-08 06:00:00,0.0,solar,2017-02-07 23:00:00,day_ahead
2017-02-08 07:00:00,5.391670857186381,solar,2017-02-07 23:00:00,day_ahead
2017-02-08 08:00:00,60.681168333568856,solar,2017-02-07 23:00:00,day_ahead
2017-02-08 09:00:00,136.31547572340992,solar,2017-02-07 23:00:00,day_ahead
2017-02-08 10:00:00,180.30496280780184,solar,2017-02-07 23:00:00,day_ahead
2017-02-08 11:00:00,208.87893235754777,solar,2017-02-07 23:00:00,day_ahead
2017-02-08 12:00:00,217.88908962030254,solar,2017-02-07 23:00:00,day_ahead
2017-02-08 13:00:00,211.30474278696835,solar,2017-02-07 23:00:00,day_ahead
2017-02-08 14:00:00,194.41332145755263,solar,2017-02-07 23:00:00,day_ahead
2017-02-08 15:00:00,158.29079609346127,solar,2017-02-07 23:00:00,day_ahead
2017-02-08 16:00:00,105.1185639031626,solar,2017-02-07 23:00:00,day_ahead
2017-02-08 17:00:00,29.74558400333903,solar,2017-02-07 23:00:00,day_ahead
2017-02-08 18:00:00,0.30127413813348664,solar,2017-02-07 23:00:00,day_ahead
2017-02-08 19:00:00,0.0,solar,2017-02-07 23:00:00,day_ahead
2017-02-08 20:00:00,0.0,solar,2017-02-07 23:00:00,day_ahead
2017-02-08 21:00:00,0.0,solar,2017-02-07 23:00:00,day_ahead
2017-02-08 22:00:00,0.0,solar,2017-02-07 23:00:00,day_ahead
2017-02-08 23:00:00,0.0,solar,2017-02-07 23:00:00,day_ahead
2017-02-09 00:00:00,0.0,solar,2017-02-08 23:00:00,day_ahead
2017-02-09 01:00:00,0.0,solar,2017-02-08 23:00:00,day_ahead
2017-02-09 02:00:00,0.0,solar,2017-02-08 23:00:00,day_ahead
2017-02-09 03:00:00,0.0,solar,2017-02-08 23:00:00,day_ahead
2017-02-09 04:00:00,0.0,solar,2017-02-08 23:00:00,day_ahead
2017-02-09 05:00:00,0.0,solar,2017-02-08 23:00:00,day_ahead
2017-02-09 06:00:00,0.0,solar,2017-02-08 23:00:00,day_ahead
2017-02-09 07:00:00,7.350121384566344,solar,2017-02-08 23:00:00,day_ahead
2017-02-09 08:00:00,83.76040049460757,solar,2017-02-08 23:00:00,day_ahead
2017-02-09 09:00:00,187.99937379677908,solar,2017-02-08 23:00:00,day_ahead
2017-02-09 10:00:00,248.6297234070884,solar,2017-02-08 23:00:00,day_ahead
2017-02-09 11:00:00,287.6834502678453,solar,2017-02-08 23:00:00,day_ahead
2017-02-09 12:00:00,299.9782185673667,solar,2017-02-08 23:00:00,day_ahead
2017-02-09 13:00:00,291.0224281809959,solar,2017-02-08 23:00:00,day_ahead
2017-02-09 14:00:00,267.89782663622753,solar,2017-02-08 23:00:00,day_ahead
2017-02-09 15:00:00,218.4438918095936,solar,2017-02-08 23:00:00,day_ahead
2017-02-09 16:00:00,145.1583911530813,solar,2017-02-08 23:00:00,day_ahead
2017-02-09 17:00:00,40.941989102875525,solar,2017-02-08 23:00:00,day_ahead
2017-02-09 18:00:00,0.40559761143124856,solar,2017-02-08 23:00:00,day_ahead
2017-02-09 19:00:00,0.0,solar,2017-02-08 23:00:00,day_ahead
2017-02-09 20:00:00,0.0,solar,2017-02-08 23:00:00,day_ahead
2017-02-09 21:00:00,0.0,solar,2017-02-08 23:00:00,day_ahead
2017-02-09 22:00:00,0.0,solar,2017-02-08 23:00:00,day_ahead
2017-02-09 23:00:00,0.0,solar,2017-02-08 23:00:00,day_ahead
2017-02-10 00:00:00,0.0,solar,2017-02-09 23:00:00,day_ahead
2017-02-10 01:00:00,0.0,solar,2017-02-09 23:00:00,day_ahead
2017-02-10 02:00:00,0.0,solar,2017-02-09 23:00:00,day_ahead
2017-02-10 03:00:00,0.0,solar,2017-02-09 23:00:00,day_ahead
2017-02-10 04:00:00,0.0,solar,2017-02-09 23:00:00,day_ahead
2017-02-10 05:00:00,0.0,solar,2017-02-09 23:00:00,day_ahead
2017-02-10 06:00:00,0.0,solar,2017-02-09 23:00:00,day_ahead
2017-02-10 07:00:00,6.116946650507879,solar,2017-02-09 23:00:00,day_ahead
2017-02-10 08:00:00,69.50137766425743,solar,2017-02-09 23:00:00,day_ahead
2017-02-10 09:00:00,156.38211031845938,solar,2017-02-09 23:00:00,day_ahead
2017-02-10 10:00:00,206.79911077106902,solar,2017-02-09 23:00:00,day_ahead
2017-02-10 11:00:00,238.77400062860988,solar,2017-02-09 23:00:00,day_ahead
2017-02-10 12:00:00,248.86073579493686,solar,2017-02-09 23:00:00,day_ahead
2017-02-10 13:00:00,241.40046870184787,solar,2017-02-09 23:00:00,day_ahead
2017-02-10 14:00:00,221.90161608904126,solar,2017-02-09 23:00:00,day_ahead
2017-02-10 15:00:00,180.73137498517804,solar,2017-02-09 23:00:00,day_ahead
2017-02-10 16:00:00,119.87300904027508,solar,2017-02-09 23:00:00,day_ahead
2017-02-10 17:00:00,33.81867668401879,solar,2017-02-09 23:00:00,day_ahead
2017-02-10 18:00:00,0.3317686356821813,solar,2017-02-09 23:00:00,day_ahead
2017-02-10 19:00:00,0.0,solar,2017-02-09 23:00:00,day_ahead
2017-02-10 20:00:00,0.0,solar,2017-02-09 23:00:00,day_ahead
2017-02-10 21:00:00,0.0,solar,2017-02-09 23:00:00,day_ahead
2017-02-10 22:00:00,0.0,solar,2017-02-09 23:00:00,day_ahead
2017-02-10 23:00:00,0.0,solar,2017-02-09 23:00:00,day_ahead
2017-02-11 00:00:00,0.0,solar,2017-02-10 23:00:00,day_ahead
2017-02-11 01:00:00,0.0,solar,2017-02-10 23:00:00,day_ahead
2017-02-11 02:00:00,0.0,solar,2017-02-10 23:00:00,day_ahead
2017-02-11 03:00:00,0.0,solar,2017-02-10 23:00:00,day_ahead
2017-02-11 04:00:00,0.0,solar,2017-02-10 23:00:00,day_ahead
2017-02-11 05:00:00,0.0,solar,2017-02-10 23:00:00,day_ahead
2017-02-11 06:00:00,0.0,solar,2017-02-10 23:00:00,day_ahead
2017-02-11 07:00:00,5.012892738552101,solar,2017-02-10 23:00:00,day_ahead
2017-02-11 08:00:00,57.40629313684334,solar,2017-02-10 23:00:00,day_ahead
2017-02-11 09:00:00,128.67139474493018,solar,2017-02-10 23:00:00,day_ahead
2017-02-11 10:00:00,169.79712170897494,solar,2017-02-10 23:00:00,day_ahead
2017-02-11 11:00:00,195.4934555194515,solar,2017-02-10 23:00:00,day_ahead
2017-02-11 12:00:00,203.52899248778144,solar,2017-02-10 23:00:00,day_ahead
2017-02-11 13:00:00,197.30153593603097,solar,2017-02-10 23:00:00,day_ahead
2017-02-11 14:00:00,181.69407276920356,solar,2017-02-10 23:00:00,day_ahead
2017-02-11 15:00:00,148.22482919358262,solar,2017-02-10 23:00:00,day_ahead
2017-02-11 16:00:00,98.4342348866417,solar,2017-02-10 23:00:00,day_ahead
2017-02-11 17:00:00,27.804931356687575,solar,2017-02-10 23:00:00,day_ahead
2017-02-11 18:00:00,0.2699066587067583,solar,2017-02-10 23:00:00,day_ahead
2017-02-11 19:00:00,0.0,solar,2017-02-10 23:00:00,day_ahead
2017-02-11 20:00:00,0.0,solar,2017-02-10 23:00:00,day_ahead
2017-02-11 21:00:00,0.0,solar,2017-02-10 23:00:00,day_ahead
2017-02-11 22:00:00,0.0,solar,2017-02-10 23:00:00,day_ahead
2017-02-11 23:00:00,0.0,solar,2017-02-10 23:00:00,day_ahead
2017-02-12 00:00:00,0.0,solar,2017-02-11 23:00:00,day_ahead
2017-02-12 01:00:00,0.0,solar,2017-02-11 23:00:00,day_ahead
2017-02-12 02:00:00,0.0,solar,2017-02-11 23:00:00,day_ahead
2017-02-12 03:00:00,0.0,solar,2017-02-11 23:00:00,day_ahead
2017-02-12 04:00:00,0.0,solar,2017-02-11 23:00:00,day_ahead
2017-02-12 05:00:00,0.0,solar,2017-02-11 23:00:00,day_ahead
2017-02-12 06:00:00,0.0,solar,2017-02-11 23:00:00,day_ahead
2017-02-12 07:00:00,4.691279530062731,solar,2017-02-11 23:00:00,day_ahead
2017-02-12 08:00:00,53.93405548840311,solar,2017-02-11 23:00:00,day_ahead
2017-02-12 09:00:00,121.13591855178534,solar,2017-02-11 23:00:00,day_ahead
2017-02-12 10:00:00,159.68901985909338,solar,2017-02-11 23:00:00,day_ahead
2017-02-12 11:00:00,183.40579189770662,solar,2017-02-11 23:00:00,day_ahead
2017-02-12 12:00:00,190.7598573490588,solar,2017-02-11 23:00:00,day_ahead
2017-02-12 13:00:00,184.86650849481538,solar,2017-02-11 23:00:00,day_ahead
2017-02-12 14:00:00,170.26165992661004,solar,2017-02-11 23:00:00,day_ahead
2017-02-12 15:00:00,138.7882938730092,solar,2017-02-11 23:00:00,day_ahead
2017-02-12 16:00:00,92.12315255378485,solar,2017-02-11 23:00:00,day_ahead
2017-02-12 17:00:00,26.00348260592595,solar,2017-02-11 23:00:00,day_ahead
2017-02-12 18:00:00,0.2519784756040773,solar,2017-02-11 23:00:00,day_ahead
2017-02-12 19:00:00,0.0,solar,2017-02-11 23:00:00,day_ahead
2017-02-12 20:00:00,0.0,solar,2017-02-11 23:00:00,day_ahead
2017-02-12 21:00:00,0.0,solar,2017-02-11 23:00:00,day_ahead
2017-02-12 22:00:00,0.0,solar,2017-02-11 23:00:00,day_ahead
2017-02-12 23:00:00,0.0,solar,2017-02-11 23:00:00,day_ahead
2017-02-13 00:00:00,0.0,solar,2017-02-12 23:00:00,day_ahead
2017-02-13 01:00:00,0.0,solar,2017-02-12 23:00:00,day_ahead
2017-02-13 02:00:00,0.0,solar,2017-02-12 23:00:00,day_ahead
2017-02-13 03:00:00,0.0,solar,2017-02-12 23:00:00,day_ahead
2017-02-13 04:00:00,0.0,solar,2017-02-12 23:00:00,day_ahead
2017-02-13 05:00:00,0.0,solar,2017-02-12 23:00:00,day_ahead
2017-02-13 06:00:00,0.0,solar,2017-02-12 23:00:00,day_ahead
2017-02-13 07:00:00,5.320156706840223,solar,2017-02-12 23:00:00,day_ahead
2017-02-13 08:00:00,61.273375502498936,solar,2017-02-12 23:00:00,day_ahead
2017-02-13 09:00:00,138.00674461915273,solar,2017-02-12 23:00:00,day_ahead
2017-02-13 10:00:00,181.9051783688572,solar,2017-02-12 23:00:00,day_ahead
2017-02-13 11:00:00,209.49474734431493,solar,2017-02-12 23:00:00,day_ahead
2017-02-13 12:00:00,218.0201872092177,solar,2017-02-12 23:00:00,day_ahead
2017-02-13 13:00:00,210.92873307598728,solar,2017-02-12 23:00:00,day_ahead
2017-02-13 14:00:00,193.62189089834663,solar,2017-02-12 23:00:00,day_ahead
2017-02-13 15:00:00,157.3857506790197,solar,2017-02-12 23:00:00,day_ahead
2017-02-13 16:00:00,104.38720100291658,solar,2017-02-12 23:00:00,day_ahead
2017-02-13 17:00:00,29.469488321514916,solar,2017-02-12 23:00:00,day_ahead
2017-02-13 18:00:00,0.2850663880628388,solar,2017-02-12 23:00:00,day_ahead
2017-02-13 19:00:00,0.0,solar,2017-02-12 23:00:00,day_ahead
2017-02-13 20:00:00,0.0,solar,2017-02-12 23:00:00,day_ahead
2017-02-13 21:00:00,0.0,solar,2017-02-12 23:00:00,day_ahead
2017-02-13 22:00:00,0.0,solar,2017-02-12 23:00:00,day_ahead
2017-02-13 23:00:00,0.0,solar,2017-02-12 23:00:00,day_ahead
2017-02-14 00:00:00,0.0,solar,2017-02-13 23:00:00,day_ahead
2017-02-14 01:00:00,0.0,solar,2017-02-13 23:00:00,day_ahead
2017-02-14 02:00:00,0.0,solar,2017-02-13 23:00:00,day_ahead
2017-02-14 03:00:00,0.0,solar,2017-02-13 23:00:00,day_ahead
2017-02-14 04:00:00,0.0,solar,2017-02-13 23:00:00,day_ahead
2017-02-14 05:00:00,0.0,solar,2017-02-13 23:00:00,day_ahead
2017-02-14 06:00:00,0.0,solar,2017-02-13 23:00:00,day_ahead
2017-02-14 07:00:00,6.2737918666544665,solar,2017-02-13 23:00:00,day_ahead
2017-02-14 08:00:00,72.88041081514312,solar,2017-02-13 23:00:00,day_ahead
2017-02-14 09:00:00,164.08654386041778,solar,2017-02-13 23:00:00,day_ahead
2017-02-14 10:00:00,216.1734915833991,solar,2017-02-13 23:00:00,day_ahead
2017-02-14 11:00:00,249.3472539268731,solar,2017-02-13 23:00:00,day_ahead
2017-02-14 12:00:00,259.13284685765956,solar,2017-02-13 23:00:00,day_ahead
2017-02-14 13:00:00,250.96589886922888,solar,2017-02-13 23:00:00,day_ahead
2017-02-14 14:00:00,230.34248486473146,solar,2017-02-13 23:00:00,day_ahead
2017-02-14 15:00:00,187.64767938334094,solar,2017-02-13 23:00:00,day_ahead
2017-02-14 16:00:00,124.56048885944186,solar,2017-02-13 23:00:00,day_ahead
2017-02-14 17:00:00,35.13388937287723,solar,2017-02-13 23:00:00,day_ahead
2017-02-14 18:00:00,0.3337448477451207,solar,2017-02-13 23:00:00,day_ahead
2017-02-14 19:00:00,0.0,solar,2017-02-13 23:00:00,day_ahead
2017-02-14 20:00:00,0.0,solar,2017-02-13 23:00:00,day_ahead
2017-02-14 21:00:00,0.0,solar,2017-02-13 23:00:00,day_ahead
2017-02-14 22:00:00,0.0,solar,2017-02-13 23:00:00,day_ahead
2017-02-14 23:00:00,0.0,solar,2017-02-13 23:00:00,day_ahead
2017-02-15 00:00:00,0.0,solar,2017-02-14 23:00:00,day_ahead
2017-02-15 01:00:00,0.0,solar,2017-02-14 23:00:00,day_ahead
2017-02-15 02:00:00,0.0,solar,2017-02-14 23:00:00,day_ahead
2017-02-15 03:00:00,0.0,solar,2017-02-14 23:00:00,day_ahead
2017-02-15 04:00:00,0.0,solar,2017-02-14 23:00:00,day_ahead
2017-02-15 05:00:00,0.0,solar,2017-02-14 23:00:00,day_ahead
2017-02-15 06:00:00,0.0,solar,2017-02-14 23:00:00,day_ahead
2017-02-15 07:00:00,5.985166799723342,solar,2017-02-14 23:00:00,day_ahead
2017-02-15 08:00:00,70.05716490045722,solar,2017-02-14 23:00:00,day_ahead
2017-02-15 09:00:00,157.78568583043352,solar,2017-02-14 23:00:00,day_ahead
2017-02-15 10:00:00,207.70580208373502,solar,2017-02-14 23:00:00,day_ahead
2017-02-15 11:00:00,239.65473714356543,solar,2017-02-14 23:00:00,day_ahead
2017-02-15 12:00:00,248.5385281158216,solar,2017-02-14 23:00:00,day_ahead
2017-02-15 13:00:00,240.81722872129626,solar,2017-02-14 23:00:00,day_ahead
2017-02-15 14:00:00,221.02657328076464,solar,2017-02-14 23:00:00,day_ahead
2017-02-15 15:00:00,180.28760834176805,solar,2017-02-14 23:00:00,day_ahead
2017-02-15 16:00:00,119.60615947973861,solar,2017-02-14 23:00:00,day_ahead
2017-02-15 17:00:00,33.805524544526236,solar,2017-02-14 23:00:00,day_ahead
2017-02-15 18:00:00,0.3161158563371923,solar,2017-02-14 23:00:00,day_ahead
2017-02-15 19:00:00,0.0,solar,2017-02-14 23:00:00,day_ahead
2017-02-15 20:00:00,0.0,solar,2017-02-14 23:00:00,day_ahead
2017-02-15 21:00:00,0.0,solar,2017-02-14 23:00:00,day_ahead
2017-02-15 22:00:00,0.0,solar,2017-02-14 23:00:00,day_ahead
2017-02-15 23:00:00,0.0,solar,2017-02-14 23:00:00,day_ahead
2017-02-16 00:00:00,0.0,solar,2017-02-15 23:00:00,day_ahead
2017-02-16 01:00:00,0.0,solar,2017-02-15 23:00:00,day_ahead
2017-02-16 02:00:00,0.0,solar,2017-02-15 23:00:00,day_ahead
2017-02-16 03:00:00,0.0,solar,2017-02-15 23:00:00,day_ahead
2017-02-16 04:00:00,0.0,solar,2017-02-15 23:00:00,day_ahead
2017-02-16 05:00:00,0.0,solar,2017-02-15 23:00:00,day_ahead
2017-02-16 06:00:00,0.0,solar,2017-02-15 23:00:00,day_ahead
2017-02-16 07:00:00,6.577102566777024,solar,2017-02-15 23:00:00,day_ahead
2017-02-16 08:00:00,77.17074346510366,solar,2017-02-15 23:00:00,day_ahead
2017-02-16 09:00:00,173.88723132584494,solar,2017-02-15 23:00:00,day_ahead
2017-02-16 10:00:00,229.45968736658892,solar,2017-02-15 23:00:00,day_ahead
2017-02-16 11:00:00,265.23705134666284,solar,2017-02-15 23:00:00,day_ahead
2017-02-16 12:00:00,275.6457184337778,solar,2017-02-15 23:00:00,day_ahead
2017-02-16 13:00:00,267.5787364326949,solar,2017-02-15 23:00:00,day_ahead
2017-02-16 14:00:00,245.33176742214556,solar,2017-02-15 23:00:00,day_ahead
2017-02-16 15:00:00,200.0880080899354,solar,2017-02-15 23:00:00,day_ahead
2017-02-16 16:00:00,132.4471686429633,solar,2017-02-15 23:00:00,day_ahead
2017-02-16 17:00:00,37.25867596104541,solar,2017-02-15 23:00:00,day_ahead
2017-02-16 18:00:00,0.34491542822096155,solar,2017-02-15 23:00:00,day_ahead
2017-02-16 19:00:00,0.0,solar,2017-02-15 23:00:00,day_ahead
2017-02-16 20:00:00,0.0,solar,2017-02-15 23:00:00,day_ahead
2017-02-16 21:00:00,0.0,solar,2017-02-15 23:00:00,day_ahead
2017-02-16 22:00:00,0.0,solar,2017-02-15 23:00:00,day_ahead
2017-02-16 23:00:00,0.0,solar,2017-02-15 23:00:00,day_ahead
2017-02-17 00:00:00,0.0,solar,2017-02-16 23:00:00,day_ahead
2017-02-17 01:00:00,0.0,solar,2017-02-16 23:00:00,day_ahead
2017-02-17 02:00:00,0.0,solar,2017-02-16 23:00:00,day_ahead
2017-02-17 03:00:00,0.0,solar,2017-02-16 23:00:00,day_ahead
2017-02-17 04:00:00,0.0,solar,2017-02-16 23:00:00,day_ahead
2017-02-17 05:00:00,0.0,solar,2017-02-16 23:00:00,day_ahead
2017-02-17 06:00:00,0.0,solar,2017-02-16 23:00:00,day_ahead
2017-02-17 07:00:00,6.951798149516082,solar,2017-02-16 23:00:00,day_ahead
2017-02-17 08:00:00,82.13522256959779,solar,2017-02-16 23:00:00,day_ahead
2017-02-17 09:00:00,185.3881581146853,solar,2017-02-16 23:00:00,day_ahead
2017-02-17 10:00:00,245.05136199842877,solar,2017-02-16 23:00:00,day_ahead
2017-02-17 11:00:00,283.58001391645854,solar,2017-02-16 23:00:00,day_ahead
2017-02-17 12:00:00,294.89594195641,solar,2017-02-16 23:00:00,day_ahead
2017-02-17 13:00:00,286.6090315778485,solar,2017-02-16 23:00:00,day_ahead
2017-02-17 14:00:00,262.95015262780356,solar,2017-02-16 23:00:00,day_ahead
2017-02-17 15:00:00,214.6658701033895,solar,2017-02-16 23:00:00,day_ahead
2017-02-17 16:00:00,142.1896932667501,solar,2017-02-16 23:00:00,day_ahead
2017-02-17 17:00:00,40.06700379563009,solar,2017-02-16 23:00:00,day_ahead
2017-02-17 18:00:00,0.36199662044844894,solar,2017-02-16 23:00:00,day_ahead
2017-02-17 19:00:00,0.0,solar,2017-02-16 23:00:00,day_ahead
2017-02-17 20:00:00,0.0,solar,2017-02-16 23:00:00,day_ahead
2017-02-17 21:00:00,0.0,solar,2017-02-16 23:00:00,day_ahead
2017-02-17 22:00:00,0.0,solar,2017-02-16 23:00:00,day_ahead
2017-02-17 23:00:00,0.0,solar,2017-02-16 23:00:00,day_ahead
2017-02-18 00:00:00,0.0,solar,2017-02-17 23:00:00,day_ahead
2017-02-18 01:00:00,0.0,solar,2017-02-17 23:00:00,day_ahead
2017-02-18 02:00:00,0.0,solar,2017-02-17 23:00:00,day_ahead
2017-02-18 03:00:00,0.0,solar,2017-02-17 23:00:00,day_ahead
2017-02-18 04:00:00,0.0,solar,2017-02-17 23:00:00,day_ahead
2017-02-18 05:00:00,0.0,solar,2017-02-17 23:00:00,day_ahead
2017-02-18 06:00:00,0.0,solar,2017-02-17 23:00:00,day_ahead
2017-02-18 07:00:00,6.991017887013394,solar,2017-02-17 23:00:00,day_ahead
2017-02-18 08:00:00,82.60931436386355,solar,2017-02-17 23:00:00,day_ahead
2017-02-18 09:00:00,186.19279756936305,solar,2017-02-17 23:00:00,day_ahead
2017-02-18 10:00:00,246.2691223958236,solar,2017-02-17 23:00:00,day_ahead
2017-02-18 11:00:00,284.6633775890697,solar,2017-02-17 23:00:00,day_ahead
2017-02-18 12:00:00,296.11308978553046,solar,2017-02-17 23:00:00,day_ahead
2017-02-18 13:00:00,287.7911388917978,solar,2017-02-17 23:00:00,day_ahead
2017-02-18 14:00:00,263.91243501938555,solar,2017-02-17 23:00:00,day_ahead
2017-02-18 15:00:00,215.5890208568612,solar,2017-02-17 23:00:00,day_ahead
2017-02-18 16:00:00,142.81374022688547,solar,2017-02-17 23:00:00,day_ahead
2017-02-18 17:00:00,40.23081071547902,solar,2017-02-17 23:00:00,day_ahead
2017-02-18 18:00:00,0.35650431692664253,solar,2017-02-17 23:00:00,day_ahead
2017-02-18 19:00:00,0.0,solar,2017-02-17 23:00:00,day_ahead
2017-02-18 20:00:00,0.0,solar,2017-02-17 23:00:00,day_ahead
2017-02-18 21:00:00,0.0,solar,2017-02-17 23:00:00,day_ahead
2017-02-18 22:00:00,0.0,solar,2017-02-17 23:00:00,day_ahead
2017-02-18 23:00:00,0.0,solar,2017-02-17 23:00:00,day_ahead
2017-02-19 00:00:00,0.0,solar,2017-02-18 23:00:00,day_ahead
2017-02-19 01:00:00,0.0,solar,2017-02-18 23:00:00,day_ahead
2017-02-19 02:00:00,0.0,solar,2017-02-18 23:00:00,day_ahead
2017-02-19 03:00:00,0.0,solar,2017-02-18 23:00:00,day_ahead
2017-02-19 04:00:00,0.0,solar,2017-02-18 23:00:00,day_ahead
2017-02-19 05:00:00,0.0,solar,2017-02-18 23:00:00,day_ahead
2017-02-19 06:00:00,0.0,solar,2017-02-18 23:00:00,day_ahead
2017-02-19 07:00:00,6.001426706689826,solar,2017-02-18 23:00:00,day_ahead
2017-02-19 08:00:00,70.55262153820102,solar,2017-02-18 23:00:00,day_ahead
2017-02-19 09:00:00,158.4643292177073,solar,2017-02-18 23:00:00,day_ahead
2017-02-19 10:00:00,209.38352229968612,solar,2017-02-18 23:00:00,day_ahead
2017-02-19 11:00:00,241.62403190086195,solar,2017-02-18 23:00:00,day_ahead
2017-02-19 12:00:00,250.72591313051424,solar,2017-02-18 23:00:00,day_ahead
2017-02-19 13:00:00,243.59667785587527,solar,2017-02-18 23:00:00,day_ahead
2017-02-19 14:00:00,223.45573176548967,solar,2017-02-18 23:00:00,day_ahead
2017-02-19 15:00:00,182.60571288618843,solar,2017-02-18 23:00:00,day_ahead
2017-02-19 16:00:00,120.86563617846639,solar,2017-02-18 23:00:00,day_ahead
2017-02-19 17:00:00,34.03395792537895,solar,2017-02-18 23:00:00,day_ahead
2017-02-19 18:00:00,0.29848965928331317,solar,2017-02-18 23:00:00,day_ahead
2017-02-19 19:00:00,0.0,solar,2017-02-18 23:00:00,day_ahead
2017-02-19 20:00:00,0.0,solar,2017-02-18 23:00:00,day_ahead
2017-02-19 21:00:00,0.0,solar,2017-02-18 23:00:00,day_ahead
2017-02-19 22:00:00,0.0,solar,2017-02-18 23:00:00,day_ahead
2017-02-19 23:00:00,0.0,solar,2017-02-18 23:00:00,day_ahead
2017-02-20 00:00:00,0.0,solar,2017-02-19 23:00:00,day_ahead
2017-02-20 01:00:00,0.0,solar,2017-02-19 23:00:00,day_ahead
2017-02-20 02:00:00,0.0,solar,2017-02-19 23:00:00,day_ahead
2017-02-20 03:00:00,0.0,solar,2017-02-19 23:00:00,day_ahead
2017-02-20 04:00:00,0.0,solar,2017-02-19 23:00:00,day_ahead
2017-02-20 05:00:00,0.0,solar,2017-02-19 23:00:00,day_ahead
2017-02-20 06:00:00,0.0,solar,2017-02-19 23:00:00,day_ahead
2017-02-20 07:00:00,6.848469698784732,solar,2017-02-19 23:00:00,day_ahead
2017-02-20 08:00:00,81.10620825001534,solar,2017-02-19 23:00:00,day_ahead
2017-02-20 09:00:00,181.96896649200116,solar,2017-02-19 23:00:00,day_ahead
2017-02-20 10:00:00,240.66091393857508,solar,2017-02-19 23:00:00,day_ahead
2017-02-20 11:00:00,277.7577796014715,solar,2017-02-19 23:00:00,day_ahead
2017-02-20 12:00:00,287.78605954513887,solar,2017-02-19 23:00:00,day_ahead
2017-02-20 13:00:00,279.3762545589176,solar,2017-02-19 23:00:00,day_ahead
2017-02-20 14:00:00,256.1310322883211,solar,2017-02-19 23:00:00,day_ahead
2017-02-20 15:00:00,209.34884976651665,solar,2017-02-19 23:00:00,day_ahead
2017-02-20 16:00:00,138.70394364039043,solar,2017-02-19 23:00:00,day_ahead
2017-02-20 17:00:00,39.13593574301023,solar,2017-02-19 23:00:00,day_ahead
2017-02-20 18:00:00,0.33684091355489443,solar,2017-02-19 23:00:00,day_ahead
2017-02-20 19:00:00,0.0,solar,2017-02-19 23:00:00,day_ahead
2017-02-20 20:00:00,0.0,solar,2017-02-19 23:00:00,day_ahead
2017-02-20 21:00:00,0.0,solar,2017-02-19 23:00:00,day_ahead
2017-02-20 22:00:00,0.0,solar,2017-02-19 23:00:00,day_ahead
2017-02-20 23:00:00,0.0,solar,2017-02-19 23:00:00,day_ahead
2017-02-21 00:00:00,0.0,solar,2017-02-20 23:00:00,day_ahead
2017-02-21 01:00:00,0.0,solar,2017-02-20 23:00:00,day_ahead
2017-02-21 02:00:00,0.0,solar,2017-02-20 23:00:00,day_ahead
2017-02-21 03:00:00,0.0,solar,2017-02-20 23:00:00,day_ahead
2017-02-21 04:00:00,0.0,solar,2017-02-20 23:00:00,day_ahead
2017-02-21 05:00:00,0.0,solar,2017-02-20 23:00:00,day_ahead
2017-02-21 06:00:00,0.0,solar,2017-02-20 23:00:00,day_ahead
2017-02-21 07:00:00,6.732181611656019,solar,2017-02-20 23:00:00,day_ahead
2017-02-21 08:00:00,79.96574661799454,solar,2017-02-20 23:00:00,day_ahead
2017-02-21 09:00:00,178.93801027746187,solar,2017-02-20 23:00:00,day_ahead
2017-02-21 10:00:00,236.88347981146904,solar,2017-02-20 23:00:00,day_ahead
2017-02-21 11:00:00,273.5133990618883,solar,2017-02-20 23:00:00,day_ahead
2017-02-21 12:00:00,283.2941992902937,solar,2017-02-20 23:00:00,day_ahead
2017-02-21 13:00:00,274.94772996984415,solar,2017-02-20 23:00:00,day_ahead
2017-02-21 14:00:00,252.211311885133,solar,2017-02-20 23:00:00,day_ahead
2017-02-21 15:00:00,206.147284360789,solar,2017-02-20 23:00:00,day_ahead
2017-02-21 16:00:00,136.4403116908264,solar,2017-02-20 23:00:00,day_ahead
2017-02-21 17:00:00,38.50078765906569,solar,2017-02-20 23:00:00,day_ahead
2017-02-21 18:00:00,0.3260587308515018,solar,2017-02-20 23:00:00,day_ahead
2017-02-21 19:00:00,0.0,solar,2017-02-20 23:00:00,day_ahead
2017-02-21 20:00:00,0.0,solar,2017-02-20 23:00:00,day_ahead
2017-02-21 21:00:00,0.0,solar,2017-02-20 23:00:00,day_ahead
2017-02-21 22:00:00,0.0,solar,2017-02-20 23:00:00,day_ahead
2017-02-21 23:00:00,0.0,solar,2017-02-20 23:00:00,day_ahead
2017-02-22 00:00:00,0.0,solar,2017-02-21 23:00:00,day_ahead
2017-02-22 01:00:00,0.0,solar,2017-02-21 23:00:00,day_ahead
2017-02-22 02:00:00,0.0,solar,2017-02-21 23:00:00,day_ahead
2017-02-22 03:00:00,0.0,solar,2017-02-21 23:00:00,day_ahead
2017-02-22 04:00:00,0.0,solar,2017-02-21 23:00:00,day_ahead
2017-02-22 05:00:00,0.0,solar,2017-02-21 23:00:00,day_ahead
2017-02-22 06:00:00,0.0,solar,2017-02-21 23:00:00,day_ahead
2017-02-22 07:00:00,6.476346167786778,solar,2017-02-21 23:00:00,day_ahead
2017-02-22 08:00:00,76.92143946584434,solar,2017-02-21 23:00:00,day_ahead
2017-02-22 09:00:00,172.4053478962367,solar,2017-02-21 23:00:00,day_ahead
2017-02-22 10:00:00,228.62403686722357,solar,2017-02-21 23:00:00,day_ahead
2017-02-22 11:00:00,264.1809203258169,solar,2017-02-21 23:00:00,day_ahead
2017-02-22 12:00:00,273.7402573012603,solar,2017-02-21 23:00:00,day_ahead
2017-02-22 13:00:00,265.7277455345689,solar,2017-02-21 23:00:00,day_ahead
2017-02-22 14:00:00,243.74181949952055,solar,2017-02-21 23:00:00,day_ahead
2017-02-22 15:00:00,199.08145071734614,solar,2017-02-21 23:00:00,day_ahead
2017-02-22 16:00:00,131.50253479887317,solar,2017-02-21 23:00:00,day_ahead
2017-02-22 17:00:00,37.08534242079895,solar,2017-02-21 23:00:00,day_ahead
2017-02-22 18:00:00,0.3102793943765167,solar,2017-02-21 23:00:00,day_ahead
2017-02-22 19:00:00,0.0,solar,2017-02-21 23:00:00,day_ahead
2017-02-22 20:00:00,0.0,solar,2017-02-21 23:00:00,day_ahead
2017-02-22 21:00:00,0.0,solar,2017-02-21 23:00:00,day_ahead
2017-02-22 22:00:00,0.0,solar,2017-02-21 23:00:00,day_ahead
2017-02-22 23:00:00,0.0,solar,2017-02-21 23:00:00,day_ahead
2017-02-23 00:00:00,0.0,solar,2017-02-22 23:00:00,day_ahead
2017-02-23 01:00:00,0.0,solar,2017-02-22 23:00:00,day_ahead
2017-02-23 02:00:00,0.0,solar,2017-02-22 23:00:00,day_ahead
2017-02-23 03:00:00,0.0,solar,2017-02-22 23:00:00,day_ahead
2017-02-23 04:00:00,0.0,solar,2017-02-22 23:00:00,day_ahead
2017-02-23 05:00:00,0.0,solar,2017-02-22 23:00:00,day_ahead
2017-02-23 06:00:00,0.0,solar,2017-02-22 23:00:00,day_ahead
2017-02-23 07:00:00,6.538151825670949,solar,2017-02-22 23:00:00,day_ahead
2017-02-23 08:00:00,77.67807272928131,solar,2017-02-22 23:00:00,day_ahead
2017-02-23 09:00:00,174.56629521337746,solar,2017-02-22 23:00:00,day_ahead
2017-02-23 10:00:00,231.87487314171744,solar,2017-02-22 23:00:00,day_ahead
2017-02-23 11:00:00,267.9185063918212,solar,2017-02-22 23:00:00,day_ahead
2017-02-23 12:00:00,277.6755597266899,solar,2017-02-22 23:00:00,day_ahead
2017-02-23 13:00:00,269.49135436190386,solar,2017-02-22 23:00:00,day_ahead
2017-02-23 14:00:00,247.2672966934938,solar,2017-02-22 23:00:00,day_ahead
2017-02-23 15:00:00,201.87996764774738,solar,2017-02-22 23:00:00,day_ahead
2017-02-23 16:00:00,133.0995423795497,solar,2017-02-22 23:00:00,day_ahead
2017-02-23 17:00:00,37.51428640361658,solar,2017-02-22 23:00:00,day_ahead
2017-02-23 18:00:00,0.3098927268480278,solar,2017-02-22 23:00:00,day_ahead
2017-02-23 19:00:00,0.0,solar,2017-02-22 23:00:00,day_ahead
2017-02-23 20:00:00,0.0,solar,2017-02-22 23:00:00,day_ahead
2017-02-23 21:00:00,0.0,solar,2017-02-22 23:00:00,day_ahead
2017-02-23 22:00:00,0.0,solar,2017-02-22 23:00:00,day_ahead
2017-02-23 23:00:00,0.0,solar,2017-02-22 23:00:00,day_ahead
2017-02-24 00:00:00,0.0,solar,2017-02-23 23:00:00,day_ahead
2017-02-24 01:00:00,0.0,solar,2017-02-23 23:00:00,day_ahead
2017-02-24 02:00:00,0.0,solar,2017-02-23 23:00:00,day_ahead
2017-02-24 03:00:00,0.0,solar,2017-02-23 23:00:00,day_ahead
2017-02-24 04:00:00,0.0,solar,2017-02-23 23:00:00,day_ahead
2017-02-24 05:00:00,0.0,solar,2017-02-23 23:00:00,day_ahead
2017-02-24 06:00:00,0.0,solar,2017-02-23 23:00:00,day_ahead
2017-02-24 07:00:00,5.364079485088167,solar,2017-02-23 23:00:00,day_ahead
2017-02-24 08:00:00,63.81186486426935,solar,2017-02-23 23:00:00,day_ahead
2017-02-24 09:00:00,143.54551034527236,solar,2017-02-23 23:00:00,day_ahead
2017-02-24 10:00:00,190.96799005021617,solar,2017-02-23 23:00:00,day_ahead
2017-02-24 11:00:00,220.8243041696039,solar,2017-02-23 23:00:00,day_ahead
2017-02-24 12:00:00,228.98926943804088,solar,2017-02-23 23:00:00,day_ahead
2017-02-24 13:00:00,222.1320515349334,solar,2017-02-23 23:00:00,day_ahead
2017-02-24 14:00:00,203.6681838059039,solar,2017-02-23 23:00:00,day_ahead
2017-02-24 15:00:00,166.14442561083297,solar,2017-02-23 23:00:00,day_ahead
2017-02-24 16:00:00,109.4072756766449,solar,2017-02-23 23:00:00,day_ahead
2017-02-24 17:00:00,30.852238861687976,solar,2017-02-23 23:00:00,day_ahead
2017-02-24 18:00:00,0.25316222802651484,solar,2017-02-23 23:00:00,day_ahead
2017-02-24 19:00:00,0.0,solar,2017-02-23 23:00:00,day_ahead
2017-02-24 20:00:00,0.0,solar,2017-02-23 23:00:00,day_ahead
2017-02-24 21:00:00,0.0,solar,2017-02-23 23:00:00,day_ahead
2017-02-24 22:00:00,0.0,solar,2017-02-23 23:00:00,day_ahead
2017-02-24 23:00:00,0.0,solar,2017-02-23 23:00:00,day_ahead
2017-02-25 00:00:00,0.0,solar,2017-02-24 23:00:00,day_ahead
2017-02-25 01:00:00,0.0,solar,2017-02-24 23:00:00,day_ahead
2017-02-25 02:00:00,0.0,solar,2017-02-24 23:00:00,day_ahead
2017-02-25 03:00:00,0.0,solar,2017-02-24 23:00:00,day_ahead
2017-02-25 04:00:00,0.0,solar,2017-02-24 23:00:00,day_ahead
2017-02-25 05:00:00,0.0,solar,2017-02-24 23:00:00,day_ahead
2017-02-25 06:00:00,0.0,solar,2017-02-24 23:00:00,day_ahead
2017-02-25 07:00:00,6.0902707246500825,solar,2017-02-24 23:00:00,day_ahead
2017-02-25 08:00:00,72.4667074845522,solar,2017-02-24 23:00:00,day_ahead
2017-02-25 09:00:00,163.23130728952736,solar,2017-02-24 23:00:00,day_ahead
2017-02-25 10:00:00,217.7238899805045,solar,2017-02-24 23:00:00,day_ahead
2017-02-25 11:00:00,252.22750742451967,solar,2017-02-24 23:00:00,day_ahead
2017-02-25 12:00:00,262.0266418819371,solar,2017-02-24 23:00:00,day_ahead
2017-02-25 13:00:00,254.63549642691686,solar,2017-02-24 23:00:00,day_ahead
2017-02-25 14:00:00,233.76070149152704,solar,2017-02-24 23:00:00,day_ahead
2017-02-25 15:00:00,191.0015982706608,solar,2017-02-24 23:00:00,day_ahead
2017-02-25 16:00:00,125.82322569478018,solar,2017-02-24 23:00:00,day_ahead
2017-02-25 17:00:00,35.57787446651559,solar,2017-02-24 23:00:00,day_ahead
2017-02-25 18:00:00,0.2991268622729747,solar,2017-02-24 23:00:00,day_ahead
2017-02-25 19:00:00,0.0,solar,2017-02-24 23:00:00,day_ahead
2017-02-25 20:00:00,0.0,solar,2017-02-24 23:00:00,day_ahead
2017-02-25 21:00:00,0.0,solar,2017-02-24 23:00:00,day_ahead
2017-02-25 22:00:00,0.0,solar,2017-02-24 23:00:00,day_ahead
2017-02-25 23:00:00,0.0,solar,2017-02-24 23:00:00,day_ahead
2017-02-26 00:00:00,0.0,solar,2017-02-25 23:00:00,day_ahead
2017-02-26 01:00:00,0.0,solar,2017-02-25 23:00:00,day_ahead
2017-02-26 02:00:00,0.0,solar,2017-02-25 23:00:00,day_ahead
2017-02-26 03:00:00,0.0,solar,2017-02-25 23:00:00,day_ahead
2017-02-26 04:00:00,0.0,solar,2017-02-25 23:00:00,day_ahead
2017-02-26 05:00:00,0.0,solar,2017-02-25 23:00:00,day_ahead
2017-02-26 06:00:00,0.0,solar,2017-02-25 23:00:00,day_ahead
2017-02-26 07:00:00,5.106150073922721,solar,2017-02-25 23:00:00,day_ahead
2017-02-26 08:00:00,60.653595515332015,solar,2017-02-25 23:00:00,day_ahead
2017-02-26 09:00:00,136.63710713582645,solar,2017-02-25 23:00:00,day_ahead
2017-02-26 10:00:00,182.3582683865948,solar,2017-02-25 23:00:00,day_ahead
2017-02-26 11:00:00,211.4507383967301,solar,2017-02-25 23:00:00,day_ahead
2017-02-26 12:00:00,219.62943634248435,solar,2017-02-25 23:00:00,day_ahead
2017-02-26 13:00:00,213.45252451521205,solar,2017-02-25 23:00:00,day_ahead
2017-02-26 14:00:00,195.94787902417067,solar,2017-02-25 23:00:00,day_ahead
2017-02-26 15:00:00,160.08864762083795,solar,2017-02-25 23:00:00,day_ahead
2017-02-26 16:00:00,105.45154970006247,solar,2017-02-25 23:00:00,day_ahead
2017-02-26 17:00:00,29.835399280908607,solar,2017-02-25 23:00:00,day_ahead
2017-02-26 18:00:00,0.24868112112150337,solar,2017-02-25 23:00:00,day_ahead
2017-02-26 19:00:00,0.0,solar,2017-02-25 23:00:00,day_ahead
2017-02-26 20:00:00,0.0,solar,2017-02-25 23:00:00,day_ahead
2017-02-26 21:00:00,0.0,solar,2017-02-25 23:00:00,day_ahead
2017-02-26 22:00:00,0.0,solar,2017-02-25 23:00:00,day_ahead
2017-02-26 23:00:00,0.0,solar,2017-02-25 23:00:00,day_ahead
2017-02-27 00:00:00,0.0,solar,2017-02-26 23:00:00,day_ahead
2017-02-27 01:00:00,0.0,solar,2017-02-26 23:00:00,day_ahead
2017-02-27 02:00:00,0.0,solar,2017-02-26 23:00:00,day_ahead
2017-02-27 03:00:00,0.0,solar,2017-02-26 23:00:00,day_ahead
2017-02-27 04:00:00,0.0,solar,2017-02-26 23:00:00,day_ahead
2017-02-27 05:00:00,0.0,solar,2017-02-26 23:00:00,day_ahead
2017-02-27 06:00:00,0.0,solar,2017-02-26 23:00:00,day_ahead
2017-02-27 07:00:00,5.6705795353641735,solar,2017-02-26 23:00:00,day_ahead
2017-02-27 08:00:00,67.22078496837516,solar,2017-02-26 23:00:00,day_ahead
2017-02-27 09:00:00,151.57292320391986,solar,2017-02-26 23:00:00,day_ahead
2017-02-27 10:00:00,202.7647411778767,solar,2017-02-26 23:00:00,day_ahead
2017-02-27 11:00:00,235.6763491809735,solar,2017-02-26 23:00:00,day_ahead
2017-02-27 12:00:00,245.11685604910556,solar,2017-02-26 23:00:00,day_ahead
2017-02-27 13:00:00,238.31196642249637,solar,2017-02-26 23:00:00,day_ahead
2017-02-27 14:00:00,218.80454027971035,solar,2017-02-26 23:00:00,day_ahead
2017-02-27 15:00:00,178.7924218490562,solar,2017-02-26 23:00:00,day_ahead
2017-02-27 16:00:00,117.73742625577076,solar,2017-02-26 23:00:00,day_ahead
2017-02-27 17:00:00,33.39982013708057,solar,2017-02-26 23:00:00,day_ahead
2017-02-27 18:00:00,0.28628464448588753,solar,2017-02-26 23:00:00,day_ahead
2017-02-27 19:00:00,0.0,solar,2017-02-26 23:00:00,day_ahead
2017-02-27 20:00:00,0.0,solar,2017-02-26 23:00:00,day_ahead
2017-02-27 21:00:00,0.0,solar,2017-02-26 23:00:00,day_ahead
2017-02-27 22:00:00,0.0,solar,2017-02-26 23:00:00,day_ahead
2017-02-27 23:00:00,0.0,solar,2017-02-26 23:00:00,day_ahead
2017-02-28 00:00:00,0.0,solar,2017-02-27 23:00:00,day_ahead
2017-02-28 01:00:00,0.0,solar,2017-02-27 23:00:00,day_ahead
2017-02-28 02:00:00,0.0,solar,2017-02-27 23:00:00,day_ahead
2017-02-28 03:00:00,0.0,solar,2017-02-27 23:00:00,day_ahead
2017-02-28 04:00:00,0.0,solar,2017-02-27 23:00:00,day_ahead
2017-02-28 05:00:00,0.0,solar,2017-02-27 23:00:00,day_ahead
2017-02-28 06:00:00,0.0,solar,2017-02-27 23:00:00,day_ahead
2017-02-28 07:00:00,5.263523217686395,solar,2017-02-27 23:00:00,day_ahead
2017-02-28 08:00:00,62.21646854235427,solar,2017-02-27 23:00:00,day_ahead
2017-02-28 09:00:00,140.34454079358557,solar,2017-02-27 23:00:00,day_ahead
2017-02-28 10:00:00,188.02396375622104,solar,2017-02-27 23:00:00,day_ahead
2017-02-28 11:00:00,218.72334321001617,solar,2017-02-27 23:00:00,day_ahead
2017-02-28 12:00:00,227.69702498473305,solar,2017-02-27 23:00:00,day_ahead
2017-02-28 13:00:00,221.4220432821462,solar,2017-02-27 23:00:00,day_ahead
2017-02-28 14:00:00,203.08338651318599,solar,2017-02-27 23:00:00,day_ahead
2017-02-28 15:00:00,165.8696066388915,solar,2017-02-27 23:00:00,day_ahead
2017-02-28 16:00:00,109.1653746806155,solar,2017-02-27 23:00:00,day_ahead
2017-02-28 17:00:00,31.061574774261313,solar,2017-02-27 23:00:00,day_ahead
2017-02-28 18:00:00,0.27443406770916123,solar,2017-02-27 23:00:00,day_ahead
2017-02-28 19:00:00,0.0,solar,2017-02-27 23:00:00,day_ahead
2017-02-28 20:00:00,0.0,solar,2017-02-27 23:00:00,day_ahead
2017-02-28 21:00:00,0.0,solar,2017-02-27 23:00:00,day_ahead
2017-02-28 22:00:00,0.0,solar,2017-02-27 23:00:00,day_ahead
2017-02-28 23:00:00,0.0,solar,2017-02-27 23:00:00,day_ahead
2017-03-01 00:00:00,0.0,solar,2017-02-28 23:00:00,day_ahead
2017-03-01 01:00:00,0.0,solar,2017-02-28 23:00:00,day_ahead
2017-03-01 02:00:00,0.0,solar,2017-02-28 23:00:00,day_ahead
2017-03-01 03:00:00,0.0,solar,2017-02-28 23:00:00,day_ahead
2017-03-01 04:00:00,0.0,solar,2017-02-28 23:00:00,day_ahead
2017-03-01 05:00:00,0.0,solar,2017-02-28 23:00:00,day_ahead
2017-03-01 06:00:00,0.9672518468213527,solar,2017-02-28 23:00:00,day_ahead
2017-03-01 07:00:00,40.933344334193066,solar,2017-02-28 23:00:00,day_ahead
2017-03-01 08:00:00,127.95728510147256,solar,2017-02-28 23:00:00,day_ahead
2017-03-01 09:00:00,202.53485336651966,solar,2017-02-28 23:00:00,day_ahead
2017-03-01 10:00:00,250.9296220653915,solar,2017-02-28 23:00:00,day_ahead
2017-03-01 11:00:00,275.3022387132007,solar,2017-02-28 23:00:00,day_ahead
2017-03-01 12:00:00,282.17819176597243,solar,2017-02-28 23:00:00,day_ahead
2017-03-01 13:00:00,273.8583004583652,solar,2017-02-28 23:00:00,day_ahead
2017-03-01 14:00:00,255.06789283225186,solar,2017-02-28 23:00:00,day_ahead
2017-03-01 15:00:00,220.69617027804088,solar,2017-02-28 23:00:00,day_ahead
2017-03-01 16:00:00,162.07422956908928,solar,2017-02-28 23:00:00,day_ahead
2017-03-01 17:00:00,75.63691158916826,solar,2017-02-28 23:00:00,day_ahead
2017-03-01 18:00:00,6.297191616355705,solar,2017-02-28 23:00:00,day_ahead
2017-03-01 19:00:00,0.0,solar,2017-02-28 23:00:00,day_ahead
2017-03-01 20:00:00,0.0,solar,2017-02-28 23:00:00,day_ahead
2017-03-01 21:00:00,0.0,solar,2017-02-28 23:00:00,day_ahead
2017-03-01 22:00:00,0.0,solar,2017-02-28 23:00:00,day_ahead
2017-03-01 23:00:00,0.0,solar,2017-02-28 23:00:00,day_ahead
2017-03-02 00:00:00,0.0,solar,2017-03-01 23:00:00,day_ahead
2017-03-02 01:00:00,0.0,solar,2017-03-01 23:00:00,day_ahead
2017-03-02 02:00:00,0.0,solar,2017-03-01 23:00:00,day_ahead
2017-03-02 03:00:00,0.0,solar,2017-03-01 23:00:00,day_ahead
2017-03-02 04:00:00,0.0,solar,2017-03-01 23:00:00,day_ahead
2017-03-02 05:00:00,0.0,solar,2017-03-01 23:00:00,day_ahead
2017-03-02 06:00:00,0.898828828237545,solar,2017-03-01 23:00:00,day_ahead
2017-03-02 07:00:00,38.20224657228995,solar,2017-03-01 23:00:00,day_ahead
2017-03-02 08:00:00,119.81223674559662,solar,2017-03-01 23:00:00,day_ahead
2017-03-02 09:00:00,190.1873570529674,solar,2017-03-01 23:00:00,day_ahead
2017-03-02 10:00:00,235.90163538072812,solar,2017-03-01 23:00:00,day_ahead
2017-03-02 11:00:00,258.4252249636635,solar,2017-03-01 23:00:00,day_ahead
2017-03-02 12:00:00,264.5938989314894,solar,2017-03-01 23:00:00,day_ahead
2017-03-02 13:00:00,257.0419808115641,solar,2017-03-01 23:00:00,day_ahead
2017-03-02 14:00:00,239.27800294709328,solar,2017-03-01 23:00:00,day_ahead
2017-03-02 15:00:00,206.98024594942373,solar,2017-03-01 23:00:00,day_ahead
2017-03-02 16:00:00,151.96923827008496,solar,2017-03-01 23:00:00,day_ahead
2017-03-02 17:00:00,70.87696343032636,solar,2017-03-01 23:00:00,day_ahead
2017-03-02 18:00:00,5.865332796125384,solar,2017-03-01 23:00:00,day_ahead
2017-03-02 19:00:00,0.0,solar,2017-03-01 23:00:00,day_ahead
2017-03-02 20:00:00,0.0,solar,2017-03-01 23:00:00,day_ahead
2017-03-02 21:00:00,0.0,solar,2017-03-01 23:00:00,day_ahead
2017-03-02 22:00:00,0.0,solar,2017-03-01 23:00:00,day_ahead
2017-03-02 23:00:00,0.0,solar,2017-03-01 23:00:00,day_ahead
2017-03-03 00:00:00,0.0,solar,2017-03-02 23:00:00,day_ahead
2017-03-03 01:00:00,0.0,solar,2017-03-02 23:00:00,day_ahead
2017-03-03 02:00:00,0.0,solar,2017-03-02 23:00:00,day_ahead
2017-03-03 03:00:00,0.0,solar,2017-03-02 23:00:00,day_ahead
2017-03-03 04:00:00,0.0,solar,2017-03-02 23:00:00,day_ahead
2017-03-03 05:00:00,0.0,solar,2017-03-02 23:00:00,day_ahead
2017-03-03 06:00:00,0.9923720343875776,solar,2017-03-02 23:00:00,day_ahead
2017-03-03 07:00:00,42.49774428360369,solar,2017-03-02 23:00:00,day_ahead
2017-03-03 08:00:00,134.13856756133194,solar,2017-03-02 23:00:00,day_ahead
2017-03-03 09:00:00,213.20783876944992,solar,2017-03-02 23:00:00,day_ahead
2017-03-03 10:00:00,264.2582073411433,solar,2017-03-02 23:00:00,day_ahead
2017-03-03 11:00:00,289.36946754922934,solar,2017-03-02 23:00:00,day_ahead
2017-03-03 12:00:00,296.3475806350469,solar,2017-03-02 23:00:00,day_ahead
2017-03-03 13:00:00,287.8879350562993,solar,2017-03-02 23:00:00,day_ahead
2017-03-03 14:00:00,267.7119990803253,solar,2017-03-02 23:00:00,day_ahead
2017-03-03 15:00:00,231.3374801225278,solar,2017-03-02 23:00:00,day_ahead
2017-03-03 16:00:00,169.70319168284726,solar,2017-03-02 23:00:00,day_ahead
2017-03-03 17:00:00,78.98404530298525,solar,2017-03-02 23:00:00,day_ahead
2017-03-03 18:00:00,6.4909832274771215,solar,2017-03-02 23:00:00,day_ahead
2017-03-03 19:00:00,0.0,solar,2017-03-02 23:00:00,day_ahead
2017-03-03 20:00:00,0.0,solar,2017-03-02 23:00:00,day_ahead
2017-03-03 21:00:00,0.0,solar,2017-03-02 23:00:00,day_ahead
2017-03-03 22:00:00,0.0,solar,2017-03-02 23:00:00,day_ahead
2017-03-03 23:00:00,0.0,solar,2017-03-02 23:00:00,day_ahead
2017-03-04 00:00:00,0.0,solar,2017-03-03 23:00:00,day_ahead
2017-03-04 01:00:00,0.0,solar,2017-03-03 23:00:00,day_ahead
2017-03-04 02:00:00,0.0,solar,2017-03-03 23:00:00,day_ahead
2017-03-04 03:00:00,0.0,solar,2017-03-03 23:00:00,day_ahead
2017-03-04 04:00:00,0.0,solar,2017-03-03 23:00:00,day_ahead
2017-03-04 05:00:00,0.0,solar,2017-03-03 23:00:00,day_ahead
2017-03-04 06:00:00,0.8884201628752773,solar,2017-03-03 23:00:00,day_ahead
2017-03-04 07:00:00,38.073286059242115,solar,2017-03-03 23:00:00,day_ahead
2017-03-04 08:00:00,120.19632117925894,solar,2017-03-03 23:00:00,day_ahead
2017-03-04 09:00:00,191.14645108636523,solar,2017-03-03 23:00:00,day_ahead
2017-03-04 10:00:00,237.10809607456065,solar,2017-03-03 23:00:00,day_ahead
2017-03-04 11:00:00,260.2157281236658,solar,2017-03-03 23:00:00,day_ahead
2017-03-04 12:00:00,267.5938922193793,solar,2017-03-03 23:00:00,day_ahead
2017-03-04 13:00:00,260.56548402103795,solar,2017-03-03 23:00:00,day_ahead
2017-03-04 14:00:00,242.5030164330775,solar,2017-03-03 23:00:00,day_ahead
2017-03-04 15:00:00,209.50274027884154,solar,2017-03-03 23:00:00,day_ahead
2017-03-04 16:00:00,153.39813982537095,solar,2017-03-03 23:00:00,day_ahead
2017-03-04 17:00:00,71.33714176139502,solar,2017-03-03 23:00:00,day_ahead
2017-03-04 18:00:00,5.824666379607968,solar,2017-03-03 23:00:00,day_ahead
2017-03-04 19:00:00,0.0,solar,2017-03-03 23:00:00,day_ahead
2017-03-04 20:00:00,0.0,solar,2017-03-03 23:00:00,day_ahead
2017-03-04 21:00:00,0.0,solar,2017-03-03 23:00:00,day_ahead
2017-03-04 22:00:00,0.0,solar,2017-03-03 23:00:00,day_ahead
2017-03-04 23:00:00,0.0,solar,2017-03-03 23:00:00,day_ahead
2017-03-05 00:00:00,0.0,solar,2017-03-04 23:00:00,day_ahead
2017-03-05 01:00:00,0.0,solar,2017-03-04 23:00:00,day_ahead
2017-03-05 02:00:00,0.0,solar,2017-03-04 23:00:00,day_ahead
2017-03-05 03:00:00,0.0,solar,2017-03-04 23:00:00,day_ahead
2017-03-05 04:00:00,0.0,solar,2017-03-04 23:00:00,day_ahead
2017-03-05 05:00:00,0.0,solar,2017-03-04 23:00:00,day_ahead
2017-03-05 06:00:00,0.9576445666626331,solar,2017-03-04 23:00:00,day_ahead
2017-03-05 07:00:00,41.0839995369396,solar,2017-03-04 23:00:00,day_ahead
2017-03-05 08:00:00,129.9438651474151,solar,2017-03-04 23:00:00,day_ahead
2017-03-05 09:00:00,207.39185235466607,solar,2017-03-04 23:00:00,day_ahead
2017-03-05 10:00:00,258.18334980637087,solar,2017-03-04 23:00:00,day_ahead
2017-03-05 11:00:00,283.429363037423,solar,2017-03-04 23:00:00,day_ahead
2017-03-05 12:00:00,292.01404737877095,solar,2017-03-04 23:00:00,day_ahead
2017-03-05 13:00:00,284.7758302735249,solar,2017-03-04 23:00:00,day_ahead
2017-03-05 14:00:00,265.37938803308526,solar,2017-03-04 23:00:00,day_ahead
2017-03-05 15:00:00,229.35239565601222,solar,2017-03-04 23:00:00,day_ahead
2017-03-05 16:00:00,167.9948262913327,solar,2017-03-04 23:00:00,day_ahead
2017-03-05 17:00:00,77.76233591039464,solar,2017-03-04 23:00:00,day_ahead
2017-03-05 18:00:00,6.29321056873369,solar,2017-03-04 23:00:00,day_ahead
2017-03-05 19:00:00,0.0,solar,2017-03-04 23:00:00,day_ahead
2017-03-05 20:00:00,0.0,solar,2017-03-04 23:00:00,day_ahead
2017-03-05 21:00:00,0.0,solar,2017-03-04 23:00:00,day_ahead
2017-03-05 22:00:00,0.0,solar,2017-03-04 23:00:00,day_ahead
2017-03-05 23:00:00,0.0,solar,2017-03-04 23:00:00,day_ahead
2017-03-06 00:00:00,0.0,solar,2017-03-05 23:00:00,day_ahead
2017-03-06 01:00:00,0.0,solar,2017-03-05 23:00:00,day_ahead
2017-03-06 02:00:00,0.0,solar,2017-03-05 23:00:00,day_ahead
2017-03-06 03:00:00,0.0,solar,2017-03-05 23:00:00,day_ahead
2017-03-06 04:00:00,0.0,solar,2017-03-05 23:00:00,day_ahead
2017-03-06 05:00:00,0.0,solar,2017-03-05 23:00:00,day_ahead
2017-03-06 06:00:00,0.7645352467241355,solar,2017-03-05 23:00:00,day_ahead
2017-03-06 07:00:00,32.834472953803974,solar,2017-03-05 23:00:00,day_ahead
2017-03-06 08:00:00,104.05688077441843,solar,2017-03-05 23:00:00,day_ahead
2017-03-06 09:00:00,166.3093508148354,solar,2017-03-05 23:00:00,day_ahead
2017-03-06 10:00:00,207.2572444721553,solar,2017-03-05 23:00:00,day_ahead
2017-03-06 11:00:00,227.67027475747182,solar,2017-03-05 23:00:00,day_ahead
2017-03-06 12:00:00,234.68798451320106,solar,2017-03-05 23:00:00,day_ahead
2017-03-06 13:00:00,228.8624668601675,solar,2017-03-05 23:00:00,day_ahead
2017-03-06 14:00:00,213.09594396867905,solar,2017-03-05 23:00:00,day_ahead
2017-03-06 15:00:00,183.99385145415525,solar,2017-03-05 23:00:00,day_ahead
2017-03-06 16:00:00,134.64573757489399,solar,2017-03-05 23:00:00,day_ahead
2017-03-06 17:00:00,62.26889403294906,solar,2017-03-05 23:00:00,day_ahead
2017-03-06 18:00:00,5.024161179849728,solar,2017-03-05 23:00:00,day_ahead
2017-03-06 19:00:00,0.0,solar,2017-03-05 23:00:00,day_ahead
2017-03-06 20:00:00,0.0,solar,2017-03-05 23:00:00,day_ahead
2017-03-06 21:00:00,0.0,solar,2017-03-05 23:00:00,day_ahead
2017-03-06 22:00:00,0.0,solar,2017-03-05 23:00:00,day_ahead
2017-03-06 23:00:00,0.0,solar,2017-03-05 23:00:00,day_ahead
2017-03-07 00:00:00,0.0,solar,2017-03-06 23:00:00,day_ahead
2017-03-07 01:00:00,0.0,solar,2017-03-06 23:00:00,day_ahead
2017-03-07 02:00:00,0.0,solar,2017-03-06 23:00:00,day_ahead
2017-03-07 03:00:00,0.0,solar,2017-03-06 23:00:00,day_ahead
2017-03-07 04:00:00,0.0,solar,2017-03-06 23:00:00,day_ahead
2017-03-07 05:00:00,0.0,solar,2017-03-06 23:00:00,day_ahead
2017-03-07 06:00:00,0.87778652550189,solar,2017-03-06 23:00:00,day_ahead
2017-03-07 07:00:00,37.88692711111429,solar,2017-03-06 23:00:00,day_ahead
2017-03-07 08:00:00,120.69671062122848,solar,2017-03-06 23:00:00,day_ahead
2017-03-07 09:00:00,193.43669700779216,solar,2017-03-06 23:00:00,day_ahead
2017-03-07 10:00:00,240.89483026223937,solar,2017-03-06 23:00:00,day_ahead
2017-03-07 11:00:00,264.47991787816136,solar,2017-03-06 23:00:00,day_ahead
2017-03-07 12:00:00,272.5776234704222,solar,2017-03-06 23:00:00,day_ahead
2017-03-07 13:00:00,265.3101943485852,solar,2017-03-06 23:00:00,day_ahead
2017-03-07 14:00:00,246.79069000414384,solar,2017-03-06 23:00:00,day_ahead
2017-03-07 15:00:00,212.40810215133035,solar,2017-03-06 23:00:00,day_ahead
2017-03-07 16:00:00,155.26499354394144,solar,2017-03-06 23:00:00,day_ahead
2017-03-07 17:00:00,71.72212994909427,solar,2017-03-06 23:00:00,day_ahead
2017-03-07 18:00:00,5.781890588208922,solar,2017-03-06 23:00:00,day_ahead
2017-03-07 19:00:00,0.0,solar,2017-03-06 23:00:00,day_ahead
2017-03-07 20:00:00,0.0,solar,2017-03-06 23:00:00,day_ahead
2017-03-07 21:00:00,0.0,solar,2017-03-06 23:00:00,day_ahead
2017-03-07 22:00:00,0.0,solar,2017-03-06 23:00:00,day_ahead
2017-03-07 23:00:00,0.0,solar,2017-03-06 23:00:00,day_ahead
2017-03-08 00:00:00,0.0,solar,2017-03-07 23:00:00,day_ahead
2017-03-08 01:00:00,0.0,solar,2017-03-07 23:00:00,day_ahead
2017-03-08 02:00:00,0.0,solar,2017-03-07 23:00:00,day_ahead
2017-03-08 03:00:00,0.0,solar,2017-03-07 23:00:00,day_ahead
2017-03-08 04:00:00,0.0,solar,2017-03-07 23:00:00,day_ahead
2017-03-08 05:00:00,0.0,solar,2017-03-07 23:00:00,day_ahead
2017-03-08 06:00:00,1.0313229731644042,solar,2017-03-07 23:00:00,day_ahead
2017-03-08 07:00:00,44.75144177973611,solar,2017-03-07 23:00:00,day_ahead
2017-03-08 08:00:00,143.2488077665334,solar,2017-03-07 23:00:00,day_ahead
2017-03-08 09:00:00,230.32629542025512,solar,2017-03-07 23:00:00,day_ahead
2017-03-08 10:00:00,287.4781006918801,solar,2017-03-07 23:00:00,day_ahead
2017-03-08 11:00:00,316.2328808342889,solar,2017-03-07 23:00:00,day_ahead
2017-03-08 12:00:00,325.9052953784354,solar,2017-03-07 23:00:00,day_ahead
2017-03-08 13:00:00,317.3349989292279,solar,2017-03-07 23:00:00,day_ahead
2017-03-08 14:00:00,295.2754454171133,solar,2017-03-07 23:00:00,day_ahead
2017-03-08 15:00:00,254.32486870797487,solar,2017-03-07 23:00:00,day_ahead
2017-03-08 16:00:00,186.0154644535175,solar,2017-03-07 23:00:00,day_ahead
2017-03-08 17:00:00,85.81830875542221,solar,2017-03-07 23:00:00,day_ahead
2017-03-08 18:00:00,6.872375755778296,solar,2017-03-07 23:00:00,day_ahead
2017-03-08 19:00:00,0.0,solar,2017-03-07 23:00:00,day_ahead
2017-03-08 20:00:00,0.0,solar,2017-03-07 23:00:00,day_ahead
2017-03-08 21:00:00,0.0,solar,2017-03-07 23:00:00,day_ahead
2017-03-08 22:00:00,0.0,solar,2017-03-07 23:00:00,day_ahead
2017-03-08 23:00:00,0.0,solar,2017-03-07 23:00:00,day_ahead
2017-03-09 00:00:00,0.0,solar,2017-03-08 23:00:00,day_ahead
2017-03-09 01:00:00,0.0,solar,2017-03-08 23:00:00,day_ahead
2017-03-09 02:00:00,0.0,solar,2017-03-08 23:00:00,day_ahead
2017-03-09 03:00:00,0.0,solar,2017-03-08 23:00:00,day_ahead
2017-03-09 04:00:00,0.0,solar,2017-03-08 23:00:00,day_ahead
2017-03-09 05:00:00,0.0,solar,2017-03-08 23:00:00,day_ahead
2017-03-09 06:00:00,1.04871862931318,solar,2017-03-08 23:00:00,day_ahead
2017-03-09 07:00:00,46.19796873316118,solar,2017-03-08 23:00:00,day_ahead
2017-03-09 08:00:00,148.51222120643183,solar,2017-03-08 23:00:00,day_ahead
2017-03-09 09:00:00,238.63488280855336,solar,2017-03-08 23:00:00,day_ahead
2017-03-09 10:00:00,297.7319206511107,solar,2017-03-08 23:00:00,day_ahead
2017-03-09 11:00:00,327.502548811562,solar,2017-03-08 23:00:00,day_ahead
2017-03-09 12:00:00,337.51505500374554,solar,2017-03-08 23:00:00,day_ahead
2017-03-09 13:00:00,328.6715140161755,solar,2017-03-08 23:00:00,day_ahead
2017-03-09 14:00:00,305.93424442645403,solar,2017-03-08 23:00:00,day_ahead
2017-03-09 15:00:00,263.5851652557008,solar,2017-03-08 23:00:00,day_ahead
2017-03-09 16:00:00,192.90104230780176,solar,2017-03-08 23:00:00,day_ahead
2017-03-09 17:00:00,88.9226727916274,solar,2017-03-08 23:00:00,day_ahead
2017-03-09 18:00:00,7.068723387275104,solar,2017-03-08 23:00:00,day_ahead
2017-03-09 19:00:00,0.0,solar,2017-03-08 23:00:00,day_ahead
2017-03-09 20:00:00,0.0,solar,2017-03-08 23:00:00,day_ahead
2017-03-09 21:00:00,0.0,solar,2017-03-08 23:00:00,day_ahead
2017-03-09 22:00:00,0.0,solar,2017-03-08 23:00:00,day_ahead
2017-03-09 23:00:00,0.0,solar,2017-03-08 23:00:00,day_ahead
2017-03-10 00:00:00,0.0,solar,2017-03-09 23:00:00,day_ahead
2017-03-10 01:00:00,0.0,solar,2017-03-09 23:00:00,day_ahead
2017-03-10 02:00:00,0.0,solar,2017-03-09 23:00:00,day_ahead
2017-03-10 03:00:00,0.0,solar,2017-03-09 23:00:00,day_ahead
2017-03-10 04:00:00,0.0,solar,2017-03-09 23:00:00,day_ahead
2017-03-10 05:00:00,0.0,solar,2017-03-09 23:00:00,day_ahead
2017-03-10 06:00:00,1.0292761298636488,solar,2017-03-09 23:00:00,day_ahead
2017-03-10 07:00:00,46.083592098222844,solar,2017-03-09 23:00:00,day_ahead
2017-03-10 08:00:00,148.67992584013064,solar,2017-03-09 23:00:00,day_ahead
2017-03-10 09:00:00,238.64760196249162,solar,2017-03-09 23:00:00,day_ahead
2017-03-10 10:00:00,297.549066315131,solar,2017-03-09 23:00:00,day_ahead
2017-03-10 11:00:00,327.22569037449824,solar,2017-03-09 23:00:00,day_ahead
2017-03-10 12:00:00,337.21048118693466,solar,2017-03-09 23:00:00,day_ahead
2017-03-10 13:00:00,328.46772659159456,solar,2017-03-09 23:00:00,day_ahead
2017-03-10 14:00:00,305.8361880143042,solar,2017-03-09 23:00:00,day_ahead
2017-03-10 15:00:00,263.6090540966521,solar,2017-03-09 23:00:00,day_ahead
2017-03-10 16:00:00,193.00376496593427,solar,2017-03-09 23:00:00,day_ahead
2017-03-10 17:00:00,88.93202023405908,solar,2017-03-09 23:00:00,day_ahead
2017-03-10 18:00:00,7.032416455914095,solar,2017-03-09 23:00:00,day_ahead
2017-03-10 19:00:00,0.0,solar,2017-03-09 23:00:00,day_ahead
2017-03-10 20:00:00,0.0,solar,2017-03-09 23:00:00,day_ahead
2017-03-10 21:00:00,0.0,solar,2017-03-09 23:00:00,day_ahead
2017-03-10 22:00:00,0.0,solar,2017-03-09 23:00:00,day_ahead
2017-03-10 23:00:00,0.0,solar,2017-03-09 23:00:00,day_ahead
2017-03-11 00:00:00,0.0,solar,2017-03-10 23:00:00,day_ahead
2017-03-11 01:00:00,0.0,solar,2017-03-10 23:00:00,day_ahead
2017-03-11 02:00:00,0.0,solar,2017-03-10 23:00:00,day_ahead
2017-03-11 03:00:00,0.0,solar,2017-03-10 23:00:00,day_ahead
2017-03-11 04:00:00,0.0,solar,2017-03-10 23:00:00,day_ahead
2017-03-11 05:00:00,0.0,solar,2017-03-10 23:00:00,day_ahead
2017-03-11 06:00:00,1.0072506446327887,solar,2017-03-10 23:00:00,day_ahead
2017-03-11 07:00:00,45.885395457577275,solar,2017-03-10 23:00:00,day_ahead
2017-03-11 08:00:00,148.4338098582999,solar,2017-03-10 23:00:00,day_ahead
2017-03-11 09:00:00,237.97491464259016,solar,2017-03-10 23:00:00,day_ahead
2017-03-11 10:00:00,296.4811467601156,solar,2017-03-10 23:00:00,day_ahead
2017-03-11 11:00:00,325.9244217295605,solar,2017-03-10 23:00:00,day_ahead
2017-03-11 12:00:00,335.7418998938491,solar,2017-03-10 23:00:00,day_ahead
2017-03-11 13:00:00,327.108981284093,solar,2017-03-10 23:00:00,day_ahead
2017-03-11 14:00:00,304.6527352218855,solar,2017-03-10 23:00:00,day_ahead
2017-03-11 15:00:00,262.69577054547904,solar,2017-03-10 23:00:00,day_ahead
2017-03-11 16:00:00,192.38081708408313,solar,2017-03-10 23:00:00,day_ahead
2017-03-11 17:00:00,88.5739601240778,solar,2017-03-10 23:00:00,day_ahead
2017-03-11 18:00:00,6.97462983185159,solar,2017-03-10 23:00:00,day_ahead
2017-03-11 19:00:00,0.0,solar,2017-03-10 23:00:00,day_ahead
2017-03-11 20:00:00,0.0,solar,2017-03-10 23:00:00,day_ahead
2017-03-11 21:00:00,0.0,solar,2017-03-10 23:00:00,day_ahead
2017-03-11 22:00:00,0.0,solar,2017-03-10 23:00:00,day_ahead
2017-03-11 23:00:00,0.0,solar,2017-03-10 23:00:00,day_ahead
2017-03-12 00:00:00,0.0,solar,2017-03-11 23:00:00,day_ahead
2017-03-12 01:00:00,0.0,solar,2017-03-11 23:00:00,day_ahead
2017-03-12 02:00:00,0.0,solar,2017-03-11 23:00:00,day_ahead
2017-03-12 03:00:00,0.0,solar,2017-03-11 23:00:00,day_ahead
2017-03-12 04:00:00,0.0,solar,2017-03-11 23:00:00,day_ahead
2017-03-12 05:00:00,0.0,solar,2017-03-11 23:00:00,day_ahead
2017-03-12 06:00:00,0.9165355425645728,solar,2017-03-11 23:00:00,day_ahead
2017-03-12 07:00:00,42.10424772881186,solar,2017-03-11 23:00:00,day_ahead
2017-03-12 08:00:00,136.4148870824444,solar,2017-03-11 23:00:00,day_ahead
2017-03-12 09:00:00,219.03027537845253,solar,2017-03-11 23:00:00,day_ahead
2017-03-12 10:00:00,272.9138700911113,solar,2017-03-11 23:00:00,day_ahead
2017-03-12 11:00:00,300.5629112171935,solar,2017-03-11 23:00:00,day_ahead
2017-03-12 12:00:00,309.84763711289065,solar,2017-03-11 23:00:00,day_ahead
2017-03-12 13:00:00,301.9922308116648,solar,2017-03-11 23:00:00,day_ahead
2017-03-12 14:00:00,281.06644173988724,solar,2017-03-11 23:00:00,day_ahead
2017-03-12 15:00:00,242.2134915221102,solar,2017-03-11 23:00:00,day_ahead
2017-03-12 16:00:00,177.62688284319162,solar,2017-03-11 23:00:00,day_ahead
2017-03-12 17:00:00,81.7775237125806,solar,2017-03-11 23:00:00,day_ahead
2017-03-12 18:00:00,6.416757746360191,solar,2017-03-11 23:00:00,day_ahead
2017-03-12 19:00:00,0.0,solar,2017-03-11 23:00:00,day_ahead
2017-03-12 20:00:00,0.0,solar,2017-03-11 23:00:00,day_ahead
2017-03-12 21:00:00,0.0,solar,2017-03-11 23:00:00,day_ahead
2017-03-12 22:00:00,0.0,solar,2017-03-11 23:00:00,day_ahead
2017-03-12 23:00:00,0.0,solar,2017-03-11 23:00:00,day_ahead
2017-03-13 00:00:00,0.0,solar,2017-03-12 23:00:00,day_ahead
2017-03-13 01:00:00,0.0,solar,2017-03-12 23:00:00,day_ahead
2017-03-13 02:00:00,0.0,solar,2017-03-12 23:00:00,day_ahead
2017-03-13 03:00:00,0.0,solar,2017-03-12 23:00:00,day_ahead
2017-03-13 04:00:00,0.0,solar,2017-03-12 23:00:00,day_ahead
2017-03-13 05:00:00,0.0,solar,2017-03-12 23:00:00,day_ahead
2017-03-13 06:00:00,0.9809427283774912,solar,2017-03-12 23:00:00,day_ahead
2017-03-13 07:00:00,45.75523528229508,solar,2017-03-12 23:00:00,day_ahead
2017-03-13 08:00:00,148.52920318221663,solar,2017-03-12 23:00:00,day_ahead
2017-03-13 09:00:00,238.04878641837558,solar,2017-03-12 23:00:00,day_ahead
2017-03-13 10:00:00,296.48643425985057,solar,2017-03-12 23:00:00,day_ahead
2017-03-13 11:00:00,326.665334986192,solar,2017-03-12 23:00:00,day_ahead
2017-03-13 12:00:00,337.12917717599095,solar,2017-03-12 23:00:00,day_ahead
2017-03-13 13:00:00,328.87219812489775,solar,2017-03-12 23:00:00,day_ahead
2017-03-13 14:00:00,306.3253858762735,solar,2017-03-12 23:00:00,day_ahead
2017-03-13 15:00:00,263.8994470908426,solar,2017-03-12 23:00:00,day_ahead
2017-03-13 16:00:00,193.480020754078,solar,2017-03-12 23:00:00,day_ahead
2017-03-13 17:00:00,88.89367062397245,solar,2017-03-12 23:00:00,day_ahead
2017-03-13 18:00:00,6.957974398405776,solar,2017-03-12 23:00:00,day_ahead
2017-03-13 19:00:00,0.0,solar,2017-03-12 23:00:00,day_ahead
2017-03-13 20:00:00,0.0,solar,2017-03-12 23:00:00,day_ahead
2017-03-13 21:00:00,0.0,solar,2017-03-12 23:00:00,day_ahead
2017-03-13 22:00:00,0.0,solar,2017-03-12 23:00:00,day_ahead
2017-03-13 23:00:00,0.0,solar,2017-03-12 23:00:00,day_ahead
2017-03-14 00:00:00,0.0,solar,2017-03-13 23:00:00,day_ahead
2017-03-14 01:00:00,0.0,solar,2017-03-13 23:00:00,day_ahead
2017-03-14 02:00:00,0.0,solar,2017-03-13 23:00:00,day_ahead
2017-03-14 03:00:00,0.0,solar,2017-03-13 23:00:00,day_ahead
2017-03-14 04:00:00,0.0,solar,2017-03-13 23:00:00,day_ahead
2017-03-14 05:00:00,0.0,solar,2017-03-13 23:00:00,day_ahead
2017-03-14 06:00:00,0.9837883813515138,solar,2017-03-13 23:00:00,day_ahead
2017-03-14 07:00:00,46.68790949580585,solar,2017-03-13 23:00:00,day_ahead
2017-03-14 08:00:00,151.93343792051468,solar,2017-03-13 23:00:00,day_ahead
2017-03-14 09:00:00,243.19196650452434,solar,2017-03-13 23:00:00,day_ahead
2017-03-14 10:00:00,302.71993062684675,solar,2017-03-13 23:00:00,day_ahead
2017-03-14 11:00:00,333.3788862351575,solar,2017-03-13 23:00:00,day_ahead
2017-03-14 12:00:00,343.9787825605156,solar,2017-03-13 23:00:00,day_ahead
2017-03-14 13:00:00,335.50164966054126,solar,2017-03-13 23:00:00,day_ahead
2017-03-14 14:00:00,312.22536945022335,solar,2017-03-13 23:00:00,day_ahead
2017-03-14 15:00:00,268.7103967685277,solar,2017-03-13 23:00:00,day_ahead
2017-03-14 16:00:00,196.9998704361261,solar,2017-03-13 23:00:00,day_ahead
2017-03-14 17:00:00,90.5855270169481,solar,2017-03-13 23:00:00,day_ahead
2017-03-14 18:00:00,7.098912373522015,solar,2017-03-13 23:00:00,day_ahead
2017-03-14 19:00:00,0.0,solar,2017-03-13 23:00:00,day_ahead
2017-03-14 20:00:00,0.0,solar,2017-03-13 23:00:00,day_ahead
2017-03-14 21:00:00,0.0,solar,2017-03-13 23:00:00,day_ahead
2017-03-14 22:00:00,0.0,solar,2017-03-13 23:00:00,day_ahead
2017-03-14 23:00:00,0.0,solar,2017-03-13 23:00:00,day_ahead
2017-03-15 00:00:00,0.0,solar,2017-03-14 23:00:00,day_ahead
2017-03-15 01:00:00,0.0,solar,2017-03-14 23:00:00,day_ahead
2017-03-15 02:00:00,0.0,solar,2017-03-14 23:00:00,day_ahead
2017-03-15 03:00:00,0.0,solar,2017-03-14 23:00:00,day_ahead
2017-03-15 04:00:00,0.0,solar,2017-03-14 23:00:00,day_ahead
2017-03-15 05:00:00,0.0,solar,2017-03-14 23:00:00,day_ahead
2017-03-15 06:00:00,0.7354516898918059,solar,2017-03-14 23:00:00,day_ahead
2017-03-15 07:00:00,35.127773547136194,solar,2017-03-14 23:00:00,day_ahead
2017-03-15 08:00:00,114.45957089424805,solar,2017-03-14 23:00:00,day_ahead
2017-03-15 09:00:00,183.0869769119504,solar,2017-03-14 23:00:00,day_ahead
2017-03-15 10:00:00,228.09534201419905,solar,2017-03-14 23:00:00,day_ahead
2017-03-15 11:00:00,251.29674799858867,solar,2017-03-14 23:00:00,day_ahead
2017-03-15 12:00:00,258.85979502356656,solar,2017-03-14 23:00:00,day_ahead
2017-03-15 13:00:00,251.90216589666613,solar,2017-03-14 23:00:00,day_ahead
2017-03-15 14:00:00,234.6596411975978,solar,2017-03-14 23:00:00,day_ahead
2017-03-15 15:00:00,202.21978211531476,solar,2017-03-14 23:00:00,day_ahead
2017-03-15 16:00:00,148.42002130101739,solar,2017-03-14 23:00:00,day_ahead
2017-03-15 17:00:00,68.33862899882094,solar,2017-03-14 23:00:00,day_ahead
2017-03-15 18:00:00,5.340711774054933,solar,2017-03-14 23:00:00,day_ahead
2017-03-15 19:00:00,0.0,solar,2017-03-14 23:00:00,day_ahead
2017-03-15 20:00:00,0.0,solar,2017-03-14 23:00:00,day_ahead
2017-03-15 21:00:00,0.0,solar,2017-03-14 23:00:00,day_ahead
2017-03-15 22:00:00,0.0,solar,2017-03-14 23:00:00,day_ahead
2017-03-15 23:00:00,0.0,solar,2017-03-14 23:00:00,day_ahead
2017-03-16 00:00:00,0.0,solar,2017-03-15 23:00:00,day_ahead
2017-03-16 01:00:00,0.0,solar,2017-03-15 23:00:00,day_ahead
2017-03-16 02:00:00,0.0,solar,2017-03-15 23:00:00,day_ahead
2017-03-16 03:00:00,0.0,solar,2017-03-15 23:00:00,day_ahead
2017-03-16 04:00:00,0.0,solar,2017-03-15 23:00:00,day_ahead
2017-03-16 05:00:00,0.0,solar,2017-03-15 23:00:00,day_ahead
2017-03-16 06:00:00,0.8279048652936748,solar,2017-03-15 23:00:00,day_ahead
2017-03-16 07:00:00,39.77245034480089,solar,2017-03-15 23:00:00,day_ahead
2017-03-16 08:00:00,129.91567910419454,solar,2017-03-15 23:00:00,day_ahead
2017-03-16 09:00:00,208.38980475981546,solar,2017-03-15 23:00:00,day_ahead
2017-03-16 10:00:00,259.74224584665785,solar,2017-03-15 23:00:00,day_ahead
2017-03-16 11:00:00,286.13986247547274,solar,2017-03-15 23:00:00,day_ahead
2017-03-16 12:00:00,294.9331086924522,solar,2017-03-15 23:00:00,day_ahead
2017-03-16 13:00:00,287.05000208659186,solar,2017-03-15 23:00:00,day_ahead
2017-03-16 14:00:00,267.63981065745435,solar,2017-03-15 23:00:00,day_ahead
2017-03-16 15:00:00,230.7534530254386,solar,2017-03-15 23:00:00,day_ahead
2017-03-16 16:00:00,169.25043867830362,solar,2017-03-15 23:00:00,day_ahead
2017-03-16 17:00:00,77.78077801715277,solar,2017-03-15 23:00:00,day_ahead
2017-03-16 18:00:00,6.075623650810779,solar,2017-03-15 23:00:00,day_ahead
2017-03-16 19:00:00,0.0,solar,2017-03-15 23:00:00,day_ahead
2017-03-16 20:00:00,0.0,solar,2017-03-15 23:00:00,day_ahead
2017-03-16 21:00:00,0.0,solar,2017-03-15 23:00:00,day_ahead
2017-03-16 22:00:00,0.0,solar,2017-03-15 23:00:00,day_ahead
2017-03-16 23:00:00,0.0,solar,2017-03-15 23:00:00,day_ahead
2017-03-17 00:00:00,0.0,solar,2017-03-16 23:00:00,day_ahead
2017-03-17 01:00:00,0.0,solar,2017-03-16 23:00:00,day_ahead
2017-03-17 02:00:00,0.0,solar,2017-03-16 23:00:00,day_ahead
2017-03-17 03:00:00,0.0,solar,2017-03-16 23:00:00,day_ahead
2017-03-17 04:00:00,0.0,solar,2017-03-16 23:00:00,day_ahead
2017-03-17 05:00:00,0.0,solar,2017-03-16 23:00:00,day_ahead
2017-03-17 06:00:00,0.7756117627002249,solar,2017-03-16 23:00:00,day_ahead
2017-03-17 07:00:00,37.59308605150966,solar,2017-03-16 23:00:00,day_ahead
2017-03-17 08:00:00,122.75552864558072,solar,2017-03-16 23:00:00,day_ahead
2017-03-17 09:00:00,197.16442310648014,solar,2017-03-16 23:00:00,day_ahead
2017-03-17 10:00:00,245.9984156759487,solar,2017-03-16 23:00:00,day_ahead
2017-03-17 11:00:00,270.8473330055715,solar,2017-03-16 23:00:00,day_ahead
2017-03-17 12:00:00,279.13263465212714,solar,2017-03-16 23:00:00,day_ahead
2017-03-17 13:00:00,271.40251349171484,solar,2017-03-16 23:00:00,day_ahead
2017-03-17 14:00:00,253.17092640845576,solar,2017-03-16 23:00:00,day_ahead
2017-03-17 15:00:00,217.73444174930847,solar,2017-03-16 23:00:00,day_ahead
2017-03-17 16:00:00,159.49814995102201,solar,2017-03-16 23:00:00,day_ahead
2017-03-17 17:00:00,73.16451678069592,solar,2017-03-16 23:00:00,day_ahead
2017-03-17 18:00:00,5.703703195377689,solar,2017-03-16 23:00:00,day_ahead
2017-03-17 19:00:00,0.0,solar,2017-03-16 23:00:00,day_ahead
2017-03-17 20:00:00,0.0,solar,2017-03-16 23:00:00,day_ahead
2017-03-17 21:00:00,0.0,solar,2017-03-16 23:00:00,day_ahead
2017-03-17 22:00:00,0.0,solar,2017-03-16 23:00:00,day_ahead
2017-03-17 23:00:00,0.0,solar,2017-03-16 23:00:00,day_ahead
2017-03-18 00:00:00,0.0,solar,2017-03-17 23:00:00,day_ahead
2017-03-18 01:00:00,0.0,solar,2017-03-17 23:00:00,day_ahead
2017-03-18 02:00:00,0.0,solar,2017-03-17 23:00:00,day_ahead
2017-03-18 03:00:00,0.0,solar,2017-03-17 23:00:00,day_ahead
2017-03-18 04:00:00,0.0,solar,2017-03-17 23:00:00,day_ahead
2017-03-18 05:00:00,0.0,solar,2017-03-17 23:00:00,day_ahead
2017-03-18 06:00:00,0.8316456757121239,solar,2017-03-17 23:00:00,day_ahead
2017-03-18 07:00:00,40.51359884886377,solar,2017-03-17 23:00:00,day_ahead
2017-03-18 08:00:00,132.60808423018528,solar,2017-03-17 23:00:00,day_ahead
2017-03-18 09:00:00,213.96295262652308,solar,2017-03-17 23:00:00,day_ahead
2017-03-18 10:00:00,266.98917690943694,solar,2017-03-17 23:00:00,day_ahead
2017-03-18 11:00:00,293.9782112537476,solar,2017-03-17 23:00:00,day_ahead
2017-03-18 12:00:00,303.02810900762273,solar,2017-03-17 23:00:00,day_ahead
2017-03-18 13:00:00,294.81595424220063,solar,2017-03-17 23:00:00,day_ahead
2017-03-18 14:00:00,274.78220077405683,solar,2017-03-17 23:00:00,day_ahead
2017-03-18 15:00:00,236.7212391032866,solar,2017-03-17 23:00:00,day_ahead
2017-03-18 16:00:00,173.56232671769715,solar,2017-03-17 23:00:00,day_ahead
2017-03-18 17:00:00,79.5740970001395,solar,2017-03-17 23:00:00,day_ahead
2017-03-18 18:00:00,6.205157941817958,solar,2017-03-17 23:00:00,day_ahead
2017-03-18 19:00:00,0.0,solar,2017-03-17 23:00:00,day_ahead
2017-03-18 20:00:00,0.0,solar,2017-03-17 23:00:00,day_ahead
2017-03-18 21:00:00,0.0,solar,2017-03-17 23:00:00,day_ahead
2017-03-18 22:00:00,0.0,solar,2017-03-17 23:00:00,day_ahead
2017-03-18 23:00:00,0.0,solar,2017-03-17 23:00:00,day_ahead
2017-03-19 00:00:00,0.0,solar,2017-03-18 23:00:00,day_ahead
2017-03-19 01:00:00,0.0,solar,2017-03-18 23:00:00,day_ahead
2017-03-19 02:00:00,0.0,solar,2017-03-18 23:00:00,day_ahead
2017-03-19 03:00:00,0.0,solar,2017-03-18 23:00:00,day_ahead
2017-03-19 04:00:00,0.0,solar,2017-03-18 23:00:00,day_ahead
2017-03-19 05:00:00,0.0,solar,2017-03-18 23:00:00,day_ahead
2017-03-19 06:00:00,0.9166455579772574,solar,2017-03-18 23:00:00,day_ahead
2017-03-19 07:00:00,44.686075398327844,solar,2017-03-18 23:00:00,day_ahead
2017-03-19 08:00:00,146.33553878367772,solar,2017-03-18 23:00:00,day_ahead
2017-03-19 09:00:00,235.9941952762505,solar,2017-03-18 23:00:00,day_ahead
2017-03-19 10:00:00,294.3742593241922,solar,2017-03-18 23:00:00,day_ahead
2017-03-19 11:00:00,324.0740130371642,solar,2017-03-18 23:00:00,day_ahead
2017-03-19 12:00:00,334.0920765620607,solar,2017-03-18 23:00:00,day_ahead
2017-03-19 13:00:00,325.12191862174103,solar,2017-03-18 23:00:00,day_ahead
2017-03-19 14:00:00,303.0694712519309,solar,2017-03-18 23:00:00,day_ahead
2017-03-19 15:00:00,261.14279334680907,solar,2017-03-18 23:00:00,day_ahead
2017-03-19 16:00:00,191.4723154635936,solar,2017-03-18 23:00:00,day_ahead
2017-03-19 17:00:00,87.79476414921156,solar,2017-03-18 23:00:00,day_ahead
2017-03-19 18:00:00,6.846840372977529,solar,2017-03-18 23:00:00,day_ahead
2017-03-19 19:00:00,0.0,solar,2017-03-18 23:00:00,day_ahead
2017-03-19 20:00:00,0.0,solar,2017-03-18 23:00:00,day_ahead
2017-03-19 21:00:00,0.0,solar,2017-03-18 23:00:00,day_ahead
2017-03-19 22:00:00,0.0,solar,2017-03-18 23:00:00,day_ahead
2017-03-19 23:00:00,0.0,solar,2017-03-18 23:00:00,day_ahead
2017-03-20 00:00:00,0.0,solar,2017-03-19 23:00:00,day_ahead
2017-03-20 01:00:00,0.0,solar,2017-03-19 23:00:00,day_ahead
2017-03-20 02:00:00,0.0,solar,2017-03-19 23:00:00,day_ahead
2017-03-20 03:00:00,0.0,solar,2017-03-19 23:00:00,day_ahead
2017-03-20 04:00:00,0.0,solar,2017-03-19 23:00:00,day_ahead
2017-03-20 05:00:00,0.0,solar,2017-03-19 23:00:00,day_ahead
2017-03-20 06:00:00,0.9014283689932308,solar,2017-03-19 23:00:00,day_ahead
2017-03-20 07:00:00,44.068433587797784,solar,2017-03-19 23:00:00,day_ahead
2017-03-20 08:00:00,143.99186258897572,solar,2017-03-19 23:00:00,day_ahead
2017-03-20 09:00:00,231.95022413653757,solar,2017-03-19 23:00:00,day_ahead
2017-03-20 10:00:00,289.24472810452227,solar,2017-03-19 23:00:00,day_ahead
2017-03-20 11:00:00,318.5132319999071,solar,2017-03-19 23:00:00,day_ahead
2017-03-20 12:00:00,328.3928045199285,solar,2017-03-19 23:00:00,day_ahead
2017-03-20 13:00:00,319.71623447615616,solar,2017-03-19 23:00:00,day_ahead
2017-03-20 14:00:00,298.1915819877689,solar,2017-03-19 23:00:00,day_ahead
2017-03-20 15:00:00,256.90365929507504,solar,2017-03-19 23:00:00,day_ahead
2017-03-20 16:00:00,188.4433329642722,solar,2017-03-19 23:00:00,day_ahead
2017-03-20 17:00:00,86.4344036797673,solar,2017-03-19 23:00:00,day_ahead
2017-03-20 18:00:00,6.75372708001333,solar,2017-03-19 23:00:00,day_ahead
2017-03-20 19:00:00,0.0,solar,2017-03-19 23:00:00,day_ahead
2017-03-20 20:00:00,0.0,solar,2017-03-19 23:00:00,day_ahead
2017-03-20 21:00:00,0.0,solar,2017-03-19 23:00:00,day_ahead
2017-03-20 22:00:00,0.0,solar,2017-03-19 23:00:00,day_ahead
2017-03-20 23:00:00,0.0,solar,2017-03-19 23:00:00,day_ahead
2017-03-21 00:00:00,0.0,solar,2017-03-20 23:00:00,day_ahead
2017-03-21 01:00:00,0.0,solar,2017-03-20 23:00:00,day_ahead
2017-03-21 02:00:00,0.0,solar,2017-03-20 23:00:00,day_ahead
2017-03-21 03:00:00,0.0,solar,2017-03-20 23:00:00,day_ahead
2017-03-21 04:00:00,0.0,solar,2017-03-20 23:00:00,day_ahead
2017-03-21 05:00:00,0.0,solar,2017-03-20 23:00:00,day_ahead
2017-03-21 06:00:00,0.8222521906031185,solar,2017-03-20 23:00:00,day_ahead
2017-03-21 07:00:00,40.39352616242068,solar,2017-03-20 23:00:00,day_ahead
2017-03-21 08:00:00,131.96859851781596,solar,2017-03-20 23:00:00,day_ahead
2017-03-21 09:00:00,212.64178014267114,solar,2017-03-20 23:00:00,day_ahead
2017-03-21 10:00:00,265.4667958363239,solar,2017-03-20 23:00:00,day_ahead
2017-03-21 11:00:00,292.95994078311213,solar,2017-03-20 23:00:00,day_ahead
2017-03-21 12:00:00,302.47346910121627,solar,2017-03-20 23:00:00,day_ahead
2017-03-21 13:00:00,295.06070837229987,solar,2017-03-20 23:00:00,day_ahead
2017-03-21 14:00:00,275.5734892433985,solar,2017-03-20 23:00:00,day_ahead
2017-03-21 15:00:00,237.59387832293558,solar,2017-03-20 23:00:00,day_ahead
2017-03-21 16:00:00,174.6082517231169,solar,2017-03-20 23:00:00,day_ahead
2017-03-21 17:00:00,80.13966269309357,solar,2017-03-20 23:00:00,day_ahead
2017-03-21 18:00:00,6.270654396325946,solar,2017-03-20 23:00:00,day_ahead
2017-03-21 19:00:00,0.0,solar,2017-03-20 23:00:00,day_ahead
2017-03-21 20:00:00,0.0,solar,2017-03-20 23:00:00,day_ahead
2017-03-21 21:00:00,0.0,solar,2017-03-20 23:00:00,day_ahead
2017-03-21 22:00:00,0.0,solar,2017-03-20 23:00:00,day_ahead
2017-03-21 23:00:00,0.0,solar,2017-03-20 23:00:00,day_ahead
2017-03-22 00:00:00,0.0,solar,2017-03-21 23:00:00,day_ahead
2017-03-22 01:00:00,0.0,solar,2017-03-21 23:00:00,day_ahead
2017-03-22 02:00:00,0.0,solar,2017-03-21 23:00:00,day_ahead
2017-03-22 03:00:00,0.0,solar,2017-03-21 23:00:00,day_ahead
2017-03-22 04:00:00,0.0,solar,2017-03-21 23:00:00,day_ahead
2017-03-22 05:00:00,0.0,solar,2017-03-21 23:00:00,day_ahead
2017-03-22 06:00:00,0.7859815692898048,solar,2017-03-21 23:00:00,day_ahead
2017-03-22 07:00:00,38.31062536057263,solar,2017-03-21 23:00:00,day_ahead
2017-03-22 08:00:00,125.04671814001087,solar,2017-03-21 23:00:00,day_ahead
2017-03-22 09:00:00,201.8488708553746,solar,2017-03-21 23:00:00,day_ahead
2017-03-22 10:00:00,251.78770103669427,solar,2017-03-21 23:00:00,day_ahead
2017-03-22 11:00:00,277.9362987410624,solar,2017-03-21 23:00:00,day_ahead
2017-03-22 12:00:00,287.19649596245426,solar,2017-03-21 23:00:00,day_ahead
2017-03-22 13:00:00,280.45666126553317,solar,2017-03-21 23:00:00,day_ahead
2017-03-22 14:00:00,262.1943957254798,solar,2017-03-21 23:00:00,day_ahead
2017-03-22 15:00:00,226.75669591959777,solar,2017-03-21 23:00:00,day_ahead
2017-03-22 16:00:00,166.75226924019594,solar,2017-03-21 23:00:00,day_ahead
2017-03-22 17:00:00,76.59931140469632,solar,2017-03-21 23:00:00,day_ahead
2017-03-22 18:00:00,6.0098860091138375,solar,2017-03-21 23:00:00,day_ahead
2017-03-22 19:00:00,0.0,solar,2017-03-21 23:00:00,day_ahead
2017-03-22 20:00:00,0.0,solar,2017-03-21 23:00:00,day_ahead
2017-03-22 21:00:00,0.0,solar,2017-03-21 23:00:00,day_ahead
2017-03-22 22:00:00,0.0,solar,2017-03-21 23:00:00,day_ahead
2017-03-22 23:00:00,0.0,solar,2017-03-21 23:00:00,day_ahead
2017-03-23 00:00:00,0.0,solar,2017-03-22 23:00:00,day_ahead
2017-03-23 01:00:00,0.0,solar,2017-03-22 23:00:00,day_ahead
2017-03-23 02:00:00,0.0,solar,2017-03-22 23:00:00,day_ahead
2017-03-23 03:00:00,0.0,solar,2017-03-22 23:00:00,day_ahead
2017-03-23 04:00:00,0.0,solar,2017-03-22 23:00:00,day_ahead
2017-03-23 05:00:00,0.0,solar,2017-03-22 23:00:00,day_ahead
2017-03-23 06:00:00,0.7271439106341862,solar,2017-03-22 23:00:00,day_ahead
2017-03-23 07:00:00,35.34031493666693,solar,2017-03-22 23:00:00,day_ahead
2017-03-23 08:00:00,115.08570518076534,solar,2017-03-22 23:00:00,day_ahead
2017-03-23 09:00:00,185.60548161907508,solar,2017-03-22 23:00:00,day_ahead
2017-03-23 10:00:00,231.10665763625425,solar,2017-03-22 23:00:00,day_ahead
2017-03-23 11:00:00,255.09527055854812,solar,2017-03-22 23:00:00,day_ahead
2017-03-23 12:00:00,264.0008156938333,solar,2017-03-22 23:00:00,day_ahead
2017-03-23 13:00:00,257.77156770029393,solar,2017-03-22 23:00:00,day_ahead
2017-03-23 14:00:00,240.84736077934252,solar,2017-03-22 23:00:00,day_ahead
2017-03-23 15:00:00,208.39972872364748,solar,2017-03-22 23:00:00,day_ahead
2017-03-23 16:00:00,153.23764174906876,solar,2017-03-22 23:00:00,day_ahead
2017-03-23 17:00:00,70.57653223176338,solar,2017-03-22 23:00:00,day_ahead
2017-03-23 18:00:00,5.563701025146107,solar,2017-03-22 23:00:00,day_ahead
2017-03-23 19:00:00,0.0,solar,2017-03-22 23:00:00,day_ahead
2017-03-23 20:00:00,0.0,solar,2017-03-22 23:00:00,day_ahead
2017-03-23 21:00:00,0.0,solar,2017-03-22 23:00:00,day_ahead
2017-03-23 22:00:00,0.0,solar,2017-03-22 23:00:00,day_ahead
2017-03-23 23:00:00,0.0,solar,2017-03-22 23:00:00,day_ahead
2017-03-24 00:00:00,0.0,solar,2017-03-23 23:00:00,day_ahead
2017-03-24 01:00:00,0.0,solar,2017-03-23 23:00:00,day_ahead
2017-03-24 02:00:00,0.0,solar,2017-03-23 23:00:00,day_ahead
2017-03-24 03:00:00,0.0,solar,2017-03-23 23:00:00,day_ahead
2017-03-24 04:00:00,0.0,solar,2017-03-23 23:00:00,day_ahead
2017-03-24 05:00:00,0.0,solar,2017-03-23 23:00:00,day_ahead
2017-03-24 06:00:00,0.759621905000392,solar,2017-03-23 23:00:00,day_ahead
2017-03-24 07:00:00,37.13936352589317,solar,2017-03-23 23:00:00,day_ahead
2017-03-24 08:00:00,120.38477113569219,solar,2017-03-23 23:00:00,day_ahead
2017-03-24 09:00:00,193.52380809119794,solar,2017-03-23 23:00:00,day_ahead
2017-03-24 10:00:00,240.49886423429007,solar,2017-03-23 23:00:00,day_ahead
2017-03-24 11:00:00,265.20174907439673,solar,2017-03-23 23:00:00,day_ahead
2017-03-24 12:00:00,274.2534122477624,solar,2017-03-23 23:00:00,day_ahead
2017-03-24 13:00:00,267.6871682078866,solar,2017-03-23 23:00:00,day_ahead
2017-03-24 14:00:00,250.17243714835826,solar,2017-03-23 23:00:00,day_ahead
2017-03-24 15:00:00,216.56383543981417,solar,2017-03-23 23:00:00,day_ahead
2017-03-24 16:00:00,159.2181367259099,solar,2017-03-23 23:00:00,day_ahead
2017-03-24 17:00:00,73.31652040093384,solar,2017-03-23 23:00:00,day_ahead
2017-03-24 18:00:00,5.794297937737737,solar,2017-03-23 23:00:00,day_ahead
2017-03-24 19:00:00,0.0,solar,2017-03-23 23:00:00,day_ahead
2017-03-24 20:00:00,0.0,solar,2017-03-23 23:00:00,day_ahead
2017-03-24 21:00:00,0.0,solar,2017-03-23 23:00:00,day_ahead
2017-03-24 22:00:00,0.0,solar,2017-03-23 23:00:00,day_ahead
2017-03-24 23:00:00,0.0,solar,2017-03-23 23:00:00,day_ahead
2017-03-25 00:00:00,0.0,solar,2017-03-24 23:00:00,day_ahead
2017-03-25 01:00:00,0.0,solar,2017-03-24 23:00:00,day_ahead
2017-03-25 02:00:00,0.0,solar,2017-03-24 23:00:00,day_ahead
2017-03-25 03:00:00,0.0,solar,2017-03-24 23:00:00,day_ahead
2017-03-25 04:00:00,0.0,solar,2017-03-24 23:00:00,day_ahead
2017-03-25 05:00:00,0.0,solar,2017-03-24 23:00:00,day_ahead
2017-03-25 06:00:00,0.8058746390887427,solar,2017-03-24 23:00:00,day_ahead
2017-03-25 07:00:00,39.0679626434344,solar,2017-03-24 23:00:00,day_ahead
2017-03-25 08:00:00,126.28536452417343,solar,2017-03-24 23:00:00,day_ahead
2017-03-25 09:00:00,202.39717896081535,solar,2017-03-24 23:00:00,day_ahead
2017-03-25 10:00:00,250.97416149019807,solar,2017-03-24 23:00:00,day_ahead
2017-03-25 11:00:00,276.25394019981536,solar,2017-03-24 23:00:00,day_ahead
2017-03-25 12:00:00,285.6798901536699,solar,2017-03-24 23:00:00,day_ahead
2017-03-25 13:00:00,278.3934001751585,solar,2017-03-24 23:00:00,day_ahead
2017-03-25 14:00:00,259.90296918240847,solar,2017-03-24 23:00:00,day_ahead
2017-03-25 15:00:00,224.89003556043338,solar,2017-03-24 23:00:00,day_ahead
2017-03-25 16:00:00,165.1469943684909,solar,2017-03-24 23:00:00,day_ahead
2017-03-25 17:00:00,75.85955678011813,solar,2017-03-24 23:00:00,day_ahead
2017-03-25 18:00:00,5.999077125009454,solar,2017-03-24 23:00:00,day_ahead
2017-03-25 19:00:00,0.0,solar,2017-03-24 23:00:00,day_ahead
2017-03-25 20:00:00,0.0,solar,2017-03-24 23:00:00,day_ahead
2017-03-25 21:00:00,0.0,solar,2017-03-24 23:00:00,day_ahead
2017-03-25 22:00:00,0.0,solar,2017-03-24 23:00:00,day_ahead
2017-03-25 23:00:00,0.0,solar,2017-03-24 23:00:00,day_ahead
2017-03-26 00:00:00,0.0,solar,2017-03-25 23:00:00,day_ahead
2017-03-26 01:00:00,0.0,solar,2017-03-25 23:00:00,day_ahead
2017-03-26 02:00:00,0.0,solar,2017-03-25 23:00:00,day_ahead
2017-03-26 03:00:00,0.0,solar,2017-03-25 23:00:00,day_ahead
2017-03-26 04:00:00,0.0,solar,2017-03-25 23:00:00,day_ahead
2017-03-26 05:00:00,0.0,solar,2017-03-25 23:00:00,day_ahead
2017-03-26 06:00:00,0.8309710679070185,solar,2017-03-25 23:00:00,day_ahead
2017-03-26 07:00:00,40.04161259632523,solar,2017-03-25 23:00:00,day_ahead
2017-03-26 08:00:00,129.75910922493227,solar,2017-03-25 23:00:00,day_ahead
2017-03-26 09:00:00,207.60250963635627,solar,2017-03-25 23:00:00,day_ahead
2017-03-26 10:00:00,257.679217111583,solar,2017-03-25 23:00:00,day_ahead
2017-03-26 11:00:00,283.6634121079171,solar,2017-03-25 23:00:00,day_ahead
2017-03-26 12:00:00,293.55700458804523,solar,2017-03-25 23:00:00,day_ahead
2017-03-26 13:00:00,286.31638331615585,solar,2017-03-25 23:00:00,day_ahead
2017-03-26 14:00:00,267.3852564493814,solar,2017-03-25 23:00:00,day_ahead
2017-03-26 15:00:00,231.18390101720965,solar,2017-03-25 23:00:00,day_ahead
2017-03-26 16:00:00,169.63697110063129,solar,2017-03-25 23:00:00,day_ahead
2017-03-26 17:00:00,78.06365669926579,solar,2017-03-25 23:00:00,day_ahead
2017-03-26 18:00:00,6.23778971661422,solar,2017-03-25 23:00:00,day_ahead
2017-03-26 19:00:00,0.0,solar,2017-03-25 23:00:00,day_ahead
2017-03-26 20:00:00,0.0,solar,2017-03-25 23:00:00,day_ahead
2017-03-26 21:00:00,0.0,solar,2017-03-25 23:00:00,day_ahead
2017-03-26 22:00:00,0.0,solar,2017-03-25 23:00:00,day_ahead
2017-03-26 23:00:00,0.0,solar,2017-03-25 23:00:00,day_ahead
2017-03-27 00:00:00,0.0,solar,2017-03-26 23:00:00,day_ahead
2017-03-27 01:00:00,0.0,solar,2017-03-26 23:00:00,day_ahead
2017-03-27 02:00:00,0.0,solar,2017-03-26 23:00:00,day_ahead
2017-03-27 03:00:00,0.0,solar,2017-03-26 23:00:00,day_ahead
2017-03-27 04:00:00,0.0,solar,2017-03-26 23:00:00,day_ahead
2017-03-27 05:00:00,0.0,solar,2017-03-26 23:00:00,day_ahead
2017-03-27 06:00:00,0.6175117617004403,solar,2017-03-26 23:00:00,day_ahead
2017-03-27 07:00:00,29.932302315677603,solar,2017-03-26 23:00:00,day_ahead
2017-03-27 08:00:00,96.79562821040489,solar,2017-03-26 23:00:00,day_ahead
2017-03-27 09:00:00,154.83515580919956,solar,2017-03-26 23:00:00,day_ahead
2017-03-27 10:00:00,192.32553399768895,solar,2017-03-26 23:00:00,day_ahead
2017-03-27 11:00:00,211.49091369563214,solar,2017-03-26 23:00:00,day_ahead
2017-03-27 12:00:00,218.65718065950037,solar,2017-03-26 23:00:00,day_ahead
2017-03-27 13:00:00,213.0741627956859,solar,2017-03-26 23:00:00,day_ahead
2017-03-27 14:00:00,198.96421062527665,solar,2017-03-26 23:00:00,day_ahead
2017-03-27 15:00:00,172.02918124501713,solar,2017-03-26 23:00:00,day_ahead
2017-03-27 16:00:00,126.36108603959858,solar,2017-03-26 23:00:00,day_ahead
2017-03-27 17:00:00,58.19476537738036,solar,2017-03-26 23:00:00,day_ahead
2017-03-27 18:00:00,4.660617124324662,solar,2017-03-26 23:00:00,day_ahead
2017-03-27 19:00:00,0.0,solar,2017-03-26 23:00:00,day_ahead
2017-03-27 20:00:00,0.0,solar,2017-03-26 23:00:00,day_ahead
2017-03-27 21:00:00,0.0,solar,2017-03-26 23:00:00,day_ahead
2017-03-27 22:00:00,0.0,solar,2017-03-26 23:00:00,day_ahead
2017-03-27 23:00:00,0.0,solar,2017-03-26 23:00:00,day_ahead
2017-03-28 00:00:00,0.0,solar,2017-03-27 23:00:00,day_ahead
2017-03-28 01:00:00,0.0,solar,2017-03-27 23:00:00,day_ahead
2017-03-28 02:00:00,0.0,solar,2017-03-27 23:00:00,day_ahead
2017-03-28 03:00:00,0.0,solar,2017-03-27 23:00:00,day_ahead
2017-03-28 04:00:00,0.0,solar,2017-03-27 23:00:00,day_ahead
2017-03-28 05:00:00,0.0,solar,2017-03-27 23:00:00,day_ahead
2017-03-28 06:00:00,0.7504518494957405,solar,2017-03-27 23:00:00,day_ahead
2017-03-28 07:00:00,36.210313336746694,solar,2017-03-27 23:00:00,day_ahead
2017-03-28 08:00:00,116.95138588992339,solar,2017-03-27 23:00:00,day_ahead
2017-03-28 09:00:00,187.1033616213307,solar,2017-03-27 23:00:00,day_ahead
2017-03-28 10:00:00,232.36547286858658,solar,2017-03-27 23:00:00,day_ahead
2017-03-28 11:00:00,255.5155285078108,solar,2017-03-27 23:00:00,day_ahead
2017-03-28 12:00:00,264.1479418778858,solar,2017-03-27 23:00:00,day_ahead
2017-03-28 13:00:00,257.66672018644306,solar,2017-03-27 23:00:00,day_ahead
2017-03-28 14:00:00,240.7498633593247,solar,2017-03-27 23:00:00,day_ahead
2017-03-28 15:00:00,208.08233475780963,solar,2017-03-27 23:00:00,day_ahead
2017-03-28 16:00:00,152.9753163416979,solar,2017-03-27 23:00:00,day_ahead
2017-03-28 17:00:00,70.55050586083988,solar,2017-03-27 23:00:00,day_ahead
2017-03-28 18:00:00,5.699031970887557,solar,2017-03-27 23:00:00,day_ahead
2017-03-28 19:00:00,0.0,solar,2017-03-27 23:00:00,day_ahead
2017-03-28 20:00:00,0.0,solar,2017-03-27 23:00:00,day_ahead
2017-03-28 21:00:00,0.0,solar,2017-03-27 23:00:00,day_ahead
2017-03-28 22:00:00,0.0,solar,2017-03-27 23:00:00,day_ahead
2017-03-28 23:00:00,0.0,solar,2017-03-27 23:00:00,day_ahead
2017-03-29 00:00:00,0.0,solar,2017-03-28 23:00:00,day_ahead
2017-03-29 01:00:00,0.0,solar,2017-03-28 23:00:00,day_ahead
2017-03-29 02:00:00,0.0,solar,2017-03-28 23:00:00,day_ahead
2017-03-29 03:00:00,0.0,solar,2017-03-28 23:00:00,day_ahead
2017-03-29 04:00:00,0.0,solar,2017-03-28 23:00:00,day_ahead
2017-03-29 05:00:00,0.0,solar,2017-03-28 23:00:00,day_ahead
2017-03-29 06:00:00,0.928933500320701,solar,2017-03-28 23:00:00,day_ahead
2017-03-29 07:00:00,43.51550140013368,solar,2017-03-28 23:00:00,day_ahead
2017-03-29 08:00:00,139.55868817276115,solar,2017-03-28 23:00:00,day_ahead
2017-03-29 09:00:00,222.80845674963984,solar,2017-03-28 23:00:00,day_ahead
2017-03-29 10:00:00,276.5158806928754,solar,2017-03-28 23:00:00,day_ahead
2017-03-29 11:00:00,303.955408660891,solar,2017-03-28 23:00:00,day_ahead
2017-03-29 12:00:00,314.22497573415,solar,2017-03-28 23:00:00,day_ahead
2017-03-29 13:00:00,306.5532992473047,solar,2017-03-28 23:00:00,day_ahead
2017-03-29 14:00:00,286.31595540974064,solar,2017-03-28 23:00:00,day_ahead
2017-03-29 15:00:00,247.5079610741087,solar,2017-03-28 23:00:00,day_ahead
2017-03-29 16:00:00,182.2494515858791,solar,2017-03-28 23:00:00,day_ahead
2017-03-29 17:00:00,84.228682329748,solar,2017-03-28 23:00:00,day_ahead
2017-03-29 18:00:00,6.848026323450211,solar,2017-03-28 23:00:00,day_ahead
2017-03-29 19:00:00,0.0,solar,2017-03-28 23:00:00,day_ahead
2017-03-29 20:00:00,0.0,solar,2017-03-28 23:00:00,day_ahead
2017-03-29 21:00:00,0.0,solar,2017-03-28 23:00:00,day_ahead
2017-03-29 22:00:00,0.0,solar,2017-03-28 23:00:00,day_ahead
2017-03-29 23:00:00,0.0,solar,2017-03-28 23:00:00,day_ahead
2017-03-30 00:00:00,0.0,solar,2017-03-29 23:00:00,day_ahead
2017-03-30 01:00:00,0.0,solar,2017-03-29 23:00:00,day_ahead
2017-03-30 02:00:00,0.0,solar,2017-03-29 23:00:00,day_ahead
2017-03-30 03:00:00,0.0,solar,2017-03-29 23:00:00,day_ahead
2017-03-30 04:00:00,0.0,solar,2017-03-29 23:00:00,day_ahead
2017-03-30 05:00:00,0.0,solar,2017-03-29 23:00:00,day_ahead
2017-03-30 06:00:00,1.018285312440276,solar,2017-03-29 23:00:00,day_ahead
2017-03-30 07:00:00,46.02177752247947,solar,2017-03-29 23:00:00,day_ahead
2017-03-30 08:00:00,146.44503403298,solar,2017-03-29 23:00:00,day_ahead
2017-03-30 09:00:00,233.16080381256236,solar,2017-03-29 23:00:00,day_ahead
2017-03-30 10:00:00,289.03482491027535,solar,2017-03-29 23:00:00,day_ahead
2017-03-30 11:00:00,317.56318401070416,solar,2017-03-29 23:00:00,day_ahead
2017-03-30 12:00:00,328.21751259100853,solar,2017-03-29 23:00:00,day_ahead
2017-03-30 13:00:00,320.3132996867312,solar,2017-03-29 23:00:00,day_ahead
2017-03-30 14:00:00,299.2299623296155,solar,2017-03-29 23:00:00,day_ahead
2017-03-30 15:00:00,258.74376672376263,solar,2017-03-29 23:00:00,day_ahead
2017-03-30 16:00:00,190.67478705902366,solar,2017-03-29 23:00:00,day_ahead
2017-03-30 17:00:00,88.336354793164,solar,2017-03-29 23:00:00,day_ahead
2017-03-30 18:00:00,7.251447479207389,solar,2017-03-29 23:00:00,day_ahead
2017-03-30 19:00:00,0.0,solar,2017-03-29 23:00:00,day_ahead
2017-03-30 20:00:00,0.0,solar,2017-03-29 23:00:00,day_ahead
2017-03-30 21:00:00,0.0,solar,2017-03-29 23:00:00,day_ahead
2017-03-30 22:00:00,0.0,solar,2017-03-29 23:00:00,day_ahead
2017-03-30 23:00:00,0.0,solar,2017-03-29 23:00:00,day_ahead
2017-03-31 00:00:00,0.0,solar,2017-03-30 23:00:00,day_ahead
2017-03-31 01:00:00,0.0,solar,2017-03-30 23:00:00,day_ahead
2017-03-31 02:00:00,0.0,solar,2017-03-30 23:00:00,day_ahead
2017-03-31 03:00:00,0.0,solar,2017-03-30 23:00:00,day_ahead
2017-03-31 04:00:00,0.0,solar,2017-03-30 23:00:00,day_ahead
2017-03-31 05:00:00,0.0,solar,2017-03-30 23:00:00,day_ahead
2017-03-31 06:00:00,1.0122631821924992,solar,2017-03-30 23:00:00,day_ahead
2017-03-31 07:00:00,44.416665144771244,solar,2017-03-30 23:00:00,day_ahead
2017-03-31 08:00:00,140.71014312368493,solar,2017-03-30 23:00:00,day_ahead
2017-03-31 09:00:00,223.9094894083967,solar,2017-03-30 23:00:00,day_ahead
2017-03-31 10:00:00,277.6705405591974,solar,2017-03-30 23:00:00,day_ahead
2017-03-31 11:00:00,305.03064867866004,solar,2017-03-30 23:00:00,day_ahead
2017-03-31 12:00:00,315.14753211402996,solar,2017-03-30 23:00:00,day_ahead
2017-03-31 13:00:00,307.6622016638299,solar,2017-03-30 23:00:00,day_ahead
2017-03-31 14:00:00,287.10799713408056,solar,2017-03-30 23:00:00,day_ahead
2017-03-31 15:00:00,248.19718808316912,solar,2017-03-30 23:00:00,day_ahead
2017-03-31 16:00:00,182.7418123689469,solar,2017-03-30 23:00:00,day_ahead
2017-03-31 17:00:00,84.6435512629586,solar,2017-03-30 23:00:00,day_ahead
2017-03-31 18:00:00,6.993881020271037,solar,2017-03-30 23:00:00,day_ahead
2017-03-31 19:00:00,0.0,solar,2017-03-30 23:00:00,day_ahead
2017-03-31 20:00:00,0.0,solar,2017-03-30 23:00:00,day_ahead
2017-03-31 21:00:00,0.0,solar,2017-03-30 23:00:00,day_ahead
2017-03-31 22:00:00,0.0,solar,2017-03-30 23:00:00,day_ahead
2017-03-31 23:00:00,0.0,solar,2017-03-30 23:00:00,day_ahead
2017-04-01 00:00:00,0.0,solar,2017-03-31 23:00:00,day_ahead
2017-04-01 01:00:00,0.0,solar,2017-03-31 23:00:00,day_ahead
2017-04-01 02:00:00,0.0,solar,2017-03-31 23:00:00,day_ahead
2017-04-01 03:00:00,0.0,solar,2017-03-31 23:00:00,day_ahead
2017-04-01 04:00:00,0.0,solar,2017-03-31 23:00:00,day_ahead
2017-04-01 05:00:00,0.060452986831378126,solar,2017-03-31 23:00:00,day_ahead
2017-04-01 06:00:00,18.34543548449907,solar,2017-03-31 23:00:00,day_ahead
2017-04-01 07:00:00,101.96955391982583,solar,2017-03-31 23:00:00,day_ahead
2017-04-01 08:00:00,185.26403110155798,solar,2017-03-31 23:00:00,day_ahead
2017-04-01 09:00:00,255.20972557639732,solar,2017-03-31 23:00:00,day_ahead
2017-04-01 10:00:00,297.66694613688907,solar,2017-03-31 23:00:00,day_ahead
2017-04-01 11:00:00,319.2557830417784,solar,2017-03-31 23:00:00,day_ahead
2017-04-01 12:00:00,324.9519672566194,solar,2017-03-31 23:00:00,day_ahead
2017-04-01 13:00:00,320.3240946955031,solar,2017-03-31 23:00:00,day_ahead
2017-04-01 14:00:00,299.804433776599,solar,2017-03-31 23:00:00,day_ahead
2017-04-01 15:00:00,261.9832827446741,solar,2017-03-31 23:00:00,day_ahead
2017-04-01 16:00:00,198.11651114919243,solar,2017-03-31 23:00:00,day_ahead
2017-04-01 17:00:00,109.62928049804509,solar,2017-03-31 23:00:00,day_ahead
2017-04-01 18:00:00,23.540533069536743,solar,2017-03-31 23:00:00,day_ahead
2017-04-01 19:00:00,0.12091284640951541,solar,2017-03-31 23:00:00,day_ahead
2017-04-01 20:00:00,0.0,solar,2017-03-31 23:00:00,day_ahead
2017-04-01 21:00:00,0.0,solar,2017-03-31 23:00:00,day_ahead
2017-04-01 22:00:00,0.0,solar,2017-03-31 23:00:00,day_ahead
2017-04-01 23:00:00,0.0,solar,2017-03-31 23:00:00,day_ahead
2017-04-02 00:00:00,0.0,solar,2017-04-01 23:00:00,day_ahead
2017-04-02 01:00:00,0.0,solar,2017-04-01 23:00:00,day_ahead
2017-04-02 02:00:00,0.0,solar,2017-04-01 23:00:00,day_ahead
2017-04-02 03:00:00,0.0,solar,2017-04-01 23:00:00,day_ahead
2017-04-02 04:00:00,0.0,solar,2017-04-01 23:00:00,day_ahead
2017-04-02 05:00:00,0.05867580987774118,solar,2017-04-01 23:00:00,day_ahead
2017-04-02 06:00:00,17.91240307354016,solar,2017-04-01 23:00:00,day_ahead
2017-04-02 07:00:00,100.48769494951236,solar,2017-04-01 23:00:00,day_ahead
2017-04-02 08:00:00,183.20877117754597,solar,2017-04-01 23:00:00,day_ahead
2017-04-02 09:00:00,252.70560592500487,solar,2017-04-01 23:00:00,day_ahead
2017-04-02 10:00:00,294.78937935401535,solar,2017-04-01 23:00:00,day_ahead
2017-04-02 11:00:00,316.0463967237118,solar,2017-04-01 23:00:00,day_ahead
2017-04-02 12:00:00,321.6283396485787,solar,2017-04-01 23:00:00,day_ahead
2017-04-02 13:00:00,316.9934325105341,solar,2017-04-01 23:00:00,day_ahead
2017-04-02 14:00:00,296.93515259862306,solar,2017-04-01 23:00:00,day_ahead
2017-04-02 15:00:00,259.4760987168683,solar,2017-04-01 23:00:00,day_ahead
2017-04-02 16:00:00,196.09401164362225,solar,2017-04-01 23:00:00,day_ahead
2017-04-02 17:00:00,108.24373650062262,solar,2017-04-01 23:00:00,day_ahead
2017-04-02 18:00:00,23.11548691818082,solar,2017-04-01 23:00:00,day_ahead
2017-04-02 19:00:00,0.11734947107960547,solar,2017-04-01 23:00:00,day_ahead
2017-04-02 20:00:00,0.0,solar,2017-04-01 23:00:00,day_ahead
2017-04-02 21:00:00,0.0,solar,2017-04-01 23:00:00,day_ahead
2017-04-02 22:00:00,0.0,solar,2017-04-01 23:00:00,day_ahead
2017-04-02 23:00:00,0.0,solar,2017-04-01 23:00:00,day_ahead
2017-04-03 00:00:00,0.0,solar,2017-04-02 23:00:00,day_ahead
2017-04-03 01:00:00,0.0,solar,2017-04-02 23:00:00,day_ahead
2017-04-03 02:00:00,0.0,solar,2017-04-02 23:00:00,day_ahead
2017-04-03 03:00:00,0.0,solar,2017-04-02 23:00:00,day_ahead
2017-04-03 04:00:00,0.0,solar,2017-04-02 23:00:00,day_ahead
2017-04-03 05:00:00,0.06008378523507901,solar,2017-04-02 23:00:00,day_ahead
2017-04-03 06:00:00,18.472207584770548,solar,2017-04-02 23:00:00,day_ahead
2017-04-03 07:00:00,104.90837760652344,solar,2017-04-02 23:00:00,day_ahead
2017-04-03 08:00:00,191.7693352533919,solar,2017-04-02 23:00:00,day_ahead
2017-04-03 09:00:00,264.3719019961777,solar,2017-04-02 23:00:00,day_ahead
2017-04-03 10:00:00,308.3689003113812,solar,2017-04-02 23:00:00,day_ahead
2017-04-03 11:00:00,330.45018664074706,solar,2017-04-02 23:00:00,day_ahead
2017-04-03 12:00:00,336.40530919223386,solar,2017-04-02 23:00:00,day_ahead
2017-04-03 13:00:00,331.54873290337963,solar,2017-04-02 23:00:00,day_ahead
2017-04-03 14:00:00,310.6402572687343,solar,2017-04-02 23:00:00,day_ahead
2017-04-03 15:00:00,271.50802978816967,solar,2017-04-02 23:00:00,day_ahead
2017-04-03 16:00:00,205.31438072271413,solar,2017-04-02 23:00:00,day_ahead
2017-04-03 17:00:00,113.32898036857898,solar,2017-04-02 23:00:00,day_ahead
2017-04-03 18:00:00,24.02106412205943,solar,2017-04-02 23:00:00,day_ahead
2017-04-03 19:00:00,0.12017620421536886,solar,2017-04-02 23:00:00,day_ahead
2017-04-03 20:00:00,0.0,solar,2017-04-02 23:00:00,day_ahead
2017-04-03 21:00:00,0.0,solar,2017-04-02 23:00:00,day_ahead
2017-04-03 22:00:00,0.0,solar,2017-04-02 23:00:00,day_ahead
2017-04-03 23:00:00,0.0,solar,2017-04-02 23:00:00,day_ahead
2017-04-04 00:00:00,0.0,solar,2017-04-03 23:00:00,day_ahead
2017-04-04 01:00:00,0.0,solar,2017-04-03 23:00:00,day_ahead
2017-04-04 02:00:00,0.0,solar,2017-04-03 23:00:00,day_ahead
2017-04-04 03:00:00,0.0,solar,2017-04-03 23:00:00,day_ahead
2017-04-04 04:00:00,0.0,solar,2017-04-03 23:00:00,day_ahead
2017-04-04 05:00:00,0.058287189271484546,solar,2017-04-03 23:00:00,day_ahead
2017-04-04 06:00:00,18.097939790714438,solar,2017-04-03 23:00:00,day_ahead
2017-04-04 07:00:00,103.73005313558818,solar,2017-04-03 23:00:00,day_ahead
2017-04-04 08:00:00,189.8276673266628,solar,2017-04-03 23:00:00,day_ahead
2017-04-04 09:00:00,261.66594040045834,solar,2017-04-03 23:00:00,day_ahead
2017-04-04 10:00:00,305.1842270270785,solar,2017-04-03 23:00:00,day_ahead
2017-04-04 11:00:00,327.0325874517668,solar,2017-04-03 23:00:00,day_ahead
2017-04-04 12:00:00,332.9698891977177,solar,2017-04-03 23:00:00,day_ahead
2017-04-04 13:00:00,328.1695078095386,solar,2017-04-03 23:00:00,day_ahead
2017-04-04 14:00:00,307.5479142048149,solar,2017-04-03 23:00:00,day_ahead
2017-04-04 15:00:00,268.8913764375735,solar,2017-04-03 23:00:00,day_ahead
2017-04-04 16:00:00,203.4484313706461,solar,2017-04-03 23:00:00,day_ahead
2017-04-04 17:00:00,112.30837023816457,solar,2017-04-03 23:00:00,day_ahead
2017-04-04 18:00:00,23.658927269981678,solar,2017-04-03 23:00:00,day_ahead
2017-04-04 19:00:00,0.11658315431758338,solar,2017-04-03 23:00:00,day_ahead
2017-04-04 20:00:00,0.0,solar,2017-04-03 23:00:00,day_ahead
2017-04-04 21:00:00,0.0,solar,2017-04-03 23:00:00,day_ahead
2017-04-04 22:00:00,0.0,solar,2017-04-03 23:00:00,day_ahead
2017-04-04 23:00:00,0.0,solar,2017-04-03 23:00:00,day_ahead
2017-04-05 00:00:00,0.0,solar,2017-04-04 23:00:00,day_ahead
2017-04-05 01:00:00,0.0,solar,2017-04-04 23:00:00,day_ahead
2017-04-05 02:00:00,0.0,solar,2017-04-04 23:00:00,day_ahead
2017-04-05 03:00:00,0.0,solar,2017-04-04 23:00:00,day_ahead
2017-04-05 04:00:00,0.0,solar,2017-04-04 23:00:00,day_ahead
2017-04-05 05:00:00,0.05697901343959518,solar,2017-04-04 23:00:00,day_ahead
2017-04-05 06:00:00,17.865741598586524,solar,2017-04-04 23:00:00,day_ahead
2017-04-05 07:00:00,103.36822389364606,solar,2017-04-04 23:00:00,day_ahead
2017-04-05 08:00:00,189.34315363179783,solar,2017-04-04 23:00:00,day_ahead
2017-04-05 09:00:00,260.87413080498067,solar,2017-04-04 23:00:00,day_ahead
2017-04-05 10:00:00,304.1987143473759,solar,2017-04-04 23:00:00,day_ahead
2017-04-05 11:00:00,325.9917244292704,solar,2017-04-04 23:00:00,day_ahead
2017-04-05 12:00:00,331.90016908855836,solar,2017-04-04 23:00:00,day_ahead
2017-04-05 13:00:00,327.0335091237482,solar,2017-04-04 23:00:00,day_ahead
2017-04-05 14:00:00,306.52673670513246,solar,2017-04-04 23:00:00,day_ahead
2017-04-05 15:00:00,268.05918612906015,solar,2017-04-04 23:00:00,day_ahead
2017-04-05 16:00:00,202.9018040777264,solar,2017-04-04 23:00:00,day_ahead
2017-04-05 17:00:00,111.99761314555681,solar,2017-04-04 23:00:00,day_ahead
2017-04-05 18:00:00,23.458524979922313,solar,2017-04-04 23:00:00,day_ahead
2017-04-05 19:00:00,0.11396631789309335,solar,2017-04-04 23:00:00,day_ahead
2017-04-05 20:00:00,0.0,solar,2017-04-04 23:00:00,day_ahead
2017-04-05 21:00:00,0.0,solar,2017-04-04 23:00:00,day_ahead
2017-04-05 22:00:00,0.0,solar,2017-04-04 23:00:00,day_ahead
2017-04-05 23:00:00,0.0,solar,2017-04-04 23:00:00,day_ahead
2017-04-06 00:00:00,0.0,solar,2017-04-05 23:00:00,day_ahead
2017-04-06 01:00:00,0.0,solar,2017-04-05 23:00:00,day_ahead
2017-04-06 02:00:00,0.0,solar,2017-04-05 23:00:00,day_ahead
2017-04-06 03:00:00,0.0,solar,2017-04-05 23:00:00,day_ahead
2017-04-06 04:00:00,0.0,solar,2017-04-05 23:00:00,day_ahead
2017-04-06 05:00:00,0.05634700929368762,solar,2017-04-05 23:00:00,day_ahead
2017-04-06 06:00:00,17.856918474478565,solar,2017-04-05 23:00:00,day_ahead
2017-04-06 07:00:00,104.1665879116839,solar,2017-04-05 23:00:00,day_ahead
2017-04-06 08:00:00,191.01230773767705,solar,2017-04-05 23:00:00,day_ahead
2017-04-06 09:00:00,263.07517765311275,solar,2017-04-05 23:00:00,day_ahead
2017-04-06 10:00:00,306.6937458609274,solar,2017-04-05 23:00:00,day_ahead
2017-04-06 11:00:00,328.6581155280184,solar,2017-04-05 23:00:00,day_ahead
2017-04-06 12:00:00,334.63871836746137,solar,2017-04-05 23:00:00,day_ahead
2017-04-06 13:00:00,329.73998223742143,solar,2017-04-05 23:00:00,day_ahead
2017-04-06 14:00:00,308.9787538714683,solar,2017-04-05 23:00:00,day_ahead
2017-04-06 15:00:00,270.16336050674244,solar,2017-04-05 23:00:00,day_ahead
2017-04-06 16:00:00,204.50666414275244,solar,2017-04-05 23:00:00,day_ahead
2017-04-06 17:00:00,112.90681003336167,solar,2017-04-05 23:00:00,day_ahead
2017-04-06 18:00:00,23.542571932823787,solar,2017-04-05 23:00:00,day_ahead
2017-04-06 19:00:00,0.11270245945729737,solar,2017-04-05 23:00:00,day_ahead
2017-04-06 20:00:00,0.0,solar,2017-04-05 23:00:00,day_ahead
2017-04-06 21:00:00,0.0,solar,2017-04-05 23:00:00,day_ahead
2017-04-06 22:00:00,0.0,solar,2017-04-05 23:00:00,day_ahead
2017-04-06 23:00:00,0.0,solar,2017-04-05 23:00:00,day_ahead
2017-04-07 00:00:00,0.0,solar,2017-04-06 23:00:00,day_ahead
2017-04-07 01:00:00,0.0,solar,2017-04-06 23:00:00,day_ahead
2017-04-07 02:00:00,0.0,solar,2017-04-06 23:00:00,day_ahead
2017-04-07 03:00:00,0.0,solar,2017-04-06 23:00:00,day_ahead
2017-04-07 04:00:00,0.0,solar,2017-04-06 23:00:00,day_ahead
2017-04-07 05:00:00,0.05628270987680751,solar,2017-04-06 23:00:00,day_ahead
2017-04-07 06:00:00,18.06001736472865,solar,2017-04-06 23:00:00,day_ahead
2017-04-07 07:00:00,106.17931800058295,solar,2017-04-06 23:00:00,day_ahead
2017-04-07 08:00:00,194.85124731415937,solar,2017-04-06 23:00:00,day_ahead
2017-04-07 09:00:00,268.17273299676054,solar,2017-04-06 23:00:00,day_ahead
2017-04-07 10:00:00,312.51509491515833,solar,2017-04-06 23:00:00,day_ahead
2017-04-07 11:00:00,334.815400072709,solar,2017-04-06 23:00:00,day_ahead
2017-04-07 12:00:00,340.8923215995252,solar,2017-04-06 23:00:00,day_ahead
2017-04-07 13:00:00,335.8616545606413,solar,2017-04-06 23:00:00,day_ahead
2017-04-07 14:00:00,314.7803100679262,solar,2017-04-06 23:00:00,day_ahead
2017-04-07 15:00:00,275.28721551269535,solar,2017-04-06 23:00:00,day_ahead
2017-04-07 16:00:00,208.43335651724757,solar,2017-04-06 23:00:00,day_ahead
2017-04-07 17:00:00,115.0814736401712,solar,2017-04-06 23:00:00,day_ahead
2017-04-07 18:00:00,23.87670584425373,solar,2017-04-06 23:00:00,day_ahead
2017-04-07 19:00:00,0.11257388676852231,solar,2017-04-06 23:00:00,day_ahead
2017-04-07 20:00:00,0.0,solar,2017-04-06 23:00:00,day_ahead
2017-04-07 21:00:00,0.0,solar,2017-04-06 23:00:00,day_ahead
2017-04-07 22:00:00,0.0,solar,2017-04-06 23:00:00,day_ahead
2017-04-07 23:00:00,0.0,solar,2017-04-06 23:00:00,day_ahead
2017-04-08 00:00:00,0.0,solar,2017-04-07 23:00:00,day_ahead
2017-04-08 01:00:00,0.0,solar,2017-04-07 23:00:00,day_ahead
2017-04-08 02:00:00,0.0,solar,2017-04-07 23:00:00,day_ahead
2017-04-08 03:00:00,0.0,solar,2017-04-07 23:00:00,day_ahead
2017-04-08 04:00:00,0.0,solar,2017-04-07 23:00:00,day_ahead
2017-04-08 05:00:00,0.05476944403254674,solar,2017-04-07 23:00:00,day_ahead
2017-04-08 06:00:00,17.808636898218072,solar,2017-04-07 23:00:00,day_ahead
2017-04-08 07:00:00,105.34860130182133,solar,2017-04-07 23:00:00,day_ahead
2017-04-08 08:00:00,193.4430643128138,solar,2017-04-07 23:00:00,day_ahead
2017-04-08 09:00:00,266.04778615729856,solar,2017-04-07 23:00:00,day_ahead
2017-04-08 10:00:00,309.93396656452995,solar,2017-04-07 23:00:00,day_ahead
2017-04-08 11:00:00,332.0194375927598,solar,2017-04-07 23:00:00,day_ahead
2017-04-08 12:00:00,338.0333404309026,solar,2017-04-07 23:00:00,day_ahead
2017-04-08 13:00:00,333.0375638360877,solar,2017-04-07 23:00:00,day_ahead
2017-04-08 14:00:00,312.1550094902202,solar,2017-04-07 23:00:00,day_ahead
2017-04-08 15:00:00,273.021174209147,solar,2017-04-07 23:00:00,day_ahead
2017-04-08 16:00:00,206.77709996263079,solar,2017-04-07 23:00:00,day_ahead
2017-04-08 17:00:00,114.17869199560289,solar,2017-04-07 23:00:00,day_ahead
2017-04-08 18:00:00,23.58603119137319,solar,2017-04-07 23:00:00,day_ahead
2017-04-08 19:00:00,0.10954717108223788,solar,2017-04-07 23:00:00,day_ahead
2017-04-08 20:00:00,0.0,solar,2017-04-07 23:00:00,day_ahead
2017-04-08 21:00:00,0.0,solar,2017-04-07 23:00:00,day_ahead
2017-04-08 22:00:00,0.0,solar,2017-04-07 23:00:00,day_ahead
2017-04-08 23:00:00,0.0,solar,2017-04-07 23:00:00,day_ahead
2017-04-09 00:00:00,0.0,solar,2017-04-08 23:00:00,day_ahead
2017-04-09 01:00:00,0.0,solar,2017-04-08 23:00:00,day_ahead
2017-04-09 02:00:00,0.0,solar,2017-04-08 23:00:00,day_ahead
2017-04-09 03:00:00,0.0,solar,2017-04-08 23:00:00,day_ahead
2017-04-09 04:00:00,0.0,solar,2017-04-08 23:00:00,day_ahead
2017-04-09 05:00:00,0.05392508111135786,solar,2017-04-08 23:00:00,day_ahead
2017-04-09 06:00:00,17.78117460472316,solar,2017-04-08 23:00:00,day_ahead
2017-04-09 07:00:00,105.70111312452634,solar,2017-04-08 23:00:00,day_ahead
2017-04-09 08:00:00,194.19994752985383,solar,2017-04-08 23:00:00,day_ahead
2017-04-09 09:00:00,266.9207696682205,solar,2017-04-08 23:00:00,day_ahead
2017-04-09 10:00:00,310.7398694326323,solar,2017-04-08 23:00:00,day_ahead
2017-04-09 11:00:00,332.9954822546721,solar,2017-04-08 23:00:00,day_ahead
2017-04-09 12:00:00,339.04844845492784,solar,2017-04-08 23:00:00,day_ahead
2017-04-09 13:00:00,334.04733103726153,solar,2017-04-08 23:00:00,day_ahead
2017-04-09 14:00:00,313.1243286816082,solar,2017-04-08 23:00:00,day_ahead
2017-04-09 15:00:00,273.88550526997193,solar,2017-04-08 23:00:00,day_ahead
2017-04-09 16:00:00,207.4766975518514,solar,2017-04-08 23:00:00,day_ahead
2017-04-09 17:00:00,114.5762787259842,solar,2017-04-08 23:00:00,day_ahead
2017-04-09 18:00:00,23.584809181058436,solar,2017-04-08 23:00:00,day_ahead
2017-04-09 19:00:00,0.10785856372302044,solar,2017-04-08 23:00:00,day_ahead
2017-04-09 20:00:00,0.0,solar,2017-04-08 23:00:00,day_ahead
2017-04-09 21:00:00,0.0,solar,2017-04-08 23:00:00,day_ahead
2017-04-09 22:00:00,0.0,solar,2017-04-08 23:00:00,day_ahead
2017-04-09 23:00:00,0.0,solar,2017-04-08 23:00:00,day_ahead
2017-04-10 00:00:00,0.0,solar,2017-04-09 23:00:00,day_ahead
2017-04-10 01:00:00,0.0,solar,2017-04-09 23:00:00,day_ahead
2017-04-10 02:00:00,0.0,solar,2017-04-09 23:00:00,day_ahead
2017-04-10 03:00:00,0.0,solar,2017-04-09 23:00:00,day_ahead
2017-04-10 04:00:00,0.0,solar,2017-04-09 23:00:00,day_ahead
2017-04-10 05:00:00,0.05306176909282577,solar,2017-04-09 23:00:00,day_ahead
2017-04-10 06:00:00,17.771769101584315,solar,2017-04-09 23:00:00,day_ahead
2017-04-10 07:00:00,105.88726575180966,solar,2017-04-09 23:00:00,day_ahead
2017-04-10 08:00:00,194.63717399321723,solar,2017-04-09 23:00:00,day_ahead
2017-04-10 09:00:00,267.45673459235974,solar,2017-04-09 23:00:00,day_ahead
2017-04-10 10:00:00,311.36772239919907,solar,2017-04-09 23:00:00,day_ahead
2017-04-10 11:00:00,333.6880275878303,solar,2017-04-09 23:00:00,day_ahead
2017-04-10 12:00:00,339.7412132227965,solar,2017-04-09 23:00:00,day_ahead
2017-04-10 13:00:00,334.5933374029422,solar,2017-04-09 23:00:00,day_ahead
2017-04-10 14:00:00,313.5194276055346,solar,2017-04-09 23:00:00,day_ahead
2017-04-10 15:00:00,274.00184957640846,solar,2017-04-09 23:00:00,day_ahead
2017-04-10 16:00:00,207.32832349447708,solar,2017-04-09 23:00:00,day_ahead
2017-04-10 17:00:00,114.2635904188332,solar,2017-04-09 23:00:00,day_ahead
2017-04-10 18:00:00,23.466165195082706,solar,2017-04-09 23:00:00,day_ahead
2017-04-10 19:00:00,0.10613022839706952,solar,2017-04-09 23:00:00,day_ahead
2017-04-10 20:00:00,0.0,solar,2017-04-09 23:00:00,day_ahead
2017-04-10 21:00:00,0.0,solar,2017-04-09 23:00:00,day_ahead
2017-04-10 22:00:00,0.0,solar,2017-04-09 23:00:00,day_ahead
2017-04-10 23:00:00,0.0,solar,2017-04-09 23:00:00,day_ahead
2017-04-11 00:00:00,0.0,solar,2017-04-10 23:00:00,day_ahead
2017-04-11 01:00:00,0.0,solar,2017-04-10 23:00:00,day_ahead
2017-04-11 02:00:00,0.0,solar,2017-04-10 23:00:00,day_ahead
2017-04-11 03:00:00,0.0,solar,2017-04-10 23:00:00,day_ahead
2017-04-11 04:00:00,0.0,solar,2017-04-10 23:00:00,day_ahead
2017-04-11 05:00:00,0.049533481020309834,solar,2017-04-10 23:00:00,day_ahead
2017-04-11 06:00:00,16.86249609261972,solar,2017-04-10 23:00:00,day_ahead
2017-04-11 07:00:00,100.31468575473332,solar,2017-04-10 23:00:00,day_ahead
2017-04-11 08:00:00,184.43476691299972,solar,2017-04-10 23:00:00,day_ahead
2017-04-11 09:00:00,253.51724154310534,solar,2017-04-10 23:00:00,day_ahead
2017-04-11 10:00:00,295.2349500941287,solar,2017-04-10 23:00:00,day_ahead
2017-04-11 11:00:00,316.510011716914,solar,2017-04-10 23:00:00,day_ahead
2017-04-11 12:00:00,322.11537038509766,solar,2017-04-10 23:00:00,day_ahead
2017-04-11 13:00:00,317.4156641384319,solar,2017-04-10 23:00:00,day_ahead
2017-04-11 14:00:00,297.60672108032537,solar,2017-04-10 23:00:00,day_ahead
2017-04-11 15:00:00,259.9752075266309,solar,2017-04-10 23:00:00,day_ahead
2017-04-11 16:00:00,196.61501758234144,solar,2017-04-10 23:00:00,day_ahead
2017-04-11 17:00:00,108.33081857274561,solar,2017-04-10 23:00:00,day_ahead
2017-04-11 18:00:00,22.178310587211488,solar,2017-04-10 23:00:00,day_ahead
2017-04-11 19:00:00,0.09907402232869586,solar,2017-04-10 23:00:00,day_ahead
2017-04-11 20:00:00,0.0,solar,2017-04-10 23:00:00,day_ahead
2017-04-11 21:00:00,0.0,solar,2017-04-10 23:00:00,day_ahead
2017-04-11 22:00:00,0.0,solar,2017-04-10 23:00:00,day_ahead
2017-04-11 23:00:00,0.0,solar,2017-04-10 23:00:00,day_ahead
2017-04-12 00:00:00,0.0,solar,2017-04-11 23:00:00,day_ahead
2017-04-12 01:00:00,0.0,solar,2017-04-11 23:00:00,day_ahead
2017-04-12 02:00:00,0.0,solar,2017-04-11 23:00:00,day_ahead
2017-04-12 03:00:00,0.0,solar,2017-04-11 23:00:00,day_ahead
2017-04-12 04:00:00,0.0,solar,2017-04-11 23:00:00,day_ahead
2017-04-12 05:00:00,0.05045179381923072,solar,2017-04-11 23:00:00,day_ahead
2017-04-12 06:00:00,17.437249953817545,solar,2017-04-11 23:00:00,day_ahead
2017-04-12 07:00:00,103.99386614426365,solar,2017-04-11 23:00:00,day_ahead
2017-04-12 08:00:00,191.19996812149495,solar,2017-04-11 23:00:00,day_ahead
2017-04-12 09:00:00,262.6888762358897,solar,2017-04-11 23:00:00,day_ahead
2017-04-12 10:00:00,305.70442332352405,solar,2017-04-11 23:00:00,day_ahead
2017-04-12 11:00:00,327.80563755503016,solar,2017-04-11 23:00:00,day_ahead
2017-04-12 12:00:00,333.68449795160626,solar,2017-04-11 23:00:00,day_ahead
2017-04-12 13:00:00,328.83598125379564,solar,2017-04-11 23:00:00,day_ahead
2017-04-12 14:00:00,308.35138374972394,solar,2017-04-11 23:00:00,day_ahead
2017-04-12 15:00:00,269.3591714366052,solar,2017-04-11 23:00:00,day_ahead
2017-04-12 16:00:00,203.76034504120415,solar,2017-04-11 23:00:00,day_ahead
2017-04-12 17:00:00,112.29745175387599,solar,2017-04-11 23:00:00,day_ahead
2017-04-12 18:00:00,22.94415569686485,solar,2017-04-11 23:00:00,day_ahead
2017-04-12 19:00:00,0.10091189900738806,solar,2017-04-11 23:00:00,day_ahead
2017-04-12 20:00:00,0.0,solar,2017-04-11 23:00:00,day_ahead
2017-04-12 21:00:00,0.0,solar,2017-04-11 23:00:00,day_ahead
2017-04-12 22:00:00,0.0,solar,2017-04-11 23:00:00,day_ahead
2017-04-12 23:00:00,0.0,solar,2017-04-11 23:00:00,day_ahead
2017-04-13 00:00:00,0.0,solar,2017-04-12 23:00:00,day_ahead
2017-04-13 01:00:00,0.0,solar,2017-04-12 23:00:00,day_ahead
2017-04-13 02:00:00,0.0,solar,2017-04-12 23:00:00,day_ahead
2017-04-13 03:00:00,0.0,solar,2017-04-12 23:00:00,day_ahead
2017-04-13 04:00:00,0.0,solar,2017-04-12 23:00:00,day_ahead
2017-04-13 05:00:00,0.04968417031405405,solar,2017-04-12 23:00:00,day_ahead
2017-04-13 06:00:00,17.445081250833827,solar,2017-04-12 23:00:00,day_ahead
2017-04-13 07:00:00,104.26287686796448,solar,2017-04-12 23:00:00,day_ahead
2017-04-13 08:00:00,191.6140523302838,solar,2017-04-12 23:00:00,day_ahead
2017-04-13 09:00:00,263.1078086136601,solar,2017-04-12 23:00:00,day_ahead
2017-04-13 10:00:00,306.1213697366655,solar,2017-04-12 23:00:00,day_ahead
2017-04-13 11:00:00,328.23532324639206,solar,2017-04-12 23:00:00,day_ahead
2017-04-13 12:00:00,334.100607607328,solar,2017-04-12 23:00:00,day_ahead
2017-04-13 13:00:00,329.23481434941857,solar,2017-04-12 23:00:00,day_ahead
2017-04-13 14:00:00,308.7584035665487,solar,2017-04-12 23:00:00,day_ahead
2017-04-13 15:00:00,269.7221347041079,solar,2017-04-12 23:00:00,day_ahead
2017-04-13 16:00:00,204.05918963262314,solar,2017-04-12 23:00:00,day_ahead
2017-04-13 17:00:00,112.47046780868176,solar,2017-04-12 23:00:00,day_ahead
2017-04-13 18:00:00,22.944069851968397,solar,2017-04-12 23:00:00,day_ahead
2017-04-13 19:00:00,0.09937647668536678,solar,2017-04-12 23:00:00,day_ahead
2017-04-13 20:00:00,0.0,solar,2017-04-12 23:00:00,day_ahead
2017-04-13 21:00:00,0.0,solar,2017-04-12 23:00:00,day_ahead
2017-04-13 22:00:00,0.0,solar,2017-04-12 23:00:00,day_ahead
2017-04-13 23:00:00,0.0,solar,2017-04-12 23:00:00,day_ahead
2017-04-14 00:00:00,0.0,solar,2017-04-13 23:00:00,day_ahead
2017-04-14 01:00:00,0.0,solar,2017-04-13 23:00:00,day_ahead
2017-04-14 02:00:00,0.0,solar,2017-04-13 23:00:00,day_ahead
2017-04-14 03:00:00,0.0,solar,2017-04-13 23:00:00,day_ahead
2017-04-14 04:00:00,0.0,solar,2017-04-13 23:00:00,day_ahead
2017-04-14 05:00:00,0.04912658604618587,solar,2017-04-13 23:00:00,day_ahead
2017-04-14 06:00:00,17.38411210030835,solar,2017-04-13 23:00:00,day_ahead
2017-04-14 07:00:00,104.24665726108094,solar,2017-04-13 23:00:00,day_ahead
2017-04-14 08:00:00,191.96665591027875,solar,2017-04-13 23:00:00,day_ahead
2017-04-14 09:00:00,264.02241112758816,solar,2017-04-13 23:00:00,day_ahead
2017-04-14 10:00:00,307.51287709665866,solar,2017-04-13 23:00:00,day_ahead
2017-04-14 11:00:00,329.8734510041339,solar,2017-04-13 23:00:00,day_ahead
2017-04-14 12:00:00,335.8228511374821,solar,2017-04-13 23:00:00,day_ahead
2017-04-14 13:00:00,330.81666658895705,solar,2017-04-13 23:00:00,day_ahead
2017-04-14 14:00:00,310.1802317889951,solar,2017-04-13 23:00:00,day_ahead
2017-04-14 15:00:00,270.8924177302348,solar,2017-04-13 23:00:00,day_ahead
2017-04-14 16:00:00,204.87202281878524,solar,2017-04-13 23:00:00,day_ahead
2017-04-14 17:00:00,112.78206346288205,solar,2017-04-13 23:00:00,day_ahead
2017-04-14 18:00:00,22.956319836449996,solar,2017-04-13 23:00:00,day_ahead
2017-04-14 19:00:00,0.09825982949195514,solar,2017-04-13 23:00:00,day_ahead
2017-04-14 20:00:00,0.0,solar,2017-04-13 23:00:00,day_ahead
2017-04-14 21:00:00,0.0,solar,2017-04-13 23:00:00,day_ahead
2017-04-14 22:00:00,0.0,solar,2017-04-13 23:00:00,day_ahead
2017-04-14 23:00:00,0.0,solar,2017-04-13 23:00:00,day_ahead
2017-04-15 00:00:00,0.0,solar,2017-04-14 23:00:00,day_ahead
2017-04-15 01:00:00,0.0,solar,2017-04-14 23:00:00,day_ahead
2017-04-15 02:00:00,0.0,solar,2017-04-14 23:00:00,day_ahead
2017-04-15 03:00:00,0.0,solar,2017-04-14 23:00:00,day_ahead
2017-04-15 04:00:00,0.0,solar,2017-04-14 23:00:00,day_ahead
2017-04-15 05:00:00,0.04835519953905253,solar,2017-04-14 23:00:00,day_ahead
2017-04-15 06:00:00,17.259048567333267,solar,2017-04-14 23:00:00,day_ahead
2017-04-15 07:00:00,103.58587927637122,solar,2017-04-14 23:00:00,day_ahead
2017-04-15 08:00:00,191.28842148314678,solar,2017-04-14 23:00:00,day_ahead
2017-04-15 09:00:00,263.4100258669388,solar,2017-04-14 23:00:00,day_ahead
2017-04-15 10:00:00,307.32588207919804,solar,2017-04-14 23:00:00,day_ahead
2017-04-15 11:00:00,329.91166272443303,solar,2017-04-14 23:00:00,day_ahead
2017-04-15 12:00:00,335.9006632923835,solar,2017-04-14 23:00:00,day_ahead
2017-04-15 13:00:00,331.0025679484543,solar,2017-04-14 23:00:00,day_ahead
2017-04-15 14:00:00,310.4240536180902,solar,2017-04-14 23:00:00,day_ahead
2017-04-15 15:00:00,271.1470807635519,solar,2017-04-14 23:00:00,day_ahead
2017-04-15 16:00:00,204.98092759590537,solar,2017-04-14 23:00:00,day_ahead
2017-04-15 17:00:00,112.94742934288699,solar,2017-04-14 23:00:00,day_ahead
2017-04-15 18:00:00,22.935858493396765,solar,2017-04-14 23:00:00,day_ahead
2017-04-15 19:00:00,0.0967182358536741,solar,2017-04-14 23:00:00,day_ahead
2017-04-15 20:00:00,0.0,solar,2017-04-14 23:00:00,day_ahead
2017-04-15 21:00:00,0.0,solar,2017-04-14 23:00:00,day_ahead
2017-04-15 22:00:00,0.0,solar,2017-04-14 23:00:00,day_ahead
2017-04-15 23:00:00,0.0,solar,2017-04-14 23:00:00,day_ahead
2017-04-16 00:00:00,0.0,solar,2017-04-15 23:00:00,day_ahead
2017-04-16 01:00:00,0.0,solar,2017-04-15 23:00:00,day_ahead
2017-04-16 02:00:00,0.0,solar,2017-04-15 23:00:00,day_ahead
2017-04-16 03:00:00,0.0,solar,2017-04-15 23:00:00,day_ahead
2017-04-16 04:00:00,0.0,solar,2017-04-15 23:00:00,day_ahead
2017-04-16 05:00:00,0.047772922446851246,solar,2017-04-15 23:00:00,day_ahead
2017-04-16 06:00:00,17.29904240266695,solar,2017-04-15 23:00:00,day_ahead
2017-04-16 07:00:00,103.66487962310988,solar,2017-04-15 23:00:00,day_ahead
2017-04-16 08:00:00,191.38981492849558,solar,2017-04-15 23:00:00,day_ahead
2017-04-16 09:00:00,264.18854426531357,solar,2017-04-15 23:00:00,day_ahead
2017-04-16 10:00:00,308.50874532059476,solar,2017-04-15 23:00:00,day_ahead
2017-04-16 11:00:00,331.2453439683039,solar,2017-04-15 23:00:00,day_ahead
2017-04-16 12:00:00,337.1913058301821,solar,2017-04-15 23:00:00,day_ahead
2017-04-16 13:00:00,332.1771591499659,solar,2017-04-15 23:00:00,day_ahead
2017-04-16 14:00:00,311.3944148984677,solar,2017-04-15 23:00:00,day_ahead
2017-04-16 15:00:00,271.84682849875503,solar,2017-04-15 23:00:00,day_ahead
2017-04-16 16:00:00,205.58833259960693,solar,2017-04-15 23:00:00,day_ahead
2017-04-16 17:00:00,113.1323563562,solar,2017-04-15 23:00:00,day_ahead
2017-04-16 18:00:00,22.921977502290233,solar,2017-04-15 23:00:00,day_ahead
2017-04-16 19:00:00,0.09555225881232209,solar,2017-04-15 23:00:00,day_ahead
2017-04-16 20:00:00,0.0,solar,2017-04-15 23:00:00,day_ahead
2017-04-16 21:00:00,0.0,solar,2017-04-15 23:00:00,day_ahead
2017-04-16 22:00:00,0.0,solar,2017-04-15 23:00:00,day_ahead
2017-04-16 23:00:00,0.0,solar,2017-04-15 23:00:00,day_ahead
2017-04-17 00:00:00,0.0,solar,2017-04-16 23:00:00,day_ahead
2017-04-17 01:00:00,0.0,solar,2017-04-16 23:00:00,day_ahead
2017-04-17 02:00:00,0.0,solar,2017-04-16 23:00:00,day_ahead
2017-04-17 03:00:00,0.0,solar,2017-04-16 23:00:00,day_ahead
2017-04-17 04:00:00,0.0,solar,2017-04-16 23:00:00,day_ahead
2017-04-17 05:00:00,0.04623696609914809,solar,2017-04-16 23:00:00,day_ahead
2017-04-17 06:00:00,16.94110395681021,solar,2017-04-16 23:00:00,day_ahead
2017-04-17 07:00:00,101.59220982255063,solar,2017-04-16 23:00:00,day_ahead
2017-04-17 08:00:00,187.95425160639365,solar,2017-04-16 23:00:00,day_ahead
2017-04-17 09:00:00,259.65768096798433,solar,2017-04-16 23:00:00,day_ahead
2017-04-17 10:00:00,303.31709842615726,solar,2017-04-16 23:00:00,day_ahead
2017-04-17 11:00:00,325.4082544096287,solar,2017-04-16 23:00:00,day_ahead
2017-04-17 12:00:00,331.31863596449506,solar,2017-04-16 23:00:00,day_ahead
2017-04-17 13:00:00,326.39494801280745,solar,2017-04-16 23:00:00,day_ahead
2017-04-17 14:00:00,306.1384792766224,solar,2017-04-16 23:00:00,day_ahead
2017-04-17 15:00:00,267.4091367961961,solar,2017-04-16 23:00:00,day_ahead
2017-04-17 16:00:00,202.19124826766372,solar,2017-04-16 23:00:00,day_ahead
2017-04-17 17:00:00,111.3771710860899,solar,2017-04-16 23:00:00,day_ahead
2017-04-17 18:00:00,22.595342576176378,solar,2017-04-16 23:00:00,day_ahead
2017-04-17 19:00:00,0.09248327711007519,solar,2017-04-16 23:00:00,day_ahead
2017-04-17 20:00:00,0.0,solar,2017-04-16 23:00:00,day_ahead
2017-04-17 21:00:00,0.0,solar,2017-04-16 23:00:00,day_ahead
2017-04-17 22:00:00,0.0,solar,2017-04-16 23:00:00,day_ahead
2017-04-17 23:00:00,0.0,solar,2017-04-16 23:00:00,day_ahead
2017-04-18 00:00:00,0.0,solar,2017-04-17 23:00:00,day_ahead
2017-04-18 01:00:00,0.0,solar,2017-04-17 23:00:00,day_ahead
2017-04-18 02:00:00,0.0,solar,2017-04-17 23:00:00,day_ahead
2017-04-18 03:00:00,0.0,solar,2017-04-17 23:00:00,day_ahead
2017-04-18 04:00:00,0.0,solar,2017-04-17 23:00:00,day_ahead
2017-04-18 05:00:00,0.04608096266309982,solar,2017-04-17 23:00:00,day_ahead
2017-04-18 06:00:00,17.193036218482177,solar,2017-04-17 23:00:00,day_ahead
2017-04-18 07:00:00,102.93490722871425,solar,2017-04-17 23:00:00,day_ahead
2017-04-18 08:00:00,190.29737247601844,solar,2017-04-17 23:00:00,day_ahead
2017-04-18 09:00:00,262.84004393510264,solar,2017-04-17 23:00:00,day_ahead
2017-04-18 10:00:00,306.9557617527214,solar,2017-04-17 23:00:00,day_ahead
2017-04-18 11:00:00,329.2811833896659,solar,2017-04-17 23:00:00,day_ahead
2017-04-18 12:00:00,335.25581933193155,solar,2017-04-17 23:00:00,day_ahead
2017-04-18 13:00:00,330.2222197577392,solar,2017-04-17 23:00:00,day_ahead
2017-04-18 14:00:00,309.71108434172925,solar,2017-04-17 23:00:00,day_ahead
2017-04-18 15:00:00,270.4804334641199,solar,2017-04-17 23:00:00,day_ahead
2017-04-18 16:00:00,204.24636263507145,solar,2017-04-17 23:00:00,day_ahead
2017-04-18 17:00:00,112.37670973790823,solar,2017-04-17 23:00:00,day_ahead
2017-04-18 18:00:00,22.77164161344081,solar,2017-04-17 23:00:00,day_ahead
2017-04-18 19:00:00,0.092168123993584,solar,2017-04-17 23:00:00,day_ahead
2017-04-18 20:00:00,0.0,solar,2017-04-17 23:00:00,day_ahead
2017-04-18 21:00:00,0.0,solar,2017-04-17 23:00:00,day_ahead
2017-04-18 22:00:00,0.0,solar,2017-04-17 23:00:00,day_ahead
2017-04-18 23:00:00,0.0,solar,2017-04-17 23:00:00,day_ahead
2017-04-19 00:00:00,0.0,solar,2017-04-18 23:00:00,day_ahead
2017-04-19 01:00:00,0.0,solar,2017-04-18 23:00:00,day_ahead
2017-04-19 02:00:00,0.0,solar,2017-04-18 23:00:00,day_ahead
2017-04-19 03:00:00,0.0,solar,2017-04-18 23:00:00,day_ahead
2017-04-19 04:00:00,0.0,solar,2017-04-18 23:00:00,day_ahead
2017-04-19 05:00:00,0.04273930807926161,solar,2017-04-18 23:00:00,day_ahead
2017-04-19 06:00:00,16.181491013553448,solar,2017-04-18 23:00:00,day_ahead
2017-04-19 07:00:00,96.60779454619825,solar,2017-04-18 23:00:00,day_ahead
2017-04-19 08:00:00,178.27615691242332,solar,2017-04-18 23:00:00,day_ahead
2017-04-19 09:00:00,246.21222711932123,solar,2017-04-18 23:00:00,day_ahead
2017-04-19 10:00:00,287.96504793938476,solar,2017-04-18 23:00:00,day_ahead
2017-04-19 11:00:00,309.3246050296058,solar,2017-04-18 23:00:00,day_ahead
2017-04-19 12:00:00,315.009695468946,solar,2017-04-18 23:00:00,day_ahead
2017-04-19 13:00:00,310.0147004694271,solar,2017-04-18 23:00:00,day_ahead
2017-04-19 14:00:00,290.520684056346,solar,2017-04-18 23:00:00,day_ahead
2017-04-19 15:00:00,253.82094396603932,solar,2017-04-18 23:00:00,day_ahead
2017-04-19 16:00:00,191.67084352344634,solar,2017-04-18 23:00:00,day_ahead
2017-04-19 17:00:00,105.41737388006705,solar,2017-04-18 23:00:00,day_ahead
2017-04-19 18:00:00,21.407896862042406,solar,2017-04-18 23:00:00,day_ahead
2017-04-19 19:00:00,0.0854859285418162,solar,2017-04-18 23:00:00,day_ahead
2017-04-19 20:00:00,0.0,solar,2017-04-18 23:00:00,day_ahead
2017-04-19 21:00:00,0.0,solar,2017-04-18 23:00:00,day_ahead
2017-04-19 22:00:00,0.0,solar,2017-04-18 23:00:00,day_ahead
2017-04-19 23:00:00,0.0,solar,2017-04-18 23:00:00,day_ahead
2017-04-20 00:00:00,0.0,solar,2017-04-19 23:00:00,day_ahead
2017-04-20 01:00:00,0.0,solar,2017-04-19 23:00:00,day_ahead
2017-04-20 02:00:00,0.0,solar,2017-04-19 23:00:00,day_ahead
2017-04-20 03:00:00,0.0,solar,2017-04-19 23:00:00,day_ahead
2017-04-20 04:00:00,0.0,solar,2017-04-19 23:00:00,day_ahead
2017-04-20 05:00:00,0.04380808241653345,solar,2017-04-19 23:00:00,day_ahead
2017-04-20 06:00:00,16.773351692322752,solar,2017-04-19 23:00:00,day_ahead
2017-04-20 07:00:00,100.16027265627972,solar,2017-04-19 23:00:00,day_ahead
2017-04-20 08:00:00,185.114652568262,solar,2017-04-19 23:00:00,day_ahead
2017-04-20 09:00:00,255.72583024046725,solar,2017-04-19 23:00:00,day_ahead
2017-04-20 10:00:00,299.00412297572103,solar,2017-04-19 23:00:00,day_ahead
2017-04-20 11:00:00,321.4596098511157,solar,2017-04-19 23:00:00,day_ahead
2017-04-20 12:00:00,327.46075731136574,solar,2017-04-19 23:00:00,day_ahead
2017-04-20 13:00:00,322.2739839041819,solar,2017-04-19 23:00:00,day_ahead
2017-04-20 14:00:00,301.7440412018403,solar,2017-04-19 23:00:00,day_ahead
2017-04-20 15:00:00,263.59162282773974,solar,2017-04-19 23:00:00,day_ahead
2017-04-20 16:00:00,198.99133855285032,solar,2017-04-19 23:00:00,day_ahead
2017-04-20 17:00:00,109.20343360826867,solar,2017-04-19 23:00:00,day_ahead
2017-04-20 18:00:00,22.224063551019633,solar,2017-04-19 23:00:00,day_ahead
2017-04-20 19:00:00,0.08762305765123816,solar,2017-04-19 23:00:00,day_ahead
2017-04-20 20:00:00,0.0,solar,2017-04-19 23:00:00,day_ahead
2017-04-20 21:00:00,0.0,solar,2017-04-19 23:00:00,day_ahead
2017-04-20 22:00:00,0.0,solar,2017-04-19 23:00:00,day_ahead
2017-04-20 23:00:00,0.0,solar,2017-04-19 23:00:00,day_ahead
2017-04-21 00:00:00,0.0,solar,2017-04-20 23:00:00,day_ahead
2017-04-21 01:00:00,0.0,solar,2017-04-20 23:00:00,day_ahead
2017-04-21 02:00:00,0.0,solar,2017-04-20 23:00:00,day_ahead
2017-04-21 03:00:00,0.0,solar,2017-04-20 23:00:00,day_ahead
2017-04-21 04:00:00,0.0,solar,2017-04-20 23:00:00,day_ahead
2017-04-21 05:00:00,0.04330181743751528,solar,2017-04-20 23:00:00,day_ahead
2017-04-21 06:00:00,16.84415043992828,solar,2017-04-20 23:00:00,day_ahead
2017-04-21 07:00:00,100.32613979003996,solar,2017-04-20 23:00:00,day_ahead
2017-04-21 08:00:00,185.489756886839,solar,2017-04-20 23:00:00,day_ahead
2017-04-21 09:00:00,256.2642086066164,solar,2017-04-20 23:00:00,day_ahead
2017-04-21 10:00:00,299.651107851853,solar,2017-04-20 23:00:00,day_ahead
2017-04-21 11:00:00,322.27050742816357,solar,2017-04-20 23:00:00,day_ahead
2017-04-21 12:00:00,328.0436565656876,solar,2017-04-20 23:00:00,day_ahead
2017-04-21 13:00:00,322.6655017047149,solar,2017-04-20 23:00:00,day_ahead
2017-04-21 14:00:00,302.2271627948844,solar,2017-04-20 23:00:00,day_ahead
2017-04-21 15:00:00,263.9995351979049,solar,2017-04-20 23:00:00,day_ahead
2017-04-21 16:00:00,198.98140833379134,solar,2017-04-20 23:00:00,day_ahead
2017-04-21 17:00:00,109.17232991309133,solar,2017-04-20 23:00:00,day_ahead
2017-04-21 18:00:00,22.284833457556072,solar,2017-04-20 23:00:00,day_ahead
2017-04-21 19:00:00,0.08661115245449985,solar,2017-04-20 23:00:00,day_ahead
2017-04-21 20:00:00,0.0,solar,2017-04-20 23:00:00,day_ahead
2017-04-21 21:00:00,0.0,solar,2017-04-20 23:00:00,day_ahead
2017-04-21 22:00:00,0.0,solar,2017-04-20 23:00:00,day_ahead
2017-04-21 23:00:00,0.0,solar,2017-04-20 23:00:00,day_ahead
2017-04-22 00:00:00,0.0,solar,2017-04-21 23:00:00,day_ahead
2017-04-22 01:00:00,0.0,solar,2017-04-21 23:00:00,day_ahead
2017-04-22 02:00:00,0.0,solar,2017-04-21 23:00:00,day_ahead
2017-04-22 03:00:00,0.0,solar,2017-04-21 23:00:00,day_ahead
2017-04-22 04:00:00,0.0,solar,2017-04-21 23:00:00,day_ahead
2017-04-22 05:00:00,0.04158108985944626,solar,2017-04-21 23:00:00,day_ahead
2017-04-22 06:00:00,16.441418246299285,solar,2017-04-21 23:00:00,day_ahead
2017-04-22 07:00:00,97.77398273622657,solar,2017-04-21 23:00:00,day_ahead
2017-04-22 08:00:00,180.55623490491746,solar,2017-04-21 23:00:00,day_ahead
2017-04-22 09:00:00,249.3941857496989,solar,2017-04-21 23:00:00,day_ahead
2017-04-22 10:00:00,291.5012479318633,solar,2017-04-21 23:00:00,day_ahead
2017-04-22 11:00:00,313.47567455513195,solar,2017-04-21 23:00:00,day_ahead
2017-04-22 12:00:00,318.8542764025336,solar,2017-04-21 23:00:00,day_ahead
2017-04-22 13:00:00,313.9057605322597,solar,2017-04-21 23:00:00,day_ahead
2017-04-22 14:00:00,294.06380245836306,solar,2017-04-21 23:00:00,day_ahead
2017-04-22 15:00:00,256.5680614280353,solar,2017-04-21 23:00:00,day_ahead
2017-04-22 16:00:00,193.1433599674454,solar,2017-04-21 23:00:00,day_ahead
2017-04-22 17:00:00,106.00187694889867,solar,2017-04-21 23:00:00,day_ahead
2017-04-22 18:00:00,21.67856368652503,solar,2017-04-21 23:00:00,day_ahead
2017-04-22 19:00:00,0.08316897797975709,solar,2017-04-21 23:00:00,day_ahead
2017-04-22 20:00:00,0.0,solar,2017-04-21 23:00:00,day_ahead
2017-04-22 21:00:00,0.0,solar,2017-04-21 23:00:00,day_ahead
2017-04-22 22:00:00,0.0,solar,2017-04-21 23:00:00,day_ahead
2017-04-22 23:00:00,0.0,solar,2017-04-21 23:00:00,day_ahead
2017-04-23 00:00:00,0.0,solar,2017-04-22 23:00:00,day_ahead
2017-04-23 01:00:00,0.0,solar,2017-04-22 23:00:00,day_ahead
2017-04-23 02:00:00,0.0,solar,2017-04-22 23:00:00,day_ahead
2017-04-23 03:00:00,0.0,solar,2017-04-22 23:00:00,day_ahead
2017-04-23 04:00:00,0.0,solar,2017-04-22 23:00:00,day_ahead
2017-04-23 05:00:00,0.04023838626176696,solar,2017-04-22 23:00:00,day_ahead
2017-04-23 06:00:00,16.08238346161063,solar,2017-04-22 23:00:00,day_ahead
2017-04-23 07:00:00,95.66025493911198,solar,2017-04-22 23:00:00,day_ahead
2017-04-23 08:00:00,176.91133839489436,solar,2017-04-22 23:00:00,day_ahead
2017-04-23 09:00:00,244.37359803669997,solar,2017-04-22 23:00:00,day_ahead
2017-04-23 10:00:00,285.6120478651008,solar,2017-04-22 23:00:00,day_ahead
2017-04-23 11:00:00,307.0978320858685,solar,2017-04-22 23:00:00,day_ahead
2017-04-23 12:00:00,312.24122792230963,solar,2017-04-22 23:00:00,day_ahead
2017-04-23 13:00:00,307.2682095584738,solar,2017-04-22 23:00:00,day_ahead
2017-04-23 14:00:00,287.8459866688662,solar,2017-04-22 23:00:00,day_ahead
2017-04-23 15:00:00,250.77492927244666,solar,2017-04-22 23:00:00,day_ahead
2017-04-23 16:00:00,188.5387603406653,solar,2017-04-22 23:00:00,day_ahead
2017-04-23 17:00:00,103.56086280928047,solar,2017-04-22 23:00:00,day_ahead
2017-04-23 18:00:00,21.19949342545962,solar,2017-04-22 23:00:00,day_ahead
2017-04-23 19:00:00,0.08048240965359886,solar,2017-04-22 23:00:00,day_ahead
2017-04-23 20:00:00,0.0,solar,2017-04-22 23:00:00,day_ahead
2017-04-23 21:00:00,0.0,solar,2017-04-22 23:00:00,day_ahead
2017-04-23 22:00:00,0.0,solar,2017-04-22 23:00:00,day_ahead
2017-04-23 23:00:00,0.0,solar,2017-04-22 23:00:00,day_ahead
2017-04-24 00:00:00,0.0,solar,2017-04-23 23:00:00,day_ahead
2017-04-24 01:00:00,0.0,solar,2017-04-23 23:00:00,day_ahead
2017-04-24 02:00:00,0.0,solar,2017-04-23 23:00:00,day_ahead
2017-04-24 03:00:00,0.0,solar,2017-04-23 23:00:00,day_ahead
2017-04-24 04:00:00,0.0,solar,2017-04-23 23:00:00,day_ahead
2017-04-24 05:00:00,0.04032205185532665,solar,2017-04-23 23:00:00,day_ahead
2017-04-24 06:00:00,16.374813703402317,solar,2017-04-23 23:00:00,day_ahead
2017-04-24 07:00:00,97.27773013579629,solar,2017-04-23 23:00:00,day_ahead
2017-04-24 08:00:00,179.80815776680265,solar,2017-04-23 23:00:00,day_ahead
2017-04-24 09:00:00,248.24983327300492,solar,2017-04-23 23:00:00,day_ahead
2017-04-24 10:00:00,290.1046505336257,solar,2017-04-23 23:00:00,day_ahead
2017-04-24 11:00:00,311.51252130671503,solar,2017-04-23 23:00:00,day_ahead
2017-04-24 12:00:00,316.4943469061817,solar,2017-04-23 23:00:00,day_ahead
2017-04-24 13:00:00,311.26457228533485,solar,2017-04-23 23:00:00,day_ahead
2017-04-24 14:00:00,291.64139284967183,solar,2017-04-23 23:00:00,day_ahead
2017-04-24 15:00:00,254.2337119625937,solar,2017-04-23 23:00:00,day_ahead
2017-04-24 16:00:00,191.1892348181527,solar,2017-04-23 23:00:00,day_ahead
2017-04-24 17:00:00,105.12117508035497,solar,2017-04-23 23:00:00,day_ahead
2017-04-24 18:00:00,21.56430630684278,solar,2017-04-23 23:00:00,day_ahead
2017-04-24 19:00:00,0.08065166957325523,solar,2017-04-23 23:00:00,day_ahead
2017-04-24 20:00:00,0.0,solar,2017-04-23 23:00:00,day_ahead
2017-04-24 21:00:00,0.0,solar,2017-04-23 23:00:00,day_ahead
2017-04-24 22:00:00,0.0,solar,2017-04-23 23:00:00,day_ahead
2017-04-24 23:00:00,0.0,solar,2017-04-23 23:00:00,day_ahead
2017-04-25 00:00:00,0.0,solar,2017-04-24 23:00:00,day_ahead
2017-04-25 01:00:00,0.0,solar,2017-04-24 23:00:00,day_ahead
2017-04-25 02:00:00,0.0,solar,2017-04-24 23:00:00,day_ahead
2017-04-25 03:00:00,0.0,solar,2017-04-24 23:00:00,day_ahead
2017-04-25 04:00:00,0.0,solar,2017-04-24 23:00:00,day_ahead
2017-04-25 05:00:00,0.039339310575032635,solar,2017-04-24 23:00:00,day_ahead
2017-04-25 06:00:00,16.240025052591164,solar,2017-04-24 23:00:00,day_ahead
2017-04-25 07:00:00,96.04809238907855,solar,2017-04-24 23:00:00,day_ahead
2017-04-25 08:00:00,177.3719045350222,solar,2017-04-24 23:00:00,day_ahead
2017-04-25 09:00:00,244.84223153690553,solar,2017-04-24 23:00:00,day_ahead
2017-04-25 10:00:00,286.3136661857537,solar,2017-04-24 23:00:00,day_ahead
2017-04-25 11:00:00,307.5121250654097,solar,2017-04-24 23:00:00,day_ahead
2017-04-25 12:00:00,312.4566258575262,solar,2017-04-24 23:00:00,day_ahead
2017-04-25 13:00:00,307.2341695536195,solar,2017-04-24 23:00:00,day_ahead
2017-04-25 14:00:00,287.57263540001486,solar,2017-04-24 23:00:00,day_ahead
2017-04-25 15:00:00,250.65621369371289,solar,2017-04-24 23:00:00,day_ahead
2017-04-25 16:00:00,188.57168325991478,solar,2017-04-24 23:00:00,day_ahead
2017-04-25 17:00:00,103.64026983153386,solar,2017-04-24 23:00:00,day_ahead
2017-04-25 18:00:00,21.33906875142518,solar,2017-04-24 23:00:00,day_ahead
2017-04-25 19:00:00,0.07868582545031853,solar,2017-04-24 23:00:00,day_ahead
2017-04-25 20:00:00,0.0,solar,2017-04-24 23:00:00,day_ahead
2017-04-25 21:00:00,0.0,solar,2017-04-24 23:00:00,day_ahead
2017-04-25 22:00:00,0.0,solar,2017-04-24 23:00:00,day_ahead
2017-04-25 23:00:00,0.0,solar,2017-04-24 23:00:00,day_ahead
2017-04-26 00:00:00,0.0,solar,2017-04-25 23:00:00,day_ahead
2017-04-26 01:00:00,0.0,solar,2017-04-25 23:00:00,day_ahead
2017-04-26 02:00:00,0.0,solar,2017-04-25 23:00:00,day_ahead
2017-04-26 03:00:00,0.0,solar,2017-04-25 23:00:00,day_ahead
2017-04-26 04:00:00,0.0,solar,2017-04-25 23:00:00,day_ahead
2017-04-26 05:00:00,0.038148368873289436,solar,2017-04-25 23:00:00,day_ahead
2017-04-26 06:00:00,15.899915850934368,solar,2017-04-25 23:00:00,day_ahead
2017-04-26 07:00:00,93.74664693067825,solar,2017-04-25 23:00:00,day_ahead
2017-04-26 08:00:00,173.20307091522486,solar,2017-04-25 23:00:00,day_ahead
2017-04-26 09:00:00,239.1670931860872,solar,2017-04-25 23:00:00,day_ahead
2017-04-26 10:00:00,280.10562605279677,solar,2017-04-25 23:00:00,day_ahead
2017-04-26 11:00:00,301.1051916287156,solar,2017-04-25 23:00:00,day_ahead
2017-04-26 12:00:00,306.3311424893912,solar,2017-04-25 23:00:00,day_ahead
2017-04-26 13:00:00,301.3366796958221,solar,2017-04-25 23:00:00,day_ahead
2017-04-26 14:00:00,281.8275258454374,solar,2017-04-25 23:00:00,day_ahead
2017-04-26 15:00:00,245.44595739484393,solar,2017-04-25 23:00:00,day_ahead
2017-04-26 16:00:00,184.4134164175054,solar,2017-04-25 23:00:00,day_ahead
2017-04-26 17:00:00,101.51684383196412,solar,2017-04-25 23:00:00,day_ahead
2017-04-26 18:00:00,20.996092782129708,solar,2017-04-25 23:00:00,day_ahead
2017-04-26 19:00:00,0.07630404340978458,solar,2017-04-25 23:00:00,day_ahead
2017-04-26 20:00:00,0.0,solar,2017-04-25 23:00:00,day_ahead
2017-04-26 21:00:00,0.0,solar,2017-04-25 23:00:00,day_ahead
2017-04-26 22:00:00,0.0,solar,2017-04-25 23:00:00,day_ahead
2017-04-26 23:00:00,0.0,solar,2017-04-25 23:00:00,day_ahead
2017-04-27 00:00:00,0.0,solar,2017-04-26 23:00:00,day_ahead
2017-04-27 01:00:00,0.0,solar,2017-04-26 23:00:00,day_ahead
2017-04-27 02:00:00,0.0,solar,2017-04-26 23:00:00,day_ahead
2017-04-27 03:00:00,0.0,solar,2017-04-26 23:00:00,day_ahead
2017-04-27 04:00:00,0.0,solar,2017-04-26 23:00:00,day_ahead
2017-04-27 05:00:00,0.03464166377284643,solar,2017-04-26 23:00:00,day_ahead
2017-04-27 06:00:00,14.713042084909699,solar,2017-04-26 23:00:00,day_ahead
2017-04-27 07:00:00,86.02606392121336,solar,2017-04-26 23:00:00,day_ahead
2017-04-27 08:00:00,158.55737614236287,solar,2017-04-26 23:00:00,day_ahead
2017-04-27 09:00:00,218.9532695655116,solar,2017-04-26 23:00:00,day_ahead
2017-04-27 10:00:00,256.4237216360913,solar,2017-04-26 23:00:00,day_ahead
2017-04-27 11:00:00,275.8097521747475,solar,2017-04-26 23:00:00,day_ahead
2017-04-27 12:00:00,280.61863239504123,solar,2017-04-26 23:00:00,day_ahead
2017-04-27 13:00:00,276.04107022940497,solar,2017-04-26 23:00:00,day_ahead
2017-04-27 14:00:00,257.8919785230059,solar,2017-04-26 23:00:00,day_ahead
2017-04-27 15:00:00,224.3584167541647,solar,2017-04-26 23:00:00,day_ahead
2017-04-27 16:00:00,168.67331279985453,solar,2017-04-26 23:00:00,day_ahead
2017-04-27 17:00:00,92.87007444538288,solar,2017-04-26 23:00:00,day_ahead
2017-04-27 18:00:00,19.234784001712033,solar,2017-04-26 23:00:00,day_ahead
2017-04-27 19:00:00,0.06928797539796663,solar,2017-04-26 23:00:00,day_ahead
2017-04-27 20:00:00,0.0,solar,2017-04-26 23:00:00,day_ahead
2017-04-27 21:00:00,0.0,solar,2017-04-26 23:00:00,day_ahead
2017-04-27 22:00:00,0.0,solar,2017-04-26 23:00:00,day_ahead
2017-04-27 23:00:00,0.0,solar,2017-04-26 23:00:00,day_ahead
2017-04-28 00:00:00,0.0,solar,2017-04-27 23:00:00,day_ahead
2017-04-28 01:00:00,0.0,solar,2017-04-27 23:00:00,day_ahead
2017-04-28 02:00:00,0.0,solar,2017-04-27 23:00:00,day_ahead
2017-04-28 03:00:00,0.0,solar,2017-04-27 23:00:00,day_ahead
2017-04-28 04:00:00,0.0,solar,2017-04-27 23:00:00,day_ahead
2017-04-28 05:00:00,0.037997409991694965,solar,2017-04-27 23:00:00,day_ahead
2017-04-28 06:00:00,16.40250906121254,solar,2017-04-27 23:00:00,day_ahead
2017-04-28 07:00:00,95.74561685249066,solar,2017-04-27 23:00:00,day_ahead
2017-04-28 08:00:00,176.24840307223457,solar,2017-04-27 23:00:00,day_ahead
2017-04-28 09:00:00,243.03445983062505,solar,2017-04-27 23:00:00,day_ahead
2017-04-28 10:00:00,284.48877253691984,solar,2017-04-27 23:00:00,day_ahead
2017-04-28 11:00:00,305.80088082819026,solar,2017-04-27 23:00:00,day_ahead
2017-04-28 12:00:00,310.93053430744914,solar,2017-04-27 23:00:00,day_ahead
2017-04-28 13:00:00,305.73972766619835,solar,2017-04-27 23:00:00,day_ahead
2017-04-28 14:00:00,285.4684255573998,solar,2017-04-27 23:00:00,day_ahead
2017-04-28 15:00:00,248.15313320532428,solar,2017-04-27 23:00:00,day_ahead
2017-04-28 16:00:00,186.3202625372777,solar,2017-04-27 23:00:00,day_ahead
2017-04-28 17:00:00,102.51119083561665,solar,2017-04-27 23:00:00,day_ahead
2017-04-28 18:00:00,21.286620263984155,solar,2017-04-27 23:00:00,day_ahead
2017-04-28 19:00:00,0.08752506545638915,solar,2017-04-27 23:00:00,day_ahead
2017-04-28 20:00:00,0.0,solar,2017-04-27 23:00:00,day_ahead
2017-04-28 21:00:00,0.0,solar,2017-04-27 23:00:00,day_ahead
2017-04-28 22:00:00,0.0,solar,2017-04-27 23:00:00,day_ahead
2017-04-28 23:00:00,0.0,solar,2017-04-27 23:00:00,day_ahead
2017-04-29 00:00:00,0.0,solar,2017-04-28 23:00:00,day_ahead
2017-04-29 01:00:00,0.0,solar,2017-04-28 23:00:00,day_ahead
2017-04-29 02:00:00,0.0,solar,2017-04-28 23:00:00,day_ahead
2017-04-29 03:00:00,0.0,solar,2017-04-28 23:00:00,day_ahead
2017-04-29 04:00:00,0.0,solar,2017-04-28 23:00:00,day_ahead
2017-04-29 05:00:00,0.034878513210314585,solar,2017-04-28 23:00:00,day_ahead
2017-04-29 06:00:00,15.25053587573027,solar,2017-04-28 23:00:00,day_ahead
2017-04-29 07:00:00,88.89476056380472,solar,2017-04-28 23:00:00,day_ahead
2017-04-29 08:00:00,163.8721606471064,solar,2017-04-28 23:00:00,day_ahead
2017-04-29 09:00:00,225.84275516521768,solar,2017-04-28 23:00:00,day_ahead
2017-04-29 10:00:00,264.05981446252207,solar,2017-04-28 23:00:00,day_ahead
2017-04-29 11:00:00,283.5999035918084,solar,2017-04-28 23:00:00,day_ahead
2017-04-29 12:00:00,288.26062387755775,solar,2017-04-28 23:00:00,day_ahead
2017-04-29 13:00:00,283.2362670779156,solar,2017-04-28 23:00:00,day_ahead
2017-04-29 14:00:00,264.17460405437566,solar,2017-04-28 23:00:00,day_ahead
2017-04-29 15:00:00,229.56986396521,solar,2017-04-28 23:00:00,day_ahead
2017-04-29 16:00:00,172.2784032521186,solar,2017-04-28 23:00:00,day_ahead
2017-04-29 17:00:00,94.8908427783131,solar,2017-04-28 23:00:00,day_ahead
2017-04-29 18:00:00,19.749989589549067,solar,2017-04-28 23:00:00,day_ahead
2017-04-29 19:00:00,0.08041509745697396,solar,2017-04-28 23:00:00,day_ahead
2017-04-29 20:00:00,0.0,solar,2017-04-28 23:00:00,day_ahead
2017-04-29 21:00:00,0.0,solar,2017-04-28 23:00:00,day_ahead
2017-04-29 22:00:00,0.0,solar,2017-04-28 23:00:00,day_ahead
2017-04-29 23:00:00,0.0,solar,2017-04-28 23:00:00,day_ahead
2017-04-30 00:00:00,0.0,solar,2017-04-29 23:00:00,day_ahead
2017-04-30 01:00:00,0.0,solar,2017-04-29 23:00:00,day_ahead
2017-04-30 02:00:00,0.0,solar,2017-04-29 23:00:00,day_ahead
2017-04-30 03:00:00,0.0,solar,2017-04-29 23:00:00,day_ahead
2017-04-30 04:00:00,0.0,solar,2017-04-29 23:00:00,day_ahead
2017-04-30 05:00:00,0.036856717347155794,solar,2017-04-29 23:00:00,day_ahead
2017-04-30 06:00:00,16.315801387133952,solar,2017-04-29 23:00:00,day_ahead
2017-04-30 07:00:00,94.77702099232319,solar,2017-04-29 23:00:00,day_ahead
2017-04-30 08:00:00,174.88059090715012,solar,2017-04-29 23:00:00,day_ahead
2017-04-30 09:00:00,240.96998643463127,solar,2017-04-29 23:00:00,day_ahead
2017-04-30 10:00:00,281.8682003568171,solar,2017-04-29 23:00:00,day_ahead
2017-04-30 11:00:00,302.68796030794556,solar,2017-04-29 23:00:00,day_ahead
2017-04-30 12:00:00,307.70894169492226,solar,2017-04-29 23:00:00,day_ahead
2017-04-30 13:00:00,302.3925598101891,solar,2017-04-29 23:00:00,day_ahead
2017-04-30 14:00:00,282.121413843909,solar,2017-04-29 23:00:00,day_ahead
2017-04-30 15:00:00,245.2382597131261,solar,2017-04-29 23:00:00,day_ahead
2017-04-30 16:00:00,184.2348055720178,solar,2017-04-29 23:00:00,day_ahead
2017-04-30 17:00:00,101.68873095917564,solar,2017-04-29 23:00:00,day_ahead
2017-04-30 18:00:00,21.244830280202798,solar,2017-04-29 23:00:00,day_ahead
2017-04-30 19:00:00,0.09614894982308268,solar,2017-04-29 23:00:00,day_ahead
2017-04-30 20:00:00,0.0,solar,2017-04-29 23:00:00,day_ahead
2017-04-30 21:00:00,0.0,solar,2017-04-29 23:00:00,day_ahead
2017-04-30 22:00:00,0.0,solar,2017-04-29 23:00:00,day_ahead
2017-04-30 23:00:00,0.0,solar,2017-04-29 23:00:00,day_ahead
2017-05-01 00:00:00,0.0,solar,2017-04-30 23:00:00,day_ahead
2017-05-01 01:00:00,0.0,solar,2017-04-30 23:00:00,day_ahead
2017-05-01 02:00:00,0.0,solar,2017-04-30 23:00:00,day_ahead
2017-05-01 03:00:00,0.0,solar,2017-04-30 23:00:00,day_ahead
2017-05-01 04:00:00,0.0,solar,2017-04-30 23:00:00,day_ahead
2017-05-01 05:00:00,2.9550100923544025,solar,2017-04-30 23:00:00,day_ahead
2017-05-01 06:00:00,40.36891628397215,solar,2017-04-30 23:00:00,day_ahead
2017-05-01 07:00:00,116.1959340373708,solar,2017-04-30 23:00:00,day_ahead
2017-05-01 08:00:00,178.09512612094747,solar,2017-04-30 23:00:00,day_ahead
2017-05-01 09:00:00,229.1543230649016,solar,2017-04-30 23:00:00,day_ahead
2017-05-01 10:00:00,264.86554270483236,solar,2017-04-30 23:00:00,day_ahead
2017-05-01 11:00:00,283.78023926338756,solar,2017-04-30 23:00:00,day_ahead
2017-05-01 12:00:00,287.3808857766437,solar,2017-04-30 23:00:00,day_ahead
2017-05-01 13:00:00,284.71414409482065,solar,2017-04-30 23:00:00,day_ahead
2017-05-01 14:00:00,264.88142436185274,solar,2017-04-30 23:00:00,day_ahead
2017-05-01 15:00:00,232.51584518112517,solar,2017-04-30 23:00:00,day_ahead
2017-05-01 16:00:00,183.11653311786483,solar,2017-04-30 23:00:00,day_ahead
2017-05-01 17:00:00,114.97595848044105,solar,2017-04-30 23:00:00,day_ahead
2017-05-01 18:00:00,40.9706633402928,solar,2017-04-30 23:00:00,day_ahead
2017-05-01 19:00:00,3.1156431641862876,solar,2017-04-30 23:00:00,day_ahead
2017-05-01 20:00:00,0.0,solar,2017-04-30 23:00:00,day_ahead
2017-05-01 21:00:00,0.0,solar,2017-04-30 23:00:00,day_ahead
2017-05-01 22:00:00,0.0,solar,2017-04-30 23:00:00,day_ahead
2017-05-01 23:00:00,0.0,solar,2017-04-30 23:00:00,day_ahead
2017-05-02 00:00:00,0.0,solar,2017-05-01 23:00:00,day_ahead
2017-05-02 01:00:00,0.0,solar,2017-05-01 23:00:00,day_ahead
2017-05-02 02:00:00,0.0,solar,2017-05-01 23:00:00,day_ahead
2017-05-02 03:00:00,0.0,solar,2017-05-01 23:00:00,day_ahead
2017-05-02 04:00:00,0.0,solar,2017-05-01 23:00:00,day_ahead
2017-05-02 05:00:00,3.6339102767597793,solar,2017-05-01 23:00:00,day_ahead
2017-05-02 06:00:00,50.24715322355463,solar,2017-05-01 23:00:00,day_ahead
2017-05-02 07:00:00,145.20500368245254,solar,2017-05-01 23:00:00,day_ahead
2017-05-02 08:00:00,222.5419406870314,solar,2017-05-01 23:00:00,day_ahead
2017-05-02 09:00:00,286.19259974881686,solar,2017-05-01 23:00:00,day_ahead
2017-05-02 10:00:00,330.63902788735487,solar,2017-05-01 23:00:00,day_ahead
2017-05-02 11:00:00,354.17702496774575,solar,2017-05-01 23:00:00,day_ahead
2017-05-02 12:00:00,358.7078123053931,solar,2017-05-01 23:00:00,day_ahead
2017-05-02 13:00:00,355.3230546902757,solar,2017-05-01 23:00:00,day_ahead
2017-05-02 14:00:00,330.68132639453177,solar,2017-05-01 23:00:00,day_ahead
2017-05-02 15:00:00,290.34962541948414,solar,2017-05-01 23:00:00,day_ahead
2017-05-02 16:00:00,228.69662115738282,solar,2017-05-01 23:00:00,day_ahead
2017-05-02 17:00:00,143.5100300337239,solar,2017-05-01 23:00:00,day_ahead
2017-05-02 18:00:00,50.935211521301355,solar,2017-05-01 23:00:00,day_ahead
2017-05-02 19:00:00,3.831145626313981,solar,2017-05-01 23:00:00,day_ahead
2017-05-02 20:00:00,0.0,solar,2017-05-01 23:00:00,day_ahead
2017-05-02 21:00:00,0.0,solar,2017-05-01 23:00:00,day_ahead
2017-05-02 22:00:00,0.0,solar,2017-05-01 23:00:00,day_ahead
2017-05-02 23:00:00,0.0,solar,2017-05-01 23:00:00,day_ahead
2017-05-03 00:00:00,0.0,solar,2017-05-02 23:00:00,day_ahead
2017-05-03 01:00:00,0.0,solar,2017-05-02 23:00:00,day_ahead
2017-05-03 02:00:00,0.0,solar,2017-05-02 23:00:00,day_ahead
2017-05-03 03:00:00,0.0,solar,2017-05-02 23:00:00,day_ahead
2017-05-03 04:00:00,0.0,solar,2017-05-02 23:00:00,day_ahead
2017-05-03 05:00:00,3.5622641904909202,solar,2017-05-02 23:00:00,day_ahead
2017-05-03 06:00:00,49.82093994380739,solar,2017-05-02 23:00:00,day_ahead
2017-05-03 07:00:00,144.48681911986097,solar,2017-05-02 23:00:00,day_ahead
2017-05-03 08:00:00,221.46825837668786,solar,2017-05-02 23:00:00,day_ahead
2017-05-03 09:00:00,284.6719594516825,solar,2017-05-02 23:00:00,day_ahead
2017-05-03 10:00:00,328.64653232919466,solar,2017-05-02 23:00:00,day_ahead
2017-05-03 11:00:00,351.98458386767595,solar,2017-05-02 23:00:00,day_ahead
2017-05-03 12:00:00,356.48990525346807,solar,2017-05-02 23:00:00,day_ahead
2017-05-03 13:00:00,353.10265220621903,solar,2017-05-02 23:00:00,day_ahead
2017-05-03 14:00:00,328.72182898127716,solar,2017-05-02 23:00:00,day_ahead
2017-05-03 15:00:00,288.5744253890465,solar,2017-05-02 23:00:00,day_ahead
2017-05-03 16:00:00,227.28561114649227,solar,2017-05-02 23:00:00,day_ahead
2017-05-03 17:00:00,142.61200179170743,solar,2017-05-02 23:00:00,day_ahead
2017-05-03 18:00:00,50.44116237660282,solar,2017-05-02 23:00:00,day_ahead
2017-05-03 19:00:00,3.7546878958264513,solar,2017-05-02 23:00:00,day_ahead
2017-05-03 20:00:00,0.0,solar,2017-05-02 23:00:00,day_ahead
2017-05-03 21:00:00,0.0,solar,2017-05-02 23:00:00,day_ahead
2017-05-03 22:00:00,0.0,solar,2017-05-02 23:00:00,day_ahead
2017-05-03 23:00:00,0.0,solar,2017-05-02 23:00:00,day_ahead
2017-05-04 00:00:00,0.0,solar,2017-05-03 23:00:00,day_ahead
2017-05-04 01:00:00,0.0,solar,2017-05-03 23:00:00,day_ahead
2017-05-04 02:00:00,0.0,solar,2017-05-03 23:00:00,day_ahead
2017-05-04 03:00:00,0.0,solar,2017-05-03 23:00:00,day_ahead
2017-05-04 04:00:00,0.0,solar,2017-05-03 23:00:00,day_ahead
2017-05-04 05:00:00,3.493722442023021,solar,2017-05-03 23:00:00,day_ahead
2017-05-04 06:00:00,49.42718654890132,solar,2017-05-03 23:00:00,day_ahead
2017-05-04 07:00:00,143.74001146788999,solar,2017-05-03 23:00:00,day_ahead
2017-05-04 08:00:00,220.30946500950313,solar,2017-05-03 23:00:00,day_ahead
2017-05-04 09:00:00,282.96549849539605,solar,2017-05-03 23:00:00,day_ahead
2017-05-04 10:00:00,326.5365160706233,solar,2017-05-03 23:00:00,day_ahead
2017-05-04 11:00:00,349.6820029643076,solar,2017-05-03 23:00:00,day_ahead
2017-05-04 12:00:00,354.24568216760923,solar,2017-05-03 23:00:00,day_ahead
2017-05-04 13:00:00,350.80651013652783,solar,2017-05-03 23:00:00,day_ahead
2017-05-04 14:00:00,326.56009414312734,solar,2017-05-03 23:00:00,day_ahead
2017-05-04 15:00:00,286.57524110828314,solar,2017-05-03 23:00:00,day_ahead
2017-05-04 16:00:00,225.48935102504245,solar,2017-05-03 23:00:00,day_ahead
2017-05-04 17:00:00,140.99641026126076,solar,2017-05-03 23:00:00,day_ahead
2017-05-04 18:00:00,49.733559546896636,solar,2017-05-03 23:00:00,day_ahead
2017-05-04 19:00:00,3.6815360649897877,solar,2017-05-03 23:00:00,day_ahead
2017-05-04 20:00:00,0.0,solar,2017-05-03 23:00:00,day_ahead
2017-05-04 21:00:00,0.0,solar,2017-05-03 23:00:00,day_ahead
2017-05-04 22:00:00,0.0,solar,2017-05-03 23:00:00,day_ahead
2017-05-04 23:00:00,0.0,solar,2017-05-03 23:00:00,day_ahead
2017-05-05 00:00:00,0.0,solar,2017-05-04 23:00:00,day_ahead
2017-05-05 01:00:00,0.0,solar,2017-05-04 23:00:00,day_ahead
2017-05-05 02:00:00,0.0,solar,2017-05-04 23:00:00,day_ahead
2017-05-05 03:00:00,0.0,solar,2017-05-04 23:00:00,day_ahead
2017-05-05 04:00:00,0.0,solar,2017-05-04 23:00:00,day_ahead
2017-05-05 05:00:00,3.0989494855403916,solar,2017-05-04 23:00:00,day_ahead
2017-05-05 06:00:00,43.94267112084818,solar,2017-05-04 23:00:00,day_ahead
2017-05-05 07:00:00,127.81871694137395,solar,2017-05-04 23:00:00,day_ahead
2017-05-05 08:00:00,196.3240309006911,solar,2017-05-04 23:00:00,day_ahead
2017-05-05 09:00:00,252.69307758593138,solar,2017-05-04 23:00:00,day_ahead
2017-05-05 10:00:00,291.8324684655432,solar,2017-05-04 23:00:00,day_ahead
2017-05-05 11:00:00,312.6174336717507,solar,2017-05-04 23:00:00,day_ahead
2017-05-05 12:00:00,316.9688744782485,solar,2017-05-04 23:00:00,day_ahead
2017-05-05 13:00:00,313.85943863236116,solar,2017-05-04 23:00:00,day_ahead
2017-05-05 14:00:00,291.9559562486741,solar,2017-05-04 23:00:00,day_ahead
2017-05-05 15:00:00,256.08511795226923,solar,2017-05-04 23:00:00,day_ahead
2017-05-05 16:00:00,201.01424853597288,solar,2017-05-04 23:00:00,day_ahead
2017-05-05 17:00:00,125.47002037055044,solar,2017-05-04 23:00:00,day_ahead
2017-05-05 18:00:00,44.18384741657217,solar,2017-05-04 23:00:00,day_ahead
2017-05-05 19:00:00,3.2647576205203213,solar,2017-05-04 23:00:00,day_ahead
2017-05-05 20:00:00,0.0,solar,2017-05-04 23:00:00,day_ahead
2017-05-05 21:00:00,0.0,solar,2017-05-04 23:00:00,day_ahead
2017-05-05 22:00:00,0.0,solar,2017-05-04 23:00:00,day_ahead
2017-05-05 23:00:00,0.0,solar,2017-05-04 23:00:00,day_ahead
2017-05-06 00:00:00,0.0,solar,2017-05-05 23:00:00,day_ahead
2017-05-06 01:00:00,0.0,solar,2017-05-05 23:00:00,day_ahead
2017-05-06 02:00:00,0.0,solar,2017-05-05 23:00:00,day_ahead
2017-05-06 03:00:00,0.0,solar,2017-05-05 23:00:00,day_ahead
2017-05-06 04:00:00,0.0,solar,2017-05-05 23:00:00,day_ahead
2017-05-06 05:00:00,2.859283203323146,solar,2017-05-05 23:00:00,day_ahead
2017-05-06 06:00:00,40.9503171269361,solar,2017-05-05 23:00:00,day_ahead
2017-05-06 07:00:00,119.50358707469289,solar,2017-05-05 23:00:00,day_ahead
2017-05-06 08:00:00,183.27959812681112,solar,2017-05-05 23:00:00,day_ahead
2017-05-06 09:00:00,235.30319506546311,solar,2017-05-05 23:00:00,day_ahead
2017-05-06 10:00:00,271.72717754297275,solar,2017-05-05 23:00:00,day_ahead
2017-05-06 11:00:00,291.4190158341015,solar,2017-05-05 23:00:00,day_ahead
2017-05-06 12:00:00,295.5963618290245,solar,2017-05-05 23:00:00,day_ahead
2017-05-06 13:00:00,292.87625516331906,solar,2017-05-05 23:00:00,day_ahead
2017-05-06 14:00:00,272.4501329131683,solar,2017-05-05 23:00:00,day_ahead
2017-05-06 15:00:00,239.16378846230154,solar,2017-05-05 23:00:00,day_ahead
2017-05-06 16:00:00,187.8509725702905,solar,2017-05-05 23:00:00,day_ahead
2017-05-06 17:00:00,117.45857809300657,solar,2017-05-05 23:00:00,day_ahead
2017-05-06 18:00:00,41.30828338988748,solar,2017-05-05 23:00:00,day_ahead
2017-05-06 19:00:00,3.0258241858218207,solar,2017-05-05 23:00:00,day_ahead
2017-05-06 20:00:00,0.0,solar,2017-05-05 23:00:00,day_ahead
2017-05-06 21:00:00,0.0,solar,2017-05-05 23:00:00,day_ahead
2017-05-06 22:00:00,0.0,solar,2017-05-05 23:00:00,day_ahead
2017-05-06 23:00:00,0.0,solar,2017-05-05 23:00:00,day_ahead
2017-05-07 00:00:00,0.0,solar,2017-05-06 23:00:00,day_ahead
2017-05-07 01:00:00,0.0,solar,2017-05-06 23:00:00,day_ahead
2017-05-07 02:00:00,0.0,solar,2017-05-06 23:00:00,day_ahead
2017-05-07 03:00:00,0.0,solar,2017-05-06 23:00:00,day_ahead
2017-05-07 04:00:00,0.0,solar,2017-05-06 23:00:00,day_ahead
2017-05-07 05:00:00,2.986750519177831,solar,2017-05-06 23:00:00,day_ahead
2017-05-07 06:00:00,43.08875062027603,solar,2017-05-06 23:00:00,day_ahead
2017-05-07 07:00:00,125.52240171698529,solar,2017-05-06 23:00:00,day_ahead
2017-05-07 08:00:00,192.20275245642998,solar,2017-05-06 23:00:00,day_ahead
2017-05-07 09:00:00,246.58188333272457,solar,2017-05-06 23:00:00,day_ahead
2017-05-07 10:00:00,284.7907671749595,solar,2017-05-06 23:00:00,day_ahead
2017-05-07 11:00:00,305.3075181541173,solar,2017-05-06 23:00:00,day_ahead
2017-05-07 12:00:00,309.78413254899243,solar,2017-05-06 23:00:00,day_ahead
2017-05-07 13:00:00,306.9833787473531,solar,2017-05-06 23:00:00,day_ahead
2017-05-07 14:00:00,285.7207507162053,solar,2017-05-06 23:00:00,day_ahead
2017-05-07 15:00:00,250.6466106885226,solar,2017-05-06 23:00:00,day_ahead
2017-05-07 16:00:00,196.83498014182018,solar,2017-05-06 23:00:00,day_ahead
2017-05-07 17:00:00,123.18212239184805,solar,2017-05-06 23:00:00,day_ahead
2017-05-07 18:00:00,43.23510891235328,solar,2017-05-06 23:00:00,day_ahead
2017-05-07 19:00:00,3.145073211799077,solar,2017-05-06 23:00:00,day_ahead
2017-05-07 20:00:00,0.0,solar,2017-05-06 23:00:00,day_ahead
2017-05-07 21:00:00,0.0,solar,2017-05-06 23:00:00,day_ahead
2017-05-07 22:00:00,0.0,solar,2017-05-06 23:00:00,day_ahead
2017-05-07 23:00:00,0.0,solar,2017-05-06 23:00:00,day_ahead
2017-05-08 00:00:00,0.0,solar,2017-05-07 23:00:00,day_ahead
2017-05-08 01:00:00,0.0,solar,2017-05-07 23:00:00,day_ahead
2017-05-08 02:00:00,0.0,solar,2017-05-07 23:00:00,day_ahead
2017-05-08 03:00:00,0.0,solar,2017-05-07 23:00:00,day_ahead
2017-05-08 04:00:00,0.0,solar,2017-05-07 23:00:00,day_ahead
2017-05-08 05:00:00,3.3985058141174385,solar,2017-05-07 23:00:00,day_ahead
2017-05-08 06:00:00,49.393653751457535,solar,2017-05-07 23:00:00,day_ahead
2017-05-08 07:00:00,144.14958358490824,solar,2017-05-07 23:00:00,day_ahead
2017-05-08 08:00:00,220.70509209361714,solar,2017-05-07 23:00:00,day_ahead
2017-05-08 09:00:00,283.0623007978538,solar,2017-05-07 23:00:00,day_ahead
2017-05-08 10:00:00,326.73351577928514,solar,2017-05-07 23:00:00,day_ahead
2017-05-08 11:00:00,350.17684572384894,solar,2017-05-07 23:00:00,day_ahead
2017-05-08 12:00:00,355.3177300581327,solar,2017-05-07 23:00:00,day_ahead
2017-05-08 13:00:00,352.0498850391802,solar,2017-05-07 23:00:00,day_ahead
2017-05-08 14:00:00,327.7181205985517,solar,2017-05-07 23:00:00,day_ahead
2017-05-08 15:00:00,287.5172541251975,solar,2017-05-07 23:00:00,day_ahead
2017-05-08 16:00:00,225.81547229441287,solar,2017-05-07 23:00:00,day_ahead
2017-05-08 17:00:00,141.305449321851,solar,2017-05-07 23:00:00,day_ahead
2017-05-08 18:00:00,49.479309076318394,solar,2017-05-07 23:00:00,day_ahead
2017-05-08 19:00:00,3.5769083249072042,solar,2017-05-07 23:00:00,day_ahead
2017-05-08 20:00:00,0.0,solar,2017-05-07 23:00:00,day_ahead
2017-05-08 21:00:00,0.0,solar,2017-05-07 23:00:00,day_ahead
2017-05-08 22:00:00,0.0,solar,2017-05-07 23:00:00,day_ahead
2017-05-08 23:00:00,0.0,solar,2017-05-07 23:00:00,day_ahead
2017-05-09 00:00:00,0.0,solar,2017-05-08 23:00:00,day_ahead
2017-05-09 01:00:00,0.0,solar,2017-05-08 23:00:00,day_ahead
2017-05-09 02:00:00,0.0,solar,2017-05-08 23:00:00,day_ahead
2017-05-09 03:00:00,0.0,solar,2017-05-08 23:00:00,day_ahead
2017-05-09 04:00:00,0.0,solar,2017-05-08 23:00:00,day_ahead
2017-05-09 05:00:00,3.348866503125749,solar,2017-05-08 23:00:00,day_ahead
2017-05-09 06:00:00,48.8776520235195,solar,2017-05-08 23:00:00,day_ahead
2017-05-09 07:00:00,142.63834231663654,solar,2017-05-08 23:00:00,day_ahead
2017-05-09 08:00:00,218.29676863623803,solar,2017-05-08 23:00:00,day_ahead
2017-05-09 09:00:00,279.9111218903949,solar,2017-05-08 23:00:00,day_ahead
2017-05-09 10:00:00,322.8899684963867,solar,2017-05-08 23:00:00,day_ahead
2017-05-09 11:00:00,345.9955369699989,solar,2017-05-08 23:00:00,day_ahead
2017-05-09 12:00:00,351.0223962784823,solar,2017-05-08 23:00:00,day_ahead
2017-05-09 13:00:00,347.73916274490387,solar,2017-05-08 23:00:00,day_ahead
2017-05-09 14:00:00,323.73947975491666,solar,2017-05-08 23:00:00,day_ahead
2017-05-09 15:00:00,284.1026256815505,solar,2017-05-08 23:00:00,day_ahead
2017-05-09 16:00:00,223.10991250388787,solar,2017-05-08 23:00:00,day_ahead
2017-05-09 17:00:00,139.4908095178938,solar,2017-05-08 23:00:00,day_ahead
2017-05-09 18:00:00,48.730831315495976,solar,2017-05-08 23:00:00,day_ahead
2017-05-09 19:00:00,3.506908188157324,solar,2017-05-08 23:00:00,day_ahead
2017-05-09 20:00:00,0.0,solar,2017-05-08 23:00:00,day_ahead
2017-05-09 21:00:00,0.0,solar,2017-05-08 23:00:00,day_ahead
2017-05-09 22:00:00,0.0,solar,2017-05-08 23:00:00,day_ahead
2017-05-09 23:00:00,0.0,solar,2017-05-08 23:00:00,day_ahead
2017-05-10 00:00:00,0.0,solar,2017-05-09 23:00:00,day_ahead
2017-05-10 01:00:00,0.0,solar,2017-05-09 23:00:00,day_ahead
2017-05-10 02:00:00,0.0,solar,2017-05-09 23:00:00,day_ahead
2017-05-10 03:00:00,0.0,solar,2017-05-09 23:00:00,day_ahead
2017-05-10 04:00:00,0.0,solar,2017-05-09 23:00:00,day_ahead
2017-05-10 05:00:00,3.182366282952843,solar,2017-05-09 23:00:00,day_ahead
2017-05-10 06:00:00,46.45056448530558,solar,2017-05-09 23:00:00,day_ahead
2017-05-10 07:00:00,135.37708180896348,solar,2017-05-09 23:00:00,day_ahead
2017-05-10 08:00:00,207.1475947832596,solar,2017-05-09 23:00:00,day_ahead
2017-05-10 09:00:00,265.65253359451515,solar,2017-05-09 23:00:00,day_ahead
2017-05-10 10:00:00,306.5159995657547,solar,2017-05-09 23:00:00,day_ahead
2017-05-10 11:00:00,328.76460649083674,solar,2017-05-09 23:00:00,day_ahead
2017-05-10 12:00:00,333.8074369563831,solar,2017-05-09 23:00:00,day_ahead
2017-05-10 13:00:00,330.14028099016485,solar,2017-05-09 23:00:00,day_ahead
2017-05-10 14:00:00,306.67971808860386,solar,2017-05-09 23:00:00,day_ahead
2017-05-10 15:00:00,268.7765033705939,solar,2017-05-09 23:00:00,day_ahead
2017-05-10 16:00:00,210.9692969666584,solar,2017-05-09 23:00:00,day_ahead
2017-05-10 17:00:00,131.8370775685414,solar,2017-05-09 23:00:00,day_ahead
2017-05-10 18:00:00,46.111630589962644,solar,2017-05-09 23:00:00,day_ahead
2017-05-10 19:00:00,3.316132821980369,solar,2017-05-09 23:00:00,day_ahead
2017-05-10 20:00:00,0.0,solar,2017-05-09 23:00:00,day_ahead
2017-05-10 21:00:00,0.0,solar,2017-05-09 23:00:00,day_ahead
2017-05-10 22:00:00,0.0,solar,2017-05-09 23:00:00,day_ahead
2017-05-10 23:00:00,0.0,solar,2017-05-09 23:00:00,day_ahead
2017-05-11 00:00:00,0.0,solar,2017-05-10 23:00:00,day_ahead
2017-05-11 01:00:00,0.0,solar,2017-05-10 23:00:00,day_ahead
2017-05-11 02:00:00,0.0,solar,2017-05-10 23:00:00,day_ahead
2017-05-11 03:00:00,0.0,solar,2017-05-10 23:00:00,day_ahead
2017-05-11 04:00:00,0.0,solar,2017-05-10 23:00:00,day_ahead
2017-05-11 05:00:00,2.5800227796445476,solar,2017-05-10 23:00:00,day_ahead
2017-05-11 06:00:00,37.661646243897465,solar,2017-05-10 23:00:00,day_ahead
2017-05-11 07:00:00,109.48402065614654,solar,2017-05-10 23:00:00,day_ahead
2017-05-11 08:00:00,167.46855518745258,solar,2017-05-10 23:00:00,day_ahead
2017-05-11 09:00:00,214.5545003562088,solar,2017-05-10 23:00:00,day_ahead
2017-05-11 10:00:00,247.21856084880736,solar,2017-05-10 23:00:00,day_ahead
2017-05-11 11:00:00,264.86602522064044,solar,2017-05-10 23:00:00,day_ahead
2017-05-11 12:00:00,268.5894578947251,solar,2017-05-10 23:00:00,day_ahead
2017-05-11 13:00:00,265.50675098467474,solar,2017-05-10 23:00:00,day_ahead
2017-05-11 14:00:00,246.3036140044169,solar,2017-05-10 23:00:00,day_ahead
2017-05-11 15:00:00,216.13420565045072,solar,2017-05-10 23:00:00,day_ahead
2017-05-11 16:00:00,169.89396116430535,solar,2017-05-10 23:00:00,day_ahead
2017-05-11 17:00:00,106.27369334264522,solar,2017-05-10 23:00:00,day_ahead
2017-05-11 18:00:00,37.160944973435114,solar,2017-05-10 23:00:00,day_ahead
2017-05-11 19:00:00,2.664090888921491,solar,2017-05-10 23:00:00,day_ahead
2017-05-11 20:00:00,0.0,solar,2017-05-10 23:00:00,day_ahead
2017-05-11 21:00:00,0.0,solar,2017-05-10 23:00:00,day_ahead
2017-05-11 22:00:00,0.0,solar,2017-05-10 23:00:00,day_ahead
2017-05-11 23:00:00,0.0,solar,2017-05-10 23:00:00,day_ahead
2017-05-12 00:00:00,0.0,solar,2017-05-11 23:00:00,day_ahead
2017-05-12 01:00:00,0.0,solar,2017-05-11 23:00:00,day_ahead
2017-05-12 02:00:00,0.0,solar,2017-05-11 23:00:00,day_ahead
2017-05-12 03:00:00,0.0,solar,2017-05-11 23:00:00,day_ahead
2017-05-12 04:00:00,0.0,solar,2017-05-11 23:00:00,day_ahead
2017-05-12 05:00:00,2.929747904584492,solar,2017-05-11 23:00:00,day_ahead
2017-05-12 06:00:00,43.022498152844044,solar,2017-05-11 23:00:00,day_ahead
2017-05-12 07:00:00,124.58325958991078,solar,2017-05-11 23:00:00,day_ahead
2017-05-12 08:00:00,190.3492792541182,solar,2017-05-11 23:00:00,day_ahead
2017-05-12 09:00:00,244.26309116344305,solar,2017-05-11 23:00:00,day_ahead
2017-05-12 10:00:00,281.4273386159489,solar,2017-05-11 23:00:00,day_ahead
2017-05-12 11:00:00,301.65166160445494,solar,2017-05-11 23:00:00,day_ahead
2017-05-12 12:00:00,305.5574764293142,solar,2017-05-11 23:00:00,day_ahead
2017-05-12 13:00:00,302.20424022094505,solar,2017-05-11 23:00:00,day_ahead
2017-05-12 14:00:00,280.2287627135264,solar,2017-05-11 23:00:00,day_ahead
2017-05-12 15:00:00,245.8202387207482,solar,2017-05-11 23:00:00,day_ahead
2017-05-12 16:00:00,192.9228958295887,solar,2017-05-11 23:00:00,day_ahead
2017-05-12 17:00:00,120.86572692416419,solar,2017-05-11 23:00:00,day_ahead
2017-05-12 18:00:00,42.34208737677654,solar,2017-05-11 23:00:00,day_ahead
2017-05-12 19:00:00,3.0243024201477953,solar,2017-05-11 23:00:00,day_ahead
2017-05-12 20:00:00,0.0,solar,2017-05-11 23:00:00,day_ahead
2017-05-12 21:00:00,0.0,solar,2017-05-11 23:00:00,day_ahead
2017-05-12 22:00:00,0.0,solar,2017-05-11 23:00:00,day_ahead
2017-05-12 23:00:00,0.0,solar,2017-05-11 23:00:00,day_ahead
2017-05-13 00:00:00,0.0,solar,2017-05-12 23:00:00,day_ahead
2017-05-13 01:00:00,0.0,solar,2017-05-12 23:00:00,day_ahead
2017-05-13 02:00:00,0.0,solar,2017-05-12 23:00:00,day_ahead
2017-05-13 03:00:00,0.0,solar,2017-05-12 23:00:00,day_ahead
2017-05-13 04:00:00,0.0,solar,2017-05-12 23:00:00,day_ahead
2017-05-13 05:00:00,2.8435071811884187,solar,2017-05-12 23:00:00,day_ahead
2017-05-13 06:00:00,41.69337206290615,solar,2017-05-12 23:00:00,day_ahead
2017-05-13 07:00:00,120.77238815353358,solar,2017-05-12 23:00:00,day_ahead
2017-05-13 08:00:00,184.22620772968253,solar,2017-05-12 23:00:00,day_ahead
2017-05-13 09:00:00,236.35197590408475,solar,2017-05-12 23:00:00,day_ahead
2017-05-13 10:00:00,272.13633490897075,solar,2017-05-12 23:00:00,day_ahead
2017-05-13 11:00:00,291.8308736486116,solar,2017-05-12 23:00:00,day_ahead
2017-05-13 12:00:00,295.60930792313644,solar,2017-05-12 23:00:00,day_ahead
2017-05-13 13:00:00,292.4345342234798,solar,2017-05-12 23:00:00,day_ahead
2017-05-13 14:00:00,271.5089199213134,solar,2017-05-12 23:00:00,day_ahead
2017-05-13 15:00:00,238.20298924744992,solar,2017-05-12 23:00:00,day_ahead
2017-05-13 16:00:00,186.9392772125309,solar,2017-05-12 23:00:00,day_ahead
2017-05-13 17:00:00,117.07504849872727,solar,2017-05-12 23:00:00,day_ahead
2017-05-13 18:00:00,40.9672119850545,solar,2017-05-12 23:00:00,day_ahead
2017-05-13 19:00:00,2.9216750447043545,solar,2017-05-12 23:00:00,day_ahead
2017-05-13 20:00:00,0.0,solar,2017-05-12 23:00:00,day_ahead
2017-05-13 21:00:00,0.0,solar,2017-05-12 23:00:00,day_ahead
2017-05-13 22:00:00,0.0,solar,2017-05-12 23:00:00,day_ahead
2017-05-13 23:00:00,0.0,solar,2017-05-12 23:00:00,day_ahead
2017-05-14 00:00:00,0.0,solar,2017-05-13 23:00:00,day_ahead
2017-05-14 01:00:00,0.0,solar,2017-05-13 23:00:00,day_ahead
2017-05-14 02:00:00,0.0,solar,2017-05-13 23:00:00,day_ahead
2017-05-14 03:00:00,0.0,solar,2017-05-13 23:00:00,day_ahead
2017-05-14 04:00:00,0.0,solar,2017-05-13 23:00:00,day_ahead
2017-05-14 05:00:00,2.8849223987710184,solar,2017-05-13 23:00:00,day_ahead
2017-05-14 06:00:00,42.421318600729954,solar,2017-05-13 23:00:00,day_ahead
2017-05-14 07:00:00,122.98116947668265,solar,2017-05-13 23:00:00,day_ahead
2017-05-14 08:00:00,187.48860503393968,solar,2017-05-13 23:00:00,day_ahead
2017-05-14 09:00:00,240.34047761068499,solar,2017-05-13 23:00:00,day_ahead
2017-05-14 10:00:00,276.4320218112641,solar,2017-05-13 23:00:00,day_ahead
2017-05-14 11:00:00,296.37789699011194,solar,2017-05-13 23:00:00,day_ahead
2017-05-14 12:00:00,300.50245397172483,solar,2017-05-13 23:00:00,day_ahead
2017-05-14 13:00:00,297.4090492161149,solar,2017-05-13 23:00:00,day_ahead
2017-05-14 14:00:00,276.075351736453,solar,2017-05-13 23:00:00,day_ahead
2017-05-14 15:00:00,242.17735034218322,solar,2017-05-13 23:00:00,day_ahead
2017-05-14 16:00:00,190.00549409157756,solar,2017-05-13 23:00:00,day_ahead
2017-05-14 17:00:00,118.93826092352751,solar,2017-05-13 23:00:00,day_ahead
2017-05-14 18:00:00,41.70345318483233,solar,2017-05-13 23:00:00,day_ahead
2017-05-14 19:00:00,2.963548994823982,solar,2017-05-13 23:00:00,day_ahead
2017-05-14 20:00:00,0.0,solar,2017-05-13 23:00:00,day_ahead
2017-05-14 21:00:00,0.0,solar,2017-05-13 23:00:00,day_ahead
2017-05-14 22:00:00,0.0,solar,2017-05-13 23:00:00,day_ahead
2017-05-14 23:00:00,0.0,solar,2017-05-13 23:00:00,day_ahead
2017-05-15 00:00:00,0.0,solar,2017-05-14 23:00:00,day_ahead
2017-05-15 01:00:00,0.0,solar,2017-05-14 23:00:00,day_ahead
2017-05-15 02:00:00,0.0,solar,2017-05-14 23:00:00,day_ahead
2017-05-15 03:00:00,0.0,solar,2017-05-14 23:00:00,day_ahead
2017-05-15 04:00:00,0.0,solar,2017-05-14 23:00:00,day_ahead
2017-05-15 05:00:00,3.0070500608288064,solar,2017-05-14 23:00:00,day_ahead
2017-05-15 06:00:00,44.39526860601178,solar,2017-05-14 23:00:00,day_ahead
2017-05-15 07:00:00,128.48372698331042,solar,2017-05-14 23:00:00,day_ahead
2017-05-15 08:00:00,195.56683422730296,solar,2017-05-14 23:00:00,day_ahead
2017-05-15 09:00:00,250.74630890281693,solar,2017-05-14 23:00:00,day_ahead
2017-05-15 10:00:00,288.15352314272997,solar,2017-05-14 23:00:00,day_ahead
2017-05-15 11:00:00,308.6775791349115,solar,2017-05-14 23:00:00,day_ahead
2017-05-15 12:00:00,312.896025773227,solar,2017-05-14 23:00:00,day_ahead
2017-05-15 13:00:00,309.7899200439661,solar,2017-05-14 23:00:00,day_ahead
2017-05-15 14:00:00,287.4785205037901,solar,2017-05-14 23:00:00,day_ahead
2017-05-15 15:00:00,252.2642628089621,solar,2017-05-14 23:00:00,day_ahead
2017-05-15 16:00:00,198.09245292693544,solar,2017-05-14 23:00:00,day_ahead
2017-05-15 17:00:00,123.91296152798895,solar,2017-05-14 23:00:00,day_ahead
2017-05-15 18:00:00,43.39994114857767,solar,2017-05-14 23:00:00,day_ahead
2017-05-15 19:00:00,3.0751192806320895,solar,2017-05-14 23:00:00,day_ahead
2017-05-15 20:00:00,0.0,solar,2017-05-14 23:00:00,day_ahead
2017-05-15 21:00:00,0.0,solar,2017-05-14 23:00:00,day_ahead
2017-05-15 22:00:00,0.0,solar,2017-05-14 23:00:00,day_ahead
2017-05-15 23:00:00,0.0,solar,2017-05-14 23:00:00,day_ahead
2017-05-16 00:00:00,0.0,solar,2017-05-15 23:00:00,day_ahead
2017-05-16 01:00:00,0.0,solar,2017-05-15 23:00:00,day_ahead
2017-05-16 02:00:00,0.0,solar,2017-05-15 23:00:00,day_ahead
2017-05-16 03:00:00,0.0,solar,2017-05-15 23:00:00,day_ahead
2017-05-16 04:00:00,0.0,solar,2017-05-15 23:00:00,day_ahead
2017-05-16 05:00:00,3.1185862524478956,solar,2017-05-15 23:00:00,day_ahead
2017-05-16 06:00:00,46.11682198819321,solar,2017-05-15 23:00:00,day_ahead
2017-05-16 07:00:00,133.32532961659166,solar,2017-05-15 23:00:00,day_ahead
2017-05-16 08:00:00,202.93670640349836,solar,2017-05-15 23:00:00,day_ahead
2017-05-16 09:00:00,260.21446754984845,solar,2017-05-15 23:00:00,day_ahead
2017-05-16 10:00:00,298.9653255228002,solar,2017-05-15 23:00:00,day_ahead
2017-05-16 11:00:00,320.2836607463053,solar,2017-05-15 23:00:00,day_ahead
2017-05-16 12:00:00,324.48497776955804,solar,2017-05-15 23:00:00,day_ahead
2017-05-16 13:00:00,320.8707773907179,solar,2017-05-15 23:00:00,day_ahead
2017-05-16 14:00:00,297.8010086050467,solar,2017-05-15 23:00:00,day_ahead
2017-05-16 15:00:00,261.1905293954388,solar,2017-05-15 23:00:00,day_ahead
2017-05-16 16:00:00,204.8263277317075,solar,2017-05-15 23:00:00,day_ahead
2017-05-16 17:00:00,128.00097678653373,solar,2017-05-15 23:00:00,day_ahead
2017-05-16 18:00:00,44.7427893593012,solar,2017-05-15 23:00:00,day_ahead
2017-05-16 19:00:00,3.17513337313876,solar,2017-05-15 23:00:00,day_ahead
2017-05-16 20:00:00,0.0,solar,2017-05-15 23:00:00,day_ahead
2017-05-16 21:00:00,0.0,solar,2017-05-15 23:00:00,day_ahead
2017-05-16 22:00:00,0.0,solar,2017-05-15 23:00:00,day_ahead
2017-05-16 23:00:00,0.0,solar,2017-05-15 23:00:00,day_ahead
2017-05-17 00:00:00,0.0,solar,2017-05-16 23:00:00,day_ahead
2017-05-17 01:00:00,0.0,solar,2017-05-16 23:00:00,day_ahead
2017-05-17 02:00:00,0.0,solar,2017-05-16 23:00:00,day_ahead
2017-05-17 03:00:00,0.0,solar,2017-05-16 23:00:00,day_ahead
2017-05-17 04:00:00,0.0,solar,2017-05-16 23:00:00,day_ahead
2017-05-17 05:00:00,3.2788301922592717,solar,2017-05-16 23:00:00,day_ahead
2017-05-17 06:00:00,48.710033719341816,solar,2017-05-16 23:00:00,day_ahead
2017-05-17 07:00:00,141.29561825032962,solar,2017-05-16 23:00:00,day_ahead
2017-05-17 08:00:00,215.12728946534276,solar,2017-05-16 23:00:00,day_ahead
2017-05-17 09:00:00,276.11464643691585,solar,2017-05-16 23:00:00,day_ahead
2017-05-17 10:00:00,317.3194099232422,solar,2017-05-16 23:00:00,day_ahead
2017-05-17 11:00:00,340.20370588172193,solar,2017-05-16 23:00:00,day_ahead
2017-05-17 12:00:00,344.7814092831703,solar,2017-05-16 23:00:00,day_ahead
2017-05-17 13:00:00,340.9012298122861,solar,2017-05-16 23:00:00,day_ahead
2017-05-17 14:00:00,315.9633458091029,solar,2017-05-16 23:00:00,day_ahead
2017-05-17 15:00:00,276.1743767158617,solar,2017-05-16 23:00:00,day_ahead
2017-05-17 16:00:00,216.41870443860628,solar,2017-05-16 23:00:00,day_ahead
2017-05-17 17:00:00,135.08902353445797,solar,2017-05-16 23:00:00,day_ahead
2017-05-17 18:00:00,47.2030196736055,solar,2017-05-16 23:00:00,day_ahead
2017-05-17 19:00:00,3.3380949006907796,solar,2017-05-16 23:00:00,day_ahead
2017-05-17 20:00:00,0.0,solar,2017-05-16 23:00:00,day_ahead
2017-05-17 21:00:00,0.0,solar,2017-05-16 23:00:00,day_ahead
2017-05-17 22:00:00,0.0,solar,2017-05-16 23:00:00,day_ahead
2017-05-17 23:00:00,0.0,solar,2017-05-16 23:00:00,day_ahead
2017-05-18 00:00:00,0.0,solar,2017-05-17 23:00:00,day_ahead
2017-05-18 01:00:00,0.0,solar,2017-05-17 23:00:00,day_ahead
2017-05-18 02:00:00,0.0,solar,2017-05-17 23:00:00,day_ahead
2017-05-18 03:00:00,0.0,solar,2017-05-17 23:00:00,day_ahead
2017-05-18 04:00:00,0.0,solar,2017-05-17 23:00:00,day_ahead
2017-05-18 05:00:00,3.2975449022951935,solar,2017-05-17 23:00:00,day_ahead
2017-05-18 06:00:00,49.006186080471224,solar,2017-05-17 23:00:00,day_ahead
2017-05-18 07:00:00,141.84735324055976,solar,2017-05-17 23:00:00,day_ahead
2017-05-18 08:00:00,215.96650715594356,solar,2017-05-17 23:00:00,day_ahead
2017-05-18 09:00:00,277.68414745436047,solar,2017-05-17 23:00:00,day_ahead
2017-05-18 10:00:00,319.34441173112685,solar,2017-05-17 23:00:00,day_ahead
2017-05-18 11:00:00,342.7138295829079,solar,2017-05-17 23:00:00,day_ahead
2017-05-18 12:00:00,347.4648099051915,solar,2017-05-17 23:00:00,day_ahead
2017-05-18 13:00:00,343.6381017466135,solar,2017-05-17 23:00:00,day_ahead
2017-05-18 14:00:00,318.58371433897827,solar,2017-05-17 23:00:00,day_ahead
2017-05-18 15:00:00,278.5886203174584,solar,2017-05-17 23:00:00,day_ahead
2017-05-18 16:00:00,218.3536197889023,solar,2017-05-17 23:00:00,day_ahead
2017-05-18 17:00:00,136.30973736434868,solar,2017-05-17 23:00:00,day_ahead
2017-05-18 18:00:00,47.63148386683699,solar,2017-05-17 23:00:00,day_ahead
2017-05-18 19:00:00,3.369909582926624,solar,2017-05-17 23:00:00,day_ahead
2017-05-18 20:00:00,0.0,solar,2017-05-17 23:00:00,day_ahead
2017-05-18 21:00:00,0.0,solar,2017-05-17 23:00:00,day_ahead
2017-05-18 22:00:00,0.0,solar,2017-05-17 23:00:00,day_ahead
2017-05-18 23:00:00,0.0,solar,2017-05-17 23:00:00,day_ahead
2017-05-19 00:00:00,0.0,solar,2017-05-18 23:00:00,day_ahead
2017-05-19 01:00:00,0.0,solar,2017-05-18 23:00:00,day_ahead
2017-05-19 02:00:00,0.0,solar,2017-05-18 23:00:00,day_ahead
2017-05-19 03:00:00,0.0,solar,2017-05-18 23:00:00,day_ahead
2017-05-19 04:00:00,0.0,solar,2017-05-18 23:00:00,day_ahead
2017-05-19 05:00:00,3.443140522711349,solar,2017-05-18 23:00:00,day_ahead
2017-05-19 06:00:00,51.01144312599805,solar,2017-05-18 23:00:00,day_ahead
2017-05-19 07:00:00,147.66030812002847,solar,2017-05-18 23:00:00,day_ahead
2017-05-19 08:00:00,224.47250716373347,solar,2017-05-18 23:00:00,day_ahead
2017-05-19 09:00:00,288.4587824979609,solar,2017-05-18 23:00:00,day_ahead
2017-05-19 10:00:00,331.7456824620993,solar,2017-05-18 23:00:00,day_ahead
2017-05-19 11:00:00,356.05647688167215,solar,2017-05-18 23:00:00,day_ahead
2017-05-19 12:00:00,361.05611563704826,solar,2017-05-18 23:00:00,day_ahead
2017-05-19 13:00:00,357.08556619755916,solar,2017-05-18 23:00:00,day_ahead
2017-05-19 14:00:00,331.2046562320113,solar,2017-05-18 23:00:00,day_ahead
2017-05-19 15:00:00,289.7327673558744,solar,2017-05-18 23:00:00,day_ahead
2017-05-19 16:00:00,227.15128078320035,solar,2017-05-18 23:00:00,day_ahead
2017-05-19 17:00:00,141.84124803395562,solar,2017-05-18 23:00:00,day_ahead
2017-05-19 18:00:00,49.59090200216887,solar,2017-05-18 23:00:00,day_ahead
2017-05-19 19:00:00,3.5171134620921807,solar,2017-05-18 23:00:00,day_ahead
2017-05-19 20:00:00,0.0,solar,2017-05-18 23:00:00,day_ahead
2017-05-19 21:00:00,0.0,solar,2017-05-18 23:00:00,day_ahead
2017-05-19 22:00:00,0.0,solar,2017-05-18 23:00:00,day_ahead
2017-05-19 23:00:00,0.0,solar,2017-05-18 23:00:00,day_ahead
2017-05-20 00:00:00,0.0,solar,2017-05-19 23:00:00,day_ahead
2017-05-20 01:00:00,0.0,solar,2017-05-19 23:00:00,day_ahead
2017-05-20 02:00:00,0.0,solar,2017-05-19 23:00:00,day_ahead
2017-05-20 03:00:00,0.0,solar,2017-05-19 23:00:00,day_ahead
2017-05-20 04:00:00,0.0,solar,2017-05-19 23:00:00,day_ahead
2017-05-20 05:00:00,3.4869901025544108,solar,2017-05-19 23:00:00,day_ahead
2017-05-20 06:00:00,51.372432568028906,solar,2017-05-19 23:00:00,day_ahead
2017-05-20 07:00:00,148.51407430710682,solar,2017-05-19 23:00:00,day_ahead
2017-05-20 08:00:00,225.6571633338285,solar,2017-05-19 23:00:00,day_ahead
2017-05-20 09:00:00,289.82964179091124,solar,2017-05-19 23:00:00,day_ahead
2017-05-20 10:00:00,333.1368222097714,solar,2017-05-19 23:00:00,day_ahead
2017-05-20 11:00:00,357.4758664989106,solar,2017-05-19 23:00:00,day_ahead
2017-05-20 12:00:00,362.5293389718897,solar,2017-05-19 23:00:00,day_ahead
2017-05-20 13:00:00,358.5347411339453,solar,2017-05-19 23:00:00,day_ahead
2017-05-20 14:00:00,332.6433939019237,solar,2017-05-19 23:00:00,day_ahead
2017-05-20 15:00:00,291.06155697333907,solar,2017-05-19 23:00:00,day_ahead
2017-05-20 16:00:00,228.2641175568609,solar,2017-05-19 23:00:00,day_ahead
2017-05-20 17:00:00,142.59522107879818,solar,2017-05-19 23:00:00,day_ahead
2017-05-20 18:00:00,49.89892295695025,solar,2017-05-19 23:00:00,day_ahead
2017-05-20 19:00:00,3.546307951235781,solar,2017-05-19 23:00:00,day_ahead
2017-05-20 20:00:00,0.0,solar,2017-05-19 23:00:00,day_ahead
2017-05-20 21:00:00,0.0,solar,2017-05-19 23:00:00,day_ahead
2017-05-20 22:00:00,0.0,solar,2017-05-19 23:00:00,day_ahead
2017-05-20 23:00:00,0.0,solar,2017-05-19 23:00:00,day_ahead
2017-05-21 00:00:00,0.0,solar,2017-05-20 23:00:00,day_ahead
2017-05-21 01:00:00,0.0,solar,2017-05-20 23:00:00,day_ahead
2017-05-21 02:00:00,0.0,solar,2017-05-20 23:00:00,day_ahead
2017-05-21 03:00:00,0.0,solar,2017-05-20 23:00:00,day_ahead
2017-05-21 04:00:00,0.0,solar,2017-05-20 23:00:00,day_ahead
2017-05-21 05:00:00,3.4872812202611123,solar,2017-05-20 23:00:00,day_ahead
2017-05-21 06:00:00,50.93222395808419,solar,2017-05-20 23:00:00,day_ahead
2017-05-21 07:00:00,146.99507207511581,solar,2017-05-20 23:00:00,day_ahead
2017-05-21 08:00:00,223.19402862345908,solar,2017-05-20 23:00:00,day_ahead
2017-05-21 09:00:00,286.5022696497106,solar,2017-05-20 23:00:00,day_ahead
2017-05-21 10:00:00,329.1431633509731,solar,2017-05-20 23:00:00,day_ahead
2017-05-21 11:00:00,353.07032720934353,solar,2017-05-20 23:00:00,day_ahead
2017-05-21 12:00:00,358.0419728479064,solar,2017-05-20 23:00:00,day_ahead
2017-05-21 13:00:00,353.9533165878649,solar,2017-05-20 23:00:00,day_ahead
2017-05-21 14:00:00,328.28741410529085,solar,2017-05-20 23:00:00,day_ahead
2017-05-21 15:00:00,287.20481790022114,solar,2017-05-20 23:00:00,day_ahead
2017-05-21 16:00:00,225.1541185332843,solar,2017-05-20 23:00:00,day_ahead
2017-05-21 17:00:00,140.52395982961045,solar,2017-05-20 23:00:00,day_ahead
2017-05-21 18:00:00,49.14936238786217,solar,2017-05-20 23:00:00,day_ahead
2017-05-21 19:00:00,3.4913252269926085,solar,2017-05-20 23:00:00,day_ahead
2017-05-21 20:00:00,0.0,solar,2017-05-20 23:00:00,day_ahead
2017-05-21 21:00:00,0.0,solar,2017-05-20 23:00:00,day_ahead
2017-05-21 22:00:00,0.0,solar,2017-05-20 23:00:00,day_ahead
2017-05-21 23:00:00,0.0,solar,2017-05-20 23:00:00,day_ahead
2017-05-22 00:00:00,0.0,solar,2017-05-21 23:00:00,day_ahead
2017-05-22 01:00:00,0.0,solar,2017-05-21 23:00:00,day_ahead
2017-05-22 02:00:00,0.0,solar,2017-05-21 23:00:00,day_ahead
2017-05-22 03:00:00,0.0,solar,2017-05-21 23:00:00,day_ahead
2017-05-22 04:00:00,0.0,solar,2017-05-21 23:00:00,day_ahead
2017-05-22 05:00:00,2.895998684461055,solar,2017-05-21 23:00:00,day_ahead
2017-05-22 06:00:00,42.2897107383287,solar,2017-05-21 23:00:00,day_ahead
2017-05-22 07:00:00,122.08083575983233,solar,2017-05-21 23:00:00,day_ahead
2017-05-22 08:00:00,185.56178345372297,solar,2017-05-21 23:00:00,day_ahead
2017-05-22 09:00:00,238.52340620942644,solar,2017-05-21 23:00:00,day_ahead
2017-05-22 10:00:00,274.254367533103,solar,2017-05-21 23:00:00,day_ahead
2017-05-22 11:00:00,294.3151967870024,solar,2017-05-21 23:00:00,day_ahead
2017-05-22 12:00:00,298.5503671235761,solar,2017-05-21 23:00:00,day_ahead
2017-05-22 13:00:00,295.6017902977316,solar,2017-05-21 23:00:00,day_ahead
2017-05-22 14:00:00,274.3583977366127,solar,2017-05-21 23:00:00,day_ahead
2017-05-22 15:00:00,240.28359599186138,solar,2017-05-21 23:00:00,day_ahead
2017-05-22 16:00:00,188.54024590012398,solar,2017-05-21 23:00:00,day_ahead
2017-05-22 17:00:00,117.66186922683289,solar,2017-05-21 23:00:00,day_ahead
2017-05-22 18:00:00,41.104011140420056,solar,2017-05-21 23:00:00,day_ahead
2017-05-22 19:00:00,2.9215878063944825,solar,2017-05-21 23:00:00,day_ahead
2017-05-22 20:00:00,0.0,solar,2017-05-21 23:00:00,day_ahead
2017-05-22 21:00:00,0.0,solar,2017-05-21 23:00:00,day_ahead
2017-05-22 22:00:00,0.0,solar,2017-05-21 23:00:00,day_ahead
2017-05-22 23:00:00,0.0,solar,2017-05-21 23:00:00,day_ahead
2017-05-23 00:00:00,0.0,solar,2017-05-22 23:00:00,day_ahead
2017-05-23 01:00:00,0.0,solar,2017-05-22 23:00:00,day_ahead
2017-05-23 02:00:00,0.0,solar,2017-05-22 23:00:00,day_ahead
2017-05-23 03:00:00,0.0,solar,2017-05-22 23:00:00,day_ahead
2017-05-23 04:00:00,0.0,solar,2017-05-22 23:00:00,day_ahead
2017-05-23 05:00:00,3.1556756840063493,solar,2017-05-22 23:00:00,day_ahead
2017-05-23 06:00:00,46.23093822677635,solar,2017-05-22 23:00:00,day_ahead
2017-05-23 07:00:00,133.47075657102138,solar,2017-05-22 23:00:00,day_ahead
2017-05-23 08:00:00,203.18703945920427,solar,2017-05-22 23:00:00,day_ahead
2017-05-23 09:00:00,261.1587220493336,solar,2017-05-22 23:00:00,day_ahead
2017-05-23 10:00:00,300.42678519703026,solar,2017-05-22 23:00:00,day_ahead
2017-05-23 11:00:00,322.97497935467675,solar,2017-05-22 23:00:00,day_ahead
2017-05-23 12:00:00,327.89804841693837,solar,2017-05-22 23:00:00,day_ahead
2017-05-23 13:00:00,324.80595645597515,solar,2017-05-22 23:00:00,day_ahead
2017-05-23 14:00:00,301.72246541784546,solar,2017-05-22 23:00:00,day_ahead
2017-05-23 15:00:00,264.3123227359539,solar,2017-05-22 23:00:00,day_ahead
2017-05-23 16:00:00,207.46979952588006,solar,2017-05-22 23:00:00,day_ahead
2017-05-23 17:00:00,129.4823298895583,solar,2017-05-22 23:00:00,day_ahead
2017-05-23 18:00:00,45.23332699656171,solar,2017-05-22 23:00:00,day_ahead
2017-05-23 19:00:00,3.21962046162776,solar,2017-05-22 23:00:00,day_ahead
2017-05-23 20:00:00,0.0,solar,2017-05-22 23:00:00,day_ahead
2017-05-23 21:00:00,0.0,solar,2017-05-22 23:00:00,day_ahead
2017-05-23 22:00:00,0.0,solar,2017-05-22 23:00:00,day_ahead
2017-05-23 23:00:00,0.0,solar,2017-05-22 23:00:00,day_ahead
2017-05-24 00:00:00,0.0,solar,2017-05-23 23:00:00,day_ahead
2017-05-24 01:00:00,0.0,solar,2017-05-23 23:00:00,day_ahead
2017-05-24 02:00:00,0.0,solar,2017-05-23 23:00:00,day_ahead
2017-05-24 03:00:00,0.0,solar,2017-05-23 23:00:00,day_ahead
2017-05-24 04:00:00,0.0,solar,2017-05-23 23:00:00,day_ahead
2017-05-24 05:00:00,3.3644005543012017,solar,2017-05-23 23:00:00,day_ahead
2017-05-24 06:00:00,48.9623570015108,solar,2017-05-23 23:00:00,day_ahead
2017-05-24 07:00:00,141.14231135132397,solar,2017-05-23 23:00:00,day_ahead
2017-05-24 08:00:00,214.81987748913969,solar,2017-05-23 23:00:00,day_ahead
2017-05-24 09:00:00,276.04321162925777,solar,2017-05-23 23:00:00,day_ahead
2017-05-24 10:00:00,317.433809173349,solar,2017-05-23 23:00:00,day_ahead
2017-05-24 11:00:00,341.17244621059666,solar,2017-05-23 23:00:00,day_ahead
2017-05-24 12:00:00,346.353478523295,solar,2017-05-23 23:00:00,day_ahead
2017-05-24 13:00:00,342.99234361901694,solar,2017-05-23 23:00:00,day_ahead
2017-05-24 14:00:00,318.7081724829261,solar,2017-05-23 23:00:00,day_ahead
2017-05-24 15:00:00,279.1907939175723,solar,2017-05-23 23:00:00,day_ahead
2017-05-24 16:00:00,219.18194106297958,solar,2017-05-23 23:00:00,day_ahead
2017-05-24 17:00:00,136.80870008051537,solar,2017-05-23 23:00:00,day_ahead
2017-05-24 18:00:00,47.82163080595123,solar,2017-05-23 23:00:00,day_ahead
2017-05-24 19:00:00,3.4184035120349687,solar,2017-05-23 23:00:00,day_ahead
2017-05-24 20:00:00,0.0,solar,2017-05-23 23:00:00,day_ahead
2017-05-24 21:00:00,0.0,solar,2017-05-23 23:00:00,day_ahead
2017-05-24 22:00:00,0.0,solar,2017-05-23 23:00:00,day_ahead
2017-05-24 23:00:00,0.0,solar,2017-05-23 23:00:00,day_ahead
2017-05-25 00:00:00,0.0,solar,2017-05-24 23:00:00,day_ahead
2017-05-25 01:00:00,0.0,solar,2017-05-24 23:00:00,day_ahead
2017-05-25 02:00:00,0.0,solar,2017-05-24 23:00:00,day_ahead
2017-05-25 03:00:00,0.0,solar,2017-05-24 23:00:00,day_ahead
2017-05-25 04:00:00,0.0,solar,2017-05-24 23:00:00,day_ahead
2017-05-25 05:00:00,3.314085962102857,solar,2017-05-24 23:00:00,day_ahead
2017-05-25 06:00:00,47.97737816802447,solar,2017-05-24 23:00:00,day_ahead
2017-05-25 07:00:00,138.2919577834681,solar,2017-05-24 23:00:00,day_ahead
2017-05-25 08:00:00,210.50858402459562,solar,2017-05-24 23:00:00,day_ahead
2017-05-25 09:00:00,270.41477132434875,solar,2017-05-24 23:00:00,day_ahead
2017-05-25 10:00:00,310.8271380159485,solar,2017-05-24 23:00:00,day_ahead
2017-05-25 11:00:00,334.1342681051283,solar,2017-05-24 23:00:00,day_ahead
2017-05-25 12:00:00,339.1075943249898,solar,2017-05-24 23:00:00,day_ahead
2017-05-25 13:00:00,335.79665242101686,solar,2017-05-24 23:00:00,day_ahead
2017-05-25 14:00:00,312.083649554878,solar,2017-05-24 23:00:00,day_ahead
2017-05-25 15:00:00,273.36090412813735,solar,2017-05-24 23:00:00,day_ahead
2017-05-25 16:00:00,214.5438859772592,solar,2017-05-24 23:00:00,day_ahead
2017-05-25 17:00:00,133.8093965339252,solar,2017-05-24 23:00:00,day_ahead
2017-05-25 18:00:00,46.789112774315605,solar,2017-05-24 23:00:00,day_ahead
2017-05-25 19:00:00,3.366295013639152,solar,2017-05-24 23:00:00,day_ahead
2017-05-25 20:00:00,0.0,solar,2017-05-24 23:00:00,day_ahead
2017-05-25 21:00:00,0.0,solar,2017-05-24 23:00:00,day_ahead
2017-05-25 22:00:00,0.0,solar,2017-05-24 23:00:00,day_ahead
2017-05-25 23:00:00,0.0,solar,2017-05-24 23:00:00,day_ahead
2017-05-26 00:00:00,0.0,solar,2017-05-25 23:00:00,day_ahead
2017-05-26 01:00:00,0.0,solar,2017-05-25 23:00:00,day_ahead
2017-05-26 02:00:00,0.0,solar,2017-05-25 23:00:00,day_ahead
2017-05-26 03:00:00,0.0,solar,2017-05-25 23:00:00,day_ahead
2017-05-26 04:00:00,0.0,solar,2017-05-25 23:00:00,day_ahead
2017-05-26 05:00:00,3.3362053458973544,solar,2017-05-25 23:00:00,day_ahead
2017-05-26 06:00:00,47.868356057874166,solar,2017-05-25 23:00:00,day_ahead
2017-05-26 07:00:00,137.83416341452389,solar,2017-05-25 23:00:00,day_ahead
2017-05-26 08:00:00,209.84205409963835,solar,2017-05-25 23:00:00,day_ahead
2017-05-26 09:00:00,269.6883756038812,solar,2017-05-25 23:00:00,day_ahead
2017-05-26 10:00:00,309.98590701196173,solar,2017-05-25 23:00:00,day_ahead
2017-05-26 11:00:00,333.18320104206737,solar,2017-05-25 23:00:00,day_ahead
2017-05-26 12:00:00,338.1659331845715,solar,2017-05-25 23:00:00,day_ahead
2017-05-26 13:00:00,334.7849805617086,solar,2017-05-25 23:00:00,day_ahead
2017-05-26 14:00:00,311.17617520998954,solar,2017-05-25 23:00:00,day_ahead
2017-05-26 15:00:00,272.61503207130755,solar,2017-05-25 23:00:00,day_ahead
2017-05-26 16:00:00,213.9854419873924,solar,2017-05-25 23:00:00,day_ahead
2017-05-26 17:00:00,133.43163399467267,solar,2017-05-25 23:00:00,day_ahead
2017-05-26 18:00:00,46.65036912265547,solar,2017-05-25 23:00:00,day_ahead
2017-05-26 19:00:00,3.3637241656450056,solar,2017-05-25 23:00:00,day_ahead
2017-05-26 20:00:00,0.0,solar,2017-05-25 23:00:00,day_ahead
2017-05-26 21:00:00,0.0,solar,2017-05-25 23:00:00,day_ahead
2017-05-26 22:00:00,0.0,solar,2017-05-25 23:00:00,day_ahead
2017-05-26 23:00:00,0.0,solar,2017-05-25 23:00:00,day_ahead
2017-05-27 00:00:00,0.0,solar,2017-05-26 23:00:00,day_ahead
2017-05-27 01:00:00,0.0,solar,2017-05-26 23:00:00,day_ahead
2017-05-27 02:00:00,0.0,solar,2017-05-26 23:00:00,day_ahead
2017-05-27 03:00:00,0.0,solar,2017-05-26 23:00:00,day_ahead
2017-05-27 04:00:00,0.0,solar,2017-05-26 23:00:00,day_ahead
2017-05-27 05:00:00,2.633280380836769,solar,2017-05-26 23:00:00,day_ahead
2017-05-27 06:00:00,37.77082421011807,solar,2017-05-26 23:00:00,day_ahead
2017-05-27 07:00:00,108.70819634063625,solar,2017-05-26 23:00:00,day_ahead
2017-05-27 08:00:00,165.56914720320168,solar,2017-05-26 23:00:00,day_ahead
2017-05-27 09:00:00,212.8179661936058,solar,2017-05-26 23:00:00,day_ahead
2017-05-27 10:00:00,244.67279719226937,solar,2017-05-26 23:00:00,day_ahead
2017-05-27 11:00:00,263.02163105735127,solar,2017-05-26 23:00:00,day_ahead
2017-05-27 12:00:00,267.2895794972495,solar,2017-05-26 23:00:00,day_ahead
2017-05-27 13:00:00,264.8851902301572,solar,2017-05-26 23:00:00,day_ahead
2017-05-27 14:00:00,246.4299048839119,solar,2017-05-26 23:00:00,day_ahead
2017-05-27 15:00:00,215.90337929507376,solar,2017-05-26 23:00:00,day_ahead
2017-05-27 16:00:00,169.39485797367806,solar,2017-05-26 23:00:00,day_ahead
2017-05-27 17:00:00,105.58614887449626,solar,2017-05-26 23:00:00,day_ahead
2017-05-27 18:00:00,36.94544008897574,solar,2017-05-26 23:00:00,day_ahead
2017-05-27 19:00:00,2.664448787617322,solar,2017-05-26 23:00:00,day_ahead
2017-05-27 20:00:00,0.0,solar,2017-05-26 23:00:00,day_ahead
2017-05-27 21:00:00,0.0,solar,2017-05-26 23:00:00,day_ahead
2017-05-27 22:00:00,0.0,solar,2017-05-26 23:00:00,day_ahead
2017-05-27 23:00:00,0.0,solar,2017-05-26 23:00:00,day_ahead
2017-05-28 00:00:00,0.0,solar,2017-05-27 23:00:00,day_ahead
2017-05-28 01:00:00,0.0,solar,2017-05-27 23:00:00,day_ahead
2017-05-28 02:00:00,0.0,solar,2017-05-27 23:00:00,day_ahead
2017-05-28 03:00:00,0.0,solar,2017-05-27 23:00:00,day_ahead
2017-05-28 04:00:00,0.0,solar,2017-05-27 23:00:00,day_ahead
2017-05-28 05:00:00,2.7707815138921443,solar,2017-05-27 23:00:00,day_ahead
2017-05-28 06:00:00,39.80880669535247,solar,2017-05-27 23:00:00,day_ahead
2017-05-28 07:00:00,114.51990652800949,solar,2017-05-27 23:00:00,day_ahead
2017-05-28 08:00:00,174.48228051106875,solar,2017-05-27 23:00:00,day_ahead
2017-05-28 09:00:00,224.3271690437096,solar,2017-05-27 23:00:00,day_ahead
2017-05-28 10:00:00,258.00240905965944,solar,2017-05-27 23:00:00,day_ahead
2017-05-28 11:00:00,277.70492178413195,solar,2017-05-27 23:00:00,day_ahead
2017-05-28 12:00:00,282.31804316822837,solar,2017-05-27 23:00:00,day_ahead
2017-05-28 13:00:00,279.9157127995424,solar,2017-05-27 23:00:00,day_ahead
2017-05-28 14:00:00,260.3980533829674,solar,2017-05-27 23:00:00,day_ahead
2017-05-28 15:00:00,228.05616639616377,solar,2017-05-27 23:00:00,day_ahead
2017-05-28 16:00:00,178.977557642099,solar,2017-05-27 23:00:00,day_ahead
2017-05-28 17:00:00,111.43424829055188,solar,2017-05-27 23:00:00,day_ahead
2017-05-28 18:00:00,38.96314333399987,solar,2017-05-27 23:00:00,day_ahead
2017-05-28 19:00:00,2.8133355333613115,solar,2017-05-27 23:00:00,day_ahead
2017-05-28 20:00:00,0.0,solar,2017-05-27 23:00:00,day_ahead
2017-05-28 21:00:00,0.0,solar,2017-05-27 23:00:00,day_ahead
2017-05-28 22:00:00,0.0,solar,2017-05-27 23:00:00,day_ahead
2017-05-28 23:00:00,0.0,solar,2017-05-27 23:00:00,day_ahead
2017-05-29 00:00:00,0.0,solar,2017-05-28 23:00:00,day_ahead
2017-05-29 01:00:00,0.0,solar,2017-05-28 23:00:00,day_ahead
2017-05-29 02:00:00,0.0,solar,2017-05-28 23:00:00,day_ahead
2017-05-29 03:00:00,0.0,solar,2017-05-28 23:00:00,day_ahead
2017-05-29 04:00:00,0.0,solar,2017-05-28 23:00:00,day_ahead
2017-05-29 05:00:00,2.7725253597148187,solar,2017-05-28 23:00:00,day_ahead
2017-05-29 06:00:00,39.93821577832239,solar,2017-05-28 23:00:00,day_ahead
2017-05-29 07:00:00,114.83361505640819,solar,2017-05-28 23:00:00,day_ahead
2017-05-29 08:00:00,175.2008371448859,solar,2017-05-28 23:00:00,day_ahead
2017-05-29 09:00:00,225.37188551191412,solar,2017-05-28 23:00:00,day_ahead
2017-05-29 10:00:00,259.18433033938743,solar,2017-05-28 23:00:00,day_ahead
2017-05-29 11:00:00,278.91736255510983,solar,2017-05-28 23:00:00,day_ahead
2017-05-29 12:00:00,283.70400930092677,solar,2017-05-28 23:00:00,day_ahead
2017-05-29 13:00:00,281.31847927488366,solar,2017-05-28 23:00:00,day_ahead
2017-05-29 14:00:00,261.6414471102295,solar,2017-05-28 23:00:00,day_ahead
2017-05-29 15:00:00,229.2075342427646,solar,2017-05-28 23:00:00,day_ahead
2017-05-29 16:00:00,179.69205205665298,solar,2017-05-28 23:00:00,day_ahead
2017-05-29 17:00:00,111.81553977580356,solar,2017-05-28 23:00:00,day_ahead
2017-05-29 18:00:00,39.21298442588175,solar,2017-05-28 23:00:00,day_ahead
2017-05-29 19:00:00,2.8346128170682565,solar,2017-05-28 23:00:00,day_ahead
2017-05-29 20:00:00,0.0,solar,2017-05-28 23:00:00,day_ahead
2017-05-29 21:00:00,0.0,solar,2017-05-28 23:00:00,day_ahead
2017-05-29 22:00:00,0.0,solar,2017-05-28 23:00:00,day_ahead
2017-05-29 23:00:00,0.0,solar,2017-05-28 23:00:00,day_ahead
2017-05-30 00:00:00,0.0,solar,2017-05-29 23:00:00,day_ahead
2017-05-30 01:00:00,0.0,solar,2017-05-29 23:00:00,day_ahead
2017-05-30 02:00:00,0.0,solar,2017-05-29 23:00:00,day_ahead
2017-05-30 03:00:00,0.0,solar,2017-05-29 23:00:00,day_ahead
2017-05-30 04:00:00,0.0,solar,2017-05-29 23:00:00,day_ahead
2017-05-30 05:00:00,2.8630927790493774,solar,2017-05-29 23:00:00,day_ahead
2017-05-30 06:00:00,40.70793584559833,solar,2017-05-29 23:00:00,day_ahead
2017-05-30 07:00:00,116.53882268954295,solar,2017-05-29 23:00:00,day_ahead
2017-05-30 08:00:00,177.71128272759427,solar,2017-05-29 23:00:00,day_ahead
2017-05-30 09:00:00,228.51089502571395,solar,2017-05-29 23:00:00,day_ahead
2017-05-30 10:00:00,262.8377310896511,solar,2017-05-29 23:00:00,day_ahead
2017-05-30 11:00:00,282.98831216261425,solar,2017-05-29 23:00:00,day_ahead
2017-05-30 12:00:00,288.0494270975928,solar,2017-05-29 23:00:00,day_ahead
2017-05-30 13:00:00,285.57619134916763,solar,2017-05-29 23:00:00,day_ahead
2017-05-30 14:00:00,265.988196656223,solar,2017-05-29 23:00:00,day_ahead
2017-05-30 15:00:00,233.22890543750978,solar,2017-05-29 23:00:00,day_ahead
2017-05-30 16:00:00,183.05005688509127,solar,2017-05-29 23:00:00,day_ahead
2017-05-30 17:00:00,114.01356212771032,solar,2017-05-29 23:00:00,day_ahead
2017-05-30 18:00:00,40.07620741159116,solar,2017-05-29 23:00:00,day_ahead
2017-05-30 19:00:00,2.895819040380565,solar,2017-05-29 23:00:00,day_ahead
2017-05-30 20:00:00,0.0,solar,2017-05-29 23:00:00,day_ahead
2017-05-30 21:00:00,0.0,solar,2017-05-29 23:00:00,day_ahead
2017-05-30 22:00:00,0.0,solar,2017-05-29 23:00:00,day_ahead
2017-05-30 23:00:00,0.0,solar,2017-05-29 23:00:00,day_ahead
2017-05-31 00:00:00,0.0,solar,2017-05-30 23:00:00,day_ahead
2017-05-31 01:00:00,0.0,solar,2017-05-30 23:00:00,day_ahead
2017-05-31 02:00:00,0.0,solar,2017-05-30 23:00:00,day_ahead
2017-05-31 03:00:00,0.0,solar,2017-05-30 23:00:00,day_ahead
2017-05-31 04:00:00,0.0,solar,2017-05-30 23:00:00,day_ahead
2017-05-31 05:00:00,3.461990751507981,solar,2017-05-30 23:00:00,day_ahead
2017-05-31 06:00:00,48.781861035293666,solar,2017-05-30 23:00:00,day_ahead
2017-05-31 07:00:00,139.43530969179355,solar,2017-05-30 23:00:00,day_ahead
2017-05-31 08:00:00,212.62005808032714,solar,2017-05-30 23:00:00,day_ahead
2017-05-31 09:00:00,273.4190992092145,solar,2017-05-30 23:00:00,day_ahead
2017-05-31 10:00:00,314.42076037013527,solar,2017-05-30 23:00:00,day_ahead
2017-05-31 11:00:00,338.35962574951304,solar,2017-05-30 23:00:00,day_ahead
2017-05-31 12:00:00,344.38055648166824,solar,2017-05-30 23:00:00,day_ahead
2017-05-31 13:00:00,341.42539418342784,solar,2017-05-30 23:00:00,day_ahead
2017-05-31 14:00:00,318.0913073938557,solar,2017-05-30 23:00:00,day_ahead
2017-05-31 15:00:00,278.97466537960827,solar,2017-05-30 23:00:00,day_ahead
2017-05-31 16:00:00,219.03712283655602,solar,2017-05-30 23:00:00,day_ahead
2017-05-31 17:00:00,136.51075301872874,solar,2017-05-30 23:00:00,day_ahead
2017-05-31 18:00:00,48.07023544974582,solar,2017-05-30 23:00:00,day_ahead
2017-05-31 19:00:00,3.5004494271583857,solar,2017-05-30 23:00:00,day_ahead
2017-05-31 20:00:00,0.0,solar,2017-05-30 23:00:00,day_ahead
2017-05-31 21:00:00,0.0,solar,2017-05-30 23:00:00,day_ahead
2017-05-31 22:00:00,0.0,solar,2017-05-30 23:00:00,day_ahead
2017-05-31 23:00:00,0.0,solar,2017-05-30 23:00:00,day_ahead
2017-06-01 00:00:00,0.0,solar,2017-05-31 23:00:00,day_ahead
2017-06-01 01:00:00,0.0,solar,2017-05-31 23:00:00,day_ahead
2017-06-01 02:00:00,0.0,solar,2017-05-31 23:00:00,day_ahead
2017-06-01 03:00:00,0.0,solar,2017-05-31 23:00:00,day_ahead
2017-06-01 04:00:00,0.0,solar,2017-05-31 23:00:00,day_ahead
2017-06-01 05:00:00,6.8921723119291345,solar,2017-05-31 23:00:00,day_ahead
2017-06-01 06:00:00,62.27167066385927,solar,2017-05-31 23:00:00,day_ahead
2017-06-01 07:00:00,156.80203961119565,solar,2017-05-31 23:00:00,day_ahead
2017-06-01 08:00:00,230.89452686192385,solar,2017-05-31 23:00:00,day_ahead
2017-06-01 09:00:00,298.6087116013141,solar,2017-05-31 23:00:00,day_ahead
2017-06-01 10:00:00,341.3246720300443,solar,2017-05-31 23:00:00,day_ahead
2017-06-01 11:00:00,362.83020715494314,solar,2017-05-31 23:00:00,day_ahead
2017-06-01 12:00:00,369.3481198408552,solar,2017-05-31 23:00:00,day_ahead
2017-06-01 13:00:00,364.80740020406637,solar,2017-05-31 23:00:00,day_ahead
2017-06-01 14:00:00,343.4851502088776,solar,2017-05-31 23:00:00,day_ahead
2017-06-01 15:00:00,305.5150742341175,solar,2017-05-31 23:00:00,day_ahead
2017-06-01 16:00:00,245.0994968932662,solar,2017-05-31 23:00:00,day_ahead
2017-06-01 17:00:00,163.10013212782508,solar,2017-05-31 23:00:00,day_ahead
2017-06-01 18:00:00,71.5254941541811,solar,2017-05-31 23:00:00,day_ahead
2017-06-01 19:00:00,10.563846472021366,solar,2017-05-31 23:00:00,day_ahead
2017-06-01 20:00:00,0.0,solar,2017-05-31 23:00:00,day_ahead
2017-06-01 21:00:00,0.0,solar,2017-05-31 23:00:00,day_ahead
2017-06-01 22:00:00,0.0,solar,2017-05-31 23:00:00,day_ahead
2017-06-01 23:00:00,0.0,solar,2017-05-31 23:00:00,day_ahead
2017-06-02 00:00:00,0.0,solar,2017-06-01 23:00:00,day_ahead
2017-06-02 01:00:00,0.0,solar,2017-06-01 23:00:00,day_ahead
2017-06-02 02:00:00,0.0,solar,2017-06-01 23:00:00,day_ahead
2017-06-02 03:00:00,0.0,solar,2017-06-01 23:00:00,day_ahead
2017-06-02 04:00:00,0.0,solar,2017-06-01 23:00:00,day_ahead
2017-06-02 05:00:00,6.680449466980709,solar,2017-06-01 23:00:00,day_ahead
2017-06-02 06:00:00,60.42385623413149,solar,2017-06-01 23:00:00,day_ahead
2017-06-02 07:00:00,152.25066213319536,solar,2017-06-01 23:00:00,day_ahead
2017-06-02 08:00:00,224.18022328570225,solar,2017-06-01 23:00:00,day_ahead
2017-06-02 09:00:00,289.7690353410575,solar,2017-06-01 23:00:00,day_ahead
2017-06-02 10:00:00,331.27298052938363,solar,2017-06-01 23:00:00,day_ahead
2017-06-02 11:00:00,352.25839845859315,solar,2017-06-01 23:00:00,day_ahead
2017-06-02 12:00:00,358.61601087553913,solar,2017-06-01 23:00:00,day_ahead
2017-06-02 13:00:00,354.11365703356216,solar,2017-06-01 23:00:00,day_ahead
2017-06-02 14:00:00,333.337641527904,solar,2017-06-01 23:00:00,day_ahead
2017-06-02 15:00:00,296.3485785782201,solar,2017-06-01 23:00:00,day_ahead
2017-06-02 16:00:00,237.71182013468285,solar,2017-06-01 23:00:00,day_ahead
2017-06-02 17:00:00,158.09923259106458,solar,2017-06-01 23:00:00,day_ahead
2017-06-02 18:00:00,69.14350432885271,solar,2017-06-01 23:00:00,day_ahead
2017-06-02 19:00:00,10.186354255802156,solar,2017-06-01 23:00:00,day_ahead
2017-06-02 20:00:00,0.0,solar,2017-06-01 23:00:00,day_ahead
2017-06-02 21:00:00,0.0,solar,2017-06-01 23:00:00,day_ahead
2017-06-02 22:00:00,0.0,solar,2017-06-01 23:00:00,day_ahead
2017-06-02 23:00:00,0.0,solar,2017-06-01 23:00:00,day_ahead
2017-06-03 00:00:00,0.0,solar,2017-06-02 23:00:00,day_ahead
2017-06-03 01:00:00,0.0,solar,2017-06-02 23:00:00,day_ahead
2017-06-03 02:00:00,0.0,solar,2017-06-02 23:00:00,day_ahead
2017-06-03 03:00:00,0.0,solar,2017-06-02 23:00:00,day_ahead
2017-06-03 04:00:00,0.0,solar,2017-06-02 23:00:00,day_ahead
2017-06-03 05:00:00,6.6637442504178965,solar,2017-06-02 23:00:00,day_ahead
2017-06-03 06:00:00,60.417677956778114,solar,2017-06-02 23:00:00,day_ahead
2017-06-03 07:00:00,152.39916453249853,solar,2017-06-02 23:00:00,day_ahead
2017-06-03 08:00:00,224.51486773053418,solar,2017-06-02 23:00:00,day_ahead
2017-06-03 09:00:00,290.218921235751,solar,2017-06-02 23:00:00,day_ahead
2017-06-03 10:00:00,331.8492196486163,solar,2017-06-02 23:00:00,day_ahead
2017-06-03 11:00:00,352.9026052353346,solar,2017-06-02 23:00:00,day_ahead
2017-06-03 12:00:00,359.2152967799399,solar,2017-06-02 23:00:00,day_ahead
2017-06-03 13:00:00,354.647752343081,solar,2017-06-02 23:00:00,day_ahead
2017-06-03 14:00:00,333.83368953803904,solar,2017-06-02 23:00:00,day_ahead
2017-06-03 15:00:00,296.5521276002832,solar,2017-06-02 23:00:00,day_ahead
2017-06-03 16:00:00,237.944510850656,solar,2017-06-02 23:00:00,day_ahead
2017-06-03 17:00:00,158.09482200947707,solar,2017-06-02 23:00:00,day_ahead
2017-06-03 18:00:00,69.05732361643658,solar,2017-06-02 23:00:00,day_ahead
2017-06-03 19:00:00,10.134074028887936,solar,2017-06-02 23:00:00,day_ahead
2017-06-03 20:00:00,0.0,solar,2017-06-02 23:00:00,day_ahead
2017-06-03 21:00:00,0.0,solar,2017-06-02 23:00:00,day_ahead
2017-06-03 22:00:00,0.0,solar,2017-06-02 23:00:00,day_ahead
2017-06-03 23:00:00,0.0,solar,2017-06-02 23:00:00,day_ahead
2017-06-04 00:00:00,0.0,solar,2017-06-03 23:00:00,day_ahead
2017-06-04 01:00:00,0.0,solar,2017-06-03 23:00:00,day_ahead
2017-06-04 02:00:00,0.0,solar,2017-06-03 23:00:00,day_ahead
2017-06-04 03:00:00,0.0,solar,2017-06-03 23:00:00,day_ahead
2017-06-04 04:00:00,0.0,solar,2017-06-03 23:00:00,day_ahead
2017-06-04 05:00:00,6.696336502077983,solar,2017-06-03 23:00:00,day_ahead
2017-06-04 06:00:00,61.02424902487589,solar,2017-06-03 23:00:00,day_ahead
2017-06-04 07:00:00,154.63325240084782,solar,2017-06-03 23:00:00,day_ahead
2017-06-04 08:00:00,228.3446974559856,solar,2017-06-03 23:00:00,day_ahead
2017-06-04 09:00:00,295.3312245246565,solar,2017-06-03 23:00:00,day_ahead
2017-06-04 10:00:00,337.6515513322072,solar,2017-06-03 23:00:00,day_ahead
2017-06-04 11:00:00,359.03332027099356,solar,2017-06-03 23:00:00,day_ahead
2017-06-04 12:00:00,365.27931842237996,solar,2017-06-03 23:00:00,day_ahead
2017-06-04 13:00:00,360.5303973155134,solar,2017-06-03 23:00:00,day_ahead
2017-06-04 14:00:00,339.0409848450508,solar,2017-06-03 23:00:00,day_ahead
2017-06-04 15:00:00,301.03589035459567,solar,2017-06-03 23:00:00,day_ahead
2017-06-04 16:00:00,241.06255210799372,solar,2017-06-03 23:00:00,day_ahead
2017-06-04 17:00:00,159.9479065574708,solar,2017-06-03 23:00:00,day_ahead
2017-06-04 18:00:00,69.86082921209365,solar,2017-06-03 23:00:00,day_ahead
2017-06-04 19:00:00,10.265350818506636,solar,2017-06-03 23:00:00,day_ahead
2017-06-04 20:00:00,0.0,solar,2017-06-03 23:00:00,day_ahead
2017-06-04 21:00:00,0.0,solar,2017-06-03 23:00:00,day_ahead
2017-06-04 22:00:00,0.0,solar,2017-06-03 23:00:00,day_ahead
2017-06-04 23:00:00,0.0,solar,2017-06-03 23:00:00,day_ahead
2017-06-05 00:00:00,0.0,solar,2017-06-04 23:00:00,day_ahead
2017-06-05 01:00:00,0.0,solar,2017-06-04 23:00:00,day_ahead
2017-06-05 02:00:00,0.0,solar,2017-06-04 23:00:00,day_ahead
2017-06-05 03:00:00,0.0,solar,2017-06-04 23:00:00,day_ahead
2017-06-05 04:00:00,0.0,solar,2017-06-04 23:00:00,day_ahead
2017-06-05 05:00:00,6.739570390538656,solar,2017-06-04 23:00:00,day_ahead
2017-06-05 06:00:00,61.12522960760822,solar,2017-06-04 23:00:00,day_ahead
2017-06-05 07:00:00,154.88618192353803,solar,2017-06-04 23:00:00,day_ahead
2017-06-05 08:00:00,228.73071677072824,solar,2017-06-04 23:00:00,day_ahead
2017-06-05 09:00:00,295.97010440534115,solar,2017-06-04 23:00:00,day_ahead
2017-06-05 10:00:00,338.27282073511486,solar,2017-06-04 23:00:00,day_ahead
2017-06-05 11:00:00,359.5691939004833,solar,2017-06-04 23:00:00,day_ahead
2017-06-05 12:00:00,365.57268453148623,solar,2017-06-04 23:00:00,day_ahead
2017-06-05 13:00:00,360.76679655243686,solar,2017-06-04 23:00:00,day_ahead
2017-06-05 14:00:00,339.52693335518785,solar,2017-06-04 23:00:00,day_ahead
2017-06-05 15:00:00,301.5054869688897,solar,2017-06-04 23:00:00,day_ahead
2017-06-05 16:00:00,241.49639559535595,solar,2017-06-04 23:00:00,day_ahead
2017-06-05 17:00:00,160.20007275938434,solar,2017-06-04 23:00:00,day_ahead
2017-06-05 18:00:00,69.92315875835212,solar,2017-06-04 23:00:00,day_ahead
2017-06-05 19:00:00,10.253608030939706,solar,2017-06-04 23:00:00,day_ahead
2017-06-05 20:00:00,0.0,solar,2017-06-04 23:00:00,day_ahead
2017-06-05 21:00:00,0.0,solar,2017-06-04 23:00:00,day_ahead
2017-06-05 22:00:00,0.0,solar,2017-06-04 23:00:00,day_ahead
2017-06-05 23:00:00,0.0,solar,2017-06-04 23:00:00,day_ahead
2017-06-06 00:00:00,0.0,solar,2017-06-05 23:00:00,day_ahead
2017-06-06 01:00:00,0.0,solar,2017-06-05 23:00:00,day_ahead
2017-06-06 02:00:00,0.0,solar,2017-06-05 23:00:00,day_ahead
2017-06-06 03:00:00,0.0,solar,2017-06-05 23:00:00,day_ahead
2017-06-06 04:00:00,0.0,solar,2017-06-05 23:00:00,day_ahead
2017-06-06 05:00:00,6.713844152955318,solar,2017-06-05 23:00:00,day_ahead
2017-06-06 06:00:00,61.1248771163744,solar,2017-06-05 23:00:00,day_ahead
2017-06-06 07:00:00,154.8401574983188,solar,2017-06-05 23:00:00,day_ahead
2017-06-06 08:00:00,228.56708564738466,solar,2017-06-05 23:00:00,day_ahead
2017-06-06 09:00:00,295.6323446003589,solar,2017-06-05 23:00:00,day_ahead
2017-06-06 10:00:00,337.73144307314186,solar,2017-06-05 23:00:00,day_ahead
2017-06-06 11:00:00,358.9473822074422,solar,2017-06-05 23:00:00,day_ahead
2017-06-06 12:00:00,364.9065989716693,solar,2017-06-05 23:00:00,day_ahead
2017-06-06 13:00:00,360.0756357398104,solar,2017-06-05 23:00:00,day_ahead
2017-06-06 14:00:00,338.88336450118635,solar,2017-06-05 23:00:00,day_ahead
2017-06-06 15:00:00,300.92459092109357,solar,2017-06-05 23:00:00,day_ahead
2017-06-06 16:00:00,241.00727055435289,solar,2017-06-05 23:00:00,day_ahead
2017-06-06 17:00:00,159.83515759357232,solar,2017-06-05 23:00:00,day_ahead
2017-06-06 18:00:00,69.71658848244302,solar,2017-06-05 23:00:00,day_ahead
2017-06-06 19:00:00,10.196524895575745,solar,2017-06-05 23:00:00,day_ahead
2017-06-06 20:00:00,0.0,solar,2017-06-05 23:00:00,day_ahead
2017-06-06 21:00:00,0.0,solar,2017-06-05 23:00:00,day_ahead
2017-06-06 22:00:00,0.0,solar,2017-06-05 23:00:00,day_ahead
2017-06-06 23:00:00,0.0,solar,2017-06-05 23:00:00,day_ahead
2017-06-07 00:00:00,0.0,solar,2017-06-06 23:00:00,day_ahead
2017-06-07 01:00:00,0.0,solar,2017-06-06 23:00:00,day_ahead
2017-06-07 02:00:00,0.0,solar,2017-06-06 23:00:00,day_ahead
2017-06-07 03:00:00,0.0,solar,2017-06-06 23:00:00,day_ahead
2017-06-07 04:00:00,0.0,solar,2017-06-06 23:00:00,day_ahead
2017-06-07 05:00:00,6.634374002431823,solar,2017-06-06 23:00:00,day_ahead
2017-06-07 06:00:00,60.69130419780196,solar,2017-06-06 23:00:00,day_ahead
2017-06-07 07:00:00,153.34571137264325,solar,2017-06-06 23:00:00,day_ahead
2017-06-07 08:00:00,226.43443723903763,solar,2017-06-06 23:00:00,day_ahead
2017-06-07 09:00:00,292.56488022152814,solar,2017-06-06 23:00:00,day_ahead
2017-06-07 10:00:00,334.6168278239112,solar,2017-06-06 23:00:00,day_ahead
2017-06-07 11:00:00,356.52433683951324,solar,2017-06-06 23:00:00,day_ahead
2017-06-07 12:00:00,362.9041982662983,solar,2017-06-06 23:00:00,day_ahead
2017-06-07 13:00:00,358.17534432305604,solar,2017-06-06 23:00:00,day_ahead
2017-06-07 14:00:00,337.1501747921705,solar,2017-06-06 23:00:00,day_ahead
2017-06-07 15:00:00,299.43206746615795,solar,2017-06-06 23:00:00,day_ahead
2017-06-07 16:00:00,239.84506966941922,solar,2017-06-06 23:00:00,day_ahead
2017-06-07 17:00:00,159.0311679017865,solar,2017-06-06 23:00:00,day_ahead
2017-06-07 18:00:00,69.33512967716017,solar,2017-06-06 23:00:00,day_ahead
2017-06-07 19:00:00,10.137016830054234,solar,2017-06-06 23:00:00,day_ahead
2017-06-07 20:00:00,0.0,solar,2017-06-06 23:00:00,day_ahead
2017-06-07 21:00:00,0.0,solar,2017-06-06 23:00:00,day_ahead
2017-06-07 22:00:00,0.0,solar,2017-06-06 23:00:00,day_ahead
2017-06-07 23:00:00,0.0,solar,2017-06-06 23:00:00,day_ahead
2017-06-08 00:00:00,0.0,solar,2017-06-07 23:00:00,day_ahead
2017-06-08 01:00:00,0.0,solar,2017-06-07 23:00:00,day_ahead
2017-06-08 02:00:00,0.0,solar,2017-06-07 23:00:00,day_ahead
2017-06-08 03:00:00,0.0,solar,2017-06-07 23:00:00,day_ahead
2017-06-08 04:00:00,0.0,solar,2017-06-07 23:00:00,day_ahead
2017-06-08 05:00:00,6.617548664575606,solar,2017-06-07 23:00:00,day_ahead
2017-06-08 06:00:00,60.334341371909765,solar,2017-06-07 23:00:00,day_ahead
2017-06-08 07:00:00,152.31694314609186,solar,2017-06-07 23:00:00,day_ahead
2017-06-08 08:00:00,224.82229217546,solar,2017-06-07 23:00:00,day_ahead
2017-06-08 09:00:00,290.37840919316403,solar,2017-06-07 23:00:00,day_ahead
2017-06-08 10:00:00,331.98794951725614,solar,2017-06-07 23:00:00,day_ahead
2017-06-08 11:00:00,353.646247813609,solar,2017-06-07 23:00:00,day_ahead
2017-06-08 12:00:00,359.954384442503,solar,2017-06-07 23:00:00,day_ahead
2017-06-08 13:00:00,355.2439037401265,solar,2017-06-07 23:00:00,day_ahead
2017-06-08 14:00:00,334.4171529081964,solar,2017-06-07 23:00:00,day_ahead
2017-06-08 15:00:00,297.0104121448339,solar,2017-06-07 23:00:00,day_ahead
2017-06-08 16:00:00,237.92217887207224,solar,2017-06-07 23:00:00,day_ahead
2017-06-08 17:00:00,157.74900516860217,solar,2017-06-07 23:00:00,day_ahead
2017-06-08 18:00:00,68.73209075126348,solar,2017-06-07 23:00:00,day_ahead
2017-06-08 19:00:00,10.023675538549753,solar,2017-06-07 23:00:00,day_ahead
2017-06-08 20:00:00,0.0,solar,2017-06-07 23:00:00,day_ahead
2017-06-08 21:00:00,0.0,solar,2017-06-07 23:00:00,day_ahead
2017-06-08 22:00:00,0.0,solar,2017-06-07 23:00:00,day_ahead
2017-06-08 23:00:00,0.0,solar,2017-06-07 23:00:00,day_ahead
2017-06-09 00:00:00,0.0,solar,2017-06-08 23:00:00,day_ahead
2017-06-09 01:00:00,0.0,solar,2017-06-08 23:00:00,day_ahead
2017-06-09 02:00:00,0.0,solar,2017-06-08 23:00:00,day_ahead
2017-06-09 03:00:00,0.0,solar,2017-06-08 23:00:00,day_ahead
2017-06-09 04:00:00,0.0,solar,2017-06-08 23:00:00,day_ahead
2017-06-09 05:00:00,6.247913053274091,solar,2017-06-08 23:00:00,day_ahead
2017-06-09 06:00:00,56.7519242136257,solar,2017-06-08 23:00:00,day_ahead
2017-06-09 07:00:00,143.14406757499293,solar,2017-06-08 23:00:00,day_ahead
2017-06-09 08:00:00,211.1255741798125,solar,2017-06-08 23:00:00,day_ahead
2017-06-09 09:00:00,272.4535396769427,solar,2017-06-08 23:00:00,day_ahead
2017-06-09 10:00:00,311.2085947371031,solar,2017-06-08 23:00:00,day_ahead
2017-06-09 11:00:00,331.4250503454178,solar,2017-06-08 23:00:00,day_ahead
2017-06-09 12:00:00,337.09042940564683,solar,2017-06-08 23:00:00,day_ahead
2017-06-09 13:00:00,332.43706277401463,solar,2017-06-08 23:00:00,day_ahead
2017-06-09 14:00:00,312.72163204628396,solar,2017-06-08 23:00:00,day_ahead
2017-06-09 15:00:00,277.3599315838026,solar,2017-06-08 23:00:00,day_ahead
2017-06-09 16:00:00,222.25448544019375,solar,2017-06-08 23:00:00,day_ahead
2017-06-09 17:00:00,147.5194404790248,solar,2017-06-08 23:00:00,day_ahead
2017-06-09 18:00:00,64.3502541856168,solar,2017-06-08 23:00:00,day_ahead
2017-06-09 19:00:00,9.370227636039848,solar,2017-06-08 23:00:00,day_ahead
2017-06-09 20:00:00,0.0,solar,2017-06-08 23:00:00,day_ahead
2017-06-09 21:00:00,0.0,solar,2017-06-08 23:00:00,day_ahead
2017-06-09 22:00:00,0.0,solar,2017-06-08 23:00:00,day_ahead
2017-06-09 23:00:00,0.0,solar,2017-06-08 23:00:00,day_ahead
2017-06-10 00:00:00,0.0,solar,2017-06-09 23:00:00,day_ahead
2017-06-10 01:00:00,0.0,solar,2017-06-09 23:00:00,day_ahead
2017-06-10 02:00:00,0.0,solar,2017-06-09 23:00:00,day_ahead
2017-06-10 03:00:00,0.0,solar,2017-06-09 23:00:00,day_ahead
2017-06-10 04:00:00,0.0,solar,2017-06-09 23:00:00,day_ahead
2017-06-10 05:00:00,6.443920369511223,solar,2017-06-09 23:00:00,day_ahead
2017-06-10 06:00:00,58.71472797913061,solar,2017-06-09 23:00:00,day_ahead
2017-06-10 07:00:00,148.49933539893678,solar,2017-06-09 23:00:00,day_ahead
2017-06-10 08:00:00,219.30787062990746,solar,2017-06-09 23:00:00,day_ahead
2017-06-10 09:00:00,283.14147034460154,solar,2017-06-09 23:00:00,day_ahead
2017-06-10 10:00:00,323.33169020706725,solar,2017-06-09 23:00:00,day_ahead
2017-06-10 11:00:00,344.30017836908235,solar,2017-06-09 23:00:00,day_ahead
2017-06-10 12:00:00,350.2041508303396,solar,2017-06-09 23:00:00,day_ahead
2017-06-10 13:00:00,345.42247434475416,solar,2017-06-09 23:00:00,day_ahead
2017-06-10 14:00:00,324.8794476483663,solar,2017-06-09 23:00:00,day_ahead
2017-06-10 15:00:00,287.8898751216872,solar,2017-06-09 23:00:00,day_ahead
2017-06-10 16:00:00,230.6467716656557,solar,2017-06-09 23:00:00,day_ahead
2017-06-10 17:00:00,152.97789466113707,solar,2017-06-09 23:00:00,day_ahead
2017-06-10 18:00:00,66.72736341857996,solar,2017-06-09 23:00:00,day_ahead
2017-06-10 19:00:00,9.714140006445449,solar,2017-06-09 23:00:00,day_ahead
2017-06-10 20:00:00,0.0,solar,2017-06-09 23:00:00,day_ahead
2017-06-10 21:00:00,0.0,solar,2017-06-09 23:00:00,day_ahead
2017-06-10 22:00:00,0.0,solar,2017-06-09 23:00:00,day_ahead
2017-06-10 23:00:00,0.0,solar,2017-06-09 23:00:00,day_ahead
2017-06-11 00:00:00,0.0,solar,2017-06-10 23:00:00,day_ahead
2017-06-11 01:00:00,0.0,solar,2017-06-10 23:00:00,day_ahead
2017-06-11 02:00:00,0.0,solar,2017-06-10 23:00:00,day_ahead
2017-06-11 03:00:00,0.0,solar,2017-06-10 23:00:00,day_ahead
2017-06-11 04:00:00,0.0,solar,2017-06-10 23:00:00,day_ahead
2017-06-11 05:00:00,6.595234657199804,solar,2017-06-10 23:00:00,day_ahead
2017-06-11 06:00:00,59.80291183327133,solar,2017-06-10 23:00:00,day_ahead
2017-06-11 07:00:00,150.9833720033652,solar,2017-06-10 23:00:00,day_ahead
2017-06-11 08:00:00,222.77761568444095,solar,2017-06-10 23:00:00,day_ahead
2017-06-11 09:00:00,287.6187069188722,solar,2017-06-10 23:00:00,day_ahead
2017-06-11 10:00:00,328.3865147997329,solar,2017-06-10 23:00:00,day_ahead
2017-06-11 11:00:00,349.6955225495684,solar,2017-06-10 23:00:00,day_ahead
2017-06-11 12:00:00,355.64927965470537,solar,2017-06-10 23:00:00,day_ahead
2017-06-11 13:00:00,350.74699347443766,solar,2017-06-10 23:00:00,day_ahead
2017-06-11 14:00:00,329.9076588450314,solar,2017-06-10 23:00:00,day_ahead
2017-06-11 15:00:00,292.4164141596502,solar,2017-06-10 23:00:00,day_ahead
2017-06-11 16:00:00,234.31760519207248,solar,2017-06-10 23:00:00,day_ahead
2017-06-11 17:00:00,155.43879435699142,solar,2017-06-10 23:00:00,day_ahead
2017-06-11 18:00:00,67.7956633936279,solar,2017-06-10 23:00:00,day_ahead
2017-06-11 19:00:00,9.854533572846972,solar,2017-06-10 23:00:00,day_ahead
2017-06-11 20:00:00,0.0,solar,2017-06-10 23:00:00,day_ahead
2017-06-11 21:00:00,0.0,solar,2017-06-10 23:00:00,day_ahead
2017-06-11 22:00:00,0.0,solar,2017-06-10 23:00:00,day_ahead
2017-06-11 23:00:00,0.0,solar,2017-06-10 23:00:00,day_ahead
2017-06-12 00:00:00,0.0,solar,2017-06-11 23:00:00,day_ahead
2017-06-12 01:00:00,0.0,solar,2017-06-11 23:00:00,day_ahead
2017-06-12 02:00:00,0.0,solar,2017-06-11 23:00:00,day_ahead
2017-06-12 03:00:00,0.0,solar,2017-06-11 23:00:00,day_ahead
2017-06-12 04:00:00,0.0,solar,2017-06-11 23:00:00,day_ahead
2017-06-12 05:00:00,6.611536103516761,solar,2017-06-11 23:00:00,day_ahead
2017-06-12 06:00:00,59.67211057336995,solar,2017-06-11 23:00:00,day_ahead
2017-06-12 07:00:00,150.85558753922805,solar,2017-06-11 23:00:00,day_ahead
2017-06-12 08:00:00,222.64080539194683,solar,2017-06-11 23:00:00,day_ahead
2017-06-12 09:00:00,287.3192591785085,solar,2017-06-11 23:00:00,day_ahead
2017-06-12 10:00:00,328.010357788878,solar,2017-06-11 23:00:00,day_ahead
2017-06-12 11:00:00,349.33148403200295,solar,2017-06-11 23:00:00,day_ahead
2017-06-12 12:00:00,355.3538668849544,solar,2017-06-11 23:00:00,day_ahead
2017-06-12 13:00:00,350.53853323497555,solar,2017-06-11 23:00:00,day_ahead
2017-06-12 14:00:00,329.76571318308174,solar,2017-06-11 23:00:00,day_ahead
2017-06-12 15:00:00,292.3026204738333,solar,2017-06-11 23:00:00,day_ahead
2017-06-12 16:00:00,234.23798686489476,solar,2017-06-11 23:00:00,day_ahead
2017-06-12 17:00:00,155.37340757235586,solar,2017-06-11 23:00:00,day_ahead
2017-06-12 18:00:00,67.7318261830293,solar,2017-06-11 23:00:00,day_ahead
2017-06-12 19:00:00,9.836789958905412,solar,2017-06-11 23:00:00,day_ahead
2017-06-12 20:00:00,0.0,solar,2017-06-11 23:00:00,day_ahead
2017-06-12 21:00:00,0.0,solar,2017-06-11 23:00:00,day_ahead
2017-06-12 22:00:00,0.0,solar,2017-06-11 23:00:00,day_ahead
2017-06-12 23:00:00,0.0,solar,2017-06-11 23:00:00,day_ahead
2017-06-13 00:00:00,0.0,solar,2017-06-12 23:00:00,day_ahead
2017-06-13 01:00:00,0.0,solar,2017-06-12 23:00:00,day_ahead
2017-06-13 02:00:00,0.0,solar,2017-06-12 23:00:00,day_ahead
2017-06-13 03:00:00,0.0,solar,2017-06-12 23:00:00,day_ahead
2017-06-13 04:00:00,0.0,solar,2017-06-12 23:00:00,day_ahead
2017-06-13 05:00:00,6.572322382760912,solar,2017-06-12 23:00:00,day_ahead
2017-06-13 06:00:00,59.28436439644561,solar,2017-06-12 23:00:00,day_ahead
2017-06-13 07:00:00,149.7991536012216,solar,2017-06-12 23:00:00,day_ahead
2017-06-13 08:00:00,221.10810298646095,solar,2017-06-12 23:00:00,day_ahead
2017-06-13 09:00:00,285.27636687055235,solar,2017-06-12 23:00:00,day_ahead
2017-06-13 10:00:00,325.62171927189087,solar,2017-06-12 23:00:00,day_ahead
2017-06-13 11:00:00,346.7488955727585,solar,2017-06-12 23:00:00,day_ahead
2017-06-13 12:00:00,352.7564740126677,solar,2017-06-12 23:00:00,day_ahead
2017-06-13 13:00:00,347.95681076298087,solar,2017-06-12 23:00:00,day_ahead
2017-06-13 14:00:00,327.3368918000767,solar,2017-06-12 23:00:00,day_ahead
2017-06-13 15:00:00,290.13731215228256,solar,2017-06-12 23:00:00,day_ahead
2017-06-13 16:00:00,232.48614138916233,solar,2017-06-12 23:00:00,day_ahead
2017-06-13 17:00:00,154.147294116153,solar,2017-06-12 23:00:00,day_ahead
2017-06-13 18:00:00,67.07477529324115,solar,2017-06-12 23:00:00,day_ahead
2017-06-13 19:00:00,9.701685036404976,solar,2017-06-12 23:00:00,day_ahead
2017-06-13 20:00:00,0.0,solar,2017-06-12 23:00:00,day_ahead
2017-06-13 21:00:00,0.0,solar,2017-06-12 23:00:00,day_ahead
2017-06-13 22:00:00,0.0,solar,2017-06-12 23:00:00,day_ahead
2017-06-13 23:00:00,0.0,solar,2017-06-12 23:00:00,day_ahead
2017-06-14 00:00:00,0.0,solar,2017-06-13 23:00:00,day_ahead
2017-06-14 01:00:00,0.0,solar,2017-06-13 23:00:00,day_ahead
2017-06-14 02:00:00,0.0,solar,2017-06-13 23:00:00,day_ahead
2017-06-14 03:00:00,0.0,solar,2017-06-13 23:00:00,day_ahead
2017-06-14 04:00:00,0.0,solar,2017-06-13 23:00:00,day_ahead
2017-06-14 05:00:00,6.3229543936462855,solar,2017-06-13 23:00:00,day_ahead
2017-06-14 06:00:00,57.30451405700971,solar,2017-06-13 23:00:00,day_ahead
2017-06-14 07:00:00,144.96322889828667,solar,2017-06-13 23:00:00,day_ahead
2017-06-14 08:00:00,213.96812366531933,solar,2017-06-13 23:00:00,day_ahead
2017-06-14 09:00:00,276.0128858571304,solar,2017-06-13 23:00:00,day_ahead
2017-06-14 10:00:00,315.18774132673735,solar,2017-06-13 23:00:00,day_ahead
2017-06-14 11:00:00,335.76191333002515,solar,2017-06-13 23:00:00,day_ahead
2017-06-14 12:00:00,341.3998623241088,solar,2017-06-13 23:00:00,day_ahead
2017-06-14 13:00:00,336.7717971498054,solar,2017-06-13 23:00:00,day_ahead
2017-06-14 14:00:00,316.9512790427242,solar,2017-06-13 23:00:00,day_ahead
2017-06-14 15:00:00,281.0119908587928,solar,2017-06-13 23:00:00,day_ahead
2017-06-14 16:00:00,225.292360068076,solar,2017-06-13 23:00:00,day_ahead
2017-06-14 17:00:00,149.36633333953796,solar,2017-06-13 23:00:00,day_ahead
2017-06-14 18:00:00,64.96995065550256,solar,2017-06-13 23:00:00,day_ahead
2017-06-14 19:00:00,9.395732386436004,solar,2017-06-13 23:00:00,day_ahead
2017-06-14 20:00:00,0.0,solar,2017-06-13 23:00:00,day_ahead
2017-06-14 21:00:00,0.0,solar,2017-06-13 23:00:00,day_ahead
2017-06-14 22:00:00,0.0,solar,2017-06-13 23:00:00,day_ahead
2017-06-14 23:00:00,0.0,solar,2017-06-13 23:00:00,day_ahead
2017-06-15 00:00:00,0.0,solar,2017-06-14 23:00:00,day_ahead
2017-06-15 01:00:00,0.0,solar,2017-06-14 23:00:00,day_ahead
2017-06-15 02:00:00,0.0,solar,2017-06-14 23:00:00,day_ahead
2017-06-15 03:00:00,0.0,solar,2017-06-14 23:00:00,day_ahead
2017-06-15 04:00:00,0.0,solar,2017-06-14 23:00:00,day_ahead
2017-06-15 05:00:00,6.55990353871357,solar,2017-06-14 23:00:00,day_ahead
2017-06-15 06:00:00,59.4185456680071,solar,2017-06-14 23:00:00,day_ahead
2017-06-15 07:00:00,150.3301212880288,solar,2017-06-14 23:00:00,day_ahead
2017-06-15 08:00:00,221.96682963829676,solar,2017-06-14 23:00:00,day_ahead
2017-06-15 09:00:00,286.5414050818214,solar,2017-06-14 23:00:00,day_ahead
2017-06-15 10:00:00,327.2899074230354,solar,2017-06-14 23:00:00,day_ahead
2017-06-15 11:00:00,348.6953642887395,solar,2017-06-14 23:00:00,day_ahead
2017-06-15 12:00:00,354.5393575489339,solar,2017-06-14 23:00:00,day_ahead
2017-06-15 13:00:00,349.7157859669583,solar,2017-06-14 23:00:00,day_ahead
2017-06-15 14:00:00,329.1503644087381,solar,2017-06-14 23:00:00,day_ahead
2017-06-15 15:00:00,291.78470157225695,solar,2017-06-14 23:00:00,day_ahead
2017-06-15 16:00:00,234.03171031614798,solar,2017-06-14 23:00:00,day_ahead
2017-06-15 17:00:00,155.0856480909316,solar,2017-06-14 23:00:00,day_ahead
2017-06-15 18:00:00,67.40733530845414,solar,2017-06-14 23:00:00,day_ahead
2017-06-15 19:00:00,9.735006376347652,solar,2017-06-14 23:00:00,day_ahead
2017-06-15 20:00:00,0.0,solar,2017-06-14 23:00:00,day_ahead
2017-06-15 21:00:00,0.0,solar,2017-06-14 23:00:00,day_ahead
2017-06-15 22:00:00,0.0,solar,2017-06-14 23:00:00,day_ahead
2017-06-15 23:00:00,0.0,solar,2017-06-14 23:00:00,day_ahead
2017-06-16 00:00:00,0.0,solar,2017-06-15 23:00:00,day_ahead
2017-06-16 01:00:00,0.0,solar,2017-06-15 23:00:00,day_ahead
2017-06-16 02:00:00,0.0,solar,2017-06-15 23:00:00,day_ahead
2017-06-16 03:00:00,0.0,solar,2017-06-15 23:00:00,day_ahead
2017-06-16 04:00:00,0.0,solar,2017-06-15 23:00:00,day_ahead
2017-06-16 05:00:00,6.51661301954709,solar,2017-06-15 23:00:00,day_ahead
2017-06-16 06:00:00,59.13009899693827,solar,2017-06-15 23:00:00,day_ahead
2017-06-16 07:00:00,149.6663442178007,solar,2017-06-15 23:00:00,day_ahead
2017-06-16 08:00:00,221.14490095184289,solar,2017-06-15 23:00:00,day_ahead
2017-06-16 09:00:00,285.49205927841183,solar,2017-06-15 23:00:00,day_ahead
2017-06-16 10:00:00,326.0918641356487,solar,2017-06-15 23:00:00,day_ahead
2017-06-16 11:00:00,347.41904251905606,solar,2017-06-15 23:00:00,day_ahead
2017-06-16 12:00:00,353.2183555314982,solar,2017-06-15 23:00:00,day_ahead
2017-06-16 13:00:00,348.3819261281756,solar,2017-06-15 23:00:00,day_ahead
2017-06-16 14:00:00,327.9075187181206,solar,2017-06-15 23:00:00,day_ahead
2017-06-16 15:00:00,290.72768131917235,solar,2017-06-15 23:00:00,day_ahead
2017-06-16 16:00:00,233.19474333258694,solar,2017-06-15 23:00:00,day_ahead
2017-06-16 17:00:00,154.50309140942142,solar,2017-06-15 23:00:00,day_ahead
2017-06-16 18:00:00,67.10529696605788,solar,2017-06-15 23:00:00,day_ahead
2017-06-16 19:00:00,9.678556597454191,solar,2017-06-15 23:00:00,day_ahead
2017-06-16 20:00:00,0.0,solar,2017-06-15 23:00:00,day_ahead
2017-06-16 21:00:00,0.0,solar,2017-06-15 23:00:00,day_ahead
2017-06-16 22:00:00,0.0,solar,2017-06-15 23:00:00,day_ahead
2017-06-16 23:00:00,0.0,solar,2017-06-15 23:00:00,day_ahead
2017-06-17 00:00:00,0.0,solar,2017-06-16 23:00:00,day_ahead
2017-06-17 01:00:00,0.0,solar,2017-06-16 23:00:00,day_ahead
2017-06-17 02:00:00,0.0,solar,2017-06-16 23:00:00,day_ahead
2017-06-17 03:00:00,0.0,solar,2017-06-16 23:00:00,day_ahead
2017-06-17 04:00:00,0.0,solar,2017-06-16 23:00:00,day_ahead
2017-06-17 05:00:00,6.43289605973921,solar,2017-06-16 23:00:00,day_ahead
2017-06-17 06:00:00,58.37890086489789,solar,2017-06-16 23:00:00,day_ahead
2017-06-17 07:00:00,147.80259661817115,solar,2017-06-16 23:00:00,day_ahead
2017-06-17 08:00:00,218.49925768617146,solar,2017-06-16 23:00:00,day_ahead
2017-06-17 09:00:00,282.05852631440854,solar,2017-06-16 23:00:00,day_ahead
2017-06-17 10:00:00,322.0811016423823,solar,2017-06-16 23:00:00,day_ahead
2017-06-17 11:00:00,343.14023670379987,solar,2017-06-16 23:00:00,day_ahead
2017-06-17 12:00:00,348.8349209353989,solar,2017-06-16 23:00:00,day_ahead
2017-06-17 13:00:00,344.06665243298687,solar,2017-06-16 23:00:00,day_ahead
2017-06-17 14:00:00,323.8527260841619,solar,2017-06-16 23:00:00,day_ahead
2017-06-17 15:00:00,287.15224256390115,solar,2017-06-16 23:00:00,day_ahead
2017-06-17 16:00:00,230.32969785845162,solar,2017-06-16 23:00:00,day_ahead
2017-06-17 17:00:00,152.58638510373493,solar,2017-06-16 23:00:00,day_ahead
2017-06-17 18:00:00,66.1437149839917,solar,2017-06-16 23:00:00,day_ahead
2017-06-17 19:00:00,9.55575129348698,solar,2017-06-16 23:00:00,day_ahead
2017-06-17 20:00:00,0.0,solar,2017-06-16 23:00:00,day_ahead
2017-06-17 21:00:00,0.0,solar,2017-06-16 23:00:00,day_ahead
2017-06-17 22:00:00,0.0,solar,2017-06-16 23:00:00,day_ahead
2017-06-17 23:00:00,0.0,solar,2017-06-16 23:00:00,day_ahead
2017-06-18 00:00:00,0.0,solar,2017-06-17 23:00:00,day_ahead
2017-06-18 01:00:00,0.0,solar,2017-06-17 23:00:00,day_ahead
2017-06-18 02:00:00,0.0,solar,2017-06-17 23:00:00,day_ahead
2017-06-18 03:00:00,0.0,solar,2017-06-17 23:00:00,day_ahead
2017-06-18 04:00:00,0.0,solar,2017-06-17 23:00:00,day_ahead
2017-06-18 05:00:00,6.349838244821767,solar,2017-06-17 23:00:00,day_ahead
2017-06-18 06:00:00,57.67993593862735,solar,2017-06-17 23:00:00,day_ahead
2017-06-18 07:00:00,145.98653436526894,solar,2017-06-17 23:00:00,day_ahead
2017-06-18 08:00:00,215.71162741741588,solar,2017-06-17 23:00:00,day_ahead
2017-06-18 09:00:00,278.27246148119843,solar,2017-06-17 23:00:00,day_ahead
2017-06-18 10:00:00,317.8453781086275,solar,2017-06-17 23:00:00,day_ahead
2017-06-18 11:00:00,338.7103464335178,solar,2017-06-17 23:00:00,day_ahead
2017-06-18 12:00:00,344.30029494610136,solar,2017-06-17 23:00:00,day_ahead
2017-06-18 13:00:00,339.5862561757771,solar,2017-06-17 23:00:00,day_ahead
2017-06-18 14:00:00,319.58211351607997,solar,2017-06-17 23:00:00,day_ahead
2017-06-18 15:00:00,282.9022185566783,solar,2017-06-17 23:00:00,day_ahead
2017-06-18 16:00:00,226.870862991234,solar,2017-06-17 23:00:00,day_ahead
2017-06-18 17:00:00,150.00622225649548,solar,2017-06-17 23:00:00,day_ahead
2017-06-18 18:00:00,64.92788080506233,solar,2017-06-17 23:00:00,day_ahead
2017-06-18 19:00:00,9.381236185162262,solar,2017-06-17 23:00:00,day_ahead
2017-06-18 20:00:00,0.0,solar,2017-06-17 23:00:00,day_ahead
2017-06-18 21:00:00,0.0,solar,2017-06-17 23:00:00,day_ahead
2017-06-18 22:00:00,0.0,solar,2017-06-17 23:00:00,day_ahead
2017-06-18 23:00:00,0.0,solar,2017-06-17 23:00:00,day_ahead
2017-06-19 00:00:00,0.0,solar,2017-06-18 23:00:00,day_ahead
2017-06-19 01:00:00,0.0,solar,2017-06-18 23:00:00,day_ahead
2017-06-19 02:00:00,0.0,solar,2017-06-18 23:00:00,day_ahead
2017-06-19 03:00:00,0.0,solar,2017-06-18 23:00:00,day_ahead
2017-06-19 04:00:00,0.0,solar,2017-06-18 23:00:00,day_ahead
2017-06-19 05:00:00,6.289530831082632,solar,2017-06-18 23:00:00,day_ahead
2017-06-19 06:00:00,57.139726655300315,solar,2017-06-18 23:00:00,day_ahead
2017-06-19 07:00:00,144.4929407469095,solar,2017-06-18 23:00:00,day_ahead
2017-06-19 08:00:00,213.52315290060466,solar,2017-06-18 23:00:00,day_ahead
2017-06-19 09:00:00,275.4540838537143,solar,2017-06-18 23:00:00,day_ahead
2017-06-19 10:00:00,314.7610518522118,solar,2017-06-18 23:00:00,day_ahead
2017-06-19 11:00:00,335.3702980830743,solar,2017-06-18 23:00:00,day_ahead
2017-06-19 12:00:00,340.9668601119244,solar,2017-06-18 23:00:00,day_ahead
2017-06-19 13:00:00,336.2032849251214,solar,2017-06-18 23:00:00,day_ahead
2017-06-19 14:00:00,316.3746557881231,solar,2017-06-18 23:00:00,day_ahead
2017-06-19 15:00:00,280.1247845707596,solar,2017-06-18 23:00:00,day_ahead
2017-06-19 16:00:00,224.6222908257274,solar,2017-06-18 23:00:00,day_ahead
2017-06-19 17:00:00,148.47938310860584,solar,2017-06-18 23:00:00,day_ahead
2017-06-19 18:00:00,64.27243982428192,solar,2017-06-18 23:00:00,day_ahead
2017-06-19 19:00:00,9.26925827949298,solar,2017-06-18 23:00:00,day_ahead
2017-06-19 20:00:00,0.0,solar,2017-06-18 23:00:00,day_ahead
2017-06-19 21:00:00,0.0,solar,2017-06-18 23:00:00,day_ahead
2017-06-19 22:00:00,0.0,solar,2017-06-18 23:00:00,day_ahead
2017-06-19 23:00:00,0.0,solar,2017-06-18 23:00:00,day_ahead
2017-06-20 00:00:00,0.0,solar,2017-06-19 23:00:00,day_ahead
2017-06-20 01:00:00,0.0,solar,2017-06-19 23:00:00,day_ahead
2017-06-20 02:00:00,0.0,solar,2017-06-19 23:00:00,day_ahead
2017-06-20 03:00:00,0.0,solar,2017-06-19 23:00:00,day_ahead
2017-06-20 04:00:00,0.0,solar,2017-06-19 23:00:00,day_ahead
2017-06-20 05:00:00,6.2148580663936634,solar,2017-06-19 23:00:00,day_ahead
2017-06-20 06:00:00,56.40806756462487,solar,2017-06-19 23:00:00,day_ahead
2017-06-20 07:00:00,142.57806356569316,solar,2017-06-19 23:00:00,day_ahead
2017-06-20 08:00:00,210.75841010047228,solar,2017-06-19 23:00:00,day_ahead
2017-06-20 09:00:00,272.07959360260935,solar,2017-06-19 23:00:00,day_ahead
2017-06-20 10:00:00,310.9167630224163,solar,2017-06-19 23:00:00,day_ahead
2017-06-20 11:00:00,331.18964379123105,solar,2017-06-19 23:00:00,day_ahead
2017-06-20 12:00:00,336.75318125506675,solar,2017-06-19 23:00:00,day_ahead
2017-06-20 13:00:00,332.0896083750741,solar,2017-06-19 23:00:00,day_ahead
2017-06-20 14:00:00,312.445506912064,solar,2017-06-19 23:00:00,day_ahead
2017-06-20 15:00:00,276.7164367184827,solar,2017-06-19 23:00:00,day_ahead
2017-06-20 16:00:00,221.9787612339492,solar,2017-06-19 23:00:00,day_ahead
2017-06-20 17:00:00,146.70611285273358,solar,2017-06-19 23:00:00,day_ahead
2017-06-20 18:00:00,63.48528072922173,solar,2017-06-19 23:00:00,day_ahead
2017-06-20 19:00:00,9.1617310067045,solar,2017-06-19 23:00:00,day_ahead
2017-06-20 20:00:00,0.0,solar,2017-06-19 23:00:00,day_ahead
2017-06-20 21:00:00,0.0,solar,2017-06-19 23:00:00,day_ahead
2017-06-20 22:00:00,0.0,solar,2017-06-19 23:00:00,day_ahead
2017-06-20 23:00:00,0.0,solar,2017-06-19 23:00:00,day_ahead
2017-06-21 00:00:00,0.0,solar,2017-06-20 23:00:00,day_ahead
2017-06-21 01:00:00,0.0,solar,2017-06-20 23:00:00,day_ahead
2017-06-21 02:00:00,0.0,solar,2017-06-20 23:00:00,day_ahead
2017-06-21 03:00:00,0.0,solar,2017-06-20 23:00:00,day_ahead
2017-06-21 04:00:00,0.0,solar,2017-06-20 23:00:00,day_ahead
2017-06-21 05:00:00,6.434065927930204,solar,2017-06-20 23:00:00,day_ahead
2017-06-21 06:00:00,58.391873850290274,solar,2017-06-20 23:00:00,day_ahead
2017-06-21 07:00:00,147.64867216356998,solar,2017-06-20 23:00:00,day_ahead
2017-06-21 08:00:00,218.29839813653126,solar,2017-06-20 23:00:00,day_ahead
2017-06-21 09:00:00,281.80480131296184,solar,2017-06-20 23:00:00,day_ahead
2017-06-21 10:00:00,322.03052929708616,solar,2017-06-20 23:00:00,day_ahead
2017-06-21 11:00:00,343.03624742541837,solar,2017-06-20 23:00:00,day_ahead
2017-06-21 12:00:00,348.8038467534609,solar,2017-06-20 23:00:00,day_ahead
2017-06-21 13:00:00,343.9445487311201,solar,2017-06-20 23:00:00,day_ahead
2017-06-21 14:00:00,323.58216255252876,solar,2017-06-20 23:00:00,day_ahead
2017-06-21 15:00:00,286.6366393432681,solar,2017-06-20 23:00:00,day_ahead
2017-06-21 16:00:00,229.92896876767952,solar,2017-06-20 23:00:00,day_ahead
2017-06-21 17:00:00,151.93488546078606,solar,2017-06-20 23:00:00,day_ahead
2017-06-21 18:00:00,65.7457207553281,solar,2017-06-20 23:00:00,day_ahead
2017-06-21 19:00:00,9.48679487846219,solar,2017-06-20 23:00:00,day_ahead
2017-06-21 20:00:00,0.0,solar,2017-06-20 23:00:00,day_ahead
2017-06-21 21:00:00,0.0,solar,2017-06-20 23:00:00,day_ahead
2017-06-21 22:00:00,0.0,solar,2017-06-20 23:00:00,day_ahead
2017-06-21 23:00:00,0.0,solar,2017-06-20 23:00:00,day_ahead
2017-06-22 00:00:00,0.0,solar,2017-06-21 23:00:00,day_ahead
2017-06-22 01:00:00,0.0,solar,2017-06-21 23:00:00,day_ahead
2017-06-22 02:00:00,0.0,solar,2017-06-21 23:00:00,day_ahead
2017-06-22 03:00:00,0.0,solar,2017-06-21 23:00:00,day_ahead
2017-06-22 04:00:00,0.0,solar,2017-06-21 23:00:00,day_ahead
2017-06-22 05:00:00,6.197790021627147,solar,2017-06-21 23:00:00,day_ahead
2017-06-22 06:00:00,56.317503929744085,solar,2017-06-21 23:00:00,day_ahead
2017-06-22 07:00:00,142.3550020913947,solar,2017-06-21 23:00:00,day_ahead
2017-06-22 08:00:00,210.49942959007137,solar,2017-06-21 23:00:00,day_ahead
2017-06-22 09:00:00,271.7081461968336,solar,2017-06-21 23:00:00,day_ahead
2017-06-22 10:00:00,310.7225146347715,solar,2017-06-21 23:00:00,day_ahead
2017-06-22 11:00:00,331.2807852562463,solar,2017-06-21 23:00:00,day_ahead
2017-06-22 12:00:00,337.0097814662554,solar,2017-06-21 23:00:00,day_ahead
2017-06-22 13:00:00,332.49665240254893,solar,2017-06-21 23:00:00,day_ahead
2017-06-22 14:00:00,312.9964817819865,solar,2017-06-21 23:00:00,day_ahead
2017-06-22 15:00:00,277.28559527760524,solar,2017-06-21 23:00:00,day_ahead
2017-06-22 16:00:00,222.46871874759705,solar,2017-06-21 23:00:00,day_ahead
2017-06-22 17:00:00,146.88554197457577,solar,2017-06-21 23:00:00,day_ahead
2017-06-22 18:00:00,63.6119714104891,solar,2017-06-21 23:00:00,day_ahead
2017-06-22 19:00:00,9.199995273360784,solar,2017-06-21 23:00:00,day_ahead
2017-06-22 20:00:00,0.0,solar,2017-06-21 23:00:00,day_ahead
2017-06-22 21:00:00,0.0,solar,2017-06-21 23:00:00,day_ahead
2017-06-22 22:00:00,0.0,solar,2017-06-21 23:00:00,day_ahead
2017-06-22 23:00:00,0.0,solar,2017-06-21 23:00:00,day_ahead
2017-06-23 00:00:00,0.0,solar,2017-06-22 23:00:00,day_ahead
2017-06-23 01:00:00,0.0,solar,2017-06-22 23:00:00,day_ahead
2017-06-23 02:00:00,0.0,solar,2017-06-22 23:00:00,day_ahead
2017-06-23 03:00:00,0.0,solar,2017-06-22 23:00:00,day_ahead
2017-06-23 04:00:00,0.0,solar,2017-06-22 23:00:00,day_ahead
2017-06-23 05:00:00,6.533853905403594,solar,2017-06-22 23:00:00,day_ahead
2017-06-23 06:00:00,59.352076885248195,solar,2017-06-22 23:00:00,day_ahead
2017-06-23 07:00:00,149.97592253328642,solar,2017-06-22 23:00:00,day_ahead
2017-06-23 08:00:00,221.82768186020803,solar,2017-06-22 23:00:00,day_ahead
2017-06-23 09:00:00,286.4264014017998,solar,2017-06-22 23:00:00,day_ahead
2017-06-23 10:00:00,327.7829940174846,solar,2017-06-22 23:00:00,day_ahead
2017-06-23 11:00:00,349.55664226183336,solar,2017-06-22 23:00:00,day_ahead
2017-06-23 12:00:00,355.6516534849279,solar,2017-06-22 23:00:00,day_ahead
2017-06-23 13:00:00,350.9232987961576,solar,2017-06-22 23:00:00,day_ahead
2017-06-23 14:00:00,330.40172153386345,solar,2017-06-22 23:00:00,day_ahead
2017-06-23 15:00:00,292.74938417191447,solar,2017-06-22 23:00:00,day_ahead
2017-06-23 16:00:00,234.88665908167658,solar,2017-06-22 23:00:00,day_ahead
2017-06-23 17:00:00,155.09570427872305,solar,2017-06-22 23:00:00,day_ahead
2017-06-23 18:00:00,67.17805122672054,solar,2017-06-22 23:00:00,day_ahead
2017-06-23 19:00:00,9.724857834412566,solar,2017-06-22 23:00:00,day_ahead
2017-06-23 20:00:00,0.0,solar,2017-06-22 23:00:00,day_ahead
2017-06-23 21:00:00,0.0,solar,2017-06-22 23:00:00,day_ahead
2017-06-23 22:00:00,0.0,solar,2017-06-22 23:00:00,day_ahead
2017-06-23 23:00:00,0.0,solar,2017-06-22 23:00:00,day_ahead
2017-06-24 00:00:00,0.0,solar,2017-06-23 23:00:00,day_ahead
2017-06-24 01:00:00,0.0,solar,2017-06-23 23:00:00,day_ahead
2017-06-24 02:00:00,0.0,solar,2017-06-23 23:00:00,day_ahead
2017-06-24 03:00:00,0.0,solar,2017-06-23 23:00:00,day_ahead
2017-06-24 04:00:00,0.0,solar,2017-06-23 23:00:00,day_ahead
2017-06-24 05:00:00,6.545345830177655,solar,2017-06-23 23:00:00,day_ahead
2017-06-24 06:00:00,59.421998695124046,solar,2017-06-23 23:00:00,day_ahead
2017-06-24 07:00:00,150.19764401209926,solar,2017-06-23 23:00:00,day_ahead
2017-06-24 08:00:00,222.1572053112562,solar,2017-06-23 23:00:00,day_ahead
2017-06-24 09:00:00,286.7499578705234,solar,2017-06-23 23:00:00,day_ahead
2017-06-24 10:00:00,328.0480343029182,solar,2017-06-23 23:00:00,day_ahead
2017-06-24 11:00:00,349.7792395978559,solar,2017-06-23 23:00:00,day_ahead
2017-06-24 12:00:00,355.92634993819337,solar,2017-06-23 23:00:00,day_ahead
2017-06-24 13:00:00,351.2025677921932,solar,2017-06-23 23:00:00,day_ahead
2017-06-24 14:00:00,330.6584340633231,solar,2017-06-23 23:00:00,day_ahead
2017-06-24 15:00:00,292.94722037112086,solar,2017-06-23 23:00:00,day_ahead
2017-06-24 16:00:00,234.93837331290095,solar,2017-06-23 23:00:00,day_ahead
2017-06-24 17:00:00,155.0570633281115,solar,2017-06-23 23:00:00,day_ahead
2017-06-24 18:00:00,67.15506705118534,solar,2017-06-23 23:00:00,day_ahead
2017-06-24 19:00:00,9.711313673563161,solar,2017-06-23 23:00:00,day_ahead
2017-06-24 20:00:00,0.0,solar,2017-06-23 23:00:00,day_ahead
2017-06-24 21:00:00,0.0,solar,2017-06-23 23:00:00,day_ahead
2017-06-24 22:00:00,0.0,solar,2017-06-23 23:00:00,day_ahead
2017-06-24 23:00:00,0.0,solar,2017-06-23 23:00:00,day_ahead
2017-06-25 00:00:00,0.0,solar,2017-06-24 23:00:00,day_ahead
2017-06-25 01:00:00,0.0,solar,2017-06-24 23:00:00,day_ahead
2017-06-25 02:00:00,0.0,solar,2017-06-24 23:00:00,day_ahead
2017-06-25 03:00:00,0.0,solar,2017-06-24 23:00:00,day_ahead
2017-06-25 04:00:00,0.0,solar,2017-06-24 23:00:00,day_ahead
2017-06-25 05:00:00,5.9071561533549675,solar,2017-06-24 23:00:00,day_ahead
2017-06-25 06:00:00,53.82162076362296,solar,2017-06-24 23:00:00,day_ahead
2017-06-25 07:00:00,136.35902081126252,solar,2017-06-24 23:00:00,day_ahead
2017-06-25 08:00:00,201.79047213549345,solar,2017-06-24 23:00:00,day_ahead
2017-06-25 09:00:00,260.5766700866102,solar,2017-06-24 23:00:00,day_ahead
2017-06-25 10:00:00,297.9895369968791,solar,2017-06-24 23:00:00,day_ahead
2017-06-25 11:00:00,317.35813584066506,solar,2017-06-24 23:00:00,day_ahead
2017-06-25 12:00:00,322.88304897375855,solar,2017-06-24 23:00:00,day_ahead
2017-06-25 13:00:00,317.7392438250106,solar,2017-06-24 23:00:00,day_ahead
2017-06-25 14:00:00,298.8824993891753,solar,2017-06-24 23:00:00,day_ahead
2017-06-25 15:00:00,264.5600252121997,solar,2017-06-24 23:00:00,day_ahead
2017-06-25 16:00:00,212.0900214931497,solar,2017-06-24 23:00:00,day_ahead
2017-06-25 17:00:00,139.92413884018103,solar,2017-06-24 23:00:00,day_ahead
2017-06-25 18:00:00,60.62543744432412,solar,2017-06-24 23:00:00,day_ahead
2017-06-25 19:00:00,8.763464336236664,solar,2017-06-24 23:00:00,day_ahead
2017-06-25 20:00:00,0.0,solar,2017-06-24 23:00:00,day_ahead
2017-06-25 21:00:00,0.0,solar,2017-06-24 23:00:00,day_ahead
2017-06-25 22:00:00,0.0,solar,2017-06-24 23:00:00,day_ahead
2017-06-25 23:00:00,0.0,solar,2017-06-24 23:00:00,day_ahead
2017-06-26 00:00:00,0.0,solar,2017-06-25 23:00:00,day_ahead
2017-06-26 01:00:00,0.0,solar,2017-06-25 23:00:00,day_ahead
2017-06-26 02:00:00,0.0,solar,2017-06-25 23:00:00,day_ahead
2017-06-26 03:00:00,0.0,solar,2017-06-25 23:00:00,day_ahead
2017-06-26 04:00:00,0.0,solar,2017-06-25 23:00:00,day_ahead
2017-06-26 05:00:00,5.267485807537327,solar,2017-06-25 23:00:00,day_ahead
2017-06-26 06:00:00,47.74053980005755,solar,2017-06-25 23:00:00,day_ahead
2017-06-26 07:00:00,120.93813178138356,solar,2017-06-25 23:00:00,day_ahead
2017-06-26 08:00:00,179.1412231107147,solar,2017-06-25 23:00:00,day_ahead
2017-06-26 09:00:00,231.75664580387024,solar,2017-06-25 23:00:00,day_ahead
2017-06-26 10:00:00,264.90782604720374,solar,2017-06-25 23:00:00,day_ahead
2017-06-26 11:00:00,282.09440148383857,solar,2017-06-25 23:00:00,day_ahead
2017-06-26 12:00:00,286.8614217862721,solar,2017-06-25 23:00:00,day_ahead
2017-06-26 13:00:00,282.01396043947017,solar,2017-06-25 23:00:00,day_ahead
2017-06-26 14:00:00,265.75264672142663,solar,2017-06-25 23:00:00,day_ahead
2017-06-26 15:00:00,235.73572557729014,solar,2017-06-25 23:00:00,day_ahead
2017-06-26 16:00:00,189.143926433329,solar,2017-06-25 23:00:00,day_ahead
2017-06-26 17:00:00,124.94126645004052,solar,2017-06-25 23:00:00,day_ahead
2017-06-26 18:00:00,54.259105951308065,solar,2017-06-25 23:00:00,day_ahead
2017-06-26 19:00:00,7.86158772757746,solar,2017-06-25 23:00:00,day_ahead
2017-06-26 20:00:00,0.0,solar,2017-06-25 23:00:00,day_ahead
2017-06-26 21:00:00,0.0,solar,2017-06-25 23:00:00,day_ahead
2017-06-26 22:00:00,0.0,solar,2017-06-25 23:00:00,day_ahead
2017-06-26 23:00:00,0.0,solar,2017-06-25 23:00:00,day_ahead
2017-06-27 00:00:00,0.0,solar,2017-06-26 23:00:00,day_ahead
2017-06-27 01:00:00,0.0,solar,2017-06-26 23:00:00,day_ahead
2017-06-27 02:00:00,0.0,solar,2017-06-26 23:00:00,day_ahead
2017-06-27 03:00:00,0.0,solar,2017-06-26 23:00:00,day_ahead
2017-06-27 04:00:00,0.0,solar,2017-06-26 23:00:00,day_ahead
2017-06-27 05:00:00,6.19999528912548,solar,2017-06-26 23:00:00,day_ahead
2017-06-27 06:00:00,56.26874030589475,solar,2017-06-26 23:00:00,day_ahead
2017-06-27 07:00:00,142.4052591837713,solar,2017-06-26 23:00:00,day_ahead
2017-06-27 08:00:00,211.14862524644155,solar,2017-06-26 23:00:00,day_ahead
2017-06-27 09:00:00,273.1464839690104,solar,2017-06-26 23:00:00,day_ahead
2017-06-27 10:00:00,312.3579562042634,solar,2017-06-26 23:00:00,day_ahead
2017-06-27 11:00:00,332.780277717853,solar,2017-06-26 23:00:00,day_ahead
2017-06-27 12:00:00,338.64672852140967,solar,2017-06-26 23:00:00,day_ahead
2017-06-27 13:00:00,333.1317542738814,solar,2017-06-26 23:00:00,day_ahead
2017-06-27 14:00:00,314.1787259585772,solar,2017-06-26 23:00:00,day_ahead
2017-06-27 15:00:00,278.7318046127952,solar,2017-06-26 23:00:00,day_ahead
2017-06-27 16:00:00,223.64566633577147,solar,2017-06-26 23:00:00,day_ahead
2017-06-27 17:00:00,147.7670858256315,solar,2017-06-26 23:00:00,day_ahead
2017-06-27 18:00:00,64.24974420251539,solar,2017-06-26 23:00:00,day_ahead
2017-06-27 19:00:00,9.322080477050548,solar,2017-06-26 23:00:00,day_ahead
2017-06-27 20:00:00,0.0,solar,2017-06-26 23:00:00,day_ahead
2017-06-27 21:00:00,0.0,solar,2017-06-26 23:00:00,day_ahead
2017-06-27 22:00:00,0.0,solar,2017-06-26 23:00:00,day_ahead
2017-06-27 23:00:00,0.0,solar,2017-06-26 23:00:00,day_ahead
2017-06-28 00:00:00,0.0,solar,2017-06-27 23:00:00,day_ahead
2017-06-28 01:00:00,0.0,solar,2017-06-27 23:00:00,day_ahead
2017-06-28 02:00:00,0.0,solar,2017-06-27 23:00:00,day_ahead
2017-06-28 03:00:00,0.0,solar,2017-06-27 23:00:00,day_ahead
2017-06-28 04:00:00,0.0,solar,2017-06-27 23:00:00,day_ahead
2017-06-28 05:00:00,6.130226610201818,solar,2017-06-27 23:00:00,day_ahead
2017-06-28 06:00:00,55.792391985005764,solar,2017-06-27 23:00:00,day_ahead
2017-06-28 07:00:00,141.6286673772378,solar,2017-06-27 23:00:00,day_ahead
2017-06-28 08:00:00,210.19562645549402,solar,2017-06-27 23:00:00,day_ahead
2017-06-28 09:00:00,272.0386022627808,solar,2017-06-27 23:00:00,day_ahead
2017-06-28 10:00:00,311.14085826718957,solar,2017-06-27 23:00:00,day_ahead
2017-06-28 11:00:00,331.40657496489337,solar,2017-06-27 23:00:00,day_ahead
2017-06-28 12:00:00,337.15241552712246,solar,2017-06-27 23:00:00,day_ahead
2017-06-28 13:00:00,331.64070299109255,solar,2017-06-27 23:00:00,day_ahead
2017-06-28 14:00:00,312.8905255184804,solar,2017-06-27 23:00:00,day_ahead
2017-06-28 15:00:00,277.6773760820866,solar,2017-06-27 23:00:00,day_ahead
2017-06-28 16:00:00,222.71132383522686,solar,2017-06-27 23:00:00,day_ahead
2017-06-28 17:00:00,147.26153713969308,solar,2017-06-27 23:00:00,day_ahead
2017-06-28 18:00:00,64.14003359014258,solar,2017-06-27 23:00:00,day_ahead
2017-06-28 19:00:00,9.330005104897424,solar,2017-06-27 23:00:00,day_ahead
2017-06-28 20:00:00,0.0,solar,2017-06-27 23:00:00,day_ahead
2017-06-28 21:00:00,0.0,solar,2017-06-27 23:00:00,day_ahead
2017-06-28 22:00:00,0.0,solar,2017-06-27 23:00:00,day_ahead
2017-06-28 23:00:00,0.0,solar,2017-06-27 23:00:00,day_ahead
2017-06-29 00:00:00,0.0,solar,2017-06-28 23:00:00,day_ahead
2017-06-29 01:00:00,0.0,solar,2017-06-28 23:00:00,day_ahead
2017-06-29 02:00:00,0.0,solar,2017-06-28 23:00:00,day_ahead
2017-06-29 03:00:00,0.0,solar,2017-06-28 23:00:00,day_ahead
2017-06-29 04:00:00,0.0,solar,2017-06-28 23:00:00,day_ahead
2017-06-29 05:00:00,5.909920032975097,solar,2017-06-28 23:00:00,day_ahead
2017-06-29 06:00:00,53.978452351054386,solar,2017-06-28 23:00:00,day_ahead
2017-06-29 07:00:00,136.56802720824047,solar,2017-06-28 23:00:00,day_ahead
2017-06-29 08:00:00,202.69735925074755,solar,2017-06-28 23:00:00,day_ahead
2017-06-29 09:00:00,262.4554936927428,solar,2017-06-28 23:00:00,day_ahead
2017-06-29 10:00:00,300.42109852460356,solar,2017-06-28 23:00:00,day_ahead
2017-06-29 11:00:00,320.0350632041534,solar,2017-06-28 23:00:00,day_ahead
2017-06-29 12:00:00,325.83559898216316,solar,2017-06-28 23:00:00,day_ahead
2017-06-29 13:00:00,320.89654250165154,solar,2017-06-28 23:00:00,day_ahead
2017-06-29 14:00:00,303.14590210185713,solar,2017-06-28 23:00:00,day_ahead
2017-06-29 15:00:00,269.0387379064151,solar,2017-06-28 23:00:00,day_ahead
2017-06-29 16:00:00,215.83091726412275,solar,2017-06-28 23:00:00,day_ahead
2017-06-29 17:00:00,142.98363486915844,solar,2017-06-28 23:00:00,day_ahead
2017-06-29 18:00:00,62.316705185141636,solar,2017-06-28 23:00:00,day_ahead
2017-06-29 19:00:00,9.085769561145943,solar,2017-06-28 23:00:00,day_ahead
2017-06-29 20:00:00,0.0,solar,2017-06-28 23:00:00,day_ahead
2017-06-29 21:00:00,0.0,solar,2017-06-28 23:00:00,day_ahead
2017-06-29 22:00:00,0.0,solar,2017-06-28 23:00:00,day_ahead
2017-06-29 23:00:00,0.0,solar,2017-06-28 23:00:00,day_ahead
2017-06-30 00:00:00,0.0,solar,2017-06-29 23:00:00,day_ahead
2017-06-30 01:00:00,0.0,solar,2017-06-29 23:00:00,day_ahead
2017-06-30 02:00:00,0.0,solar,2017-06-29 23:00:00,day_ahead
2017-06-30 03:00:00,0.0,solar,2017-06-29 23:00:00,day_ahead
2017-06-30 04:00:00,0.0,solar,2017-06-29 23:00:00,day_ahead
2017-06-30 05:00:00,6.054152721608126,solar,2017-06-29 23:00:00,day_ahead
2017-06-30 06:00:00,55.329241720117935,solar,2017-06-29 23:00:00,day_ahead
2017-06-30 07:00:00,139.84896995364187,solar,2017-06-29 23:00:00,day_ahead
2017-06-30 08:00:00,207.29380359145807,solar,2017-06-29 23:00:00,day_ahead
2017-06-30 09:00:00,267.9886021465843,solar,2017-06-29 23:00:00,day_ahead
2017-06-30 10:00:00,306.8483290405877,solar,2017-06-29 23:00:00,day_ahead
2017-06-30 11:00:00,326.84015945258164,solar,2017-06-29 23:00:00,day_ahead
2017-06-30 12:00:00,332.8055013951357,solar,2017-06-29 23:00:00,day_ahead
2017-06-30 13:00:00,327.9626360333565,solar,2017-06-29 23:00:00,day_ahead
2017-06-30 14:00:00,309.7244761593642,solar,2017-06-29 23:00:00,day_ahead
2017-06-30 15:00:00,274.84388417576207,solar,2017-06-29 23:00:00,day_ahead
2017-06-30 16:00:00,220.63258364878956,solar,2017-06-29 23:00:00,day_ahead
2017-06-30 17:00:00,146.21804892766255,solar,2017-06-29 23:00:00,day_ahead
2017-06-30 18:00:00,63.82864630035598,solar,2017-06-29 23:00:00,day_ahead
2017-06-30 19:00:00,9.331938703705534,solar,2017-06-29 23:00:00,day_ahead
2017-06-30 20:00:00,0.0,solar,2017-06-29 23:00:00,day_ahead
2017-06-30 21:00:00,0.0,solar,2017-06-29 23:00:00,day_ahead
2017-06-30 22:00:00,0.0,solar,2017-06-29 23:00:00,day_ahead
2017-06-30 23:00:00,0.0,solar,2017-06-29 23:00:00,day_ahead
2017-07-01 00:00:00,0.0,solar,2017-06-30 23:00:00,day_ahead
2017-07-01 01:00:00,0.0,solar,2017-06-30 23:00:00,day_ahead
2017-07-01 02:00:00,0.0,solar,2017-06-30 23:00:00,day_ahead
2017-07-01 03:00:00,0.0,solar,2017-06-30 23:00:00,day_ahead
2017-07-01 04:00:00,0.0,solar,2017-06-30 23:00:00,day_ahead
2017-07-01 05:00:00,3.2065296595934587,solar,2017-06-30 23:00:00,day_ahead
2017-07-01 06:00:00,48.09858652660974,solar,2017-06-30 23:00:00,day_ahead
2017-07-01 07:00:00,141.49803932087465,solar,2017-06-30 23:00:00,day_ahead
2017-07-01 08:00:00,218.83741245267785,solar,2017-06-30 23:00:00,day_ahead
2017-07-01 09:00:00,291.00673564373625,solar,2017-06-30 23:00:00,day_ahead
2017-07-01 10:00:00,339.57686799481104,solar,2017-06-30 23:00:00,day_ahead
2017-07-01 11:00:00,363.96547436714405,solar,2017-06-30 23:00:00,day_ahead
2017-07-01 12:00:00,373.7962176367598,solar,2017-06-30 23:00:00,day_ahead
2017-07-01 13:00:00,369.83830013855794,solar,2017-06-30 23:00:00,day_ahead
2017-07-01 14:00:00,350.49097476679674,solar,2017-06-30 23:00:00,day_ahead
2017-07-01 15:00:00,313.19442436589156,solar,2017-06-30 23:00:00,day_ahead
2017-07-01 16:00:00,255.00156132742478,solar,2017-06-30 23:00:00,day_ahead
2017-07-01 17:00:00,169.27944577545014,solar,2017-06-30 23:00:00,day_ahead
2017-07-01 18:00:00,71.91736902806883,solar,2017-06-30 23:00:00,day_ahead
2017-07-01 19:00:00,9.801559647045908,solar,2017-06-30 23:00:00,day_ahead
2017-07-01 20:00:00,0.0,solar,2017-06-30 23:00:00,day_ahead
2017-07-01 21:00:00,0.5423910347842511,solar,2017-06-30 23:00:00,day_ahead
2017-07-01 22:00:00,0.0,solar,2017-06-30 23:00:00,day_ahead
2017-07-01 23:00:00,0.0,solar,2017-06-30 23:00:00,day_ahead
2017-07-02 00:00:00,0.0,solar,2017-07-01 23:00:00,day_ahead
2017-07-02 01:00:00,0.0,solar,2017-07-01 23:00:00,day_ahead
2017-07-02 02:00:00,0.0,solar,2017-07-01 23:00:00,day_ahead
2017-07-02 03:00:00,0.0,solar,2017-07-01 23:00:00,day_ahead
2017-07-02 04:00:00,0.0,solar,2017-07-01 23:00:00,day_ahead
2017-07-02 05:00:00,3.3367717031294566,solar,2017-07-01 23:00:00,day_ahead
2017-07-02 06:00:00,49.43031179349981,solar,2017-07-01 23:00:00,day_ahead
2017-07-02 07:00:00,145.00485247694547,solar,2017-07-01 23:00:00,day_ahead
2017-07-02 08:00:00,224.04798077407196,solar,2017-07-01 23:00:00,day_ahead
2017-07-02 09:00:00,297.6829770707348,solar,2017-07-01 23:00:00,day_ahead
2017-07-02 10:00:00,347.16150897688004,solar,2017-07-01 23:00:00,day_ahead
2017-07-02 11:00:00,371.99663482331584,solar,2017-07-01 23:00:00,day_ahead
2017-07-02 12:00:00,381.94086140385554,solar,2017-07-01 23:00:00,day_ahead
2017-07-02 13:00:00,377.8817592930109,solar,2017-07-01 23:00:00,day_ahead
2017-07-02 14:00:00,358.11253209398404,solar,2017-07-01 23:00:00,day_ahead
2017-07-02 15:00:00,319.99537418183877,solar,2017-07-01 23:00:00,day_ahead
2017-07-02 16:00:00,260.55243891265206,solar,2017-07-01 23:00:00,day_ahead
2017-07-02 17:00:00,173.02017063033546,solar,2017-07-01 23:00:00,day_ahead
2017-07-02 18:00:00,73.59464421317946,solar,2017-07-01 23:00:00,day_ahead
2017-07-02 19:00:00,10.078627772825214,solar,2017-07-01 23:00:00,day_ahead
2017-07-02 20:00:00,0.0,solar,2017-07-01 23:00:00,day_ahead
2017-07-02 21:00:00,0.5450383421354089,solar,2017-07-01 23:00:00,day_ahead
2017-07-02 22:00:00,0.0,solar,2017-07-01 23:00:00,day_ahead
2017-07-02 23:00:00,0.0,solar,2017-07-01 23:00:00,day_ahead
2017-07-03 00:00:00,0.0,solar,2017-07-02 23:00:00,day_ahead
2017-07-03 01:00:00,0.0,solar,2017-07-02 23:00:00,day_ahead
2017-07-03 02:00:00,0.0,solar,2017-07-02 23:00:00,day_ahead
2017-07-03 03:00:00,0.0,solar,2017-07-02 23:00:00,day_ahead
2017-07-03 04:00:00,0.0,solar,2017-07-02 23:00:00,day_ahead
2017-07-03 05:00:00,3.34316621811903,solar,2017-07-02 23:00:00,day_ahead
2017-07-03 06:00:00,48.92604156689182,solar,2017-07-02 23:00:00,day_ahead
2017-07-03 07:00:00,143.0706505000219,solar,2017-07-02 23:00:00,day_ahead
2017-07-03 08:00:00,220.83756815555927,solar,2017-07-02 23:00:00,day_ahead
2017-07-03 09:00:00,293.15957282299996,solar,2017-07-02 23:00:00,day_ahead
2017-07-03 10:00:00,341.71865805331635,solar,2017-07-02 23:00:00,day_ahead
2017-07-03 11:00:00,366.09110308613185,solar,2017-07-02 23:00:00,day_ahead
2017-07-03 12:00:00,375.8338206637983,solar,2017-07-02 23:00:00,day_ahead
2017-07-03 13:00:00,371.7750829277105,solar,2017-07-02 23:00:00,day_ahead
2017-07-03 14:00:00,352.3092768245665,solar,2017-07-02 23:00:00,day_ahead
2017-07-03 15:00:00,314.83371079587477,solar,2017-07-02 23:00:00,day_ahead
2017-07-03 16:00:00,256.3846899717617,solar,2017-07-02 23:00:00,day_ahead
2017-07-03 17:00:00,170.3317792153178,solar,2017-07-02 23:00:00,day_ahead
2017-07-03 18:00:00,72.53698193288162,solar,2017-07-02 23:00:00,day_ahead
2017-07-03 19:00:00,9.968381701513161,solar,2017-07-02 23:00:00,day_ahead
2017-07-03 20:00:00,0.0,solar,2017-07-02 23:00:00,day_ahead
2017-07-03 21:00:00,0.5279283711743558,solar,2017-07-02 23:00:00,day_ahead
2017-07-03 22:00:00,0.0,solar,2017-07-02 23:00:00,day_ahead
2017-07-03 23:00:00,0.0,solar,2017-07-02 23:00:00,day_ahead
2017-07-04 00:00:00,0.0,solar,2017-07-03 23:00:00,day_ahead
2017-07-04 01:00:00,0.0,solar,2017-07-03 23:00:00,day_ahead
2017-07-04 02:00:00,0.0,solar,2017-07-03 23:00:00,day_ahead
2017-07-04 03:00:00,0.0,solar,2017-07-03 23:00:00,day_ahead
2017-07-04 04:00:00,0.0,solar,2017-07-03 23:00:00,day_ahead
2017-07-04 05:00:00,3.339515666454286,solar,2017-07-03 23:00:00,day_ahead
2017-07-04 06:00:00,48.26365189831803,solar,2017-07-03 23:00:00,day_ahead
2017-07-04 07:00:00,140.75839039742812,solar,2017-07-03 23:00:00,day_ahead
2017-07-04 08:00:00,217.0672217756536,solar,2017-07-03 23:00:00,day_ahead
2017-07-04 09:00:00,287.8967997809813,solar,2017-07-03 23:00:00,day_ahead
2017-07-04 10:00:00,335.3721837489201,solar,2017-07-03 23:00:00,day_ahead
2017-07-04 11:00:00,359.2381745682939,solar,2017-07-03 23:00:00,day_ahead
2017-07-04 12:00:00,368.7470576308408,solar,2017-07-03 23:00:00,day_ahead
2017-07-04 13:00:00,364.7463695058165,solar,2017-07-03 23:00:00,day_ahead
2017-07-04 14:00:00,345.6380938191165,solar,2017-07-03 23:00:00,day_ahead
2017-07-04 15:00:00,308.78328482121645,solar,2017-07-03 23:00:00,day_ahead
2017-07-04 16:00:00,251.50089425639302,solar,2017-07-03 23:00:00,day_ahead
2017-07-04 17:00:00,167.1671409627022,solar,2017-07-03 23:00:00,day_ahead
2017-07-04 18:00:00,71.25304250052596,solar,2017-07-03 23:00:00,day_ahead
2017-07-04 19:00:00,9.789363332024184,solar,2017-07-03 23:00:00,day_ahead
2017-07-04 20:00:00,0.0,solar,2017-07-03 23:00:00,day_ahead
2017-07-04 21:00:00,0.5103331732712437,solar,2017-07-03 23:00:00,day_ahead
2017-07-04 22:00:00,0.0,solar,2017-07-03 23:00:00,day_ahead
2017-07-04 23:00:00,0.0,solar,2017-07-03 23:00:00,day_ahead
2017-07-05 00:00:00,0.0,solar,2017-07-04 23:00:00,day_ahead
2017-07-05 01:00:00,0.0,solar,2017-07-04 23:00:00,day_ahead
2017-07-05 02:00:00,0.0,solar,2017-07-04 23:00:00,day_ahead
2017-07-05 03:00:00,0.0,solar,2017-07-04 23:00:00,day_ahead
2017-07-05 04:00:00,0.0,solar,2017-07-04 23:00:00,day_ahead
2017-07-05 05:00:00,3.37093727777397,solar,2017-07-04 23:00:00,day_ahead
2017-07-05 06:00:00,48.34727216012248,solar,2017-07-04 23:00:00,day_ahead
2017-07-05 07:00:00,140.5998632642665,solar,2017-07-04 23:00:00,day_ahead
2017-07-05 08:00:00,216.62055801510186,solar,2017-07-04 23:00:00,day_ahead
2017-07-05 09:00:00,287.1534318252982,solar,2017-07-04 23:00:00,day_ahead
2017-07-05 10:00:00,334.4418090956484,solar,2017-07-04 23:00:00,day_ahead
2017-07-05 11:00:00,358.2345669192671,solar,2017-07-04 23:00:00,day_ahead
2017-07-05 12:00:00,367.5012548174423,solar,2017-07-04 23:00:00,day_ahead
2017-07-05 13:00:00,363.5410569677028,solar,2017-07-04 23:00:00,day_ahead
2017-07-05 14:00:00,344.6033113640123,solar,2017-07-04 23:00:00,day_ahead
2017-07-05 15:00:00,307.8546612791904,solar,2017-07-04 23:00:00,day_ahead
2017-07-05 16:00:00,250.7365786448913,solar,2017-07-04 23:00:00,day_ahead
2017-07-05 17:00:00,166.68146895297997,solar,2017-07-04 23:00:00,day_ahead
2017-07-05 18:00:00,71.08404038625251,solar,2017-07-04 23:00:00,day_ahead
2017-07-05 19:00:00,9.782822708296722,solar,2017-07-04 23:00:00,day_ahead
2017-07-05 20:00:00,0.0,solar,2017-07-04 23:00:00,day_ahead
2017-07-05 21:00:00,0.5013536858811665,solar,2017-07-04 23:00:00,day_ahead
2017-07-05 22:00:00,0.0,solar,2017-07-04 23:00:00,day_ahead
2017-07-05 23:00:00,0.0,solar,2017-07-04 23:00:00,day_ahead
2017-07-06 00:00:00,0.0,solar,2017-07-05 23:00:00,day_ahead
2017-07-06 01:00:00,0.0,solar,2017-07-05 23:00:00,day_ahead
2017-07-06 02:00:00,0.0,solar,2017-07-05 23:00:00,day_ahead
2017-07-06 03:00:00,0.0,solar,2017-07-05 23:00:00,day_ahead
2017-07-06 04:00:00,0.0,solar,2017-07-05 23:00:00,day_ahead
2017-07-06 05:00:00,3.01091317251918,solar,2017-07-05 23:00:00,day_ahead
2017-07-06 06:00:00,43.28369774468231,solar,2017-07-05 23:00:00,day_ahead
2017-07-06 07:00:00,125.77867093204301,solar,2017-07-05 23:00:00,day_ahead
2017-07-06 08:00:00,193.5992915982009,solar,2017-07-05 23:00:00,day_ahead
2017-07-06 09:00:00,256.98164497576954,solar,2017-07-05 23:00:00,day_ahead
2017-07-06 10:00:00,299.66950911817224,solar,2017-07-05 23:00:00,day_ahead
2017-07-06 11:00:00,321.2795219281824,solar,2017-07-05 23:00:00,day_ahead
2017-07-06 12:00:00,330.00037270012837,solar,2017-07-05 23:00:00,day_ahead
2017-07-06 13:00:00,326.62615158391895,solar,2017-07-05 23:00:00,day_ahead
2017-07-06 14:00:00,309.98864275803146,solar,2017-07-05 23:00:00,day_ahead
2017-07-06 15:00:00,276.89885539947704,solar,2017-07-05 23:00:00,day_ahead
2017-07-06 16:00:00,225.71119497793,solar,2017-07-05 23:00:00,day_ahead
2017-07-06 17:00:00,150.06404897877448,solar,2017-07-05 23:00:00,day_ahead
2017-07-06 18:00:00,64.03369578897139,solar,2017-07-05 23:00:00,day_ahead
2017-07-06 19:00:00,8.818803065044053,solar,2017-07-05 23:00:00,day_ahead
2017-07-06 20:00:00,0.0,solar,2017-07-05 23:00:00,day_ahead
2017-07-06 21:00:00,0.44577562329078263,solar,2017-07-05 23:00:00,day_ahead
2017-07-06 22:00:00,0.0,solar,2017-07-05 23:00:00,day_ahead
2017-07-06 23:00:00,0.0,solar,2017-07-05 23:00:00,day_ahead
2017-07-07 00:00:00,0.0,solar,2017-07-06 23:00:00,day_ahead
2017-07-07 01:00:00,0.0,solar,2017-07-06 23:00:00,day_ahead
2017-07-07 02:00:00,0.0,solar,2017-07-06 23:00:00,day_ahead
2017-07-07 03:00:00,0.0,solar,2017-07-06 23:00:00,day_ahead
2017-07-07 04:00:00,0.0,solar,2017-07-06 23:00:00,day_ahead
2017-07-07 05:00:00,3.1402596667993032,solar,2017-07-06 23:00:00,day_ahead
2017-07-07 06:00:00,45.315472766944616,solar,2017-07-06 23:00:00,day_ahead
2017-07-07 07:00:00,131.62786608704243,solar,2017-07-06 23:00:00,day_ahead
2017-07-07 08:00:00,202.6729671580317,solar,2017-07-06 23:00:00,day_ahead
2017-07-07 09:00:00,268.88117518814283,solar,2017-07-06 23:00:00,day_ahead
2017-07-07 10:00:00,313.403425282714,solar,2017-07-06 23:00:00,day_ahead
2017-07-07 11:00:00,336.11962827009404,solar,2017-07-06 23:00:00,day_ahead
2017-07-07 12:00:00,345.4411604052751,solar,2017-07-06 23:00:00,day_ahead
2017-07-07 13:00:00,341.8423196570601,solar,2017-07-06 23:00:00,day_ahead
2017-07-07 14:00:00,324.2399607737958,solar,2017-07-06 23:00:00,day_ahead
2017-07-07 15:00:00,289.4341464194998,solar,2017-07-06 23:00:00,day_ahead
2017-07-07 16:00:00,236.1528968158175,solar,2017-07-06 23:00:00,day_ahead
2017-07-07 17:00:00,157.20976556310836,solar,2017-07-06 23:00:00,day_ahead
2017-07-07 18:00:00,67.18558791397557,solar,2017-07-06 23:00:00,day_ahead
2017-07-07 19:00:00,9.269786033156208,solar,2017-07-06 23:00:00,day_ahead
2017-07-07 20:00:00,0.0,solar,2017-07-06 23:00:00,day_ahead
2017-07-07 21:00:00,0.46087070314135703,solar,2017-07-06 23:00:00,day_ahead
2017-07-07 22:00:00,0.0,solar,2017-07-06 23:00:00,day_ahead
2017-07-07 23:00:00,0.0,solar,2017-07-06 23:00:00,day_ahead
2017-07-08 00:00:00,0.0,solar,2017-07-07 23:00:00,day_ahead
2017-07-08 01:00:00,0.0,solar,2017-07-07 23:00:00,day_ahead
2017-07-08 02:00:00,0.0,solar,2017-07-07 23:00:00,day_ahead
2017-07-08 03:00:00,0.0,solar,2017-07-07 23:00:00,day_ahead
2017-07-08 04:00:00,0.0,solar,2017-07-07 23:00:00,day_ahead
2017-07-08 05:00:00,3.250005724057841,solar,2017-07-07 23:00:00,day_ahead
2017-07-08 06:00:00,46.90915400268647,solar,2017-07-07 23:00:00,day_ahead
2017-07-08 07:00:00,135.83546119792663,solar,2017-07-07 23:00:00,day_ahead
2017-07-08 08:00:00,209.43591366498475,solar,2017-07-07 23:00:00,day_ahead
2017-07-08 09:00:00,278.2230526638286,solar,2017-07-07 23:00:00,day_ahead
2017-07-08 10:00:00,324.420947394352,solar,2017-07-07 23:00:00,day_ahead
2017-07-08 11:00:00,348.0200833277075,solar,2017-07-07 23:00:00,day_ahead
2017-07-08 12:00:00,357.5979994063038,solar,2017-07-07 23:00:00,day_ahead
2017-07-08 13:00:00,353.8937236136923,solar,2017-07-07 23:00:00,day_ahead
2017-07-08 14:00:00,335.6877553133413,solar,2017-07-07 23:00:00,day_ahead
2017-07-08 15:00:00,299.58428191852516,solar,2017-07-07 23:00:00,day_ahead
2017-07-08 16:00:00,244.36890533540466,solar,2017-07-07 23:00:00,day_ahead
2017-07-08 17:00:00,162.71526823663353,solar,2017-07-07 23:00:00,day_ahead
2017-07-08 18:00:00,69.61576425853285,solar,2017-07-07 23:00:00,day_ahead
2017-07-08 19:00:00,9.624061110296212,solar,2017-07-07 23:00:00,day_ahead
2017-07-08 20:00:00,0.0,solar,2017-07-07 23:00:00,day_ahead
2017-07-08 21:00:00,0.47075045426917883,solar,2017-07-07 23:00:00,day_ahead
2017-07-08 22:00:00,0.0,solar,2017-07-07 23:00:00,day_ahead
2017-07-08 23:00:00,0.0,solar,2017-07-07 23:00:00,day_ahead
2017-07-09 00:00:00,0.0,solar,2017-07-08 23:00:00,day_ahead
2017-07-09 01:00:00,0.0,solar,2017-07-08 23:00:00,day_ahead
2017-07-09 02:00:00,0.0,solar,2017-07-08 23:00:00,day_ahead
2017-07-09 03:00:00,0.0,solar,2017-07-08 23:00:00,day_ahead
2017-07-09 04:00:00,0.0,solar,2017-07-08 23:00:00,day_ahead
2017-07-09 05:00:00,3.047278267786665,solar,2017-07-08 23:00:00,day_ahead
2017-07-09 06:00:00,44.09971522558538,solar,2017-07-08 23:00:00,day_ahead
2017-07-09 07:00:00,127.75011920219532,solar,2017-07-08 23:00:00,day_ahead
2017-07-09 08:00:00,197.0443413811835,solar,2017-07-08 23:00:00,day_ahead
2017-07-09 09:00:00,262.07696566962306,solar,2017-07-08 23:00:00,day_ahead
2017-07-09 10:00:00,306.44841456273826,solar,2017-07-08 23:00:00,day_ahead
2017-07-09 11:00:00,329.4344963111416,solar,2017-07-08 23:00:00,day_ahead
2017-07-09 12:00:00,338.9171308330747,solar,2017-07-08 23:00:00,day_ahead
2017-07-09 13:00:00,335.6162129391977,solar,2017-07-08 23:00:00,day_ahead
2017-07-09 14:00:00,318.6137731244153,solar,2017-07-08 23:00:00,day_ahead
2017-07-09 15:00:00,284.3415261115602,solar,2017-07-08 23:00:00,day_ahead
2017-07-09 16:00:00,231.89941658223296,solar,2017-07-08 23:00:00,day_ahead
2017-07-09 17:00:00,154.40573234089618,solar,2017-07-08 23:00:00,day_ahead
2017-07-09 18:00:00,66.0884894585084,solar,2017-07-08 23:00:00,day_ahead
2017-07-09 19:00:00,9.142130872663863,solar,2017-07-08 23:00:00,day_ahead
2017-07-09 20:00:00,0.0,solar,2017-07-08 23:00:00,day_ahead
2017-07-09 21:00:00,0.4413440183121086,solar,2017-07-08 23:00:00,day_ahead
2017-07-09 22:00:00,0.0,solar,2017-07-08 23:00:00,day_ahead
2017-07-09 23:00:00,0.0,solar,2017-07-08 23:00:00,day_ahead
2017-07-10 00:00:00,0.0,solar,2017-07-09 23:00:00,day_ahead
2017-07-10 01:00:00,0.0,solar,2017-07-09 23:00:00,day_ahead
2017-07-10 02:00:00,0.0,solar,2017-07-09 23:00:00,day_ahead
2017-07-10 03:00:00,0.0,solar,2017-07-09 23:00:00,day_ahead
2017-07-10 04:00:00,0.0,solar,2017-07-09 23:00:00,day_ahead
2017-07-10 05:00:00,3.2548539829288914,solar,2017-07-09 23:00:00,day_ahead
2017-07-10 06:00:00,47.2636450207023,solar,2017-07-09 23:00:00,day_ahead
2017-07-10 07:00:00,137.0341811422146,solar,2017-07-09 23:00:00,day_ahead
2017-07-10 08:00:00,211.6826033997898,solar,2017-07-09 23:00:00,day_ahead
2017-07-10 09:00:00,282.14822128054067,solar,2017-07-09 23:00:00,day_ahead
2017-07-10 10:00:00,331.13746226148874,solar,2017-07-09 23:00:00,day_ahead
2017-07-10 11:00:00,356.81293173140745,solar,2017-07-09 23:00:00,day_ahead
2017-07-10 12:00:00,367.1708227582517,solar,2017-07-09 23:00:00,day_ahead
2017-07-10 13:00:00,363.63102322108466,solar,2017-07-09 23:00:00,day_ahead
2017-07-10 14:00:00,345.21297973543386,solar,2017-07-09 23:00:00,day_ahead
2017-07-10 15:00:00,308.11911481917224,solar,2017-07-09 23:00:00,day_ahead
2017-07-10 16:00:00,251.33154529315988,solar,2017-07-09 23:00:00,day_ahead
2017-07-10 17:00:00,167.37090412079874,solar,2017-07-09 23:00:00,day_ahead
2017-07-10 18:00:00,71.69179545730692,solar,2017-07-09 23:00:00,day_ahead
2017-07-10 19:00:00,9.93632203980488,solar,2017-07-09 23:00:00,day_ahead
2017-07-10 20:00:00,0.0,solar,2017-07-09 23:00:00,day_ahead
2017-07-10 21:00:00,0.4714742626457797,solar,2017-07-09 23:00:00,day_ahead
2017-07-10 22:00:00,0.0,solar,2017-07-09 23:00:00,day_ahead
2017-07-10 23:00:00,0.0,solar,2017-07-09 23:00:00,day_ahead
2017-07-11 00:00:00,0.0,solar,2017-07-10 23:00:00,day_ahead
2017-07-11 01:00:00,0.0,solar,2017-07-10 23:00:00,day_ahead
2017-07-11 02:00:00,0.0,solar,2017-07-10 23:00:00,day_ahead
2017-07-11 03:00:00,0.0,solar,2017-07-10 23:00:00,day_ahead
2017-07-11 04:00:00,0.0,solar,2017-07-10 23:00:00,day_ahead
2017-07-11 05:00:00,3.294409293267513,solar,2017-07-10 23:00:00,day_ahead
2017-07-11 06:00:00,47.674401526569326,solar,2017-07-10 23:00:00,day_ahead
2017-07-11 07:00:00,138.42638102962175,solar,2017-07-10 23:00:00,day_ahead
2017-07-11 08:00:00,214.35275108612998,solar,2017-07-10 23:00:00,day_ahead
2017-07-11 09:00:00,286.02926593134407,solar,2017-07-10 23:00:00,day_ahead
2017-07-11 10:00:00,335.6400258019083,solar,2017-07-10 23:00:00,day_ahead
2017-07-11 11:00:00,361.6181295595276,solar,2017-07-10 23:00:00,day_ahead
2017-07-11 12:00:00,372.08001798659717,solar,2017-07-10 23:00:00,day_ahead
2017-07-11 13:00:00,368.4867662915213,solar,2017-07-10 23:00:00,day_ahead
2017-07-11 14:00:00,349.8303922334669,solar,2017-07-10 23:00:00,day_ahead
2017-07-11 15:00:00,312.28839519194486,solar,2017-07-10 23:00:00,day_ahead
2017-07-11 16:00:00,254.73059231200813,solar,2017-07-10 23:00:00,day_ahead
2017-07-11 17:00:00,169.65596653433562,solar,2017-07-10 23:00:00,day_ahead
2017-07-11 18:00:00,72.70348685821155,solar,2017-07-10 23:00:00,day_ahead
2017-07-11 19:00:00,10.097293162369374,solar,2017-07-10 23:00:00,day_ahead
2017-07-11 20:00:00,0.0,solar,2017-07-10 23:00:00,day_ahead
2017-07-11 21:00:00,0.47105483434662915,solar,2017-07-10 23:00:00,day_ahead
2017-07-11 22:00:00,0.0,solar,2017-07-10 23:00:00,day_ahead
2017-07-11 23:00:00,0.0,solar,2017-07-10 23:00:00,day_ahead
2017-07-12 00:00:00,0.0,solar,2017-07-11 23:00:00,day_ahead
2017-07-12 01:00:00,0.0,solar,2017-07-11 23:00:00,day_ahead
2017-07-12 02:00:00,0.0,solar,2017-07-11 23:00:00,day_ahead
2017-07-12 03:00:00,0.0,solar,2017-07-11 23:00:00,day_ahead
2017-07-12 04:00:00,0.0,solar,2017-07-11 23:00:00,day_ahead
2017-07-12 05:00:00,3.2974878207177176,solar,2017-07-11 23:00:00,day_ahead
2017-07-12 06:00:00,47.51843753167044,solar,2017-07-11 23:00:00,day_ahead
2017-07-12 07:00:00,137.81412076402017,solar,2017-07-11 23:00:00,day_ahead
2017-07-12 08:00:00,213.3051180921577,solar,2017-07-11 23:00:00,day_ahead
2017-07-12 09:00:00,284.4372919355238,solar,2017-07-11 23:00:00,day_ahead
2017-07-12 10:00:00,333.5739921464273,solar,2017-07-11 23:00:00,day_ahead
2017-07-12 11:00:00,359.29139293937965,solar,2017-07-11 23:00:00,day_ahead
2017-07-12 12:00:00,369.62511812507734,solar,2017-07-11 23:00:00,day_ahead
2017-07-12 13:00:00,366.02088486157857,solar,2017-07-11 23:00:00,day_ahead
2017-07-12 14:00:00,347.39394198255343,solar,2017-07-11 23:00:00,day_ahead
2017-07-12 15:00:00,310.1374496687264,solar,2017-07-11 23:00:00,day_ahead
2017-07-12 16:00:00,253.06071884188606,solar,2017-07-11 23:00:00,day_ahead
2017-07-12 17:00:00,168.57836713666646,solar,2017-07-11 23:00:00,day_ahead
2017-07-12 18:00:00,72.26356246999916,solar,2017-07-11 23:00:00,day_ahead
2017-07-12 19:00:00,10.046222795618883,solar,2017-07-11 23:00:00,day_ahead
2017-07-12 20:00:00,0.0,solar,2017-07-11 23:00:00,day_ahead
2017-07-12 21:00:00,0.461558816426869,solar,2017-07-11 23:00:00,day_ahead
2017-07-12 22:00:00,0.0,solar,2017-07-11 23:00:00,day_ahead
2017-07-12 23:00:00,0.0,solar,2017-07-11 23:00:00,day_ahead
2017-07-13 00:00:00,0.0,solar,2017-07-12 23:00:00,day_ahead
2017-07-13 01:00:00,0.0,solar,2017-07-12 23:00:00,day_ahead
2017-07-13 02:00:00,0.0,solar,2017-07-12 23:00:00,day_ahead
2017-07-13 03:00:00,0.0,solar,2017-07-12 23:00:00,day_ahead
2017-07-13 04:00:00,0.0,solar,2017-07-12 23:00:00,day_ahead
2017-07-13 05:00:00,3.2122688078700166,solar,2017-07-12 23:00:00,day_ahead
2017-07-13 06:00:00,46.21325438430318,solar,2017-07-12 23:00:00,day_ahead
2017-07-13 07:00:00,133.9364539390478,solar,2017-07-12 23:00:00,day_ahead
2017-07-13 08:00:00,207.26374309509663,solar,2017-07-12 23:00:00,day_ahead
2017-07-13 09:00:00,276.2021018648863,solar,2017-07-12 23:00:00,day_ahead
2017-07-13 10:00:00,323.77700448479317,solar,2017-07-12 23:00:00,day_ahead
2017-07-13 11:00:00,348.6651644186103,solar,2017-07-12 23:00:00,day_ahead
2017-07-13 12:00:00,358.59043730592145,solar,2017-07-12 23:00:00,day_ahead
2017-07-13 13:00:00,355.00453171218743,solar,2017-07-12 23:00:00,day_ahead
2017-07-13 14:00:00,336.80183258270694,solar,2017-07-12 23:00:00,day_ahead
2017-07-13 15:00:00,300.6731241306056,solar,2017-07-12 23:00:00,day_ahead
2017-07-13 16:00:00,245.03930006275144,solar,2017-07-12 23:00:00,day_ahead
2017-07-13 17:00:00,163.19186482585346,solar,2017-07-12 23:00:00,day_ahead
2017-07-13 18:00:00,69.94300186229196,solar,2017-07-12 23:00:00,day_ahead
2017-07-13 19:00:00,9.743454140699976,solar,2017-07-12 23:00:00,day_ahead
2017-07-13 20:00:00,0.0,solar,2017-07-12 23:00:00,day_ahead
2017-07-13 21:00:00,0.4421590984937597,solar,2017-07-12 23:00:00,day_ahead
2017-07-13 22:00:00,0.0,solar,2017-07-12 23:00:00,day_ahead
2017-07-13 23:00:00,0.0,solar,2017-07-12 23:00:00,day_ahead
2017-07-14 00:00:00,0.0,solar,2017-07-13 23:00:00,day_ahead
2017-07-14 01:00:00,0.0,solar,2017-07-13 23:00:00,day_ahead
2017-07-14 02:00:00,0.0,solar,2017-07-13 23:00:00,day_ahead
2017-07-14 03:00:00,0.0,solar,2017-07-13 23:00:00,day_ahead
2017-07-14 04:00:00,0.0,solar,2017-07-13 23:00:00,day_ahead
2017-07-14 05:00:00,3.183801119516096,solar,2017-07-13 23:00:00,day_ahead
2017-07-14 06:00:00,45.786883015865186,solar,2017-07-13 23:00:00,day_ahead
2017-07-14 07:00:00,132.72881981111334,solar,2017-07-13 23:00:00,day_ahead
2017-07-14 08:00:00,205.4473324702966,solar,2017-07-13 23:00:00,day_ahead
2017-07-14 09:00:00,273.77772852858067,solar,2017-07-13 23:00:00,day_ahead
2017-07-14 10:00:00,320.93447599659106,solar,2017-07-13 23:00:00,day_ahead
2017-07-14 11:00:00,345.57082967302637,solar,2017-07-13 23:00:00,day_ahead
2017-07-14 12:00:00,355.3644828477736,solar,2017-07-13 23:00:00,day_ahead
2017-07-14 13:00:00,351.8018443155107,solar,2017-07-13 23:00:00,day_ahead
2017-07-14 14:00:00,333.73554492795284,solar,2017-07-13 23:00:00,day_ahead
2017-07-14 15:00:00,297.92601261154033,solar,2017-07-13 23:00:00,day_ahead
2017-07-14 16:00:00,242.7492960404033,solar,2017-07-13 23:00:00,day_ahead
2017-07-14 17:00:00,161.58635659787598,solar,2017-07-13 23:00:00,day_ahead
2017-07-14 18:00:00,69.22326061726206,solar,2017-07-13 23:00:00,day_ahead
2017-07-14 19:00:00,9.64216256723341,solar,2017-07-13 23:00:00,day_ahead
2017-07-14 20:00:00,0.0,solar,2017-07-13 23:00:00,day_ahead
2017-07-14 21:00:00,0.43284423721975274,solar,2017-07-13 23:00:00,day_ahead
2017-07-14 22:00:00,0.0,solar,2017-07-13 23:00:00,day_ahead
2017-07-14 23:00:00,0.0,solar,2017-07-13 23:00:00,day_ahead
2017-07-15 00:00:00,0.0,solar,2017-07-14 23:00:00,day_ahead
2017-07-15 01:00:00,0.0,solar,2017-07-14 23:00:00,day_ahead
2017-07-15 02:00:00,0.0,solar,2017-07-14 23:00:00,day_ahead
2017-07-15 03:00:00,0.0,solar,2017-07-14 23:00:00,day_ahead
2017-07-15 04:00:00,0.0,solar,2017-07-14 23:00:00,day_ahead
2017-07-15 05:00:00,3.228902983889369,solar,2017-07-14 23:00:00,day_ahead
2017-07-15 06:00:00,46.62145220187231,solar,2017-07-14 23:00:00,day_ahead
2017-07-15 07:00:00,135.23093041769405,solar,2017-07-14 23:00:00,day_ahead
2017-07-15 08:00:00,209.46698374942414,solar,2017-07-14 23:00:00,day_ahead
2017-07-15 09:00:00,279.13180251111737,solar,2017-07-14 23:00:00,day_ahead
2017-07-15 10:00:00,327.13093643630486,solar,2017-07-14 23:00:00,day_ahead
2017-07-15 11:00:00,352.18822256603545,solar,2017-07-14 23:00:00,day_ahead
2017-07-15 12:00:00,362.0268894214376,solar,2017-07-14 23:00:00,day_ahead
2017-07-15 13:00:00,358.3907294211484,solar,2017-07-14 23:00:00,day_ahead
2017-07-15 14:00:00,340.0339950737284,solar,2017-07-14 23:00:00,day_ahead
2017-07-15 15:00:00,303.606303255566,solar,2017-07-14 23:00:00,day_ahead
2017-07-15 16:00:00,247.36940334754158,solar,2017-07-14 23:00:00,day_ahead
2017-07-15 17:00:00,164.65188092283438,solar,2017-07-14 23:00:00,day_ahead
2017-07-15 18:00:00,70.4845693232176,solar,2017-07-14 23:00:00,day_ahead
2017-07-15 19:00:00,9.804067801572947,solar,2017-07-14 23:00:00,day_ahead
2017-07-15 20:00:00,0.0,solar,2017-07-14 23:00:00,day_ahead
2017-07-15 21:00:00,0.43541532379039805,solar,2017-07-14 23:00:00,day_ahead
2017-07-15 22:00:00,0.0,solar,2017-07-14 23:00:00,day_ahead
2017-07-15 23:00:00,0.0,solar,2017-07-14 23:00:00,day_ahead
2017-07-16 00:00:00,0.0,solar,2017-07-15 23:00:00,day_ahead
2017-07-16 01:00:00,0.0,solar,2017-07-15 23:00:00,day_ahead
2017-07-16 02:00:00,0.0,solar,2017-07-15 23:00:00,day_ahead
2017-07-16 03:00:00,0.0,solar,2017-07-15 23:00:00,day_ahead
2017-07-16 04:00:00,0.0,solar,2017-07-15 23:00:00,day_ahead
2017-07-16 05:00:00,3.2847856752153897,solar,2017-07-15 23:00:00,day_ahead
2017-07-16 06:00:00,47.49424424198093,solar,2017-07-15 23:00:00,day_ahead
2017-07-16 07:00:00,137.75005980045333,solar,2017-07-15 23:00:00,day_ahead
2017-07-16 08:00:00,213.5327024205022,solar,2017-07-15 23:00:00,day_ahead
2017-07-16 09:00:00,284.4981693707954,solar,2017-07-15 23:00:00,day_ahead
2017-07-16 10:00:00,333.27729479667687,solar,2017-07-15 23:00:00,day_ahead
2017-07-16 11:00:00,358.73020701033744,solar,2017-07-15 23:00:00,day_ahead
2017-07-16 12:00:00,368.71379616266205,solar,2017-07-15 23:00:00,day_ahead
2017-07-16 13:00:00,364.99348971213914,solar,2017-07-15 23:00:00,day_ahead
2017-07-16 14:00:00,346.2644944664093,solar,2017-07-15 23:00:00,day_ahead
2017-07-16 15:00:00,309.17218958041974,solar,2017-07-15 23:00:00,day_ahead
2017-07-16 16:00:00,251.969448668057,solar,2017-07-15 23:00:00,day_ahead
2017-07-16 17:00:00,167.77862038738132,solar,2017-07-15 23:00:00,day_ahead
2017-07-16 18:00:00,71.84111124085312,solar,2017-07-15 23:00:00,day_ahead
2017-07-16 19:00:00,10.000200337692425,solar,2017-07-15 23:00:00,day_ahead
2017-07-16 20:00:00,0.0,solar,2017-07-15 23:00:00,day_ahead
2017-07-16 21:00:00,0.4376967962091724,solar,2017-07-15 23:00:00,day_ahead
2017-07-16 22:00:00,0.0,solar,2017-07-15 23:00:00,day_ahead
2017-07-16 23:00:00,0.0,solar,2017-07-15 23:00:00,day_ahead
2017-07-17 00:00:00,0.0,solar,2017-07-16 23:00:00,day_ahead
2017-07-17 01:00:00,0.0,solar,2017-07-16 23:00:00,day_ahead
2017-07-17 02:00:00,0.0,solar,2017-07-16 23:00:00,day_ahead
2017-07-17 03:00:00,0.0,solar,2017-07-16 23:00:00,day_ahead
2017-07-17 04:00:00,0.0,solar,2017-07-16 23:00:00,day_ahead
2017-07-17 05:00:00,3.2434882253078965,solar,2017-07-16 23:00:00,day_ahead
2017-07-17 06:00:00,46.79650942539975,solar,2017-07-16 23:00:00,day_ahead
2017-07-17 07:00:00,135.5596178447834,solar,2017-07-16 23:00:00,day_ahead
2017-07-17 08:00:00,210.18008788009226,solar,2017-07-16 23:00:00,day_ahead
2017-07-17 09:00:00,280.1188089781999,solar,2017-07-16 23:00:00,day_ahead
2017-07-17 10:00:00,328.0100957714369,solar,2017-07-16 23:00:00,day_ahead
2017-07-17 11:00:00,353.04025936747627,solar,2017-07-16 23:00:00,day_ahead
2017-07-17 12:00:00,362.8065507672858,solar,2017-07-16 23:00:00,day_ahead
2017-07-17 13:00:00,359.1142252230587,solar,2017-07-16 23:00:00,day_ahead
2017-07-17 14:00:00,340.66965380131484,solar,2017-07-16 23:00:00,day_ahead
2017-07-17 15:00:00,304.18707153728303,solar,2017-07-16 23:00:00,day_ahead
2017-07-17 16:00:00,247.86627840432072,solar,2017-07-16 23:00:00,day_ahead
2017-07-17 17:00:00,164.95937636356922,solar,2017-07-16 23:00:00,day_ahead
2017-07-17 18:00:00,70.57259527257277,solar,2017-07-16 23:00:00,day_ahead
2017-07-17 19:00:00,9.808130040337002,solar,2017-07-16 23:00:00,day_ahead
2017-07-17 20:00:00,0.0,solar,2017-07-16 23:00:00,day_ahead
2017-07-17 21:00:00,0.42537566146422784,solar,2017-07-16 23:00:00,day_ahead
2017-07-17 22:00:00,0.0,solar,2017-07-16 23:00:00,day_ahead
2017-07-17 23:00:00,0.0,solar,2017-07-16 23:00:00,day_ahead
2017-07-18 00:00:00,0.0,solar,2017-07-17 23:00:00,day_ahead
2017-07-18 01:00:00,0.0,solar,2017-07-17 23:00:00,day_ahead
2017-07-18 02:00:00,0.0,solar,2017-07-17 23:00:00,day_ahead
2017-07-18 03:00:00,0.0,solar,2017-07-17 23:00:00,day_ahead
2017-07-18 04:00:00,0.0,solar,2017-07-17 23:00:00,day_ahead
2017-07-18 05:00:00,3.1383162512660236,solar,2017-07-17 23:00:00,day_ahead
2017-07-18 06:00:00,45.49551655514058,solar,2017-07-17 23:00:00,day_ahead
2017-07-18 07:00:00,131.89316360322994,solar,2017-07-17 23:00:00,day_ahead
2017-07-18 08:00:00,204.70972297604732,solar,2017-07-17 23:00:00,day_ahead
2017-07-18 09:00:00,272.87863806975497,solar,2017-07-17 23:00:00,day_ahead
2017-07-18 10:00:00,319.466209334556,solar,2017-07-17 23:00:00,day_ahead
2017-07-18 11:00:00,343.909918283198,solar,2017-07-17 23:00:00,day_ahead
2017-07-18 12:00:00,353.6919201881157,solar,2017-07-17 23:00:00,day_ahead
2017-07-18 13:00:00,350.1702873961871,solar,2017-07-17 23:00:00,day_ahead
2017-07-18 14:00:00,332.196778428241,solar,2017-07-17 23:00:00,day_ahead
2017-07-18 15:00:00,296.59233196259845,solar,2017-07-17 23:00:00,day_ahead
2017-07-18 16:00:00,241.59732402199435,solar,2017-07-17 23:00:00,day_ahead
2017-07-18 17:00:00,160.73291681286202,solar,2017-07-17 23:00:00,day_ahead
2017-07-18 18:00:00,68.70593806023794,solar,2017-07-17 23:00:00,day_ahead
2017-07-18 19:00:00,9.53906223612604,solar,2017-07-17 23:00:00,day_ahead
2017-07-18 20:00:00,0.0,solar,2017-07-17 23:00:00,day_ahead
2017-07-18 21:00:00,0.4099674090109303,solar,2017-07-17 23:00:00,day_ahead
2017-07-18 22:00:00,0.0,solar,2017-07-17 23:00:00,day_ahead
2017-07-18 23:00:00,0.0,solar,2017-07-17 23:00:00,day_ahead
2017-07-19 00:00:00,0.0,solar,2017-07-18 23:00:00,day_ahead
2017-07-19 01:00:00,0.0,solar,2017-07-18 23:00:00,day_ahead
2017-07-19 02:00:00,0.0,solar,2017-07-18 23:00:00,day_ahead
2017-07-19 03:00:00,0.0,solar,2017-07-18 23:00:00,day_ahead
2017-07-19 04:00:00,0.0,solar,2017-07-18 23:00:00,day_ahead
2017-07-19 05:00:00,3.019027850421127,solar,2017-07-18 23:00:00,day_ahead
2017-07-19 06:00:00,43.901865560206375,solar,2017-07-18 23:00:00,day_ahead
2017-07-19 07:00:00,127.38661404097071,solar,2017-07-18 23:00:00,day_ahead
2017-07-19 08:00:00,198.04640364923537,solar,2017-07-18 23:00:00,day_ahead
2017-07-19 09:00:00,264.3824762694672,solar,2017-07-18 23:00:00,day_ahead
2017-07-19 10:00:00,309.5076759232405,solar,2017-07-18 23:00:00,day_ahead
2017-07-19 11:00:00,333.1544576495054,solar,2017-07-18 23:00:00,day_ahead
2017-07-19 12:00:00,342.4923847775197,solar,2017-07-18 23:00:00,day_ahead
2017-07-19 13:00:00,339.09424839882047,solar,2017-07-18 23:00:00,day_ahead
2017-07-19 14:00:00,321.3995153904885,solar,2017-07-18 23:00:00,day_ahead
2017-07-19 15:00:00,286.6923647141557,solar,2017-07-18 23:00:00,day_ahead
2017-07-19 16:00:00,233.40468584665595,solar,2017-07-18 23:00:00,day_ahead
2017-07-19 17:00:00,155.2220861408573,solar,2017-07-18 23:00:00,day_ahead
2017-07-19 18:00:00,66.35502816039518,solar,2017-07-18 23:00:00,day_ahead
2017-07-19 19:00:00,9.223180929708924,solar,2017-07-18 23:00:00,day_ahead
2017-07-19 20:00:00,0.0,solar,2017-07-18 23:00:00,day_ahead
2017-07-19 21:00:00,0.3928413685184578,solar,2017-07-18 23:00:00,day_ahead
2017-07-19 22:00:00,0.0,solar,2017-07-18 23:00:00,day_ahead
2017-07-19 23:00:00,0.0,solar,2017-07-18 23:00:00,day_ahead
2017-07-20 00:00:00,0.0,solar,2017-07-19 23:00:00,day_ahead
2017-07-20 01:00:00,0.0,solar,2017-07-19 23:00:00,day_ahead
2017-07-20 02:00:00,0.0,solar,2017-07-19 23:00:00,day_ahead
2017-07-20 03:00:00,0.0,solar,2017-07-19 23:00:00,day_ahead
2017-07-20 04:00:00,0.0,solar,2017-07-19 23:00:00,day_ahead
2017-07-20 05:00:00,2.9612796645668493,solar,2017-07-19 23:00:00,day_ahead
2017-07-20 06:00:00,43.193706273448925,solar,2017-07-19 23:00:00,day_ahead
2017-07-20 07:00:00,125.68371464805298,solar,2017-07-19 23:00:00,day_ahead
2017-07-20 08:00:00,195.41246624757449,solar,2017-07-19 23:00:00,day_ahead
2017-07-20 09:00:00,260.91662265897116,solar,2017-07-19 23:00:00,day_ahead
2017-07-20 10:00:00,305.2819016552701,solar,2017-07-19 23:00:00,day_ahead
2017-07-20 11:00:00,328.67370575846394,solar,2017-07-19 23:00:00,day_ahead
2017-07-20 12:00:00,337.96997466108945,solar,2017-07-19 23:00:00,day_ahead
2017-07-20 13:00:00,334.74204575978354,solar,2017-07-19 23:00:00,day_ahead
2017-07-20 14:00:00,317.41910029738085,solar,2017-07-19 23:00:00,day_ahead
2017-07-20 15:00:00,283.35919177794784,solar,2017-07-19 23:00:00,day_ahead
2017-07-20 16:00:00,230.75347296669943,solar,2017-07-19 23:00:00,day_ahead
2017-07-20 17:00:00,153.5363799589407,solar,2017-07-19 23:00:00,day_ahead
2017-07-20 18:00:00,65.66116177580477,solar,2017-07-19 23:00:00,day_ahead
2017-07-20 19:00:00,9.115117524747275,solar,2017-07-19 23:00:00,day_ahead
2017-07-20 20:00:00,0.0,solar,2017-07-19 23:00:00,day_ahead
2017-07-20 21:00:00,0.38381942717549394,solar,2017-07-19 23:00:00,day_ahead
2017-07-20 22:00:00,0.0,solar,2017-07-19 23:00:00,day_ahead
2017-07-20 23:00:00,0.0,solar,2017-07-19 23:00:00,day_ahead
2017-07-21 00:00:00,0.0,solar,2017-07-20 23:00:00,day_ahead
2017-07-21 01:00:00,0.0,solar,2017-07-20 23:00:00,day_ahead
2017-07-21 02:00:00,0.0,solar,2017-07-20 23:00:00,day_ahead
2017-07-21 03:00:00,0.0,solar,2017-07-20 23:00:00,day_ahead
2017-07-21 04:00:00,0.0,solar,2017-07-20 23:00:00,day_ahead
2017-07-21 05:00:00,3.2482717339610714,solar,2017-07-20 23:00:00,day_ahead
2017-07-21 06:00:00,47.49547407518551,solar,2017-07-20 23:00:00,day_ahead
2017-07-21 07:00:00,138.123238835465,solar,2017-07-20 23:00:00,day_ahead
2017-07-21 08:00:00,214.62707323572948,solar,2017-07-20 23:00:00,day_ahead
2017-07-21 09:00:00,286.4629020699483,solar,2017-07-20 23:00:00,day_ahead
2017-07-21 10:00:00,335.1287883788667,solar,2017-07-20 23:00:00,day_ahead
2017-07-21 11:00:00,360.816533024247,solar,2017-07-20 23:00:00,day_ahead
2017-07-21 12:00:00,371.1211180596096,solar,2017-07-20 23:00:00,day_ahead
2017-07-21 13:00:00,367.5212283877862,solar,2017-07-20 23:00:00,day_ahead
2017-07-21 14:00:00,348.30119523700046,solar,2017-07-20 23:00:00,day_ahead
2017-07-21 15:00:00,310.73399916446175,solar,2017-07-20 23:00:00,day_ahead
2017-07-21 16:00:00,252.83339269012697,solar,2017-07-20 23:00:00,day_ahead
2017-07-21 17:00:00,168.28528700642408,solar,2017-07-20 23:00:00,day_ahead
2017-07-21 18:00:00,71.83101131829032,solar,2017-07-20 23:00:00,day_ahead
2017-07-21 19:00:00,9.98312217478929,solar,2017-07-20 23:00:00,day_ahead
2017-07-21 20:00:00,0.0,solar,2017-07-20 23:00:00,day_ahead
2017-07-21 21:00:00,0.416157886321798,solar,2017-07-20 23:00:00,day_ahead
2017-07-21 22:00:00,0.0,solar,2017-07-20 23:00:00,day_ahead
2017-07-21 23:00:00,0.0,solar,2017-07-20 23:00:00,day_ahead
2017-07-22 00:00:00,0.0,solar,2017-07-21 23:00:00,day_ahead
2017-07-22 01:00:00,0.0,solar,2017-07-21 23:00:00,day_ahead
2017-07-22 02:00:00,0.0,solar,2017-07-21 23:00:00,day_ahead
2017-07-22 03:00:00,0.0,solar,2017-07-21 23:00:00,day_ahead
2017-07-22 04:00:00,0.0,solar,2017-07-21 23:00:00,day_ahead
2017-07-22 05:00:00,3.2484551481903496,solar,2017-07-21 23:00:00,day_ahead
2017-07-22 06:00:00,47.726879526297076,solar,2017-07-21 23:00:00,day_ahead
2017-07-22 07:00:00,139.1327169402723,solar,2017-07-21 23:00:00,day_ahead
2017-07-22 08:00:00,216.41816669788773,solar,2017-07-21 23:00:00,day_ahead
2017-07-22 09:00:00,289.17775519566845,solar,2017-07-21 23:00:00,day_ahead
2017-07-22 10:00:00,338.2074247704327,solar,2017-07-21 23:00:00,day_ahead
2017-07-22 11:00:00,364.0968385318358,solar,2017-07-21 23:00:00,day_ahead
2017-07-22 12:00:00,374.4371147858453,solar,2017-07-21 23:00:00,day_ahead
2017-07-22 13:00:00,370.7885474562115,solar,2017-07-21 23:00:00,day_ahead
2017-07-22 14:00:00,351.39214108407845,solar,2017-07-21 23:00:00,day_ahead
2017-07-22 15:00:00,313.5187305861862,solar,2017-07-21 23:00:00,day_ahead
2017-07-22 16:00:00,255.10239491298995,solar,2017-07-21 23:00:00,day_ahead
2017-07-22 17:00:00,169.8031271020763,solar,2017-07-21 23:00:00,day_ahead
2017-07-22 18:00:00,72.46838194936133,solar,2017-07-21 23:00:00,day_ahead
2017-07-22 19:00:00,10.057437695567796,solar,2017-07-21 23:00:00,day_ahead
2017-07-22 20:00:00,0.0,solar,2017-07-21 23:00:00,day_ahead
2017-07-22 21:00:00,0.414583506254437,solar,2017-07-21 23:00:00,day_ahead
2017-07-22 22:00:00,0.0,solar,2017-07-21 23:00:00,day_ahead
2017-07-22 23:00:00,0.0,solar,2017-07-21 23:00:00,day_ahead
2017-07-23 00:00:00,0.0,solar,2017-07-22 23:00:00,day_ahead
2017-07-23 01:00:00,0.0,solar,2017-07-22 23:00:00,day_ahead
2017-07-23 02:00:00,0.0,solar,2017-07-22 23:00:00,day_ahead
2017-07-23 03:00:00,0.0,solar,2017-07-22 23:00:00,day_ahead
2017-07-23 04:00:00,0.0,solar,2017-07-22 23:00:00,day_ahead
2017-07-23 05:00:00,3.171184756122311,solar,2017-07-22 23:00:00,day_ahead
2017-07-23 06:00:00,46.81660912030333,solar,2017-07-22 23:00:00,day_ahead
2017-07-23 07:00:00,136.48029495406374,solar,2017-07-22 23:00:00,day_ahead
2017-07-23 08:00:00,212.4160842921547,solar,2017-07-22 23:00:00,day_ahead
2017-07-23 09:00:00,283.6657175989191,solar,2017-07-22 23:00:00,day_ahead
2017-07-23 10:00:00,331.69664362571257,solar,2017-07-22 23:00:00,day_ahead
2017-07-23 11:00:00,356.9834798344662,solar,2017-07-22 23:00:00,day_ahead
2017-07-23 12:00:00,367.1218858282314,solar,2017-07-22 23:00:00,day_ahead
2017-07-23 13:00:00,363.5872203415324,solar,2017-07-22 23:00:00,day_ahead
2017-07-23 14:00:00,344.62711129424065,solar,2017-07-22 23:00:00,day_ahead
2017-07-23 15:00:00,307.50104330423255,solar,2017-07-22 23:00:00,day_ahead
2017-07-23 16:00:00,250.2075756074857,solar,2017-07-22 23:00:00,day_ahead
2017-07-23 17:00:00,166.53210437496398,solar,2017-07-22 23:00:00,day_ahead
2017-07-23 18:00:00,71.02775164913423,solar,2017-07-22 23:00:00,day_ahead
2017-07-23 19:00:00,9.840157808874437,solar,2017-07-22 23:00:00,day_ahead
2017-07-23 20:00:00,0.0,solar,2017-07-22 23:00:00,day_ahead
2017-07-23 21:00:00,0.4016474524702344,solar,2017-07-22 23:00:00,day_ahead
2017-07-23 22:00:00,0.0,solar,2017-07-22 23:00:00,day_ahead
2017-07-23 23:00:00,0.0,solar,2017-07-22 23:00:00,day_ahead
2017-07-24 00:00:00,0.0,solar,2017-07-23 23:00:00,day_ahead
2017-07-24 01:00:00,0.0,solar,2017-07-23 23:00:00,day_ahead
2017-07-24 02:00:00,0.0,solar,2017-07-23 23:00:00,day_ahead
2017-07-24 03:00:00,0.0,solar,2017-07-23 23:00:00,day_ahead
2017-07-24 04:00:00,0.0,solar,2017-07-23 23:00:00,day_ahead
2017-07-24 05:00:00,3.1962671552765793,solar,2017-07-23 23:00:00,day_ahead
2017-07-24 06:00:00,47.409850736820545,solar,2017-07-23 23:00:00,day_ahead
2017-07-24 07:00:00,138.30709908501913,solar,2017-07-23 23:00:00,day_ahead
2017-07-24 08:00:00,215.25511898896187,solar,2017-07-23 23:00:00,day_ahead
2017-07-24 09:00:00,287.3224777531182,solar,2017-07-23 23:00:00,day_ahead
2017-07-24 10:00:00,335.92284540651224,solar,2017-07-23 23:00:00,day_ahead
2017-07-24 11:00:00,361.4947795513717,solar,2017-07-23 23:00:00,day_ahead
2017-07-24 12:00:00,371.73274523525777,solar,2017-07-23 23:00:00,day_ahead
2017-07-24 13:00:00,368.1487499235689,solar,2017-07-23 23:00:00,day_ahead
2017-07-24 14:00:00,348.9416240945988,solar,2017-07-23 23:00:00,day_ahead
2017-07-24 15:00:00,311.37003729127446,solar,2017-07-23 23:00:00,day_ahead
2017-07-24 16:00:00,253.34746869064443,solar,2017-07-23 23:00:00,day_ahead
2017-07-24 17:00:00,168.59712357439935,solar,2017-07-23 23:00:00,day_ahead
2017-07-24 18:00:00,71.857484151761,solar,2017-07-23 23:00:00,day_ahead
2017-07-24 19:00:00,9.939634064021197,solar,2017-07-23 23:00:00,day_ahead
2017-07-24 20:00:00,0.0,solar,2017-07-23 23:00:00,day_ahead
2017-07-24 21:00:00,0.4017667543865335,solar,2017-07-23 23:00:00,day_ahead
2017-07-24 22:00:00,0.0,solar,2017-07-23 23:00:00,day_ahead
2017-07-24 23:00:00,0.0,solar,2017-07-23 23:00:00,day_ahead
2017-07-25 00:00:00,0.0,solar,2017-07-24 23:00:00,day_ahead
2017-07-25 01:00:00,0.0,solar,2017-07-24 23:00:00,day_ahead
2017-07-25 02:00:00,0.0,solar,2017-07-24 23:00:00,day_ahead
2017-07-25 03:00:00,0.0,solar,2017-07-24 23:00:00,day_ahead
2017-07-25 04:00:00,0.0,solar,2017-07-24 23:00:00,day_ahead
2017-07-25 05:00:00,3.171657522119061,solar,2017-07-24 23:00:00,day_ahead
2017-07-25 06:00:00,47.334049397438356,solar,2017-07-24 23:00:00,day_ahead
2017-07-25 07:00:00,138.32801880627144,solar,2017-07-24 23:00:00,day_ahead
2017-07-25 08:00:00,215.44866207782397,solar,2017-07-24 23:00:00,day_ahead
2017-07-25 09:00:00,287.60139829915056,solar,2017-07-24 23:00:00,day_ahead
2017-07-25 10:00:00,336.1968636455874,solar,2017-07-24 23:00:00,day_ahead
2017-07-25 11:00:00,361.75187175842046,solar,2017-07-24 23:00:00,day_ahead
2017-07-25 12:00:00,371.94492705613726,solar,2017-07-24 23:00:00,day_ahead
2017-07-25 13:00:00,368.34226895241875,solar,2017-07-24 23:00:00,day_ahead
2017-07-25 14:00:00,349.12747534545815,solar,2017-07-24 23:00:00,day_ahead
2017-07-25 15:00:00,311.54278962104286,solar,2017-07-24 23:00:00,day_ahead
2017-07-25 16:00:00,253.4539350247474,solar,2017-07-24 23:00:00,day_ahead
2017-07-25 17:00:00,168.65563717625815,solar,2017-07-24 23:00:00,day_ahead
2017-07-25 18:00:00,71.801881726255,solar,2017-07-24 23:00:00,day_ahead
2017-07-25 19:00:00,9.897900756060874,solar,2017-07-24 23:00:00,day_ahead
2017-07-25 20:00:00,0.0,solar,2017-07-24 23:00:00,day_ahead
2017-07-25 21:00:00,0.39718504991588055,solar,2017-07-24 23:00:00,day_ahead
2017-07-25 22:00:00,0.0,solar,2017-07-24 23:00:00,day_ahead
2017-07-25 23:00:00,0.0,solar,2017-07-24 23:00:00,day_ahead
2017-07-26 00:00:00,0.0,solar,2017-07-25 23:00:00,day_ahead
2017-07-26 01:00:00,0.0,solar,2017-07-25 23:00:00,day_ahead
2017-07-26 02:00:00,0.0,solar,2017-07-25 23:00:00,day_ahead
2017-07-26 03:00:00,0.0,solar,2017-07-25 23:00:00,day_ahead
2017-07-26 04:00:00,0.0,solar,2017-07-25 23:00:00,day_ahead
2017-07-26 05:00:00,3.073928208652497,solar,2017-07-25 23:00:00,day_ahead
2017-07-26 06:00:00,46.06150850854289,solar,2017-07-25 23:00:00,day_ahead
2017-07-26 07:00:00,134.90251513504754,solar,2017-07-25 23:00:00,day_ahead
2017-07-26 08:00:00,210.2788983322509,solar,2017-07-25 23:00:00,day_ahead
2017-07-26 09:00:00,280.7894798442408,solar,2017-07-25 23:00:00,day_ahead
2017-07-26 10:00:00,328.2195838460074,solar,2017-07-25 23:00:00,day_ahead
2017-07-26 11:00:00,353.26387050639937,solar,2017-07-25 23:00:00,day_ahead
2017-07-26 12:00:00,363.20997785780804,solar,2017-07-25 23:00:00,day_ahead
2017-07-26 13:00:00,359.6162207622836,solar,2017-07-25 23:00:00,day_ahead
2017-07-26 14:00:00,340.8093497344359,solar,2017-07-25 23:00:00,day_ahead
2017-07-26 15:00:00,304.10352318420763,solar,2017-07-25 23:00:00,day_ahead
2017-07-26 16:00:00,247.38035534309614,solar,2017-07-25 23:00:00,day_ahead
2017-07-26 17:00:00,164.57898537962626,solar,2017-07-25 23:00:00,day_ahead
2017-07-26 18:00:00,69.90665009907126,solar,2017-07-25 23:00:00,day_ahead
2017-07-26 19:00:00,9.6033144134085,solar,2017-07-25 23:00:00,day_ahead
2017-07-26 20:00:00,0.0,solar,2017-07-25 23:00:00,day_ahead
2017-07-26 21:00:00,0.38351363560584595,solar,2017-07-25 23:00:00,day_ahead
2017-07-26 22:00:00,0.0,solar,2017-07-25 23:00:00,day_ahead
2017-07-26 23:00:00,0.0,solar,2017-07-25 23:00:00,day_ahead
2017-07-27 00:00:00,0.0,solar,2017-07-26 23:00:00,day_ahead
2017-07-27 01:00:00,0.0,solar,2017-07-26 23:00:00,day_ahead
2017-07-27 02:00:00,0.0,solar,2017-07-26 23:00:00,day_ahead
2017-07-27 03:00:00,0.0,solar,2017-07-26 23:00:00,day_ahead
2017-07-27 04:00:00,0.0,solar,2017-07-26 23:00:00,day_ahead
2017-07-27 05:00:00,3.0305292830007247,solar,2017-07-26 23:00:00,day_ahead
2017-07-27 06:00:00,45.682131840730364,solar,2017-07-26 23:00:00,day_ahead
2017-07-27 07:00:00,133.9353432545188,solar,2017-07-26 23:00:00,day_ahead
2017-07-27 08:00:00,208.79390333475627,solar,2017-07-26 23:00:00,day_ahead
2017-07-27 09:00:00,278.8278870316492,solar,2017-07-26 23:00:00,day_ahead
2017-07-27 10:00:00,325.9099064339712,solar,2017-07-26 23:00:00,day_ahead
2017-07-27 11:00:00,350.8130063624544,solar,2017-07-26 23:00:00,day_ahead
2017-07-27 12:00:00,360.67209658206593,solar,2017-07-26 23:00:00,day_ahead
2017-07-27 13:00:00,357.0857124904679,solar,2017-07-26 23:00:00,day_ahead
2017-07-27 14:00:00,338.36516824871177,solar,2017-07-26 23:00:00,day_ahead
2017-07-27 15:00:00,301.88378245724255,solar,2017-07-26 23:00:00,day_ahead
2017-07-27 16:00:00,245.52695038069842,solar,2017-07-26 23:00:00,day_ahead
2017-07-27 17:00:00,163.26270296908766,solar,2017-07-26 23:00:00,day_ahead
2017-07-27 18:00:00,69.29389791115602,solar,2017-07-26 23:00:00,day_ahead
2017-07-27 19:00:00,9.499986078407444,solar,2017-07-26 23:00:00,day_ahead
2017-07-27 20:00:00,0.0,solar,2017-07-26 23:00:00,day_ahead
2017-07-27 21:00:00,0.3766768199108081,solar,2017-07-26 23:00:00,day_ahead
2017-07-27 22:00:00,0.0,solar,2017-07-26 23:00:00,day_ahead
2017-07-27 23:00:00,0.0,solar,2017-07-26 23:00:00,day_ahead
2017-07-28 00:00:00,0.0,solar,2017-07-27 23:00:00,day_ahead
2017-07-28 01:00:00,0.0,solar,2017-07-27 23:00:00,day_ahead
2017-07-28 02:00:00,0.0,solar,2017-07-27 23:00:00,day_ahead
2017-07-28 03:00:00,0.0,solar,2017-07-27 23:00:00,day_ahead
2017-07-28 04:00:00,0.0,solar,2017-07-27 23:00:00,day_ahead
2017-07-28 05:00:00,3.0898949080488958,solar,2017-07-27 23:00:00,day_ahead
2017-07-28 06:00:00,46.771206989045226,solar,2017-07-27 23:00:00,day_ahead
2017-07-28 07:00:00,137.52098440784928,solar,2017-07-27 23:00:00,day_ahead
2017-07-28 08:00:00,214.54959705478583,solar,2017-07-27 23:00:00,day_ahead
2017-07-28 09:00:00,286.5279459334675,solar,2017-07-27 23:00:00,day_ahead
2017-07-28 10:00:00,334.9276560861681,solar,2017-07-27 23:00:00,day_ahead
2017-07-28 11:00:00,360.54557220173905,solar,2017-07-27 23:00:00,day_ahead
2017-07-28 12:00:00,370.6291494982071,solar,2017-07-27 23:00:00,day_ahead
2017-07-28 13:00:00,366.92863611415487,solar,2017-07-27 23:00:00,day_ahead
2017-07-28 14:00:00,347.7057017568817,solar,2017-07-27 23:00:00,day_ahead
2017-07-28 15:00:00,310.2347176735484,solar,2017-07-27 23:00:00,day_ahead
2017-07-28 16:00:00,252.33320306166277,solar,2017-07-27 23:00:00,day_ahead
2017-07-28 17:00:00,167.80503522269518,solar,2017-07-27 23:00:00,day_ahead
2017-07-28 18:00:00,71.16918895394616,solar,2017-07-27 23:00:00,day_ahead
2017-07-28 19:00:00,9.730388153297522,solar,2017-07-27 23:00:00,day_ahead
2017-07-28 20:00:00,0.0,solar,2017-07-27 23:00:00,day_ahead
2017-07-28 21:00:00,0.3826225304841048,solar,2017-07-27 23:00:00,day_ahead
2017-07-28 22:00:00,0.0,solar,2017-07-27 23:00:00,day_ahead
2017-07-28 23:00:00,0.0,solar,2017-07-27 23:00:00,day_ahead
2017-07-29 00:00:00,0.0,solar,2017-07-28 23:00:00,day_ahead
2017-07-29 01:00:00,0.0,solar,2017-07-28 23:00:00,day_ahead
2017-07-29 02:00:00,0.0,solar,2017-07-28 23:00:00,day_ahead
2017-07-29 03:00:00,0.0,solar,2017-07-28 23:00:00,day_ahead
2017-07-29 04:00:00,0.0,solar,2017-07-28 23:00:00,day_ahead
2017-07-29 05:00:00,3.0583946351160387,solar,2017-07-28 23:00:00,day_ahead
2017-07-29 06:00:00,46.50867371941007,solar,2017-07-28 23:00:00,day_ahead
2017-07-29 07:00:00,137.05582655681616,solar,2017-07-28 23:00:00,day_ahead
2017-07-29 08:00:00,214.1853377644904,solar,2017-07-28 23:00:00,day_ahead
2017-07-29 09:00:00,285.9719367878719,solar,2017-07-28 23:00:00,day_ahead
2017-07-29 10:00:00,334.1437162618728,solar,2017-07-28 23:00:00,day_ahead
2017-07-29 11:00:00,359.66771647650137,solar,2017-07-28 23:00:00,day_ahead
2017-07-29 12:00:00,369.66845707616847,solar,2017-07-28 23:00:00,day_ahead
2017-07-29 13:00:00,365.93990311408714,solar,2017-07-28 23:00:00,day_ahead
2017-07-29 14:00:00,346.7791328801042,solar,2017-07-28 23:00:00,day_ahead
2017-07-29 15:00:00,309.44160572349915,solar,2017-07-28 23:00:00,day_ahead
2017-07-29 16:00:00,251.7070722650495,solar,2017-07-28 23:00:00,day_ahead
2017-07-29 17:00:00,167.39717354696202,solar,2017-07-28 23:00:00,day_ahead
2017-07-29 18:00:00,70.93187109167167,solar,2017-07-28 23:00:00,day_ahead
2017-07-29 19:00:00,9.663666212992489,solar,2017-07-28 23:00:00,day_ahead
2017-07-29 20:00:00,0.0,solar,2017-07-28 23:00:00,day_ahead
2017-07-29 21:00:00,0.37732399757953833,solar,2017-07-28 23:00:00,day_ahead
2017-07-29 22:00:00,0.0,solar,2017-07-28 23:00:00,day_ahead
2017-07-29 23:00:00,0.0,solar,2017-07-28 23:00:00,day_ahead
2017-07-30 00:00:00,0.0,solar,2017-07-29 23:00:00,day_ahead
2017-07-30 01:00:00,0.0,solar,2017-07-29 23:00:00,day_ahead
2017-07-30 02:00:00,0.0,solar,2017-07-29 23:00:00,day_ahead
2017-07-30 03:00:00,0.0,solar,2017-07-29 23:00:00,day_ahead
2017-07-30 04:00:00,0.0,solar,2017-07-29 23:00:00,day_ahead
2017-07-30 05:00:00,2.979408185374159,solar,2017-07-29 23:00:00,day_ahead
2017-07-30 06:00:00,45.413416727963956,solar,2017-07-29 23:00:00,day_ahead
2017-07-30 07:00:00,133.8850484989848,solar,2017-07-29 23:00:00,day_ahead
2017-07-30 08:00:00,209.33784050944266,solar,2017-07-29 23:00:00,day_ahead
2017-07-30 09:00:00,279.4815983592653,solar,2017-07-29 23:00:00,day_ahead
2017-07-30 10:00:00,326.5150769432817,solar,2017-07-29 23:00:00,day_ahead
2017-07-30 11:00:00,351.4828289882909,solar,2017-07-29 23:00:00,day_ahead
2017-07-30 12:00:00,361.30754134473847,solar,2017-07-29 23:00:00,day_ahead
2017-07-30 13:00:00,357.64720780599157,solar,2017-07-29 23:00:00,day_ahead
2017-07-30 14:00:00,338.87697431809164,solar,2017-07-29 23:00:00,day_ahead
2017-07-30 15:00:00,302.3099308213841,solar,2017-07-29 23:00:00,day_ahead
2017-07-30 16:00:00,245.8429037964822,solar,2017-07-29 23:00:00,day_ahead
2017-07-30 17:00:00,163.4244413068244,solar,2017-07-29 23:00:00,day_ahead
2017-07-30 18:00:00,69.18550138801497,solar,2017-07-29 23:00:00,day_ahead
2017-07-30 19:00:00,9.388942723884037,solar,2017-07-29 23:00:00,day_ahead
2017-07-30 20:00:00,0.0,solar,2017-07-29 23:00:00,day_ahead
2017-07-30 21:00:00,0.36488433570464474,solar,2017-07-29 23:00:00,day_ahead
2017-07-30 22:00:00,0.0,solar,2017-07-29 23:00:00,day_ahead
2017-07-30 23:00:00,0.0,solar,2017-07-29 23:00:00,day_ahead
2017-07-31 00:00:00,0.0,solar,2017-07-30 23:00:00,day_ahead
2017-07-31 01:00:00,0.0,solar,2017-07-30 23:00:00,day_ahead
2017-07-31 02:00:00,0.0,solar,2017-07-30 23:00:00,day_ahead
2017-07-31 03:00:00,0.0,solar,2017-07-30 23:00:00,day_ahead
2017-07-31 04:00:00,0.0,solar,2017-07-30 23:00:00,day_ahead
2017-07-31 05:00:00,2.987789427233551,solar,2017-07-30 23:00:00,day_ahead
2017-07-31 06:00:00,45.768496096608054,solar,2017-07-30 23:00:00,day_ahead
2017-07-31 07:00:00,135.14944281815173,solar,2017-07-30 23:00:00,day_ahead
2017-07-31 08:00:00,211.32563999649477,solar,2017-07-30 23:00:00,day_ahead
2017-07-31 09:00:00,282.1535703342863,solar,2017-07-30 23:00:00,day_ahead
2017-07-31 10:00:00,329.7159382907113,solar,2017-07-30 23:00:00,day_ahead
2017-07-31 11:00:00,354.94688145085115,solar,2017-07-30 23:00:00,day_ahead
2017-07-31 12:00:00,364.91643332925577,solar,2017-07-30 23:00:00,day_ahead
2017-07-31 13:00:00,361.22640003176036,solar,2017-07-30 23:00:00,day_ahead
2017-07-31 14:00:00,342.26428211855955,solar,2017-07-30 23:00:00,day_ahead
2017-07-31 15:00:00,305.3454876949707,solar,2017-07-30 23:00:00,day_ahead
2017-07-31 16:00:00,248.27009010503068,solar,2017-07-30 23:00:00,day_ahead
2017-07-31 17:00:00,165.01376652078395,solar,2017-07-30 23:00:00,day_ahead
2017-07-31 18:00:00,69.75003462279268,solar,2017-07-30 23:00:00,day_ahead
2017-07-31 19:00:00,9.42464483433363,solar,2017-07-30 23:00:00,day_ahead
2017-07-31 20:00:00,0.0,solar,2017-07-30 23:00:00,day_ahead
2017-07-31 21:00:00,0.3645693795237306,solar,2017-07-30 23:00:00,day_ahead
2017-07-31 22:00:00,0.0,solar,2017-07-30 23:00:00,day_ahead
2017-07-31 23:00:00,0.0,solar,2017-07-30 23:00:00,day_ahead
2017-08-01 00:00:00,0.0,solar,2017-07-31 23:00:00,day_ahead
2017-08-01 01:00:00,0.0,solar,2017-07-31 23:00:00,day_ahead
2017-08-01 02:00:00,0.0,solar,2017-07-31 23:00:00,day_ahead
2017-08-01 03:00:00,0.0,solar,2017-07-31 23:00:00,day_ahead
2017-08-01 04:00:00,0.0,solar,2017-07-31 23:00:00,day_ahead
2017-08-01 05:00:00,0.1661611372231161,solar,2017-07-31 23:00:00,day_ahead
2017-08-01 06:00:00,22.145905643065863,solar,2017-07-31 23:00:00,day_ahead
2017-08-01 07:00:00,107.94594732583592,solar,2017-07-31 23:00:00,day_ahead
2017-08-01 08:00:00,185.6443236473029,solar,2017-07-31 23:00:00,day_ahead
2017-08-01 09:00:00,253.76811985197403,solar,2017-07-31 23:00:00,day_ahead
2017-08-01 10:00:00,296.5858769898196,solar,2017-07-31 23:00:00,day_ahead
2017-08-01 11:00:00,320.6415228550198,solar,2017-07-31 23:00:00,day_ahead
2017-08-01 12:00:00,327.7581147254698,solar,2017-07-31 23:00:00,day_ahead
2017-08-01 13:00:00,323.5661594366605,solar,2017-07-31 23:00:00,day_ahead
2017-08-01 14:00:00,306.07719691227567,solar,2017-07-31 23:00:00,day_ahead
2017-08-01 15:00:00,269.8948654446393,solar,2017-07-31 23:00:00,day_ahead
2017-08-01 16:00:00,210.42180217925008,solar,2017-07-31 23:00:00,day_ahead
2017-08-01 17:00:00,127.2161167700355,solar,2017-07-31 23:00:00,day_ahead
2017-08-01 18:00:00,36.484066127711884,solar,2017-07-31 23:00:00,day_ahead
2017-08-01 19:00:00,1.3186014965008672,solar,2017-07-31 23:00:00,day_ahead
2017-08-01 20:00:00,0.0,solar,2017-07-31 23:00:00,day_ahead
2017-08-01 21:00:00,0.0,solar,2017-07-31 23:00:00,day_ahead
2017-08-01 22:00:00,0.0,solar,2017-07-31 23:00:00,day_ahead
2017-08-01 23:00:00,0.0,solar,2017-07-31 23:00:00,day_ahead
2017-08-02 00:00:00,0.0,solar,2017-08-01 23:00:00,day_ahead
2017-08-02 01:00:00,0.0,solar,2017-08-01 23:00:00,day_ahead
2017-08-02 02:00:00,0.0,solar,2017-08-01 23:00:00,day_ahead
2017-08-02 03:00:00,0.0,solar,2017-08-01 23:00:00,day_ahead
2017-08-02 04:00:00,0.0,solar,2017-08-01 23:00:00,day_ahead
2017-08-02 05:00:00,0.18289833019178503,solar,2017-08-01 23:00:00,day_ahead
2017-08-02 06:00:00,24.62272138809994,solar,2017-08-01 23:00:00,day_ahead
2017-08-02 07:00:00,120.30629557644089,solar,2017-08-01 23:00:00,day_ahead
2017-08-02 08:00:00,207.71315158237826,solar,2017-08-01 23:00:00,day_ahead
2017-08-02 09:00:00,284.0648759435446,solar,2017-08-01 23:00:00,day_ahead
2017-08-02 10:00:00,331.81398501532664,solar,2017-08-01 23:00:00,day_ahead
2017-08-02 11:00:00,358.68067661506166,solar,2017-08-01 23:00:00,day_ahead
2017-08-02 12:00:00,366.5894487320553,solar,2017-08-01 23:00:00,day_ahead
2017-08-02 13:00:00,361.863536368852,solar,2017-08-01 23:00:00,day_ahead
2017-08-02 14:00:00,342.34860803436584,solar,2017-08-01 23:00:00,day_ahead
2017-08-02 15:00:00,301.8967637832752,solar,2017-08-01 23:00:00,day_ahead
2017-08-02 16:00:00,235.54934154402127,solar,2017-08-01 23:00:00,day_ahead
2017-08-02 17:00:00,142.65671037872224,solar,2017-08-01 23:00:00,day_ahead
2017-08-02 18:00:00,41.0937591989669,solar,2017-08-01 23:00:00,day_ahead
2017-08-02 19:00:00,1.5483891633547182,solar,2017-08-01 23:00:00,day_ahead
2017-08-02 20:00:00,0.0,solar,2017-08-01 23:00:00,day_ahead
2017-08-02 21:00:00,0.0,solar,2017-08-01 23:00:00,day_ahead
2017-08-02 22:00:00,0.0,solar,2017-08-01 23:00:00,day_ahead
2017-08-02 23:00:00,0.0,solar,2017-08-01 23:00:00,day_ahead
2017-08-03 00:00:00,0.0,solar,2017-08-02 23:00:00,day_ahead
2017-08-03 01:00:00,0.0,solar,2017-08-02 23:00:00,day_ahead
2017-08-03 02:00:00,0.0,solar,2017-08-02 23:00:00,day_ahead
2017-08-03 03:00:00,0.0,solar,2017-08-02 23:00:00,day_ahead
2017-08-03 04:00:00,0.0,solar,2017-08-02 23:00:00,day_ahead
2017-08-03 05:00:00,0.1981296275239513,solar,2017-08-02 23:00:00,day_ahead
2017-08-03 06:00:00,25.171173884502203,solar,2017-08-02 23:00:00,day_ahead
2017-08-03 07:00:00,122.04154592788991,solar,2017-08-02 23:00:00,day_ahead
2017-08-03 08:00:00,210.3880353727295,solar,2017-08-02 23:00:00,day_ahead
2017-08-03 09:00:00,287.5445461502881,solar,2017-08-02 23:00:00,day_ahead
2017-08-03 10:00:00,335.66864974830656,solar,2017-08-02 23:00:00,day_ahead
2017-08-03 11:00:00,362.79609051292584,solar,2017-08-02 23:00:00,day_ahead
2017-08-03 12:00:00,370.7433515509152,solar,2017-08-02 23:00:00,day_ahead
2017-08-03 13:00:00,365.94569645062313,solar,2017-08-02 23:00:00,day_ahead
2017-08-03 14:00:00,346.2117045126148,solar,2017-08-02 23:00:00,day_ahead
2017-08-03 15:00:00,305.37803530624205,solar,2017-08-02 23:00:00,day_ahead
2017-08-03 16:00:00,238.4316433412456,solar,2017-08-02 23:00:00,day_ahead
2017-08-03 17:00:00,144.61277341492664,solar,2017-08-02 23:00:00,day_ahead
2017-08-03 18:00:00,41.89441430515417,solar,2017-08-02 23:00:00,day_ahead
2017-08-03 19:00:00,1.621205065811647,solar,2017-08-02 23:00:00,day_ahead
2017-08-03 20:00:00,0.0,solar,2017-08-02 23:00:00,day_ahead
2017-08-03 21:00:00,0.0,solar,2017-08-02 23:00:00,day_ahead
2017-08-03 22:00:00,0.0,solar,2017-08-02 23:00:00,day_ahead
2017-08-03 23:00:00,0.0,solar,2017-08-02 23:00:00,day_ahead
2017-08-04 00:00:00,0.0,solar,2017-08-03 23:00:00,day_ahead
2017-08-04 01:00:00,0.0,solar,2017-08-03 23:00:00,day_ahead
2017-08-04 02:00:00,0.0,solar,2017-08-03 23:00:00,day_ahead
2017-08-04 03:00:00,0.0,solar,2017-08-03 23:00:00,day_ahead
2017-08-04 04:00:00,0.0,solar,2017-08-03 23:00:00,day_ahead
2017-08-04 05:00:00,0.2071673592103661,solar,2017-08-03 23:00:00,day_ahead
2017-08-04 06:00:00,24.954675494912188,solar,2017-08-03 23:00:00,day_ahead
2017-08-04 07:00:00,120.19303017391816,solar,2017-08-03 23:00:00,day_ahead
2017-08-04 08:00:00,206.78549191233398,solar,2017-08-03 23:00:00,day_ahead
2017-08-04 09:00:00,282.500571093721,solar,2017-08-03 23:00:00,day_ahead
2017-08-04 10:00:00,329.70163088235836,solar,2017-08-03 23:00:00,day_ahead
2017-08-04 11:00:00,356.2805415660655,solar,2017-08-03 23:00:00,day_ahead
2017-08-04 12:00:00,363.9927709238118,solar,2017-08-03 23:00:00,day_ahead
2017-08-04 13:00:00,359.34038699829955,solar,2017-08-03 23:00:00,day_ahead
2017-08-04 14:00:00,339.9699881160552,solar,2017-08-03 23:00:00,day_ahead
2017-08-04 15:00:00,299.94060676063464,solar,2017-08-03 23:00:00,day_ahead
2017-08-04 16:00:00,234.29741000573355,solar,2017-08-03 23:00:00,day_ahead
2017-08-04 17:00:00,142.29045724203962,solar,2017-08-03 23:00:00,day_ahead
2017-08-04 18:00:00,41.39990240216554,solar,2017-08-03 23:00:00,day_ahead
2017-08-04 19:00:00,1.629621119851841,solar,2017-08-03 23:00:00,day_ahead
2017-08-04 20:00:00,0.0,solar,2017-08-03 23:00:00,day_ahead
2017-08-04 21:00:00,0.0,solar,2017-08-03 23:00:00,day_ahead
2017-08-04 22:00:00,0.0,solar,2017-08-03 23:00:00,day_ahead
2017-08-04 23:00:00,0.0,solar,2017-08-03 23:00:00,day_ahead
2017-08-05 00:00:00,0.0,solar,2017-08-04 23:00:00,day_ahead
2017-08-05 01:00:00,0.0,solar,2017-08-04 23:00:00,day_ahead
2017-08-05 02:00:00,0.0,solar,2017-08-04 23:00:00,day_ahead
2017-08-05 03:00:00,0.0,solar,2017-08-04 23:00:00,day_ahead
2017-08-05 04:00:00,0.0,solar,2017-08-04 23:00:00,day_ahead
2017-08-05 05:00:00,0.21879665337491636,solar,2017-08-04 23:00:00,day_ahead
2017-08-05 06:00:00,25.07106215153542,solar,2017-08-04 23:00:00,day_ahead
2017-08-05 07:00:00,120.13477779217777,solar,2017-08-04 23:00:00,day_ahead
2017-08-05 08:00:00,206.40179049395783,solar,2017-08-04 23:00:00,day_ahead
2017-08-05 09:00:00,281.7888978410072,solar,2017-08-04 23:00:00,day_ahead
2017-08-05 10:00:00,328.8257511786458,solar,2017-08-04 23:00:00,day_ahead
2017-08-05 11:00:00,355.2762328255531,solar,2017-08-04 23:00:00,day_ahead
2017-08-05 12:00:00,362.9254424691555,solar,2017-08-04 23:00:00,day_ahead
2017-08-05 13:00:00,358.28064417456545,solar,2017-08-04 23:00:00,day_ahead
2017-08-05 14:00:00,339.03118317838596,solar,2017-08-04 23:00:00,day_ahead
2017-08-05 15:00:00,299.18994565017454,solar,2017-08-04 23:00:00,day_ahead
2017-08-05 16:00:00,233.81506976789944,solar,2017-08-04 23:00:00,day_ahead
2017-08-05 17:00:00,142.18569099400148,solar,2017-08-04 23:00:00,day_ahead
2017-08-05 18:00:00,41.51051184956924,solar,2017-08-04 23:00:00,day_ahead
2017-08-05 19:00:00,1.6462335298458932,solar,2017-08-04 23:00:00,day_ahead
2017-08-05 20:00:00,0.0,solar,2017-08-04 23:00:00,day_ahead
2017-08-05 21:00:00,0.0,solar,2017-08-04 23:00:00,day_ahead
2017-08-05 22:00:00,0.0,solar,2017-08-04 23:00:00,day_ahead
2017-08-05 23:00:00,0.0,solar,2017-08-04 23:00:00,day_ahead
2017-08-06 00:00:00,0.0,solar,2017-08-05 23:00:00,day_ahead
2017-08-06 01:00:00,0.0,solar,2017-08-05 23:00:00,day_ahead
2017-08-06 02:00:00,0.0,solar,2017-08-05 23:00:00,day_ahead
2017-08-06 03:00:00,0.0,solar,2017-08-05 23:00:00,day_ahead
2017-08-06 04:00:00,0.0,solar,2017-08-05 23:00:00,day_ahead
2017-08-06 05:00:00,0.23391280527086583,solar,2017-08-05 23:00:00,day_ahead
2017-08-06 06:00:00,25.48411989589601,solar,2017-08-05 23:00:00,day_ahead
2017-08-06 07:00:00,121.75979795760412,solar,2017-08-05 23:00:00,day_ahead
2017-08-06 08:00:00,209.28105037147145,solar,2017-08-05 23:00:00,day_ahead
2017-08-06 09:00:00,285.7521483420987,solar,2017-08-05 23:00:00,day_ahead
2017-08-06 10:00:00,333.48001911575744,solar,2017-08-05 23:00:00,day_ahead
2017-08-06 11:00:00,360.3566329944158,solar,2017-08-05 23:00:00,day_ahead
2017-08-06 12:00:00,368.1648076135865,solar,2017-08-05 23:00:00,day_ahead
2017-08-06 13:00:00,363.449188117822,solar,2017-08-05 23:00:00,day_ahead
2017-08-06 14:00:00,343.91762863395735,solar,2017-08-05 23:00:00,day_ahead
2017-08-06 15:00:00,303.5294777117551,solar,2017-08-05 23:00:00,day_ahead
2017-08-06 16:00:00,237.3495141378397,solar,2017-08-05 23:00:00,day_ahead
2017-08-06 17:00:00,144.4885080177594,solar,2017-08-05 23:00:00,day_ahead
2017-08-06 18:00:00,42.31680110784661,solar,2017-08-05 23:00:00,day_ahead
2017-08-06 19:00:00,1.7055951220447583,solar,2017-08-05 23:00:00,day_ahead
2017-08-06 20:00:00,0.0,solar,2017-08-05 23:00:00,day_ahead
2017-08-06 21:00:00,0.0,solar,2017-08-05 23:00:00,day_ahead
2017-08-06 22:00:00,0.0,solar,2017-08-05 23:00:00,day_ahead
2017-08-06 23:00:00,0.0,solar,2017-08-05 23:00:00,day_ahead
2017-08-07 00:00:00,0.0,solar,2017-08-06 23:00:00,day_ahead
2017-08-07 01:00:00,0.0,solar,2017-08-06 23:00:00,day_ahead
2017-08-07 02:00:00,0.0,solar,2017-08-06 23:00:00,day_ahead
2017-08-07 03:00:00,0.0,solar,2017-08-06 23:00:00,day_ahead
2017-08-07 04:00:00,0.0,solar,2017-08-06 23:00:00,day_ahead
2017-08-07 05:00:00,0.24341911872317548,solar,2017-08-06 23:00:00,day_ahead
2017-08-07 06:00:00,25.42491640232577,solar,2017-08-06 23:00:00,day_ahead
2017-08-07 07:00:00,121.02675993112294,solar,2017-08-06 23:00:00,day_ahead
2017-08-07 08:00:00,207.8250392669039,solar,2017-08-06 23:00:00,day_ahead
2017-08-07 09:00:00,283.5478896248568,solar,2017-08-06 23:00:00,day_ahead
2017-08-07 10:00:00,330.7383320805111,solar,2017-08-06 23:00:00,day_ahead
2017-08-07 11:00:00,357.2829034685313,solar,2017-08-06 23:00:00,day_ahead
2017-08-07 12:00:00,364.96744076691675,solar,2017-08-06 23:00:00,day_ahead
2017-08-07 13:00:00,360.2577172031205,solar,2017-08-06 23:00:00,day_ahead
2017-08-07 14:00:00,340.8704447815792,solar,2017-08-06 23:00:00,day_ahead
2017-08-07 15:00:00,300.8921500618854,solar,2017-08-06 23:00:00,day_ahead
2017-08-07 16:00:00,235.32344222165167,solar,2017-08-06 23:00:00,day_ahead
2017-08-07 17:00:00,143.28102797742184,solar,2017-08-06 23:00:00,day_ahead
2017-08-07 18:00:00,41.99681589836356,solar,2017-08-06 23:00:00,day_ahead
2017-08-07 19:00:00,1.7105220403549786,solar,2017-08-06 23:00:00,day_ahead
2017-08-07 20:00:00,0.0,solar,2017-08-06 23:00:00,day_ahead
2017-08-07 21:00:00,0.0,solar,2017-08-06 23:00:00,day_ahead
2017-08-07 22:00:00,0.0,solar,2017-08-06 23:00:00,day_ahead
2017-08-07 23:00:00,0.0,solar,2017-08-06 23:00:00,day_ahead
2017-08-08 00:00:00,0.0,solar,2017-08-07 23:00:00,day_ahead
2017-08-08 01:00:00,0.0,solar,2017-08-07 23:00:00,day_ahead
2017-08-08 02:00:00,0.0,solar,2017-08-07 23:00:00,day_ahead
2017-08-08 03:00:00,0.0,solar,2017-08-07 23:00:00,day_ahead
2017-08-08 04:00:00,0.0,solar,2017-08-07 23:00:00,day_ahead
2017-08-08 05:00:00,0.23671920385008624,solar,2017-08-07 23:00:00,day_ahead
2017-08-08 06:00:00,25.106725473206907,solar,2017-08-07 23:00:00,day_ahead
2017-08-08 07:00:00,119.2387258234657,solar,2017-08-07 23:00:00,day_ahead
2017-08-08 08:00:00,205.01371171954847,solar,2017-08-07 23:00:00,day_ahead
2017-08-08 09:00:00,279.76894639698816,solar,2017-08-07 23:00:00,day_ahead
2017-08-08 10:00:00,326.36572925192894,solar,2017-08-07 23:00:00,day_ahead
2017-08-08 11:00:00,352.4741474650585,solar,2017-08-07 23:00:00,day_ahead
2017-08-08 12:00:00,360.10860864411796,solar,2017-08-07 23:00:00,day_ahead
2017-08-08 13:00:00,355.4551721711256,solar,2017-08-07 23:00:00,day_ahead
2017-08-08 14:00:00,336.2639695041439,solar,2017-08-07 23:00:00,day_ahead
2017-08-08 15:00:00,296.78384027763747,solar,2017-08-07 23:00:00,day_ahead
2017-08-08 16:00:00,232.03567520349296,solar,2017-08-07 23:00:00,day_ahead
2017-08-08 17:00:00,141.1896926404012,solar,2017-08-07 23:00:00,day_ahead
2017-08-08 18:00:00,41.45788608548667,solar,2017-08-07 23:00:00,day_ahead
2017-08-08 19:00:00,1.6927968390235026,solar,2017-08-07 23:00:00,day_ahead
2017-08-08 20:00:00,0.0,solar,2017-08-07 23:00:00,day_ahead
2017-08-08 21:00:00,0.0,solar,2017-08-07 23:00:00,day_ahead
2017-08-08 22:00:00,0.0,solar,2017-08-07 23:00:00,day_ahead
2017-08-08 23:00:00,0.0,solar,2017-08-07 23:00:00,day_ahead
2017-08-09 00:00:00,0.0,solar,2017-08-08 23:00:00,day_ahead
2017-08-09 01:00:00,0.0,solar,2017-08-08 23:00:00,day_ahead
2017-08-09 02:00:00,0.0,solar,2017-08-08 23:00:00,day_ahead
2017-08-09 03:00:00,0.0,solar,2017-08-08 23:00:00,day_ahead
2017-08-09 04:00:00,0.0,solar,2017-08-08 23:00:00,day_ahead
2017-08-09 05:00:00,0.24224907950470798,solar,2017-08-08 23:00:00,day_ahead
2017-08-09 06:00:00,26.21533310078856,solar,2017-08-08 23:00:00,day_ahead
2017-08-09 07:00:00,124.20061165167205,solar,2017-08-08 23:00:00,day_ahead
2017-08-09 08:00:00,213.33482687307898,solar,2017-08-08 23:00:00,day_ahead
2017-08-09 09:00:00,290.87838535210415,solar,2017-08-08 23:00:00,day_ahead
2017-08-09 10:00:00,339.23360736676585,solar,2017-08-08 23:00:00,day_ahead
2017-08-09 11:00:00,366.36888715455376,solar,2017-08-08 23:00:00,day_ahead
2017-08-09 12:00:00,374.2708655951982,solar,2017-08-08 23:00:00,day_ahead
2017-08-09 13:00:00,369.44912526783827,solar,2017-08-08 23:00:00,day_ahead
2017-08-09 14:00:00,349.5116668773818,solar,2017-08-08 23:00:00,day_ahead
2017-08-09 15:00:00,308.49857563357295,solar,2017-08-08 23:00:00,day_ahead
2017-08-09 16:00:00,241.3147676580481,solar,2017-08-08 23:00:00,day_ahead
2017-08-09 17:00:00,146.97649636609643,solar,2017-08-08 23:00:00,day_ahead
2017-08-09 18:00:00,43.276197859398046,solar,2017-08-08 23:00:00,day_ahead
2017-08-09 19:00:00,1.7771040615111813,solar,2017-08-08 23:00:00,day_ahead
2017-08-09 20:00:00,0.0,solar,2017-08-08 23:00:00,day_ahead
2017-08-09 21:00:00,0.0,solar,2017-08-08 23:00:00,day_ahead
2017-08-09 22:00:00,0.0,solar,2017-08-08 23:00:00,day_ahead
2017-08-09 23:00:00,0.0,solar,2017-08-08 23:00:00,day_ahead
2017-08-10 00:00:00,0.0,solar,2017-08-09 23:00:00,day_ahead
2017-08-10 01:00:00,0.0,solar,2017-08-09 23:00:00,day_ahead
2017-08-10 02:00:00,0.0,solar,2017-08-09 23:00:00,day_ahead
2017-08-10 03:00:00,0.0,solar,2017-08-09 23:00:00,day_ahead
2017-08-10 04:00:00,0.0,solar,2017-08-09 23:00:00,day_ahead
2017-08-10 05:00:00,0.23927639208106846,solar,2017-08-09 23:00:00,day_ahead
2017-08-10 06:00:00,26.39757523044759,solar,2017-08-09 23:00:00,day_ahead
2017-08-10 07:00:00,124.81248564585474,solar,2017-08-09 23:00:00,day_ahead
2017-08-10 08:00:00,214.21864838567535,solar,2017-08-09 23:00:00,day_ahead
2017-08-10 09:00:00,291.93928231797696,solar,2017-08-09 23:00:00,day_ahead
2017-08-10 10:00:00,340.354852064796,solar,2017-08-09 23:00:00,day_ahead
2017-08-10 11:00:00,367.51386929565155,solar,2017-08-09 23:00:00,day_ahead
2017-08-10 12:00:00,375.4229623095898,solar,2017-08-09 23:00:00,day_ahead
2017-08-10 13:00:00,370.5862522819706,solar,2017-08-09 23:00:00,day_ahead
2017-08-10 14:00:00,350.5965731629349,solar,2017-08-09 23:00:00,day_ahead
2017-08-10 15:00:00,309.4928322087927,solar,2017-08-09 23:00:00,day_ahead
2017-08-10 16:00:00,242.13865552200153,solar,2017-08-09 23:00:00,day_ahead
2017-08-10 17:00:00,147.57710374372556,solar,2017-08-09 23:00:00,day_ahead
2017-08-10 18:00:00,43.516553065193534,solar,2017-08-09 23:00:00,day_ahead
2017-08-10 19:00:00,1.784971008172548,solar,2017-08-09 23:00:00,day_ahead
2017-08-10 20:00:00,0.0,solar,2017-08-09 23:00:00,day_ahead
2017-08-10 21:00:00,0.0,solar,2017-08-09 23:00:00,day_ahead
2017-08-10 22:00:00,0.0,solar,2017-08-09 23:00:00,day_ahead
2017-08-10 23:00:00,0.0,solar,2017-08-09 23:00:00,day_ahead
2017-08-11 00:00:00,0.0,solar,2017-08-10 23:00:00,day_ahead
2017-08-11 01:00:00,0.0,solar,2017-08-10 23:00:00,day_ahead
2017-08-11 02:00:00,0.0,solar,2017-08-10 23:00:00,day_ahead
2017-08-11 03:00:00,0.0,solar,2017-08-10 23:00:00,day_ahead
2017-08-11 04:00:00,0.0,solar,2017-08-10 23:00:00,day_ahead
2017-08-11 05:00:00,0.2334613552834163,solar,2017-08-10 23:00:00,day_ahead
2017-08-11 06:00:00,26.217273777182772,solar,2017-08-10 23:00:00,day_ahead
2017-08-11 07:00:00,123.8114721753034,solar,2017-08-10 23:00:00,day_ahead
2017-08-11 08:00:00,212.37081921822113,solar,2017-08-10 23:00:00,day_ahead
2017-08-11 09:00:00,289.25476583856704,solar,2017-08-10 23:00:00,day_ahead
2017-08-11 10:00:00,337.1134509248551,solar,2017-08-10 23:00:00,day_ahead
2017-08-11 11:00:00,363.9295030780825,solar,2017-08-10 23:00:00,day_ahead
2017-08-11 12:00:00,371.74727083563727,solar,2017-08-10 23:00:00,day_ahead
2017-08-11 13:00:00,366.94162426208044,solar,2017-08-10 23:00:00,day_ahead
2017-08-11 14:00:00,347.1494878836733,solar,2017-08-10 23:00:00,day_ahead
2017-08-11 15:00:00,306.46816201286487,solar,2017-08-10 23:00:00,day_ahead
2017-08-11 16:00:00,239.7275487655878,solar,2017-08-10 23:00:00,day_ahead
2017-08-11 17:00:00,146.15252669240823,solar,2017-08-10 23:00:00,day_ahead
2017-08-11 18:00:00,43.17964168985642,solar,2017-08-10 23:00:00,day_ahead
2017-08-11 19:00:00,1.7704177368226472,solar,2017-08-10 23:00:00,day_ahead
2017-08-11 20:00:00,0.0,solar,2017-08-10 23:00:00,day_ahead
2017-08-11 21:00:00,0.0,solar,2017-08-10 23:00:00,day_ahead
2017-08-11 22:00:00,0.0,solar,2017-08-10 23:00:00,day_ahead
2017-08-11 23:00:00,0.0,solar,2017-08-10 23:00:00,day_ahead
2017-08-12 00:00:00,0.0,solar,2017-08-11 23:00:00,day_ahead
2017-08-12 01:00:00,0.0,solar,2017-08-11 23:00:00,day_ahead
2017-08-12 02:00:00,0.0,solar,2017-08-11 23:00:00,day_ahead
2017-08-12 03:00:00,0.0,solar,2017-08-11 23:00:00,day_ahead
2017-08-12 04:00:00,0.0,solar,2017-08-11 23:00:00,day_ahead
2017-08-12 05:00:00,0.2267155065189856,solar,2017-08-11 23:00:00,day_ahead
2017-08-12 06:00:00,25.90757073403432,solar,2017-08-11 23:00:00,day_ahead
2017-08-12 07:00:00,122.16518750257606,solar,2017-08-11 23:00:00,day_ahead
2017-08-12 08:00:00,209.39707153538686,solar,2017-08-11 23:00:00,day_ahead
2017-08-12 09:00:00,285.0389923277291,solar,2017-08-11 23:00:00,day_ahead
2017-08-12 10:00:00,332.0605179680277,solar,2017-08-11 23:00:00,day_ahead
2017-08-12 11:00:00,358.38156086281026,solar,2017-08-11 23:00:00,day_ahead
2017-08-12 12:00:00,366.1133774699349,solar,2017-08-11 23:00:00,day_ahead
2017-08-12 13:00:00,361.3766151513529,solar,2017-08-11 23:00:00,day_ahead
2017-08-12 14:00:00,341.89048863342515,solar,2017-08-11 23:00:00,day_ahead
2017-08-12 15:00:00,301.86688949999984,solar,2017-08-11 23:00:00,day_ahead
2017-08-12 16:00:00,236.17314818527203,solar,2017-08-11 23:00:00,day_ahead
2017-08-12 17:00:00,144.04254372155833,solar,2017-08-11 23:00:00,day_ahead
2017-08-12 18:00:00,42.58969478402305,solar,2017-08-11 23:00:00,day_ahead
2017-08-12 19:00:00,1.747250451262095,solar,2017-08-11 23:00:00,day_ahead
2017-08-12 20:00:00,0.0,solar,2017-08-11 23:00:00,day_ahead
2017-08-12 21:00:00,0.0,solar,2017-08-11 23:00:00,day_ahead
2017-08-12 22:00:00,0.0,solar,2017-08-11 23:00:00,day_ahead
2017-08-12 23:00:00,0.0,solar,2017-08-11 23:00:00,day_ahead
2017-08-13 00:00:00,0.0,solar,2017-08-12 23:00:00,day_ahead
2017-08-13 01:00:00,0.0,solar,2017-08-12 23:00:00,day_ahead
2017-08-13 02:00:00,0.0,solar,2017-08-12 23:00:00,day_ahead
2017-08-13 03:00:00,0.0,solar,2017-08-12 23:00:00,day_ahead
2017-08-13 04:00:00,0.0,solar,2017-08-12 23:00:00,day_ahead
2017-08-13 05:00:00,0.22145642691628425,solar,2017-08-12 23:00:00,day_ahead
2017-08-13 06:00:00,25.7166329439072,solar,2017-08-12 23:00:00,day_ahead
2017-08-13 07:00:00,121.1490452759472,solar,2017-08-12 23:00:00,day_ahead
2017-08-13 08:00:00,207.54636061780076,solar,2017-08-12 23:00:00,day_ahead
2017-08-13 09:00:00,282.37651740446034,solar,2017-08-12 23:00:00,day_ahead
2017-08-13 10:00:00,328.8401935065288,solar,2017-08-12 23:00:00,day_ahead
2017-08-13 11:00:00,354.81025645306505,solar,2017-08-12 23:00:00,day_ahead
2017-08-13 12:00:00,362.4993874763878,solar,2017-08-12 23:00:00,day_ahead
2017-08-13 13:00:00,357.80416361707495,solar,2017-08-12 23:00:00,day_ahead
2017-08-13 14:00:00,338.4693788250461,solar,2017-08-12 23:00:00,day_ahead
2017-08-13 15:00:00,298.7865403847442,solar,2017-08-12 23:00:00,day_ahead
2017-08-13 16:00:00,233.79677275158127,solar,2017-08-12 23:00:00,day_ahead
2017-08-13 17:00:00,142.60073747719125,solar,2017-08-12 23:00:00,day_ahead
2017-08-13 18:00:00,42.16204123581071,solar,2017-08-12 23:00:00,day_ahead
2017-08-13 19:00:00,1.734053847142046,solar,2017-08-12 23:00:00,day_ahead
2017-08-13 20:00:00,0.0,solar,2017-08-12 23:00:00,day_ahead
2017-08-13 21:00:00,0.0,solar,2017-08-12 23:00:00,day_ahead
2017-08-13 22:00:00,0.0,solar,2017-08-12 23:00:00,day_ahead
2017-08-13 23:00:00,0.0,solar,2017-08-12 23:00:00,day_ahead
2017-08-14 00:00:00,0.0,solar,2017-08-13 23:00:00,day_ahead
2017-08-14 01:00:00,0.0,solar,2017-08-13 23:00:00,day_ahead
2017-08-14 02:00:00,0.0,solar,2017-08-13 23:00:00,day_ahead
2017-08-14 03:00:00,0.0,solar,2017-08-13 23:00:00,day_ahead
2017-08-14 04:00:00,0.0,solar,2017-08-13 23:00:00,day_ahead
2017-08-14 05:00:00,0.21360583331656122,solar,2017-08-13 23:00:00,day_ahead
2017-08-14 06:00:00,25.09695645797786,solar,2017-08-13 23:00:00,day_ahead
2017-08-14 07:00:00,118.27494939871247,solar,2017-08-13 23:00:00,day_ahead
2017-08-14 08:00:00,202.6321720013601,solar,2017-08-13 23:00:00,day_ahead
2017-08-14 09:00:00,275.7523373747324,solar,2017-08-13 23:00:00,day_ahead
2017-08-14 10:00:00,321.19273455710334,solar,2017-08-13 23:00:00,day_ahead
2017-08-14 11:00:00,346.58738010565827,solar,2017-08-13 23:00:00,day_ahead
2017-08-14 12:00:00,354.1365453437939,solar,2017-08-13 23:00:00,day_ahead
2017-08-14 13:00:00,349.55470929835957,solar,2017-08-13 23:00:00,day_ahead
2017-08-14 14:00:00,330.62683642542396,solar,2017-08-13 23:00:00,day_ahead
2017-08-14 15:00:00,291.7935664007692,solar,2017-08-13 23:00:00,day_ahead
2017-08-14 16:00:00,228.32414606838577,solar,2017-08-13 23:00:00,day_ahead
2017-08-14 17:00:00,139.24556047099176,solar,2017-08-13 23:00:00,day_ahead
2017-08-14 18:00:00,41.145676574770775,solar,2017-08-13 23:00:00,day_ahead
2017-08-14 19:00:00,1.6859096795232773,solar,2017-08-13 23:00:00,day_ahead
2017-08-14 20:00:00,0.0,solar,2017-08-13 23:00:00,day_ahead
2017-08-14 21:00:00,0.0,solar,2017-08-13 23:00:00,day_ahead
2017-08-14 22:00:00,0.0,solar,2017-08-13 23:00:00,day_ahead
2017-08-14 23:00:00,0.0,solar,2017-08-13 23:00:00,day_ahead
2017-08-15 00:00:00,0.0,solar,2017-08-14 23:00:00,day_ahead
2017-08-15 01:00:00,0.0,solar,2017-08-14 23:00:00,day_ahead
2017-08-15 02:00:00,0.0,solar,2017-08-14 23:00:00,day_ahead
2017-08-15 03:00:00,0.0,solar,2017-08-14 23:00:00,day_ahead
2017-08-15 04:00:00,0.0,solar,2017-08-14 23:00:00,day_ahead
2017-08-15 05:00:00,0.21294715456388863,solar,2017-08-14 23:00:00,day_ahead
2017-08-15 06:00:00,25.216824946186435,solar,2017-08-14 23:00:00,day_ahead
2017-08-15 07:00:00,119.14636399476191,solar,2017-08-14 23:00:00,day_ahead
2017-08-15 08:00:00,204.40067066822328,solar,2017-08-14 23:00:00,day_ahead
2017-08-15 09:00:00,278.29477063455545,solar,2017-08-14 23:00:00,day_ahead
2017-08-15 10:00:00,324.21310348190883,solar,2017-08-14 23:00:00,day_ahead
2017-08-15 11:00:00,349.93709179794445,solar,2017-08-14 23:00:00,day_ahead
2017-08-15 12:00:00,357.6076270922278,solar,2017-08-14 23:00:00,day_ahead
2017-08-15 13:00:00,352.93472345678117,solar,2017-08-14 23:00:00,day_ahead
2017-08-15 14:00:00,333.7890671754921,solar,2017-08-14 23:00:00,day_ahead
2017-08-15 15:00:00,294.5889875495656,solar,2017-08-14 23:00:00,day_ahead
2017-08-15 16:00:00,230.4999725108389,solar,2017-08-14 23:00:00,day_ahead
2017-08-15 17:00:00,140.5125597419677,solar,2017-08-14 23:00:00,day_ahead
2017-08-15 18:00:00,41.505358603251736,solar,2017-08-14 23:00:00,day_ahead
2017-08-15 19:00:00,1.6938618417437104,solar,2017-08-14 23:00:00,day_ahead
2017-08-15 20:00:00,0.0,solar,2017-08-14 23:00:00,day_ahead
2017-08-15 21:00:00,0.0,solar,2017-08-14 23:00:00,day_ahead
2017-08-15 22:00:00,0.0,solar,2017-08-14 23:00:00,day_ahead
2017-08-15 23:00:00,0.0,solar,2017-08-14 23:00:00,day_ahead
2017-08-16 00:00:00,0.0,solar,2017-08-15 23:00:00,day_ahead
2017-08-16 01:00:00,0.0,solar,2017-08-15 23:00:00,day_ahead
2017-08-16 02:00:00,0.0,solar,2017-08-15 23:00:00,day_ahead
2017-08-16 03:00:00,0.0,solar,2017-08-15 23:00:00,day_ahead
2017-08-16 04:00:00,0.0,solar,2017-08-15 23:00:00,day_ahead
2017-08-16 05:00:00,0.2132539328639939,solar,2017-08-15 23:00:00,day_ahead
2017-08-16 06:00:00,25.58239022020774,solar,2017-08-15 23:00:00,day_ahead
2017-08-16 07:00:00,120.79301768948254,solar,2017-08-15 23:00:00,day_ahead
2017-08-16 08:00:00,207.3027380367212,solar,2017-08-15 23:00:00,day_ahead
2017-08-16 09:00:00,282.27785285795454,solar,2017-08-15 23:00:00,day_ahead
2017-08-16 10:00:00,328.96032186289796,solar,2017-08-15 23:00:00,day_ahead
2017-08-16 11:00:00,355.06378392272256,solar,2017-08-15 23:00:00,day_ahead
2017-08-16 12:00:00,362.8507283796712,solar,2017-08-15 23:00:00,day_ahead
2017-08-16 13:00:00,358.1315824172633,solar,2017-08-15 23:00:00,day_ahead
2017-08-16 14:00:00,338.66861694922704,solar,2017-08-15 23:00:00,day_ahead
2017-08-16 15:00:00,298.8852782339342,solar,2017-08-15 23:00:00,day_ahead
2017-08-16 16:00:00,233.83473691885396,solar,2017-08-15 23:00:00,day_ahead
2017-08-16 17:00:00,142.49290730284358,solar,2017-08-15 23:00:00,day_ahead
2017-08-16 18:00:00,42.07877529831875,solar,2017-08-15 23:00:00,day_ahead
2017-08-16 19:00:00,1.70947290990095,solar,2017-08-15 23:00:00,day_ahead
2017-08-16 20:00:00,0.0,solar,2017-08-15 23:00:00,day_ahead
2017-08-16 21:00:00,0.0,solar,2017-08-15 23:00:00,day_ahead
2017-08-16 22:00:00,0.0,solar,2017-08-15 23:00:00,day_ahead
2017-08-16 23:00:00,0.0,solar,2017-08-15 23:00:00,day_ahead
2017-08-17 00:00:00,0.0,solar,2017-08-16 23:00:00,day_ahead
2017-08-17 01:00:00,0.0,solar,2017-08-16 23:00:00,day_ahead
2017-08-17 02:00:00,0.0,solar,2017-08-16 23:00:00,day_ahead
2017-08-17 03:00:00,0.0,solar,2017-08-16 23:00:00,day_ahead
2017-08-17 04:00:00,0.0,solar,2017-08-16 23:00:00,day_ahead
2017-08-17 05:00:00,0.21353079151265902,solar,2017-08-16 23:00:00,day_ahead
2017-08-17 06:00:00,25.932102234957153,solar,2017-08-16 23:00:00,day_ahead
2017-08-17 07:00:00,122.62463975669088,solar,2017-08-16 23:00:00,day_ahead
2017-08-17 08:00:00,210.4862941315472,solar,2017-08-16 23:00:00,day_ahead
2017-08-17 09:00:00,286.4819009974636,solar,2017-08-16 23:00:00,day_ahead
2017-08-17 10:00:00,333.81842992045597,solar,2017-08-16 23:00:00,day_ahead
2017-08-17 11:00:00,360.2986656627051,solar,2017-08-16 23:00:00,day_ahead
2017-08-17 12:00:00,368.21440810298424,solar,2017-08-16 23:00:00,day_ahead
2017-08-17 13:00:00,363.41001526777046,solar,2017-08-16 23:00:00,day_ahead
2017-08-17 14:00:00,343.6316613328625,solar,2017-08-16 23:00:00,day_ahead
2017-08-17 15:00:00,303.2691678798418,solar,2017-08-16 23:00:00,day_ahead
2017-08-17 16:00:00,237.27697429138954,solar,2017-08-16 23:00:00,day_ahead
2017-08-17 17:00:00,144.61647851616434,solar,2017-08-16 23:00:00,day_ahead
2017-08-17 18:00:00,42.68728701431619,solar,2017-08-16 23:00:00,day_ahead
2017-08-17 19:00:00,1.724881647847276,solar,2017-08-16 23:00:00,day_ahead
2017-08-17 20:00:00,0.0,solar,2017-08-16 23:00:00,day_ahead
2017-08-17 21:00:00,0.0,solar,2017-08-16 23:00:00,day_ahead
2017-08-17 22:00:00,0.0,solar,2017-08-16 23:00:00,day_ahead
2017-08-17 23:00:00,0.0,solar,2017-08-16 23:00:00,day_ahead
2017-08-18 00:00:00,0.0,solar,2017-08-17 23:00:00,day_ahead
2017-08-18 01:00:00,0.0,solar,2017-08-17 23:00:00,day_ahead
2017-08-18 02:00:00,0.0,solar,2017-08-17 23:00:00,day_ahead
2017-08-18 03:00:00,0.0,solar,2017-08-17 23:00:00,day_ahead
2017-08-18 04:00:00,0.0,solar,2017-08-17 23:00:00,day_ahead
2017-08-18 05:00:00,0.2051370331789902,solar,2017-08-17 23:00:00,day_ahead
2017-08-18 06:00:00,25.1025459260513,solar,2017-08-17 23:00:00,day_ahead
2017-08-18 07:00:00,119.03207406054345,solar,2017-08-17 23:00:00,day_ahead
2017-08-18 08:00:00,204.5412339144507,solar,2017-08-17 23:00:00,day_ahead
2017-08-18 09:00:00,278.51154226500114,solar,2017-08-17 23:00:00,day_ahead
2017-08-18 10:00:00,324.6582411784577,solar,2017-08-17 23:00:00,day_ahead
2017-08-18 11:00:00,350.41399307550995,solar,2017-08-17 23:00:00,day_ahead
2017-08-18 12:00:00,358.1325005430936,solar,2017-08-17 23:00:00,day_ahead
2017-08-18 13:00:00,353.4283291511171,solar,2017-08-17 23:00:00,day_ahead
2017-08-18 14:00:00,334.18693684493155,solar,2017-08-17 23:00:00,day_ahead
2017-08-18 15:00:00,294.91739022967687,solar,2017-08-17 23:00:00,day_ahead
2017-08-18 16:00:00,230.7091759556544,solar,2017-08-17 23:00:00,day_ahead
2017-08-18 17:00:00,140.57719075226112,solar,2017-08-17 23:00:00,day_ahead
2017-08-18 18:00:00,41.43959922538973,solar,2017-08-17 23:00:00,day_ahead
2017-08-18 19:00:00,1.6697307410604074,solar,2017-08-17 23:00:00,day_ahead
2017-08-18 20:00:00,0.0,solar,2017-08-17 23:00:00,day_ahead
2017-08-18 21:00:00,0.0,solar,2017-08-17 23:00:00,day_ahead
2017-08-18 22:00:00,0.0,solar,2017-08-17 23:00:00,day_ahead
2017-08-18 23:00:00,0.0,solar,2017-08-17 23:00:00,day_ahead
2017-08-19 00:00:00,0.0,solar,2017-08-18 23:00:00,day_ahead
2017-08-19 01:00:00,0.0,solar,2017-08-18 23:00:00,day_ahead
2017-08-19 02:00:00,0.0,solar,2017-08-18 23:00:00,day_ahead
2017-08-19 03:00:00,0.0,solar,2017-08-18 23:00:00,day_ahead
2017-08-19 04:00:00,0.0,solar,2017-08-18 23:00:00,day_ahead
2017-08-19 05:00:00,0.20713090936568246,solar,2017-08-18 23:00:00,day_ahead
2017-08-19 06:00:00,25.60244057053835,solar,2017-08-18 23:00:00,day_ahead
2017-08-19 07:00:00,121.74995575178082,solar,2017-08-18 23:00:00,day_ahead
2017-08-19 08:00:00,209.25454441216806,solar,2017-08-18 23:00:00,day_ahead
2017-08-19 09:00:00,284.9034392251842,solar,2017-08-18 23:00:00,day_ahead
2017-08-19 10:00:00,332.08724221966753,solar,2017-08-18 23:00:00,day_ahead
2017-08-19 11:00:00,358.40042670582443,solar,2017-08-18 23:00:00,day_ahead
2017-08-19 12:00:00,366.3091079037357,solar,2017-08-18 23:00:00,day_ahead
2017-08-19 13:00:00,361.49524523565475,solar,2017-08-18 23:00:00,day_ahead
2017-08-19 14:00:00,341.77257272047405,solar,2017-08-18 23:00:00,day_ahead
2017-08-19 15:00:00,301.6479182790849,solar,2017-08-18 23:00:00,day_ahead
2017-08-19 16:00:00,235.9839561141988,solar,2017-08-18 23:00:00,day_ahead
2017-08-19 17:00:00,143.81158457638008,solar,2017-08-18 23:00:00,day_ahead
2017-08-19 18:00:00,42.34139128109475,solar,2017-08-18 23:00:00,day_ahead
2017-08-19 19:00:00,1.6987580200341479,solar,2017-08-18 23:00:00,day_ahead
2017-08-19 20:00:00,0.0,solar,2017-08-18 23:00:00,day_ahead
2017-08-19 21:00:00,0.0,solar,2017-08-18 23:00:00,day_ahead
2017-08-19 22:00:00,0.0,solar,2017-08-18 23:00:00,day_ahead
2017-08-19 23:00:00,0.0,solar,2017-08-18 23:00:00,day_ahead
2017-08-20 00:00:00,0.0,solar,2017-08-19 23:00:00,day_ahead
2017-08-20 01:00:00,0.0,solar,2017-08-19 23:00:00,day_ahead
2017-08-20 02:00:00,0.0,solar,2017-08-19 23:00:00,day_ahead
2017-08-20 03:00:00,0.0,solar,2017-08-19 23:00:00,day_ahead
2017-08-20 04:00:00,0.0,solar,2017-08-19 23:00:00,day_ahead
2017-08-20 05:00:00,0.2032933505879678,solar,2017-08-19 23:00:00,day_ahead
2017-08-20 06:00:00,25.418922617301913,solar,2017-08-19 23:00:00,day_ahead
2017-08-20 07:00:00,121.09945406168026,solar,2017-08-19 23:00:00,day_ahead
2017-08-20 08:00:00,208.13348921692793,solar,2017-08-19 23:00:00,day_ahead
2017-08-20 09:00:00,283.31708869190857,solar,2017-08-19 23:00:00,day_ahead
2017-08-20 10:00:00,330.1711182811768,solar,2017-08-19 23:00:00,day_ahead
2017-08-20 11:00:00,356.2630761807275,solar,2017-08-19 23:00:00,day_ahead
2017-08-20 12:00:00,364.08883905972823,solar,2017-08-19 23:00:00,day_ahead
2017-08-20 13:00:00,359.3010314228711,solar,2017-08-19 23:00:00,day_ahead
2017-08-20 14:00:00,339.6908934261356,solar,2017-08-19 23:00:00,day_ahead
2017-08-20 15:00:00,299.80373154287884,solar,2017-08-19 23:00:00,day_ahead
2017-08-20 16:00:00,234.54667778773918,solar,2017-08-19 23:00:00,day_ahead
2017-08-20 17:00:00,142.9308661422657,solar,2017-08-19 23:00:00,day_ahead
2017-08-20 18:00:00,42.02540219970854,solar,2017-08-19 23:00:00,day_ahead
2017-08-20 19:00:00,1.6674403580522101,solar,2017-08-19 23:00:00,day_ahead
2017-08-20 20:00:00,0.0,solar,2017-08-19 23:00:00,day_ahead
2017-08-20 21:00:00,0.0,solar,2017-08-19 23:00:00,day_ahead
2017-08-20 22:00:00,0.0,solar,2017-08-19 23:00:00,day_ahead
2017-08-20 23:00:00,0.0,solar,2017-08-19 23:00:00,day_ahead
2017-08-21 00:00:00,0.0,solar,2017-08-20 23:00:00,day_ahead
2017-08-21 01:00:00,0.0,solar,2017-08-20 23:00:00,day_ahead
2017-08-21 02:00:00,0.0,solar,2017-08-20 23:00:00,day_ahead
2017-08-21 03:00:00,0.0,solar,2017-08-20 23:00:00,day_ahead
2017-08-21 04:00:00,0.0,solar,2017-08-20 23:00:00,day_ahead
2017-08-21 05:00:00,0.1975362946769634,solar,2017-08-20 23:00:00,day_ahead
2017-08-21 06:00:00,24.918472106081904,solar,2017-08-20 23:00:00,day_ahead
2017-08-21 07:00:00,119.07190990931402,solar,2017-08-20 23:00:00,day_ahead
2017-08-21 08:00:00,204.76276134625923,solar,2017-08-20 23:00:00,day_ahead
2017-08-21 09:00:00,278.68268754654514,solar,2017-08-20 23:00:00,day_ahead
2017-08-21 10:00:00,324.70959102856864,solar,2017-08-20 23:00:00,day_ahead
2017-08-21 11:00:00,350.3307837635403,solar,2017-08-20 23:00:00,day_ahead
2017-08-21 12:00:00,358.0080459654075,solar,2017-08-20 23:00:00,day_ahead
2017-08-21 13:00:00,353.28266510521394,solar,2017-08-20 23:00:00,day_ahead
2017-08-21 14:00:00,333.95965766139085,solar,2017-08-20 23:00:00,day_ahead
2017-08-21 15:00:00,294.7144511051497,solar,2017-08-20 23:00:00,day_ahead
2017-08-21 16:00:00,230.5008588957161,solar,2017-08-20 23:00:00,day_ahead
2017-08-21 17:00:00,140.37022237810118,solar,2017-08-20 23:00:00,day_ahead
2017-08-21 18:00:00,41.18868971670585,solar,2017-08-20 23:00:00,day_ahead
2017-08-21 19:00:00,1.620206485707359,solar,2017-08-20 23:00:00,day_ahead
2017-08-21 20:00:00,0.0,solar,2017-08-20 23:00:00,day_ahead
2017-08-21 21:00:00,0.0,solar,2017-08-20 23:00:00,day_ahead
2017-08-21 22:00:00,0.0,solar,2017-08-20 23:00:00,day_ahead
2017-08-21 23:00:00,0.0,solar,2017-08-20 23:00:00,day_ahead
2017-08-22 00:00:00,0.0,solar,2017-08-21 23:00:00,day_ahead
2017-08-22 01:00:00,0.0,solar,2017-08-21 23:00:00,day_ahead
2017-08-22 02:00:00,0.0,solar,2017-08-21 23:00:00,day_ahead
2017-08-22 03:00:00,0.0,solar,2017-08-21 23:00:00,day_ahead
2017-08-22 04:00:00,0.0,solar,2017-08-21 23:00:00,day_ahead
2017-08-22 05:00:00,0.1957548496987508,solar,2017-08-21 23:00:00,day_ahead
2017-08-22 06:00:00,24.911355537665887,solar,2017-08-21 23:00:00,day_ahead
2017-08-22 07:00:00,119.3037139771868,solar,2017-08-21 23:00:00,day_ahead
2017-08-22 08:00:00,205.29771242252338,solar,2017-08-21 23:00:00,day_ahead
2017-08-22 09:00:00,279.44560401166814,solar,2017-08-21 23:00:00,day_ahead
2017-08-22 10:00:00,325.6135244886588,solar,2017-08-21 23:00:00,day_ahead
2017-08-22 11:00:00,351.293798867366,solar,2017-08-21 23:00:00,day_ahead
2017-08-22 12:00:00,359.01062722823144,solar,2017-08-21 23:00:00,day_ahead
2017-08-22 13:00:00,354.2432390696319,solar,2017-08-21 23:00:00,day_ahead
2017-08-22 14:00:00,334.8043559189382,solar,2017-08-21 23:00:00,day_ahead
2017-08-22 15:00:00,295.3690663727434,solar,2017-08-21 23:00:00,day_ahead
2017-08-22 16:00:00,230.99713193909224,solar,2017-08-21 23:00:00,day_ahead
2017-08-22 17:00:00,140.60338578102588,solar,2017-08-21 23:00:00,day_ahead
2017-08-22 18:00:00,41.179918911147524,solar,2017-08-21 23:00:00,day_ahead
2017-08-22 19:00:00,1.6055959543724325,solar,2017-08-21 23:00:00,day_ahead
2017-08-22 20:00:00,0.0,solar,2017-08-21 23:00:00,day_ahead
2017-08-22 21:00:00,0.0,solar,2017-08-21 23:00:00,day_ahead
2017-08-22 22:00:00,0.0,solar,2017-08-21 23:00:00,day_ahead
2017-08-22 23:00:00,0.0,solar,2017-08-21 23:00:00,day_ahead
2017-08-23 00:00:00,0.0,solar,2017-08-22 23:00:00,day_ahead
2017-08-23 01:00:00,0.0,solar,2017-08-22 23:00:00,day_ahead
2017-08-23 02:00:00,0.0,solar,2017-08-22 23:00:00,day_ahead
2017-08-23 03:00:00,0.0,solar,2017-08-22 23:00:00,day_ahead
2017-08-23 04:00:00,0.0,solar,2017-08-22 23:00:00,day_ahead
2017-08-23 05:00:00,0.19391916204230442,solar,2017-08-22 23:00:00,day_ahead
2017-08-23 06:00:00,24.845397864573158,solar,2017-08-22 23:00:00,day_ahead
2017-08-23 07:00:00,119.17886745429439,solar,2017-08-22 23:00:00,day_ahead
2017-08-23 08:00:00,205.32447218083905,solar,2017-08-22 23:00:00,day_ahead
2017-08-23 09:00:00,279.92666693267483,solar,2017-08-22 23:00:00,day_ahead
2017-08-23 10:00:00,326.34423286048263,solar,2017-08-22 23:00:00,day_ahead
2017-08-23 11:00:00,352.11899452998074,solar,2017-08-22 23:00:00,day_ahead
2017-08-23 12:00:00,359.8592594055984,solar,2017-08-22 23:00:00,day_ahead
2017-08-23 13:00:00,355.0767014629571,solar,2017-08-22 23:00:00,day_ahead
2017-08-23 14:00:00,335.55665285991256,solar,2017-08-22 23:00:00,day_ahead
2017-08-23 15:00:00,296.03611185065597,solar,2017-08-22 23:00:00,day_ahead
2017-08-23 16:00:00,231.5133906332586,solar,2017-08-22 23:00:00,day_ahead
2017-08-23 17:00:00,140.85362257832114,solar,2017-08-22 23:00:00,day_ahead
2017-08-23 18:00:00,41.15300869533858,solar,2017-08-22 23:00:00,day_ahead
2017-08-23 19:00:00,1.590539470918535,solar,2017-08-22 23:00:00,day_ahead
2017-08-23 20:00:00,0.0,solar,2017-08-22 23:00:00,day_ahead
2017-08-23 21:00:00,0.0,solar,2017-08-22 23:00:00,day_ahead
2017-08-23 22:00:00,0.0,solar,2017-08-22 23:00:00,day_ahead
2017-08-23 23:00:00,0.0,solar,2017-08-22 23:00:00,day_ahead
2017-08-24 00:00:00,0.0,solar,2017-08-23 23:00:00,day_ahead
2017-08-24 01:00:00,0.0,solar,2017-08-23 23:00:00,day_ahead
2017-08-24 02:00:00,0.0,solar,2017-08-23 23:00:00,day_ahead
2017-08-24 03:00:00,0.0,solar,2017-08-23 23:00:00,day_ahead
2017-08-24 04:00:00,0.0,solar,2017-08-23 23:00:00,day_ahead
2017-08-24 05:00:00,0.18878853181326535,solar,2017-08-23 23:00:00,day_ahead
2017-08-24 06:00:00,24.42114194055733,solar,2017-08-23 23:00:00,day_ahead
2017-08-24 07:00:00,117.31937422462202,solar,2017-08-23 23:00:00,day_ahead
2017-08-24 08:00:00,202.11814702841662,solar,2017-08-23 23:00:00,day_ahead
2017-08-24 09:00:00,275.60900536023314,solar,2017-08-23 23:00:00,day_ahead
2017-08-24 10:00:00,321.35791166151034,solar,2017-08-23 23:00:00,day_ahead
2017-08-24 11:00:00,346.7537583865413,solar,2017-08-23 23:00:00,day_ahead
2017-08-24 12:00:00,354.27754650955285,solar,2017-08-23 23:00:00,day_ahead
2017-08-24 13:00:00,349.53992837733847,solar,2017-08-23 23:00:00,day_ahead
2017-08-24 14:00:00,330.23328051327974,solar,2017-08-23 23:00:00,day_ahead
2017-08-24 15:00:00,291.2688410008194,solar,2017-08-23 23:00:00,day_ahead
2017-08-24 16:00:00,227.68400571488584,solar,2017-08-23 23:00:00,day_ahead
2017-08-24 17:00:00,138.4438865318248,solar,2017-08-23 23:00:00,day_ahead
2017-08-24 18:00:00,40.367176596415696,solar,2017-08-23 23:00:00,day_ahead
2017-08-24 19:00:00,1.548452428882267,solar,2017-08-23 23:00:00,day_ahead
2017-08-24 20:00:00,0.0,solar,2017-08-23 23:00:00,day_ahead
2017-08-24 21:00:00,0.0,solar,2017-08-23 23:00:00,day_ahead
2017-08-24 22:00:00,0.0,solar,2017-08-23 23:00:00,day_ahead
2017-08-24 23:00:00,0.0,solar,2017-08-23 23:00:00,day_ahead
2017-08-25 00:00:00,0.0,solar,2017-08-24 23:00:00,day_ahead
2017-08-25 01:00:00,0.0,solar,2017-08-24 23:00:00,day_ahead
2017-08-25 02:00:00,0.0,solar,2017-08-24 23:00:00,day_ahead
2017-08-25 03:00:00,0.0,solar,2017-08-24 23:00:00,day_ahead
2017-08-25 04:00:00,0.0,solar,2017-08-24 23:00:00,day_ahead
2017-08-25 05:00:00,0.18719397108883487,solar,2017-08-24 23:00:00,day_ahead
2017-08-25 06:00:00,24.422907800083703,solar,2017-08-24 23:00:00,day_ahead
2017-08-25 07:00:00,117.43797933189586,solar,2017-08-24 23:00:00,day_ahead
2017-08-25 08:00:00,202.60697541405273,solar,2017-08-24 23:00:00,day_ahead
2017-08-25 09:00:00,276.25146684745556,solar,2017-08-24 23:00:00,day_ahead
2017-08-25 10:00:00,322.12250306642846,solar,2017-08-24 23:00:00,day_ahead
2017-08-25 11:00:00,347.6737103309804,solar,2017-08-24 23:00:00,day_ahead
2017-08-25 12:00:00,355.23797216294986,solar,2017-08-24 23:00:00,day_ahead
2017-08-25 13:00:00,350.4016588228822,solar,2017-08-24 23:00:00,day_ahead
2017-08-25 14:00:00,330.8997623949696,solar,2017-08-24 23:00:00,day_ahead
2017-08-25 15:00:00,291.8367915886194,solar,2017-08-24 23:00:00,day_ahead
2017-08-25 16:00:00,228.00307109666724,solar,2017-08-24 23:00:00,day_ahead
2017-08-25 17:00:00,138.6614519870575,solar,2017-08-24 23:00:00,day_ahead
2017-08-25 18:00:00,40.32669909953276,solar,2017-08-24 23:00:00,day_ahead
2017-08-25 19:00:00,1.5353707903362044,solar,2017-08-24 23:00:00,day_ahead
2017-08-25 20:00:00,0.0,solar,2017-08-24 23:00:00,day_ahead
2017-08-25 21:00:00,0.0,solar,2017-08-24 23:00:00,day_ahead
2017-08-25 22:00:00,0.0,solar,2017-08-24 23:00:00,day_ahead
2017-08-25 23:00:00,0.0,solar,2017-08-24 23:00:00,day_ahead
2017-08-26 00:00:00,0.0,solar,2017-08-25 23:00:00,day_ahead
2017-08-26 01:00:00,0.0,solar,2017-08-25 23:00:00,day_ahead
2017-08-26 02:00:00,0.0,solar,2017-08-25 23:00:00,day_ahead
2017-08-26 03:00:00,0.0,solar,2017-08-25 23:00:00,day_ahead
2017-08-26 04:00:00,0.0,solar,2017-08-25 23:00:00,day_ahead
2017-08-26 05:00:00,0.18534423725316992,solar,2017-08-25 23:00:00,day_ahead
2017-08-26 06:00:00,24.353128534111917,solar,2017-08-25 23:00:00,day_ahead
2017-08-26 07:00:00,117.31839646788771,solar,2017-08-25 23:00:00,day_ahead
2017-08-26 08:00:00,202.5838254838607,solar,2017-08-25 23:00:00,day_ahead
2017-08-26 09:00:00,276.26700403932216,solar,2017-08-25 23:00:00,day_ahead
2017-08-26 10:00:00,322.3139929956026,solar,2017-08-25 23:00:00,day_ahead
2017-08-26 11:00:00,347.91013894353034,solar,2017-08-25 23:00:00,day_ahead
2017-08-26 12:00:00,355.55984278641836,solar,2017-08-25 23:00:00,day_ahead
2017-08-26 13:00:00,350.862907483178,solar,2017-08-25 23:00:00,day_ahead
2017-08-26 14:00:00,331.32492014779194,solar,2017-08-25 23:00:00,day_ahead
2017-08-26 15:00:00,292.1102394341924,solar,2017-08-25 23:00:00,day_ahead
2017-08-26 16:00:00,228.1408204075124,solar,2017-08-25 23:00:00,day_ahead
2017-08-26 17:00:00,138.58379048735776,solar,2017-08-25 23:00:00,day_ahead
2017-08-26 18:00:00,40.17977441554354,solar,2017-08-25 23:00:00,day_ahead
2017-08-26 19:00:00,1.5201902395989575,solar,2017-08-25 23:00:00,day_ahead
2017-08-26 20:00:00,0.0,solar,2017-08-25 23:00:00,day_ahead
2017-08-26 21:00:00,0.0,solar,2017-08-25 23:00:00,day_ahead
2017-08-26 22:00:00,0.0,solar,2017-08-25 23:00:00,day_ahead
2017-08-26 23:00:00,0.0,solar,2017-08-25 23:00:00,day_ahead
2017-08-27 00:00:00,0.0,solar,2017-08-26 23:00:00,day_ahead
2017-08-27 01:00:00,0.0,solar,2017-08-26 23:00:00,day_ahead
2017-08-27 02:00:00,0.0,solar,2017-08-26 23:00:00,day_ahead
2017-08-27 03:00:00,0.0,solar,2017-08-26 23:00:00,day_ahead
2017-08-27 04:00:00,0.0,solar,2017-08-26 23:00:00,day_ahead
2017-08-27 05:00:00,0.17398916175423454,solar,2017-08-26 23:00:00,day_ahead
2017-08-27 06:00:00,22.904037537729668,solar,2017-08-26 23:00:00,day_ahead
2017-08-27 07:00:00,110.51729072288322,solar,2017-08-26 23:00:00,day_ahead
2017-08-27 08:00:00,191.19258552906132,solar,2017-08-26 23:00:00,day_ahead
2017-08-27 09:00:00,260.9737640972963,solar,2017-08-26 23:00:00,day_ahead
2017-08-27 10:00:00,304.62932283231726,solar,2017-08-26 23:00:00,day_ahead
2017-08-27 11:00:00,329.23745658256644,solar,2017-08-26 23:00:00,day_ahead
2017-08-27 12:00:00,336.99868842750334,solar,2017-08-26 23:00:00,day_ahead
2017-08-27 13:00:00,332.50356842455085,solar,2017-08-26 23:00:00,day_ahead
2017-08-27 14:00:00,313.79732483765514,solar,2017-08-26 23:00:00,day_ahead
2017-08-27 15:00:00,276.57696610679113,solar,2017-08-26 23:00:00,day_ahead
2017-08-27 16:00:00,215.84993652619133,solar,2017-08-26 23:00:00,day_ahead
2017-08-27 17:00:00,130.94183414260053,solar,2017-08-26 23:00:00,day_ahead
2017-08-27 18:00:00,37.900693120212416,solar,2017-08-26 23:00:00,day_ahead
2017-08-27 19:00:00,1.4270513696414242,solar,2017-08-26 23:00:00,day_ahead
2017-08-27 20:00:00,0.0,solar,2017-08-26 23:00:00,day_ahead
2017-08-27 21:00:00,0.0,solar,2017-08-26 23:00:00,day_ahead
2017-08-27 22:00:00,0.0,solar,2017-08-26 23:00:00,day_ahead
2017-08-27 23:00:00,0.0,solar,2017-08-26 23:00:00,day_ahead
2017-08-28 00:00:00,0.0,solar,2017-08-27 23:00:00,day_ahead
2017-08-28 01:00:00,0.0,solar,2017-08-27 23:00:00,day_ahead
2017-08-28 02:00:00,0.0,solar,2017-08-27 23:00:00,day_ahead
2017-08-28 03:00:00,0.0,solar,2017-08-27 23:00:00,day_ahead
2017-08-28 04:00:00,0.0,solar,2017-08-27 23:00:00,day_ahead
2017-08-28 05:00:00,0.1741422942724036,solar,2017-08-27 23:00:00,day_ahead
2017-08-28 06:00:00,23.010312812938412,solar,2017-08-27 23:00:00,day_ahead
2017-08-28 07:00:00,111.34628928146105,solar,2017-08-27 23:00:00,day_ahead
2017-08-28 08:00:00,193.07157463128982,solar,2017-08-27 23:00:00,day_ahead
2017-08-28 09:00:00,263.7102876725675,solar,2017-08-27 23:00:00,day_ahead
2017-08-28 10:00:00,307.67332065861905,solar,2017-08-27 23:00:00,day_ahead
2017-08-28 11:00:00,332.7764101649131,solar,2017-08-27 23:00:00,day_ahead
2017-08-28 12:00:00,340.5445134955405,solar,2017-08-27 23:00:00,day_ahead
2017-08-28 13:00:00,336.1422071249062,solar,2017-08-27 23:00:00,day_ahead
2017-08-28 14:00:00,317.29036976351995,solar,2017-08-27 23:00:00,day_ahead
2017-08-28 15:00:00,279.8220034845021,solar,2017-08-27 23:00:00,day_ahead
2017-08-28 16:00:00,218.36375075422225,solar,2017-08-27 23:00:00,day_ahead
2017-08-28 17:00:00,132.42342957063266,solar,2017-08-27 23:00:00,day_ahead
2017-08-28 18:00:00,38.20307342615127,solar,2017-08-27 23:00:00,day_ahead
2017-08-28 19:00:00,1.4283139136974157,solar,2017-08-27 23:00:00,day_ahead
2017-08-28 20:00:00,0.0,solar,2017-08-27 23:00:00,day_ahead
2017-08-28 21:00:00,0.0,solar,2017-08-27 23:00:00,day_ahead
2017-08-28 22:00:00,0.0,solar,2017-08-27 23:00:00,day_ahead
2017-08-28 23:00:00,0.0,solar,2017-08-27 23:00:00,day_ahead
2017-08-29 00:00:00,0.0,solar,2017-08-28 23:00:00,day_ahead
2017-08-29 01:00:00,0.0,solar,2017-08-28 23:00:00,day_ahead
2017-08-29 02:00:00,0.0,solar,2017-08-28 23:00:00,day_ahead
2017-08-29 03:00:00,0.0,solar,2017-08-28 23:00:00,day_ahead
2017-08-29 04:00:00,0.0,solar,2017-08-28 23:00:00,day_ahead
2017-08-29 05:00:00,0.1581416514139923,solar,2017-08-28 23:00:00,day_ahead
2017-08-29 06:00:00,21.003444112850943,solar,2017-08-28 23:00:00,day_ahead
2017-08-29 07:00:00,102.05279399594507,solar,2017-08-28 23:00:00,day_ahead
2017-08-29 08:00:00,176.88401473034318,solar,2017-08-28 23:00:00,day_ahead
2017-08-29 09:00:00,241.32506653357325,solar,2017-08-28 23:00:00,day_ahead
2017-08-29 10:00:00,281.8052248766918,solar,2017-08-28 23:00:00,day_ahead
2017-08-29 11:00:00,304.52358448565457,solar,2017-08-28 23:00:00,day_ahead
2017-08-29 12:00:00,311.57791816259333,solar,2017-08-28 23:00:00,day_ahead
2017-08-29 13:00:00,307.55082220652713,solar,2017-08-28 23:00:00,day_ahead
2017-08-29 14:00:00,290.06007855645163,solar,2017-08-28 23:00:00,day_ahead
2017-08-29 15:00:00,255.51689472777142,solar,2017-08-28 23:00:00,day_ahead
2017-08-29 16:00:00,199.3736897712912,solar,2017-08-28 23:00:00,day_ahead
2017-08-29 17:00:00,120.85145298951667,solar,2017-08-28 23:00:00,day_ahead
2017-08-29 18:00:00,34.83928333237353,solar,2017-08-28 23:00:00,day_ahead
2017-08-29 19:00:00,1.2970738987638935,solar,2017-08-28 23:00:00,day_ahead
2017-08-29 20:00:00,0.0,solar,2017-08-28 23:00:00,day_ahead
2017-08-29 21:00:00,0.0,solar,2017-08-28 23:00:00,day_ahead
2017-08-29 22:00:00,0.0,solar,2017-08-28 23:00:00,day_ahead
2017-08-29 23:00:00,0.0,solar,2017-08-28 23:00:00,day_ahead
2017-08-30 00:00:00,0.0,solar,2017-08-29 23:00:00,day_ahead
2017-08-30 01:00:00,0.0,solar,2017-08-29 23:00:00,day_ahead
2017-08-30 02:00:00,0.0,solar,2017-08-29 23:00:00,day_ahead
2017-08-30 03:00:00,0.0,solar,2017-08-29 23:00:00,day_ahead
2017-08-30 04:00:00,0.0,solar,2017-08-29 23:00:00,day_ahead
2017-08-30 05:00:00,0.1562503116576552,solar,2017-08-29 23:00:00,day_ahead
2017-08-30 06:00:00,20.810126888447698,solar,2017-08-29 23:00:00,day_ahead
2017-08-30 07:00:00,101.35324170644637,solar,2017-08-29 23:00:00,day_ahead
2017-08-30 08:00:00,175.88769570283725,solar,2017-08-29 23:00:00,day_ahead
2017-08-30 09:00:00,240.3106474183242,solar,2017-08-29 23:00:00,day_ahead
2017-08-30 10:00:00,280.364533628148,solar,2017-08-29 23:00:00,day_ahead
2017-08-30 11:00:00,303.2839900888008,solar,2017-08-29 23:00:00,day_ahead
2017-08-30 12:00:00,310.2250057829072,solar,2017-08-29 23:00:00,day_ahead
2017-08-30 13:00:00,305.9373030569253,solar,2017-08-29 23:00:00,day_ahead
2017-08-30 14:00:00,288.4338304156545,solar,2017-08-29 23:00:00,day_ahead
2017-08-30 15:00:00,253.92748491626662,solar,2017-08-29 23:00:00,day_ahead
2017-08-30 16:00:00,198.26279582882322,solar,2017-08-29 23:00:00,day_ahead
2017-08-30 17:00:00,120.2744497031703,solar,2017-08-29 23:00:00,day_ahead
2017-08-30 18:00:00,34.605928853959064,solar,2017-08-29 23:00:00,day_ahead
2017-08-30 19:00:00,1.281560704101753,solar,2017-08-29 23:00:00,day_ahead
2017-08-30 20:00:00,0.0,solar,2017-08-29 23:00:00,day_ahead
2017-08-30 21:00:00,0.0,solar,2017-08-29 23:00:00,day_ahead
2017-08-30 22:00:00,0.0,solar,2017-08-29 23:00:00,day_ahead
2017-08-30 23:00:00,0.0,solar,2017-08-29 23:00:00,day_ahead
2017-08-31 00:00:00,0.0,solar,2017-08-30 23:00:00,day_ahead
2017-08-31 01:00:00,0.0,solar,2017-08-30 23:00:00,day_ahead
2017-08-31 02:00:00,0.0,solar,2017-08-30 23:00:00,day_ahead
2017-08-31 03:00:00,0.0,solar,2017-08-30 23:00:00,day_ahead
2017-08-31 04:00:00,0.0,solar,2017-08-30 23:00:00,day_ahead
2017-08-31 05:00:00,0.17171734747776263,solar,2017-08-30 23:00:00,day_ahead
2017-08-31 06:00:00,23.00762127767894,solar,2017-08-30 23:00:00,day_ahead
2017-08-31 07:00:00,112.31749120551173,solar,2017-08-30 23:00:00,day_ahead
2017-08-31 08:00:00,195.01335786118298,solar,2017-08-30 23:00:00,day_ahead
2017-08-31 09:00:00,266.5863573179681,solar,2017-08-30 23:00:00,day_ahead
2017-08-31 10:00:00,311.2406185721675,solar,2017-08-30 23:00:00,day_ahead
2017-08-31 11:00:00,336.7677241943373,solar,2017-08-30 23:00:00,day_ahead
2017-08-31 12:00:00,344.3956807285624,solar,2017-08-30 23:00:00,day_ahead
2017-08-31 13:00:00,339.51394581133326,solar,2017-08-30 23:00:00,day_ahead
2017-08-31 14:00:00,320.14028332811165,solar,2017-08-30 23:00:00,day_ahead
2017-08-31 15:00:00,281.9219069221849,solar,2017-08-30 23:00:00,day_ahead
2017-08-31 16:00:00,219.99516890080147,solar,2017-08-30 23:00:00,day_ahead
2017-08-31 17:00:00,133.3233120432114,solar,2017-08-30 23:00:00,day_ahead
2017-08-31 18:00:00,38.22177463669259,solar,2017-08-30 23:00:00,day_ahead
2017-08-31 19:00:00,1.4083984538894476,solar,2017-08-30 23:00:00,day_ahead
2017-08-31 20:00:00,0.0,solar,2017-08-30 23:00:00,day_ahead
2017-08-31 21:00:00,0.0,solar,2017-08-30 23:00:00,day_ahead
2017-08-31 22:00:00,0.0,solar,2017-08-30 23:00:00,day_ahead
2017-08-31 23:00:00,0.0,solar,2017-08-30 23:00:00,day_ahead
2017-09-01 00:00:00,0.0,solar,2017-08-31 23:00:00,day_ahead
2017-09-01 01:00:00,0.0,solar,2017-08-31 23:00:00,day_ahead
2017-09-01 02:00:00,0.0,solar,2017-08-31 23:00:00,day_ahead
2017-09-01 03:00:00,0.0,solar,2017-08-31 23:00:00,day_ahead
2017-09-01 04:00:00,0.0,solar,2017-08-31 23:00:00,day_ahead
2017-09-01 05:00:00,0.0,solar,2017-08-31 23:00:00,day_ahead
2017-09-01 06:00:00,7.659229198329732,solar,2017-08-31 23:00:00,day_ahead
2017-09-01 07:00:00,92.03827593859964,solar,2017-08-31 23:00:00,day_ahead
2017-09-01 08:00:00,196.28489590976903,solar,2017-08-31 23:00:00,day_ahead
2017-09-01 09:00:00,277.36023765281993,solar,2017-08-31 23:00:00,day_ahead
2017-09-01 10:00:00,326.2587861408835,solar,2017-08-31 23:00:00,day_ahead
2017-09-01 11:00:00,349.04973418109813,solar,2017-08-31 23:00:00,day_ahead
2017-09-01 12:00:00,355.94517346585087,solar,2017-08-31 23:00:00,day_ahead
2017-09-01 13:00:00,348.1507567457206,solar,2017-08-31 23:00:00,day_ahead
2017-09-01 14:00:00,322.2503925681478,solar,2017-08-31 23:00:00,day_ahead
2017-09-01 15:00:00,275.00548798508817,solar,2017-08-31 23:00:00,day_ahead
2017-09-01 16:00:00,196.6640805258886,solar,2017-08-31 23:00:00,day_ahead
2017-09-01 17:00:00,84.06697189709591,solar,2017-08-31 23:00:00,day_ahead
2017-09-01 18:00:00,6.850622080878004,solar,2017-08-31 23:00:00,day_ahead
2017-09-01 19:00:00,0.0,solar,2017-08-31 23:00:00,day_ahead
2017-09-01 20:00:00,0.0,solar,2017-08-31 23:00:00,day_ahead
2017-09-01 21:00:00,0.0,solar,2017-08-31 23:00:00,day_ahead
2017-09-01 22:00:00,0.0,solar,2017-08-31 23:00:00,day_ahead
2017-09-01 23:00:00,0.0,solar,2017-08-31 23:00:00,day_ahead
2017-09-02 00:00:00,0.0,solar,2017-09-01 23:00:00,day_ahead
2017-09-02 01:00:00,0.0,solar,2017-09-01 23:00:00,day_ahead
2017-09-02 02:00:00,0.0,solar,2017-09-01 23:00:00,day_ahead
2017-09-02 03:00:00,0.0,solar,2017-09-01 23:00:00,day_ahead
2017-09-02 04:00:00,0.0,solar,2017-09-01 23:00:00,day_ahead
2017-09-02 05:00:00,0.0,solar,2017-09-01 23:00:00,day_ahead
2017-09-02 06:00:00,7.781266724844996,solar,2017-09-01 23:00:00,day_ahead
2017-09-02 07:00:00,92.332718740445,solar,2017-09-01 23:00:00,day_ahead
2017-09-02 08:00:00,196.0787197123866,solar,2017-09-01 23:00:00,day_ahead
2017-09-02 09:00:00,276.78106852143634,solar,2017-09-01 23:00:00,day_ahead
2017-09-02 10:00:00,325.4068783450783,solar,2017-09-01 23:00:00,day_ahead
2017-09-02 11:00:00,348.1610133744096,solar,2017-09-01 23:00:00,day_ahead
2017-09-02 12:00:00,355.09134088535546,solar,2017-09-01 23:00:00,day_ahead
2017-09-02 13:00:00,347.3294770993565,solar,2017-09-01 23:00:00,day_ahead
2017-09-02 14:00:00,321.5763809231812,solar,2017-09-01 23:00:00,day_ahead
2017-09-02 15:00:00,274.5379211908491,solar,2017-09-01 23:00:00,day_ahead
2017-09-02 16:00:00,196.5331139499306,solar,2017-09-01 23:00:00,day_ahead
2017-09-02 17:00:00,84.39632646910503,solar,2017-09-01 23:00:00,day_ahead
2017-09-02 18:00:00,7.021837293751632,solar,2017-09-01 23:00:00,day_ahead
2017-09-02 19:00:00,0.0,solar,2017-09-01 23:00:00,day_ahead
2017-09-02 20:00:00,0.0,solar,2017-09-01 23:00:00,day_ahead
2017-09-02 21:00:00,0.0,solar,2017-09-01 23:00:00,day_ahead
2017-09-02 22:00:00,0.0,solar,2017-09-01 23:00:00,day_ahead
2017-09-02 23:00:00,0.0,solar,2017-09-01 23:00:00,day_ahead
2017-09-03 00:00:00,0.0,solar,2017-09-02 23:00:00,day_ahead
2017-09-03 01:00:00,0.0,solar,2017-09-02 23:00:00,day_ahead
2017-09-03 02:00:00,0.0,solar,2017-09-02 23:00:00,day_ahead
2017-09-03 03:00:00,0.0,solar,2017-09-02 23:00:00,day_ahead
2017-09-03 04:00:00,0.0,solar,2017-09-02 23:00:00,day_ahead
2017-09-03 05:00:00,0.0,solar,2017-09-02 23:00:00,day_ahead
2017-09-03 06:00:00,7.889241585614826,solar,2017-09-02 23:00:00,day_ahead
2017-09-03 07:00:00,92.50769712039383,solar,2017-09-02 23:00:00,day_ahead
2017-09-03 08:00:00,195.66923483955765,solar,2017-09-02 23:00:00,day_ahead
2017-09-03 09:00:00,275.9039512065545,solar,2017-09-02 23:00:00,day_ahead
2017-09-03 10:00:00,324.1788803513093,solar,2017-09-02 23:00:00,day_ahead
2017-09-03 11:00:00,346.8551809995881,solar,2017-09-02 23:00:00,day_ahead
2017-09-03 12:00:00,353.81137259396036,solar,2017-09-02 23:00:00,day_ahead
2017-09-03 13:00:00,346.05698503117276,solar,2017-09-02 23:00:00,day_ahead
2017-09-03 14:00:00,320.4752708607897,solar,2017-09-02 23:00:00,day_ahead
2017-09-03 15:00:00,273.722641258198,solar,2017-09-02 23:00:00,day_ahead
2017-09-03 16:00:00,196.14767873549138,solar,2017-09-02 23:00:00,day_ahead
2017-09-03 17:00:00,84.61544448508744,solar,2017-09-02 23:00:00,day_ahead
2017-09-03 18:00:00,7.161671134016617,solar,2017-09-02 23:00:00,day_ahead
2017-09-03 19:00:00,0.0,solar,2017-09-02 23:00:00,day_ahead
2017-09-03 20:00:00,0.0,solar,2017-09-02 23:00:00,day_ahead
2017-09-03 21:00:00,0.0,solar,2017-09-02 23:00:00,day_ahead
2017-09-03 22:00:00,0.0,solar,2017-09-02 23:00:00,day_ahead
2017-09-03 23:00:00,0.0,solar,2017-09-02 23:00:00,day_ahead
2017-09-04 00:00:00,0.0,solar,2017-09-03 23:00:00,day_ahead
2017-09-04 01:00:00,0.0,solar,2017-09-03 23:00:00,day_ahead
2017-09-04 02:00:00,0.0,solar,2017-09-03 23:00:00,day_ahead
2017-09-04 03:00:00,0.0,solar,2017-09-03 23:00:00,day_ahead
2017-09-04 04:00:00,0.0,solar,2017-09-03 23:00:00,day_ahead
2017-09-04 05:00:00,0.0,solar,2017-09-03 23:00:00,day_ahead
2017-09-04 06:00:00,7.843718116956376,solar,2017-09-03 23:00:00,day_ahead
2017-09-04 07:00:00,91.23597199231172,solar,2017-09-03 23:00:00,day_ahead
2017-09-04 08:00:00,192.23460851911634,solar,2017-09-03 23:00:00,day_ahead
2017-09-04 09:00:00,270.84927515879065,solar,2017-09-03 23:00:00,day_ahead
2017-09-04 10:00:00,317.98776438587004,solar,2017-09-03 23:00:00,day_ahead
2017-09-04 11:00:00,340.1137510499655,solar,2017-09-03 23:00:00,day_ahead
2017-09-04 12:00:00,347.16811649348597,solar,2017-09-03 23:00:00,day_ahead
2017-09-04 13:00:00,339.53456752028336,solar,2017-09-03 23:00:00,day_ahead
2017-09-04 14:00:00,314.6342902206032,solar,2017-09-03 23:00:00,day_ahead
2017-09-04 15:00:00,268.8862034644284,solar,2017-09-03 23:00:00,day_ahead
2017-09-04 16:00:00,193.00031576041047,solar,2017-09-03 23:00:00,day_ahead
2017-09-04 17:00:00,83.66100329728229,solar,2017-09-03 23:00:00,day_ahead
2017-09-04 18:00:00,7.204899338972936,solar,2017-09-03 23:00:00,day_ahead
2017-09-04 19:00:00,0.0,solar,2017-09-03 23:00:00,day_ahead
2017-09-04 20:00:00,0.0,solar,2017-09-03 23:00:00,day_ahead
2017-09-04 21:00:00,0.0,solar,2017-09-03 23:00:00,day_ahead
2017-09-04 22:00:00,0.0,solar,2017-09-03 23:00:00,day_ahead
2017-09-04 23:00:00,0.0,solar,2017-09-03 23:00:00,day_ahead
2017-09-05 00:00:00,0.0,solar,2017-09-04 23:00:00,day_ahead
2017-09-05 01:00:00,0.0,solar,2017-09-04 23:00:00,day_ahead
2017-09-05 02:00:00,0.0,solar,2017-09-04 23:00:00,day_ahead
2017-09-05 03:00:00,0.0,solar,2017-09-04 23:00:00,day_ahead
2017-09-05 04:00:00,0.0,solar,2017-09-04 23:00:00,day_ahead
2017-09-05 05:00:00,0.0,solar,2017-09-04 23:00:00,day_ahead
2017-09-05 06:00:00,7.863170053135432,solar,2017-09-04 23:00:00,day_ahead
2017-09-05 07:00:00,90.56234137148773,solar,2017-09-04 23:00:00,day_ahead
2017-09-05 08:00:00,190.96744005652363,solar,2017-09-04 23:00:00,day_ahead
2017-09-05 09:00:00,269.19271727901844,solar,2017-09-04 23:00:00,day_ahead
2017-09-05 10:00:00,315.91282441222984,solar,2017-09-04 23:00:00,day_ahead
2017-09-05 11:00:00,338.2003790603697,solar,2017-09-04 23:00:00,day_ahead
2017-09-05 12:00:00,345.6335200917674,solar,2017-09-04 23:00:00,day_ahead
2017-09-05 13:00:00,338.88757517966224,solar,2017-09-04 23:00:00,day_ahead
2017-09-05 14:00:00,314.3140685686981,solar,2017-09-04 23:00:00,day_ahead
2017-09-05 15:00:00,268.771580479814,solar,2017-09-04 23:00:00,day_ahead
2017-09-05 16:00:00,193.14873363724757,solar,2017-09-04 23:00:00,day_ahead
2017-09-05 17:00:00,84.09384221261557,solar,2017-09-04 23:00:00,day_ahead
2017-09-05 18:00:00,7.345488449145328,solar,2017-09-04 23:00:00,day_ahead
2017-09-05 19:00:00,0.0,solar,2017-09-04 23:00:00,day_ahead
2017-09-05 20:00:00,0.0,solar,2017-09-04 23:00:00,day_ahead
2017-09-05 21:00:00,0.0,solar,2017-09-04 23:00:00,day_ahead
2017-09-05 22:00:00,0.0,solar,2017-09-04 23:00:00,day_ahead
2017-09-05 23:00:00,0.0,solar,2017-09-04 23:00:00,day_ahead
2017-09-06 00:00:00,0.0,solar,2017-09-05 23:00:00,day_ahead
2017-09-06 01:00:00,0.0,solar,2017-09-05 23:00:00,day_ahead
2017-09-06 02:00:00,0.0,solar,2017-09-05 23:00:00,day_ahead
2017-09-06 03:00:00,0.0,solar,2017-09-05 23:00:00,day_ahead
2017-09-06 04:00:00,0.0,solar,2017-09-05 23:00:00,day_ahead
2017-09-06 05:00:00,0.0,solar,2017-09-05 23:00:00,day_ahead
2017-09-06 06:00:00,8.077757739857296,solar,2017-09-05 23:00:00,day_ahead
2017-09-06 07:00:00,92.53243629408041,solar,2017-09-05 23:00:00,day_ahead
2017-09-06 08:00:00,195.15635700261805,solar,2017-09-05 23:00:00,day_ahead
2017-09-06 09:00:00,275.7301807281363,solar,2017-09-05 23:00:00,day_ahead
2017-09-06 10:00:00,323.8606303312011,solar,2017-09-05 23:00:00,day_ahead
2017-09-06 11:00:00,346.81186136657874,solar,2017-09-05 23:00:00,day_ahead
2017-09-06 12:00:00,354.4715711314169,solar,2017-09-05 23:00:00,day_ahead
2017-09-06 13:00:00,347.58465601994385,solar,2017-09-05 23:00:00,day_ahead
2017-09-06 14:00:00,322.42167247908355,solar,2017-09-05 23:00:00,day_ahead
2017-09-06 15:00:00,275.8124464272453,solar,2017-09-05 23:00:00,day_ahead
2017-09-06 16:00:00,198.4036848071224,solar,2017-09-05 23:00:00,day_ahead
2017-09-06 17:00:00,86.70209764150557,solar,2017-09-05 23:00:00,day_ahead
2017-09-06 18:00:00,7.650445644772685,solar,2017-09-05 23:00:00,day_ahead
2017-09-06 19:00:00,0.0,solar,2017-09-05 23:00:00,day_ahead
2017-09-06 20:00:00,0.0,solar,2017-09-05 23:00:00,day_ahead
2017-09-06 21:00:00,0.0,solar,2017-09-05 23:00:00,day_ahead
2017-09-06 22:00:00,0.0,solar,2017-09-05 23:00:00,day_ahead
2017-09-06 23:00:00,0.0,solar,2017-09-05 23:00:00,day_ahead
2017-09-07 00:00:00,0.0,solar,2017-09-06 23:00:00,day_ahead
2017-09-07 01:00:00,0.0,solar,2017-09-06 23:00:00,day_ahead
2017-09-07 02:00:00,0.0,solar,2017-09-06 23:00:00,day_ahead
2017-09-07 03:00:00,0.0,solar,2017-09-06 23:00:00,day_ahead
2017-09-07 04:00:00,0.0,solar,2017-09-06 23:00:00,day_ahead
2017-09-07 05:00:00,0.0,solar,2017-09-06 23:00:00,day_ahead
2017-09-07 06:00:00,8.076899093877028,solar,2017-09-06 23:00:00,day_ahead
2017-09-07 07:00:00,92.03647489943187,solar,2017-09-06 23:00:00,day_ahead
2017-09-07 08:00:00,193.6687697163432,solar,2017-09-06 23:00:00,day_ahead
2017-09-07 09:00:00,273.7138661754296,solar,2017-09-06 23:00:00,day_ahead
2017-09-07 10:00:00,321.3060402739702,solar,2017-09-06 23:00:00,day_ahead
2017-09-07 11:00:00,344.09906504469694,solar,2017-09-06 23:00:00,day_ahead
2017-09-07 12:00:00,351.7213986365234,solar,2017-09-06 23:00:00,day_ahead
2017-09-07 13:00:00,344.86977491195967,solar,2017-09-06 23:00:00,day_ahead
2017-09-07 14:00:00,319.9317447842638,solar,2017-09-06 23:00:00,day_ahead
2017-09-07 15:00:00,273.7174879440979,solar,2017-09-06 23:00:00,day_ahead
2017-09-07 16:00:00,196.93478625499074,solar,2017-09-06 23:00:00,day_ahead
2017-09-07 17:00:00,86.32585258426643,solar,2017-09-06 23:00:00,day_ahead
2017-09-07 18:00:00,7.675052113410576,solar,2017-09-06 23:00:00,day_ahead
2017-09-07 19:00:00,0.0,solar,2017-09-06 23:00:00,day_ahead
2017-09-07 20:00:00,0.0,solar,2017-09-06 23:00:00,day_ahead
2017-09-07 21:00:00,0.0,solar,2017-09-06 23:00:00,day_ahead
2017-09-07 22:00:00,0.0,solar,2017-09-06 23:00:00,day_ahead
2017-09-07 23:00:00,0.0,solar,2017-09-06 23:00:00,day_ahead
2017-09-08 00:00:00,0.0,solar,2017-09-07 23:00:00,day_ahead
2017-09-08 01:00:00,0.0,solar,2017-09-07 23:00:00,day_ahead
2017-09-08 02:00:00,0.0,solar,2017-09-07 23:00:00,day_ahead
2017-09-08 03:00:00,0.0,solar,2017-09-07 23:00:00,day_ahead
2017-09-08 04:00:00,0.0,solar,2017-09-07 23:00:00,day_ahead
2017-09-08 05:00:00,0.0,solar,2017-09-07 23:00:00,day_ahead
2017-09-08 06:00:00,8.091043879801905,solar,2017-09-07 23:00:00,day_ahead
2017-09-08 07:00:00,91.8885863113351,solar,2017-09-07 23:00:00,day_ahead
2017-09-08 08:00:00,192.9330791702538,solar,2017-09-07 23:00:00,day_ahead
2017-09-08 09:00:00,272.58645934895094,solar,2017-09-07 23:00:00,day_ahead
2017-09-08 10:00:00,319.91538462895653,solar,2017-09-07 23:00:00,day_ahead
2017-09-08 11:00:00,342.68689580830454,solar,2017-09-07 23:00:00,day_ahead
2017-09-08 12:00:00,350.3471459084257,solar,2017-09-07 23:00:00,day_ahead
2017-09-08 13:00:00,343.48855262736,solar,2017-09-07 23:00:00,day_ahead
2017-09-08 14:00:00,318.59744541695227,solar,2017-09-07 23:00:00,day_ahead
2017-09-08 15:00:00,272.4836464090563,solar,2017-09-07 23:00:00,day_ahead
2017-09-08 16:00:00,195.98531884409172,solar,2017-09-07 23:00:00,day_ahead
2017-09-08 17:00:00,85.9671042960289,solar,2017-09-07 23:00:00,day_ahead
2017-09-08 18:00:00,7.681608213066903,solar,2017-09-07 23:00:00,day_ahead
2017-09-08 19:00:00,0.0,solar,2017-09-07 23:00:00,day_ahead
2017-09-08 20:00:00,0.0,solar,2017-09-07 23:00:00,day_ahead
2017-09-08 21:00:00,0.0,solar,2017-09-07 23:00:00,day_ahead
2017-09-08 22:00:00,0.0,solar,2017-09-07 23:00:00,day_ahead
2017-09-08 23:00:00,0.0,solar,2017-09-07 23:00:00,day_ahead
2017-09-09 00:00:00,0.0,solar,2017-09-08 23:00:00,day_ahead
2017-09-09 01:00:00,0.0,solar,2017-09-08 23:00:00,day_ahead
2017-09-09 02:00:00,0.0,solar,2017-09-08 23:00:00,day_ahead
2017-09-09 03:00:00,0.0,solar,2017-09-08 23:00:00,day_ahead
2017-09-09 04:00:00,0.0,solar,2017-09-08 23:00:00,day_ahead
2017-09-09 05:00:00,0.0,solar,2017-09-08 23:00:00,day_ahead
2017-09-09 06:00:00,8.214839589698855,solar,2017-09-08 23:00:00,day_ahead
2017-09-09 07:00:00,93.2458061832812,solar,2017-09-08 23:00:00,day_ahead
2017-09-09 08:00:00,195.5725125925087,solar,2017-09-08 23:00:00,day_ahead
2017-09-09 09:00:00,276.2383499626245,solar,2017-09-08 23:00:00,day_ahead
2017-09-09 10:00:00,324.25129294581063,solar,2017-09-08 23:00:00,day_ahead
2017-09-09 11:00:00,347.4268659811866,solar,2017-09-08 23:00:00,day_ahead
2017-09-09 12:00:00,355.2419112969984,solar,2017-09-08 23:00:00,day_ahead
2017-09-09 13:00:00,348.2879183450219,solar,2017-09-08 23:00:00,day_ahead
2017-09-09 14:00:00,323.07188664957005,solar,2017-09-08 23:00:00,day_ahead
2017-09-09 15:00:00,276.2873277205456,solar,2017-09-08 23:00:00,day_ahead
2017-09-09 16:00:00,198.75643431975072,solar,2017-09-08 23:00:00,day_ahead
2017-09-09 17:00:00,87.28810599213537,solar,2017-09-08 23:00:00,day_ahead
2017-09-09 18:00:00,7.821207896781443,solar,2017-09-08 23:00:00,day_ahead
2017-09-09 19:00:00,0.0,solar,2017-09-08 23:00:00,day_ahead
2017-09-09 20:00:00,0.0,solar,2017-09-08 23:00:00,day_ahead
2017-09-09 21:00:00,0.0,solar,2017-09-08 23:00:00,day_ahead
2017-09-09 22:00:00,0.0,solar,2017-09-08 23:00:00,day_ahead
2017-09-09 23:00:00,0.0,solar,2017-09-08 23:00:00,day_ahead
2017-09-10 00:00:00,0.0,solar,2017-09-09 23:00:00,day_ahead
2017-09-10 01:00:00,0.0,solar,2017-09-09 23:00:00,day_ahead
2017-09-10 02:00:00,0.0,solar,2017-09-09 23:00:00,day_ahead
2017-09-10 03:00:00,0.0,solar,2017-09-09 23:00:00,day_ahead
2017-09-10 04:00:00,0.0,solar,2017-09-09 23:00:00,day_ahead
2017-09-10 05:00:00,0.0,solar,2017-09-09 23:00:00,day_ahead
2017-09-10 06:00:00,8.042346109462313,solar,2017-09-09 23:00:00,day_ahead
2017-09-10 07:00:00,91.24730563960085,solar,2017-09-09 23:00:00,day_ahead
2017-09-10 08:00:00,191.17112686292543,solar,2017-09-09 23:00:00,day_ahead
2017-09-10 09:00:00,270.2299370111484,solar,2017-09-09 23:00:00,day_ahead
2017-09-10 10:00:00,317.922748520127,solar,2017-09-09 23:00:00,day_ahead
2017-09-10 11:00:00,341.4926808593544,solar,2017-09-09 23:00:00,day_ahead
2017-09-10 12:00:00,349.69144907505347,solar,2017-09-09 23:00:00,day_ahead
2017-09-10 13:00:00,342.8574761295388,solar,2017-09-09 23:00:00,day_ahead
2017-09-10 14:00:00,318.014248204385,solar,2017-09-09 23:00:00,day_ahead
2017-09-10 15:00:00,271.9101805158971,solar,2017-09-09 23:00:00,day_ahead
2017-09-10 16:00:00,195.53938814618405,solar,2017-09-09 23:00:00,day_ahead
2017-09-10 17:00:00,86.02698855022125,solar,2017-09-09 23:00:00,day_ahead
2017-09-10 18:00:00,7.719338496142283,solar,2017-09-09 23:00:00,day_ahead
2017-09-10 19:00:00,0.0,solar,2017-09-09 23:00:00,day_ahead
2017-09-10 20:00:00,0.0,solar,2017-09-09 23:00:00,day_ahead
2017-09-10 21:00:00,0.0,solar,2017-09-09 23:00:00,day_ahead
2017-09-10 22:00:00,0.0,solar,2017-09-09 23:00:00,day_ahead
2017-09-10 23:00:00,0.0,solar,2017-09-09 23:00:00,day_ahead
2017-09-11 00:00:00,0.0,solar,2017-09-10 23:00:00,day_ahead
2017-09-11 01:00:00,0.0,solar,2017-09-10 23:00:00,day_ahead
2017-09-11 02:00:00,0.0,solar,2017-09-10 23:00:00,day_ahead
2017-09-11 03:00:00,0.0,solar,2017-09-10 23:00:00,day_ahead
2017-09-11 04:00:00,0.0,solar,2017-09-10 23:00:00,day_ahead
2017-09-11 05:00:00,0.0,solar,2017-09-10 23:00:00,day_ahead
2017-09-11 06:00:00,8.381985908526447,solar,2017-09-10 23:00:00,day_ahead
2017-09-11 07:00:00,94.80888519536978,solar,2017-09-10 23:00:00,day_ahead
2017-09-11 08:00:00,197.956541373882,solar,2017-09-10 23:00:00,day_ahead
2017-09-11 09:00:00,279.5486085779306,solar,2017-09-10 23:00:00,day_ahead
2017-09-11 10:00:00,328.74505381858086,solar,2017-09-10 23:00:00,day_ahead
2017-09-11 11:00:00,353.09925750280127,solar,2017-09-10 23:00:00,day_ahead
2017-09-11 12:00:00,361.5805934386483,solar,2017-09-10 23:00:00,day_ahead
2017-09-11 13:00:00,354.5036360810807,solar,2017-09-10 23:00:00,day_ahead
2017-09-11 14:00:00,328.83821477086735,solar,2017-09-10 23:00:00,day_ahead
2017-09-11 15:00:00,281.16930973630565,solar,2017-09-10 23:00:00,day_ahead
2017-09-11 16:00:00,202.29874331540202,solar,2017-09-10 23:00:00,day_ahead
2017-09-11 17:00:00,89.1500646902599,solar,2017-09-10 23:00:00,day_ahead
2017-09-11 18:00:00,8.008234834094294,solar,2017-09-10 23:00:00,day_ahead
2017-09-11 19:00:00,0.0,solar,2017-09-10 23:00:00,day_ahead
2017-09-11 20:00:00,0.0,solar,2017-09-10 23:00:00,day_ahead
2017-09-11 21:00:00,0.0,solar,2017-09-10 23:00:00,day_ahead
2017-09-11 22:00:00,0.0,solar,2017-09-10 23:00:00,day_ahead
2017-09-11 23:00:00,0.0,solar,2017-09-10 23:00:00,day_ahead
2017-09-12 00:00:00,0.0,solar,2017-09-11 23:00:00,day_ahead
2017-09-12 01:00:00,0.0,solar,2017-09-11 23:00:00,day_ahead
2017-09-12 02:00:00,0.0,solar,2017-09-11 23:00:00,day_ahead
2017-09-12 03:00:00,0.0,solar,2017-09-11 23:00:00,day_ahead
2017-09-12 04:00:00,0.0,solar,2017-09-11 23:00:00,day_ahead
2017-09-12 05:00:00,0.0,solar,2017-09-11 23:00:00,day_ahead
2017-09-12 06:00:00,8.288649125480859,solar,2017-09-11 23:00:00,day_ahead
2017-09-12 07:00:00,93.6308210261862,solar,2017-09-11 23:00:00,day_ahead
2017-09-12 08:00:00,195.00007390276724,solar,2017-09-11 23:00:00,day_ahead
2017-09-12 09:00:00,275.1305682053006,solar,2017-09-11 23:00:00,day_ahead
2017-09-12 10:00:00,323.3934078036743,solar,2017-09-11 23:00:00,day_ahead
2017-09-12 11:00:00,347.433398838611,solar,2017-09-11 23:00:00,day_ahead
2017-09-12 12:00:00,355.8764787340336,solar,2017-09-11 23:00:00,day_ahead
2017-09-12 13:00:00,348.9405884843817,solar,2017-09-11 23:00:00,day_ahead
2017-09-12 14:00:00,323.7306209573878,solar,2017-09-11 23:00:00,day_ahead
2017-09-12 15:00:00,276.774921955369,solar,2017-09-11 23:00:00,day_ahead
2017-09-12 16:00:00,199.3127957041906,solar,2017-09-11 23:00:00,day_ahead
2017-09-12 17:00:00,87.98309709592111,solar,2017-09-11 23:00:00,day_ahead
2017-09-12 18:00:00,7.897134192606037,solar,2017-09-11 23:00:00,day_ahead
2017-09-12 19:00:00,0.0,solar,2017-09-11 23:00:00,day_ahead
2017-09-12 20:00:00,0.0,solar,2017-09-11 23:00:00,day_ahead
2017-09-12 21:00:00,0.0,solar,2017-09-11 23:00:00,day_ahead
2017-09-12 22:00:00,0.0,solar,2017-09-11 23:00:00,day_ahead
2017-09-12 23:00:00,0.0,solar,2017-09-11 23:00:00,day_ahead
2017-09-13 00:00:00,0.0,solar,2017-09-12 23:00:00,day_ahead
2017-09-13 01:00:00,0.0,solar,2017-09-12 23:00:00,day_ahead
2017-09-13 02:00:00,0.0,solar,2017-09-12 23:00:00,day_ahead
2017-09-13 03:00:00,0.0,solar,2017-09-12 23:00:00,day_ahead
2017-09-13 04:00:00,0.0,solar,2017-09-12 23:00:00,day_ahead
2017-09-13 05:00:00,0.0,solar,2017-09-12 23:00:00,day_ahead
2017-09-13 06:00:00,8.33931919899461,solar,2017-09-12 23:00:00,day_ahead
2017-09-13 07:00:00,94.05215711986209,solar,2017-09-12 23:00:00,day_ahead
2017-09-13 08:00:00,195.3147293879514,solar,2017-09-12 23:00:00,day_ahead
2017-09-13 09:00:00,275.29097198182524,solar,2017-09-12 23:00:00,day_ahead
2017-09-13 10:00:00,323.4070482215456,solar,2017-09-12 23:00:00,day_ahead
2017-09-13 11:00:00,347.3821482549183,solar,2017-09-12 23:00:00,day_ahead
2017-09-13 12:00:00,355.8164021605063,solar,2017-09-12 23:00:00,day_ahead
2017-09-13 13:00:00,348.8959472521445,solar,2017-09-12 23:00:00,day_ahead
2017-09-13 14:00:00,323.72502752041254,solar,2017-09-12 23:00:00,day_ahead
2017-09-13 15:00:00,276.82545017904283,solar,2017-09-12 23:00:00,day_ahead
2017-09-13 16:00:00,199.44998439170826,solar,2017-09-12 23:00:00,day_ahead
2017-09-13 17:00:00,88.15778067279153,solar,2017-09-12 23:00:00,day_ahead
2017-09-13 18:00:00,7.910591543752276,solar,2017-09-12 23:00:00,day_ahead
2017-09-13 19:00:00,0.0,solar,2017-09-12 23:00:00,day_ahead
2017-09-13 20:00:00,0.0,solar,2017-09-12 23:00:00,day_ahead
2017-09-13 21:00:00,0.0,solar,2017-09-12 23:00:00,day_ahead
2017-09-13 22:00:00,0.0,solar,2017-09-12 23:00:00,day_ahead
2017-09-13 23:00:00,0.0,solar,2017-09-12 23:00:00,day_ahead
2017-09-14 00:00:00,0.0,solar,2017-09-13 23:00:00,day_ahead
2017-09-14 01:00:00,0.0,solar,2017-09-13 23:00:00,day_ahead
2017-09-14 02:00:00,0.0,solar,2017-09-13 23:00:00,day_ahead
2017-09-14 03:00:00,0.0,solar,2017-09-13 23:00:00,day_ahead
2017-09-14 04:00:00,0.0,solar,2017-09-13 23:00:00,day_ahead
2017-09-14 05:00:00,0.0,solar,2017-09-13 23:00:00,day_ahead
2017-09-14 06:00:00,8.337507582135816,solar,2017-09-13 23:00:00,day_ahead
2017-09-14 07:00:00,93.97465632583656,solar,2017-09-13 23:00:00,day_ahead
2017-09-14 08:00:00,194.673509025015,solar,2017-09-13 23:00:00,day_ahead
2017-09-14 09:00:00,274.1338806183776,solar,2017-09-13 23:00:00,day_ahead
2017-09-14 10:00:00,321.9099025149757,solar,2017-09-13 23:00:00,day_ahead
2017-09-14 11:00:00,345.7305669916689,solar,2017-09-13 23:00:00,day_ahead
2017-09-14 12:00:00,354.1331269715646,solar,2017-09-13 23:00:00,day_ahead
2017-09-14 13:00:00,347.24406203486825,solar,2017-09-13 23:00:00,day_ahead
2017-09-14 14:00:00,322.22188907420536,solar,2017-09-13 23:00:00,day_ahead
2017-09-14 15:00:00,275.5833851423707,solar,2017-09-13 23:00:00,day_ahead
2017-09-14 16:00:00,198.64695759139448,solar,2017-09-13 23:00:00,day_ahead
2017-09-14 17:00:00,87.8817737343772,solar,2017-09-13 23:00:00,day_ahead
2017-09-14 18:00:00,7.860637496095439,solar,2017-09-13 23:00:00,day_ahead
2017-09-14 19:00:00,0.0,solar,2017-09-13 23:00:00,day_ahead
2017-09-14 20:00:00,0.0,solar,2017-09-13 23:00:00,day_ahead
2017-09-14 21:00:00,0.0,solar,2017-09-13 23:00:00,day_ahead
2017-09-14 22:00:00,0.0,solar,2017-09-13 23:00:00,day_ahead
2017-09-14 23:00:00,0.0,solar,2017-09-13 23:00:00,day_ahead
2017-09-15 00:00:00,0.0,solar,2017-09-14 23:00:00,day_ahead
2017-09-15 01:00:00,0.0,solar,2017-09-14 23:00:00,day_ahead
2017-09-15 02:00:00,0.0,solar,2017-09-14 23:00:00,day_ahead
2017-09-15 03:00:00,0.0,solar,2017-09-14 23:00:00,day_ahead
2017-09-15 04:00:00,0.0,solar,2017-09-14 23:00:00,day_ahead
2017-09-15 05:00:00,0.0,solar,2017-09-14 23:00:00,day_ahead
2017-09-15 06:00:00,8.251958944854277,solar,2017-09-14 23:00:00,day_ahead
2017-09-15 07:00:00,92.72407911028294,solar,2017-09-14 23:00:00,day_ahead
2017-09-15 08:00:00,191.72304990738812,solar,2017-09-14 23:00:00,day_ahead
2017-09-15 09:00:00,269.742679820949,solar,2017-09-14 23:00:00,day_ahead
2017-09-15 10:00:00,316.7005597196691,solar,2017-09-14 23:00:00,day_ahead
2017-09-15 11:00:00,340.28462343364663,solar,2017-09-14 23:00:00,day_ahead
2017-09-15 12:00:00,348.8044779161068,solar,2017-09-14 23:00:00,day_ahead
2017-09-15 13:00:00,341.89179727925864,solar,2017-09-14 23:00:00,day_ahead
2017-09-15 14:00:00,317.3994462000892,solar,2017-09-14 23:00:00,day_ahead
2017-09-15 15:00:00,271.3286111194818,solar,2017-09-14 23:00:00,day_ahead
2017-09-15 16:00:00,195.58420224727217,solar,2017-09-14 23:00:00,day_ahead
2017-09-15 17:00:00,86.58508212147002,solar,2017-09-14 23:00:00,day_ahead
2017-09-15 18:00:00,7.733986593021962,solar,2017-09-14 23:00:00,day_ahead
2017-09-15 19:00:00,0.0,solar,2017-09-14 23:00:00,day_ahead
2017-09-15 20:00:00,0.0,solar,2017-09-14 23:00:00,day_ahead
2017-09-15 21:00:00,0.0,solar,2017-09-14 23:00:00,day_ahead
2017-09-15 22:00:00,0.0,solar,2017-09-14 23:00:00,day_ahead
2017-09-15 23:00:00,0.0,solar,2017-09-14 23:00:00,day_ahead
2017-09-16 00:00:00,0.0,solar,2017-09-15 23:00:00,day_ahead
2017-09-16 01:00:00,0.0,solar,2017-09-15 23:00:00,day_ahead
2017-09-16 02:00:00,0.0,solar,2017-09-15 23:00:00,day_ahead
2017-09-16 03:00:00,0.0,solar,2017-09-15 23:00:00,day_ahead
2017-09-16 04:00:00,0.0,solar,2017-09-15 23:00:00,day_ahead
2017-09-16 05:00:00,0.0,solar,2017-09-15 23:00:00,day_ahead
2017-09-16 06:00:00,8.656579406810684,solar,2017-09-15 23:00:00,day_ahead
2017-09-16 07:00:00,97.19184124979193,solar,2017-09-15 23:00:00,day_ahead
2017-09-16 08:00:00,200.63775368691057,solar,2017-09-15 23:00:00,day_ahead
2017-09-16 09:00:00,282.1454558396506,solar,2017-09-15 23:00:00,day_ahead
2017-09-16 10:00:00,331.15842607146715,solar,2017-09-15 23:00:00,day_ahead
2017-09-16 11:00:00,355.82242183822797,solar,2017-09-15 23:00:00,day_ahead
2017-09-16 12:00:00,364.6987665602728,solar,2017-09-15 23:00:00,day_ahead
2017-09-16 13:00:00,357.46421125961723,solar,2017-09-15 23:00:00,day_ahead
2017-09-16 14:00:00,331.87846418404786,solar,2017-09-15 23:00:00,day_ahead
2017-09-16 15:00:00,283.6809907174016,solar,2017-09-15 23:00:00,day_ahead
2017-09-16 16:00:00,204.50336788836626,solar,2017-09-15 23:00:00,day_ahead
2017-09-16 17:00:00,90.50133075359697,solar,2017-09-15 23:00:00,day_ahead
2017-09-16 18:00:00,8.052618497961209,solar,2017-09-15 23:00:00,day_ahead
2017-09-16 19:00:00,0.0,solar,2017-09-15 23:00:00,day_ahead
2017-09-16 20:00:00,0.0,solar,2017-09-15 23:00:00,day_ahead
2017-09-16 21:00:00,0.0,solar,2017-09-15 23:00:00,day_ahead
2017-09-16 22:00:00,0.0,solar,2017-09-15 23:00:00,day_ahead
2017-09-16 23:00:00,0.0,solar,2017-09-15 23:00:00,day_ahead
2017-09-17 00:00:00,0.0,solar,2017-09-16 23:00:00,day_ahead
2017-09-17 01:00:00,0.0,solar,2017-09-16 23:00:00,day_ahead
2017-09-17 02:00:00,0.0,solar,2017-09-16 23:00:00,day_ahead
2017-09-17 03:00:00,0.0,solar,2017-09-16 23:00:00,day_ahead
2017-09-17 04:00:00,0.0,solar,2017-09-16 23:00:00,day_ahead
2017-09-17 05:00:00,0.0,solar,2017-09-16 23:00:00,day_ahead
2017-09-17 06:00:00,8.634217172793518,solar,2017-09-16 23:00:00,day_ahead
2017-09-17 07:00:00,97.0473576768743,solar,2017-09-16 23:00:00,day_ahead
2017-09-17 08:00:00,199.9845731707266,solar,2017-09-16 23:00:00,day_ahead
2017-09-17 09:00:00,281.05877934502695,solar,2017-09-16 23:00:00,day_ahead
2017-09-17 10:00:00,329.75721157099315,solar,2017-09-16 23:00:00,day_ahead
2017-09-17 11:00:00,354.26791978381357,solar,2017-09-16 23:00:00,day_ahead
2017-09-17 12:00:00,363.10403283667677,solar,2017-09-16 23:00:00,day_ahead
2017-09-17 13:00:00,355.8930962562425,solar,2017-09-16 23:00:00,day_ahead
2017-09-17 14:00:00,330.4363150794166,solar,2017-09-16 23:00:00,day_ahead
2017-09-17 15:00:00,282.48308083904936,solar,2017-09-16 23:00:00,day_ahead
2017-09-17 16:00:00,203.65439915426674,solar,2017-09-16 23:00:00,day_ahead
2017-09-17 17:00:00,90.10822072378778,solar,2017-09-16 23:00:00,day_ahead
2017-09-17 18:00:00,7.986250181655971,solar,2017-09-16 23:00:00,day_ahead
2017-09-17 19:00:00,0.0,solar,2017-09-16 23:00:00,day_ahead
2017-09-17 20:00:00,0.0,solar,2017-09-16 23:00:00,day_ahead
2017-09-17 21:00:00,0.0,solar,2017-09-16 23:00:00,day_ahead
2017-09-17 22:00:00,0.0,solar,2017-09-16 23:00:00,day_ahead
2017-09-17 23:00:00,0.0,solar,2017-09-16 23:00:00,day_ahead
2017-09-18 00:00:00,0.0,solar,2017-09-17 23:00:00,day_ahead
2017-09-18 01:00:00,0.0,solar,2017-09-17 23:00:00,day_ahead
2017-09-18 02:00:00,0.0,solar,2017-09-17 23:00:00,day_ahead
2017-09-18 03:00:00,0.0,solar,2017-09-17 23:00:00,day_ahead
2017-09-18 04:00:00,0.0,solar,2017-09-17 23:00:00,day_ahead
2017-09-18 05:00:00,0.0,solar,2017-09-17 23:00:00,day_ahead
2017-09-18 06:00:00,8.477437368084997,solar,2017-09-17 23:00:00,day_ahead
2017-09-18 07:00:00,95.34650145738688,solar,2017-09-17 23:00:00,day_ahead
2017-09-18 08:00:00,196.09156552589585,solar,2017-09-17 23:00:00,day_ahead
2017-09-18 09:00:00,275.4282350142534,solar,2017-09-17 23:00:00,day_ahead
2017-09-18 10:00:00,322.90364764417717,solar,2017-09-17 23:00:00,day_ahead
2017-09-18 11:00:00,346.89742633190855,solar,2017-09-17 23:00:00,day_ahead
2017-09-18 12:00:00,355.6633073853075,solar,2017-09-17 23:00:00,day_ahead
2017-09-18 13:00:00,348.61466343906795,solar,2017-09-17 23:00:00,day_ahead
2017-09-18 14:00:00,323.7599324434376,solar,2017-09-17 23:00:00,day_ahead
2017-09-18 15:00:00,276.83132005831897,solar,2017-09-17 23:00:00,day_ahead
2017-09-18 16:00:00,199.58470806558105,solar,2017-09-17 23:00:00,day_ahead
2017-09-18 17:00:00,88.28047852289451,solar,2017-09-17 23:00:00,day_ahead
2017-09-18 18:00:00,7.784566208358514,solar,2017-09-17 23:00:00,day_ahead
2017-09-18 19:00:00,0.0,solar,2017-09-17 23:00:00,day_ahead
2017-09-18 20:00:00,0.0,solar,2017-09-17 23:00:00,day_ahead
2017-09-18 21:00:00,0.0,solar,2017-09-17 23:00:00,day_ahead
2017-09-18 22:00:00,0.0,solar,2017-09-17 23:00:00,day_ahead
2017-09-18 23:00:00,0.0,solar,2017-09-17 23:00:00,day_ahead
2017-09-19 00:00:00,0.0,solar,2017-09-18 23:00:00,day_ahead
2017-09-19 01:00:00,0.0,solar,2017-09-18 23:00:00,day_ahead
2017-09-19 02:00:00,0.0,solar,2017-09-18 23:00:00,day_ahead
2017-09-19 03:00:00,0.0,solar,2017-09-18 23:00:00,day_ahead
2017-09-19 04:00:00,0.0,solar,2017-09-18 23:00:00,day_ahead
2017-09-19 05:00:00,0.0,solar,2017-09-18 23:00:00,day_ahead
2017-09-19 06:00:00,8.01410779105924,solar,2017-09-18 23:00:00,day_ahead
2017-09-19 07:00:00,90.22280268794744,solar,2017-09-18 23:00:00,day_ahead
2017-09-19 08:00:00,185.0624036926398,solar,2017-09-18 23:00:00,day_ahead
2017-09-19 09:00:00,259.8280384539267,solar,2017-09-18 23:00:00,day_ahead
2017-09-19 10:00:00,304.31278306160095,solar,2017-09-18 23:00:00,day_ahead
2017-09-19 11:00:00,327.42290059589044,solar,2017-09-18 23:00:00,day_ahead
2017-09-19 12:00:00,335.91792614187375,solar,2017-09-18 23:00:00,day_ahead
2017-09-19 13:00:00,329.36222705521345,solar,2017-09-18 23:00:00,day_ahead
2017-09-19 14:00:00,305.9711827978505,solar,2017-09-18 23:00:00,day_ahead
2017-09-19 15:00:00,261.5736547878027,solar,2017-09-18 23:00:00,day_ahead
2017-09-19 16:00:00,188.5352049059063,solar,2017-09-18 23:00:00,day_ahead
2017-09-19 17:00:00,83.30228975617976,solar,2017-09-18 23:00:00,day_ahead
2017-09-19 18:00:00,7.317445552788538,solar,2017-09-18 23:00:00,day_ahead
2017-09-19 19:00:00,0.0,solar,2017-09-18 23:00:00,day_ahead
2017-09-19 20:00:00,0.0,solar,2017-09-18 23:00:00,day_ahead
2017-09-19 21:00:00,0.0,solar,2017-09-18 23:00:00,day_ahead
2017-09-19 22:00:00,0.0,solar,2017-09-18 23:00:00,day_ahead
2017-09-19 23:00:00,0.0,solar,2017-09-18 23:00:00,day_ahead
2017-09-20 00:00:00,0.0,solar,2017-09-19 23:00:00,day_ahead
2017-09-20 01:00:00,0.0,solar,2017-09-19 23:00:00,day_ahead
2017-09-20 02:00:00,0.0,solar,2017-09-19 23:00:00,day_ahead
2017-09-20 03:00:00,0.0,solar,2017-09-19 23:00:00,day_ahead
2017-09-20 04:00:00,0.0,solar,2017-09-19 23:00:00,day_ahead
2017-09-20 05:00:00,0.0,solar,2017-09-19 23:00:00,day_ahead
2017-09-20 06:00:00,8.38992868030921,solar,2017-09-19 23:00:00,day_ahead
2017-09-20 07:00:00,94.66986682630447,solar,2017-09-19 23:00:00,day_ahead
2017-09-20 08:00:00,194.34268496116474,solar,2017-09-19 23:00:00,day_ahead
2017-09-20 09:00:00,273.21387043162747,solar,2017-09-19 23:00:00,day_ahead
2017-09-20 10:00:00,320.2405119794821,solar,2017-09-19 23:00:00,day_ahead
2017-09-20 11:00:00,344.59706993686314,solar,2017-09-19 23:00:00,day_ahead
2017-09-20 12:00:00,353.53830948682315,solar,2017-09-19 23:00:00,day_ahead
2017-09-20 13:00:00,346.6116837012056,solar,2017-09-19 23:00:00,day_ahead
2017-09-20 14:00:00,321.95035203227917,solar,2017-09-19 23:00:00,day_ahead
2017-09-20 15:00:00,275.143631922627,solar,2017-09-19 23:00:00,day_ahead
2017-09-20 16:00:00,198.2348088158185,solar,2017-09-19 23:00:00,day_ahead
2017-09-20 17:00:00,87.44184142086505,solar,2017-09-19 23:00:00,day_ahead
2017-09-20 18:00:00,7.640349107875624,solar,2017-09-19 23:00:00,day_ahead
2017-09-20 19:00:00,0.0,solar,2017-09-19 23:00:00,day_ahead
2017-09-20 20:00:00,0.0,solar,2017-09-19 23:00:00,day_ahead
2017-09-20 21:00:00,0.0,solar,2017-09-19 23:00:00,day_ahead
2017-09-20 22:00:00,0.0,solar,2017-09-19 23:00:00,day_ahead
2017-09-20 23:00:00,0.0,solar,2017-09-19 23:00:00,day_ahead
2017-09-21 00:00:00,0.0,solar,2017-09-20 23:00:00,day_ahead
2017-09-21 01:00:00,0.0,solar,2017-09-20 23:00:00,day_ahead
2017-09-21 02:00:00,0.0,solar,2017-09-20 23:00:00,day_ahead
2017-09-21 03:00:00,0.0,solar,2017-09-20 23:00:00,day_ahead
2017-09-21 04:00:00,0.0,solar,2017-09-20 23:00:00,day_ahead
2017-09-21 05:00:00,0.0,solar,2017-09-20 23:00:00,day_ahead
2017-09-21 06:00:00,8.33917626330526,solar,2017-09-20 23:00:00,day_ahead
2017-09-21 07:00:00,94.40668885145638,solar,2017-09-20 23:00:00,day_ahead
2017-09-21 08:00:00,193.85514993733625,solar,2017-09-20 23:00:00,day_ahead
2017-09-21 09:00:00,272.49886648314396,solar,2017-09-20 23:00:00,day_ahead
2017-09-21 10:00:00,319.4240842523018,solar,2017-09-20 23:00:00,day_ahead
2017-09-21 11:00:00,343.7426260526768,solar,2017-09-20 23:00:00,day_ahead
2017-09-21 12:00:00,352.65024120935897,solar,2017-09-20 23:00:00,day_ahead
2017-09-21 13:00:00,345.7267156074928,solar,2017-09-20 23:00:00,day_ahead
2017-09-21 14:00:00,321.0188738344147,solar,2017-09-20 23:00:00,day_ahead
2017-09-21 15:00:00,274.17015111894955,solar,2017-09-20 23:00:00,day_ahead
2017-09-21 16:00:00,197.3571665857535,solar,2017-09-20 23:00:00,day_ahead
2017-09-21 17:00:00,86.94436009444019,solar,2017-09-20 23:00:00,day_ahead
2017-09-21 18:00:00,7.575490051121703,solar,2017-09-20 23:00:00,day_ahead
2017-09-21 19:00:00,0.0,solar,2017-09-20 23:00:00,day_ahead
2017-09-21 20:00:00,0.0,solar,2017-09-20 23:00:00,day_ahead
2017-09-21 21:00:00,0.0,solar,2017-09-20 23:00:00,day_ahead
2017-09-21 22:00:00,0.0,solar,2017-09-20 23:00:00,day_ahead
2017-09-21 23:00:00,0.0,solar,2017-09-20 23:00:00,day_ahead
2017-09-22 00:00:00,0.0,solar,2017-09-21 23:00:00,day_ahead
2017-09-22 01:00:00,0.0,solar,2017-09-21 23:00:00,day_ahead
2017-09-22 02:00:00,0.0,solar,2017-09-21 23:00:00,day_ahead
2017-09-22 03:00:00,0.0,solar,2017-09-21 23:00:00,day_ahead
2017-09-22 04:00:00,0.0,solar,2017-09-21 23:00:00,day_ahead
2017-09-22 05:00:00,0.0,solar,2017-09-21 23:00:00,day_ahead
2017-09-22 06:00:00,7.88110869552212,solar,2017-09-21 23:00:00,day_ahead
2017-09-22 07:00:00,89.59156753879452,solar,2017-09-21 23:00:00,day_ahead
2017-09-22 08:00:00,183.72575206460775,solar,2017-09-21 23:00:00,day_ahead
2017-09-22 09:00:00,257.9829268610508,solar,2017-09-21 23:00:00,day_ahead
2017-09-22 10:00:00,302.30949238423045,solar,2017-09-21 23:00:00,day_ahead
2017-09-22 11:00:00,325.48903623282166,solar,2017-09-21 23:00:00,day_ahead
2017-09-22 12:00:00,333.93824926074257,solar,2017-09-21 23:00:00,day_ahead
2017-09-22 13:00:00,327.32324269817855,solar,2017-09-21 23:00:00,day_ahead
2017-09-22 14:00:00,304.05344491993856,solar,2017-09-21 23:00:00,day_ahead
2017-09-22 15:00:00,259.7388686980139,solar,2017-09-21 23:00:00,day_ahead
2017-09-22 16:00:00,186.94566843350373,solar,2017-09-21 23:00:00,day_ahead
2017-09-22 17:00:00,82.28111171950646,solar,2017-09-21 23:00:00,day_ahead
2017-09-22 18:00:00,7.1301370115036535,solar,2017-09-21 23:00:00,day_ahead
2017-09-22 19:00:00,0.0,solar,2017-09-21 23:00:00,day_ahead
2017-09-22 20:00:00,0.0,solar,2017-09-21 23:00:00,day_ahead
2017-09-22 21:00:00,0.0,solar,2017-09-21 23:00:00,day_ahead
2017-09-22 22:00:00,0.0,solar,2017-09-21 23:00:00,day_ahead
2017-09-22 23:00:00,0.0,solar,2017-09-21 23:00:00,day_ahead
2017-09-23 00:00:00,0.0,solar,2017-09-22 23:00:00,day_ahead
2017-09-23 01:00:00,0.0,solar,2017-09-22 23:00:00,day_ahead
2017-09-23 02:00:00,0.0,solar,2017-09-22 23:00:00,day_ahead
2017-09-23 03:00:00,0.0,solar,2017-09-22 23:00:00,day_ahead
2017-09-23 04:00:00,0.0,solar,2017-09-22 23:00:00,day_ahead
2017-09-23 05:00:00,0.0,solar,2017-09-22 23:00:00,day_ahead
2017-09-23 06:00:00,8.335104383781827,solar,2017-09-22 23:00:00,day_ahead
2017-09-23 07:00:00,95.1478801058446,solar,2017-09-22 23:00:00,day_ahead
2017-09-23 08:00:00,195.09623627330166,solar,2017-09-22 23:00:00,day_ahead
2017-09-23 09:00:00,274.46251827996235,solar,2017-09-22 23:00:00,day_ahead
2017-09-23 10:00:00,321.93817431631595,solar,2017-09-22 23:00:00,day_ahead
2017-09-23 11:00:00,346.59387535503896,solar,2017-09-22 23:00:00,day_ahead
2017-09-23 12:00:00,355.55127674713475,solar,2017-09-22 23:00:00,day_ahead
2017-09-23 13:00:00,348.3841485621752,solar,2017-09-22 23:00:00,day_ahead
2017-09-23 14:00:00,323.49564679488896,solar,2017-09-22 23:00:00,day_ahead
2017-09-23 15:00:00,276.1956012679282,solar,2017-09-22 23:00:00,day_ahead
2017-09-23 16:00:00,198.58147009568387,solar,2017-09-22 23:00:00,day_ahead
2017-09-23 17:00:00,87.2872910905594,solar,2017-09-22 23:00:00,day_ahead
2017-09-23 18:00:00,7.533114654426907,solar,2017-09-22 23:00:00,day_ahead
2017-09-23 19:00:00,0.0,solar,2017-09-22 23:00:00,day_ahead
2017-09-23 20:00:00,0.0,solar,2017-09-22 23:00:00,day_ahead
2017-09-23 21:00:00,0.0,solar,2017-09-22 23:00:00,day_ahead
2017-09-23 22:00:00,0.0,solar,2017-09-22 23:00:00,day_ahead
2017-09-23 23:00:00,0.0,solar,2017-09-22 23:00:00,day_ahead
2017-09-24 00:00:00,0.0,solar,2017-09-23 23:00:00,day_ahead
2017-09-24 01:00:00,0.0,solar,2017-09-23 23:00:00,day_ahead
2017-09-24 02:00:00,0.0,solar,2017-09-23 23:00:00,day_ahead
2017-09-24 03:00:00,0.0,solar,2017-09-23 23:00:00,day_ahead
2017-09-24 04:00:00,0.0,solar,2017-09-23 23:00:00,day_ahead
2017-09-24 05:00:00,0.0,solar,2017-09-23 23:00:00,day_ahead
2017-09-24 06:00:00,8.116332056615377,solar,2017-09-23 23:00:00,day_ahead
2017-09-24 07:00:00,92.98334596704568,solar,2017-09-23 23:00:00,day_ahead
2017-09-24 08:00:00,190.46622640175892,solar,2017-09-23 23:00:00,day_ahead
2017-09-24 09:00:00,267.98973124112683,solar,2017-09-23 23:00:00,day_ahead
2017-09-24 10:00:00,314.3018346000182,solar,2017-09-23 23:00:00,day_ahead
2017-09-24 11:00:00,338.41022049263375,solar,2017-09-23 23:00:00,day_ahead
2017-09-24 12:00:00,347.2238872527406,solar,2017-09-23 23:00:00,day_ahead
2017-09-24 13:00:00,340.2831029323577,solar,2017-09-23 23:00:00,day_ahead
2017-09-24 14:00:00,315.950045240438,solar,2017-09-23 23:00:00,day_ahead
2017-09-24 15:00:00,269.6985023339302,solar,2017-09-23 23:00:00,day_ahead
2017-09-24 16:00:00,193.81749018882329,solar,2017-09-23 23:00:00,day_ahead
2017-09-24 17:00:00,84.97400999578822,solar,2017-09-23 23:00:00,day_ahead
2017-09-24 18:00:00,7.293971976608393,solar,2017-09-23 23:00:00,day_ahead
2017-09-24 19:00:00,0.0,solar,2017-09-23 23:00:00,day_ahead
2017-09-24 20:00:00,0.0,solar,2017-09-23 23:00:00,day_ahead
2017-09-24 21:00:00,0.0,solar,2017-09-23 23:00:00,day_ahead
2017-09-24 22:00:00,0.0,solar,2017-09-23 23:00:00,day_ahead
2017-09-24 23:00:00,0.0,solar,2017-09-23 23:00:00,day_ahead
2017-09-25 00:00:00,0.0,solar,2017-09-24 23:00:00,day_ahead
2017-09-25 01:00:00,0.0,solar,2017-09-24 23:00:00,day_ahead
2017-09-25 02:00:00,0.0,solar,2017-09-24 23:00:00,day_ahead
2017-09-25 03:00:00,0.0,solar,2017-09-24 23:00:00,day_ahead
2017-09-25 04:00:00,0.0,solar,2017-09-24 23:00:00,day_ahead
2017-09-25 05:00:00,0.0,solar,2017-09-24 23:00:00,day_ahead
2017-09-25 06:00:00,8.09767573969776,solar,2017-09-24 23:00:00,day_ahead
2017-09-25 07:00:00,93.13168222251234,solar,2017-09-24 23:00:00,day_ahead
2017-09-25 08:00:00,190.74863079836325,solar,2017-09-24 23:00:00,day_ahead
2017-09-25 09:00:00,268.2936014568904,solar,2017-09-24 23:00:00,day_ahead
2017-09-25 10:00:00,314.5442540813764,solar,2017-09-24 23:00:00,day_ahead
2017-09-25 11:00:00,338.64719446142317,solar,2017-09-24 23:00:00,day_ahead
2017-09-25 12:00:00,347.4224580807658,solar,2017-09-24 23:00:00,day_ahead
2017-09-25 13:00:00,340.4513325893481,solar,2017-09-24 23:00:00,day_ahead
2017-09-25 14:00:00,316.054422952755,solar,2017-09-24 23:00:00,day_ahead
2017-09-25 15:00:00,269.6722006818244,solar,2017-09-24 23:00:00,day_ahead
2017-09-25 16:00:00,193.70355138853895,solar,2017-09-24 23:00:00,day_ahead
2017-09-25 17:00:00,84.69706817163541,solar,2017-09-24 23:00:00,day_ahead
2017-09-25 18:00:00,7.224648689178535,solar,2017-09-24 23:00:00,day_ahead
2017-09-25 19:00:00,0.0,solar,2017-09-24 23:00:00,day_ahead
2017-09-25 20:00:00,0.0,solar,2017-09-24 23:00:00,day_ahead
2017-09-25 21:00:00,0.0,solar,2017-09-24 23:00:00,day_ahead
2017-09-25 22:00:00,0.0,solar,2017-09-24 23:00:00,day_ahead
2017-09-25 23:00:00,0.0,solar,2017-09-24 23:00:00,day_ahead
2017-09-26 00:00:00,0.0,solar,2017-09-25 23:00:00,day_ahead
2017-09-26 01:00:00,0.0,solar,2017-09-25 23:00:00,day_ahead
2017-09-26 02:00:00,0.0,solar,2017-09-25 23:00:00,day_ahead
2017-09-26 03:00:00,0.0,solar,2017-09-25 23:00:00,day_ahead
2017-09-26 04:00:00,0.0,solar,2017-09-25 23:00:00,day_ahead
2017-09-26 05:00:00,0.0,solar,2017-09-25 23:00:00,day_ahead
2017-09-26 06:00:00,8.263163473755261,solar,2017-09-25 23:00:00,day_ahead
2017-09-26 07:00:00,95.48941307247652,solar,2017-09-25 23:00:00,day_ahead
2017-09-26 08:00:00,195.51006403706944,solar,2017-09-25 23:00:00,day_ahead
2017-09-26 09:00:00,274.93210419375526,solar,2017-09-25 23:00:00,day_ahead
2017-09-26 10:00:00,322.4242001473638,solar,2017-09-25 23:00:00,day_ahead
2017-09-26 11:00:00,347.21506652857363,solar,2017-09-25 23:00:00,day_ahead
2017-09-26 12:00:00,356.2857979240397,solar,2017-09-25 23:00:00,day_ahead
2017-09-26 13:00:00,349.12741482427367,solar,2017-09-25 23:00:00,day_ahead
2017-09-26 14:00:00,324.11149349413387,solar,2017-09-25 23:00:00,day_ahead
2017-09-26 15:00:00,276.5224842662864,solar,2017-09-25 23:00:00,day_ahead
2017-09-26 16:00:00,198.56385625523734,solar,2017-09-25 23:00:00,day_ahead
2017-09-26 17:00:00,86.60617273593043,solar,2017-09-25 23:00:00,day_ahead
2017-09-26 18:00:00,7.330345796283081,solar,2017-09-25 23:00:00,day_ahead
2017-09-26 19:00:00,0.0,solar,2017-09-25 23:00:00,day_ahead
2017-09-26 20:00:00,0.0,solar,2017-09-25 23:00:00,day_ahead
2017-09-26 21:00:00,0.0,solar,2017-09-25 23:00:00,day_ahead
2017-09-26 22:00:00,0.0,solar,2017-09-25 23:00:00,day_ahead
2017-09-26 23:00:00,0.0,solar,2017-09-25 23:00:00,day_ahead
2017-09-27 00:00:00,0.0,solar,2017-09-26 23:00:00,day_ahead
2017-09-27 01:00:00,0.0,solar,2017-09-26 23:00:00,day_ahead
2017-09-27 02:00:00,0.0,solar,2017-09-26 23:00:00,day_ahead
2017-09-27 03:00:00,0.0,solar,2017-09-26 23:00:00,day_ahead
2017-09-27 04:00:00,0.0,solar,2017-09-26 23:00:00,day_ahead
2017-09-27 05:00:00,0.0,solar,2017-09-26 23:00:00,day_ahead
2017-09-27 06:00:00,8.249364498892689,solar,2017-09-26 23:00:00,day_ahead
2017-09-27 07:00:00,95.7289946728178,solar,2017-09-26 23:00:00,day_ahead
2017-09-27 08:00:00,196.06884808671586,solar,2017-09-26 23:00:00,day_ahead
2017-09-27 09:00:00,275.9341499908094,solar,2017-09-26 23:00:00,day_ahead
2017-09-27 10:00:00,323.5422895254889,solar,2017-09-26 23:00:00,day_ahead
2017-09-27 11:00:00,348.3758327536288,solar,2017-09-26 23:00:00,day_ahead
2017-09-27 12:00:00,357.4495715783998,solar,2017-09-26 23:00:00,day_ahead
2017-09-27 13:00:00,350.24706381375125,solar,2017-09-26 23:00:00,day_ahead
2017-09-27 14:00:00,325.0823680145875,solar,2017-09-26 23:00:00,day_ahead
2017-09-27 15:00:00,277.2820842830116,solar,2017-09-26 23:00:00,day_ahead
2017-09-27 16:00:00,198.97522418302023,solar,2017-09-26 23:00:00,day_ahead
2017-09-27 17:00:00,86.60082914004872,solar,2017-09-26 23:00:00,day_ahead
2017-09-27 18:00:00,7.276836185531429,solar,2017-09-26 23:00:00,day_ahead
2017-09-27 19:00:00,0.0,solar,2017-09-26 23:00:00,day_ahead
2017-09-27 20:00:00,0.0,solar,2017-09-26 23:00:00,day_ahead
2017-09-27 21:00:00,0.0,solar,2017-09-26 23:00:00,day_ahead
2017-09-27 22:00:00,0.0,solar,2017-09-26 23:00:00,day_ahead
2017-09-27 23:00:00,0.0,solar,2017-09-26 23:00:00,day_ahead
2017-09-28 00:00:00,0.0,solar,2017-09-27 23:00:00,day_ahead
2017-09-28 01:00:00,0.0,solar,2017-09-27 23:00:00,day_ahead
2017-09-28 02:00:00,0.0,solar,2017-09-27 23:00:00,day_ahead
2017-09-28 03:00:00,0.0,solar,2017-09-27 23:00:00,day_ahead
2017-09-28 04:00:00,0.0,solar,2017-09-27 23:00:00,day_ahead
2017-09-28 05:00:00,0.0,solar,2017-09-27 23:00:00,day_ahead
2017-09-28 06:00:00,7.592213512676554,solar,2017-09-27 23:00:00,day_ahead
2017-09-28 07:00:00,88.59688142383483,solar,2017-09-27 23:00:00,day_ahead
2017-09-28 08:00:00,181.72261750582035,solar,2017-09-27 23:00:00,day_ahead
2017-09-28 09:00:00,255.91623943263366,solar,2017-09-27 23:00:00,day_ahead
2017-09-28 10:00:00,299.9463587583777,solar,2017-09-27 23:00:00,day_ahead
2017-09-28 11:00:00,322.9226663980886,solar,2017-09-27 23:00:00,day_ahead
2017-09-28 12:00:00,331.3375187615391,solar,2017-09-27 23:00:00,day_ahead
2017-09-28 13:00:00,324.7500636350109,solar,2017-09-27 23:00:00,day_ahead
2017-09-28 14:00:00,301.23838161396935,solar,2017-09-27 23:00:00,day_ahead
2017-09-28 15:00:00,256.8114746050399,solar,2017-09-27 23:00:00,day_ahead
2017-09-28 16:00:00,184.1471906661922,solar,2017-09-27 23:00:00,day_ahead
2017-09-28 17:00:00,80.01082648720941,solar,2017-09-27 23:00:00,day_ahead
2017-09-28 18:00:00,6.688732924455852,solar,2017-09-27 23:00:00,day_ahead
2017-09-28 19:00:00,0.0,solar,2017-09-27 23:00:00,day_ahead
2017-09-28 20:00:00,0.0,solar,2017-09-27 23:00:00,day_ahead
2017-09-28 21:00:00,0.0,solar,2017-09-27 23:00:00,day_ahead
2017-09-28 22:00:00,0.0,solar,2017-09-27 23:00:00,day_ahead
2017-09-28 23:00:00,0.0,solar,2017-09-27 23:00:00,day_ahead
2017-09-29 00:00:00,0.0,solar,2017-09-28 23:00:00,day_ahead
2017-09-29 01:00:00,0.0,solar,2017-09-28 23:00:00,day_ahead
2017-09-29 02:00:00,0.0,solar,2017-09-28 23:00:00,day_ahead
2017-09-29 03:00:00,0.0,solar,2017-09-28 23:00:00,day_ahead
2017-09-29 04:00:00,0.0,solar,2017-09-28 23:00:00,day_ahead
2017-09-29 05:00:00,0.0,solar,2017-09-28 23:00:00,day_ahead
2017-09-29 06:00:00,7.854937592659497,solar,2017-09-28 23:00:00,day_ahead
2017-09-29 07:00:00,92.15919271398036,solar,2017-09-28 23:00:00,day_ahead
2017-09-29 08:00:00,189.4224951220585,solar,2017-09-28 23:00:00,day_ahead
2017-09-29 09:00:00,266.9505771501319,solar,2017-09-28 23:00:00,day_ahead
2017-09-29 10:00:00,312.87276091909825,solar,2017-09-28 23:00:00,day_ahead
2017-09-29 11:00:00,336.87096833441,solar,2017-09-28 23:00:00,day_ahead
2017-09-29 12:00:00,345.6427693879943,solar,2017-09-28 23:00:00,day_ahead
2017-09-29 13:00:00,338.6878904778843,solar,2017-09-28 23:00:00,day_ahead
2017-09-29 14:00:00,313.9781786469449,solar,2017-09-28 23:00:00,day_ahead
2017-09-29 15:00:00,267.58980302460935,solar,2017-09-28 23:00:00,day_ahead
2017-09-29 16:00:00,191.58253808109907,solar,2017-09-28 23:00:00,day_ahead
2017-09-29 17:00:00,83.02881282439067,solar,2017-09-28 23:00:00,day_ahead
2017-09-29 18:00:00,6.900152852479281,solar,2017-09-28 23:00:00,day_ahead
2017-09-29 19:00:00,0.0,solar,2017-09-28 23:00:00,day_ahead
2017-09-29 20:00:00,0.0,solar,2017-09-28 23:00:00,day_ahead
2017-09-29 21:00:00,0.0,solar,2017-09-28 23:00:00,day_ahead
2017-09-29 22:00:00,0.0,solar,2017-09-28 23:00:00,day_ahead
2017-09-29 23:00:00,0.0,solar,2017-09-28 23:00:00,day_ahead
2017-09-30 00:00:00,0.0,solar,2017-09-29 23:00:00,day_ahead
2017-09-30 01:00:00,0.0,solar,2017-09-29 23:00:00,day_ahead
2017-09-30 02:00:00,0.0,solar,2017-09-29 23:00:00,day_ahead
2017-09-30 03:00:00,0.0,solar,2017-09-29 23:00:00,day_ahead
2017-09-30 04:00:00,0.0,solar,2017-09-29 23:00:00,day_ahead
2017-09-30 05:00:00,0.0,solar,2017-09-29 23:00:00,day_ahead
2017-09-30 06:00:00,7.778660425289141,solar,2017-09-29 23:00:00,day_ahead
2017-09-30 07:00:00,91.76660020904318,solar,2017-09-29 23:00:00,day_ahead
2017-09-30 08:00:00,188.7901381666352,solar,2017-09-29 23:00:00,day_ahead
2017-09-30 09:00:00,266.15278804273083,solar,2017-09-29 23:00:00,day_ahead
2017-09-30 10:00:00,311.88087911210476,solar,2017-09-29 23:00:00,day_ahead
2017-09-30 11:00:00,335.84601523513874,solar,2017-09-29 23:00:00,day_ahead
2017-09-30 12:00:00,344.5511345926251,solar,2017-09-29 23:00:00,day_ahead
2017-09-30 13:00:00,337.6263011527468,solar,2017-09-29 23:00:00,day_ahead
2017-09-30 14:00:00,312.86991743657586,solar,2017-09-29 23:00:00,day_ahead
2017-09-30 15:00:00,266.4579090231453,solar,2017-09-29 23:00:00,day_ahead
2017-09-30 16:00:00,190.6060080415984,solar,2017-09-29 23:00:00,day_ahead
2017-09-30 17:00:00,82.3379096394602,solar,2017-09-29 23:00:00,day_ahead
2017-09-30 18:00:00,6.803598568906378,solar,2017-09-29 23:00:00,day_ahead
2017-09-30 19:00:00,0.0,solar,2017-09-29 23:00:00,day_ahead
2017-09-30 20:00:00,0.0,solar,2017-09-29 23:00:00,day_ahead
2017-09-30 21:00:00,0.0,solar,2017-09-29 23:00:00,day_ahead
2017-09-30 22:00:00,0.0,solar,2017-09-29 23:00:00,day_ahead
2017-09-30 23:00:00,0.0,solar,2017-09-29 23:00:00,day_ahead
2017-10-01 00:00:00,0.0,solar,2017-09-30 23:00:00,day_ahead
2017-10-01 01:00:00,0.0,solar,2017-09-30 23:00:00,day_ahead
2017-10-01 02:00:00,0.0,solar,2017-09-30 23:00:00,day_ahead
2017-10-01 03:00:00,0.0,solar,2017-09-30 23:00:00,day_ahead
2017-10-01 04:00:00,0.0,solar,2017-09-30 23:00:00,day_ahead
2017-10-01 05:00:00,0.0,solar,2017-09-30 23:00:00,day_ahead
2017-10-01 06:00:00,0.5247903292426902,solar,2017-09-30 23:00:00,day_ahead
2017-10-01 07:00:00,36.32387213487211,solar,2017-09-30 23:00:00,day_ahead
2017-10-01 08:00:00,110.529958751324,solar,2017-09-30 23:00:00,day_ahead
2017-10-01 09:00:00,174.03670358145013,solar,2017-09-30 23:00:00,day_ahead
2017-10-01 10:00:00,214.98161674180454,solar,2017-09-30 23:00:00,day_ahead
2017-10-01 11:00:00,236.37596460407045,solar,2017-09-30 23:00:00,day_ahead
2017-10-01 12:00:00,240.38620678796147,solar,2017-09-30 23:00:00,day_ahead
2017-10-01 13:00:00,229.0856220268532,solar,2017-09-30 23:00:00,day_ahead
2017-10-01 14:00:00,200.63292638269718,solar,2017-09-30 23:00:00,day_ahead
2017-10-01 15:00:00,151.64425267002753,solar,2017-09-30 23:00:00,day_ahead
2017-10-01 16:00:00,83.70811358792335,solar,2017-09-30 23:00:00,day_ahead
2017-10-01 17:00:00,15.076502686085725,solar,2017-09-30 23:00:00,day_ahead
2017-10-01 18:00:00,0.0,solar,2017-09-30 23:00:00,day_ahead
2017-10-01 19:00:00,0.0,solar,2017-09-30 23:00:00,day_ahead
2017-10-01 20:00:00,0.0,solar,2017-09-30 23:00:00,day_ahead
2017-10-01 21:00:00,0.0,solar,2017-09-30 23:00:00,day_ahead
2017-10-01 22:00:00,0.0,solar,2017-09-30 23:00:00,day_ahead
2017-10-01 23:00:00,0.0,solar,2017-09-30 23:00:00,day_ahead
2017-10-02 00:00:00,0.0,solar,2017-10-01 23:00:00,day_ahead
2017-10-02 01:00:00,0.0,solar,2017-10-01 23:00:00,day_ahead
2017-10-02 02:00:00,0.0,solar,2017-10-01 23:00:00,day_ahead
2017-10-02 03:00:00,0.0,solar,2017-10-01 23:00:00,day_ahead
2017-10-02 04:00:00,0.0,solar,2017-10-01 23:00:00,day_ahead
2017-10-02 05:00:00,0.0,solar,2017-10-01 23:00:00,day_ahead
2017-10-02 06:00:00,0.7037196189631776,solar,2017-10-01 23:00:00,day_ahead
2017-10-02 07:00:00,46.36360641589588,solar,2017-10-01 23:00:00,day_ahead
2017-10-02 08:00:00,140.31599849646352,solar,2017-10-01 23:00:00,day_ahead
2017-10-02 09:00:00,220.47208195799445,solar,2017-10-01 23:00:00,day_ahead
2017-10-02 10:00:00,272.0351473320178,solar,2017-10-01 23:00:00,day_ahead
2017-10-02 11:00:00,299.0040157178402,solar,2017-10-01 23:00:00,day_ahead
2017-10-02 12:00:00,304.02941253316897,solar,2017-10-01 23:00:00,day_ahead
2017-10-02 13:00:00,289.69969000873436,solar,2017-10-01 23:00:00,day_ahead
2017-10-02 14:00:00,253.4842616797899,solar,2017-10-01 23:00:00,day_ahead
2017-10-02 15:00:00,191.36436398816662,solar,2017-10-01 23:00:00,day_ahead
2017-10-02 16:00:00,105.82246524489857,solar,2017-10-01 23:00:00,day_ahead
2017-10-02 17:00:00,19.276772360490828,solar,2017-10-01 23:00:00,day_ahead
2017-10-02 18:00:00,0.0,solar,2017-10-01 23:00:00,day_ahead
2017-10-02 19:00:00,0.0,solar,2017-10-01 23:00:00,day_ahead
2017-10-02 20:00:00,0.0,solar,2017-10-01 23:00:00,day_ahead
2017-10-02 21:00:00,0.0,solar,2017-10-01 23:00:00,day_ahead
2017-10-02 22:00:00,0.0,solar,2017-10-01 23:00:00,day_ahead
2017-10-02 23:00:00,0.0,solar,2017-10-01 23:00:00,day_ahead
2017-10-03 00:00:00,0.0,solar,2017-10-02 23:00:00,day_ahead
2017-10-03 01:00:00,0.0,solar,2017-10-02 23:00:00,day_ahead
2017-10-03 02:00:00,0.0,solar,2017-10-02 23:00:00,day_ahead
2017-10-03 03:00:00,0.0,solar,2017-10-02 23:00:00,day_ahead
2017-10-03 04:00:00,0.0,solar,2017-10-02 23:00:00,day_ahead
2017-10-03 05:00:00,0.0,solar,2017-10-02 23:00:00,day_ahead
2017-10-03 06:00:00,0.7529740549984162,solar,2017-10-02 23:00:00,day_ahead
2017-10-03 07:00:00,47.644216697941395,solar,2017-10-02 23:00:00,day_ahead
2017-10-03 08:00:00,143.14879031081074,solar,2017-10-02 23:00:00,day_ahead
2017-10-03 09:00:00,224.22246860509568,solar,2017-10-02 23:00:00,day_ahead
2017-10-03 10:00:00,276.30111244682575,solar,2017-10-02 23:00:00,day_ahead
2017-10-03 11:00:00,303.52182997716824,solar,2017-10-02 23:00:00,day_ahead
2017-10-03 12:00:00,308.5572265035722,solar,2017-10-02 23:00:00,day_ahead
2017-10-03 13:00:00,294.22902191816576,solar,2017-10-02 23:00:00,day_ahead
2017-10-03 14:00:00,257.68499597708984,solar,2017-10-02 23:00:00,day_ahead
2017-10-03 15:00:00,194.9265470826051,solar,2017-10-02 23:00:00,day_ahead
2017-10-03 16:00:00,108.3005222230781,solar,2017-10-02 23:00:00,day_ahead
2017-10-03 17:00:00,20.024679548360233,solar,2017-10-02 23:00:00,day_ahead
2017-10-03 18:00:00,0.0,solar,2017-10-02 23:00:00,day_ahead
2017-10-03 19:00:00,0.0,solar,2017-10-02 23:00:00,day_ahead
2017-10-03 20:00:00,0.0,solar,2017-10-02 23:00:00,day_ahead
2017-10-03 21:00:00,0.0,solar,2017-10-02 23:00:00,day_ahead
2017-10-03 22:00:00,0.0,solar,2017-10-02 23:00:00,day_ahead
2017-10-03 23:00:00,0.0,solar,2017-10-02 23:00:00,day_ahead
2017-10-04 00:00:00,0.0,solar,2017-10-03 23:00:00,day_ahead
2017-10-04 01:00:00,0.0,solar,2017-10-03 23:00:00,day_ahead
2017-10-04 02:00:00,0.0,solar,2017-10-03 23:00:00,day_ahead
2017-10-04 03:00:00,0.0,solar,2017-10-03 23:00:00,day_ahead
2017-10-04 04:00:00,0.0,solar,2017-10-03 23:00:00,day_ahead
2017-10-04 05:00:00,0.0,solar,2017-10-03 23:00:00,day_ahead
2017-10-04 06:00:00,0.7953066513155865,solar,2017-10-03 23:00:00,day_ahead
2017-10-04 07:00:00,48.467463934013765,solar,2017-10-03 23:00:00,day_ahead
2017-10-04 08:00:00,144.67784535121552,solar,2017-10-03 23:00:00,day_ahead
2017-10-04 09:00:00,225.98461738874792,solar,2017-10-03 23:00:00,day_ahead
2017-10-04 10:00:00,278.13422608636324,solar,2017-10-03 23:00:00,day_ahead
2017-10-04 11:00:00,305.50534843400396,solar,2017-10-03 23:00:00,day_ahead
2017-10-04 12:00:00,310.57960058808436,solar,2017-10-03 23:00:00,day_ahead
2017-10-04 13:00:00,296.2636565860452,solar,2017-10-03 23:00:00,day_ahead
2017-10-04 14:00:00,259.7075755359556,solar,2017-10-03 23:00:00,day_ahead
2017-10-04 15:00:00,196.84307228320475,solar,2017-10-03 23:00:00,day_ahead
2017-10-04 16:00:00,109.8302259265304,solar,2017-10-03 23:00:00,day_ahead
2017-10-04 17:00:00,20.546363627928553,solar,2017-10-03 23:00:00,day_ahead
2017-10-04 18:00:00,0.0,solar,2017-10-03 23:00:00,day_ahead
2017-10-04 19:00:00,0.0,solar,2017-10-03 23:00:00,day_ahead
2017-10-04 20:00:00,0.0,solar,2017-10-03 23:00:00,day_ahead
2017-10-04 21:00:00,0.0,solar,2017-10-03 23:00:00,day_ahead
2017-10-04 22:00:00,0.0,solar,2017-10-03 23:00:00,day_ahead
2017-10-04 23:00:00,0.0,solar,2017-10-03 23:00:00,day_ahead
2017-10-05 00:00:00,0.0,solar,2017-10-04 23:00:00,day_ahead
2017-10-05 01:00:00,0.0,solar,2017-10-04 23:00:00,day_ahead
2017-10-05 02:00:00,0.0,solar,2017-10-04 23:00:00,day_ahead
2017-10-05 03:00:00,0.0,solar,2017-10-04 23:00:00,day_ahead
2017-10-05 04:00:00,0.0,solar,2017-10-04 23:00:00,day_ahead
2017-10-05 05:00:00,0.0,solar,2017-10-04 23:00:00,day_ahead
2017-10-05 06:00:00,0.819375483685626,solar,2017-10-04 23:00:00,day_ahead
2017-10-05 07:00:00,49.13039083441775,solar,2017-10-04 23:00:00,day_ahead
2017-10-05 08:00:00,145.83581551843395,solar,2017-10-04 23:00:00,day_ahead
2017-10-05 09:00:00,227.657717060851,solar,2017-10-04 23:00:00,day_ahead
2017-10-05 10:00:00,280.0628493883342,solar,2017-10-04 23:00:00,day_ahead
2017-10-05 11:00:00,307.4593418353407,solar,2017-10-04 23:00:00,day_ahead
2017-10-05 12:00:00,312.5883789958712,solar,2017-10-04 23:00:00,day_ahead
2017-10-05 13:00:00,298.25069454308084,solar,2017-10-04 23:00:00,day_ahead
2017-10-05 14:00:00,261.6329784830842,solar,2017-10-04 23:00:00,day_ahead
2017-10-05 15:00:00,198.58207771208694,solar,2017-10-04 23:00:00,day_ahead
2017-10-05 16:00:00,111.1102933433925,solar,2017-10-04 23:00:00,day_ahead
2017-10-05 17:00:00,20.9509235826792,solar,2017-10-04 23:00:00,day_ahead
2017-10-05 18:00:00,0.0,solar,2017-10-04 23:00:00,day_ahead
2017-10-05 19:00:00,0.0,solar,2017-10-04 23:00:00,day_ahead
2017-10-05 20:00:00,0.0,solar,2017-10-04 23:00:00,day_ahead
2017-10-05 21:00:00,0.0,solar,2017-10-04 23:00:00,day_ahead
2017-10-05 22:00:00,0.0,solar,2017-10-04 23:00:00,day_ahead
2017-10-05 23:00:00,0.0,solar,2017-10-04 23:00:00,day_ahead
2017-10-06 00:00:00,0.0,solar,2017-10-05 23:00:00,day_ahead
2017-10-06 01:00:00,0.0,solar,2017-10-05 23:00:00,day_ahead
2017-10-06 02:00:00,0.0,solar,2017-10-05 23:00:00,day_ahead
2017-10-06 03:00:00,0.0,solar,2017-10-05 23:00:00,day_ahead
2017-10-06 04:00:00,0.0,solar,2017-10-05 23:00:00,day_ahead
2017-10-06 05:00:00,0.0,solar,2017-10-05 23:00:00,day_ahead
2017-10-06 06:00:00,0.8370827829787016,solar,2017-10-05 23:00:00,day_ahead
2017-10-06 07:00:00,49.23519291863697,solar,2017-10-05 23:00:00,day_ahead
2017-10-06 08:00:00,145.7601432773492,solar,2017-10-05 23:00:00,day_ahead
2017-10-06 09:00:00,227.53936853765902,solar,2017-10-05 23:00:00,day_ahead
2017-10-06 10:00:00,279.81757595548254,solar,2017-10-05 23:00:00,day_ahead
2017-10-06 11:00:00,307.16944325333367,solar,2017-10-05 23:00:00,day_ahead
2017-10-06 12:00:00,312.36696734130084,solar,2017-10-05 23:00:00,day_ahead
2017-10-06 13:00:00,298.1396676859844,solar,2017-10-05 23:00:00,day_ahead
2017-10-06 14:00:00,261.6952580030056,solar,2017-10-05 23:00:00,day_ahead
2017-10-06 15:00:00,198.92763443363023,solar,2017-10-05 23:00:00,day_ahead
2017-10-06 16:00:00,111.64189465019614,solar,2017-10-05 23:00:00,day_ahead
2017-10-06 17:00:00,21.199615813226035,solar,2017-10-05 23:00:00,day_ahead
2017-10-06 18:00:00,0.0,solar,2017-10-05 23:00:00,day_ahead
2017-10-06 19:00:00,0.0,solar,2017-10-05 23:00:00,day_ahead
2017-10-06 20:00:00,0.0,solar,2017-10-05 23:00:00,day_ahead
2017-10-06 21:00:00,0.0,solar,2017-10-05 23:00:00,day_ahead
2017-10-06 22:00:00,0.0,solar,2017-10-05 23:00:00,day_ahead
2017-10-06 23:00:00,0.0,solar,2017-10-05 23:00:00,day_ahead
2017-10-07 00:00:00,0.0,solar,2017-10-06 23:00:00,day_ahead
2017-10-07 01:00:00,0.0,solar,2017-10-06 23:00:00,day_ahead
2017-10-07 02:00:00,0.0,solar,2017-10-06 23:00:00,day_ahead
2017-10-07 03:00:00,0.0,solar,2017-10-06 23:00:00,day_ahead
2017-10-07 04:00:00,0.0,solar,2017-10-06 23:00:00,day_ahead
2017-10-07 05:00:00,0.0,solar,2017-10-06 23:00:00,day_ahead
2017-10-07 06:00:00,0.8527800746794594,solar,2017-10-06 23:00:00,day_ahead
2017-10-07 07:00:00,49.538768698347184,solar,2017-10-06 23:00:00,day_ahead
2017-10-07 08:00:00,146.002898469924,solar,2017-10-06 23:00:00,day_ahead
2017-10-07 09:00:00,227.3498030886578,solar,2017-10-06 23:00:00,day_ahead
2017-10-07 10:00:00,279.2761678054171,solar,2017-10-06 23:00:00,day_ahead
2017-10-07 11:00:00,306.476538908119,solar,2017-10-06 23:00:00,day_ahead
2017-10-07 12:00:00,311.6164486286583,solar,2017-10-06 23:00:00,day_ahead
2017-10-07 13:00:00,297.51740822367265,solar,2017-10-06 23:00:00,day_ahead
2017-10-07 14:00:00,261.3293620911973,solar,2017-10-06 23:00:00,day_ahead
2017-10-07 15:00:00,198.93195122426766,solar,2017-10-06 23:00:00,day_ahead
2017-10-07 16:00:00,111.92845418129376,solar,2017-10-06 23:00:00,day_ahead
2017-10-07 17:00:00,21.37237369507904,solar,2017-10-06 23:00:00,day_ahead
2017-10-07 18:00:00,0.0,solar,2017-10-06 23:00:00,day_ahead
2017-10-07 19:00:00,0.0,solar,2017-10-06 23:00:00,day_ahead
2017-10-07 20:00:00,0.0,solar,2017-10-06 23:00:00,day_ahead
2017-10-07 21:00:00,0.0,solar,2017-10-06 23:00:00,day_ahead
2017-10-07 22:00:00,0.0,solar,2017-10-06 23:00:00,day_ahead
2017-10-07 23:00:00,0.0,solar,2017-10-06 23:00:00,day_ahead
2017-10-08 00:00:00,0.0,solar,2017-10-07 23:00:00,day_ahead
2017-10-08 01:00:00,0.0,solar,2017-10-07 23:00:00,day_ahead
2017-10-08 02:00:00,0.0,solar,2017-10-07 23:00:00,day_ahead
2017-10-08 03:00:00,0.0,solar,2017-10-07 23:00:00,day_ahead
2017-10-08 04:00:00,0.0,solar,2017-10-07 23:00:00,day_ahead
2017-10-08 05:00:00,0.0,solar,2017-10-07 23:00:00,day_ahead
2017-10-08 06:00:00,0.8677415893100245,solar,2017-10-07 23:00:00,day_ahead
2017-10-08 07:00:00,49.695102819456515,solar,2017-10-07 23:00:00,day_ahead
2017-10-08 08:00:00,146.04093791666313,solar,2017-10-07 23:00:00,day_ahead
2017-10-08 09:00:00,227.02779013663255,solar,2017-10-07 23:00:00,day_ahead
2017-10-08 10:00:00,278.64257821634544,solar,2017-10-07 23:00:00,day_ahead
2017-10-08 11:00:00,305.71044299426313,solar,2017-10-07 23:00:00,day_ahead
2017-10-08 12:00:00,310.81057732062305,solar,2017-10-07 23:00:00,day_ahead
2017-10-08 13:00:00,296.73950208698596,solar,2017-10-07 23:00:00,day_ahead
2017-10-08 14:00:00,260.70499150811696,solar,2017-10-07 23:00:00,day_ahead
2017-10-08 15:00:00,198.57350153109005,solar,2017-10-07 23:00:00,day_ahead
2017-10-08 16:00:00,111.89964512367368,solar,2017-10-07 23:00:00,day_ahead
2017-10-08 17:00:00,21.406530857617284,solar,2017-10-07 23:00:00,day_ahead
2017-10-08 18:00:00,0.0,solar,2017-10-07 23:00:00,day_ahead
2017-10-08 19:00:00,0.0,solar,2017-10-07 23:00:00,day_ahead
2017-10-08 20:00:00,0.0,solar,2017-10-07 23:00:00,day_ahead
2017-10-08 21:00:00,0.0,solar,2017-10-07 23:00:00,day_ahead
2017-10-08 22:00:00,0.0,solar,2017-10-07 23:00:00,day_ahead
2017-10-08 23:00:00,0.0,solar,2017-10-07 23:00:00,day_ahead
2017-10-09 00:00:00,0.0,solar,2017-10-08 23:00:00,day_ahead
2017-10-09 01:00:00,0.0,solar,2017-10-08 23:00:00,day_ahead
2017-10-09 02:00:00,0.0,solar,2017-10-08 23:00:00,day_ahead
2017-10-09 03:00:00,0.0,solar,2017-10-08 23:00:00,day_ahead
2017-10-09 04:00:00,0.0,solar,2017-10-08 23:00:00,day_ahead
2017-10-09 05:00:00,0.0,solar,2017-10-08 23:00:00,day_ahead
2017-10-09 06:00:00,0.8625880739935082,solar,2017-10-08 23:00:00,day_ahead
2017-10-09 07:00:00,49.505921593912646,solar,2017-10-08 23:00:00,day_ahead
2017-10-09 08:00:00,145.2948208196195,solar,2017-10-08 23:00:00,day_ahead
2017-10-09 09:00:00,225.60657312402327,solar,2017-10-08 23:00:00,day_ahead
2017-10-09 10:00:00,276.74980826454134,solar,2017-10-08 23:00:00,day_ahead
2017-10-09 11:00:00,303.5594141834916,solar,2017-10-08 23:00:00,day_ahead
2017-10-09 12:00:00,308.61544480238695,solar,2017-10-08 23:00:00,day_ahead
2017-10-09 13:00:00,294.694305630987,solar,2017-10-08 23:00:00,day_ahead
2017-10-09 14:00:00,259.0395257149749,solar,2017-10-08 23:00:00,day_ahead
2017-10-09 15:00:00,197.47541640753488,solar,2017-10-08 23:00:00,day_ahead
2017-10-09 16:00:00,111.42469615558005,solar,2017-10-08 23:00:00,day_ahead
2017-10-09 17:00:00,21.347576131608797,solar,2017-10-08 23:00:00,day_ahead
2017-10-09 18:00:00,0.0,solar,2017-10-08 23:00:00,day_ahead
2017-10-09 19:00:00,0.0,solar,2017-10-08 23:00:00,day_ahead
2017-10-09 20:00:00,0.0,solar,2017-10-08 23:00:00,day_ahead
2017-10-09 21:00:00,0.0,solar,2017-10-08 23:00:00,day_ahead
2017-10-09 22:00:00,0.0,solar,2017-10-08 23:00:00,day_ahead
2017-10-09 23:00:00,0.0,solar,2017-10-08 23:00:00,day_ahead
2017-10-10 00:00:00,0.0,solar,2017-10-09 23:00:00,day_ahead
2017-10-10 01:00:00,0.0,solar,2017-10-09 23:00:00,day_ahead
2017-10-10 02:00:00,0.0,solar,2017-10-09 23:00:00,day_ahead
2017-10-10 03:00:00,0.0,solar,2017-10-09 23:00:00,day_ahead
2017-10-10 04:00:00,0.0,solar,2017-10-09 23:00:00,day_ahead
2017-10-10 05:00:00,0.0,solar,2017-10-09 23:00:00,day_ahead
2017-10-10 06:00:00,0.8476884935927461,solar,2017-10-09 23:00:00,day_ahead
2017-10-10 07:00:00,48.61438569959809,solar,2017-10-09 23:00:00,day_ahead
2017-10-10 08:00:00,142.58068106731506,solar,2017-10-09 23:00:00,day_ahead
2017-10-10 09:00:00,221.36669318779965,solar,2017-10-09 23:00:00,day_ahead
2017-10-10 10:00:00,271.5156450530765,solar,2017-10-09 23:00:00,day_ahead
2017-10-10 11:00:00,297.75452237240177,solar,2017-10-09 23:00:00,day_ahead
2017-10-10 12:00:00,302.7404996997623,solar,2017-10-09 23:00:00,day_ahead
2017-10-10 13:00:00,289.1227261463282,solar,2017-10-09 23:00:00,day_ahead
2017-10-10 14:00:00,254.14974066496686,solar,2017-10-09 23:00:00,day_ahead
2017-10-10 15:00:00,193.8067337337114,solar,2017-10-09 23:00:00,day_ahead
2017-10-10 16:00:00,109.33004122666493,solar,2017-10-09 23:00:00,day_ahead
2017-10-10 17:00:00,20.937039700672337,solar,2017-10-09 23:00:00,day_ahead
2017-10-10 18:00:00,0.0,solar,2017-10-09 23:00:00,day_ahead
2017-10-10 19:00:00,0.0,solar,2017-10-09 23:00:00,day_ahead
2017-10-10 20:00:00,0.0,solar,2017-10-09 23:00:00,day_ahead
2017-10-10 21:00:00,0.0,solar,2017-10-09 23:00:00,day_ahead
2017-10-10 22:00:00,0.0,solar,2017-10-09 23:00:00,day_ahead
2017-10-10 23:00:00,0.0,solar,2017-10-09 23:00:00,day_ahead
2017-10-11 00:00:00,0.0,solar,2017-10-10 23:00:00,day_ahead
2017-10-11 01:00:00,0.0,solar,2017-10-10 23:00:00,day_ahead
2017-10-11 02:00:00,0.0,solar,2017-10-10 23:00:00,day_ahead
2017-10-11 03:00:00,0.0,solar,2017-10-10 23:00:00,day_ahead
2017-10-11 04:00:00,0.0,solar,2017-10-10 23:00:00,day_ahead
2017-10-11 05:00:00,0.0,solar,2017-10-10 23:00:00,day_ahead
2017-10-11 06:00:00,0.8618740777900149,solar,2017-10-10 23:00:00,day_ahead
2017-10-11 07:00:00,49.33154943388559,solar,2017-10-10 23:00:00,day_ahead
2017-10-11 08:00:00,144.87255946850516,solar,2017-10-10 23:00:00,day_ahead
2017-10-11 09:00:00,224.87162510634474,solar,2017-10-10 23:00:00,day_ahead
2017-10-11 10:00:00,275.73593892527043,solar,2017-10-10 23:00:00,day_ahead
2017-10-11 11:00:00,302.35389879393824,solar,2017-10-10 23:00:00,day_ahead
2017-10-11 12:00:00,307.4251029382585,solar,2017-10-10 23:00:00,day_ahead
2017-10-11 13:00:00,293.5804281464106,solar,2017-10-10 23:00:00,day_ahead
2017-10-11 14:00:00,258.1323324909928,solar,2017-10-10 23:00:00,day_ahead
2017-10-11 15:00:00,196.91893942001013,solar,2017-10-10 23:00:00,day_ahead
2017-10-11 16:00:00,111.08408422899865,solar,2017-10-10 23:00:00,day_ahead
2017-10-11 17:00:00,21.23126571685811,solar,2017-10-10 23:00:00,day_ahead
2017-10-11 18:00:00,0.0,solar,2017-10-10 23:00:00,day_ahead
2017-10-11 19:00:00,0.0,solar,2017-10-10 23:00:00,day_ahead
2017-10-11 20:00:00,0.0,solar,2017-10-10 23:00:00,day_ahead
2017-10-11 21:00:00,0.0,solar,2017-10-10 23:00:00,day_ahead
2017-10-11 22:00:00,0.0,solar,2017-10-10 23:00:00,day_ahead
2017-10-11 23:00:00,0.0,solar,2017-10-10 23:00:00,day_ahead
2017-10-12 00:00:00,0.0,solar,2017-10-11 23:00:00,day_ahead
2017-10-12 01:00:00,0.0,solar,2017-10-11 23:00:00,day_ahead
2017-10-12 02:00:00,0.0,solar,2017-10-11 23:00:00,day_ahead
2017-10-12 03:00:00,0.0,solar,2017-10-11 23:00:00,day_ahead
2017-10-12 04:00:00,0.0,solar,2017-10-11 23:00:00,day_ahead
2017-10-12 05:00:00,0.0,solar,2017-10-11 23:00:00,day_ahead
2017-10-12 06:00:00,0.8545263809210533,solar,2017-10-11 23:00:00,day_ahead
2017-10-12 07:00:00,48.848266012080096,solar,2017-10-11 23:00:00,day_ahead
2017-10-12 08:00:00,143.47328228495417,solar,2017-10-11 23:00:00,day_ahead
2017-10-12 09:00:00,222.71891775026631,solar,2017-10-11 23:00:00,day_ahead
2017-10-12 10:00:00,273.03097032630234,solar,2017-10-11 23:00:00,day_ahead
2017-10-12 11:00:00,299.3645168812054,solar,2017-10-11 23:00:00,day_ahead
2017-10-12 12:00:00,304.32025598948286,solar,2017-10-11 23:00:00,day_ahead
2017-10-12 13:00:00,290.5502099109899,solar,2017-10-11 23:00:00,day_ahead
2017-10-12 14:00:00,255.3471447611055,solar,2017-10-11 23:00:00,day_ahead
2017-10-12 15:00:00,194.67085867198628,solar,2017-10-11 23:00:00,day_ahead
2017-10-12 16:00:00,109.48794642288122,solar,2017-10-11 23:00:00,day_ahead
2017-10-12 17:00:00,20.892992200099204,solar,2017-10-11 23:00:00,day_ahead
2017-10-12 18:00:00,0.0,solar,2017-10-11 23:00:00,day_ahead
2017-10-12 19:00:00,0.0,solar,2017-10-11 23:00:00,day_ahead
2017-10-12 20:00:00,0.0,solar,2017-10-11 23:00:00,day_ahead
2017-10-12 21:00:00,0.0,solar,2017-10-11 23:00:00,day_ahead
2017-10-12 22:00:00,0.0,solar,2017-10-11 23:00:00,day_ahead
2017-10-12 23:00:00,0.0,solar,2017-10-11 23:00:00,day_ahead
2017-10-13 00:00:00,0.0,solar,2017-10-12 23:00:00,day_ahead
2017-10-13 01:00:00,0.0,solar,2017-10-12 23:00:00,day_ahead
2017-10-13 02:00:00,0.0,solar,2017-10-12 23:00:00,day_ahead
2017-10-13 03:00:00,0.0,solar,2017-10-12 23:00:00,day_ahead
2017-10-13 04:00:00,0.0,solar,2017-10-12 23:00:00,day_ahead
2017-10-13 05:00:00,0.0,solar,2017-10-12 23:00:00,day_ahead
2017-10-13 06:00:00,0.8575610125041896,solar,2017-10-12 23:00:00,day_ahead
2017-10-13 07:00:00,49.70441982794015,solar,2017-10-12 23:00:00,day_ahead
2017-10-13 08:00:00,146.28314783227884,solar,2017-10-12 23:00:00,day_ahead
2017-10-13 09:00:00,227.2349626994459,solar,2017-10-12 23:00:00,day_ahead
2017-10-13 10:00:00,278.5271465132501,solar,2017-10-12 23:00:00,day_ahead
2017-10-13 11:00:00,305.34011684844796,solar,2017-10-12 23:00:00,day_ahead
2017-10-13 12:00:00,310.4025154277947,solar,2017-10-12 23:00:00,day_ahead
2017-10-13 13:00:00,296.4351497781031,solar,2017-10-12 23:00:00,day_ahead
2017-10-13 14:00:00,260.66180746995775,solar,2017-10-12 23:00:00,day_ahead
2017-10-13 15:00:00,198.8943791238162,solar,2017-10-12 23:00:00,day_ahead
2017-10-13 16:00:00,111.92483496215927,solar,2017-10-12 23:00:00,day_ahead
2017-10-13 17:00:00,21.33821772955908,solar,2017-10-12 23:00:00,day_ahead
2017-10-13 18:00:00,0.0,solar,2017-10-12 23:00:00,day_ahead
2017-10-13 19:00:00,0.0,solar,2017-10-12 23:00:00,day_ahead
2017-10-13 20:00:00,0.0,solar,2017-10-12 23:00:00,day_ahead
2017-10-13 21:00:00,0.0,solar,2017-10-12 23:00:00,day_ahead
2017-10-13 22:00:00,0.0,solar,2017-10-12 23:00:00,day_ahead
2017-10-13 23:00:00,0.0,solar,2017-10-12 23:00:00,day_ahead
2017-10-14 00:00:00,0.0,solar,2017-10-13 23:00:00,day_ahead
2017-10-14 01:00:00,0.0,solar,2017-10-13 23:00:00,day_ahead
2017-10-14 02:00:00,0.0,solar,2017-10-13 23:00:00,day_ahead
2017-10-14 03:00:00,0.0,solar,2017-10-13 23:00:00,day_ahead
2017-10-14 04:00:00,0.0,solar,2017-10-13 23:00:00,day_ahead
2017-10-14 05:00:00,0.0,solar,2017-10-13 23:00:00,day_ahead
2017-10-14 06:00:00,0.8300453817477048,solar,2017-10-13 23:00:00,day_ahead
2017-10-14 07:00:00,48.569115141662714,solar,2017-10-13 23:00:00,day_ahead
2017-10-14 08:00:00,143.19779189808676,solar,2017-10-13 23:00:00,day_ahead
2017-10-14 09:00:00,222.4568093984547,solar,2017-10-13 23:00:00,day_ahead
2017-10-14 10:00:00,273.2520822472367,solar,2017-10-13 23:00:00,day_ahead
2017-10-14 11:00:00,299.8940435022079,solar,2017-10-13 23:00:00,day_ahead
2017-10-14 12:00:00,305.0955977978034,solar,2017-10-13 23:00:00,day_ahead
2017-10-14 13:00:00,291.46151666141833,solar,2017-10-13 23:00:00,day_ahead
2017-10-14 14:00:00,256.30467386067727,solar,2017-10-13 23:00:00,day_ahead
2017-10-14 15:00:00,195.68625028397528,solar,2017-10-13 23:00:00,day_ahead
2017-10-14 16:00:00,110.02809905497718,solar,2017-10-13 23:00:00,day_ahead
2017-10-14 17:00:00,20.88330504693076,solar,2017-10-13 23:00:00,day_ahead
2017-10-14 18:00:00,0.0,solar,2017-10-13 23:00:00,day_ahead
2017-10-14 19:00:00,0.0,solar,2017-10-13 23:00:00,day_ahead
2017-10-14 20:00:00,0.0,solar,2017-10-13 23:00:00,day_ahead
2017-10-14 21:00:00,0.0,solar,2017-10-13 23:00:00,day_ahead
2017-10-14 22:00:00,0.0,solar,2017-10-13 23:00:00,day_ahead
2017-10-14 23:00:00,0.0,solar,2017-10-13 23:00:00,day_ahead
2017-10-15 00:00:00,0.0,solar,2017-10-14 23:00:00,day_ahead
2017-10-15 01:00:00,0.0,solar,2017-10-14 23:00:00,day_ahead
2017-10-15 02:00:00,0.0,solar,2017-10-14 23:00:00,day_ahead
2017-10-15 03:00:00,0.0,solar,2017-10-14 23:00:00,day_ahead
2017-10-15 04:00:00,0.0,solar,2017-10-14 23:00:00,day_ahead
2017-10-15 05:00:00,0.0,solar,2017-10-14 23:00:00,day_ahead
2017-10-15 06:00:00,0.7277136061429027,solar,2017-10-14 23:00:00,day_ahead
2017-10-15 07:00:00,42.73246993457152,solar,2017-10-14 23:00:00,day_ahead
2017-10-15 08:00:00,126.28689745054707,solar,2017-10-14 23:00:00,day_ahead
2017-10-15 09:00:00,196.81980436127913,solar,2017-10-14 23:00:00,day_ahead
2017-10-15 10:00:00,242.070665893304,solar,2017-10-14 23:00:00,day_ahead
2017-10-15 11:00:00,266.01997579913956,solar,2017-10-14 23:00:00,day_ahead
2017-10-15 12:00:00,269.97586933028606,solar,2017-10-14 23:00:00,day_ahead
2017-10-15 13:00:00,257.46859439590935,solar,2017-10-14 23:00:00,day_ahead
2017-10-15 14:00:00,226.11711526763443,solar,2017-10-14 23:00:00,day_ahead
2017-10-15 15:00:00,172.46820016094773,solar,2017-10-14 23:00:00,day_ahead
2017-10-15 16:00:00,96.992432789423,solar,2017-10-14 23:00:00,day_ahead
2017-10-15 17:00:00,18.396904095238128,solar,2017-10-14 23:00:00,day_ahead
2017-10-15 18:00:00,0.0,solar,2017-10-14 23:00:00,day_ahead
2017-10-15 19:00:00,0.0,solar,2017-10-14 23:00:00,day_ahead
2017-10-15 20:00:00,0.0,solar,2017-10-14 23:00:00,day_ahead
2017-10-15 21:00:00,0.0,solar,2017-10-14 23:00:00,day_ahead
2017-10-15 22:00:00,0.0,solar,2017-10-14 23:00:00,day_ahead
2017-10-15 23:00:00,0.0,solar,2017-10-14 23:00:00,day_ahead
2017-10-16 00:00:00,0.0,solar,2017-10-15 23:00:00,day_ahead
2017-10-16 01:00:00,0.0,solar,2017-10-15 23:00:00,day_ahead
2017-10-16 02:00:00,0.0,solar,2017-10-15 23:00:00,day_ahead
2017-10-16 03:00:00,0.0,solar,2017-10-15 23:00:00,day_ahead
2017-10-16 04:00:00,0.0,solar,2017-10-15 23:00:00,day_ahead
2017-10-16 05:00:00,0.0,solar,2017-10-15 23:00:00,day_ahead
2017-10-16 06:00:00,0.8141783576037895,solar,2017-10-15 23:00:00,day_ahead
2017-10-16 07:00:00,48.41558701257144,solar,2017-10-15 23:00:00,day_ahead
2017-10-16 08:00:00,143.36282535505703,solar,2017-10-15 23:00:00,day_ahead
2017-10-16 09:00:00,223.62866228885218,solar,2017-10-15 23:00:00,day_ahead
2017-10-16 10:00:00,275.0027408920368,solar,2017-10-15 23:00:00,day_ahead
2017-10-16 11:00:00,302.2202650017589,solar,2017-10-15 23:00:00,day_ahead
2017-10-16 12:00:00,306.702535191919,solar,2017-10-15 23:00:00,day_ahead
2017-10-16 13:00:00,292.4978669680539,solar,2017-10-15 23:00:00,day_ahead
2017-10-16 14:00:00,256.9423180839572,solar,2017-10-15 23:00:00,day_ahead
2017-10-16 15:00:00,196.04556334226052,solar,2017-10-15 23:00:00,day_ahead
2017-10-16 16:00:00,110.08051530734782,solar,2017-10-15 23:00:00,day_ahead
2017-10-16 17:00:00,20.737730474991128,solar,2017-10-15 23:00:00,day_ahead
2017-10-16 18:00:00,0.0,solar,2017-10-15 23:00:00,day_ahead
2017-10-16 19:00:00,0.0,solar,2017-10-15 23:00:00,day_ahead
2017-10-16 20:00:00,0.0,solar,2017-10-15 23:00:00,day_ahead
2017-10-16 21:00:00,0.0,solar,2017-10-15 23:00:00,day_ahead
2017-10-16 22:00:00,0.0,solar,2017-10-15 23:00:00,day_ahead
2017-10-16 23:00:00,0.0,solar,2017-10-15 23:00:00,day_ahead
2017-10-17 00:00:00,0.0,solar,2017-10-16 23:00:00,day_ahead
2017-10-17 01:00:00,0.0,solar,2017-10-16 23:00:00,day_ahead
2017-10-17 02:00:00,0.0,solar,2017-10-16 23:00:00,day_ahead
2017-10-17 03:00:00,0.0,solar,2017-10-16 23:00:00,day_ahead
2017-10-17 04:00:00,0.0,solar,2017-10-16 23:00:00,day_ahead
2017-10-17 05:00:00,0.0,solar,2017-10-16 23:00:00,day_ahead
2017-10-17 06:00:00,0.5952787019519221,solar,2017-10-16 23:00:00,day_ahead
2017-10-17 07:00:00,35.53251886135094,solar,2017-10-16 23:00:00,day_ahead
2017-10-17 08:00:00,105.35405114582638,solar,2017-10-16 23:00:00,day_ahead
2017-10-17 09:00:00,164.4517151793023,solar,2017-10-16 23:00:00,day_ahead
2017-10-17 10:00:00,202.45633200270132,solar,2017-10-16 23:00:00,day_ahead
2017-10-17 11:00:00,222.46948973082877,solar,2017-10-16 23:00:00,day_ahead
2017-10-17 12:00:00,225.74666427088374,solar,2017-10-16 23:00:00,day_ahead
2017-10-17 13:00:00,215.31984865087185,solar,2017-10-16 23:00:00,day_ahead
2017-10-17 14:00:00,188.99411732753285,solar,2017-10-16 23:00:00,day_ahead
2017-10-17 15:00:00,144.03738548238456,solar,2017-10-16 23:00:00,day_ahead
2017-10-17 16:00:00,80.78309554801803,solar,2017-10-16 23:00:00,day_ahead
2017-10-17 17:00:00,15.203407628346799,solar,2017-10-16 23:00:00,day_ahead
2017-10-17 18:00:00,0.0,solar,2017-10-16 23:00:00,day_ahead
2017-10-17 19:00:00,0.0,solar,2017-10-16 23:00:00,day_ahead
2017-10-17 20:00:00,0.0,solar,2017-10-16 23:00:00,day_ahead
2017-10-17 21:00:00,0.0,solar,2017-10-16 23:00:00,day_ahead
2017-10-17 22:00:00,0.0,solar,2017-10-16 23:00:00,day_ahead
2017-10-17 23:00:00,0.0,solar,2017-10-16 23:00:00,day_ahead
2017-10-18 00:00:00,0.0,solar,2017-10-17 23:00:00,day_ahead
2017-10-18 01:00:00,0.0,solar,2017-10-17 23:00:00,day_ahead
2017-10-18 02:00:00,0.0,solar,2017-10-17 23:00:00,day_ahead
2017-10-18 03:00:00,0.0,solar,2017-10-17 23:00:00,day_ahead
2017-10-18 04:00:00,0.0,solar,2017-10-17 23:00:00,day_ahead
2017-10-18 05:00:00,0.0,solar,2017-10-17 23:00:00,day_ahead
2017-10-18 06:00:00,0.7522721870613172,solar,2017-10-17 23:00:00,day_ahead
2017-10-18 07:00:00,45.17689023809126,solar,2017-10-17 23:00:00,day_ahead
2017-10-18 08:00:00,134.41479738167772,solar,2017-10-17 23:00:00,day_ahead
2017-10-18 09:00:00,210.1396708304176,solar,2017-10-17 23:00:00,day_ahead
2017-10-18 10:00:00,258.66190639488053,solar,2017-10-17 23:00:00,day_ahead
2017-10-18 11:00:00,284.66906991978414,solar,2017-10-17 23:00:00,day_ahead
2017-10-18 12:00:00,289.1229381947113,solar,2017-10-17 23:00:00,day_ahead
2017-10-18 13:00:00,275.894183657995,solar,2017-10-17 23:00:00,day_ahead
2017-10-18 14:00:00,242.00074272084,solar,2017-10-17 23:00:00,day_ahead
2017-10-18 15:00:00,183.8077604816175,solar,2017-10-17 23:00:00,day_ahead
2017-10-18 16:00:00,103.03830021179193,solar,2017-10-17 23:00:00,day_ahead
2017-10-18 17:00:00,19.278096103729865,solar,2017-10-17 23:00:00,day_ahead
2017-10-18 18:00:00,0.0,solar,2017-10-17 23:00:00,day_ahead
2017-10-18 19:00:00,0.0,solar,2017-10-17 23:00:00,day_ahead
2017-10-18 20:00:00,0.0,solar,2017-10-17 23:00:00,day_ahead
2017-10-18 21:00:00,0.0,solar,2017-10-17 23:00:00,day_ahead
2017-10-18 22:00:00,0.0,solar,2017-10-17 23:00:00,day_ahead
2017-10-18 23:00:00,0.0,solar,2017-10-17 23:00:00,day_ahead
2017-10-19 00:00:00,0.0,solar,2017-10-18 23:00:00,day_ahead
2017-10-19 01:00:00,0.0,solar,2017-10-18 23:00:00,day_ahead
2017-10-19 02:00:00,0.0,solar,2017-10-18 23:00:00,day_ahead
2017-10-19 03:00:00,0.0,solar,2017-10-18 23:00:00,day_ahead
2017-10-19 04:00:00,0.0,solar,2017-10-18 23:00:00,day_ahead
2017-10-19 05:00:00,0.0,solar,2017-10-18 23:00:00,day_ahead
2017-10-19 06:00:00,0.6583386151061297,solar,2017-10-18 23:00:00,day_ahead
2017-10-19 07:00:00,39.695299465108576,solar,2017-10-18 23:00:00,day_ahead
2017-10-19 08:00:00,118.5878060764259,solar,2017-10-18 23:00:00,day_ahead
2017-10-19 09:00:00,185.73434314435332,solar,2017-10-18 23:00:00,day_ahead
2017-10-19 10:00:00,228.5167524101454,solar,2017-10-18 23:00:00,day_ahead
2017-10-19 11:00:00,251.48154728988794,solar,2017-10-18 23:00:00,day_ahead
2017-10-19 12:00:00,255.47041043972413,solar,2017-10-18 23:00:00,day_ahead
2017-10-19 13:00:00,243.40364836313185,solar,2017-10-18 23:00:00,day_ahead
2017-10-19 14:00:00,213.1044320173088,solar,2017-10-18 23:00:00,day_ahead
2017-10-19 15:00:00,161.67656377388718,solar,2017-10-18 23:00:00,day_ahead
2017-10-19 16:00:00,90.5596059269862,solar,2017-10-18 23:00:00,day_ahead
2017-10-19 17:00:00,16.90508726049811,solar,2017-10-18 23:00:00,day_ahead
2017-10-19 18:00:00,0.0,solar,2017-10-18 23:00:00,day_ahead
2017-10-19 19:00:00,0.0,solar,2017-10-18 23:00:00,day_ahead
2017-10-19 20:00:00,0.0,solar,2017-10-18 23:00:00,day_ahead
2017-10-19 21:00:00,0.0,solar,2017-10-18 23:00:00,day_ahead
2017-10-19 22:00:00,0.0,solar,2017-10-18 23:00:00,day_ahead
2017-10-19 23:00:00,0.0,solar,2017-10-18 23:00:00,day_ahead
2017-10-20 00:00:00,0.0,solar,2017-10-19 23:00:00,day_ahead
2017-10-20 01:00:00,0.0,solar,2017-10-19 23:00:00,day_ahead
2017-10-20 02:00:00,0.0,solar,2017-10-19 23:00:00,day_ahead
2017-10-20 03:00:00,0.0,solar,2017-10-19 23:00:00,day_ahead
2017-10-20 04:00:00,0.0,solar,2017-10-19 23:00:00,day_ahead
2017-10-20 05:00:00,0.0,solar,2017-10-19 23:00:00,day_ahead
2017-10-20 06:00:00,0.5617708705611161,solar,2017-10-19 23:00:00,day_ahead
2017-10-20 07:00:00,34.008717250599744,solar,2017-10-19 23:00:00,day_ahead
2017-10-20 08:00:00,101.70804506956462,solar,2017-10-19 23:00:00,day_ahead
2017-10-20 09:00:00,159.45239334529907,solar,2017-10-19 23:00:00,day_ahead
2017-10-20 10:00:00,196.25091632421777,solar,2017-10-19 23:00:00,day_ahead
2017-10-20 11:00:00,215.9054622591888,solar,2017-10-19 23:00:00,day_ahead
2017-10-20 12:00:00,219.289781008683,solar,2017-10-19 23:00:00,day_ahead
2017-10-20 13:00:00,209.0319034339028,solar,2017-10-19 23:00:00,day_ahead
2017-10-20 14:00:00,182.9729707643138,solar,2017-10-19 23:00:00,day_ahead
2017-10-20 15:00:00,138.83602195004312,solar,2017-10-19 23:00:00,day_ahead
2017-10-20 16:00:00,77.63560681737614,solar,2017-10-19 23:00:00,day_ahead
2017-10-20 17:00:00,14.483702159806006,solar,2017-10-19 23:00:00,day_ahead
2017-10-20 18:00:00,0.0,solar,2017-10-19 23:00:00,day_ahead
2017-10-20 19:00:00,0.0,solar,2017-10-19 23:00:00,day_ahead
2017-10-20 20:00:00,0.0,solar,2017-10-19 23:00:00,day_ahead
2017-10-20 21:00:00,0.0,solar,2017-10-19 23:00:00,day_ahead
2017-10-20 22:00:00,0.0,solar,2017-10-19 23:00:00,day_ahead
2017-10-20 23:00:00,0.0,solar,2017-10-19 23:00:00,day_ahead
2017-10-21 00:00:00,0.0,solar,2017-10-20 23:00:00,day_ahead
2017-10-21 01:00:00,0.0,solar,2017-10-20 23:00:00,day_ahead
2017-10-21 02:00:00,0.0,solar,2017-10-20 23:00:00,day_ahead
2017-10-21 03:00:00,0.0,solar,2017-10-20 23:00:00,day_ahead
2017-10-21 04:00:00,0.0,solar,2017-10-20 23:00:00,day_ahead
2017-10-21 05:00:00,0.0,solar,2017-10-20 23:00:00,day_ahead
2017-10-21 06:00:00,0.5506596969718688,solar,2017-10-20 23:00:00,day_ahead
2017-10-21 07:00:00,33.40275929139536,solar,2017-10-20 23:00:00,day_ahead
2017-10-21 08:00:00,100.0108004151024,solar,2017-10-20 23:00:00,day_ahead
2017-10-21 09:00:00,156.8988733103465,solar,2017-10-20 23:00:00,day_ahead
2017-10-21 10:00:00,193.13153980523623,solar,2017-10-20 23:00:00,day_ahead
2017-10-21 11:00:00,212.61648880250016,solar,2017-10-20 23:00:00,day_ahead
2017-10-21 12:00:00,216.23877326275868,solar,2017-10-20 23:00:00,day_ahead
2017-10-21 13:00:00,206.10755955409246,solar,2017-10-20 23:00:00,day_ahead
2017-10-21 14:00:00,180.2877258606807,solar,2017-10-20 23:00:00,day_ahead
2017-10-21 15:00:00,136.68074257416168,solar,2017-10-20 23:00:00,day_ahead
2017-10-21 16:00:00,76.46212948868381,solar,2017-10-20 23:00:00,day_ahead
2017-10-21 17:00:00,14.263927511467841,solar,2017-10-20 23:00:00,day_ahead
2017-10-21 18:00:00,0.0,solar,2017-10-20 23:00:00,day_ahead
2017-10-21 19:00:00,0.0,solar,2017-10-20 23:00:00,day_ahead
2017-10-21 20:00:00,0.0,solar,2017-10-20 23:00:00,day_ahead
2017-10-21 21:00:00,0.0,solar,2017-10-20 23:00:00,day_ahead
2017-10-21 22:00:00,0.0,solar,2017-10-20 23:00:00,day_ahead
2017-10-21 23:00:00,0.0,solar,2017-10-20 23:00:00,day_ahead
2017-10-22 00:00:00,0.0,solar,2017-10-21 23:00:00,day_ahead
2017-10-22 01:00:00,0.0,solar,2017-10-21 23:00:00,day_ahead
2017-10-22 02:00:00,0.0,solar,2017-10-21 23:00:00,day_ahead
2017-10-22 03:00:00,0.0,solar,2017-10-21 23:00:00,day_ahead
2017-10-22 04:00:00,0.0,solar,2017-10-21 23:00:00,day_ahead
2017-10-22 05:00:00,0.0,solar,2017-10-21 23:00:00,day_ahead
2017-10-22 06:00:00,0.7226827452944701,solar,2017-10-21 23:00:00,day_ahead
2017-10-22 07:00:00,44.062651607579426,solar,2017-10-21 23:00:00,day_ahead
2017-10-22 08:00:00,132.19136907043304,solar,2017-10-21 23:00:00,day_ahead
2017-10-22 09:00:00,207.78874377892558,solar,2017-10-21 23:00:00,day_ahead
2017-10-22 10:00:00,256.32812042752494,solar,2017-10-21 23:00:00,day_ahead
2017-10-22 11:00:00,282.5627821882907,solar,2017-10-21 23:00:00,day_ahead
2017-10-22 12:00:00,287.5042115428302,solar,2017-10-21 23:00:00,day_ahead
2017-10-22 13:00:00,273.79541475568936,solar,2017-10-21 23:00:00,day_ahead
2017-10-22 14:00:00,239.45946816239032,solar,2017-10-21 23:00:00,day_ahead
2017-10-22 15:00:00,181.62973224380843,solar,2017-10-21 23:00:00,day_ahead
2017-10-22 16:00:00,101.58634896789394,solar,2017-10-21 23:00:00,day_ahead
2017-10-22 17:00:00,18.90745279159246,solar,2017-10-21 23:00:00,day_ahead
2017-10-22 18:00:00,0.0,solar,2017-10-21 23:00:00,day_ahead
2017-10-22 19:00:00,0.0,solar,2017-10-21 23:00:00,day_ahead
2017-10-22 20:00:00,0.0,solar,2017-10-21 23:00:00,day_ahead
2017-10-22 21:00:00,0.0,solar,2017-10-21 23:00:00,day_ahead
2017-10-22 22:00:00,0.0,solar,2017-10-21 23:00:00,day_ahead
2017-10-22 23:00:00,0.0,solar,2017-10-21 23:00:00,day_ahead
2017-10-23 00:00:00,0.0,solar,2017-10-22 23:00:00,day_ahead
2017-10-23 01:00:00,0.0,solar,2017-10-22 23:00:00,day_ahead
2017-10-23 02:00:00,0.0,solar,2017-10-22 23:00:00,day_ahead
2017-10-23 03:00:00,0.0,solar,2017-10-22 23:00:00,day_ahead
2017-10-23 04:00:00,0.0,solar,2017-10-22 23:00:00,day_ahead
2017-10-23 05:00:00,0.0,solar,2017-10-22 23:00:00,day_ahead
2017-10-23 06:00:00,0.798315798795261,solar,2017-10-22 23:00:00,day_ahead
2017-10-23 07:00:00,48.64730345231744,solar,2017-10-22 23:00:00,day_ahead
2017-10-23 08:00:00,146.19002918371987,solar,2017-10-22 23:00:00,day_ahead
2017-10-23 09:00:00,229.52792902895703,solar,2017-10-22 23:00:00,day_ahead
2017-10-23 10:00:00,282.90057091961637,solar,2017-10-22 23:00:00,day_ahead
2017-10-23 11:00:00,311.7002228071721,solar,2017-10-22 23:00:00,day_ahead
2017-10-23 12:00:00,317.0523773462099,solar,2017-10-22 23:00:00,day_ahead
2017-10-23 13:00:00,301.989929606798,solar,2017-10-22 23:00:00,day_ahead
2017-10-23 14:00:00,264.18968278513336,solar,2017-10-22 23:00:00,day_ahead
2017-10-23 15:00:00,200.389484254179,solar,2017-10-22 23:00:00,day_ahead
2017-10-23 16:00:00,112.11518299724537,solar,2017-10-22 23:00:00,day_ahead
2017-10-23 17:00:00,20.7618091275466,solar,2017-10-22 23:00:00,day_ahead
2017-10-23 18:00:00,0.0,solar,2017-10-22 23:00:00,day_ahead
2017-10-23 19:00:00,0.0,solar,2017-10-22 23:00:00,day_ahead
2017-10-23 20:00:00,0.0,solar,2017-10-22 23:00:00,day_ahead
2017-10-23 21:00:00,0.0,solar,2017-10-22 23:00:00,day_ahead
2017-10-23 22:00:00,0.0,solar,2017-10-22 23:00:00,day_ahead
2017-10-23 23:00:00,0.0,solar,2017-10-22 23:00:00,day_ahead
2017-10-24 00:00:00,0.0,solar,2017-10-23 23:00:00,day_ahead
2017-10-24 01:00:00,0.0,solar,2017-10-23 23:00:00,day_ahead
2017-10-24 02:00:00,0.0,solar,2017-10-23 23:00:00,day_ahead
2017-10-24 03:00:00,0.0,solar,2017-10-23 23:00:00,day_ahead
2017-10-24 04:00:00,0.0,solar,2017-10-23 23:00:00,day_ahead
2017-10-24 05:00:00,0.0,solar,2017-10-23 23:00:00,day_ahead
2017-10-24 06:00:00,0.7916132605845085,solar,2017-10-23 23:00:00,day_ahead
2017-10-24 07:00:00,48.22647075208324,solar,2017-10-23 23:00:00,day_ahead
2017-10-24 08:00:00,145.0272560289566,solar,2017-10-23 23:00:00,day_ahead
2017-10-24 09:00:00,227.44847554130126,solar,2017-10-23 23:00:00,day_ahead
2017-10-24 10:00:00,280.09690482515174,solar,2017-10-23 23:00:00,day_ahead
2017-10-24 11:00:00,308.4551829825004,solar,2017-10-23 23:00:00,day_ahead
2017-10-24 12:00:00,313.75308089774325,solar,2017-10-23 23:00:00,day_ahead
2017-10-24 13:00:00,298.8947761578717,solar,2017-10-23 23:00:00,day_ahead
2017-10-24 14:00:00,261.5091893295108,solar,2017-10-23 23:00:00,day_ahead
2017-10-24 15:00:00,198.53480949367537,solar,2017-10-23 23:00:00,day_ahead
2017-10-24 16:00:00,111.02247174768573,solar,2017-10-23 23:00:00,day_ahead
2017-10-24 17:00:00,20.415299551325656,solar,2017-10-23 23:00:00,day_ahead
2017-10-24 18:00:00,0.0,solar,2017-10-23 23:00:00,day_ahead
2017-10-24 19:00:00,0.0,solar,2017-10-23 23:00:00,day_ahead
2017-10-24 20:00:00,0.0,solar,2017-10-23 23:00:00,day_ahead
2017-10-24 21:00:00,0.0,solar,2017-10-23 23:00:00,day_ahead
2017-10-24 22:00:00,0.0,solar,2017-10-23 23:00:00,day_ahead
2017-10-24 23:00:00,0.0,solar,2017-10-23 23:00:00,day_ahead
2017-10-25 00:00:00,0.0,solar,2017-10-24 23:00:00,day_ahead
2017-10-25 01:00:00,0.0,solar,2017-10-24 23:00:00,day_ahead
2017-10-25 02:00:00,0.0,solar,2017-10-24 23:00:00,day_ahead
2017-10-25 03:00:00,0.0,solar,2017-10-24 23:00:00,day_ahead
2017-10-25 04:00:00,0.0,solar,2017-10-24 23:00:00,day_ahead
2017-10-25 05:00:00,0.0,solar,2017-10-24 23:00:00,day_ahead
2017-10-25 06:00:00,0.7919722345895065,solar,2017-10-24 23:00:00,day_ahead
2017-10-25 07:00:00,48.17119418393657,solar,2017-10-24 23:00:00,day_ahead
2017-10-25 08:00:00,145.10338188165844,solar,2017-10-24 23:00:00,day_ahead
2017-10-25 09:00:00,227.3650263287842,solar,2017-10-24 23:00:00,day_ahead
2017-10-25 10:00:00,279.7962199558731,solar,2017-10-24 23:00:00,day_ahead
2017-10-25 11:00:00,307.9872732819625,solar,2017-10-24 23:00:00,day_ahead
2017-10-25 12:00:00,313.2524966261543,solar,2017-10-24 23:00:00,day_ahead
2017-10-25 13:00:00,298.44959076785784,solar,2017-10-24 23:00:00,day_ahead
2017-10-25 14:00:00,261.193311696622,solar,2017-10-24 23:00:00,day_ahead
2017-10-25 15:00:00,198.40600568439322,solar,2017-10-24 23:00:00,day_ahead
2017-10-25 16:00:00,110.88719591998101,solar,2017-10-24 23:00:00,day_ahead
2017-10-25 17:00:00,20.257942181990675,solar,2017-10-24 23:00:00,day_ahead
2017-10-25 18:00:00,0.0,solar,2017-10-24 23:00:00,day_ahead
2017-10-25 19:00:00,0.0,solar,2017-10-24 23:00:00,day_ahead
2017-10-25 20:00:00,0.0,solar,2017-10-24 23:00:00,day_ahead
2017-10-25 21:00:00,0.0,solar,2017-10-24 23:00:00,day_ahead
2017-10-25 22:00:00,0.0,solar,2017-10-24 23:00:00,day_ahead
2017-10-25 23:00:00,0.0,solar,2017-10-24 23:00:00,day_ahead
2017-10-26 00:00:00,0.0,solar,2017-10-25 23:00:00,day_ahead
2017-10-26 01:00:00,0.0,solar,2017-10-25 23:00:00,day_ahead
2017-10-26 02:00:00,0.0,solar,2017-10-25 23:00:00,day_ahead
2017-10-26 03:00:00,0.0,solar,2017-10-25 23:00:00,day_ahead
2017-10-26 04:00:00,0.0,solar,2017-10-25 23:00:00,day_ahead
2017-10-26 05:00:00,0.0,solar,2017-10-25 23:00:00,day_ahead
2017-10-26 06:00:00,0.7803746624024017,solar,2017-10-25 23:00:00,day_ahead
2017-10-26 07:00:00,47.37960929221352,solar,2017-10-25 23:00:00,day_ahead
2017-10-26 08:00:00,142.96317354369452,solar,2017-10-25 23:00:00,day_ahead
2017-10-26 09:00:00,223.80717888549032,solar,2017-10-25 23:00:00,day_ahead
2017-10-26 10:00:00,275.22808137578045,solar,2017-10-25 23:00:00,day_ahead
2017-10-26 11:00:00,302.7841025664007,solar,2017-10-25 23:00:00,day_ahead
2017-10-26 12:00:00,307.88826599521803,solar,2017-10-25 23:00:00,day_ahead
2017-10-26 13:00:00,293.2477116798212,solar,2017-10-25 23:00:00,day_ahead
2017-10-26 14:00:00,256.58804640687475,solar,2017-10-25 23:00:00,day_ahead
2017-10-26 15:00:00,194.93839022592033,solar,2017-10-25 23:00:00,day_ahead
2017-10-26 16:00:00,108.70756891739674,solar,2017-10-25 23:00:00,day_ahead
2017-10-26 17:00:00,19.73928885615087,solar,2017-10-25 23:00:00,day_ahead
2017-10-26 18:00:00,0.0,solar,2017-10-25 23:00:00,day_ahead
2017-10-26 19:00:00,0.0,solar,2017-10-25 23:00:00,day_ahead
2017-10-26 20:00:00,0.0,solar,2017-10-25 23:00:00,day_ahead
2017-10-26 21:00:00,0.0,solar,2017-10-25 23:00:00,day_ahead
2017-10-26 22:00:00,0.0,solar,2017-10-25 23:00:00,day_ahead
2017-10-26 23:00:00,0.0,solar,2017-10-25 23:00:00,day_ahead
2017-10-27 00:00:00,0.0,solar,2017-10-26 23:00:00,day_ahead
2017-10-27 01:00:00,0.0,solar,2017-10-26 23:00:00,day_ahead
2017-10-27 02:00:00,0.0,solar,2017-10-26 23:00:00,day_ahead
2017-10-27 03:00:00,0.0,solar,2017-10-26 23:00:00,day_ahead
2017-10-27 04:00:00,0.0,solar,2017-10-26 23:00:00,day_ahead
2017-10-27 05:00:00,0.0,solar,2017-10-26 23:00:00,day_ahead
2017-10-27 06:00:00,0.7828622722035521,solar,2017-10-26 23:00:00,day_ahead
2017-10-27 07:00:00,47.234990543598485,solar,2017-10-26 23:00:00,day_ahead
2017-10-27 08:00:00,142.95513802925277,solar,2017-10-26 23:00:00,day_ahead
2017-10-27 09:00:00,223.97461441541648,solar,2017-10-26 23:00:00,day_ahead
2017-10-27 10:00:00,275.473501659058,solar,2017-10-26 23:00:00,day_ahead
2017-10-27 11:00:00,303.03867957186696,solar,2017-10-26 23:00:00,day_ahead
2017-10-27 12:00:00,308.1149710009954,solar,2017-10-26 23:00:00,day_ahead
2017-10-27 13:00:00,293.4746355659159,solar,2017-10-26 23:00:00,day_ahead
2017-10-27 14:00:00,256.8224962215724,solar,2017-10-26 23:00:00,day_ahead
2017-10-27 15:00:00,195.17579625074796,solar,2017-10-26 23:00:00,day_ahead
2017-10-27 16:00:00,108.6887835527804,solar,2017-10-26 23:00:00,day_ahead
2017-10-27 17:00:00,19.5865924801868,solar,2017-10-26 23:00:00,day_ahead
2017-10-27 18:00:00,0.0,solar,2017-10-26 23:00:00,day_ahead
2017-10-27 19:00:00,0.0,solar,2017-10-26 23:00:00,day_ahead
2017-10-27 20:00:00,0.0,solar,2017-10-26 23:00:00,day_ahead
2017-10-27 21:00:00,0.0,solar,2017-10-26 23:00:00,day_ahead
2017-10-27 22:00:00,0.0,solar,2017-10-26 23:00:00,day_ahead
2017-10-27 23:00:00,0.0,solar,2017-10-26 23:00:00,day_ahead
2017-10-28 00:00:00,0.0,solar,2017-10-27 23:00:00,day_ahead
2017-10-28 01:00:00,0.0,solar,2017-10-27 23:00:00,day_ahead
2017-10-28 02:00:00,0.0,solar,2017-10-27 23:00:00,day_ahead
2017-10-28 03:00:00,0.0,solar,2017-10-27 23:00:00,day_ahead
2017-10-28 04:00:00,0.0,solar,2017-10-27 23:00:00,day_ahead
2017-10-28 05:00:00,0.0,solar,2017-10-27 23:00:00,day_ahead
2017-10-28 06:00:00,0.8043818970157031,solar,2017-10-27 23:00:00,day_ahead
2017-10-28 07:00:00,48.440894957421,solar,2017-10-27 23:00:00,day_ahead
2017-10-28 08:00:00,146.96535923277577,solar,2017-10-27 23:00:00,day_ahead
2017-10-28 09:00:00,230.0165851421247,solar,2017-10-27 23:00:00,day_ahead
2017-10-28 10:00:00,282.6816384840094,solar,2017-10-27 23:00:00,day_ahead
2017-10-28 11:00:00,310.8127367146981,solar,2017-10-27 23:00:00,day_ahead
2017-10-28 12:00:00,316.04767859970997,solar,2017-10-27 23:00:00,day_ahead
2017-10-28 13:00:00,301.06418234894215,solar,2017-10-27 23:00:00,day_ahead
2017-10-28 14:00:00,263.5031202237163,solar,2017-10-27 23:00:00,day_ahead
2017-10-28 15:00:00,200.28474026947248,solar,2017-10-27 23:00:00,day_ahead
2017-10-28 16:00:00,111.38851449210485,solar,2017-10-27 23:00:00,day_ahead
2017-10-28 17:00:00,19.923001978409633,solar,2017-10-27 23:00:00,day_ahead
2017-10-28 18:00:00,0.0,solar,2017-10-27 23:00:00,day_ahead
2017-10-28 19:00:00,0.0,solar,2017-10-27 23:00:00,day_ahead
2017-10-28 20:00:00,0.0,solar,2017-10-27 23:00:00,day_ahead
2017-10-28 21:00:00,0.0,solar,2017-10-27 23:00:00,day_ahead
2017-10-28 22:00:00,0.0,solar,2017-10-27 23:00:00,day_ahead
2017-10-28 23:00:00,0.0,solar,2017-10-27 23:00:00,day_ahead
2017-10-29 00:00:00,0.0,solar,2017-10-28 23:00:00,day_ahead
2017-10-29 01:00:00,0.0,solar,2017-10-28 23:00:00,day_ahead
2017-10-29 02:00:00,0.0,solar,2017-10-28 23:00:00,day_ahead
2017-10-29 03:00:00,0.0,solar,2017-10-28 23:00:00,day_ahead
2017-10-29 04:00:00,0.0,solar,2017-10-28 23:00:00,day_ahead
2017-10-29 05:00:00,0.0,solar,2017-10-28 23:00:00,day_ahead
2017-10-29 06:00:00,0.8061944220178756,solar,2017-10-28 23:00:00,day_ahead
2017-10-29 07:00:00,48.34821376367338,solar,2017-10-28 23:00:00,day_ahead
2017-10-29 08:00:00,147.18820439128984,solar,2017-10-28 23:00:00,day_ahead
2017-10-29 09:00:00,230.336387834877,solar,2017-10-28 23:00:00,day_ahead
2017-10-29 10:00:00,282.9400378052144,solar,2017-10-28 23:00:00,day_ahead
2017-10-29 11:00:00,310.9980019601086,solar,2017-10-28 23:00:00,day_ahead
2017-10-29 12:00:00,316.2259767395406,solar,2017-10-28 23:00:00,day_ahead
2017-10-29 13:00:00,301.25385090041266,solar,2017-10-28 23:00:00,day_ahead
2017-10-29 14:00:00,263.72878773912134,solar,2017-10-28 23:00:00,day_ahead
2017-10-29 15:00:00,200.5121932010872,solar,2017-10-28 23:00:00,day_ahead
2017-10-29 16:00:00,111.34739852447392,solar,2017-10-28 23:00:00,day_ahead
2017-10-29 17:00:00,19.759255619942735,solar,2017-10-28 23:00:00,day_ahead
2017-10-29 18:00:00,0.0,solar,2017-10-28 23:00:00,day_ahead
2017-10-29 19:00:00,0.0,solar,2017-10-28 23:00:00,day_ahead
2017-10-29 20:00:00,0.0,solar,2017-10-28 23:00:00,day_ahead
2017-10-29 21:00:00,0.0,solar,2017-10-28 23:00:00,day_ahead
2017-10-29 22:00:00,0.0,solar,2017-10-28 23:00:00,day_ahead
2017-10-29 23:00:00,0.0,solar,2017-10-28 23:00:00,day_ahead
2017-10-30 00:00:00,0.0,solar,2017-10-29 23:00:00,day_ahead
2017-10-30 01:00:00,0.0,solar,2017-10-29 23:00:00,day_ahead
2017-10-30 02:00:00,0.0,solar,2017-10-29 23:00:00,day_ahead
2017-10-30 03:00:00,0.0,solar,2017-10-29 23:00:00,day_ahead
2017-10-30 04:00:00,0.0,solar,2017-10-29 23:00:00,day_ahead
2017-10-30 05:00:00,0.0,solar,2017-10-29 23:00:00,day_ahead
2017-10-30 06:00:00,0.8075050936349941,solar,2017-10-29 23:00:00,day_ahead
2017-10-30 07:00:00,48.2798906916824,solar,2017-10-29 23:00:00,day_ahead
2017-10-30 08:00:00,147.43275467821977,solar,2017-10-29 23:00:00,day_ahead
2017-10-30 09:00:00,230.59170454691207,solar,2017-10-29 23:00:00,day_ahead
2017-10-30 10:00:00,283.05689143951776,solar,2017-10-29 23:00:00,day_ahead
2017-10-30 11:00:00,311.00333328344334,solar,2017-10-29 23:00:00,day_ahead
2017-10-30 12:00:00,316.2093107692173,solar,2017-10-29 23:00:00,day_ahead
2017-10-30 13:00:00,301.25667712936007,solar,2017-10-29 23:00:00,day_ahead
2017-10-30 14:00:00,263.80004312829976,solar,2017-10-29 23:00:00,day_ahead
2017-10-30 15:00:00,200.65757941894216,solar,2017-10-29 23:00:00,day_ahead
2017-10-30 16:00:00,111.28154242682935,solar,2017-10-29 23:00:00,day_ahead
2017-10-30 17:00:00,19.588751845020973,solar,2017-10-29 23:00:00,day_ahead
2017-10-30 18:00:00,0.0,solar,2017-10-29 23:00:00,day_ahead
2017-10-30 19:00:00,0.0,solar,2017-10-29 23:00:00,day_ahead
2017-10-30 20:00:00,0.0,solar,2017-10-29 23:00:00,day_ahead
2017-10-30 21:00:00,0.0,solar,2017-10-29 23:00:00,day_ahead
2017-10-30 22:00:00,0.0,solar,2017-10-29 23:00:00,day_ahead
2017-10-30 23:00:00,0.0,solar,2017-10-29 23:00:00,day_ahead
2017-10-31 00:00:00,0.0,solar,2017-10-30 23:00:00,day_ahead
2017-10-31 01:00:00,0.0,solar,2017-10-30 23:00:00,day_ahead
2017-10-31 02:00:00,0.0,solar,2017-10-30 23:00:00,day_ahead
2017-10-31 03:00:00,0.0,solar,2017-10-30 23:00:00,day_ahead
2017-10-31 04:00:00,0.0,solar,2017-10-30 23:00:00,day_ahead
2017-10-31 05:00:00,0.0,solar,2017-10-30 23:00:00,day_ahead
2017-10-31 06:00:00,0.8098782308120226,solar,2017-10-30 23:00:00,day_ahead
2017-10-31 07:00:00,48.2424590496339,solar,2017-10-30 23:00:00,day_ahead
2017-10-31 08:00:00,147.84690905122727,solar,2017-10-30 23:00:00,day_ahead
2017-10-31 09:00:00,231.15346406201306,solar,2017-10-30 23:00:00,day_ahead
2017-10-31 10:00:00,283.5670511538248,solar,2017-10-30 23:00:00,day_ahead
2017-10-31 11:00:00,311.4427447401058,solar,2017-10-30 23:00:00,day_ahead
2017-10-31 12:00:00,316.622226506931,solar,2017-10-30 23:00:00,day_ahead
2017-10-31 13:00:00,301.64404371789936,solar,2017-10-30 23:00:00,day_ahead
2017-10-31 14:00:00,264.0820042258148,solar,2017-10-30 23:00:00,day_ahead
2017-10-31 15:00:00,200.91395843577865,solar,2017-10-30 23:00:00,day_ahead
2017-10-31 16:00:00,111.1986423430898,solar,2017-10-30 23:00:00,day_ahead
2017-10-31 17:00:00,19.43705814169584,solar,2017-10-30 23:00:00,day_ahead
2017-10-31 18:00:00,0.0,solar,2017-10-30 23:00:00,day_ahead
2017-10-31 19:00:00,0.0,solar,2017-10-30 23:00:00,day_ahead
2017-10-31 20:00:00,0.0,solar,2017-10-30 23:00:00,day_ahead
2017-10-31 21:00:00,0.0,solar,2017-10-30 23:00:00,day_ahead
2017-10-31 22:00:00,0.0,solar,2017-10-30 23:00:00,day_ahead
2017-10-31 23:00:00,0.0,solar,2017-10-30 23:00:00,day_ahead
2017-11-01 00:00:00,0.0,solar,2017-10-31 23:00:00,day_ahead
2017-11-01 01:00:00,0.0,solar,2017-10-31 23:00:00,day_ahead
2017-11-01 02:00:00,0.0,solar,2017-10-31 23:00:00,day_ahead
2017-11-01 03:00:00,0.0,solar,2017-10-31 23:00:00,day_ahead
2017-11-01 04:00:00,0.0,solar,2017-10-31 23:00:00,day_ahead
2017-11-01 05:00:00,0.0,solar,2017-10-31 23:00:00,day_ahead
2017-11-01 06:00:00,0.0,solar,2017-10-31 23:00:00,day_ahead
2017-11-01 07:00:00,13.628121736895231,solar,2017-10-31 23:00:00,day_ahead
2017-11-01 08:00:00,105.21734110366855,solar,2017-10-31 23:00:00,day_ahead
2017-11-01 09:00:00,199.34436236623768,solar,2017-10-31 23:00:00,day_ahead
2017-11-01 10:00:00,253.92531351955967,solar,2017-10-31 23:00:00,day_ahead
2017-11-01 11:00:00,280.41492580131955,solar,2017-10-31 23:00:00,day_ahead
2017-11-01 12:00:00,286.0908242189355,solar,2017-10-31 23:00:00,day_ahead
2017-11-01 13:00:00,266.41032962875653,solar,2017-10-31 23:00:00,day_ahead
2017-11-01 14:00:00,223.2093912542374,solar,2017-10-31 23:00:00,day_ahead
2017-11-01 15:00:00,157.84209734770116,solar,2017-10-31 23:00:00,day_ahead
2017-11-01 16:00:00,54.745290964698796,solar,2017-10-31 23:00:00,day_ahead
2017-11-01 17:00:00,1.0397253801592323,solar,2017-10-31 23:00:00,day_ahead
2017-11-01 18:00:00,0.0,solar,2017-10-31 23:00:00,day_ahead
2017-11-01 19:00:00,0.0,solar,2017-10-31 23:00:00,day_ahead
2017-11-01 20:00:00,0.0,solar,2017-10-31 23:00:00,day_ahead
2017-11-01 21:00:00,0.0,solar,2017-10-31 23:00:00,day_ahead
2017-11-01 22:00:00,0.0,solar,2017-10-31 23:00:00,day_ahead
2017-11-01 23:00:00,0.0,solar,2017-10-31 23:00:00,day_ahead
2017-11-02 00:00:00,0.0,solar,2017-11-01 23:00:00,day_ahead
2017-11-02 01:00:00,0.0,solar,2017-11-01 23:00:00,day_ahead
2017-11-02 02:00:00,0.0,solar,2017-11-01 23:00:00,day_ahead
2017-11-02 03:00:00,0.0,solar,2017-11-01 23:00:00,day_ahead
2017-11-02 04:00:00,0.0,solar,2017-11-01 23:00:00,day_ahead
2017-11-02 05:00:00,0.0,solar,2017-11-01 23:00:00,day_ahead
2017-11-02 06:00:00,0.0,solar,2017-11-01 23:00:00,day_ahead
2017-11-02 07:00:00,11.905009787440184,solar,2017-11-01 23:00:00,day_ahead
2017-11-02 08:00:00,90.40358182931074,solar,2017-11-01 23:00:00,day_ahead
2017-11-02 09:00:00,170.8114260335863,solar,2017-11-01 23:00:00,day_ahead
2017-11-02 10:00:00,218.04963282220075,solar,2017-11-01 23:00:00,day_ahead
2017-11-02 11:00:00,240.9972128143646,solar,2017-11-01 23:00:00,day_ahead
2017-11-02 12:00:00,245.21864317317713,solar,2017-11-01 23:00:00,day_ahead
2017-11-02 13:00:00,228.2572795439059,solar,2017-11-01 23:00:00,day_ahead
2017-11-02 14:00:00,191.0329179132229,solar,2017-11-01 23:00:00,day_ahead
2017-11-02 15:00:00,134.99711876447324,solar,2017-11-01 23:00:00,day_ahead
2017-11-02 16:00:00,46.81638133748738,solar,2017-11-01 23:00:00,day_ahead
2017-11-02 17:00:00,0.8968169425383248,solar,2017-11-01 23:00:00,day_ahead
2017-11-02 18:00:00,0.0,solar,2017-11-01 23:00:00,day_ahead
2017-11-02 19:00:00,0.0,solar,2017-11-01 23:00:00,day_ahead
2017-11-02 20:00:00,0.0,solar,2017-11-01 23:00:00,day_ahead
2017-11-02 21:00:00,0.0,solar,2017-11-01 23:00:00,day_ahead
2017-11-02 22:00:00,0.0,solar,2017-11-01 23:00:00,day_ahead
2017-11-02 23:00:00,0.0,solar,2017-11-01 23:00:00,day_ahead
2017-11-03 00:00:00,0.0,solar,2017-11-02 23:00:00,day_ahead
2017-11-03 01:00:00,0.0,solar,2017-11-02 23:00:00,day_ahead
2017-11-03 02:00:00,0.0,solar,2017-11-02 23:00:00,day_ahead
2017-11-03 03:00:00,0.0,solar,2017-11-02 23:00:00,day_ahead
2017-11-03 04:00:00,0.0,solar,2017-11-02 23:00:00,day_ahead
2017-11-03 05:00:00,0.0,solar,2017-11-02 23:00:00,day_ahead
2017-11-03 06:00:00,0.0,solar,2017-11-02 23:00:00,day_ahead
2017-11-03 07:00:00,10.169361712940471,solar,2017-11-02 23:00:00,day_ahead
2017-11-03 08:00:00,77.21628469418428,solar,2017-11-02 23:00:00,day_ahead
2017-11-03 09:00:00,146.22890937542832,solar,2017-11-02 23:00:00,day_ahead
2017-11-03 10:00:00,186.38980048313007,solar,2017-11-02 23:00:00,day_ahead
2017-11-03 11:00:00,205.88168997280556,solar,2017-11-02 23:00:00,day_ahead
2017-11-03 12:00:00,209.47317422953444,solar,2017-11-02 23:00:00,day_ahead
2017-11-03 13:00:00,195.24883585245007,solar,2017-11-02 23:00:00,day_ahead
2017-11-03 14:00:00,163.47410466121286,solar,2017-11-02 23:00:00,day_ahead
2017-11-03 15:00:00,115.45665587079087,solar,2017-11-02 23:00:00,day_ahead
2017-11-03 16:00:00,40.04759374124491,solar,2017-11-02 23:00:00,day_ahead
2017-11-03 17:00:00,0.7731149261999877,solar,2017-11-02 23:00:00,day_ahead
2017-11-03 18:00:00,0.0,solar,2017-11-02 23:00:00,day_ahead
2017-11-03 19:00:00,0.0,solar,2017-11-02 23:00:00,day_ahead
2017-11-03 20:00:00,0.0,solar,2017-11-02 23:00:00,day_ahead
2017-11-03 21:00:00,0.0,solar,2017-11-02 23:00:00,day_ahead
2017-11-03 22:00:00,0.0,solar,2017-11-02 23:00:00,day_ahead
2017-11-03 23:00:00,0.0,solar,2017-11-02 23:00:00,day_ahead
2017-11-04 00:00:00,0.0,solar,2017-11-03 23:00:00,day_ahead
2017-11-04 01:00:00,0.0,solar,2017-11-03 23:00:00,day_ahead
2017-11-04 02:00:00,0.0,solar,2017-11-03 23:00:00,day_ahead
2017-11-04 03:00:00,0.0,solar,2017-11-03 23:00:00,day_ahead
2017-11-04 04:00:00,0.0,solar,2017-11-03 23:00:00,day_ahead
2017-11-04 05:00:00,0.0,solar,2017-11-03 23:00:00,day_ahead
2017-11-04 06:00:00,0.0,solar,2017-11-03 23:00:00,day_ahead
2017-11-04 07:00:00,11.950891101529885,solar,2017-11-03 23:00:00,day_ahead
2017-11-04 08:00:00,89.74974853526906,solar,2017-11-03 23:00:00,day_ahead
2017-11-04 09:00:00,169.1102918368163,solar,2017-11-03 23:00:00,day_ahead
2017-11-04 10:00:00,214.83648793122765,solar,2017-11-03 23:00:00,day_ahead
2017-11-04 11:00:00,237.0307556115074,solar,2017-11-03 23:00:00,day_ahead
2017-11-04 12:00:00,240.90753168428907,solar,2017-11-03 23:00:00,day_ahead
2017-11-04 13:00:00,224.2463165038336,solar,2017-11-03 23:00:00,day_ahead
2017-11-04 14:00:00,187.3049082769653,solar,2017-11-03 23:00:00,day_ahead
2017-11-04 15:00:00,132.22685107421813,solar,2017-11-03 23:00:00,day_ahead
2017-11-04 16:00:00,46.021175340513,solar,2017-11-03 23:00:00,day_ahead
2017-11-04 17:00:00,0.8931732217435737,solar,2017-11-03 23:00:00,day_ahead
2017-11-04 18:00:00,0.0,solar,2017-11-03 23:00:00,day_ahead
2017-11-04 19:00:00,0.0,solar,2017-11-03 23:00:00,day_ahead
2017-11-04 20:00:00,0.0,solar,2017-11-03 23:00:00,day_ahead
2017-11-04 21:00:00,0.0,solar,2017-11-03 23:00:00,day_ahead
2017-11-04 22:00:00,0.0,solar,2017-11-03 23:00:00,day_ahead
2017-11-04 23:00:00,0.0,solar,2017-11-03 23:00:00,day_ahead
2017-11-05 00:00:00,0.0,solar,2017-11-04 23:00:00,day_ahead
2017-11-05 01:00:00,0.0,solar,2017-11-04 23:00:00,day_ahead
2017-11-05 02:00:00,0.0,solar,2017-11-04 23:00:00,day_ahead
2017-11-05 03:00:00,0.0,solar,2017-11-04 23:00:00,day_ahead
2017-11-05 04:00:00,0.0,solar,2017-11-04 23:00:00,day_ahead
2017-11-05 05:00:00,0.0,solar,2017-11-04 23:00:00,day_ahead
2017-11-05 06:00:00,0.0,solar,2017-11-04 23:00:00,day_ahead
2017-11-05 07:00:00,12.040191878017207,solar,2017-11-04 23:00:00,day_ahead
2017-11-05 08:00:00,89.57144963360999,solar,2017-11-04 23:00:00,day_ahead
2017-11-05 09:00:00,168.44846537425354,solar,2017-11-04 23:00:00,day_ahead
2017-11-05 10:00:00,213.7253320160958,solar,2017-11-04 23:00:00,day_ahead
2017-11-05 11:00:00,235.3133696852799,solar,2017-11-04 23:00:00,day_ahead
2017-11-05 12:00:00,239.21714214422184,solar,2017-11-04 23:00:00,day_ahead
2017-11-05 13:00:00,222.8137705645419,solar,2017-11-04 23:00:00,day_ahead
2017-11-05 14:00:00,186.3561785830357,solar,2017-11-04 23:00:00,day_ahead
2017-11-05 15:00:00,131.81834071172173,solar,2017-11-04 23:00:00,day_ahead
2017-11-05 16:00:00,46.182682007503516,solar,2017-11-04 23:00:00,day_ahead
2017-11-05 17:00:00,0.919281532994715,solar,2017-11-04 23:00:00,day_ahead
2017-11-05 18:00:00,0.0,solar,2017-11-04 23:00:00,day_ahead
2017-11-05 19:00:00,0.0,solar,2017-11-04 23:00:00,day_ahead
2017-11-05 20:00:00,0.0,solar,2017-11-04 23:00:00,day_ahead
2017-11-05 21:00:00,0.0,solar,2017-11-04 23:00:00,day_ahead
2017-11-05 22:00:00,0.0,solar,2017-11-04 23:00:00,day_ahead
2017-11-05 23:00:00,0.0,solar,2017-11-04 23:00:00,day_ahead
2017-11-06 00:00:00,0.0,solar,2017-11-05 23:00:00,day_ahead
2017-11-06 01:00:00,0.0,solar,2017-11-05 23:00:00,day_ahead
2017-11-06 02:00:00,0.0,solar,2017-11-05 23:00:00,day_ahead
2017-11-06 03:00:00,0.0,solar,2017-11-05 23:00:00,day_ahead
2017-11-06 04:00:00,0.0,solar,2017-11-05 23:00:00,day_ahead
2017-11-06 05:00:00,0.0,solar,2017-11-05 23:00:00,day_ahead
2017-11-06 06:00:00,0.0,solar,2017-11-05 23:00:00,day_ahead
2017-11-06 07:00:00,15.20406584392862,solar,2017-11-05 23:00:00,day_ahead
2017-11-06 08:00:00,112.42660705602039,solar,2017-11-05 23:00:00,day_ahead
2017-11-06 09:00:00,211.1816792446853,solar,2017-11-05 23:00:00,day_ahead
2017-11-06 10:00:00,268.0963675169276,solar,2017-11-05 23:00:00,day_ahead
2017-11-06 11:00:00,295.5433894015851,solar,2017-11-05 23:00:00,day_ahead
2017-11-06 12:00:00,300.41771136773764,solar,2017-11-05 23:00:00,day_ahead
2017-11-06 13:00:00,280.00331971021706,solar,2017-11-05 23:00:00,day_ahead
2017-11-06 14:00:00,234.5232494038571,solar,2017-11-05 23:00:00,day_ahead
2017-11-06 15:00:00,166.19488486266778,solar,2017-11-05 23:00:00,day_ahead
2017-11-06 16:00:00,58.61144985038926,solar,2017-11-05 23:00:00,day_ahead
2017-11-06 17:00:00,1.2017757713497974,solar,2017-11-05 23:00:00,day_ahead
2017-11-06 18:00:00,0.0,solar,2017-11-05 23:00:00,day_ahead
2017-11-06 19:00:00,0.0,solar,2017-11-05 23:00:00,day_ahead
2017-11-06 20:00:00,0.0,solar,2017-11-05 23:00:00,day_ahead
2017-11-06 21:00:00,0.0,solar,2017-11-05 23:00:00,day_ahead
2017-11-06 22:00:00,0.0,solar,2017-11-05 23:00:00,day_ahead
2017-11-06 23:00:00,0.0,solar,2017-11-05 23:00:00,day_ahead
2017-11-07 00:00:00,0.0,solar,2017-11-06 23:00:00,day_ahead
2017-11-07 01:00:00,0.0,solar,2017-11-06 23:00:00,day_ahead
2017-11-07 02:00:00,0.0,solar,2017-11-06 23:00:00,day_ahead
2017-11-07 03:00:00,0.0,solar,2017-11-06 23:00:00,day_ahead
2017-11-07 04:00:00,0.0,solar,2017-11-06 23:00:00,day_ahead
2017-11-07 05:00:00,0.0,solar,2017-11-06 23:00:00,day_ahead
2017-11-07 06:00:00,0.0,solar,2017-11-06 23:00:00,day_ahead
2017-11-07 07:00:00,15.590781467944618,solar,2017-11-06 23:00:00,day_ahead
2017-11-07 08:00:00,113.79981431755218,solar,2017-11-06 23:00:00,day_ahead
2017-11-07 09:00:00,212.981257463144,solar,2017-11-06 23:00:00,day_ahead
2017-11-07 10:00:00,269.99882885073384,solar,2017-11-06 23:00:00,day_ahead
2017-11-07 11:00:00,297.45870577991275,solar,2017-11-06 23:00:00,day_ahead
2017-11-07 12:00:00,302.33692957588244,solar,2017-11-06 23:00:00,day_ahead
2017-11-07 13:00:00,281.9715008974701,solar,2017-11-06 23:00:00,day_ahead
2017-11-07 14:00:00,236.5476439688552,solar,2017-11-06 23:00:00,day_ahead
2017-11-07 15:00:00,167.97442039366933,solar,2017-11-06 23:00:00,day_ahead
2017-11-07 16:00:00,59.578963115298706,solar,2017-11-06 23:00:00,day_ahead
2017-11-07 17:00:00,1.2551837403241457,solar,2017-11-06 23:00:00,day_ahead
2017-11-07 18:00:00,0.0,solar,2017-11-06 23:00:00,day_ahead
2017-11-07 19:00:00,0.0,solar,2017-11-06 23:00:00,day_ahead
2017-11-07 20:00:00,0.0,solar,2017-11-06 23:00:00,day_ahead
2017-11-07 21:00:00,0.0,solar,2017-11-06 23:00:00,day_ahead
2017-11-07 22:00:00,0.0,solar,2017-11-06 23:00:00,day_ahead
2017-11-07 23:00:00,0.0,solar,2017-11-06 23:00:00,day_ahead
2017-11-08 00:00:00,0.0,solar,2017-11-07 23:00:00,day_ahead
2017-11-08 01:00:00,0.0,solar,2017-11-07 23:00:00,day_ahead
2017-11-08 02:00:00,0.0,solar,2017-11-07 23:00:00,day_ahead
2017-11-08 03:00:00,0.0,solar,2017-11-07 23:00:00,day_ahead
2017-11-08 04:00:00,0.0,solar,2017-11-07 23:00:00,day_ahead
2017-11-08 05:00:00,0.0,solar,2017-11-07 23:00:00,day_ahead
2017-11-08 06:00:00,0.0,solar,2017-11-07 23:00:00,day_ahead
2017-11-08 07:00:00,15.797781922747882,solar,2017-11-07 23:00:00,day_ahead
2017-11-08 08:00:00,114.03743949607838,solar,2017-11-07 23:00:00,day_ahead
2017-11-08 09:00:00,212.64920331591404,solar,2017-11-07 23:00:00,day_ahead
2017-11-08 10:00:00,269.1876988328913,solar,2017-11-07 23:00:00,day_ahead
2017-11-08 11:00:00,296.36384489811945,solar,2017-11-07 23:00:00,day_ahead
2017-11-08 12:00:00,301.2332831481715,solar,2017-11-07 23:00:00,day_ahead
2017-11-08 13:00:00,281.14347390622424,solar,2017-11-07 23:00:00,day_ahead
2017-11-08 14:00:00,236.1563854525835,solar,2017-11-07 23:00:00,day_ahead
2017-11-08 15:00:00,167.9846489681448,solar,2017-11-07 23:00:00,day_ahead
2017-11-08 16:00:00,59.875013833506955,solar,2017-11-07 23:00:00,day_ahead
2017-11-08 17:00:00,1.2776866905002007,solar,2017-11-07 23:00:00,day_ahead
2017-11-08 18:00:00,0.0,solar,2017-11-07 23:00:00,day_ahead
2017-11-08 19:00:00,0.0,solar,2017-11-07 23:00:00,day_ahead
2017-11-08 20:00:00,0.0,solar,2017-11-07 23:00:00,day_ahead
2017-11-08 21:00:00,0.0,solar,2017-11-07 23:00:00,day_ahead
2017-11-08 22:00:00,0.0,solar,2017-11-07 23:00:00,day_ahead
2017-11-08 23:00:00,0.0,solar,2017-11-07 23:00:00,day_ahead
2017-11-09 00:00:00,0.0,solar,2017-11-08 23:00:00,day_ahead
2017-11-09 01:00:00,0.0,solar,2017-11-08 23:00:00,day_ahead
2017-11-09 02:00:00,0.0,solar,2017-11-08 23:00:00,day_ahead
2017-11-09 03:00:00,0.0,solar,2017-11-08 23:00:00,day_ahead
2017-11-09 04:00:00,0.0,solar,2017-11-08 23:00:00,day_ahead
2017-11-09 05:00:00,0.0,solar,2017-11-08 23:00:00,day_ahead
2017-11-09 06:00:00,0.0,solar,2017-11-08 23:00:00,day_ahead
2017-11-09 07:00:00,16.15721979647221,solar,2017-11-08 23:00:00,day_ahead
2017-11-09 08:00:00,115.98056881762598,solar,2017-11-08 23:00:00,day_ahead
2017-11-09 09:00:00,216.15757896970925,solar,2017-11-08 23:00:00,day_ahead
2017-11-09 10:00:00,273.51714520736465,solar,2017-11-08 23:00:00,day_ahead
2017-11-09 11:00:00,300.9896911005317,solar,2017-11-08 23:00:00,day_ahead
2017-11-09 12:00:00,305.9071514494954,solar,2017-11-08 23:00:00,day_ahead
2017-11-09 13:00:00,285.72936011850635,solar,2017-11-08 23:00:00,day_ahead
2017-11-09 14:00:00,240.16234137653993,solar,2017-11-08 23:00:00,day_ahead
2017-11-09 15:00:00,171.08116519517182,solar,2017-11-08 23:00:00,day_ahead
2017-11-09 16:00:00,61.19069890618884,solar,2017-11-08 23:00:00,day_ahead
2017-11-09 17:00:00,1.3233233028644666,solar,2017-11-08 23:00:00,day_ahead
2017-11-09 18:00:00,0.0,solar,2017-11-08 23:00:00,day_ahead
2017-11-09 19:00:00,0.0,solar,2017-11-08 23:00:00,day_ahead
2017-11-09 20:00:00,0.0,solar,2017-11-08 23:00:00,day_ahead
2017-11-09 21:00:00,0.0,solar,2017-11-08 23:00:00,day_ahead
2017-11-09 22:00:00,0.0,solar,2017-11-08 23:00:00,day_ahead
2017-11-09 23:00:00,0.0,solar,2017-11-08 23:00:00,day_ahead
2017-11-10 00:00:00,0.0,solar,2017-11-09 23:00:00,day_ahead
2017-11-10 01:00:00,0.0,solar,2017-11-09 23:00:00,day_ahead
2017-11-10 02:00:00,0.0,solar,2017-11-09 23:00:00,day_ahead
2017-11-10 03:00:00,0.0,solar,2017-11-09 23:00:00,day_ahead
2017-11-10 04:00:00,0.0,solar,2017-11-09 23:00:00,day_ahead
2017-11-10 05:00:00,0.0,solar,2017-11-09 23:00:00,day_ahead
2017-11-10 06:00:00,0.0,solar,2017-11-09 23:00:00,day_ahead
2017-11-10 07:00:00,16.561377228642357,solar,2017-11-09 23:00:00,day_ahead
2017-11-10 08:00:00,118.17119449284873,solar,2017-11-09 23:00:00,day_ahead
2017-11-10 09:00:00,219.62734818279807,solar,2017-11-09 23:00:00,day_ahead
2017-11-10 10:00:00,277.59689826881856,solar,2017-11-09 23:00:00,day_ahead
2017-11-10 11:00:00,305.31335077156996,solar,2017-11-09 23:00:00,day_ahead
2017-11-10 12:00:00,310.3061982337941,solar,2017-11-09 23:00:00,day_ahead
2017-11-10 13:00:00,290.01485602578686,solar,2017-11-09 23:00:00,day_ahead
2017-11-10 14:00:00,244.0794884078119,solar,2017-11-09 23:00:00,day_ahead
2017-11-10 15:00:00,174.09577540101515,solar,2017-11-09 23:00:00,day_ahead
2017-11-10 16:00:00,62.47147089193047,solar,2017-11-09 23:00:00,day_ahead
2017-11-10 17:00:00,1.3669526318029908,solar,2017-11-09 23:00:00,day_ahead
2017-11-10 18:00:00,0.0,solar,2017-11-09 23:00:00,day_ahead
2017-11-10 19:00:00,0.0,solar,2017-11-09 23:00:00,day_ahead
2017-11-10 20:00:00,0.0,solar,2017-11-09 23:00:00,day_ahead
2017-11-10 21:00:00,0.0,solar,2017-11-09 23:00:00,day_ahead
2017-11-10 22:00:00,0.0,solar,2017-11-09 23:00:00,day_ahead
2017-11-10 23:00:00,0.0,solar,2017-11-09 23:00:00,day_ahead
2017-11-11 00:00:00,0.0,solar,2017-11-10 23:00:00,day_ahead
2017-11-11 01:00:00,0.0,solar,2017-11-10 23:00:00,day_ahead
2017-11-11 02:00:00,0.0,solar,2017-11-10 23:00:00,day_ahead
2017-11-11 03:00:00,0.0,solar,2017-11-10 23:00:00,day_ahead
2017-11-11 04:00:00,0.0,solar,2017-11-10 23:00:00,day_ahead
2017-11-11 05:00:00,0.0,solar,2017-11-10 23:00:00,day_ahead
2017-11-11 06:00:00,0.0,solar,2017-11-10 23:00:00,day_ahead
2017-11-11 07:00:00,16.527305055872837,solar,2017-11-10 23:00:00,day_ahead
2017-11-11 08:00:00,117.41008107886735,solar,2017-11-10 23:00:00,day_ahead
2017-11-11 09:00:00,217.6690389286037,solar,2017-11-10 23:00:00,day_ahead
2017-11-11 10:00:00,274.80735381982737,solar,2017-11-10 23:00:00,day_ahead
2017-11-11 11:00:00,302.1364568357692,solar,2017-11-10 23:00:00,day_ahead
2017-11-11 12:00:00,307.06765554556785,solar,2017-11-10 23:00:00,day_ahead
2017-11-11 13:00:00,287.1466789912449,solar,2017-11-10 23:00:00,day_ahead
2017-11-11 14:00:00,241.9258409122533,solar,2017-11-10 23:00:00,day_ahead
2017-11-11 15:00:00,172.77495348719302,solar,2017-11-10 23:00:00,day_ahead
2017-11-11 16:00:00,62.16545902715437,solar,2017-11-10 23:00:00,day_ahead
2017-11-11 17:00:00,1.3604007950790884,solar,2017-11-10 23:00:00,day_ahead
2017-11-11 18:00:00,0.0,solar,2017-11-10 23:00:00,day_ahead
2017-11-11 19:00:00,0.0,solar,2017-11-10 23:00:00,day_ahead
2017-11-11 20:00:00,0.0,solar,2017-11-10 23:00:00,day_ahead
2017-11-11 21:00:00,0.0,solar,2017-11-10 23:00:00,day_ahead
2017-11-11 22:00:00,0.0,solar,2017-11-10 23:00:00,day_ahead
2017-11-11 23:00:00,0.0,solar,2017-11-10 23:00:00,day_ahead
2017-11-12 00:00:00,0.0,solar,2017-11-11 23:00:00,day_ahead
2017-11-12 01:00:00,0.0,solar,2017-11-11 23:00:00,day_ahead
2017-11-12 02:00:00,0.0,solar,2017-11-11 23:00:00,day_ahead
2017-11-12 03:00:00,0.0,solar,2017-11-11 23:00:00,day_ahead
2017-11-12 04:00:00,0.0,solar,2017-11-11 23:00:00,day_ahead
2017-11-12 05:00:00,0.0,solar,2017-11-11 23:00:00,day_ahead
2017-11-12 06:00:00,0.0,solar,2017-11-11 23:00:00,day_ahead
2017-11-12 07:00:00,16.494656039112833,solar,2017-11-11 23:00:00,day_ahead
2017-11-12 08:00:00,116.83387531442831,solar,2017-11-11 23:00:00,day_ahead
2017-11-12 09:00:00,216.1670943423965,solar,2017-11-11 23:00:00,day_ahead
2017-11-12 10:00:00,272.6119048678816,solar,2017-11-11 23:00:00,day_ahead
2017-11-12 11:00:00,299.57878713252853,solar,2017-11-11 23:00:00,day_ahead
2017-11-12 12:00:00,304.47698787876317,solar,2017-11-11 23:00:00,day_ahead
2017-11-12 13:00:00,284.8843777193124,solar,2017-11-11 23:00:00,day_ahead
2017-11-12 14:00:00,240.28525725773767,solar,2017-11-11 23:00:00,day_ahead
2017-11-12 15:00:00,171.82245038311981,solar,2017-11-11 23:00:00,day_ahead
2017-11-12 16:00:00,61.96241295992957,solar,2017-11-11 23:00:00,day_ahead
2017-11-12 17:00:00,1.3567920161524023,solar,2017-11-11 23:00:00,day_ahead
2017-11-12 18:00:00,0.0,solar,2017-11-11 23:00:00,day_ahead
2017-11-12 19:00:00,0.0,solar,2017-11-11 23:00:00,day_ahead
2017-11-12 20:00:00,0.0,solar,2017-11-11 23:00:00,day_ahead
2017-11-12 21:00:00,0.0,solar,2017-11-11 23:00:00,day_ahead
2017-11-12 22:00:00,0.0,solar,2017-11-11 23:00:00,day_ahead
2017-11-12 23:00:00,0.0,solar,2017-11-11 23:00:00,day_ahead
2017-11-13 00:00:00,0.0,solar,2017-11-12 23:00:00,day_ahead
2017-11-13 01:00:00,0.0,solar,2017-11-12 23:00:00,day_ahead
2017-11-13 02:00:00,0.0,solar,2017-11-12 23:00:00,day_ahead
2017-11-13 03:00:00,0.0,solar,2017-11-12 23:00:00,day_ahead
2017-11-13 04:00:00,0.0,solar,2017-11-12 23:00:00,day_ahead
2017-11-13 05:00:00,0.0,solar,2017-11-12 23:00:00,day_ahead
2017-11-13 06:00:00,0.0,solar,2017-11-12 23:00:00,day_ahead
2017-11-13 07:00:00,16.63381104108405,solar,2017-11-12 23:00:00,day_ahead
2017-11-13 08:00:00,117.66950564321866,solar,2017-11-12 23:00:00,day_ahead
2017-11-13 09:00:00,217.86603424340342,solar,2017-11-12 23:00:00,day_ahead
2017-11-13 10:00:00,274.98298836676065,solar,2017-11-12 23:00:00,day_ahead
2017-11-13 11:00:00,302.21800584799564,solar,2017-11-12 23:00:00,day_ahead
2017-11-13 12:00:00,307.2468627764812,solar,2017-11-12 23:00:00,day_ahead
2017-11-13 13:00:00,287.637156633943,solar,2017-11-12 23:00:00,day_ahead
2017-11-13 14:00:00,242.84613217665552,solar,2017-11-12 23:00:00,day_ahead
2017-11-13 15:00:00,173.8485743927681,solar,2017-11-12 23:00:00,day_ahead
2017-11-13 16:00:00,62.77555794014898,solar,2017-11-12 23:00:00,day_ahead
2017-11-13 17:00:00,1.3764435462091966,solar,2017-11-12 23:00:00,day_ahead
2017-11-13 18:00:00,0.0,solar,2017-11-12 23:00:00,day_ahead
2017-11-13 19:00:00,0.0,solar,2017-11-12 23:00:00,day_ahead
2017-11-13 20:00:00,0.0,solar,2017-11-12 23:00:00,day_ahead
2017-11-13 21:00:00,0.0,solar,2017-11-12 23:00:00,day_ahead
2017-11-13 22:00:00,0.0,solar,2017-11-12 23:00:00,day_ahead
2017-11-13 23:00:00,0.0,solar,2017-11-12 23:00:00,day_ahead
2017-11-14 00:00:00,0.0,solar,2017-11-13 23:00:00,day_ahead
2017-11-14 01:00:00,0.0,solar,2017-11-13 23:00:00,day_ahead
2017-11-14 02:00:00,0.0,solar,2017-11-13 23:00:00,day_ahead
2017-11-14 03:00:00,0.0,solar,2017-11-13 23:00:00,day_ahead
2017-11-14 04:00:00,0.0,solar,2017-11-13 23:00:00,day_ahead
2017-11-14 05:00:00,0.0,solar,2017-11-13 23:00:00,day_ahead
2017-11-14 06:00:00,0.0,solar,2017-11-13 23:00:00,day_ahead
2017-11-14 07:00:00,16.533932525067726,solar,2017-11-13 23:00:00,day_ahead
2017-11-14 08:00:00,117.1691975510428,solar,2017-11-13 23:00:00,day_ahead
2017-11-14 09:00:00,217.47595037966698,solar,2017-11-13 23:00:00,day_ahead
2017-11-14 10:00:00,275.2868882171621,solar,2017-11-13 23:00:00,day_ahead
2017-11-14 11:00:00,302.8347774097752,solar,2017-11-13 23:00:00,day_ahead
2017-11-14 12:00:00,307.89529715149837,solar,2017-11-13 23:00:00,day_ahead
2017-11-14 13:00:00,288.3689468519126,solar,2017-11-13 23:00:00,day_ahead
2017-11-14 14:00:00,243.67464017026785,solar,2017-11-13 23:00:00,day_ahead
2017-11-14 15:00:00,174.6321959715334,solar,2017-11-13 23:00:00,day_ahead
2017-11-14 16:00:00,63.118208328929654,solar,2017-11-13 23:00:00,day_ahead
2017-11-14 17:00:00,1.386417177719953,solar,2017-11-13 23:00:00,day_ahead
2017-11-14 18:00:00,0.0,solar,2017-11-13 23:00:00,day_ahead
2017-11-14 19:00:00,0.0,solar,2017-11-13 23:00:00,day_ahead
2017-11-14 20:00:00,0.0,solar,2017-11-13 23:00:00,day_ahead
2017-11-14 21:00:00,0.0,solar,2017-11-13 23:00:00,day_ahead
2017-11-14 22:00:00,0.0,solar,2017-11-13 23:00:00,day_ahead
2017-11-14 23:00:00,0.0,solar,2017-11-13 23:00:00,day_ahead
2017-11-15 00:00:00,0.0,solar,2017-11-14 23:00:00,day_ahead
2017-11-15 01:00:00,0.0,solar,2017-11-14 23:00:00,day_ahead
2017-11-15 02:00:00,0.0,solar,2017-11-14 23:00:00,day_ahead
2017-11-15 03:00:00,0.0,solar,2017-11-14 23:00:00,day_ahead
2017-11-15 04:00:00,0.0,solar,2017-11-14 23:00:00,day_ahead
2017-11-15 05:00:00,0.0,solar,2017-11-14 23:00:00,day_ahead
2017-11-15 06:00:00,0.0,solar,2017-11-14 23:00:00,day_ahead
2017-11-15 07:00:00,16.493829006594108,solar,2017-11-14 23:00:00,day_ahead
2017-11-15 08:00:00,116.9804704823025,solar,2017-11-14 23:00:00,day_ahead
2017-11-15 09:00:00,216.9322157701281,solar,2017-11-14 23:00:00,day_ahead
2017-11-15 10:00:00,274.34507061127584,solar,2017-11-14 23:00:00,day_ahead
2017-11-15 11:00:00,301.66891469136584,solar,2017-11-14 23:00:00,day_ahead
2017-11-15 12:00:00,306.6696184379403,solar,2017-11-14 23:00:00,day_ahead
2017-11-15 13:00:00,287.3219163747739,solar,2017-11-14 23:00:00,day_ahead
2017-11-15 14:00:00,243.01114468028817,solar,2017-11-14 23:00:00,day_ahead
2017-11-15 15:00:00,174.31156560652678,solar,2017-11-14 23:00:00,day_ahead
2017-11-15 16:00:00,63.03593809649469,solar,2017-11-14 23:00:00,day_ahead
2017-11-15 17:00:00,1.3879730975602487,solar,2017-11-14 23:00:00,day_ahead
2017-11-15 18:00:00,0.0,solar,2017-11-14 23:00:00,day_ahead
2017-11-15 19:00:00,0.0,solar,2017-11-14 23:00:00,day_ahead
2017-11-15 20:00:00,0.0,solar,2017-11-14 23:00:00,day_ahead
2017-11-15 21:00:00,0.0,solar,2017-11-14 23:00:00,day_ahead
2017-11-15 22:00:00,0.0,solar,2017-11-14 23:00:00,day_ahead
2017-11-15 23:00:00,0.0,solar,2017-11-14 23:00:00,day_ahead
2017-11-16 00:00:00,0.0,solar,2017-11-15 23:00:00,day_ahead
2017-11-16 01:00:00,0.0,solar,2017-11-15 23:00:00,day_ahead
2017-11-16 02:00:00,0.0,solar,2017-11-15 23:00:00,day_ahead
2017-11-16 03:00:00,0.0,solar,2017-11-15 23:00:00,day_ahead
2017-11-16 04:00:00,0.0,solar,2017-11-15 23:00:00,day_ahead
2017-11-16 05:00:00,0.0,solar,2017-11-15 23:00:00,day_ahead
2017-11-16 06:00:00,0.0,solar,2017-11-15 23:00:00,day_ahead
2017-11-16 07:00:00,15.962267150451334,solar,2017-11-15 23:00:00,day_ahead
2017-11-16 08:00:00,113.46340194394136,solar,2017-11-15 23:00:00,day_ahead
2017-11-16 09:00:00,210.2226985682712,solar,2017-11-15 23:00:00,day_ahead
2017-11-16 10:00:00,265.6376278736531,solar,2017-11-15 23:00:00,day_ahead
2017-11-16 11:00:00,292.0495179331968,solar,2017-11-15 23:00:00,day_ahead
2017-11-16 12:00:00,296.71268154100113,solar,2017-11-15 23:00:00,day_ahead
2017-11-16 13:00:00,278.1037592157426,solar,2017-11-15 23:00:00,day_ahead
2017-11-16 14:00:00,235.39038101802666,solar,2017-11-15 23:00:00,day_ahead
2017-11-16 15:00:00,168.93105517924926,solar,2017-11-15 23:00:00,day_ahead
2017-11-16 16:00:00,61.09194992256953,solar,2017-11-15 23:00:00,day_ahead
2017-11-16 17:00:00,1.3369936193266085,solar,2017-11-15 23:00:00,day_ahead
2017-11-16 18:00:00,0.0,solar,2017-11-15 23:00:00,day_ahead
2017-11-16 19:00:00,0.0,solar,2017-11-15 23:00:00,day_ahead
2017-11-16 20:00:00,0.0,solar,2017-11-15 23:00:00,day_ahead
2017-11-16 21:00:00,0.0,solar,2017-11-15 23:00:00,day_ahead
2017-11-16 22:00:00,0.0,solar,2017-11-15 23:00:00,day_ahead
2017-11-16 23:00:00,0.0,solar,2017-11-15 23:00:00,day_ahead
2017-11-17 00:00:00,0.0,solar,2017-11-16 23:00:00,day_ahead
2017-11-17 01:00:00,0.0,solar,2017-11-16 23:00:00,day_ahead
2017-11-17 02:00:00,0.0,solar,2017-11-16 23:00:00,day_ahead
2017-11-17 03:00:00,0.0,solar,2017-11-16 23:00:00,day_ahead
2017-11-17 04:00:00,0.0,solar,2017-11-16 23:00:00,day_ahead
2017-11-17 05:00:00,0.0,solar,2017-11-16 23:00:00,day_ahead
2017-11-17 06:00:00,0.0,solar,2017-11-16 23:00:00,day_ahead
2017-11-17 07:00:00,16.257646929757033,solar,2017-11-16 23:00:00,day_ahead
2017-11-17 08:00:00,115.8874531372922,solar,2017-11-16 23:00:00,day_ahead
2017-11-17 09:00:00,214.65597574670235,solar,2017-11-16 23:00:00,day_ahead
2017-11-17 10:00:00,271.07382883987975,solar,2017-11-16 23:00:00,day_ahead
2017-11-17 11:00:00,297.92385051980085,solar,2017-11-16 23:00:00,day_ahead
2017-11-17 12:00:00,302.692620943485,solar,2017-11-16 23:00:00,day_ahead
2017-11-17 13:00:00,283.80713053058696,solar,2017-11-16 23:00:00,day_ahead
2017-11-17 14:00:00,240.37348632183378,solar,2017-11-16 23:00:00,day_ahead
2017-11-17 15:00:00,172.56219994183516,solar,2017-11-16 23:00:00,day_ahead
2017-11-17 16:00:00,62.36469382588012,solar,2017-11-16 23:00:00,day_ahead
2017-11-17 17:00:00,1.356778854518855,solar,2017-11-16 23:00:00,day_ahead
2017-11-17 18:00:00,0.0,solar,2017-11-16 23:00:00,day_ahead
2017-11-17 19:00:00,0.0,solar,2017-11-16 23:00:00,day_ahead
2017-11-17 20:00:00,0.0,solar,2017-11-16 23:00:00,day_ahead
2017-11-17 21:00:00,0.0,solar,2017-11-16 23:00:00,day_ahead
2017-11-17 22:00:00,0.0,solar,2017-11-16 23:00:00,day_ahead
2017-11-17 23:00:00,0.0,solar,2017-11-16 23:00:00,day_ahead
2017-11-18 00:00:00,0.0,solar,2017-11-17 23:00:00,day_ahead
2017-11-18 01:00:00,0.0,solar,2017-11-17 23:00:00,day_ahead
2017-11-18 02:00:00,0.0,solar,2017-11-17 23:00:00,day_ahead
2017-11-18 03:00:00,0.0,solar,2017-11-17 23:00:00,day_ahead
2017-11-18 04:00:00,0.0,solar,2017-11-17 23:00:00,day_ahead
2017-11-18 05:00:00,0.0,solar,2017-11-17 23:00:00,day_ahead
2017-11-18 06:00:00,0.0,solar,2017-11-17 23:00:00,day_ahead
2017-11-18 07:00:00,16.116443548371272,solar,2017-11-17 23:00:00,day_ahead
2017-11-18 08:00:00,115.3117616482011,solar,2017-11-17 23:00:00,day_ahead
2017-11-18 09:00:00,213.63532849950712,solar,2017-11-17 23:00:00,day_ahead
2017-11-18 10:00:00,269.6404327903139,solar,2017-11-17 23:00:00,day_ahead
2017-11-18 11:00:00,296.2697834112576,solar,2017-11-17 23:00:00,day_ahead
2017-11-18 12:00:00,300.99561554806075,solar,2017-11-17 23:00:00,day_ahead
2017-11-18 13:00:00,282.30642931816686,solar,2017-11-17 23:00:00,day_ahead
2017-11-18 14:00:00,239.24149461813832,solar,2017-11-17 23:00:00,day_ahead
2017-11-18 15:00:00,171.79658704877517,solar,2017-11-17 23:00:00,day_ahead
2017-11-18 16:00:00,62.01267563274914,solar,2017-11-17 23:00:00,day_ahead
2017-11-18 17:00:00,1.342593253356312,solar,2017-11-17 23:00:00,day_ahead
2017-11-18 18:00:00,0.0,solar,2017-11-17 23:00:00,day_ahead
2017-11-18 19:00:00,0.0,solar,2017-11-17 23:00:00,day_ahead
2017-11-18 20:00:00,0.0,solar,2017-11-17 23:00:00,day_ahead
2017-11-18 21:00:00,0.0,solar,2017-11-17 23:00:00,day_ahead
2017-11-18 22:00:00,0.0,solar,2017-11-17 23:00:00,day_ahead
2017-11-18 23:00:00,0.0,solar,2017-11-17 23:00:00,day_ahead
2017-11-19 00:00:00,0.0,solar,2017-11-18 23:00:00,day_ahead
2017-11-19 01:00:00,0.0,solar,2017-11-18 23:00:00,day_ahead
2017-11-19 02:00:00,0.0,solar,2017-11-18 23:00:00,day_ahead
2017-11-19 03:00:00,0.0,solar,2017-11-18 23:00:00,day_ahead
2017-11-19 04:00:00,0.0,solar,2017-11-18 23:00:00,day_ahead
2017-11-19 05:00:00,0.0,solar,2017-11-18 23:00:00,day_ahead
2017-11-19 06:00:00,0.0,solar,2017-11-18 23:00:00,day_ahead
2017-11-19 07:00:00,15.93107123377341,solar,2017-11-18 23:00:00,day_ahead
2017-11-19 08:00:00,114.4452308205718,solar,2017-11-18 23:00:00,day_ahead
2017-11-19 09:00:00,212.10746758002716,solar,2017-11-18 23:00:00,day_ahead
2017-11-19 10:00:00,267.5914036524924,solar,2017-11-18 23:00:00,day_ahead
2017-11-19 11:00:00,293.94958761091556,solar,2017-11-18 23:00:00,day_ahead
2017-11-19 12:00:00,298.60974451320266,solar,2017-11-18 23:00:00,day_ahead
2017-11-19 13:00:00,280.15051035080785,solar,2017-11-18 23:00:00,day_ahead
2017-11-19 14:00:00,237.52149576419788,solar,2017-11-18 23:00:00,day_ahead
2017-11-19 15:00:00,170.60706073712134,solar,2017-11-18 23:00:00,day_ahead
2017-11-19 16:00:00,61.508189962748595,solar,2017-11-18 23:00:00,day_ahead
2017-11-19 17:00:00,1.3259940688624265,solar,2017-11-18 23:00:00,day_ahead
2017-11-19 18:00:00,0.0,solar,2017-11-18 23:00:00,day_ahead
2017-11-19 19:00:00,0.0,solar,2017-11-18 23:00:00,day_ahead
2017-11-19 20:00:00,0.0,solar,2017-11-18 23:00:00,day_ahead
2017-11-19 21:00:00,0.0,solar,2017-11-18 23:00:00,day_ahead
2017-11-19 22:00:00,0.0,solar,2017-11-18 23:00:00,day_ahead
2017-11-19 23:00:00,0.0,solar,2017-11-18 23:00:00,day_ahead
2017-11-20 00:00:00,0.0,solar,2017-11-19 23:00:00,day_ahead
2017-11-20 01:00:00,0.0,solar,2017-11-19 23:00:00,day_ahead
2017-11-20 02:00:00,0.0,solar,2017-11-19 23:00:00,day_ahead
2017-11-20 03:00:00,0.0,solar,2017-11-19 23:00:00,day_ahead
2017-11-20 04:00:00,0.0,solar,2017-11-19 23:00:00,day_ahead
2017-11-20 05:00:00,0.0,solar,2017-11-19 23:00:00,day_ahead
2017-11-20 06:00:00,0.0,solar,2017-11-19 23:00:00,day_ahead
2017-11-20 07:00:00,16.06142162184097,solar,2017-11-19 23:00:00,day_ahead
2017-11-20 08:00:00,115.89334244068466,solar,2017-11-19 23:00:00,day_ahead
2017-11-20 09:00:00,214.9726430486009,solar,2017-11-19 23:00:00,day_ahead
2017-11-20 10:00:00,271.12204064732305,solar,2017-11-19 23:00:00,day_ahead
2017-11-20 11:00:00,297.7674542189896,solar,2017-11-19 23:00:00,day_ahead
2017-11-20 12:00:00,302.48645931038607,solar,2017-11-19 23:00:00,day_ahead
2017-11-20 13:00:00,283.79141644469473,solar,2017-11-19 23:00:00,day_ahead
2017-11-20 14:00:00,240.78732199443832,solar,2017-11-19 23:00:00,day_ahead
2017-11-20 15:00:00,173.0111262409607,solar,2017-11-19 23:00:00,day_ahead
2017-11-20 16:00:00,62.28499946792537,solar,2017-11-19 23:00:00,day_ahead
2017-11-20 17:00:00,1.336860259637252,solar,2017-11-19 23:00:00,day_ahead
2017-11-20 18:00:00,0.0,solar,2017-11-19 23:00:00,day_ahead
2017-11-20 19:00:00,0.0,solar,2017-11-19 23:00:00,day_ahead
2017-11-20 20:00:00,0.0,solar,2017-11-19 23:00:00,day_ahead
2017-11-20 21:00:00,0.0,solar,2017-11-19 23:00:00,day_ahead
2017-11-20 22:00:00,0.0,solar,2017-11-19 23:00:00,day_ahead
2017-11-20 23:00:00,0.0,solar,2017-11-19 23:00:00,day_ahead
2017-11-21 00:00:00,0.0,solar,2017-11-20 23:00:00,day_ahead
2017-11-21 01:00:00,0.0,solar,2017-11-20 23:00:00,day_ahead
2017-11-21 02:00:00,0.0,solar,2017-11-20 23:00:00,day_ahead
2017-11-21 03:00:00,0.0,solar,2017-11-20 23:00:00,day_ahead
2017-11-21 04:00:00,0.0,solar,2017-11-20 23:00:00,day_ahead
2017-11-21 05:00:00,0.0,solar,2017-11-20 23:00:00,day_ahead
2017-11-21 06:00:00,0.0,solar,2017-11-20 23:00:00,day_ahead
2017-11-21 07:00:00,16.344943589798028,solar,2017-11-20 23:00:00,day_ahead
2017-11-21 08:00:00,118.67692368166423,solar,2017-11-20 23:00:00,day_ahead
2017-11-21 09:00:00,220.23620515067125,solar,2017-11-20 23:00:00,day_ahead
2017-11-21 10:00:00,277.6647905124479,solar,2017-11-20 23:00:00,day_ahead
2017-11-21 11:00:00,304.91726210108465,solar,2017-11-20 23:00:00,day_ahead
2017-11-21 12:00:00,309.7303366257004,solar,2017-11-20 23:00:00,day_ahead
2017-11-21 13:00:00,290.6885111335249,solar,2017-11-20 23:00:00,day_ahead
2017-11-21 14:00:00,246.763405493087,solar,2017-11-20 23:00:00,day_ahead
2017-11-21 15:00:00,177.320014331072,solar,2017-11-20 23:00:00,day_ahead
2017-11-21 16:00:00,63.7397567157755,solar,2017-11-20 23:00:00,day_ahead
2017-11-21 17:00:00,1.361642525144868,solar,2017-11-20 23:00:00,day_ahead
2017-11-21 18:00:00,0.0,solar,2017-11-20 23:00:00,day_ahead
2017-11-21 19:00:00,0.0,solar,2017-11-20 23:00:00,day_ahead
2017-11-21 20:00:00,0.0,solar,2017-11-20 23:00:00,day_ahead
2017-11-21 21:00:00,0.0,solar,2017-11-20 23:00:00,day_ahead
2017-11-21 22:00:00,0.0,solar,2017-11-20 23:00:00,day_ahead
2017-11-21 23:00:00,0.0,solar,2017-11-20 23:00:00,day_ahead
2017-11-22 00:00:00,0.0,solar,2017-11-21 23:00:00,day_ahead
2017-11-22 01:00:00,0.0,solar,2017-11-21 23:00:00,day_ahead
2017-11-22 02:00:00,0.0,solar,2017-11-21 23:00:00,day_ahead
2017-11-22 03:00:00,0.0,solar,2017-11-21 23:00:00,day_ahead
2017-11-22 04:00:00,0.0,solar,2017-11-21 23:00:00,day_ahead
2017-11-22 05:00:00,0.0,solar,2017-11-21 23:00:00,day_ahead
2017-11-22 06:00:00,0.0,solar,2017-11-21 23:00:00,day_ahead
2017-11-22 07:00:00,15.819986719499754,solar,2017-11-21 23:00:00,day_ahead
2017-11-22 08:00:00,115.43168618131801,solar,2017-11-21 23:00:00,day_ahead
2017-11-22 09:00:00,214.41004372025876,solar,2017-11-21 23:00:00,day_ahead
2017-11-22 10:00:00,270.18710950765063,solar,2017-11-21 23:00:00,day_ahead
2017-11-22 11:00:00,296.5866253509493,solar,2017-11-21 23:00:00,day_ahead
2017-11-22 12:00:00,301.32255972433865,solar,2017-11-21 23:00:00,day_ahead
2017-11-22 13:00:00,282.8763741395038,solar,2017-11-21 23:00:00,day_ahead
2017-11-22 14:00:00,240.2216934584586,solar,2017-11-21 23:00:00,day_ahead
2017-11-22 15:00:00,172.60179218960144,solar,2017-11-21 23:00:00,day_ahead
2017-11-22 16:00:00,61.88221004627572,solar,2017-11-21 23:00:00,day_ahead
2017-11-22 17:00:00,1.3055928449393606,solar,2017-11-21 23:00:00,day_ahead
2017-11-22 18:00:00,0.0,solar,2017-11-21 23:00:00,day_ahead
2017-11-22 19:00:00,0.0,solar,2017-11-21 23:00:00,day_ahead
2017-11-22 20:00:00,0.0,solar,2017-11-21 23:00:00,day_ahead
2017-11-22 21:00:00,0.0,solar,2017-11-21 23:00:00,day_ahead
2017-11-22 22:00:00,0.0,solar,2017-11-21 23:00:00,day_ahead
2017-11-22 23:00:00,0.0,solar,2017-11-21 23:00:00,day_ahead
2017-11-23 00:00:00,0.0,solar,2017-11-22 23:00:00,day_ahead
2017-11-23 01:00:00,0.0,solar,2017-11-22 23:00:00,day_ahead
2017-11-23 02:00:00,0.0,solar,2017-11-22 23:00:00,day_ahead
2017-11-23 03:00:00,0.0,solar,2017-11-22 23:00:00,day_ahead
2017-11-23 04:00:00,0.0,solar,2017-11-22 23:00:00,day_ahead
2017-11-23 05:00:00,0.0,solar,2017-11-22 23:00:00,day_ahead
2017-11-23 06:00:00,0.0,solar,2017-11-22 23:00:00,day_ahead
2017-11-23 07:00:00,13.271924670434084,solar,2017-11-22 23:00:00,day_ahead
2017-11-23 08:00:00,96.8689970428382,solar,2017-11-22 23:00:00,day_ahead
2017-11-23 09:00:00,179.94952661446717,solar,2017-11-22 23:00:00,day_ahead
2017-11-23 10:00:00,227.26693462351557,solar,2017-11-22 23:00:00,day_ahead
2017-11-23 11:00:00,249.56727798554044,solar,2017-11-22 23:00:00,day_ahead
2017-11-23 12:00:00,253.4911886723345,solar,2017-11-22 23:00:00,day_ahead
2017-11-23 13:00:00,237.96372673155733,solar,2017-11-22 23:00:00,day_ahead
2017-11-23 14:00:00,202.1184438010315,solar,2017-11-22 23:00:00,day_ahead
2017-11-23 15:00:00,145.24637829446215,solar,2017-11-22 23:00:00,day_ahead
2017-11-23 16:00:00,51.956611199386955,solar,2017-11-22 23:00:00,day_ahead
2017-11-23 17:00:00,1.08791126937646,solar,2017-11-22 23:00:00,day_ahead
2017-11-23 18:00:00,0.0,solar,2017-11-22 23:00:00,day_ahead
2017-11-23 19:00:00,0.0,solar,2017-11-22 23:00:00,day_ahead
2017-11-23 20:00:00,0.0,solar,2017-11-22 23:00:00,day_ahead
2017-11-23 21:00:00,0.0,solar,2017-11-22 23:00:00,day_ahead
2017-11-23 22:00:00,0.0,solar,2017-11-22 23:00:00,day_ahead
2017-11-23 23:00:00,0.0,solar,2017-11-22 23:00:00,day_ahead
2017-11-24 00:00:00,0.0,solar,2017-11-23 23:00:00,day_ahead
2017-11-24 01:00:00,0.0,solar,2017-11-23 23:00:00,day_ahead
2017-11-24 02:00:00,0.0,solar,2017-11-23 23:00:00,day_ahead
2017-11-24 03:00:00,0.0,solar,2017-11-23 23:00:00,day_ahead
2017-11-24 04:00:00,0.0,solar,2017-11-23 23:00:00,day_ahead
2017-11-24 05:00:00,0.0,solar,2017-11-23 23:00:00,day_ahead
2017-11-24 06:00:00,0.0,solar,2017-11-23 23:00:00,day_ahead
2017-11-24 07:00:00,12.008554128529685,solar,2017-11-23 23:00:00,day_ahead
2017-11-24 08:00:00,87.81386935888334,solar,2017-11-23 23:00:00,day_ahead
2017-11-24 09:00:00,163.55729706142594,solar,2017-11-23 23:00:00,day_ahead
2017-11-24 10:00:00,206.79411534348012,solar,2017-11-23 23:00:00,day_ahead
2017-11-24 11:00:00,227.09954043630117,solar,2017-11-23 23:00:00,day_ahead
2017-11-24 12:00:00,230.69453374962538,solar,2017-11-23 23:00:00,day_ahead
2017-11-24 13:00:00,216.365300313486,solar,2017-11-23 23:00:00,day_ahead
2017-11-24 14:00:00,183.4000132592693,solar,2017-11-23 23:00:00,day_ahead
2017-11-24 15:00:00,131.51238932412988,solar,2017-11-23 23:00:00,day_ahead
2017-11-24 16:00:00,46.98216961724483,solar,2017-11-23 23:00:00,day_ahead
2017-11-24 17:00:00,0.9826929899063012,solar,2017-11-23 23:00:00,day_ahead
2017-11-24 18:00:00,0.0,solar,2017-11-23 23:00:00,day_ahead
2017-11-24 19:00:00,0.0,solar,2017-11-23 23:00:00,day_ahead
2017-11-24 20:00:00,0.0,solar,2017-11-23 23:00:00,day_ahead
2017-11-24 21:00:00,0.0,solar,2017-11-23 23:00:00,day_ahead
2017-11-24 22:00:00,0.0,solar,2017-11-23 23:00:00,day_ahead
2017-11-24 23:00:00,0.0,solar,2017-11-23 23:00:00,day_ahead
2017-11-25 00:00:00,0.0,solar,2017-11-24 23:00:00,day_ahead
2017-11-25 01:00:00,0.0,solar,2017-11-24 23:00:00,day_ahead
2017-11-25 02:00:00,0.0,solar,2017-11-24 23:00:00,day_ahead
2017-11-25 03:00:00,0.0,solar,2017-11-24 23:00:00,day_ahead
2017-11-25 04:00:00,0.0,solar,2017-11-24 23:00:00,day_ahead
2017-11-25 05:00:00,0.0,solar,2017-11-24 23:00:00,day_ahead
2017-11-25 06:00:00,0.0,solar,2017-11-24 23:00:00,day_ahead
2017-11-25 07:00:00,13.210612587987312,solar,2017-11-24 23:00:00,day_ahead
2017-11-25 08:00:00,96.75657558689709,solar,2017-11-24 23:00:00,day_ahead
2017-11-25 09:00:00,180.53419135800007,solar,2017-11-24 23:00:00,day_ahead
2017-11-25 10:00:00,229.03745412755785,solar,2017-11-24 23:00:00,day_ahead
2017-11-25 11:00:00,251.51119192306018,solar,2017-11-24 23:00:00,day_ahead
2017-11-25 12:00:00,255.21981225193866,solar,2017-11-24 23:00:00,day_ahead
2017-11-25 13:00:00,239.22075265706897,solar,2017-11-24 23:00:00,day_ahead
2017-11-25 14:00:00,202.72246960452327,solar,2017-11-24 23:00:00,day_ahead
2017-11-25 15:00:00,145.2225027161206,solar,2017-11-24 23:00:00,day_ahead
2017-11-25 16:00:00,51.866466376823475,solar,2017-11-24 23:00:00,day_ahead
2017-11-25 17:00:00,1.0774297271787059,solar,2017-11-24 23:00:00,day_ahead
2017-11-25 18:00:00,0.0,solar,2017-11-24 23:00:00,day_ahead
2017-11-25 19:00:00,0.0,solar,2017-11-24 23:00:00,day_ahead
2017-11-25 20:00:00,0.0,solar,2017-11-24 23:00:00,day_ahead
2017-11-25 21:00:00,0.0,solar,2017-11-24 23:00:00,day_ahead
2017-11-25 22:00:00,0.0,solar,2017-11-24 23:00:00,day_ahead
2017-11-25 23:00:00,0.0,solar,2017-11-24 23:00:00,day_ahead
2017-11-26 00:00:00,0.0,solar,2017-11-25 23:00:00,day_ahead
2017-11-26 01:00:00,0.0,solar,2017-11-25 23:00:00,day_ahead
2017-11-26 02:00:00,0.0,solar,2017-11-25 23:00:00,day_ahead
2017-11-26 03:00:00,0.0,solar,2017-11-25 23:00:00,day_ahead
2017-11-26 04:00:00,0.0,solar,2017-11-25 23:00:00,day_ahead
2017-11-26 05:00:00,0.0,solar,2017-11-25 23:00:00,day_ahead
2017-11-26 06:00:00,0.0,solar,2017-11-25 23:00:00,day_ahead
2017-11-26 07:00:00,10.03706665564401,solar,2017-11-25 23:00:00,day_ahead
2017-11-26 08:00:00,73.58046146736861,solar,2017-11-25 23:00:00,day_ahead
2017-11-26 09:00:00,137.4347108495454,solar,2017-11-25 23:00:00,day_ahead
2017-11-26 10:00:00,174.55588226215124,solar,2017-11-25 23:00:00,day_ahead
2017-11-26 11:00:00,191.78252890654326,solar,2017-11-25 23:00:00,day_ahead
2017-11-26 12:00:00,194.69294802210013,solar,2017-11-25 23:00:00,day_ahead
2017-11-26 13:00:00,182.52043786727424,solar,2017-11-25 23:00:00,day_ahead
2017-11-26 14:00:00,154.5540404977807,solar,2017-11-25 23:00:00,day_ahead
2017-11-26 15:00:00,110.69012524585885,solar,2017-11-25 23:00:00,day_ahead
2017-11-26 16:00:00,39.524737304286226,solar,2017-11-25 23:00:00,day_ahead
2017-11-26 17:00:00,0.8186020938570896,solar,2017-11-25 23:00:00,day_ahead
2017-11-26 18:00:00,0.0,solar,2017-11-25 23:00:00,day_ahead
2017-11-26 19:00:00,0.0,solar,2017-11-25 23:00:00,day_ahead
2017-11-26 20:00:00,0.0,solar,2017-11-25 23:00:00,day_ahead
2017-11-26 21:00:00,0.0,solar,2017-11-25 23:00:00,day_ahead
2017-11-26 22:00:00,0.0,solar,2017-11-25 23:00:00,day_ahead
2017-11-26 23:00:00,0.0,solar,2017-11-25 23:00:00,day_ahead
2017-11-27 00:00:00,0.0,solar,2017-11-26 23:00:00,day_ahead
2017-11-27 01:00:00,0.0,solar,2017-11-26 23:00:00,day_ahead
2017-11-27 02:00:00,0.0,solar,2017-11-26 23:00:00,day_ahead
2017-11-27 03:00:00,0.0,solar,2017-11-26 23:00:00,day_ahead
2017-11-27 04:00:00,0.0,solar,2017-11-26 23:00:00,day_ahead
2017-11-27 05:00:00,0.0,solar,2017-11-26 23:00:00,day_ahead
2017-11-27 06:00:00,0.0,solar,2017-11-26 23:00:00,day_ahead
2017-11-27 07:00:00,13.456686363375498,solar,2017-11-26 23:00:00,day_ahead
2017-11-27 08:00:00,98.96891956082565,solar,2017-11-26 23:00:00,day_ahead
2017-11-27 09:00:00,185.3935532215527,solar,2017-11-26 23:00:00,day_ahead
2017-11-27 10:00:00,236.03726616191685,solar,2017-11-26 23:00:00,day_ahead
2017-11-27 11:00:00,259.3650201493712,solar,2017-11-26 23:00:00,day_ahead
2017-11-27 12:00:00,263.4183991890104,solar,2017-11-26 23:00:00,day_ahead
2017-11-27 13:00:00,246.57334391474888,solar,2017-11-26 23:00:00,day_ahead
2017-11-27 14:00:00,208.3746140602435,solar,2017-11-26 23:00:00,day_ahead
2017-11-27 15:00:00,148.97679731669893,solar,2017-11-26 23:00:00,day_ahead
2017-11-27 16:00:00,53.082416424705286,solar,2017-11-26 23:00:00,day_ahead
2017-11-27 17:00:00,1.0956589025932246,solar,2017-11-26 23:00:00,day_ahead
2017-11-27 18:00:00,0.0,solar,2017-11-26 23:00:00,day_ahead
2017-11-27 19:00:00,0.0,solar,2017-11-26 23:00:00,day_ahead
2017-11-27 20:00:00,0.0,solar,2017-11-26 23:00:00,day_ahead
2017-11-27 21:00:00,0.0,solar,2017-11-26 23:00:00,day_ahead
2017-11-27 22:00:00,0.0,solar,2017-11-26 23:00:00,day_ahead
2017-11-27 23:00:00,0.0,solar,2017-11-26 23:00:00,day_ahead
2017-11-28 00:00:00,0.0,solar,2017-11-27 23:00:00,day_ahead
2017-11-28 01:00:00,0.0,solar,2017-11-27 23:00:00,day_ahead
2017-11-28 02:00:00,0.0,solar,2017-11-27 23:00:00,day_ahead
2017-11-28 03:00:00,0.0,solar,2017-11-27 23:00:00,day_ahead
2017-11-28 04:00:00,0.0,solar,2017-11-27 23:00:00,day_ahead
2017-11-28 05:00:00,0.0,solar,2017-11-27 23:00:00,day_ahead
2017-11-28 06:00:00,0.0,solar,2017-11-27 23:00:00,day_ahead
2017-11-28 07:00:00,12.045844730874867,solar,2017-11-27 23:00:00,day_ahead
2017-11-28 08:00:00,88.78456666521535,solar,2017-11-27 23:00:00,day_ahead
2017-11-28 09:00:00,166.67326050203656,solar,2017-11-27 23:00:00,day_ahead
2017-11-28 10:00:00,212.4516347956039,solar,2017-11-27 23:00:00,day_ahead
2017-11-28 11:00:00,233.63657032656255,solar,2017-11-27 23:00:00,day_ahead
2017-11-28 12:00:00,237.71938311153687,solar,2017-11-27 23:00:00,day_ahead
2017-11-28 13:00:00,222.4687531404342,solar,2017-11-27 23:00:00,day_ahead
2017-11-28 14:00:00,187.97196204479573,solar,2017-11-27 23:00:00,day_ahead
2017-11-28 15:00:00,134.40778158368337,solar,2017-11-27 23:00:00,day_ahead
2017-11-28 16:00:00,47.76953698053574,solar,2017-11-27 23:00:00,day_ahead
2017-11-28 17:00:00,0.9807866239952271,solar,2017-11-27 23:00:00,day_ahead
2017-11-28 18:00:00,0.0,solar,2017-11-27 23:00:00,day_ahead
2017-11-28 19:00:00,0.0,solar,2017-11-27 23:00:00,day_ahead
2017-11-28 20:00:00,0.0,solar,2017-11-27 23:00:00,day_ahead
2017-11-28 21:00:00,0.0,solar,2017-11-27 23:00:00,day_ahead
2017-11-28 22:00:00,0.0,solar,2017-11-27 23:00:00,day_ahead
2017-11-28 23:00:00,0.0,solar,2017-11-27 23:00:00,day_ahead
2017-11-29 00:00:00,0.0,solar,2017-11-28 23:00:00,day_ahead
2017-11-29 01:00:00,0.0,solar,2017-11-28 23:00:00,day_ahead
2017-11-29 02:00:00,0.0,solar,2017-11-28 23:00:00,day_ahead
2017-11-29 03:00:00,0.0,solar,2017-11-28 23:00:00,day_ahead
2017-11-29 04:00:00,0.0,solar,2017-11-28 23:00:00,day_ahead
2017-11-29 05:00:00,0.0,solar,2017-11-28 23:00:00,day_ahead
2017-11-29 06:00:00,0.0,solar,2017-11-28 23:00:00,day_ahead
2017-11-29 07:00:00,9.667979984849925,solar,2017-11-28 23:00:00,day_ahead
2017-11-29 08:00:00,71.30701212500938,solar,2017-11-28 23:00:00,day_ahead
2017-11-29 09:00:00,133.97437040098032,solar,2017-11-28 23:00:00,day_ahead
2017-11-29 10:00:00,170.975383946817,solar,2017-11-28 23:00:00,day_ahead
2017-11-29 11:00:00,188.253941829677,solar,2017-11-28 23:00:00,day_ahead
2017-11-29 12:00:00,191.46596708778466,solar,2017-11-28 23:00:00,day_ahead
2017-11-29 13:00:00,179.0556355448882,solar,2017-11-28 23:00:00,day_ahead
2017-11-29 14:00:00,151.20646227299284,solar,2017-11-28 23:00:00,day_ahead
2017-11-29 15:00:00,107.98898887874354,solar,2017-11-28 23:00:00,day_ahead
2017-11-29 16:00:00,38.37219168906621,solar,2017-11-28 23:00:00,day_ahead
2017-11-29 17:00:00,0.787178175742541,solar,2017-11-28 23:00:00,day_ahead
2017-11-29 18:00:00,0.0,solar,2017-11-28 23:00:00,day_ahead
2017-11-29 19:00:00,0.0,solar,2017-11-28 23:00:00,day_ahead
2017-11-29 20:00:00,0.0,solar,2017-11-28 23:00:00,day_ahead
2017-11-29 21:00:00,0.0,solar,2017-11-28 23:00:00,day_ahead
2017-11-29 22:00:00,0.0,solar,2017-11-28 23:00:00,day_ahead
2017-11-29 23:00:00,0.0,solar,2017-11-28 23:00:00,day_ahead
2017-11-30 00:00:00,0.0,solar,2017-11-29 23:00:00,day_ahead
2017-11-30 01:00:00,0.0,solar,2017-11-29 23:00:00,day_ahead
2017-11-30 02:00:00,0.0,solar,2017-11-29 23:00:00,day_ahead
2017-11-30 03:00:00,0.0,solar,2017-11-29 23:00:00,day_ahead
2017-11-30 04:00:00,0.0,solar,2017-11-29 23:00:00,day_ahead
2017-11-30 05:00:00,0.0,solar,2017-11-29 23:00:00,day_ahead
2017-11-30 06:00:00,0.0,solar,2017-11-29 23:00:00,day_ahead
2017-11-30 07:00:00,14.167096578977052,solar,2017-11-29 23:00:00,day_ahead
2017-11-30 08:00:00,104.75908840563974,solar,2017-11-29 23:00:00,day_ahead
2017-11-30 09:00:00,197.5211861318835,solar,2017-11-29 23:00:00,day_ahead
2017-11-30 10:00:00,252.34830267622635,solar,2017-11-29 23:00:00,day_ahead
2017-11-30 11:00:00,278.35840954700654,solar,2017-11-29 23:00:00,day_ahead
2017-11-30 12:00:00,283.63081919137363,solar,2017-11-29 23:00:00,day_ahead
2017-11-30 13:00:00,265.7333357825132,solar,2017-11-29 23:00:00,day_ahead
2017-11-30 14:00:00,224.66173064069488,solar,2017-11-29 23:00:00,day_ahead
2017-11-30 15:00:00,160.42435725368577,solar,2017-11-29 23:00:00,day_ahead
2017-11-30 16:00:00,56.87030633817817,solar,2017-11-29 23:00:00,day_ahead
2017-11-30 17:00:00,1.1525352353975915,solar,2017-11-29 23:00:00,day_ahead
2017-11-30 18:00:00,0.0,solar,2017-11-29 23:00:00,day_ahead
2017-11-30 19:00:00,0.0,solar,2017-11-29 23:00:00,day_ahead
2017-11-30 20:00:00,0.0,solar,2017-11-29 23:00:00,day_ahead
2017-11-30 21:00:00,0.0,solar,2017-11-29 23:00:00,day_ahead
2017-11-30 22:00:00,0.0,solar,2017-11-29 23:00:00,day_ahead
2017-11-30 23:00:00,0.0,solar,2017-11-29 23:00:00,day_ahead
2017-12-01 00:00:00,0.0,solar,2017-11-30 23:00:00,day_ahead
2017-12-01 01:00:00,0.0,solar,2017-11-30 23:00:00,day_ahead
2017-12-01 02:00:00,0.0,solar,2017-11-30 23:00:00,day_ahead
2017-12-01 03:00:00,0.0,solar,2017-11-30 23:00:00,day_ahead
2017-12-01 04:00:00,0.0,solar,2017-11-30 23:00:00,day_ahead
2017-12-01 05:00:00,0.0,solar,2017-11-30 23:00:00,day_ahead
2017-12-01 06:00:00,0.0,solar,2017-11-30 23:00:00,day_ahead
2017-12-01 07:00:00,0.6962228447562202,solar,2017-11-30 23:00:00,day_ahead
2017-12-01 08:00:00,45.94105548552325,solar,2017-11-30 23:00:00,day_ahead
2017-12-01 09:00:00,147.62399781683726,solar,2017-11-30 23:00:00,day_ahead
2017-12-01 10:00:00,221.2490779679085,solar,2017-11-30 23:00:00,day_ahead
2017-12-01 11:00:00,259.7446442036453,solar,2017-11-30 23:00:00,day_ahead
2017-12-01 12:00:00,271.8471823110389,solar,2017-11-30 23:00:00,day_ahead
2017-12-01 13:00:00,260.774175343649,solar,2017-11-30 23:00:00,day_ahead
2017-12-01 14:00:00,222.49600140854272,solar,2017-11-30 23:00:00,day_ahead
2017-12-01 15:00:00,150.6505831614198,solar,2017-11-30 23:00:00,day_ahead
2017-12-01 16:00:00,44.360602130791754,solar,2017-11-30 23:00:00,day_ahead
2017-12-01 17:00:00,0.3042112051682007,solar,2017-11-30 23:00:00,day_ahead
2017-12-01 18:00:00,0.0,solar,2017-11-30 23:00:00,day_ahead
2017-12-01 19:00:00,0.0,solar,2017-11-30 23:00:00,day_ahead
2017-12-01 20:00:00,0.0,solar,2017-11-30 23:00:00,day_ahead
2017-12-01 21:00:00,0.0,solar,2017-11-30 23:00:00,day_ahead
2017-12-01 22:00:00,0.0,solar,2017-11-30 23:00:00,day_ahead
2017-12-01 23:00:00,0.0,solar,2017-11-30 23:00:00,day_ahead
2017-12-02 00:00:00,0.0,solar,2017-12-01 23:00:00,day_ahead
2017-12-02 01:00:00,0.0,solar,2017-12-01 23:00:00,day_ahead
2017-12-02 02:00:00,0.0,solar,2017-12-01 23:00:00,day_ahead
2017-12-02 03:00:00,0.0,solar,2017-12-01 23:00:00,day_ahead
2017-12-02 04:00:00,0.0,solar,2017-12-01 23:00:00,day_ahead
2017-12-02 05:00:00,0.0,solar,2017-12-01 23:00:00,day_ahead
2017-12-02 06:00:00,0.0,solar,2017-12-01 23:00:00,day_ahead
2017-12-02 07:00:00,0.7952473818292846,solar,2017-12-01 23:00:00,day_ahead
2017-12-02 08:00:00,48.18433216381981,solar,2017-12-01 23:00:00,day_ahead
2017-12-02 09:00:00,153.16902259341842,solar,2017-12-01 23:00:00,day_ahead
2017-12-02 10:00:00,228.77856473909353,solar,2017-12-01 23:00:00,day_ahead
2017-12-02 11:00:00,268.11560843690285,solar,2017-12-01 23:00:00,day_ahead
2017-12-02 12:00:00,280.34996690569466,solar,2017-12-01 23:00:00,day_ahead
2017-12-02 13:00:00,268.76625264109606,solar,2017-12-01 23:00:00,day_ahead
2017-12-02 14:00:00,229.26011021178422,solar,2017-12-01 23:00:00,day_ahead
2017-12-02 15:00:00,155.46539392841063,solar,2017-12-01 23:00:00,day_ahead
2017-12-02 16:00:00,45.70102538865127,solar,2017-12-01 23:00:00,day_ahead
2017-12-02 17:00:00,0.30705970926003234,solar,2017-12-01 23:00:00,day_ahead
2017-12-02 18:00:00,0.0,solar,2017-12-01 23:00:00,day_ahead
2017-12-02 19:00:00,0.0,solar,2017-12-01 23:00:00,day_ahead
2017-12-02 20:00:00,0.0,solar,2017-12-01 23:00:00,day_ahead
2017-12-02 21:00:00,0.0,solar,2017-12-01 23:00:00,day_ahead
2017-12-02 22:00:00,0.0,solar,2017-12-01 23:00:00,day_ahead
2017-12-02 23:00:00,0.0,solar,2017-12-01 23:00:00,day_ahead
2017-12-03 00:00:00,0.0,solar,2017-12-02 23:00:00,day_ahead
2017-12-03 01:00:00,0.0,solar,2017-12-02 23:00:00,day_ahead
2017-12-03 02:00:00,0.0,solar,2017-12-02 23:00:00,day_ahead
2017-12-03 03:00:00,0.0,solar,2017-12-02 23:00:00,day_ahead
2017-12-03 04:00:00,0.0,solar,2017-12-02 23:00:00,day_ahead
2017-12-03 05:00:00,0.0,solar,2017-12-02 23:00:00,day_ahead
2017-12-03 06:00:00,0.0,solar,2017-12-02 23:00:00,day_ahead
2017-12-03 07:00:00,0.8658857599572732,solar,2017-12-02 23:00:00,day_ahead
2017-12-03 08:00:00,49.78541575623847,solar,2017-12-02 23:00:00,day_ahead
2017-12-03 09:00:00,156.70414382644262,solar,2017-12-02 23:00:00,day_ahead
2017-12-03 10:00:00,233.38470511945513,solar,2017-12-02 23:00:00,day_ahead
2017-12-03 11:00:00,273.0670317899405,solar,2017-12-02 23:00:00,day_ahead
2017-12-03 12:00:00,285.3645961138412,solar,2017-12-02 23:00:00,day_ahead
2017-12-03 13:00:00,273.62301030582984,solar,2017-12-02 23:00:00,day_ahead
2017-12-03 14:00:00,233.5879461937916,solar,2017-12-02 23:00:00,day_ahead
2017-12-03 15:00:00,158.62303705757807,solar,2017-12-02 23:00:00,day_ahead
2017-12-03 16:00:00,46.64826665081719,solar,2017-12-02 23:00:00,day_ahead
2017-12-03 17:00:00,0.3058707838593077,solar,2017-12-02 23:00:00,day_ahead
2017-12-03 18:00:00,0.0,solar,2017-12-02 23:00:00,day_ahead
2017-12-03 19:00:00,0.0,solar,2017-12-02 23:00:00,day_ahead
2017-12-03 20:00:00,0.0,solar,2017-12-02 23:00:00,day_ahead
2017-12-03 21:00:00,0.0,solar,2017-12-02 23:00:00,day_ahead
2017-12-03 22:00:00,0.0,solar,2017-12-02 23:00:00,day_ahead
2017-12-03 23:00:00,0.0,solar,2017-12-02 23:00:00,day_ahead
2017-12-04 00:00:00,0.0,solar,2017-12-03 23:00:00,day_ahead
2017-12-04 01:00:00,0.0,solar,2017-12-03 23:00:00,day_ahead
2017-12-04 02:00:00,0.0,solar,2017-12-03 23:00:00,day_ahead
2017-12-04 03:00:00,0.0,solar,2017-12-03 23:00:00,day_ahead
2017-12-04 04:00:00,0.0,solar,2017-12-03 23:00:00,day_ahead
2017-12-04 05:00:00,0.0,solar,2017-12-03 23:00:00,day_ahead
2017-12-04 06:00:00,0.0,solar,2017-12-03 23:00:00,day_ahead
2017-12-04 07:00:00,0.92994619758406,solar,2017-12-03 23:00:00,day_ahead
2017-12-04 08:00:00,50.98828412404474,solar,2017-12-03 23:00:00,day_ahead
2017-12-04 09:00:00,159.17930881348866,solar,2017-12-03 23:00:00,day_ahead
2017-12-04 10:00:00,236.3485525768907,solar,2017-12-03 23:00:00,day_ahead
2017-12-04 11:00:00,276.20670688618833,solar,2017-12-03 23:00:00,day_ahead
2017-12-04 12:00:00,288.5602775570944,solar,2017-12-03 23:00:00,day_ahead
2017-12-04 13:00:00,276.72049089681593,solar,2017-12-03 23:00:00,day_ahead
2017-12-04 14:00:00,236.40378442609273,solar,2017-12-03 23:00:00,day_ahead
2017-12-04 15:00:00,160.71367966997818,solar,2017-12-03 23:00:00,day_ahead
2017-12-04 16:00:00,47.28145875846144,solar,2017-12-03 23:00:00,day_ahead
2017-12-04 17:00:00,0.302727067807402,solar,2017-12-03 23:00:00,day_ahead
2017-12-04 18:00:00,0.0,solar,2017-12-03 23:00:00,day_ahead
2017-12-04 19:00:00,0.0,solar,2017-12-03 23:00:00,day_ahead
2017-12-04 20:00:00,0.0,solar,2017-12-03 23:00:00,day_ahead
2017-12-04 21:00:00,0.0,solar,2017-12-03 23:00:00,day_ahead
2017-12-04 22:00:00,0.0,solar,2017-12-03 23:00:00,day_ahead
2017-12-04 23:00:00,0.0,solar,2017-12-03 23:00:00,day_ahead
2017-12-05 00:00:00,0.0,solar,2017-12-04 23:00:00,day_ahead
2017-12-05 01:00:00,0.0,solar,2017-12-04 23:00:00,day_ahead
2017-12-05 02:00:00,0.0,solar,2017-12-04 23:00:00,day_ahead
2017-12-05 03:00:00,0.0,solar,2017-12-04 23:00:00,day_ahead
2017-12-05 04:00:00,0.0,solar,2017-12-04 23:00:00,day_ahead
2017-12-05 05:00:00,0.0,solar,2017-12-04 23:00:00,day_ahead
2017-12-05 06:00:00,0.0,solar,2017-12-04 23:00:00,day_ahead
2017-12-05 07:00:00,0.9836250785067004,solar,2017-12-04 23:00:00,day_ahead
2017-12-05 08:00:00,51.70750981348149,solar,2017-12-04 23:00:00,day_ahead
2017-12-05 09:00:00,160.23359923643173,solar,2017-12-04 23:00:00,day_ahead
2017-12-05 10:00:00,237.17150144813039,solar,2017-12-04 23:00:00,day_ahead
2017-12-05 11:00:00,276.78216494349385,solar,2017-12-04 23:00:00,day_ahead
2017-12-05 12:00:00,289.0055715323205,solar,2017-12-04 23:00:00,day_ahead
2017-12-05 13:00:00,277.1071778904135,solar,2017-12-04 23:00:00,day_ahead
2017-12-05 14:00:00,236.93944184707132,solar,2017-12-04 23:00:00,day_ahead
2017-12-05 15:00:00,161.21968076720938,solar,2017-12-04 23:00:00,day_ahead
2017-12-05 16:00:00,47.42793326290576,solar,2017-12-04 23:00:00,day_ahead
2017-12-05 17:00:00,0.2969070796253552,solar,2017-12-04 23:00:00,day_ahead
2017-12-05 18:00:00,0.0,solar,2017-12-04 23:00:00,day_ahead
2017-12-05 19:00:00,0.0,solar,2017-12-04 23:00:00,day_ahead
2017-12-05 20:00:00,0.0,solar,2017-12-04 23:00:00,day_ahead
2017-12-05 21:00:00,0.0,solar,2017-12-04 23:00:00,day_ahead
2017-12-05 22:00:00,0.0,solar,2017-12-04 23:00:00,day_ahead
2017-12-05 23:00:00,0.0,solar,2017-12-04 23:00:00,day_ahead
2017-12-06 00:00:00,0.0,solar,2017-12-05 23:00:00,day_ahead
2017-12-06 01:00:00,0.0,solar,2017-12-05 23:00:00,day_ahead
2017-12-06 02:00:00,0.0,solar,2017-12-05 23:00:00,day_ahead
2017-12-06 03:00:00,0.0,solar,2017-12-05 23:00:00,day_ahead
2017-12-06 04:00:00,0.0,solar,2017-12-05 23:00:00,day_ahead
2017-12-06 05:00:00,0.0,solar,2017-12-05 23:00:00,day_ahead
2017-12-06 06:00:00,0.0,solar,2017-12-05 23:00:00,day_ahead
2017-12-06 07:00:00,1.0051392067912903,solar,2017-12-05 23:00:00,day_ahead
2017-12-06 08:00:00,51.61281516670156,solar,2017-12-05 23:00:00,day_ahead
2017-12-06 09:00:00,159.1150260999902,solar,2017-12-05 23:00:00,day_ahead
2017-12-06 10:00:00,234.89878877887278,solar,2017-12-05 23:00:00,day_ahead
2017-12-06 11:00:00,273.7496459369564,solar,2017-12-05 23:00:00,day_ahead
2017-12-06 12:00:00,285.69816173558104,solar,2017-12-05 23:00:00,day_ahead
2017-12-06 13:00:00,273.90857074495995,solar,2017-12-05 23:00:00,day_ahead
2017-12-06 14:00:00,234.2752217371328,solar,2017-12-05 23:00:00,day_ahead
2017-12-06 15:00:00,159.4118185466205,solar,2017-12-05 23:00:00,day_ahead
2017-12-06 16:00:00,46.893847932943245,solar,2017-12-05 23:00:00,day_ahead
2017-12-06 17:00:00,0.2877035983119253,solar,2017-12-05 23:00:00,day_ahead
2017-12-06 18:00:00,0.0,solar,2017-12-05 23:00:00,day_ahead
2017-12-06 19:00:00,0.0,solar,2017-12-05 23:00:00,day_ahead
2017-12-06 20:00:00,0.0,solar,2017-12-05 23:00:00,day_ahead
2017-12-06 21:00:00,0.0,solar,2017-12-05 23:00:00,day_ahead
2017-12-06 22:00:00,0.0,solar,2017-12-05 23:00:00,day_ahead
2017-12-06 23:00:00,0.0,solar,2017-12-05 23:00:00,day_ahead
2017-12-07 00:00:00,0.0,solar,2017-12-06 23:00:00,day_ahead
2017-12-07 01:00:00,0.0,solar,2017-12-06 23:00:00,day_ahead
2017-12-07 02:00:00,0.0,solar,2017-12-06 23:00:00,day_ahead
2017-12-07 03:00:00,0.0,solar,2017-12-06 23:00:00,day_ahead
2017-12-07 04:00:00,0.0,solar,2017-12-06 23:00:00,day_ahead
2017-12-07 05:00:00,0.0,solar,2017-12-06 23:00:00,day_ahead
2017-12-07 06:00:00,0.0,solar,2017-12-06 23:00:00,day_ahead
2017-12-07 07:00:00,1.0005273072337937,solar,2017-12-06 23:00:00,day_ahead
2017-12-07 08:00:00,50.17756450589127,solar,2017-12-06 23:00:00,day_ahead
2017-12-07 09:00:00,153.85835636980391,solar,2017-12-06 23:00:00,day_ahead
2017-12-07 10:00:00,226.699088960635,solar,2017-12-06 23:00:00,day_ahead
2017-12-07 11:00:00,263.79738258766946,solar,2017-12-06 23:00:00,day_ahead
2017-12-07 12:00:00,275.35208134820084,solar,2017-12-06 23:00:00,day_ahead
2017-12-07 13:00:00,263.93138975227083,solar,2017-12-06 23:00:00,day_ahead
2017-12-07 14:00:00,225.8956345148942,solar,2017-12-06 23:00:00,day_ahead
2017-12-07 15:00:00,153.7783131201702,solar,2017-12-06 23:00:00,day_ahead
2017-12-07 16:00:00,45.251946442869155,solar,2017-12-06 23:00:00,day_ahead
2017-12-07 17:00:00,0.27229537775797347,solar,2017-12-06 23:00:00,day_ahead
2017-12-07 18:00:00,0.0,solar,2017-12-06 23:00:00,day_ahead
2017-12-07 19:00:00,0.0,solar,2017-12-06 23:00:00,day_ahead
2017-12-07 20:00:00,0.0,solar,2017-12-06 23:00:00,day_ahead
2017-12-07 21:00:00,0.0,solar,2017-12-06 23:00:00,day_ahead
2017-12-07 22:00:00,0.0,solar,2017-12-06 23:00:00,day_ahead
2017-12-07 23:00:00,0.0,solar,2017-12-06 23:00:00,day_ahead
2017-12-08 00:00:00,0.0,solar,2017-12-07 23:00:00,day_ahead
2017-12-08 01:00:00,0.0,solar,2017-12-07 23:00:00,day_ahead
2017-12-08 02:00:00,0.0,solar,2017-12-07 23:00:00,day_ahead
2017-12-08 03:00:00,0.0,solar,2017-12-07 23:00:00,day_ahead
2017-12-08 04:00:00,0.0,solar,2017-12-07 23:00:00,day_ahead
2017-12-08 05:00:00,0.0,solar,2017-12-07 23:00:00,day_ahead
2017-12-08 06:00:00,0.0,solar,2017-12-07 23:00:00,day_ahead
2017-12-08 07:00:00,1.0103306491864363,solar,2017-12-07 23:00:00,day_ahead
2017-12-08 08:00:00,49.47777549529207,solar,2017-12-07 23:00:00,day_ahead
2017-12-08 09:00:00,150.86038845068026,solar,2017-12-07 23:00:00,day_ahead
2017-12-08 10:00:00,222.10300375285388,solar,2017-12-07 23:00:00,day_ahead
2017-12-08 11:00:00,258.408364576118,solar,2017-12-07 23:00:00,day_ahead
2017-12-08 12:00:00,269.57657839871314,solar,2017-12-07 23:00:00,day_ahead
2017-12-08 13:00:00,258.5847110353532,solar,2017-12-07 23:00:00,day_ahead
2017-12-08 14:00:00,221.44024981185746,solar,2017-12-07 23:00:00,day_ahead
2017-12-08 15:00:00,150.7201887902495,solar,2017-12-07 23:00:00,day_ahead
2017-12-08 16:00:00,44.34234488769257,solar,2017-12-07 23:00:00,day_ahead
2017-12-08 17:00:00,0.2620712270465518,solar,2017-12-07 23:00:00,day_ahead
2017-12-08 18:00:00,0.0,solar,2017-12-07 23:00:00,day_ahead
2017-12-08 19:00:00,0.0,solar,2017-12-07 23:00:00,day_ahead
2017-12-08 20:00:00,0.0,solar,2017-12-07 23:00:00,day_ahead
2017-12-08 21:00:00,0.0,solar,2017-12-07 23:00:00,day_ahead
2017-12-08 22:00:00,0.0,solar,2017-12-07 23:00:00,day_ahead
2017-12-08 23:00:00,0.0,solar,2017-12-07 23:00:00,day_ahead
2017-12-09 00:00:00,0.0,solar,2017-12-08 23:00:00,day_ahead
2017-12-09 01:00:00,0.0,solar,2017-12-08 23:00:00,day_ahead
2017-12-09 02:00:00,0.0,solar,2017-12-08 23:00:00,day_ahead
2017-12-09 03:00:00,0.0,solar,2017-12-08 23:00:00,day_ahead
2017-12-09 04:00:00,0.0,solar,2017-12-08 23:00:00,day_ahead
2017-12-09 05:00:00,0.0,solar,2017-12-08 23:00:00,day_ahead
2017-12-09 06:00:00,0.0,solar,2017-12-08 23:00:00,day_ahead
2017-12-09 07:00:00,0.8445627730254723,solar,2017-12-08 23:00:00,day_ahead
2017-12-09 08:00:00,40.78455095342681,solar,2017-12-08 23:00:00,day_ahead
2017-12-09 09:00:00,124.00101412029251,solar,2017-12-08 23:00:00,day_ahead
2017-12-09 10:00:00,182.22312524205427,solar,2017-12-08 23:00:00,day_ahead
2017-12-09 11:00:00,211.77987039529472,solar,2017-12-08 23:00:00,day_ahead
2017-12-09 12:00:00,220.57671794504145,solar,2017-12-08 23:00:00,day_ahead
2017-12-09 13:00:00,211.21883968796828,solar,2017-12-08 23:00:00,day_ahead
2017-12-09 14:00:00,180.50834460916505,solar,2017-12-08 23:00:00,day_ahead
2017-12-09 15:00:00,122.74820876587611,solar,2017-12-08 23:00:00,day_ahead
2017-12-09 16:00:00,36.071442558169906,solar,2017-12-08 23:00:00,day_ahead
2017-12-09 17:00:00,0.21243223856976584,solar,2017-12-08 23:00:00,day_ahead
2017-12-09 18:00:00,0.0,solar,2017-12-08 23:00:00,day_ahead
2017-12-09 19:00:00,0.0,solar,2017-12-08 23:00:00,day_ahead
2017-12-09 20:00:00,0.0,solar,2017-12-08 23:00:00,day_ahead
2017-12-09 21:00:00,0.0,solar,2017-12-08 23:00:00,day_ahead
2017-12-09 22:00:00,0.0,solar,2017-12-08 23:00:00,day_ahead
2017-12-09 23:00:00,0.0,solar,2017-12-08 23:00:00,day_ahead
2017-12-10 00:00:00,0.0,solar,2017-12-09 23:00:00,day_ahead
2017-12-10 01:00:00,0.0,solar,2017-12-09 23:00:00,day_ahead
2017-12-10 02:00:00,0.0,solar,2017-12-09 23:00:00,day_ahead
2017-12-10 03:00:00,0.0,solar,2017-12-09 23:00:00,day_ahead
2017-12-10 04:00:00,0.0,solar,2017-12-09 23:00:00,day_ahead
2017-12-10 05:00:00,0.0,solar,2017-12-09 23:00:00,day_ahead
2017-12-10 06:00:00,0.0,solar,2017-12-09 23:00:00,day_ahead
2017-12-10 07:00:00,0.7898888524439261,solar,2017-12-09 23:00:00,day_ahead
2017-12-10 08:00:00,38.395700514636346,solar,2017-12-09 23:00:00,day_ahead
2017-12-10 09:00:00,116.85950072085363,solar,2017-12-09 23:00:00,day_ahead
2017-12-10 10:00:00,172.01881637003007,solar,2017-12-09 23:00:00,day_ahead
2017-12-10 11:00:00,199.96144301333845,solar,2017-12-09 23:00:00,day_ahead
2017-12-10 12:00:00,208.17684544918555,solar,2017-12-09 23:00:00,day_ahead
2017-12-10 13:00:00,199.30505223116143,solar,2017-12-09 23:00:00,day_ahead
2017-12-10 14:00:00,170.29533713401435,solar,2017-12-09 23:00:00,day_ahead
2017-12-10 15:00:00,115.79553830398736,solar,2017-12-09 23:00:00,day_ahead
2017-12-10 16:00:00,34.02361528310224,solar,2017-12-09 23:00:00,day_ahead
2017-12-10 17:00:00,0.19868016969279045,solar,2017-12-09 23:00:00,day_ahead
2017-12-10 18:00:00,0.0,solar,2017-12-09 23:00:00,day_ahead
2017-12-10 19:00:00,0.0,solar,2017-12-09 23:00:00,day_ahead
2017-12-10 20:00:00,0.0,solar,2017-12-09 23:00:00,day_ahead
2017-12-10 21:00:00,0.0,solar,2017-12-09 23:00:00,day_ahead
2017-12-10 22:00:00,0.0,solar,2017-12-09 23:00:00,day_ahead
2017-12-10 23:00:00,0.0,solar,2017-12-09 23:00:00,day_ahead
2017-12-11 00:00:00,0.0,solar,2017-12-10 23:00:00,day_ahead
2017-12-11 01:00:00,0.0,solar,2017-12-10 23:00:00,day_ahead
2017-12-11 02:00:00,0.0,solar,2017-12-10 23:00:00,day_ahead
2017-12-11 03:00:00,0.0,solar,2017-12-10 23:00:00,day_ahead
2017-12-11 04:00:00,0.0,solar,2017-12-10 23:00:00,day_ahead
2017-12-11 05:00:00,0.0,solar,2017-12-10 23:00:00,day_ahead
2017-12-11 06:00:00,0.0,solar,2017-12-10 23:00:00,day_ahead
2017-12-11 07:00:00,0.6665029337634945,solar,2017-12-10 23:00:00,day_ahead
2017-12-11 08:00:00,32.69096291559537,solar,2017-12-10 23:00:00,day_ahead
2017-12-11 09:00:00,99.44364332688573,solar,2017-12-10 23:00:00,day_ahead
2017-12-11 10:00:00,146.06751035427615,solar,2017-12-10 23:00:00,day_ahead
2017-12-11 11:00:00,169.58470432378758,solar,2017-12-10 23:00:00,day_ahead
2017-12-11 12:00:00,176.57741132866462,solar,2017-12-10 23:00:00,day_ahead
2017-12-11 13:00:00,168.98034087979764,solar,2017-12-10 23:00:00,day_ahead
2017-12-11 14:00:00,144.189007742049,solar,2017-12-10 23:00:00,day_ahead
2017-12-11 15:00:00,97.93981855919655,solar,2017-12-10 23:00:00,day_ahead
2017-12-11 16:00:00,28.769503502904463,solar,2017-12-10 23:00:00,day_ahead
2017-12-11 17:00:00,0.1676449915442176,solar,2017-12-10 23:00:00,day_ahead
2017-12-11 18:00:00,0.0,solar,2017-12-10 23:00:00,day_ahead
2017-12-11 19:00:00,0.0,solar,2017-12-10 23:00:00,day_ahead
2017-12-11 20:00:00,0.0,solar,2017-12-10 23:00:00,day_ahead
2017-12-11 21:00:00,0.0,solar,2017-12-10 23:00:00,day_ahead
2017-12-11 22:00:00,0.0,solar,2017-12-10 23:00:00,day_ahead
2017-12-11 23:00:00,0.0,solar,2017-12-10 23:00:00,day_ahead
2017-12-12 00:00:00,0.0,solar,2017-12-11 23:00:00,day_ahead
2017-12-12 01:00:00,0.0,solar,2017-12-11 23:00:00,day_ahead
2017-12-12 02:00:00,0.0,solar,2017-12-11 23:00:00,day_ahead
2017-12-12 03:00:00,0.0,solar,2017-12-11 23:00:00,day_ahead
2017-12-12 04:00:00,0.0,solar,2017-12-11 23:00:00,day_ahead
2017-12-12 05:00:00,0.0,solar,2017-12-11 23:00:00,day_ahead
2017-12-12 06:00:00,0.0,solar,2017-12-11 23:00:00,day_ahead
2017-12-12 07:00:00,0.9150517496101044,solar,2017-12-11 23:00:00,day_ahead
2017-12-12 08:00:00,45.27020539001958,solar,2017-12-11 23:00:00,day_ahead
2017-12-12 09:00:00,138.59395234148525,solar,2017-12-11 23:00:00,day_ahead
2017-12-12 10:00:00,203.672370121248,solar,2017-12-11 23:00:00,day_ahead
2017-12-12 11:00:00,236.25069760821827,solar,2017-12-11 23:00:00,day_ahead
2017-12-12 12:00:00,245.33797994391574,solar,2017-12-11 23:00:00,day_ahead
2017-12-12 13:00:00,234.3670052267109,solar,2017-12-11 23:00:00,day_ahead
2017-12-12 14:00:00,200.0116575675041,solar,2017-12-11 23:00:00,day_ahead
2017-12-12 15:00:00,135.94688130773787,solar,2017-12-11 23:00:00,day_ahead
2017-12-12 16:00:00,39.914111235752166,solar,2017-12-11 23:00:00,day_ahead
2017-12-12 17:00:00,0.2301622909348126,solar,2017-12-11 23:00:00,day_ahead
2017-12-12 18:00:00,0.0,solar,2017-12-11 23:00:00,day_ahead
2017-12-12 19:00:00,0.0,solar,2017-12-11 23:00:00,day_ahead
2017-12-12 20:00:00,0.0,solar,2017-12-11 23:00:00,day_ahead
2017-12-12 21:00:00,0.0,solar,2017-12-11 23:00:00,day_ahead
2017-12-12 22:00:00,0.0,solar,2017-12-11 23:00:00,day_ahead
2017-12-12 23:00:00,0.0,solar,2017-12-11 23:00:00,day_ahead
2017-12-13 00:00:00,0.0,solar,2017-12-12 23:00:00,day_ahead
2017-12-13 01:00:00,0.0,solar,2017-12-12 23:00:00,day_ahead
2017-12-13 02:00:00,0.0,solar,2017-12-12 23:00:00,day_ahead
2017-12-13 03:00:00,0.0,solar,2017-12-12 23:00:00,day_ahead
2017-12-13 04:00:00,0.0,solar,2017-12-12 23:00:00,day_ahead
2017-12-13 05:00:00,0.0,solar,2017-12-12 23:00:00,day_ahead
2017-12-13 06:00:00,0.0,solar,2017-12-12 23:00:00,day_ahead
2017-12-13 07:00:00,1.0449810272058808,solar,2017-12-12 23:00:00,day_ahead
2017-12-13 08:00:00,52.0652123589249,solar,2017-12-12 23:00:00,day_ahead
2017-12-13 09:00:00,159.10832469021085,solar,2017-12-12 23:00:00,day_ahead
2017-12-13 10:00:00,233.48783929541563,solar,2017-12-12 23:00:00,day_ahead
2017-12-13 11:00:00,270.6514010614562,solar,2017-12-12 23:00:00,day_ahead
2017-12-13 12:00:00,280.99887551576904,solar,2017-12-12 23:00:00,day_ahead
2017-12-13 13:00:00,268.4231528296498,solar,2017-12-12 23:00:00,day_ahead
2017-12-13 14:00:00,229.2449457493464,solar,2017-12-12 23:00:00,day_ahead
2017-12-13 15:00:00,155.94331793742512,solar,2017-12-12 23:00:00,day_ahead
2017-12-13 16:00:00,45.75910672328937,solar,2017-12-12 23:00:00,day_ahead
2017-12-13 17:00:00,0.25891934267843436,solar,2017-12-12 23:00:00,day_ahead
2017-12-13 18:00:00,0.0,solar,2017-12-12 23:00:00,day_ahead
2017-12-13 19:00:00,0.0,solar,2017-12-12 23:00:00,day_ahead
2017-12-13 20:00:00,0.0,solar,2017-12-12 23:00:00,day_ahead
2017-12-13 21:00:00,0.0,solar,2017-12-12 23:00:00,day_ahead
2017-12-13 22:00:00,0.0,solar,2017-12-12 23:00:00,day_ahead
2017-12-13 23:00:00,0.0,solar,2017-12-12 23:00:00,day_ahead
2017-12-14 00:00:00,0.0,solar,2017-12-13 23:00:00,day_ahead
2017-12-14 01:00:00,0.0,solar,2017-12-13 23:00:00,day_ahead
2017-12-14 02:00:00,0.0,solar,2017-12-13 23:00:00,day_ahead
2017-12-14 03:00:00,0.0,solar,2017-12-13 23:00:00,day_ahead
2017-12-14 04:00:00,0.0,solar,2017-12-13 23:00:00,day_ahead
2017-12-14 05:00:00,0.0,solar,2017-12-13 23:00:00,day_ahead
2017-12-14 06:00:00,0.0,solar,2017-12-13 23:00:00,day_ahead
2017-12-14 07:00:00,0.9606741463637876,solar,2017-12-13 23:00:00,day_ahead
2017-12-14 08:00:00,48.10740805578132,solar,2017-12-13 23:00:00,day_ahead
2017-12-14 09:00:00,146.73443885780364,solar,2017-12-13 23:00:00,day_ahead
2017-12-14 10:00:00,214.91281727694056,solar,2017-12-13 23:00:00,day_ahead
2017-12-14 11:00:00,248.9429506964265,solar,2017-12-13 23:00:00,day_ahead
2017-12-14 12:00:00,258.23090047874405,solar,2017-12-13 23:00:00,day_ahead
2017-12-14 13:00:00,246.40176045255527,solar,2017-12-13 23:00:00,day_ahead
2017-12-14 14:00:00,210.47610709524824,solar,2017-12-13 23:00:00,day_ahead
2017-12-14 15:00:00,143.00559040854606,solar,2017-12-13 23:00:00,day_ahead
2017-12-14 16:00:00,41.87249691670101,solar,2017-12-13 23:00:00,day_ahead
2017-12-14 17:00:00,0.23452898033269964,solar,2017-12-13 23:00:00,day_ahead
2017-12-14 18:00:00,0.0,solar,2017-12-13 23:00:00,day_ahead
2017-12-14 19:00:00,0.0,solar,2017-12-13 23:00:00,day_ahead
2017-12-14 20:00:00,0.0,solar,2017-12-13 23:00:00,day_ahead
2017-12-14 21:00:00,0.0,solar,2017-12-13 23:00:00,day_ahead
2017-12-14 22:00:00,0.0,solar,2017-12-13 23:00:00,day_ahead
2017-12-14 23:00:00,0.0,solar,2017-12-13 23:00:00,day_ahead
2017-12-15 00:00:00,0.0,solar,2017-12-14 23:00:00,day_ahead
2017-12-15 01:00:00,0.0,solar,2017-12-14 23:00:00,day_ahead
2017-12-15 02:00:00,0.0,solar,2017-12-14 23:00:00,day_ahead
2017-12-15 03:00:00,0.0,solar,2017-12-14 23:00:00,day_ahead
2017-12-15 04:00:00,0.0,solar,2017-12-14 23:00:00,day_ahead
2017-12-15 05:00:00,0.0,solar,2017-12-14 23:00:00,day_ahead
2017-12-15 06:00:00,0.0,solar,2017-12-14 23:00:00,day_ahead
2017-12-15 07:00:00,0.6317228846853477,solar,2017-12-14 23:00:00,day_ahead
2017-12-15 08:00:00,31.708947186818744,solar,2017-12-14 23:00:00,day_ahead
2017-12-15 09:00:00,96.76882651346716,solar,2017-12-14 23:00:00,day_ahead
2017-12-15 10:00:00,141.77831588251075,solar,2017-12-14 23:00:00,day_ahead
2017-12-15 11:00:00,164.3232107084623,solar,2017-12-14 23:00:00,day_ahead
2017-12-15 12:00:00,170.50514589638357,solar,2017-12-14 23:00:00,day_ahead
2017-12-15 13:00:00,162.73579790620943,solar,2017-12-14 23:00:00,day_ahead
2017-12-15 14:00:00,138.91656510136136,solar,2017-12-14 23:00:00,day_ahead
2017-12-15 15:00:00,94.31680013652961,solar,2017-12-14 23:00:00,day_ahead
2017-12-15 16:00:00,27.59039200747793,solar,2017-12-14 23:00:00,day_ahead
2017-12-15 17:00:00,0.15422224967559087,solar,2017-12-14 23:00:00,day_ahead
2017-12-15 18:00:00,0.0,solar,2017-12-14 23:00:00,day_ahead
2017-12-15 19:00:00,0.0,solar,2017-12-14 23:00:00,day_ahead
2017-12-15 20:00:00,0.0,solar,2017-12-14 23:00:00,day_ahead
2017-12-15 21:00:00,0.0,solar,2017-12-14 23:00:00,day_ahead
2017-12-15 22:00:00,0.0,solar,2017-12-14 23:00:00,day_ahead
2017-12-15 23:00:00,0.0,solar,2017-12-14 23:00:00,day_ahead
2017-12-16 00:00:00,0.0,solar,2017-12-15 23:00:00,day_ahead
2017-12-16 01:00:00,0.0,solar,2017-12-15 23:00:00,day_ahead
2017-12-16 02:00:00,0.0,solar,2017-12-15 23:00:00,day_ahead
2017-12-16 03:00:00,0.0,solar,2017-12-15 23:00:00,day_ahead
2017-12-16 04:00:00,0.0,solar,2017-12-15 23:00:00,day_ahead
2017-12-16 05:00:00,0.0,solar,2017-12-15 23:00:00,day_ahead
2017-12-16 06:00:00,0.0,solar,2017-12-15 23:00:00,day_ahead
2017-12-16 07:00:00,0.6491825903367309,solar,2017-12-15 23:00:00,day_ahead
2017-12-16 08:00:00,32.70946439601487,solar,2017-12-15 23:00:00,day_ahead
2017-12-16 09:00:00,99.89215226135359,solar,2017-12-15 23:00:00,day_ahead
2017-12-16 10:00:00,146.393900265264,solar,2017-12-15 23:00:00,day_ahead
2017-12-16 11:00:00,169.73377943476973,solar,2017-12-15 23:00:00,day_ahead
2017-12-16 12:00:00,176.12476871395572,solar,2017-12-15 23:00:00,day_ahead
2017-12-16 13:00:00,167.9115121593948,solar,2017-12-15 23:00:00,day_ahead
2017-12-16 14:00:00,143.30981994000908,solar,2017-12-15 23:00:00,day_ahead
2017-12-16 15:00:00,97.24821854000156,solar,2017-12-15 23:00:00,day_ahead
2017-12-16 16:00:00,28.43888342905313,solar,2017-12-15 23:00:00,day_ahead
2017-12-16 17:00:00,0.15848468115638223,solar,2017-12-15 23:00:00,day_ahead
2017-12-16 18:00:00,0.0,solar,2017-12-15 23:00:00,day_ahead
2017-12-16 19:00:00,0.0,solar,2017-12-15 23:00:00,day_ahead
2017-12-16 20:00:00,0.0,solar,2017-12-15 23:00:00,day_ahead
2017-12-16 21:00:00,0.0,solar,2017-12-15 23:00:00,day_ahead
2017-12-16 22:00:00,0.0,solar,2017-12-15 23:00:00,day_ahead
2017-12-16 23:00:00,0.0,solar,2017-12-15 23:00:00,day_ahead
2017-12-17 00:00:00,0.0,solar,2017-12-16 23:00:00,day_ahead
2017-12-17 01:00:00,0.0,solar,2017-12-16 23:00:00,day_ahead
2017-12-17 02:00:00,0.0,solar,2017-12-16 23:00:00,day_ahead
2017-12-17 03:00:00,0.0,solar,2017-12-16 23:00:00,day_ahead
2017-12-17 04:00:00,0.0,solar,2017-12-16 23:00:00,day_ahead
2017-12-17 05:00:00,0.0,solar,2017-12-16 23:00:00,day_ahead
2017-12-17 06:00:00,0.0,solar,2017-12-16 23:00:00,day_ahead
2017-12-17 07:00:00,1.0308198824137413,solar,2017-12-16 23:00:00,day_ahead
2017-12-17 08:00:00,52.21664874923409,solar,2017-12-16 23:00:00,day_ahead
2017-12-17 09:00:00,159.39503241619806,solar,2017-12-16 23:00:00,day_ahead
2017-12-17 10:00:00,233.34404353595454,solar,2017-12-16 23:00:00,day_ahead
2017-12-17 11:00:00,270.3905866122011,solar,2017-12-16 23:00:00,day_ahead
2017-12-17 12:00:00,280.4662769652299,solar,2017-12-16 23:00:00,day_ahead
2017-12-17 13:00:00,267.47923038256863,solar,2017-12-16 23:00:00,day_ahead
2017-12-17 14:00:00,228.4133038943871,solar,2017-12-16 23:00:00,day_ahead
2017-12-17 15:00:00,155.13811595174914,solar,2017-12-16 23:00:00,day_ahead
2017-12-17 16:00:00,45.3843777978262,solar,2017-12-16 23:00:00,day_ahead
2017-12-17 17:00:00,0.2480056421442579,solar,2017-12-16 23:00:00,day_ahead
2017-12-17 18:00:00,0.0,solar,2017-12-16 23:00:00,day_ahead
2017-12-17 19:00:00,0.0,solar,2017-12-16 23:00:00,day_ahead
2017-12-17 20:00:00,0.0,solar,2017-12-16 23:00:00,day_ahead
2017-12-17 21:00:00,0.0,solar,2017-12-16 23:00:00,day_ahead
2017-12-17 22:00:00,0.0,solar,2017-12-16 23:00:00,day_ahead
2017-12-17 23:00:00,0.0,solar,2017-12-16 23:00:00,day_ahead
2017-12-18 00:00:00,0.0,solar,2017-12-17 23:00:00,day_ahead
2017-12-18 01:00:00,0.0,solar,2017-12-17 23:00:00,day_ahead
2017-12-18 02:00:00,0.0,solar,2017-12-17 23:00:00,day_ahead
2017-12-18 03:00:00,0.0,solar,2017-12-17 23:00:00,day_ahead
2017-12-18 04:00:00,0.0,solar,2017-12-17 23:00:00,day_ahead
2017-12-18 05:00:00,0.0,solar,2017-12-17 23:00:00,day_ahead
2017-12-18 06:00:00,0.0,solar,2017-12-17 23:00:00,day_ahead
2017-12-18 07:00:00,1.0377752855261668,solar,2017-12-17 23:00:00,day_ahead
2017-12-18 08:00:00,52.826175959107836,solar,2017-12-17 23:00:00,day_ahead
2017-12-18 09:00:00,161.21747589729995,solar,2017-12-17 23:00:00,day_ahead
2017-12-18 10:00:00,235.78796839135273,solar,2017-12-17 23:00:00,day_ahead
2017-12-18 11:00:00,273.0705580928031,solar,2017-12-17 23:00:00,day_ahead
2017-12-18 12:00:00,283.1730920411094,solar,2017-12-17 23:00:00,day_ahead
2017-12-18 13:00:00,270.12212363786057,solar,2017-12-17 23:00:00,day_ahead
2017-12-18 14:00:00,230.83557450779318,solar,2017-12-17 23:00:00,day_ahead
2017-12-18 15:00:00,156.96341609935982,solar,2017-12-17 23:00:00,day_ahead
2017-12-18 16:00:00,45.957117051568716,solar,2017-12-17 23:00:00,day_ahead
2017-12-18 17:00:00,0.24611138334081936,solar,2017-12-17 23:00:00,day_ahead
2017-12-18 18:00:00,0.0,solar,2017-12-17 23:00:00,day_ahead
2017-12-18 19:00:00,0.0,solar,2017-12-17 23:00:00,day_ahead
2017-12-18 20:00:00,0.0,solar,2017-12-17 23:00:00,day_ahead
2017-12-18 21:00:00,0.0,solar,2017-12-17 23:00:00,day_ahead
2017-12-18 22:00:00,0.0,solar,2017-12-17 23:00:00,day_ahead
2017-12-18 23:00:00,0.0,solar,2017-12-17 23:00:00,day_ahead
2017-12-19 00:00:00,0.0,solar,2017-12-18 23:00:00,day_ahead
2017-12-19 01:00:00,0.0,solar,2017-12-18 23:00:00,day_ahead
2017-12-19 02:00:00,0.0,solar,2017-12-18 23:00:00,day_ahead
2017-12-19 03:00:00,0.0,solar,2017-12-18 23:00:00,day_ahead
2017-12-19 04:00:00,0.0,solar,2017-12-18 23:00:00,day_ahead
2017-12-19 05:00:00,0.0,solar,2017-12-18 23:00:00,day_ahead
2017-12-19 06:00:00,0.0,solar,2017-12-18 23:00:00,day_ahead
2017-12-19 07:00:00,1.029160226058026,solar,2017-12-18 23:00:00,day_ahead
2017-12-19 08:00:00,52.5630245545711,solar,2017-12-18 23:00:00,day_ahead
2017-12-19 09:00:00,160.52650234432838,solar,2017-12-18 23:00:00,day_ahead
2017-12-19 10:00:00,234.61052158741833,solar,2017-12-18 23:00:00,day_ahead
2017-12-19 11:00:00,271.5556934859413,solar,2017-12-18 23:00:00,day_ahead
2017-12-19 12:00:00,281.53471080188206,solar,2017-12-18 23:00:00,day_ahead
2017-12-19 13:00:00,268.62943158277113,solar,2017-12-18 23:00:00,day_ahead
2017-12-19 14:00:00,229.66693875188486,solar,2017-12-18 23:00:00,day_ahead
2017-12-19 15:00:00,156.33819256806132,solar,2017-12-18 23:00:00,day_ahead
2017-12-19 16:00:00,45.80345920737725,solar,2017-12-18 23:00:00,day_ahead
2017-12-19 17:00:00,0.24062993330879756,solar,2017-12-18 23:00:00,day_ahead
2017-12-19 18:00:00,0.0,solar,2017-12-18 23:00:00,day_ahead
2017-12-19 19:00:00,0.0,solar,2017-12-18 23:00:00,day_ahead
2017-12-19 20:00:00,0.0,solar,2017-12-18 23:00:00,day_ahead
2017-12-19 21:00:00,0.0,solar,2017-12-18 23:00:00,day_ahead
2017-12-19 22:00:00,0.0,solar,2017-12-18 23:00:00,day_ahead
2017-12-19 23:00:00,0.0,solar,2017-12-18 23:00:00,day_ahead
2017-12-20 00:00:00,0.0,solar,2017-12-19 23:00:00,day_ahead
2017-12-20 01:00:00,0.0,solar,2017-12-19 23:00:00,day_ahead
2017-12-20 02:00:00,0.0,solar,2017-12-19 23:00:00,day_ahead
2017-12-20 03:00:00,0.0,solar,2017-12-19 23:00:00,day_ahead
2017-12-20 04:00:00,0.0,solar,2017-12-19 23:00:00,day_ahead
2017-12-20 05:00:00,0.0,solar,2017-12-19 23:00:00,day_ahead
2017-12-20 06:00:00,0.0,solar,2017-12-19 23:00:00,day_ahead
2017-12-20 07:00:00,1.0125264299158672,solar,2017-12-19 23:00:00,day_ahead
2017-12-20 08:00:00,51.83895903271625,solar,2017-12-19 23:00:00,day_ahead
2017-12-20 09:00:00,158.45248430653163,solar,2017-12-19 23:00:00,day_ahead
2017-12-20 10:00:00,231.40951413184317,solar,2017-12-19 23:00:00,day_ahead
2017-12-20 11:00:00,267.730768963273,solar,2017-12-19 23:00:00,day_ahead
2017-12-20 12:00:00,277.52460716074245,solar,2017-12-19 23:00:00,day_ahead
2017-12-20 13:00:00,264.90584515121543,solar,2017-12-19 23:00:00,day_ahead
2017-12-20 14:00:00,226.58522932238105,solar,2017-12-19 23:00:00,day_ahead
2017-12-20 15:00:00,154.40313174911273,solar,2017-12-19 23:00:00,day_ahead
2017-12-20 16:00:00,45.281014780060794,solar,2017-12-19 23:00:00,day_ahead
2017-12-20 17:00:00,0.24751755911735815,solar,2017-12-19 23:00:00,day_ahead
2017-12-20 18:00:00,0.0,solar,2017-12-19 23:00:00,day_ahead
2017-12-20 19:00:00,0.0,solar,2017-12-19 23:00:00,day_ahead
2017-12-20 20:00:00,0.0,solar,2017-12-19 23:00:00,day_ahead
2017-12-20 21:00:00,0.0,solar,2017-12-19 23:00:00,day_ahead
2017-12-20 22:00:00,0.0,solar,2017-12-19 23:00:00,day_ahead
2017-12-20 23:00:00,0.0,solar,2017-12-19 23:00:00,day_ahead
2017-12-21 00:00:00,0.0,solar,2017-12-20 23:00:00,day_ahead
2017-12-21 01:00:00,0.0,solar,2017-12-20 23:00:00,day_ahead
2017-12-21 02:00:00,0.0,solar,2017-12-20 23:00:00,day_ahead
2017-12-21 03:00:00,0.0,solar,2017-12-20 23:00:00,day_ahead
2017-12-21 04:00:00,0.0,solar,2017-12-20 23:00:00,day_ahead
2017-12-21 05:00:00,0.0,solar,2017-12-20 23:00:00,day_ahead
2017-12-21 06:00:00,0.0,solar,2017-12-20 23:00:00,day_ahead
2017-12-21 07:00:00,1.0138389120925972,solar,2017-12-20 23:00:00,day_ahead
2017-12-21 08:00:00,52.01454048753844,solar,2017-12-20 23:00:00,day_ahead
2017-12-21 09:00:00,159.13723711412078,solar,2017-12-20 23:00:00,day_ahead
2017-12-21 10:00:00,232.27143014410794,solar,2017-12-20 23:00:00,day_ahead
2017-12-21 11:00:00,268.6415466873628,solar,2017-12-20 23:00:00,day_ahead
2017-12-21 12:00:00,278.42484498138924,solar,2017-12-20 23:00:00,day_ahead
2017-12-21 13:00:00,265.81004375483667,solar,2017-12-20 23:00:00,day_ahead
2017-12-21 14:00:00,227.49318722314987,solar,2017-12-20 23:00:00,day_ahead
2017-12-21 15:00:00,155.17986439670432,solar,2017-12-20 23:00:00,day_ahead
2017-12-21 16:00:00,45.53806666400008,solar,2017-12-20 23:00:00,day_ahead
2017-12-21 17:00:00,0.2583338575295159,solar,2017-12-20 23:00:00,day_ahead
2017-12-21 18:00:00,0.0,solar,2017-12-20 23:00:00,day_ahead
2017-12-21 19:00:00,0.0,solar,2017-12-20 23:00:00,day_ahead
2017-12-21 20:00:00,0.0,solar,2017-12-20 23:00:00,day_ahead
2017-12-21 21:00:00,0.0,solar,2017-12-20 23:00:00,day_ahead
2017-12-21 22:00:00,0.0,solar,2017-12-20 23:00:00,day_ahead
2017-12-21 23:00:00,0.0,solar,2017-12-20 23:00:00,day_ahead
2017-12-22 00:00:00,0.0,solar,2017-12-21 23:00:00,day_ahead
2017-12-22 01:00:00,0.0,solar,2017-12-21 23:00:00,day_ahead
2017-12-22 02:00:00,0.0,solar,2017-12-21 23:00:00,day_ahead
2017-12-22 03:00:00,0.0,solar,2017-12-21 23:00:00,day_ahead
2017-12-22 04:00:00,0.0,solar,2017-12-21 23:00:00,day_ahead
2017-12-22 05:00:00,0.0,solar,2017-12-21 23:00:00,day_ahead
2017-12-22 06:00:00,0.0,solar,2017-12-21 23:00:00,day_ahead
2017-12-22 07:00:00,1.0217457012125273,solar,2017-12-21 23:00:00,day_ahead
2017-12-22 08:00:00,52.498852528468134,solar,2017-12-21 23:00:00,day_ahead
2017-12-22 09:00:00,160.82074638996576,solar,2017-12-21 23:00:00,day_ahead
2017-12-22 10:00:00,234.6477222041217,solar,2017-12-21 23:00:00,day_ahead
2017-12-22 11:00:00,271.3584722568787,solar,2017-12-21 23:00:00,day_ahead
2017-12-22 12:00:00,281.19528610315905,solar,2017-12-21 23:00:00,day_ahead
2017-12-22 13:00:00,268.5020263746454,solar,2017-12-21 23:00:00,day_ahead
2017-12-22 14:00:00,229.89730357065093,solar,2017-12-21 23:00:00,day_ahead
2017-12-22 15:00:00,156.96928033667905,solar,2017-12-21 23:00:00,day_ahead
2017-12-22 16:00:00,46.11533280001601,solar,2017-12-21 23:00:00,day_ahead
2017-12-22 17:00:00,0.2706399445169437,solar,2017-12-21 23:00:00,day_ahead
2017-12-22 18:00:00,0.0,solar,2017-12-21 23:00:00,day_ahead
2017-12-22 19:00:00,0.0,solar,2017-12-21 23:00:00,day_ahead
2017-12-22 20:00:00,0.0,solar,2017-12-21 23:00:00,day_ahead
2017-12-22 21:00:00,0.0,solar,2017-12-21 23:00:00,day_ahead
2017-12-22 22:00:00,0.0,solar,2017-12-21 23:00:00,day_ahead
2017-12-22 23:00:00,0.0,solar,2017-12-21 23:00:00,day_ahead
2017-12-23 00:00:00,0.0,solar,2017-12-22 23:00:00,day_ahead
2017-12-23 01:00:00,0.0,solar,2017-12-22 23:00:00,day_ahead
2017-12-23 02:00:00,0.0,solar,2017-12-22 23:00:00,day_ahead
2017-12-23 03:00:00,0.0,solar,2017-12-22 23:00:00,day_ahead
2017-12-23 04:00:00,0.0,solar,2017-12-22 23:00:00,day_ahead
2017-12-23 05:00:00,0.0,solar,2017-12-22 23:00:00,day_ahead
2017-12-23 06:00:00,0.0,solar,2017-12-22 23:00:00,day_ahead
2017-12-23 07:00:00,0.9999934286755754,solar,2017-12-22 23:00:00,day_ahead
2017-12-23 08:00:00,52.13810255421265,solar,2017-12-22 23:00:00,day_ahead
2017-12-23 09:00:00,159.96508643898682,solar,2017-12-22 23:00:00,day_ahead
2017-12-23 10:00:00,233.30164337365622,solar,2017-12-22 23:00:00,day_ahead
2017-12-23 11:00:00,269.67688582163623,solar,2017-12-22 23:00:00,day_ahead
2017-12-23 12:00:00,279.4394440486004,solar,2017-12-22 23:00:00,day_ahead
2017-12-23 13:00:00,266.89476814779647,solar,2017-12-22 23:00:00,day_ahead
2017-12-23 14:00:00,228.66587440969823,solar,2017-12-22 23:00:00,day_ahead
2017-12-23 15:00:00,156.26319734201095,solar,2017-12-22 23:00:00,day_ahead
2017-12-23 16:00:00,45.97158177139018,solar,2017-12-22 23:00:00,day_ahead
2017-12-23 17:00:00,0.2783945417594255,solar,2017-12-22 23:00:00,day_ahead
2017-12-23 18:00:00,0.0,solar,2017-12-22 23:00:00,day_ahead
2017-12-23 19:00:00,0.0,solar,2017-12-22 23:00:00,day_ahead
2017-12-23 20:00:00,0.0,solar,2017-12-22 23:00:00,day_ahead
2017-12-23 21:00:00,0.0,solar,2017-12-22 23:00:00,day_ahead
2017-12-23 22:00:00,0.0,solar,2017-12-22 23:00:00,day_ahead
2017-12-23 23:00:00,0.0,solar,2017-12-22 23:00:00,day_ahead
2017-12-24 00:00:00,0.0,solar,2017-12-23 23:00:00,day_ahead
2017-12-24 01:00:00,0.0,solar,2017-12-23 23:00:00,day_ahead
2017-12-24 02:00:00,0.0,solar,2017-12-23 23:00:00,day_ahead
2017-12-24 03:00:00,0.0,solar,2017-12-23 23:00:00,day_ahead
2017-12-24 04:00:00,0.0,solar,2017-12-23 23:00:00,day_ahead
2017-12-24 05:00:00,0.0,solar,2017-12-23 23:00:00,day_ahead
2017-12-24 06:00:00,0.0,solar,2017-12-23 23:00:00,day_ahead
2017-12-24 07:00:00,0.9693833024162535,solar,2017-12-23 23:00:00,day_ahead
2017-12-24 08:00:00,51.05313804833296,solar,2017-12-23 23:00:00,day_ahead
2017-12-24 09:00:00,156.90286147188624,solar,2017-12-23 23:00:00,day_ahead
2017-12-24 10:00:00,229.0951778425784,solar,2017-12-23 23:00:00,day_ahead
2017-12-24 11:00:00,265.0776035153771,solar,2017-12-23 23:00:00,day_ahead
2017-12-24 12:00:00,274.84268582206164,solar,2017-12-23 23:00:00,day_ahead
2017-12-24 13:00:00,262.61649387078427,solar,2017-12-23 23:00:00,day_ahead
2017-12-24 14:00:00,225.0730042540421,solar,2017-12-23 23:00:00,day_ahead
2017-12-24 15:00:00,153.9039045874637,solar,2017-12-23 23:00:00,day_ahead
2017-12-24 16:00:00,45.298120386997226,solar,2017-12-23 23:00:00,day_ahead
2017-12-24 17:00:00,0.28297538226891655,solar,2017-12-23 23:00:00,day_ahead
2017-12-24 18:00:00,0.0,solar,2017-12-23 23:00:00,day_ahead
2017-12-24 19:00:00,0.0,solar,2017-12-23 23:00:00,day_ahead
2017-12-24 20:00:00,0.0,solar,2017-12-23 23:00:00,day_ahead
2017-12-24 21:00:00,0.0,solar,2017-12-23 23:00:00,day_ahead
2017-12-24 22:00:00,0.0,solar,2017-12-23 23:00:00,day_ahead
2017-12-24 23:00:00,0.0,solar,2017-12-23 23:00:00,day_ahead
2017-12-25 00:00:00,0.0,solar,2017-12-24 23:00:00,day_ahead
2017-12-25 01:00:00,0.0,solar,2017-12-24 23:00:00,day_ahead
2017-12-25 02:00:00,0.0,solar,2017-12-24 23:00:00,day_ahead
2017-12-25 03:00:00,0.0,solar,2017-12-24 23:00:00,day_ahead
2017-12-25 04:00:00,0.0,solar,2017-12-24 23:00:00,day_ahead
2017-12-25 05:00:00,0.0,solar,2017-12-24 23:00:00,day_ahead
2017-12-25 06:00:00,0.0,solar,2017-12-24 23:00:00,day_ahead
2017-12-25 07:00:00,0.8172202147616525,solar,2017-12-24 23:00:00,day_ahead
2017-12-25 08:00:00,43.3597690914132,solar,2017-12-24 23:00:00,day_ahead
2017-12-25 09:00:00,133.4892361640064,solar,2017-12-24 23:00:00,day_ahead
2017-12-25 10:00:00,194.91305713101892,solar,2017-12-24 23:00:00,day_ahead
2017-12-25 11:00:00,225.57880473507166,solar,2017-12-24 23:00:00,day_ahead
2017-12-25 12:00:00,234.04306229825903,solar,2017-12-24 23:00:00,day_ahead
2017-12-25 13:00:00,223.36043004466202,solar,2017-12-24 23:00:00,day_ahead
2017-12-25 14:00:00,191.03624818872518,solar,2017-12-24 23:00:00,day_ahead
2017-12-25 15:00:00,130.49712978664374,solar,2017-12-24 23:00:00,day_ahead
2017-12-25 16:00:00,38.353480788329556,solar,2017-12-24 23:00:00,day_ahead
2017-12-25 17:00:00,0.23855740315934543,solar,2017-12-24 23:00:00,day_ahead
2017-12-25 18:00:00,0.0,solar,2017-12-24 23:00:00,day_ahead
2017-12-25 19:00:00,0.0,solar,2017-12-24 23:00:00,day_ahead
2017-12-25 20:00:00,0.0,solar,2017-12-24 23:00:00,day_ahead
2017-12-25 21:00:00,0.0,solar,2017-12-24 23:00:00,day_ahead
2017-12-25 22:00:00,0.0,solar,2017-12-24 23:00:00,day_ahead
2017-12-25 23:00:00,0.0,solar,2017-12-24 23:00:00,day_ahead
2017-12-26 00:00:00,0.0,solar,2017-12-25 23:00:00,day_ahead
2017-12-26 01:00:00,0.0,solar,2017-12-25 23:00:00,day_ahead
2017-12-26 02:00:00,0.0,solar,2017-12-25 23:00:00,day_ahead
2017-12-26 03:00:00,0.0,solar,2017-12-25 23:00:00,day_ahead
2017-12-26 04:00:00,0.0,solar,2017-12-25 23:00:00,day_ahead
2017-12-26 05:00:00,0.0,solar,2017-12-25 23:00:00,day_ahead
2017-12-26 06:00:00,0.0,solar,2017-12-25 23:00:00,day_ahead
2017-12-26 07:00:00,0.7329109316270016,solar,2017-12-25 23:00:00,day_ahead
2017-12-26 08:00:00,39.11429665275525,solar,2017-12-25 23:00:00,day_ahead
2017-12-26 09:00:00,120.50005768870426,solar,2017-12-25 23:00:00,day_ahead
2017-12-26 10:00:00,176.141652355276,solar,2017-12-25 23:00:00,day_ahead
2017-12-26 11:00:00,203.93094329482742,solar,2017-12-25 23:00:00,day_ahead
2017-12-26 12:00:00,211.41297791478604,solar,2017-12-25 23:00:00,day_ahead
2017-12-26 13:00:00,201.43619090285853,solar,2017-12-25 23:00:00,day_ahead
2017-12-26 14:00:00,172.21898160609845,solar,2017-12-25 23:00:00,day_ahead
2017-12-26 15:00:00,117.7274374619277,solar,2017-12-25 23:00:00,day_ahead
2017-12-26 16:00:00,34.624471975994496,solar,2017-12-25 23:00:00,day_ahead
2017-12-26 17:00:00,0.2238523062239271,solar,2017-12-25 23:00:00,day_ahead
2017-12-26 18:00:00,0.0,solar,2017-12-25 23:00:00,day_ahead
2017-12-26 19:00:00,0.0,solar,2017-12-25 23:00:00,day_ahead
2017-12-26 20:00:00,0.0,solar,2017-12-25 23:00:00,day_ahead
2017-12-26 21:00:00,0.0,solar,2017-12-25 23:00:00,day_ahead
2017-12-26 22:00:00,0.0,solar,2017-12-25 23:00:00,day_ahead
2017-12-26 23:00:00,0.0,solar,2017-12-25 23:00:00,day_ahead
2017-12-27 00:00:00,0.0,solar,2017-12-26 23:00:00,day_ahead
2017-12-27 01:00:00,0.0,solar,2017-12-26 23:00:00,day_ahead
2017-12-27 02:00:00,0.0,solar,2017-12-26 23:00:00,day_ahead
2017-12-27 03:00:00,0.0,solar,2017-12-26 23:00:00,day_ahead
2017-12-27 04:00:00,0.0,solar,2017-12-26 23:00:00,day_ahead
2017-12-27 05:00:00,0.0,solar,2017-12-26 23:00:00,day_ahead
2017-12-27 06:00:00,0.0,solar,2017-12-26 23:00:00,day_ahead
2017-12-27 07:00:00,0.6474981096417993,solar,2017-12-26 23:00:00,day_ahead
2017-12-27 08:00:00,34.739800789240874,solar,2017-12-26 23:00:00,day_ahead
2017-12-27 09:00:00,106.89489508618736,solar,2017-12-26 23:00:00,day_ahead
2017-12-27 10:00:00,156.1834681620317,solar,2017-12-26 23:00:00,day_ahead
2017-12-27 11:00:00,181.16313429174198,solar,2017-12-26 23:00:00,day_ahead
2017-12-27 12:00:00,187.64196817163597,solar,2017-12-26 23:00:00,day_ahead
2017-12-27 13:00:00,178.67907119968373,solar,2017-12-26 23:00:00,day_ahead
2017-12-27 14:00:00,152.6829625582512,solar,2017-12-26 23:00:00,day_ahead
2017-12-27 15:00:00,104.30540038006683,solar,2017-12-26 23:00:00,day_ahead
2017-12-27 16:00:00,30.685711235317992,solar,2017-12-26 23:00:00,day_ahead
2017-12-27 17:00:00,0.19776516290274607,solar,2017-12-26 23:00:00,day_ahead
2017-12-27 18:00:00,0.0,solar,2017-12-26 23:00:00,day_ahead
2017-12-27 19:00:00,0.0,solar,2017-12-26 23:00:00,day_ahead
2017-12-27 20:00:00,0.0,solar,2017-12-26 23:00:00,day_ahead
2017-12-27 21:00:00,0.0,solar,2017-12-26 23:00:00,day_ahead
2017-12-27 22:00:00,0.0,solar,2017-12-26 23:00:00,day_ahead
2017-12-27 23:00:00,0.0,solar,2017-12-26 23:00:00,day_ahead
2017-12-28 00:00:00,0.0,solar,2017-12-27 23:00:00,day_ahead
2017-12-28 01:00:00,0.0,solar,2017-12-27 23:00:00,day_ahead
2017-12-28 02:00:00,0.0,solar,2017-12-27 23:00:00,day_ahead
2017-12-28 03:00:00,0.0,solar,2017-12-27 23:00:00,day_ahead
2017-12-28 04:00:00,0.0,solar,2017-12-27 23:00:00,day_ahead
2017-12-28 05:00:00,0.0,solar,2017-12-27 23:00:00,day_ahead
2017-12-28 06:00:00,0.0,solar,2017-12-27 23:00:00,day_ahead
2017-12-28 07:00:00,0.6494556110042086,solar,2017-12-27 23:00:00,day_ahead
2017-12-28 08:00:00,34.96772378937956,solar,2017-12-27 23:00:00,day_ahead
2017-12-28 09:00:00,107.79743362209005,solar,2017-12-27 23:00:00,day_ahead
2017-12-28 10:00:00,157.49836837168448,solar,2017-12-27 23:00:00,day_ahead
2017-12-28 11:00:00,182.7027862915676,solar,2017-12-27 23:00:00,day_ahead
2017-12-28 12:00:00,189.12220255634077,solar,2017-12-27 23:00:00,day_ahead
2017-12-28 13:00:00,180.27266218867882,solar,2017-12-27 23:00:00,day_ahead
2017-12-28 14:00:00,154.06628601330306,solar,2017-12-27 23:00:00,day_ahead
2017-12-28 15:00:00,105.40201324879035,solar,2017-12-27 23:00:00,day_ahead
2017-12-28 16:00:00,30.989161784934296,solar,2017-12-27 23:00:00,day_ahead
2017-12-28 17:00:00,0.19836305384063627,solar,2017-12-27 23:00:00,day_ahead
2017-12-28 18:00:00,0.0,solar,2017-12-27 23:00:00,day_ahead
2017-12-28 19:00:00,0.0,solar,2017-12-27 23:00:00,day_ahead
2017-12-28 20:00:00,0.0,solar,2017-12-27 23:00:00,day_ahead
2017-12-28 21:00:00,0.0,solar,2017-12-27 23:00:00,day_ahead
2017-12-28 22:00:00,0.0,solar,2017-12-27 23:00:00,day_ahead
2017-12-28 23:00:00,0.0,solar,2017-12-27 23:00:00,day_ahead
2017-12-29 00:00:00,0.0,solar,2017-12-28 23:00:00,day_ahead
2017-12-29 01:00:00,0.0,solar,2017-12-28 23:00:00,day_ahead
2017-12-29 02:00:00,0.0,solar,2017-12-28 23:00:00,day_ahead
2017-12-29 03:00:00,0.0,solar,2017-12-28 23:00:00,day_ahead
2017-12-29 04:00:00,0.0,solar,2017-12-28 23:00:00,day_ahead
2017-12-29 05:00:00,0.0,solar,2017-12-28 23:00:00,day_ahead
2017-12-29 06:00:00,0.0,solar,2017-12-28 23:00:00,day_ahead
2017-12-29 07:00:00,0.5791584065551273,solar,2017-12-28 23:00:00,day_ahead
2017-12-29 08:00:00,31.22977846516836,solar,2017-12-28 23:00:00,day_ahead
2017-12-29 09:00:00,96.3799160203982,solar,2017-12-28 23:00:00,day_ahead
2017-12-29 10:00:00,140.93605491681944,solar,2017-12-28 23:00:00,day_ahead
2017-12-29 11:00:00,163.44365318659356,solar,2017-12-28 23:00:00,day_ahead
2017-12-29 12:00:00,169.2308555506443,solar,2017-12-28 23:00:00,day_ahead
2017-12-29 13:00:00,161.37833228337644,solar,2017-12-28 23:00:00,day_ahead
2017-12-29 14:00:00,137.95374320134997,solar,2017-12-28 23:00:00,day_ahead
2017-12-29 15:00:00,94.36902668468316,solar,2017-12-28 23:00:00,day_ahead
2017-12-29 16:00:00,27.713169327912855,solar,2017-12-28 23:00:00,day_ahead
2017-12-29 17:00:00,0.17689219155442487,solar,2017-12-28 23:00:00,day_ahead
2017-12-29 18:00:00,0.0,solar,2017-12-28 23:00:00,day_ahead
2017-12-29 19:00:00,0.0,solar,2017-12-28 23:00:00,day_ahead
2017-12-29 20:00:00,0.0,solar,2017-12-28 23:00:00,day_ahead
2017-12-29 21:00:00,0.0,solar,2017-12-28 23:00:00,day_ahead
2017-12-29 22:00:00,0.0,solar,2017-12-28 23:00:00,day_ahead
2017-12-29 23:00:00,0.0,solar,2017-12-28 23:00:00,day_ahead
2017-12-30 00:00:00,0.0,solar,2017-12-29 23:00:00,day_ahead
2017-12-30 01:00:00,0.0,solar,2017-12-29 23:00:00,day_ahead
2017-12-30 02:00:00,0.0,solar,2017-12-29 23:00:00,day_ahead
2017-12-30 03:00:00,0.0,solar,2017-12-29 23:00:00,day_ahead
2017-12-30 04:00:00,0.0,solar,2017-12-29 23:00:00,day_ahead
2017-12-30 05:00:00,0.0,solar,2017-12-29 23:00:00,day_ahead
2017-12-30 06:00:00,0.0,solar,2017-12-29 23:00:00,day_ahead
2017-12-30 07:00:00,0.6756260118488028,solar,2017-12-29 23:00:00,day_ahead
2017-12-30 08:00:00,36.49549490369933,solar,2017-12-29 23:00:00,day_ahead
2017-12-30 09:00:00,112.8717878313213,solar,2017-12-29 23:00:00,day_ahead
2017-12-30 10:00:00,165.29689660135082,solar,2017-12-29 23:00:00,day_ahead
2017-12-30 11:00:00,192.00094685269968,solar,2017-12-29 23:00:00,day_ahead
2017-12-30 12:00:00,198.68817068445463,solar,2017-12-29 23:00:00,day_ahead
2017-12-30 13:00:00,189.25372884497992,solar,2017-12-29 23:00:00,day_ahead
2017-12-30 14:00:00,161.76304304635013,solar,2017-12-29 23:00:00,day_ahead
2017-12-30 15:00:00,110.71772752745812,solar,2017-12-29 23:00:00,day_ahead
2017-12-30 16:00:00,32.511858031869195,solar,2017-12-29 23:00:00,day_ahead
2017-12-30 17:00:00,0.20635626142123203,solar,2017-12-29 23:00:00,day_ahead
2017-12-30 18:00:00,0.0,solar,2017-12-29 23:00:00,day_ahead
2017-12-30 19:00:00,0.0,solar,2017-12-29 23:00:00,day_ahead
2017-12-30 20:00:00,0.0,solar,2017-12-29 23:00:00,day_ahead
2017-12-30 21:00:00,0.0,solar,2017-12-29 23:00:00,day_ahead
2017-12-30 22:00:00,0.0,solar,2017-12-29 23:00:00,day_ahead
2017-12-30 23:00:00,0.0,solar,2017-12-29 23:00:00,day_ahead
2017-12-31 00:00:00,0.0,solar,2017-12-30 23:00:00,day_ahead
2017-12-31 01:00:00,0.0,solar,2017-12-30 23:00:00,day_ahead
2017-12-31 02:00:00,0.0,solar,2017-12-30 23:00:00,day_ahead
2017-12-31 03:00:00,0.0,solar,2017-12-30 23:00:00,day_ahead
2017-12-31 04:00:00,0.0,solar,2017-12-30 23:00:00,day_ahead
2017-12-31 05:00:00,0.0,solar,2017-12-30 23:00:00,day_ahead
2017-12-31 06:00:00,0.0,solar,2017-12-30 23:00:00,day_ahead
2017-12-31 07:00:00,0.7449720778760356,solar,2017-12-30 23:00:00,day_ahead
2017-12-31 08:00:00,40.40249168839789,solar,2017-12-30 23:00:00,day_ahead
2017-12-31 09:00:00,125.04093816068251,solar,2017-12-30 23:00:00,day_ahead
2017-12-31 10:00:00,183.3101355258014,solar,2017-12-30 23:00:00,day_ahead
2017-12-31 11:00:00,213.31896647952942,solar,2017-12-30 23:00:00,day_ahead
2017-12-31 12:00:00,221.04499309306425,solar,2017-12-30 23:00:00,day_ahead
2017-12-31 13:00:00,210.43074596343618,solar,2017-12-30 23:00:00,day_ahead
2017-12-31 14:00:00,179.62502490832713,solar,2017-12-30 23:00:00,day_ahead
2017-12-31 15:00:00,122.98800546681869,solar,2017-12-30 23:00:00,day_ahead
2017-12-31 16:00:00,36.11066908881532,solar,2017-12-30 23:00:00,day_ahead
2017-12-31 17:00:00,0.227536606073121,solar,2017-12-30 23:00:00,day_ahead
2017-12-31 18:00:00,0.0,solar,2017-12-30 23:00:00,day_ahead
2017-12-31 19:00:00,0.0,solar,2017-12-30 23:00:00,day_ahead
2017-12-31 20:00:00,0.0,solar,2017-12-30 23:00:00,day_ahead
2017-12-31 21:00:00,0.0,solar,2017-12-30 23:00:00,day_ahead
2017-12-31 22:00:00,0.0,solar,2017-12-30 23:00:00,day_ahead
2017-12-31 23:00:00,0.0,solar,2017-12-30 23:00:00,day_ahead
