ds,yhat,target,forecast_origin,horizon
2017-01-01 00:00:00,1808.7830777610045,wind,2016-12-31 23:00:00,day_ahead
2017-01-01 01:00:00,1804.6060290882974,wind,2016-12-31 23:00:00,day_ahead
2017-01-01 02:00:00,1800.1109711821468,wind,2016-12-31 23:00:00,day_ahead
2017-01-01 03:00:00,1797.5145001120104,wind,2016-12-31 23:00:00,day_ahead
2017-01-01 04:00:00,1796.8470140913694,wind,2016-12-31 23:00:00,day_ahead
2017-01-01 05:00:00,1790.5711355321282,wind,2016-12-31 23:00:00,day_ahead
2017-01-01 06:00:00,1764.2863804695444,wind,2016-12-31 23:00:00,day_ahead
2017-01-01 07:00:00,1706.1898969735093,wind,2016-12-31 23:00:00,day_ahead
2017-01-01 08:00:00,1618.7984940149304,wind,2016-12-31 23:00:00,day_ahead
2017-01-01 09:00:00,1522.3030298071335,wind,2016-12-31 23:00:00,day_ahead
2017-01-01 10:00:00,1444.8196203608318,wind,2016-12-31 23:00:00,day_ahead
2017-01-01 11:00:00,1406.012986289792,wind,2016-12-31 23:00:00,day_ahead
2017-01-01 12:00:00,1406.7661922941404,wind,2016-12-31 23:00:00,day_ahead
2017-01-01 13:00:00,1432.6843641041255,wind,2016-12-31 23:00:00,day_ahead
2017-01-01 14:00:00,1467.4663409068603,wind,2016-12-31 23:00:00,day_ahead
2017-01-01 15:00:00,1504.2420373082255,wind,2016-12-31 23:00:00,day_ahead
2017-01-01 16:00:00,1545.9113596872478,wind,2016-12-31 23:00:00,day_ahead
2017-01-01 17:00:00,1596.1582107943495,wind,2016-12-31 23:00:00,day_ahead
2017-01-01 18:00:00,1650.9847693675736,wind,2016-12-31 23:00:00,day_ahead
2017-01-01 19:00:00,1698.985046989601,wind,2016-12-31 23:00:00,day_ahead
2017-01-01 20:00:00,1729.4556570482775,wind,2016-12-31 23:00:00,day_ahead
2017-01-01 21:00:00,1740.0606004625326,wind,2016-12-31 23:00:00,day_ahead
2017-01-01 22:00:00,1737.0234967564334,wind,2016-12-31 23:00:00,day_ahead
2017-01-01 23:00:00,1728.720898156333,wind,2016-12-31 23:00:00,day_ahead
2017-01-02 00:00:00,1686.0235979116562,wind,2017-01-01 23:00:00,day_ahead
2017-01-02 01:00:00,1676.4753297750783,wind,2017-01-01 23:00:00,day_ahead
2017-01-02 02:00:00,1667.8378841106496,wind,2017-01-01 23:00:00,day_ahead
2017-01-02 03:00:00,1662.2473554618089,wind,2017-01-01 23:00:00,day_ahead
2017-01-02 04:00:00,1659.3796251744857,wind,2017-01-01 23:00:00,day_ahead
2017-01-02 05:00:00,1651.3932866836794,wind,2017-01-01 23:00:00,day_ahead
2017-01-02 06:00:00,1623.8497025245301,wind,2017-01-01 23:00:00,day_ahead
2017-01-02 07:00:00,1565.107608513943,wind,2017-01-01 23:00:00,day_ahead
2017-01-02 08:00:00,1477.8025633986617,wind,2017-01-01 23:00:00,day_ahead
2017-01-02 09:00:00,1382.0404553622338,wind,2017-01-01 23:00:00,day_ahead
2017-01-02 10:00:00,1305.7187533734602,wind,2017-01-01 23:00:00,day_ahead
2017-01-02 11:00:00,1268.3544248967792,wind,2017-01-01 23:00:00,day_ahead
2017-01-02 12:00:00,1270.867210194968,wind,2017-01-01 23:00:00,day_ahead
2017-01-02 13:00:00,1298.9913507045662,wind,2017-01-01 23:00:00,day_ahead
2017-01-02 14:00:00,1336.4609617509395,wind,2017-01-01 23:00:00,day_ahead
2017-01-02 15:00:00,1376.2783058193386,wind,2017-01-01 23:00:00,day_ahead
2017-01-02 16:00:00,1421.1816998562028,wind,2017-01-01 23:00:00,day_ahead
2017-01-02 17:00:00,1474.8442338455084,wind,2017-01-01 23:00:00,day_ahead
2017-01-02 18:00:00,1533.4294244065127,wind,2017-01-01 23:00:00,day_ahead
2017-01-02 19:00:00,1585.6649123754355,wind,2017-01-01 23:00:00,day_ahead
2017-01-02 20:00:00,1620.7162353194435,wind,2017-01-01 23:00:00,day_ahead
2017-01-02 21:00:00,1635.8328075482823,wind,2017-01-01 23:00:00,day_ahead
2017-01-02 22:00:00,1636.805725932801,wind,2017-01-01 23:00:00,day_ahead
2017-01-02 23:00:00,1631.9000018618747,wind,2017-01-01 23:00:00,day_ahead
2017-01-03 00:00:00,1774.3104745986038,wind,2017-01-02 23:00:00,day_ahead
2017-01-03 01:00:00,1767.462235668701,wind,2017-01-02 23:00:00,day_ahead
2017-01-03 02:00:00,1761.7935786341825,wind,2017-01-02 23:00:00,day_ahead
2017-01-03 03:00:00,1759.2727700326395,wind,2017-01-02 23:00:00,day_ahead
2017-01-03 04:00:00,1759.4071647579826,wind,2017-01-02 23:00:00,day_ahead
2017-01-03 05:00:00,1754.337035502787,wind,2017-01-02 23:00:00,day_ahead
2017-01-03 06:00:00,1729.7455427590357,wind,2017-01-02 23:00:00,day_ahead
2017-01-03 07:00:00,1674.1005814952118,wind,2017-01-02 23:00:00,day_ahead
2017-01-03 08:00:00,1589.9978707224584,wind,2017-01-02 23:00:00,day_ahead
2017-01-03 09:00:00,1497.374880915979,wind,2017-01-02 23:00:00,day_ahead
2017-01-03 10:00:00,1423.9916501234593,wind,2017-01-02 23:00:00,day_ahead
2017-01-03 11:00:00,1389.4003406241939,wind,2017-01-02 23:00:00,day_ahead
2017-01-03 12:00:00,1394.71242391562,wind,2017-01-02 23:00:00,day_ahead
2017-01-03 13:00:00,1425.852111951873,wind,2017-01-02 23:00:00,day_ahead
2017-01-03 14:00:00,1466.5946429196295,wind,2017-01-02 23:00:00,day_ahead
2017-01-03 15:00:00,1509.836231028597,wind,2017-01-02 23:00:00,day_ahead
2017-01-03 16:00:00,1558.1988149951887,wind,2017-01-02 23:00:00,day_ahead
2017-01-03 17:00:00,1615.3540403053914,wind,2017-01-02 23:00:00,day_ahead
2017-01-03 18:00:00,1677.5640703285726,wind,2017-01-02 23:00:00,day_ahead
2017-01-03 19:00:00,1733.6209182984398,wind,2017-01-02 23:00:00,day_ahead
2017-01-03 20:00:00,1772.6139761668198,wind,2017-01-02 23:00:00,day_ahead
2017-01-03 21:00:00,1791.6198898115936,wind,2017-01-02 23:00:00,day_ahead
2017-01-03 22:00:00,1796.3222669994718,wind,2017-01-02 23:00:00,day_ahead
2017-01-03 23:00:00,1795.064678178896,wind,2017-01-02 23:00:00,day_ahead
2017-01-04 00:00:00,1770.8146813881845,wind,2017-01-03 23:00:00,day_ahead
2017-01-04 01:00:00,1770.0960961905469,wind,2017-01-03 23:00:00,day_ahead
2017-01-04 02:00:00,1769.6943806206068,wind,2017-01-03 23:00:00,day_ahead
2017-01-04 03:00:00,1771.6855950429508,wind,2017-01-03 23:00:00,day_ahead
2017-01-04 04:00:00,1776.1046718235032,wind,2017-01-03 23:00:00,day_ahead
2017-01-04 05:00:00,1775.5424014963978,wind,2017-01-03 23:00:00,day_ahead
2017-01-04 06:00:00,1755.7038158538637,wind,2017-01-03 23:00:00,day_ahead
2017-01-04 07:00:00,1704.7211543963667,wind,2017-01-03 23:00:00,day_ahead
2017-01-04 08:00:00,1624.8581128275584,wind,2017-01-03 23:00:00,day_ahead
2017-01-04 09:00:00,1535.9954948804675,wind,2017-01-03 23:00:00,day_ahead
2017-01-04 10:00:00,1466.0523481232049,wind,2017-01-03 23:00:00,day_ahead
2017-01-04 11:00:00,1434.6797665238753,wind,2017-01-03 23:00:00,day_ahead
2017-01-04 12:00:00,1442.8586386012457,wind,2017-01-03 23:00:00,day_ahead
2017-01-04 13:00:00,1476.2704155564338,wind,2017-01-03 23:00:00,day_ahead
2017-01-04 14:00:00,1518.5946127127797,wind,2017-01-03 23:00:00,day_ahead
2017-01-04 15:00:00,1562.875906916308,wind,2017-01-03 23:00:00,day_ahead
2017-01-04 16:00:00,1611.9366477416472,wind,2017-01-03 23:00:00,day_ahead
2017-01-04 17:00:00,1669.417755926681,wind,2017-01-03 23:00:00,day_ahead
2017-01-04 18:00:00,1731.2694999294063,wind,2017-01-03 23:00:00,day_ahead
2017-01-04 19:00:00,1785.9740068445283,wind,2017-01-03 23:00:00,day_ahead
2017-01-04 20:00:00,1822.672108719739,wind,2017-01-03 23:00:00,day_ahead
2017-01-04 21:00:00,1838.9105563757382,wind,2017-01-03 23:00:00,day_ahead
2017-01-04 22:00:00,1840.901416976154,wind,2017-01-03 23:00:00,day_ahead
2017-01-04 23:00:00,1837.0896461925888,wind,2017-01-03 23:00:00,day_ahead
2017-01-05 00:00:00,1750.092780244263,wind,2017-01-04 23:00:00,day_ahead
2017-01-05 01:00:00,1744.9149713546808,wind,2017-01-04 23:00:00,day_ahead
2017-01-05 02:00:00,1739.415250333629,wind,2017-01-04 23:00:00,day_ahead
2017-01-05 03:00:00,1735.698144778049,wind,2017-01-04 23:00:00,day_ahead
2017-01-05 04:00:00,1733.8563593238307,wind,2017-01-04 23:00:00,day_ahead
2017-01-05 05:00:00,1726.5644348796707,wind,2017-01-04 23:00:00,day_ahead
2017-01-05 06:00:00,1699.6189624237527,wind,2017-01-04 23:00:00,day_ahead
2017-01-05 07:00:00,1641.2286383053802,wind,2017-01-04 23:00:00,day_ahead
2017-01-05 08:00:00,1553.7069913901173,wind,2017-01-04 23:00:00,day_ahead
2017-01-05 09:00:00,1456.967069610614,wind,2017-01-04 23:00:00,day_ahead
2017-01-05 10:00:00,1378.9660525721542,wind,2017-01-04 23:00:00,day_ahead
2017-01-05 11:00:00,1339.419837561991,wind,2017-01-04 23:00:00,day_ahead
2017-01-05 12:00:00,1339.404341925237,wind,2017-01-04 23:00:00,day_ahead
2017-01-05 13:00:00,1364.7119363801962,wind,2017-01-04 23:00:00,day_ahead
2017-01-05 14:00:00,1399.1292932583299,wind,2017-01-04 23:00:00,day_ahead
2017-01-05 15:00:00,1435.7939374059542,wind,2017-01-04 23:00:00,day_ahead
2017-01-05 16:00:00,1477.6099983705358,wind,2017-01-04 23:00:00,day_ahead
2017-01-05 17:00:00,1528.2991252335828,wind,2017-01-04 23:00:00,day_ahead
2017-01-05 18:00:00,1583.8974467091487,wind,2017-01-04 23:00:00,day_ahead
2017-01-05 19:00:00,1632.975793002781,wind,2017-01-04 23:00:00,day_ahead
2017-01-05 20:00:00,1664.7594112273478,wind,2017-01-04 23:00:00,day_ahead
2017-01-05 21:00:00,1676.8694482265662,wind,2017-01-04 23:00:00,day_ahead
2017-01-05 22:00:00,1675.5802808276308,wind,2017-01-04 23:00:00,day_ahead
2017-01-05 23:00:00,1669.3863326285675,wind,2017-01-04 23:00:00,day_ahead
2017-01-06 00:00:00,1609.0080268589381,wind,2017-01-05 23:00:00,day_ahead
2017-01-06 01:00:00,1602.5074513943325,wind,2017-01-05 23:00:00,day_ahead
2017-01-06 02:00:00,1597.1135760957181,wind,2017-01-05 23:00:00,day_ahead
2017-01-06 03:00:00,1594.8578670333295,wind,2017-01-05 23:00:00,day_ahead
2017-01-06 04:00:00,1595.5744070409974,wind,2017-01-05 23:00:00,day_ahead
2017-01-06 05:00:00,1591.7456200662189,wind,2017-01-05 23:00:00,day_ahead
2017-01-06 06:00:00,1569.179736034904,wind,2017-01-05 23:00:00,day_ahead
2017-01-06 07:00:00,1516.217476725197,wind,2017-01-05 23:00:00,day_ahead
2017-01-06 08:00:00,1435.230115428459,wind,2017-01-05 23:00:00,day_ahead
2017-01-06 09:00:00,1346.012401976834,wind,2017-01-05 23:00:00,day_ahead
2017-01-06 10:00:00,1276.3131342714762,wind,2017-01-05 23:00:00,day_ahead
2017-01-06 11:00:00,1245.7233589618131,wind,2017-01-05 23:00:00,day_ahead
2017-01-06 12:00:00,1255.355920863573,wind,2017-01-05 23:00:00,day_ahead
2017-01-06 13:00:00,1291.108345046059,wind,2017-01-05 23:00:00,day_ahead
2017-01-06 14:00:00,1336.779115443901,wind,2017-01-05 23:00:00,day_ahead
2017-01-06 15:00:00,1385.3649291466068,wind,2017-01-05 23:00:00,day_ahead
2017-01-06 16:00:00,1439.575921483985,wind,2017-01-05 23:00:00,day_ahead
2017-01-06 17:00:00,1503.0282691963046,wind,2017-01-05 23:00:00,day_ahead
2017-01-06 18:00:00,1571.759485175768,wind,2017-01-05 23:00:00,day_ahead
2017-01-06 19:00:00,1634.3088211740737,wind,2017-01-05 23:00:00,day_ahead
2017-01-06 20:00:00,1679.6825440347911,wind,2017-01-05 23:00:00,day_ahead
2017-01-06 21:00:00,1705.1078946132036,wind,2017-01-05 23:00:00,day_ahead
2017-01-06 22:00:00,1716.498324359542,wind,2017-01-05 23:00:00,day_ahead
2017-01-06 23:00:00,1722.2524772619633,wind,2017-01-05 23:00:00,day_ahead
2017-01-07 00:00:00,1715.10258459535,wind,2017-01-06 23:00:00,day_ahead
2017-01-07 01:00:00,1720.3429677366926,wind,2017-01-06 23:00:00,day_ahead
2017-01-07 02:00:00,1725.9941691107365,wind,2017-01-06 23:00:00,day_ahead
2017-01-07 03:00:00,1734.0892614009485,wind,2017-01-06 23:00:00,day_ahead
2017-01-07 04:00:00,1744.4950441399212,wind,2017-01-06 23:00:00,day_ahead
2017-01-07 05:00:00,1749.6476460807164,wind,2017-01-06 23:00:00,day_ahead
2017-01-07 06:00:00,1735.2068845261647,wind,2017-01-06 23:00:00,day_ahead
2017-01-07 07:00:00,1689.3415433678292,wind,2017-01-06 23:00:00,day_ahead
2017-01-07 08:00:00,1614.3271296958126,wind,2017-01-06 23:00:00,day_ahead
2017-01-07 09:00:00,1529.96651273929,wind,2017-01-06 23:00:00,day_ahead
2017-01-07 10:00:00,1464.0603653271658,wind,2017-01-06 23:00:00,day_ahead
2017-01-07 11:00:00,1436.2176004745688,wind,2017-01-06 23:00:00,day_ahead
2017-01-07 12:00:00,1447.5190904321612,wind,2017-01-06 23:00:00,day_ahead
2017-01-07 13:00:00,1483.8339921540687,wind,2017-01-06 23:00:00,day_ahead
2017-01-07 14:00:00,1528.9903994737995,wind,2017-01-06 23:00:00,day_ahead
2017-01-07 15:00:00,1576.0599722930751,wind,2017-01-06 23:00:00,day_ahead
2017-01-07 16:00:00,1627.8012310231406,wind,2017-01-06 23:00:00,day_ahead
2017-01-07 17:00:00,1687.7991840365094,wind,2017-01-06 23:00:00,day_ahead
2017-01-07 18:00:00,1752.0136032002388,wind,2017-01-06 23:00:00,day_ahead
2017-01-07 19:00:00,1808.9592992760236,wind,2017-01-06 23:00:00,day_ahead
2017-01-07 20:00:00,1847.7444274259133,wind,2017-01-06 23:00:00,day_ahead
2017-01-07 21:00:00,1865.7927134623758,wind,2017-01-06 23:00:00,day_ahead
2017-01-07 22:00:00,1869.1909232499834,wind,2017-01-06 23:00:00,day_ahead
2017-01-07 23:00:00,1866.3879787916321,wind,2017-01-06 23:00:00,day_ahead
2017-01-08 00:00:00,1823.4606634190063,wind,2017-01-07 23:00:00,day_ahead
2017-01-08 01:00:00,1818.6106151092008,wind,2017-01-07 23:00:00,day_ahead
2017-01-08 02:00:00,1813.7791694394687,wind,2017-01-07 23:00:00,day_ahead
2017-01-08 03:00:00,1811.1184824759544,wind,2017-01-07 23:00:00,day_ahead
2017-01-08 04:00:00,1810.5289042138247,wind,2017-01-07 23:00:00,day_ahead
2017-01-08 05:00:00,1804.4658880327638,wind,2017-01-07 23:00:00,day_ahead
2017-01-08 06:00:00,1778.6542977956133,wind,2017-01-07 23:00:00,day_ahead
2017-01-08 07:00:00,1721.3658556257237,wind,2017-01-07 23:00:00,day_ahead
2017-01-08 08:00:00,1634.9608454354877,wind,2017-01-07 23:00:00,day_ahead
2017-01-08 09:00:00,1539.2741269519734,wind,2017-01-07 23:00:00,day_ahead
2017-01-08 10:00:00,1462.1161967493542,wind,2017-01-07 23:00:00,day_ahead
2017-01-08 11:00:00,1423.1505055226012,wind,2017-01-07 23:00:00,day_ahead
2017-01-08 12:00:00,1423.5886004210524,wind,2017-01-07 23:00:00,day_ahead
2017-01-08 13:00:00,1449.4636634049411,wind,2017-01-07 23:00:00,day_ahead
2017-01-08 14:00:00,1484.721226038523,wind,2017-01-07 23:00:00,day_ahead
2017-01-08 15:00:00,1522.4642436641393,wind,2017-01-07 23:00:00,day_ahead
2017-01-08 16:00:00,1565.436332378093,wind,2017-01-07 23:00:00,day_ahead
2017-01-08 17:00:00,1617.2394033047133,wind,2017-01-07 23:00:00,day_ahead
2017-01-08 18:00:00,1673.9153308724685,wind,2017-01-07 23:00:00,day_ahead
2017-01-08 19:00:00,1724.0744921664693,wind,2017-01-07 23:00:00,day_ahead
2017-01-08 20:00:00,1756.843019119587,wind,2017-01-07 23:00:00,day_ahead
2017-01-08 21:00:00,1769.5455212489305,wind,2017-01-07 23:00:00,day_ahead
2017-01-08 22:00:00,1768.1121442753133,wind,2017-01-07 23:00:00,day_ahead
2017-01-08 23:00:00,1760.8914079287479,wind,2017-01-07 23:00:00,day_ahead
2017-01-09 00:00:00,1735.632119460495,wind,2017-01-08 23:00:00,day_ahead
2017-01-09 01:00:00,1727.1569017032145,wind,2017-01-08 23:00:00,day_ahead
2017-01-09 02:00:00,1719.4040313342055,wind,2017-01-08 23:00:00,day_ahead
2017-01-09 03:00:00,1714.5529255477109,wind,2017-01-08 23:00:00,day_ahead
2017-01-09 04:00:00,1712.3852015029297,wind,2017-01-08 23:00:00,day_ahead
2017-01-09 05:00:00,1705.1871895600862,wind,2017-01-08 23:00:00,day_ahead
2017-01-09 06:00:00,1678.5883975939644,wind,2017-01-08 23:00:00,day_ahead
2017-01-09 07:00:00,1620.8720197099274,wind,2017-01-08 23:00:00,day_ahead
2017-01-09 08:00:00,1534.4334891034441,wind,2017-01-08 23:00:00,day_ahead
2017-01-09 09:00:00,1439.0602030625025,wind,2017-01-08 23:00:00,day_ahead
2017-01-09 10:00:00,1362.4195002940655,wind,2017-01-08 23:00:00,day_ahead
2017-01-09 11:00:00,1324.0372024684016,wind,2017-01-08 23:00:00,day_ahead
2017-01-09 12:00:00,1325.1108639836527,wind,2017-01-08 23:00:00,day_ahead
2017-01-09 13:00:00,1351.7982102291912,wind,2017-01-08 23:00:00,day_ahead
2017-01-09 14:00:00,1388.1967023243758,wind,2017-01-08 23:00:00,day_ahead
2017-01-09 15:00:00,1427.4503603159096,wind,2017-01-08 23:00:00,day_ahead
2017-01-09 16:00:00,1472.1928453648532,wind,2017-01-08 23:00:00,day_ahead
2017-01-09 17:00:00,1525.8534394636931,wind,2017-01-08 23:00:00,day_ahead
2017-01-09 18:00:00,1584.3642188219173,wind,2017-01-08 23:00:00,day_ahead
2017-01-09 19:00:00,1636.3308988186666,wind,2017-01-08 23:00:00,day_ahead
2017-01-09 20:00:00,1670.9088400981982,wind,2017-01-08 23:00:00,day_ahead
2017-01-09 21:00:00,1685.3873261739525,wind,2017-01-08 23:00:00,day_ahead
2017-01-09 22:00:00,1685.5830227647864,wind,2017-01-08 23:00:00,day_ahead
2017-01-09 23:00:00,1679.7457689812693,wind,2017-01-08 23:00:00,day_ahead
2017-01-10 00:00:00,1664.6752011282542,wind,2017-01-09 23:00:00,day_ahead
2017-01-10 01:00:00,1657.5913725508658,wind,2017-01-09 23:00:00,day_ahead
2017-01-10 02:00:00,1650.999395588386,wind,2017-01-09 23:00:00,day_ahead
2017-01-10 03:00:00,1647.2251633466867,wind,2017-01-09 23:00:00,day_ahead
2017-01-10 04:00:00,1646.2209947548251,wind,2017-01-09 23:00:00,day_ahead
2017-01-10 05:00:00,1640.3393442868137,wind,2017-01-09 23:00:00,day_ahead
2017-01-10 06:00:00,1615.1455521626197,wind,2017-01-09 23:00:00,day_ahead
2017-01-10 07:00:00,1558.8147282981552,wind,2017-01-09 23:00:00,day_ahead
2017-01-10 08:00:00,1473.6974266977434,wind,2017-01-09 23:00:00,day_ahead
2017-01-10 09:00:00,1379.631013647036,wind,2017-01-09 23:00:00,day_ahead
2017-01-10 10:00:00,1304.3735743696268,wind,2017-01-09 23:00:00,day_ahead
2017-01-10 11:00:00,1267.5165371396463,wind,2017-01-09 23:00:00,day_ahead
2017-01-10 12:00:00,1270.292193204684,wind,2017-01-09 23:00:00,day_ahead
2017-01-10 13:00:00,1298.9097685510314,wind,2017-01-09 23:00:00,day_ahead
2017-01-10 14:00:00,1337.5623448206932,wind,2017-01-09 23:00:00,day_ahead
2017-01-10 15:00:00,1379.4867303165076,wind,2017-01-09 23:00:00,day_ahead
2017-01-10 16:00:00,1427.3182706532843,wind,2017-01-09 23:00:00,day_ahead
2017-01-10 17:00:00,1484.360879102988,wind,2017-01-09 23:00:00,day_ahead
2017-01-10 18:00:00,1546.3675494982667,wind,2017-01-09 23:00:00,day_ahead
2017-01-10 19:00:00,1601.8454074705085,wind,2017-01-09 23:00:00,day_ahead
2017-01-10 20:00:00,1640.0082963874625,wind,2017-01-09 23:00:00,day_ahead
2017-01-10 21:00:00,1658.3027568536966,wind,2017-01-09 23:00:00,day_ahead
2017-01-10 22:00:00,1662.6519917452008,wind,2017-01-09 23:00:00,day_ahead
2017-01-10 23:00:00,1661.2520390957877,wind,2017-01-09 23:00:00,day_ahead
2017-01-11 00:00:00,1743.8562123075862,wind,2017-01-10 23:00:00,day_ahead
2017-01-11 01:00:00,1740.170361181775,wind,2017-01-10 23:00:00,day_ahead
2017-01-11 02:00:00,1737.523945436941,wind,2017-01-10 23:00:00,day_ahead
2017-01-11 03:00:00,1738.0672375204267,wind,2017-01-10 23:00:00,day_ahead
2017-01-11 04:00:00,1741.388028970783,wind,2017-01-10 23:00:00,day_ahead
2017-01-11 05:00:00,1739.5780554580404,wind,2017-01-10 23:00:00,day_ahead
2017-01-11 06:00:00,1718.2033809681566,wind,2017-01-10 23:00:00,day_ahead
2017-01-11 07:00:00,1665.5938259815684,wind,2017-01-10 23:00:00,day_ahead
2017-01-11 08:00:00,1584.1690843639753,wind,2017-01-10 23:00:00,day_ahead
2017-01-11 09:00:00,1493.6305979179654,wind,2017-01-10 23:00:00,day_ahead
2017-01-11 10:00:00,1421.5114531253437,wind,2017-01-10 23:00:00,day_ahead
2017-01-11 11:00:00,1387.3084049249178,wind,2017-01-10 23:00:00,day_ahead
2017-01-11 12:00:00,1392.3746094075536,wind,2017-01-10 23:00:00,day_ahead
2017-01-11 13:00:00,1423.1105554929493,wind,2017-01-10 23:00:00,day_ahead
2017-01-11 14:00:00,1463.7407710035545,wind,2017-01-10 23:00:00,day_ahead
2017-01-11 15:00:00,1507.296785000712,wind,2017-01-10 23:00:00,day_ahead
2017-01-11 16:00:00,1556.134214394464,wind,2017-01-10 23:00:00,day_ahead
2017-01-11 17:00:00,1613.4453960145415,wind,2017-01-10 23:00:00,day_ahead
2017-01-11 18:00:00,1675.1167443304162,wind,2017-01-10 23:00:00,day_ahead
2017-01-11 19:00:00,1729.862047472482,wind,2017-01-10 23:00:00,day_ahead
2017-01-11 20:00:00,1766.9249279604064,wind,2017-01-10 23:00:00,day_ahead
2017-01-11 21:00:00,1783.5340258693532,wind,2017-01-10 23:00:00,day_ahead
2017-01-11 22:00:00,1785.341542864289,wind,2017-01-10 23:00:00,day_ahead
2017-01-11 23:00:00,1780.5002754915513,wind,2017-01-10 23:00:00,day_ahead
2017-01-12 00:00:00,1770.3859747360152,wind,2017-01-11 23:00:00,day_ahead
2017-01-12 01:00:00,1764.5519533143256,wind,2017-01-11 23:00:00,day_ahead
2017-01-12 02:00:00,1758.4673765464177,wind,2017-01-11 23:00:00,day_ahead
2017-01-12 03:00:00,1754.4470382698094,wind,2017-01-11 23:00:00,day_ahead
2017-01-12 04:00:00,1752.6448239551557,wind,2017-01-11 23:00:00,day_ahead
2017-01-12 05:00:00,1745.6388848843333,wind,2017-01-11 23:00:00,day_ahead
2017-01-12 06:00:00,1719.0601694345482,wind,2017-01-11 23:00:00,day_ahead
2017-01-12 07:00:00,1660.9530916007584,wind,2017-01-11 23:00:00,day_ahead
2017-01-12 08:00:00,1573.4673448450949,wind,2017-01-11 23:00:00,day_ahead
2017-01-12 09:00:00,1476.3419483800071,wind,2017-01-11 23:00:00,day_ahead
2017-01-12 10:00:00,1397.4207276807715,wind,2017-01-11 23:00:00,day_ahead
2017-01-12 11:00:00,1356.5099212758973,wind,2017-01-11 23:00:00,day_ahead
2017-01-12 12:00:00,1355.0610981199484,wind,2017-01-11 23:00:00,day_ahead
2017-01-12 13:00:00,1379.4146453869141,wind,2017-01-11 23:00:00,day_ahead
2017-01-12 14:00:00,1413.7914037164423,wind,2017-01-11 23:00:00,day_ahead
2017-01-12 15:00:00,1451.384825736755,wind,2017-01-11 23:00:00,day_ahead
2017-01-12 16:00:00,1494.7476994013757,wind,2017-01-11 23:00:00,day_ahead
2017-01-12 17:00:00,1547.0867793578211,wind,2017-01-11 23:00:00,day_ahead
2017-01-12 18:00:00,1604.0897368217022,wind,2017-01-11 23:00:00,day_ahead
2017-01-12 19:00:00,1654.3055676502145,wind,2017-01-11 23:00:00,day_ahead
2017-01-12 20:00:00,1687.1493980244663,wind,2017-01-11 23:00:00,day_ahead
2017-01-12 21:00:00,1700.3844748858826,wind,2017-01-11 23:00:00,day_ahead
2017-01-12 22:00:00,1700.215171760633,wind,2017-01-11 23:00:00,day_ahead
2017-01-12 23:00:00,1694.9164263952068,wind,2017-01-11 23:00:00,day_ahead
2017-01-13 00:00:00,1669.912486945167,wind,2017-01-12 23:00:00,day_ahead
2017-01-13 01:00:00,1663.252314731275,wind,2017-01-12 23:00:00,day_ahead
2017-01-13 02:00:00,1657.590781665484,wind,2017-01-12 23:00:00,day_ahead
2017-01-13 03:00:00,1655.1830917024258,wind,2017-01-12 23:00:00,day_ahead
2017-01-13 04:00:00,1655.9746369255954,wind,2017-01-12 23:00:00,day_ahead
2017-01-13 05:00:00,1652.3881731256943,wind,2017-01-12 23:00:00,day_ahead
2017-01-13 06:00:00,1630.0285331446594,wind,2017-01-12 23:00:00,day_ahead
2017-01-13 07:00:00,1576.9619004435142,wind,2017-01-12 23:00:00,day_ahead
2017-01-13 08:00:00,1495.2953445625835,wind,2017-01-12 23:00:00,day_ahead
2017-01-13 09:00:00,1404.6549887920864,wind,2017-01-12 23:00:00,day_ahead
2017-01-13 10:00:00,1332.8045108411764,wind,2017-01-12 23:00:00,day_ahead
2017-01-13 11:00:00,1299.5878452173608,wind,2017-01-12 23:00:00,day_ahead
2017-01-13 12:00:00,1306.5677286218895,wind,2017-01-12 23:00:00,day_ahead
2017-01-13 13:00:00,1340.1268593282493,wind,2017-01-12 23:00:00,day_ahead
2017-01-13 14:00:00,1384.3673880588292,wind,2017-01-12 23:00:00,day_ahead
2017-01-13 15:00:00,1432.2695049649187,wind,2017-01-12 23:00:00,day_ahead
2017-01-13 16:00:00,1486.2481313806088,wind,2017-01-12 23:00:00,day_ahead
2017-01-13 17:00:00,1549.5459892491922,wind,2017-01-12 23:00:00,day_ahead
2017-01-13 18:00:00,1617.9677443503783,wind,2017-01-12 23:00:00,day_ahead
2017-01-13 19:00:00,1680.0447180205203,wind,2017-01-12 23:00:00,day_ahead
2017-01-13 20:00:00,1724.907260912889,wind,2017-01-12 23:00:00,day_ahead
2017-01-13 21:00:00,1749.8670957036434,wind,2017-01-12 23:00:00,day_ahead
2017-01-13 22:00:00,1760.7838008804613,wind,2017-01-12 23:00:00,day_ahead
2017-01-13 23:00:00,1765.9139091305492,wind,2017-01-12 23:00:00,day_ahead
2017-01-14 00:00:00,1835.1715611316474,wind,2017-01-13 23:00:00,day_ahead
2017-01-14 01:00:00,1839.2762377523409,wind,2017-01-13 23:00:00,day_ahead
2017-01-14 02:00:00,1843.8360150310396,wind,2017-01-13 23:00:00,day_ahead
2017-01-14 03:00:00,1850.9694965005078,wind,2017-01-13 23:00:00,day_ahead
2017-01-14 04:00:00,1860.6115521857107,wind,2017-01-13 23:00:00,day_ahead
2017-01-14 05:00:00,1865.2013155756213,wind,2017-01-13 23:00:00,day_ahead
2017-01-14 06:00:00,1850.3052507076354,wind,2017-01-13 23:00:00,day_ahead
2017-01-14 07:00:00,1803.9067399483984,wind,2017-01-13 23:00:00,day_ahead
2017-01-14 08:00:00,1728.0570817864962,wind,2017-01-13 23:00:00,day_ahead
2017-01-14 09:00:00,1642.3922055301682,wind,2017-01-13 23:00:00,day_ahead
2017-01-14 10:00:00,1574.7050235197335,wind,2017-01-13 23:00:00,day_ahead
2017-01-14 11:00:00,1544.8052244482085,wind,2017-01-13 23:00:00,day_ahead
2017-01-14 12:00:00,1554.1350469581982,wind,2017-01-13 23:00:00,day_ahead
2017-01-14 13:00:00,1588.9476640008584,wind,2017-01-13 23:00:00,day_ahead
2017-01-14 14:00:00,1633.3170656424293,wind,2017-01-13 23:00:00,day_ahead
2017-01-14 15:00:00,1680.3286966810267,wind,2017-01-13 23:00:00,day_ahead
2017-01-14 16:00:00,1732.547766835789,wind,2017-01-13 23:00:00,day_ahead
2017-01-14 17:00:00,1793.2808080261882,wind,2017-01-13 23:00:00,day_ahead
2017-01-14 18:00:00,1858.262495451485,wind,2017-01-13 23:00:00,day_ahead
2017-01-14 19:00:00,1915.9100782087335,wind,2017-01-13 23:00:00,day_ahead
2017-01-14 20:00:00,1955.3439028764574,wind,2017-01-13 23:00:00,day_ahead
2017-01-14 21:00:00,1974.036313718639,wind,2017-01-13 23:00:00,day_ahead
2017-01-14 22:00:00,1978.0941643348333,wind,2017-01-13 23:00:00,day_ahead
2017-01-14 23:00:00,1975.9430672283777,wind,2017-01-13 23:00:00,day_ahead
2017-01-15 00:00:00,1963.3169892952508,wind,2017-01-14 23:00:00,day_ahead
2017-01-15 01:00:00,1959.5169542225856,wind,2017-01-14 23:00:00,day_ahead
2017-01-15 02:00:00,1955.433767584127,wind,2017-01-14 23:00:00,day_ahead
2017-01-15 03:00:00,1953.2255755958017,wind,2017-01-14 23:00:00,day_ahead
2017-01-15 04:00:00,1953.0174076152427,wind,2017-01-14 23:00:00,day_ahead
2017-01-15 05:00:00,1947.448516719678,wind,2017-01-14 23:00:00,day_ahead
2017-01-15 06:00:00,1922.1664462397293,wind,2017-01-14 23:00:00,day_ahead
2017-01-15 07:00:00,1865.1173738577081,wind,2017-01-14 23:00:00,day_ahead
2017-01-15 08:00:00,1778.3170176041044,wind,2017-01-14 23:00:00,day_ahead
2017-01-15 09:00:00,1681.4839718837338,wind,2017-01-14 23:00:00,day_ahead
2017-01-15 10:00:00,1602.6140837348266,wind,2017-01-14 23:00:00,day_ahead
2017-01-15 11:00:00,1561.7333933263667,wind,2017-01-14 23:00:00,day_ahead
2017-01-15 12:00:00,1560.4074820098365,wind,2017-01-14 23:00:00,day_ahead
2017-01-15 13:00:00,1584.9125795923592,wind,2017-01-14 23:00:00,day_ahead
2017-01-15 14:00:00,1619.328286822642,wind,2017-01-14 23:00:00,day_ahead
2017-01-15 15:00:00,1656.8010399226387,wind,2017-01-14 23:00:00,day_ahead
2017-01-15 16:00:00,1699.9936585218206,wind,2017-01-14 23:00:00,day_ahead
2017-01-15 17:00:00,1752.2608947782592,wind,2017-01-14 23:00:00,day_ahead
2017-01-15 18:00:00,1809.2872170202234,wind,2017-01-14 23:00:00,day_ahead
2017-01-15 19:00:00,1859.4002668491394,wind,2017-01-14 23:00:00,day_ahead
2017-01-15 20:00:00,1891.714007495034,wind,2017-01-14 23:00:00,day_ahead
2017-01-15 21:00:00,1903.8405257787977,wind,2017-01-14 23:00:00,day_ahead
2017-01-15 22:00:00,1902.09699263723,wind,2017-01-14 23:00:00,day_ahead
2017-01-15 23:00:00,1895.0285299182335,wind,2017-01-14 23:00:00,day_ahead
2017-01-16 00:00:00,1845.1411560939719,wind,2017-01-15 23:00:00,day_ahead
2017-01-16 01:00:00,1837.6319068484613,wind,2017-01-15 23:00:00,day_ahead
2017-01-16 02:00:00,1830.3799109304218,wind,2017-01-15 23:00:00,day_ahead
2017-01-16 03:00:00,1825.4604255237668,wind,2017-01-15 23:00:00,day_ahead
2017-01-16 04:00:00,1823.0333250328988,wind,2017-01-15 23:00:00,day_ahead
2017-01-16 05:00:00,1815.8464096318544,wind,2017-01-15 23:00:00,day_ahead
2017-01-16 06:00:00,1789.6144289113458,wind,2017-01-15 23:00:00,day_ahead
2017-01-16 07:00:00,1732.2314838239076,wind,2017-01-15 23:00:00,day_ahead
2017-01-16 08:00:00,1645.5706534645149,wind,2017-01-15 23:00:00,day_ahead
2017-01-16 09:00:00,1549.220290125659,wind,2017-01-15 23:00:00,day_ahead
2017-01-16 10:00:00,1471.1371487799688,wind,2017-01-15 23:00:00,day_ahead
2017-01-16 11:00:00,1431.3863985431997,wind,2017-01-15 23:00:00,day_ahead
2017-01-16 12:00:00,1431.5714409420889,wind,2017-01-15 23:00:00,day_ahead
2017-01-16 13:00:00,1457.94443333864,wind,2017-01-15 23:00:00,day_ahead
2017-01-16 14:00:00,1494.5138417810422,wind,2017-01-15 23:00:00,day_ahead
2017-01-16 15:00:00,1534.3706304922052,wind,2017-01-15 23:00:00,day_ahead
2017-01-16 16:00:00,1580.1709571854979,wind,2017-01-15 23:00:00,day_ahead
2017-01-16 17:00:00,1635.273335887045,wind,2017-01-15 23:00:00,day_ahead
2017-01-16 18:00:00,1695.3070839077573,wind,2017-01-15 23:00:00,day_ahead
2017-01-16 19:00:00,1748.4673318242517,wind,2017-01-15 23:00:00,day_ahead
2017-01-16 20:00:00,1783.7257625869804,wind,2017-01-15 23:00:00,day_ahead
2017-01-16 21:00:00,1798.641187662844,wind,2017-01-15 23:00:00,day_ahead
2017-01-16 22:00:00,1799.6006861310668,wind,2017-01-15 23:00:00,day_ahead
2017-01-16 23:00:00,1795.2707546071538,wind,2017-01-15 23:00:00,day_ahead
2017-01-17 00:00:00,1761.33316902247,wind,2017-01-16 23:00:00,day_ahead
2017-01-17 01:00:00,1756.4790744565098,wind,2017-01-16 23:00:00,day_ahead
2017-01-17 02:00:00,1751.8595453946682,wind,2017-01-16 23:00:00,day_ahead
2017-01-17 03:00:00,1749.5311974195588,wind,2017-01-16 23:00:00,day_ahead
2017-01-17 04:00:00,1749.6489911437818,wind,2017-01-16 23:00:00,day_ahead
2017-01-17 05:00:00,1744.9710467642542,wind,2017-01-16 23:00:00,day_ahead
2017-01-17 06:00:00,1721.2137993919355,wind,2017-01-16 23:00:00,day_ahead
2017-01-17 07:00:00,1666.2398311408137,wind,2017-01-16 23:00:00,day_ahead
2017-01-17 08:00:00,1581.862662391835,wind,2017-01-16 23:00:00,day_ahead
2017-01-17 09:00:00,1487.6223644353602,wind,2017-01-16 23:00:00,day_ahead
2017-01-17 10:00:00,1411.4825763898018,wind,2017-01-16 23:00:00,day_ahead
2017-01-17 11:00:00,1373.5806671887808,wind,2017-01-16 23:00:00,day_ahead
2017-01-17 12:00:00,1375.622282050647,wind,2017-01-16 23:00:00,day_ahead
2017-01-17 13:00:00,1403.9377540775422,wind,2017-01-16 23:00:00,day_ahead
2017-01-17 14:00:00,1442.558054300618,wind,2017-01-16 23:00:00,day_ahead
2017-01-17 15:00:00,1484.5515121993976,wind,2017-01-16 23:00:00,day_ahead
2017-01-17 16:00:00,1532.5418656795825,wind,2017-01-16 23:00:00,day_ahead
2017-01-17 17:00:00,1589.870677822268,wind,2017-01-16 23:00:00,day_ahead
2017-01-17 18:00:00,1652.1622130064968,wind,2017-01-16 23:00:00,day_ahead
2017-01-17 19:00:00,1707.5988448534608,wind,2017-01-16 23:00:00,day_ahead
2017-01-17 20:00:00,1745.1238139289972,wind,2017-01-16 23:00:00,day_ahead
2017-01-17 21:00:00,1762.2677944345073,wind,2017-01-16 23:00:00,day_ahead
2017-01-17 22:00:00,1765.4143997133647,wind,2017-01-16 23:00:00,day_ahead
2017-01-17 23:00:00,1763.2575971524707,wind,2017-01-16 23:00:00,day_ahead
2017-01-18 00:00:00,1739.281321939423,wind,2017-01-17 23:00:00,day_ahead
2017-01-18 01:00:00,1736.1921833158854,wind,2017-01-17 23:00:00,day_ahead
2017-01-18 02:00:00,1733.603308436449,wind,2017-01-17 23:00:00,day_ahead
2017-01-18 03:00:00,1733.534922388429,wind,2017-01-17 23:00:00,day_ahead
2017-01-18 04:00:00,1736.0034963022197,wind,2017-01-17 23:00:00,day_ahead
2017-01-18 05:00:00,1733.6202840275007,wind,2017-01-17 23:00:00,day_ahead
2017-01-18 06:00:00,1712.0101739709264,wind,2017-01-17 23:00:00,day_ahead
2017-01-18 07:00:00,1659.00314081482,wind,2017-01-17 23:00:00,day_ahead
2017-01-18 08:00:00,1576.407285100727,wind,2017-01-17 23:00:00,day_ahead
2017-01-18 09:00:00,1483.759805134526,wind,2017-01-17 23:00:00,day_ahead
2017-01-18 10:00:00,1409.0229552684636,wind,2017-01-17 23:00:00,day_ahead
2017-01-18 11:00:00,1372.3398131928218,wind,2017-01-17 23:00:00,day_ahead
2017-01-18 12:00:00,1375.4207341445301,wind,2017-01-17 23:00:00,day_ahead
2017-01-18 13:00:00,1404.5832265373274,wind,2017-01-17 23:00:00,day_ahead
2017-01-18 14:00:00,1443.8278497729084,wind,2017-01-17 23:00:00,day_ahead
2017-01-18 15:00:00,1486.2020713613838,wind,2017-01-17 23:00:00,day_ahead
2017-01-18 16:00:00,1534.3475981454308,wind,2017-01-17 23:00:00,day_ahead
2017-01-18 17:00:00,1591.6534618211952,wind,2017-01-17 23:00:00,day_ahead
2017-01-18 18:00:00,1653.762100164367,wind,2017-01-17 23:00:00,day_ahead
2017-01-18 19:00:00,1708.778908335098,wind,2017-01-17 23:00:00,day_ahead
2017-01-18 20:00:00,1745.4680738718139,wind,2017-01-17 23:00:00,day_ahead
2017-01-18 21:00:00,1761.1595397194328,wind,2017-01-17 23:00:00,day_ahead
2017-01-18 22:00:00,1762.137441041355,wind,2017-01-17 23:00:00,day_ahead
2017-01-18 23:00:00,1757.1735182586845,wind,2017-01-17 23:00:00,day_ahead
2017-01-19 00:00:00,1808.3591452229207,wind,2017-01-18 23:00:00,day_ahead
2017-01-19 01:00:00,1802.035938279338,wind,2017-01-18 23:00:00,day_ahead
2017-01-19 02:00:00,1795.8835548415293,wind,2017-01-18 23:00:00,day_ahead
2017-01-19 03:00:00,1791.8812215990952,wind,2017-01-18 23:00:00,day_ahead
2017-01-19 04:00:00,1790.1045999961082,wind,2017-01-18 23:00:00,day_ahead
2017-01-19 05:00:00,1783.2880482614107,wind,2017-01-18 23:00:00,day_ahead
2017-01-19 06:00:00,1757.1443878560476,wind,2017-01-18 23:00:00,day_ahead
2017-01-19 07:00:00,1699.4979738520008,wind,2017-01-18 23:00:00,day_ahead
2017-01-19 08:00:00,1612.0959902126124,wind,2017-01-18 23:00:00,day_ahead
2017-01-19 09:00:00,1514.4490120967585,wind,2017-01-18 23:00:00,day_ahead
2017-01-19 10:00:00,1434.5733356405221,wind,2017-01-18 23:00:00,day_ahead
2017-01-19 11:00:00,1392.70709611476,wind,2017-01-18 23:00:00,day_ahead
2017-01-19 12:00:00,1390.6242178968778,wind,2017-01-18 23:00:00,day_ahead
2017-01-19 13:00:00,1414.659398329868,wind,2017-01-18 23:00:00,day_ahead
2017-01-19 14:00:00,1448.854044649237,wind,2017-01-18 23:00:00,day_ahead
2017-01-19 15:00:00,1486.4030199656925,wind,2017-01-18 23:00:00,day_ahead
2017-01-19 16:00:00,1530.1959209906597,wind,2017-01-18 23:00:00,day_ahead
2017-01-19 17:00:00,1583.8517705888564,wind,2017-01-18 23:00:00,day_ahead
2017-01-19 18:00:00,1643.085162002893,wind,2017-01-18 23:00:00,day_ahead
2017-01-19 19:00:00,1695.8808564329677,wind,2017-01-18 23:00:00,day_ahead
2017-01-19 20:00:00,1730.8012786883462,wind,2017-01-18 23:00:00,day_ahead
2017-01-19 21:00:00,1745.0632434643405,wind,2017-01-18 23:00:00,day_ahead
2017-01-19 22:00:00,1745.0129053369092,wind,2017-01-18 23:00:00,day_ahead
2017-01-19 23:00:00,1739.5966408068894,wind,2017-01-18 23:00:00,day_ahead
2017-01-20 00:00:00,1736.6512122857848,wind,2017-01-19 23:00:00,day_ahead
2017-01-20 01:00:00,1731.4001539573924,wind,2017-01-19 23:00:00,day_ahead
2017-01-20 02:00:00,1727.026687275821,wind,2017-01-19 23:00:00,day_ahead
2017-01-20 03:00:00,1725.4745214265604,wind,2017-01-19 23:00:00,day_ahead
2017-01-20 04:00:00,1726.823380392771,wind,2017-01-19 23:00:00,day_ahead
2017-01-20 05:00:00,1723.8698906382429,wind,2017-01-19 23:00:00,day_ahead
2017-01-20 06:00:00,1702.3739390776157,wind,2017-01-19 23:00:00,day_ahead
2017-01-20 07:00:00,1650.1098955842622,wind,2017-01-19 23:00:00,day_ahead
2017-01-20 08:00:00,1568.685141264658,wind,2017-01-19 23:00:00,day_ahead
2017-01-20 09:00:00,1477.4832460053549,wind,2017-01-19 23:00:00,day_ahead
2017-01-20 10:00:00,1404.5079200782193,wind,2017-01-19 23:00:00,day_ahead
2017-01-20 11:00:00,1370.0965382221073,wind,2017-01-19 23:00:00,day_ahead
2017-01-20 12:00:00,1376.1238493050591,wind,2017-01-19 23:00:00,day_ahead
2017-01-20 13:00:00,1408.913447907123,wind,2017-01-19 23:00:00,day_ahead
2017-01-20 14:00:00,1452.3774014074095,wind,2017-01-19 23:00:00,day_ahead
2017-01-20 15:00:00,1499.5693013812597,wind,2017-01-19 23:00:00,day_ahead
2017-01-20 16:00:00,1553.3363693493689,wind,2017-01-19 23:00:00,day_ahead
2017-01-20 17:00:00,1617.353338766884,wind,2017-01-19 23:00:00,day_ahead
2017-01-20 18:00:00,1687.3683853474074,wind,2017-01-19 23:00:00,day_ahead
2017-01-20 19:00:00,1751.2504280073044,wind,2017-01-19 23:00:00,day_ahead
2017-01-20 20:00:00,1797.2879987453707,wind,2017-01-19 23:00:00,day_ahead
2017-01-20 21:00:00,1822.393429150235,wind,2017-01-19 23:00:00,day_ahead
2017-01-20 22:00:00,1832.7323501829292,wind,2017-01-19 23:00:00,day_ahead
2017-01-20 23:00:00,1837.2439157697906,wind,2017-01-19 23:00:00,day_ahead
2017-01-21 00:00:00,1846.1957654509138,wind,2017-01-20 23:00:00,day_ahead
2017-01-21 01:00:00,1850.7831065769,wind,2017-01-20 23:00:00,day_ahead
2017-01-21 02:00:00,1855.369258480332,wind,2017-01-20 23:00:00,day_ahead
2017-01-21 03:00:00,1861.9567709564096,wind,2017-01-20 23:00:00,day_ahead
2017-01-21 04:00:00,1870.8992404325475,wind,2017-01-20 23:00:00,day_ahead
2017-01-21 05:00:00,1875.1779900214376,wind,2017-01-20 23:00:00,day_ahead
2017-01-21 06:00:00,1860.4560809166496,wind,2017-01-20 23:00:00,day_ahead
2017-01-21 07:00:00,1814.205334404669,wind,2017-01-20 23:00:00,day_ahead
2017-01-21 08:00:00,1737.77077562315,wind,2017-01-20 23:00:00,day_ahead
2017-01-21 09:00:00,1650.4893693950457,wind,2017-01-20 23:00:00,day_ahead
2017-01-21 10:00:00,1580.493885261136,wind,2017-01-20 23:00:00,day_ahead
2017-01-21 11:00:00,1548.2479727930545,wind,2017-01-20 23:00:00,day_ahead
2017-01-21 12:00:00,1555.63320758211,wind,2017-01-20 23:00:00,day_ahead
2017-01-21 13:00:00,1588.9148698177003,wind,2017-01-20 23:00:00,day_ahead
2017-01-21 14:00:00,1632.0191429403512,wind,2017-01-20 23:00:00,day_ahead
2017-01-21 15:00:00,1678.1285801614824,wind,2017-01-20 23:00:00,day_ahead
2017-01-21 16:00:00,1730.2137751475607,wind,2017-01-20 23:00:00,day_ahead
2017-01-21 17:00:00,1791.9088660209234,wind,2017-01-20 23:00:00,day_ahead
2017-01-21 18:00:00,1858.7507941882257,wind,2017-01-20 23:00:00,day_ahead
2017-01-21 19:00:00,1918.4179746025357,wind,2017-01-20 23:00:00,day_ahead
2017-01-21 20:00:00,1959.2520789974217,wind,2017-01-20 23:00:00,day_ahead
2017-01-21 21:00:00,1978.4893591488549,wind,2017-01-20 23:00:00,day_ahead
2017-01-21 22:00:00,1982.6632841046621,wind,2017-01-20 23:00:00,day_ahead
2017-01-21 23:00:00,1980.831127964911,wind,2017-01-20 23:00:00,day_ahead
2017-01-22 00:00:00,1896.8269887124034,wind,2017-01-21 23:00:00,day_ahead
2017-01-22 01:00:00,1893.7864532402434,wind,2017-01-21 23:00:00,day_ahead
2017-01-22 02:00:00,1890.0473529592032,wind,2017-01-21 23:00:00,day_ahead
2017-01-22 03:00:00,1887.779639592035,wind,2017-01-21 23:00:00,day_ahead
2017-01-22 04:00:00,1887.5834173501282,wind,2017-01-21 23:00:00,day_ahead
2017-01-22 05:00:00,1882.6184908780592,wind,2017-01-21 23:00:00,day_ahead
2017-01-22 06:00:00,1858.5715539085218,wind,2017-01-21 23:00:00,day_ahead
2017-01-22 07:00:00,1802.8262232498646,wind,2017-01-21 23:00:00,day_ahead
2017-01-22 08:00:00,1716.6561045780918,wind,2017-01-21 23:00:00,day_ahead
2017-01-22 09:00:00,1619.4437262335614,wind,2017-01-21 23:00:00,day_ahead
2017-01-22 10:00:00,1539.476930809703,wind,2017-01-21 23:00:00,day_ahead
2017-01-22 11:00:00,1497.3906824872363,wind,2017-01-21 23:00:00,day_ahead
2017-01-22 12:00:00,1495.1674317413253,wind,2017-01-21 23:00:00,day_ahead
2017-01-22 13:00:00,1519.0938305376715,wind,2017-01-21 23:00:00,day_ahead
2017-01-22 14:00:00,1553.0945173680373,wind,2017-01-21 23:00:00,day_ahead
2017-01-22 15:00:00,1590.3793988617797,wind,2017-01-21 23:00:00,day_ahead
2017-01-22 16:00:00,1633.9721455901374,wind,2017-01-21 23:00:00,day_ahead
2017-01-22 17:00:00,1687.5466671893746,wind,2017-01-21 23:00:00,day_ahead
2017-01-22 18:00:00,1746.651046675441,wind,2017-01-21 23:00:00,day_ahead
2017-01-22 19:00:00,1798.9822664108717,wind,2017-01-21 23:00:00,day_ahead
2017-01-22 20:00:00,1832.955443648677,wind,2017-01-21 23:00:00,day_ahead
2017-01-22 21:00:00,1845.9278163411855,wind,2017-01-21 23:00:00,day_ahead
2017-01-22 22:00:00,1844.5234245958675,wind,2017-01-21 23:00:00,day_ahead
2017-01-22 23:00:00,1837.7748268662144,wind,2017-01-21 23:00:00,day_ahead
2017-01-23 00:00:00,1787.7579041886615,wind,2017-01-22 23:00:00,day_ahead
2017-01-23 01:00:00,1780.1326307753288,wind,2017-01-22 23:00:00,day_ahead
2017-01-23 02:00:00,1772.5730417841078,wind,2017-01-22 23:00:00,day_ahead
2017-01-23 03:00:00,1767.2935574269786,wind,2017-01-22 23:00:00,day_ahead
2017-01-23 04:00:00,1764.771084007286,wind,2017-01-22 23:00:00,day_ahead
2017-01-23 05:00:00,1757.9882010900117,wind,2017-01-22 23:00:00,day_ahead
2017-01-23 06:00:00,1732.5252090814638,wind,2017-01-22 23:00:00,day_ahead
2017-01-23 07:00:00,1675.7663045409374,wind,2017-01-22 23:00:00,day_ahead
2017-01-23 08:00:00,1589.031289787156,wind,2017-01-22 23:00:00,day_ahead
2017-01-23 09:00:00,1491.7132231473038,wind,2017-01-22 23:00:00,day_ahead
2017-01-23 10:00:00,1412.0537330734142,wind,2017-01-22 23:00:00,day_ahead
2017-01-23 11:00:00,1370.6304627512516,wind,2017-01-22 23:00:00,day_ahead
2017-01-23 12:00:00,1369.4071280412127,wind,2017-01-22 23:00:00,day_ahead
2017-01-23 13:00:00,1394.6857927500498,wind,2017-01-22 23:00:00,day_ahead
2017-01-23 14:00:00,1430.3909209064764,wind,2017-01-22 23:00:00,day_ahead
2017-01-23 15:00:00,1469.6841237078409,wind,2017-01-22 23:00:00,day_ahead
2017-01-23 16:00:00,1515.520811029766,wind,2017-01-22 23:00:00,day_ahead
2017-01-23 17:00:00,1571.5475159207904,wind,2017-01-22 23:00:00,day_ahead
2017-01-23 18:00:00,1633.3461189279315,wind,2017-01-22 23:00:00,day_ahead
2017-01-23 19:00:00,1688.6501050662603,wind,2017-01-22 23:00:00,day_ahead
2017-01-23 20:00:00,1725.8235220012093,wind,2017-01-22 23:00:00,day_ahead
2017-01-23 21:00:00,1742.0575050429632,wind,2017-01-22 23:00:00,day_ahead
2017-01-23 22:00:00,1743.7788260743682,wind,2017-01-22 23:00:00,day_ahead
2017-01-23 23:00:00,1739.9315413594925,wind,2017-01-22 23:00:00,day_ahead
2017-01-24 00:00:00,1710.289325397568,wind,2017-01-23 23:00:00,day_ahead
2017-01-24 01:00:00,1706.2292378811821,wind,2017-01-23 23:00:00,day_ahead
2017-01-24 02:00:00,1702.001063332551,wind,2017-01-23 23:00:00,day_ahead
2017-01-24 03:00:00,1699.784246425569,wind,2017-01-23 23:00:00,day_ahead
2017-01-24 04:00:00,1700.2172568763456,wind,2017-01-23 23:00:00,day_ahead
2017-01-24 05:00:00,1696.4755569188724,wind,2017-01-23 23:00:00,day_ahead
2017-01-24 06:00:00,1674.1989586509067,wind,2017-01-23 23:00:00,day_ahead
2017-01-24 07:00:00,1620.6779274536789,wind,2017-01-23 23:00:00,day_ahead
2017-01-24 08:00:00,1537.108967246843,wind,2017-01-23 23:00:00,day_ahead
2017-01-24 09:00:00,1442.86449781285,wind,2017-01-23 23:00:00,day_ahead
2017-01-24 10:00:00,1366.2793544389851,wind,2017-01-23 23:00:00,day_ahead
2017-01-24 11:00:00,1328.0296845415241,wind,2017-01-23 23:00:00,day_ahead
2017-01-24 12:00:00,1330.0763213257417,wind,2017-01-23 23:00:00,day_ahead
2017-01-24 13:00:00,1358.6239145878192,wind,2017-01-23 23:00:00,day_ahead
2017-01-24 14:00:00,1397.5127475265515,wind,2017-01-23 23:00:00,day_ahead
2017-01-24 15:00:00,1439.9224728725092,wind,2017-01-23 23:00:00,day_ahead
2017-01-24 16:00:00,1488.9007378236968,wind,2017-01-23 23:00:00,day_ahead
2017-01-24 17:00:00,1548.1441641719925,wind,2017-01-23 23:00:00,day_ahead
2017-01-24 18:00:00,1613.1657148702084,wind,2017-01-23 23:00:00,day_ahead
2017-01-24 19:00:00,1671.5662480203553,wind,2017-01-23 23:00:00,day_ahead
2017-01-24 20:00:00,1711.6556914516766,wind,2017-01-23 23:00:00,day_ahead
2017-01-24 21:00:00,1730.7331488839181,wind,2017-01-23 23:00:00,day_ahead
2017-01-24 22:00:00,1735.4198151504777,wind,2017-01-23 23:00:00,day_ahead
2017-01-24 23:00:00,1734.7586411593766,wind,2017-01-23 23:00:00,day_ahead
2017-01-25 00:00:00,1670.8961844060423,wind,2017-01-24 23:00:00,day_ahead
2017-01-25 01:00:00,1670.0279241997669,wind,2017-01-24 23:00:00,day_ahead
2017-01-25 02:00:00,1668.7526742010887,wind,2017-01-24 23:00:00,day_ahead
2017-01-25 03:00:00,1669.2587264437666,wind,2017-01-24 23:00:00,day_ahead
2017-01-25 04:00:00,1672.2519161581627,wind,2017-01-24 23:00:00,day_ahead
2017-01-25 05:00:00,1670.962510573033,wind,2017-01-24 23:00:00,day_ahead
2017-01-25 06:00:00,1651.0186428293848,wind,2017-01-24 23:00:00,day_ahead
2017-01-25 07:00:00,1599.6371421593735,wind,2017-01-24 23:00:00,day_ahead
2017-01-25 08:00:00,1517.9298887610385,wind,2017-01-24 23:00:00,day_ahead
2017-01-25 09:00:00,1425.2221654568382,wind,2017-01-24 23:00:00,day_ahead
2017-01-25 10:00:00,1349.8469647318598,wind,2017-01-24 23:00:00,day_ahead
2017-01-25 11:00:00,1312.4957400657963,wind,2017-01-24 23:00:00,day_ahead
2017-01-25 12:00:00,1315.1333035091295,wind,2017-01-24 23:00:00,day_ahead
2017-01-25 13:00:00,1343.9548619203924,wind,2017-01-24 23:00:00,day_ahead
2017-01-25 14:00:00,1382.794531575674,wind,2017-01-24 23:00:00,day_ahead
2017-01-25 15:00:00,1424.8362808139357,wind,2017-01-24 23:00:00,day_ahead
2017-01-25 16:00:00,1473.1266993068543,wind,2017-01-24 23:00:00,day_ahead
2017-01-25 17:00:00,1531.3357592025332,wind,2017-01-24 23:00:00,day_ahead
2017-01-25 18:00:00,1594.9303283082395,wind,2017-01-24 23:00:00,day_ahead
2017-01-25 19:00:00,1651.4840781880043,wind,2017-01-24 23:00:00,day_ahead
2017-01-25 20:00:00,1689.337138750223,wind,2017-01-24 23:00:00,day_ahead
2017-01-25 21:00:00,1705.8729514852241,wind,2017-01-24 23:00:00,day_ahead
2017-01-25 22:00:00,1707.798126167355,wind,2017-01-24 23:00:00,day_ahead
2017-01-25 23:00:00,1704.1794520268977,wind,2017-01-24 23:00:00,day_ahead
2017-01-26 00:00:00,1603.0763840281434,wind,2017-01-25 23:00:00,day_ahead
2017-01-26 01:00:00,1597.8356185775633,wind,2017-01-25 23:00:00,day_ahead
2017-01-26 02:00:00,1592.2052314757846,wind,2017-01-25 23:00:00,day_ahead
2017-01-26 03:00:00,1588.3829998931133,wind,2017-01-25 23:00:00,day_ahead
2017-01-26 04:00:00,1586.9267877437305,wind,2017-01-25 23:00:00,day_ahead
2017-01-26 05:00:00,1580.9408725202134,wind,2017-01-25 23:00:00,day_ahead
2017-01-26 06:00:00,1556.0817709571513,wind,2017-01-25 23:00:00,day_ahead
2017-01-26 07:00:00,1499.7208940894848,wind,2017-01-25 23:00:00,day_ahead
2017-01-26 08:00:00,1413.1080173907756,wind,2017-01-25 23:00:00,day_ahead
2017-01-26 09:00:00,1315.5824855479218,wind,2017-01-25 23:00:00,day_ahead
2017-01-26 10:00:00,1235.3987580319865,wind,2017-01-25 23:00:00,day_ahead
2017-01-26 11:00:00,1193.2044386191492,wind,2017-01-25 23:00:00,day_ahead
2017-01-26 12:00:00,1191.0423470795597,wind,2017-01-25 23:00:00,day_ahead
2017-01-26 13:00:00,1215.2672225914994,wind,2017-01-25 23:00:00,day_ahead
2017-01-26 14:00:00,1249.834985368477,wind,2017-01-25 23:00:00,day_ahead
2017-01-26 15:00:00,1287.9449425696287,wind,2017-01-25 23:00:00,day_ahead
2017-01-26 16:00:00,1332.6065252597477,wind,2017-01-25 23:00:00,day_ahead
2017-01-26 17:00:00,1387.5144939467198,wind,2017-01-25 23:00:00,day_ahead
2017-01-26 18:00:00,1448.2653651305752,wind,2017-01-25 23:00:00,day_ahead
2017-01-26 19:00:00,1502.5779499810694,wind,2017-01-25 23:00:00,day_ahead
2017-01-26 20:00:00,1538.813295925448,wind,2017-01-25 23:00:00,day_ahead
2017-01-26 21:00:00,1554.210167353026,wind,2017-01-25 23:00:00,day_ahead
2017-01-26 22:00:00,1555.2859313074507,wind,2017-01-25 23:00:00,day_ahead
2017-01-26 23:00:00,1551.0618484198135,wind,2017-01-25 23:00:00,day_ahead
2017-01-27 00:00:00,1623.6484046453738,wind,2017-01-26 23:00:00,day_ahead
2017-01-27 01:00:00,1619.0103842740207,wind,2017-01-26 23:00:00,day_ahead
2017-01-27 02:00:00,1614.6642932141476,wind,2017-01-26 23:00:00,day_ahead
2017-01-27 03:00:00,1612.8763707208375,wind,2017-01-26 23:00:00,day_ahead
2017-01-27 04:00:00,1614.2041188256376,wind,2017-01-26 23:00:00,day_ahead
2017-01-27 05:00:00,1611.699068572815,wind,2017-01-26 23:00:00,day_ahead
2017-01-27 06:00:00,1590.9708214895631,wind,2017-01-26 23:00:00,day_ahead
2017-01-27 07:00:00,1539.3859307014923,wind,2017-01-26 23:00:00,day_ahead
2017-01-27 08:00:00,1458.208831045481,wind,2017-01-26 23:00:00,day_ahead
2017-01-27 09:00:00,1366.7574489458486,wind,2017-01-26 23:00:00,day_ahead
2017-01-27 10:00:00,1293.1999446454429,wind,2017-01-26 23:00:00,day_ahead
2017-01-27 11:00:00,1258.0628163358394,wind,2017-01-26 23:00:00,day_ahead
2017-01-27 12:00:00,1263.2939772102025,wind,2017-01-26 23:00:00,day_ahead
2017-01-27 13:00:00,1295.2128441058821,wind,2017-01-26 23:00:00,day_ahead
2017-01-27 14:00:00,1337.7764438295067,wind,2017-01-26 23:00:00,day_ahead
2017-01-27 15:00:00,1384.1717055029917,wind,2017-01-26 23:00:00,day_ahead
2017-01-27 16:00:00,1437.3620624018847,wind,2017-01-26 23:00:00,day_ahead
2017-01-27 17:00:00,1500.9953800232402,wind,2017-01-26 23:00:00,day_ahead
2017-01-27 18:00:00,1570.6693755608392,wind,2017-01-26 23:00:00,day_ahead
2017-01-27 19:00:00,1634.1572989650801,wind,2017-01-26 23:00:00,day_ahead
2017-01-27 20:00:00,1679.8687415988015,wind,2017-01-26 23:00:00,day_ahead
2017-01-27 21:00:00,1705.0070471415393,wind,2017-01-26 23:00:00,day_ahead
2017-01-27 22:00:00,1715.94458590238,wind,2017-01-26 23:00:00,day_ahead
2017-01-27 23:00:00,1721.5038135737332,wind,2017-01-26 23:00:00,day_ahead
2017-01-28 00:00:00,1789.487224075555,wind,2017-01-27 23:00:00,day_ahead
2017-01-28 01:00:00,1794.0201883323748,wind,2017-01-27 23:00:00,day_ahead
2017-01-28 02:00:00,1798.5940338130151,wind,2017-01-27 23:00:00,day_ahead
2017-01-28 03:00:00,1805.2953857698835,wind,2017-01-27 23:00:00,day_ahead
2017-01-28 04:00:00,1814.5360087292966,wind,2017-01-27 23:00:00,day_ahead
2017-01-28 05:00:00,1819.2969624681107,wind,2017-01-27 23:00:00,day_ahead
2017-01-28 06:00:00,1805.1618733155647,wind,2017-01-27 23:00:00,day_ahead
2017-01-28 07:00:00,1759.462492614642,wind,2017-01-27 23:00:00,day_ahead
2017-01-28 08:00:00,1683.4158353947817,wind,2017-01-27 23:00:00,day_ahead
2017-01-28 09:00:00,1596.3357306612766,wind,2017-01-27 23:00:00,day_ahead
2017-01-28 10:00:00,1526.47562436309,wind,2017-01-27 23:00:00,day_ahead
2017-01-28 11:00:00,1494.4955984950943,wind,2017-01-27 23:00:00,day_ahead
2017-01-28 12:00:00,1502.4024989943855,wind,2017-01-27 23:00:00,day_ahead
2017-01-28 13:00:00,1536.3950843258642,wind,2017-01-27 23:00:00,day_ahead
2017-01-28 14:00:00,1580.150474942091,wind,2017-01-27 23:00:00,day_ahead
2017-01-28 15:00:00,1626.5704339800868,wind,2017-01-27 23:00:00,day_ahead
2017-01-28 16:00:00,1678.5048505568598,wind,2017-01-27 23:00:00,day_ahead
2017-01-28 17:00:00,1739.7213721110902,wind,2017-01-27 23:00:00,day_ahead
2017-01-28 18:00:00,1806.0734084594615,wind,2017-01-27 23:00:00,day_ahead
2017-01-28 19:00:00,1865.557232616587,wind,2017-01-27 23:00:00,day_ahead
2017-01-28 20:00:00,1906.6716845900935,wind,2017-01-27 23:00:00,day_ahead
2017-01-28 21:00:00,1926.607973130021,wind,2017-01-27 23:00:00,day_ahead
2017-01-28 22:00:00,1931.7336664503728,wind,2017-01-27 23:00:00,day_ahead
2017-01-28 23:00:00,1930.9433704914607,wind,2017-01-27 23:00:00,day_ahead
2017-01-29 00:00:00,1870.5580402851979,wind,2017-01-28 23:00:00,day_ahead
2017-01-29 01:00:00,1868.3480262966636,wind,2017-01-28 23:00:00,day_ahead
2017-01-29 02:00:00,1865.5089839636235,wind,2017-01-28 23:00:00,day_ahead
2017-01-29 03:00:00,1864.4064491461454,wind,2017-01-28 23:00:00,day_ahead
2017-01-29 04:00:00,1865.7009713737616,wind,2017-01-28 23:00:00,day_ahead
2017-01-29 05:00:00,1862.409548732074,wind,2017-01-28 23:00:00,day_ahead
2017-01-29 06:00:00,1839.9625470443762,wind,2017-01-28 23:00:00,day_ahead
2017-01-29 07:00:00,1785.553334446207,wind,2017-01-28 23:00:00,day_ahead
2017-01-29 08:00:00,1700.4630001358291,wind,2017-01-28 23:00:00,day_ahead
2017-01-29 09:00:00,1604.2661632199918,wind,2017-01-28 23:00:00,day_ahead
2017-01-29 10:00:00,1525.486482534261,wind,2017-01-28 23:00:00,day_ahead
2017-01-29 11:00:00,1484.877940305093,wind,2017-01-28 23:00:00,day_ahead
2017-01-29 12:00:00,1484.3531152494836,wind,2017-01-28 23:00:00,day_ahead
2017-01-29 13:00:00,1509.9867169577803,wind,2017-01-28 23:00:00,day_ahead
2017-01-29 14:00:00,1545.463878769579,wind,2017-01-28 23:00:00,day_ahead
2017-01-29 15:00:00,1583.8342681517179,wind,2017-01-28 23:00:00,day_ahead
2017-01-29 16:00:00,1628.0972014839363,wind,2017-01-28 23:00:00,day_ahead
2017-01-29 17:00:00,1682.0437966915222,wind,2017-01-28 23:00:00,day_ahead
2017-01-29 18:00:00,1741.447185131272,wind,2017-01-28 23:00:00,day_ahead
2017-01-29 19:00:00,1794.2663817850055,wind,2017-01-28 23:00:00,day_ahead
2017-01-29 20:00:00,1829.1141807450194,wind,2017-01-28 23:00:00,day_ahead
2017-01-29 21:00:00,1843.3867073192587,wind,2017-01-28 23:00:00,day_ahead
2017-01-29 22:00:00,1843.5630988810653,wind,2017-01-28 23:00:00,day_ahead
2017-01-29 23:00:00,1838.4300475734217,wind,2017-01-28 23:00:00,day_ahead
2017-01-30 00:00:00,1879.0078430239014,wind,2017-01-29 23:00:00,day_ahead
2017-01-30 01:00:00,1872.4709347684045,wind,2017-01-29 23:00:00,day_ahead
2017-01-30 02:00:00,1866.0298955381954,wind,2017-01-29 23:00:00,day_ahead
2017-01-30 03:00:00,1862.079741892736,wind,2017-01-29 23:00:00,day_ahead
2017-01-30 04:00:00,1861.1042090287851,wind,2017-01-29 23:00:00,day_ahead
2017-01-30 05:00:00,1855.88889300348,wind,2017-01-29 23:00:00,day_ahead
2017-01-30 06:00:00,1831.7468588994673,wind,2017-01-29 23:00:00,day_ahead
2017-01-30 07:00:00,1775.908631410843,wind,2017-01-29 23:00:00,day_ahead
2017-01-30 08:00:00,1689.7471246074774,wind,2017-01-29 23:00:00,day_ahead
2017-01-30 09:00:00,1592.8616725187583,wind,2017-01-29 23:00:00,day_ahead
2017-01-30 10:00:00,1513.710457437915,wind,2017-01-29 23:00:00,day_ahead
2017-01-30 11:00:00,1472.9719391762608,wind,2017-01-29 23:00:00,day_ahead
2017-01-30 12:00:00,1472.552261117579,wind,2017-01-29 23:00:00,day_ahead
2017-01-30 13:00:00,1498.5728608230613,wind,2017-01-29 23:00:00,day_ahead
2017-01-30 14:00:00,1534.7268550185947,wind,2017-01-29 23:00:00,day_ahead
2017-01-30 15:00:00,1573.9762665708458,wind,2017-01-29 23:00:00,day_ahead
2017-01-30 16:00:00,1619.1954951850737,wind,2017-01-29 23:00:00,day_ahead
2017-01-30 17:00:00,1674.1419752899074,wind,2017-01-29 23:00:00,day_ahead
2017-01-30 18:00:00,1734.711402098971,wind,2017-01-29 23:00:00,day_ahead
2017-01-30 19:00:00,1789.0571911645195,wind,2017-01-29 23:00:00,day_ahead
2017-01-30 20:00:00,1825.8843139120777,wind,2017-01-29 23:00:00,day_ahead
2017-01-30 21:00:00,1842.4752558688317,wind,2017-01-29 23:00:00,day_ahead
2017-01-30 22:00:00,1845.0651100152697,wind,2017-01-29 23:00:00,day_ahead
2017-01-30 23:00:00,1842.2660298769702,wind,2017-01-29 23:00:00,day_ahead
2017-01-31 00:00:00,1868.2392795060282,wind,2017-01-30 23:00:00,day_ahead
2017-01-31 01:00:00,1864.0600765854063,wind,2017-01-30 23:00:00,day_ahead
2017-01-31 02:00:00,1860.2973163504787,wind,2017-01-30 23:00:00,day_ahead
2017-01-31 03:00:00,1859.3298436069572,wind,2017-01-30 23:00:00,day_ahead
2017-01-31 04:00:00,1861.485538018699,wind,2017-01-30 23:00:00,day_ahead
2017-01-31 05:00:00,1859.3765561729017,wind,2017-01-30 23:00:00,day_ahead
2017-01-31 06:00:00,1838.2609632748804,wind,2017-01-30 23:00:00,day_ahead
2017-01-31 07:00:00,1785.4691417407507,wind,2017-01-30 23:00:00,day_ahead
2017-01-31 08:00:00,1702.5357881916368,wind,2017-01-30 23:00:00,day_ahead
2017-01-31 09:00:00,1609.1417647560656,wind,2017-01-30 23:00:00,day_ahead
2017-01-31 10:00:00,1533.6738213095625,wind,2017-01-30 23:00:00,day_ahead
2017-01-31 11:00:00,1496.6372495490452,wind,2017-01-30 23:00:00,day_ahead
2017-01-31 12:00:00,1499.7871484888685,wind,2017-01-30 23:00:00,day_ahead
2017-01-31 13:00:00,1529.2086629808305,wind,2017-01-30 23:00:00,day_ahead
2017-01-31 14:00:00,1568.671420314117,wind,2017-01-30 23:00:00,day_ahead
2017-01-31 15:00:00,1611.2533986052188,wind,2017-01-30 23:00:00,day_ahead
2017-01-31 16:00:00,1659.9124520611506,wind,2017-01-30 23:00:00,day_ahead
2017-01-31 17:00:00,1718.4344588852632,wind,2017-01-30 23:00:00,day_ahead
2017-01-31 18:00:00,1782.7025973947761,wind,2017-01-30 23:00:00,day_ahead
2017-01-31 19:00:00,1840.825602348858,wind,2017-01-30 23:00:00,day_ahead
2017-01-31 20:00:00,1881.4217285324758,wind,2017-01-30 23:00:00,day_ahead
2017-01-31 21:00:00,1901.647640722631,wind,2017-01-30 23:00:00,day_ahead
2017-01-31 22:00:00,1907.6228571174317,wind,2017-01-30 23:00:00,day_ahead
2017-01-31 23:00:00,1907.9327136853533,wind,2017-01-30 23:00:00,day_ahead
2017-02-01 00:00:00,1906.2665072482678,wind,2017-01-31 23:00:00,day_ahead
2017-02-01 01:00:00,1905.76352409861,wind,2017-01-31 23:00:00,day_ahead
2017-02-01 02:00:00,1905.1477716726683,wind,2017-01-31 23:00:00,day_ahead
2017-02-01 03:00:00,1906.9083266195078,wind,2017-01-31 23:00:00,day_ahead
2017-02-01 04:00:00,1911.6774993910087,wind,2017-01-31 23:00:00,day_ahead
2017-02-01 05:00:00,1912.2806513242813,wind,2017-01-31 23:00:00,day_ahead
2017-02-01 06:00:00,1893.9331283367746,wind,2017-01-31 23:00:00,day_ahead
2017-02-01 07:00:00,1843.742748535688,wind,2017-01-31 23:00:00,day_ahead
2017-02-01 08:00:00,1763.0494944087527,wind,2017-01-31 23:00:00,day_ahead
2017-02-01 09:00:00,1671.4967104944371,wind,2017-01-31 23:00:00,day_ahead
2017-02-01 10:00:00,1597.541956289156,wind,2017-01-31 23:00:00,day_ahead
2017-02-01 11:00:00,1561.7349184543336,wind,2017-01-31 23:00:00,day_ahead
2017-02-01 12:00:00,1565.7943836007912,wind,2017-01-31 23:00:00,day_ahead
2017-02-01 13:00:00,1595.769864219344,wind,2017-01-31 23:00:00,day_ahead
2017-02-01 14:00:00,1635.50141995829,wind,2017-01-31 23:00:00,day_ahead
2017-02-01 15:00:00,1678.2238569221374,wind,2017-01-31 23:00:00,day_ahead
2017-02-01 16:00:00,1726.9819065562187,wind,2017-01-31 23:00:00,day_ahead
2017-02-01 17:00:00,1785.441189926532,wind,2017-01-31 23:00:00,day_ahead
2017-02-01 18:00:00,1849.2071168431335,wind,2017-01-31 23:00:00,day_ahead
2017-02-01 19:00:00,1906.1831631839048,wind,2017-01-31 23:00:00,day_ahead
2017-02-01 20:00:00,1945.065290305031,wind,2017-01-31 23:00:00,day_ahead
2017-02-01 21:00:00,1963.349848382028,wind,2017-01-31 23:00:00,day_ahead
2017-02-01 22:00:00,1967.4938405629714,wind,2017-01-31 23:00:00,day_ahead
2017-02-01 23:00:00,1966.1293802750235,wind,2017-01-31 23:00:00,day_ahead
2017-02-02 00:00:00,1987.9748047060825,wind,2017-02-01 23:00:00,day_ahead
2017-02-02 01:00:00,1983.7707866044702,wind,2017-02-01 23:00:00,day_ahead
2017-02-02 02:00:00,1979.5646073740238,wind,2017-02-01 23:00:00,day_ahead
2017-02-02 03:00:00,1977.9453336904503,wind,2017-02-01 23:00:00,day_ahead
2017-02-02 04:00:00,1979.334968734523,wind,2017-02-01 23:00:00,day_ahead
2017-02-02 05:00:00,1976.284996544057,wind,2017-02-01 23:00:00,day_ahead
2017-02-02 06:00:00,1953.9367040203158,wind,2017-02-01 23:00:00,day_ahead
2017-02-02 07:00:00,1899.5699269423003,wind,2017-02-01 23:00:00,day_ahead
2017-02-02 08:00:00,1814.7526652707493,wind,2017-02-01 23:00:00,day_ahead
2017-02-02 09:00:00,1719.1883812578785,wind,2017-02-01 23:00:00,day_ahead
2017-02-02 10:00:00,1641.1894731085824,wind,2017-02-01 23:00:00,day_ahead
2017-02-02 11:00:00,1601.1305844182755,wind,2017-02-01 23:00:00,day_ahead
2017-02-02 12:00:00,1600.7311861065125,wind,2017-02-01 23:00:00,day_ahead
2017-02-02 13:00:00,1626.2507145466016,wind,2017-02-01 23:00:00,day_ahead
2017-02-02 14:00:00,1661.7871658050703,wind,2017-02-01 23:00:00,day_ahead
2017-02-02 15:00:00,1700.694722792105,wind,2017-02-01 23:00:00,day_ahead
2017-02-02 16:00:00,1745.9685876381468,wind,2017-02-01 23:00:00,day_ahead
2017-02-02 17:00:00,1801.1911355105901,wind,2017-02-01 23:00:00,day_ahead
2017-02-02 18:00:00,1861.9873972203159,wind,2017-02-01 23:00:00,day_ahead
2017-02-02 19:00:00,1916.3634828641068,wind,2017-02-01 23:00:00,day_ahead
2017-02-02 20:00:00,1953.0454849447126,wind,2017-02-01 23:00:00,day_ahead
2017-02-02 21:00:00,1969.3792006453396,wind,2017-02-01 23:00:00,day_ahead
2017-02-02 22:00:00,1971.5822573998234,wind,2017-02-01 23:00:00,day_ahead
2017-02-02 23:00:00,1968.2005770786623,wind,2017-02-01 23:00:00,day_ahead
2017-02-03 00:00:00,2062.474237240991,wind,2017-02-02 23:00:00,day_ahead
2017-02-03 01:00:00,2057.5354788187256,wind,2017-02-02 23:00:00,day_ahead
2017-02-03 02:00:00,2053.1347365472166,wind,2017-02-02 23:00:00,day_ahead
2017-02-03 03:00:00,2051.9373329597056,wind,2017-02-02 23:00:00,day_ahead
2017-02-03 04:00:00,2054.4169612957253,wind,2017-02-02 23:00:00,day_ahead
2017-02-03 05:00:00,2053.142097766495,wind,2017-02-02 23:00:00,day_ahead
2017-02-03 06:00:00,2033.245282099299,wind,2017-02-02 23:00:00,day_ahead
2017-02-03 07:00:00,1981.9953884764643,wind,2017-02-02 23:00:00,day_ahead
2017-02-03 08:00:00,1900.9674791113362,wind,2017-02-02 23:00:00,day_ahead
2017-02-03 09:00:00,1809.8863472240134,wind,2017-02-02 23:00:00,day_ahead
2017-02-03 10:00:00,1737.0675418239798,wind,2017-02-02 23:00:00,day_ahead
2017-02-03 11:00:00,1702.8309036748042,wind,2017-02-02 23:00:00,day_ahead
2017-02-03 12:00:00,1708.7714504025005,wind,2017-02-02 23:00:00,day_ahead
2017-02-03 13:00:00,1740.991991281435,wind,2017-02-02 23:00:00,day_ahead
2017-02-03 14:00:00,1783.4734942418813,wind,2017-02-02 23:00:00,day_ahead
2017-02-03 15:00:00,1829.553571286583,wind,2017-02-02 23:00:00,day_ahead
2017-02-03 16:00:00,1882.3173086651218,wind,2017-02-02 23:00:00,day_ahead
2017-02-03 17:00:00,1945.4852319907939,wind,2017-02-02 23:00:00,day_ahead
2017-02-03 18:00:00,2014.7797981538613,wind,2017-02-02 23:00:00,day_ahead
2017-02-03 19:00:00,2078.1963898549175,wind,2017-02-02 23:00:00,day_ahead
2017-02-03 20:00:00,2124.3314940666737,wind,2017-02-02 23:00:00,day_ahead
2017-02-03 21:00:00,2150.325800234572,wind,2017-02-02 23:00:00,day_ahead
2017-02-03 22:00:00,2162.1817320081627,wind,2017-02-02 23:00:00,day_ahead
2017-02-03 23:00:00,2168.271912348237,wind,2017-02-02 23:00:00,day_ahead
2017-02-04 00:00:00,2260.199924556148,wind,2017-02-03 23:00:00,day_ahead
2017-02-04 01:00:00,2264.1805114393997,wind,2017-02-03 23:00:00,day_ahead
2017-02-04 02:00:00,2268.0278226595283,wind,2017-02-03 23:00:00,day_ahead
2017-02-04 03:00:00,2274.5739979813816,wind,2017-02-03 23:00:00,day_ahead
2017-02-04 04:00:00,2284.595802542439,wind,2017-02-03 23:00:00,day_ahead
2017-02-04 05:00:00,2290.79658822157,wind,2017-02-03 23:00:00,day_ahead
2017-02-04 06:00:00,2278.1147561524535,wind,2017-02-03 23:00:00,day_ahead
2017-02-04 07:00:00,2233.422682581739,wind,2017-02-03 23:00:00,day_ahead
2017-02-04 08:00:00,2157.993514718551,wind,2017-02-03 23:00:00,day_ahead
2017-02-04 09:00:00,2071.5440399162294,wind,2017-02-03 23:00:00,day_ahead
2017-02-04 10:00:00,2002.6087462049622,wind,2017-02-03 23:00:00,day_ahead
2017-02-04 11:00:00,1971.7012003532259,wind,2017-02-03 23:00:00,day_ahead
2017-02-04 12:00:00,1980.3898377116113,wind,2017-02-03 23:00:00,day_ahead
2017-02-04 13:00:00,2014.5611167740435,wind,2017-02-03 23:00:00,day_ahead
2017-02-04 14:00:00,2057.990040145175,wind,2017-02-03 23:00:00,day_ahead
2017-02-04 15:00:00,2103.98088907559,wind,2017-02-03 23:00:00,day_ahead
2017-02-04 16:00:00,2155.7368624561013,wind,2017-02-03 23:00:00,day_ahead
2017-02-04 17:00:00,2217.0963407109425,wind,2017-02-03 23:00:00,day_ahead
2017-02-04 18:00:00,2283.796672942976,wind,2017-02-03 23:00:00,day_ahead
2017-02-04 19:00:00,2343.800357357878,wind,2017-02-03 23:00:00,day_ahead
2017-02-04 20:00:00,2385.759965947543,wind,2017-02-03 23:00:00,day_ahead
2017-02-04 21:00:00,2407.004413263253,wind,2017-02-03 23:00:00,day_ahead
2017-02-04 22:00:00,2413.7277945987707,wind,2017-02-03 23:00:00,day_ahead
2017-02-04 23:00:00,2414.313496146753,wind,2017-02-03 23:00:00,day_ahead
2017-02-05 00:00:00,2491.1982203612642,wind,2017-02-04 23:00:00,day_ahead
2017-02-05 01:00:00,2488.067618201983,wind,2017-02-04 23:00:00,day_ahead
2017-02-05 02:00:00,2484.3908040386004,wind,2017-02-04 23:00:00,day_ahead
2017-02-05 03:00:00,2483.0144577036326,wind,2017-02-04 23:00:00,day_ahead
2017-02-05 04:00:00,2484.721779350407,wind,2017-02-04 23:00:00,day_ahead
2017-02-05 05:00:00,2482.2878286900022,wind,2017-02-04 23:00:00,day_ahead
2017-02-05 06:00:00,2460.798200631583,wind,2017-02-04 23:00:00,day_ahead
2017-02-05 07:00:00,2407.279331791602,wind,2017-02-04 23:00:00,day_ahead
2017-02-05 08:00:00,2323.079783213314,wind,2017-02-04 23:00:00,day_ahead
2017-02-05 09:00:00,2227.8907757912243,wind,2017-02-04 23:00:00,day_ahead
2017-02-05 10:00:00,2150.18208212267,wind,2017-02-04 23:00:00,day_ahead
2017-02-05 11:00:00,2110.451903839367,wind,2017-02-04 23:00:00,day_ahead
2017-02-05 12:00:00,2110.33847580036,wind,2017-02-04 23:00:00,day_ahead
2017-02-05 13:00:00,2135.841186822282,wind,2017-02-04 23:00:00,day_ahead
2017-02-05 14:00:00,2170.8210204962857,wind,2017-02-04 23:00:00,day_ahead
2017-02-05 15:00:00,2208.614711910526,wind,2017-02-04 23:00:00,day_ahead
2017-02-05 16:00:00,2252.442291892916,wind,2017-02-04 23:00:00,day_ahead
2017-02-05 17:00:00,2306.1974627648647,wind,2017-02-04 23:00:00,day_ahead
2017-02-05 18:00:00,2365.716700938131,wind,2017-02-04 23:00:00,day_ahead
2017-02-05 19:00:00,2419.049422615856,wind,2017-02-04 23:00:00,day_ahead
2017-02-05 20:00:00,2454.8602697409838,wind,2017-02-04 23:00:00,day_ahead
2017-02-05 21:00:00,2470.412830794012,wind,2017-02-04 23:00:00,day_ahead
2017-02-05 22:00:00,2471.8253618012877,wind,2017-02-04 23:00:00,day_ahead
2017-02-05 23:00:00,2467.470622836062,wind,2017-02-04 23:00:00,day_ahead
2017-02-06 00:00:00,2505.139498697538,wind,2017-02-05 23:00:00,day_ahead
2017-02-06 01:00:00,2499.0235779505015,wind,2017-02-05 23:00:00,day_ahead
2017-02-06 02:00:00,2492.3461869863113,wind,2017-02-05 23:00:00,day_ahead
2017-02-06 03:00:00,2488.080940991673,wind,2017-02-05 23:00:00,day_ahead
2017-02-06 04:00:00,2487.3410060035812,wind,2017-02-05 23:00:00,day_ahead
2017-02-06 05:00:00,2483.1371260216974,wind,2017-02-05 23:00:00,day_ahead
2017-02-06 06:00:00,2460.5242834570154,wind,2017-02-05 23:00:00,day_ahead
2017-02-06 07:00:00,2406.3137286015726,wind,2017-02-05 23:00:00,day_ahead
2017-02-06 08:00:00,2321.676564031433,wind,2017-02-05 23:00:00,day_ahead
2017-02-06 09:00:00,2226.299465738418,wind,2017-02-05 23:00:00,day_ahead
2017-02-06 10:00:00,2148.7526838280937,wind,2017-02-05 23:00:00,day_ahead
2017-02-06 11:00:00,2109.5661572157414,wind,2017-02-05 23:00:00,day_ahead
2017-02-06 12:00:00,2110.256538572138,wind,2017-02-05 23:00:00,day_ahead
2017-02-06 13:00:00,2136.640028483424,wind,2017-02-05 23:00:00,day_ahead
2017-02-06 14:00:00,2172.495388739847,wind,2017-02-05 23:00:00,day_ahead
2017-02-06 15:00:00,2211.232220858605,wind,2017-02-05 23:00:00,day_ahead
2017-02-06 16:00:00,2256.185089507524,wind,2017-02-05 23:00:00,day_ahead
2017-02-06 17:00:00,2311.2494326995034,wind,2017-02-05 23:00:00,day_ahead
2017-02-06 18:00:00,2372.1338542648396,wind,2017-02-05 23:00:00,day_ahead
2017-02-06 19:00:00,2426.7870054799396,wind,2017-02-05 23:00:00,day_ahead
2017-02-06 20:00:00,2463.9715420581465,wind,2017-02-05 23:00:00,day_ahead
2017-02-06 21:00:00,2481.235222582548,wind,2017-02-05 23:00:00,day_ahead
2017-02-06 22:00:00,2484.9394696435143,wind,2017-02-05 23:00:00,day_ahead
2017-02-06 23:00:00,2483.407541264989,wind,2017-02-05 23:00:00,day_ahead
2017-02-07 00:00:00,2485.565739859554,wind,2017-02-06 23:00:00,day_ahead
2017-02-07 01:00:00,2481.6557034401403,wind,2017-02-06 23:00:00,day_ahead
2017-02-07 02:00:00,2477.4201382081005,wind,2017-02-06 23:00:00,day_ahead
2017-02-07 03:00:00,2475.7320946379255,wind,2017-02-06 23:00:00,day_ahead
2017-02-07 04:00:00,2477.5199082705476,wind,2017-02-06 23:00:00,day_ahead
2017-02-07 05:00:00,2475.660919425084,wind,2017-02-06 23:00:00,day_ahead
2017-02-07 06:00:00,2455.198142578469,wind,2017-02-06 23:00:00,day_ahead
2017-02-07 07:00:00,2403.017744315359,wind,2017-02-06 23:00:00,day_ahead
2017-02-07 08:00:00,2320.3708414985285,wind,2017-02-06 23:00:00,day_ahead
2017-02-07 09:00:00,2226.9840708849188,wind,2017-02-06 23:00:00,day_ahead
2017-02-07 10:00:00,2151.4450960298554,wind,2017-02-06 23:00:00,day_ahead
2017-02-07 11:00:00,2114.3124329590146,wind,2017-02-06 23:00:00,day_ahead
2017-02-07 12:00:00,2117.136472065528,wind,2017-02-06 23:00:00,day_ahead
2017-02-07 13:00:00,2145.729221913173,wind,2017-02-06 23:00:00,day_ahead
2017-02-07 14:00:00,2183.806433358652,wind,2017-02-06 23:00:00,day_ahead
2017-02-07 15:00:00,2224.703084551918,wind,2017-02-06 23:00:00,day_ahead
2017-02-07 16:00:00,2271.753719536384,wind,2017-02-06 23:00:00,day_ahead
2017-02-07 17:00:00,2328.967383719118,wind,2017-02-06 23:00:00,day_ahead
2017-02-07 18:00:00,2392.21455433946,wind,2017-02-06 23:00:00,day_ahead
2017-02-07 19:00:00,2449.5243124227936,wind,2017-02-06 23:00:00,day_ahead
2017-02-07 20:00:00,2489.5769925291906,wind,2017-02-06 23:00:00,day_ahead
2017-02-07 21:00:00,2509.725731263754,wind,2017-02-06 23:00:00,day_ahead
2017-02-07 22:00:00,2516.177122996979,wind,2017-02-06 23:00:00,day_ahead
2017-02-07 23:00:00,2517.26781561356,wind,2017-02-06 23:00:00,day_ahead
2017-02-08 00:00:00,2521.7597042229518,wind,2017-02-07 23:00:00,day_ahead
2017-02-08 01:00:00,2520.8563674056168,wind,2017-02-07 23:00:00,day_ahead
2017-02-08 02:00:00,2519.548354054029,wind,2017-02-07 23:00:00,day_ahead
2017-02-08 03:00:00,2520.6549320221043,wind,2017-02-07 23:00:00,day_ahead
2017-02-08 04:00:00,2525.2328300173453,wind,2017-02-07 23:00:00,day_ahead
2017-02-08 05:00:00,2526.337547723525,wind,2017-02-07 23:00:00,day_ahead
2017-02-08 06:00:00,2509.051173429186,wind,2017-02-07 23:00:00,day_ahead
2017-02-08 07:00:00,2460.1078069767923,wind,2017-02-07 23:00:00,day_ahead
2017-02-08 08:00:00,2380.555953013194,wind,2017-02-07 23:00:00,day_ahead
2017-02-08 09:00:00,2290.06072410479,wind,2017-02-07 23:00:00,day_ahead
2017-02-08 10:00:00,2217.3334195198145,wind,2017-02-07 23:00:00,day_ahead
2017-02-08 11:00:00,2183.0840113934255,wind,2017-02-07 23:00:00,day_ahead
2017-02-08 12:00:00,2188.8340857995277,wind,2017-02-07 23:00:00,day_ahead
2017-02-08 13:00:00,2220.1375957004257,wind,2017-02-07 23:00:00,day_ahead
2017-02-08 14:00:00,2260.393619932821,wind,2017-02-07 23:00:00,day_ahead
2017-02-08 15:00:00,2302.7989838636627,wind,2017-02-07 23:00:00,day_ahead
2017-02-08 16:00:00,2350.8111913282087,wind,2017-02-07 23:00:00,day_ahead
2017-02-08 17:00:00,2408.6763084607433,wind,2017-02-07 23:00:00,day_ahead
2017-02-08 18:00:00,2472.381948212789,wind,2017-02-07 23:00:00,day_ahead
2017-02-08 19:00:00,2529.853980432301,wind,2017-02-07 23:00:00,day_ahead
2017-02-08 20:00:00,2569.566737836978,wind,2017-02-07 23:00:00,day_ahead
2017-02-08 21:00:00,2588.771931060607,wind,2017-02-07 23:00:00,day_ahead
2017-02-08 22:00:00,2593.7681654010257,wind,2017-02-07 23:00:00,day_ahead
2017-02-08 23:00:00,2593.066932923126,wind,2017-02-07 23:00:00,day_ahead
2017-02-09 00:00:00,2532.9561910125353,wind,2017-02-08 23:00:00,day_ahead
2017-02-09 01:00:00,2530.9287888343642,wind,2017-02-08 23:00:00,day_ahead
2017-02-09 02:00:00,2527.5837894170254,wind,2017-02-08 23:00:00,day_ahead
2017-02-09 03:00:00,2525.792768371874,wind,2017-02-08 23:00:00,day_ahead
2017-02-09 04:00:00,2526.95495461706,wind,2017-02-08 23:00:00,day_ahead
2017-02-09 05:00:00,2524.47181054711,wind,2017-02-08 23:00:00,day_ahead
2017-02-09 06:00:00,2503.5267429708215,wind,2017-02-08 23:00:00,day_ahead
2017-02-09 07:00:00,2450.704729498064,wind,2017-02-08 23:00:00,day_ahead
2017-02-09 08:00:00,2366.864541379835,wind,2017-02-08 23:00:00,day_ahead
2017-02-09 09:00:00,2271.652150692448,wind,2017-02-08 23:00:00,day_ahead
2017-02-09 10:00:00,2193.954249527568,wind,2017-02-08 23:00:00,day_ahead
2017-02-09 11:00:00,2154.696302313678,wind,2017-02-08 23:00:00,day_ahead
2017-02-09 12:00:00,2155.498439698347,wind,2017-02-08 23:00:00,day_ahead
2017-02-09 13:00:00,2181.889875200719,wind,2017-02-08 23:00:00,day_ahead
2017-02-09 14:00:00,2217.2462866413134,wind,2017-02-08 23:00:00,day_ahead
2017-02-09 15:00:00,2254.8419217122428,wind,2017-02-08 23:00:00,day_ahead
2017-02-09 16:00:00,2298.271166115357,wind,2017-02-08 23:00:00,day_ahead
2017-02-09 17:00:00,2351.845970530754,wind,2017-02-08 23:00:00,day_ahead
2017-02-09 18:00:00,2411.491474181599,wind,2017-02-08 23:00:00,day_ahead
2017-02-09 19:00:00,2465.0496306893833,wind,2017-02-08 23:00:00,day_ahead
2017-02-09 20:00:00,2501.06766081807,wind,2017-02-08 23:00:00,day_ahead
2017-02-09 21:00:00,2517.08109272656,wind,2017-02-08 23:00:00,day_ahead
2017-02-09 22:00:00,2519.717457944301,wind,2017-02-08 23:00:00,day_ahead
2017-02-09 23:00:00,2517.5977990918523,wind,2017-02-08 23:00:00,day_ahead
2017-02-10 00:00:00,2500.658574722497,wind,2017-02-09 23:00:00,day_ahead
2017-02-10 01:00:00,2496.87034078701,wind,2017-02-09 23:00:00,day_ahead
2017-02-10 02:00:00,2492.4731124512036,wind,2017-02-09 23:00:00,day_ahead
2017-02-10 03:00:00,2490.3764314573787,wind,2017-02-09 23:00:00,day_ahead
2017-02-10 04:00:00,2491.947243077683,wind,2017-02-09 23:00:00,day_ahead
2017-02-10 05:00:00,2490.5281992390765,wind,2017-02-09 23:00:00,day_ahead
2017-02-10 06:00:00,2471.2708994074055,wind,2017-02-09 23:00:00,day_ahead
2017-02-10 07:00:00,2420.7630259876296,wind,2017-02-09 23:00:00,day_ahead
2017-02-10 08:00:00,2339.8599458570748,wind,2017-02-09 23:00:00,day_ahead
2017-02-10 09:00:00,2248.163140533637,wind,2017-02-09 23:00:00,day_ahead
2017-02-10 10:00:00,2174.4944429023562,wind,2017-02-09 23:00:00,day_ahead
2017-02-10 11:00:00,2139.7580716874368,wind,2017-02-09 23:00:00,day_ahead
2017-02-10 12:00:00,2145.6349225280487,wind,2017-02-09 23:00:00,day_ahead
2017-02-10 13:00:00,2177.753647277638,wind,2017-02-09 23:00:00,day_ahead
2017-02-10 14:00:00,2219.523290307445,wind,2017-02-09 23:00:00,day_ahead
2017-02-10 15:00:00,2264.1071600912487,wind,2017-02-09 23:00:00,day_ahead
2017-02-10 16:00:00,2314.869542576469,wind,2017-02-09 23:00:00,day_ahead
2017-02-10 17:00:00,2375.8925869010945,wind,2017-02-09 23:00:00,day_ahead
2017-02-10 18:00:00,2442.993104205427,wind,2017-02-09 23:00:00,day_ahead
2017-02-10 19:00:00,2504.053494616403,wind,2017-02-09 23:00:00,day_ahead
2017-02-10 20:00:00,2547.729304040802,wind,2017-02-09 23:00:00,day_ahead
2017-02-10 21:00:00,2571.619503405455,wind,2017-02-09 23:00:00,day_ahead
2017-02-10 22:00:00,2582.319818268047,wind,2017-02-09 23:00:00,day_ahead
2017-02-10 23:00:00,2588.3639159529203,wind,2017-02-09 23:00:00,day_ahead
2017-02-11 00:00:00,2559.458167706004,wind,2017-02-10 23:00:00,day_ahead
2017-02-11 01:00:00,2564.0076647428705,wind,2017-02-10 23:00:00,day_ahead
2017-02-11 02:00:00,2568.0336677816285,wind,2017-02-10 23:00:00,day_ahead
2017-02-11 03:00:00,2574.2578420609825,wind,2017-02-10 23:00:00,day_ahead
2017-02-11 04:00:00,2583.7516446800482,wind,2017-02-10 23:00:00,day_ahead
2017-02-11 05:00:00,2589.6710591506867,wind,2017-02-10 23:00:00,day_ahead
2017-02-11 06:00:00,2577.2020357397037,wind,2017-02-10 23:00:00,day_ahead
2017-02-11 07:00:00,2533.0861651268697,wind,2017-02-10 23:00:00,day_ahead
2017-02-11 08:00:00,2458.235248092125,wind,2017-02-10 23:00:00,day_ahead
2017-02-11 09:00:00,2372.0882469416256,wind,2017-02-10 23:00:00,day_ahead
2017-02-11 10:00:00,2303.1780905877713,wind,2017-02-10 23:00:00,day_ahead
2017-02-11 11:00:00,2272.2113811514178,wind,2017-02-10 23:00:00,day_ahead
2017-02-11 12:00:00,2280.8973614791403,wind,2017-02-10 23:00:00,day_ahead
2017-02-11 13:00:00,2315.0466157478104,wind,2017-02-10 23:00:00,day_ahead
2017-02-11 14:00:00,2358.2019619211937,wind,2017-02-10 23:00:00,day_ahead
2017-02-11 15:00:00,2403.4790305543156,wind,2017-02-10 23:00:00,day_ahead
2017-02-11 16:00:00,2454.0693725584397,wind,2017-02-10 23:00:00,day_ahead
2017-02-11 17:00:00,2513.9327602468948,wind,2017-02-10 23:00:00,day_ahead
2017-02-11 18:00:00,2578.924159565724,wind,2017-02-10 23:00:00,day_ahead
2017-02-11 19:00:00,2637.061135685282,wind,2017-02-10 23:00:00,day_ahead
2017-02-11 20:00:00,2677.0696901620154,wind,2017-02-10 23:00:00,day_ahead
2017-02-11 21:00:00,2696.472816767006,wind,2017-02-10 23:00:00,day_ahead
2017-02-11 22:00:00,2701.7366356282428,wind,2017-02-10 23:00:00,day_ahead
2017-02-11 23:00:00,2701.389030218378,wind,2017-02-10 23:00:00,day_ahead
2017-02-12 00:00:00,2719.4415847386545,wind,2017-02-11 23:00:00,day_ahead
2017-02-12 01:00:00,2715.7741637565014,wind,2017-02-11 23:00:00,day_ahead
2017-02-12 02:00:00,2711.419388507268,wind,2017-02-11 23:00:00,day_ahead
2017-02-12 03:00:00,2709.0678613025657,wind,2017-02-11 23:00:00,day_ahead
2017-02-12 04:00:00,2709.5688626204305,wind,2017-02-11 23:00:00,day_ahead
2017-02-12 05:00:00,2705.9084126275957,wind,2017-02-11 23:00:00,day_ahead
2017-02-12 06:00:00,2683.3254485629204,wind,2017-02-11 23:00:00,day_ahead
2017-02-12 07:00:00,2628.7970966438775,wind,2017-02-11 23:00:00,day_ahead
2017-02-12 08:00:00,2543.462404698482,wind,2017-02-11 23:00:00,day_ahead
2017-02-12 09:00:00,2446.8281997856866,wind,2017-02-11 23:00:00,day_ahead
2017-02-12 10:00:00,2367.3579248446977,wind,2017-02-11 23:00:00,day_ahead
2017-02-12 11:00:00,2325.7032851920317,wind,2017-02-11 23:00:00,day_ahead
2017-02-12 12:00:00,2323.652833533553,wind,2017-02-11 23:00:00,day_ahead
2017-02-12 13:00:00,2347.205103473827,wind,2017-02-11 23:00:00,day_ahead
2017-02-12 14:00:00,2380.0723560446904,wind,2017-02-11 23:00:00,day_ahead
2017-02-12 15:00:00,2415.435024727809,wind,2017-02-11 23:00:00,day_ahead
2017-02-12 16:00:00,2456.4856532163403,wind,2017-02-11 23:00:00,day_ahead
2017-02-12 17:00:00,2507.228803220275,wind,2017-02-11 23:00:00,day_ahead
2017-02-12 18:00:00,2563.64520489041,wind,2017-02-11 23:00:00,day_ahead
2017-02-12 19:00:00,2613.865654264503,wind,2017-02-11 23:00:00,day_ahead
2017-02-12 20:00:00,2646.5844596100355,wind,2017-02-11 23:00:00,day_ahead
2017-02-12 21:00:00,2659.1326058971636,wind,2017-02-11 23:00:00,day_ahead
2017-02-12 22:00:00,2657.7792946381887,wind,2017-02-11 23:00:00,day_ahead
2017-02-12 23:00:00,2651.05533594377,wind,2017-02-11 23:00:00,day_ahead
2017-02-13 00:00:00,2654.977598336608,wind,2017-02-12 23:00:00,day_ahead
2017-02-13 01:00:00,2647.490906894758,wind,2017-02-12 23:00:00,day_ahead
2017-02-13 02:00:00,2639.458679215978,wind,2017-02-12 23:00:00,day_ahead
2017-02-13 03:00:00,2633.628355135039,wind,2017-02-12 23:00:00,day_ahead
2017-02-13 04:00:00,2631.149090351012,wind,2017-02-12 23:00:00,day_ahead
2017-02-13 05:00:00,2625.261722713877,wind,2017-02-12 23:00:00,day_ahead
2017-02-13 06:00:00,2601.2255883394837,wind,2017-02-12 23:00:00,day_ahead
2017-02-13 07:00:00,2545.8527791150855,wind,2017-02-12 23:00:00,day_ahead
2017-02-13 08:00:00,2460.1259969272965,wind,2017-02-12 23:00:00,day_ahead
2017-02-13 09:00:00,2363.532783296301,wind,2017-02-12 23:00:00,day_ahead
2017-02-13 10:00:00,2284.6037517782825,wind,2017-02-12 23:00:00,day_ahead
2017-02-13 11:00:00,2243.9982879192858,wind,2017-02-12 23:00:00,day_ahead
2017-02-13 12:00:00,2243.3859641567947,wind,2017-02-12 23:00:00,day_ahead
2017-02-13 13:00:00,2268.604664669853,wind,2017-02-12 23:00:00,day_ahead
2017-02-13 14:00:00,2303.2995622521216,wind,2017-02-12 23:00:00,day_ahead
2017-02-13 15:00:00,2340.702542156522,wind,2017-02-12 23:00:00,day_ahead
2017-02-13 16:00:00,2384.0531463401467,wind,2017-02-12 23:00:00,day_ahead
2017-02-13 17:00:00,2437.2633142489512,wind,2017-02-12 23:00:00,day_ahead
2017-02-13 18:00:00,2496.103756101506,wind,2017-02-12 23:00:00,day_ahead
2017-02-13 19:00:00,2548.5715894551727,wind,2017-02-12 23:00:00,day_ahead
2017-02-13 20:00:00,2583.489575659081,wind,2017-02-12 23:00:00,day_ahead
2017-02-13 21:00:00,2598.549846291608,wind,2017-02-12 23:00:00,day_ahead
2017-02-13 22:00:00,2600.348991653235,wind,2017-02-12 23:00:00,day_ahead
2017-02-13 23:00:00,2597.417399084886,wind,2017-02-12 23:00:00,day_ahead
2017-02-14 00:00:00,2566.1476828440177,wind,2017-02-13 23:00:00,day_ahead
2017-02-14 01:00:00,2561.1488459508487,wind,2017-02-13 23:00:00,day_ahead
2017-02-14 02:00:00,2556.0161619860746,wind,2017-02-13 23:00:00,day_ahead
2017-02-14 03:00:00,2553.578567753112,wind,2017-02-13 23:00:00,day_ahead
2017-02-14 04:00:00,2554.6913358680304,wind,2017-02-13 23:00:00,day_ahead
2017-02-14 05:00:00,2552.190341798623,wind,2017-02-13 23:00:00,day_ahead
2017-02-14 06:00:00,2531.117198515586,wind,2017-02-13 23:00:00,day_ahead
2017-02-14 07:00:00,2478.3435824615835,wind,2017-02-13 23:00:00,day_ahead
2017-02-14 08:00:00,2395.0412016906275,wind,2017-02-13 23:00:00,day_ahead
2017-02-14 09:00:00,2300.8088632030567,wind,2017-02-13 23:00:00,day_ahead
2017-02-14 10:00:00,2224.138109949115,wind,2017-02-13 23:00:00,day_ahead
2017-02-14 11:00:00,2185.5885219997153,wind,2017-02-13 23:00:00,day_ahead
2017-02-14 12:00:00,2186.7857185580706,wind,2017-02-13 23:00:00,day_ahead
2017-02-14 13:00:00,2213.5904275016956,wind,2017-02-13 23:00:00,day_ahead
2017-02-14 14:00:00,2249.65620613899,wind,2017-02-13 23:00:00,day_ahead
2017-02-14 15:00:00,2288.166285600793,wind,2017-02-13 23:00:00,day_ahead
2017-02-14 16:00:00,2332.335977754031,wind,2017-02-13 23:00:00,day_ahead
2017-02-14 17:00:00,2386.208053184912,wind,2017-02-13 23:00:00,day_ahead
2017-02-14 18:00:00,2445.85036861532,wind,2017-02-13 23:00:00,day_ahead
2017-02-14 19:00:00,2499.540399560533,wind,2017-02-13 23:00:00,day_ahead
2017-02-14 20:00:00,2536.116230518735,wind,2017-02-13 23:00:00,day_ahead
2017-02-14 21:00:00,2552.943090058362,wind,2017-02-13 23:00:00,day_ahead
2017-02-14 22:00:00,2556.158648395032,wind,2017-02-13 23:00:00,day_ahead
2017-02-14 23:00:00,2554.0605652343775,wind,2017-02-13 23:00:00,day_ahead
2017-02-15 00:00:00,2529.1476506465788,wind,2017-02-14 23:00:00,day_ahead
2017-02-15 01:00:00,2525.907513883657,wind,2017-02-14 23:00:00,day_ahead
2017-02-15 02:00:00,2522.217963686152,wind,2017-02-14 23:00:00,day_ahead
2017-02-15 03:00:00,2521.004833565266,wind,2017-02-14 23:00:00,day_ahead
2017-02-15 04:00:00,2523.368318565532,wind,2017-02-14 23:00:00,day_ahead
2017-02-15 05:00:00,2522.341127168387,wind,2017-02-14 23:00:00,day_ahead
2017-02-15 06:00:00,2502.9981023244127,wind,2017-02-14 23:00:00,day_ahead
2017-02-15 07:00:00,2452.125247641953,wind,2017-02-14 23:00:00,day_ahead
2017-02-15 08:00:00,2370.8173241803875,wind,2017-02-14 23:00:00,day_ahead
2017-02-15 09:00:00,2278.672390001198,wind,2017-02-14 23:00:00,day_ahead
2017-02-15 10:00:00,2204.2034858095553,wind,2017-02-14 23:00:00,day_ahead
2017-02-15 11:00:00,2167.914233499985,wind,2017-02-14 23:00:00,day_ahead
2017-02-15 12:00:00,2171.275811452483,wind,2017-02-14 23:00:00,day_ahead
2017-02-15 13:00:00,2199.990855305252,wind,2017-02-14 23:00:00,day_ahead
2017-02-15 14:00:00,2237.6700124721538,wind,2017-02-14 23:00:00,day_ahead
2017-02-15 15:00:00,2277.586356215458,wind,2017-02-14 23:00:00,day_ahead
2017-02-15 16:00:00,2323.069164441208,wind,2017-02-14 23:00:00,day_ahead
2017-02-15 17:00:00,2378.1717697999475,wind,2017-02-14 23:00:00,day_ahead
2017-02-15 18:00:00,2438.855661465129,wind,2017-02-14 23:00:00,day_ahead
2017-02-15 19:00:00,2493.2951203482407,wind,2017-02-14 23:00:00,day_ahead
2017-02-15 20:00:00,2530.360313350913,wind,2017-02-14 23:00:00,day_ahead
2017-02-15 21:00:00,2547.5821529076775,wind,2017-02-14 23:00:00,day_ahead
2017-02-15 22:00:00,2551.2414180916985,wind,2017-02-14 23:00:00,day_ahead
2017-02-15 23:00:00,2549.5813407924975,wind,2017-02-14 23:00:00,day_ahead
2017-02-16 00:00:00,2515.2170935021845,wind,2017-02-15 23:00:00,day_ahead
2017-02-16 01:00:00,2511.1020320138673,wind,2017-02-15 23:00:00,day_ahead
2017-02-16 02:00:00,2506.262469491231,wind,2017-02-15 23:00:00,day_ahead
2017-02-16 03:00:00,2503.6142842704103,wind,2017-02-15 23:00:00,day_ahead
2017-02-16 04:00:00,2504.228540191936,wind,2017-02-15 23:00:00,day_ahead
2017-02-16 05:00:00,2501.1033873934066,wind,2017-02-15 23:00:00,day_ahead
2017-02-16 06:00:00,2479.284848824748,wind,2017-02-15 23:00:00,day_ahead
2017-02-16 07:00:00,2425.5455667403994,wind,2017-02-15 23:00:00,day_ahead
2017-02-16 08:00:00,2340.9890387072337,wind,2017-02-15 23:00:00,day_ahead
2017-02-16 09:00:00,2245.2416232975347,wind,2017-02-15 23:00:00,day_ahead
2017-02-16 10:00:00,2166.8500251786068,wind,2017-02-15 23:00:00,day_ahead
2017-02-16 11:00:00,2126.340168469627,wind,2017-02-15 23:00:00,day_ahead
2017-02-16 12:00:00,2125.191786232314,wind,2017-02-15 23:00:00,day_ahead
2017-02-16 13:00:00,2149.1232646523163,wind,2017-02-15 23:00:00,day_ahead
2017-02-16 14:00:00,2181.800801930169,wind,2017-02-15 23:00:00,day_ahead
2017-02-16 15:00:00,2216.6097518419974,wind,2017-02-15 23:00:00,day_ahead
2017-02-16 16:00:00,2257.0286234281316,wind,2017-02-15 23:00:00,day_ahead
2017-02-16 17:00:00,2307.246368758683,wind,2017-02-15 23:00:00,day_ahead
2017-02-16 18:00:00,2363.2975764781895,wind,2017-02-15 23:00:00,day_ahead
2017-02-16 19:00:00,2413.355073791302,wind,2017-02-15 23:00:00,day_ahead
2017-02-16 20:00:00,2446.247856109628,wind,2017-02-15 23:00:00,day_ahead
2017-02-16 21:00:00,2459.483976412891,wind,2017-02-15 23:00:00,day_ahead
2017-02-16 22:00:00,2459.3819535826105,wind,2017-02-15 23:00:00,day_ahead
2017-02-16 23:00:00,2454.2851357847503,wind,2017-02-15 23:00:00,day_ahead
2017-02-17 00:00:00,2374.0042293910174,wind,2017-02-16 23:00:00,day_ahead
2017-02-17 01:00:00,2368.320377833412,wind,2017-02-16 23:00:00,day_ahead
2017-02-17 02:00:00,2362.0893655665604,wind,2017-02-16 23:00:00,day_ahead
2017-02-17 03:00:00,2358.350536032892,wind,2017-02-16 23:00:00,day_ahead
2017-02-17 04:00:00,2358.4696168645855,wind,2017-02-16 23:00:00,day_ahead
2017-02-17 05:00:00,2355.687825869606,wind,2017-02-16 23:00:00,day_ahead
2017-02-17 06:00:00,2335.086681999258,wind,2017-02-16 23:00:00,day_ahead
2017-02-17 07:00:00,2283.302737401452,wind,2017-02-16 23:00:00,day_ahead
2017-02-17 08:00:00,2201.301456136069,wind,2017-02-16 23:00:00,day_ahead
2017-02-17 09:00:00,2108.6996483941602,wind,2017-02-16 23:00:00,day_ahead
2017-02-17 10:00:00,2034.139241267079,wind,2017-02-16 23:00:00,day_ahead
2017-02-17 11:00:00,1998.2157095131968,wind,2017-02-16 23:00:00,day_ahead
2017-02-17 12:00:00,2002.3636378765182,wind,2017-02-16 23:00:00,day_ahead
2017-02-17 13:00:00,2032.185141672665,wind,2017-02-16 23:00:00,day_ahead
2017-02-17 14:00:00,2071.2786544490214,wind,2017-02-16 23:00:00,day_ahead
2017-02-17 15:00:00,2113.067794324542,wind,2017-02-16 23:00:00,day_ahead
2017-02-17 16:00:00,2161.1017060205313,wind,2017-02-16 23:00:00,day_ahead
2017-02-17 17:00:00,2219.544214786812,wind,2017-02-16 23:00:00,day_ahead
2017-02-17 18:00:00,2284.2701454423604,wind,2017-02-16 23:00:00,day_ahead
2017-02-17 19:00:00,2343.2648629402047,wind,2017-02-16 23:00:00,day_ahead
2017-02-17 20:00:00,2385.2953453465575,wind,2017-02-16 23:00:00,day_ahead
2017-02-17 21:00:00,2407.969736475423,wind,2017-02-16 23:00:00,day_ahead
2017-02-17 22:00:00,2417.7297129578874,wind,2017-02-16 23:00:00,day_ahead
2017-02-17 23:00:00,2422.8660831646357,wind,2017-02-16 23:00:00,day_ahead
2017-02-18 00:00:00,2300.7128162109116,wind,2017-02-17 23:00:00,day_ahead
2017-02-18 01:00:00,2304.682646015136,wind,2017-02-17 23:00:00,day_ahead
2017-02-18 02:00:00,2307.8438234618643,wind,2017-02-17 23:00:00,day_ahead
2017-02-18 03:00:00,2313.1499606314273,wind,2017-02-17 23:00:00,day_ahead
2017-02-18 04:00:00,2321.950763482637,wind,2017-02-17 23:00:00,day_ahead
2017-02-18 05:00:00,2327.4665305823714,wind,2017-02-17 23:00:00,day_ahead
2017-02-18 06:00:00,2314.6916515019393,wind,2017-02-17 23:00:00,day_ahead
2017-02-18 07:00:00,2270.1219999546092,wind,2017-02-17 23:00:00,day_ahead
2017-02-18 08:00:00,2194.5982654546033,wind,2017-02-17 23:00:00,day_ahead
2017-02-18 09:00:00,2107.681057087216,wind,2017-02-17 23:00:00,day_ahead
2017-02-18 10:00:00,2038.0081496798598,wind,2017-02-17 23:00:00,day_ahead
2017-02-18 11:00:00,2006.1593960378887,wind,2017-02-17 23:00:00,day_ahead
2017-02-18 12:00:00,2013.5036558950421,wind,2017-02-17 23:00:00,day_ahead
2017-02-18 13:00:00,2045.55818791651,wind,2017-02-17 23:00:00,day_ahead
2017-02-18 14:00:00,2085.886680495222,wind,2017-02-17 23:00:00,day_ahead
2017-02-18 15:00:00,2127.9588827757707,wind,2017-02-17 23:00:00,day_ahead
2017-02-18 16:00:00,2175.4013196752658,wind,2017-02-17 23:00:00,day_ahead
2017-02-18 17:00:00,2232.3972170077814,wind,2017-02-17 23:00:00,day_ahead
2017-02-18 18:00:00,2294.741811787362,wind,2017-02-17 23:00:00,day_ahead
2017-02-18 19:00:00,2350.2974722113586,wind,2017-02-17 23:00:00,day_ahead
2017-02-18 20:00:00,2387.774138800599,wind,2017-02-17 23:00:00,day_ahead
2017-02-18 21:00:00,2404.854545626149,wind,2017-02-17 23:00:00,day_ahead
2017-02-18 22:00:00,2408.1479521422953,wind,2017-02-17 23:00:00,day_ahead
2017-02-18 23:00:00,2406.0973380561,wind,2017-02-17 23:00:00,day_ahead
2017-02-19 00:00:00,2341.9948935158473,wind,2017-02-18 23:00:00,day_ahead
2017-02-19 01:00:00,2336.60618263262,wind,2017-02-18 23:00:00,day_ahead
2017-02-19 02:00:00,2330.104043703467,wind,2017-02-18 23:00:00,day_ahead
2017-02-19 03:00:00,2325.4788827105012,wind,2017-02-18 23:00:00,day_ahead
2017-02-19 04:00:00,2323.897857943092,wind,2017-02-18 23:00:00,day_ahead
2017-02-19 05:00:00,2318.395542227082,wind,2017-02-18 23:00:00,day_ahead
2017-02-19 06:00:00,2293.9937951328757,wind,2017-02-18 23:00:00,day_ahead
2017-02-19 07:00:00,2237.456901439169,wind,2017-02-18 23:00:00,day_ahead
2017-02-19 08:00:00,2149.957335355835,wind,2017-02-18 23:00:00,day_ahead
2017-02-19 09:00:00,2051.234407479681,wind,2017-02-18 23:00:00,day_ahead
2017-02-19 10:00:00,1969.8867946409744,wind,2017-02-18 23:00:00,day_ahead
2017-02-19 11:00:00,1926.3646791312922,wind,2017-02-18 23:00:00,day_ahead
2017-02-19 12:00:00,1922.000207913345,wind,2017-02-18 23:00:00,day_ahead
2017-02-19 13:00:00,1942.435622245077,wind,2017-02-18 23:00:00,day_ahead
2017-02-19 14:00:00,1971.4317174150801,wind,2017-02-18 23:00:00,day_ahead
2017-02-19 15:00:00,2002.5912201533297,wind,2017-02-18 23:00:00,day_ahead
2017-02-19 16:00:00,2039.5675177806643,wind,2017-02-18 23:00:00,day_ahead
2017-02-19 17:00:00,2086.5424131975287,wind,2017-02-18 23:00:00,day_ahead
2017-02-19 18:00:00,2139.372803600341,wind,2017-02-18 23:00:00,day_ahead
2017-02-19 19:00:00,2186.0356900217193,wind,2017-02-18 23:00:00,day_ahead
2017-02-19 20:00:00,2215.302876014801,wind,2017-02-18 23:00:00,day_ahead
2017-02-19 21:00:00,2224.789269506548,wind,2017-02-18 23:00:00,day_ahead
2017-02-19 22:00:00,2220.967273893295,wind,2017-02-18 23:00:00,day_ahead
2017-02-19 23:00:00,2212.2386320690985,wind,2017-02-18 23:00:00,day_ahead
2017-02-20 00:00:00,2225.907367023684,wind,2017-02-19 23:00:00,day_ahead
2017-02-20 01:00:00,2215.79053704113,wind,2017-02-19 23:00:00,day_ahead
2017-02-20 02:00:00,2205.309494017166,wind,2017-02-19 23:00:00,day_ahead
2017-02-20 03:00:00,2197.364765534048,wind,2017-02-19 23:00:00,day_ahead
2017-02-20 04:00:00,2193.129393841584,wind,2017-02-19 23:00:00,day_ahead
2017-02-20 05:00:00,2185.708014741369,wind,2017-02-19 23:00:00,day_ahead
2017-02-20 06:00:00,2160.1463889991123,wind,2017-02-19 23:00:00,day_ahead
2017-02-20 07:00:00,2103.1117071380577,wind,2017-02-19 23:00:00,day_ahead
2017-02-20 08:00:00,2015.6004553148023,wind,2017-02-19 23:00:00,day_ahead
2017-02-20 09:00:00,1917.22159745329,wind,2017-02-19 23:00:00,day_ahead
2017-02-20 10:00:00,1836.577855562603,wind,2017-02-19 23:00:00,day_ahead
2017-02-20 11:00:00,1794.2250413151028,wind,2017-02-19 23:00:00,day_ahead
2017-02-20 12:00:00,1791.579604363551,wind,2017-02-19 23:00:00,day_ahead
2017-02-20 13:00:00,1814.2514767427033,wind,2017-02-19 23:00:00,day_ahead
2017-02-20 14:00:00,1845.872949228606,wind,2017-02-19 23:00:00,day_ahead
2017-02-20 15:00:00,1879.930898338642,wind,2017-02-19 23:00:00,day_ahead
2017-02-20 16:00:00,1920.0595073290149,wind,2017-02-19 23:00:00,day_ahead
2017-02-20 17:00:00,1970.492164658602,wind,2017-02-19 23:00:00,day_ahead
2017-02-20 18:00:00,2027.1005449130316,wind,2017-02-19 23:00:00,day_ahead
2017-02-20 19:00:00,2077.762269961973,wind,2017-02-19 23:00:00,day_ahead
2017-02-20 20:00:00,2111.0709616430895,wind,2017-02-19 23:00:00,day_ahead
2017-02-20 21:00:00,2124.5018564232037,wind,2017-02-19 23:00:00,day_ahead
2017-02-20 22:00:00,2124.511554223116,wind,2017-02-19 23:00:00,day_ahead
2017-02-20 23:00:00,2119.57981440362,wind,2017-02-19 23:00:00,day_ahead
2017-02-21 00:00:00,2129.944068468424,wind,2017-02-20 23:00:00,day_ahead
2017-02-21 01:00:00,2122.8882208723603,wind,2017-02-20 23:00:00,day_ahead
2017-02-21 02:00:00,2115.5395322889203,wind,2017-02-20 23:00:00,day_ahead
2017-02-21 03:00:00,2110.778220875266,wind,2017-02-20 23:00:00,day_ahead
2017-02-21 04:00:00,2109.6693588254648,wind,2017-02-20 23:00:00,day_ahead
2017-02-21 05:00:00,2105.2047823483563,wind,2017-02-20 23:00:00,day_ahead
2017-02-21 06:00:00,2082.3550766455323,wind,2017-02-20 23:00:00,day_ahead
2017-02-21 07:00:00,2027.7408750074965,wind,2017-02-20 23:00:00,day_ahead
2017-02-21 08:00:00,1942.3240674300291,wind,2017-02-20 23:00:00,day_ahead
2017-02-21 09:00:00,1845.7047265161832,wind,2017-02-20 23:00:00,day_ahead
2017-02-21 10:00:00,1766.5327303477661,wind,2017-02-20 23:00:00,day_ahead
2017-02-21 11:00:00,1725.4663696998384,wind,2017-02-20 23:00:00,day_ahead
2017-02-21 12:00:00,1724.0270296456665,wind,2017-02-20 23:00:00,day_ahead
2017-02-21 13:00:00,1747.8667303164584,wind,2017-02-20 23:00:00,day_ahead
2017-02-21 14:00:00,1780.585637976553,wind,2017-02-20 23:00:00,day_ahead
2017-02-21 15:00:00,1815.6288271797873,wind,2017-02-20 23:00:00,day_ahead
2017-02-21 16:00:00,1856.6637980196886,wind,2017-02-20 23:00:00,day_ahead
2017-02-21 17:00:00,1908.049944458529,wind,2017-02-20 23:00:00,day_ahead
2017-02-21 18:00:00,1965.7945711326217,wind,2017-02-20 23:00:00,day_ahead
2017-02-21 19:00:00,2017.7994055510549,wind,2017-02-20 23:00:00,day_ahead
2017-02-21 20:00:00,2052.5210801193,wind,2017-02-20 23:00:00,day_ahead
2017-02-21 21:00:00,2067.216287198688,wind,2017-02-20 23:00:00,day_ahead
2017-02-21 22:00:00,2068.198048572434,wind,2017-02-20 23:00:00,day_ahead
2017-02-21 23:00:00,2063.9896409358535,wind,2017-02-20 23:00:00,day_ahead
2017-02-22 00:00:00,2085.2794223536325,wind,2017-02-21 23:00:00,day_ahead
2017-02-22 01:00:00,2079.7521085506937,wind,2017-02-21 23:00:00,day_ahead
2017-02-22 02:00:00,2073.8531192240866,wind,2017-02-21 23:00:00,day_ahead
2017-02-22 03:00:00,2070.5224014025857,wind,2017-02-21 23:00:00,day_ahead
2017-02-22 04:00:00,2071.0009357633758,wind,2017-02-21 23:00:00,day_ahead
2017-02-22 05:00:00,2068.38843238378,wind,2017-02-21 23:00:00,day_ahead
2017-02-22 06:00:00,2047.579697126777,wind,2017-02-21 23:00:00,day_ahead
2017-02-22 07:00:00,1995.000618224297,wind,2017-02-21 23:00:00,day_ahead
2017-02-22 08:00:00,1911.4741249938074,wind,2017-02-21 23:00:00,day_ahead
2017-02-22 09:00:00,1816.6256705537398,wind,2017-02-21 23:00:00,day_ahead
2017-02-22 10:00:00,1739.234850991248,wind,2017-02-21 23:00:00,day_ahead
2017-02-22 11:00:00,1700.0380018490293,wind,2017-02-21 23:00:00,day_ahead
2017-02-22 12:00:00,1700.4995571624395,wind,2017-02-21 23:00:00,day_ahead
2017-02-22 13:00:00,1726.1572327763477,wind,2017-02-21 23:00:00,day_ahead
2017-02-22 14:00:00,1760.5928420628452,wind,2017-02-21 23:00:00,day_ahead
2017-02-22 15:00:00,1797.3858290332141,wind,2017-02-21 23:00:00,day_ahead
2017-02-22 16:00:00,1840.371711966373,wind,2017-02-21 23:00:00,day_ahead
2017-02-22 17:00:00,1893.9197172713075,wind,2017-02-21 23:00:00,day_ahead
2017-02-22 18:00:00,1953.8141993655954,wind,2017-02-21 23:00:00,day_ahead
2017-02-22 19:00:00,2007.6317273856084,wind,2017-02-21 23:00:00,day_ahead
2017-02-22 20:00:00,2043.629135148245,wind,2017-02-21 23:00:00,day_ahead
2017-02-22 21:00:00,2059.1070811612585,wind,2017-02-21 23:00:00,day_ahead
2017-02-22 22:00:00,2060.5687848848274,wind,2017-02-21 23:00:00,day_ahead
2017-02-22 23:00:00,2056.6566191303655,wind,2017-02-21 23:00:00,day_ahead
2017-02-23 00:00:00,1982.8094152249528,wind,2017-02-22 23:00:00,day_ahead
2017-02-23 01:00:00,1977.2789154620673,wind,2017-02-22 23:00:00,day_ahead
2017-02-23 02:00:00,1970.5710393005634,wind,2017-02-22 23:00:00,day_ahead
2017-02-23 03:00:00,1965.744156153266,wind,2017-02-22 23:00:00,day_ahead
2017-02-23 04:00:00,1964.3523807326014,wind,2017-02-22 23:00:00,day_ahead
2017-02-23 05:00:00,1959.715982216928,wind,2017-02-22 23:00:00,day_ahead
2017-02-23 06:00:00,1936.6748243998845,wind,2017-02-22 23:00:00,day_ahead
2017-02-23 07:00:00,1881.4070041260466,wind,2017-02-22 23:00:00,day_ahead
2017-02-23 08:00:00,1794.5500158091195,wind,2017-02-22 23:00:00,day_ahead
2017-02-23 09:00:00,1695.7854570820898,wind,2017-02-22 23:00:00,day_ahead
2017-02-23 10:00:00,1614.1339758457539,wind,2017-02-22 23:00:00,day_ahead
2017-02-23 11:00:00,1570.5420971158585,wind,2017-02-22 23:00:00,day_ahead
2017-02-23 12:00:00,1566.5031682273595,wind,2017-02-22 23:00:00,day_ahead
2017-02-23 13:00:00,1587.4596565433703,wind,2017-02-22 23:00:00,day_ahead
2017-02-23 14:00:00,1616.9608061896533,wind,2017-02-22 23:00:00,day_ahead
2017-02-23 15:00:00,1648.7245273711562,wind,2017-02-22 23:00:00,day_ahead
2017-02-23 16:00:00,1686.80739036996,wind,2017-02-22 23:00:00,day_ahead
2017-02-23 17:00:00,1735.69217728363,wind,2017-02-22 23:00:00,day_ahead
2017-02-23 18:00:00,1791.086450024674,wind,2017-02-22 23:00:00,day_ahead
2017-02-23 19:00:00,1840.425904659219,wind,2017-02-22 23:00:00,day_ahead
2017-02-23 20:00:00,1871.9788565591152,wind,2017-02-22 23:00:00,day_ahead
2017-02-23 21:00:00,1883.290527416442,wind,2017-02-22 23:00:00,day_ahead
2017-02-23 22:00:00,1881.184842214072,wind,2017-02-22 23:00:00,day_ahead
2017-02-23 23:00:00,1874.4424719482554,wind,2017-02-22 23:00:00,day_ahead
2017-02-24 00:00:00,1827.175637947481,wind,2017-02-23 23:00:00,day_ahead
2017-02-24 01:00:00,1819.1874428022127,wind,2017-02-23 23:00:00,day_ahead
2017-02-24 02:00:00,1810.7388333970007,wind,2017-02-23 23:00:00,day_ahead
2017-02-24 03:00:00,1804.946676265913,wind,2017-02-23 23:00:00,day_ahead
2017-02-24 04:00:00,1803.3377555167467,wind,2017-02-23 23:00:00,day_ahead
2017-02-24 05:00:00,1799.1969785227234,wind,2017-02-23 23:00:00,day_ahead
2017-02-24 06:00:00,1777.3723453302996,wind,2017-02-23 23:00:00,day_ahead
2017-02-24 07:00:00,1724.0782186846498,wind,2017-02-23 23:00:00,day_ahead
2017-02-24 08:00:00,1639.9649404115344,wind,2017-02-23 23:00:00,day_ahead
2017-02-24 09:00:00,1544.679694517973,wind,2017-02-23 23:00:00,day_ahead
2017-02-24 10:00:00,1467.1937480605611,wind,2017-02-23 23:00:00,day_ahead
2017-02-24 11:00:00,1428.4422824722865,wind,2017-02-23 23:00:00,day_ahead
2017-02-24 12:00:00,1429.959197953049,wind,2017-02-23 23:00:00,day_ahead
2017-02-24 13:00:00,1457.2347149369418,wind,2017-02-23 23:00:00,day_ahead
2017-02-24 14:00:00,1493.8130454257293,wind,2017-02-23 23:00:00,day_ahead
2017-02-24 15:00:00,1533.340779491199,wind,2017-02-23 23:00:00,day_ahead
2017-02-24 16:00:00,1579.7847597489917,wind,2017-02-23 23:00:00,day_ahead
2017-02-24 17:00:00,1637.5785635978505,wind,2017-02-23 23:00:00,day_ahead
2017-02-24 18:00:00,1702.425292385519,wind,2017-02-23 23:00:00,day_ahead
2017-02-24 19:00:00,1761.7383273677706,wind,2017-02-23 23:00:00,day_ahead
2017-02-24 20:00:00,1803.6755230343433,wind,2017-02-23 23:00:00,day_ahead
2017-02-24 21:00:00,1825.5810316047396,wind,2017-02-23 23:00:00,day_ahead
2017-02-24 22:00:00,1834.068935578023,wind,2017-02-23 23:00:00,day_ahead
2017-02-24 23:00:00,1837.80343888705,wind,2017-02-23 23:00:00,day_ahead
2017-02-25 00:00:00,1755.2096136219468,wind,2017-02-24 23:00:00,day_ahead
2017-02-25 01:00:00,1757.2690977300135,wind,2017-02-24 23:00:00,day_ahead
2017-02-25 02:00:00,1758.8671038269958,wind,2017-02-24 23:00:00,day_ahead
2017-02-25 03:00:00,1763.0319720240063,wind,2017-02-24 23:00:00,day_ahead
2017-02-25 04:00:00,1771.096119008234,wind,2017-02-24 23:00:00,day_ahead
2017-02-25 05:00:00,1776.1695092798063,wind,2017-02-24 23:00:00,day_ahead
2017-02-25 06:00:00,1763.0259074749483,wind,2017-02-24 23:00:00,day_ahead
2017-02-25 07:00:00,1717.867591566795,wind,2017-02-24 23:00:00,day_ahead
2017-02-25 08:00:00,1641.2871395364075,wind,2017-02-24 23:00:00,day_ahead
2017-02-25 09:00:00,1552.7724695328193,wind,2017-02-24 23:00:00,day_ahead
2017-02-25 10:00:00,1481.0964156151035,wind,2017-02-24 23:00:00,day_ahead
2017-02-25 11:00:00,1447.0798574684231,wind,2017-02-24 23:00:00,day_ahead
2017-02-25 12:00:00,1452.2881252133252,wind,2017-02-24 23:00:00,day_ahead
2017-02-25 13:00:00,1482.3251697816197,wind,2017-02-24 23:00:00,day_ahead
2017-02-25 14:00:00,1520.8038323405553,wind,2017-02-24 23:00:00,day_ahead
2017-02-25 15:00:00,1561.3274282120392,wind,2017-02-24 23:00:00,day_ahead
2017-02-25 16:00:00,1607.7638025454462,wind,2017-02-24 23:00:00,day_ahead
2017-02-25 17:00:00,1664.5077888198507,wind,2017-02-24 23:00:00,day_ahead
2017-02-25 18:00:00,1727.3348705827218,wind,2017-02-24 23:00:00,day_ahead
2017-02-25 19:00:00,1783.768867279376,wind,2017-02-24 23:00:00,day_ahead
2017-02-25 20:00:00,1821.989179519906,wind,2017-02-24 23:00:00,day_ahead
2017-02-25 21:00:00,1839.2236445090766,wind,2017-02-24 23:00:00,day_ahead
2017-02-25 22:00:00,1841.9228025924963,wind,2017-02-24 23:00:00,day_ahead
2017-02-25 23:00:00,1838.6961549553025,wind,2017-02-24 23:00:00,day_ahead
2017-02-26 00:00:00,1817.5354367063073,wind,2017-02-25 23:00:00,day_ahead
2017-02-26 01:00:00,1811.557093840751,wind,2017-02-25 23:00:00,day_ahead
2017-02-26 02:00:00,1804.1174146736596,wind,2017-02-25 23:00:00,day_ahead
2017-02-26 03:00:00,1798.4567705732602,wind,2017-02-25 23:00:00,day_ahead
2017-02-26 04:00:00,1796.168829696774,wind,2017-02-25 23:00:00,day_ahead
2017-02-26 05:00:00,1790.5298226103153,wind,2017-02-25 23:00:00,day_ahead
2017-02-26 06:00:00,1766.3461913178594,wind,2017-02-25 23:00:00,day_ahead
2017-02-26 07:00:00,1709.799196124944,wind,2017-02-25 23:00:00,day_ahead
2017-02-26 08:00:00,1621.513718670206,wind,2017-02-25 23:00:00,day_ahead
2017-02-26 09:00:00,1521.0979099740148,wind,2017-02-25 23:00:00,day_ahead
2017-02-26 10:00:00,1437.479925837261,wind,2017-02-25 23:00:00,day_ahead
2017-02-26 11:00:00,1391.6012995159635,wind,2017-02-25 23:00:00,day_ahead
2017-02-26 12:00:00,1385.0998959313242,wind,2017-02-25 23:00:00,day_ahead
2017-02-26 13:00:00,1403.6465078657784,wind,2017-02-25 23:00:00,day_ahead
2017-02-26 14:00:00,1430.9478551779443,wind,2017-02-25 23:00:00,day_ahead
2017-02-26 15:00:00,1460.700490654561,wind,2017-02-25 23:00:00,day_ahead
2017-02-26 16:00:00,1496.8036031501792,wind,2017-02-25 23:00:00,day_ahead
2017-02-26 17:00:00,1543.6062028662463,wind,2017-02-25 23:00:00,day_ahead
2017-02-26 18:00:00,1596.8345798254422,wind,2017-02-25 23:00:00,day_ahead
2017-02-26 19:00:00,1644.0703954038681,wind,2017-02-25 23:00:00,day_ahead
2017-02-26 20:00:00,1673.6962521113292,wind,2017-02-25 23:00:00,day_ahead
2017-02-26 21:00:00,1683.1961008181831,wind,2017-02-25 23:00:00,day_ahead
2017-02-26 22:00:00,1679.166291004292,wind,2017-02-25 23:00:00,day_ahead
2017-02-26 23:00:00,1670.1536388653738,wind,2017-02-25 23:00:00,day_ahead
2017-02-27 00:00:00,1591.4731846499208,wind,2017-02-26 23:00:00,day_ahead
2017-02-27 01:00:00,1580.4494479499072,wind,2017-02-26 23:00:00,day_ahead
2017-02-27 02:00:00,1568.9346012314609,wind,2017-02-26 23:00:00,day_ahead
2017-02-27 03:00:00,1560.161120587662,wind,2017-02-26 23:00:00,day_ahead
2017-02-27 04:00:00,1555.5691547998538,wind,2017-02-26 23:00:00,day_ahead
2017-02-27 05:00:00,1548.2612185634164,wind,2017-02-26 23:00:00,day_ahead
2017-02-27 06:00:00,1522.97471106577,wind,2017-02-26 23:00:00,day_ahead
2017-02-27 07:00:00,1465.9438993542853,wind,2017-02-26 23:00:00,day_ahead
2017-02-27 08:00:00,1377.8766334860115,wind,2017-02-26 23:00:00,day_ahead
2017-02-27 09:00:00,1278.389418216128,wind,2017-02-26 23:00:00,day_ahead
2017-02-27 10:00:00,1196.323999789067,wind,2017-02-26 23:00:00,day_ahead
2017-02-27 11:00:00,1152.509908748528,wind,2017-02-26 23:00:00,day_ahead
2017-02-27 12:00:00,1148.5228659458269,wind,2017-02-26 23:00:00,day_ahead
2017-02-27 13:00:00,1170.0230283892088,wind,2017-02-26 23:00:00,day_ahead
2017-02-27 14:00:00,1200.6910866222222,wind,2017-02-26 23:00:00,day_ahead
2017-02-27 15:00:00,1234.1276981125516,wind,2017-02-26 23:00:00,day_ahead
2017-02-27 16:00:00,1274.091748647606,wind,2017-02-26 23:00:00,day_ahead
2017-02-27 17:00:00,1324.832307807641,wind,2017-02-26 23:00:00,day_ahead
2017-02-27 18:00:00,1382.0702005674827,wind,2017-02-26 23:00:00,day_ahead
2017-02-27 19:00:00,1433.43461440913,wind,2017-02-26 23:00:00,day_ahead
2017-02-27 20:00:00,1467.3044777154532,wind,2017-02-26 23:00:00,day_ahead
2017-02-27 21:00:00,1481.0462320351003,wind,2017-02-26 23:00:00,day_ahead
2017-02-27 22:00:00,1481.0761539766047,wind,2017-02-26 23:00:00,day_ahead
2017-02-27 23:00:00,1475.826463475167,wind,2017-02-26 23:00:00,day_ahead
2017-02-28 00:00:00,1475.2370701981376,wind,2017-02-27 23:00:00,day_ahead
2017-02-28 01:00:00,1466.6703773347238,wind,2017-02-27 23:00:00,day_ahead
2017-02-28 02:00:00,1457.7889008012285,wind,2017-02-27 23:00:00,day_ahead
2017-02-28 03:00:00,1451.780374241176,wind,2017-02-27 23:00:00,day_ahead
2017-02-28 04:00:00,1449.8404025188754,wind,2017-02-27 23:00:00,day_ahead
2017-02-28 05:00:00,1444.8242600319245,wind,2017-02-27 23:00:00,day_ahead
2017-02-28 06:00:00,1421.3869359491016,wind,2017-02-27 23:00:00,day_ahead
2017-02-28 07:00:00,1365.8513540823935,wind,2017-02-27 23:00:00,day_ahead
2017-02-28 08:00:00,1279.0577253332906,wind,2017-02-27 23:00:00,day_ahead
2017-02-28 09:00:00,1180.6799085359482,wind,2017-02-27 23:00:00,day_ahead
2017-02-28 10:00:00,1099.5400110590901,wind,2017-02-27 23:00:00,day_ahead
2017-02-28 11:00:00,1056.4588609175598,wind,2017-02-27 23:00:00,day_ahead
2017-02-28 12:00:00,1053.0739866885538,wind,2017-02-27 23:00:00,day_ahead
2017-02-28 13:00:00,1075.133831308717,wind,2017-02-27 23:00:00,day_ahead
2017-02-28 14:00:00,1106.3359948842985,wind,2017-02-27 23:00:00,day_ahead
2017-02-28 15:00:00,1140.1940597546156,wind,2017-02-27 23:00:00,day_ahead
2017-02-28 16:00:00,1180.3633029998807,wind,2017-02-27 23:00:00,day_ahead
2017-02-28 17:00:00,1231.101977013918,wind,2017-02-27 23:00:00,day_ahead
2017-02-28 18:00:00,1288.2861112471883,wind,2017-02-27 23:00:00,day_ahead
2017-02-28 19:00:00,1339.73024127926,wind,2017-02-27 23:00:00,day_ahead
2017-02-28 20:00:00,1373.862814054254,wind,2017-02-27 23:00:00,day_ahead
2017-02-28 21:00:00,1387.9123122189633,wind,2017-02-27 23:00:00,day_ahead
2017-02-28 22:00:00,1388.100377782425,wind,2017-02-27 23:00:00,day_ahead
2017-02-28 23:00:00,1382.8157373612191,wind,2017-02-27 23:00:00,day_ahead
2017-03-01 00:00:00,1472.145727498798,wind,2017-02-28 23:00:00,day_ahead
2017-03-01 01:00:00,1465.4899658682311,wind,2017-02-28 23:00:00,day_ahead
2017-03-01 02:00:00,1458.1064553837678,wind,2017-02-28 23:00:00,day_ahead
2017-03-01 03:00:00,1453.275866070439,wind,2017-02-28 23:00:00,day_ahead
2017-03-01 04:00:00,1452.5674364477636,wind,2017-02-28 23:00:00,day_ahead
2017-03-01 05:00:00,1449.1574758727277,wind,2017-02-28 23:00:00,day_ahead
2017-03-01 06:00:00,1427.7496916684645,wind,2017-02-28 23:00:00,day_ahead
2017-03-01 07:00:00,1374.499391754703,wind,2017-02-28 23:00:00,day_ahead
2017-03-01 08:00:00,1290.087016437797,wind,2017-02-28 23:00:00,day_ahead
2017-03-01 09:00:00,1194.1818531644926,wind,2017-02-28 23:00:00,day_ahead
2017-03-01 10:00:00,1115.695379913691,wind,2017-02-28 23:00:00,day_ahead
2017-03-01 11:00:00,1075.460456772415,wind,2017-02-28 23:00:00,day_ahead
2017-03-01 12:00:00,1074.9734987057525,wind,2017-02-28 23:00:00,day_ahead
2017-03-01 13:00:00,1099.795600500837,wind,2017-02-28 23:00:00,day_ahead
2017-03-01 14:00:00,1133.5591547639115,wind,2017-02-28 23:00:00,day_ahead
2017-03-01 15:00:00,1169.8704450014588,wind,2017-02-28 23:00:00,day_ahead
2017-03-01 16:00:00,1212.4874698214905,wind,2017-02-28 23:00:00,day_ahead
2017-03-01 17:00:00,1265.6072102143082,wind,2017-02-28 23:00:00,day_ahead
2017-03-01 18:00:00,1324.8860754532645,wind,2017-02-28 23:00:00,day_ahead
2017-03-01 19:00:00,1377.9748874861073,wind,2017-02-28 23:00:00,day_ahead
2017-03-01 20:00:00,1413.4159521566344,wind,2017-02-28 23:00:00,day_ahead
2017-03-01 21:00:00,1428.8139850578475,wind,2017-02-28 23:00:00,day_ahead
2017-03-01 22:00:00,1430.7402032852897,wind,2017-02-28 23:00:00,day_ahead
2017-03-01 23:00:00,1427.5753569978424,wind,2017-02-28 23:00:00,day_ahead
2017-03-02 00:00:00,1408.595222831455,wind,2017-03-01 23:00:00,day_ahead
2017-03-02 01:00:00,1402.9049116346016,wind,2017-03-01 23:00:00,day_ahead
2017-03-02 02:00:00,1396.1209045260712,wind,2017-03-01 23:00:00,day_ahead
2017-03-02 03:00:00,1391.4460191544938,wind,2017-03-01 23:00:00,day_ahead
2017-03-02 04:00:00,1390.4186054109298,wind,2017-03-01 23:00:00,day_ahead
2017-03-02 05:00:00,1386.247690385247,wind,2017-03-01 23:00:00,day_ahead
2017-03-02 06:00:00,1363.6989909384101,wind,2017-03-01 23:00:00,day_ahead
2017-03-02 07:00:00,1308.9670463773532,wind,2017-03-01 23:00:00,day_ahead
2017-03-02 08:00:00,1222.7261497959832,wind,2017-03-01 23:00:00,day_ahead
2017-03-02 09:00:00,1124.6170256601276,wind,2017-03-01 23:00:00,day_ahead
2017-03-02 10:00:00,1043.5407700248631,wind,2017-03-01 23:00:00,day_ahead
2017-03-02 11:00:00,1000.3549441109532,wind,2017-03-01 23:00:00,day_ahead
2017-03-02 12:00:00,996.5962881909369,wind,2017-03-01 23:00:00,day_ahead
2017-03-02 13:00:00,1017.8530060447177,wind,2017-03-01 23:00:00,day_ahead
2017-03-02 14:00:00,1047.7695171183707,wind,2017-03-01 23:00:00,day_ahead
2017-03-02 15:00:00,1079.980287186308,wind,2017-03-01 23:00:00,day_ahead
2017-03-02 16:00:00,1118.320145351764,wind,2017-03-01 23:00:00,day_ahead
2017-03-02 17:00:00,1167.1080111365832,wind,2017-03-01 23:00:00,day_ahead
2017-03-02 18:00:00,1222.1247717412027,wind,2017-03-01 23:00:00,day_ahead
2017-03-02 19:00:00,1271.1037380855478,wind,2017-03-01 23:00:00,day_ahead
2017-03-02 20:00:00,1302.6229386261166,wind,2017-03-01 23:00:00,day_ahead
2017-03-02 21:00:00,1314.3154943835953,wind,2017-03-01 23:00:00,day_ahead
2017-03-02 22:00:00,1312.8185943727842,wind,2017-03-01 23:00:00,day_ahead
2017-03-02 23:00:00,1306.6218303193364,wind,2017-03-01 23:00:00,day_ahead
2017-03-03 00:00:00,1211.9356708841738,wind,2017-03-02 23:00:00,day_ahead
2017-03-03 01:00:00,1203.6682595202785,wind,2017-03-02 23:00:00,day_ahead
2017-03-03 02:00:00,1195.0766224680167,wind,2017-03-02 23:00:00,day_ahead
2017-03-03 03:00:00,1189.4082047295376,wind,2017-03-02 23:00:00,day_ahead
2017-03-03 04:00:00,1188.0944162783512,wind,2017-03-02 23:00:00,day_ahead
2017-03-03 05:00:00,1184.2440600748102,wind,2017-03-02 23:00:00,day_ahead
2017-03-03 06:00:00,1162.6509477449627,wind,2017-03-02 23:00:00,day_ahead
2017-03-03 07:00:00,1109.6435962680155,wind,2017-03-02 23:00:00,day_ahead
2017-03-03 08:00:00,1026.0060754640415,wind,2017-03-02 23:00:00,day_ahead
2017-03-03 09:00:00,931.363159318729,wind,2017-03-02 23:00:00,day_ahead
2017-03-03 10:00:00,854.4992470827283,wind,2017-03-02 23:00:00,day_ahead
2017-03-03 11:00:00,816.1720523134105,wind,2017-03-02 23:00:00,day_ahead
2017-03-03 12:00:00,817.9210605235082,wind,2017-03-02 23:00:00,day_ahead
2017-03-03 13:00:00,845.4086024346368,wind,2017-03-02 23:00:00,day_ahead
2017-03-03 14:00:00,882.3157875469876,wind,2017-03-02 23:00:00,day_ahead
2017-03-03 15:00:00,922.208811517807,wind,2017-03-02 23:00:00,day_ahead
2017-03-03 16:00:00,968.7950446474343,wind,2017-03-02 23:00:00,day_ahead
2017-03-03 17:00:00,1026.3143140174786,wind,2017-03-02 23:00:00,day_ahead
2017-03-03 18:00:00,1090.56428216599,wind,2017-03-02 23:00:00,day_ahead
2017-03-03 19:00:00,1149.3155663780947,wind,2017-03-02 23:00:00,day_ahead
2017-03-03 20:00:00,1191.0742417920048,wind,2017-03-02 23:00:00,day_ahead
2017-03-03 21:00:00,1213.2448135798425,wind,2017-03-02 23:00:00,day_ahead
2017-03-03 22:00:00,1222.1810139563113,wind,2017-03-02 23:00:00,day_ahead
2017-03-03 23:00:00,1226.2066476310597,wind,2017-03-02 23:00:00,day_ahead
2017-03-04 00:00:00,1361.9113210327662,wind,2017-03-03 23:00:00,day_ahead
2017-03-04 01:00:00,1364.014268476818,wind,2017-03-03 23:00:00,day_ahead
2017-03-04 02:00:00,1365.4794099923945,wind,2017-03-03 23:00:00,day_ahead
2017-03-04 03:00:00,1369.4155259235604,wind,2017-03-03 23:00:00,day_ahead
2017-03-04 04:00:00,1377.3671231159644,wind,2017-03-03 23:00:00,day_ahead
2017-03-04 05:00:00,1382.5640081097313,wind,2017-03-03 23:00:00,day_ahead
2017-03-04 06:00:00,1369.6762083712244,wind,2017-03-03 23:00:00,day_ahead
2017-03-04 07:00:00,1324.6707472440494,wind,2017-03-03 23:00:00,day_ahead
2017-03-04 08:00:00,1248.006317379301,wind,2017-03-03 23:00:00,day_ahead
2017-03-04 09:00:00,1159.2911175611002,wind,2017-03-03 23:00:00,day_ahead
2017-03-04 10:00:00,1087.5950529176741,wind,2017-03-03 23:00:00,day_ahead
2017-03-04 11:00:00,1053.9685360520039,wind,2017-03-03 23:00:00,day_ahead
2017-03-04 12:00:00,1059.9437160972848,wind,2017-03-03 23:00:00,day_ahead
2017-03-04 13:00:00,1090.8488024337175,wind,2017-03-03 23:00:00,day_ahead
2017-03-04 14:00:00,1129.9809803541457,wind,2017-03-03 23:00:00,day_ahead
2017-03-04 15:00:00,1170.7851937113178,wind,2017-03-03 23:00:00,day_ahead
2017-03-04 16:00:00,1217.1626179334178,wind,2017-03-03 23:00:00,day_ahead
2017-03-04 17:00:00,1273.6195592688055,wind,2017-03-03 23:00:00,day_ahead
2017-03-04 18:00:00,1336.0096561807065,wind,2017-03-03 23:00:00,day_ahead
2017-03-04 19:00:00,1391.9102752323115,wind,2017-03-03 23:00:00,day_ahead
2017-03-04 20:00:00,1429.6232003974662,wind,2017-03-03 23:00:00,day_ahead
2017-03-04 21:00:00,1446.6042763236542,wind,2017-03-03 23:00:00,day_ahead
2017-03-04 22:00:00,1449.5332067644183,wind,2017-03-03 23:00:00,day_ahead
2017-03-04 23:00:00,1447.0805583155352,wind,2017-03-03 23:00:00,day_ahead
2017-03-05 00:00:00,1392.8882100886515,wind,2017-03-04 23:00:00,day_ahead
2017-03-05 01:00:00,1387.0392560607208,wind,2017-03-04 23:00:00,day_ahead
2017-03-05 02:00:00,1380.1630949673993,wind,2017-03-04 23:00:00,day_ahead
2017-03-05 03:00:00,1375.4759344224162,wind,2017-03-04 23:00:00,day_ahead
2017-03-05 04:00:00,1374.39616769221,wind,2017-03-04 23:00:00,day_ahead
2017-03-05 05:00:00,1369.993790148429,wind,2017-03-04 23:00:00,day_ahead
2017-03-05 06:00:00,1346.9503720667485,wind,2017-03-04 23:00:00,day_ahead
2017-03-05 07:00:00,1291.4442187817092,wind,2017-03-04 23:00:00,day_ahead
2017-03-05 08:00:00,1204.194101834567,wind,2017-03-04 23:00:00,day_ahead
2017-03-05 09:00:00,1104.950183092722,wind,2017-03-04 23:00:00,day_ahead
2017-03-05 10:00:00,1022.781888340298,wind,2017-03-04 23:00:00,day_ahead
2017-03-05 11:00:00,978.7153291241267,wind,2017-03-04 23:00:00,day_ahead
2017-03-05 12:00:00,974.3524153017983,wind,2017-03-04 23:00:00,day_ahead
2017-03-05 13:00:00,995.1733476551741,wind,2017-03-04 23:00:00,day_ahead
2017-03-05 14:00:00,1024.589249979191,wind,2017-03-04 23:00:00,day_ahead
2017-03-05 15:00:00,1056.0365237756878,wind,2017-03-04 23:00:00,day_ahead
2017-03-05 16:00:00,1093.3448696780545,wind,2017-03-04 23:00:00,day_ahead
2017-03-05 17:00:00,1141.0385100719782,wind,2017-03-04 23:00:00,day_ahead
2017-03-05 18:00:00,1195.1581215454505,wind,2017-03-04 23:00:00,day_ahead
2017-03-05 19:00:00,1243.5369570588807,wind,2017-03-04 23:00:00,day_ahead
2017-03-05 20:00:00,1274.5950413875805,wind,2017-03-04 23:00:00,day_ahead
2017-03-05 21:00:00,1285.6530427893636,wind,2017-03-04 23:00:00,day_ahead
2017-03-05 22:00:00,1283.1065715497957,wind,2017-03-04 23:00:00,day_ahead
2017-03-05 23:00:00,1275.443660784167,wind,2017-03-04 23:00:00,day_ahead
2017-03-06 00:00:00,1371.3494643352747,wind,2017-03-05 23:00:00,day_ahead
2017-03-06 01:00:00,1361.6500297904433,wind,2017-03-05 23:00:00,day_ahead
2017-03-06 02:00:00,1351.5255550429329,wind,2017-03-05 23:00:00,day_ahead
2017-03-06 03:00:00,1344.197483198891,wind,2017-03-05 23:00:00,day_ahead
2017-03-06 04:00:00,1341.1290598866117,wind,2017-03-05 23:00:00,day_ahead
2017-03-06 05:00:00,1335.4051172611132,wind,2017-03-05 23:00:00,day_ahead
2017-03-06 06:00:00,1311.6615130689197,wind,2017-03-05 23:00:00,day_ahead
2017-03-06 07:00:00,1256.015319028604,wind,2017-03-05 23:00:00,day_ahead
2017-03-06 08:00:00,1169.1803349620488,wind,2017-03-05 23:00:00,day_ahead
2017-03-06 09:00:00,1070.9724475159048,wind,2017-03-05 23:00:00,day_ahead
2017-03-06 10:00:00,990.5250606103352,wind,2017-03-05 23:00:00,day_ahead
2017-03-06 11:00:00,948.829147993368,wind,2017-03-05 23:00:00,day_ahead
2017-03-06 12:00:00,947.3266310137501,wind,2017-03-05 23:00:00,day_ahead
2017-03-06 13:00:00,971.2935142583037,wind,2017-03-05 23:00:00,day_ahead
2017-03-06 14:00:00,1004.0129876877921,wind,2017-03-05 23:00:00,day_ahead
2017-03-06 15:00:00,1038.921900856766,wind,2017-03-05 23:00:00,day_ahead
2017-03-06 16:00:00,1079.9156701181196,wind,2017-03-05 23:00:00,day_ahead
2017-03-06 17:00:00,1131.5315103380526,wind,2017-03-05 23:00:00,day_ahead
2017-03-06 18:00:00,1189.7082501877321,wind,2017-03-05 23:00:00,day_ahead
2017-03-06 19:00:00,1242.112160341187,wind,2017-03-05 23:00:00,day_ahead
2017-03-06 20:00:00,1277.0420413015472,wind,2017-03-05 23:00:00,day_ahead
2017-03-06 21:00:00,1291.8089412066927,wind,2017-03-05 23:00:00,day_ahead
2017-03-06 22:00:00,1292.872209445489,wind,2017-03-05 23:00:00,day_ahead
2017-03-06 23:00:00,1288.756941046966,wind,2017-03-05 23:00:00,day_ahead
2017-03-07 00:00:00,1278.6562850598714,wind,2017-03-06 23:00:00,day_ahead
2017-03-07 01:00:00,1272.54030901278,wind,2017-03-06 23:00:00,day_ahead
2017-03-07 02:00:00,1265.443483209341,wind,2017-03-06 23:00:00,day_ahead
2017-03-07 03:00:00,1260.5741922627872,wind,2017-03-06 23:00:00,day_ahead
2017-03-07 04:00:00,1259.5719136113667,wind,2017-03-06 23:00:00,day_ahead
2017-03-07 05:00:00,1255.7329811952293,wind,2017-03-06 23:00:00,day_ahead
2017-03-07 06:00:00,1233.7820784700732,wind,2017-03-06 23:00:00,day_ahead
2017-03-07 07:00:00,1179.7659846008507,wind,2017-03-06 23:00:00,day_ahead
2017-03-07 08:00:00,1094.2679695276283,wind,2017-03-06 23:00:00,day_ahead
2017-03-07 09:00:00,997.0457249582406,wind,2017-03-06 23:00:00,day_ahead
2017-03-07 10:00:00,917.2953207541035,wind,2017-03-06 23:00:00,day_ahead
2017-03-07 11:00:00,876.1274341818377,wind,2017-03-06 23:00:00,day_ahead
2017-03-07 12:00:00,875.0599101996888,wind,2017-03-06 23:00:00,day_ahead
2017-03-07 13:00:00,899.3595450990993,wind,2017-03-06 23:00:00,day_ahead
2017-03-07 14:00:00,932.2583212249386,wind,2017-03-06 23:00:00,day_ahead
2017-03-07 15:00:00,967.1683062392261,wind,2017-03-06 23:00:00,day_ahead
2017-03-07 16:00:00,1008.0086229092426,wind,2017-03-06 23:00:00,day_ahead
2017-03-07 17:00:00,1059.3564449771723,wind,2017-03-06 23:00:00,day_ahead
2017-03-07 18:00:00,1117.1769982925327,wind,2017-03-06 23:00:00,day_ahead
2017-03-07 19:00:00,1169.1717538031771,wind,2017-03-06 23:00:00,day_ahead
2017-03-07 20:00:00,1203.7370526680297,wind,2017-03-06 23:00:00,day_ahead
2017-03-07 21:00:00,1218.3533352756035,wind,2017-03-06 23:00:00,day_ahead
2017-03-07 22:00:00,1219.6411471741071,wind,2017-03-06 23:00:00,day_ahead
2017-03-07 23:00:00,1216.1563366110834,wind,2017-03-06 23:00:00,day_ahead
2017-03-08 00:00:00,1244.798089048548,wind,2017-03-07 23:00:00,day_ahead
2017-03-08 01:00:00,1239.639284964627,wind,2017-03-07 23:00:00,day_ahead
2017-03-08 02:00:00,1233.5283603565333,wind,2017-03-07 23:00:00,day_ahead
2017-03-08 03:00:00,1229.7130902248568,wind,2017-03-07 23:00:00,day_ahead
2017-03-08 04:00:00,1229.9476610040538,wind,2017-03-07 23:00:00,day_ahead
2017-03-08 05:00:00,1227.5852814966543,wind,2017-03-07 23:00:00,day_ahead
2017-03-08 06:00:00,1207.284987506354,wind,2017-03-07 23:00:00,day_ahead
2017-03-08 07:00:00,1154.9743818111974,wind,2017-03-07 23:00:00,day_ahead
2017-03-08 08:00:00,1071.1947116545068,wind,2017-03-07 23:00:00,day_ahead
2017-03-08 09:00:00,975.7959560792076,wind,2017-03-07 23:00:00,day_ahead
2017-03-08 10:00:00,898.1227035613961,wind,2017-03-07 23:00:00,day_ahead
2017-03-08 11:00:00,859.3510201881605,wind,2017-03-07 23:00:00,day_ahead
2017-03-08 12:00:00,860.9157477478506,wind,2017-03-07 23:00:00,day_ahead
2017-03-08 13:00:00,887.9224460758601,wind,2017-03-07 23:00:00,day_ahead
2017-03-08 14:00:00,923.4959515201667,wind,2017-03-07 23:00:00,day_ahead
2017-03-08 15:00:00,961.0568629120181,wind,2017-03-07 23:00:00,day_ahead
2017-03-08 16:00:00,1004.5813563807518,wind,2017-03-07 23:00:00,day_ahead
2017-03-08 17:00:00,1058.6315240556441,wind,2017-03-07 23:00:00,day_ahead
2017-03-08 18:00:00,1119.0427028083989,wind,2017-03-07 23:00:00,day_ahead
2017-03-08 19:00:00,1173.3596625976556,wind,2017-03-07 23:00:00,day_ahead
2017-03-08 20:00:00,1209.931130369187,wind,2017-03-07 23:00:00,day_ahead
2017-03-08 21:00:00,1226.3449009725946,wind,2017-03-07 23:00:00,day_ahead
2017-03-08 22:00:00,1229.3849346710435,wind,2017-03-07 23:00:00,day_ahead
2017-03-08 23:00:00,1227.6693126133146,wind,2017-03-07 23:00:00,day_ahead
2017-03-09 00:00:00,1199.8413909622534,wind,2017-03-08 23:00:00,day_ahead
2017-03-09 01:00:00,1195.8016457330752,wind,2017-03-08 23:00:00,day_ahead
2017-03-09 02:00:00,1190.5971447731524,wind,2017-03-08 23:00:00,day_ahead
2017-03-09 03:00:00,1187.468948693287,wind,2017-03-08 23:00:00,day_ahead
2017-03-09 04:00:00,1188.1359382559283,wind,2017-03-08 23:00:00,day_ahead
2017-03-09 05:00:00,1185.9388934303474,wind,2017-03-08 23:00:00,day_ahead
2017-03-09 06:00:00,1165.5536609257638,wind,2017-03-08 23:00:00,day_ahead
2017-03-09 07:00:00,1112.91249763034,wind,2017-03-08 23:00:00,day_ahead
2017-03-09 08:00:00,1028.5125436813755,wind,2017-03-08 23:00:00,day_ahead
2017-03-09 09:00:00,932.1285172377746,wind,2017-03-08 23:00:00,day_ahead
2017-03-09 10:00:00,853.061903093121,wind,2017-03-08 23:00:00,day_ahead
2017-03-09 11:00:00,812.5265179035886,wind,2017-03-08 23:00:00,day_ahead
2017-03-09 12:00:00,812.0592856229007,wind,2017-03-08 23:00:00,day_ahead
2017-03-09 13:00:00,836.8634337477997,wind,2017-03-08 23:00:00,day_ahead
2017-03-09 14:00:00,870.1025285995506,wind,2017-03-08 23:00:00,day_ahead
2017-03-09 15:00:00,905.1906165947248,wind,2017-03-08 23:00:00,day_ahead
2017-03-09 16:00:00,946.1194506828881,wind,2017-03-08 23:00:00,day_ahead
2017-03-09 17:00:00,997.5389571445924,wind,2017-03-08 23:00:00,day_ahead
2017-03-09 18:00:00,1055.4197540521088,wind,2017-03-08 23:00:00,day_ahead
2017-03-09 19:00:00,1107.404977064288,wind,2017-03-08 23:00:00,day_ahead
2017-03-09 20:00:00,1141.8383935035986,wind,2017-03-08 23:00:00,day_ahead
2017-03-09 21:00:00,1156.21771689647,wind,2017-03-08 23:00:00,day_ahead
2017-03-09 22:00:00,1157.2454343020158,wind,2017-03-08 23:00:00,day_ahead
2017-03-09 23:00:00,1153.5576355586381,wind,2017-03-08 23:00:00,day_ahead
2017-03-10 00:00:00,1159.8069674468666,wind,2017-03-09 23:00:00,day_ahead
2017-03-10 01:00:00,1154.195168944196,wind,2017-03-09 23:00:00,day_ahead
2017-03-10 02:00:00,1147.8709259853565,wind,2017-03-09 23:00:00,day_ahead
2017-03-10 03:00:00,1144.0930828390153,wind,2017-03-09 23:00:00,day_ahead
2017-03-10 04:00:00,1144.5868802179043,wind,2017-03-09 23:00:00,day_ahead
2017-03-10 05:00:00,1142.729359976683,wind,2017-03-09 23:00:00,day_ahead
2017-03-10 06:00:00,1123.2581488627989,wind,2017-03-09 23:00:00,day_ahead
2017-03-10 07:00:00,1072.1542479358131,wind,2017-03-09 23:00:00,day_ahead
2017-03-10 08:00:00,989.9216114219334,wind,2017-03-09 23:00:00,day_ahead
2017-03-10 09:00:00,896.3094584998353,wind,2017-03-09 23:00:00,day_ahead
2017-03-10 10:00:00,820.595566962092,wind,2017-03-09 23:00:00,day_ahead
2017-03-10 11:00:00,783.9920252004634,wind,2017-03-09 23:00:00,day_ahead
2017-03-10 12:00:00,788.0426791817175,wind,2017-03-09 23:00:00,day_ahead
2017-03-10 13:00:00,817.9399197432407,wind,2017-03-09 23:00:00,day_ahead
2017-03-10 14:00:00,856.8161817286702,wind,2017-03-09 23:00:00,day_ahead
2017-03-10 15:00:00,898.0656170578798,wind,2017-03-09 23:00:00,day_ahead
2017-03-10 16:00:00,945.7042937285673,wind,2017-03-09 23:00:00,day_ahead
2017-03-10 17:00:00,1004.4406165070486,wind,2017-03-09 23:00:00,day_ahead
2017-03-10 18:00:00,1070.277096712517,wind,2017-03-09 23:00:00,day_ahead
2017-03-10 19:00:00,1130.7956981439395,wind,2017-03-09 23:00:00,day_ahead
2017-03-10 20:00:00,1174.1744439657975,wind,2017-03-09 23:00:00,day_ahead
2017-03-10 21:00:00,1197.7034725497901,wind,2017-03-09 23:00:00,day_ahead
2017-03-10 22:00:00,1207.9284040734974,wind,2017-03-09 23:00:00,day_ahead
2017-03-10 23:00:00,1213.4296278332645,wind,2017-03-09 23:00:00,day_ahead
2017-03-11 00:00:00,1231.4450042550643,wind,2017-03-10 23:00:00,day_ahead
2017-03-11 01:00:00,1235.253199673208,wind,2017-03-10 23:00:00,day_ahead
2017-03-11 02:00:00,1238.1484366429465,wind,2017-03-10 23:00:00,day_ahead
2017-03-11 03:00:00,1243.3491390266167,wind,2017-03-10 23:00:00,day_ahead
2017-03-11 04:00:00,1252.599771082162,wind,2017-03-10 23:00:00,day_ahead
2017-03-11 05:00:00,1259.2663456645096,wind,2017-03-10 23:00:00,day_ahead
2017-03-11 06:00:00,1247.9811603706296,wind,2017-03-10 23:00:00,day_ahead
2017-03-11 07:00:00,1204.5537394586918,wind,2017-03-10 23:00:00,day_ahead
2017-03-11 08:00:00,1129.3470250410296,wind,2017-03-10 23:00:00,day_ahead
2017-03-11 09:00:00,1042.071651402266,wind,2017-03-10 23:00:00,day_ahead
2017-03-11 10:00:00,972.0452175044866,wind,2017-03-10 23:00:00,day_ahead
2017-03-11 11:00:00,940.5001421555456,wind,2017-03-10 23:00:00,day_ahead
2017-03-11 12:00:00,948.9051183066975,wind,2017-03-10 23:00:00,day_ahead
2017-03-11 13:00:00,982.3041990655636,wind,2017-03-10 23:00:00,day_ahead
2017-03-11 14:00:00,1023.7106464687172,wind,2017-03-10 23:00:00,day_ahead
2017-03-11 15:00:00,1066.5149441250571,wind,2017-03-10 23:00:00,day_ahead
2017-03-11 16:00:00,1114.8340813215284,wind,2017-03-10 23:00:00,day_ahead
2017-03-11 17:00:00,1173.4851359377233,wind,2017-03-10 23:00:00,day_ahead
2017-03-11 18:00:00,1238.495474619263,wind,2017-03-10 23:00:00,day_ahead
2017-03-11 19:00:00,1297.383469743556,wind,2017-03-10 23:00:00,day_ahead
2017-03-11 20:00:00,1338.2522291304974,wind,2017-03-10 23:00:00,day_ahead
2017-03-11 21:00:00,1358.3823520854057,wind,2017-03-10 23:00:00,day_ahead
2017-03-11 22:00:00,1364.377160186741,wind,2017-03-10 23:00:00,day_ahead
2017-03-11 23:00:00,1364.8758236187477,wind,2017-03-10 23:00:00,day_ahead
2017-03-12 00:00:00,1411.8954182239336,wind,2017-03-11 23:00:00,day_ahead
2017-03-12 01:00:00,1408.3647467950352,wind,2017-03-11 23:00:00,day_ahead
2017-03-12 02:00:00,1403.5461969325147,wind,2017-03-11 23:00:00,day_ahead
2017-03-12 03:00:00,1400.5513604428986,wind,2017-03-11 23:00:00,day_ahead
2017-03-12 04:00:00,1400.9921300399014,wind,2017-03-11 23:00:00,day_ahead
2017-03-12 05:00:00,1398.3017489599195,wind,2017-03-11 23:00:00,day_ahead
2017-03-12 06:00:00,1377.3660091595038,wind,2017-03-11 23:00:00,day_ahead
2017-03-12 07:00:00,1324.201526768842,wind,2017-03-11 23:00:00,day_ahead
2017-03-12 08:00:00,1239.135105975995,wind,2017-03-11 23:00:00,day_ahead
2017-03-12 09:00:00,1141.6607013934517,wind,2017-03-11 23:00:00,day_ahead
2017-03-12 10:00:00,1060.9759809218092,wind,2017-03-11 23:00:00,day_ahead
2017-03-12 11:00:00,1018.5049204491397,wind,2017-03-11 23:00:00,day_ahead
2017-03-12 12:00:00,1016.140176105687,wind,2017-03-11 23:00:00,day_ahead
2017-03-12 13:00:00,1039.264781321264,wind,2017-03-11 23:00:00,day_ahead
2017-03-12 14:00:00,1070.889751191384,wind,2017-03-11 23:00:00,day_ahead
2017-03-12 15:00:00,1104.1195306505163,wind,2017-03-11 23:00:00,day_ahead
2017-03-12 16:00:00,1142.8255010217567,wind,2017-03-11 23:00:00,day_ahead
2017-03-12 17:00:00,1191.9031696238587,wind,2017-03-11 23:00:00,day_ahead
2017-03-12 18:00:00,1247.7540380209166,wind,2017-03-11 23:00:00,day_ahead
2017-03-12 19:00:00,1298.2550555291955,wind,2017-03-11 23:00:00,day_ahead
2017-03-12 20:00:00,1331.5592284654592,wind,2017-03-11 23:00:00,day_ahead
2017-03-12 21:00:00,1344.6932274327864,wind,2017-03-11 23:00:00,day_ahead
2017-03-12 22:00:00,1343.9938615089982,wind,2017-03-11 23:00:00,day_ahead
2017-03-12 23:00:00,1338.1127269959802,wind,2017-03-11 23:00:00,day_ahead
2017-03-13 00:00:00,1459.8202821884474,wind,2017-03-12 23:00:00,day_ahead
2017-03-13 01:00:00,1450.9842802239054,wind,2017-03-12 23:00:00,day_ahead
2017-03-13 02:00:00,1442.0234903001044,wind,2017-03-12 23:00:00,day_ahead
2017-03-13 03:00:00,1435.8713400800557,wind,2017-03-12 23:00:00,day_ahead
2017-03-13 04:00:00,1433.8287945287973,wind,2017-03-12 23:00:00,day_ahead
2017-03-13 05:00:00,1429.1515947404534,wind,2017-03-12 23:00:00,day_ahead
2017-03-13 06:00:00,1406.7945622203538,wind,2017-03-12 23:00:00,day_ahead
2017-03-13 07:00:00,1352.9595458807441,wind,2017-03-12 23:00:00,day_ahead
2017-03-13 08:00:00,1268.0421830233602,wind,2017-03-12 23:00:00,day_ahead
2017-03-13 09:00:00,1171.3824603880248,wind,2017-03-12 23:00:00,day_ahead
2017-03-13 10:00:00,1091.9146766805882,wind,2017-03-12 23:00:00,day_ahead
2017-03-13 11:00:00,1050.899403519219,wind,2017-03-12 23:00:00,day_ahead
2017-03-13 12:00:00,1050.2623233553088,wind,2017-03-12 23:00:00,day_ahead
2017-03-13 13:00:00,1075.5150762295145,wind,2017-03-12 23:00:00,day_ahead
2017-03-13 14:00:00,1109.7114235146673,wind,2017-03-12 23:00:00,day_ahead
2017-03-13 15:00:00,1145.840651511392,wind,2017-03-12 23:00:00,day_ahead
2017-03-13 16:00:00,1187.604339031161,wind,2017-03-12 23:00:00,day_ahead
2017-03-13 17:00:00,1239.8296056229367,wind,2017-03-12 23:00:00,day_ahead
2017-03-13 18:00:00,1298.9816874468033,wind,2017-03-12 23:00:00,day_ahead
2017-03-13 19:00:00,1352.9964562438238,wind,2017-03-12 23:00:00,day_ahead
2017-03-13 20:00:00,1389.92090178041,wind,2017-03-12 23:00:00,day_ahead
2017-03-13 21:00:00,1406.5125373387782,wind,2017-03-12 23:00:00,day_ahead
2017-03-13 22:00:00,1408.8686561736981,wind,2017-03-12 23:00:00,day_ahead
2017-03-13 23:00:00,1405.6430797047033,wind,2017-03-12 23:00:00,day_ahead
2017-03-14 00:00:00,1496.3160263285959,wind,2017-03-13 23:00:00,day_ahead
2017-03-14 01:00:00,1490.7531575859198,wind,2017-03-13 23:00:00,day_ahead
2017-03-14 02:00:00,1484.8701925869175,wind,2017-03-13 23:00:00,day_ahead
2017-03-14 03:00:00,1481.5788191522154,wind,2017-03-13 23:00:00,day_ahead
2017-03-14 04:00:00,1482.1587206140657,wind,2017-03-13 23:00:00,day_ahead
2017-03-14 05:00:00,1479.8585777464748,wind,2017-03-13 23:00:00,day_ahead
2017-03-14 06:00:00,1459.6316298596234,wind,2017-03-13 23:00:00,day_ahead
2017-03-14 07:00:00,1407.665739625618,wind,2017-03-13 23:00:00,day_ahead
2017-03-14 08:00:00,1324.33086845944,wind,2017-03-13 23:00:00,day_ahead
2017-03-14 09:00:00,1228.9562176578988,wind,2017-03-13 23:00:00,day_ahead
2017-03-14 10:00:00,1150.5066706915206,wind,2017-03-13 23:00:00,day_ahead
2017-03-14 11:00:00,1110.307411972538,wind,2017-03-13 23:00:00,day_ahead
2017-03-14 12:00:00,1110.3386340224163,wind,2017-03-13 23:00:00,day_ahead
2017-03-14 13:00:00,1136.1132537508013,wind,2017-03-13 23:00:00,day_ahead
2017-03-14 14:00:00,1170.6364927447871,wind,2017-03-13 23:00:00,day_ahead
2017-03-14 15:00:00,1206.8563415711578,wind,2017-03-13 23:00:00,day_ahead
2017-03-14 16:00:00,1248.5065294667422,wind,2017-03-13 23:00:00,day_ahead
2017-03-14 17:00:00,1300.535459622663,wind,2017-03-13 23:00:00,day_ahead
2017-03-14 18:00:00,1359.5635225541755,wind,2017-03-13 23:00:00,day_ahead
2017-03-14 19:00:00,1413.6294802146303,wind,2017-03-13 23:00:00,day_ahead
2017-03-14 20:00:00,1450.7813492503476,wind,2017-03-13 23:00:00,day_ahead
2017-03-14 21:00:00,1467.6994119253372,wind,2017-03-13 23:00:00,day_ahead
2017-03-14 22:00:00,1470.398212382049,wind,2017-03-13 23:00:00,day_ahead
2017-03-14 23:00:00,1467.5047154603726,wind,2017-03-13 23:00:00,day_ahead
2017-03-15 00:00:00,1556.9285288350106,wind,2017-03-14 23:00:00,day_ahead
2017-03-15 01:00:00,1552.0674675636365,wind,2017-03-14 23:00:00,day_ahead
2017-03-15 02:00:00,1546.930300575337,wind,2017-03-14 23:00:00,day_ahead
2017-03-15 03:00:00,1544.3977223624115,wind,2017-03-14 23:00:00,day_ahead
2017-03-15 04:00:00,1545.826048985984,wind,2017-03-14 23:00:00,day_ahead
2017-03-15 05:00:00,1544.5681645151165,wind,2017-03-14 23:00:00,day_ahead
2017-03-15 06:00:00,1525.6144704256021,wind,2017-03-14 23:00:00,day_ahead
2017-03-15 07:00:00,1475.1062210871892,wind,2017-03-14 23:00:00,day_ahead
2017-03-15 08:00:00,1393.3550736044308,wind,2017-03-14 23:00:00,day_ahead
2017-03-15 09:00:00,1299.7013942980577,wind,2017-03-14 23:00:00,day_ahead
2017-03-15 10:00:00,1223.1924770387393,wind,2017-03-14 23:00:00,day_ahead
2017-03-15 11:00:00,1185.222678295509,wind,2017-03-14 23:00:00,day_ahead
2017-03-15 12:00:00,1187.7401880601058,wind,2017-03-14 23:00:00,day_ahead
2017-03-15 13:00:00,1216.1233342332494,wind,2017-03-14 23:00:00,day_ahead
2017-03-15 14:00:00,1253.2318698791987,wind,2017-03-14 23:00:00,day_ahead
2017-03-15 15:00:00,1291.9576123520076,wind,2017-03-14 23:00:00,day_ahead
2017-03-15 16:00:00,1336.0831214420657,wind,2017-03-14 23:00:00,day_ahead
2017-03-15 17:00:00,1390.6318182822008,wind,2017-03-14 23:00:00,day_ahead
2017-03-15 18:00:00,1452.2333486143436,wind,2017-03-14 23:00:00,day_ahead
2017-03-15 19:00:00,1508.8555182264804,wind,2017-03-14 23:00:00,day_ahead
2017-03-15 20:00:00,1548.4676230733874,wind,2017-03-14 23:00:00,day_ahead
2017-03-15 21:00:00,1567.7427662116247,wind,2017-03-14 23:00:00,day_ahead
2017-03-15 22:00:00,1572.7586340078633,wind,2017-03-14 23:00:00,day_ahead
2017-03-15 23:00:00,1572.1889268979132,wind,2017-03-14 23:00:00,day_ahead
2017-03-16 00:00:00,1601.306704127606,wind,2017-03-15 23:00:00,day_ahead
2017-03-16 01:00:00,1599.0034716677196,wind,2017-03-15 23:00:00,day_ahead
2017-03-16 02:00:00,1595.9403449645545,wind,2017-03-15 23:00:00,day_ahead
2017-03-16 03:00:00,1594.9755498118473,wind,2017-03-15 23:00:00,day_ahead
2017-03-16 04:00:00,1597.6306902175093,wind,2017-03-15 23:00:00,day_ahead
2017-03-16 05:00:00,1597.428972937843,wind,2017-03-15 23:00:00,day_ahead
2017-03-16 06:00:00,1579.3543156886296,wind,2017-03-15 23:00:00,day_ahead
2017-03-16 07:00:00,1529.3628198457848,wind,2017-03-15 23:00:00,day_ahead
2017-03-16 08:00:00,1447.5814389020597,wind,2017-03-15 23:00:00,day_ahead
2017-03-16 09:00:00,1353.3476113494378,wind,2017-03-15 23:00:00,day_ahead
2017-03-16 10:00:00,1275.8902642854018,wind,2017-03-15 23:00:00,day_ahead
2017-03-16 11:00:00,1236.791788996921,wind,2017-03-15 23:00:00,day_ahead
2017-03-16 12:00:00,1238.0144674361065,wind,2017-03-15 23:00:00,day_ahead
2017-03-16 13:00:00,1264.7762356779522,wind,2017-03-15 23:00:00,day_ahead
2017-03-16 14:00:00,1299.7848463821063,wind,2017-03-15 23:00:00,day_ahead
2017-03-16 15:00:00,1335.975691068185,wind,2017-03-15 23:00:00,day_ahead
2017-03-16 16:00:00,1377.3774271172135,wind,2017-03-15 23:00:00,day_ahead
2017-03-16 17:00:00,1429.2812932457773,wind,2017-03-15 23:00:00,day_ahead
2017-03-16 18:00:00,1488.4138087111928,wind,2017-03-15 23:00:00,day_ahead
2017-03-16 19:00:00,1542.6483134437137,wind,2017-03-15 23:00:00,day_ahead
2017-03-16 20:00:00,1579.8309855441348,wind,2017-03-15 23:00:00,day_ahead
2017-03-16 21:00:00,1596.6590429472958,wind,2017-03-15 23:00:00,day_ahead
2017-03-16 22:00:00,1599.392636512105,wind,2017-03-15 23:00:00,day_ahead
2017-03-16 23:00:00,1596.8852775441544,wind,2017-03-15 23:00:00,day_ahead
2017-03-17 00:00:00,1599.1707352566934,wind,2017-03-16 23:00:00,day_ahead
2017-03-17 01:00:00,1595.7877415232779,wind,2017-03-16 23:00:00,day_ahead
2017-03-17 02:00:00,1591.6259231711679,wind,2017-03-16 23:00:00,day_ahead
2017-03-17 03:00:00,1589.6065395643354,wind,2017-03-16 23:00:00,day_ahead
2017-03-17 04:00:00,1591.5453018680284,wind,2017-03-16 23:00:00,day_ahead
2017-03-17 05:00:00,1591.2848298730232,wind,2017-03-16 23:00:00,day_ahead
2017-03-17 06:00:00,1573.9331290296057,wind,2017-03-16 23:00:00,day_ahead
2017-03-17 07:00:00,1525.3257961511274,wind,2017-03-16 23:00:00,day_ahead
2017-03-17 08:00:00,1445.3734837925226,wind,2017-03-16 23:00:00,day_ahead
2017-03-17 09:00:00,1353.301076683219,wind,2017-03-16 23:00:00,day_ahead
2017-03-17 10:00:00,1278.4036270484785,wind,2017-03-16 23:00:00,day_ahead
2017-03-17 11:00:00,1242.4165702099997,wind,2017-03-16 23:00:00,day_ahead
2017-03-17 12:00:00,1247.398374284147,wind,2017-03-16 23:00:00,day_ahead
2017-03-17 13:00:00,1278.5547361603537,wind,2017-03-16 23:00:00,day_ahead
2017-03-17 14:00:00,1318.5434867756662,wind,2017-03-16 23:00:00,day_ahead
2017-03-17 15:00:00,1360.3043224430448,wind,2017-03-16 23:00:00,day_ahead
2017-03-17 16:00:00,1407.9238482478863,wind,2017-03-16 23:00:00,day_ahead
2017-03-17 17:00:00,1466.7111391515753,wind,2017-03-16 23:00:00,day_ahead
2017-03-17 18:00:00,1533.2957854376664,wind,2017-03-16 23:00:00,day_ahead
2017-03-17 19:00:00,1595.3842863268087,wind,2017-03-16 23:00:00,day_ahead
2017-03-17 20:00:00,1640.721919066153,wind,2017-03-16 23:00:00,day_ahead
2017-03-17 21:00:00,1666.0582525567893,wind,2017-03-16 23:00:00,day_ahead
2017-03-17 22:00:00,1677.7886757220676,wind,2017-03-16 23:00:00,day_ahead
2017-03-17 23:00:00,1684.8005754836686,wind,2017-03-16 23:00:00,day_ahead
2017-03-18 00:00:00,1690.5146584934937,wind,2017-03-17 23:00:00,day_ahead
2017-03-18 01:00:00,1696.8865965355842,wind,2017-03-17 23:00:00,day_ahead
2017-03-18 02:00:00,1702.3218924450914,wind,2017-03-17 23:00:00,day_ahead
2017-03-18 03:00:00,1709.7137600188387,wind,2017-03-17 23:00:00,day_ahead
2017-03-18 04:00:00,1720.978379398845,wind,2017-03-17 23:00:00,day_ahead
2017-03-18 05:00:00,1729.9972079619365,wind,2017-03-17 23:00:00,day_ahead
2017-03-18 06:00:00,1721.727656998249,wind,2017-03-17 23:00:00,day_ahead
2017-03-18 07:00:00,1681.7219622687428,wind,2017-03-17 23:00:00,day_ahead
2017-03-18 08:00:00,1609.6544678135201,wind,2017-03-17 23:00:00,day_ahead
2017-03-18 09:00:00,1524.6852317969483,wind,2017-03-17 23:00:00,day_ahead
2017-03-18 10:00:00,1456.1697860246336,wind,2017-03-17 23:00:00,day_ahead
2017-03-18 11:00:00,1425.8733761082106,wind,2017-03-17 23:00:00,day_ahead
2017-03-18 12:00:00,1435.7577022687115,wind,2017-03-17 23:00:00,day_ahead
2017-03-18 13:00:00,1470.8716591226128,wind,2017-03-17 23:00:00,day_ahead
2017-03-18 14:00:00,1513.8141781332406,wind,2017-03-17 23:00:00,day_ahead
2017-03-18 15:00:00,1557.641439606674,wind,2017-03-17 23:00:00,day_ahead
2017-03-18 16:00:00,1606.634255373236,wind,2017-03-17 23:00:00,day_ahead
2017-03-18 17:00:00,1666.1855198599753,wind,2017-03-17 23:00:00,day_ahead
2017-03-18 18:00:00,1732.8041989857081,wind,2017-03-17 23:00:00,day_ahead
2017-03-18 19:00:00,1793.9717901944273,wind,2017-03-17 23:00:00,day_ahead
2017-03-18 20:00:00,1837.3095446277957,wind,2017-03-17 23:00:00,day_ahead
2017-03-18 21:00:00,1859.6593220263599,wind,2017-03-17 23:00:00,day_ahead
2017-03-18 22:00:00,1867.6391652821926,wind,2017-03-17 23:00:00,day_ahead
2017-03-18 23:00:00,1870.2854191640988,wind,2017-03-17 23:00:00,day_ahead
2017-03-19 00:00:00,1811.2854256122966,wind,2017-03-18 23:00:00,day_ahead
2017-03-19 01:00:00,1812.006548945825,wind,2017-03-18 23:00:00,day_ahead
2017-03-19 02:00:00,1810.912333214179,wind,2017-03-18 23:00:00,day_ahead
2017-03-19 03:00:00,1810.9704718058965,wind,2017-03-18 23:00:00,day_ahead
2017-03-19 04:00:00,1814.23923986108,wind,2017-03-18 23:00:00,day_ahead
2017-03-19 05:00:00,1814.7243006834547,wind,2017-03-18 23:00:00,day_ahead
2017-03-19 06:00:00,1797.4330585409493,wind,2017-03-18 23:00:00,day_ahead
2017-03-19 07:00:00,1747.9151402345167,wind,2017-03-18 23:00:00,day_ahead
2017-03-19 08:00:00,1665.862029459901,wind,2017-03-18 23:00:00,day_ahead
2017-03-19 09:00:00,1570.520546072559,wind,2017-03-18 23:00:00,day_ahead
2017-03-19 10:00:00,1491.3836514606044,wind,2017-03-18 23:00:00,day_ahead
2017-03-19 11:00:00,1450.3407164024422,wind,2017-03-18 23:00:00,day_ahead
2017-03-19 12:00:00,1449.4216123344916,wind,2017-03-18 23:00:00,day_ahead
2017-03-19 13:00:00,1473.7064722960245,wind,2017-03-18 23:00:00,day_ahead
2017-03-19 14:00:00,1505.8440669615184,wind,2017-03-18 23:00:00,day_ahead
2017-03-19 15:00:00,1538.9889416732349,wind,2017-03-18 23:00:00,day_ahead
2017-03-19 16:00:00,1577.5400375158374,wind,2017-03-18 23:00:00,day_ahead
2017-03-19 17:00:00,1626.9717111254554,wind,2017-03-18 23:00:00,day_ahead
2017-03-19 18:00:00,1683.8164597917928,wind,2017-03-18 23:00:00,day_ahead
2017-03-19 19:00:00,1735.5632048204643,wind,2017-03-18 23:00:00,day_ahead
2017-03-19 20:00:00,1769.890159849007,wind,2017-03-18 23:00:00,day_ahead
2017-03-19 21:00:00,1783.7657218828795,wind,2017-03-18 23:00:00,day_ahead
2017-03-19 22:00:00,1783.9495556597599,wind,2017-03-18 23:00:00,day_ahead
2017-03-19 23:00:00,1779.5503880728666,wind,2017-03-18 23:00:00,day_ahead
2017-03-20 00:00:00,1727.0604948411235,wind,2017-03-19 23:00:00,day_ahead
2017-03-20 01:00:00,1721.5849153843599,wind,2017-03-19 23:00:00,day_ahead
2017-03-20 02:00:00,1715.209983685474,wind,2017-03-19 23:00:00,day_ahead
2017-03-20 03:00:00,1710.855864025983,wind,2017-03-19 23:00:00,day_ahead
2017-03-20 04:00:00,1710.4437289671794,wind,2017-03-19 23:00:00,day_ahead
2017-03-20 05:00:00,1707.875650004908,wind,2017-03-19 23:00:00,day_ahead
2017-03-20 06:00:00,1688.1541267324214,wind,2017-03-19 23:00:00,day_ahead
2017-03-20 07:00:00,1636.8842803288221,wind,2017-03-19 23:00:00,day_ahead
2017-03-20 08:00:00,1553.7844513964562,wind,2017-03-19 23:00:00,day_ahead
2017-03-20 09:00:00,1458.0518740586995,wind,2017-03-19 23:00:00,day_ahead
2017-03-20 10:00:00,1379.0869028305756,wind,2017-03-19 23:00:00,day_ahead
2017-03-20 11:00:00,1338.7126517728798,wind,2017-03-19 23:00:00,day_ahead
2017-03-20 12:00:00,1338.9473890564632,wind,2017-03-19 23:00:00,day_ahead
2017-03-20 13:00:00,1364.8745097309095,wind,2017-03-19 23:00:00,day_ahead
2017-03-20 14:00:00,1399.1015101753883,wind,2017-03-19 23:00:00,day_ahead
2017-03-20 15:00:00,1434.6871084247975,wind,2017-03-19 23:00:00,day_ahead
2017-03-20 16:00:00,1475.9326217445234,wind,2017-03-19 23:00:00,day_ahead
2017-03-20 17:00:00,1528.2699079353447,wind,2017-03-19 23:00:00,day_ahead
2017-03-20 18:00:00,1588.2365288439114,wind,2017-03-19 23:00:00,day_ahead
2017-03-20 19:00:00,1643.299881990793,wind,2017-03-19 23:00:00,day_ahead
2017-03-20 20:00:00,1681.0236195997625,wind,2017-03-19 23:00:00,day_ahead
2017-03-20 21:00:00,1698.188810817304,wind,2017-03-19 23:00:00,day_ahead
2017-03-20 22:00:00,1701.402097729144,wind,2017-03-19 23:00:00,day_ahead
2017-03-20 23:00:00,1699.7586076894545,wind,2017-03-19 23:00:00,day_ahead
2017-03-21 00:00:00,1700.3212167407926,wind,2017-03-20 23:00:00,day_ahead
2017-03-21 01:00:00,1696.8554321940883,wind,2017-03-20 23:00:00,day_ahead
2017-03-21 02:00:00,1692.668362567405,wind,2017-03-20 23:00:00,day_ahead
2017-03-21 03:00:00,1690.6132772142898,wind,2017-03-20 23:00:00,day_ahead
2017-03-21 04:00:00,1692.3948538201403,wind,2017-03-20 23:00:00,day_ahead
2017-03-21 05:00:00,1691.7259648758047,wind,2017-03-20 23:00:00,day_ahead
2017-03-21 06:00:00,1673.5744675600079,wind,2017-03-20 23:00:00,day_ahead
2017-03-21 07:00:00,1623.6367367574035,wind,2017-03-20 23:00:00,day_ahead
2017-03-21 08:00:00,1541.7084355462994,wind,2017-03-20 23:00:00,day_ahead
2017-03-21 09:00:00,1446.9450663240955,wind,2017-03-20 23:00:00,day_ahead
2017-03-21 10:00:00,1368.6182990579582,wind,2017-03-20 23:00:00,day_ahead
2017-03-21 11:00:00,1328.4674090987376,wind,2017-03-20 23:00:00,day_ahead
2017-03-21 12:00:00,1328.568813029522,wind,2017-03-20 23:00:00,day_ahead
2017-03-21 13:00:00,1354.1732790035587,wind,2017-03-20 23:00:00,day_ahead
2017-03-21 14:00:00,1388.0379037203224,wind,2017-03-20 23:00:00,day_ahead
2017-03-21 15:00:00,1423.2571424621044,wind,2017-03-20 23:00:00,day_ahead
2017-03-21 16:00:00,1464.0748934732019,wind,2017-03-20 23:00:00,day_ahead
2017-03-21 17:00:00,1515.8726937908764,wind,2017-03-20 23:00:00,day_ahead
2017-03-21 18:00:00,1575.209063049756,wind,2017-03-20 23:00:00,day_ahead
2017-03-21 19:00:00,1629.6025998773146,wind,2017-03-20 23:00:00,day_ahead
2017-03-21 20:00:00,1666.6041074236098,wind,2017-03-20 23:00:00,day_ahead
2017-03-21 21:00:00,1682.889102582706,wind,2017-03-20 23:00:00,day_ahead
2017-03-21 22:00:00,1684.9601373757894,wind,2017-03-20 23:00:00,day_ahead
2017-03-21 23:00:00,1681.9520408151402,wind,2017-03-20 23:00:00,day_ahead
2017-03-22 00:00:00,1713.2497739175435,wind,2017-03-21 23:00:00,day_ahead
2017-03-22 01:00:00,1708.8628146090182,wind,2017-03-21 23:00:00,day_ahead
2017-03-22 02:00:00,1703.9256127631893,wind,2017-03-21 23:00:00,day_ahead
2017-03-22 03:00:00,1701.4015278648799,wind,2017-03-21 23:00:00,day_ahead
2017-03-22 04:00:00,1703.0120446515216,wind,2017-03-21 23:00:00,day_ahead
2017-03-22 05:00:00,1702.406604903335,wind,2017-03-21 23:00:00,day_ahead
2017-03-22 06:00:00,1684.488148918113,wind,2017-03-21 23:00:00,day_ahead
2017-03-22 07:00:00,1634.9526025830362,wind,2017-03-21 23:00:00,day_ahead
2017-03-22 08:00:00,1553.6555725699382,wind,2017-03-21 23:00:00,day_ahead
2017-03-22 09:00:00,1459.8144936119465,wind,2017-03-21 23:00:00,day_ahead
2017-03-22 10:00:00,1382.717223036334,wind,2017-03-21 23:00:00,day_ahead
2017-03-22 11:00:00,1344.0803258406872,wind,2017-03-21 23:00:00,day_ahead
2017-03-22 12:00:00,1345.9596594115928,wind,2017-03-21 23:00:00,day_ahead
2017-03-22 13:00:00,1373.6053490987817,wind,2017-03-21 23:00:00,day_ahead
2017-03-22 14:00:00,1409.7603872392044,wind,2017-03-21 23:00:00,day_ahead
2017-03-22 15:00:00,1447.4431918498697,wind,2017-03-21 23:00:00,day_ahead
2017-03-22 16:00:00,1490.7598081507467,wind,2017-03-21 23:00:00,day_ahead
2017-03-22 17:00:00,1544.9614238857039,wind,2017-03-21 23:00:00,day_ahead
2017-03-22 18:00:00,1606.5690610695033,wind,2017-03-21 23:00:00,day_ahead
2017-03-22 19:00:00,1663.176548136375,wind,2017-03-21 23:00:00,day_ahead
2017-03-22 20:00:00,1702.447563134232,wind,2017-03-21 23:00:00,day_ahead
2017-03-22 21:00:00,1721.096008338765,wind,2017-03-21 23:00:00,day_ahead
2017-03-22 22:00:00,1725.536062168007,wind,2017-03-21 23:00:00,day_ahead
2017-03-22 23:00:00,1724.7418504627858,wind,2017-03-21 23:00:00,day_ahead
2017-03-23 00:00:00,1781.994819749776,wind,2017-03-22 23:00:00,day_ahead
2017-03-23 01:00:00,1779.856703247066,wind,2017-03-22 23:00:00,day_ahead
2017-03-23 02:00:00,1776.7356410961356,wind,2017-03-22 23:00:00,day_ahead
2017-03-23 03:00:00,1775.482320751044,wind,2017-03-22 23:00:00,day_ahead
2017-03-23 04:00:00,1777.8874833889017,wind,2017-03-22 23:00:00,day_ahead
2017-03-23 05:00:00,1777.721794788748,wind,2017-03-22 23:00:00,day_ahead
2017-03-23 06:00:00,1759.959133746316,wind,2017-03-22 23:00:00,day_ahead
2017-03-23 07:00:00,1710.3201593765093,wind,2017-03-22 23:00:00,day_ahead
2017-03-23 08:00:00,1628.7018415629595,wind,2017-03-22 23:00:00,day_ahead
2017-03-23 09:00:00,1534.3970762834176,wind,2017-03-22 23:00:00,day_ahead
2017-03-23 10:00:00,1456.7375876398664,wind,2017-03-22 23:00:00,day_ahead
2017-03-23 11:00:00,1417.3757287414865,wind,2017-03-22 23:00:00,day_ahead
2017-03-23 12:00:00,1418.209453301412,wind,2017-03-22 23:00:00,day_ahead
2017-03-23 13:00:00,1444.3551304516882,wind,2017-03-22 23:00:00,day_ahead
2017-03-23 14:00:00,1478.563836442606,wind,2017-03-22 23:00:00,day_ahead
2017-03-23 15:00:00,1514.0011776799786,wind,2017-03-22 23:00:00,day_ahead
2017-03-23 16:00:00,1554.9272492163832,wind,2017-03-22 23:00:00,day_ahead
2017-03-23 17:00:00,1606.6168107121507,wind,2017-03-22 23:00:00,day_ahead
2017-03-23 18:00:00,1665.4843680916947,wind,2017-03-22 23:00:00,day_ahead
2017-03-23 19:00:00,1719.042309150333,wind,2017-03-22 23:00:00,day_ahead
2017-03-23 20:00:00,1755.0702095392137,wind,2017-03-22 23:00:00,day_ahead
2017-03-23 21:00:00,1770.6146987780344,wind,2017-03-22 23:00:00,day_ahead
2017-03-23 22:00:00,1772.4656415171107,wind,2017-03-22 23:00:00,day_ahead
2017-03-23 23:00:00,1769.782825249488,wind,2017-03-22 23:00:00,day_ahead
2017-03-24 00:00:00,1743.6904300448723,wind,2017-03-23 23:00:00,day_ahead
2017-03-24 01:00:00,1740.7725461930977,wind,2017-03-23 23:00:00,day_ahead
2017-03-24 02:00:00,1737.1137384524282,wind,2017-03-23 23:00:00,day_ahead
2017-03-24 03:00:00,1735.6185112258229,wind,2017-03-23 23:00:00,day_ahead
2017-03-24 04:00:00,1738.1481795772795,wind,2017-03-23 23:00:00,day_ahead
2017-03-24 05:00:00,1738.5222951294868,wind,2017-03-23 23:00:00,day_ahead
2017-03-24 06:00:00,1721.7442205233738,wind,2017-03-23 23:00:00,day_ahead
2017-03-24 07:00:00,1673.5704893193163,wind,2017-03-23 23:00:00,day_ahead
2017-03-24 08:00:00,1593.9475289187594,wind,2017-03-23 23:00:00,day_ahead
2017-03-24 09:00:00,1502.2038423507263,wind,2017-03-23 23:00:00,day_ahead
2017-03-24 10:00:00,1427.6607046659421,wind,2017-03-23 23:00:00,day_ahead
2017-03-24 11:00:00,1391.919700379307,wind,2017-03-23 23:00:00,day_ahead
2017-03-24 12:00:00,1396.8364374006114,wind,2017-03-23 23:00:00,day_ahead
2017-03-24 13:00:00,1427.5400263869547,wind,2017-03-23 23:00:00,day_ahead
2017-03-24 14:00:00,1466.8413836923496,wind,2017-03-23 23:00:00,day_ahead
2017-03-24 15:00:00,1507.946985443413,wind,2017-03-23 23:00:00,day_ahead
2017-03-24 16:00:00,1555.0718307605587,wind,2017-03-23 23:00:00,day_ahead
2017-03-24 17:00:00,1613.359167649023,wind,2017-03-23 23:00:00,day_ahead
2017-03-24 18:00:00,1679.0832671398562,wind,2017-03-23 23:00:00,day_ahead
2017-03-24 19:00:00,1739.7020075148957,wind,2017-03-23 23:00:00,day_ahead
2017-03-24 20:00:00,1783.0550410735264,wind,2017-03-23 23:00:00,day_ahead
2017-03-24 21:00:00,1806.2981894074182,wind,2017-03-23 23:00:00,day_ahead
2017-03-24 22:00:00,1816.2719536453503,wind,2017-03-23 23:00:00,day_ahead
2017-03-24 23:00:00,1822.0652927029655,wind,2017-03-23 23:00:00,day_ahead
2017-03-25 00:00:00,1794.3695437582116,wind,2017-03-24 23:00:00,day_ahead
2017-03-25 01:00:00,1799.0852509637004,wind,2017-03-24 23:00:00,day_ahead
2017-03-25 02:00:00,1803.6662388307152,wind,2017-03-24 23:00:00,day_ahead
2017-03-25 03:00:00,1810.8535005501642,wind,2017-03-24 23:00:00,day_ahead
2017-03-25 04:00:00,1821.9985973248658,wind,2017-03-24 23:00:00,day_ahead
2017-03-25 05:00:00,1830.49931036311,wind,2017-03-24 23:00:00,day_ahead
2017-03-25 06:00:00,1821.3067214984208,wind,2017-03-24 23:00:00,day_ahead
2017-03-25 07:00:00,1780.3941892561813,wind,2017-03-24 23:00:00,day_ahead
2017-03-25 08:00:00,1707.8583434953564,wind,2017-03-24 23:00:00,day_ahead
2017-03-25 09:00:00,1622.8918927295585,wind,2017-03-24 23:00:00,day_ahead
2017-03-25 10:00:00,1554.492812688718,wind,2017-03-24 23:00:00,day_ahead
2017-03-25 11:00:00,1524.0354120352245,wind,2017-03-24 23:00:00,day_ahead
2017-03-25 12:00:00,1533.4046449314733,wind,2017-03-24 23:00:00,day_ahead
2017-03-25 13:00:00,1567.896466479359,wind,2017-03-24 23:00:00,day_ahead
2017-03-25 14:00:00,1610.377043493687,wind,2017-03-24 23:00:00,day_ahead
2017-03-25 15:00:00,1653.903557452806,wind,2017-03-24 23:00:00,day_ahead
2017-03-25 16:00:00,1702.5100466046945,wind,2017-03-24 23:00:00,day_ahead
2017-03-25 17:00:00,1761.3736497432415,wind,2017-03-24 23:00:00,day_ahead
2017-03-25 18:00:00,1827.0417977923878,wind,2017-03-24 23:00:00,day_ahead
2017-03-25 19:00:00,1887.209586813372,wind,2017-03-24 23:00:00,day_ahead
2017-03-25 20:00:00,1929.5928999744524,wind,2017-03-24 23:00:00,day_ahead
2017-03-25 21:00:00,1950.833922338437,wind,2017-03-24 23:00:00,day_ahead
2017-03-25 22:00:00,1957.2270782707433,wind,2017-03-24 23:00:00,day_ahead
2017-03-25 23:00:00,1957.741876397124,wind,2017-03-24 23:00:00,day_ahead
2017-03-26 00:00:00,1989.6094448775384,wind,2017-03-25 23:00:00,day_ahead
2017-03-26 01:00:00,1988.0625655519839,wind,2017-03-25 23:00:00,day_ahead
2017-03-26 02:00:00,1985.4283176655624,wind,2017-03-25 23:00:00,day_ahead
2017-03-26 03:00:00,1984.5509153316523,wind,2017-03-25 23:00:00,day_ahead
2017-03-26 04:00:00,1986.9818834953144,wind,2017-03-25 23:00:00,day_ahead
2017-03-26 05:00:00,1986.2973947064168,wind,2017-03-25 23:00:00,day_ahead
2017-03-26 06:00:00,1967.534125125189,wind,2017-03-25 23:00:00,day_ahead
2017-03-26 07:00:00,1916.687231568545,wind,2017-03-25 23:00:00,day_ahead
2017-03-26 08:00:00,1833.8929137766538,wind,2017-03-25 23:00:00,day_ahead
2017-03-26 09:00:00,1738.4425351436103,wind,2017-03-25 23:00:00,day_ahead
2017-03-26 10:00:00,1659.4520858614126,wind,2017-03-25 23:00:00,day_ahead
2017-03-26 11:00:00,1618.3631861316176,wind,2017-03-25 23:00:00,day_ahead
2017-03-26 12:00:00,1617.0623158246294,wind,2017-03-25 23:00:00,day_ahead
2017-03-26 13:00:00,1640.8480095520492,wind,2017-03-25 23:00:00,day_ahead
2017-03-26 14:00:00,1672.6752064292946,wind,2017-03-25 23:00:00,day_ahead
2017-03-26 15:00:00,1705.7884742915562,wind,2017-03-25 23:00:00,day_ahead
2017-03-26 16:00:00,1744.4241441509594,wind,2017-03-25 23:00:00,day_ahead
2017-03-26 17:00:00,1793.8700272317014,wind,2017-03-25 23:00:00,day_ahead
2017-03-26 18:00:00,1850.6640456474306,wind,2017-03-25 23:00:00,day_ahead
2017-03-26 19:00:00,1902.4488855213608,wind,2017-03-25 23:00:00,day_ahead
2017-03-26 20:00:00,1936.9524746688717,wind,2017-03-25 23:00:00,day_ahead
2017-03-26 21:00:00,1950.9236137916273,wind,2017-03-25 23:00:00,day_ahead
2017-03-26 22:00:00,1950.7775819804751,wind,2017-03-25 23:00:00,day_ahead
2017-03-26 23:00:00,1945.5040537327168,wind,2017-03-25 23:00:00,day_ahead
2017-03-27 00:00:00,1989.0809055358964,wind,2017-03-26 23:00:00,day_ahead
2017-03-27 01:00:00,1982.6078456839823,wind,2017-03-26 23:00:00,day_ahead
2017-03-27 02:00:00,1975.62290995464,wind,2017-03-26 23:00:00,day_ahead
2017-03-27 03:00:00,1970.7998377352233,wind,2017-03-26 23:00:00,day_ahead
2017-03-27 04:00:00,1969.7080236517108,wind,2017-03-26 23:00:00,day_ahead
2017-03-27 05:00:00,1966.0950957457776,wind,2017-03-26 23:00:00,day_ahead
2017-03-27 06:00:00,1945.16194368497,wind,2017-03-26 23:00:00,day_ahead
2017-03-27 07:00:00,1892.9203765249003,wind,2017-03-26 23:00:00,day_ahead
2017-03-27 08:00:00,1809.3736174051614,wind,2017-03-26 23:00:00,day_ahead
2017-03-27 09:00:00,1713.6514907294913,wind,2017-03-26 23:00:00,day_ahead
2017-03-27 10:00:00,1634.8006630608315,wind,2017-03-26 23:00:00,day_ahead
2017-03-27 11:00:00,1594.2976962362252,wind,2017-03-26 23:00:00,day_ahead
2017-03-27 12:00:00,1594.0774587684664,wind,2017-03-26 23:00:00,day_ahead
2017-03-27 13:00:00,1619.408797808488,wind,2017-03-26 23:00:00,day_ahead
2017-03-27 14:00:00,1653.1355155968874,wind,2017-03-26 23:00:00,day_ahead
2017-03-27 15:00:00,1688.3830426988698,wind,2017-03-26 23:00:00,day_ahead
2017-03-27 16:00:00,1729.3209752118378,wind,2017-03-26 23:00:00,day_ahead
2017-03-27 17:00:00,1781.203932051316,wind,2017-03-26 23:00:00,day_ahead
2017-03-27 18:00:00,1840.5022781930738,wind,2017-03-26 23:00:00,day_ahead
2017-03-27 19:00:00,1894.7325222087197,wind,2017-03-26 23:00:00,day_ahead
2017-03-27 20:00:00,1931.5071929989447,wind,2017-03-26 23:00:00,day_ahead
2017-03-27 21:00:00,1947.5764763002567,wind,2017-03-26 23:00:00,day_ahead
2017-03-27 22:00:00,1949.5014604216508,wind,2017-03-26 23:00:00,day_ahead
2017-03-27 23:00:00,1946.456799932837,wind,2017-03-26 23:00:00,day_ahead
2017-03-28 00:00:00,1919.3607002362887,wind,2017-03-27 23:00:00,day_ahead
2017-03-28 01:00:00,1915.9740214953777,wind,2017-03-27 23:00:00,day_ahead
2017-03-28 02:00:00,1911.718568458862,wind,2017-03-27 23:00:00,day_ahead
2017-03-28 03:00:00,1909.2926899675867,wind,2017-03-27 23:00:00,day_ahead
2017-03-28 04:00:00,1910.397743806189,wind,2017-03-27 23:00:00,day_ahead
2017-03-28 05:00:00,1908.9073885726077,wind,2017-03-27 23:00:00,day_ahead
2017-03-28 06:00:00,1890.0490295736422,wind,2017-03-27 23:00:00,day_ahead
2017-03-28 07:00:00,1839.7601624580961,wind,2017-03-27 23:00:00,day_ahead
2017-03-28 08:00:00,1757.948350339602,wind,2017-03-27 23:00:00,day_ahead
2017-03-28 09:00:00,1663.7063407263527,wind,2017-03-27 23:00:00,day_ahead
2017-03-28 10:00:00,1586.1111284695744,wind,2017-03-27 23:00:00,day_ahead
2017-03-28 11:00:00,1546.6769522193085,wind,2017-03-27 23:00:00,day_ahead
2017-03-28 12:00:00,1547.3224279641606,wind,2017-03-27 23:00:00,day_ahead
2017-03-28 13:00:00,1573.246975283303,wind,2017-03-27 23:00:00,day_ahead
2017-03-28 14:00:00,1607.2326100612852,wind,2017-03-27 23:00:00,day_ahead
2017-03-28 15:00:00,1642.4108978350778,wind,2017-03-27 23:00:00,day_ahead
2017-03-28 16:00:00,1683.0296143199912,wind,2017-03-27 23:00:00,day_ahead
2017-03-28 17:00:00,1734.445260132774,wind,2017-03-27 23:00:00,day_ahead
2017-03-28 18:00:00,1793.206981942811,wind,2017-03-27 23:00:00,day_ahead
2017-03-28 19:00:00,1846.8858954406583,wind,2017-03-27 23:00:00,day_ahead
2017-03-28 20:00:00,1883.1570697725792,wind,2017-03-27 23:00:00,day_ahead
2017-03-28 21:00:00,1898.8530127244735,wind,2017-03-27 23:00:00,day_ahead
2017-03-28 22:00:00,1900.5961232196642,wind,2017-03-27 23:00:00,day_ahead
2017-03-28 23:00:00,1897.5386757340616,wind,2017-03-27 23:00:00,day_ahead
2017-03-29 00:00:00,1857.015003339241,wind,2017-03-28 23:00:00,day_ahead
2017-03-29 01:00:00,1853.395472443931,wind,2017-03-28 23:00:00,day_ahead
2017-03-29 02:00:00,1849.0877631541355,wind,2017-03-28 23:00:00,day_ahead
2017-03-29 03:00:00,1846.7502273366313,wind,2017-03-28 23:00:00,day_ahead
2017-03-29 04:00:00,1847.9761720714882,wind,2017-03-28 23:00:00,day_ahead
2017-03-29 05:00:00,1846.5746128126905,wind,2017-03-28 23:00:00,day_ahead
2017-03-29 06:00:00,1827.819732966107,wind,2017-03-28 23:00:00,day_ahead
2017-03-29 07:00:00,1777.768123337089,wind,2017-03-28 23:00:00,day_ahead
2017-03-29 08:00:00,1696.411106421208,wind,2017-03-28 23:00:00,day_ahead
2017-03-29 09:00:00,1602.8156967564548,wind,2017-03-28 23:00:00,day_ahead
2017-03-29 10:00:00,1525.9496932593074,wind,2017-03-28 23:00:00,day_ahead
2017-03-29 11:00:00,1487.230302274061,wind,2017-03-28 23:00:00,day_ahead
2017-03-29 12:00:00,1488.5626480065964,wind,2017-03-28 23:00:00,day_ahead
2017-03-29 13:00:00,1515.199961282865,wind,2017-03-28 23:00:00,day_ahead
2017-03-29 14:00:00,1549.9681815157592,wind,2017-03-28 23:00:00,day_ahead
2017-03-29 15:00:00,1585.9792742797658,wind,2017-03-28 23:00:00,day_ahead
2017-03-29 16:00:00,1627.4215318094928,wind,2017-03-28 23:00:00,day_ahead
2017-03-29 17:00:00,1679.6218710969174,wind,2017-03-28 23:00:00,day_ahead
2017-03-29 18:00:00,1739.1645640935556,wind,2017-03-28 23:00:00,day_ahead
2017-03-29 19:00:00,1793.6762331755315,wind,2017-03-28 23:00:00,day_ahead
2017-03-29 20:00:00,1830.8260704617924,wind,2017-03-28 23:00:00,day_ahead
2017-03-29 21:00:00,1847.3470930744093,wind,2017-03-28 23:00:00,day_ahead
2017-03-29 22:00:00,1849.7281529893685,wind,2017-03-28 23:00:00,day_ahead
2017-03-29 23:00:00,1847.055193371175,wind,2017-03-28 23:00:00,day_ahead
2017-03-30 00:00:00,1803.8935039106555,wind,2017-03-29 23:00:00,day_ahead
2017-03-30 01:00:00,1800.3745104744758,wind,2017-03-29 23:00:00,day_ahead
2017-03-30 02:00:00,1795.9561047401914,wind,2017-03-29 23:00:00,day_ahead
2017-03-30 03:00:00,1793.3181085114743,wind,2017-03-29 23:00:00,day_ahead
2017-03-30 04:00:00,1794.0756972010981,wind,2017-03-29 23:00:00,day_ahead
2017-03-30 05:00:00,1792.0421113483378,wind,2017-03-29 23:00:00,day_ahead
2017-03-30 06:00:00,1772.4719357857568,wind,2017-03-29 23:00:00,day_ahead
2017-03-30 07:00:00,1721.3925449989165,wind,2017-03-29 23:00:00,day_ahead
2017-03-30 08:00:00,1638.781891051366,wind,2017-03-29 23:00:00,day_ahead
2017-03-30 09:00:00,1543.724559007507,wind,2017-03-29 23:00:00,day_ahead
2017-03-30 10:00:00,1465.226572698106,wind,2017-03-29 23:00:00,day_ahead
2017-03-30 11:00:00,1424.7354864534504,wind,2017-03-29 23:00:00,day_ahead
2017-03-30 12:00:00,1424.1573898985364,wind,2017-03-29 23:00:00,day_ahead
2017-03-30 13:00:00,1448.7242956087762,wind,2017-03-29 23:00:00,day_ahead
2017-03-30 14:00:00,1481.2524859951686,wind,2017-03-29 23:00:00,day_ahead
2017-03-30 15:00:00,1514.8903140586065,wind,2017-03-29 23:00:00,day_ahead
2017-03-30 16:00:00,1553.9155354976615,wind,2017-03-29 23:00:00,day_ahead
2017-03-30 17:00:00,1603.7702536400147,wind,2017-03-29 23:00:00,day_ahead
2017-03-30 18:00:00,1661.137421303038,wind,2017-03-29 23:00:00,day_ahead
2017-03-30 19:00:00,1713.6976196738262,wind,2017-03-29 23:00:00,day_ahead
2017-03-30 20:00:00,1749.1301361920268,wind,2017-03-29 23:00:00,day_ahead
2017-03-30 21:00:00,1764.156404524464,wind,2017-03-29 23:00:00,day_ahead
2017-03-30 22:00:00,1765.2559640718005,wind,2017-03-29 23:00:00,day_ahead
2017-03-30 23:00:00,1761.5202682836536,wind,2017-03-29 23:00:00,day_ahead
2017-03-31 00:00:00,1760.9013524580976,wind,2017-03-30 23:00:00,day_ahead
2017-03-31 01:00:00,1756.5476246418038,wind,2017-03-30 23:00:00,day_ahead
2017-03-31 02:00:00,1751.6643066222034,wind,2017-03-30 23:00:00,day_ahead
2017-03-31 03:00:00,1749.02839306462,wind,2017-03-30 23:00:00,day_ahead
2017-03-31 04:00:00,1750.3189943231296,wind,2017-03-30 23:00:00,day_ahead
2017-03-31 05:00:00,1749.3161081390904,wind,2017-03-30 23:00:00,day_ahead
2017-03-31 06:00:00,1731.1875537594988,wind,2017-03-30 23:00:00,day_ahead
2017-03-31 07:00:00,1681.93508660569,wind,2017-03-30 23:00:00,day_ahead
2017-03-31 08:00:00,1601.6381698635191,wind,2017-03-30 23:00:00,day_ahead
2017-03-31 09:00:00,1509.5469824581355,wind,2017-03-30 23:00:00,day_ahead
2017-03-31 10:00:00,1434.7524119994537,wind,2017-03-30 23:00:00,day_ahead
2017-03-31 11:00:00,1398.6157550565667,wind,2017-03-30 23:00:00,day_ahead
2017-03-31 12:00:00,1402.8431114668826,wind,2017-03-30 23:00:00,day_ahead
2017-03-31 13:00:00,1432.513038858895,wind,2017-03-30 23:00:00,day_ahead
2017-03-31 14:00:00,1470.4525570762053,wind,2017-03-30 23:00:00,day_ahead
2017-03-31 15:00:00,1509.951312733867,wind,2017-03-30 23:00:00,day_ahead
2017-03-31 16:00:00,1555.4064568566957,wind,2017-03-30 23:00:00,day_ahead
2017-03-31 17:00:00,1612.2292550185016,wind,2017-03-30 23:00:00,day_ahead
2017-03-31 18:00:00,1676.9344150890659,wind,2017-03-30 23:00:00,day_ahead
2017-03-31 19:00:00,1737.0322269041953,wind,2017-03-30 23:00:00,day_ahead
2017-03-31 20:00:00,1780.1553968186045,wind,2017-03-30 23:00:00,day_ahead
2017-03-31 21:00:00,1803.102793561377,wind,2017-03-30 23:00:00,day_ahead
2017-03-31 22:00:00,1812.4398189898832,wind,2017-03-30 23:00:00,day_ahead
2017-03-31 23:00:00,1817.2391563985536,wind,2017-03-30 23:00:00,day_ahead
2017-04-01 00:00:00,1832.1235071625576,wind,2017-03-31 23:00:00,day_ahead
2017-04-01 01:00:00,1836.0392299917035,wind,2017-03-31 23:00:00,day_ahead
2017-04-01 02:00:00,1839.6660312398749,wind,2017-03-31 23:00:00,day_ahead
2017-04-01 03:00:00,1845.5845667293984,wind,2017-03-31 23:00:00,day_ahead
2017-04-01 04:00:00,1855.162776601609,wind,2017-03-31 23:00:00,day_ahead
2017-04-01 05:00:00,1862.0024809624656,wind,2017-03-31 23:00:00,day_ahead
2017-04-01 06:00:00,1851.3294114410446,wind,2017-03-31 23:00:00,day_ahead
2017-04-01 07:00:00,1809.306048403726,wind,2017-03-31 23:00:00,day_ahead
2017-04-01 08:00:00,1736.0481334256901,wind,2017-03-31 23:00:00,day_ahead
2017-04-01 09:00:00,1650.6244096131295,wind,2017-03-31 23:00:00,day_ahead
2017-04-01 10:00:00,1581.852397841627,wind,2017-03-31 23:00:00,day_ahead
2017-04-01 11:00:00,1550.9355169654996,wind,2017-03-31 23:00:00,day_ahead
2017-04-01 12:00:00,1559.6123425045496,wind,2017-03-31 23:00:00,day_ahead
2017-04-01 13:00:00,1593.055799834659,wind,2017-03-31 23:00:00,day_ahead
2017-04-01 14:00:00,1634.060675856575,wind,2017-03-31 23:00:00,day_ahead
2017-04-01 15:00:00,1675.716734985094,wind,2017-03-31 23:00:00,day_ahead
2017-04-01 16:00:00,1722.2146251230745,wind,2017-03-31 23:00:00,day_ahead
2017-04-01 17:00:00,1778.955603497246,wind,2017-03-31 23:00:00,day_ahead
2017-04-01 18:00:00,1842.670836257129,wind,2017-03-31 23:00:00,day_ahead
2017-04-01 19:00:00,1901.1215448382488,wind,2017-03-31 23:00:00,day_ahead
2017-04-01 20:00:00,1941.98825883634,wind,2017-03-31 23:00:00,day_ahead
2017-04-01 21:00:00,1961.864608334806,wind,2017-03-31 23:00:00,day_ahead
2017-04-01 22:00:00,1967.0538947081845,wind,2017-03-31 23:00:00,day_ahead
2017-04-01 23:00:00,1966.5720678145008,wind,2017-03-31 23:00:00,day_ahead
2017-04-02 00:00:00,1960.881803406786,wind,2017-04-01 23:00:00,day_ahead
2017-04-02 01:00:00,1959.0214398250246,wind,2017-04-01 23:00:00,day_ahead
2017-04-02 02:00:00,1955.8462930066216,wind,2017-04-01 23:00:00,day_ahead
2017-04-02 03:00:00,1954.040601668028,wind,2017-04-01 23:00:00,day_ahead
2017-04-02 04:00:00,1955.2413517946768,wind,2017-04-01 23:00:00,day_ahead
2017-04-02 05:00:00,1953.297912216994,wind,2017-04-01 23:00:00,day_ahead
2017-04-02 06:00:00,1933.527673061763,wind,2017-04-01 23:00:00,day_ahead
2017-04-02 07:00:00,1882.0476917528551,wind,2017-04-01 23:00:00,day_ahead
2017-04-02 08:00:00,1798.9224612373378,wind,2017-04-01 23:00:00,day_ahead
2017-04-02 09:00:00,1703.2758360575726,wind,2017-04-01 23:00:00,day_ahead
2017-04-02 10:00:00,1624.0850229108719,wind,2017-04-01 23:00:00,day_ahead
2017-04-02 11:00:00,1582.7239120106267,wind,2017-04-01 23:00:00,day_ahead
2017-04-02 12:00:00,1581.0279631456533,wind,2017-04-01 23:00:00,day_ahead
2017-04-02 13:00:00,1604.1915608157872,wind,2017-04-01 23:00:00,day_ahead
2017-04-02 14:00:00,1635.014798408608,wind,2017-04-01 23:00:00,day_ahead
2017-04-02 15:00:00,1666.618289669845,wind,2017-04-01 23:00:00,day_ahead
2017-04-02 16:00:00,1703.2307407504502,wind,2017-04-01 23:00:00,day_ahead
2017-04-02 17:00:00,1750.2605774967847,wind,2017-04-01 23:00:00,day_ahead
2017-04-02 18:00:00,1804.4298838792433,wind,2017-04-01 23:00:00,day_ahead
2017-04-02 19:00:00,1853.554842809159,wind,2017-04-01 23:00:00,day_ahead
2017-04-02 20:00:00,1885.503896895375,wind,2017-04-01 23:00:00,day_ahead
2017-04-02 21:00:00,1897.1539652072547,wind,2017-04-01 23:00:00,day_ahead
2017-04-02 22:00:00,1895.0358600928853,wind,2017-04-01 23:00:00,day_ahead
2017-04-02 23:00:00,1888.182260201631,wind,2017-04-01 23:00:00,day_ahead
2017-04-03 00:00:00,1826.6042047315768,wind,2017-04-02 23:00:00,day_ahead
2017-04-03 01:00:00,1819.4735229510852,wind,2017-04-02 23:00:00,day_ahead
2017-04-03 02:00:00,1811.6020125210466,wind,2017-04-02 23:00:00,day_ahead
2017-04-03 03:00:00,1805.6594867559552,wind,2017-04-02 23:00:00,day_ahead
2017-04-03 04:00:00,1803.3052463555223,wind,2017-04-02 23:00:00,day_ahead
2017-04-03 05:00:00,1798.4219885976165,wind,2017-04-02 23:00:00,day_ahead
2017-04-03 06:00:00,1776.334112174081,wind,2017-04-02 23:00:00,day_ahead
2017-04-03 07:00:00,1723.127112492146,wind,2017-04-02 23:00:00,day_ahead
2017-04-03 08:00:00,1638.817619253327,wind,2017-04-02 23:00:00,day_ahead
2017-04-03 09:00:00,1542.496717836233,wind,2017-04-02 23:00:00,day_ahead
2017-04-03 10:00:00,1463.1316957314336,wind,2017-04-02 23:00:00,day_ahead
2017-04-03 11:00:00,1422.0871423365252,wind,2017-04-02 23:00:00,day_ahead
2017-04-03 12:00:00,1421.1633844276944,wind,2017-04-02 23:00:00,day_ahead
2017-04-03 13:00:00,1445.4933339959425,wind,2017-04-02 23:00:00,day_ahead
2017-04-03 14:00:00,1477.8169977639604,wind,2017-04-02 23:00:00,day_ahead
2017-04-03 15:00:00,1511.223381387979,wind,2017-04-02 23:00:00,day_ahead
2017-04-03 16:00:00,1549.9341116504368,wind,2017-04-02 23:00:00,day_ahead
2017-04-03 17:00:00,1599.3406168045124,wind,2017-04-02 23:00:00,day_ahead
2017-04-03 18:00:00,1656.1063220746419,wind,2017-04-02 23:00:00,day_ahead
2017-04-03 19:00:00,1707.9518068913208,wind,2017-04-02 23:00:00,day_ahead
2017-04-03 20:00:00,1742.653993547735,wind,2017-04-02 23:00:00,day_ahead
2017-04-03 21:00:00,1757.0436725720701,wind,2017-04-02 23:00:00,day_ahead
2017-04-03 22:00:00,1757.6542672791597,wind,2017-04-02 23:00:00,day_ahead
2017-04-03 23:00:00,1753.5317185456822,wind,2017-04-02 23:00:00,day_ahead
2017-04-04 00:00:00,1709.718111788368,wind,2017-04-03 23:00:00,day_ahead
2017-04-04 01:00:00,1704.7840677473775,wind,2017-04-03 23:00:00,day_ahead
2017-04-04 02:00:00,1699.1645381287942,wind,2017-04-03 23:00:00,day_ahead
2017-04-04 03:00:00,1695.5244013740662,wind,2017-04-03 23:00:00,day_ahead
2017-04-04 04:00:00,1695.3981956249131,wind,2017-04-03 23:00:00,day_ahead
2017-04-04 05:00:00,1692.5139609740763,wind,2017-04-03 23:00:00,day_ahead
2017-04-04 06:00:00,1672.114240905772,wind,2017-04-03 23:00:00,day_ahead
2017-04-04 07:00:00,1620.3091206881147,wind,2017-04-03 23:00:00,day_ahead
2017-04-04 08:00:00,1537.1961812228058,wind,2017-04-03 23:00:00,day_ahead
2017-04-04 09:00:00,1441.927579582932,wind,2017-04-03 23:00:00,day_ahead
2017-04-04 10:00:00,1363.478710559903,wind,2017-04-03 23:00:00,day_ahead
2017-04-04 11:00:00,1323.1961118353602,wind,2017-04-03 23:00:00,day_ahead
2017-04-04 12:00:00,1322.8797095166458,wind,2017-04-03 23:00:00,day_ahead
2017-04-04 13:00:00,1347.689512663451,wind,2017-04-03 23:00:00,day_ahead
2017-04-04 14:00:00,1380.3906438992574,wind,2017-04-03 23:00:00,day_ahead
2017-04-04 15:00:00,1414.0676184035458,wind,2017-04-03 23:00:00,day_ahead
2017-04-04 16:00:00,1452.920229892307,wind,2017-04-03 23:00:00,day_ahead
2017-04-04 17:00:00,1502.3425776577078,wind,2017-04-03 23:00:00,day_ahead
2017-04-04 18:00:00,1559.047017246176,wind,2017-04-03 23:00:00,day_ahead
2017-04-04 19:00:00,1610.8169443774345,wind,2017-04-03 23:00:00,day_ahead
2017-04-04 20:00:00,1645.4437962244042,wind,2017-04-03 23:00:00,day_ahead
2017-04-04 21:00:00,1659.6974677847052,wind,2017-04-03 23:00:00,day_ahead
2017-04-04 22:00:00,1660.0237005138026,wind,2017-04-03 23:00:00,day_ahead
2017-04-04 23:00:00,1655.4471890657621,wind,2017-04-03 23:00:00,day_ahead
2017-04-05 00:00:00,1617.9531759934216,wind,2017-04-04 23:00:00,day_ahead
2017-04-05 01:00:00,1613.012298327419,wind,2017-04-04 23:00:00,day_ahead
2017-04-05 02:00:00,1607.3692643006636,wind,2017-04-04 23:00:00,day_ahead
2017-04-05 03:00:00,1603.6981009277588,wind,2017-04-04 23:00:00,day_ahead
2017-04-05 04:00:00,1603.6090475796643,wind,2017-04-04 23:00:00,day_ahead
2017-04-05 05:00:00,1600.8974991992081,wind,2017-04-04 23:00:00,day_ahead
2017-04-05 06:00:00,1580.8093738559696,wind,2017-04-04 23:00:00,day_ahead
2017-04-05 07:00:00,1529.4057746266553,wind,2017-04-04 23:00:00,day_ahead
2017-04-05 08:00:00,1446.7422069155211,wind,2017-04-04 23:00:00,day_ahead
2017-04-05 09:00:00,1351.9800613068276,wind,2017-04-04 23:00:00,day_ahead
2017-04-05 10:00:00,1274.1435416763586,wind,2017-04-04 23:00:00,day_ahead
2017-04-05 11:00:00,1234.618154201999,wind,2017-04-04 23:00:00,day_ahead
2017-04-05 12:00:00,1235.2002767768463,wind,2017-04-04 23:00:00,day_ahead
2017-04-05 13:00:00,1261.0194899009816,wind,2017-04-04 23:00:00,day_ahead
2017-04-05 14:00:00,1294.8241472736631,wind,2017-04-04 23:00:00,day_ahead
2017-04-05 15:00:00,1329.7100072743951,wind,2017-04-04 23:00:00,day_ahead
2017-04-05 16:00:00,1369.8828035531023,wind,2017-04-04 23:00:00,day_ahead
2017-04-05 17:00:00,1420.6907459649728,wind,2017-04-04 23:00:00,day_ahead
2017-04-05 18:00:00,1478.745126423611,wind,2017-04-04 23:00:00,day_ahead
2017-04-05 19:00:00,1531.7303674504344,wind,2017-04-04 23:00:00,day_ahead
2017-04-05 20:00:00,1567.4127794466165,wind,2017-04-04 23:00:00,day_ahead
2017-04-05 21:00:00,1582.6278091351946,wind,2017-04-04 23:00:00,day_ahead
2017-04-05 22:00:00,1583.9147701613947,wind,2017-04-04 23:00:00,day_ahead
2017-04-05 23:00:00,1580.3267730758025,wind,2017-04-04 23:00:00,day_ahead
2017-04-06 00:00:00,1600.1253166759293,wind,2017-04-05 23:00:00,day_ahead
2017-04-06 01:00:00,1594.5692196053342,wind,2017-04-05 23:00:00,day_ahead
2017-04-06 02:00:00,1588.6428067484349,wind,2017-04-05 23:00:00,day_ahead
2017-04-06 03:00:00,1584.9082246522341,wind,2017-04-05 23:00:00,day_ahead
2017-04-06 04:00:00,1584.6292578102161,wind,2017-04-05 23:00:00,day_ahead
2017-04-06 05:00:00,1581.3223807625818,wind,2017-04-05 23:00:00,day_ahead
2017-04-06 06:00:00,1560.2160628274462,wind,2017-04-05 23:00:00,day_ahead
2017-04-06 07:00:00,1507.5535547525205,wind,2017-04-05 23:00:00,day_ahead
2017-04-06 08:00:00,1423.550396716921,wind,2017-04-05 23:00:00,day_ahead
2017-04-06 09:00:00,1327.3519993900375,wind,2017-04-05 23:00:00,day_ahead
2017-04-06 10:00:00,1247.8382299301759,wind,2017-04-05 23:00:00,day_ahead
2017-04-06 11:00:00,1206.2946861182227,wind,2017-04-05 23:00:00,day_ahead
2017-04-06 12:00:00,1204.5711065970165,wind,2017-04-05 23:00:00,day_ahead
2017-04-06 13:00:00,1227.9472592781153,wind,2017-04-05 23:00:00,day_ahead
2017-04-06 14:00:00,1259.2789611234507,wind,2017-04-05 23:00:00,day_ahead
2017-04-06 15:00:00,1291.6687663084124,wind,2017-04-05 23:00:00,day_ahead
2017-04-06 16:00:00,1329.3147602100332,wind,2017-04-05 23:00:00,day_ahead
2017-04-06 17:00:00,1377.6632792137013,wind,2017-04-05 23:00:00,day_ahead
2017-04-06 18:00:00,1433.5210994449355,wind,2017-04-05 23:00:00,day_ahead
2017-04-06 19:00:00,1484.6993342607846,wind,2017-04-05 23:00:00,day_ahead
2017-04-06 20:00:00,1518.8551698649812,wind,2017-04-05 23:00:00,day_ahead
2017-04-06 21:00:00,1532.5064193805324,wind,2017-04-05 23:00:00,day_ahead
2017-04-06 22:00:00,1531.9148813970887,wind,2017-04-05 23:00:00,day_ahead
2017-04-06 23:00:00,1526.1712785586408,wind,2017-04-05 23:00:00,day_ahead
2017-04-07 00:00:00,1553.652410213958,wind,2017-04-06 23:00:00,day_ahead
2017-04-07 01:00:00,1547.8034513900407,wind,2017-04-06 23:00:00,day_ahead
2017-04-07 02:00:00,1541.7464248099445,wind,2017-04-06 23:00:00,day_ahead
2017-04-07 03:00:00,1538.1561335118943,wind,2017-04-06 23:00:00,day_ahead
2017-04-07 04:00:00,1538.467488972776,wind,2017-04-06 23:00:00,day_ahead
2017-04-07 05:00:00,1536.3211263839694,wind,2017-04-06 23:00:00,day_ahead
2017-04-07 06:00:00,1516.9716053903785,wind,2017-04-06 23:00:00,day_ahead
2017-04-07 07:00:00,1466.6220030297825,wind,2017-04-06 23:00:00,day_ahead
2017-04-07 08:00:00,1385.449219073531,wind,2017-04-06 23:00:00,day_ahead
2017-04-07 09:00:00,1292.5963375626825,wind,2017-04-06 23:00:00,day_ahead
2017-04-07 10:00:00,1216.9562766162064,wind,2017-04-06 23:00:00,day_ahead
2017-04-07 11:00:00,1179.805636083068,wind,2017-04-06 23:00:00,day_ahead
2017-04-07 12:00:00,1182.9615882070223,wind,2017-04-06 23:00:00,day_ahead
2017-04-07 13:00:00,1211.6884512060012,wind,2017-04-06 23:00:00,day_ahead
2017-04-07 14:00:00,1248.8796128720358,wind,2017-04-06 23:00:00,day_ahead
2017-04-07 15:00:00,1287.7109607949897,wind,2017-04-06 23:00:00,day_ahead
2017-04-07 16:00:00,1332.4251564102374,wind,2017-04-06 23:00:00,day_ahead
2017-04-07 17:00:00,1388.4320778560625,wind,2017-04-06 23:00:00,day_ahead
2017-04-07 18:00:00,1452.434894498546,wind,2017-04-06 23:00:00,day_ahead
2017-04-07 19:00:00,1512.1442263776241,wind,2017-04-06 23:00:00,day_ahead
2017-04-07 20:00:00,1555.177348562424,wind,2017-04-06 23:00:00,day_ahead
2017-04-07 21:00:00,1578.0553164392381,wind,2017-04-06 23:00:00,day_ahead
2017-04-07 22:00:00,1587.0032786382574,wind,2017-04-06 23:00:00,day_ahead
2017-04-07 23:00:00,1590.9642326994526,wind,2017-04-06 23:00:00,day_ahead
2017-04-08 00:00:00,1576.8460050946242,wind,2017-04-07 23:00:00,day_ahead
2017-04-08 01:00:00,1581.02344654765,wind,2017-04-07 23:00:00,day_ahead
2017-04-08 02:00:00,1584.351114930876,wind,2017-04-07 23:00:00,day_ahead
2017-04-08 03:00:00,1589.514194940475,wind,2017-04-07 23:00:00,day_ahead
2017-04-08 04:00:00,1598.16687312297,wind,2017-04-07 23:00:00,day_ahead
2017-04-08 05:00:00,1604.089015199111,wind,2017-04-07 23:00:00,day_ahead
2017-04-08 06:00:00,1592.429753919152,wind,2017-04-07 23:00:00,day_ahead
2017-04-08 07:00:00,1549.1394321913556,wind,2017-04-07 23:00:00,day_ahead
2017-04-08 08:00:00,1474.2320637872058,wind,2017-04-07 23:00:00,day_ahead
2017-04-08 09:00:00,1386.9071355947724,wind,2017-04-07 23:00:00,day_ahead
2017-04-08 10:00:00,1316.2317405193871,wind,2017-04-07 23:00:00,day_ahead
2017-04-08 11:00:00,1283.5580563043036,wind,2017-04-07 23:00:00,day_ahead
2017-04-08 12:00:00,1290.5759175279347,wind,2017-04-07 23:00:00,day_ahead
2017-04-08 13:00:00,1322.329506201259,wind,2017-04-07 23:00:00,day_ahead
2017-04-08 14:00:00,1361.6004110903277,wind,2017-04-07 23:00:00,day_ahead
2017-04-08 15:00:00,1401.6373122029213,wind,2017-04-07 23:00:00,day_ahead
2017-04-08 16:00:00,1446.8113990105303,wind,2017-04-07 23:00:00,day_ahead
2017-04-08 17:00:00,1502.5248960212343,wind,2017-04-07 23:00:00,day_ahead
2017-04-08 18:00:00,1565.3000372706558,wind,2017-04-07 23:00:00,day_ahead
2017-04-08 19:00:00,1622.6732203533315,wind,2017-04-07 23:00:00,day_ahead
2017-04-08 20:00:00,1662.3204464652558,wind,2017-04-07 23:00:00,day_ahead
2017-04-08 21:00:00,1681.085893614948,wind,2017-04-07 23:00:00,day_ahead
2017-04-08 22:00:00,1685.5534903920216,wind,2017-04-07 23:00:00,day_ahead
2017-04-08 23:00:00,1684.7631071463777,wind,2017-04-07 23:00:00,day_ahead
2017-04-09 00:00:00,1622.931237294831,wind,2017-04-08 23:00:00,day_ahead
2017-04-09 01:00:00,1620.3620869609103,wind,2017-04-08 23:00:00,day_ahead
2017-04-09 02:00:00,1616.321856002222,wind,2017-04-08 23:00:00,day_ahead
2017-04-09 03:00:00,1613.5778910411645,wind,2017-04-08 23:00:00,day_ahead
2017-04-09 04:00:00,1613.8201940671597,wind,2017-04-08 23:00:00,day_ahead
2017-04-09 05:00:00,1610.839016820246,wind,2017-04-08 23:00:00,day_ahead
2017-04-09 06:00:00,1589.8216081943033,wind,2017-04-08 23:00:00,day_ahead
2017-04-09 07:00:00,1536.8166252289604,wind,2017-04-08 23:00:00,day_ahead
2017-04-09 08:00:00,1451.9735728268365,wind,2017-04-08 23:00:00,day_ahead
2017-04-09 09:00:00,1354.6047955288573,wind,2017-04-08 23:00:00,day_ahead
2017-04-09 10:00:00,1273.8263538872006,wind,2017-04-08 23:00:00,day_ahead
2017-04-09 11:00:00,1230.9916010556055,wind,2017-04-08 23:00:00,day_ahead
2017-04-09 12:00:00,1227.801912646913,wind,2017-04-08 23:00:00,day_ahead
2017-04-09 13:00:00,1249.3690841343964,wind,2017-04-08 23:00:00,day_ahead
2017-04-09 14:00:00,1278.590497392714,wind,2017-04-08 23:00:00,day_ahead
2017-04-09 15:00:00,1308.8282249661331,wind,2017-04-08 23:00:00,day_ahead
2017-04-09 16:00:00,1344.5215647748832,wind,2017-04-08 23:00:00,day_ahead
2017-04-09 17:00:00,1391.0998202185515,wind,2017-04-08 23:00:00,day_ahead
2017-04-09 18:00:00,1445.1133079847118,wind,2017-04-08 23:00:00,day_ahead
2017-04-09 19:00:00,1494.16082024547,wind,2017-04-08 23:00:00,day_ahead
2017-04-09 20:00:00,1526.004262928895,wind,2017-04-08 23:00:00,day_ahead
2017-04-09 21:00:00,1537.553769555467,wind,2017-04-08 23:00:00,day_ahead
2017-04-09 22:00:00,1535.4088570100184,wind,2017-04-08 23:00:00,day_ahead
2017-04-09 23:00:00,1528.5896660426906,wind,2017-04-08 23:00:00,day_ahead
2017-04-10 00:00:00,1531.5709909744621,wind,2017-04-09 23:00:00,day_ahead
2017-04-10 01:00:00,1523.3791936603543,wind,2017-04-09 23:00:00,day_ahead
2017-04-10 02:00:00,1514.6947584356594,wind,2017-04-09 23:00:00,day_ahead
2017-04-10 03:00:00,1508.2251857811734,wind,2017-04-09 23:00:00,day_ahead
2017-04-10 04:00:00,1505.4398582134409,wind,2017-04-09 23:00:00,day_ahead
2017-04-10 05:00:00,1499.948079264891,wind,2017-04-09 23:00:00,day_ahead
2017-04-10 06:00:00,1476.9091660492581,wind,2017-04-09 23:00:00,day_ahead
2017-04-10 07:00:00,1422.4446437792408,wind,2017-04-09 23:00:00,day_ahead
2017-04-10 08:00:00,1336.7449446914097,wind,2017-04-09 23:00:00,day_ahead
2017-04-10 09:00:00,1239.0629975402644,wind,2017-04-09 23:00:00,day_ahead
2017-04-10 10:00:00,1158.4058342537394,wind,2017-04-09 23:00:00,day_ahead
2017-04-10 11:00:00,1116.0590914434017,wind,2017-04-09 23:00:00,day_ahead
2017-04-10 12:00:00,1113.7152267384724,wind,2017-04-09 23:00:00,day_ahead
2017-04-10 13:00:00,1136.4617769827137,wind,2017-04-09 23:00:00,day_ahead
2017-04-10 14:00:00,1167.0887574671815,wind,2017-04-09 23:00:00,day_ahead
2017-04-10 15:00:00,1198.8092310856314,wind,2017-04-09 23:00:00,day_ahead
2017-04-10 16:00:00,1236.0059590079347,wind,2017-04-09 23:00:00,day_ahead
2017-04-10 17:00:00,1284.2348428499004,wind,2017-04-09 23:00:00,day_ahead
2017-04-10 18:00:00,1340.2821250972474,wind,2017-04-09 23:00:00,day_ahead
2017-04-10 19:00:00,1391.8839723169745,wind,2017-04-09 23:00:00,day_ahead
2017-04-10 20:00:00,1426.6743942405778,wind,2017-04-09 23:00:00,day_ahead
2017-04-10 21:00:00,1441.2084292958089,wind,2017-04-09 23:00:00,day_ahead
2017-04-10 22:00:00,1441.7373871825644,wind,2017-04-09 23:00:00,day_ahead
2017-04-10 23:00:00,1437.1826675155557,wind,2017-04-09 23:00:00,day_ahead
2017-04-11 00:00:00,1426.5018759968054,wind,2017-04-10 23:00:00,day_ahead
2017-04-11 01:00:00,1421.3687823487146,wind,2017-04-10 23:00:00,day_ahead
2017-04-11 02:00:00,1415.406390620095,wind,2017-04-10 23:00:00,day_ahead
2017-04-11 03:00:00,1411.3251176756612,wind,2017-04-10 23:00:00,day_ahead
2017-04-11 04:00:00,1410.7346369297918,wind,2017-04-10 23:00:00,day_ahead
2017-04-11 05:00:00,1407.3809724455298,wind,2017-04-10 23:00:00,day_ahead
2017-04-11 06:00:00,1386.4441915022824,wind,2017-04-10 23:00:00,day_ahead
2017-04-11 07:00:00,1333.9551137385383,wind,2017-04-10 23:00:00,day_ahead
2017-04-11 08:00:00,1249.9981746300798,wind,2017-04-10 23:00:00,day_ahead
2017-04-11 09:00:00,1153.7903936851071,wind,2017-04-10 23:00:00,day_ahead
2017-04-11 10:00:00,1074.373329364547,wind,2017-04-10 23:00:00,day_ahead
2017-04-11 11:00:00,1033.0742463403408,wind,2017-04-10 23:00:00,day_ahead
2017-04-11 12:00:00,1031.590363225681,wind,2017-04-10 23:00:00,day_ahead
2017-04-11 13:00:00,1055.0032031751837,wind,2017-04-10 23:00:00,day_ahead
2017-04-11 14:00:00,1086.1465262101221,wind,2017-04-10 23:00:00,day_ahead
2017-04-11 15:00:00,1118.3416275050813,wind,2017-04-10 23:00:00,day_ahead
2017-04-11 16:00:00,1156.079853657463,wind,2017-04-10 23:00:00,day_ahead
2017-04-11 17:00:00,1204.9403374723497,wind,2017-04-10 23:00:00,day_ahead
2017-04-11 18:00:00,1261.6329855495806,wind,2017-04-10 23:00:00,day_ahead
2017-04-11 19:00:00,1313.8050274297598,wind,2017-04-10 23:00:00,day_ahead
2017-04-11 20:00:00,1349.1026762275874,wind,2017-04-10 23:00:00,day_ahead
2017-04-11 21:00:00,1364.221634570435,wind,2017-04-10 23:00:00,day_ahead
2017-04-11 22:00:00,1365.5829337616042,wind,2017-04-10 23:00:00,day_ahead
2017-04-11 23:00:00,1362.1607314357507,wind,2017-04-10 23:00:00,day_ahead
2017-04-12 00:00:00,1318.2411933603262,wind,2017-04-11 23:00:00,day_ahead
2017-04-12 01:00:00,1314.1370496951488,wind,2017-04-11 23:00:00,day_ahead
2017-04-12 02:00:00,1309.3381044356322,wind,2017-04-11 23:00:00,day_ahead
2017-04-12 03:00:00,1306.5283150605674,wind,2017-04-11 23:00:00,day_ahead
2017-04-12 04:00:00,1307.2693050122161,wind,2017-04-11 23:00:00,day_ahead
2017-04-12 05:00:00,1305.2733187895415,wind,2017-04-11 23:00:00,day_ahead
2017-04-12 06:00:00,1285.7268624767314,wind,2017-04-11 23:00:00,day_ahead
2017-04-12 07:00:00,1234.7010540898848,wind,2017-04-11 23:00:00,day_ahead
2017-04-12 08:00:00,1152.3193504081123,wind,2017-04-11 23:00:00,day_ahead
2017-04-12 09:00:00,1057.800627912281,wind,2017-04-11 23:00:00,day_ahead
2017-04-12 10:00:00,980.1434369353917,wind,2017-04-11 23:00:00,day_ahead
2017-04-12 11:00:00,940.6126683234249,wind,2017-04-11 23:00:00,day_ahead
2017-04-12 12:00:00,940.8599580537818,wind,2017-04-11 23:00:00,day_ahead
2017-04-12 13:00:00,965.9552358437377,wind,2017-04-11 23:00:00,day_ahead
2017-04-12 14:00:00,998.7416745080988,wind,2017-04-11 23:00:00,day_ahead
2017-04-12 15:00:00,1032.5425652804222,wind,2017-04-11 23:00:00,day_ahead
2017-04-12 16:00:00,1071.8250363868594,wind,2017-04-11 23:00:00,day_ahead
2017-04-12 17:00:00,1122.1213737021253,wind,2017-04-11 23:00:00,day_ahead
2017-04-12 18:00:00,1180.089973482028,wind,2017-04-11 23:00:00,day_ahead
2017-04-12 19:00:00,1233.337006597838,wind,2017-04-11 23:00:00,day_ahead
2017-04-12 20:00:00,1269.481642994999,wind,2017-04-11 23:00:00,day_ahead
2017-04-12 21:00:00,1285.204124980861,wind,2017-04-11 23:00:00,day_ahead
2017-04-12 22:00:00,1286.922560859768,wind,2017-04-11 23:00:00,day_ahead
2017-04-12 23:00:00,1283.6249039895763,wind,2017-04-11 23:00:00,day_ahead
2017-04-13 00:00:00,1241.6330692707209,wind,2017-04-12 23:00:00,day_ahead
2017-04-13 01:00:00,1237.2886596406927,wind,2017-04-12 23:00:00,day_ahead
2017-04-13 02:00:00,1231.992326288235,wind,2017-04-12 23:00:00,day_ahead
2017-04-13 03:00:00,1228.4210090470856,wind,2017-04-12 23:00:00,day_ahead
2017-04-13 04:00:00,1228.1366839234984,wind,2017-04-12 23:00:00,day_ahead
2017-04-13 05:00:00,1224.8591304943118,wind,2017-04-12 23:00:00,day_ahead
2017-04-13 06:00:00,1203.7933196597423,wind,2017-04-12 23:00:00,day_ahead
2017-04-13 07:00:00,1151.0397868745529,wind,2017-04-12 23:00:00,day_ahead
2017-04-13 08:00:00,1066.7528785920074,wind,2017-04-12 23:00:00,day_ahead
2017-04-13 09:00:00,970.1696880509669,wind,2017-04-12 23:00:00,day_ahead
2017-04-13 10:00:00,890.2882547211243,wind,2017-04-12 23:00:00,day_ahead
2017-04-13 11:00:00,848.3644241801862,wind,2017-04-12 23:00:00,day_ahead
2017-04-13 12:00:00,846.0524764902434,wind,2017-04-12 23:00:00,day_ahead
2017-04-13 13:00:00,868.4501538781346,wind,2017-04-12 23:00:00,day_ahead
2017-04-13 14:00:00,898.4480574731815,wind,2017-04-12 23:00:00,day_ahead
2017-04-13 15:00:00,929.41632804754,wind,2017-04-12 23:00:00,day_ahead
2017-04-13 16:00:00,965.8516520715077,wind,2017-04-12 23:00:00,day_ahead
2017-04-13 17:00:00,1013.3010356973177,wind,2017-04-12 23:00:00,day_ahead
2017-04-13 18:00:00,1068.4430462395983,wind,2017-04-12 23:00:00,day_ahead
2017-04-13 19:00:00,1118.930053488452,wind,2017-04-12 23:00:00,day_ahead
2017-04-13 20:00:00,1152.4561731981248,wind,2017-04-12 23:00:00,day_ahead
2017-04-13 21:00:00,1165.7874420770108,wind,2017-04-12 23:00:00,day_ahead
2017-04-13 22:00:00,1165.4144877462288,wind,2017-04-12 23:00:00,day_ahead
2017-04-13 23:00:00,1160.3722512790491,wind,2017-04-12 23:00:00,day_ahead
2017-04-14 00:00:00,1127.219164927079,wind,2017-04-13 23:00:00,day_ahead
2017-04-14 01:00:00,1121.5349777489191,wind,2017-04-13 23:00:00,day_ahead
2017-04-14 02:00:00,1115.4834051507385,wind,2017-04-13 23:00:00,day_ahead
2017-04-14 03:00:00,1111.7627958419778,wind,2017-04-13 23:00:00,day_ahead
2017-04-14 04:00:00,1111.878412127994,wind,2017-04-13 23:00:00,day_ahead
2017-04-14 05:00:00,1109.4928633415545,wind,2017-04-13 23:00:00,day_ahead
2017-04-14 06:00:00,1089.8175958898419,wind,2017-04-13 23:00:00,day_ahead
2017-04-14 07:00:00,1039.0196529702594,wind,2017-04-13 23:00:00,day_ahead
2017-04-14 08:00:00,957.3198813894402,wind,2017-04-13 23:00:00,day_ahead
2017-04-14 09:00:00,863.967514243008,wind,2017-04-13 23:00:00,day_ahead
2017-04-14 10:00:00,787.9203503966835,wind,2017-04-13 23:00:00,day_ahead
2017-04-14 11:00:00,750.3912211151735,wind,2017-04-13 23:00:00,day_ahead
2017-04-14 12:00:00,753.0304099739908,wind,2017-04-13 23:00:00,day_ahead
2017-04-14 13:00:00,780.960721697965,wind,2017-04-13 23:00:00,day_ahead
2017-04-14 14:00:00,817.0769399450605,wind,2017-04-13 23:00:00,day_ahead
2017-04-14 15:00:00,854.6962031365334,wind,2017-04-13 23:00:00,day_ahead
2017-04-14 16:00:00,898.2213280196925,wind,2017-04-13 23:00:00,day_ahead
2017-04-14 17:00:00,953.1172378110628,wind,2017-04-13 23:00:00,day_ahead
2017-04-14 18:00:00,1016.0265558749816,wind,2017-04-13 23:00:00,day_ahead
2017-04-14 19:00:00,1074.5920296878471,wind,2017-04-13 23:00:00,day_ahead
2017-04-14 20:00:00,1116.4718770282566,wind,2017-04-13 23:00:00,day_ahead
2017-04-14 21:00:00,1138.3426770149858,wind,2017-04-13 23:00:00,day_ahead
2017-04-14 22:00:00,1146.5849322996578,wind,2017-04-13 23:00:00,day_ahead
2017-04-14 23:00:00,1150.1688698571027,wind,2017-04-13 23:00:00,day_ahead
2017-04-15 00:00:00,1143.6161613878994,wind,2017-04-14 23:00:00,day_ahead
2017-04-15 01:00:00,1146.850874190775,wind,2017-04-14 23:00:00,day_ahead
2017-04-15 02:00:00,1149.7064667738046,wind,2017-04-14 23:00:00,day_ahead
2017-04-15 03:00:00,1154.7771083490622,wind,2017-04-14 23:00:00,day_ahead
2017-04-15 04:00:00,1163.4601110772976,wind,2017-04-14 23:00:00,day_ahead
2017-04-15 05:00:00,1169.320927915228,wind,2017-04-14 23:00:00,day_ahead
2017-04-15 06:00:00,1157.501561936412,wind,2017-04-14 23:00:00,day_ahead
2017-04-15 07:00:00,1114.135897896706,wind,2017-04-14 23:00:00,day_ahead
2017-04-15 08:00:00,1039.4359950745393,wind,2017-04-14 23:00:00,day_ahead
2017-04-15 09:00:00,952.6359560257066,wind,2017-04-14 23:00:00,day_ahead
2017-04-15 10:00:00,882.6428456026789,wind,2017-04-14 23:00:00,day_ahead
2017-04-15 11:00:00,850.5798554249318,wind,2017-04-14 23:00:00,day_ahead
2017-04-15 12:00:00,857.9977450219454,wind,2017-04-14 23:00:00,day_ahead
2017-04-15 13:00:00,889.9504502640207,wind,2017-04-14 23:00:00,day_ahead
2017-04-15 14:00:00,929.3138887925286,wind,2017-04-14 23:00:00,day_ahead
2017-04-15 15:00:00,969.4177246560492,wind,2017-04-14 23:00:00,day_ahead
2017-04-15 16:00:00,1014.6669160241235,wind,2017-04-14 23:00:00,day_ahead
2017-04-15 17:00:00,1070.488012305091,wind,2017-04-14 23:00:00,day_ahead
2017-04-15 18:00:00,1133.4518497681377,wind,2017-04-14 23:00:00,day_ahead
2017-04-15 19:00:00,1191.1354108669002,wind,2017-04-14 23:00:00,day_ahead
2017-04-15 20:00:00,1231.1786193607866,wind,2017-04-14 23:00:00,day_ahead
2017-04-15 21:00:00,1250.3008536426785,wind,2017-04-14 23:00:00,day_ahead
2017-04-15 22:00:00,1254.9661526029658,wind,2017-04-14 23:00:00,day_ahead
2017-04-15 23:00:00,1254.2333779203543,wind,2017-04-14 23:00:00,day_ahead
2017-04-16 00:00:00,1216.0779373753437,wind,2017-04-15 23:00:00,day_ahead
2017-04-16 01:00:00,1213.8937740796293,wind,2017-04-15 23:00:00,day_ahead
2017-04-16 02:00:00,1210.5639988027585,wind,2017-04-15 23:00:00,day_ahead
2017-04-16 03:00:00,1208.7536211331744,wind,2017-04-15 23:00:00,day_ahead
2017-04-16 04:00:00,1209.9705487560057,wind,2017-04-15 23:00:00,day_ahead
2017-04-16 05:00:00,1207.8802727283812,wind,2017-04-15 23:00:00,day_ahead
2017-04-16 06:00:00,1187.679380110912,wind,2017-04-15 23:00:00,day_ahead
2017-04-16 07:00:00,1135.5203808027175,wind,2017-04-15 23:00:00,day_ahead
2017-04-16 08:00:00,1051.6423581953447,wind,2017-04-15 23:00:00,day_ahead
2017-04-16 09:00:00,955.3541638448326,wind,2017-04-15 23:00:00,day_ahead
2017-04-16 10:00:00,875.6847819254663,wind,2017-04-15 23:00:00,day_ahead
2017-04-16 11:00:00,833.8865507696903,wind,2017-04-15 23:00:00,day_ahead
2017-04-16 12:00:00,831.6010605739234,wind,2017-04-15 23:00:00,day_ahead
2017-04-16 13:00:00,853.9195747391901,wind,2017-04-15 23:00:00,day_ahead
2017-04-16 14:00:00,883.7246152572708,wind,2017-04-15 23:00:00,day_ahead
2017-04-16 15:00:00,914.3590796672424,wind,2017-04-15 23:00:00,day_ahead
2017-04-16 16:00:00,950.2700033714533,wind,2017-04-15 23:00:00,day_ahead
2017-04-16 17:00:00,996.9521250453793,wind,2017-04-15 23:00:00,day_ahead
2017-04-16 18:00:00,1051.0561923813584,wind,2017-04-15 23:00:00,day_ahead
2017-04-16 19:00:00,1100.241732394471,wind,2017-04-15 23:00:00,day_ahead
2017-04-16 20:00:00,1132.2315609260222,wind,2017-04-15 23:00:00,day_ahead
2017-04-16 21:00:00,1143.820532020834,wind,2017-04-15 23:00:00,day_ahead
2017-04-16 22:00:00,1141.5206585103208,wind,2017-04-15 23:00:00,day_ahead
2017-04-16 23:00:00,1134.3913332000864,wind,2017-04-15 23:00:00,day_ahead
2017-04-17 00:00:00,1132.940594928664,wind,2017-04-16 23:00:00,day_ahead
2017-04-17 01:00:00,1125.5626835855594,wind,2017-04-16 23:00:00,day_ahead
2017-04-17 02:00:00,1117.3733136053913,wind,2017-04-16 23:00:00,day_ahead
2017-04-17 03:00:00,1111.0968137338007,wind,2017-04-16 23:00:00,day_ahead
2017-04-17 04:00:00,1108.403753213691,wind,2017-04-16 23:00:00,day_ahead
2017-04-17 05:00:00,1103.0628021885825,wind,2017-04-16 23:00:00,day_ahead
2017-04-17 06:00:00,1080.215348744976,wind,2017-04-16 23:00:00,day_ahead
2017-04-17 07:00:00,1025.8522708651622,wind,2017-04-16 23:00:00,day_ahead
2017-04-17 08:00:00,940.0901303400718,wind,2017-04-16 23:00:00,day_ahead
2017-04-17 09:00:00,842.2531112853092,wind,2017-04-16 23:00:00,day_ahead
2017-04-17 10:00:00,761.488800993409,wind,2017-04-16 23:00:00,day_ahead
2017-04-17 11:00:00,719.1489837948778,wind,2017-04-16 23:00:00,day_ahead
2017-04-17 12:00:00,716.8691369606363,wind,2017-04-16 23:00:00,day_ahead
2017-04-17 13:00:00,739.6541979264816,wind,2017-04-16 23:00:00,day_ahead
2017-04-17 14:00:00,770.3139238583057,wind,2017-04-16 23:00:00,day_ahead
2017-04-17 15:00:00,802.1849988888334,wind,2017-04-16 23:00:00,day_ahead
2017-04-17 16:00:00,839.7303109141399,wind,2017-04-16 23:00:00,day_ahead
2017-04-17 17:00:00,888.396156933268,wind,2017-04-16 23:00:00,day_ahead
2017-04-17 18:00:00,944.6994639306743,wind,2017-04-16 23:00:00,day_ahead
2017-04-17 19:00:00,996.1655352298194,wind,2017-04-16 23:00:00,day_ahead
2017-04-17 20:00:00,1030.4967540486084,wind,2017-04-16 23:00:00,day_ahead
2017-04-17 21:00:00,1044.6027790572225,wind,2017-04-16 23:00:00,day_ahead
2017-04-17 22:00:00,1045.1335032203606,wind,2017-04-16 23:00:00,day_ahead
2017-04-17 23:00:00,1041.1551179885996,wind,2017-04-16 23:00:00,day_ahead
2017-04-18 00:00:00,1002.1652411561688,wind,2017-04-17 23:00:00,day_ahead
2017-04-18 01:00:00,997.3928754035081,wind,2017-04-17 23:00:00,day_ahead
2017-04-18 02:00:00,991.8924938940312,wind,2017-04-17 23:00:00,day_ahead
2017-04-18 03:00:00,988.356157279384,wind,2017-04-17 23:00:00,day_ahead
2017-04-18 04:00:00,988.3543314665595,wind,2017-04-17 23:00:00,day_ahead
2017-04-18 05:00:00,985.5633899497466,wind,2017-04-17 23:00:00,day_ahead
2017-04-18 06:00:00,965.0998491832798,wind,2017-04-17 23:00:00,day_ahead
2017-04-18 07:00:00,912.9870313075836,wind,2017-04-17 23:00:00,day_ahead
2017-04-18 08:00:00,829.3694830042677,wind,2017-04-17 23:00:00,day_ahead
2017-04-18 09:00:00,733.5503956622363,wind,2017-04-17 23:00:00,day_ahead
2017-04-18 10:00:00,654.6281570864977,wind,2017-04-17 23:00:00,day_ahead
2017-04-18 11:00:00,613.9407754438314,wind,2017-04-17 23:00:00,day_ahead
2017-04-18 12:00:00,613.1819096854244,wind,2017-04-17 23:00:00,day_ahead
2017-04-18 13:00:00,637.4509409451268,wind,2017-04-17 23:00:00,day_ahead
2017-04-18 14:00:00,669.6084718404726,wind,2017-04-17 23:00:00,day_ahead
2017-04-18 15:00:00,702.9503192620781,wind,2017-04-17 23:00:00,day_ahead
2017-04-18 16:00:00,741.8393598851835,wind,2017-04-17 23:00:00,day_ahead
2017-04-18 17:00:00,791.6482134509254,wind,2017-04-17 23:00:00,day_ahead
2017-04-18 18:00:00,848.9060317796211,wind,2017-04-17 23:00:00,day_ahead
2017-04-18 19:00:00,901.2165148643378,wind,2017-04-17 23:00:00,day_ahead
2017-04-18 20:00:00,936.3514036452096,wind,2017-04-17 23:00:00,day_ahead
2017-04-18 21:00:00,951.226711696311,wind,2017-04-17 23:00:00,day_ahead
2017-04-18 22:00:00,952.4562747803232,wind,2017-04-17 23:00:00,day_ahead
2017-04-18 23:00:00,949.1001945917798,wind,2017-04-17 23:00:00,day_ahead
2017-04-19 00:00:00,969.5824852323836,wind,2017-04-18 23:00:00,day_ahead
2017-04-19 01:00:00,964.9277747371628,wind,2017-04-18 23:00:00,day_ahead
2017-04-19 02:00:00,960.1157753716254,wind,2017-04-18 23:00:00,day_ahead
2017-04-19 03:00:00,957.7496020093322,wind,2017-04-18 23:00:00,day_ahead
2017-04-19 04:00:00,959.0409167084092,wind,2017-04-18 23:00:00,day_ahead
2017-04-19 05:00:00,957.4075262317527,wind,2017-04-18 23:00:00,day_ahead
2017-04-19 06:00:00,938.0221764768098,wind,2017-04-18 23:00:00,day_ahead
2017-04-19 07:00:00,887.1543499357163,wind,2017-04-18 23:00:00,day_ahead
2017-04-19 08:00:00,805.0785947501521,wind,2017-04-18 23:00:00,day_ahead
2017-04-19 09:00:00,710.9501998376463,wind,2017-04-18 23:00:00,day_ahead
2017-04-19 10:00:00,633.585239994718,wind,2017-04-18 23:00:00,day_ahead
2017-04-19 11:00:00,594.1950344281839,wind,2017-04-18 23:00:00,day_ahead
2017-04-19 12:00:00,594.6325781470625,wind,2017-04-18 23:00:00,day_ahead
2017-04-19 13:00:00,620.2776593511016,wind,2017-04-18 23:00:00,day_ahead
2017-04-19 14:00:00,654.105085536751,wind,2017-04-18 23:00:00,day_ahead
2017-04-19 15:00:00,689.2498897695593,wind,2017-04-18 23:00:00,day_ahead
2017-04-19 16:00:00,729.8237122866472,wind,2017-04-18 23:00:00,day_ahead
2017-04-19 17:00:00,781.1404260231387,wind,2017-04-18 23:00:00,day_ahead
2017-04-19 18:00:00,839.9363219903698,wind,2017-04-18 23:00:00,day_ahead
2017-04-19 19:00:00,894.0516675455184,wind,2017-04-18 23:00:00,day_ahead
2017-04-19 20:00:00,931.2023456871088,wind,2017-04-18 23:00:00,day_ahead
2017-04-19 21:00:00,947.8844846060495,wind,2017-04-18 23:00:00,day_ahead
2017-04-19 22:00:00,950.2154990057049,wind,2017-04-18 23:00:00,day_ahead
2017-04-19 23:00:00,947.0866938630153,wind,2017-04-18 23:00:00,day_ahead
2017-04-20 00:00:00,1049.2979561117152,wind,2017-04-19 23:00:00,day_ahead
2017-04-20 01:00:00,1044.3266782922901,wind,2017-04-19 23:00:00,day_ahead
2017-04-20 02:00:00,1038.7630363554058,wind,2017-04-19 23:00:00,day_ahead
2017-04-20 03:00:00,1035.3553768670129,wind,2017-04-19 23:00:00,day_ahead
2017-04-20 04:00:00,1035.4943101349093,wind,2017-04-19 23:00:00,day_ahead
2017-04-20 05:00:00,1032.6577906033153,wind,2017-04-19 23:00:00,day_ahead
2017-04-20 06:00:00,1011.9188304928101,wind,2017-04-19 23:00:00,day_ahead
2017-04-20 07:00:00,959.3913097599767,wind,2017-04-19 23:00:00,day_ahead
2017-04-20 08:00:00,875.2865846390757,wind,2017-04-19 23:00:00,day_ahead
2017-04-20 09:00:00,778.8439372125617,wind,2017-04-19 23:00:00,day_ahead
2017-04-20 10:00:00,699.0278783200844,wind,2017-04-19 23:00:00,day_ahead
2017-04-20 11:00:00,657.1297155695038,wind,2017-04-19 23:00:00,day_ahead
2017-04-20 12:00:00,654.9604209910135,wind,2017-04-19 23:00:00,day_ahead
2017-04-20 13:00:00,677.8071218930041,wind,2017-04-19 23:00:00,day_ahead
2017-04-20 14:00:00,708.6202234691548,wind,2017-04-19 23:00:00,day_ahead
2017-04-20 15:00:00,740.6271151997844,wind,2017-04-19 23:00:00,day_ahead
2017-04-20 16:00:00,778.0864398952642,wind,2017-04-19 23:00:00,day_ahead
2017-04-20 17:00:00,826.4136851194617,wind,2017-04-19 23:00:00,day_ahead
2017-04-20 18:00:00,882.3688810318916,wind,2017-04-19 23:00:00,day_ahead
2017-04-20 19:00:00,933.8006975665169,wind,2017-04-19 23:00:00,day_ahead
2017-04-20 20:00:00,968.4980443163329,wind,2017-04-19 23:00:00,day_ahead
2017-04-20 21:00:00,983.0933843445093,wind,2017-04-19 23:00:00,day_ahead
2017-04-20 22:00:00,983.8092582580967,wind,2017-04-19 23:00:00,day_ahead
2017-04-20 23:00:00,979.5168783212235,wind,2017-04-19 23:00:00,day_ahead
2017-04-21 00:00:00,1099.2396104943045,wind,2017-04-20 23:00:00,day_ahead
2017-04-21 01:00:00,1093.366657344514,wind,2017-04-20 23:00:00,day_ahead
2017-04-21 02:00:00,1087.4655940476664,wind,2017-04-20 23:00:00,day_ahead
2017-04-21 03:00:00,1084.2505282892394,wind,2017-04-20 23:00:00,day_ahead
2017-04-21 04:00:00,1085.0081062348963,wind,2017-04-20 23:00:00,day_ahead
2017-04-21 05:00:00,1083.1712076638019,wind,2017-04-20 23:00:00,day_ahead
2017-04-21 06:00:00,1063.8895261863704,wind,2017-04-20 23:00:00,day_ahead
2017-04-21 07:00:00,1013.4148029978893,wind,2017-04-20 23:00:00,day_ahead
2017-04-21 08:00:00,932.0366659165843,wind,2017-04-20 23:00:00,day_ahead
2017-04-21 09:00:00,838.9508657426825,wind,2017-04-20 23:00:00,day_ahead
2017-04-21 10:00:00,763.0094961632237,wind,2017-04-20 23:00:00,day_ahead
2017-04-21 11:00:00,725.4321629189533,wind,2017-04-20 23:00:00,day_ahead
2017-04-21 12:00:00,728.0541877589362,wind,2017-04-20 23:00:00,day_ahead
2017-04-21 13:00:00,756.2334572815587,wind,2017-04-20 23:00:00,day_ahead
2017-04-21 14:00:00,792.9413320776608,wind,2017-04-20 23:00:00,day_ahead
2017-04-21 15:00:00,831.3380561655583,wind,2017-04-20 23:00:00,day_ahead
2017-04-21 16:00:00,875.5878454341175,wind,2017-04-20 23:00:00,day_ahead
2017-04-21 17:00:00,931.078840279768,wind,2017-04-20 23:00:00,day_ahead
2017-04-21 18:00:00,994.6337134364903,wind,2017-04-20 23:00:00,day_ahead
2017-04-21 19:00:00,1054.1708616366798,wind,2017-04-20 23:00:00,day_ahead
2017-04-21 20:00:00,1097.443579995707,wind,2017-04-20 23:00:00,day_ahead
2017-04-21 21:00:00,1120.915323668384,wind,2017-04-20 23:00:00,day_ahead
2017-04-21 22:00:00,1130.599233598035,wind,2017-04-20 23:00:00,day_ahead
2017-04-21 23:00:00,1135.249076881417,wind,2017-04-20 23:00:00,day_ahead
2017-04-22 00:00:00,1198.4154264114934,wind,2017-04-21 23:00:00,day_ahead
2017-04-22 01:00:00,1202.728834373688,wind,2017-04-21 23:00:00,day_ahead
2017-04-22 02:00:00,1206.326901916914,wind,2017-04-21 23:00:00,day_ahead
2017-04-22 03:00:00,1211.9966187207992,wind,2017-04-21 23:00:00,day_ahead
2017-04-22 04:00:00,1221.400541511197,wind,2017-04-21 23:00:00,day_ahead
2017-04-22 05:00:00,1228.2665598514168,wind,2017-04-21 23:00:00,day_ahead
2017-04-22 06:00:00,1217.6887999664693,wind,2017-04-21 23:00:00,day_ahead
2017-04-22 07:00:00,1175.5762665369468,wind,2017-04-21 23:00:00,day_ahead
2017-04-22 08:00:00,1101.8854717961979,wind,2017-04-21 23:00:00,day_ahead
2017-04-22 09:00:00,1015.7189168825907,wind,2017-04-21 23:00:00,day_ahead
2017-04-22 10:00:00,946.0383944434698,wind,2017-04-21 23:00:00,day_ahead
2017-04-22 11:00:00,914.1529294448756,wind,2017-04-21 23:00:00,day_ahead
2017-04-22 12:00:00,921.8135585270416,wind,2017-04-21 23:00:00,day_ahead
2017-04-22 13:00:00,954.1943390617363,wind,2017-04-21 23:00:00,day_ahead
2017-04-22 14:00:00,994.186801303942,wind,2017-04-21 23:00:00,day_ahead
2017-04-22 15:00:00,1035.0691948030133,wind,2017-04-21 23:00:00,day_ahead
2017-04-22 16:00:00,1081.1877486825645,wind,2017-04-21 23:00:00,day_ahead
2017-04-22 17:00:00,1137.9511326406807,wind,2017-04-21 23:00:00,day_ahead
2017-04-22 18:00:00,1201.9756757806747,wind,2017-04-21 23:00:00,day_ahead
2017-04-22 19:00:00,1260.9392138786648,wind,2017-04-21 23:00:00,day_ahead
2017-04-22 20:00:00,1302.594700281881,wind,2017-04-21 23:00:00,day_ahead
2017-04-22 21:00:00,1323.714413430656,wind,2017-04-21 23:00:00,day_ahead
2017-04-22 22:00:00,1330.6867885976515,wind,2017-04-21 23:00:00,day_ahead
2017-04-22 23:00:00,1332.3547977491264,wind,2017-04-21 23:00:00,day_ahead
2017-04-23 00:00:00,1322.4604728541258,wind,2017-04-22 23:00:00,day_ahead
2017-04-23 01:00:00,1322.3215886516293,wind,2017-04-22 23:00:00,day_ahead
2017-04-23 02:00:00,1320.5734821101248,wind,2017-04-22 23:00:00,day_ahead
2017-04-23 03:00:00,1320.0009436885173,wind,2017-04-22 23:00:00,day_ahead
2017-04-23 04:00:00,1322.3958406331922,wind,2017-04-22 23:00:00,day_ahead
2017-04-23 05:00:00,1321.6651312377587,wind,2017-04-22 23:00:00,day_ahead
2017-04-23 06:00:00,1303.0275486403448,wind,2017-04-22 23:00:00,day_ahead
2017-04-23 07:00:00,1252.424595103909,wind,2017-04-22 23:00:00,day_ahead
2017-04-23 08:00:00,1169.8049595500306,wind,2017-04-22 23:00:00,day_ahead
2017-04-23 09:00:00,1074.3051170451342,wind,2017-04-22 23:00:00,day_ahead
2017-04-23 10:00:00,994.9950739848817,wind,2017-04-22 23:00:00,day_ahead
2017-04-23 11:00:00,953.3244078801545,wind,2017-04-22 23:00:00,day_ahead
2017-04-23 12:00:00,951.149401066146,wind,2017-04-22 23:00:00,day_ahead
2017-04-23 13:00:00,973.6886093470449,wind,2017-04-22 23:00:00,day_ahead
2017-04-23 14:00:00,1003.8528638495363,wind,2017-04-22 23:00:00,day_ahead
2017-04-23 15:00:00,1034.9663442621472,wind,2017-04-22 23:00:00,day_ahead
2017-04-23 16:00:00,1071.4589860887963,wind,2017-04-22 23:00:00,day_ahead
2017-04-23 17:00:00,1118.823477165593,wind,2017-04-22 23:00:00,day_ahead
2017-04-23 18:00:00,1173.7224708006524,wind,2017-04-22 23:00:00,day_ahead
2017-04-23 19:00:00,1223.8538265672748,wind,2017-04-22 23:00:00,day_ahead
2017-04-23 20:00:00,1257.0190971838408,wind,2017-04-22 23:00:00,day_ahead
2017-04-23 21:00:00,1270.1053919951692,wind,2017-04-22 23:00:00,day_ahead
2017-04-23 22:00:00,1269.6491518604926,wind,2017-04-22 23:00:00,day_ahead
2017-04-23 23:00:00,1264.585156136758,wind,2017-04-22 23:00:00,day_ahead
2017-04-24 00:00:00,1221.1649442445557,wind,2017-04-23 23:00:00,day_ahead
2017-04-24 01:00:00,1215.1738129149437,wind,2017-04-23 23:00:00,day_ahead
2017-04-24 02:00:00,1208.1586587419865,wind,2017-04-23 23:00:00,day_ahead
2017-04-24 03:00:00,1202.9484720807134,wind,2017-04-23 23:00:00,day_ahead
2017-04-24 04:00:00,1201.3616689690064,wind,2017-04-23 23:00:00,day_ahead
2017-04-24 05:00:00,1197.3047100227418,wind,2017-04-23 23:00:00,day_ahead
2017-04-24 06:00:00,1175.9703263497108,wind,2017-04-23 23:00:00,day_ahead
2017-04-24 07:00:00,1123.258902691209,wind,2017-04-23 23:00:00,day_ahead
2017-04-24 08:00:00,1039.0756557712155,wind,2017-04-23 23:00:00,day_ahead
2017-04-24 09:00:00,942.5207525867586,wind,2017-04-23 23:00:00,day_ahead
2017-04-24 10:00:00,862.6393649485874,wind,2017-04-23 23:00:00,day_ahead
2017-04-24 11:00:00,820.8673701602561,wind,2017-04-23 23:00:00,day_ahead
2017-04-24 12:00:00,819.0541916270298,wind,2017-04-23 23:00:00,day_ahead
2017-04-24 13:00:00,842.4105442850686,wind,2017-04-23 23:00:00,day_ahead
2017-04-24 14:00:00,873.8290030109636,wind,2017-04-23 23:00:00,day_ahead
2017-04-24 15:00:00,906.5984410563312,wind,2017-04-23 23:00:00,day_ahead
2017-04-24 16:00:00,945.0972546330124,wind,2017-04-23 23:00:00,day_ahead
2017-04-24 17:00:00,994.7593195031893,wind,2017-04-23 23:00:00,day_ahead
2017-04-24 18:00:00,1052.1930900529323,wind,2017-04-23 23:00:00,day_ahead
2017-04-24 19:00:00,1105.0537082133183,wind,2017-04-23 23:00:00,day_ahead
2017-04-24 20:00:00,1141.1090249710808,wind,2017-04-23 23:00:00,day_ahead
2017-04-24 21:00:00,1157.2129600054147,wind,2017-04-23 23:00:00,day_ahead
2017-04-24 22:00:00,1159.8632151359986,wind,2017-04-23 23:00:00,day_ahead
2017-04-24 23:00:00,1157.9531027200078,wind,2017-04-23 23:00:00,day_ahead
2017-04-25 00:00:00,1120.97291033585,wind,2017-04-24 23:00:00,day_ahead
2017-04-25 01:00:00,1118.0358983800056,wind,2017-04-24 23:00:00,day_ahead
2017-04-25 02:00:00,1114.128299279808,wind,2017-04-24 23:00:00,day_ahead
2017-04-25 03:00:00,1112.0531574624285,wind,2017-04-24 23:00:00,day_ahead
2017-04-25 04:00:00,1113.5667563273662,wind,2017-04-24 23:00:00,day_ahead
2017-04-25 05:00:00,1112.5205544597768,wind,2017-04-24 23:00:00,day_ahead
2017-04-25 06:00:00,1094.0922696540708,wind,2017-04-24 23:00:00,day_ahead
2017-04-25 07:00:00,1044.1981657430485,wind,2017-04-24 23:00:00,day_ahead
2017-04-25 08:00:00,962.7514326687835,wind,2017-04-24 23:00:00,day_ahead
2017-04-25 09:00:00,868.8262611089981,wind,2017-04-24 23:00:00,day_ahead
2017-04-25 10:00:00,791.4231106328311,wind,2017-04-24 23:00:00,day_ahead
2017-04-25 11:00:00,751.9557075028983,wind,2017-04-24 23:00:00,day_ahead
2017-04-25 12:00:00,752.2975303054232,wind,2017-04-24 23:00:00,day_ahead
2017-04-25 13:00:00,777.7081631834137,wind,2017-04-24 23:00:00,day_ahead
2017-04-25 14:00:00,811.1056120238945,wind,2017-04-24 23:00:00,day_ahead
2017-04-25 15:00:00,845.7527353777195,wind,2017-04-24 23:00:00,day_ahead
2017-04-25 16:00:00,885.9721142500719,wind,2017-04-24 23:00:00,day_ahead
2017-04-25 17:00:00,937.1648275588672,wind,2017-04-24 23:00:00,day_ahead
2017-04-25 18:00:00,995.9640781459,wind,2017-04-24 23:00:00,day_ahead
2017-04-25 19:00:00,1050.0910307212648,wind,2017-04-24 23:00:00,day_ahead
2017-04-25 20:00:00,1087.370023595914,wind,2017-04-24 23:00:00,day_ahead
2017-04-25 21:00:00,1104.6657146551718,wind,2017-04-24 23:00:00,day_ahead
2017-04-25 22:00:00,1108.453131790565,wind,2017-04-24 23:00:00,day_ahead
2017-04-25 23:00:00,1107.6162724354776,wind,2017-04-24 23:00:00,day_ahead
2017-04-26 00:00:00,1123.0903877215023,wind,2017-04-25 23:00:00,day_ahead
2017-04-26 01:00:00,1120.8385558204989,wind,2017-04-25 23:00:00,day_ahead
2017-04-26 02:00:00,1117.8672972725,wind,2017-04-25 23:00:00,day_ahead
2017-04-26 03:00:00,1116.917515844702,wind,2017-04-25 23:00:00,day_ahead
2017-04-26 04:00:00,1119.626150229487,wind,2017-04-25 23:00:00,day_ahead
2017-04-26 05:00:00,1119.7637794367397,wind,2017-04-25 23:00:00,day_ahead
2017-04-26 06:00:00,1102.4973829585495,wind,2017-04-25 23:00:00,day_ahead
2017-04-26 07:00:00,1053.7680498434884,wind,2017-04-25 23:00:00,day_ahead
2017-04-26 08:00:00,973.5087302790383,wind,2017-04-25 23:00:00,day_ahead
2017-04-26 09:00:00,880.8096280387898,wind,2017-04-25 23:00:00,day_ahead
2017-04-26 10:00:00,804.710229344021,wind,2017-04-25 23:00:00,day_ahead
2017-04-26 11:00:00,766.6824216561635,wind,2017-04-25 23:00:00,day_ahead
2017-04-26 12:00:00,768.6192801330884,wind,2017-04-25 23:00:00,day_ahead
2017-04-26 13:00:00,795.6978838192828,wind,2017-04-25 23:00:00,day_ahead
2017-04-26 14:00:00,830.6586768463688,wind,2017-04-25 23:00:00,day_ahead
2017-04-26 15:00:00,866.5905734608718,wind,2017-04-25 23:00:00,day_ahead
2017-04-26 16:00:00,907.7651534353199,wind,2017-04-25 23:00:00,day_ahead
2017-04-26 17:00:00,959.68862933621,wind,2017-04-25 23:00:00,day_ahead
2017-04-26 18:00:00,1019.1611956820706,wind,2017-04-25 23:00:00,day_ahead
2017-04-26 19:00:00,1073.9831480936011,wind,2017-04-25 23:00:00,day_ahead
2017-04-26 20:00:00,1111.8927346295245,wind,2017-04-25 23:00:00,day_ahead
2017-04-26 21:00:00,1129.5676095673782,wind,2017-04-25 23:00:00,day_ahead
2017-04-26 22:00:00,1133.3469263480808,wind,2017-04-25 23:00:00,day_ahead
2017-04-26 23:00:00,1132.1394328987374,wind,2017-04-25 23:00:00,day_ahead
2017-04-27 00:00:00,1154.0482763727798,wind,2017-04-26 23:00:00,day_ahead
2017-04-27 01:00:00,1150.9416048640333,wind,2017-04-26 23:00:00,day_ahead
2017-04-27 02:00:00,1147.1108098475115,wind,2017-04-26 23:00:00,day_ahead
2017-04-27 03:00:00,1145.3081510612378,wind,2017-04-26 23:00:00,day_ahead
2017-04-27 04:00:00,1147.031941811201,wind,2017-04-26 23:00:00,day_ahead
2017-04-27 05:00:00,1145.887242790093,wind,2017-04-26 23:00:00,day_ahead
2017-04-27 06:00:00,1126.9802928506288,wind,2017-04-26 23:00:00,day_ahead
2017-04-27 07:00:00,1076.3245436537954,wind,2017-04-26 23:00:00,day_ahead
2017-04-27 08:00:00,993.9715979615179,wind,2017-04-26 23:00:00,day_ahead
2017-04-27 09:00:00,899.0674461567262,wind,2017-04-26 23:00:00,day_ahead
2017-04-27 10:00:00,820.6166629644522,wind,2017-04-26 23:00:00,day_ahead
2017-04-27 11:00:00,780.0351709795607,wind,2017-04-26 23:00:00,day_ahead
2017-04-27 12:00:00,779.2264341849411,wind,2017-04-26 23:00:00,day_ahead
2017-04-27 13:00:00,803.4590452711637,wind,2017-04-26 23:00:00,day_ahead
2017-04-27 14:00:00,835.5775884194054,wind,2017-04-26 23:00:00,day_ahead
2017-04-27 15:00:00,868.7108190669221,wind,2017-04-26 23:00:00,day_ahead
2017-04-27 16:00:00,907.0996810171509,wind,2017-04-26 23:00:00,day_ahead
2017-04-27 17:00:00,956.2149282167451,wind,2017-04-26 23:00:00,day_ahead
2017-04-27 18:00:00,1012.8781659815323,wind,2017-04-26 23:00:00,day_ahead
2017-04-27 19:00:00,1064.9555566228803,wind,2017-04-26 23:00:00,day_ahead
2017-04-27 20:00:00,1100.2218883679166,wind,2017-04-26 23:00:00,day_ahead
2017-04-27 21:00:00,1115.3125180760478,wind,2017-04-26 23:00:00,day_ahead
2017-04-27 22:00:00,1116.489190765879,wind,2017-04-26 23:00:00,day_ahead
2017-04-27 23:00:00,1112.6593013784118,wind,2017-04-26 23:00:00,day_ahead
2017-04-28 00:00:00,1189.227982300239,wind,2017-04-27 23:00:00,day_ahead
2017-04-28 01:00:00,1183.6742180581828,wind,2017-04-27 23:00:00,day_ahead
2017-04-28 02:00:00,1178.0694652912748,wind,2017-04-27 23:00:00,day_ahead
2017-04-28 03:00:00,1175.1857454655242,wind,2017-04-27 23:00:00,day_ahead
2017-04-28 04:00:00,1176.3435692186722,wind,2017-04-27 23:00:00,day_ahead
2017-04-28 05:00:00,1174.9658981639013,wind,2017-04-27 23:00:00,day_ahead
2017-04-28 06:00:00,1156.1485657594037,wind,2017-04-27 23:00:00,day_ahead
2017-04-28 07:00:00,1106.073824058867,wind,2017-04-27 23:00:00,day_ahead
2017-04-28 08:00:00,1024.987045298313,wind,2017-04-27 23:00:00,day_ahead
2017-04-28 09:00:00,932.0879605502663,wind,2017-04-27 23:00:00,day_ahead
2017-04-28 10:00:00,856.2680220605107,wind,2017-04-27 23:00:00,day_ahead
2017-04-28 11:00:00,818.7851491055728,wind,2017-04-27 23:00:00,day_ahead
2017-04-28 12:00:00,821.4848029001341,wind,2017-04-27 23:00:00,day_ahead
2017-04-28 13:00:00,849.7126957705618,wind,2017-04-27 23:00:00,day_ahead
2017-04-28 14:00:00,886.4369603616583,wind,2017-04-27 23:00:00,day_ahead
2017-04-28 15:00:00,924.848156617727,wind,2017-04-27 23:00:00,day_ahead
2017-04-28 16:00:00,969.1656463957579,wind,2017-04-27 23:00:00,day_ahead
2017-04-28 17:00:00,1024.8193709681495,wind,2017-04-27 23:00:00,day_ahead
2017-04-28 18:00:00,1088.6240633051366,wind,2017-04-27 23:00:00,day_ahead
2017-04-28 19:00:00,1148.4364318589369,wind,2017-04-27 23:00:00,day_ahead
2017-04-28 20:00:00,1191.9261574568018,wind,2017-04-27 23:00:00,day_ahead
2017-04-28 21:00:00,1215.494045589694,wind,2017-04-27 23:00:00,day_ahead
2017-04-28 22:00:00,1225.1361081833206,wind,2017-04-27 23:00:00,day_ahead
2017-04-28 23:00:00,1229.63122862218,wind,2017-04-27 23:00:00,day_ahead
2017-04-29 00:00:00,1268.3941317441056,wind,2017-04-28 23:00:00,day_ahead
2017-04-29 01:00:00,1272.9127229827209,wind,2017-04-28 23:00:00,day_ahead
2017-04-29 02:00:00,1276.7631030750117,wind,2017-04-28 23:00:00,day_ahead
2017-04-29 03:00:00,1282.7342956964847,wind,2017-04-28 23:00:00,day_ahead
2017-04-29 04:00:00,1292.467392263305,wind,2017-04-28 23:00:00,day_ahead
2017-04-29 05:00:00,1299.6483138712588,wind,2017-04-28 23:00:00,day_ahead
2017-04-29 06:00:00,1289.3340283460436,wind,2017-04-28 23:00:00,day_ahead
2017-04-29 07:00:00,1247.4298278439564,wind,2017-04-28 23:00:00,day_ahead
2017-04-29 08:00:00,1173.928235196643,wind,2017-04-28 23:00:00,day_ahead
2017-04-29 09:00:00,1087.9841099381592,wind,2017-04-28 23:00:00,day_ahead
2017-04-29 10:00:00,1018.594499492407,wind,2017-04-28 23:00:00,day_ahead
2017-04-29 11:00:00,987.0719998250858,wind,2017-04-28 23:00:00,day_ahead
2017-04-29 12:00:00,995.154920856742,wind,2017-04-28 23:00:00,day_ahead
2017-04-29 13:00:00,1028.0163331746671,wind,2017-04-28 23:00:00,day_ahead
2017-04-29 14:00:00,1068.5701702709794,wind,2017-04-28 23:00:00,day_ahead
2017-04-29 15:00:00,1110.1229916490863,wind,2017-04-28 23:00:00,day_ahead
2017-04-29 16:00:00,1157.02448112301,wind,2017-04-28 23:00:00,day_ahead
2017-04-29 17:00:00,1214.6471161914194,wind,2017-04-28 23:00:00,day_ahead
2017-04-29 18:00:00,1279.5473729047987,wind,2017-04-28 23:00:00,day_ahead
2017-04-29 19:00:00,1339.3530970171232,wind,2017-04-28 23:00:00,day_ahead
2017-04-29 20:00:00,1381.800105478053,wind,2017-04-28 23:00:00,day_ahead
2017-04-29 21:00:00,1403.6723909172456,wind,2017-04-28 23:00:00,day_ahead
2017-04-29 22:00:00,1411.376918613783,wind,2017-04-28 23:00:00,day_ahead
2017-04-29 23:00:00,1413.7649925825085,wind,2017-04-28 23:00:00,day_ahead
2017-04-30 00:00:00,1421.3813222721242,wind,2017-04-29 23:00:00,day_ahead
2017-04-30 01:00:00,1420.8003478920104,wind,2017-04-29 23:00:00,day_ahead
2017-04-30 02:00:00,1419.1137077557632,wind,2017-04-29 23:00:00,day_ahead
2017-04-30 03:00:00,1419.1367036780616,wind,2017-04-29 23:00:00,day_ahead
2017-04-30 04:00:00,1422.3151367998105,wind,2017-04-29 23:00:00,day_ahead
2017-04-30 05:00:00,1422.1650888211807,wind,2017-04-29 23:00:00,day_ahead
2017-04-30 06:00:00,1403.7899534044961,wind,2017-04-29 23:00:00,day_ahead
2017-04-30 07:00:00,1353.3248901148288,wind,2017-04-29 23:00:00,day_ahead
2017-04-30 08:00:00,1270.9792280190563,wind,2017-04-29 23:00:00,day_ahead
2017-04-30 09:00:00,1175.962941129661,wind,2017-04-29 23:00:00,day_ahead
2017-04-30 10:00:00,1097.2088034762223,wind,2017-04-29 23:00:00,day_ahead
2017-04-30 11:00:00,1056.0140790412509,wind,2017-04-29 23:00:00,day_ahead
2017-04-30 12:00:00,1054.2504953700047,wind,2017-04-29 23:00:00,day_ahead
2017-04-30 13:00:00,1077.2902513997833,wind,2017-04-29 23:00:00,day_ahead
2017-04-30 14:00:00,1108.1346862229807,wind,2017-04-29 23:00:00,day_ahead
2017-04-30 15:00:00,1139.9934160438486,wind,2017-04-29 23:00:00,day_ahead
2017-04-30 16:00:00,1177.0646243739893,wind,2017-04-29 23:00:00,day_ahead
2017-04-30 17:00:00,1224.7305052388617,wind,2017-04-29 23:00:00,day_ahead
2017-04-30 18:00:00,1279.7984365974376,wind,2017-04-29 23:00:00,day_ahead
2017-04-30 19:00:00,1330.2310914144728,wind,2017-04-29 23:00:00,day_ahead
2017-04-30 20:00:00,1363.9221353667658,wind,2017-04-29 23:00:00,day_ahead
2017-04-30 21:00:00,1377.521496872043,wind,2017-04-29 23:00:00,day_ahead
2017-04-30 22:00:00,1377.164441095563,wind,2017-04-29 23:00:00,day_ahead
2017-04-30 23:00:00,1371.5854340607596,wind,2017-04-29 23:00:00,day_ahead
2017-05-01 00:00:00,1453.027851934911,wind,2017-04-30 23:00:00,day_ahead
2017-05-01 01:00:00,1446.2749444991691,wind,2017-04-30 23:00:00,day_ahead
2017-05-01 02:00:00,1438.8111299408622,wind,2017-04-30 23:00:00,day_ahead
2017-05-01 03:00:00,1433.317414268563,wind,2017-04-30 23:00:00,day_ahead
2017-05-01 04:00:00,1431.3561920556806,wind,2017-04-30 23:00:00,day_ahead
2017-05-01 05:00:00,1426.6856422806054,wind,2017-04-30 23:00:00,day_ahead
2017-05-01 06:00:00,1404.5921986382193,wind,2017-04-30 23:00:00,day_ahead
2017-05-01 07:00:00,1351.2391566315773,wind,2017-04-30 23:00:00,day_ahead
2017-05-01 08:00:00,1266.7519259454727,wind,2017-04-30 23:00:00,day_ahead
2017-05-01 09:00:00,1170.2525697284473,wind,2017-04-30 23:00:00,day_ahead
2017-05-01 10:00:00,1090.6448747178702,wind,2017-04-30 23:00:00,day_ahead
2017-05-01 11:00:00,1049.232482903848,wind,2017-04-30 23:00:00,day_ahead
2017-05-01 12:00:00,1047.870200796121,wind,2017-04-30 23:00:00,day_ahead
2017-05-01 13:00:00,1071.8698643452292,wind,2017-04-30 23:00:00,day_ahead
2017-05-01 14:00:00,1104.1612163906066,wind,2017-04-30 23:00:00,day_ahead
2017-05-01 15:00:00,1137.9029454906636,wind,2017-04-30 23:00:00,day_ahead
2017-05-01 16:00:00,1177.2457427701893,wind,2017-04-30 23:00:00,day_ahead
2017-05-01 17:00:00,1227.4815436546291,wind,2017-04-30 23:00:00,day_ahead
2017-05-01 18:00:00,1285.2822465059962,wind,2017-04-30 23:00:00,day_ahead
2017-05-01 19:00:00,1338.511099434078,wind,2017-04-30 23:00:00,day_ahead
2017-05-01 20:00:00,1375.108345492761,wind,2017-04-30 23:00:00,day_ahead
2017-05-01 21:00:00,1391.941093358609,wind,2017-04-30 23:00:00,day_ahead
2017-05-01 22:00:00,1395.4090915400645,wind,2017-04-30 23:00:00,day_ahead
2017-05-01 23:00:00,1394.3543058060445,wind,2017-04-30 23:00:00,day_ahead
2017-05-02 00:00:00,1357.9398757969084,wind,2017-05-01 23:00:00,day_ahead
2017-05-02 01:00:00,1356.6061848456432,wind,2017-05-01 23:00:00,day_ahead
2017-05-02 02:00:00,1354.4269398273848,wind,2017-05-01 23:00:00,day_ahead
2017-05-02 03:00:00,1354.0674589307023,wind,2017-05-01 23:00:00,day_ahead
2017-05-02 04:00:00,1357.1120192758945,wind,2017-05-01 23:00:00,day_ahead
2017-05-02 05:00:00,1357.3184174939443,wind,2017-05-01 23:00:00,day_ahead
2017-05-02 06:00:00,1339.9289274010187,wind,2017-05-01 23:00:00,day_ahead
2017-05-02 07:00:00,1291.0486666289862,wind,2017-05-01 23:00:00,day_ahead
2017-05-02 08:00:00,1210.7741898795189,wind,2017-05-01 23:00:00,day_ahead
2017-05-02 09:00:00,1118.2377583283496,wind,2017-05-01 23:00:00,day_ahead
2017-05-02 10:00:00,1042.3597480760923,wind,2017-05-01 23:00:00,day_ahead
2017-05-02 11:00:00,1004.4281498715955,wind,2017-05-01 23:00:00,day_ahead
2017-05-02 12:00:00,1006.2473474690439,wind,2017-05-01 23:00:00,day_ahead
2017-05-02 13:00:00,1033.0810199012576,wind,2017-05-01 23:00:00,day_ahead
2017-05-02 14:00:00,1067.851107556022,wind,2017-05-01 23:00:00,day_ahead
2017-05-02 15:00:00,1103.7481305474703,wind,2017-05-01 23:00:00,day_ahead
2017-05-02 16:00:00,1144.9559303002184,wind,2017-05-01 23:00:00,day_ahead
2017-05-02 17:00:00,1196.7671330878647,wind,2017-05-01 23:00:00,day_ahead
2017-05-02 18:00:00,1255.8320840431427,wind,2017-05-01 23:00:00,day_ahead
2017-05-02 19:00:00,1310.018392556255,wind,2017-05-01 23:00:00,day_ahead
2017-05-02 20:00:00,1347.333822852294,wind,2017-05-01 23:00:00,day_ahead
2017-05-02 21:00:00,1364.7585171724795,wind,2017-05-01 23:00:00,day_ahead
2017-05-02 22:00:00,1368.7851587756852,wind,2017-05-01 23:00:00,day_ahead
2017-05-02 23:00:00,1368.270402662052,wind,2017-05-01 23:00:00,day_ahead
2017-05-03 00:00:00,1327.6900997525227,wind,2017-05-02 23:00:00,day_ahead
2017-05-03 01:00:00,1326.5805683531812,wind,2017-05-02 23:00:00,day_ahead
2017-05-03 02:00:00,1324.6096711511254,wind,2017-05-02 23:00:00,day_ahead
2017-05-03 03:00:00,1324.4727034198631,wind,2017-05-02 23:00:00,day_ahead
2017-05-03 04:00:00,1327.7565737547068,wind,2017-05-02 23:00:00,day_ahead
2017-05-03 05:00:00,1328.212323691825,wind,2017-05-02 23:00:00,day_ahead
2017-05-03 06:00:00,1311.0907438847457,wind,2017-05-02 23:00:00,day_ahead
2017-05-03 07:00:00,1262.5273031229735,wind,2017-05-02 23:00:00,day_ahead
2017-05-03 08:00:00,1182.6529302844847,wind,2017-05-02 23:00:00,day_ahead
2017-05-03 09:00:00,1090.6146204581094,wind,2017-05-02 23:00:00,day_ahead
2017-05-03 10:00:00,1015.3227523984591,wind,2017-05-02 23:00:00,day_ahead
2017-05-03 11:00:00,978.0494025034243,wind,2017-05-02 23:00:00,day_ahead
2017-05-03 12:00:00,980.6003379564937,wind,2017-05-02 23:00:00,day_ahead
2017-05-03 13:00:00,1008.2607461908784,wind,2017-05-02 23:00:00,day_ahead
2017-05-03 14:00:00,1043.9719340530805,wind,2017-05-02 23:00:00,day_ahead
2017-05-03 15:00:00,1080.9152300493477,wind,2017-05-02 23:00:00,day_ahead
2017-05-03 16:00:00,1123.2325288300506,wind,2017-05-02 23:00:00,day_ahead
2017-05-03 17:00:00,1176.1653803989739,wind,2017-05-02 23:00:00,day_ahead
2017-05-03 18:00:00,1236.334122876932,wind,2017-05-02 23:00:00,day_ahead
2017-05-03 19:00:00,1291.606411225337,wind,2017-05-02 23:00:00,day_ahead
2017-05-03 20:00:00,1330.0004023602312,wind,2017-05-02 23:00:00,day_ahead
2017-05-03 21:00:00,1348.4884136313663,wind,2017-05-02 23:00:00,day_ahead
2017-05-03 22:00:00,1353.5271394698466,wind,2017-05-02 23:00:00,day_ahead
2017-05-03 23:00:00,1353.9261053299504,wind,2017-05-02 23:00:00,day_ahead
2017-05-04 00:00:00,1323.77015659218,wind,2017-05-03 23:00:00,day_ahead
2017-05-04 01:00:00,1322.8134063817486,wind,2017-05-03 23:00:00,day_ahead
2017-05-04 02:00:00,1321.1220259955553,wind,2017-05-03 23:00:00,day_ahead
2017-05-04 03:00:00,1321.3715563519877,wind,2017-05-03 23:00:00,day_ahead
2017-05-04 04:00:00,1324.897783725419,wind,2017-05-03 23:00:00,day_ahead
2017-05-04 05:00:00,1325.2014099913063,wind,2017-05-03 23:00:00,day_ahead
2017-05-04 06:00:00,1307.4863529002478,wind,2017-05-03 23:00:00,day_ahead
2017-05-04 07:00:00,1258.0337384632987,wind,2017-05-03 23:00:00,day_ahead
2017-05-04 08:00:00,1177.1202382747206,wind,2017-05-03 23:00:00,day_ahead
2017-05-04 09:00:00,1083.8695271507509,wind,2017-05-03 23:00:00,day_ahead
2017-05-04 10:00:00,1007.0212283973233,wind,2017-05-03 23:00:00,day_ahead
2017-05-04 11:00:00,967.7079273050454,wind,2017-05-03 23:00:00,day_ahead
2017-05-04 12:00:00,967.771434708895,wind,2017-05-03 23:00:00,day_ahead
2017-05-04 13:00:00,992.6699939259595,wind,2017-05-03 23:00:00,day_ahead
2017-05-04 14:00:00,1025.4799830085594,wind,2017-05-03 23:00:00,day_ahead
2017-05-04 15:00:00,1059.3579189153263,wind,2017-05-03 23:00:00,day_ahead
2017-05-04 16:00:00,1098.3252165181664,wind,2017-05-03 23:00:00,day_ahead
2017-05-04 17:00:00,1147.5921348442632,wind,2017-05-03 23:00:00,day_ahead
2017-05-04 18:00:00,1203.9422012610125,wind,2017-05-03 23:00:00,day_ahead
2017-05-04 19:00:00,1255.4988379140582,wind,2017-05-03 23:00:00,day_ahead
2017-05-04 20:00:00,1290.4042800191937,wind,2017-05-03 23:00:00,day_ahead
2017-05-04 21:00:00,1305.499449309713,wind,2017-05-03 23:00:00,day_ahead
2017-05-04 22:00:00,1306.97116435911,wind,2017-05-03 23:00:00,day_ahead
2017-05-04 23:00:00,1303.4881946743865,wind,2017-05-03 23:00:00,day_ahead
2017-05-05 00:00:00,1300.1459660930648,wind,2017-05-04 23:00:00,day_ahead
2017-05-05 01:00:00,1295.635198251997,wind,2017-05-04 23:00:00,day_ahead
2017-05-05 02:00:00,1290.435991268453,wind,2017-05-04 23:00:00,day_ahead
2017-05-05 03:00:00,1287.3367922773562,wind,2017-05-04 23:00:00,day_ahead
2017-05-05 04:00:00,1287.8960336721775,wind,2017-05-04 23:00:00,day_ahead
2017-05-05 05:00:00,1285.8035221446028,wind,2017-05-04 23:00:00,day_ahead
2017-05-05 06:00:00,1266.3037248397354,wind,2017-05-04 23:00:00,day_ahead
2017-05-05 07:00:00,1215.5898569362625,wind,2017-05-04 23:00:00,day_ahead
2017-05-05 08:00:00,1133.8563850487037,wind,2017-05-04 23:00:00,day_ahead
2017-05-05 09:00:00,1040.2684496986817,wind,2017-05-04 23:00:00,day_ahead
2017-05-05 10:00:00,963.7185789437297,wind,2017-05-04 23:00:00,day_ahead
2017-05-05 11:00:00,925.4738487202865,wind,2017-05-04 23:00:00,day_ahead
2017-05-05 12:00:00,927.371116268381,wind,2017-05-04 23:00:00,day_ahead
2017-05-05 13:00:00,954.7293691108041,wind,2017-05-04 23:00:00,day_ahead
2017-05-05 14:00:00,990.478268001262,wind,2017-05-04 23:00:00,day_ahead
2017-05-05 15:00:00,1027.7492278905609,wind,2017-05-04 23:00:00,day_ahead
2017-05-05 16:00:00,1070.6744358849419,wind,2017-05-04 23:00:00,day_ahead
2017-05-05 17:00:00,1124.6067089616515,wind,2017-05-04 23:00:00,day_ahead
2017-05-05 18:00:00,1186.3883169753028,wind,2017-05-04 23:00:00,day_ahead
2017-05-05 19:00:00,1244.0973790729688,wind,2017-05-04 23:00:00,day_ahead
2017-05-05 20:00:00,1285.804170872011,wind,2017-05-04 23:00:00,day_ahead
2017-05-05 21:00:00,1308.3286704280113,wind,2017-05-04 23:00:00,day_ahead
2017-05-05 22:00:00,1317.8750705057055,wind,2017-05-04 23:00:00,day_ahead
2017-05-05 23:00:00,1323.0774566802893,wind,2017-05-04 23:00:00,day_ahead
2017-05-06 00:00:00,1371.7402109605741,wind,2017-05-05 23:00:00,day_ahead
2017-05-06 01:00:00,1376.2997290394553,wind,2017-05-05 23:00:00,day_ahead
2017-05-06 02:00:00,1380.6715320756962,wind,2017-05-05 23:00:00,day_ahead
2017-05-06 03:00:00,1387.3297078505805,wind,2017-05-05 23:00:00,day_ahead
2017-05-06 04:00:00,1397.4582117478064,wind,2017-05-05 23:00:00,day_ahead
2017-05-06 05:00:00,1404.5967072288095,wind,2017-05-05 23:00:00,day_ahead
2017-05-06 06:00:00,1394.1538295229298,wind,2017-05-05 23:00:00,day_ahead
2017-05-06 07:00:00,1352.5908283059332,wind,2017-05-05 23:00:00,day_ahead
2017-05-06 08:00:00,1280.1523455611627,wind,2017-05-05 23:00:00,day_ahead
2017-05-06 09:00:00,1195.7109092804908,wind,2017-05-05 23:00:00,day_ahead
2017-05-06 10:00:00,1127.7218163033488,wind,2017-05-05 23:00:00,day_ahead
2017-05-06 11:00:00,1097.2075460537467,wind,2017-05-05 23:00:00,day_ahead
2017-05-06 12:00:00,1106.1090393885465,wind,2017-05-05 23:00:00,day_ahead
2017-05-06 13:00:00,1140.0253553896553,wind,2017-05-05 23:00:00,day_ahead
2017-05-06 14:00:00,1182.008129419126,wind,2017-05-05 23:00:00,day_ahead
2017-05-06 15:00:00,1224.9759120383942,wind,2017-05-05 23:00:00,day_ahead
2017-05-06 16:00:00,1272.6560041761375,wind,2017-05-05 23:00:00,day_ahead
2017-05-06 17:00:00,1330.121257593544,wind,2017-05-05 23:00:00,day_ahead
2017-05-06 18:00:00,1394.2465860835787,wind,2017-05-05 23:00:00,day_ahead
2017-05-06 19:00:00,1453.3501586627935,wind,2017-05-05 23:00:00,day_ahead
2017-05-06 20:00:00,1495.6785030748479,wind,2017-05-05 23:00:00,day_ahead
2017-05-06 21:00:00,1518.0046070720414,wind,2017-05-05 23:00:00,day_ahead
2017-05-06 22:00:00,1526.3604561152779,wind,2017-05-05 23:00:00,day_ahead
2017-05-06 23:00:00,1529.3119989849292,wind,2017-05-05 23:00:00,day_ahead
2017-05-07 00:00:00,1514.8209773210988,wind,2017-05-06 23:00:00,day_ahead
2017-05-07 01:00:00,1516.3431197846767,wind,2017-05-06 23:00:00,day_ahead
2017-05-07 02:00:00,1516.303268427859,wind,2017-05-06 23:00:00,day_ahead
2017-05-07 03:00:00,1517.2946426821254,wind,2017-05-06 23:00:00,day_ahead
2017-05-07 04:00:00,1520.8307725428879,wind,2017-05-06 23:00:00,day_ahead
2017-05-07 05:00:00,1520.747217330461,wind,2017-05-06 23:00:00,day_ahead
2017-05-07 06:00:00,1502.5472248895114,wind,2017-05-06 23:00:00,day_ahead
2017-05-07 07:00:00,1452.6200137856954,wind,2017-05-06 23:00:00,day_ahead
2017-05-07 08:00:00,1371.1391275040278,wind,2017-05-06 23:00:00,day_ahead
2017-05-07 09:00:00,1277.0285012192483,wind,2017-05-06 23:00:00,day_ahead
2017-05-07 10:00:00,1198.8859755175702,wind,2017-05-06 23:00:00,day_ahead
2017-05-07 11:00:00,1157.8441130742358,wind,2017-05-06 23:00:00,day_ahead
2017-05-07 12:00:00,1155.8552854574482,wind,2017-05-06 23:00:00,day_ahead
2017-05-07 13:00:00,1178.4973686865808,wind,2017-05-06 23:00:00,day_ahead
2017-05-07 14:00:00,1208.8893024913993,wind,2017-05-06 23:00:00,day_ahead
2017-05-07 15:00:00,1240.1394690975974,wind,2017-05-06 23:00:00,day_ahead
2017-05-07 16:00:00,1276.184798189144,wind,2017-05-06 23:00:00,day_ahead
2017-05-07 17:00:00,1322.1912030202263,wind,2017-05-06 23:00:00,day_ahead
2017-05-07 18:00:00,1374.9922508407983,wind,2017-05-06 23:00:00,day_ahead
2017-05-07 19:00:00,1422.868302486582,wind,2017-05-06 23:00:00,day_ahead
2017-05-07 20:00:00,1454.195007389979,wind,2017-05-06 23:00:00,day_ahead
2017-05-07 21:00:00,1466.0534740914745,wind,2017-05-06 23:00:00,day_ahead
2017-05-07 22:00:00,1464.780736004558,wind,2017-05-06 23:00:00,day_ahead
2017-05-07 23:00:00,1459.0177236810216,wind,2017-05-06 23:00:00,day_ahead
2017-05-08 00:00:00,1417.383597582507,wind,2017-05-07 23:00:00,day_ahead
2017-05-08 01:00:00,1410.6427871917376,wind,2017-05-07 23:00:00,day_ahead
2017-05-08 02:00:00,1403.1245301688477,wind,2017-05-07 23:00:00,day_ahead
2017-05-08 03:00:00,1397.4977554584998,wind,2017-05-07 23:00:00,day_ahead
2017-05-08 04:00:00,1395.206151312037,wind,2017-05-07 23:00:00,day_ahead
2017-05-08 05:00:00,1389.986398199883,wind,2017-05-07 23:00:00,day_ahead
2017-05-08 06:00:00,1367.3412599922697,wind,2017-05-07 23:00:00,day_ahead
2017-05-08 07:00:00,1313.7682955749497,wind,2017-05-07 23:00:00,day_ahead
2017-05-08 08:00:00,1229.5422039137593,wind,2017-05-07 23:00:00,day_ahead
2017-05-08 09:00:00,1133.5566256894613,wind,2017-05-07 23:00:00,day_ahead
2017-05-08 10:00:00,1054.2431354296882,wind,2017-05-07 23:00:00,day_ahead
2017-05-08 11:00:00,1012.5575228479372,wind,2017-05-07 23:00:00,day_ahead
2017-05-08 12:00:00,1010.4021332628625,wind,2017-05-07 23:00:00,day_ahead
2017-05-08 13:00:00,1033.4503885474674,wind,2017-05-07 23:00:00,day_ahead
2017-05-08 14:00:00,1064.9480438482115,wind,2017-05-07 23:00:00,day_ahead
2017-05-08 15:00:00,1098.0273205420012,wind,2017-05-07 23:00:00,day_ahead
2017-05-08 16:00:00,1136.5191356020296,wind,2017-05-07 23:00:00,day_ahead
2017-05-08 17:00:00,1185.450089197763,wind,2017-05-07 23:00:00,day_ahead
2017-05-08 18:00:00,1241.5938035979586,wind,2017-05-07 23:00:00,day_ahead
2017-05-08 19:00:00,1293.2598529757684,wind,2017-05-07 23:00:00,day_ahead
2017-05-08 20:00:00,1328.8403175701999,wind,2017-05-07 23:00:00,day_ahead
2017-05-08 21:00:00,1345.3163712759665,wind,2017-05-07 23:00:00,day_ahead
2017-05-08 22:00:00,1348.8195017441,wind,2017-05-07 23:00:00,day_ahead
2017-05-08 23:00:00,1347.8059211146,wind,2017-05-07 23:00:00,day_ahead
2017-05-09 00:00:00,1316.2764633080947,wind,2017-05-08 23:00:00,day_ahead
2017-05-09 01:00:00,1314.7832630184296,wind,2017-05-08 23:00:00,day_ahead
2017-05-09 02:00:00,1312.2403286837614,wind,2017-05-08 23:00:00,day_ahead
2017-05-09 03:00:00,1311.349750397342,wind,2017-05-08 23:00:00,day_ahead
2017-05-09 04:00:00,1313.696466663602,wind,2017-05-08 23:00:00,day_ahead
2017-05-09 05:00:00,1313.0988461514173,wind,2017-05-08 23:00:00,day_ahead
2017-05-09 06:00:00,1295.0067515535156,wind,2017-05-08 23:00:00,day_ahead
2017-05-09 07:00:00,1245.800817543439,wind,2017-05-08 23:00:00,day_ahead
2017-05-09 08:00:00,1165.6979930963112,wind,2017-05-08 23:00:00,day_ahead
2017-05-09 09:00:00,1073.634117473857,wind,2017-05-08 23:00:00,day_ahead
2017-05-09 10:00:00,998.1035430549365,wind,2017-05-08 23:00:00,day_ahead
2017-05-09 11:00:00,960.0392552285749,wind,2017-05-08 23:00:00,day_ahead
2017-05-09 12:00:00,961.2239295002983,wind,2017-05-08 23:00:00,day_ahead
2017-05-09 13:00:00,987.2173693455914,wind,2017-05-08 23:00:00,day_ahead
2017-05-09 14:00:00,1021.2691687869607,wind,2017-05-08 23:00:00,day_ahead
2017-05-09 15:00:00,1056.6315540609712,wind,2017-05-08 23:00:00,day_ahead
2017-05-09 16:00:00,1097.2503193600442,wind,2017-05-08 23:00:00,day_ahead
2017-05-09 17:00:00,1148.1414020737855,wind,2017-05-08 23:00:00,day_ahead
2017-05-09 18:00:00,1205.9520301091638,wind,2017-05-08 23:00:00,day_ahead
2017-05-09 19:00:00,1258.89245954546,wind,2017-05-08 23:00:00,day_ahead
2017-05-09 20:00:00,1295.4226557333586,wind,2017-05-08 23:00:00,day_ahead
2017-05-09 21:00:00,1312.7510585086159,wind,2017-05-08 23:00:00,day_ahead
2017-05-09 22:00:00,1317.2305810250327,wind,2017-05-08 23:00:00,day_ahead
2017-05-09 23:00:00,1317.3539422114238,wind,2017-05-08 23:00:00,day_ahead
2017-05-10 00:00:00,1308.2277359087632,wind,2017-05-09 23:00:00,day_ahead
2017-05-10 01:00:00,1306.637451923644,wind,2017-05-09 23:00:00,day_ahead
2017-05-10 02:00:00,1304.305956973298,wind,2017-05-09 23:00:00,day_ahead
2017-05-10 03:00:00,1303.93643993346,wind,2017-05-09 23:00:00,day_ahead
2017-05-10 04:00:00,1306.8349832035906,wind,2017-05-09 23:00:00,day_ahead
2017-05-10 05:00:00,1306.5504839176094,wind,2017-05-09 23:00:00,day_ahead
2017-05-10 06:00:00,1288.5321460109826,wind,2017-05-09 23:00:00,day_ahead
2017-05-10 07:00:00,1239.419201738204,wind,2017-05-09 23:00:00,day_ahead
2017-05-10 08:00:00,1159.6940109710415,wind,2017-05-09 23:00:00,day_ahead
2017-05-10 09:00:00,1068.3248955969684,wind,2017-05-09 23:00:00,day_ahead
2017-05-10 10:00:00,993.6068579215478,wind,2017-05-09 23:00:00,day_ahead
2017-05-10 11:00:00,956.2636941574615,wind,2017-05-09 23:00:00,day_ahead
2017-05-10 12:00:00,958.0656600535335,wind,2017-05-09 23:00:00,day_ahead
2017-05-10 13:00:00,984.7407789267667,wind,2017-05-09 23:00:00,day_ahead
2017-05-10 14:00:00,1019.678374156909,wind,2017-05-09 23:00:00,day_ahead
2017-05-10 15:00:00,1056.068993607019,wind,2017-05-09 23:00:00,day_ahead
2017-05-10 16:00:00,1097.6462215069823,wind,2017-05-09 23:00:00,day_ahead
2017-05-10 17:00:00,1149.2874692216624,wind,2017-05-09 23:00:00,day_ahead
2017-05-10 18:00:00,1207.7342102372097,wind,2017-05-09 23:00:00,day_ahead
2017-05-10 19:00:00,1261.4380047027755,wind,2017-05-09 23:00:00,day_ahead
2017-05-10 20:00:00,1298.9877619868068,wind,2017-05-09 23:00:00,day_ahead
2017-05-10 21:00:00,1317.4351980455288,wind,2017-05-09 23:00:00,day_ahead
2017-05-10 22:00:00,1322.7927649662515,wind,2017-05-09 23:00:00,day_ahead
2017-05-10 23:00:00,1323.3268452474088,wind,2017-05-09 23:00:00,day_ahead
2017-05-11 00:00:00,1365.0038663048874,wind,2017-05-10 23:00:00,day_ahead
2017-05-11 01:00:00,1363.0543001378537,wind,2017-05-10 23:00:00,day_ahead
2017-05-11 02:00:00,1360.4403850703973,wind,2017-05-10 23:00:00,day_ahead
2017-05-11 03:00:00,1359.8101346444564,wind,2017-05-10 23:00:00,day_ahead
2017-05-11 04:00:00,1362.3051584715697,wind,2017-05-10 23:00:00,day_ahead
2017-05-11 05:00:00,1361.3854987961918,wind,2017-05-10 23:00:00,day_ahead
2017-05-11 06:00:00,1342.569316515444,wind,2017-05-10 23:00:00,day_ahead
2017-05-11 07:00:00,1292.6305412305298,wind,2017-05-10 23:00:00,day_ahead
2017-05-11 08:00:00,1212.0870560763472,wind,2017-05-10 23:00:00,day_ahead
2017-05-11 09:00:00,1119.7724883863941,wind,2017-05-10 23:00:00,day_ahead
2017-05-11 10:00:00,1043.7664885035579,wind,2017-05-10 23:00:00,day_ahead
2017-05-11 11:00:00,1004.6547226105807,wind,2017-05-10 23:00:00,day_ahead
2017-05-11 12:00:00,1004.2218538479617,wind,2017-05-10 23:00:00,day_ahead
2017-05-11 13:00:00,1028.2991496360714,wind,2017-05-10 23:00:00,day_ahead
2017-05-11 14:00:00,1060.3530417589693,wind,2017-05-10 23:00:00,day_ahead
2017-05-11 15:00:00,1093.5903188983195,wind,2017-05-10 23:00:00,day_ahead
2017-05-11 16:00:00,1131.7776663621921,wind,2017-05-10 23:00:00,day_ahead
2017-05-11 17:00:00,1179.9302680482308,wind,2017-05-10 23:00:00,day_ahead
2017-05-11 18:00:00,1235.0037993027456,wind,2017-05-10 23:00:00,day_ahead
2017-05-11 19:00:00,1285.5890740988245,wind,2017-05-10 23:00:00,day_ahead
2017-05-11 20:00:00,1320.2005314340145,wind,2017-05-10 23:00:00,day_ahead
2017-05-11 21:00:00,1335.6263070352734,wind,2017-05-10 23:00:00,day_ahead
2017-05-11 22:00:00,1337.6240887118904,wind,2017-05-10 23:00:00,day_ahead
2017-05-11 23:00:00,1334.4288751214117,wind,2017-05-10 23:00:00,day_ahead
2017-05-12 00:00:00,1406.1485393444566,wind,2017-05-11 23:00:00,day_ahead
2017-05-12 01:00:00,1400.7045057674063,wind,2017-05-11 23:00:00,day_ahead
2017-05-12 02:00:00,1394.758506446809,wind,2017-05-11 23:00:00,day_ahead
2017-05-12 03:00:00,1391.0673402845237,wind,2017-05-11 23:00:00,day_ahead
2017-05-12 04:00:00,1390.8339865451649,wind,2017-05-11 23:00:00,day_ahead
2017-05-12 05:00:00,1387.5458818251398,wind,2017-05-11 23:00:00,day_ahead
2017-05-12 06:00:00,1366.7524705100743,wind,2017-05-11 23:00:00,day_ahead
2017-05-12 07:00:00,1315.283106846209,wind,2017-05-11 23:00:00,day_ahead
2017-05-12 08:00:00,1233.721250765636,wind,2017-05-11 23:00:00,day_ahead
2017-05-12 09:00:00,1140.9484546637025,wind,2017-05-11 23:00:00,day_ahead
2017-05-12 10:00:00,1065.0639259881564,wind,2017-05-11 23:00:00,day_ahead
2017-05-12 11:00:00,1026.6582200168382,wind,2017-05-11 23:00:00,day_ahead
2017-05-12 12:00:00,1027.5227543704045,wind,2017-05-11 23:00:00,day_ahead
2017-05-12 13:00:00,1053.4937673010545,wind,2017-05-11 23:00:00,day_ahead
2017-05-12 14:00:00,1088.0215509581699,wind,2017-05-11 23:00:00,day_ahead
2017-05-12 15:00:00,1124.270024038066,wind,2017-05-11 23:00:00,day_ahead
2017-05-12 16:00:00,1165.9652403626185,wind,2017-05-11 23:00:00,day_ahead
2017-05-12 17:00:00,1218.1309608058516,wind,2017-05-11 23:00:00,day_ahead
2017-05-12 18:00:00,1277.8004290417693,wind,2017-05-11 23:00:00,day_ahead
2017-05-12 19:00:00,1333.6722594242772,wind,2017-05-11 23:00:00,day_ahead
2017-05-12 20:00:00,1374.3196972213823,wind,2017-05-11 23:00:00,day_ahead
2017-05-12 21:00:00,1396.47983142143,wind,2017-05-11 23:00:00,day_ahead
2017-05-12 22:00:00,1405.7574826704538,wind,2017-05-11 23:00:00,day_ahead
2017-05-12 23:00:00,1410.2065614515973,wind,2017-05-11 23:00:00,day_ahead
2017-05-13 00:00:00,1464.8800370868612,wind,2017-05-12 23:00:00,day_ahead
2017-05-13 01:00:00,1468.6641036965189,wind,2017-05-12 23:00:00,day_ahead
2017-05-13 02:00:00,1471.6222005706818,wind,2017-05-12 23:00:00,day_ahead
2017-05-13 03:00:00,1476.4681616723606,wind,2017-05-12 23:00:00,day_ahead
2017-05-13 04:00:00,1484.6422215258144,wind,2017-05-12 23:00:00,day_ahead
2017-05-13 05:00:00,1489.8693715891789,wind,2017-05-12 23:00:00,day_ahead
2017-05-13 06:00:00,1477.7331481833137,wind,2017-05-12 23:00:00,day_ahead
2017-05-13 07:00:00,1434.9165528649683,wind,2017-05-12 23:00:00,day_ahead
2017-05-13 08:00:00,1361.8499912060165,wind,2017-05-12 23:00:00,day_ahead
2017-05-13 09:00:00,1277.3770653100105,wind,2017-05-12 23:00:00,day_ahead
2017-05-13 10:00:00,1209.6254869900822,wind,2017-05-12 23:00:00,day_ahead
2017-05-13 11:00:00,1179.1357716051705,wind,2017-05-12 23:00:00,day_ahead
2017-05-13 12:00:00,1187.5020706438875,wind,2017-05-12 23:00:00,day_ahead
2017-05-13 13:00:00,1220.305627714935,wind,2017-05-12 23:00:00,day_ahead
2017-05-13 14:00:00,1260.8374715857076,wind,2017-05-12 23:00:00,day_ahead
2017-05-13 15:00:00,1302.2501377572132,wind,2017-05-12 23:00:00,day_ahead
2017-05-13 16:00:00,1348.3025699907362,wind,2017-05-12 23:00:00,day_ahead
2017-05-13 17:00:00,1403.9572912836807,wind,2017-05-12 23:00:00,day_ahead
2017-05-13 18:00:00,1466.0897877236262,wind,2017-05-12 23:00:00,day_ahead
2017-05-13 19:00:00,1523.3097340941702,wind,2017-05-12 23:00:00,day_ahead
2017-05-13 20:00:00,1564.342992040668,wind,2017-05-12 23:00:00,day_ahead
2017-05-13 21:00:00,1586.2980733496802,wind,2017-05-12 23:00:00,day_ahead
2017-05-13 22:00:00,1595.117270314724,wind,2017-05-12 23:00:00,day_ahead
2017-05-13 23:00:00,1598.8684013764587,wind,2017-05-12 23:00:00,day_ahead
2017-05-14 00:00:00,1595.4847018484695,wind,2017-05-13 23:00:00,day_ahead
2017-05-14 01:00:00,1596.2238629391982,wind,2017-05-13 23:00:00,day_ahead
2017-05-14 02:00:00,1595.3672977534316,wind,2017-05-13 23:00:00,day_ahead
2017-05-14 03:00:00,1595.6195985096053,wind,2017-05-13 23:00:00,day_ahead
2017-05-14 04:00:00,1598.3247843639176,wind,2017-05-13 23:00:00,day_ahead
2017-05-14 05:00:00,1597.1343346071176,wind,2017-05-13 23:00:00,day_ahead
2017-05-14 06:00:00,1577.680272219473,wind,2017-05-13 23:00:00,day_ahead
2017-05-14 07:00:00,1526.8143138153457,wind,2017-05-13 23:00:00,day_ahead
2017-05-14 08:00:00,1445.1580986127026,wind,2017-05-13 23:00:00,day_ahead
2017-05-14 09:00:00,1351.6669241242248,wind,2017-05-13 23:00:00,day_ahead
2017-05-14 10:00:00,1274.4814978596016,wind,2017-05-13 23:00:00,day_ahead
2017-05-14 11:00:00,1234.1220729826573,wind,2017-05-13 23:00:00,day_ahead
2017-05-14 12:00:00,1232.2022761647686,wind,2017-05-13 23:00:00,day_ahead
2017-05-14 13:00:00,1254.3707561857918,wind,2017-05-13 23:00:00,day_ahead
2017-05-14 14:00:00,1283.9826250230176,wind,2017-05-13 23:00:00,day_ahead
2017-05-14 15:00:00,1314.2124378621356,wind,2017-05-13 23:00:00,day_ahead
2017-05-14 16:00:00,1348.8300339206412,wind,2017-05-13 23:00:00,day_ahead
2017-05-14 17:00:00,1392.8751971676438,wind,2017-05-13 23:00:00,day_ahead
2017-05-14 18:00:00,1443.4076746999874,wind,2017-05-13 23:00:00,day_ahead
2017-05-14 19:00:00,1489.2753734247492,wind,2017-05-13 23:00:00,day_ahead
2017-05-14 20:00:00,1519.3841532321965,wind,2017-05-13 23:00:00,day_ahead
2017-05-14 21:00:00,1530.8921813027832,wind,2017-05-13 23:00:00,day_ahead
2017-05-14 22:00:00,1529.6978391815887,wind,2017-05-13 23:00:00,day_ahead
2017-05-14 23:00:00,1523.8451195898065,wind,2017-05-13 23:00:00,day_ahead
2017-05-15 00:00:00,1493.9450731111663,wind,2017-05-14 23:00:00,day_ahead
2017-05-15 01:00:00,1486.543285958831,wind,2017-05-14 23:00:00,day_ahead
2017-05-15 02:00:00,1478.120705711539,wind,2017-05-14 23:00:00,day_ahead
2017-05-15 03:00:00,1471.489123715068,wind,2017-05-14 23:00:00,day_ahead
2017-05-15 04:00:00,1468.0851100873813,wind,2017-05-14 23:00:00,day_ahead
2017-05-15 05:00:00,1461.5978145262143,wind,2017-05-14 23:00:00,day_ahead
2017-05-15 06:00:00,1437.651105957788,wind,2017-05-14 23:00:00,day_ahead
2017-05-15 07:00:00,1383.0814555052682,wind,2017-05-14 23:00:00,day_ahead
2017-05-15 08:00:00,1298.5116316926376,wind,2017-05-14 23:00:00,day_ahead
2017-05-15 09:00:00,1202.900088258023,wind,2017-05-14 23:00:00,day_ahead
2017-05-15 10:00:00,1124.362081849398,wind,2017-05-14 23:00:00,day_ahead
2017-05-15 11:00:00,1083.3570771337081,wind,2017-05-14 23:00:00,day_ahead
2017-05-15 12:00:00,1081.4337467326814,wind,2017-05-14 23:00:00,day_ahead
2017-05-15 13:00:00,1104.21160112791,wind,2017-05-14 23:00:00,day_ahead
2017-05-15 14:00:00,1135.0583839691303,wind,2017-05-14 23:00:00,day_ahead
2017-05-15 15:00:00,1167.164170393457,wind,2017-05-14 23:00:00,day_ahead
2017-05-15 16:00:00,1204.2691388114233,wind,2017-05-14 23:00:00,day_ahead
2017-05-15 17:00:00,1251.3294760282224,wind,2017-05-14 23:00:00,day_ahead
2017-05-15 18:00:00,1305.310099107088,wind,2017-05-14 23:00:00,day_ahead
2017-05-15 19:00:00,1355.0078014246508,wind,2017-05-14 23:00:00,day_ahead
2017-05-15 20:00:00,1389.333842686949,wind,2017-05-14 23:00:00,day_ahead
2017-05-15 21:00:00,1405.4626504801595,wind,2017-05-14 23:00:00,day_ahead
2017-05-15 22:00:00,1409.255466681768,wind,2017-05-14 23:00:00,day_ahead
2017-05-15 23:00:00,1408.6427344736962,wind,2017-05-14 23:00:00,day_ahead
2017-05-16 00:00:00,1362.9840366884855,wind,2017-05-15 23:00:00,day_ahead
2017-05-16 01:00:00,1360.9471145489888,wind,2017-05-15 23:00:00,day_ahead
2017-05-16 02:00:00,1357.9357891242505,wind,2017-05-15 23:00:00,day_ahead
2017-05-16 03:00:00,1356.7318215151058,wind,2017-05-15 23:00:00,day_ahead
2017-05-16 04:00:00,1358.7354400918975,wind,2017-05-15 23:00:00,day_ahead
2017-05-16 05:00:00,1357.5807537281896,wind,2017-05-15 23:00:00,day_ahead
2017-05-16 06:00:00,1338.8226590087927,wind,2017-05-15 23:00:00,day_ahead
2017-05-16 07:00:00,1289.2338373013554,wind,2017-05-15 23:00:00,day_ahead
2017-05-16 08:00:00,1209.395511193985,wind,2017-05-15 23:00:00,day_ahead
2017-05-16 09:00:00,1118.247589384891,wind,2017-05-15 23:00:00,day_ahead
2017-05-16 10:00:00,1043.8957887689626,wind,2017-05-15 23:00:00,day_ahead
2017-05-16 11:00:00,1006.785682326433,wind,2017-05-15 23:00:00,day_ahead
2017-05-16 12:00:00,1008.4486220824577,wind,2017-05-15 23:00:00,day_ahead
2017-05-16 13:00:00,1034.4968153165225,wind,2017-05-15 23:00:00,day_ahead
2017-05-16 14:00:00,1068.3114465346887,wind,2017-05-15 23:00:00,day_ahead
2017-05-16 15:00:00,1103.11161188313,wind,2017-05-15 23:00:00,day_ahead
2017-05-16 16:00:00,1142.663578999265,wind,2017-05-15 23:00:00,day_ahead
2017-05-16 17:00:00,1191.9311241661376,wind,2017-05-15 23:00:00,day_ahead
2017-05-16 18:00:00,1247.869941948068,wind,2017-05-15 23:00:00,day_ahead
2017-05-16 19:00:00,1299.2681168474098,wind,2017-05-15 23:00:00,day_ahead
2017-05-16 20:00:00,1335.0457367190106,wind,2017-05-15 23:00:00,day_ahead
2017-05-16 21:00:00,1352.4055401913536,wind,2017-05-15 23:00:00,day_ahead
2017-05-16 22:00:00,1357.2437977784532,wind,2017-05-15 23:00:00,day_ahead
2017-05-16 23:00:00,1357.5194737012548,wind,2017-05-15 23:00:00,day_ahead
2017-05-17 00:00:00,1317.8417525466198,wind,2017-05-16 23:00:00,day_ahead
2017-05-17 01:00:00,1316.3233010744523,wind,2017-05-16 23:00:00,day_ahead
2017-05-17 02:00:00,1313.8575611853648,wind,2017-05-16 23:00:00,day_ahead
2017-05-17 03:00:00,1313.2103620154683,wind,2017-05-16 23:00:00,day_ahead
2017-05-17 04:00:00,1315.7324456216259,wind,2017-05-16 23:00:00,day_ahead
2017-05-17 05:00:00,1315.0400648305465,wind,2017-05-16 23:00:00,day_ahead
2017-05-17 06:00:00,1296.7303173523264,wind,2017-05-16 23:00:00,day_ahead
2017-05-17 07:00:00,1247.647288442988,wind,2017-05-16 23:00:00,day_ahead
2017-05-17 08:00:00,1168.415629836191,wind,2017-05-16 23:00:00,day_ahead
2017-05-17 09:00:00,1077.9622040391082,wind,2017-05-16 23:00:00,day_ahead
2017-05-17 10:00:00,1004.347675233511,wind,2017-05-16 23:00:00,day_ahead
2017-05-17 11:00:00,967.9906384194458,wind,2017-05-16 23:00:00,day_ahead
2017-05-17 12:00:00,970.4398014922485,wind,2017-05-16 23:00:00,day_ahead
2017-05-17 13:00:00,997.3490453214866,wind,2017-05-16 23:00:00,day_ahead
2017-05-17 14:00:00,1032.123488908252,wind,2017-05-16 23:00:00,day_ahead
2017-05-17 15:00:00,1067.9676600129571,wind,2017-05-16 23:00:00,day_ahead
2017-05-17 16:00:00,1108.6126541046233,wind,2017-05-16 23:00:00,day_ahead
2017-05-17 17:00:00,1158.9982834523285,wind,2017-05-16 23:00:00,day_ahead
2017-05-17 18:00:00,1216.07479637907,wind,2017-05-16 23:00:00,day_ahead
2017-05-17 19:00:00,1268.6166565508734,wind,2017-05-16 23:00:00,day_ahead
2017-05-17 20:00:00,1305.4925445920194,wind,2017-05-16 23:00:00,day_ahead
2017-05-17 21:00:00,1323.822779411443,wind,2017-05-16 23:00:00,day_ahead
2017-05-17 22:00:00,1329.437320595449,wind,2017-05-16 23:00:00,day_ahead
2017-05-17 23:00:00,1330.2919819643646,wind,2017-05-16 23:00:00,day_ahead
2017-05-18 00:00:00,1343.486881313983,wind,2017-05-17 23:00:00,day_ahead
2017-05-18 01:00:00,1341.271749856455,wind,2017-05-17 23:00:00,day_ahead
2017-05-18 02:00:00,1338.4283129397538,wind,2017-05-17 23:00:00,day_ahead
2017-05-18 03:00:00,1337.8329837952454,wind,2017-05-17 23:00:00,day_ahead
2017-05-18 04:00:00,1340.5192006028537,wind,2017-05-17 23:00:00,day_ahead
2017-05-18 05:00:00,1339.6195920478958,wind,2017-05-17 23:00:00,day_ahead
2017-05-18 06:00:00,1320.4401119144266,wind,2017-05-17 23:00:00,day_ahead
2017-05-18 07:00:00,1269.876220369691,wind,2017-05-17 23:00:00,day_ahead
2017-05-18 08:00:00,1188.7999826694333,wind,2017-05-17 23:00:00,day_ahead
2017-05-18 09:00:00,1096.3245262835005,wind,2017-05-17 23:00:00,day_ahead
2017-05-18 10:00:00,1020.5212701583357,wind,2017-05-17 23:00:00,day_ahead
2017-05-18 11:00:00,981.7435670170241,wind,2017-05-17 23:00:00,day_ahead
2017-05-18 12:00:00,981.5542800036767,wind,2017-05-17 23:00:00,day_ahead
2017-05-18 13:00:00,1005.7147035529815,wind,2017-05-17 23:00:00,day_ahead
2017-05-18 14:00:00,1037.6845764949485,wind,2017-05-17 23:00:00,day_ahead
2017-05-18 15:00:00,1070.5425247048547,wind,2017-05-17 23:00:00,day_ahead
2017-05-18 16:00:00,1107.7792983420416,wind,2017-05-17 23:00:00,day_ahead
2017-05-18 17:00:00,1154.2086854921147,wind,2017-05-17 23:00:00,day_ahead
2017-05-18 18:00:00,1206.9353069384642,wind,2017-05-17 23:00:00,day_ahead
2017-05-18 19:00:00,1255.078969732966,wind,2017-05-17 23:00:00,day_ahead
2017-05-18 20:00:00,1287.7522604328096,wind,2017-05-17 23:00:00,day_ahead
2017-05-18 21:00:00,1301.9935642734072,wind,2017-05-17 23:00:00,day_ahead
2017-05-18 22:00:00,1303.3023870663437,wind,2017-05-17 23:00:00,day_ahead
2017-05-18 23:00:00,1299.3924768450684,wind,2017-05-17 23:00:00,day_ahead
2017-05-19 00:00:00,1371.805363179533,wind,2017-05-18 23:00:00,day_ahead
2017-05-19 01:00:00,1365.4383968890684,wind,2017-05-18 23:00:00,day_ahead
2017-05-19 02:00:00,1358.4671854310045,wind,2017-05-18 23:00:00,day_ahead
2017-05-19 03:00:00,1353.786430233096,wind,2017-05-18 23:00:00,day_ahead
2017-05-19 04:00:00,1352.5923438579716,wind,2017-05-18 23:00:00,day_ahead
2017-05-19 05:00:00,1348.2206968067005,wind,2017-05-18 23:00:00,day_ahead
2017-05-19 06:00:00,1326.1064133896816,wind,2017-05-18 23:00:00,day_ahead
2017-05-19 07:00:00,1273.1614812398677,wind,2017-05-18 23:00:00,day_ahead
2017-05-19 08:00:00,1190.211937333365,wind,2017-05-18 23:00:00,day_ahead
2017-05-19 09:00:00,1096.340513045508,wind,2017-05-18 23:00:00,day_ahead
2017-05-19 10:00:00,1019.6430430241103,wind,2017-05-18 23:00:00,day_ahead
2017-05-19 11:00:00,980.5364982674288,wind,2017-05-18 23:00:00,day_ahead
2017-05-19 12:00:00,980.6519391998204,wind,2017-05-18 23:00:00,day_ahead
2017-05-19 13:00:00,1005.8078853764227,wind,2017-05-18 23:00:00,day_ahead
2017-05-19 14:00:00,1039.513239279291,wind,2017-05-18 23:00:00,day_ahead
2017-05-19 15:00:00,1074.8798952533928,wind,2017-05-18 23:00:00,day_ahead
2017-05-19 16:00:00,1115.385053330169,wind,2017-05-18 23:00:00,day_ahead
2017-05-19 17:00:00,1165.7581531225735,wind,2017-05-18 23:00:00,day_ahead
2017-05-19 18:00:00,1222.9759350465429,wind,2017-05-18 23:00:00,day_ahead
2017-05-19 19:00:00,1276.0686618820566,wind,2017-05-18 23:00:00,day_ahead
2017-05-19 20:00:00,1314.1755313056187,wind,2017-05-18 23:00:00,day_ahead
2017-05-19 21:00:00,1334.4752102778502,wind,2017-05-18 23:00:00,day_ahead
2017-05-19 22:00:00,1342.6184384633252,wind,2017-05-18 23:00:00,day_ahead
2017-05-19 23:00:00,1346.3458361460819,wind,2017-05-18 23:00:00,day_ahead
2017-05-20 00:00:00,1356.9852798651427,wind,2017-05-19 23:00:00,day_ahead
2017-05-20 01:00:00,1359.5726632664557,wind,2017-05-19 23:00:00,day_ahead
2017-05-20 02:00:00,1361.7787643917998,wind,2017-05-19 23:00:00,day_ahead
2017-05-20 03:00:00,1366.3878839085187,wind,2017-05-19 23:00:00,day_ahead
2017-05-20 04:00:00,1374.5639854867993,wind,2017-05-19 23:00:00,day_ahead
2017-05-20 05:00:00,1379.6405200468873,wind,2017-05-19 23:00:00,day_ahead
2017-05-20 06:00:00,1367.0066354938547,wind,2017-05-19 23:00:00,day_ahead
2017-05-20 07:00:00,1323.456341279715,wind,2017-05-19 23:00:00,day_ahead
2017-05-20 08:00:00,1249.668463315068,wind,2017-05-19 23:00:00,day_ahead
2017-05-20 09:00:00,1164.622106593251,wind,2017-05-19 23:00:00,day_ahead
2017-05-20 10:00:00,1096.385357863538,wind,2017-05-19 23:00:00,day_ahead
2017-05-20 11:00:00,1065.38400074441,wind,2017-05-19 23:00:00,day_ahead
2017-05-20 12:00:00,1073.2210108668219,wind,2017-05-19 23:00:00,day_ahead
2017-05-20 13:00:00,1105.6112878225026,wind,2017-05-19 23:00:00,day_ahead
2017-05-20 14:00:00,1145.9148906048451,wind,2017-05-19 23:00:00,day_ahead
2017-05-20 15:00:00,1187.117483435644,wind,2017-05-19 23:00:00,day_ahead
2017-05-20 16:00:00,1232.634501432137,wind,2017-05-19 23:00:00,day_ahead
2017-05-20 17:00:00,1287.181043778792,wind,2017-05-19 23:00:00,day_ahead
2017-05-20 18:00:00,1347.7180107981496,wind,2017-05-19 23:00:00,day_ahead
2017-05-20 19:00:00,1403.2328035727564,wind,2017-05-19 23:00:00,day_ahead
2017-05-20 20:00:00,1442.8176879358969,wind,2017-05-19 23:00:00,day_ahead
2017-05-20 21:00:00,1463.641573117572,wind,2017-05-19 23:00:00,day_ahead
2017-05-20 22:00:00,1471.3902940784226,wind,2017-05-19 23:00:00,day_ahead
2017-05-20 23:00:00,1473.8419243513517,wind,2017-05-19 23:00:00,day_ahead
2017-05-21 00:00:00,1465.413120551887,wind,2017-05-20 23:00:00,day_ahead
2017-05-21 01:00:00,1464.0960610425109,wind,2017-05-20 23:00:00,day_ahead
2017-05-21 02:00:00,1461.9178644720957,wind,2017-05-20 23:00:00,day_ahead
2017-05-21 03:00:00,1461.65648218009,wind,2017-05-20 23:00:00,day_ahead
2017-05-21 04:00:00,1464.2066141534467,wind,2017-05-20 23:00:00,day_ahead
2017-05-21 05:00:00,1462.6771625699175,wind,2017-05-20 23:00:00,day_ahead
2017-05-21 06:00:00,1442.4776436673233,wind,2017-05-20 23:00:00,day_ahead
2017-05-21 07:00:00,1390.6038883107406,wind,2017-05-20 23:00:00,day_ahead
2017-05-21 08:00:00,1307.9026855920467,wind,2017-05-20 23:00:00,day_ahead
2017-05-21 09:00:00,1213.3622037809268,wind,2017-05-20 23:00:00,day_ahead
2017-05-21 10:00:00,1134.9851061547997,wind,2017-05-20 23:00:00,day_ahead
2017-05-21 11:00:00,1093.237032163154,wind,2017-05-20 23:00:00,day_ahead
2017-05-21 12:00:00,1089.9299027503355,wind,2017-05-20 23:00:00,day_ahead
2017-05-21 13:00:00,1111.028146587245,wind,2017-05-20 23:00:00,day_ahead
2017-05-21 14:00:00,1140.0027580127023,wind,2017-05-20 23:00:00,day_ahead
2017-05-21 15:00:00,1169.788531372602,wind,2017-05-20 23:00:00,day_ahead
2017-05-21 16:00:00,1203.7640388363648,wind,2017-05-20 23:00:00,day_ahead
2017-05-21 17:00:00,1246.8145578674432,wind,2017-05-20 23:00:00,day_ahead
2017-05-21 18:00:00,1296.2614266180485,wind,2017-05-20 23:00:00,day_ahead
2017-05-21 19:00:00,1341.387479316459,wind,2017-05-20 23:00:00,day_ahead
2017-05-21 20:00:00,1371.24647015102,wind,2017-05-20 23:00:00,day_ahead
2017-05-21 21:00:00,1382.6265170999775,wind,2017-05-20 23:00:00,day_ahead
2017-05-21 22:00:00,1380.794282375505,wind,2017-05-20 23:00:00,day_ahead
2017-05-21 23:00:00,1373.444551600112,wind,2017-05-20 23:00:00,day_ahead
2017-05-22 00:00:00,1386.0308070947126,wind,2017-05-21 23:00:00,day_ahead
2017-05-22 01:00:00,1376.9198749762384,wind,2017-05-21 23:00:00,day_ahead
2017-05-22 02:00:00,1367.0171160684147,wind,2017-05-21 23:00:00,day_ahead
2017-05-22 03:00:00,1359.3889670874116,wind,2017-05-21 23:00:00,day_ahead
2017-05-22 04:00:00,1355.445649311565,wind,2017-05-21 23:00:00,day_ahead
2017-05-22 05:00:00,1348.5875254222208,wind,2017-05-21 23:00:00,day_ahead
2017-05-22 06:00:00,1324.0767647150888,wind,2017-05-21 23:00:00,day_ahead
2017-05-22 07:00:00,1268.5247931782662,wind,2017-05-21 23:00:00,day_ahead
2017-05-22 08:00:00,1182.5533321140335,wind,2017-05-21 23:00:00,day_ahead
2017-05-22 09:00:00,1085.2836220021127,wind,2017-05-21 23:00:00,day_ahead
2017-05-22 10:00:00,1005.035545156594,wind,2017-05-21 23:00:00,day_ahead
2017-05-22 11:00:00,962.4305027104142,wind,2017-05-21 23:00:00,day_ahead
2017-05-22 12:00:00,959.1168905408599,wind,2017-05-21 23:00:00,day_ahead
2017-05-22 13:00:00,980.756573232854,wind,2017-05-21 23:00:00,day_ahead
2017-05-22 14:00:00,1010.6939451129258,wind,2017-05-21 23:00:00,day_ahead
2017-05-22 15:00:00,1042.0249259036043,wind,2017-05-21 23:00:00,day_ahead
2017-05-22 16:00:00,1078.3664716617943,wind,2017-05-21 23:00:00,day_ahead
2017-05-22 17:00:00,1124.611684280775,wind,2017-05-21 23:00:00,day_ahead
2017-05-22 18:00:00,1177.7899258128894,wind,2017-05-21 23:00:00,day_ahead
2017-05-22 19:00:00,1226.8553167979208,wind,2017-05-21 23:00:00,day_ahead
2017-05-22 20:00:00,1260.8329112831152,wind,2017-05-21 23:00:00,day_ahead
2017-05-22 21:00:00,1276.8348491449199,wind,2017-05-21 23:00:00,day_ahead
2017-05-22 22:00:00,1280.4836140320208,wind,2017-05-21 23:00:00,day_ahead
2017-05-22 23:00:00,1279.4548324773477,wind,2017-05-21 23:00:00,day_ahead
2017-05-23 00:00:00,1253.9748360955107,wind,2017-05-22 23:00:00,day_ahead
2017-05-23 01:00:00,1250.480108560217,wind,2017-05-22 23:00:00,day_ahead
2017-05-23 02:00:00,1246.5361970997321,wind,2017-05-22 23:00:00,day_ahead
2017-05-23 03:00:00,1245.1142428975304,wind,2017-05-22 23:00:00,day_ahead
2017-05-23 04:00:00,1247.3555376911315,wind,2017-05-22 23:00:00,day_ahead
2017-05-23 05:00:00,1246.424142006384,wind,2017-05-22 23:00:00,day_ahead
2017-05-23 06:00:00,1227.5284664121002,wind,2017-05-22 23:00:00,day_ahead
2017-05-23 07:00:00,1177.378291282661,wind,2017-05-22 23:00:00,day_ahead
2017-05-23 08:00:00,1096.6873361372993,wind,2017-05-22 23:00:00,day_ahead
2017-05-23 09:00:00,1004.5411042241872,wind,2017-05-22 23:00:00,day_ahead
2017-05-23 10:00:00,929.122975039863,wind,2017-05-22 23:00:00,day_ahead
2017-05-23 11:00:00,890.9468938977927,wind,2017-05-22 23:00:00,day_ahead
2017-05-23 12:00:00,891.6715079718988,wind,2017-05-22 23:00:00,day_ahead
2017-05-23 13:00:00,917.0448871977153,wind,2017-05-22 23:00:00,day_ahead
2017-05-23 14:00:00,950.4562408608099,wind,2017-05-22 23:00:00,day_ahead
2017-05-23 15:00:00,984.9470862436567,wind,2017-05-22 23:00:00,day_ahead
2017-05-23 16:00:00,1024.0503742701621,wind,2017-05-22 23:00:00,day_ahead
2017-05-23 17:00:00,1072.6675451665103,wind,2017-05-22 23:00:00,day_ahead
2017-05-23 18:00:00,1127.961629402284,wind,2017-05-22 23:00:00,day_ahead
2017-05-23 19:00:00,1179.034417627075,wind,2017-05-22 23:00:00,day_ahead
2017-05-23 20:00:00,1214.9166477198037,wind,2017-05-22 23:00:00,day_ahead
2017-05-23 21:00:00,1232.5469295197865,wind,2017-05-22 23:00:00,day_ahead
2017-05-23 22:00:00,1237.3380214285767,wind,2017-05-22 23:00:00,day_ahead
2017-05-23 23:00:00,1236.9287158708755,wind,2017-05-22 23:00:00,day_ahead
2017-05-24 00:00:00,1241.9507258776255,wind,2017-05-23 23:00:00,day_ahead
2017-05-24 01:00:00,1239.2039658396798,wind,2017-05-23 23:00:00,day_ahead
2017-05-24 02:00:00,1235.8730865377524,wind,2017-05-23 23:00:00,day_ahead
2017-05-24 03:00:00,1235.0103040275355,wind,2017-05-23 23:00:00,day_ahead
2017-05-24 04:00:00,1237.8329875370518,wind,2017-05-23 23:00:00,day_ahead
2017-05-24 05:00:00,1237.530451861729,wind,2017-05-23 23:00:00,day_ahead
2017-05-24 06:00:00,1219.2844231131464,wind,2017-05-23 23:00:00,day_ahead
2017-05-24 07:00:00,1169.7725371434706,wind,2017-05-23 23:00:00,day_ahead
2017-05-24 08:00:00,1089.7240064595517,wind,2017-05-23 23:00:00,day_ahead
2017-05-24 09:00:00,998.2989257538568,wind,2017-05-23 23:00:00,day_ahead
2017-05-24 10:00:00,923.7727922890668,wind,2017-05-23 23:00:00,day_ahead
2017-05-24 11:00:00,886.7102798375104,wind,2017-05-23 23:00:00,day_ahead
2017-05-24 12:00:00,888.752864153787,wind,2017-05-23 23:00:00,day_ahead
2017-05-24 13:00:00,915.5885292635,wind,2017-05-23 23:00:00,day_ahead
2017-05-24 14:00:00,950.5537345446165,wind,2017-05-23 23:00:00,day_ahead
2017-05-24 15:00:00,986.6758696544521,wind,2017-05-23 23:00:00,day_ahead
2017-05-24 16:00:00,1027.5036196125836,wind,2017-05-23 23:00:00,day_ahead
2017-05-24 17:00:00,1077.9526990307827,wind,2017-05-23 23:00:00,day_ahead
2017-05-24 18:00:00,1135.1785688047112,wind,2017-05-23 23:00:00,day_ahead
2017-05-24 19:00:00,1188.258614567136,wind,2017-05-23 23:00:00,day_ahead
2017-05-24 20:00:00,1226.196635432195,wind,2017-05-23 23:00:00,day_ahead
2017-05-24 21:00:00,1245.900702090387,wind,2017-05-23 23:00:00,day_ahead
2017-05-24 22:00:00,1252.730060367081,wind,2017-05-23 23:00:00,day_ahead
2017-05-24 23:00:00,1254.2333438426926,wind,2017-05-23 23:00:00,day_ahead
2017-05-25 00:00:00,1249.102088896003,wind,2017-05-24 23:00:00,day_ahead
2017-05-25 01:00:00,1248.1109365399898,wind,2017-05-24 23:00:00,day_ahead
2017-05-25 02:00:00,1246.088874813908,wind,2017-05-24 23:00:00,day_ahead
2017-05-25 03:00:00,1246.0466817887834,wind,2017-05-24 23:00:00,day_ahead
2017-05-25 04:00:00,1249.2529244989519,wind,2017-05-24 23:00:00,day_ahead
2017-05-25 05:00:00,1248.943356064267,wind,2017-05-24 23:00:00,day_ahead
2017-05-25 06:00:00,1230.2809396462972,wind,2017-05-24 23:00:00,day_ahead
2017-05-25 07:00:00,1179.883324050129,wind,2017-05-24 23:00:00,day_ahead
2017-05-25 08:00:00,1098.4473383652144,wind,2017-05-24 23:00:00,day_ahead
2017-05-25 09:00:00,1005.1633564452071,wind,2017-05-24 23:00:00,day_ahead
2017-05-25 10:00:00,928.3660154368608,wind,2017-05-24 23:00:00,day_ahead
2017-05-25 11:00:00,888.646579933187,wind,2017-05-24 23:00:00,day_ahead
2017-05-25 12:00:00,887.6213569449678,wind,2017-05-24 23:00:00,day_ahead
2017-05-25 13:00:00,910.9465432273902,wind,2017-05-24 23:00:00,day_ahead
2017-05-25 14:00:00,941.9798604231776,wind,2017-05-24 23:00:00,day_ahead
2017-05-25 15:00:00,973.8286043085737,wind,2017-05-24 23:00:00,day_ahead
2017-05-25 16:00:00,1010.1194279271734,wind,2017-05-24 23:00:00,day_ahead
2017-05-25 17:00:00,1055.7793773788496,wind,2017-05-24 23:00:00,day_ahead
2017-05-25 18:00:00,1107.914558925229,wind,2017-05-24 23:00:00,day_ahead
2017-05-25 19:00:00,1155.576402284247,wind,2017-05-24 23:00:00,day_ahead
2017-05-25 20:00:00,1187.8528139673263,wind,2017-05-24 23:00:00,day_ahead
2017-05-25 21:00:00,1201.8457732038542,wind,2017-05-24 23:00:00,day_ahead
2017-05-25 22:00:00,1203.116545002106,wind,2017-05-24 23:00:00,day_ahead
2017-05-25 23:00:00,1199.3020102168161,wind,2017-05-24 23:00:00,day_ahead
2017-05-26 00:00:00,1168.0224676824364,wind,2017-05-25 23:00:00,day_ahead
2017-05-26 01:00:00,1161.7196193209045,wind,2017-05-25 23:00:00,day_ahead
2017-05-26 02:00:00,1154.6020583940544,wind,2017-05-25 23:00:00,day_ahead
2017-05-26 03:00:00,1149.6894168017368,wind,2017-05-25 23:00:00,day_ahead
2017-05-26 04:00:00,1148.252165403546,wind,2017-05-25 23:00:00,day_ahead
2017-05-26 05:00:00,1143.5809524709775,wind,2017-05-25 23:00:00,day_ahead
2017-05-26 06:00:00,1120.9621170938021,wind,2017-05-25 23:00:00,day_ahead
2017-05-26 07:00:00,1067.1568460787978,wind,2017-05-25 23:00:00,day_ahead
2017-05-26 08:00:00,982.9547352389277,wind,2017-05-25 23:00:00,day_ahead
2017-05-26 09:00:00,887.5584567876579,wind,2017-05-25 23:00:00,day_ahead
2017-05-26 10:00:00,809.271959642296,wind,2017-05-25 23:00:00,day_ahead
2017-05-26 11:00:00,768.6810522095066,wind,2017-05-25 23:00:00,day_ahead
2017-05-26 12:00:00,767.4572656839697,wind,2017-05-25 23:00:00,day_ahead
2017-05-26 13:00:00,791.345290405782,wind,2017-05-25 23:00:00,day_ahead
2017-05-26 14:00:00,823.7645743580761,wind,2017-05-25 23:00:00,day_ahead
2017-05-26 15:00:00,857.823466761045,wind,2017-05-25 23:00:00,day_ahead
2017-05-26 16:00:00,897.1106055891476,wind,2017-05-25 23:00:00,day_ahead
2017-05-26 17:00:00,946.5263565354487,wind,2017-05-25 23:00:00,day_ahead
2017-05-26 18:00:00,1003.1874304898879,wind,2017-05-25 23:00:00,day_ahead
2017-05-26 19:00:00,1056.1694339159526,wind,2017-05-25 23:00:00,day_ahead
2017-05-26 20:00:00,1094.551773526485,wind,2017-05-25 23:00:00,day_ahead
2017-05-26 21:00:00,1115.3762816775845,wind,2017-05-25 23:00:00,day_ahead
2017-05-26 22:00:00,1124.1208922475105,wind,2017-05-25 23:00:00,day_ahead
2017-05-26 23:00:00,1128.3612733106331,wind,2017-05-25 23:00:00,day_ahead
2017-05-27 00:00:00,1103.2321987106152,wind,2017-05-26 23:00:00,day_ahead
2017-05-27 01:00:00,1106.1539208772124,wind,2017-05-26 23:00:00,day_ahead
2017-05-27 02:00:00,1108.6676778271599,wind,2017-05-26 23:00:00,day_ahead
2017-05-27 03:00:00,1113.6481292095975,wind,2017-05-26 23:00:00,day_ahead
2017-05-27 04:00:00,1122.246442565721,wind,2017-05-26 23:00:00,day_ahead
2017-05-27 05:00:00,1127.6797118715049,wind,2017-05-26 23:00:00,day_ahead
2017-05-27 06:00:00,1115.1973259062972,wind,2017-05-26 23:00:00,day_ahead
2017-05-27 07:00:00,1071.5298402522608,wind,2017-05-26 23:00:00,day_ahead
2017-05-27 08:00:00,997.4117780646131,wind,2017-05-26 23:00:00,day_ahead
2017-05-27 09:00:00,911.9529074022208,wind,2017-05-26 23:00:00,day_ahead
2017-05-27 10:00:00,843.3344703030473,wind,2017-05-26 23:00:00,day_ahead
2017-05-27 11:00:00,812.0101941220512,wind,2017-05-26 23:00:00,day_ahead
2017-05-27 12:00:00,819.5301416076347,wind,2017-05-26 23:00:00,day_ahead
2017-05-27 13:00:00,851.5396526196962,wind,2017-05-26 23:00:00,day_ahead
2017-05-27 14:00:00,891.3826615807711,wind,2017-05-26 23:00:00,day_ahead
2017-05-27 15:00:00,932.1099885234353,wind,2017-05-26 23:00:00,day_ahead
2017-05-27 16:00:00,977.2602800455115,wind,2017-05-26 23:00:00,day_ahead
2017-05-27 17:00:00,1031.6805749426944,wind,2017-05-26 23:00:00,day_ahead
2017-05-27 18:00:00,1092.4258240735319,wind,2017-05-26 23:00:00,day_ahead
2017-05-27 19:00:00,1148.5075873206988,wind,2017-05-26 23:00:00,day_ahead
2017-05-27 20:00:00,1188.9553484216965,wind,2017-05-26 23:00:00,day_ahead
2017-05-27 21:00:00,1210.7916771769553,wind,2017-05-26 23:00:00,day_ahead
2017-05-27 22:00:00,1219.5086987089524,wind,2017-05-26 23:00:00,day_ahead
2017-05-27 23:00:00,1222.7124084679408,wind,2017-05-26 23:00:00,day_ahead
2017-05-28 00:00:00,1209.580206091446,wind,2017-05-27 23:00:00,day_ahead
2017-05-28 01:00:00,1209.1313875152825,wind,2017-05-27 23:00:00,day_ahead
2017-05-28 02:00:00,1207.337479099983,wind,2017-05-27 23:00:00,day_ahead
2017-05-28 03:00:00,1207.1365313779042,wind,2017-05-27 23:00:00,day_ahead
2017-05-28 04:00:00,1209.6721875104226,wind,2017-05-27 23:00:00,day_ahead
2017-05-28 05:00:00,1208.1226529137928,wind,2017-05-27 23:00:00,day_ahead
2017-05-28 06:00:00,1187.7267843643074,wind,2017-05-27 23:00:00,day_ahead
2017-05-28 07:00:00,1135.2631594678276,wind,2017-05-27 23:00:00,day_ahead
2017-05-28 08:00:00,1051.5558457879822,wind,2017-05-27 23:00:00,day_ahead
2017-05-28 09:00:00,955.8069288709371,wind,2017-05-27 23:00:00,day_ahead
2017-05-28 10:00:00,876.271902123732,wind,2017-05-27 23:00:00,day_ahead
2017-05-28 11:00:00,833.4728605910778,wind,2017-05-27 23:00:00,day_ahead
2017-05-28 12:00:00,829.0475751966088,wind,2017-05-27 23:00:00,day_ahead
2017-05-28 13:00:00,848.7566348200182,wind,2017-05-27 23:00:00,day_ahead
2017-05-28 14:00:00,876.0702010329782,wind,2017-05-27 23:00:00,day_ahead
2017-05-28 15:00:00,904.1555967762047,wind,2017-05-27 23:00:00,day_ahead
2017-05-28 16:00:00,936.657248725078,wind,2017-05-27 23:00:00,day_ahead
2017-05-28 17:00:00,978.5348931524763,wind,2017-05-27 23:00:00,day_ahead
2017-05-28 18:00:00,1026.9733945365294,wind,2017-05-27 23:00:00,day_ahead
2017-05-28 19:00:00,1071.1126649427356,wind,2017-05-27 23:00:00,day_ahead
2017-05-28 20:00:00,1100.0711907725697,wind,2017-05-27 23:00:00,day_ahead
2017-05-28 21:00:00,1110.901275101809,wind,2017-05-27 23:00:00,day_ahead
2017-05-28 22:00:00,1109.0914330171306,wind,2017-05-27 23:00:00,day_ahead
2017-05-28 23:00:00,1102.2697850658355,wind,2017-05-27 23:00:00,day_ahead
2017-05-29 00:00:00,1084.1142696507977,wind,2017-05-28 23:00:00,day_ahead
2017-05-29 01:00:00,1074.9009842961545,wind,2017-05-28 23:00:00,day_ahead
2017-05-29 02:00:00,1065.2672182263193,wind,2017-05-28 23:00:00,day_ahead
2017-05-29 03:00:00,1058.1874721745248,wind,2017-05-28 23:00:00,day_ahead
2017-05-29 04:00:00,1054.7553567891173,wind,2017-05-28 23:00:00,day_ahead
2017-05-29 05:00:00,1048.0809105295773,wind,2017-05-28 23:00:00,day_ahead
2017-05-29 06:00:00,1023.3906913057169,wind,2017-05-28 23:00:00,day_ahead
2017-05-29 07:00:00,967.5180537617724,wind,2017-05-28 23:00:00,day_ahead
2017-05-29 08:00:00,881.3476734582287,wind,2017-05-28 23:00:00,day_ahead
2017-05-29 09:00:00,784.0740084002846,wind,2017-05-28 23:00:00,day_ahead
2017-05-29 10:00:00,703.8621186563818,wind,2017-05-28 23:00:00,day_ahead
2017-05-29 11:00:00,661.1214288960485,wind,2017-05-28 23:00:00,day_ahead
2017-05-29 12:00:00,657.4345568267926,wind,2017-05-28 23:00:00,day_ahead
2017-05-29 13:00:00,678.5895973051347,wind,2017-05-28 23:00:00,day_ahead
2017-05-29 14:00:00,708.1156962601235,wind,2017-05-28 23:00:00,day_ahead
2017-05-29 15:00:00,739.1921608913801,wind,2017-05-28 23:00:00,day_ahead
2017-05-29 16:00:00,775.3932811373281,wind,2017-05-28 23:00:00,day_ahead
2017-05-29 17:00:00,821.5598068472029,wind,2017-05-28 23:00:00,day_ahead
2017-05-29 18:00:00,874.7701097026526,wind,2017-05-28 23:00:00,day_ahead
2017-05-29 19:00:00,924.0984986552194,wind,2017-05-28 23:00:00,day_ahead
2017-05-29 20:00:00,958.6143458919289,wind,2017-05-28 23:00:00,day_ahead
2017-05-29 21:00:00,975.2979550850076,wind,2017-05-28 23:00:00,day_ahead
2017-05-29 22:00:00,979.5403174889889,wind,2017-05-28 23:00:00,day_ahead
2017-05-29 23:00:00,978.8889458636374,wind,2017-05-28 23:00:00,day_ahead
2017-05-30 00:00:00,955.3052490022396,wind,2017-05-29 23:00:00,day_ahead
2017-05-30 01:00:00,952.4498000327316,wind,2017-05-29 23:00:00,day_ahead
2017-05-30 02:00:00,949.2505268343913,wind,2017-05-29 23:00:00,day_ahead
2017-05-30 03:00:00,948.6161539871453,wind,2017-05-29 23:00:00,day_ahead
2017-05-30 04:00:00,951.5167557040635,wind,2017-05-29 23:00:00,day_ahead
2017-05-30 05:00:00,950.9590521764003,wind,2017-05-29 23:00:00,day_ahead
2017-05-30 06:00:00,932.142644591117,wind,2017-05-29 23:00:00,day_ahead
2017-05-30 07:00:00,881.9297764420527,wind,2017-05-29 23:00:00,day_ahead
2017-05-30 08:00:00,801.2155015530448,wind,2017-05-29 23:00:00,day_ahead
2017-05-30 09:00:00,709.1348579197253,wind,2017-05-29 23:00:00,day_ahead
2017-05-30 10:00:00,633.7488507562734,wind,2017-05-29 23:00:00,day_ahead
2017-05-30 11:00:00,595.395852949236,wind,2017-05-29 23:00:00,day_ahead
2017-05-30 12:00:00,595.6730787459253,wind,2017-05-29 23:00:00,day_ahead
2017-05-30 13:00:00,620.4432052823324,wind,2017-05-29 23:00:00,day_ahead
2017-05-30 14:00:00,653.29044882519,wind,2017-05-29 23:00:00,day_ahead
2017-05-30 15:00:00,687.3744672130442,wind,2017-05-29 23:00:00,day_ahead
2017-05-30 16:00:00,726.1982068192046,wind,2017-05-29 23:00:00,day_ahead
2017-05-30 17:00:00,774.556702720012,wind,2017-05-29 23:00:00,day_ahead
2017-05-30 18:00:00,829.5621965055776,wind,2017-05-29 23:00:00,day_ahead
2017-05-30 19:00:00,880.379468413476,wind,2017-05-29 23:00:00,day_ahead
2017-05-30 20:00:00,916.1491496539795,wind,2017-05-29 23:00:00,day_ahead
2017-05-30 21:00:00,933.8524092016771,wind,2017-05-29 23:00:00,day_ahead
2017-05-30 22:00:00,938.8370296788966,wind,2017-05-29 23:00:00,day_ahead
2017-05-30 23:00:00,938.6418106445446,wind,2017-05-29 23:00:00,day_ahead
2017-05-31 00:00:00,942.1850738841675,wind,2017-05-30 23:00:00,day_ahead
2017-05-31 01:00:00,939.5419947163197,wind,2017-05-30 23:00:00,day_ahead
2017-05-31 02:00:00,936.4554340355849,wind,2017-05-30 23:00:00,day_ahead
2017-05-31 03:00:00,935.9293996564561,wind,2017-05-30 23:00:00,day_ahead
2017-05-31 04:00:00,939.0074646677579,wind,2017-05-30 23:00:00,day_ahead
2017-05-31 05:00:00,938.7167792186945,wind,2017-05-30 23:00:00,day_ahead
2017-05-31 06:00:00,920.242081433051,wind,2017-05-30 23:00:00,day_ahead
2017-05-31 07:00:00,870.4402327156201,wind,2017-05-30 23:00:00,day_ahead
2017-05-31 08:00:00,790.2369491934147,wind,2017-05-30 23:00:00,day_ahead
2017-05-31 09:00:00,698.8190437895887,wind,2017-05-30 23:00:00,day_ahead
2017-05-31 10:00:00,624.2833285724549,wind,2017-05-30 23:00:00,day_ahead
2017-05-31 11:00:00,586.9680161572331,wind,2017-05-30 23:00:00,day_ahead
2017-05-31 12:00:00,588.4490976844534,wind,2017-05-30 23:00:00,day_ahead
2017-05-31 13:00:00,614.576035465728,wind,2017-05-30 23:00:00,day_ahead
2017-05-31 14:00:00,648.9356876820406,wind,2017-05-30 23:00:00,day_ahead
2017-05-31 15:00:00,684.6820736785628,wind,2017-05-30 23:00:00,day_ahead
2017-05-31 16:00:00,725.2750398362693,wind,2017-05-30 23:00:00,day_ahead
2017-05-31 17:00:00,775.4318087844472,wind,2017-05-30 23:00:00,day_ahead
2017-05-31 18:00:00,832.1932778915229,wind,2017-05-30 23:00:00,day_ahead
2017-05-31 19:00:00,884.7040215492308,wind,2017-05-30 23:00:00,day_ahead
2017-05-31 20:00:00,922.1393520595116,wind,2017-05-30 23:00:00,day_ahead
2017-05-31 21:00:00,941.5235329629452,wind,2017-05-30 23:00:00,day_ahead
2017-05-31 22:00:00,948.1974694968314,wind,2017-05-30 23:00:00,day_ahead
2017-05-31 23:00:00,949.6248725420683,wind,2017-05-30 23:00:00,day_ahead
2017-06-01 00:00:00,953.7212044059568,wind,2017-05-31 23:00:00,day_ahead
2017-06-01 01:00:00,952.4682036231011,wind,2017-05-31 23:00:00,day_ahead
2017-06-01 02:00:00,950.5199592690942,wind,2017-05-31 23:00:00,day_ahead
2017-06-01 03:00:00,950.8310672416038,wind,2017-05-31 23:00:00,day_ahead
2017-06-01 04:00:00,954.4190832079964,wind,2017-05-31 23:00:00,day_ahead
2017-06-01 05:00:00,954.2985234585993,wind,2017-05-31 23:00:00,day_ahead
2017-06-01 06:00:00,935.6452590615015,wind,2017-05-31 23:00:00,day_ahead
2017-06-01 07:00:00,885.307383949247,wind,2017-05-31 23:00:00,day_ahead
2017-06-01 08:00:00,804.2033361673004,wind,2017-05-31 23:00:00,day_ahead
2017-06-01 09:00:00,711.5164325925941,wind,2017-05-31 23:00:00,day_ahead
2017-06-01 10:00:00,635.3440993155155,wind,2017-05-31 23:00:00,day_ahead
2017-06-01 11:00:00,596.0275724136247,wind,2017-05-31 23:00:00,day_ahead
2017-06-01 12:00:00,595.1455566796038,wind,2017-05-31 23:00:00,day_ahead
2017-06-01 13:00:00,618.5465650525607,wind,2017-05-31 23:00:00,day_ahead
2017-06-01 14:00:00,649.8094000036373,wind,2017-05-31 23:00:00,day_ahead
2017-06-01 15:00:00,682.0719949216704,wind,2017-05-31 23:00:00,day_ahead
2017-06-01 16:00:00,718.775872783621,wind,2017-05-31 23:00:00,day_ahead
2017-06-01 17:00:00,764.6319612206361,wind,2017-05-31 23:00:00,day_ahead
2017-06-01 18:00:00,816.7047737978642,wind,2017-05-31 23:00:00,day_ahead
2017-06-01 19:00:00,864.2032036972871,wind,2017-05-31 23:00:00,day_ahead
2017-06-01 20:00:00,896.4016888197812,wind,2017-05-31 23:00:00,day_ahead
2017-06-01 21:00:00,910.4356321572982,wind,2017-05-31 23:00:00,day_ahead
2017-06-01 22:00:00,911.740808865152,wind,2017-05-31 23:00:00,day_ahead
2017-06-01 23:00:00,907.8419345121033,wind,2017-05-31 23:00:00,day_ahead
2017-06-02 00:00:00,887.6158253579881,wind,2017-06-01 23:00:00,day_ahead
2017-06-02 01:00:00,880.9347866414493,wind,2017-06-01 23:00:00,day_ahead
2017-06-02 02:00:00,873.8432909267538,wind,2017-06-01 23:00:00,day_ahead
2017-06-02 03:00:00,869.3004387936023,wind,2017-06-01 23:00:00,day_ahead
2017-06-02 04:00:00,868.3085336732579,wind,2017-06-01 23:00:00,day_ahead
2017-06-02 05:00:00,863.9149172332575,wind,2017-06-01 23:00:00,day_ahead
2017-06-02 06:00:00,841.3866764807237,wind,2017-06-01 23:00:00,day_ahead
2017-06-02 07:00:00,787.6759436009831,wind,2017-06-01 23:00:00,day_ahead
2017-06-02 08:00:00,703.7722266594119,wind,2017-06-01 23:00:00,day_ahead
2017-06-02 09:00:00,608.8988793280778,wind,2017-06-01 23:00:00,day_ahead
2017-06-02 10:00:00,531.2023750753485,wind,2017-06-01 23:00:00,day_ahead
2017-06-02 11:00:00,491.10601672674795,wind,2017-06-01 23:00:00,day_ahead
2017-06-02 12:00:00,490.2739688147507,wind,2017-06-01 23:00:00,day_ahead
2017-06-02 13:00:00,514.5835280109186,wind,2017-06-01 23:00:00,day_ahead
2017-06-02 14:00:00,547.5586510965671,wind,2017-06-01 23:00:00,day_ahead
2017-06-02 15:00:00,582.2428138081417,wind,2017-06-01 23:00:00,day_ahead
2017-06-02 16:00:00,622.0265397702117,wind,2017-06-01 23:00:00,day_ahead
2017-06-02 17:00:00,671.6592320515108,wind,2017-06-01 23:00:00,day_ahead
2017-06-02 18:00:00,728.2951869279606,wind,2017-06-01 23:00:00,day_ahead
2017-06-02 19:00:00,781.1928913740117,wind,2017-06-01 23:00:00,day_ahead
2017-06-02 20:00:00,819.5746339654495,wind,2017-06-01 23:00:00,day_ahead
2017-06-02 21:00:00,840.4480711152441,wind,2017-06-01 23:00:00,day_ahead
2017-06-02 22:00:00,849.1361134808858,wind,2017-06-01 23:00:00,day_ahead
2017-06-02 23:00:00,853.1369079267397,wind,2017-06-01 23:00:00,day_ahead
2017-06-03 00:00:00,888.3869097860238,wind,2017-06-02 23:00:00,day_ahead
2017-06-03 01:00:00,890.4178885351616,wind,2017-06-02 23:00:00,day_ahead
2017-06-03 02:00:00,892.7072535905256,wind,2017-06-02 23:00:00,day_ahead
2017-06-03 03:00:00,898.0166604362425,wind,2017-06-02 23:00:00,day_ahead
2017-06-03 04:00:00,907.0941825787459,wind,2017-06-02 23:00:00,day_ahead
2017-06-03 05:00:00,912.8306156194319,wind,2017-06-02 23:00:00,day_ahead
2017-06-03 06:00:00,900.4786674785491,wind,2017-06-02 23:00:00,day_ahead
2017-06-03 07:00:00,857.0222595662999,wind,2017-06-02 23:00:00,day_ahead
2017-06-03 08:00:00,783.3972954700455,wind,2017-06-02 23:00:00,day_ahead
2017-06-03 09:00:00,698.6538304281376,wind,2017-06-02 23:00:00,day_ahead
2017-06-03 10:00:00,630.7376463075282,wind,2017-06-02 23:00:00,day_ahead
2017-06-03 11:00:00,599.9635214047263,wind,2017-06-02 23:00:00,day_ahead
2017-06-03 12:00:00,608.0016490304525,wind,2017-06-02 23:00:00,day_ahead
2017-06-03 13:00:00,640.7520461891064,wind,2017-06-02 23:00:00,day_ahead
2017-06-03 14:00:00,681.6603833354137,wind,2017-06-02 23:00:00,day_ahead
2017-06-03 15:00:00,723.5740445797273,wind,2017-06-02 23:00:00,day_ahead
2017-06-03 16:00:00,769.6717426692624,wind,2017-06-02 23:00:00,day_ahead
2017-06-03 17:00:00,824.5934326803581,wind,2017-06-02 23:00:00,day_ahead
2017-06-03 18:00:00,885.5017929555818,wind,2017-06-02 23:00:00,day_ahead
2017-06-03 19:00:00,941.6817623474542,wind,2017-06-02 23:00:00,day_ahead
2017-06-03 20:00:00,982.2927744575063,wind,2017-06-02 23:00:00,day_ahead
2017-06-03 21:00:00,1004.1940377071707,wind,2017-06-02 23:00:00,day_ahead
2017-06-03 22:00:00,1012.5958902740992,wind,2017-06-02 23:00:00,day_ahead
2017-06-03 23:00:00,1015.0417256865632,wind,2017-06-02 23:00:00,day_ahead
2017-06-04 00:00:00,1060.1975456533958,wind,2017-06-03 23:00:00,day_ahead
2017-06-04 01:00:00,1058.8624752663393,wind,2017-06-03 23:00:00,day_ahead
2017-06-04 02:00:00,1056.7545644422291,wind,2017-06-03 23:00:00,day_ahead
2017-06-04 03:00:00,1056.6370418261527,wind,2017-06-03 23:00:00,day_ahead
2017-06-04 04:00:00,1059.3161214597167,wind,2017-06-03 23:00:00,day_ahead
2017-06-04 05:00:00,1057.7823768037647,wind,2017-06-03 23:00:00,day_ahead
2017-06-04 06:00:00,1037.3736399237255,wind,2017-06-03 23:00:00,day_ahead
2017-06-04 07:00:00,985.1019605641914,wind,2017-06-03 23:00:00,day_ahead
2017-06-04 08:00:00,901.8918324763958,wind,2017-06-03 23:00:00,day_ahead
2017-06-04 09:00:00,806.8089577481061,wind,2017-06-03 23:00:00,day_ahead
2017-06-04 10:00:00,727.8975809297227,wind,2017-06-03 23:00:00,day_ahead
2017-06-04 11:00:00,685.6454414312024,wind,2017-06-03 23:00:00,day_ahead
2017-06-04 12:00:00,681.9023431930766,wind,2017-06-03 23:00:00,day_ahead
2017-06-04 13:00:00,702.6858990177333,wind,2017-06-03 23:00:00,day_ahead
2017-06-04 14:00:00,731.4857986557313,wind,2017-06-03 23:00:00,day_ahead
2017-06-04 15:00:00,761.1693156146855,wind,2017-06-03 23:00:00,day_ahead
2017-06-04 16:00:00,794.9706007149614,wind,2017-06-03 23:00:00,day_ahead
2017-06-04 17:00:00,837.6359361355067,wind,2017-06-03 23:00:00,day_ahead
2017-06-04 18:00:00,886.4494281677561,wind,2017-06-03 23:00:00,day_ahead
2017-06-04 19:00:00,930.7889573127934,wind,2017-06-03 23:00:00,day_ahead
2017-06-04 20:00:00,959.873593772232,wind,2017-06-03 23:00:00,day_ahead
2017-06-04 21:00:00,970.6251468390466,wind,2017-06-03 23:00:00,day_ahead
2017-06-04 22:00:00,968.3545435942247,wind,2017-06-03 23:00:00,day_ahead
2017-06-04 23:00:00,960.7362590401567,wind,2017-06-03 23:00:00,day_ahead
2017-06-05 00:00:00,994.4566525185544,wind,2017-06-04 23:00:00,day_ahead
2017-06-05 01:00:00,984.468024928969,wind,2017-06-04 23:00:00,day_ahead
2017-06-05 02:00:00,974.5042818157174,wind,2017-06-04 23:00:00,day_ahead
2017-06-05 03:00:00,967.3840366245499,wind,2017-06-04 23:00:00,day_ahead
2017-06-05 04:00:00,963.9401271777696,wind,2017-06-04 23:00:00,day_ahead
2017-06-05 05:00:00,957.1609493209189,wind,2017-06-04 23:00:00,day_ahead
2017-06-05 06:00:00,932.3805717298675,wind,2017-06-04 23:00:00,day_ahead
2017-06-05 07:00:00,876.6344104237553,wind,2017-06-04 23:00:00,day_ahead
2017-06-05 08:00:00,790.897882086572,wind,2017-06-04 23:00:00,day_ahead
2017-06-05 09:00:00,694.2828700725,wind,2017-06-04 23:00:00,day_ahead
2017-06-05 10:00:00,614.836121408563,wind,2017-06-04 23:00:00,day_ahead
2017-06-05 11:00:00,572.9910690497766,wind,2017-06-04 23:00:00,day_ahead
2017-06-05 12:00:00,570.5079565988505,wind,2017-06-04 23:00:00,day_ahead
2017-06-05 13:00:00,593.3143376955226,wind,2017-06-04 23:00:00,day_ahead
2017-06-05 14:00:00,624.827592070531,wind,2017-06-04 23:00:00,day_ahead
2017-06-05 15:00:00,657.8527442922681,wind,2017-06-04 23:00:00,day_ahead
2017-06-05 16:00:00,695.5557225231234,wind,2017-06-04 23:00:00,day_ahead
2017-06-05 17:00:00,742.6081371576767,wind,2017-06-04 23:00:00,day_ahead
2017-06-05 18:00:00,796.2320856270687,wind,2017-06-04 23:00:00,day_ahead
2017-06-05 19:00:00,845.7743154516197,wind,2017-06-04 23:00:00,day_ahead
2017-06-05 20:00:00,880.4475989208568,wind,2017-06-04 23:00:00,day_ahead
2017-06-05 21:00:00,897.1613882946879,wind,2017-06-04 23:00:00,day_ahead
2017-06-05 22:00:00,901.1775475928957,wind,2017-06-04 23:00:00,day_ahead
2017-06-05 23:00:00,900.0816308416772,wind,2017-06-04 23:00:00,day_ahead
2017-06-06 00:00:00,926.1699768046429,wind,2017-06-05 23:00:00,day_ahead
2017-06-06 01:00:00,922.829372089744,wind,2017-06-05 23:00:00,day_ahead
2017-06-06 02:00:00,919.5266629700441,wind,2017-06-05 23:00:00,day_ahead
2017-06-06 03:00:00,919.1278166550117,wind,2017-06-05 23:00:00,day_ahead
2017-06-06 04:00:00,922.4030256312569,wind,2017-06-05 23:00:00,day_ahead
2017-06-06 05:00:00,922.1745255866576,wind,2017-06-05 23:00:00,day_ahead
2017-06-06 06:00:00,903.6183009693297,wind,2017-06-05 23:00:00,day_ahead
2017-06-06 07:00:00,853.731862884626,wind,2017-06-05 23:00:00,day_ahead
2017-06-06 08:00:00,773.5785109479526,wind,2017-06-05 23:00:00,day_ahead
2017-06-06 09:00:00,682.3770455218302,wind,2017-06-05 23:00:00,day_ahead
2017-06-06 10:00:00,608.1815041862366,wind,2017-06-05 23:00:00,day_ahead
2017-06-06 11:00:00,571.3114723647653,wind,2017-06-05 23:00:00,day_ahead
2017-06-06 12:00:00,573.3812943113379,wind,2017-06-05 23:00:00,day_ahead
2017-06-06 13:00:00,600.2490461280606,wind,2017-06-05 23:00:00,day_ahead
2017-06-06 14:00:00,635.3637887559222,wind,2017-06-05 23:00:00,day_ahead
2017-06-06 15:00:00,671.590262997645,wind,2017-06-05 23:00:00,day_ahead
2017-06-06 16:00:00,712.0953529866671,wind,2017-06-05 23:00:00,day_ahead
2017-06-06 17:00:00,761.4858381450996,wind,2017-06-05 23:00:00,day_ahead
2017-06-06 18:00:00,816.9327671980519,wind,2017-06-05 23:00:00,day_ahead
2017-06-06 19:00:00,867.826296198488,wind,2017-06-05 23:00:00,day_ahead
2017-06-06 20:00:00,903.510315730357,wind,2017-06-05 23:00:00,day_ahead
2017-06-06 21:00:00,921.0200642512622,wind,2017-06-05 23:00:00,day_ahead
2017-06-06 22:00:00,925.6503813047775,wind,2017-06-05 23:00:00,day_ahead
2017-06-06 23:00:00,924.9349827285473,wind,2017-06-05 23:00:00,day_ahead
2017-06-07 00:00:00,941.5375376583161,wind,2017-06-06 23:00:00,day_ahead
2017-06-07 01:00:00,938.4881371243481,wind,2017-06-06 23:00:00,day_ahead
2017-06-07 02:00:00,935.1913923143653,wind,2017-06-06 23:00:00,day_ahead
2017-06-07 03:00:00,934.6549993581523,wind,2017-06-06 23:00:00,day_ahead
2017-06-07 04:00:00,937.8609594226364,wind,2017-06-06 23:00:00,day_ahead
2017-06-07 05:00:00,937.7842929347125,wind,2017-06-06 23:00:00,day_ahead
2017-06-07 06:00:00,919.6130959466182,wind,2017-06-06 23:00:00,day_ahead
2017-06-07 07:00:00,870.2462872665005,wind,2017-06-06 23:00:00,day_ahead
2017-06-07 08:00:00,790.647773407945,wind,2017-06-06 23:00:00,day_ahead
2017-06-07 09:00:00,700.0294367859757,wind,2017-06-06 23:00:00,day_ahead
2017-06-07 10:00:00,626.5333350880176,wind,2017-06-06 23:00:00,day_ahead
2017-06-07 11:00:00,590.5839009991697,wind,2017-06-06 23:00:00,day_ahead
2017-06-07 12:00:00,593.8352297231107,wind,2017-06-06 23:00:00,day_ahead
2017-06-07 13:00:00,622.1021494423028,wind,2017-06-06 23:00:00,day_ahead
2017-06-07 14:00:00,658.7540185380278,wind,2017-06-06 23:00:00,day_ahead
2017-06-07 15:00:00,696.5946202441705,wind,2017-06-06 23:00:00,day_ahead
2017-06-07 16:00:00,738.7629846152618,wind,2017-06-06 23:00:00,day_ahead
2017-06-07 17:00:00,789.8485241408448,wind,2017-06-06 23:00:00,day_ahead
2017-06-07 18:00:00,846.9988302141792,wind,2017-06-06 23:00:00,day_ahead
2017-06-07 19:00:00,899.5908879335236,wind,2017-06-06 23:00:00,day_ahead
2017-06-07 20:00:00,936.9921375231327,wind,2017-06-06 23:00:00,day_ahead
2017-06-07 21:00:00,956.2876647023512,wind,2017-06-06 23:00:00,day_ahead
2017-06-07 22:00:00,962.7883863813772,wind,2017-06-06 23:00:00,day_ahead
2017-06-07 23:00:00,963.9480189786761,wind,2017-06-06 23:00:00,day_ahead
2017-06-08 00:00:00,954.5919637366693,wind,2017-06-07 23:00:00,day_ahead
2017-06-08 01:00:00,953.2952128104798,wind,2017-06-07 23:00:00,day_ahead
2017-06-08 02:00:00,951.4585479166992,wind,2017-06-07 23:00:00,day_ahead
2017-06-08 03:00:00,952.0420987512407,wind,2017-06-07 23:00:00,day_ahead
2017-06-08 04:00:00,956.0196617904321,wind,2017-06-07 23:00:00,day_ahead
2017-06-08 05:00:00,956.3645966004761,wind,2017-06-07 23:00:00,day_ahead
2017-06-08 06:00:00,938.2519594929868,wind,2017-06-07 23:00:00,day_ahead
2017-06-08 07:00:00,888.5668649963725,wind,2017-06-07 23:00:00,day_ahead
2017-06-08 08:00:00,808.2790481627967,wind,2017-06-07 23:00:00,day_ahead
2017-06-08 09:00:00,716.6272108336336,wind,2017-06-07 23:00:00,day_ahead
2017-06-08 10:00:00,641.7765463757144,wind,2017-06-07 23:00:00,day_ahead
2017-06-08 11:00:00,604.1433720118124,wind,2017-06-07 23:00:00,day_ahead
2017-06-08 12:00:00,605.3414254677815,wind,2017-06-07 23:00:00,day_ahead
2017-06-08 13:00:00,631.1430287589212,wind,2017-06-07 23:00:00,day_ahead
2017-06-08 14:00:00,664.9073786070718,wind,2017-06-07 23:00:00,day_ahead
2017-06-08 15:00:00,699.467430055215,wind,2017-06-07 23:00:00,day_ahead
2017-06-08 16:00:00,738.0053419183143,wind,2017-06-07 23:00:00,day_ahead
2017-06-08 17:00:00,785.1376159224158,wind,2017-06-07 23:00:00,day_ahead
2017-06-08 18:00:00,838.0209817411358,wind,2017-06-07 23:00:00,day_ahead
2017-06-08 19:00:00,886.0537690937176,wind,2017-06-07 23:00:00,day_ahead
2017-06-08 20:00:00,918.6688202368025,wind,2017-06-07 23:00:00,day_ahead
2017-06-08 21:00:00,933.0586108168109,wind,2017-06-07 23:00:00,day_ahead
2017-06-08 22:00:00,934.642444297066,wind,2017-06-07 23:00:00,day_ahead
2017-06-08 23:00:00,930.936228038416,wind,2017-06-07 23:00:00,day_ahead
2017-06-09 00:00:00,933.6254336299064,wind,2017-06-08 23:00:00,day_ahead
2017-06-09 01:00:00,926.9449117815057,wind,2017-06-08 23:00:00,day_ahead
2017-06-09 02:00:00,920.067225916322,wind,2017-06-08 23:00:00,day_ahead
2017-06-09 03:00:00,915.9920907066811,wind,2017-06-08 23:00:00,day_ahead
2017-06-09 04:00:00,915.5999724759167,wind,2017-06-08 23:00:00,day_ahead
2017-06-09 05:00:00,911.7955420991959,wind,2017-06-08 23:00:00,day_ahead
2017-06-09 06:00:00,889.8304769703905,wind,2017-06-08 23:00:00,day_ahead
2017-06-09 07:00:00,836.7861820716689,wind,2017-06-08 23:00:00,day_ahead
2017-06-09 08:00:00,753.8095115656282,wind,2017-06-08 23:00:00,day_ahead
2017-06-09 09:00:00,660.1833345661821,wind,2017-06-08 23:00:00,day_ahead
2017-06-09 10:00:00,584.0014858340395,wind,2017-06-08 23:00:00,day_ahead
2017-06-09 11:00:00,545.6152653893985,wind,2017-06-08 23:00:00,day_ahead
2017-06-09 12:00:00,546.6793399921849,wind,2017-06-08 23:00:00,day_ahead
2017-06-09 13:00:00,573.0934395400684,wind,2017-06-08 23:00:00,day_ahead
2017-06-09 14:00:00,608.3200611742448,wind,2017-06-08 23:00:00,day_ahead
2017-06-09 15:00:00,645.188565115454,wind,2017-06-08 23:00:00,day_ahead
2017-06-09 16:00:00,686.8004719591836,wind,2017-06-08 23:00:00,day_ahead
2017-06-09 17:00:00,737.7205258976098,wind,2017-06-08 23:00:00,day_ahead
2017-06-09 18:00:00,795.1461185458448,wind,2017-06-08 23:00:00,day_ahead
2017-06-09 19:00:00,848.5548708517895,wind,2017-06-08 23:00:00,day_ahead
2017-06-09 20:00:00,887.3769458008298,wind,2017-06-08 23:00:00,day_ahead
2017-06-09 21:00:00,908.6611277485273,wind,2017-06-08 23:00:00,day_ahead
2017-06-09 22:00:00,917.6192516975723,wind,2017-06-08 23:00:00,day_ahead
2017-06-09 23:00:00,921.648158378999,wind,2017-06-08 23:00:00,day_ahead
2017-06-10 00:00:00,923.9091329659373,wind,2017-06-09 23:00:00,day_ahead
2017-06-10 01:00:00,926.3548906052188,wind,2017-06-09 23:00:00,day_ahead
2017-06-10 02:00:00,928.9166781694038,wind,2017-06-09 23:00:00,day_ahead
2017-06-10 03:00:00,934.5490793029135,wind,2017-06-09 23:00:00,day_ahead
2017-06-10 04:00:00,944.1014483620952,wind,2017-06-09 23:00:00,day_ahead
2017-06-10 05:00:00,950.4218336973147,wind,2017-06-09 23:00:00,day_ahead
2017-06-10 06:00:00,938.674691968047,wind,2017-06-09 23:00:00,day_ahead
2017-06-10 07:00:00,895.8508979668055,wind,2017-06-09 23:00:00,day_ahead
2017-06-10 08:00:00,823.0296224843879,wind,2017-06-09 23:00:00,day_ahead
2017-06-10 09:00:00,739.4440487091775,wind,2017-06-09 23:00:00,day_ahead
2017-06-10 10:00:00,673.1237771974899,wind,2017-06-09 23:00:00,day_ahead
2017-06-10 11:00:00,644.3130276926696,wind,2017-06-09 23:00:00,day_ahead
2017-06-10 12:00:00,654.5204056839673,wind,2017-06-09 23:00:00,day_ahead
2017-06-10 13:00:00,689.4932461040106,wind,2017-06-09 23:00:00,day_ahead
2017-06-10 14:00:00,732.5671233864006,wind,2017-06-09 23:00:00,day_ahead
2017-06-10 15:00:00,776.4760156471717,wind,2017-06-09 23:00:00,day_ahead
2017-06-10 16:00:00,824.2422160432445,wind,2017-06-09 23:00:00,day_ahead
2017-06-10 17:00:00,880.3569554770397,wind,2017-06-09 23:00:00,day_ahead
2017-06-10 18:00:00,941.9622393182366,wind,2017-06-09 23:00:00,day_ahead
2017-06-10 19:00:00,998.5215858479464,wind,2017-06-09 23:00:00,day_ahead
2017-06-10 20:00:00,1039.495256887868,wind,2017-06-09 23:00:00,day_ahead
2017-06-10 21:00:00,1061.9727449566656,wind,2017-06-09 23:00:00,day_ahead
2017-06-10 22:00:00,1071.167106955734,wind,2017-06-09 23:00:00,day_ahead
2017-06-10 23:00:00,1074.4122692451629,wind,2017-06-09 23:00:00,day_ahead
2017-06-11 00:00:00,1066.9289173049187,wind,2017-06-10 23:00:00,day_ahead
2017-06-11 01:00:00,1066.355792436123,wind,2017-06-10 23:00:00,day_ahead
2017-06-11 02:00:00,1064.7816672008446,wind,2017-06-10 23:00:00,day_ahead
2017-06-11 03:00:00,1065.157794635696,wind,2017-06-10 23:00:00,day_ahead
2017-06-11 04:00:00,1068.3618508634834,wind,2017-06-10 23:00:00,day_ahead
2017-06-11 05:00:00,1067.3096861520564,wind,2017-06-10 23:00:00,day_ahead
2017-06-11 06:00:00,1047.2607404074886,wind,2017-06-10 23:00:00,day_ahead
2017-06-11 07:00:00,995.3061062556551,wind,2017-06-10 23:00:00,day_ahead
2017-06-11 08:00:00,912.6168272697898,wind,2017-06-10 23:00:00,day_ahead
2017-06-11 09:00:00,818.5121093256366,wind,2017-06-10 23:00:00,day_ahead
2017-06-11 10:00:00,741.1108742573556,wind,2017-06-10 23:00:00,day_ahead
2017-06-11 11:00:00,700.7502979189259,wind,2017-06-10 23:00:00,day_ahead
2017-06-11 12:00:00,699.0230488857752,wind,2017-06-10 23:00:00,day_ahead
2017-06-11 13:00:00,721.7391513575355,wind,2017-06-10 23:00:00,day_ahead
2017-06-11 14:00:00,752.280205787361,wind,2017-06-10 23:00:00,day_ahead
2017-06-11 15:00:00,783.4342131101951,wind,2017-06-10 23:00:00,day_ahead
2017-06-11 16:00:00,818.3129757486009,wind,2017-06-10 23:00:00,day_ahead
2017-06-11 17:00:00,861.5401992391555,wind,2017-06-10 23:00:00,day_ahead
2017-06-11 18:00:00,910.4130990927692,wind,2017-06-10 23:00:00,day_ahead
2017-06-11 19:00:00,954.5401747818719,wind,2017-06-10 23:00:00,day_ahead
2017-06-11 20:00:00,983.4950990214459,wind,2017-06-10 23:00:00,day_ahead
2017-06-11 21:00:00,994.4516617419827,wind,2017-06-10 23:00:00,day_ahead
2017-06-11 22:00:00,992.6949077507317,wind,2017-06-10 23:00:00,day_ahead
2017-06-11 23:00:00,985.6296137287629,wind,2017-06-10 23:00:00,day_ahead
2017-06-12 00:00:00,972.1425958684749,wind,2017-06-11 23:00:00,day_ahead
2017-06-12 01:00:00,962.5234945723994,wind,2017-06-11 23:00:00,day_ahead
2017-06-12 02:00:00,952.7787114103783,wind,2017-06-11 23:00:00,day_ahead
2017-06-12 03:00:00,945.8902050116444,wind,2017-06-11 23:00:00,day_ahead
2017-06-12 04:00:00,942.7272413859865,wind,2017-06-11 23:00:00,day_ahead
2017-06-12 05:00:00,936.1966362470669,wind,2017-06-11 23:00:00,day_ahead
2017-06-12 06:00:00,911.5752173348994,wind,2017-06-11 23:00:00,day_ahead
2017-06-12 07:00:00,855.9922338802157,wind,2017-06-11 23:00:00,day_ahead
2017-06-12 08:00:00,770.6499800777615,wind,2017-06-11 23:00:00,day_ahead
2017-06-12 09:00:00,674.8712823953854,wind,2017-06-11 23:00:00,day_ahead
2017-06-12 10:00:00,596.7544756022587,wind,2017-06-11 23:00:00,day_ahead
2017-06-12 11:00:00,556.6092536568539,wind,2017-06-11 23:00:00,day_ahead
2017-06-12 12:00:00,556.0010965923058,wind,2017-06-11 23:00:00,day_ahead
2017-06-12 13:00:00,580.6999931423765,wind,2017-06-11 23:00:00,day_ahead
2017-06-12 14:00:00,614.016781161235,wind,2017-06-11 23:00:00,day_ahead
2017-06-12 15:00:00,648.6402003335463,wind,2017-06-11 23:00:00,day_ahead
2017-06-12 16:00:00,687.5827631252001,wind,2017-06-11 23:00:00,day_ahead
2017-06-12 17:00:00,735.4012421915227,wind,2017-06-11 23:00:00,day_ahead
2017-06-12 18:00:00,789.3639287616847,wind,2017-06-11 23:00:00,day_ahead
2017-06-12 19:00:00,839.0592658408314,wind,2017-06-11 23:00:00,day_ahead
2017-06-12 20:00:00,874.0107539247608,wind,2017-06-11 23:00:00,day_ahead
2017-06-12 21:00:00,891.2990183576483,wind,2017-06-11 23:00:00,day_ahead
2017-06-12 22:00:00,896.0989740407626,wind,2017-06-11 23:00:00,day_ahead
2017-06-12 23:00:00,895.7297890028058,wind,2017-06-11 23:00:00,day_ahead
2017-06-13 00:00:00,890.0706853525733,wind,2017-06-12 23:00:00,day_ahead
2017-06-13 01:00:00,887.3959061718967,wind,2017-06-12 23:00:00,day_ahead
2017-06-13 02:00:00,884.7023870168584,wind,2017-06-12 23:00:00,day_ahead
2017-06-13 03:00:00,884.8608485388752,wind,2017-06-12 23:00:00,day_ahead
2017-06-13 04:00:00,888.5567090166519,wind,2017-06-12 23:00:00,day_ahead
2017-06-13 05:00:00,888.5233249762854,wind,2017-06-12 23:00:00,day_ahead
2017-06-13 06:00:00,869.9590112008145,wind,2017-06-12 23:00:00,day_ahead
2017-06-13 07:00:00,820.0289918508128,wind,2017-06-12 23:00:00,day_ahead
2017-06-13 08:00:00,740.026579929251,wind,2017-06-12 23:00:00,day_ahead
2017-06-13 09:00:00,649.3322511046978,wind,2017-06-12 23:00:00,day_ahead
2017-06-13 10:00:00,576.0207520717984,wind,2017-06-12 23:00:00,day_ahead
2017-06-13 11:00:00,540.3195642682501,wind,2017-06-12 23:00:00,day_ahead
2017-06-13 12:00:00,543.7162552864787,wind,2017-06-12 23:00:00,day_ahead
2017-06-13 13:00:00,571.9535017612842,wind,2017-06-12 23:00:00,day_ahead
2017-06-13 14:00:00,608.3637313849204,wind,2017-06-12 23:00:00,day_ahead
2017-06-13 15:00:00,645.6726298045812,wind,2017-06-12 23:00:00,day_ahead
2017-06-13 16:00:00,686.9185913542641,wind,2017-06-12 23:00:00,day_ahead
2017-06-13 17:00:00,736.674035415586,wind,2017-06-12 23:00:00,day_ahead
2017-06-13 18:00:00,792.2264590837399,wind,2017-06-12 23:00:00,day_ahead
2017-06-13 19:00:00,843.1882965914292,wind,2017-06-12 23:00:00,day_ahead
2017-06-13 20:00:00,879.0969019237256,wind,2017-06-12 23:00:00,day_ahead
2017-06-13 21:00:00,897.0292015928846,wind,2017-06-12 23:00:00,day_ahead
2017-06-13 22:00:00,902.1607926756917,wind,2017-06-12 23:00:00,day_ahead
2017-06-13 23:00:00,901.8560436606473,wind,2017-06-12 23:00:00,day_ahead
2017-06-14 00:00:00,904.6190835100906,wind,2017-06-13 23:00:00,day_ahead
2017-06-14 01:00:00,901.8641186337388,wind,2017-06-13 23:00:00,day_ahead
2017-06-14 02:00:00,899.0142489109795,wind,2017-06-13 23:00:00,day_ahead
2017-06-14 03:00:00,899.0157244752986,wind,2017-06-13 23:00:00,day_ahead
2017-06-14 04:00:00,902.6303103503424,wind,2017-06-13 23:00:00,day_ahead
2017-06-14 05:00:00,902.6065249546771,wind,2017-06-13 23:00:00,day_ahead
2017-06-14 06:00:00,884.0884240587893,wind,2017-06-13 23:00:00,day_ahead
2017-06-14 07:00:00,834.1737257857151,wind,2017-06-13 23:00:00,day_ahead
2017-06-14 08:00:00,754.1435894242939,wind,2017-06-13 23:00:00,day_ahead
2017-06-14 09:00:00,663.4401843928151,wind,2017-06-13 23:00:00,day_ahead
2017-06-14 10:00:00,590.2301014231092,wind,2017-06-13 23:00:00,day_ahead
2017-06-14 11:00:00,554.8045126732466,wind,2017-06-13 23:00:00,day_ahead
2017-06-14 12:00:00,558.6704998544615,wind,2017-06-13 23:00:00,day_ahead
2017-06-14 13:00:00,587.5806197229318,wind,2017-06-13 23:00:00,day_ahead
2017-06-14 14:00:00,624.9058210693792,wind,2017-06-13 23:00:00,day_ahead
2017-06-14 15:00:00,663.430006706866,wind,2017-06-13 23:00:00,day_ahead
2017-06-14 16:00:00,706.2140461239197,wind,2017-06-13 23:00:00,day_ahead
2017-06-14 17:00:00,757.770122629516,wind,2017-06-13 23:00:00,day_ahead
2017-06-14 18:00:00,815.2586430831491,wind,2017-06-13 23:00:00,day_ahead
2017-06-14 19:00:00,868.1730335636255,wind,2017-06-13 23:00:00,day_ahead
2017-06-14 20:00:00,906.0106948403278,wind,2017-06-13 23:00:00,day_ahead
2017-06-14 21:00:00,925.8909205832153,wind,2017-06-13 23:00:00,day_ahead
2017-06-14 22:00:00,933.0468229182122,wind,2017-06-13 23:00:00,day_ahead
2017-06-14 23:00:00,934.8398557397225,wind,2017-06-13 23:00:00,day_ahead
2017-06-15 00:00:00,923.5007832403282,wind,2017-06-14 23:00:00,day_ahead
2017-06-15 01:00:00,922.6081974407766,wind,2017-06-14 23:00:00,day_ahead
2017-06-15 02:00:00,921.5476643911288,wind,2017-06-14 23:00:00,day_ahead
2017-06-15 03:00:00,923.1935762624635,wind,2017-06-14 23:00:00,day_ahead
2017-06-15 04:00:00,928.2124239433685,wind,2017-06-14 23:00:00,day_ahead
2017-06-15 05:00:00,929.2874586720295,wind,2017-06-14 23:00:00,day_ahead
2017-06-15 06:00:00,911.5459810603354,wind,2017-06-14 23:00:00,day_ahead
2017-06-15 07:00:00,862.0891485428846,wind,2017-06-14 23:00:00,day_ahead
2017-06-15 08:00:00,782.1800400994986,wind,2017-06-14 23:00:00,day_ahead
2017-06-15 09:00:00,691.2094835407337,wind,2017-06-14 23:00:00,day_ahead
2017-06-15 10:00:00,617.2878610930146,wind,2017-06-14 23:00:00,day_ahead
2017-06-15 11:00:00,580.6826290773653,wind,2017-06-14 23:00:00,day_ahead
2017-06-15 12:00:00,582.9170835631662,wind,2017-06-14 23:00:00,day_ahead
2017-06-15 13:00:00,609.7710262525738,wind,2017-06-14 23:00:00,day_ahead
2017-06-15 14:00:00,644.6202992230817,wind,2017-06-14 23:00:00,day_ahead
2017-06-15 15:00:00,680.2296817368317,wind,2017-06-14 23:00:00,day_ahead
2017-06-15 16:00:00,719.6491757204924,wind,2017-06-14 23:00:00,day_ahead
2017-06-15 17:00:00,767.4198657956485,wind,2017-06-14 23:00:00,day_ahead
2017-06-15 18:00:00,820.7659497831175,wind,2017-06-14 23:00:00,day_ahead
2017-06-15 19:00:00,869.2399612374196,wind,2017-06-14 23:00:00,day_ahead
2017-06-15 20:00:00,902.3592015284178,wind,2017-06-14 23:00:00,day_ahead
2017-06-15 21:00:00,917.2328751155349,wind,2017-06-14 23:00:00,day_ahead
2017-06-15 22:00:00,919.1042036277584,wind,2017-06-14 23:00:00,day_ahead
2017-06-15 23:00:00,915.4113403411577,wind,2017-06-14 23:00:00,day_ahead
2017-06-16 00:00:00,907.403567139085,wind,2017-06-15 23:00:00,day_ahead
2017-06-16 01:00:00,901.0358295893388,wind,2017-06-15 23:00:00,day_ahead
2017-06-16 02:00:00,894.6183589015088,wind,2017-06-15 23:00:00,day_ahead
2017-06-16 03:00:00,891.1403406964621,wind,2017-06-15 23:00:00,day_ahead
2017-06-16 04:00:00,891.3353890838903,wind,2017-06-15 23:00:00,day_ahead
2017-06-16 05:00:00,887.9116485342839,wind,2017-06-15 23:00:00,day_ahead
2017-06-16 06:00:00,866.0215955865865,wind,2017-06-15 23:00:00,day_ahead
2017-06-16 07:00:00,812.8284647408328,wind,2017-06-15 23:00:00,day_ahead
2017-06-16 08:00:00,729.6905284267409,wind,2017-06-15 23:00:00,day_ahead
2017-06-16 09:00:00,636.0898540614774,wind,2017-06-15 23:00:00,day_ahead
2017-06-16 10:00:00,560.1930982336742,wind,2017-06-15 23:00:00,day_ahead
2017-06-16 11:00:00,522.2943724103575,wind,2017-06-15 23:00:00,day_ahead
2017-06-16 12:00:00,523.9462637313576,wind,2017-06-15 23:00:00,day_ahead
2017-06-16 13:00:00,550.9813910428644,wind,2017-06-15 23:00:00,day_ahead
2017-06-16 14:00:00,586.8352807870367,wind,2017-06-15 23:00:00,day_ahead
2017-06-16 15:00:00,624.2995664562617,wind,2017-06-15 23:00:00,day_ahead
2017-06-16 16:00:00,666.3971289437018,wind,2017-06-15 23:00:00,day_ahead
2017-06-16 17:00:00,717.6113330968457,wind,2017-06-15 23:00:00,day_ahead
2017-06-16 18:00:00,775.1278241527623,wind,2017-06-15 23:00:00,day_ahead
2017-06-16 19:00:00,828.5092458597128,wind,2017-06-15 23:00:00,day_ahead
2017-06-16 20:00:00,867.311101497399,wind,2017-06-15 23:00:00,day_ahead
2017-06-16 21:00:00,888.6557147076225,wind,2017-06-15 23:00:00,day_ahead
2017-06-16 22:00:00,897.7378217886785,wind,2017-06-15 23:00:00,day_ahead
2017-06-16 23:00:00,901.8995854448971,wind,2017-06-15 23:00:00,day_ahead
2017-06-17 00:00:00,899.9545949456183,wind,2017-06-16 23:00:00,day_ahead
2017-06-17 01:00:00,902.8597550218458,wind,2017-06-16 23:00:00,day_ahead
2017-06-17 02:00:00,906.0021558443777,wind,2017-06-16 23:00:00,day_ahead
2017-06-17 03:00:00,912.3340878014603,wind,2017-06-16 23:00:00,day_ahead
2017-06-17 04:00:00,922.6112842197472,wind,2017-06-16 23:00:00,day_ahead
2017-06-17 05:00:00,929.5134571933623,wind,2017-06-16 23:00:00,day_ahead
2017-06-17 06:00:00,918.0708719247011,wind,2017-06-16 23:00:00,day_ahead
2017-06-17 07:00:00,875.2897646436304,wind,2017-06-16 23:00:00,day_ahead
2017-06-17 08:00:00,802.428206723918,wind,2017-06-16 23:00:00,day_ahead
2017-06-17 09:00:00,718.9486624279268,wind,2017-06-16 23:00:00,day_ahead
2017-06-17 10:00:00,653.0076749597418,wind,2017-06-16 23:00:00,day_ahead
2017-06-17 11:00:00,624.8065050182495,wind,2017-06-16 23:00:00,day_ahead
2017-06-17 12:00:00,635.7073705966786,wind,2017-06-16 23:00:00,day_ahead
2017-06-17 13:00:00,671.3389182633505,wind,2017-06-16 23:00:00,day_ahead
2017-06-17 14:00:00,715.0218310644451,wind,2017-06-16 23:00:00,day_ahead
2017-06-17 15:00:00,759.5421352475009,wind,2017-06-16 23:00:00,day_ahead
2017-06-17 16:00:00,807.943946769529,wind,2017-06-16 23:00:00,day_ahead
2017-06-17 17:00:00,864.6575292791772,wind,2017-06-16 23:00:00,day_ahead
2017-06-17 18:00:00,926.7255703088742,wind,2017-06-16 23:00:00,day_ahead
2017-06-17 19:00:00,983.5674853943417,wind,2017-06-16 23:00:00,day_ahead
2017-06-17 20:00:00,1024.7022510897402,wind,2017-06-16 23:00:00,day_ahead
2017-06-17 21:00:00,1047.3371968231306,wind,2017-06-16 23:00:00,day_ahead
2017-06-17 22:00:00,1056.7743094785312,wind,2017-06-16 23:00:00,day_ahead
2017-06-17 23:00:00,1060.3620514722154,wind,2017-06-16 23:00:00,day_ahead
2017-06-18 00:00:00,1050.4141152668537,wind,2017-06-17 23:00:00,day_ahead
2017-06-18 01:00:00,1050.2962183452455,wind,2017-06-17 23:00:00,day_ahead
2017-06-18 02:00:00,1049.3874741160255,wind,2017-06-17 23:00:00,day_ahead
2017-06-18 03:00:00,1050.5803495546152,wind,2017-06-17 23:00:00,day_ahead
2017-06-18 04:00:00,1054.6061463276665,wind,2017-06-17 23:00:00,day_ahead
2017-06-18 05:00:00,1054.194522871608,wind,2017-06-17 23:00:00,day_ahead
2017-06-18 06:00:00,1034.4769324510476,wind,2017-06-17 23:00:00,day_ahead
2017-06-18 07:00:00,982.5581503461576,wind,2017-06-17 23:00:00,day_ahead
2017-06-18 08:00:00,899.764177661357,wind,2017-06-17 23:00:00,day_ahead
2017-06-18 09:00:00,805.6166925995162,wind,2017-06-17 23:00:00,day_ahead
2017-06-18 10:00:00,728.3636729498112,wind,2017-06-17 23:00:00,day_ahead
2017-06-18 11:00:00,688.3394434683023,wind,2017-06-17 23:00:00,day_ahead
2017-06-18 12:00:00,687.0431581234685,wind,2017-06-17 23:00:00,day_ahead
2017-06-18 13:00:00,710.1962451059607,wind,2017-06-17 23:00:00,day_ahead
2017-06-18 14:00:00,741.1612595735239,wind,2017-06-17 23:00:00,day_ahead
2017-06-18 15:00:00,772.7612636486326,wind,2017-06-17 23:00:00,day_ahead
2017-06-18 16:00:00,808.1282872747596,wind,2017-06-17 23:00:00,day_ahead
2017-06-18 17:00:00,851.840535222552,wind,2017-06-17 23:00:00,day_ahead
2017-06-18 18:00:00,901.0991814830988,wind,2017-06-17 23:00:00,day_ahead
2017-06-18 19:00:00,945.4312044252293,wind,2017-06-17 23:00:00,day_ahead
2017-06-18 20:00:00,974.3997115754225,wind,2017-06-17 23:00:00,day_ahead
2017-06-18 21:00:00,985.2438575220087,wind,2017-06-17 23:00:00,day_ahead
2017-06-18 22:00:00,983.3517558484674,wind,2017-06-17 23:00:00,day_ahead
2017-06-18 23:00:00,976.2285482218393,wind,2017-06-17 23:00:00,day_ahead
2017-06-19 00:00:00,949.266581831985,wind,2017-06-18 23:00:00,day_ahead
2017-06-19 01:00:00,940.1870649730196,wind,2017-06-18 23:00:00,day_ahead
2017-06-19 02:00:00,931.0761993408313,wind,2017-06-18 23:00:00,day_ahead
2017-06-19 03:00:00,924.9130850852648,wind,2017-06-18 23:00:00,day_ahead
2017-06-19 04:00:00,922.5101130411113,wind,2017-06-18 23:00:00,day_ahead
2017-06-19 05:00:00,916.641998974615,wind,2017-06-18 23:00:00,day_ahead
2017-06-19 06:00:00,892.4540800971827,wind,2017-06-18 23:00:00,day_ahead
2017-06-19 07:00:00,837.0580577206595,wind,2017-06-18 23:00:00,day_ahead
2017-06-19 08:00:00,751.7910588316738,wind,2017-06-18 23:00:00,day_ahead
2017-06-19 09:00:00,656.1758804224044,wind,2017-06-18 23:00:00,day_ahead
2017-06-19 10:00:00,578.4318771061445,wind,2017-06-18 23:00:00,day_ahead
2017-06-19 11:00:00,538.8376457159638,wind,2017-06-18 23:00:00,day_ahead
2017-06-19 12:00:00,538.8371297399977,wind,2017-06-18 23:00:00,day_ahead
2017-06-19 13:00:00,564.121147454355,wind,2017-06-18 23:00:00,day_ahead
2017-06-19 14:00:00,598.0366367272138,wind,2017-06-18 23:00:00,day_ahead
2017-06-19 15:00:00,633.3657034121256,wind,2017-06-18 23:00:00,day_ahead
2017-06-19 16:00:00,673.1414857782704,wind,2017-06-18 23:00:00,day_ahead
2017-06-19 17:00:00,721.7986777804607,wind,2017-06-18 23:00:00,day_ahead
2017-06-19 18:00:00,776.4074341136909,wind,2017-06-18 23:00:00,day_ahead
2017-06-19 19:00:00,826.4312847056007,wind,2017-06-18 23:00:00,day_ahead
2017-06-19 20:00:00,861.4406838183718,wind,2017-06-18 23:00:00,day_ahead
2017-06-19 21:00:00,878.6971916743986,wind,2017-06-18 23:00:00,day_ahead
2017-06-19 22:00:00,883.5562813798246,wind,2017-06-18 23:00:00,day_ahead
2017-06-19 23:00:00,883.4086375813883,wind,2017-06-18 23:00:00,day_ahead
2017-06-20 00:00:00,885.241371807939,wind,2017-06-19 23:00:00,day_ahead
2017-06-20 01:00:00,882.769772147939,wind,2017-06-19 23:00:00,day_ahead
2017-06-20 02:00:00,880.392791060948,wind,2017-06-19 23:00:00,day_ahead
2017-06-20 03:00:00,880.9054026815568,wind,2017-06-19 23:00:00,day_ahead
2017-06-20 04:00:00,884.8808439213774,wind,2017-06-19 23:00:00,day_ahead
2017-06-20 05:00:00,884.9864581356239,wind,2017-06-19 23:00:00,day_ahead
2017-06-20 06:00:00,866.4537506788738,wind,2017-06-19 23:00:00,day_ahead
2017-06-20 07:00:00,816.5506414263191,wind,2017-06-19 23:00:00,day_ahead
2017-06-20 08:00:00,736.6485785076759,wind,2017-06-19 23:00:00,day_ahead
2017-06-20 09:00:00,646.1036047363723,wind,2017-06-19 23:00:00,day_ahead
2017-06-20 10:00:00,572.8736171216016,wind,2017-06-19 23:00:00,day_ahead
2017-06-20 11:00:00,537.0716034338197,wind,2017-06-19 23:00:00,day_ahead
2017-06-20 12:00:00,540.1731552233636,wind,2017-06-19 23:00:00,day_ahead
2017-06-20 13:00:00,568.0314261097343,wind,2017-06-19 23:00:00,day_ahead
2017-06-20 14:00:00,604.1349142751222,wind,2017-06-19 23:00:00,day_ahead
2017-06-20 15:00:00,641.3023420301857,wind,2017-06-19 23:00:00,day_ahead
2017-06-20 16:00:00,682.5483734646025,wind,2017-06-19 23:00:00,day_ahead
2017-06-20 17:00:00,732.3394179601296,wind,2017-06-19 23:00:00,day_ahead
2017-06-20 18:00:00,787.8558355307475,wind,2017-06-19 23:00:00,day_ahead
2017-06-20 19:00:00,838.659740412638,wind,2017-06-19 23:00:00,day_ahead
2017-06-20 20:00:00,874.2964491002972,wind,2017-06-19 23:00:00,day_ahead
2017-06-20 21:00:00,891.8782457530995,wind,2017-06-19 23:00:00,day_ahead
2017-06-20 22:00:00,896.6243804734468,wind,2017-06-19 23:00:00,day_ahead
2017-06-20 23:00:00,895.9571031573722,wind,2017-06-19 23:00:00,day_ahead
2017-06-21 00:00:00,889.6719955173232,wind,2017-06-20 23:00:00,day_ahead
2017-06-21 01:00:00,887.0823199033094,wind,2017-06-20 23:00:00,day_ahead
2017-06-21 02:00:00,884.4125614849618,wind,2017-06-20 23:00:00,day_ahead
2017-06-21 03:00:00,884.4951802331404,wind,2017-06-20 23:00:00,day_ahead
2017-06-21 04:00:00,888.0426615219449,wind,2017-06-20 23:00:00,day_ahead
2017-06-21 05:00:00,887.8647288076472,wind,2017-06-20 23:00:00,day_ahead
2017-06-21 06:00:00,869.2455503217051,wind,2017-06-20 23:00:00,day_ahead
2017-06-21 07:00:00,819.4101287264494,wind,2017-06-20 23:00:00,day_ahead
2017-06-21 08:00:00,739.670493997719,wind,2017-06-20 23:00:00,day_ahead
2017-06-21 09:00:00,649.3911970725854,wind,2017-06-20 23:00:00,day_ahead
2017-06-21 10:00:00,576.6175215830218,wind,2017-06-20 23:00:00,day_ahead
2017-06-21 11:00:00,541.5618790711975,wind,2017-06-20 23:00:00,day_ahead
2017-06-21 12:00:00,545.7356824748313,wind,2017-06-20 23:00:00,day_ahead
2017-06-21 13:00:00,574.9508384571088,wind,2017-06-20 23:00:00,day_ahead
2017-06-21 14:00:00,612.6306165140952,wind,2017-06-20 23:00:00,day_ahead
2017-06-21 15:00:00,651.5633195719892,wind,2017-06-20 23:00:00,day_ahead
2017-06-21 16:00:00,694.7727960952491,wind,2017-06-20 23:00:00,day_ahead
2017-06-21 17:00:00,746.7279214332804,wind,2017-06-20 23:00:00,day_ahead
2017-06-21 18:00:00,804.5664869006272,wind,2017-06-20 23:00:00,day_ahead
2017-06-21 19:00:00,857.7819896297833,wind,2017-06-20 23:00:00,day_ahead
2017-06-21 20:00:00,895.8850097892353,wind,2017-06-20 23:00:00,day_ahead
2017-06-21 21:00:00,916.0199301144893,wind,2017-06-20 23:00:00,day_ahead
2017-06-21 22:00:00,923.4629175511674,wind,2017-06-20 23:00:00,day_ahead
2017-06-21 23:00:00,925.6285556031615,wind,2017-06-20 23:00:00,day_ahead
2017-06-22 00:00:00,916.4144867867091,wind,2017-06-21 23:00:00,day_ahead
2017-06-22 01:00:00,916.3625392358404,wind,2017-06-21 23:00:00,day_ahead
2017-06-22 02:00:00,916.0863195347929,wind,2017-06-21 23:00:00,day_ahead
2017-06-22 03:00:00,918.2684462063046,wind,2017-06-21 23:00:00,day_ahead
2017-06-22 04:00:00,923.5000668033781,wind,2017-06-21 23:00:00,day_ahead
2017-06-22 05:00:00,924.5409928936508,wind,2017-06-21 23:00:00,day_ahead
2017-06-22 06:00:00,906.6928686404503,wind,2017-06-21 23:00:00,day_ahead
2017-06-22 07:00:00,857.223890002447,wind,2017-06-21 23:00:00,day_ahead
2017-06-22 08:00:00,777.4704693980616,wind,2017-06-21 23:00:00,day_ahead
2017-06-22 09:00:00,686.7852596213903,wind,2017-06-21 23:00:00,day_ahead
2017-06-22 10:00:00,613.1781625774779,wind,2017-06-21 23:00:00,day_ahead
2017-06-22 11:00:00,576.826232861868,wind,2017-06-21 23:00:00,day_ahead
2017-06-22 12:00:00,579.2194537449445,wind,2017-06-21 23:00:00,day_ahead
2017-06-22 13:00:00,606.1625408628855,wind,2017-06-21 23:00:00,day_ahead
2017-06-22 14:00:00,641.0822783853962,wind,2017-06-21 23:00:00,day_ahead
2017-06-22 15:00:00,676.7817076846061,wind,2017-06-21 23:00:00,day_ahead
2017-06-22 16:00:00,716.3117075403666,wind,2017-06-21 23:00:00,day_ahead
2017-06-22 17:00:00,764.1739824569495,wind,2017-06-21 23:00:00,day_ahead
2017-06-22 18:00:00,817.5321816584128,wind,2017-06-21 23:00:00,day_ahead
2017-06-22 19:00:00,865.893614111531,wind,2017-06-21 23:00:00,day_ahead
2017-06-22 20:00:00,898.7860909016886,wind,2017-06-21 23:00:00,day_ahead
2017-06-22 21:00:00,913.404911562989,wind,2017-06-21 23:00:00,day_ahead
2017-06-22 22:00:00,915.1306313007663,wind,2017-06-21 23:00:00,day_ahead
2017-06-22 23:00:00,911.5208076688145,wind,2017-06-21 23:00:00,day_ahead
2017-06-23 00:00:00,899.5912906044138,wind,2017-06-22 23:00:00,day_ahead
2017-06-23 01:00:00,893.5414472762895,wind,2017-06-22 23:00:00,day_ahead
2017-06-23 02:00:00,887.5006401797882,wind,2017-06-22 23:00:00,day_ahead
2017-06-23 03:00:00,884.2539633925686,wind,2017-06-22 23:00:00,day_ahead
2017-06-23 04:00:00,884.381788986149,wind,2017-06-22 23:00:00,day_ahead
2017-06-23 05:00:00,880.6034464374592,wind,2017-06-22 23:00:00,day_ahead
2017-06-23 06:00:00,858.2482792749464,wind,2017-06-22 23:00:00,day_ahead
2017-06-23 07:00:00,804.7057172649709,wind,2017-06-22 23:00:00,day_ahead
2017-06-23 08:00:00,721.4638150489513,wind,2017-06-22 23:00:00,day_ahead
2017-06-23 09:00:00,627.9710193399499,wind,2017-06-22 23:00:00,day_ahead
2017-06-23 10:00:00,552.2482660789701,wind,2017-06-22 23:00:00,day_ahead
2017-06-23 11:00:00,514.4466059967864,wind,2017-06-22 23:00:00,day_ahead
2017-06-23 12:00:00,516.0625208046896,wind,2017-06-22 23:00:00,day_ahead
2017-06-23 13:00:00,542.9615344896441,wind,2017-06-22 23:00:00,day_ahead
2017-06-23 14:00:00,578.6447695298417,wind,2017-06-22 23:00:00,day_ahead
2017-06-23 15:00:00,615.9497157177985,wind,2017-06-22 23:00:00,day_ahead
2017-06-23 16:00:00,657.9140971091088,wind,2017-06-22 23:00:00,day_ahead
2017-06-23 17:00:00,709.0211348605005,wind,2017-06-22 23:00:00,day_ahead
2017-06-23 18:00:00,766.4498129330266,wind,2017-06-22 23:00:00,day_ahead
2017-06-23 19:00:00,819.7409558341906,wind,2017-06-22 23:00:00,day_ahead
2017-06-23 20:00:00,858.412444401342,wind,2017-06-22 23:00:00,day_ahead
2017-06-23 21:00:00,879.5636739165946,wind,2017-06-22 23:00:00,day_ahead
2017-06-23 22:00:00,888.4252474071609,wind,2017-06-22 23:00:00,day_ahead
2017-06-23 23:00:00,892.4411248418833,wind,2017-06-22 23:00:00,day_ahead
2017-06-24 00:00:00,899.831615959583,wind,2017-06-23 23:00:00,day_ahead
2017-06-24 01:00:00,902.6626951640344,wind,2017-06-23 23:00:00,day_ahead
2017-06-24 02:00:00,905.8650959485088,wind,2017-06-23 23:00:00,day_ahead
2017-06-24 03:00:00,912.1826217593255,wind,2017-06-23 23:00:00,day_ahead
2017-06-24 04:00:00,922.1784876394217,wind,2017-06-23 23:00:00,day_ahead
2017-06-24 05:00:00,928.5315284417907,wind,2017-06-23 23:00:00,day_ahead
2017-06-24 06:00:00,916.4749126873098,wind,2017-06-23 23:00:00,day_ahead
2017-06-24 07:00:00,873.2627417740114,wind,2017-06-23 23:00:00,day_ahead
2017-06-24 08:00:00,800.2639142914252,wind,2017-06-23 23:00:00,day_ahead
2017-06-24 09:00:00,716.8677711414259,wind,2017-06-23 23:00:00,day_ahead
2017-06-24 10:00:00,651.082709959219,wind,2017-06-23 23:00:00,day_ahead
2017-06-24 11:00:00,623.0264851659881,wind,2017-06-23 23:00:00,day_ahead
2017-06-24 12:00:00,634.0750458286593,wind,2017-06-23 23:00:00,day_ahead
2017-06-24 13:00:00,669.8802461571485,wind,2017-06-23 23:00:00,day_ahead
2017-06-24 14:00:00,713.7028136063639,wind,2017-06-23 23:00:00,day_ahead
2017-06-24 15:00:00,758.2041909923526,wind,2017-06-23 23:00:00,day_ahead
2017-06-24 16:00:00,806.359711575159,wind,2017-06-23 23:00:00,day_ahead
2017-06-24 17:00:00,862.6814491010989,wind,2017-06-23 23:00:00,day_ahead
2017-06-24 18:00:00,924.4013539377218,wind,2017-06-23 23:00:00,day_ahead
2017-06-24 19:00:00,981.0799086874948,wind,2017-06-23 23:00:00,day_ahead
2017-06-24 20:00:00,1022.2070520460085,wind,2017-06-23 23:00:00,day_ahead
2017-06-24 21:00:00,1044.826034937589,wind,2017-06-23 23:00:00,day_ahead
2017-06-24 22:00:00,1054.104488634356,wind,2017-06-23 23:00:00,day_ahead
2017-06-24 23:00:00,1057.4227106840822,wind,2017-06-23 23:00:00,day_ahead
2017-06-25 00:00:00,1060.9259757256846,wind,2017-06-24 23:00:00,day_ahead
2017-06-25 01:00:00,1060.7656834041306,wind,2017-06-24 23:00:00,day_ahead
2017-06-25 02:00:00,1059.7994291283326,wind,2017-06-24 23:00:00,day_ahead
2017-06-25 03:00:00,1060.7694268369614,wind,2017-06-24 23:00:00,day_ahead
2017-06-25 04:00:00,1064.3022012042602,wind,2017-06-24 23:00:00,day_ahead
2017-06-25 05:00:00,1063.1859674671075,wind,2017-06-24 23:00:00,day_ahead
2017-06-25 06:00:00,1042.7677429841942,wind,2017-06-24 23:00:00,day_ahead
2017-06-25 07:00:00,990.392718751724,wind,2017-06-24 23:00:00,day_ahead
2017-06-25 08:00:00,907.5037632680159,wind,2017-06-24 23:00:00,day_ahead
2017-06-25 09:00:00,813.5693552614994,wind,2017-06-24 23:00:00,day_ahead
2017-06-25 10:00:00,736.6900930525339,wind,2017-06-24 23:00:00,day_ahead
2017-06-25 11:00:00,697.070993121856,wind,2017-06-24 23:00:00,day_ahead
2017-06-25 12:00:00,696.1473497120545,wind,2017-06-24 23:00:00,day_ahead
2017-06-25 13:00:00,719.6056160657984,wind,2017-06-24 23:00:00,day_ahead
2017-06-25 14:00:00,750.7524335454045,wind,2017-06-24 23:00:00,day_ahead
2017-06-25 15:00:00,782.3469478707136,wind,2017-06-24 23:00:00,day_ahead
2017-06-25 16:00:00,817.5207273160913,wind,2017-06-24 23:00:00,day_ahead
2017-06-25 17:00:00,860.9633632838929,wind,2017-06-24 23:00:00,day_ahead
2017-06-25 18:00:00,910.0539816250368,wind,2017-06-24 23:00:00,day_ahead
2017-06-25 19:00:00,954.4467691246234,wind,2017-06-24 23:00:00,day_ahead
2017-06-25 20:00:00,983.6932701243982,wind,2017-06-24 23:00:00,day_ahead
2017-06-25 21:00:00,994.9066505627743,wind,2017-06-24 23:00:00,day_ahead
2017-06-25 22:00:00,993.35056860789,wind,2017-06-24 23:00:00,day_ahead
2017-06-25 23:00:00,986.5054042880672,wind,2017-06-24 23:00:00,day_ahead
2017-06-26 00:00:00,963.1153118451003,wind,2017-06-25 23:00:00,day_ahead
2017-06-26 01:00:00,954.2407280121786,wind,2017-06-25 23:00:00,day_ahead
2017-06-26 02:00:00,945.3155702376355,wind,2017-06-25 23:00:00,day_ahead
2017-06-26 03:00:00,939.217627842791,wind,2017-06-25 23:00:00,day_ahead
2017-06-26 04:00:00,936.6845031309931,wind,2017-06-25 23:00:00,day_ahead
2017-06-26 05:00:00,930.5270954488223,wind,2017-06-25 23:00:00,day_ahead
2017-06-26 06:00:00,906.030096369346,wind,2017-06-25 23:00:00,day_ahead
2017-06-26 07:00:00,850.4589311685608,wind,2017-06-25 23:00:00,day_ahead
2017-06-26 08:00:00,765.2305720787541,wind,2017-06-25 23:00:00,day_ahead
2017-06-26 09:00:00,669.85473164541,wind,2017-06-25 23:00:00,day_ahead
2017-06-26 10:00:00,592.488554680427,wind,2017-06-25 23:00:00,day_ahead
2017-06-26 11:00:00,553.3432151768266,wind,2017-06-25 23:00:00,day_ahead
2017-06-26 12:00:00,553.789064018539,wind,2017-06-25 23:00:00,day_ahead
2017-06-26 13:00:00,579.4129162071721,wind,2017-06-25 23:00:00,day_ahead
2017-06-26 14:00:00,613.4394281994483,wind,2017-06-25 23:00:00,day_ahead
2017-06-26 15:00:00,648.581746917337,wind,2017-06-25 23:00:00,day_ahead
2017-06-26 16:00:00,687.9360501902868,wind,2017-06-25 23:00:00,day_ahead
2017-06-26 17:00:00,736.1336376530937,wind,2017-06-25 23:00:00,day_ahead
2017-06-26 18:00:00,790.470355947054,wind,2017-06-25 23:00:00,day_ahead
2017-06-26 19:00:00,840.5220722676356,wind,2017-06-25 23:00:00,day_ahead
2017-06-26 20:00:00,875.791027403528,wind,2017-06-25 23:00:00,day_ahead
2017-06-26 21:00:00,893.354624194658,wind,2017-06-25 23:00:00,day_ahead
2017-06-26 22:00:00,898.4095388922028,wind,2017-06-25 23:00:00,day_ahead
2017-06-26 23:00:00,898.31138271706,wind,2017-06-25 23:00:00,day_ahead
2017-06-27 00:00:00,895.8282846035079,wind,2017-06-26 23:00:00,day_ahead
2017-06-27 01:00:00,893.2106677058221,wind,2017-06-26 23:00:00,day_ahead
2017-06-27 02:00:00,890.5660795886021,wind,2017-06-26 23:00:00,day_ahead
2017-06-27 03:00:00,890.7492256294233,wind,2017-06-26 23:00:00,day_ahead
2017-06-27 04:00:00,894.3683864594345,wind,2017-06-26 23:00:00,day_ahead
2017-06-27 05:00:00,894.0717209197928,wind,2017-06-26 23:00:00,day_ahead
2017-06-27 06:00:00,875.0467022649998,wind,2017-06-26 23:00:00,day_ahead
2017-06-27 07:00:00,824.5597600123181,wind,2017-06-26 23:00:00,day_ahead
2017-06-27 08:00:00,744.0683685114111,wind,2017-06-26 23:00:00,day_ahead
2017-06-27 09:00:00,653.0768379892057,wind,2017-06-26 23:00:00,day_ahead
2017-06-27 10:00:00,579.6673222115637,wind,2017-06-26 23:00:00,day_ahead
2017-06-27 11:00:00,543.9678458138021,wind,2017-06-26 23:00:00,day_ahead
2017-06-27 12:00:00,547.3398028078085,wind,2017-06-26 23:00:00,day_ahead
2017-06-27 13:00:00,575.4521768163847,wind,2017-06-26 23:00:00,day_ahead
2017-06-27 14:00:00,611.6333903754953,wind,2017-06-26 23:00:00,day_ahead
2017-06-27 15:00:00,648.631932932057,wind,2017-06-26 23:00:00,day_ahead
2017-06-27 16:00:00,689.4877510658516,wind,2017-06-26 23:00:00,day_ahead
2017-06-27 17:00:00,738.7497768423157,wind,2017-06-26 23:00:00,day_ahead
2017-06-27 18:00:00,793.6941864520777,wind,2017-06-26 23:00:00,day_ahead
2017-06-27 19:00:00,843.9656291969255,wind,2017-06-26 23:00:00,day_ahead
2017-06-27 20:00:00,879.1649722846884,wind,2017-06-26 23:00:00,day_ahead
2017-06-27 21:00:00,896.4194681165525,wind,2017-06-26 23:00:00,day_ahead
2017-06-27 22:00:00,900.9121588019816,wind,2017-06-26 23:00:00,day_ahead
2017-06-27 23:00:00,899.9882228654119,wind,2017-06-26 23:00:00,day_ahead
2017-06-28 00:00:00,960.5177477016475,wind,2017-06-27 23:00:00,day_ahead
2017-06-28 01:00:00,956.3211610254618,wind,2017-06-27 23:00:00,day_ahead
2017-06-28 02:00:00,952.3510388511851,wind,2017-06-27 23:00:00,day_ahead
2017-06-28 03:00:00,951.5454306703236,wind,2017-06-27 23:00:00,day_ahead
2017-06-28 04:00:00,954.3905982671488,wind,2017-06-27 23:00:00,day_ahead
2017-06-28 05:00:00,953.3524876310605,wind,2017-06-27 23:00:00,day_ahead
2017-06-28 06:00:00,933.5511944429365,wind,2017-06-27 23:00:00,day_ahead
2017-06-28 07:00:00,882.3569167229517,wind,2017-06-27 23:00:00,day_ahead
2017-06-28 08:00:00,801.4103422159133,wind,2017-06-27 23:00:00,day_ahead
2017-06-28 09:00:00,710.3424274897211,wind,2017-06-27 23:00:00,day_ahead
2017-06-28 10:00:00,637.2507895671201,wind,2017-06-27 23:00:00,day_ahead
2017-06-28 11:00:00,602.2217904509796,wind,2017-06-27 23:00:00,day_ahead
2017-06-28 12:00:00,606.5972413667266,wind,2017-06-27 23:00:00,day_ahead
2017-06-28 13:00:00,636.058262202113,wind,2017-06-27 23:00:00,day_ahead
2017-06-28 14:00:00,673.9141855318016,wind,2017-06-27 23:00:00,day_ahead
2017-06-28 15:00:00,712.815101919398,wind,2017-06-27 23:00:00,day_ahead
2017-06-28 16:00:00,755.6664677681639,wind,2017-06-27 23:00:00,day_ahead
2017-06-28 17:00:00,806.9545388666043,wind,2017-06-27 23:00:00,day_ahead
2017-06-28 18:00:00,864.0259452337159,wind,2017-06-27 23:00:00,day_ahead
2017-06-28 19:00:00,916.6626403753603,wind,2017-06-27 23:00:00,day_ahead
2017-06-28 20:00:00,954.5190774103237,wind,2017-06-27 23:00:00,day_ahead
2017-06-28 21:00:00,974.596299995095,wind,2017-06-27 23:00:00,day_ahead
2017-06-28 22:00:00,981.8324714113417,wind,2017-06-27 23:00:00,day_ahead
2017-06-28 23:00:00,983.3872259409945,wind,2017-06-27 23:00:00,day_ahead
2017-06-29 00:00:00,1089.5286869798913,wind,2017-06-28 23:00:00,day_ahead
2017-06-29 01:00:00,1087.7279917895712,wind,2017-06-28 23:00:00,day_ahead
2017-06-29 02:00:00,1085.9406483165658,wind,2017-06-28 23:00:00,day_ahead
2017-06-29 03:00:00,1087.1022294240647,wind,2017-06-28 23:00:00,day_ahead
2017-06-29 04:00:00,1091.7065132048647,wind,2017-06-28 23:00:00,day_ahead
2017-06-29 05:00:00,1092.1766111820668,wind,2017-06-28 23:00:00,day_ahead
2017-06-29 06:00:00,1073.5377746174856,wind,2017-06-28 23:00:00,day_ahead
2017-06-29 07:00:00,1023.0665723226022,wind,2017-06-28 23:00:00,day_ahead
2017-06-29 08:00:00,942.3637744997675,wind,2017-06-28 23:00:00,day_ahead
2017-06-29 09:00:00,851.0761583115595,wind,2017-06-28 23:00:00,day_ahead
2017-06-29 10:00:00,777.3284429554071,wind,2017-06-28 23:00:00,day_ahead
2017-06-29 11:00:00,741.2036569489165,wind,2017-06-28 23:00:00,day_ahead
2017-06-29 12:00:00,744.0120242543633,wind,2017-06-28 23:00:00,day_ahead
2017-06-29 13:00:00,771.4120611676404,wind,2017-06-28 23:00:00,day_ahead
2017-06-29 14:00:00,806.7251495466929,wind,2017-06-28 23:00:00,day_ahead
2017-06-29 15:00:00,842.630190848457,wind,2017-06-28 23:00:00,day_ahead
2017-06-29 16:00:00,882.0361810295017,wind,2017-06-28 23:00:00,day_ahead
2017-06-29 17:00:00,929.393602676261,wind,2017-06-28 23:00:00,day_ahead
2017-06-29 18:00:00,982.0164643076207,wind,2017-06-28 23:00:00,day_ahead
2017-06-29 19:00:00,1029.7254498542693,wind,2017-06-28 23:00:00,day_ahead
2017-06-29 20:00:00,1062.313420669827,wind,2017-06-28 23:00:00,day_ahead
2017-06-29 21:00:00,1076.9711015525288,wind,2017-06-28 23:00:00,day_ahead
2017-06-29 22:00:00,1078.7847350060163,wind,2017-06-28 23:00:00,day_ahead
2017-06-29 23:00:00,1074.9594638242477,wind,2017-06-28 23:00:00,day_ahead
2017-06-30 00:00:00,1173.0574429662522,wind,2017-06-29 23:00:00,day_ahead
2017-06-30 01:00:00,1165.798335223539,wind,2017-06-29 23:00:00,day_ahead
2017-06-30 02:00:00,1158.6602332821114,wind,2017-06-29 23:00:00,day_ahead
2017-06-30 03:00:00,1154.6433244300563,wind,2017-06-29 23:00:00,day_ahead
2017-06-30 04:00:00,1154.289233166071,wind,2017-06-29 23:00:00,day_ahead
2017-06-30 05:00:00,1150.068330034155,wind,2017-06-29 23:00:00,day_ahead
2017-06-30 06:00:00,1127.0723754753744,wind,2017-06-29 23:00:00,day_ahead
2017-06-30 07:00:00,1072.6665693952282,wind,2017-06-29 23:00:00,day_ahead
2017-06-30 08:00:00,988.5454342609194,wind,2017-06-29 23:00:00,day_ahead
2017-06-30 09:00:00,894.4343491021577,wind,2017-06-29 23:00:00,day_ahead
2017-06-30 10:00:00,818.5157520266639,wind,2017-06-29 23:00:00,day_ahead
2017-06-30 11:00:00,780.9186730533812,wind,2017-06-29 23:00:00,day_ahead
2017-06-30 12:00:00,782.9952813863607,wind,2017-06-29 23:00:00,day_ahead
2017-06-30 13:00:00,810.4342210983083,wind,2017-06-29 23:00:00,day_ahead
2017-06-30 14:00:00,846.5577919178332,wind,2017-06-29 23:00:00,day_ahead
2017-06-30 15:00:00,884.0111822256149,wind,2017-06-29 23:00:00,day_ahead
2017-06-30 16:00:00,925.6565466795207,wind,2017-06-29 23:00:00,day_ahead
2017-06-30 17:00:00,975.9226013727393,wind,2017-06-29 23:00:00,day_ahead
2017-06-30 18:00:00,1032.151621058615,wind,2017-06-29 23:00:00,day_ahead
2017-06-30 19:00:00,1084.2308722884486,wind,2017-06-29 23:00:00,day_ahead
2017-06-30 20:00:00,1122.0154169190173,wind,2017-06-29 23:00:00,day_ahead
2017-06-30 21:00:00,1142.7117075670994,wind,2017-06-29 23:00:00,day_ahead
2017-06-30 22:00:00,1151.3641998281175,wind,2017-06-29 23:00:00,day_ahead
2017-06-30 23:00:00,1155.1020160472178,wind,2017-06-29 23:00:00,day_ahead
2017-07-01 00:00:00,1231.8619205347559,wind,2017-06-30 23:00:00,day_ahead
2017-07-01 01:00:00,1233.5500548243617,wind,2017-06-30 23:00:00,day_ahead
2017-07-01 02:00:00,1235.9062459389518,wind,2017-06-30 23:00:00,day_ahead
2017-07-01 03:00:00,1241.8168217389048,wind,2017-06-30 23:00:00,day_ahead
2017-07-01 04:00:00,1251.668437397071,wind,2017-06-30 23:00:00,day_ahead
2017-07-01 05:00:00,1257.8131715469601,wind,2017-06-30 23:00:00,day_ahead
2017-07-01 06:00:00,1245.3026533324128,wind,2017-06-30 23:00:00,day_ahead
2017-07-01 07:00:00,1201.4956826845169,wind,2017-06-30 23:00:00,day_ahead
2017-07-01 08:00:00,1128.0217813731467,wind,2017-06-30 23:00:00,day_ahead
2017-07-01 09:00:00,1044.4350171490405,wind,2017-06-30 23:00:00,day_ahead
2017-07-01 10:00:00,978.6925512875914,wind,2017-06-30 23:00:00,day_ahead
2017-07-01 11:00:00,950.7557319705347,wind,2017-06-30 23:00:00,day_ahead
2017-07-01 12:00:00,961.934871969235,wind,2017-06-30 23:00:00,day_ahead
2017-07-01 13:00:00,997.9606948507759,wind,2017-06-30 23:00:00,day_ahead
2017-07-01 14:00:00,1042.164468660103,wind,2017-06-30 23:00:00,day_ahead
2017-07-01 15:00:00,1087.0809181718273,wind,2017-06-30 23:00:00,day_ahead
2017-07-01 16:00:00,1135.3644354083533,wind,2017-06-30 23:00:00,day_ahead
2017-07-01 17:00:00,1191.2467136414712,wind,2017-06-30 23:00:00,day_ahead
2017-07-01 18:00:00,1251.9785727742428,wind,2017-06-30 23:00:00,day_ahead
2017-07-01 19:00:00,1307.4624006255679,wind,2017-06-30 23:00:00,day_ahead
2017-07-01 20:00:00,1347.5936267541977,wind,2017-06-30 23:00:00,day_ahead
2017-07-01 21:00:00,1369.5666452672745,wind,2017-06-30 23:00:00,day_ahead
2017-07-01 22:00:00,1378.3601291185396,wind,2017-06-30 23:00:00,day_ahead
2017-07-01 23:00:00,1381.0489058045046,wind,2017-06-30 23:00:00,day_ahead
2017-07-02 00:00:00,1407.6711719742516,wind,2017-07-01 23:00:00,day_ahead
2017-07-02 01:00:00,1406.8793058144863,wind,2017-07-01 23:00:00,day_ahead
2017-07-02 02:00:00,1405.2821560083507,wind,2017-07-01 23:00:00,day_ahead
2017-07-02 03:00:00,1405.8080071137044,wind,2017-07-01 23:00:00,day_ahead
2017-07-02 04:00:00,1409.0863512500491,wind,2017-07-01 23:00:00,day_ahead
2017-07-02 05:00:00,1407.7272593654286,wind,2017-07-01 23:00:00,day_ahead
2017-07-02 06:00:00,1386.901812699157,wind,2017-07-01 23:00:00,day_ahead
2017-07-02 07:00:00,1333.9510157070458,wind,2017-07-01 23:00:00,day_ahead
2017-07-02 08:00:00,1250.477278996722,wind,2017-07-01 23:00:00,day_ahead
2017-07-02 09:00:00,1156.1140982455433,wind,2017-07-01 23:00:00,day_ahead
2017-07-02 10:00:00,1079.0000221540083,wind,2017-07-01 23:00:00,day_ahead
2017-07-02 11:00:00,1039.276363596347,wind,2017-07-01 23:00:00,day_ahead
2017-07-02 12:00:00,1038.3464243472079,wind,2017-07-01 23:00:00,day_ahead
2017-07-02 13:00:00,1061.9647598589054,wind,2017-07-01 23:00:00,day_ahead
2017-07-02 14:00:00,1093.5076299992002,wind,2017-07-01 23:00:00,day_ahead
2017-07-02 15:00:00,1125.6317828323383,wind,2017-07-01 23:00:00,day_ahead
2017-07-02 16:00:00,1161.14846458484,wind,2017-07-01 23:00:00,day_ahead
2017-07-02 17:00:00,1204.391258253166,wind,2017-07-01 23:00:00,day_ahead
2017-07-02 18:00:00,1252.631365752061,wind,2017-07-01 23:00:00,day_ahead
2017-07-02 19:00:00,1295.7947158384643,wind,2017-07-01 23:00:00,day_ahead
2017-07-02 20:00:00,1323.9219502779988,wind,2017-07-01 23:00:00,day_ahead
2017-07-02 21:00:00,1334.4936686270717,wind,2017-07-01 23:00:00,day_ahead
2017-07-02 22:00:00,1332.7845428775213,wind,2017-07-01 23:00:00,day_ahead
2017-07-02 23:00:00,1325.990031685603,wind,2017-07-01 23:00:00,day_ahead
2017-07-03 00:00:00,1305.4580239969594,wind,2017-07-02 23:00:00,day_ahead
2017-07-03 01:00:00,1296.2627573565119,wind,2017-07-02 23:00:00,day_ahead
2017-07-03 02:00:00,1287.1875503618508,wind,2017-07-02 23:00:00,day_ahead
2017-07-03 03:00:00,1281.2375792571952,wind,2017-07-02 23:00:00,day_ahead
2017-07-03 04:00:00,1278.9983420662466,wind,2017-07-02 23:00:00,day_ahead
2017-07-03 05:00:00,1272.9864136897675,wind,2017-07-02 23:00:00,day_ahead
2017-07-03 06:00:00,1248.3333228142064,wind,2017-07-02 23:00:00,day_ahead
2017-07-03 07:00:00,1192.4356814512325,wind,2017-07-02 23:00:00,day_ahead
2017-07-03 08:00:00,1106.9930610003912,wind,2017-07-02 23:00:00,day_ahead
2017-07-03 09:00:00,1011.6858969526224,wind,2017-07-02 23:00:00,day_ahead
2017-07-03 10:00:00,934.6071004763373,wind,2017-07-02 23:00:00,day_ahead
2017-07-03 11:00:00,895.8004068405942,wind,2017-07-02 23:00:00,day_ahead
2017-07-03 12:00:00,896.594585944039,wind,2017-07-02 23:00:00,day_ahead
2017-07-03 13:00:00,922.7247205090621,wind,2017-07-02 23:00:00,day_ahead
2017-07-03 14:00:00,957.5645658098326,wind,2017-07-02 23:00:00,day_ahead
2017-07-03 15:00:00,993.7246114735044,wind,2017-07-02 23:00:00,day_ahead
2017-07-03 16:00:00,1033.9119859801567,wind,2017-07-02 23:00:00,day_ahead
2017-07-03 17:00:00,1082.3477613424052,wind,2017-07-02 23:00:00,day_ahead
2017-07-03 18:00:00,1136.2415718263094,wind,2017-07-02 23:00:00,day_ahead
2017-07-03 19:00:00,1185.5101406388633,wind,2017-07-02 23:00:00,day_ahead
2017-07-03 20:00:00,1220.1721643338744,wind,2017-07-02 23:00:00,day_ahead
2017-07-03 21:00:00,1237.606002545568,wind,2017-07-02 23:00:00,day_ahead
2017-07-03 22:00:00,1242.907839332237,wind,2017-07-02 23:00:00,day_ahead
2017-07-03 23:00:00,1243.1010550015778,wind,2017-07-02 23:00:00,day_ahead
2017-07-04 00:00:00,1245.6642507203555,wind,2017-07-03 23:00:00,day_ahead
2017-07-04 01:00:00,1243.6255931394776,wind,2017-07-03 23:00:00,day_ahead
2017-07-04 02:00:00,1241.4873880976456,wind,2017-07-03 23:00:00,day_ahead
2017-07-04 03:00:00,1242.2228960328273,wind,2017-07-03 23:00:00,day_ahead
2017-07-04 04:00:00,1246.4071180901717,wind,2017-07-03 23:00:00,day_ahead
2017-07-04 05:00:00,1246.5154406652157,wind,2017-07-03 23:00:00,day_ahead
2017-07-04 06:00:00,1227.6014297438117,wind,2017-07-03 23:00:00,day_ahead
2017-07-04 07:00:00,1176.990220270681,wind,2017-07-03 23:00:00,day_ahead
2017-07-04 08:00:00,1096.3623830466786,wind,2017-07-03 23:00:00,day_ahead
2017-07-04 09:00:00,1005.4320923642363,wind,2017-07-03 23:00:00,day_ahead
2017-07-04 10:00:00,932.3319289451874,wind,2017-07-03 23:00:00,day_ahead
2017-07-04 11:00:00,897.1039755846257,wind,2017-07-03 23:00:00,day_ahead
2017-07-04 12:00:00,901.0333875964151,wind,2017-07-03 23:00:00,day_ahead
2017-07-04 13:00:00,929.8154921743692,wind,2017-07-03 23:00:00,day_ahead
2017-07-04 14:00:00,966.8334265122351,wind,2017-07-03 23:00:00,day_ahead
2017-07-04 15:00:00,1004.7549270020439,wind,2017-07-03 23:00:00,day_ahead
2017-07-04 16:00:00,1046.3462487731467,wind,2017-07-03 23:00:00,day_ahead
2017-07-04 17:00:00,1095.8467412048324,wind,2017-07-03 23:00:00,day_ahead
2017-07-04 18:00:00,1150.4492161663313,wind,2017-07-03 23:00:00,day_ahead
2017-07-04 19:00:00,1200.0683757446861,wind,2017-07-03 23:00:00,day_ahead
2017-07-04 20:00:00,1234.7788010638726,wind,2017-07-03 23:00:00,day_ahead
2017-07-04 21:00:00,1252.0619971918907,wind,2017-07-03 23:00:00,day_ahead
2017-07-04 22:00:00,1257.1052654669734,wind,2017-07-03 23:00:00,day_ahead
2017-07-04 23:00:00,1256.9573490570597,wind,2017-07-03 23:00:00,day_ahead
2017-07-05 00:00:00,1253.0469109463636,wind,2017-07-04 23:00:00,day_ahead
2017-07-05 01:00:00,1250.4132046530308,wind,2017-07-04 23:00:00,day_ahead
2017-07-05 02:00:00,1247.5024957240705,wind,2017-07-04 23:00:00,day_ahead
2017-07-05 03:00:00,1247.30482556663,wind,2017-07-04 23:00:00,day_ahead
2017-07-05 04:00:00,1250.5182136503165,wind,2017-07-04 23:00:00,day_ahead
2017-07-05 05:00:00,1249.7508737562964,wind,2017-07-04 23:00:00,day_ahead
2017-07-05 06:00:00,1230.1177740993971,wind,2017-07-04 23:00:00,day_ahead
2017-07-05 07:00:00,1178.9354316090116,wind,2017-07-04 23:00:00,day_ahead
2017-07-05 08:00:00,1097.8709159822574,wind,2017-07-04 23:00:00,day_ahead
2017-07-05 09:00:00,1006.6725520822839,wind,2017-07-04 23:00:00,day_ahead
2017-07-05 10:00:00,933.5423381257699,wind,2017-07-04 23:00:00,day_ahead
2017-07-05 11:00:00,898.5712917983078,wind,2017-07-04 23:00:00,day_ahead
2017-07-05 12:00:00,903.0397579469898,wind,2017-07-04 23:00:00,day_ahead
2017-07-05 13:00:00,932.6098116274925,wind,2017-07-04 23:00:00,day_ahead
2017-07-05 14:00:00,970.6539714557878,wind,2017-07-04 23:00:00,day_ahead
2017-07-05 15:00:00,1009.8642403194777,wind,2017-07-04 23:00:00,day_ahead
2017-07-05 16:00:00,1053.0167339103866,wind,2017-07-04 23:00:00,day_ahead
2017-07-05 17:00:00,1104.2855394791027,wind,2017-07-04 23:00:00,day_ahead
2017-07-05 18:00:00,1160.7257820358059,wind,2017-07-04 23:00:00,day_ahead
2017-07-05 19:00:00,1212.1268250475223,wind,2017-07-04 23:00:00,day_ahead
2017-07-05 20:00:00,1248.549775868023,wind,2017-07-04 23:00:00,day_ahead
2017-07-05 21:00:00,1267.5927608552947,wind,2017-07-04 23:00:00,day_ahead
2017-07-05 22:00:00,1274.5949951160474,wind,2017-07-04 23:00:00,day_ahead
2017-07-05 23:00:00,1276.6549322510336,wind,2017-07-04 23:00:00,day_ahead
2017-07-06 00:00:00,1250.9768328499067,wind,2017-07-05 23:00:00,day_ahead
2017-07-06 01:00:00,1250.4944550599298,wind,2017-07-05 23:00:00,day_ahead
2017-07-06 02:00:00,1249.6011954251853,wind,2017-07-05 23:00:00,day_ahead
2017-07-06 03:00:00,1251.2228639845105,wind,2017-07-05 23:00:00,day_ahead
2017-07-06 04:00:00,1255.988657854357,wind,2017-07-05 23:00:00,day_ahead
2017-07-06 05:00:00,1256.4642778879445,wind,2017-07-05 23:00:00,day_ahead
2017-07-06 06:00:00,1237.7606697114302,wind,2017-07-05 23:00:00,day_ahead
2017-07-06 07:00:00,1187.2071933684406,wind,2017-07-05 23:00:00,day_ahead
2017-07-06 08:00:00,1106.461928167273,wind,2017-07-05 23:00:00,day_ahead
2017-07-06 09:00:00,1015.2207921748428,wind,2017-07-05 23:00:00,day_ahead
2017-07-06 10:00:00,941.6054599458291,wind,2017-07-05 23:00:00,day_ahead
2017-07-06 11:00:00,905.6383883261187,wind,2017-07-05 23:00:00,day_ahead
2017-07-06 12:00:00,908.5734924438677,wind,2017-07-05 23:00:00,day_ahead
2017-07-06 13:00:00,936.0866804720467,wind,2017-07-05 23:00:00,day_ahead
2017-07-06 14:00:00,971.5781018404767,wind,2017-07-05 23:00:00,day_ahead
2017-07-06 15:00:00,1007.7585917449619,wind,2017-07-05 23:00:00,day_ahead
2017-07-06 16:00:00,1047.4160850307167,wind,2017-07-05 23:00:00,day_ahead
2017-07-06 17:00:00,1094.7491699570178,wind,2017-07-05 23:00:00,day_ahead
2017-07-06 18:00:00,1146.8631470845444,wind,2017-07-05 23:00:00,day_ahead
2017-07-06 19:00:00,1193.6133683189244,wind,2017-07-05 23:00:00,day_ahead
2017-07-06 20:00:00,1225.1191550207882,wind,2017-07-05 23:00:00,day_ahead
2017-07-06 21:00:00,1239.0162842005764,wind,2017-07-05 23:00:00,day_ahead
2017-07-06 22:00:00,1240.6729890970382,wind,2017-07-05 23:00:00,day_ahead
2017-07-06 23:00:00,1237.2330036818119,wind,2017-07-05 23:00:00,day_ahead
2017-07-07 00:00:00,1188.9857774594032,wind,2017-07-06 23:00:00,day_ahead
2017-07-07 01:00:00,1182.7333551470642,wind,2017-07-06 23:00:00,day_ahead
2017-07-07 02:00:00,1176.2305912307497,wind,2017-07-06 23:00:00,day_ahead
2017-07-07 03:00:00,1172.4580703861902,wind,2017-07-06 23:00:00,day_ahead
2017-07-07 04:00:00,1172.0347706793655,wind,2017-07-06 23:00:00,day_ahead
2017-07-07 05:00:00,1167.5328730783663,wind,2017-07-06 23:00:00,day_ahead
2017-07-07 06:00:00,1144.1502847158827,wind,2017-07-06 23:00:00,day_ahead
2017-07-07 07:00:00,1089.3655301794292,wind,2017-07-06 23:00:00,day_ahead
2017-07-07 08:00:00,1004.9665467583812,wind,2017-07-06 23:00:00,day_ahead
2017-07-07 09:00:00,910.6971238221951,wind,2017-07-06 23:00:00,day_ahead
2017-07-07 10:00:00,834.6629234636488,wind,2017-07-06 23:00:00,day_ahead
2017-07-07 11:00:00,796.8845337253725,wind,2017-07-06 23:00:00,day_ahead
2017-07-07 12:00:00,798.6837142602745,wind,2017-07-06 23:00:00,day_ahead
2017-07-07 13:00:00,825.8471114495491,wind,2017-07-06 23:00:00,day_ahead
2017-07-07 14:00:00,861.8437597785748,wind,2017-07-06 23:00:00,day_ahead
2017-07-07 15:00:00,899.3545901928753,wind,2017-07-06 23:00:00,day_ahead
2017-07-07 16:00:00,941.0708522584182,wind,2017-07-06 23:00:00,day_ahead
2017-07-07 17:00:00,991.122321610477,wind,2017-07-06 23:00:00,day_ahead
2017-07-07 18:00:00,1046.640739743642,wind,2017-07-06 23:00:00,day_ahead
2017-07-07 19:00:00,1097.5775704771481,wind,2017-07-06 23:00:00,day_ahead
2017-07-07 20:00:00,1134.1229475615626,wind,2017-07-06 23:00:00,day_ahead
2017-07-07 21:00:00,1153.8841093579174,wind,2017-07-06 23:00:00,day_ahead
2017-07-07 22:00:00,1162.1171396014497,wind,2017-07-06 23:00:00,day_ahead
2017-07-07 23:00:00,1165.8562379109585,wind,2017-07-06 23:00:00,day_ahead
2017-07-08 00:00:00,1169.5434757356015,wind,2017-07-07 23:00:00,day_ahead
2017-07-08 01:00:00,1171.482094634619,wind,2017-07-07 23:00:00,day_ahead
2017-07-08 02:00:00,1173.7749850086818,wind,2017-07-07 23:00:00,day_ahead
2017-07-08 03:00:00,1179.2470298023675,wind,2017-07-07 23:00:00,day_ahead
2017-07-08 04:00:00,1188.345845210358,wind,2017-07-07 23:00:00,day_ahead
2017-07-08 05:00:00,1193.5340029039098,wind,2017-07-07 23:00:00,day_ahead
2017-07-08 06:00:00,1179.9726422234794,wind,2017-07-07 23:00:00,day_ahead
2017-07-08 07:00:00,1135.1176836017119,wind,2017-07-07 23:00:00,day_ahead
2017-07-08 08:00:00,1060.6823294842197,wind,2017-07-07 23:00:00,day_ahead
2017-07-08 09:00:00,976.2739713549342,wind,2017-07-07 23:00:00,day_ahead
2017-07-08 10:00:00,909.8512117041612,wind,2017-07-07 23:00:00,day_ahead
2017-07-08 11:00:00,881.3312913921311,wind,2017-07-07 23:00:00,day_ahead
2017-07-08 12:00:00,891.9766485947914,wind,2017-07-07 23:00:00,day_ahead
2017-07-08 13:00:00,927.5063605498792,wind,2017-07-07 23:00:00,day_ahead
2017-07-08 14:00:00,971.2669077652026,wind,2017-07-07 23:00:00,day_ahead
2017-07-08 15:00:00,1015.7744474373151,wind,2017-07-07 23:00:00,day_ahead
2017-07-08 16:00:00,1063.5783851847707,wind,2017-07-07 23:00:00,day_ahead
2017-07-08 17:00:00,1118.7444288796628,wind,2017-07-07 23:00:00,day_ahead
2017-07-08 18:00:00,1178.407467478597,wind,2017-07-07 23:00:00,day_ahead
2017-07-08 19:00:00,1232.52290238957,wind,2017-07-07 23:00:00,day_ahead
2017-07-08 20:00:00,1271.2299551410583,wind,2017-07-07 23:00:00,day_ahead
2017-07-08 21:00:00,1292.0429968801986,wind,2017-07-07 23:00:00,day_ahead
2017-07-08 22:00:00,1300.1546308582742,wind,2017-07-07 23:00:00,day_ahead
2017-07-08 23:00:00,1302.6246514833745,wind,2017-07-07 23:00:00,day_ahead
2017-07-09 00:00:00,1284.8732248496508,wind,2017-07-08 23:00:00,day_ahead
2017-07-09 01:00:00,1283.7569223462008,wind,2017-07-08 23:00:00,day_ahead
2017-07-09 02:00:00,1281.9596835447846,wind,2017-07-08 23:00:00,day_ahead
2017-07-09 03:00:00,1282.3029204403974,wind,2017-07-08 23:00:00,day_ahead
2017-07-09 04:00:00,1285.2549345858738,wind,2017-07-08 23:00:00,day_ahead
2017-07-09 05:00:00,1283.324056737927,wind,2017-07-08 23:00:00,day_ahead
2017-07-09 06:00:00,1261.731591607092,wind,2017-07-08 23:00:00,day_ahead
2017-07-09 07:00:00,1208.0019008884215,wind,2017-07-08 23:00:00,day_ahead
2017-07-09 08:00:00,1123.9307856539722,wind,2017-07-08 23:00:00,day_ahead
2017-07-09 09:00:00,1029.2304360325325,wind,2017-07-08 23:00:00,day_ahead
2017-07-09 10:00:00,951.9806415729743,wind,2017-07-08 23:00:00,day_ahead
2017-07-09 11:00:00,912.2136022599664,wind,2017-07-08 23:00:00,day_ahead
2017-07-09 12:00:00,911.2776390238623,wind,2017-07-08 23:00:00,day_ahead
2017-07-09 13:00:00,934.9471366098493,wind,2017-07-08 23:00:00,day_ahead
2017-07-09 14:00:00,966.6178452540789,wind,2017-07-08 23:00:00,day_ahead
2017-07-09 15:00:00,998.8804791747799,wind,2017-07-08 23:00:00,day_ahead
2017-07-09 16:00:00,1034.3954645998879,wind,2017-07-08 23:00:00,day_ahead
2017-07-09 17:00:00,1077.357293935044,wind,2017-07-08 23:00:00,day_ahead
2017-07-09 18:00:00,1125.0158878665613,wind,2017-07-08 23:00:00,day_ahead
2017-07-09 19:00:00,1167.4118952439958,wind,2017-07-08 23:00:00,day_ahead
2017-07-09 20:00:00,1194.7527193484652,wind,2017-07-08 23:00:00,day_ahead
2017-07-09 21:00:00,1204.6314589177148,wind,2017-07-08 23:00:00,day_ahead
2017-07-09 22:00:00,1202.3450128170828,wind,2017-07-08 23:00:00,day_ahead
2017-07-09 23:00:00,1195.070305514477,wind,2017-07-08 23:00:00,day_ahead
2017-07-10 00:00:00,1206.1465229749952,wind,2017-07-09 23:00:00,day_ahead
2017-07-10 01:00:00,1196.4611789863357,wind,2017-07-09 23:00:00,day_ahead
2017-07-10 02:00:00,1187.0802636528442,wind,2017-07-09 23:00:00,day_ahead
2017-07-10 03:00:00,1180.8481363792312,wind,2017-07-09 23:00:00,day_ahead
2017-07-10 04:00:00,1178.1691984264876,wind,2017-07-09 23:00:00,day_ahead
2017-07-10 05:00:00,1171.485801984324,wind,2017-07-09 23:00:00,day_ahead
2017-07-10 06:00:00,1146.0165042042274,wind,2017-07-09 23:00:00,day_ahead
2017-07-10 07:00:00,1089.341426609557,wind,2017-07-09 23:00:00,day_ahead
2017-07-10 08:00:00,1003.3136498993908,wind,2017-07-09 23:00:00,day_ahead
2017-07-10 09:00:00,907.6567055975232,wind,2017-07-09 23:00:00,day_ahead
2017-07-10 10:00:00,830.4195964764024,wind,2017-07-09 23:00:00,day_ahead
2017-07-10 11:00:00,791.5997964931188,wind,2017-07-09 23:00:00,day_ahead
2017-07-10 12:00:00,792.5277504312149,wind,2017-07-09 23:00:00,day_ahead
2017-07-10 13:00:00,818.9521344058844,wind,2017-07-09 23:00:00,day_ahead
2017-07-10 14:00:00,854.1919283653114,wind,2017-07-09 23:00:00,day_ahead
2017-07-10 15:00:00,890.7014023289603,wind,2017-07-09 23:00:00,day_ahead
2017-07-10 16:00:00,930.9916182497093,wind,2017-07-09 23:00:00,day_ahead
2017-07-10 17:00:00,979.1586707579513,wind,2017-07-09 23:00:00,day_ahead
2017-07-10 18:00:00,1032.424211874429,wind,2017-07-09 23:00:00,day_ahead
2017-07-10 19:00:00,1080.8229665270392,wind,2017-07-09 23:00:00,day_ahead
2017-07-10 20:00:00,1114.508028981532,wind,2017-07-09 23:00:00,day_ahead
2017-07-10 21:00:00,1130.9466324181656,wind,2017-07-09 23:00:00,day_ahead
2017-07-10 22:00:00,1135.2904478611001,wind,2017-07-09 23:00:00,day_ahead
2017-07-10 23:00:00,1134.6340727056863,wind,2017-07-09 23:00:00,day_ahead
2017-07-11 00:00:00,1143.7187932199697,wind,2017-07-10 23:00:00,day_ahead
2017-07-11 01:00:00,1141.0213460129648,wind,2017-07-10 23:00:00,day_ahead
2017-07-11 02:00:00,1138.4648843800164,wind,2017-07-10 23:00:00,day_ahead
2017-07-11 03:00:00,1138.8422766198105,wind,2017-07-10 23:00:00,day_ahead
2017-07-11 04:00:00,1142.5597399288124,wind,2017-07-10 23:00:00,day_ahead
2017-07-11 05:00:00,1142.0363803316102,wind,2017-07-10 23:00:00,day_ahead
2017-07-11 06:00:00,1122.4048251701456,wind,2017-07-10 23:00:00,day_ahead
2017-07-11 07:00:00,1071.139882289331,wind,2017-07-10 23:00:00,day_ahead
2017-07-11 08:00:00,990.0490792433848,wind,2017-07-10 23:00:00,day_ahead
2017-07-11 09:00:00,898.9014428579104,wind,2017-07-10 23:00:00,day_ahead
2017-07-11 10:00:00,825.8294991504999,wind,2017-07-10 23:00:00,day_ahead
2017-07-11 11:00:00,790.8638665382443,wind,2017-07-10 23:00:00,day_ahead
2017-07-11 12:00:00,795.2799011749944,wind,2017-07-10 23:00:00,day_ahead
2017-07-11 13:00:00,824.7322933160344,wind,2017-07-10 23:00:00,day_ahead
2017-07-11 14:00:00,862.4937531128286,wind,2017-07-10 23:00:00,day_ahead
2017-07-11 15:00:00,901.0572007770836,wind,2017-07-10 23:00:00,day_ahead
2017-07-11 16:00:00,943.0088291797385,wind,2017-07-10 23:00:00,day_ahead
2017-07-11 17:00:00,992.4734712851596,wind,2017-07-10 23:00:00,day_ahead
2017-07-11 18:00:00,1046.6254218562647,wind,2017-07-10 23:00:00,day_ahead
2017-07-11 19:00:00,1095.4347906361204,wind,2017-07-10 23:00:00,day_ahead
2017-07-11 20:00:00,1129.0658400399316,wind,2017-07-10 23:00:00,day_ahead
2017-07-11 21:00:00,1145.1079841162486,wind,2017-07-10 23:00:00,day_ahead
2017-07-11 22:00:00,1148.8845357298756,wind,2017-07-10 23:00:00,day_ahead
2017-07-11 23:00:00,1147.6065228244902,wind,2017-07-10 23:00:00,day_ahead
2017-07-12 00:00:00,1145.4753471095967,wind,2017-07-11 23:00:00,day_ahead
2017-07-12 01:00:00,1142.0039859081035,wind,2017-07-11 23:00:00,day_ahead
2017-07-12 02:00:00,1138.643189164222,wind,2017-07-11 23:00:00,day_ahead
2017-07-12 03:00:00,1138.2105830563407,wind,2017-07-11 23:00:00,day_ahead
2017-07-12 04:00:00,1141.1302924313445,wind,2017-07-11 23:00:00,day_ahead
2017-07-12 05:00:00,1139.8552739096745,wind,2017-07-11 23:00:00,day_ahead
2017-07-12 06:00:00,1119.5749904678128,wind,2017-07-11 23:00:00,day_ahead
2017-07-12 07:00:00,1067.8282179992166,wind,2017-07-11 23:00:00,day_ahead
2017-07-12 08:00:00,986.4699157954667,wind,2017-07-11 23:00:00,day_ahead
2017-07-12 09:00:00,895.2907610751197,wind,2017-07-11 23:00:00,day_ahead
2017-07-12 10:00:00,822.4315430879926,wind,2017-07-11 23:00:00,day_ahead
2017-07-12 11:00:00,787.9369233309794,wind,2017-07-11 23:00:00,day_ahead
2017-07-12 12:00:00,793.1062936439563,wind,2017-07-11 23:00:00,day_ahead
2017-07-12 13:00:00,823.6113393617206,wind,2017-07-11 23:00:00,day_ahead
2017-07-12 14:00:00,862.7125375748842,wind,2017-07-11 23:00:00,day_ahead
2017-07-12 15:00:00,902.8568816733414,wind,2017-07-11 23:00:00,day_ahead
2017-07-12 16:00:00,946.5710485386935,wind,2017-07-11 23:00:00,day_ahead
2017-07-12 17:00:00,997.9349168275165,wind,2017-07-11 23:00:00,day_ahead
2017-07-12 18:00:00,1054.1042600984147,wind,2017-07-11 23:00:00,day_ahead
2017-07-12 19:00:00,1105.0438018794878,wind,2017-07-11 23:00:00,day_ahead
2017-07-12 20:00:00,1140.9017122163648,wind,2017-07-11 23:00:00,day_ahead
2017-07-12 21:00:00,1159.2295271709943,wind,2017-07-11 23:00:00,day_ahead
2017-07-12 22:00:00,1165.3017155889645,wind,2017-07-11 23:00:00,day_ahead
2017-07-12 23:00:00,1166.2889720169535,wind,2017-07-11 23:00:00,day_ahead
2017-07-13 00:00:00,1140.2557581344886,wind,2017-07-12 23:00:00,day_ahead
2017-07-13 01:00:00,1139.0726280200845,wind,2017-07-12 23:00:00,day_ahead
2017-07-13 02:00:00,1137.75118148618,wind,2017-07-12 23:00:00,day_ahead
2017-07-13 03:00:00,1139.1030275835099,wind,2017-07-12 23:00:00,day_ahead
2017-07-13 04:00:00,1143.5776990238628,wind,2017-07-12 23:00:00,day_ahead
2017-07-13 05:00:00,1143.6339907086679,wind,2017-07-12 23:00:00,day_ahead
2017-07-13 06:00:00,1124.4255440719373,wind,2017-07-12 23:00:00,day_ahead
2017-07-13 07:00:00,1073.4344134518435,wind,2017-07-12 23:00:00,day_ahead
2017-07-13 08:00:00,992.4755524340512,wind,2017-07-12 23:00:00,day_ahead
2017-07-13 09:00:00,901.3327006354423,wind,2017-07-12 23:00:00,day_ahead
2017-07-13 10:00:00,828.1545887251764,wind,2017-07-12 23:00:00,day_ahead
2017-07-13 11:00:00,792.9778130757285,wind,2017-07-12 23:00:00,day_ahead
2017-07-13 12:00:00,797.0665298612754,wind,2017-07-12 23:00:00,day_ahead
2017-07-13 13:00:00,826.0485315035877,wind,2017-07-12 23:00:00,day_ahead
2017-07-13 14:00:00,863.1592861182594,wind,2017-07-12 23:00:00,day_ahead
2017-07-13 15:00:00,900.8485656765142,wind,2017-07-12 23:00:00,day_ahead
2017-07-13 16:00:00,941.6588058200148,wind,2017-07-12 23:00:00,day_ahead
2017-07-13 17:00:00,989.682051146411,wind,2017-07-12 23:00:00,day_ahead
2017-07-13 18:00:00,1042.0880835820512,wind,2017-07-12 23:00:00,day_ahead
2017-07-13 19:00:00,1088.88258948284,wind,2017-07-12 23:00:00,day_ahead
2017-07-13 20:00:00,1120.2977091435966,wind,2017-07-12 23:00:00,day_ahead
2017-07-13 21:00:00,1133.9932151701043,wind,2017-07-12 23:00:00,day_ahead
2017-07-13 22:00:00,1135.3295101084161,wind,2017-07-12 23:00:00,day_ahead
2017-07-13 23:00:00,1131.5046023154264,wind,2017-07-12 23:00:00,day_ahead
2017-07-14 00:00:00,1109.1630475168938,wind,2017-07-13 23:00:00,day_ahead
2017-07-14 01:00:00,1102.7438820408765,wind,2017-07-13 23:00:00,day_ahead
2017-07-14 02:00:00,1096.2947434850453,wind,2017-07-13 23:00:00,day_ahead
2017-07-14 03:00:00,1092.6824004031243,wind,2017-07-13 23:00:00,day_ahead
2017-07-14 04:00:00,1092.373746635646,wind,2017-07-13 23:00:00,day_ahead
2017-07-14 05:00:00,1087.8565386560347,wind,2017-07-13 23:00:00,day_ahead
2017-07-14 06:00:00,1064.3557303945752,wind,2017-07-13 23:00:00,day_ahead
2017-07-14 07:00:00,1009.4546248284753,wind,2017-07-13 23:00:00,day_ahead
2017-07-14 08:00:00,925.0619101509735,wind,2017-07-13 23:00:00,day_ahead
2017-07-14 09:00:00,831.023793342798,wind,2017-07-13 23:00:00,day_ahead
2017-07-14 10:00:00,755.5294720410424,wind,2017-07-13 23:00:00,day_ahead
2017-07-14 11:00:00,718.6589903969865,wind,2017-07-13 23:00:00,day_ahead
2017-07-14 12:00:00,721.7312545489003,wind,2017-07-13 23:00:00,day_ahead
2017-07-14 13:00:00,750.4206231271013,wind,2017-07-13 23:00:00,day_ahead
2017-07-14 14:00:00,787.9761817493774,wind,2017-07-13 23:00:00,day_ahead
2017-07-14 15:00:00,826.8299368046813,wind,2017-07-13 23:00:00,day_ahead
2017-07-14 16:00:00,869.5079410003596,wind,2017-07-13 23:00:00,day_ahead
2017-07-14 17:00:00,920.1205802487926,wind,2017-07-13 23:00:00,day_ahead
2017-07-14 18:00:00,975.8878410272746,wind,2017-07-13 23:00:00,day_ahead
2017-07-14 19:00:00,1026.8543134870622,wind,2017-07-13 23:00:00,day_ahead
2017-07-14 20:00:00,1063.2331190769364,wind,2017-07-13 23:00:00,day_ahead
2017-07-14 21:00:00,1082.6017667842893,wind,2017-07-13 23:00:00,day_ahead
2017-07-14 22:00:00,1090.2202386963133,wind,2017-07-13 23:00:00,day_ahead
2017-07-14 23:00:00,1093.2256781759245,wind,2017-07-13 23:00:00,day_ahead
2017-07-15 00:00:00,1087.4156900951125,wind,2017-07-14 23:00:00,day_ahead
2017-07-15 01:00:00,1089.0798724563015,wind,2017-07-14 23:00:00,day_ahead
2017-07-15 02:00:00,1091.2268677172558,wind,2017-07-14 23:00:00,day_ahead
2017-07-15 03:00:00,1096.6367136121448,wind,2017-07-14 23:00:00,day_ahead
2017-07-15 04:00:00,1105.657667493769,wind,2017-07-14 23:00:00,day_ahead
2017-07-15 05:00:00,1110.6482891419143,wind,2017-07-14 23:00:00,day_ahead
2017-07-15 06:00:00,1096.7262681732054,wind,2017-07-14 23:00:00,day_ahead
2017-07-15 07:00:00,1051.4085920091477,wind,2017-07-14 23:00:00,day_ahead
2017-07-15 08:00:00,976.5682142404405,wind,2017-07-14 23:00:00,day_ahead
2017-07-15 09:00:00,892.013892228508,wind,2017-07-14 23:00:00,day_ahead
2017-07-15 10:00:00,825.8663999952888,wind,2017-07-14 23:00:00,day_ahead
2017-07-15 11:00:00,798.1013363083297,wind,2017-07-14 23:00:00,day_ahead
2017-07-15 12:00:00,809.9163844640972,wind,2017-07-14 23:00:00,day_ahead
2017-07-15 13:00:00,846.8725123802509,wind,2017-07-14 23:00:00,day_ahead
2017-07-15 14:00:00,892.1237373340323,wind,2017-07-14 23:00:00,day_ahead
2017-07-15 15:00:00,938.0185048023109,wind,2017-07-14 23:00:00,day_ahead
2017-07-15 16:00:00,986.9997931162623,wind,2017-07-14 23:00:00,day_ahead
2017-07-15 17:00:00,1043.0944145806727,wind,2017-07-14 23:00:00,day_ahead
2017-07-15 18:00:00,1103.4484883646678,wind,2017-07-14 23:00:00,day_ahead
2017-07-15 19:00:00,1158.0524534263236,wind,2017-07-14 23:00:00,day_ahead
2017-07-15 20:00:00,1197.0843120461827,wind,2017-07-14 23:00:00,day_ahead
2017-07-15 21:00:00,1218.095963601282,wind,2017-07-14 23:00:00,day_ahead
2017-07-15 22:00:00,1226.3245485710486,wind,2017-07-14 23:00:00,day_ahead
2017-07-15 23:00:00,1228.8910633087369,wind,2017-07-14 23:00:00,day_ahead
2017-07-16 00:00:00,1242.7037170415172,wind,2017-07-15 23:00:00,day_ahead
2017-07-16 01:00:00,1242.183344066367,wind,2017-07-15 23:00:00,day_ahead
2017-07-16 02:00:00,1240.95545672408,wind,2017-07-15 23:00:00,day_ahead
2017-07-16 03:00:00,1241.8136864264204,wind,2017-07-15 23:00:00,day_ahead
2017-07-16 04:00:00,1245.1889805324263,wind,2017-07-15 23:00:00,day_ahead
2017-07-16 05:00:00,1243.5319939256976,wind,2017-07-15 23:00:00,day_ahead
2017-07-16 06:00:00,1222.0264909675884,wind,2017-07-15 23:00:00,day_ahead
2017-07-16 07:00:00,1168.243606000176,wind,2017-07-15 23:00:00,day_ahead
2017-07-16 08:00:00,1084.1352781650749,wind,2017-07-15 23:00:00,day_ahead
2017-07-16 09:00:00,989.6272036838002,wind,2017-07-15 23:00:00,day_ahead
2017-07-16 10:00:00,912.9680135168994,wind,2017-07-15 23:00:00,day_ahead
2017-07-16 11:00:00,874.2337594929866,wind,2017-07-15 23:00:00,day_ahead
2017-07-16 12:00:00,874.6872178356215,wind,2017-07-15 23:00:00,day_ahead
2017-07-16 13:00:00,899.950530504292,wind,2017-07-15 23:00:00,day_ahead
2017-07-16 14:00:00,933.2718573615568,wind,2017-07-15 23:00:00,day_ahead
2017-07-16 15:00:00,967.1279400665526,wind,2017-07-15 23:00:00,day_ahead
2017-07-16 16:00:00,1004.0860798282654,wind,2017-07-15 23:00:00,day_ahead
2017-07-16 17:00:00,1048.2562432800532,wind,2017-07-15 23:00:00,day_ahead
2017-07-16 18:00:00,1096.8337817691433,wind,2017-07-15 23:00:00,day_ahead
2017-07-16 19:00:00,1139.8757455217815,wind,2017-07-15 23:00:00,day_ahead
2017-07-16 20:00:00,1167.690548898499,wind,2017-07-15 23:00:00,day_ahead
2017-07-16 21:00:00,1178.0139233547975,wind,2017-07-15 23:00:00,day_ahead
2017-07-16 22:00:00,1176.2507390509409,wind,2017-07-15 23:00:00,day_ahead
2017-07-16 23:00:00,1169.5994054561481,wind,2017-07-15 23:00:00,day_ahead
2017-07-17 00:00:00,1139.4704596404638,wind,2017-07-16 23:00:00,day_ahead
2017-07-17 01:00:00,1131.2001619641023,wind,2017-07-16 23:00:00,day_ahead
2017-07-17 02:00:00,1122.8311202571026,wind,2017-07-16 23:00:00,day_ahead
2017-07-17 03:00:00,1117.1539745320263,wind,2017-07-16 23:00:00,day_ahead
2017-07-17 04:00:00,1114.7217791587814,wind,2017-07-16 23:00:00,day_ahead
2017-07-17 05:00:00,1108.1382219204015,wind,2017-07-16 23:00:00,day_ahead
2017-07-17 06:00:00,1082.6608821987058,wind,2017-07-16 23:00:00,day_ahead
2017-07-17 07:00:00,1025.827347220971,wind,2017-07-16 23:00:00,day_ahead
2017-07-17 08:00:00,939.5181149773543,wind,2017-07-16 23:00:00,day_ahead
2017-07-17 09:00:00,843.640669412814,wind,2017-07-16 23:00:00,day_ahead
2017-07-17 10:00:00,766.5015284883067,wind,2017-07-16 23:00:00,day_ahead
2017-07-17 11:00:00,728.2479135156071,wind,2017-07-16 23:00:00,day_ahead
2017-07-17 12:00:00,730.1451632117394,wind,2017-07-16 23:00:00,day_ahead
2017-07-17 13:00:00,757.7283709149549,wind,2017-07-16 23:00:00,day_ahead
2017-07-17 14:00:00,794.1228297877965,wind,2017-07-16 23:00:00,day_ahead
2017-07-17 15:00:00,831.7141895413041,wind,2017-07-16 23:00:00,day_ahead
2017-07-17 16:00:00,873.0232627960146,wind,2017-07-16 23:00:00,day_ahead
2017-07-17 17:00:00,922.1120107832568,wind,2017-07-16 23:00:00,day_ahead
2017-07-17 18:00:00,976.0832999799883,wind,2017-07-16 23:00:00,day_ahead
2017-07-17 19:00:00,1024.8764197466776,wind,2017-07-16 23:00:00,day_ahead
2017-07-17 20:00:00,1058.726518492016,wind,2017-07-16 23:00:00,day_ahead
2017-07-17 21:00:00,1075.3854110392758,wind,2017-07-16 23:00:00,day_ahead
2017-07-17 22:00:00,1080.3212949864599,wind,2017-07-16 23:00:00,day_ahead
2017-07-17 23:00:00,1080.7355565776775,wind,2017-07-16 23:00:00,day_ahead
2017-07-18 00:00:00,1064.1993181274227,wind,2017-07-17 23:00:00,day_ahead
2017-07-18 01:00:00,1062.4897444548096,wind,2017-07-17 23:00:00,day_ahead
2017-07-18 02:00:00,1060.8195600923125,wind,2017-07-17 23:00:00,day_ahead
2017-07-18 03:00:00,1061.8716543357018,wind,2017-07-17 23:00:00,day_ahead
2017-07-18 04:00:00,1065.9869962553842,wind,2017-07-17 23:00:00,day_ahead
2017-07-18 05:00:00,1065.6053959583928,wind,2017-07-17 23:00:00,day_ahead
2017-07-18 06:00:00,1045.9568217428691,wind,2017-07-17 23:00:00,day_ahead
2017-07-18 07:00:00,994.640349443258,wind,2017-07-17 23:00:00,day_ahead
2017-07-18 08:00:00,913.5677104742422,wind,2017-07-17 23:00:00,day_ahead
2017-07-18 09:00:00,822.5808349132096,wind,2017-07-17 23:00:00,day_ahead
2017-07-18 10:00:00,749.8700505939362,wind,2017-07-17 23:00:00,day_ahead
2017-07-18 11:00:00,715.51495801351,wind,2017-07-17 23:00:00,day_ahead
2017-07-18 12:00:00,720.8041715288738,wind,2017-07-17 23:00:00,day_ahead
2017-07-18 13:00:00,751.3297218987195,wind,2017-07-17 23:00:00,day_ahead
2017-07-18 14:00:00,790.2188907729646,wind,2017-07-17 23:00:00,day_ahead
2017-07-18 15:00:00,829.7888292481858,wind,2017-07-17 23:00:00,day_ahead
2017-07-18 16:00:00,872.5052098265296,wind,2017-07-17 23:00:00,day_ahead
2017-07-18 17:00:00,922.4858814819106,wind,2017-07-17 23:00:00,day_ahead
2017-07-18 18:00:00,977.0000339001144,wind,2017-07-17 23:00:00,day_ahead
2017-07-18 19:00:00,1026.1457918484873,wind,2017-07-17 23:00:00,day_ahead
2017-07-18 20:00:00,1060.1784231490967,wind,2017-07-17 23:00:00,day_ahead
2017-07-18 21:00:00,1076.7179149109984,wind,2017-07-17 23:00:00,day_ahead
2017-07-18 22:00:00,1081.0812391508991,wind,2017-07-17 23:00:00,day_ahead
2017-07-18 23:00:00,1080.4662327232318,wind,2017-07-17 23:00:00,day_ahead
2017-07-19 00:00:00,1092.112088271421,wind,2017-07-18 23:00:00,day_ahead
2017-07-19 01:00:00,1089.3321742615203,wind,2017-07-18 23:00:00,day_ahead
2017-07-19 02:00:00,1086.5747822308012,wind,2017-07-18 23:00:00,day_ahead
2017-07-19 03:00:00,1086.5394086646504,wind,2017-07-18 23:00:00,day_ahead
2017-07-19 04:00:00,1089.5925627581043,wind,2017-07-18 23:00:00,day_ahead
2017-07-19 05:00:00,1088.2099547547718,wind,2017-07-18 23:00:00,day_ahead
2017-07-19 06:00:00,1067.6687696823285,wind,2017-07-18 23:00:00,day_ahead
2017-07-19 07:00:00,1015.627329391422,wind,2017-07-18 23:00:00,day_ahead
2017-07-19 08:00:00,934.0629338449808,wind,2017-07-18 23:00:00,day_ahead
2017-07-19 09:00:00,842.8737416412494,wind,2017-07-18 23:00:00,day_ahead
2017-07-19 10:00:00,770.2785027241404,wind,2017-07-18 23:00:00,day_ahead
2017-07-19 11:00:00,736.3505316416653,wind,2017-07-18 23:00:00,day_ahead
2017-07-19 12:00:00,742.3503141080831,wind,2017-07-18 23:00:00,day_ahead
2017-07-19 13:00:00,773.8444306535018,wind,2017-07-18 23:00:00,day_ahead
2017-07-19 14:00:00,813.9538199018862,wind,2017-07-18 23:00:00,day_ahead
2017-07-19 15:00:00,855.0023601598939,wind,2017-07-18 23:00:00,day_ahead
2017-07-19 16:00:00,899.4519609430652,wind,2017-07-18 23:00:00,day_ahead
2017-07-19 17:00:00,951.3864025701147,wind,2017-07-18 23:00:00,day_ahead
2017-07-19 18:00:00,1008.0136435978366,wind,2017-07-18 23:00:00,day_ahead
2017-07-19 19:00:00,1059.369235219545,wind,2017-07-18 23:00:00,day_ahead
2017-07-19 20:00:00,1095.6728307884598,wind,2017-07-18 23:00:00,day_ahead
2017-07-19 21:00:00,1114.5436743606087,wind,2017-07-18 23:00:00,day_ahead
2017-07-19 22:00:00,1121.3142086498592,wind,2017-07-18 23:00:00,day_ahead
2017-07-19 23:00:00,1123.1835737334536,wind,2017-07-18 23:00:00,day_ahead
2017-07-20 00:00:00,1132.0860762935185,wind,2017-07-19 23:00:00,day_ahead
2017-07-20 01:00:00,1131.5398514604124,wind,2017-07-19 23:00:00,day_ahead
2017-07-20 02:00:00,1131.05714815126,wind,2017-07-19 23:00:00,day_ahead
2017-07-20 03:00:00,1133.2671466263173,wind,2017-07-19 23:00:00,day_ahead
2017-07-20 04:00:00,1138.3700994455787,wind,2017-07-19 23:00:00,day_ahead
2017-07-20 05:00:00,1138.694296188043,wind,2017-07-19 23:00:00,day_ahead
2017-07-20 06:00:00,1119.4816608334213,wind,2017-07-19 23:00:00,day_ahead
2017-07-20 07:00:00,1068.4568762739561,wind,2017-07-19 23:00:00,day_ahead
2017-07-20 08:00:00,987.6659512686765,wind,2017-07-19 23:00:00,day_ahead
2017-07-20 09:00:00,896.9857491512028,wind,2017-07-19 23:00:00,day_ahead
2017-07-20 10:00:00,824.5221830226869,wind,2017-07-19 23:00:00,day_ahead
2017-07-20 11:00:00,790.2280529901474,wind,2017-07-19 23:00:00,day_ahead
2017-07-20 12:00:00,795.3209454240222,wind,2017-07-19 23:00:00,day_ahead
2017-07-20 13:00:00,825.4112532931308,wind,2017-07-19 23:00:00,day_ahead
2017-07-20 14:00:00,863.685541017432,wind,2017-07-19 23:00:00,day_ahead
2017-07-20 15:00:00,902.4892675246365,wind,2017-07-19 23:00:00,day_ahead
2017-07-20 16:00:00,944.2605867648836,wind,2017-07-19 23:00:00,day_ahead
2017-07-20 17:00:00,993.0694884612625,wind,2017-07-19 23:00:00,day_ahead
2017-07-20 18:00:00,1046.1634113298187,wind,2017-07-19 23:00:00,day_ahead
2017-07-20 19:00:00,1093.64899270096,wind,2017-07-19 23:00:00,day_ahead
2017-07-20 20:00:00,1125.7835418236516,wind,2017-07-19 23:00:00,day_ahead
2017-07-20 21:00:00,1140.1574768743715,wind,2017-07-19 23:00:00,day_ahead
2017-07-20 22:00:00,1142.0555565123334,wind,2017-07-19 23:00:00,day_ahead
2017-07-20 23:00:00,1138.7037849491242,wind,2017-07-19 23:00:00,day_ahead
2017-07-21 00:00:00,1167.2255810389263,wind,2017-07-20 23:00:00,day_ahead
2017-07-21 01:00:00,1161.408843291877,wind,2017-07-20 23:00:00,day_ahead
2017-07-21 02:00:00,1155.6350297899878,wind,2017-07-20 23:00:00,day_ahead
2017-07-21 03:00:00,1152.6689141597483,wind,2017-07-20 23:00:00,day_ahead
2017-07-21 04:00:00,1152.828794231763,wind,2017-07-20 23:00:00,day_ahead
2017-07-21 05:00:00,1148.4882658373642,wind,2017-07-20 23:00:00,day_ahead
2017-07-21 06:00:00,1124.8745436245244,wind,2017-07-20 23:00:00,day_ahead
2017-07-21 07:00:00,1069.7081532616849,wind,2017-07-20 23:00:00,day_ahead
2017-07-21 08:00:00,985.1073103585795,wind,2017-07-20 23:00:00,day_ahead
2017-07-21 09:00:00,891.1010981156026,wind,2017-07-20 23:00:00,day_ahead
2017-07-21 10:00:00,815.9678801860771,wind,2017-07-20 23:00:00,day_ahead
2017-07-21 11:00:00,779.7820542091125,wind,2017-07-20 23:00:00,day_ahead
2017-07-21 12:00:00,783.804301281553,wind,2017-07-20 23:00:00,day_ahead
2017-07-21 13:00:00,813.6345953331211,wind,2017-07-20 23:00:00,day_ahead
2017-07-21 14:00:00,852.4363291677994,wind,2017-07-20 23:00:00,day_ahead
2017-07-21 15:00:00,892.5356113366913,wind,2017-07-20 23:00:00,day_ahead
2017-07-21 16:00:00,936.3444711975799,wind,2017-07-20 23:00:00,day_ahead
2017-07-21 17:00:00,987.893024185111,wind,2017-07-20 23:00:00,day_ahead
2017-07-21 18:00:00,1044.3961047674325,wind,2017-07-20 23:00:00,day_ahead
2017-07-21 19:00:00,1095.9698265029092,wind,2017-07-20 23:00:00,day_ahead
2017-07-21 20:00:00,1132.9307903574118,wind,2017-07-20 23:00:00,day_ahead
2017-07-21 21:00:00,1152.9366155186333,wind,2017-07-20 23:00:00,day_ahead
2017-07-21 22:00:00,1161.2818662864051,wind,2017-07-20 23:00:00,day_ahead
2017-07-21 23:00:00,1165.1124227205455,wind,2017-07-20 23:00:00,day_ahead
2017-07-22 00:00:00,1210.7914222652828,wind,2017-07-21 23:00:00,day_ahead
2017-07-22 01:00:00,1213.2946641684255,wind,2017-07-21 23:00:00,day_ahead
2017-07-22 02:00:00,1216.2606204937708,wind,2017-07-21 23:00:00,day_ahead
2017-07-22 03:00:00,1222.327127846537,wind,2017-07-21 23:00:00,day_ahead
2017-07-22 04:00:00,1231.7485797090042,wind,2017-07-21 23:00:00,day_ahead
2017-07-22 05:00:00,1236.8638678023226,wind,2017-07-21 23:00:00,day_ahead
2017-07-22 06:00:00,1222.8495640212773,wind,2017-07-21 23:00:00,day_ahead
2017-07-22 07:00:00,1177.3479184114994,wind,2017-07-21 23:00:00,day_ahead
2017-07-22 08:00:00,1102.3953880179743,wind,2017-07-21 23:00:00,day_ahead
2017-07-22 09:00:00,1017.9584290950236,wind,2017-07-21 23:00:00,day_ahead
2017-07-22 10:00:00,952.2596254991302,wind,2017-07-21 23:00:00,day_ahead
2017-07-22 11:00:00,925.2858593891085,wind,2017-07-21 23:00:00,day_ahead
2017-07-22 12:00:00,938.156316182117,wind,2017-07-21 23:00:00,day_ahead
2017-07-22 13:00:00,976.3005489624011,wind,2017-07-21 23:00:00,day_ahead
2017-07-22 14:00:00,1022.7386254985779,wind,2017-07-21 23:00:00,day_ahead
2017-07-22 15:00:00,1069.7166707742822,wind,2017-07-21 23:00:00,day_ahead
2017-07-22 16:00:00,1119.6116652910257,wind,2017-07-21 23:00:00,day_ahead
2017-07-22 17:00:00,1176.4086898031017,wind,2017-07-21 23:00:00,day_ahead
2017-07-22 18:00:00,1237.2321928606898,wind,2017-07-21 23:00:00,day_ahead
2017-07-22 19:00:00,1292.0861211354656,wind,2017-07-21 23:00:00,day_ahead
2017-07-22 20:00:00,1331.2175448157275,wind,2017-07-21 23:00:00,day_ahead
2017-07-22 21:00:00,1352.3014491106808,wind,2017-07-21 23:00:00,day_ahead
2017-07-22 22:00:00,1360.7144716206449,wind,2017-07-21 23:00:00,day_ahead
2017-07-22 23:00:00,1363.674572257095,wind,2017-07-21 23:00:00,day_ahead
2017-07-23 00:00:00,1398.731042771853,wind,2017-07-22 23:00:00,day_ahead
2017-07-23 01:00:00,1398.5636400514345,wind,2017-07-22 23:00:00,day_ahead
2017-07-23 02:00:00,1397.747400523619,wind,2017-07-22 23:00:00,day_ahead
2017-07-23 03:00:00,1398.9776524006159,wind,2017-07-22 23:00:00,day_ahead
2017-07-23 04:00:00,1402.5778752654169,wind,2017-07-22 23:00:00,day_ahead
2017-07-23 05:00:00,1400.9279282640816,wind,2017-07-22 23:00:00,day_ahead
2017-07-23 06:00:00,1379.220968909657,wind,2017-07-22 23:00:00,day_ahead
2017-07-23 07:00:00,1325.1332090679884,wind,2017-07-22 23:00:00,day_ahead
2017-07-23 08:00:00,1240.790975818521,wind,2017-07-22 23:00:00,day_ahead
2017-07-23 09:00:00,1146.3046572125713,wind,2017-07-22 23:00:00,day_ahead
2017-07-23 10:00:00,1070.0536427895242,wind,2017-07-22 23:00:00,day_ahead
2017-07-23 11:00:00,1032.1496445795046,wind,2017-07-22 23:00:00,day_ahead
2017-07-23 12:00:00,1033.7910080545582,wind,2017-07-22 23:00:00,day_ahead
2017-07-23 13:00:00,1060.4608116052982,wind,2017-07-22 23:00:00,day_ahead
2017-07-23 14:00:00,1095.233727740403,wind,2017-07-22 23:00:00,day_ahead
2017-07-23 15:00:00,1130.4194543612916,wind,2017-07-22 23:00:00,day_ahead
2017-07-23 16:00:00,1168.458605548016,wind,2017-07-22 23:00:00,day_ahead
2017-07-23 17:00:00,1213.3978899277615,wind,2017-07-22 23:00:00,day_ahead
2017-07-23 18:00:00,1262.4411159873234,wind,2017-07-22 23:00:00,day_ahead
2017-07-23 19:00:00,1305.716022964882,wind,2017-07-22 23:00:00,day_ahead
2017-07-23 20:00:00,1333.6391877382555,wind,2017-07-22 23:00:00,day_ahead
2017-07-23 21:00:00,1344.0614577205495,wind,2017-07-22 23:00:00,day_ahead
2017-07-23 22:00:00,1342.4848582706707,wind,2017-07-22 23:00:00,day_ahead
2017-07-23 23:00:00,1336.1729910986578,wind,2017-07-22 23:00:00,day_ahead
2017-07-24 00:00:00,1345.461322910232,wind,2017-07-23 23:00:00,day_ahead
2017-07-24 01:00:00,1337.030909936104,wind,2017-07-23 23:00:00,day_ahead
2017-07-24 02:00:00,1328.9982677803916,wind,2017-07-23 23:00:00,day_ahead
2017-07-24 03:00:00,1323.9855079916222,wind,2017-07-23 23:00:00,day_ahead
2017-07-24 04:00:00,1322.1614098107414,wind,2017-07-23 23:00:00,day_ahead
2017-07-24 05:00:00,1315.8325533542586,wind,2017-07-23 23:00:00,day_ahead
2017-07-24 06:00:00,1290.2649075462484,wind,2017-07-23 23:00:00,day_ahead
2017-07-24 07:00:00,1233.2757794798854,wind,2017-07-23 23:00:00,day_ahead
2017-07-24 08:00:00,1147.0722456157787,wind,2017-07-23 23:00:00,day_ahead
2017-07-24 09:00:00,1051.734143942481,wind,2017-07-23 23:00:00,day_ahead
2017-07-24 10:00:00,975.5626840000734,wind,2017-07-23 23:00:00,day_ahead
2017-07-24 11:00:00,938.6380004391198,wind,2017-07-23 23:00:00,day_ahead
2017-07-24 12:00:00,942.1879393384183,wind,2017-07-23 23:00:00,day_ahead
2017-07-24 13:00:00,971.7026196964949,wind,2017-07-23 23:00:00,day_ahead
2017-07-24 14:00:00,1010.1529045177499,wind,2017-07-23 23:00:00,day_ahead
2017-07-24 15:00:00,1049.645978022598,wind,2017-07-23 23:00:00,day_ahead
2017-07-24 16:00:00,1092.4367827123,wind,2017-07-23 23:00:00,day_ahead
2017-07-24 17:00:00,1142.5124330259996,wind,2017-07-23 23:00:00,day_ahead
2017-07-24 18:00:00,1197.1325399032278,wind,2017-07-23 23:00:00,day_ahead
2017-07-24 19:00:00,1246.4668568516254,wind,2017-07-23 23:00:00,day_ahead
2017-07-24 20:00:00,1280.835528902746,wind,2017-07-23 23:00:00,day_ahead
2017-07-24 21:00:00,1297.8615599449145,wind,2017-07-23 23:00:00,day_ahead
2017-07-24 22:00:00,1302.8300900119393,wind,2017-07-23 23:00:00,day_ahead
2017-07-24 23:00:00,1302.946652236277,wind,2017-07-23 23:00:00,day_ahead
2017-07-25 00:00:00,1336.3914162299222,wind,2017-07-24 23:00:00,day_ahead
2017-07-25 01:00:00,1334.6247850059592,wind,2017-07-24 23:00:00,day_ahead
2017-07-25 02:00:00,1333.1166608175936,wind,2017-07-24 23:00:00,day_ahead
2017-07-25 03:00:00,1334.5060074050305,wind,2017-07-24 23:00:00,day_ahead
2017-07-25 04:00:00,1338.93339033986,wind,2017-07-24 23:00:00,day_ahead
2017-07-25 05:00:00,1338.597923275816,wind,2017-07-24 23:00:00,day_ahead
2017-07-25 06:00:00,1318.6251263565246,wind,2017-07-24 23:00:00,day_ahead
2017-07-25 07:00:00,1266.7445720948665,wind,2017-07-24 23:00:00,day_ahead
2017-07-25 08:00:00,1185.1763225194586,wind,2017-07-24 23:00:00,day_ahead
2017-07-25 09:00:00,1094.0828351906898,wind,2017-07-24 23:00:00,day_ahead
2017-07-25 10:00:00,1021.8379134268372,wind,2017-07-24 23:00:00,day_ahead
2017-07-25 11:00:00,988.5263021963954,wind,2017-07-24 23:00:00,day_ahead
2017-07-25 12:00:00,995.3194054649875,wind,2017-07-24 23:00:00,day_ahead
2017-07-25 13:00:00,1027.6416491257646,wind,2017-07-24 23:00:00,day_ahead
2017-07-25 14:00:00,1068.4294312719423,wind,2017-07-24 23:00:00,day_ahead
2017-07-25 15:00:00,1109.7827158437153,wind,2017-07-24 23:00:00,day_ahead
2017-07-25 16:00:00,1153.9482364127082,wind,2017-07-24 23:00:00,day_ahead
2017-07-25 17:00:00,1204.8973387426554,wind,2017-07-24 23:00:00,day_ahead
2017-07-25 18:00:00,1259.8988470828729,wind,2017-07-24 23:00:00,day_ahead
2017-07-25 19:00:00,1309.195095077011,wind,2017-07-24 23:00:00,day_ahead
2017-07-25 20:00:00,1343.2366786700045,wind,2017-07-24 23:00:00,day_ahead
2017-07-25 21:00:00,1359.7751123408984,wind,2017-07-24 23:00:00,day_ahead
2017-07-25 22:00:00,1364.1548945333727,wind,2017-07-24 23:00:00,day_ahead
2017-07-25 23:00:00,1363.5596476321657,wind,2017-07-24 23:00:00,day_ahead
2017-07-26 00:00:00,1384.1525860016004,wind,2017-07-25 23:00:00,day_ahead
2017-07-26 01:00:00,1381.9313805156746,wind,2017-07-25 23:00:00,day_ahead
2017-07-26 02:00:00,1379.7348150691773,wind,2017-07-25 23:00:00,day_ahead
2017-07-26 03:00:00,1380.2442796908817,wind,2017-07-25 23:00:00,day_ahead
2017-07-26 04:00:00,1383.7586037708918,wind,2017-07-25 23:00:00,day_ahead
2017-07-26 05:00:00,1382.6073238123831,wind,2017-07-25 23:00:00,day_ahead
2017-07-26 06:00:00,1361.9325972797685,wind,2017-07-25 23:00:00,day_ahead
2017-07-26 07:00:00,1309.419791075787,wind,2017-07-25 23:00:00,day_ahead
2017-07-26 08:00:00,1227.30978731466,wind,2017-07-25 23:00:00,day_ahead
2017-07-26 09:00:00,1135.908537486015,wind,2017-07-25 23:00:00,day_ahead
2017-07-26 10:00:00,1063.7758854208278,wind,2017-07-25 23:00:00,day_ahead
2017-07-26 11:00:00,1031.0816008684615,wind,2017-07-25 23:00:00,day_ahead
2017-07-26 12:00:00,1038.9172523171005,wind,2017-07-25 23:00:00,day_ahead
2017-07-26 13:00:00,1072.544437776612,wind,2017-07-25 23:00:00,day_ahead
2017-07-26 14:00:00,1114.8016236727944,wind,2017-07-25 23:00:00,day_ahead
2017-07-26 15:00:00,1157.8234450021973,wind,2017-07-25 23:00:00,day_ahead
2017-07-26 16:00:00,1203.9464539322826,wind,2017-07-25 23:00:00,day_ahead
2017-07-26 17:00:00,1257.147536354589,wind,2017-07-25 23:00:00,day_ahead
2017-07-26 18:00:00,1314.5638374536309,wind,2017-07-25 23:00:00,day_ahead
2017-07-26 19:00:00,1366.2650843017252,wind,2017-07-25 23:00:00,day_ahead
2017-07-26 20:00:00,1402.6436182632642,wind,2017-07-25 23:00:00,day_ahead
2017-07-26 21:00:00,1421.5641898062563,wind,2017-07-25 23:00:00,day_ahead
2017-07-26 22:00:00,1428.5470926459268,wind,2017-07-25 23:00:00,day_ahead
2017-07-26 23:00:00,1430.8318638753597,wind,2017-07-25 23:00:00,day_ahead
2017-07-27 00:00:00,1414.8566578820496,wind,2017-07-26 23:00:00,day_ahead
2017-07-27 01:00:00,1415.1636791426927,wind,2017-07-26 23:00:00,day_ahead
2017-07-27 02:00:00,1415.3554691466693,wind,2017-07-26 23:00:00,day_ahead
2017-07-27 03:00:00,1418.0614615864947,wind,2017-07-26 23:00:00,day_ahead
2017-07-27 04:00:00,1423.50481388454,wind,2017-07-26 23:00:00,day_ahead
2017-07-27 05:00:00,1423.9514514096138,wind,2017-07-26 23:00:00,day_ahead
2017-07-27 06:00:00,1404.5253379960375,wind,2017-07-26 23:00:00,day_ahead
2017-07-27 07:00:00,1352.933365675258,wind,2017-07-26 23:00:00,day_ahead
2017-07-27 08:00:00,1271.4348553017173,wind,2017-07-26 23:00:00,day_ahead
2017-07-27 09:00:00,1180.311807501611,wind,2017-07-26 23:00:00,day_ahead
2017-07-27 10:00:00,1108.0611530881101,wind,2017-07-26 23:00:00,day_ahead
2017-07-27 11:00:00,1074.7945925273552,wind,2017-07-26 23:00:00,day_ahead
2017-07-27 12:00:00,1081.5914643537008,wind,2017-07-26 23:00:00,day_ahead
2017-07-27 13:00:00,1113.7433621015273,wind,2017-07-26 23:00:00,day_ahead
2017-07-27 14:00:00,1154.1146337373787,wind,2017-07-26 23:00:00,day_ahead
2017-07-27 15:00:00,1194.8180495081922,wind,2017-07-26 23:00:00,day_ahead
2017-07-27 16:00:00,1238.1250566213573,wind,2017-07-26 23:00:00,day_ahead
2017-07-27 17:00:00,1287.957487299287,wind,2017-07-26 23:00:00,day_ahead
2017-07-27 18:00:00,1341.4634498058533,wind,2017-07-26 23:00:00,day_ahead
2017-07-27 19:00:00,1388.798635476841,wind,2017-07-26 23:00:00,day_ahead
2017-07-27 20:00:00,1420.4717577624272,wind,2017-07-26 23:00:00,day_ahead
2017-07-27 21:00:00,1434.4376850338201,wind,2017-07-26 23:00:00,day_ahead
2017-07-27 22:00:00,1436.2608718699644,wind,2017-07-26 23:00:00,day_ahead
2017-07-27 23:00:00,1433.2069138843217,wind,2017-07-26 23:00:00,day_ahead
2017-07-28 00:00:00,1434.3832236748467,wind,2017-07-27 23:00:00,day_ahead
2017-07-28 01:00:00,1428.9022615850483,wind,2017-07-27 23:00:00,day_ahead
2017-07-28 02:00:00,1423.5154664244283,wind,2017-07-27 23:00:00,day_ahead
2017-07-28 03:00:00,1420.8743154634246,wind,2017-07-27 23:00:00,day_ahead
2017-07-28 04:00:00,1421.1412901379872,wind,2017-07-27 23:00:00,day_ahead
2017-07-28 05:00:00,1416.5627369285887,wind,2017-07-27 23:00:00,day_ahead
2017-07-28 06:00:00,1392.349213001762,wind,2017-07-27 23:00:00,day_ahead
2017-07-28 07:00:00,1336.3574403164573,wind,2017-07-27 23:00:00,day_ahead
2017-07-28 08:00:00,1250.9672674967696,wind,2017-07-27 23:00:00,day_ahead
2017-07-28 09:00:00,1156.5084889918287,wind,2017-07-27 23:00:00,day_ahead
2017-07-28 10:00:00,1081.495405446556,wind,2017-07-27 23:00:00,day_ahead
2017-07-28 11:00:00,1046.096256289635,wind,2017-07-27 23:00:00,day_ahead
2017-07-28 12:00:00,1051.496596346231,wind,2017-07-27 23:00:00,day_ahead
2017-07-28 13:00:00,1083.0762169616705,wind,2017-07-27 23:00:00,day_ahead
2017-07-28 14:00:00,1123.6948775458586,wind,2017-07-27 23:00:00,day_ahead
2017-07-28 15:00:00,1165.3733233344965,wind,2017-07-27 23:00:00,day_ahead
2017-07-28 16:00:00,1210.297090302151,wind,2017-07-27 23:00:00,day_ahead
2017-07-28 17:00:00,1262.402805379104,wind,2017-07-27 23:00:00,day_ahead
2017-07-28 18:00:00,1318.9511117929765,wind,2017-07-27 23:00:00,day_ahead
2017-07-28 19:00:00,1370.199227961884,wind,2017-07-27 23:00:00,day_ahead
2017-07-28 20:00:00,1406.629938919698,wind,2017-07-27 23:00:00,day_ahead
2017-07-28 21:00:00,1426.0343045750349,wind,2017-07-27 23:00:00,day_ahead
2017-07-28 22:00:00,1433.788838121012,wind,2017-07-27 23:00:00,day_ahead
2017-07-28 23:00:00,1437.0853371062083,wind,2017-07-27 23:00:00,day_ahead
2017-07-29 00:00:00,1459.6196747108568,wind,2017-07-28 23:00:00,day_ahead
2017-07-29 01:00:00,1461.9027424107499,wind,2017-07-28 23:00:00,day_ahead
2017-07-29 02:00:00,1464.7387516300023,wind,2017-07-28 23:00:00,day_ahead
2017-07-29 03:00:00,1470.6748235856537,wind,2017-07-28 23:00:00,day_ahead
2017-07-29 04:00:00,1479.7636214643271,wind,2017-07-28 23:00:00,day_ahead
2017-07-29 05:00:00,1484.1471186489346,wind,2017-07-28 23:00:00,day_ahead
2017-07-29 06:00:00,1468.9598888855553,wind,2017-07-28 23:00:00,day_ahead
2017-07-29 07:00:00,1422.0221716653657,wind,2017-07-28 23:00:00,day_ahead
2017-07-29 08:00:00,1345.6977795627593,wind,2017-07-28 23:00:00,day_ahead
2017-07-29 09:00:00,1260.2820615872574,wind,2017-07-28 23:00:00,day_ahead
2017-07-29 10:00:00,1194.2105480527962,wind,2017-07-28 23:00:00,day_ahead
2017-07-29 11:00:00,1167.5390166726647,wind,2017-07-28 23:00:00,day_ahead
2017-07-29 12:00:00,1181.3433224497048,wind,2017-07-28 23:00:00,day_ahead
2017-07-29 13:00:00,1220.9216520018338,wind,2017-07-28 23:00:00,day_ahead
2017-07-29 14:00:00,1269.0670066962434,wind,2017-07-28 23:00:00,day_ahead
2017-07-29 15:00:00,1317.707257109196,wind,2017-07-28 23:00:00,day_ahead
2017-07-29 16:00:00,1368.8819389670452,wind,2017-07-28 23:00:00,day_ahead
2017-07-29 17:00:00,1426.3493009428862,wind,2017-07-28 23:00:00,day_ahead
2017-07-29 18:00:00,1487.2200517838544,wind,2017-07-28 23:00:00,day_ahead
2017-07-29 19:00:00,1541.6856834637435,wind,2017-07-28 23:00:00,day_ahead
2017-07-29 20:00:00,1580.2545127411554,wind,2017-07-28 23:00:00,day_ahead
2017-07-29 21:00:00,1600.7884736354313,wind,2017-07-28 23:00:00,day_ahead
2017-07-29 22:00:00,1608.718751131839,wind,2017-07-28 23:00:00,day_ahead
2017-07-29 23:00:00,1611.2431156807397,wind,2017-07-28 23:00:00,day_ahead
2017-07-30 00:00:00,1606.766917701853,wind,2017-07-29 23:00:00,day_ahead
2017-07-30 01:00:00,1606.3161090337785,wind,2017-07-29 23:00:00,day_ahead
2017-07-30 02:00:00,1605.3983526482416,wind,2017-07-29 23:00:00,day_ahead
2017-07-30 03:00:00,1606.6234341669235,wind,2017-07-29 23:00:00,day_ahead
2017-07-30 04:00:00,1610.0560117298885,wind,2017-07-29 23:00:00,day_ahead
2017-07-30 05:00:00,1607.7978884149836,wind,2017-07-29 23:00:00,day_ahead
2017-07-30 06:00:00,1584.9646083819105,wind,2017-07-29 23:00:00,day_ahead
2017-07-30 07:00:00,1529.4569673768742,wind,2017-07-29 23:00:00,day_ahead
2017-07-30 08:00:00,1443.822347811404,wind,2017-07-29 23:00:00,day_ahead
2017-07-30 09:00:00,1348.5611994106678,wind,2017-07-29 23:00:00,day_ahead
2017-07-30 10:00:00,1272.2414572335379,wind,2017-07-29 23:00:00,day_ahead
2017-07-30 11:00:00,1234.956143591333,wind,2017-07-29 23:00:00,day_ahead
2017-07-30 12:00:00,1237.787054740429,wind,2017-07-29 23:00:00,day_ahead
2017-07-30 13:00:00,1266.0887212284445,wind,2017-07-29 23:00:00,day_ahead
2017-07-30 14:00:00,1302.7779966527844,wind,2017-07-29 23:00:00,day_ahead
2017-07-30 15:00:00,1339.9124260631245,wind,2017-07-29 23:00:00,day_ahead
2017-07-30 16:00:00,1379.593998436204,wind,2017-07-29 23:00:00,day_ahead
2017-07-30 17:00:00,1425.5721257946443,wind,2017-07-29 23:00:00,day_ahead
2017-07-30 18:00:00,1474.953537443373,wind,2017-07-29 23:00:00,day_ahead
2017-07-30 19:00:00,1518.016037453591,wind,2017-07-29 23:00:00,day_ahead
2017-07-30 20:00:00,1545.4554394536428,wind,2017-07-29 23:00:00,day_ahead
2017-07-30 21:00:00,1555.3448476108547,wind,2017-07-29 23:00:00,day_ahead
2017-07-30 22:00:00,1553.2545588684309,wind,2017-07-29 23:00:00,day_ahead
2017-07-30 23:00:00,1546.421090980139,wind,2017-07-29 23:00:00,day_ahead
2017-07-31 00:00:00,1539.174934543407,wind,2017-07-30 23:00:00,day_ahead
2017-07-31 01:00:00,1530.5691948384506,wind,2017-07-30 23:00:00,day_ahead
2017-07-31 02:00:00,1522.3700463255998,wind,2017-07-30 23:00:00,day_ahead
2017-07-31 03:00:00,1517.184730565559,wind,2017-07-30 23:00:00,day_ahead
2017-07-31 04:00:00,1515.002193128555,wind,2017-07-30 23:00:00,day_ahead
2017-07-31 05:00:00,1507.8657754905385,wind,2017-07-30 23:00:00,day_ahead
2017-07-31 06:00:00,1480.92227817373,wind,2017-07-30 23:00:00,day_ahead
2017-07-31 07:00:00,1422.1871186115352,wind,2017-07-30 23:00:00,day_ahead
2017-07-31 08:00:00,1334.3298920059635,wind,2017-07-30 23:00:00,day_ahead
2017-07-31 09:00:00,1237.9027658878706,wind,2017-07-30 23:00:00,day_ahead
2017-07-31 10:00:00,1161.4353312125427,wind,2017-07-30 23:00:00,day_ahead
2017-07-31 11:00:00,1124.9329383133263,wind,2017-07-30 23:00:00,day_ahead
2017-07-31 12:00:00,1129.3911956047523,wind,2017-07-30 23:00:00,day_ahead
2017-07-31 13:00:00,1160.093696020244,wind,2017-07-30 23:00:00,day_ahead
2017-07-31 14:00:00,1199.8797450293491,wind,2017-07-30 23:00:00,day_ahead
2017-07-31 15:00:00,1240.7064935337537,wind,2017-07-30 23:00:00,day_ahead
2017-07-31 16:00:00,1284.5729735447717,wind,2017-07-30 23:00:00,day_ahead
2017-07-31 17:00:00,1335.1636666352001,wind,2017-07-30 23:00:00,day_ahead
2017-07-31 18:00:00,1389.5722807124341,wind,2017-07-30 23:00:00,day_ahead
2017-07-31 19:00:00,1438.0773826024567,wind,2017-07-30 23:00:00,day_ahead
2017-07-31 20:00:00,1471.3283175529748,wind,2017-07-30 23:00:00,day_ahead
2017-07-31 21:00:00,1487.2799686324806,wind,2017-07-30 23:00:00,day_ahead
2017-07-31 22:00:00,1491.3547822047874,wind,2017-07-30 23:00:00,day_ahead
2017-07-31 23:00:00,1490.6866593138363,wind,2017-07-30 23:00:00,day_ahead
2017-08-01 00:00:00,1479.6069900308587,wind,2017-07-31 23:00:00,day_ahead
2017-08-01 01:00:00,1477.2648241062766,wind,2017-07-31 23:00:00,day_ahead
2017-08-01 02:00:00,1475.2801742177387,wind,2017-07-31 23:00:00,day_ahead
2017-08-01 03:00:00,1476.1947500876493,wind,2017-07-31 23:00:00,day_ahead
2017-08-01 04:00:00,1479.8998496988333,wind,2017-07-31 23:00:00,day_ahead
2017-08-01 05:00:00,1478.3268304699636,wind,2017-07-31 23:00:00,day_ahead
2017-08-01 06:00:00,1456.5306567468156,wind,2017-07-31 23:00:00,day_ahead
2017-08-01 07:00:00,1402.480442751832,wind,2017-07-31 23:00:00,day_ahead
2017-08-01 08:00:00,1318.8452171170936,wind,2017-07-31 23:00:00,day_ahead
2017-08-01 09:00:00,1226.2032981463349,wind,2017-07-31 23:00:00,day_ahead
2017-08-01 10:00:00,1153.1175174368827,wind,2017-07-31 23:00:00,day_ahead
2017-08-01 11:00:00,1119.6248644628095,wind,2017-07-31 23:00:00,day_ahead
2017-08-01 12:00:00,1126.7483860657971,wind,2017-07-31 23:00:00,day_ahead
2017-08-01 13:00:00,1159.7869540801248,wind,2017-07-31 23:00:00,day_ahead
2017-08-01 14:00:00,1201.5686235702535,wind,2017-07-31 23:00:00,day_ahead
2017-08-01 15:00:00,1244.006017406086,wind,2017-07-31 23:00:00,day_ahead
2017-08-01 16:00:00,1289.0363304627485,wind,2017-07-31 23:00:00,day_ahead
2017-08-01 17:00:00,1340.3010658154815,wind,2017-07-31 23:00:00,day_ahead
2017-08-01 18:00:00,1394.9031202303754,wind,2017-07-31 23:00:00,day_ahead
2017-08-01 19:00:00,1443.1875277312276,wind,2017-07-31 23:00:00,day_ahead
2017-08-01 20:00:00,1475.8998666295881,wind,2017-07-31 23:00:00,day_ahead
2017-08-01 21:00:00,1491.0828432542594,wind,2017-07-31 23:00:00,day_ahead
2017-08-01 22:00:00,1494.2190511728609,wind,2017-07-31 23:00:00,day_ahead
2017-08-01 23:00:00,1492.4855332894235,wind,2017-07-31 23:00:00,day_ahead
2017-08-02 00:00:00,1486.2361112398905,wind,2017-08-01 23:00:00,day_ahead
2017-08-02 01:00:00,1483.0217867116035,wind,2017-08-01 23:00:00,day_ahead
2017-08-02 02:00:00,1479.9880063367534,wind,2017-08-01 23:00:00,day_ahead
2017-08-02 03:00:00,1479.7887674764534,wind,2017-08-01 23:00:00,day_ahead
2017-08-02 04:00:00,1482.4622921846556,wind,2017-08-01 23:00:00,day_ahead
2017-08-02 05:00:00,1480.0102151888593,wind,2017-08-01 23:00:00,day_ahead
2017-08-02 06:00:00,1457.469780850868,wind,2017-08-01 23:00:00,day_ahead
2017-08-02 07:00:00,1402.7902406629305,wind,2017-08-01 23:00:00,day_ahead
2017-08-02 08:00:00,1318.701070281365,wind,2017-08-01 23:00:00,day_ahead
2017-08-02 09:00:00,1225.909786047012,wind,2017-08-01 23:00:00,day_ahead
2017-08-02 10:00:00,1153.083534016183,wind,2017-08-01 23:00:00,day_ahead
2017-08-02 11:00:00,1120.2617148862025,wind,2017-08-01 23:00:00,day_ahead
2017-08-02 12:00:00,1128.3877460585936,wind,2017-08-01 23:00:00,day_ahead
2017-08-02 13:00:00,1162.6927121922322,wind,2017-08-01 23:00:00,day_ahead
2017-08-02 14:00:00,1206.0143401011235,wind,2017-08-01 23:00:00,day_ahead
2017-08-02 15:00:00,1250.316151028872,wind,2017-08-01 23:00:00,day_ahead
2017-08-02 16:00:00,1297.5252424565315,wind,2017-08-01 23:00:00,day_ahead
2017-08-02 17:00:00,1351.1568620541539,wind,2017-08-01 23:00:00,day_ahead
2017-08-02 18:00:00,1408.1376362485948,wind,2017-08-01 23:00:00,day_ahead
2017-08-02 19:00:00,1458.7263020209468,wind,2017-08-01 23:00:00,day_ahead
2017-08-02 20:00:00,1493.7543165241777,wind,2017-08-01 23:00:00,day_ahead
2017-08-02 21:00:00,1511.457090516489,wind,2017-08-01 23:00:00,day_ahead
2017-08-02 22:00:00,1517.4479776345502,wind,2017-08-01 23:00:00,day_ahead
2017-08-02 23:00:00,1518.844013984446,wind,2017-08-01 23:00:00,day_ahead
2017-08-03 00:00:00,1518.5887548964663,wind,2017-08-02 23:00:00,day_ahead
2017-08-03 01:00:00,1517.912837595338,wind,2017-08-02 23:00:00,day_ahead
2017-08-03 02:00:00,1517.4378247895208,wind,2017-08-02 23:00:00,day_ahead
2017-08-03 03:00:00,1519.784462091303,wind,2017-08-02 23:00:00,day_ahead
2017-08-03 04:00:00,1524.8283507021893,wind,2017-08-02 23:00:00,day_ahead
2017-08-03 05:00:00,1524.3940291070003,wind,2017-08-02 23:00:00,day_ahead
2017-08-03 06:00:00,1503.439708183257,wind,2017-08-02 23:00:00,day_ahead
2017-08-03 07:00:00,1449.9443294470877,wind,2017-08-02 23:00:00,day_ahead
2017-08-03 08:00:00,1366.6895854632778,wind,2017-08-02 23:00:00,day_ahead
2017-08-03 09:00:00,1274.3710019397176,wind,2017-08-02 23:00:00,day_ahead
2017-08-03 10:00:00,1201.5785182533984,wind,2017-08-02 23:00:00,day_ahead
2017-08-03 11:00:00,1168.284710195884,wind,2017-08-02 23:00:00,day_ahead
2017-08-03 12:00:00,1175.4396396542895,wind,2017-08-02 23:00:00,day_ahead
2017-08-03 13:00:00,1208.33301403285,wind,2017-08-02 23:00:00,day_ahead
2017-08-03 14:00:00,1249.8291797224215,wind,2017-08-02 23:00:00,day_ahead
2017-08-03 15:00:00,1291.8333183607451,wind,2017-08-02 23:00:00,day_ahead
2017-08-03 16:00:00,1336.172955215567,wind,2017-08-02 23:00:00,day_ahead
2017-08-03 17:00:00,1386.3277076779432,wind,2017-08-02 23:00:00,day_ahead
2017-08-03 18:00:00,1439.3136501242147,wind,2017-08-02 23:00:00,day_ahead
2017-08-03 19:00:00,1485.551737562516,wind,2017-08-02 23:00:00,day_ahead
2017-08-03 20:00:00,1515.9844051421749,wind,2017-08-02 23:00:00,day_ahead
2017-08-03 21:00:00,1528.829208460573,wind,2017-08-02 23:00:00,day_ahead
2017-08-03 22:00:00,1529.6019996387986,wind,2017-08-02 23:00:00,day_ahead
2017-08-03 23:00:00,1525.3793747247823,wind,2017-08-02 23:00:00,day_ahead
2017-08-04 00:00:00,1502.399361985659,wind,2017-08-03 23:00:00,day_ahead
2017-08-04 01:00:00,1496.0092973555857,wind,2017-08-03 23:00:00,day_ahead
2017-08-04 02:00:00,1489.7705147636284,wind,2017-08-03 23:00:00,day_ahead
2017-08-04 03:00:00,1486.3462585818322,wind,2017-08-03 23:00:00,day_ahead
2017-08-04 04:00:00,1485.6844127450388,wind,2017-08-03 23:00:00,day_ahead
2017-08-04 05:00:00,1479.7051658470932,wind,2017-08-03 23:00:00,day_ahead
2017-08-04 06:00:00,1453.4694817977856,wind,2017-08-03 23:00:00,day_ahead
2017-08-04 07:00:00,1395.0531035530385,wind,2017-08-03 23:00:00,day_ahead
2017-08-04 08:00:00,1307.3282517821053,wind,2017-08-03 23:00:00,day_ahead
2017-08-04 09:00:00,1211.0835413883508,wind,2017-08-03 23:00:00,day_ahead
2017-08-04 10:00:00,1135.0083307245143,wind,2017-08-03 23:00:00,day_ahead
2017-08-04 11:00:00,1099.1682046623168,wind,2017-08-03 23:00:00,day_ahead
2017-08-04 12:00:00,1104.574253810976,wind,2017-08-03 23:00:00,day_ahead
2017-08-04 13:00:00,1136.524844504171,wind,2017-08-03 23:00:00,day_ahead
2017-08-04 14:00:00,1177.8434502664063,wind,2017-08-03 23:00:00,day_ahead
2017-08-04 15:00:00,1220.3733920550358,wind,2017-08-03 23:00:00,day_ahead
2017-08-04 16:00:00,1265.897398354462,wind,2017-08-03 23:00:00,day_ahead
2017-08-04 17:00:00,1317.8921673847474,wind,2017-08-03 23:00:00,day_ahead
2017-08-04 18:00:00,1373.4117417556731,wind,2017-08-03 23:00:00,day_ahead
2017-08-04 19:00:00,1422.9340553477318,wind,2017-08-03 23:00:00,day_ahead
2017-08-04 20:00:00,1457.4503051221345,wind,2017-08-03 23:00:00,day_ahead
2017-08-04 21:00:00,1475.199046460001,wind,2017-08-03 23:00:00,day_ahead
2017-08-04 22:00:00,1481.6807325224054,wind,2017-08-03 23:00:00,day_ahead
2017-08-04 23:00:00,1483.9190282986312,wind,2017-08-03 23:00:00,day_ahead
2017-08-05 00:00:00,1473.2004708883542,wind,2017-08-04 23:00:00,day_ahead
2017-08-05 01:00:00,1474.4135466923117,wind,2017-08-04 23:00:00,day_ahead
2017-08-05 02:00:00,1476.2616947745528,wind,2017-08-04 23:00:00,day_ahead
2017-08-05 03:00:00,1481.3789087753032,wind,2017-08-04 23:00:00,day_ahead
2017-08-05 04:00:00,1489.6291569309863,wind,2017-08-04 23:00:00,day_ahead
2017-08-05 05:00:00,1492.7960317745178,wind,2017-08-04 23:00:00,day_ahead
2017-08-05 06:00:00,1475.8047185853545,wind,2017-08-04 23:00:00,day_ahead
2017-08-05 07:00:00,1426.6482072290432,wind,2017-08-04 23:00:00,day_ahead
2017-08-05 08:00:00,1348.169041681513,wind,2017-08-04 23:00:00,day_ahead
2017-08-05 09:00:00,1261.1284763542774,wind,2017-08-04 23:00:00,day_ahead
2017-08-05 10:00:00,1194.1401319384531,wind,2017-08-04 23:00:00,day_ahead
2017-08-05 11:00:00,1167.143337406735,wind,2017-08-04 23:00:00,day_ahead
2017-08-05 12:00:00,1181.0166761184214,wind,2017-08-04 23:00:00,day_ahead
2017-08-05 13:00:00,1220.9616185611897,wind,2017-08-04 23:00:00,day_ahead
2017-08-05 14:00:00,1269.735807690786,wind,2017-08-04 23:00:00,day_ahead
2017-08-05 15:00:00,1319.1037625150336,wind,2017-08-04 23:00:00,day_ahead
2017-08-05 16:00:00,1370.7240979713815,wind,2017-08-04 23:00:00,day_ahead
2017-08-05 17:00:00,1427.9257066204996,wind,2017-08-04 23:00:00,day_ahead
2017-08-05 18:00:00,1487.6542783942803,wind,2017-08-04 23:00:00,day_ahead
2017-08-05 19:00:00,1540.365417596349,wind,2017-08-04 23:00:00,day_ahead
2017-08-05 20:00:00,1577.0966738528898,wind,2017-08-04 23:00:00,day_ahead
2017-08-05 21:00:00,1596.1320007462248,wind,2017-08-04 23:00:00,day_ahead
2017-08-05 22:00:00,1602.9562132722142,wind,2017-08-04 23:00:00,day_ahead
2017-08-05 23:00:00,1604.5194991789626,wind,2017-08-04 23:00:00,day_ahead
2017-08-06 00:00:00,1615.6788416541667,wind,2017-08-05 23:00:00,day_ahead
2017-08-06 01:00:00,1613.8394549059335,wind,2017-08-05 23:00:00,day_ahead
2017-08-06 02:00:00,1611.6688134434544,wind,2017-08-05 23:00:00,day_ahead
2017-08-06 03:00:00,1611.8492457095065,wind,2017-08-05 23:00:00,day_ahead
2017-08-06 04:00:00,1614.2399217337504,wind,2017-08-05 23:00:00,day_ahead
2017-08-06 05:00:00,1610.5982601360524,wind,2017-08-05 23:00:00,day_ahead
2017-08-06 06:00:00,1585.8583148096354,wind,2017-08-05 23:00:00,day_ahead
2017-08-06 07:00:00,1528.0885938605459,wind,2017-08-05 23:00:00,day_ahead
2017-08-06 08:00:00,1440.2559675976272,wind,2017-08-05 23:00:00,day_ahead
2017-08-06 09:00:00,1343.2486252392055,wind,2017-08-05 23:00:00,day_ahead
2017-08-06 10:00:00,1265.7786738502043,wind,2017-08-05 23:00:00,day_ahead
2017-08-06 11:00:00,1227.862528411636,wind,2017-08-05 23:00:00,day_ahead
2017-08-06 12:00:00,1230.4622305618377,wind,2017-08-05 23:00:00,day_ahead
2017-08-06 13:00:00,1258.8814535699667,wind,2017-08-05 23:00:00,day_ahead
2017-08-06 14:00:00,1295.9801997550185,wind,2017-08-05 23:00:00,day_ahead
2017-08-06 15:00:00,1333.597158342838,wind,2017-08-05 23:00:00,day_ahead
2017-08-06 16:00:00,1373.4335296224451,wind,2017-08-05 23:00:00,day_ahead
2017-08-06 17:00:00,1418.8607692173657,wind,2017-08-05 23:00:00,day_ahead
2017-08-06 18:00:00,1466.9058844550448,wind,2017-08-05 23:00:00,day_ahead
2017-08-06 19:00:00,1508.151667537661,wind,2017-08-05 23:00:00,day_ahead
2017-08-06 20:00:00,1533.7741188351824,wind,2017-08-05 23:00:00,day_ahead
2017-08-06 21:00:00,1542.1616480895868,wind,2017-08-05 23:00:00,day_ahead
2017-08-06 22:00:00,1538.8566494034696,wind,2017-08-05 23:00:00,day_ahead
2017-08-06 23:00:00,1530.8517998488921,wind,2017-08-05 23:00:00,day_ahead
2017-08-07 00:00:00,1510.5919807620794,wind,2017-08-06 23:00:00,day_ahead
2017-08-07 01:00:00,1501.3199973694313,wind,2017-08-06 23:00:00,day_ahead
2017-08-07 02:00:00,1492.1896417573275,wind,2017-08-06 23:00:00,day_ahead
2017-08-07 03:00:00,1485.9454649457534,wind,2017-08-06 23:00:00,day_ahead
2017-08-07 04:00:00,1482.670910990223,wind,2017-08-06 23:00:00,day_ahead
2017-08-07 05:00:00,1474.318596239137,wind,2017-08-06 23:00:00,day_ahead
2017-08-07 06:00:00,1445.851589795404,wind,2017-08-06 23:00:00,day_ahead
2017-08-07 07:00:00,1385.2316202759505,wind,2017-08-06 23:00:00,day_ahead
2017-08-07 08:00:00,1295.329043005165,wind,2017-08-06 23:00:00,day_ahead
2017-08-07 09:00:00,1197.0534648060586,wind,2017-08-06 23:00:00,day_ahead
2017-08-07 10:00:00,1119.2253286406196,wind,2017-08-06 23:00:00,day_ahead
2017-08-07 11:00:00,1081.9326080970268,wind,2017-08-06 23:00:00,day_ahead
2017-08-07 12:00:00,1086.089990810635,wind,2017-08-06 23:00:00,day_ahead
2017-08-07 13:00:00,1116.8741108586003,wind,2017-08-06 23:00:00,day_ahead
2017-08-07 14:00:00,1157.0450781291356,wind,2017-08-06 23:00:00,day_ahead
2017-08-07 15:00:00,1198.419259577929,wind,2017-08-06 23:00:00,day_ahead
2017-08-07 16:00:00,1242.6893851640953,wind,2017-08-06 23:00:00,day_ahead
2017-08-07 17:00:00,1293.1282099241816,wind,2017-08-06 23:00:00,day_ahead
2017-08-07 18:00:00,1346.5581168760832,wind,2017-08-06 23:00:00,day_ahead
2017-08-07 19:00:00,1393.3668333362666,wind,2017-08-06 23:00:00,day_ahead
2017-08-07 20:00:00,1424.6905495312412,wind,2017-08-06 23:00:00,day_ahead
2017-08-07 21:00:00,1439.0561339676274,wind,2017-08-06 23:00:00,day_ahead
2017-08-07 22:00:00,1442.1735069328006,wind,2017-08-06 23:00:00,day_ahead
2017-08-07 23:00:00,1441.0270782071123,wind,2017-08-06 23:00:00,day_ahead
2017-08-08 00:00:00,1449.409935931788,wind,2017-08-07 23:00:00,day_ahead
2017-08-08 01:00:00,1445.890630367341,wind,2017-08-07 23:00:00,day_ahead
2017-08-08 02:00:00,1442.6991357169009,wind,2017-08-07 23:00:00,day_ahead
2017-08-08 03:00:00,1442.4591020310852,wind,2017-08-07 23:00:00,day_ahead
2017-08-08 04:00:00,1444.9782294539793,wind,2017-08-07 23:00:00,day_ahead
2017-08-08 05:00:00,1441.950415293937,wind,2017-08-07 23:00:00,day_ahead
2017-08-08 06:00:00,1418.2367631762477,wind,2017-08-07 23:00:00,day_ahead
2017-08-08 07:00:00,1361.861921483625,wind,2017-08-07 23:00:00,day_ahead
2017-08-08 08:00:00,1275.8191148878318,wind,2017-08-07 23:00:00,day_ahead
2017-08-08 09:00:00,1181.0871151275587,wind,2017-08-07 23:00:00,day_ahead
2017-08-08 10:00:00,1106.4672917301993,wind,2017-08-07 23:00:00,day_ahead
2017-08-08 11:00:00,1071.9844656206133,wind,2017-08-07 23:00:00,day_ahead
2017-08-08 12:00:00,1078.501205551332,wind,2017-08-07 23:00:00,day_ahead
2017-08-08 13:00:00,1111.1648210574645,wind,2017-08-07 23:00:00,day_ahead
2017-08-08 14:00:00,1152.708900882018,wind,2017-08-07 23:00:00,day_ahead
2017-08-08 15:00:00,1194.925118883345,wind,2017-08-07 23:00:00,day_ahead
2017-08-08 16:00:00,1239.5214465615154,wind,2017-08-07 23:00:00,day_ahead
2017-08-08 17:00:00,1289.8608010951982,wind,2017-08-07 23:00:00,day_ahead
2017-08-08 18:00:00,1342.903228670327,wind,2017-08-07 23:00:00,day_ahead
2017-08-08 19:00:00,1389.1303187865847,wind,2017-08-07 23:00:00,day_ahead
2017-08-08 20:00:00,1419.649674276089,wind,2017-08-07 23:00:00,day_ahead
2017-08-08 21:00:00,1432.8595152107612,wind,2017-08-07 23:00:00,day_ahead
2017-08-08 22:00:00,1434.371738251366,wind,2017-08-07 23:00:00,day_ahead
2017-08-08 23:00:00,1431.2439509448488,wind,2017-08-07 23:00:00,day_ahead
2017-08-09 00:00:00,1463.754906471005,wind,2017-08-08 23:00:00,day_ahead
2017-08-09 01:00:00,1458.6153719452584,wind,2017-08-08 23:00:00,day_ahead
2017-08-09 02:00:00,1453.8811219627453,wind,2017-08-08 23:00:00,day_ahead
2017-08-09 03:00:00,1452.303416025763,wind,2017-08-08 23:00:00,day_ahead
2017-08-09 04:00:00,1453.7822186626724,wind,2017-08-08 23:00:00,day_ahead
2017-08-09 05:00:00,1450.0065223781007,wind,2017-08-08 23:00:00,day_ahead
2017-08-09 06:00:00,1425.7469202362684,wind,2017-08-08 23:00:00,day_ahead
2017-08-09 07:00:00,1368.932929510426,wind,2017-08-08 23:00:00,day_ahead
2017-08-09 08:00:00,1282.544912635142,wind,2017-08-08 23:00:00,day_ahead
2017-08-09 09:00:00,1187.6565973380057,wind,2017-08-08 23:00:00,day_ahead
2017-08-09 10:00:00,1113.2221951414583,wind,2017-08-08 23:00:00,day_ahead
2017-08-09 11:00:00,1079.3975105802433,wind,2017-08-08 23:00:00,day_ahead
2017-08-09 12:00:00,1087.104500727749,wind,2017-08-08 23:00:00,day_ahead
2017-08-09 13:00:00,1121.480719189887,wind,2017-08-08 23:00:00,day_ahead
2017-08-09 14:00:00,1165.2101107861422,wind,2017-08-08 23:00:00,day_ahead
2017-08-09 15:00:00,1210.0136118392684,wind,2017-08-08 23:00:00,day_ahead
2017-08-09 16:00:00,1257.506927803604,wind,2017-08-08 23:00:00,day_ahead
2017-08-09 17:00:00,1310.9425462548675,wind,2017-08-08 23:00:00,day_ahead
2017-08-09 18:00:00,1367.1799373711337,wind,2017-08-08 23:00:00,day_ahead
2017-08-09 19:00:00,1416.649882256886,wind,2017-08-08 23:00:00,day_ahead
2017-08-09 20:00:00,1450.4722270063373,wind,2017-08-08 23:00:00,day_ahead
2017-08-09 21:00:00,1467.083999124289,wind,2017-08-08 23:00:00,day_ahead
2017-08-09 22:00:00,1472.099413319864,wind,2017-08-08 23:00:00,day_ahead
2017-08-09 23:00:00,1472.5066346827743,wind,2017-08-08 23:00:00,day_ahead
2017-08-10 00:00:00,1536.297914052989,wind,2017-08-09 23:00:00,day_ahead
2017-08-10 01:00:00,1534.1153783637928,wind,2017-08-09 23:00:00,day_ahead
2017-08-10 02:00:00,1532.3137420924204,wind,2017-08-09 23:00:00,day_ahead
2017-08-10 03:00:00,1533.6333840633158,wind,2017-08-09 23:00:00,day_ahead
2017-08-10 04:00:00,1537.8207110121903,wind,2017-08-09 23:00:00,day_ahead
2017-08-10 05:00:00,1536.345234444717,wind,2017-08-09 23:00:00,day_ahead
2017-08-10 06:00:00,1513.8183878590294,wind,2017-08-09 23:00:00,day_ahead
2017-08-10 07:00:00,1458.1444773727837,wind,2017-08-09 23:00:00,day_ahead
2017-08-10 08:00:00,1372.3808227964223,wind,2017-08-09 23:00:00,day_ahead
2017-08-10 09:00:00,1277.681765027205,wind,2017-08-09 23:00:00,day_ahead
2017-08-10 10:00:00,1203.009373878539,wind,2017-08-09 23:00:00,day_ahead
2017-08-10 11:00:00,1168.45705382212,wind,2017-08-09 23:00:00,day_ahead
2017-08-10 12:00:00,1174.8753277223377,wind,2017-08-09 23:00:00,day_ahead
2017-08-10 13:00:00,1207.3743469398732,wind,2017-08-09 23:00:00,day_ahead
2017-08-10 14:00:00,1248.655462097949,wind,2017-08-09 23:00:00,day_ahead
2017-08-10 15:00:00,1290.4668685657152,wind,2017-08-09 23:00:00,day_ahead
2017-08-10 16:00:00,1334.4403656753814,wind,2017-08-09 23:00:00,day_ahead
2017-08-10 17:00:00,1383.8502748911242,wind,2017-08-09 23:00:00,day_ahead
2017-08-10 18:00:00,1435.6110761930306,wind,2017-08-09 23:00:00,day_ahead
2017-08-10 19:00:00,1480.2350274992136,wind,2017-08-09 23:00:00,day_ahead
2017-08-10 20:00:00,1508.9028229181358,wind,2017-08-09 23:00:00,day_ahead
2017-08-10 21:00:00,1520.051296555685,wind,2017-08-09 23:00:00,day_ahead
2017-08-10 22:00:00,1519.2538652219193,wind,2017-08-09 23:00:00,day_ahead
2017-08-10 23:00:00,1513.4979654318272,wind,2017-08-09 23:00:00,day_ahead
2017-08-11 00:00:00,1527.1136547387134,wind,2017-08-10 23:00:00,day_ahead
2017-08-11 01:00:00,1519.4535411362815,wind,2017-08-10 23:00:00,day_ahead
2017-08-11 02:00:00,1511.9116728150038,wind,2017-08-10 23:00:00,day_ahead
2017-08-11 03:00:00,1507.3633593266848,wind,2017-08-10 23:00:00,day_ahead
2017-08-11 04:00:00,1505.842454827706,wind,2017-08-10 23:00:00,day_ahead
2017-08-11 05:00:00,1499.07466320517,wind,2017-08-10 23:00:00,day_ahead
2017-08-11 06:00:00,1471.7526158149053,wind,2017-08-10 23:00:00,day_ahead
2017-08-11 07:00:00,1411.6997682091364,wind,2017-08-10 23:00:00,day_ahead
2017-08-11 08:00:00,1321.8741056871413,wind,2017-08-10 23:00:00,day_ahead
2017-08-11 09:00:00,1223.4506144151699,wind,2017-08-10 23:00:00,day_ahead
2017-08-11 10:00:00,1145.5499490370528,wind,2017-08-10 23:00:00,day_ahead
2017-08-11 11:00:00,1108.4648118120115,wind,2017-08-10 23:00:00,day_ahead
2017-08-11 12:00:00,1113.1787798645757,wind,2017-08-10 23:00:00,day_ahead
2017-08-11 13:00:00,1144.8458833184854,wind,2017-08-10 23:00:00,day_ahead
2017-08-11 14:00:00,1186.1779734159034,wind,2017-08-10 23:00:00,day_ahead
2017-08-11 15:00:00,1228.9513903956536,wind,2017-08-10 23:00:00,day_ahead
2017-08-11 16:00:00,1274.827354394385,wind,2017-08-10 23:00:00,day_ahead
2017-08-11 17:00:00,1327.0544573689344,wind,2017-08-10 23:00:00,day_ahead
2017-08-11 18:00:00,1382.4531722680622,wind,2017-08-10 23:00:00,day_ahead
2017-08-11 19:00:00,1431.4437804485226,wind,2017-08-10 23:00:00,day_ahead
2017-08-11 20:00:00,1465.2115842324688,wind,2017-08-10 23:00:00,day_ahead
2017-08-11 21:00:00,1482.3073634194068,wind,2017-08-10 23:00:00,day_ahead
2017-08-11 22:00:00,1488.418413499356,wind,2017-08-10 23:00:00,day_ahead
2017-08-11 23:00:00,1490.496138345896,wind,2017-08-10 23:00:00,day_ahead
2017-08-12 00:00:00,1461.2694085702833,wind,2017-08-11 23:00:00,day_ahead
2017-08-12 01:00:00,1462.3675406025136,wind,2017-08-11 23:00:00,day_ahead
2017-08-12 02:00:00,1464.0278262160211,wind,2017-08-11 23:00:00,day_ahead
2017-08-12 03:00:00,1468.9979962561176,wind,2017-08-11 23:00:00,day_ahead
2017-08-12 04:00:00,1477.2220752402318,wind,2017-08-11 23:00:00,day_ahead
2017-08-12 05:00:00,1480.3477038512647,wind,2017-08-11 23:00:00,day_ahead
2017-08-12 06:00:00,1462.963466188501,wind,2017-08-11 23:00:00,day_ahead
2017-08-12 07:00:00,1412.761520292171,wind,2017-08-11 23:00:00,day_ahead
2017-08-12 08:00:00,1332.583947045464,wind,2017-08-11 23:00:00,day_ahead
2017-08-12 09:00:00,1243.548680863134,wind,2017-08-11 23:00:00,day_ahead
2017-08-12 10:00:00,1174.77245913428,wind,2017-08-11 23:00:00,day_ahead
2017-08-12 11:00:00,1146.5384543382404,wind,2017-08-11 23:00:00,day_ahead
2017-08-12 12:00:00,1159.753574193986,wind,2017-08-11 23:00:00,day_ahead
2017-08-12 13:00:00,1199.421101977867,wind,2017-08-11 23:00:00,day_ahead
2017-08-12 14:00:00,1248.0839236181573,wind,2017-08-11 23:00:00,day_ahead
2017-08-12 15:00:00,1297.3994337551694,wind,2017-08-11 23:00:00,day_ahead
2017-08-12 16:00:00,1348.9793115885093,wind,2017-08-11 23:00:00,day_ahead
2017-08-12 17:00:00,1406.049266137549,wind,2017-08-11 23:00:00,day_ahead
2017-08-12 18:00:00,1465.375431944911,wind,2017-08-11 23:00:00,day_ahead
2017-08-12 19:00:00,1517.2791319795513,wind,2017-08-11 23:00:00,day_ahead
2017-08-12 20:00:00,1552.8484291298573,wind,2017-08-11 23:00:00,day_ahead
2017-08-12 21:00:00,1570.5993267065194,wind,2017-08-11 23:00:00,day_ahead
2017-08-12 22:00:00,1576.2619697708785,wind,2017-08-11 23:00:00,day_ahead
2017-08-12 23:00:00,1576.8618130188079,wind,2017-08-11 23:00:00,day_ahead
2017-08-13 00:00:00,1544.3153288208098,wind,2017-08-12 23:00:00,day_ahead
2017-08-13 01:00:00,1541.9645937372038,wind,2017-08-12 23:00:00,day_ahead
2017-08-13 02:00:00,1539.085899755794,wind,2017-08-12 23:00:00,day_ahead
2017-08-13 03:00:00,1538.4702509027516,wind,2017-08-12 23:00:00,day_ahead
2017-08-13 04:00:00,1540.15332835935,wind,2017-08-12 23:00:00,day_ahead
2017-08-13 05:00:00,1535.866075041409,wind,2017-08-12 23:00:00,day_ahead
2017-08-13 06:00:00,1510.2349324785753,wind,2017-08-12 23:00:00,day_ahead
2017-08-13 07:00:00,1450.963877229357,wind,2017-08-12 23:00:00,day_ahead
2017-08-13 08:00:00,1360.9372595627383,wind,2017-08-12 23:00:00,day_ahead
2017-08-13 09:00:00,1261.3833840795205,wind,2017-08-12 23:00:00,day_ahead
2017-08-13 10:00:00,1181.5790519136801,wind,2017-08-12 23:00:00,day_ahead
2017-08-13 11:00:00,1141.9600737694775,wind,2017-08-12 23:00:00,day_ahead
2017-08-13 12:00:00,1143.5362441560644,wind,2017-08-12 23:00:00,day_ahead
2017-08-13 13:00:00,1171.3727809718957,wind,2017-08-12 23:00:00,day_ahead
2017-08-13 14:00:00,1208.07797807022,wind,2017-08-12 23:00:00,day_ahead
2017-08-13 15:00:00,1245.4088680867003,wind,2017-08-12 23:00:00,day_ahead
2017-08-13 16:00:00,1285.0964221391264,wind,2017-08-12 23:00:00,day_ahead
2017-08-13 17:00:00,1330.4635367811165,wind,2017-08-12 23:00:00,day_ahead
2017-08-13 18:00:00,1378.330761027228,wind,2017-08-12 23:00:00,day_ahead
2017-08-13 19:00:00,1419.0586048564219,wind,2017-08-12 23:00:00,day_ahead
2017-08-13 20:00:00,1443.810647466711,wind,2017-08-12 23:00:00,day_ahead
2017-08-13 21:00:00,1451.2373215657624,wind,2017-08-12 23:00:00,day_ahead
2017-08-13 22:00:00,1447.2274460042004,wind,2017-08-12 23:00:00,day_ahead
2017-08-13 23:00:00,1438.924508619251,wind,2017-08-12 23:00:00,day_ahead
2017-08-14 00:00:00,1396.0693230684435,wind,2017-08-13 23:00:00,day_ahead
2017-08-14 01:00:00,1386.444860683056,wind,2017-08-13 23:00:00,day_ahead
2017-08-14 02:00:00,1377.1270957034678,wind,2017-08-13 23:00:00,day_ahead
2017-08-14 03:00:00,1370.9351157989877,wind,2017-08-13 23:00:00,day_ahead
2017-08-14 04:00:00,1367.9362682540711,wind,2017-08-13 23:00:00,day_ahead
2017-08-14 05:00:00,1359.8825318715392,wind,2017-08-13 23:00:00,day_ahead
2017-08-14 06:00:00,1331.4008890787147,wind,2017-08-13 23:00:00,day_ahead
2017-08-14 07:00:00,1270.1794777766056,wind,2017-08-13 23:00:00,day_ahead
2017-08-14 08:00:00,1179.0843837208963,wind,2017-08-13 23:00:00,day_ahead
2017-08-14 09:00:00,1079.3337450562044,wind,2017-08-13 23:00:00,day_ahead
2017-08-14 10:00:00,1000.199756906639,wind,2017-08-13 23:00:00,day_ahead
2017-08-14 11:00:00,962.1060494435243,wind,2017-08-13 23:00:00,day_ahead
2017-08-14 12:00:00,966.0300866137422,wind,2017-08-13 23:00:00,day_ahead
2017-08-14 13:00:00,996.9814494214183,wind,2017-08-13 23:00:00,day_ahead
2017-08-14 14:00:00,1037.4949704780834,wind,2017-08-13 23:00:00,day_ahead
2017-08-14 15:00:00,1079.2431240795336,wind,2017-08-13 23:00:00,day_ahead
2017-08-14 16:00:00,1123.8643724037622,wind,2017-08-13 23:00:00,day_ahead
2017-08-14 17:00:00,1174.5835049261764,wind,2017-08-13 23:00:00,day_ahead
2017-08-14 18:00:00,1228.1248360014688,wind,2017-08-13 23:00:00,day_ahead
2017-08-14 19:00:00,1274.7672657177222,wind,2017-08-13 23:00:00,day_ahead
2017-08-14 20:00:00,1305.616827565283,wind,2017-08-13 23:00:00,day_ahead
2017-08-14 21:00:00,1319.286488701161,wind,2017-08-13 23:00:00,day_ahead
2017-08-14 22:00:00,1321.6295510343862,wind,2017-08-13 23:00:00,day_ahead
2017-08-14 23:00:00,1319.7355513143511,wind,2017-08-13 23:00:00,day_ahead
2017-08-15 00:00:00,1285.4048167689643,wind,2017-08-14 23:00:00,day_ahead
2017-08-15 01:00:00,1281.5796073551992,wind,2017-08-14 23:00:00,day_ahead
2017-08-15 02:00:00,1278.0712467207052,wind,2017-08-14 23:00:00,day_ahead
2017-08-15 03:00:00,1277.6020973257262,wind,2017-08-14 23:00:00,day_ahead
2017-08-15 04:00:00,1280.0654291260937,wind,2017-08-14 23:00:00,day_ahead
2017-08-15 05:00:00,1277.0695922854873,wind,2017-08-14 23:00:00,day_ahead
2017-08-15 06:00:00,1253.1957598585905,wind,2017-08-14 23:00:00,day_ahead
2017-08-15 07:00:00,1196.1621225664271,wind,2017-08-14 23:00:00,day_ahead
2017-08-15 08:00:00,1108.86578547229,wind,2017-08-14 23:00:00,day_ahead
2017-08-15 09:00:00,1012.5075203946476,wind,2017-08-14 23:00:00,day_ahead
2017-08-15 10:00:00,936.3115869709125,wind,2017-08-14 23:00:00,day_ahead
2017-08-15 11:00:00,900.676972080421,wind,2017-08-14 23:00:00,day_ahead
2017-08-15 12:00:00,906.6052381720767,wind,2017-08-14 23:00:00,day_ahead
2017-08-15 13:00:00,939.1484153835929,wind,2017-08-14 23:00:00,day_ahead
2017-08-15 14:00:00,980.8531210638046,wind,2017-08-14 23:00:00,day_ahead
2017-08-15 15:00:00,1023.3646296872985,wind,2017-08-14 23:00:00,day_ahead
2017-08-15 16:00:00,1068.3023746142803,wind,2017-08-14 23:00:00,day_ahead
2017-08-15 17:00:00,1118.9337357416614,wind,2017-08-14 23:00:00,day_ahead
2017-08-15 18:00:00,1172.0840177291934,wind,2017-08-14 23:00:00,day_ahead
2017-08-15 19:00:00,1218.1239634610677,wind,2017-08-14 23:00:00,day_ahead
2017-08-15 20:00:00,1248.17320501329,wind,2017-08-14 23:00:00,day_ahead
2017-08-15 21:00:00,1260.7839733924634,wind,2017-08-14 23:00:00,day_ahead
2017-08-15 22:00:00,1261.7611025733095,wind,2017-08-14 23:00:00,day_ahead
2017-08-15 23:00:00,1258.2548846741556,wind,2017-08-14 23:00:00,day_ahead
2017-08-16 00:00:00,1270.9475546120595,wind,2017-08-15 23:00:00,day_ahead
2017-08-16 01:00:00,1265.3816700290718,wind,2017-08-15 23:00:00,day_ahead
2017-08-16 02:00:00,1260.4237600737372,wind,2017-08-15 23:00:00,day_ahead
2017-08-16 03:00:00,1258.818319728975,wind,2017-08-15 23:00:00,day_ahead
2017-08-16 04:00:00,1260.3639026228605,wind,2017-08-15 23:00:00,day_ahead
2017-08-16 05:00:00,1256.5769079659497,wind,2017-08-15 23:00:00,day_ahead
2017-08-16 06:00:00,1232.0443582076446,wind,2017-08-15 23:00:00,day_ahead
2017-08-16 07:00:00,1174.5848226894389,wind,2017-08-15 23:00:00,day_ahead
2017-08-16 08:00:00,1087.2109540403205,wind,2017-08-15 23:00:00,day_ahead
2017-08-16 09:00:00,991.1839850529961,wind,2017-08-15 23:00:00,day_ahead
2017-08-16 10:00:00,915.73181987208,wind,2017-08-15 23:00:00,day_ahead
2017-08-16 11:00:00,881.2469476208587,wind,2017-08-15 23:00:00,day_ahead
2017-08-16 12:00:00,888.741494572461,wind,2017-08-15 23:00:00,day_ahead
2017-08-16 13:00:00,923.2662261928244,wind,2017-08-15 23:00:00,day_ahead
2017-08-16 14:00:00,967.3053676862676,wind,2017-08-15 23:00:00,day_ahead
2017-08-16 15:00:00,1012.3787637576461,wind,2017-08-15 23:00:00,day_ahead
2017-08-16 16:00:00,1059.9843918891352,wind,2017-08-15 23:00:00,day_ahead
2017-08-16 17:00:00,1113.3514185603776,wind,2017-08-15 23:00:00,day_ahead
2017-08-16 18:00:00,1169.3592260299417,wind,2017-08-15 23:00:00,day_ahead
2017-08-16 19:00:00,1218.4419664540083,wind,2017-08-15 23:00:00,day_ahead
2017-08-16 20:00:00,1251.6872912236802,wind,2017-08-15 23:00:00,day_ahead
2017-08-16 21:00:00,1267.494695353233,wind,2017-08-15 23:00:00,day_ahead
2017-08-16 22:00:00,1271.4833861169802,wind,2017-08-15 23:00:00,day_ahead
2017-08-16 23:00:00,1270.714038205533,wind,2017-08-15 23:00:00,day_ahead
2017-08-17 00:00:00,1281.1984072335633,wind,2017-08-16 23:00:00,day_ahead
2017-08-17 01:00:00,1278.5611746500474,wind,2017-08-16 23:00:00,day_ahead
2017-08-17 02:00:00,1276.1310801157515,wind,2017-08-16 23:00:00,day_ahead
2017-08-17 03:00:00,1276.6924178424883,wind,2017-08-16 23:00:00,day_ahead
2017-08-17 04:00:00,1280.104678843195,wind,2017-08-16 23:00:00,day_ahead
2017-08-17 05:00:00,1277.8768974362035,wind,2017-08-16 23:00:00,day_ahead
2017-08-17 06:00:00,1254.5196193047996,wind,2017-08-16 23:00:00,day_ahead
2017-08-17 07:00:00,1197.7764389067736,wind,2017-08-16 23:00:00,day_ahead
2017-08-17 08:00:00,1110.6456125493653,wind,2017-08-16 23:00:00,day_ahead
2017-08-17 09:00:00,1014.4225641250305,wind,2017-08-16 23:00:00,day_ahead
2017-08-17 10:00:00,938.3566463836241,wind,2017-08-16 23:00:00,day_ahead
2017-08-17 11:00:00,902.8115892016067,wind,2017-08-16 23:00:00,day_ahead
2017-08-17 12:00:00,908.7493986579576,wind,2017-08-16 23:00:00,day_ahead
2017-08-17 13:00:00,941.2096416824468,wind,2017-08-16 23:00:00,day_ahead
2017-08-17 14:00:00,982.7222118591679,wind,2017-08-16 23:00:00,day_ahead
2017-08-17 15:00:00,1024.8553669960424,wind,2017-08-16 23:00:00,day_ahead
2017-08-17 16:00:00,1069.085198433691,wind,2017-08-16 23:00:00,day_ahead
2017-08-17 17:00:00,1118.5427422064927,wind,2017-08-16 23:00:00,day_ahead
2017-08-17 18:00:00,1170.0217171731704,wind,2017-08-16 23:00:00,day_ahead
2017-08-17 19:00:00,1213.9967306693684,wind,2017-08-16 23:00:00,day_ahead
2017-08-17 20:00:00,1241.7523710988812,wind,2017-08-16 23:00:00,day_ahead
2017-08-17 21:00:00,1251.9458415549643,wind,2017-08-16 23:00:00,day_ahead
2017-08-17 22:00:00,1250.3636926766094,wind,2017-08-16 23:00:00,day_ahead
2017-08-17 23:00:00,1244.0626313971184,wind,2017-08-16 23:00:00,day_ahead
2017-08-18 00:00:00,1244.8291073653868,wind,2017-08-17 23:00:00,day_ahead
2017-08-18 01:00:00,1236.0927298909664,wind,2017-08-17 23:00:00,day_ahead
2017-08-18 02:00:00,1227.8306562029884,wind,2017-08-17 23:00:00,day_ahead
2017-08-18 03:00:00,1222.8526701908754,wind,2017-08-17 23:00:00,day_ahead
2017-08-18 04:00:00,1220.9544867592679,wind,2017-08-17 23:00:00,day_ahead
2017-08-18 05:00:00,1213.6122755586002,wind,2017-08-17 23:00:00,day_ahead
2017-08-18 06:00:00,1185.4068525915502,wind,2017-08-17 23:00:00,day_ahead
2017-08-18 07:00:00,1124.2258887936698,wind,2017-08-17 23:00:00,day_ahead
2017-08-18 08:00:00,1033.2003025429594,wind,2017-08-17 23:00:00,day_ahead
2017-08-18 09:00:00,933.6962065231708,wind,2017-08-17 23:00:00,day_ahead
2017-08-18 10:00:00,854.9980476825561,wind,2017-08-17 23:00:00,day_ahead
2017-08-18 11:00:00,817.5287685558102,wind,2017-08-17 23:00:00,day_ahead
2017-08-18 12:00:00,822.3499735808899,wind,2017-08-17 23:00:00,day_ahead
2017-08-18 13:00:00,854.5891600894773,wind,2017-08-17 23:00:00,day_ahead
2017-08-18 14:00:00,896.7869801993398,wind,2017-08-17 23:00:00,day_ahead
2017-08-18 15:00:00,940.4424149769382,wind,2017-08-17 23:00:00,day_ahead
2017-08-18 16:00:00,986.9555685041346,wind,2017-08-17 23:00:00,day_ahead
2017-08-18 17:00:00,1039.4549008812778,wind,2017-08-17 23:00:00,day_ahead
2017-08-18 18:00:00,1094.8070729791252,wind,2017-08-17 23:00:00,day_ahead
2017-08-18 19:00:00,1143.5479091603115,wind,2017-08-17 23:00:00,day_ahead
2017-08-18 20:00:00,1176.9156955339984,wind,2017-08-17 23:00:00,day_ahead
2017-08-18 21:00:00,1193.4073943057997,wind,2017-08-17 23:00:00,day_ahead
2017-08-18 22:00:00,1198.6358481541838,wind,2017-08-17 23:00:00,day_ahead
2017-08-18 23:00:00,1199.5919180710234,wind,2017-08-17 23:00:00,day_ahead
2017-08-19 00:00:00,1228.3291874990368,wind,2017-08-18 23:00:00,day_ahead
2017-08-19 01:00:00,1228.1815896752985,wind,2017-08-18 23:00:00,day_ahead
2017-08-19 02:00:00,1228.8672870458263,wind,2017-08-18 23:00:00,day_ahead
2017-08-19 03:00:00,1233.1264873131595,wind,2017-08-18 23:00:00,day_ahead
2017-08-19 04:00:00,1240.7467857322063,wind,2017-08-18 23:00:00,day_ahead
2017-08-19 05:00:00,1243.17181508439,wind,2017-08-18 23:00:00,day_ahead
2017-08-19 06:00:00,1224.8714732639899,wind,2017-08-18 23:00:00,day_ahead
2017-08-19 07:00:00,1173.5778765420064,wind,2017-08-18 23:00:00,day_ahead
2017-08-19 08:00:00,1092.3057490172423,wind,2017-08-18 23:00:00,day_ahead
2017-08-19 09:00:00,1002.3874619926486,wind,2017-08-18 23:00:00,day_ahead
2017-08-19 10:00:00,933.1083607290436,wind,2017-08-18 23:00:00,day_ahead
2017-08-19 11:00:00,904.8327443826937,wind,2017-08-18 23:00:00,day_ahead
2017-08-19 12:00:00,918.4594118273814,wind,2017-08-18 23:00:00,day_ahead
2017-08-19 13:00:00,958.9040900092441,wind,2017-08-18 23:00:00,day_ahead
2017-08-19 14:00:00,1008.5532240013351,wind,2017-08-18 23:00:00,day_ahead
2017-08-19 15:00:00,1058.8654490178565,wind,2017-08-18 23:00:00,day_ahead
2017-08-19 16:00:00,1111.2660775592421,wind,2017-08-18 23:00:00,day_ahead
2017-08-19 17:00:00,1168.8693257811337,wind,2017-08-18 23:00:00,day_ahead
2017-08-19 18:00:00,1228.4307259369386,wind,2017-08-18 23:00:00,day_ahead
2017-08-19 19:00:00,1280.3264013161952,wind,2017-08-18 23:00:00,day_ahead
2017-08-19 20:00:00,1315.6946654778437,wind,2017-08-18 23:00:00,day_ahead
2017-08-19 21:00:00,1333.0552344996267,wind,2017-08-18 23:00:00,day_ahead
2017-08-19 22:00:00,1338.1224118279401,wind,2017-08-18 23:00:00,day_ahead
2017-08-19 23:00:00,1337.9582813095874,wind,2017-08-18 23:00:00,day_ahead
2017-08-20 00:00:00,1342.8096617504762,wind,2017-08-19 23:00:00,day_ahead
2017-08-20 01:00:00,1339.5718862224796,wind,2017-08-19 23:00:00,day_ahead
2017-08-20 02:00:00,1336.127753159164,wind,2017-08-19 23:00:00,day_ahead
2017-08-20 03:00:00,1335.2353923638952,wind,2017-08-19 23:00:00,day_ahead
2017-08-20 04:00:00,1336.7234695446268,wind,2017-08-19 23:00:00,day_ahead
2017-08-20 05:00:00,1332.0865746098948,wind,2017-08-19 23:00:00,day_ahead
2017-08-20 06:00:00,1305.8399244698007,wind,2017-08-19 23:00:00,day_ahead
2017-08-20 07:00:00,1245.7586705883791,wind,2017-08-19 23:00:00,day_ahead
2017-08-20 08:00:00,1154.9218926463623,wind,2017-08-19 23:00:00,day_ahead
2017-08-20 09:00:00,1054.769327242354,wind,2017-08-19 23:00:00,day_ahead
2017-08-20 10:00:00,974.7319135541252,wind,2017-08-19 23:00:00,day_ahead
2017-08-20 11:00:00,935.324975496914,wind,2017-08-19 23:00:00,day_ahead
2017-08-20 12:00:00,937.5682251063513,wind,2017-08-19 23:00:00,day_ahead
2017-08-20 13:00:00,966.4592735023735,wind,2017-08-19 23:00:00,day_ahead
2017-08-20 14:00:00,1004.4508680753883,wind,2017-08-19 23:00:00,day_ahead
2017-08-20 15:00:00,1043.0846401840113,wind,2017-08-19 23:00:00,day_ahead
2017-08-20 16:00:00,1083.896181714709,wind,2017-08-19 23:00:00,day_ahead
2017-08-20 17:00:00,1130.117498149928,wind,2017-08-19 23:00:00,day_ahead
2017-08-20 18:00:00,1178.5999543657044,wind,2017-08-19 23:00:00,day_ahead
2017-08-20 19:00:00,1219.7836225547421,wind,2017-08-19 23:00:00,day_ahead
2017-08-20 20:00:00,1244.8578038087776,wind,2017-08-19 23:00:00,day_ahead
2017-08-20 21:00:00,1252.4089606844668,wind,2017-08-19 23:00:00,day_ahead
2017-08-20 22:00:00,1248.2442955841584,wind,2017-08-19 23:00:00,day_ahead
2017-08-20 23:00:00,1239.5272623029202,wind,2017-08-19 23:00:00,day_ahead
2017-08-21 00:00:00,1244.9724738977843,wind,2017-08-20 23:00:00,day_ahead
2017-08-21 01:00:00,1234.6590099419202,wind,2017-08-20 23:00:00,day_ahead
2017-08-21 02:00:00,1225.0947756657338,wind,2017-08-20 23:00:00,day_ahead
2017-08-21 03:00:00,1219.0339804534508,wind,2017-08-20 23:00:00,day_ahead
2017-08-21 04:00:00,1216.2600074395968,wind,2017-08-20 23:00:00,day_ahead
2017-08-21 05:00:00,1208.233351345638,wind,2017-08-20 23:00:00,day_ahead
2017-08-21 06:00:00,1179.461079020793,wind,2017-08-20 23:00:00,day_ahead
2017-08-21 07:00:00,1117.7118114406862,wind,2017-08-20 23:00:00,day_ahead
2017-08-21 08:00:00,1026.0346617024043,wind,2017-08-20 23:00:00,day_ahead
2017-08-21 09:00:00,925.8240909305114,wind,2017-08-20 23:00:00,day_ahead
2017-08-21 10:00:00,846.4848857402934,wind,2017-08-20 23:00:00,day_ahead
2017-08-21 11:00:00,808.546841679901,wind,2017-08-20 23:00:00,day_ahead
2017-08-21 12:00:00,813.0650016735088,wind,2017-08-20 23:00:00,day_ahead
2017-08-21 13:00:00,845.0468290927994,wind,2017-08-20 23:00:00,day_ahead
2017-08-21 14:00:00,886.9009415406538,wind,2017-08-20 23:00:00,day_ahead
2017-08-21 15:00:00,930.0884643259399,wind,2017-08-20 23:00:00,day_ahead
2017-08-21 16:00:00,976.0729461739219,wind,2017-08-20 23:00:00,day_ahead
2017-08-21 17:00:00,1028.0460582494068,wind,2017-08-20 23:00:00,day_ahead
2017-08-21 18:00:00,1082.8232744310394,wind,2017-08-20 23:00:00,day_ahead
2017-08-21 19:00:00,1130.7588692335385,wind,2017-08-20 23:00:00,day_ahead
2017-08-21 20:00:00,1162.8813024912554,wind,2017-08-20 23:00:00,day_ahead
2017-08-21 21:00:00,1177.5798050506314,wind,2017-08-20 23:00:00,day_ahead
2017-08-21 22:00:00,1180.5065005393283,wind,2017-08-20 23:00:00,day_ahead
2017-08-21 23:00:00,1178.7663432717784,wind,2017-08-20 23:00:00,day_ahead
2017-08-22 00:00:00,1178.8062767647202,wind,2017-08-21 23:00:00,day_ahead
2017-08-22 01:00:00,1175.6790386003026,wind,2017-08-21 23:00:00,day_ahead
2017-08-22 02:00:00,1172.8404945439356,wind,2017-08-21 23:00:00,day_ahead
2017-08-22 03:00:00,1173.098247950691,wind,2017-08-21 23:00:00,day_ahead
2017-08-22 04:00:00,1176.3741478043153,wind,2017-08-21 23:00:00,day_ahead
2017-08-22 05:00:00,1174.1636119007437,wind,2017-08-21 23:00:00,day_ahead
2017-08-22 06:00:00,1150.8384675056454,wind,2017-08-21 23:00:00,day_ahead
2017-08-22 07:00:00,1093.968882079019,wind,2017-08-21 23:00:00,day_ahead
2017-08-22 08:00:00,1006.50835316005,wind,2017-08-21 23:00:00,day_ahead
2017-08-22 09:00:00,909.92192271755,wind,2017-08-21 23:00:00,day_ahead
2017-08-22 10:00:00,833.7604817085657,wind,2017-08-21 23:00:00,day_ahead
2017-08-22 11:00:00,798.6317521821726,wind,2017-08-21 23:00:00,day_ahead
2017-08-22 12:00:00,805.5474435791728,wind,2017-08-21 23:00:00,day_ahead
2017-08-22 13:00:00,839.4284764796402,wind,2017-08-21 23:00:00,day_ahead
2017-08-22 14:00:00,882.6660038009974,wind,2017-08-21 23:00:00,day_ahead
2017-08-22 15:00:00,926.7930882763795,wind,2017-08-21 23:00:00,day_ahead
2017-08-22 16:00:00,973.3431810424586,wind,2017-08-21 23:00:00,day_ahead
2017-08-22 17:00:00,1025.4808168604695,wind,2017-08-21 23:00:00,day_ahead
2017-08-22 18:00:00,1079.9190876290236,wind,2017-08-21 23:00:00,day_ahead
2017-08-22 19:00:00,1126.97213109409,wind,2017-08-21 23:00:00,day_ahead
2017-08-22 20:00:00,1157.8105688349578,wind,2017-08-21 23:00:00,day_ahead
2017-08-22 21:00:00,1171.1152007218789,wind,2017-08-21 23:00:00,day_ahead
2017-08-22 22:00:00,1172.797813308931,wind,2017-08-21 23:00:00,day_ahead
2017-08-22 23:00:00,1170.0150991447529,wind,2017-08-21 23:00:00,day_ahead
2017-08-23 00:00:00,1151.7187357957619,wind,2017-08-22 23:00:00,day_ahead
2017-08-23 01:00:00,1147.1642045777216,wind,2017-08-22 23:00:00,day_ahead
2017-08-23 02:00:00,1143.0217216049075,wind,2017-08-22 23:00:00,day_ahead
2017-08-23 03:00:00,1142.1096726010553,wind,2017-08-22 23:00:00,day_ahead
2017-08-23 04:00:00,1144.3470259569417,wind,2017-08-22 23:00:00,day_ahead
2017-08-23 05:00:00,1141.242564108209,wind,2017-08-22 23:00:00,day_ahead
2017-08-23 06:00:00,1117.21416041103,wind,2017-08-22 23:00:00,day_ahead
2017-08-23 07:00:00,1059.8983219530228,wind,2017-08-22 23:00:00,day_ahead
2017-08-23 08:00:00,972.3020914083035,wind,2017-08-22 23:00:00,day_ahead
2017-08-23 09:00:00,875.9049422036308,wind,2017-08-22 23:00:00,day_ahead
2017-08-23 10:00:00,800.2371396247908,wind,2017-08-22 23:00:00,day_ahead
2017-08-23 11:00:00,765.882995034973,wind,2017-08-22 23:00:00,day_ahead
2017-08-23 12:00:00,773.8608157419006,wind,2017-08-22 23:00:00,day_ahead
2017-08-23 13:00:00,809.1316910079876,wind,2017-08-22 23:00:00,day_ahead
2017-08-23 14:00:00,854.1291764814525,wind,2017-08-22 23:00:00,day_ahead
2017-08-23 15:00:00,900.3884701352957,wind,2017-08-22 23:00:00,day_ahead
2017-08-23 16:00:00,949.3842299567649,wind,2017-08-22 23:00:00,day_ahead
2017-08-23 17:00:00,1004.1774775409511,wind,2017-08-22 23:00:00,day_ahead
2017-08-23 18:00:00,1061.3727533811182,wind,2017-08-22 23:00:00,day_ahead
2017-08-23 19:00:00,1111.2058137182478,wind,2017-08-22 23:00:00,day_ahead
2017-08-23 20:00:00,1144.810878325323,wind,2017-08-22 23:00:00,day_ahead
2017-08-23 21:00:00,1160.864522770273,wind,2017-08-22 23:00:00,day_ahead
2017-08-23 22:00:00,1165.2893982871553,wind,2017-08-22 23:00:00,day_ahead
2017-08-23 23:00:00,1165.254178021205,wind,2017-08-22 23:00:00,day_ahead
2017-08-24 00:00:00,1155.7829034464085,wind,2017-08-23 23:00:00,day_ahead
2017-08-24 01:00:00,1153.8448632108834,wind,2017-08-23 23:00:00,day_ahead
2017-08-24 02:00:00,1152.3409813431194,wind,2017-08-23 23:00:00,day_ahead
2017-08-24 03:00:00,1153.9321670056547,wind,2017-08-23 23:00:00,day_ahead
2017-08-24 04:00:00,1158.337591728765,wind,2017-08-23 23:00:00,day_ahead
2017-08-24 05:00:00,1156.9403300498757,wind,2017-08-23 23:00:00,day_ahead
2017-08-24 06:00:00,1134.1595255675488,wind,2017-08-23 23:00:00,day_ahead
2017-08-24 07:00:00,1077.7126700967985,wind,2017-08-23 23:00:00,day_ahead
2017-08-24 08:00:00,990.6706929710894,wind,2017-08-23 23:00:00,day_ahead
2017-08-24 09:00:00,894.4998395176788,wind,2017-08-23 23:00:00,day_ahead
2017-08-24 10:00:00,818.6590451965963,wind,2017-08-23 23:00:00,day_ahead
2017-08-24 11:00:00,783.6671653179081,wind,2017-08-23 23:00:00,day_ahead
2017-08-24 12:00:00,790.5234483469159,wind,2017-08-23 23:00:00,day_ahead
2017-08-24 13:00:00,824.2004913744893,wind,2017-08-23 23:00:00,day_ahead
2017-08-24 14:00:00,867.1318130175554,wind,2017-08-23 23:00:00,day_ahead
2017-08-24 15:00:00,910.8268330241713,wind,2017-08-23 23:00:00,day_ahead
2017-08-24 16:00:00,956.7397734452563,wind,2017-08-23 23:00:00,day_ahead
2017-08-24 17:00:00,1007.9553246624077,wind,2017-08-23 23:00:00,day_ahead
2017-08-24 18:00:00,1061.1427436429426,wind,2017-08-23 23:00:00,day_ahead
2017-08-24 19:00:00,1106.5949096136465,wind,2017-08-23 23:00:00,day_ahead
2017-08-24 20:00:00,1135.452675436141,wind,2017-08-23 23:00:00,day_ahead
2017-08-24 21:00:00,1146.3660847532756,wind,2017-08-23 23:00:00,day_ahead
2017-08-24 22:00:00,1145.2720651619518,wind,2017-08-23 23:00:00,day_ahead
2017-08-24 23:00:00,1139.4580169847607,wind,2017-08-23 23:00:00,day_ahead
2017-08-25 00:00:00,1119.383352824909,wind,2017-08-24 23:00:00,day_ahead
2017-08-25 01:00:00,1112.0408220142006,wind,2017-08-24 23:00:00,day_ahead
2017-08-25 02:00:00,1105.0312103816505,wind,2017-08-24 23:00:00,day_ahead
2017-08-25 03:00:00,1101.12549548996,wind,2017-08-24 23:00:00,day_ahead
2017-08-25 04:00:00,1100.2201773422976,wind,2017-08-24 23:00:00,day_ahead
2017-08-25 05:00:00,1093.8524135236612,wind,2017-08-24 23:00:00,day_ahead
2017-08-25 06:00:00,1066.5113427242354,wind,2017-08-24 23:00:00,day_ahead
2017-08-25 07:00:00,1005.9206726715652,wind,2017-08-24 23:00:00,day_ahead
2017-08-25 08:00:00,915.1705077035397,wind,2017-08-24 23:00:00,day_ahead
2017-08-25 09:00:00,815.816302082121,wind,2017-08-24 23:00:00,day_ahead
2017-08-25 10:00:00,737.4588776287076,wind,2017-08-24 23:00:00,day_ahead
2017-08-25 11:00:00,700.7369354328378,wind,2017-08-24 23:00:00,day_ahead
2017-08-25 12:00:00,706.6853075004086,wind,2017-08-24 23:00:00,day_ahead
2017-08-25 13:00:00,740.2328763149458,wind,2017-08-24 23:00:00,day_ahead
2017-08-25 14:00:00,783.7519322116538,wind,2017-08-24 23:00:00,day_ahead
2017-08-25 15:00:00,828.7313830125016,wind,2017-08-24 23:00:00,day_ahead
2017-08-25 16:00:00,876.6516361997743,wind,2017-08-24 23:00:00,day_ahead
2017-08-25 17:00:00,930.6322041939826,wind,2017-08-24 23:00:00,day_ahead
2017-08-25 18:00:00,987.3537455935201,wind,2017-08-24 23:00:00,day_ahead
2017-08-25 19:00:00,1037.1062435265612,wind,2017-08-24 23:00:00,day_ahead
2017-08-25 20:00:00,1071.0460960329306,wind,2017-08-24 23:00:00,day_ahead
2017-08-25 21:00:00,1087.864016319325,wind,2017-08-24 23:00:00,day_ahead
2017-08-25 22:00:00,1093.51877646582,wind,2017-08-24 23:00:00,day_ahead
2017-08-25 23:00:00,1095.239546020635,wind,2017-08-24 23:00:00,day_ahead
2017-08-26 00:00:00,1071.7879521750165,wind,2017-08-25 23:00:00,day_ahead
2017-08-26 01:00:00,1073.0533325803126,wind,2017-08-25 23:00:00,day_ahead
2017-08-26 02:00:00,1075.106445670415,wind,2017-08-25 23:00:00,day_ahead
2017-08-26 03:00:00,1080.6011116522982,wind,2017-08-25 23:00:00,day_ahead
2017-08-26 04:00:00,1089.346186629978,wind,2017-08-25 23:00:00,day_ahead
2017-08-26 05:00:00,1092.821805889688,wind,2017-08-25 23:00:00,day_ahead
2017-08-26 06:00:00,1075.4666485294165,wind,2017-08-25 23:00:00,day_ahead
2017-08-26 07:00:00,1024.9312864515682,wind,2017-08-25 23:00:00,day_ahead
2017-08-26 08:00:00,944.1987096620167,wind,2017-08-25 23:00:00,day_ahead
2017-08-26 09:00:00,854.6972504294166,wind,2017-08-25 23:00:00,day_ahead
2017-08-26 10:00:00,785.9066673737832,wind,2017-08-25 23:00:00,day_ahead
2017-08-26 11:00:00,758.367854045954,wind,2017-08-25 23:00:00,day_ahead
2017-08-26 12:00:00,773.0385472240251,wind,2017-08-25 23:00:00,day_ahead
2017-08-26 13:00:00,814.7753452321427,wind,2017-08-25 23:00:00,day_ahead
2017-08-26 14:00:00,865.869071696948,wind,2017-08-25 23:00:00,day_ahead
2017-08-26 15:00:00,917.7157946936962,wind,2017-08-25 23:00:00,day_ahead
2017-08-26 16:00:00,971.6993800042933,wind,2017-08-25 23:00:00,day_ahead
2017-08-26 17:00:00,1030.8485291416723,wind,2017-08-25 23:00:00,day_ahead
2017-08-26 18:00:00,1091.7655287617833,wind,2017-08-25 23:00:00,day_ahead
2017-08-26 19:00:00,1144.6804302624375,wind,2017-08-25 23:00:00,day_ahead
2017-08-26 20:00:00,1180.7158018176556,wind,2017-08-25 23:00:00,day_ahead
2017-08-26 21:00:00,1198.5599093224541,wind,2017-08-25 23:00:00,day_ahead
2017-08-26 22:00:00,1204.194844607745,wind,2017-08-25 23:00:00,day_ahead
2017-08-26 23:00:00,1204.8793690408747,wind,2017-08-25 23:00:00,day_ahead
2017-08-27 00:00:00,1181.6183951632306,wind,2017-08-26 23:00:00,day_ahead
2017-08-27 01:00:00,1179.6847161863477,wind,2017-08-26 23:00:00,day_ahead
2017-08-27 02:00:00,1177.4929359972393,wind,2017-08-26 23:00:00,day_ahead
2017-08-27 03:00:00,1177.7639386661904,wind,2017-08-26 23:00:00,day_ahead
2017-08-27 04:00:00,1180.3841455602887,wind,2017-08-26 23:00:00,day_ahead
2017-08-27 05:00:00,1176.899580702824,wind,2017-08-26 23:00:00,day_ahead
2017-08-27 06:00:00,1151.7895801554437,wind,2017-08-26 23:00:00,day_ahead
2017-08-27 07:00:00,1092.7235487553887,wind,2017-08-26 23:00:00,day_ahead
2017-08-27 08:00:00,1002.7033949446939,wind,2017-08-26 23:00:00,day_ahead
2017-08-27 09:00:00,903.2069621943635,wind,2017-08-26 23:00:00,day_ahead
2017-08-27 10:00:00,823.8142166945406,wind,2017-08-26 23:00:00,day_ahead
2017-08-27 11:00:00,785.2100712392061,wind,2017-08-26 23:00:00,day_ahead
2017-08-27 12:00:00,788.5057584260126,wind,2017-08-26 23:00:00,day_ahead
2017-08-27 13:00:00,818.6787656698201,wind,2017-08-26 23:00:00,day_ahead
2017-08-27 14:00:00,858.0865968857171,wind,2017-08-26 23:00:00,day_ahead
2017-08-27 15:00:00,898.1530763945207,wind,2017-08-26 23:00:00,day_ahead
2017-08-27 16:00:00,940.2942872272629,wind,2017-08-26 23:00:00,day_ahead
2017-08-27 17:00:00,987.618199624243,wind,2017-08-26 23:00:00,day_ahead
2017-08-27 18:00:00,1036.8666649261454,wind,2017-08-26 23:00:00,day_ahead
2017-08-27 19:00:00,1078.4454262744855,wind,2017-08-26 23:00:00,day_ahead
2017-08-27 20:00:00,1103.6441933041117,wind,2017-08-26 23:00:00,day_ahead
2017-08-27 21:00:00,1111.2729130411296,wind,2017-08-26 23:00:00,day_ahead
2017-08-27 22:00:00,1107.3804310213304,wind,2017-08-26 23:00:00,day_ahead
2017-08-27 23:00:00,1099.2552954791845,wind,2017-08-26 23:00:00,day_ahead
2017-08-28 00:00:00,1075.7993638745686,wind,2017-08-27 23:00:00,day_ahead
2017-08-28 01:00:00,1066.6783191937443,wind,2017-08-27 23:00:00,day_ahead
2017-08-28 02:00:00,1058.189078518918,wind,2017-08-27 23:00:00,day_ahead
2017-08-28 03:00:00,1053.0382191164972,wind,2017-08-27 23:00:00,day_ahead
2017-08-28 04:00:00,1051.0919212813164,wind,2017-08-27 23:00:00,day_ahead
2017-08-28 05:00:00,1043.907670410069,wind,2017-08-27 23:00:00,day_ahead
2017-08-28 06:00:00,1016.0170104506162,wind,2017-08-27 23:00:00,day_ahead
2017-08-28 07:00:00,955.152793704574,wind,2017-08-27 23:00:00,day_ahead
2017-08-28 08:00:00,864.3467504501107,wind,2017-08-27 23:00:00,day_ahead
2017-08-28 09:00:00,765.0485919780036,wind,2017-08-27 23:00:00,day_ahead
2017-08-28 10:00:00,686.7652190109872,wind,2017-08-27 23:00:00,day_ahead
2017-08-28 11:00:00,650.0982772001106,wind,2017-08-27 23:00:00,day_ahead
2017-08-28 12:00:00,656.0906342447804,wind,2017-08-27 23:00:00,day_ahead
2017-08-28 13:00:00,689.6644412933673,wind,2017-08-27 23:00:00,day_ahead
2017-08-28 14:00:00,733.1166223937877,wind,2017-08-27 23:00:00,day_ahead
2017-08-28 15:00:00,777.7950925629325,wind,2017-08-27 23:00:00,day_ahead
2017-08-28 16:00:00,825.0351511306604,wind,2017-08-27 23:00:00,day_ahead
2017-08-28 17:00:00,877.8784720625002,wind,2017-08-27 23:00:00,day_ahead
2017-08-28 18:00:00,933.0214906767816,wind,2017-08-27 23:00:00,day_ahead
2017-08-28 19:00:00,980.8307337899081,wind,2017-08-27 23:00:00,day_ahead
2017-08-28 20:00:00,1012.5417614753593,wind,2017-08-27 23:00:00,day_ahead
2017-08-28 21:00:00,1026.8897928179376,wind,2017-08-27 23:00:00,day_ahead
2017-08-28 22:00:00,1029.8438870942061,wind,2017-08-27 23:00:00,day_ahead
2017-08-28 23:00:00,1028.6270384696018,wind,2017-08-27 23:00:00,day_ahead
2017-08-29 00:00:00,1000.0614273431318,wind,2017-08-28 23:00:00,day_ahead
2017-08-29 01:00:00,997.6402401773654,wind,2017-08-28 23:00:00,day_ahead
2017-08-29 02:00:00,995.7667582593256,wind,2017-08-28 23:00:00,day_ahead
2017-08-29 03:00:00,997.099882364741,wind,2017-08-28 23:00:00,day_ahead
2017-08-29 04:00:00,1001.3852602137031,wind,2017-08-28 23:00:00,day_ahead
2017-08-29 05:00:00,1000.049018007445,wind,2017-08-28 23:00:00,day_ahead
2017-08-29 06:00:00,977.5570426220298,wind,2017-08-28 23:00:00,day_ahead
2017-08-29 07:00:00,921.6605272850406,wind,2017-08-28 23:00:00,day_ahead
2017-08-29 08:00:00,835.4369814663385,wind,2017-08-28 23:00:00,day_ahead
2017-08-29 09:00:00,740.3336976452343,wind,2017-08-28 23:00:00,day_ahead
2017-08-29 10:00:00,665.7858300172841,wind,2017-08-28 23:00:00,day_ahead
2017-08-29 11:00:00,632.306989584663,wind,2017-08-28 23:00:00,day_ahead
2017-08-29 12:00:00,640.9103281455116,wind,2017-08-28 23:00:00,day_ahead
2017-08-29 13:00:00,676.5704309586158,wind,2017-08-28 23:00:00,day_ahead
2017-08-29 14:00:00,721.6706752256734,wind,2017-08-28 23:00:00,day_ahead
2017-08-29 15:00:00,767.6085961953653,wind,2017-08-28 23:00:00,day_ahead
2017-08-29 16:00:00,815.7079773675557,wind,2017-08-28 23:00:00,day_ahead
2017-08-29 17:00:00,868.9805200983565,wind,2017-08-28 23:00:00,day_ahead
2017-08-29 18:00:00,924.1369008250541,wind,2017-08-28 23:00:00,day_ahead
2017-08-29 19:00:00,971.6196123168321,wind,2017-08-28 23:00:00,day_ahead
2017-08-29 20:00:00,1002.7574745333827,wind,2017-08-28 23:00:00,day_ahead
2017-08-29 21:00:00,1016.3378678647939,wind,2017-08-28 23:00:00,day_ahead
2017-08-29 22:00:00,1018.3312900044674,wind,2017-08-28 23:00:00,day_ahead
2017-08-29 23:00:00,1015.9627286021089,wind,2017-08-28 23:00:00,day_ahead
2017-08-30 00:00:00,987.2058946502721,wind,2017-08-29 23:00:00,day_ahead
2017-08-30 01:00:00,983.7626044594922,wind,2017-08-29 23:00:00,day_ahead
2017-08-30 02:00:00,980.7060012891377,wind,2017-08-29 23:00:00,day_ahead
2017-08-30 03:00:00,980.7827324272704,wind,2017-08-29 23:00:00,day_ahead
2017-08-30 04:00:00,983.9265413026271,wind,2017-08-29 23:00:00,day_ahead
2017-08-30 05:00:00,981.7360050272464,wind,2017-08-29 23:00:00,day_ahead
2017-08-30 06:00:00,958.7412202154769,wind,2017-08-29 23:00:00,day_ahead
2017-08-30 07:00:00,902.6525674877319,wind,2017-08-29 23:00:00,day_ahead
2017-08-30 08:00:00,816.4826993381698,wind,2017-08-29 23:00:00,day_ahead
2017-08-30 09:00:00,721.6654883802213,wind,2017-08-29 23:00:00,day_ahead
2017-08-30 10:00:00,647.6789001882802,wind,2017-08-29 23:00:00,day_ahead
2017-08-30 11:00:00,615.0808421636872,wind,2017-08-29 23:00:00,day_ahead
2017-08-30 12:00:00,624.8826959854109,wind,2017-08-29 23:00:00,day_ahead
2017-08-30 13:00:00,662.0198190507381,wind,2017-08-29 23:00:00,day_ahead
2017-08-30 14:00:00,708.8460201842212,wind,2017-08-29 23:00:00,day_ahead
2017-08-30 15:00:00,756.7644737520891,wind,2017-08-29 23:00:00,day_ahead
2017-08-30 16:00:00,807.1101822293078,wind,2017-08-29 23:00:00,day_ahead
2017-08-30 17:00:00,862.858952375601,wind,2017-08-29 23:00:00,day_ahead
2017-08-30 18:00:00,920.6273663422852,wind,2017-08-29 23:00:00,day_ahead
2017-08-30 19:00:00,970.7615410924298,wind,2017-08-29 23:00:00,day_ahead
2017-08-30 20:00:00,1004.5663005251433,wind,2017-08-29 23:00:00,day_ahead
2017-08-30 21:00:00,1020.8918483546075,wind,2017-08-29 23:00:00,day_ahead
2017-08-30 22:00:00,1025.783617384307,wind,2017-08-29 23:00:00,day_ahead
2017-08-30 23:00:00,1026.4479272871918,wind,2017-08-29 23:00:00,day_ahead
2017-08-31 00:00:00,1022.3251892846954,wind,2017-08-30 23:00:00,day_ahead
2017-08-31 01:00:00,1021.107337046799,wind,2017-08-30 23:00:00,day_ahead
2017-08-31 02:00:00,1020.3242982088627,wind,2017-08-30 23:00:00,day_ahead
2017-08-31 03:00:00,1022.6453343754774,wind,2017-08-30 23:00:00,day_ahead
2017-08-31 04:00:00,1027.8026677166647,wind,2017-08-30 23:00:00,day_ahead
2017-08-31 05:00:00,1027.2156136607273,wind,2017-08-30 23:00:00,day_ahead
2017-08-31 06:00:00,1005.3613158222674,wind,2017-08-30 23:00:00,day_ahead
2017-08-31 07:00:00,950.0010062366522,wind,2017-08-30 23:00:00,day_ahead
2017-08-31 08:00:00,864.1949016515405,wind,2017-08-30 23:00:00,day_ahead
2017-08-31 09:00:00,769.3455973180738,wind,2017-08-30 23:00:00,day_ahead
2017-08-31 10:00:00,694.8472024630317,wind,2017-08-30 23:00:00,day_ahead
2017-08-31 11:00:00,661.2077020506308,wind,2017-08-30 23:00:00,day_ahead
2017-08-31 12:00:00,669.4671195326744,wind,2017-08-30 23:00:00,day_ahead
2017-08-31 13:00:00,704.6195774452248,wind,2017-08-30 23:00:00,day_ahead
2017-08-31 14:00:00,749.020814674778,wind,2017-08-30 23:00:00,day_ahead
2017-08-31 15:00:00,793.9952822834314,wind,2017-08-30 23:00:00,day_ahead
2017-08-31 16:00:00,840.7959029818828,wind,2017-08-30 23:00:00,day_ahead
2017-08-31 17:00:00,892.4192001165887,wind,2017-08-30 23:00:00,day_ahead
2017-08-31 18:00:00,945.6272137539262,wind,2017-08-30 23:00:00,day_ahead
2017-08-31 19:00:00,990.9378058245754,wind,2017-08-30 23:00:00,day_ahead
2017-08-31 20:00:00,1019.7210959125496,wind,2017-08-30 23:00:00,day_ahead
2017-08-31 21:00:00,1030.7496546924667,wind,2017-08-30 23:00:00,day_ahead
2017-08-31 22:00:00,1029.9546532098334,wind,2017-08-30 23:00:00,day_ahead
2017-08-31 23:00:00,1024.5510454464543,wind,2017-08-30 23:00:00,day_ahead
2017-09-01 00:00:00,1022.214143651814,wind,2017-08-31 23:00:00,day_ahead
2017-09-01 01:00:00,1015.0119390917382,wind,2017-08-31 23:00:00,day_ahead
2017-09-01 02:00:00,1008.4111917914074,wind,2017-08-31 23:00:00,day_ahead
2017-09-01 03:00:00,1005.1927119564293,wind,2017-08-31 23:00:00,day_ahead
2017-09-01 04:00:00,1005.1369125242659,wind,2017-08-31 23:00:00,day_ahead
2017-09-01 05:00:00,999.655997320461,wind,2017-08-31 23:00:00,day_ahead
2017-09-01 06:00:00,973.2117727484443,wind,2017-08-31 23:00:00,day_ahead
2017-09-01 07:00:00,913.5935184692651,wind,2017-08-31 23:00:00,day_ahead
2017-09-01 08:00:00,823.951600905437,wind,2017-08-31 23:00:00,day_ahead
2017-09-01 09:00:00,725.81689096434,wind,2017-08-31 23:00:00,day_ahead
2017-09-01 10:00:00,648.706472528231,wind,2017-08-31 23:00:00,day_ahead
2017-09-01 11:00:00,613.2164390272652,wind,2017-08-31 23:00:00,day_ahead
2017-09-01 12:00:00,620.4390747136995,wind,2017-08-31 23:00:00,day_ahead
2017-09-01 13:00:00,655.400424544391,wind,2017-08-31 23:00:00,day_ahead
2017-09-01 14:00:00,700.4779870286916,wind,2017-08-31 23:00:00,day_ahead
2017-09-01 15:00:00,747.0040727204596,wind,2017-08-31 23:00:00,day_ahead
2017-09-01 16:00:00,796.2183770106113,wind,2017-08-31 23:00:00,day_ahead
2017-09-01 17:00:00,851.0868418577822,wind,2017-08-31 23:00:00,day_ahead
2017-09-01 18:00:00,908.3384348306153,wind,2017-08-31 23:00:00,day_ahead
2017-09-01 19:00:00,958.4665622711912,wind,2017-08-31 23:00:00,day_ahead
2017-09-01 20:00:00,992.8199848428985,wind,2017-08-31 23:00:00,day_ahead
2017-09-01 21:00:00,1010.1361557593748,wind,2017-08-31 23:00:00,day_ahead
2017-09-01 22:00:00,1016.2891829843783,wind,2017-08-31 23:00:00,day_ahead
2017-09-01 23:00:00,1018.429101530081,wind,2017-08-31 23:00:00,day_ahead
2017-09-02 00:00:00,1040.9879164209967,wind,2017-09-01 23:00:00,day_ahead
2017-09-02 01:00:00,1042.2420181227226,wind,2017-09-01 23:00:00,day_ahead
2017-09-02 02:00:00,1044.6874550748576,wind,2017-09-01 23:00:00,day_ahead
2017-09-02 03:00:00,1051.028998816761,wind,2017-09-01 23:00:00,day_ahead
2017-09-02 04:00:00,1060.845055853932,wind,2017-09-01 23:00:00,day_ahead
2017-09-02 05:00:00,1065.321279506434,wind,2017-09-01 23:00:00,day_ahead
2017-09-02 06:00:00,1048.7820376596358,wind,2017-09-01 23:00:00,day_ahead
2017-09-02 07:00:00,998.9950137850617,wind,2017-09-01 23:00:00,day_ahead
2017-09-02 08:00:00,919.128628431635,wind,2017-09-01 23:00:00,day_ahead
2017-09-02 09:00:00,830.6705399315466,wind,2017-09-01 23:00:00,day_ahead
2017-09-02 10:00:00,763.0020104268126,wind,2017-09-01 23:00:00,day_ahead
2017-09-02 11:00:00,736.5499163845318,wind,2017-09-01 23:00:00,day_ahead
2017-09-02 12:00:00,752.2870248652245,wind,2017-09-01 23:00:00,day_ahead
2017-09-02 13:00:00,795.1933651203294,wind,2017-09-01 23:00:00,day_ahead
2017-09-02 14:00:00,847.6217284410637,wind,2017-09-01 23:00:00,day_ahead
2017-09-02 15:00:00,900.8347462819175,wind,2017-09-01 23:00:00,day_ahead
2017-09-02 16:00:00,955.9497026769163,wind,2017-09-01 23:00:00,day_ahead
2017-09-02 17:00:00,1015.8151659782675,wind,2017-09-01 23:00:00,day_ahead
2017-09-02 18:00:00,1077.106402403432,wind,2017-09-01 23:00:00,day_ahead
2017-09-02 19:00:00,1130.3196391542992,wind,2017-09-01 23:00:00,day_ahead
2017-09-02 20:00:00,1166.7941261554743,wind,2017-09-01 23:00:00,day_ahead
2017-09-02 21:00:00,1185.188971475241,wind,2017-09-01 23:00:00,day_ahead
2017-09-02 22:00:00,1191.2552892560352,wind,2017-09-01 23:00:00,day_ahead
2017-09-02 23:00:00,1192.0687313040694,wind,2017-09-01 23:00:00,day_ahead
2017-09-03 00:00:00,1217.1818795476206,wind,2017-09-02 23:00:00,day_ahead
2017-09-03 01:00:00,1215.7248180778515,wind,2017-09-02 23:00:00,day_ahead
2017-09-03 02:00:00,1214.04512458469,wind,2017-09-02 23:00:00,day_ahead
2017-09-03 03:00:00,1214.9887091605422,wind,2017-09-02 23:00:00,day_ahead
2017-09-03 04:00:00,1218.4545568046542,wind,2017-09-02 23:00:00,day_ahead
2017-09-03 05:00:00,1215.8398755727765,wind,2017-09-02 23:00:00,day_ahead
2017-09-03 06:00:00,1191.4199617424624,wind,2017-09-02 23:00:00,day_ahead
2017-09-03 07:00:00,1132.7740774255333,wind,2017-09-02 23:00:00,day_ahead
2017-09-03 08:00:00,1043.0075572574597,wind,2017-09-02 23:00:00,day_ahead
2017-09-03 09:00:00,943.8174643266931,wind,2017-09-02 23:00:00,day_ahead
2017-09-03 10:00:00,864.96058739076,wind,2017-09-02 23:00:00,day_ahead
2017-09-03 11:00:00,827.1600254993847,wind,2017-09-02 23:00:00,day_ahead
2017-09-03 12:00:00,831.4620050994398,wind,2017-09-02 23:00:00,day_ahead
2017-09-03 13:00:00,862.7804626846998,wind,2017-09-02 23:00:00,day_ahead
2017-09-03 14:00:00,903.4638338168035,wind,2017-09-02 23:00:00,day_ahead
2017-09-03 15:00:00,944.9315617213571,wind,2017-09-02 23:00:00,day_ahead
2017-09-03 16:00:00,988.5163994247079,wind,2017-09-02 23:00:00,day_ahead
2017-09-03 17:00:00,1037.1586199922813,wind,2017-09-02 23:00:00,day_ahead
2017-09-03 18:00:00,1087.4522542323277,wind,2017-09-02 23:00:00,day_ahead
2017-09-03 19:00:00,1129.7987863647577,wind,2017-09-02 23:00:00,day_ahead
2017-09-03 20:00:00,1155.645296992399,wind,2017-09-02 23:00:00,day_ahead
2017-09-03 21:00:00,1164.0019389502922,wind,2017-09-02 23:00:00,day_ahead
2017-09-03 22:00:00,1161.0065464115025,wind,2017-09-02 23:00:00,day_ahead
2017-09-03 23:00:00,1153.8764618163773,wind,2017-09-02 23:00:00,day_ahead
2017-09-04 00:00:00,1148.6106971422078,wind,2017-09-03 23:00:00,day_ahead
2017-09-04 01:00:00,1139.6457322179483,wind,2017-09-03 23:00:00,day_ahead
2017-09-04 02:00:00,1131.6045332753415,wind,2017-09-03 23:00:00,day_ahead
2017-09-04 03:00:00,1127.2993956762375,wind,2017-09-03 23:00:00,day_ahead
2017-09-04 04:00:00,1126.4276821800013,wind,2017-09-03 23:00:00,day_ahead
2017-09-04 05:00:00,1120.2264024864937,wind,2017-09-03 23:00:00,day_ahead
2017-09-04 06:00:00,1092.9809055944236,wind,2017-09-03 23:00:00,day_ahead
2017-09-04 07:00:00,1032.401014137768,wind,2017-09-03 23:00:00,day_ahead
2017-09-04 08:00:00,941.6922484400576,wind,2017-09-03 23:00:00,day_ahead
2017-09-04 09:00:00,842.5295692914731,wind,2017-09-03 23:00:00,day_ahead
2017-09-04 10:00:00,764.5707002977202,wind,2017-09-03 23:00:00,day_ahead
2017-09-04 11:00:00,728.4722269243742,wind,2017-09-03 23:00:00,day_ahead
2017-09-04 12:00:00,735.2854847974633,wind,2017-09-03 23:00:00,day_ahead
2017-09-04 13:00:00,769.9229813009016,wind,2017-09-03 23:00:00,day_ahead
2017-09-04 14:00:00,814.6220053938048,wind,2017-09-03 23:00:00,day_ahead
2017-09-04 15:00:00,860.5835635751997,wind,2017-09-03 23:00:00,day_ahead
2017-09-04 16:00:00,908.945170220673,wind,2017-09-03 23:00:00,day_ahead
2017-09-04 17:00:00,962.6114614296032,wind,2017-09-03 23:00:00,day_ahead
2017-09-04 18:00:00,1018.2944367354601,wind,2017-09-03 23:00:00,day_ahead
2017-09-04 19:00:00,1066.5012457198097,wind,2017-09-03 23:00:00,day_ahead
2017-09-04 20:00:00,1098.5930539046312,wind,2017-09-03 23:00:00,day_ahead
2017-09-04 21:00:00,1113.2872247068515,wind,2017-09-03 23:00:00,day_ahead
2017-09-04 22:00:00,1116.404138582998,wind,2017-09-03 23:00:00,day_ahead
2017-09-04 23:00:00,1115.0451699169746,wind,2017-09-03 23:00:00,day_ahead
2017-09-05 00:00:00,1112.437244914078,wind,2017-09-04 23:00:00,day_ahead
2017-09-05 01:00:00,1109.9286129794423,wind,2017-09-04 23:00:00,day_ahead
2017-09-05 02:00:00,1107.9595543504429,wind,2017-09-04 23:00:00,day_ahead
2017-09-05 03:00:00,1109.3394596661078,wind,2017-09-04 23:00:00,day_ahead
2017-09-05 04:00:00,1113.8318034385045,wind,2017-09-04 23:00:00,day_ahead
2017-09-05 05:00:00,1112.7180165568054,wind,2017-09-04 23:00:00,day_ahead
2017-09-05 06:00:00,1090.2682345845915,wind,2017-09-04 23:00:00,day_ahead
2017-09-05 07:00:00,1034.1522034225945,wind,2017-09-04 23:00:00,day_ahead
2017-09-05 08:00:00,947.5665209124567,wind,2017-09-04 23:00:00,day_ahead
2017-09-05 09:00:00,852.2201467980545,wind,2017-09-04 23:00:00,day_ahead
2017-09-05 10:00:00,777.8025294782818,wind,2017-09-04 23:00:00,day_ahead
2017-09-05 11:00:00,744.9473923053457,wind,2017-09-04 23:00:00,day_ahead
2017-09-05 12:00:00,754.6271887722311,wind,2017-09-04 23:00:00,day_ahead
2017-09-05 13:00:00,791.6740614746451,wind,2017-09-04 23:00:00,day_ahead
2017-09-05 14:00:00,838.301163354186,wind,2017-09-04 23:00:00,day_ahead
2017-09-05 15:00:00,885.7471449867853,wind,2017-09-04 23:00:00,day_ahead
2017-09-05 16:00:00,935.2022792522466,wind,2017-09-04 23:00:00,day_ahead
2017-09-05 17:00:00,989.5953242342468,wind,2017-09-04 23:00:00,day_ahead
2017-09-05 18:00:00,1045.6445444149026,wind,2017-09-04 23:00:00,day_ahead
2017-09-05 19:00:00,1093.9019543915467,wind,2017-09-04 23:00:00,day_ahead
2017-09-05 20:00:00,1125.850016489006,wind,2017-09-04 23:00:00,day_ahead
2017-09-05 21:00:00,1140.3681676050521,wind,2017-09-04 23:00:00,day_ahead
2017-09-05 22:00:00,1143.3856312859366,wind,2017-09-04 23:00:00,day_ahead
2017-09-05 23:00:00,1141.9855973613544,wind,2017-09-04 23:00:00,day_ahead
2017-09-06 00:00:00,1130.5955761496248,wind,2017-09-05 23:00:00,day_ahead
2017-09-06 01:00:00,1127.4646297757658,wind,2017-09-05 23:00:00,day_ahead
2017-09-06 02:00:00,1124.8928281540311,wind,2017-09-05 23:00:00,day_ahead
2017-09-06 03:00:00,1125.7196950147475,wind,2017-09-05 23:00:00,day_ahead
2017-09-06 04:00:00,1129.7481102378415,wind,2017-09-05 23:00:00,day_ahead
2017-09-06 05:00:00,1128.3111986720146,wind,2017-09-05 23:00:00,day_ahead
2017-09-06 06:00:00,1105.7239639558782,wind,2017-09-05 23:00:00,day_ahead
2017-09-06 07:00:00,1049.6729489235295,wind,2017-09-05 23:00:00,day_ahead
2017-09-06 08:00:00,963.3449361316951,wind,2017-09-05 23:00:00,day_ahead
2017-09-06 09:00:00,868.4394099646621,wind,2017-09-05 23:00:00,day_ahead
2017-09-06 10:00:00,794.6645877986815,wind,2017-09-05 23:00:00,day_ahead
2017-09-06 11:00:00,762.7011685623819,wind,2017-09-05 23:00:00,day_ahead
2017-09-06 12:00:00,773.5647154444022,wind,2017-09-05 23:00:00,day_ahead
2017-09-06 13:00:00,812.0892932086554,wind,2017-09-05 23:00:00,day_ahead
2017-09-06 14:00:00,860.4397463375698,wind,2017-09-05 23:00:00,day_ahead
2017-09-06 15:00:00,909.7840609536055,wind,2017-09-05 23:00:00,day_ahead
2017-09-06 16:00:00,961.2595502303975,wind,2017-09-05 23:00:00,day_ahead
2017-09-06 17:00:00,1017.7769956099293,wind,2017-09-05 23:00:00,day_ahead
2017-09-06 18:00:00,1076.0535186516277,wind,2017-09-05 23:00:00,day_ahead
2017-09-06 19:00:00,1126.623694210424,wind,2017-09-05 23:00:00,day_ahead
2017-09-06 20:00:00,1160.9208520902964,wind,2017-09-05 23:00:00,day_ahead
2017-09-06 21:00:00,1177.7593952912123,wind,2017-09-05 23:00:00,day_ahead
2017-09-06 22:00:00,1183.017224311981,wind,2017-09-05 23:00:00,day_ahead
2017-09-06 23:00:00,1183.7539213294879,wind,2017-09-05 23:00:00,day_ahead
2017-09-07 00:00:00,1200.871003394014,wind,2017-09-06 23:00:00,day_ahead
2017-09-07 01:00:00,1199.5224505818555,wind,2017-09-06 23:00:00,day_ahead
2017-09-07 02:00:00,1198.685188885535,wind,2017-09-06 23:00:00,day_ahead
2017-09-07 03:00:00,1201.1388913590936,wind,2017-09-06 23:00:00,day_ahead
2017-09-07 04:00:00,1206.5490686459884,wind,2017-09-06 23:00:00,day_ahead
2017-09-07 05:00:00,1206.1176071713733,wind,2017-09-06 23:00:00,day_ahead
2017-09-07 06:00:00,1184.094668623294,wind,2017-09-06 23:00:00,day_ahead
2017-09-07 07:00:00,1128.1609583863487,wind,2017-09-06 23:00:00,day_ahead
2017-09-07 08:00:00,1041.5070858138574,wind,2017-09-06 23:00:00,day_ahead
2017-09-07 09:00:00,945.8161183040003,wind,2017-09-06 23:00:00,day_ahead
2017-09-07 10:00:00,870.7795880427218,wind,2017-09-06 23:00:00,day_ahead
2017-09-07 11:00:00,837.1009457878282,wind,2017-09-06 23:00:00,day_ahead
2017-09-07 12:00:00,845.8628251699436,wind,2017-09-06 23:00:00,day_ahead
2017-09-07 13:00:00,881.9641123595342,wind,2017-09-06 23:00:00,day_ahead
2017-09-07 14:00:00,927.5773246008752,wind,2017-09-06 23:00:00,day_ahead
2017-09-07 15:00:00,973.8174932872881,wind,2017-09-06 23:00:00,day_ahead
2017-09-07 16:00:00,1021.7682735220069,wind,2017-09-06 23:00:00,day_ahead
2017-09-07 17:00:00,1074.3555159602206,wind,2017-09-06 23:00:00,day_ahead
2017-09-07 18:00:00,1128.3894711578005,wind,2017-09-06 23:00:00,day_ahead
2017-09-07 19:00:00,1174.5103153781697,wind,2017-09-06 23:00:00,day_ahead
2017-09-07 20:00:00,1204.188475294142,wind,2017-09-06 23:00:00,day_ahead
2017-09-07 21:00:00,1216.190329369318,wind,2017-09-06 23:00:00,day_ahead
2017-09-07 22:00:00,1216.3309658751152,wind,2017-09-06 23:00:00,day_ahead
2017-09-07 23:00:00,1211.6899870766808,wind,2017-09-06 23:00:00,day_ahead
2017-09-08 00:00:00,1211.6437204585388,wind,2017-09-07 23:00:00,day_ahead
2017-09-08 01:00:00,1205.3307651341433,wind,2017-09-07 23:00:00,day_ahead
2017-09-08 02:00:00,1199.3497964693818,wind,2017-09-07 23:00:00,day_ahead
2017-09-08 03:00:00,1196.604096203408,wind,2017-09-07 23:00:00,day_ahead
2017-09-08 04:00:00,1197.0179910865863,wind,2017-09-07 23:00:00,day_ahead
2017-09-08 05:00:00,1191.9987525860802,wind,2017-09-07 23:00:00,day_ahead
2017-09-08 06:00:00,1165.8306035504215,wind,2017-09-07 23:00:00,day_ahead
2017-09-08 07:00:00,1106.1134253199036,wind,2017-09-07 23:00:00,day_ahead
2017-09-08 08:00:00,1016.0031720648824,wind,2017-09-07 23:00:00,day_ahead
2017-09-08 09:00:00,917.2934215993893,wind,2017-09-07 23:00:00,day_ahead
2017-09-08 10:00:00,839.8729560993397,wind,2017-09-07 23:00:00,day_ahead
2017-09-08 11:00:00,804.5805940397628,wind,2017-09-07 23:00:00,day_ahead
2017-09-08 12:00:00,812.4892258741921,wind,2017-09-07 23:00:00,day_ahead
2017-09-08 13:00:00,848.4079107937298,wind,2017-09-07 23:00:00,day_ahead
2017-09-08 14:00:00,894.4792502809893,wind,2017-09-07 23:00:00,day_ahead
2017-09-08 15:00:00,941.9118367682039,wind,2017-09-07 23:00:00,day_ahead
2017-09-08 16:00:00,991.9225490905717,wind,2017-09-07 23:00:00,day_ahead
2017-09-08 17:00:00,1047.46449355752,wind,2017-09-07 23:00:00,day_ahead
2017-09-08 18:00:00,1105.2180339614456,wind,2017-09-07 23:00:00,day_ahead
2017-09-08 19:00:00,1155.644567444589,wind,2017-09-07 23:00:00,day_ahead
2017-09-08 20:00:00,1190.155160364341,wind,2017-09-07 23:00:00,day_ahead
2017-09-08 21:00:00,1207.6346148666873,wind,2017-09-07 23:00:00,day_ahead
2017-09-08 22:00:00,1214.0721764047553,wind,2017-09-07 23:00:00,day_ahead
2017-09-08 23:00:00,1216.580595053993,wind,2017-09-07 23:00:00,day_ahead
2017-09-09 00:00:00,1231.8195516252763,wind,2017-09-08 23:00:00,day_ahead
2017-09-09 01:00:00,1232.7283113987767,wind,2017-09-08 23:00:00,day_ahead
2017-09-09 02:00:00,1234.6747745912076,wind,2017-09-08 23:00:00,day_ahead
2017-09-09 03:00:00,1240.4710717270577,wind,2017-09-08 23:00:00,day_ahead
2017-09-09 04:00:00,1249.7678936523732,wind,2017-09-08 23:00:00,day_ahead
2017-09-09 05:00:00,1253.6991887653414,wind,2017-09-08 23:00:00,day_ahead
2017-09-09 06:00:00,1236.422004474775,wind,2017-09-08 23:00:00,day_ahead
2017-09-09 07:00:00,1185.5460850947902,wind,2017-09-08 23:00:00,day_ahead
2017-09-09 08:00:00,1104.2477549656094,wind,2017-09-08 23:00:00,day_ahead
2017-09-09 09:00:00,1014.2490335161593,wind,2017-09-08 23:00:00,day_ahead
2017-09-09 10:00:00,945.2944360928825,wind,2017-09-08 23:00:00,day_ahead
2017-09-09 11:00:00,918.1070720584977,wind,2017-09-08 23:00:00,day_ahead
2017-09-09 12:00:00,933.7311386425138,wind,2017-09-08 23:00:00,day_ahead
2017-09-09 13:00:00,976.9775672630192,wind,2017-09-08 23:00:00,day_ahead
2017-09-09 14:00:00,1029.9094540015026,wind,2017-09-08 23:00:00,day_ahead
2017-09-09 15:00:00,1083.535463209003,wind,2017-09-08 23:00:00,day_ahead
2017-09-09 16:00:00,1138.8445006648408,wind,2017-09-08 23:00:00,day_ahead
2017-09-09 17:00:00,1198.6764264077774,wind,2017-09-08 23:00:00,day_ahead
2017-09-09 18:00:00,1259.7615647127925,wind,2017-09-08 23:00:00,day_ahead
2017-09-09 19:00:00,1312.66876785019,wind,2017-09-08 23:00:00,day_ahead
2017-09-09 20:00:00,1348.808906696814,wind,2017-09-08 23:00:00,day_ahead
2017-09-09 21:00:00,1366.8986868193517,wind,2017-09-08 23:00:00,day_ahead
2017-09-09 22:00:00,1372.7085559793186,wind,2017-09-08 23:00:00,day_ahead
2017-09-09 23:00:00,1373.2786369342627,wind,2017-09-08 23:00:00,day_ahead
2017-09-10 00:00:00,1453.5323851884302,wind,2017-09-09 23:00:00,day_ahead
2017-09-10 01:00:00,1450.9658963804993,wind,2017-09-09 23:00:00,day_ahead
2017-09-10 02:00:00,1448.3832222232397,wind,2017-09-09 23:00:00,day_ahead
2017-09-10 03:00:00,1448.57878783676,wind,2017-09-09 23:00:00,day_ahead
2017-09-10 04:00:00,1451.284790811291,wind,2017-09-09 23:00:00,day_ahead
2017-09-10 05:00:00,1447.7725106057078,wind,2017-09-09 23:00:00,day_ahead
2017-09-10 06:00:00,1422.3359138798558,wind,2017-09-09 23:00:00,day_ahead
2017-09-10 07:00:00,1362.6903786565663,wind,2017-09-09 23:00:00,day_ahead
2017-09-10 08:00:00,1272.088506586634,wind,2017-09-09 23:00:00,day_ahead
2017-09-10 09:00:00,1172.3142014715963,wind,2017-09-09 23:00:00,day_ahead
2017-09-10 10:00:00,1093.167233948822,wind,2017-09-09 23:00:00,day_ahead
2017-09-10 11:00:00,1055.4191921108943,wind,2017-09-09 23:00:00,day_ahead
2017-09-10 12:00:00,1060.1609556724334,wind,2017-09-09 23:00:00,day_ahead
2017-09-10 13:00:00,1092.2638427150293,wind,2017-09-09 23:00:00,day_ahead
2017-09-10 14:00:00,1133.878209058513,wind,2017-09-09 23:00:00,day_ahead
2017-09-10 15:00:00,1176.1201077064259,wind,2017-09-09 23:00:00,day_ahead
2017-09-10 16:00:00,1220.0800049714087,wind,2017-09-09 23:00:00,day_ahead
2017-09-10 17:00:00,1268.6727214914483,wind,2017-09-09 23:00:00,day_ahead
2017-09-10 18:00:00,1318.687431584376,wind,2017-09-09 23:00:00,day_ahead
2017-09-10 19:00:00,1360.7758428656477,wind,2017-09-09 23:00:00,day_ahead
2017-09-10 20:00:00,1386.490536064343,wind,2017-09-09 23:00:00,day_ahead
2017-09-10 21:00:00,1394.7386142193807,wind,2017-09-09 23:00:00,day_ahead
2017-09-10 22:00:00,1391.468312524018,wind,2017-09-09 23:00:00,day_ahead
2017-09-10 23:00:00,1383.8117793212534,wind,2017-09-09 23:00:00,day_ahead
2017-09-11 00:00:00,1382.0138263699564,wind,2017-09-10 23:00:00,day_ahead
2017-09-11 01:00:00,1373.0911463084815,wind,2017-09-10 23:00:00,day_ahead
2017-09-11 02:00:00,1364.7764557164146,wind,2017-09-10 23:00:00,day_ahead
2017-09-11 03:00:00,1359.9117449729094,wind,2017-09-10 23:00:00,day_ahead
2017-09-11 04:00:00,1358.314432042198,wind,2017-09-10 23:00:00,day_ahead
2017-09-11 05:00:00,1351.3266925721393,wind,2017-09-10 23:00:00,day_ahead
2017-09-11 06:00:00,1323.2665815093887,wind,2017-09-10 23:00:00,day_ahead
2017-09-11 07:00:00,1261.835408833358,wind,2017-09-10 23:00:00,day_ahead
2017-09-11 08:00:00,1170.2675732282912,wind,2017-09-10 23:00:00,day_ahead
2017-09-11 09:00:00,1070.3485452800874,wind,2017-09-10 23:00:00,day_ahead
2017-09-11 10:00:00,991.8914539391778,wind,2017-09-10 23:00:00,day_ahead
2017-09-11 11:00:00,955.6628575022994,wind,2017-09-10 23:00:00,day_ahead
2017-09-11 12:00:00,962.7063714265167,wind,2017-09-10 23:00:00,day_ahead
2017-09-11 13:00:00,997.8056091445993,wind,2017-09-10 23:00:00,day_ahead
2017-09-11 14:00:00,1043.0047178309005,wind,2017-09-10 23:00:00,day_ahead
2017-09-11 15:00:00,1089.316900681857,wind,2017-09-10 23:00:00,day_ahead
2017-09-11 16:00:00,1137.7423895847933,wind,2017-09-10 23:00:00,day_ahead
2017-09-11 17:00:00,1191.120456068712,wind,2017-09-10 23:00:00,day_ahead
2017-09-11 18:00:00,1246.1861094947587,wind,2017-09-10 23:00:00,day_ahead
2017-09-11 19:00:00,1293.5690477031803,wind,2017-09-10 23:00:00,day_ahead
2017-09-11 20:00:00,1324.830590412193,wind,2017-09-10 23:00:00,day_ahead
2017-09-11 21:00:00,1338.889739827616,wind,2017-09-10 23:00:00,day_ahead
2017-09-11 22:00:00,1341.6650862304425,wind,2017-09-10 23:00:00,day_ahead
2017-09-11 23:00:00,1340.1875429991583,wind,2017-09-10 23:00:00,day_ahead
2017-09-12 00:00:00,1364.1830654458167,wind,2017-09-11 23:00:00,day_ahead
2017-09-12 01:00:00,1360.8214041024912,wind,2017-09-11 23:00:00,day_ahead
2017-09-12 02:00:00,1358.057648869998,wind,2017-09-11 23:00:00,day_ahead
2017-09-12 03:00:00,1358.673874468233,wind,2017-09-11 23:00:00,day_ahead
2017-09-12 04:00:00,1362.355426668181,wind,2017-09-11 23:00:00,day_ahead
2017-09-12 05:00:00,1360.3033438015739,wind,2017-09-11 23:00:00,day_ahead
2017-09-12 06:00:00,1336.7528012095493,wind,2017-09-11 23:00:00,day_ahead
2017-09-12 07:00:00,1279.4059208855444,wind,2017-09-11 23:00:00,day_ahead
2017-09-12 08:00:00,1191.5558680222878,wind,2017-09-11 23:00:00,day_ahead
2017-09-12 09:00:00,1095.0555531250445,wind,2017-09-11 23:00:00,day_ahead
2017-09-12 10:00:00,1019.7567950504176,wind,2017-09-11 23:00:00,day_ahead
2017-09-12 11:00:00,986.4255055963492,wind,2017-09-11 23:00:00,day_ahead
2017-09-12 12:00:00,996.0731109593363,wind,2017-09-11 23:00:00,day_ahead
2017-09-12 13:00:00,1033.4322852164728,wind,2017-09-11 23:00:00,day_ahead
2017-09-12 14:00:00,1080.4929250984183,wind,2017-09-11 23:00:00,day_ahead
2017-09-12 15:00:00,1128.2335745982673,wind,2017-09-11 23:00:00,day_ahead
2017-09-12 16:00:00,1177.665617132836,wind,2017-09-11 23:00:00,day_ahead
2017-09-12 17:00:00,1231.6959283775764,wind,2017-09-11 23:00:00,day_ahead
2017-09-12 18:00:00,1287.160872885838,wind,2017-09-11 23:00:00,day_ahead
2017-09-12 19:00:00,1334.7756457251728,wind,2017-09-11 23:00:00,day_ahead
2017-09-12 20:00:00,1366.1290767370872,wind,2017-09-11 23:00:00,day_ahead
2017-09-12 21:00:00,1380.1118645636466,wind,2017-09-11 23:00:00,day_ahead
2017-09-12 22:00:00,1382.6096990019714,wind,2017-09-11 23:00:00,day_ahead
2017-09-12 23:00:00,1380.6786922247927,wind,2017-09-11 23:00:00,day_ahead
2017-09-13 00:00:00,1379.2200703088538,wind,2017-09-12 23:00:00,day_ahead
2017-09-13 01:00:00,1375.9152413628415,wind,2017-09-12 23:00:00,day_ahead
2017-09-13 02:00:00,1373.0726389371587,wind,2017-09-12 23:00:00,day_ahead
2017-09-13 03:00:00,1373.5696961275223,wind,2017-09-12 23:00:00,day_ahead
2017-09-13 04:00:00,1377.2382959988795,wind,2017-09-12 23:00:00,day_ahead
2017-09-13 05:00:00,1375.368387024592,wind,2017-09-12 23:00:00,day_ahead
2017-09-13 06:00:00,1352.1811143283335,wind,2017-09-12 23:00:00,day_ahead
2017-09-13 07:00:00,1295.3146377515536,wind,2017-09-12 23:00:00,day_ahead
2017-09-13 08:00:00,1208.0416888746188,wind,2017-09-12 23:00:00,day_ahead
2017-09-13 09:00:00,1112.2803961317738,wind,2017-09-12 23:00:00,day_ahead
2017-09-13 10:00:00,1037.9866242971323,wind,2017-09-12 23:00:00,day_ahead
2017-09-13 11:00:00,1005.9821201032804,wind,2017-09-12 23:00:00,day_ahead
2017-09-13 12:00:00,1017.2417079939722,wind,2017-09-12 23:00:00,day_ahead
2017-09-13 13:00:00,1056.403225538935,wind,2017-09-12 23:00:00,day_ahead
2017-09-13 14:00:00,1105.3741339161445,wind,2017-09-12 23:00:00,day_ahead
2017-09-13 15:00:00,1155.0986326723576,wind,2017-09-12 23:00:00,day_ahead
2017-09-13 16:00:00,1206.5761458564725,wind,2017-09-12 23:00:00,day_ahead
2017-09-13 17:00:00,1262.6790585059014,wind,2017-09-12 23:00:00,day_ahead
2017-09-13 18:00:00,1320.1837130970516,wind,2017-09-12 23:00:00,day_ahead
2017-09-13 19:00:00,1369.769189423166,wind,2017-09-12 23:00:00,day_ahead
2017-09-13 20:00:00,1403.0587454046836,wind,2017-09-12 23:00:00,day_ahead
2017-09-13 21:00:00,1419.0281103793834,wind,2017-09-12 23:00:00,day_ahead
2017-09-13 22:00:00,1423.6114538103268,wind,2017-09-12 23:00:00,day_ahead
2017-09-13 23:00:00,1423.7954370785533,wind,2017-09-12 23:00:00,day_ahead
2017-09-14 00:00:00,1407.2893855171203,wind,2017-09-13 23:00:00,day_ahead
2017-09-14 01:00:00,1405.1505703528603,wind,2017-09-13 23:00:00,day_ahead
2017-09-14 02:00:00,1403.3526550064516,wind,2017-09-13 23:00:00,day_ahead
2017-09-14 03:00:00,1404.7717182556619,wind,2017-09-13 23:00:00,day_ahead
2017-09-14 04:00:00,1409.1113880543207,wind,2017-09-13 23:00:00,day_ahead
2017-09-14 05:00:00,1407.5064584143088,wind,2017-09-13 23:00:00,day_ahead
2017-09-14 06:00:00,1384.1078275890557,wind,2017-09-13 23:00:00,day_ahead
2017-09-14 07:00:00,1326.5903550535925,wind,2017-09-13 23:00:00,day_ahead
2017-09-14 08:00:00,1238.295084347465,wind,2017-09-13 23:00:00,day_ahead
2017-09-14 09:00:00,1141.1539490842636,wind,2017-09-13 23:00:00,day_ahead
2017-09-14 10:00:00,1065.0735924100068,wind,2017-09-13 23:00:00,day_ahead
2017-09-14 11:00:00,1030.8333681971296,wind,2017-09-13 23:00:00,day_ahead
2017-09-14 12:00:00,1039.4374879840368,wind,2017-09-13 23:00:00,day_ahead
2017-09-14 13:00:00,1075.608195811409,wind,2017-09-13 23:00:00,day_ahead
2017-09-14 14:00:00,1121.3065366383723,wind,2017-09-13 23:00:00,day_ahead
2017-09-14 15:00:00,1167.4357322417395,wind,2017-09-13 23:00:00,day_ahead
2017-09-14 16:00:00,1214.893162384368,wind,2017-09-13 23:00:00,day_ahead
2017-09-14 17:00:00,1266.4963487477985,wind,2017-09-13 23:00:00,day_ahead
2017-09-14 18:00:00,1319.0936844705172,wind,2017-09-13 23:00:00,day_ahead
2017-09-14 19:00:00,1363.5319295222848,wind,2017-09-13 23:00:00,day_ahead
2017-09-14 20:00:00,1391.5790633727872,wind,2017-09-13 23:00:00,day_ahead
2017-09-14 21:00:00,1402.23846232379,wind,2017-09-13 23:00:00,day_ahead
2017-09-14 22:00:00,1401.377890938537,wind,2017-09-13 23:00:00,day_ahead
2017-09-14 23:00:00,1395.945358990454,wind,2017-09-13 23:00:00,day_ahead
2017-09-15 00:00:00,1421.0319628664145,wind,2017-09-14 23:00:00,day_ahead
2017-09-15 01:00:00,1413.1006530609313,wind,2017-09-14 23:00:00,day_ahead
2017-09-15 02:00:00,1405.8735683158939,wind,2017-09-14 23:00:00,day_ahead
2017-09-15 03:00:00,1402.3207274060178,wind,2017-09-14 23:00:00,day_ahead
2017-09-15 04:00:00,1402.144678796146,wind,2017-09-14 23:00:00,day_ahead
2017-09-15 05:00:00,1396.4196663186028,wind,2017-09-14 23:00:00,day_ahead
2017-09-15 06:00:00,1369.2413772919929,wind,2017-09-14 23:00:00,day_ahead
2017-09-15 07:00:00,1308.2903911215114,wind,2017-09-14 23:00:00,day_ahead
2017-09-15 08:00:00,1216.9918854150471,wind,2017-09-14 23:00:00,day_ahead
2017-09-15 09:00:00,1117.416397593146,wind,2017-09-14 23:00:00,day_ahead
2017-09-15 10:00:00,1039.6173910791185,wind,2017-09-14 23:00:00,day_ahead
2017-09-15 11:00:00,1004.4862447251797,wind,2017-09-14 23:00:00,day_ahead
2017-09-15 12:00:00,1013.0816782647879,wind,2017-09-14 23:00:00,day_ahead
2017-09-15 13:00:00,1050.1241665296052,wind,2017-09-14 23:00:00,day_ahead
2017-09-15 14:00:00,1097.5358324812623,wind,2017-09-14 23:00:00,day_ahead
2017-09-15 15:00:00,1146.1701984799868,wind,2017-09-14 23:00:00,day_ahead
2017-09-15 16:00:00,1196.8856268273662,wind,2017-09-14 23:00:00,day_ahead
2017-09-15 17:00:00,1252.4771352042094,wind,2017-09-14 23:00:00,day_ahead
2017-09-15 18:00:00,1309.773653931033,wind,2017-09-14 23:00:00,day_ahead
2017-09-15 19:00:00,1359.5814326935451,wind,2017-09-14 23:00:00,day_ahead
2017-09-15 20:00:00,1393.5912989855901,wind,2017-09-14 23:00:00,day_ahead
2017-09-15 21:00:00,1410.7030707390552,wind,2017-09-14 23:00:00,day_ahead
2017-09-15 22:00:00,1416.6908842107252,wind,2017-09-14 23:00:00,day_ahead
2017-09-15 23:00:00,1418.4596828773847,wind,2017-09-14 23:00:00,day_ahead
2017-09-16 00:00:00,1491.0436694609573,wind,2017-09-15 23:00:00,day_ahead
2017-09-16 01:00:00,1491.712407828606,wind,2017-09-15 23:00:00,day_ahead
2017-09-16 02:00:00,1493.105128432402,wind,2017-09-15 23:00:00,day_ahead
2017-09-16 03:00:00,1498.146045909158,wind,2017-09-15 23:00:00,day_ahead
2017-09-16 04:00:00,1506.6362890693135,wind,2017-09-15 23:00:00,day_ahead
2017-09-16 05:00:00,1509.7081033027216,wind,2017-09-15 23:00:00,day_ahead
2017-09-16 06:00:00,1491.3559940926607,wind,2017-09-15 23:00:00,day_ahead
2017-09-16 07:00:00,1439.0516515053173,wind,2017-09-15 23:00:00,day_ahead
2017-09-16 08:00:00,1356.058318853845,wind,2017-09-15 23:00:00,day_ahead
2017-09-16 09:00:00,1264.4270861796597,wind,2017-09-15 23:00:00,day_ahead
2017-09-16 10:00:00,1194.2778430183316,wind,2017-09-15 23:00:00,day_ahead
2017-09-16 11:00:00,1166.510589094893,wind,2017-09-15 23:00:00,day_ahead
2017-09-16 12:00:00,1182.054670178529,wind,2017-09-15 23:00:00,day_ahead
2017-09-16 13:00:00,1225.426313515702,wind,2017-09-15 23:00:00,day_ahead
2017-09-16 14:00:00,1278.4042909550383,wind,2017-09-15 23:00:00,day_ahead
2017-09-16 15:00:00,1331.823481993316,wind,2017-09-15 23:00:00,day_ahead
2017-09-16 16:00:00,1386.5741521649215,wind,2017-09-15 23:00:00,day_ahead
2017-09-16 17:00:00,1445.4049039212277,wind,2017-09-15 23:00:00,day_ahead
2017-09-16 18:00:00,1504.983513503024,wind,2017-09-15 23:00:00,day_ahead
2017-09-16 19:00:00,1555.9517532111067,wind,2017-09-15 23:00:00,day_ahead
2017-09-16 20:00:00,1589.9897737929523,wind,2017-09-15 23:00:00,day_ahead
2017-09-16 21:00:00,1606.1795273278526,wind,2017-09-15 23:00:00,day_ahead
2017-09-16 22:00:00,1610.5310680534917,wind,2017-09-15 23:00:00,day_ahead
2017-09-16 23:00:00,1610.0353384883592,wind,2017-09-15 23:00:00,day_ahead
2017-09-17 00:00:00,1592.7083686164349,wind,2017-09-16 23:00:00,day_ahead
2017-09-17 01:00:00,1589.385381875943,wind,2017-09-16 23:00:00,day_ahead
2017-09-17 02:00:00,1585.730249619575,wind,2017-09-16 23:00:00,day_ahead
2017-09-17 03:00:00,1584.7246203445536,wind,2017-09-16 23:00:00,day_ahead
2017-09-17 04:00:00,1586.3100423218127,wind,2017-09-16 23:00:00,day_ahead
2017-09-17 05:00:00,1581.7457502936718,wind,2017-09-16 23:00:00,day_ahead
2017-09-17 06:00:00,1555.0835476923683,wind,2017-09-16 23:00:00,day_ahead
2017-09-17 07:00:00,1493.8118867179496,wind,2017-09-16 23:00:00,day_ahead
2017-09-17 08:00:00,1401.2440084411653,wind,2017-09-16 23:00:00,day_ahead
2017-09-17 09:00:00,1299.5521524547598,wind,2017-09-16 23:00:00,day_ahead
2017-09-17 10:00:00,1219.0126126214886,wind,2017-09-16 23:00:00,day_ahead
2017-09-17 11:00:00,1180.6471419373677,wind,2017-09-16 23:00:00,day_ahead
2017-09-17 12:00:00,1185.441084329791,wind,2017-09-16 23:00:00,day_ahead
2017-09-17 13:00:00,1217.937889544961,wind,2017-09-16 23:00:00,day_ahead
2017-09-17 14:00:00,1259.9763875541644,wind,2017-09-16 23:00:00,day_ahead
2017-09-17 15:00:00,1302.501813436715,wind,2017-09-16 23:00:00,day_ahead
2017-09-17 16:00:00,1346.518393003263,wind,2017-09-16 23:00:00,day_ahead
2017-09-17 17:00:00,1394.8333587566462,wind,2017-09-16 23:00:00,day_ahead
2017-09-17 18:00:00,1444.1170658727292,wind,2017-09-16 23:00:00,day_ahead
2017-09-17 19:00:00,1485.0280953661722,wind,2017-09-16 23:00:00,day_ahead
2017-09-17 20:00:00,1509.3541914651566,wind,2017-09-16 23:00:00,day_ahead
2017-09-17 21:00:00,1516.3766622214587,wind,2017-09-16 23:00:00,day_ahead
2017-09-17 22:00:00,1512.3060782381006,wind,2017-09-16 23:00:00,day_ahead
2017-09-17 23:00:00,1504.2250904290727,wind,2017-09-16 23:00:00,day_ahead
2017-09-18 00:00:00,1480.126956147995,wind,2017-09-17 23:00:00,day_ahead
2017-09-18 01:00:00,1470.1749577515584,wind,2017-09-17 23:00:00,day_ahead
2017-09-18 02:00:00,1460.8108434047351,wind,2017-09-17 23:00:00,day_ahead
2017-09-18 03:00:00,1455.1331652289132,wind,2017-09-17 23:00:00,day_ahead
2017-09-18 04:00:00,1453.001462754566,wind,2017-09-17 23:00:00,day_ahead
2017-09-18 05:00:00,1445.4938363810893,wind,2017-09-17 23:00:00,day_ahead
2017-09-18 06:00:00,1416.5489952404175,wind,2017-09-17 23:00:00,day_ahead
2017-09-18 07:00:00,1353.6911301182558,wind,2017-09-17 23:00:00,day_ahead
2017-09-18 08:00:00,1260.3495524487391,wind,2017-09-17 23:00:00,day_ahead
2017-09-18 09:00:00,1158.7566190978057,wind,2017-09-17 23:00:00,day_ahead
2017-09-18 10:00:00,1079.1266852786594,wind,2017-09-17 23:00:00,day_ahead
2017-09-18 11:00:00,1042.357912849487,wind,2017-09-17 23:00:00,day_ahead
2017-09-18 12:00:00,1049.3617534086243,wind,2017-09-17 23:00:00,day_ahead
2017-09-18 13:00:00,1084.696577488148,wind,2017-09-17 23:00:00,day_ahead
2017-09-18 14:00:00,1130.2305554175023,wind,2017-09-17 23:00:00,day_ahead
2017-09-18 15:00:00,1176.8472533809238,wind,2017-09-17 23:00:00,day_ahead
2017-09-18 16:00:00,1225.3802591257186,wind,2017-09-17 23:00:00,day_ahead
2017-09-18 17:00:00,1278.455062258245,wind,2017-09-17 23:00:00,day_ahead
2017-09-18 18:00:00,1332.6672656689725,wind,2017-09-17 23:00:00,day_ahead
2017-09-18 19:00:00,1378.722047003877,wind,2017-09-17 23:00:00,day_ahead
2017-09-18 20:00:00,1408.4625832465065,wind,2017-09-17 23:00:00,day_ahead
2017-09-18 21:00:00,1421.1030236767879,wind,2017-09-17 23:00:00,day_ahead
2017-09-18 22:00:00,1422.6493972854646,wind,2017-09-17 23:00:00,day_ahead
2017-09-18 23:00:00,1419.9707249049234,wind,2017-09-17 23:00:00,day_ahead
2017-09-19 00:00:00,1419.79486534391,wind,2017-09-18 23:00:00,day_ahead
2017-09-19 01:00:00,1415.3799073936766,wind,2017-09-18 23:00:00,day_ahead
2017-09-19 02:00:00,1411.11333958246,wind,2017-09-18 23:00:00,day_ahead
2017-09-19 03:00:00,1410.108853607691,wind,2017-09-18 23:00:00,day_ahead
2017-09-19 04:00:00,1412.3669178726223,wind,2017-09-18 23:00:00,day_ahead
2017-09-19 05:00:00,1409.0698377102894,wind,2017-09-18 23:00:00,day_ahead
2017-09-19 06:00:00,1384.1306468949056,wind,2017-09-18 23:00:00,day_ahead
2017-09-19 07:00:00,1324.9655227432274,wind,2017-09-18 23:00:00,day_ahead
2017-09-19 08:00:00,1234.9349269026948,wind,2017-09-18 23:00:00,day_ahead
2017-09-19 09:00:00,1136.3076741208574,wind,2017-09-18 23:00:00,day_ahead
2017-09-19 10:00:00,1059.389287739063,wind,2017-09-18 23:00:00,day_ahead
2017-09-19 11:00:00,1025.1182574248783,wind,2017-09-18 23:00:00,day_ahead
2017-09-19 12:00:00,1034.3492114736296,wind,2017-09-18 23:00:00,day_ahead
2017-09-19 13:00:00,1071.5459714666727,wind,2017-09-18 23:00:00,day_ahead
2017-09-19 14:00:00,1118.5427300017923,wind,2017-09-18 23:00:00,day_ahead
2017-09-19 15:00:00,1166.2802554606194,wind,2017-09-18 23:00:00,day_ahead
2017-09-19 16:00:00,1215.671833503182,wind,2017-09-18 23:00:00,day_ahead
2017-09-19 17:00:00,1269.3558398847097,wind,2017-09-18 23:00:00,day_ahead
2017-09-19 18:00:00,1323.870556712834,wind,2017-09-18 23:00:00,day_ahead
2017-09-19 19:00:00,1369.8943767849778,wind,2017-09-18 23:00:00,day_ahead
2017-09-19 20:00:00,1399.3807049234115,wind,2017-09-18 23:00:00,day_ahead
2017-09-19 21:00:00,1411.782167398158,wind,2017-09-18 23:00:00,day_ahead
2017-09-19 22:00:00,1413.3296047864808,wind,2017-09-18 23:00:00,day_ahead
2017-09-19 23:00:00,1410.943049795996,wind,2017-09-18 23:00:00,day_ahead
2017-09-20 00:00:00,1370.9665840176813,wind,2017-09-19 23:00:00,day_ahead
2017-09-20 01:00:00,1366.7941388638696,wind,2017-09-19 23:00:00,day_ahead
2017-09-20 02:00:00,1362.8366807529594,wind,2017-09-19 23:00:00,day_ahead
2017-09-20 03:00:00,1362.263152464979,wind,2017-09-19 23:00:00,day_ahead
2017-09-20 04:00:00,1365.118240620094,wind,2017-09-19 23:00:00,day_ahead
2017-09-20 05:00:00,1362.5977899845986,wind,2017-09-19 23:00:00,day_ahead
2017-09-20 06:00:00,1338.6039566463435,wind,2017-09-19 23:00:00,day_ahead
2017-09-20 07:00:00,1280.5444744230858,wind,2017-09-19 23:00:00,day_ahead
2017-09-20 08:00:00,1191.795685779402,wind,2017-09-19 23:00:00,day_ahead
2017-09-20 09:00:00,1094.6621066193065,wind,2017-09-19 23:00:00,day_ahead
2017-09-20 10:00:00,1019.4772989133019,wind,2017-09-19 23:00:00,day_ahead
2017-09-20 11:00:00,987.174801276746,wind,2017-09-19 23:00:00,day_ahead
2017-09-20 12:00:00,998.5710262376075,wind,2017-09-19 23:00:00,day_ahead
2017-09-20 13:00:00,1038.0822724890654,wind,2017-09-19 23:00:00,day_ahead
2017-09-20 14:00:00,1087.511207464703,wind,2017-09-19 23:00:00,day_ahead
2017-09-20 15:00:00,1137.7873740014677,wind,2017-09-19 23:00:00,day_ahead
2017-09-20 16:00:00,1189.815664829206,wind,2017-09-19 23:00:00,day_ahead
2017-09-20 17:00:00,1246.2096057670894,wind,2017-09-19 23:00:00,day_ahead
2017-09-20 18:00:00,1303.464684224728,wind,2017-09-19 23:00:00,day_ahead
2017-09-20 19:00:00,1352.2146002963104,wind,2017-09-19 23:00:00,day_ahead
2017-09-20 20:00:00,1384.3810151954567,wind,2017-09-19 23:00:00,day_ahead
2017-09-20 21:00:00,1399.3945566325815,wind,2017-09-19 23:00:00,day_ahead
2017-09-20 22:00:00,1403.455627370965,wind,2017-09-19 23:00:00,day_ahead
2017-09-20 23:00:00,1403.432279545743,wind,2017-09-19 23:00:00,day_ahead
2017-09-21 00:00:00,1358.5437274432495,wind,2017-09-20 23:00:00,day_ahead
2017-09-21 01:00:00,1356.1729800933592,wind,2017-09-20 23:00:00,day_ahead
2017-09-21 02:00:00,1353.7905073518152,wind,2017-09-20 23:00:00,day_ahead
2017-09-21 03:00:00,1354.497536899486,wind,2017-09-20 23:00:00,day_ahead
2017-09-21 04:00:00,1358.2563600721362,wind,2017-09-20 23:00:00,day_ahead
2017-09-21 05:00:00,1356.2195141247598,wind,2017-09-20 23:00:00,day_ahead
2017-09-21 06:00:00,1332.3021870347625,wind,2017-09-20 23:00:00,day_ahead
2017-09-21 07:00:00,1273.947227459637,wind,2017-09-20 23:00:00,day_ahead
2017-09-21 08:00:00,1184.5371946033974,wind,2017-09-20 23:00:00,day_ahead
2017-09-21 09:00:00,1086.3356233876827,wind,2017-09-20 23:00:00,day_ahead
2017-09-21 10:00:00,1009.6180498449496,wind,2017-09-20 23:00:00,day_ahead
2017-09-21 11:00:00,975.2898933656186,wind,2017-09-20 23:00:00,day_ahead
2017-09-21 12:00:00,984.187247632153,wind,2017-09-20 23:00:00,day_ahead
2017-09-21 13:00:00,1020.7686200698719,wind,2017-09-20 23:00:00,day_ahead
2017-09-21 14:00:00,1066.863134323761,wind,2017-09-20 23:00:00,day_ahead
2017-09-21 15:00:00,1113.4015435182582,wind,2017-09-20 23:00:00,day_ahead
2017-09-21 16:00:00,1161.2936499230373,wind,2017-09-20 23:00:00,day_ahead
2017-09-21 17:00:00,1213.1965023625353,wind,2017-09-20 23:00:00,day_ahead
2017-09-21 18:00:00,1265.6880832662982,wind,2017-09-20 23:00:00,day_ahead
2017-09-21 19:00:00,1309.4840204343561,wind,2017-09-20 23:00:00,day_ahead
2017-09-21 20:00:00,1336.545464742332,wind,2017-09-20 23:00:00,day_ahead
2017-09-21 21:00:00,1346.2995793143841,wind,2017-09-20 23:00:00,day_ahead
2017-09-21 22:00:00,1344.9460829300933,wind,2017-09-20 23:00:00,day_ahead
2017-09-21 23:00:00,1339.4058010763556,wind,2017-09-20 23:00:00,day_ahead
2017-09-22 00:00:00,1324.0517054103489,wind,2017-09-21 23:00:00,day_ahead
2017-09-22 01:00:00,1316.1473607987368,wind,2017-09-21 23:00:00,day_ahead
2017-09-22 02:00:00,1308.5010396745324,wind,2017-09-21 23:00:00,day_ahead
2017-09-22 03:00:00,1304.2791372440963,wind,2017-09-21 23:00:00,day_ahead
2017-09-22 04:00:00,1303.4622825614051,wind,2017-09-21 23:00:00,day_ahead
2017-09-22 05:00:00,1297.201314139872,wind,2017-09-21 23:00:00,day_ahead
2017-09-22 06:00:00,1269.4251549843368,wind,2017-09-21 23:00:00,day_ahead
2017-09-22 07:00:00,1207.6256884836946,wind,2017-09-21 23:00:00,day_ahead
2017-09-22 08:00:00,1115.2635572030467,wind,2017-09-21 23:00:00,day_ahead
2017-09-22 09:00:00,1014.6863459210718,wind,2017-09-21 23:00:00,day_ahead
2017-09-22 10:00:00,936.2383024887656,wind,2017-09-21 23:00:00,day_ahead
2017-09-22 11:00:00,900.8705550041369,wind,2017-09-21 23:00:00,day_ahead
2017-09-22 12:00:00,909.445847029189,wind,2017-09-21 23:00:00,day_ahead
2017-09-22 13:00:00,946.4362193647319,wind,2017-09-21 23:00:00,day_ahead
2017-09-22 14:00:00,993.6732315995898,wind,2017-09-21 23:00:00,day_ahead
2017-09-22 15:00:00,1042.079236155555,wind,2017-09-21 23:00:00,day_ahead
2017-09-22 16:00:00,1092.5479530234616,wind,2017-09-21 23:00:00,day_ahead
2017-09-22 17:00:00,1147.718125831134,wind,2017-09-21 23:00:00,day_ahead
2017-09-22 18:00:00,1204.148860573242,wind,2017-09-21 23:00:00,day_ahead
2017-09-22 19:00:00,1252.5303504894807,wind,2017-09-21 23:00:00,day_ahead
2017-09-22 20:00:00,1284.783323407037,wind,2017-09-21 23:00:00,day_ahead
2017-09-22 21:00:00,1300.2796957414357,wind,2017-09-21 23:00:00,day_ahead
2017-09-22 22:00:00,1305.163251548669,wind,2017-09-21 23:00:00,day_ahead
2017-09-22 23:00:00,1306.3176991238631,wind,2017-09-21 23:00:00,day_ahead
2017-09-23 00:00:00,1279.0076328865284,wind,2017-09-22 23:00:00,day_ahead
2017-09-23 01:00:00,1279.127669036327,wind,2017-09-22 23:00:00,day_ahead
2017-09-23 02:00:00,1279.7018127948947,wind,2017-09-22 23:00:00,day_ahead
2017-09-23 03:00:00,1283.8454588050306,wind,2017-09-22 23:00:00,day_ahead
2017-09-23 04:00:00,1291.533222105461,wind,2017-09-22 23:00:00,day_ahead
2017-09-23 05:00:00,1293.870805492906,wind,2017-09-22 23:00:00,day_ahead
2017-09-23 06:00:00,1274.6701418502985,wind,2017-09-22 23:00:00,day_ahead
2017-09-23 07:00:00,1221.2810662217348,wind,2017-09-22 23:00:00,day_ahead
2017-09-23 08:00:00,1137.0716520335184,wind,2017-09-22 23:00:00,day_ahead
2017-09-23 09:00:00,1044.3715606424382,wind,2017-09-22 23:00:00,day_ahead
2017-09-23 10:00:00,973.5326067151918,wind,2017-09-22 23:00:00,day_ahead
2017-09-23 11:00:00,945.4657888020522,wind,2017-09-22 23:00:00,day_ahead
2017-09-23 12:00:00,960.921610391094,wind,2017-09-22 23:00:00,day_ahead
2017-09-23 13:00:00,1004.2336323102795,wind,2017-09-22 23:00:00,day_ahead
2017-09-23 14:00:00,1057.1349994312427,wind,2017-09-22 23:00:00,day_ahead
2017-09-23 15:00:00,1110.5082795602084,wind,2017-09-22 23:00:00,day_ahead
2017-09-23 16:00:00,1165.2214469257392,wind,2017-09-22 23:00:00,day_ahead
2017-09-23 17:00:00,1223.847055184152,wind,2017-09-22 23:00:00,day_ahead
2017-09-23 18:00:00,1282.8391180830124,wind,2017-09-22 23:00:00,day_ahead
2017-09-23 19:00:00,1332.8090789901075,wind,2017-09-22 23:00:00,day_ahead
2017-09-23 20:00:00,1365.6912910406677,wind,2017-09-22 23:00:00,day_ahead
2017-09-23 21:00:00,1380.95812764379,wind,2017-09-22 23:00:00,day_ahead
2017-09-23 22:00:00,1384.8564307273016,wind,2017-09-22 23:00:00,day_ahead
2017-09-23 23:00:00,1384.2834111557868,wind,2017-09-22 23:00:00,day_ahead
2017-09-24 00:00:00,1352.9160508660723,wind,2017-09-23 23:00:00,day_ahead
2017-09-24 01:00:00,1349.223949087067,wind,2017-09-23 23:00:00,day_ahead
2017-09-24 02:00:00,1345.209807999208,wind,2017-09-23 23:00:00,day_ahead
2017-09-24 03:00:00,1343.9944865681525,wind,2017-09-23 23:00:00,day_ahead
2017-09-24 04:00:00,1345.5181703103644,wind,2017-09-23 23:00:00,day_ahead
2017-09-24 05:00:00,1340.8715391376625,wind,2017-09-23 23:00:00,day_ahead
2017-09-24 06:00:00,1313.9227822787982,wind,2017-09-23 23:00:00,day_ahead
2017-09-24 07:00:00,1252.1496435921104,wind,2017-09-23 23:00:00,day_ahead
2017-09-24 08:00:00,1159.0680141941311,wind,2017-09-23 23:00:00,day_ahead
2017-09-24 09:00:00,1057.1142160537038,wind,2017-09-23 23:00:00,day_ahead
2017-09-24 10:00:00,976.6831334954583,wind,2017-09-23 23:00:00,day_ahead
2017-09-24 11:00:00,938.693814435247,wind,2017-09-23 23:00:00,day_ahead
2017-09-24 12:00:00,943.9195060466469,wind,2017-09-23 23:00:00,day_ahead
2017-09-24 13:00:00,976.7606874621617,wind,2017-09-23 23:00:00,day_ahead
2017-09-24 14:00:00,1019.0547086341393,wind,2017-09-23 23:00:00,day_ahead
2017-09-24 15:00:00,1061.8000744920905,wind,2017-09-23 23:00:00,day_ahead
2017-09-24 16:00:00,1105.9758171858214,wind,2017-09-23 23:00:00,day_ahead
2017-09-24 17:00:00,1154.2615088980815,wind,2017-09-23 23:00:00,day_ahead
2017-09-24 18:00:00,1203.2175020486443,wind,2017-09-23 23:00:00,day_ahead
2017-09-24 19:00:00,1243.5506587509149,wind,2017-09-23 23:00:00,day_ahead
2017-09-24 20:00:00,1267.261088265452,wind,2017-09-23 23:00:00,day_ahead
2017-09-24 21:00:00,1273.8529647205999,wind,2017-09-23 23:00:00,day_ahead
2017-09-24 22:00:00,1269.5953437870214,wind,2017-09-23 23:00:00,day_ahead
2017-09-24 23:00:00,1261.4356224482103,wind,2017-09-23 23:00:00,day_ahead
2017-09-25 00:00:00,1230.2330998872385,wind,2017-09-24 23:00:00,day_ahead
2017-09-25 01:00:00,1220.062137946214,wind,2017-09-24 23:00:00,day_ahead
2017-09-25 02:00:00,1210.4918361531888,wind,2017-09-24 23:00:00,day_ahead
2017-09-25 03:00:00,1204.7169533056983,wind,2017-09-24 23:00:00,day_ahead
2017-09-25 04:00:00,1202.5621327573642,wind,2017-09-24 23:00:00,day_ahead
2017-09-25 05:00:00,1194.9428941084163,wind,2017-09-24 23:00:00,day_ahead
2017-09-25 06:00:00,1165.6546005155546,wind,2017-09-24 23:00:00,day_ahead
2017-09-25 07:00:00,1102.2514123976453,wind,2017-09-24 23:00:00,day_ahead
2017-09-25 08:00:00,1008.3760144081812,wind,2017-09-24 23:00:00,day_ahead
2017-09-25 09:00:00,906.5045318155687,wind,2017-09-24 23:00:00,day_ahead
2017-09-25 10:00:00,826.9423671805712,wind,2017-09-24 23:00:00,day_ahead
2017-09-25 11:00:00,790.471686919331,wind,2017-09-24 23:00:00,day_ahead
2017-09-25 12:00:00,797.7913568436447,wind,2017-09-24 23:00:00,day_ahead
2017-09-25 13:00:00,833.3114788798498,wind,2017-09-24 23:00:00,day_ahead
2017-09-25 14:00:00,878.8801016219007,wind,2017-09-24 23:00:00,day_ahead
2017-09-25 15:00:00,925.4176274662924,wind,2017-09-24 23:00:00,day_ahead
2017-09-25 16:00:00,973.7446413158589,wind,2017-09-24 23:00:00,day_ahead
2017-09-25 17:00:00,1026.4078266207307,wind,2017-09-24 23:00:00,day_ahead
2017-09-25 18:00:00,1079.953406865249,wind,2017-09-24 23:00:00,day_ahead
2017-09-25 19:00:00,1125.1672034558499,wind,2017-09-24 23:00:00,day_ahead
2017-09-25 20:00:00,1154.0891466806715,wind,2017-09-24 23:00:00,day_ahead
2017-09-25 21:00:00,1166.1124459290959,wind,2017-09-24 23:00:00,day_ahead
2017-09-25 22:00:00,1167.2719480442322,wind,2017-09-24 23:00:00,day_ahead
2017-09-25 23:00:00,1164.3124196806798,wind,2017-09-24 23:00:00,day_ahead
2017-09-26 00:00:00,1162.4819856895701,wind,2017-09-25 23:00:00,day_ahead
2017-09-26 01:00:00,1157.5314536360338,wind,2017-09-25 23:00:00,day_ahead
2017-09-26 02:00:00,1152.9674468058238,wind,2017-09-25 23:00:00,day_ahead
2017-09-26 03:00:00,1151.8776375311552,wind,2017-09-25 23:00:00,day_ahead
2017-09-26 04:00:00,1154.0753040739037,wind,2017-09-25 23:00:00,day_ahead
2017-09-26 05:00:00,1150.5625392647191,wind,2017-09-25 23:00:00,day_ahead
2017-09-26 06:00:00,1125.2317393138135,wind,2017-09-25 23:00:00,day_ahead
2017-09-26 07:00:00,1065.6391527720862,wind,2017-09-25 23:00:00,day_ahead
2017-09-26 08:00:00,975.3106447772263,wind,2017-09-25 23:00:00,day_ahead
2017-09-26 09:00:00,876.5743402725203,wind,2017-09-25 23:00:00,day_ahead
2017-09-26 10:00:00,799.681822191563,wind,2017-09-25 23:00:00,day_ahead
2017-09-26 11:00:00,765.5050319758355,wind,2017-09-25 23:00:00,day_ahead
2017-09-26 12:00:00,774.9022935133901,wind,2017-09-25 23:00:00,day_ahead
2017-09-26 13:00:00,812.3802351771881,wind,2017-09-25 23:00:00,day_ahead
2017-09-26 14:00:00,859.7468754788374,wind,2017-09-25 23:00:00,day_ahead
2017-09-26 15:00:00,907.7939943598998,wind,2017-09-25 23:00:00,day_ahead
2017-09-26 16:00:00,957.2469479577916,wind,2017-09-25 23:00:00,day_ahead
2017-09-26 17:00:00,1010.6772008778228,wind,2017-09-25 23:00:00,day_ahead
2017-09-26 18:00:00,1064.7584266898048,wind,2017-09-25 23:00:00,day_ahead
2017-09-26 19:00:00,1110.4155002039931,wind,2017-09-25 23:00:00,day_ahead
2017-09-26 20:00:00,1139.7647796387662,wind,2017-09-25 23:00:00,day_ahead
2017-09-26 21:00:00,1152.2152176306222,wind,2017-09-25 23:00:00,day_ahead
2017-09-26 22:00:00,1153.8107165948845,wind,2017-09-25 23:00:00,day_ahead
2017-09-26 23:00:00,1151.3324254502295,wind,2017-09-25 23:00:00,day_ahead
2017-09-27 00:00:00,1125.9576420367723,wind,2017-09-26 23:00:00,day_ahead
2017-09-27 01:00:00,1121.799585320165,wind,2017-09-26 23:00:00,day_ahead
2017-09-27 02:00:00,1117.9884419071773,wind,2017-09-26 23:00:00,day_ahead
2017-09-27 03:00:00,1117.6632884821063,wind,2017-09-26 23:00:00,day_ahead
2017-09-27 04:00:00,1120.7479027612187,wind,2017-09-26 23:00:00,day_ahead
2017-09-27 05:00:00,1118.329928015065,wind,2017-09-26 23:00:00,day_ahead
2017-09-27 06:00:00,1094.316119262368,wind,2017-09-26 23:00:00,day_ahead
2017-09-27 07:00:00,1036.2321985357116,wind,2017-09-26 23:00:00,day_ahead
2017-09-27 08:00:00,947.5902806705118,wind,2017-09-26 23:00:00,day_ahead
2017-09-27 09:00:00,850.7519340795096,wind,2017-09-26 23:00:00,day_ahead
2017-09-27 10:00:00,776.0203345509989,wind,2017-09-26 23:00:00,day_ahead
2017-09-27 11:00:00,744.283783948821,wind,2017-09-26 23:00:00,day_ahead
2017-09-27 12:00:00,756.362047081635,wind,2017-09-26 23:00:00,day_ahead
2017-09-27 13:00:00,796.7013723918802,wind,2017-09-26 23:00:00,day_ahead
2017-09-27 14:00:00,847.0747027089159,wind,2017-09-26 23:00:00,day_ahead
2017-09-27 15:00:00,898.2714582521919,wind,2017-09-26 23:00:00,day_ahead
2017-09-27 16:00:00,951.0054914938888,wind,2017-09-26 23:00:00,day_ahead
2017-09-27 17:00:00,1007.7838315160536,wind,2017-09-26 23:00:00,day_ahead
2017-09-27 18:00:00,1065.172543696786,wind,2017-09-26 23:00:00,day_ahead
2017-09-27 19:00:00,1114.0115494384934,wind,2017-09-26 23:00:00,day_ahead
2017-09-27 20:00:00,1146.4170739994747,wind,2017-09-26 23:00:00,day_ahead
2017-09-27 21:00:00,1161.8750006489845,wind,2017-09-26 23:00:00,day_ahead
2017-09-27 22:00:00,1166.5003253105076,wind,2017-09-26 23:00:00,day_ahead
2017-09-27 23:00:00,1167.0486968387909,wind,2017-09-26 23:00:00,day_ahead
2017-09-28 00:00:00,1139.5190527879854,wind,2017-09-27 23:00:00,day_ahead
2017-09-28 01:00:00,1137.792543975375,wind,2017-09-27 23:00:00,day_ahead
2017-09-28 02:00:00,1136.1096381257498,wind,2017-09-27 23:00:00,day_ahead
2017-09-28 03:00:00,1137.5826688612526,wind,2017-09-27 23:00:00,day_ahead
2017-09-28 04:00:00,1142.1018097539502,wind,2017-09-27 23:00:00,day_ahead
2017-09-28 05:00:00,1140.7207076881682,wind,2017-09-27 23:00:00,day_ahead
2017-09-28 06:00:00,1117.3223570845096,wind,2017-09-27 23:00:00,day_ahead
2017-09-28 07:00:00,1059.4203811024963,wind,2017-09-27 23:00:00,day_ahead
2017-09-28 08:00:00,970.5160681429685,wind,2017-09-27 23:00:00,day_ahead
2017-09-28 09:00:00,872.9505208970022,wind,2017-09-27 23:00:00,day_ahead
2017-09-28 10:00:00,796.9986998658278,wind,2017-09-27 23:00:00,day_ahead
2017-09-28 11:00:00,763.528390842984,wind,2017-09-27 23:00:00,day_ahead
2017-09-28 12:00:00,773.361801366359,wind,2017-09-27 23:00:00,day_ahead
2017-09-28 13:00:00,810.9707118022849,wind,2017-09-27 23:00:00,day_ahead
2017-09-28 14:00:00,858.1609669766939,wind,2017-09-27 23:00:00,day_ahead
2017-09-28 15:00:00,905.7458731732231,wind,2017-09-27 23:00:00,day_ahead
2017-09-28 16:00:00,954.4537526279423,wind,2017-09-27 23:00:00,day_ahead
2017-09-28 17:00:00,1006.8137325442889,wind,2017-09-27 23:00:00,day_ahead
2017-09-28 18:00:00,1059.440088615393,wind,2017-09-27 23:00:00,day_ahead
2017-09-28 19:00:00,1103.2484106640939,wind,2017-09-27 23:00:00,day_ahead
2017-09-28 20:00:00,1130.439019101821,wind,2017-09-27 23:00:00,day_ahead
2017-09-28 21:00:00,1140.5665512039482,wind,2017-09-27 23:00:00,day_ahead
2017-09-28 22:00:00,1139.7910298536044,wind,2017-09-27 23:00:00,day_ahead
2017-09-28 23:00:00,1134.9024401596064,wind,2017-09-27 23:00:00,day_ahead
2017-09-29 00:00:00,1096.2569518795533,wind,2017-09-28 23:00:00,day_ahead
2017-09-29 01:00:00,1089.0861032258854,wind,2017-09-28 23:00:00,day_ahead
2017-09-29 02:00:00,1082.156883364762,wind,2017-09-28 23:00:00,day_ahead
2017-09-29 03:00:00,1078.630516742847,wind,2017-09-28 23:00:00,day_ahead
2017-09-29 04:00:00,1078.4337775264762,wind,2017-09-28 23:00:00,day_ahead
2017-09-29 05:00:00,1072.6765305273711,wind,2017-09-28 23:00:00,day_ahead
2017-09-29 06:00:00,1045.329978743548,wind,2017-09-28 23:00:00,day_ahead
2017-09-29 07:00:00,984.0074217862103,wind,2017-09-28 23:00:00,day_ahead
2017-09-29 08:00:00,892.2844139035866,wind,2017-09-28 23:00:00,day_ahead
2017-09-29 09:00:00,792.5291967930283,wind,2017-09-28 23:00:00,day_ahead
2017-09-29 10:00:00,715.0080952754945,wind,2017-09-28 23:00:00,day_ahead
2017-09-29 11:00:00,680.577778632347,wind,2017-09-28 23:00:00,day_ahead
2017-09-29 12:00:00,690.0734946449182,wind,2017-09-28 23:00:00,day_ahead
2017-09-29 13:00:00,728.0046405226277,wind,2017-09-28 23:00:00,day_ahead
2017-09-29 14:00:00,776.218871226847,wind,2017-09-28 23:00:00,day_ahead
2017-09-29 15:00:00,825.5560727937584,wind,2017-09-28 23:00:00,day_ahead
2017-09-29 16:00:00,876.7527947857277,wind,2017-09-28 23:00:00,day_ahead
2017-09-29 17:00:00,932.3366217009692,wind,2017-09-28 23:00:00,day_ahead
2017-09-29 18:00:00,988.9145906103792,wind,2017-09-28 23:00:00,day_ahead
2017-09-29 19:00:00,1037.3809616344054,wind,2017-09-28 23:00:00,day_ahead
2017-09-29 20:00:00,1069.8896831743798,wind,2017-09-28 23:00:00,day_ahead
2017-09-29 21:00:00,1085.927209442748,wind,2017-09-28 23:00:00,day_ahead
2017-09-29 22:00:00,1091.5846161876461,wind,2017-09-28 23:00:00,day_ahead
2017-09-29 23:00:00,1093.6045147284397,wind,2017-09-28 23:00:00,day_ahead
2017-09-30 00:00:00,1078.6969116608013,wind,2017-09-29 23:00:00,day_ahead
2017-09-30 01:00:00,1079.0745951277886,wind,2017-09-29 23:00:00,day_ahead
2017-09-30 02:00:00,1080.1351312374122,wind,2017-09-29 23:00:00,day_ahead
2017-09-30 03:00:00,1085.0042472704204,wind,2017-09-29 23:00:00,day_ahead
2017-09-30 04:00:00,1093.458371742273,wind,2017-09-29 23:00:00,day_ahead
2017-09-30 05:00:00,1096.4218982925966,wind,2017-09-29 23:00:00,day_ahead
2017-09-30 06:00:00,1077.7437533958846,wind,2017-09-29 23:00:00,day_ahead
2017-09-30 07:00:00,1025.0024246856065,wind,2017-09-29 23:00:00,day_ahead
2017-09-30 08:00:00,941.7613437892854,wind,2017-09-29 23:00:00,day_ahead
2017-09-30 09:00:00,850.3188626410131,wind,2017-09-29 23:00:00,day_ahead
2017-09-30 10:00:00,780.8020240202048,wind,2017-09-29 23:00:00,day_ahead
2017-09-30 11:00:00,753.9258312204812,wind,2017-09-29 23:00:00,day_ahead
2017-09-30 12:00:00,770.4542149272932,wind,2017-09-29 23:00:00,day_ahead
2017-09-30 13:00:00,814.895201902348,wind,2017-09-29 23:00:00,day_ahead
2017-09-30 14:00:00,869.0892389686336,wind,2017-09-29 23:00:00,day_ahead
2017-09-30 15:00:00,923.790140784558,wind,2017-09-29 23:00:00,day_ahead
2017-09-30 16:00:00,979.5782845772493,wind,2017-09-29 23:00:00,day_ahead
2017-09-30 17:00:00,1038.843138501249,wind,2017-09-29 23:00:00,day_ahead
2017-09-30 18:00:00,1098.1546320631742,wind,2017-09-29 23:00:00,day_ahead
2017-09-30 19:00:00,1148.4652652538477,wind,2017-09-29 23:00:00,day_ahead
2017-09-30 20:00:00,1181.9908628245676,wind,2017-09-29 23:00:00,day_ahead
2017-09-30 21:00:00,1198.1945744461254,wind,2017-09-29 23:00:00,day_ahead
2017-09-30 22:00:00,1203.0620494761022,wind,2017-09-29 23:00:00,day_ahead
2017-09-30 23:00:00,1203.243839244836,wind,2017-09-29 23:00:00,day_ahead
2017-10-01 00:00:00,1229.6686487777301,wind,2017-09-30 23:00:00,day_ahead
2017-10-01 01:00:00,1226.1323143275044,wind,2017-09-30 23:00:00,day_ahead
2017-10-01 02:00:00,1222.6447664845257,wind,2017-09-30 23:00:00,day_ahead
2017-10-01 03:00:00,1222.2180397173422,wind,2017-09-30 23:00:00,day_ahead
2017-10-01 04:00:00,1224.5203984315795,wind,2017-09-30 23:00:00,day_ahead
2017-10-01 05:00:00,1220.4967967542273,wind,2017-09-30 23:00:00,day_ahead
2017-10-01 06:00:00,1194.1357395634323,wind,2017-09-30 23:00:00,day_ahead
2017-10-01 07:00:00,1133.164656261773,wind,2017-09-30 23:00:00,day_ahead
2017-10-01 08:00:00,1041.219274151894,wind,2017-09-30 23:00:00,day_ahead
2017-10-01 09:00:00,940.6146498169289,wind,2017-09-30 23:00:00,day_ahead
2017-10-01 10:00:00,861.5292669662902,wind,2017-09-30 23:00:00,day_ahead
2017-10-01 11:00:00,824.8129111365361,wind,2017-09-30 23:00:00,day_ahead
2017-10-01 12:00:00,831.3931478997634,wind,2017-09-30 23:00:00,day_ahead
2017-10-01 13:00:00,865.8690039085247,wind,2017-09-30 23:00:00,day_ahead
2017-10-01 14:00:00,910.0657594976442,wind,2017-09-30 23:00:00,day_ahead
2017-10-01 15:00:00,954.6994911001982,wind,2017-09-30 23:00:00,day_ahead
2017-10-01 16:00:00,1000.4144125789488,wind,2017-09-30 23:00:00,day_ahead
2017-10-01 17:00:00,1049.7991609347234,wind,2017-09-30 23:00:00,day_ahead
2017-10-01 18:00:00,1099.6508373699116,wind,2017-09-30 23:00:00,day_ahead
2017-10-01 19:00:00,1141.019357678452,wind,2017-09-30 23:00:00,day_ahead
2017-10-01 20:00:00,1166.032244338611,wind,2017-09-30 23:00:00,day_ahead
2017-10-01 21:00:00,1173.990635373714,wind,2017-09-30 23:00:00,day_ahead
2017-10-01 22:00:00,1170.8335997297431,wind,2017-09-30 23:00:00,day_ahead
2017-10-01 23:00:00,1163.3780305231146,wind,2017-09-30 23:00:00,day_ahead
2017-10-02 00:00:00,1167.4624747807616,wind,2017-10-01 23:00:00,day_ahead
2017-10-02 01:00:00,1158.43615030099,wind,2017-10-01 23:00:00,day_ahead
2017-10-02 02:00:00,1149.9165851272887,wind,2017-10-01 23:00:00,day_ahead
2017-10-02 03:00:00,1145.0145256195362,wind,2017-10-01 23:00:00,day_ahead
2017-10-02 04:00:00,1143.614317723245,wind,2017-10-01 23:00:00,day_ahead
2017-10-02 05:00:00,1136.7969118447577,wind,2017-10-01 23:00:00,day_ahead
2017-10-02 06:00:00,1108.496469481894,wind,2017-10-01 23:00:00,day_ahead
2017-10-02 07:00:00,1046.273216241837,wind,2017-10-01 23:00:00,day_ahead
2017-10-02 08:00:00,953.6613396149448,wind,2017-10-01 23:00:00,day_ahead
2017-10-02 09:00:00,853.0368872797177,wind,2017-10-01 23:00:00,day_ahead
2017-10-02 10:00:00,774.7222010338252,wind,2017-10-01 23:00:00,day_ahead
2017-10-02 11:00:00,739.6228673338713,wind,2017-10-01 23:00:00,day_ahead
2017-10-02 12:00:00,748.5477682025017,wind,2017-10-01 23:00:00,day_ahead
2017-10-02 13:00:00,785.8879728626619,wind,2017-10-01 23:00:00,day_ahead
2017-10-02 14:00:00,833.3395695434248,wind,2017-10-01 23:00:00,day_ahead
2017-10-02 15:00:00,881.6461616415414,wind,2017-10-01 23:00:00,day_ahead
2017-10-02 16:00:00,931.544249490134,wind,2017-10-01 23:00:00,day_ahead
2017-10-02 17:00:00,985.6134165138584,wind,2017-10-01 23:00:00,day_ahead
2017-10-02 18:00:00,1040.4749019738047,wind,2017-10-01 23:00:00,day_ahead
2017-10-02 19:00:00,1086.9459683746536,wind,2017-10-01 23:00:00,day_ahead
2017-10-02 20:00:00,1117.045107833772,wind,2017-10-01 23:00:00,day_ahead
2017-10-02 21:00:00,1130.1557922064462,wind,2017-10-01 23:00:00,day_ahead
2017-10-02 22:00:00,1132.3688286087022,wind,2017-10-01 23:00:00,day_ahead
2017-10-02 23:00:00,1130.5214266828607,wind,2017-10-01 23:00:00,day_ahead
2017-10-03 00:00:00,1109.0633315956843,wind,2017-10-02 23:00:00,day_ahead
2017-10-03 01:00:00,1105.4019123759394,wind,2017-10-02 23:00:00,day_ahead
2017-10-03 02:00:00,1102.021717772444,wind,2017-10-02 23:00:00,day_ahead
2017-10-03 03:00:00,1101.9967307012034,wind,2017-10-02 23:00:00,day_ahead
2017-10-03 04:00:00,1105.2131081198186,wind,2017-10-02 23:00:00,day_ahead
2017-10-03 05:00:00,1102.7541269290346,wind,2017-10-02 23:00:00,day_ahead
2017-10-03 06:00:00,1078.5331319025904,wind,2017-10-02 23:00:00,day_ahead
2017-10-03 07:00:00,1020.0759628101275,wind,2017-10-02 23:00:00,day_ahead
2017-10-03 08:00:00,930.8955279137825,wind,2017-10-02 23:00:00,day_ahead
2017-10-03 09:00:00,833.3722650450184,wind,2017-10-02 23:00:00,day_ahead
2017-10-03 10:00:00,757.844271010014,wind,2017-10-02 23:00:00,day_ahead
2017-10-03 11:00:00,725.2211747200064,wind,2017-10-02 23:00:00,day_ahead
2017-10-03 12:00:00,736.3004570809917,wind,2017-10-02 23:00:00,day_ahead
2017-10-03 13:00:00,775.4686027065194,wind,2017-10-02 23:00:00,day_ahead
2017-10-03 14:00:00,824.4487392538923,wind,2017-10-02 23:00:00,day_ahead
2017-10-03 15:00:00,874.0410239118482,wind,2017-10-02 23:00:00,day_ahead
2017-10-03 16:00:00,925.0357974723756,wind,2017-10-02 23:00:00,day_ahead
2017-10-03 17:00:00,980.030971288399,wind,2017-10-02 23:00:00,day_ahead
2017-10-03 18:00:00,1035.631690369678,wind,2017-10-02 23:00:00,day_ahead
2017-10-03 19:00:00,1082.6436294717978,wind,2017-10-02 23:00:00,day_ahead
2017-10-03 20:00:00,1113.121300671681,wind,2017-10-02 23:00:00,day_ahead
2017-10-03 21:00:00,1126.537946721553,wind,2017-10-02 23:00:00,day_ahead
2017-10-03 22:00:00,1129.0878358473688,wind,2017-10-02 23:00:00,day_ahead
2017-10-03 23:00:00,1127.6720324288249,wind,2017-10-02 23:00:00,day_ahead
2017-10-04 00:00:00,1097.5098458105444,wind,2017-10-03 23:00:00,day_ahead
2017-10-04 01:00:00,1094.2520230043413,wind,2017-10-03 23:00:00,day_ahead
2017-10-04 02:00:00,1091.4663824736172,wind,2017-10-03 23:00:00,day_ahead
2017-10-04 03:00:00,1092.2133234202483,wind,2017-10-03 23:00:00,day_ahead
2017-10-04 04:00:00,1096.3537738229013,wind,2017-10-03 23:00:00,day_ahead
2017-10-04 05:00:00,1094.9798729788295,wind,2017-10-03 23:00:00,day_ahead
2017-10-04 06:00:00,1072.0535507157347,wind,2017-10-03 23:00:00,day_ahead
2017-10-04 07:00:00,1015.152762354253,wind,2017-10-03 23:00:00,day_ahead
2017-10-04 08:00:00,927.8067912067077,wind,2017-10-03 23:00:00,day_ahead
2017-10-04 09:00:00,832.3734404855942,wind,2017-10-03 23:00:00,day_ahead
2017-10-04 10:00:00,759.1622649151234,wind,2017-10-03 23:00:00,day_ahead
2017-10-04 11:00:00,729.080614625332,wind,2017-10-03 23:00:00,day_ahead
2017-10-04 12:00:00,742.945539417943,wind,2017-10-03 23:00:00,day_ahead
2017-10-04 13:00:00,785.1471585657328,wind,2017-10-03 23:00:00,day_ahead
2017-10-04 14:00:00,837.3643879598383,wind,2017-10-03 23:00:00,day_ahead
2017-10-04 15:00:00,890.31438210879,wind,2017-10-03 23:00:00,day_ahead
2017-10-04 16:00:00,944.7100017650113,wind,2017-10-03 23:00:00,day_ahead
2017-10-04 17:00:00,1003.1146654012105,wind,2017-10-03 23:00:00,day_ahead
2017-10-04 18:00:00,1062.1358824919814,wind,2017-10-03 23:00:00,day_ahead
2017-10-04 19:00:00,1112.5748420575844,wind,2017-10-03 23:00:00,day_ahead
2017-10-04 20:00:00,1146.4372850015511,wind,2017-10-03 23:00:00,day_ahead
2017-10-04 21:00:00,1163.110779782477,wind,2017-10-03 23:00:00,day_ahead
2017-10-04 22:00:00,1168.7137129754028,wind,2017-10-03 23:00:00,day_ahead
2017-10-04 23:00:00,1170.1219947355291,wind,2017-10-03 23:00:00,day_ahead
2017-10-05 00:00:00,1154.3501257865655,wind,2017-10-04 23:00:00,day_ahead
2017-10-05 01:00:00,1153.7151216480142,wind,2017-10-04 23:00:00,day_ahead
2017-10-05 02:00:00,1153.1526240789956,wind,2017-10-04 23:00:00,day_ahead
2017-10-05 03:00:00,1155.7492915103035,wind,2017-10-04 23:00:00,day_ahead
2017-10-05 04:00:00,1161.424478524548,wind,2017-10-04 23:00:00,day_ahead
2017-10-05 05:00:00,1161.282130107075,wind,2017-10-04 23:00:00,day_ahead
2017-10-05 06:00:00,1139.217711085718,wind,2017-10-04 23:00:00,day_ahead
2017-10-05 07:00:00,1082.704705349283,wind,2017-10-04 23:00:00,day_ahead
2017-10-05 08:00:00,995.2009918096275,wind,2017-10-04 23:00:00,day_ahead
2017-10-05 09:00:00,899.0626408035707,wind,2017-10-04 23:00:00,day_ahead
2017-10-05 10:00:00,824.6419215897273,wind,2017-10-04 23:00:00,day_ahead
2017-10-05 11:00:00,792.8791294004079,wind,2017-10-04 23:00:00,day_ahead
2017-10-05 12:00:00,804.5874536136429,wind,2017-10-04 23:00:00,day_ahead
2017-10-05 13:00:00,844.139157600258,wind,2017-10-04 23:00:00,day_ahead
2017-10-05 14:00:00,893.2234340551668,wind,2017-10-04 23:00:00,day_ahead
2017-10-05 15:00:00,942.6088899926045,wind,2017-10-04 23:00:00,day_ahead
2017-10-05 16:00:00,993.0708178921649,wind,2017-10-04 23:00:00,day_ahead
2017-10-05 17:00:00,1047.2073028579287,wind,2017-10-04 23:00:00,day_ahead
2017-10-05 18:00:00,1101.631235531675,wind,2017-10-04 23:00:00,day_ahead
2017-10-05 19:00:00,1147.161964476282,wind,2017-10-04 23:00:00,day_ahead
2017-10-05 20:00:00,1175.8789043070742,wind,2017-10-04 23:00:00,day_ahead
2017-10-05 21:00:00,1187.2928223065212,wind,2017-10-04 23:00:00,day_ahead
2017-10-05 22:00:00,1187.637041329287,wind,2017-10-04 23:00:00,day_ahead
2017-10-05 23:00:00,1183.835874786427,wind,2017-10-04 23:00:00,day_ahead
2017-10-06 00:00:00,1143.1309628409424,wind,2017-10-05 23:00:00,day_ahead
2017-10-06 01:00:00,1137.2309349201582,wind,2017-10-05 23:00:00,day_ahead
2017-10-06 02:00:00,1131.6065092332149,wind,2017-10-05 23:00:00,day_ahead
2017-10-06 03:00:00,1129.4143954764236,wind,2017-10-05 23:00:00,day_ahead
2017-10-06 04:00:00,1130.6222339016376,wind,2017-10-05 23:00:00,day_ahead
2017-10-06 05:00:00,1126.374072945755,wind,2017-10-05 23:00:00,day_ahead
2017-10-06 06:00:00,1100.612292173906,wind,2017-10-05 23:00:00,day_ahead
2017-10-06 07:00:00,1040.8682362589034,wind,2017-10-05 23:00:00,day_ahead
2017-10-06 08:00:00,950.6600652984629,wind,2017-10-05 23:00:00,day_ahead
2017-10-06 09:00:00,852.3946128980809,wind,2017-10-05 23:00:00,day_ahead
2017-10-06 10:00:00,776.4609933028819,wind,2017-10-05 23:00:00,day_ahead
2017-10-06 11:00:00,743.8281613328511,wind,2017-10-05 23:00:00,day_ahead
2017-10-06 12:00:00,755.3384747035365,wind,2017-10-05 23:00:00,day_ahead
2017-10-06 13:00:00,795.3964228459167,wind,2017-10-05 23:00:00,day_ahead
2017-10-06 14:00:00,845.7206738390544,wind,2017-10-05 23:00:00,day_ahead
2017-10-06 15:00:00,897.0983033617964,wind,2017-10-05 23:00:00,day_ahead
2017-10-06 16:00:00,950.3085197352511,wind,2017-10-05 23:00:00,day_ahead
2017-10-06 17:00:00,1007.9409943796079,wind,2017-10-05 23:00:00,day_ahead
2017-10-06 18:00:00,1066.5906480999479,wind,2017-10-05 23:00:00,day_ahead
2017-10-06 19:00:00,1117.0479024263639,wind,2017-10-05 23:00:00,day_ahead
2017-10-06 20:00:00,1151.3485590651765,wind,2017-10-05 23:00:00,day_ahead
2017-10-06 21:00:00,1168.9458926284988,wind,2017-10-05 23:00:00,day_ahead
2017-10-06 22:00:00,1176.0111239651715,wind,2017-10-05 23:00:00,day_ahead
2017-10-06 23:00:00,1179.414642027717,wind,2017-10-05 23:00:00,day_ahead
2017-10-07 00:00:00,1174.42809780315,wind,2017-10-06 23:00:00,day_ahead
2017-10-07 01:00:00,1176.1469261667444,wind,2017-10-06 23:00:00,day_ahead
2017-10-07 02:00:00,1178.7431793360454,wind,2017-10-06 23:00:00,day_ahead
2017-10-07 03:00:00,1185.2587229479836,wind,2017-10-06 23:00:00,day_ahead
2017-10-07 04:00:00,1195.3833508522994,wind,2017-10-06 23:00:00,day_ahead
2017-10-07 05:00:00,1200.003674583676,wind,2017-10-06 23:00:00,day_ahead
2017-10-07 06:00:00,1182.9590070682145,wind,2017-10-06 23:00:00,day_ahead
2017-10-07 07:00:00,1131.8072675205237,wind,2017-10-06 23:00:00,day_ahead
2017-10-07 08:00:00,1050.0853648473658,wind,2017-10-06 23:00:00,day_ahead
2017-10-07 09:00:00,960.1060346083125,wind,2017-10-06 23:00:00,day_ahead
2017-10-07 10:00:00,892.0767555543914,wind,2017-10-06 23:00:00,day_ahead
2017-10-07 11:00:00,866.8130109781594,wind,2017-10-06 23:00:00,day_ahead
2017-10-07 12:00:00,885.1111393561176,wind,2017-10-06 23:00:00,day_ahead
2017-10-07 13:00:00,931.4007596569886,wind,2017-10-06 23:00:00,day_ahead
2017-10-07 14:00:00,987.3922133389968,wind,2017-10-06 23:00:00,day_ahead
2017-10-07 15:00:00,1043.776398025344,wind,2017-10-06 23:00:00,day_ahead
2017-10-07 16:00:00,1101.2051524770686,wind,2017-10-06 23:00:00,day_ahead
2017-10-07 17:00:00,1162.2136546761276,wind,2017-10-06 23:00:00,day_ahead
2017-10-07 18:00:00,1223.444830154594,wind,2017-10-06 23:00:00,day_ahead
2017-10-07 19:00:00,1275.7468073748655,wind,2017-10-06 23:00:00,day_ahead
2017-10-07 20:00:00,1311.0934670776028,wind,2017-10-06 23:00:00,day_ahead
2017-10-07 21:00:00,1328.7310419308633,wind,2017-10-06 23:00:00,day_ahead
2017-10-07 22:00:00,1334.6080666246573,wind,2017-10-06 23:00:00,day_ahead
2017-10-07 23:00:00,1335.5397931727096,wind,2017-10-06 23:00:00,day_ahead
2017-10-08 00:00:00,1344.8349446495156,wind,2017-10-07 23:00:00,day_ahead
2017-10-08 01:00:00,1342.8201523220282,wind,2017-10-07 23:00:00,day_ahead
2017-10-08 02:00:00,1340.5292358892473,wind,2017-10-07 23:00:00,day_ahead
2017-10-08 03:00:00,1341.153104143816,wind,2017-10-07 23:00:00,day_ahead
2017-10-08 04:00:00,1344.654247241565,wind,2017-10-07 23:00:00,day_ahead
2017-10-08 05:00:00,1342.092583032057,wind,2017-10-07 23:00:00,day_ahead
2017-10-08 06:00:00,1317.2724426663096,wind,2017-10-07 23:00:00,day_ahead
2017-10-08 07:00:00,1257.608083546303,wind,2017-10-07 23:00:00,day_ahead
2017-10-08 08:00:00,1166.584599094031,wind,2017-10-07 23:00:00,day_ahead
2017-10-08 09:00:00,1066.659160995165,wind,2017-10-07 23:00:00,day_ahead
2017-10-08 10:00:00,988.2964994966034,wind,2017-10-07 23:00:00,day_ahead
2017-10-08 11:00:00,952.5080514381272,wind,2017-10-07 23:00:00,day_ahead
2017-10-08 12:00:00,960.1396965950125,wind,2017-10-07 23:00:00,day_ahead
2017-10-08 13:00:00,995.6058430704328,wind,2017-10-07 23:00:00,day_ahead
2017-10-08 14:00:00,1040.6860956658609,wind,2017-10-07 23:00:00,day_ahead
2017-10-08 15:00:00,1086.2736330511157,wind,2017-10-07 23:00:00,day_ahead
2017-10-08 16:00:00,1133.244227007044,wind,2017-10-07 23:00:00,day_ahead
2017-10-08 17:00:00,1184.2216249817052,wind,2017-10-07 23:00:00,day_ahead
2017-10-08 18:00:00,1235.7703817251434,wind,2017-10-07 23:00:00,day_ahead
2017-10-08 19:00:00,1278.6353188162184,wind,2017-10-07 23:00:00,day_ahead
2017-10-08 20:00:00,1304.844718705802,wind,2017-10-07 23:00:00,day_ahead
2017-10-08 21:00:00,1313.8935662493202,wind,2017-10-07 23:00:00,day_ahead
2017-10-08 22:00:00,1312.0124764948755,wind,2017-10-07 23:00:00,day_ahead
2017-10-08 23:00:00,1306.116822115191,wind,2017-10-07 23:00:00,day_ahead
2017-10-09 00:00:00,1260.8711878627153,wind,2017-10-08 23:00:00,day_ahead
2017-10-09 01:00:00,1253.38249322445,wind,2017-10-08 23:00:00,day_ahead
2017-10-09 02:00:00,1246.2654093749559,wind,2017-10-08 23:00:00,day_ahead
2017-10-09 03:00:00,1242.7286235226547,wind,2017-10-08 23:00:00,day_ahead
2017-10-09 04:00:00,1242.8022800066285,wind,2017-10-08 23:00:00,day_ahead
2017-10-09 05:00:00,1237.6150785911345,wind,2017-10-08 23:00:00,day_ahead
2017-10-09 06:00:00,1210.988014613487,wind,2017-10-08 23:00:00,day_ahead
2017-10-09 07:00:00,1150.2892517303355,wind,2017-10-08 23:00:00,day_ahead
2017-10-09 08:00:00,1058.9338619576947,wind,2017-10-08 23:00:00,day_ahead
2017-10-09 09:00:00,959.334938237989,wind,2017-10-08 23:00:00,day_ahead
2017-10-09 10:00:00,881.9540066649349,wind,2017-10-08 23:00:00,day_ahead
2017-10-09 11:00:00,847.8100078753206,wind,2017-10-08 23:00:00,day_ahead
2017-10-09 12:00:00,857.7247113935961,wind,2017-10-08 23:00:00,day_ahead
2017-10-09 13:00:00,896.0440481724156,wind,2017-10-08 23:00:00,day_ahead
2017-10-09 14:00:00,944.4612946275403,wind,2017-10-08 23:00:00,day_ahead
2017-10-09 15:00:00,993.8017995383358,wind,2017-10-08 23:00:00,day_ahead
2017-10-09 16:00:00,1044.9016549818623,wind,2017-10-08 23:00:00,day_ahead
2017-10-09 17:00:00,1100.3498625633993,wind,2017-10-08 23:00:00,day_ahead
2017-10-09 18:00:00,1156.6540153029991,wind,2017-10-08 23:00:00,day_ahead
2017-10-09 19:00:00,1204.4807579856724,wind,2017-10-08 23:00:00,day_ahead
2017-10-09 20:00:00,1235.7884433512859,wind,2017-10-08 23:00:00,day_ahead
2017-10-09 21:00:00,1250.035615867707,wind,2017-10-08 23:00:00,day_ahead
2017-10-09 22:00:00,1253.439665566306,wind,2017-10-08 23:00:00,day_ahead
2017-10-09 23:00:00,1252.8850142036545,wind,2017-10-08 23:00:00,day_ahead
2017-10-10 00:00:00,1214.513842917554,wind,2017-10-09 23:00:00,day_ahead
2017-10-10 01:00:00,1212.081564906173,wind,2017-10-09 23:00:00,day_ahead
2017-10-10 02:00:00,1209.8757721818415,wind,2017-10-09 23:00:00,day_ahead
2017-10-10 03:00:00,1211.055612721016,wind,2017-10-09 23:00:00,day_ahead
2017-10-10 04:00:00,1215.610093974978,wind,2017-10-09 23:00:00,day_ahead
2017-10-10 05:00:00,1214.644860591535,wind,2017-10-09 23:00:00,day_ahead
2017-10-10 06:00:00,1191.9722420197204,wind,2017-10-09 23:00:00,day_ahead
2017-10-10 07:00:00,1134.9524104360974,wind,2017-10-09 23:00:00,day_ahead
2017-10-10 08:00:00,1046.9821600357582,wind,2017-10-09 23:00:00,day_ahead
2017-10-10 09:00:00,950.4479716308765,wind,2017-10-09 23:00:00,day_ahead
2017-10-10 10:00:00,875.7894830191054,wind,2017-10-09 23:00:00,day_ahead
2017-10-10 11:00:00,844.0210141497098,wind,2017-10-09 23:00:00,day_ahead
2017-10-10 12:00:00,855.9787706831011,wind,2017-10-09 23:00:00,day_ahead
2017-10-10 13:00:00,896.0335387708742,wind,2017-10-09 23:00:00,day_ahead
2017-10-10 14:00:00,945.9042257823367,wind,2017-10-09 23:00:00,day_ahead
2017-10-10 15:00:00,996.4404253023018,wind,2017-10-09 23:00:00,day_ahead
2017-10-10 16:00:00,1048.5057766104446,wind,2017-10-09 23:00:00,day_ahead
2017-10-10 17:00:00,1104.7236519532842,wind,2017-10-09 23:00:00,day_ahead
2017-10-10 18:00:00,1161.6391534777588,wind,2017-10-09 23:00:00,day_ahead
2017-10-10 19:00:00,1209.9515703575128,wind,2017-10-09 23:00:00,day_ahead
2017-10-10 20:00:00,1241.643656532302,wind,2017-10-09 23:00:00,day_ahead
2017-10-10 21:00:00,1256.1965701109748,wind,2017-10-09 23:00:00,day_ahead
2017-10-10 22:00:00,1259.8598575911278,wind,2017-10-09 23:00:00,day_ahead
2017-10-10 23:00:00,1259.5647308240466,wind,2017-10-09 23:00:00,day_ahead
2017-10-11 00:00:00,1215.1929492107422,wind,2017-10-10 23:00:00,day_ahead
2017-10-11 01:00:00,1213.2212176010612,wind,2017-10-10 23:00:00,day_ahead
2017-10-11 02:00:00,1211.5479106914158,wind,2017-10-10 23:00:00,day_ahead
2017-10-11 03:00:00,1213.375649286041,wind,2017-10-10 23:00:00,day_ahead
2017-10-11 04:00:00,1218.7465623506719,wind,2017-10-10 23:00:00,day_ahead
2017-10-11 05:00:00,1218.806121220647,wind,2017-10-10 23:00:00,day_ahead
2017-10-11 06:00:00,1197.3843784926978,wind,2017-10-10 23:00:00,day_ahead
2017-10-11 07:00:00,1141.8452073452868,wind,2017-10-10 23:00:00,day_ahead
2017-10-11 08:00:00,1055.5862261904363,wind,2017-10-10 23:00:00,day_ahead
2017-10-11 09:00:00,960.9923316153368,wind,2017-10-10 23:00:00,day_ahead
2017-10-11 10:00:00,888.4902587668348,wind,2017-10-10 23:00:00,day_ahead
2017-10-11 11:00:00,859.0657979320986,wind,2017-10-10 23:00:00,day_ahead
2017-10-11 12:00:00,873.521261451518,wind,2017-10-10 23:00:00,day_ahead
2017-10-11 13:00:00,916.2061653724652,wind,2017-10-10 23:00:00,day_ahead
2017-10-11 14:00:00,968.8382440512332,wind,2017-10-10 23:00:00,day_ahead
2017-10-11 15:00:00,1022.2722886858528,wind,2017-10-10 23:00:00,day_ahead
2017-10-11 16:00:00,1077.3584201498325,wind,2017-10-10 23:00:00,day_ahead
2017-10-11 17:00:00,1136.6743239052867,wind,2017-10-10 23:00:00,day_ahead
2017-10-11 18:00:00,1196.6997737334164,wind,2017-10-10 23:00:00,day_ahead
2017-10-11 19:00:00,1248.0782201698662,wind,2017-10-10 23:00:00,day_ahead
2017-10-11 20:00:00,1282.7659762799958,wind,2017-10-10 23:00:00,day_ahead
2017-10-11 21:00:00,1300.239261021301,wind,2017-10-10 23:00:00,day_ahead
2017-10-11 22:00:00,1306.7349429327178,wind,2017-10-10 23:00:00,day_ahead
2017-10-11 23:00:00,1309.1393560389502,wind,2017-10-10 23:00:00,day_ahead
2017-10-12 00:00:00,1278.0420941936447,wind,2017-10-11 23:00:00,day_ahead
2017-10-12 01:00:00,1278.1166689570973,wind,2017-10-11 23:00:00,day_ahead
2017-10-12 02:00:00,1278.2566164193943,wind,2017-10-11 23:00:00,day_ahead
2017-10-12 03:00:00,1281.635109107671,wind,2017-10-11 23:00:00,day_ahead
2017-10-12 04:00:00,1288.221054629876,wind,2017-10-11 23:00:00,day_ahead
2017-10-12 05:00:00,1289.085969907772,wind,2017-10-11 23:00:00,day_ahead
2017-10-12 06:00:00,1268.0253944705669,wind,2017-10-11 23:00:00,day_ahead
2017-10-12 07:00:00,1212.4103557853691,wind,2017-10-11 23:00:00,day_ahead
2017-10-12 08:00:00,1125.6548727660681,wind,2017-10-11 23:00:00,day_ahead
2017-10-12 09:00:00,1030.137613683412,wind,2017-10-11 23:00:00,day_ahead
2017-10-12 10:00:00,956.2556625141099,wind,2017-10-11 23:00:00,day_ahead
2017-10-12 11:00:00,924.9686433391364,wind,2017-10-11 23:00:00,day_ahead
2017-10-12 12:00:00,937.0799918072844,wind,2017-10-11 23:00:00,day_ahead
2017-10-12 13:00:00,976.9639207746105,wind,2017-10-11 23:00:00,day_ahead
2017-10-12 14:00:00,1026.3625974220702,wind,2017-10-11 23:00:00,day_ahead
2017-10-12 15:00:00,1076.1411344847866,wind,2017-10-11 23:00:00,day_ahead
2017-10-12 16:00:00,1127.1612087327494,wind,2017-10-11 23:00:00,day_ahead
2017-10-12 17:00:00,1182.043640257528,wind,2017-10-11 23:00:00,day_ahead
2017-10-12 18:00:00,1237.3537647614523,wind,2017-10-11 23:00:00,day_ahead
2017-10-12 19:00:00,1283.8359010507102,wind,2017-10-11 23:00:00,day_ahead
2017-10-12 20:00:00,1313.5172708111368,wind,2017-10-11 23:00:00,day_ahead
2017-10-12 21:00:00,1325.8935992977363,wind,2017-10-11 23:00:00,day_ahead
2017-10-12 22:00:00,1327.1958558452684,wind,2017-10-11 23:00:00,day_ahead
2017-10-12 23:00:00,1324.332593777531,wind,2017-10-11 23:00:00,day_ahead
2017-10-13 00:00:00,1284.9006204863338,wind,2017-10-12 23:00:00,day_ahead
2017-10-13 01:00:00,1280.0872473497473,wind,2017-10-12 23:00:00,day_ahead
2017-10-13 02:00:00,1275.4283264664718,wind,2017-10-12 23:00:00,day_ahead
2017-10-13 03:00:00,1274.1859424103095,wind,2017-10-12 23:00:00,day_ahead
2017-10-13 04:00:00,1276.469907925552,wind,2017-10-12 23:00:00,day_ahead
2017-10-13 05:00:00,1273.4728198282182,wind,2017-10-12 23:00:00,day_ahead
2017-10-13 06:00:00,1249.0442318308815,wind,2017-10-12 23:00:00,day_ahead
2017-10-13 07:00:00,1190.55684635376,wind,2017-10-12 23:00:00,day_ahead
2017-10-13 08:00:00,1101.4283752609344,wind,2017-10-12 23:00:00,day_ahead
2017-10-13 09:00:00,1004.0809713769165,wind,2017-10-12 23:00:00,day_ahead
2017-10-13 10:00:00,928.9824177274629,wind,2017-10-12 23:00:00,day_ahead
2017-10-13 11:00:00,897.1465993858511,wind,2017-10-12 23:00:00,day_ahead
2017-10-13 12:00:00,909.3886340258105,wind,2017-10-12 23:00:00,day_ahead
2017-10-13 13:00:00,950.0694541244814,wind,2017-10-12 23:00:00,day_ahead
2017-10-13 14:00:00,1000.9321051344232,wind,2017-10-12 23:00:00,day_ahead
2017-10-13 15:00:00,1052.8719373568847,wind,2017-10-12 23:00:00,day_ahead
2017-10-13 16:00:00,1106.7824228474105,wind,2017-10-12 23:00:00,day_ahead
2017-10-13 17:00:00,1165.275810042312,wind,2017-10-12 23:00:00,day_ahead
2017-10-13 18:00:00,1224.8597748145662,wind,2017-10-12 23:00:00,day_ahead
2017-10-13 19:00:00,1276.21133454361,wind,2017-10-12 23:00:00,day_ahead
2017-10-13 20:00:00,1311.3317753424026,wind,2017-10-12 23:00:00,day_ahead
2017-10-13 21:00:00,1329.7408629366864,wind,2017-10-12 23:00:00,day_ahead
2017-10-13 22:00:00,1337.6934997803664,wind,2017-10-12 23:00:00,day_ahead
2017-10-13 23:00:00,1342.0550191025043,wind,2017-10-12 23:00:00,day_ahead
2017-10-14 00:00:00,1302.2357773421445,wind,2017-10-13 23:00:00,day_ahead
2017-10-14 01:00:00,1305.2950981941103,wind,2017-10-13 23:00:00,day_ahead
2017-10-14 02:00:00,1308.76150663598,wind,2017-10-13 23:00:00,day_ahead
2017-10-14 03:00:00,1315.8315377003596,wind,2017-10-13 23:00:00,day_ahead
2017-10-14 04:00:00,1326.5308824959882,wind,2017-10-13 23:00:00,day_ahead
2017-10-14 05:00:00,1331.958703295364,wind,2017-10-13 23:00:00,day_ahead
2017-10-14 06:00:00,1315.8782071181047,wind,2017-10-13 23:00:00,day_ahead
2017-10-14 07:00:00,1265.5879640216024,wind,2017-10-13 23:00:00,day_ahead
2017-10-14 08:00:00,1184.4319626146978,wind,2017-10-13 23:00:00,day_ahead
2017-10-14 09:00:00,1094.743679283039,wind,2017-10-13 23:00:00,day_ahead
2017-10-14 10:00:00,1026.8868672567016,wind,2017-10-13 23:00:00,day_ahead
2017-10-14 11:00:00,1001.7744387114476,wind,2017-10-13 23:00:00,day_ahead
2017-10-14 12:00:00,1020.1448291663623,wind,2017-10-13 23:00:00,day_ahead
2017-10-14 13:00:00,1066.310200466707,wind,2017-10-13 23:00:00,day_ahead
2017-10-14 14:00:00,1121.9746860389885,wind,2017-10-13 23:00:00,day_ahead
2017-10-14 15:00:00,1177.9822909268098,wind,2017-10-13 23:00:00,day_ahead
2017-10-14 16:00:00,1235.1586915560717,wind,2017-10-13 23:00:00,day_ahead
2017-10-14 17:00:00,1296.0515427698158,wind,2017-10-13 23:00:00,day_ahead
2017-10-14 18:00:00,1357.1327393543127,wind,2017-10-13 23:00:00,day_ahead
2017-10-14 19:00:00,1409.0796611847543,wind,2017-10-13 23:00:00,day_ahead
2017-10-14 20:00:00,1443.9116839675032,wind,2017-10-13 23:00:00,day_ahead
2017-10-14 21:00:00,1461.1568803742578,wind,2017-10-13 23:00:00,day_ahead
2017-10-14 22:00:00,1467.05706308989,wind,2017-10-13 23:00:00,day_ahead
2017-10-14 23:00:00,1468.4570995822091,wind,2017-10-13 23:00:00,day_ahead
2017-10-15 00:00:00,1447.2045266172538,wind,2017-10-14 23:00:00,day_ahead
2017-10-15 01:00:00,1445.0264953557187,wind,2017-10-14 23:00:00,day_ahead
2017-10-15 02:00:00,1442.648836795537,wind,2017-10-14 23:00:00,day_ahead
2017-10-15 03:00:00,1443.2983251465362,wind,2017-10-14 23:00:00,day_ahead
2017-10-15 04:00:00,1446.9152911065519,wind,2017-10-14 23:00:00,day_ahead
2017-10-15 05:00:00,1444.5186521051376,wind,2017-10-14 23:00:00,day_ahead
2017-10-15 06:00:00,1419.8957463979661,wind,2017-10-14 23:00:00,day_ahead
2017-10-15 07:00:00,1360.4716310035467,wind,2017-10-14 23:00:00,day_ahead
2017-10-15 08:00:00,1269.73429407979,wind,2017-10-14 23:00:00,day_ahead
2017-10-15 09:00:00,1170.1012861207168,wind,2017-10-14 23:00:00,day_ahead
2017-10-15 10:00:00,1091.9612402500459,wind,2017-10-14 23:00:00,day_ahead
2017-10-15 11:00:00,1056.2581512238855,wind,2017-10-14 23:00:00,day_ahead
2017-10-15 12:00:00,1063.8223254078684,wind,2017-10-14 23:00:00,day_ahead
2017-10-15 13:00:00,1099.1064107334141,wind,2017-10-14 23:00:00,day_ahead
2017-10-15 14:00:00,1143.9438484216241,wind,2017-10-14 23:00:00,day_ahead
2017-10-15 15:00:00,1189.2580909310534,wind,2017-10-14 23:00:00,day_ahead
2017-10-15 16:00:00,1235.9283485586268,wind,2017-10-14 23:00:00,day_ahead
2017-10-15 17:00:00,1286.5848573082487,wind,2017-10-14 23:00:00,day_ahead
2017-10-15 18:00:00,1337.8264726605435,wind,2017-10-14 23:00:00,day_ahead
2017-10-15 19:00:00,1380.446949086365,wind,2017-10-14 23:00:00,day_ahead
2017-10-15 20:00:00,1406.4956077854345,wind,2017-10-14 23:00:00,day_ahead
2017-10-15 21:00:00,1415.4321776570848,wind,2017-10-14 23:00:00,day_ahead
2017-10-15 22:00:00,1413.4161792109599,wind,2017-10-14 23:00:00,day_ahead
2017-10-15 23:00:00,1407.3141478912075,wind,2017-10-14 23:00:00,day_ahead
2017-10-16 00:00:00,1450.8660710128945,wind,2017-10-15 23:00:00,day_ahead
2017-10-16 01:00:00,1442.2266875991618,wind,2017-10-15 23:00:00,day_ahead
2017-10-16 02:00:00,1434.3412658994134,wind,2017-10-15 23:00:00,day_ahead
2017-10-16 03:00:00,1430.4110641979748,wind,2017-10-15 23:00:00,day_ahead
2017-10-16 04:00:00,1430.2857104844497,wind,2017-10-15 23:00:00,day_ahead
2017-10-16 05:00:00,1424.9148474554972,wind,2017-10-15 23:00:00,day_ahead
2017-10-16 06:00:00,1398.073387660296,wind,2017-10-15 23:00:00,day_ahead
2017-10-16 07:00:00,1337.2024798895188,wind,2017-10-15 23:00:00,day_ahead
2017-10-16 08:00:00,1245.7903398760427,wind,2017-10-15 23:00:00,day_ahead
2017-10-16 09:00:00,1146.2279002199307,wind,2017-10-15 23:00:00,day_ahead
2017-10-16 10:00:00,1068.8724749348312,wind,2017-10-15 23:00:00,day_ahead
2017-10-16 11:00:00,1034.6453838297448,wind,2017-10-15 23:00:00,day_ahead
2017-10-16 12:00:00,1044.3386673788993,wind,2017-10-15 23:00:00,day_ahead
2017-10-16 13:00:00,1082.3126591030618,wind,2017-10-15 23:00:00,day_ahead
2017-10-16 14:00:00,1130.255339802013,wind,2017-10-15 23:00:00,day_ahead
2017-10-16 15:00:00,1178.9538069806702,wind,2017-10-15 23:00:00,day_ahead
2017-10-16 16:00:00,1229.2389593498249,wind,2017-10-15 23:00:00,day_ahead
2017-10-16 17:00:00,1283.7995811625954,wind,2017-10-15 23:00:00,day_ahead
2017-10-16 18:00:00,1339.3253183896045,wind,2017-10-15 23:00:00,day_ahead
2017-10-16 19:00:00,1386.617032399723,wind,2017-10-15 23:00:00,day_ahead
2017-10-16 20:00:00,1417.589130045368,wind,2017-10-15 23:00:00,day_ahead
2017-10-16 21:00:00,1431.4808467122377,wind,2017-10-15 23:00:00,day_ahead
2017-10-16 22:00:00,1434.2763764192591,wind,2017-10-15 23:00:00,day_ahead
2017-10-16 23:00:00,1432.8106881337342,wind,2017-10-15 23:00:00,day_ahead
2017-10-17 00:00:00,1419.1838157684458,wind,2017-10-16 23:00:00,day_ahead
2017-10-17 01:00:00,1415.7871746738992,wind,2017-10-16 23:00:00,day_ahead
2017-10-17 02:00:00,1412.7196394562238,wind,2017-10-16 23:00:00,day_ahead
2017-10-17 03:00:00,1413.2967239984177,wind,2017-10-16 23:00:00,day_ahead
2017-10-17 04:00:00,1417.5507241991895,wind,2017-10-16 23:00:00,day_ahead
2017-10-17 05:00:00,1416.5387069406077,wind,2017-10-16 23:00:00,day_ahead
2017-10-17 06:00:00,1394.006196070085,wind,2017-10-16 23:00:00,day_ahead
2017-10-17 07:00:00,1337.277103666322,wind,2017-10-16 23:00:00,day_ahead
2017-10-17 08:00:00,1249.7265708254813,wind,2017-10-16 23:00:00,day_ahead
2017-10-17 09:00:00,1153.6843788087094,wind,2017-10-16 23:00:00,day_ahead
2017-10-17 10:00:00,1079.478982523406,wind,2017-10-16 23:00:00,day_ahead
2017-10-17 11:00:00,1047.9990549852075,wind,2017-10-16 23:00:00,day_ahead
2017-10-17 12:00:00,1060.006083913296,wind,2017-10-16 23:00:00,day_ahead
2017-10-17 13:00:00,1099.8775551738859,wind,2017-10-16 23:00:00,day_ahead
2017-10-17 14:00:00,1149.3920256795318,wind,2017-10-16 23:00:00,day_ahead
2017-10-17 15:00:00,1199.459285164855,wind,2017-10-16 23:00:00,day_ahead
2017-10-17 16:00:00,1250.9820810899937,wind,2017-10-16 23:00:00,day_ahead
2017-10-17 17:00:00,1306.6259231928182,wind,2017-10-16 23:00:00,day_ahead
2017-10-17 18:00:00,1363.0099416701,wind,2017-10-16 23:00:00,day_ahead
2017-10-17 19:00:00,1410.9212718114854,wind,2017-10-16 23:00:00,day_ahead
2017-10-17 20:00:00,1442.3775329745654,wind,2017-10-16 23:00:00,day_ahead
2017-10-17 21:00:00,1456.7855177364897,wind,2017-10-16 23:00:00,day_ahead
2017-10-17 22:00:00,1460.231445468739,wind,2017-10-16 23:00:00,day_ahead
2017-10-17 23:00:00,1459.49499901314,wind,2017-10-16 23:00:00,day_ahead
2017-10-18 00:00:00,1457.947946862858,wind,2017-10-17 23:00:00,day_ahead
2017-10-18 01:00:00,1454.6703109275113,wind,2017-10-17 23:00:00,day_ahead
2017-10-18 02:00:00,1451.8351894301152,wind,2017-10-17 23:00:00,day_ahead
2017-10-18 03:00:00,1452.8207763682303,wind,2017-10-17 23:00:00,day_ahead
2017-10-18 04:00:00,1457.63641010672,wind,2017-10-17 23:00:00,day_ahead
2017-10-18 05:00:00,1457.298051417226,wind,2017-10-17 23:00:00,day_ahead
2017-10-18 06:00:00,1435.5649850127345,wind,2017-10-17 23:00:00,day_ahead
2017-10-18 07:00:00,1379.8376383836091,wind,2017-10-17 23:00:00,day_ahead
2017-10-18 08:00:00,1293.5706036891393,wind,2017-10-17 23:00:00,day_ahead
2017-10-18 09:00:00,1199.112019396625,wind,2017-10-17 23:00:00,day_ahead
2017-10-18 10:00:00,1126.7422170855898,wind,2017-10-17 23:00:00,day_ahead
2017-10-18 11:00:00,1097.288115568313,wind,2017-10-17 23:00:00,day_ahead
2017-10-18 12:00:00,1111.4872737603876,wind,2017-10-17 23:00:00,day_ahead
2017-10-18 13:00:00,1153.7267318297988,wind,2017-10-17 23:00:00,day_ahead
2017-10-18 14:00:00,1205.7761386546292,wind,2017-10-17 23:00:00,day_ahead
2017-10-18 15:00:00,1258.480058996965,wind,2017-10-17 23:00:00,day_ahead
2017-10-18 16:00:00,1312.6448866673945,wind,2017-10-17 23:00:00,day_ahead
2017-10-18 17:00:00,1370.878394117643,wind,2017-10-17 23:00:00,day_ahead
2017-10-18 18:00:00,1429.8237828489262,wind,2017-10-17 23:00:00,day_ahead
2017-10-18 19:00:00,1480.3386863686408,wind,2017-10-17 23:00:00,day_ahead
2017-10-18 20:00:00,1514.4674839956842,wind,2017-10-17 23:00:00,day_ahead
2017-10-18 21:00:00,1531.53715063019,wind,2017-10-17 23:00:00,day_ahead
2017-10-18 22:00:00,1537.4747722346558,wind,2017-10-17 23:00:00,day_ahead
2017-10-18 23:00:00,1538.9197970853395,wind,2017-10-17 23:00:00,day_ahead
2017-10-19 00:00:00,1508.2628480837743,wind,2017-10-18 23:00:00,day_ahead
2017-10-19 01:00:00,1507.125703990763,wind,2017-10-18 23:00:00,day_ahead
2017-10-19 02:00:00,1505.7701957930235,wind,2017-10-18 23:00:00,day_ahead
2017-10-19 03:00:00,1507.7169001030145,wind,2017-10-18 23:00:00,day_ahead
2017-10-19 04:00:00,1513.2373087702333,wind,2017-10-18 23:00:00,day_ahead
2017-10-19 05:00:00,1513.4906584921682,wind,2017-10-18 23:00:00,day_ahead
2017-10-19 06:00:00,1492.1557435732984,wind,2017-10-18 23:00:00,day_ahead
2017-10-19 07:00:00,1436.4331927975436,wind,2017-10-18 23:00:00,day_ahead
2017-10-19 08:00:00,1349.6510960895387,wind,2017-10-18 23:00:00,day_ahead
2017-10-19 09:00:00,1254.1947912517007,wind,2017-10-18 23:00:00,day_ahead
2017-10-19 10:00:00,1180.4603543894423,wind,2017-10-18 23:00:00,day_ahead
2017-10-19 11:00:00,1149.3137182548894,wind,2017-10-18 23:00:00,day_ahead
2017-10-19 12:00:00,1161.3965139454212,wind,2017-10-18 23:00:00,day_ahead
2017-10-19 13:00:00,1200.960601844538,wind,2017-10-18 23:00:00,day_ahead
2017-10-19 14:00:00,1249.7446078339879,wind,2017-10-18 23:00:00,day_ahead
2017-10-19 15:00:00,1298.7042572007078,wind,2017-10-18 23:00:00,day_ahead
2017-10-19 16:00:00,1348.7938654486375,wind,2017-10-18 23:00:00,day_ahead
2017-10-19 17:00:00,1402.6737874293196,wind,2017-10-18 23:00:00,day_ahead
2017-10-19 18:00:00,1456.9336422186036,wind,2017-10-18 23:00:00,day_ahead
2017-10-19 19:00:00,1502.401493233832,wind,2017-10-18 23:00:00,day_ahead
2017-10-19 20:00:00,1531.2503261686568,wind,2017-10-18 23:00:00,day_ahead
2017-10-19 21:00:00,1543.0752194673566,wind,2017-10-18 23:00:00,day_ahead
2017-10-19 22:00:00,1544.0292104959244,wind,2017-10-18 23:00:00,day_ahead
2017-10-19 23:00:00,1540.7522984897496,wind,2017-10-18 23:00:00,day_ahead
2017-10-20 00:00:00,1510.274548329094,wind,2017-10-19 23:00:00,day_ahead
2017-10-20 01:00:00,1503.7691563937613,wind,2017-10-19 23:00:00,day_ahead
2017-10-20 02:00:00,1497.4241747962246,wind,2017-10-19 23:00:00,day_ahead
2017-10-20 03:00:00,1494.739735690029,wind,2017-10-19 23:00:00,day_ahead
2017-10-20 04:00:00,1495.8911276505937,wind,2017-10-19 23:00:00,day_ahead
2017-10-20 05:00:00,1492.0007043452986,wind,2017-10-19 23:00:00,day_ahead
2017-10-20 06:00:00,1466.8347759910557,wind,2017-10-19 23:00:00,day_ahead
2017-10-20 07:00:00,1407.7553048993257,wind,2017-10-19 23:00:00,day_ahead
2017-10-20 08:00:00,1318.2198275268283,wind,2017-10-19 23:00:00,day_ahead
2017-10-20 09:00:00,1220.6509369226203,wind,2017-10-19 23:00:00,day_ahead
2017-10-20 10:00:00,1145.4184844185581,wind,2017-10-19 23:00:00,day_ahead
2017-10-20 11:00:00,1113.3700694147876,wind,2017-10-19 23:00:00,day_ahead
2017-10-20 12:00:00,1125.1719568045492,wind,2017-10-19 23:00:00,day_ahead
2017-10-20 13:00:00,1165.114578894403,wind,2017-10-19 23:00:00,day_ahead
2017-10-20 14:00:00,1214.9427184156414,wind,2017-10-19 23:00:00,day_ahead
2017-10-20 15:00:00,1265.585800358343,wind,2017-10-19 23:00:00,day_ahead
2017-10-20 16:00:00,1317.9915243374082,wind,2017-10-19 23:00:00,day_ahead
2017-10-20 17:00:00,1374.8755330688414,wind,2017-10-19 23:00:00,day_ahead
2017-10-20 18:00:00,1432.9140536069838,wind,2017-10-19 23:00:00,day_ahead
2017-10-20 19:00:00,1482.9606774229553,wind,2017-10-19 23:00:00,day_ahead
2017-10-20 20:00:00,1517.0841269948053,wind,2017-10-19 23:00:00,day_ahead
2017-10-20 21:00:00,1534.6795847687963,wind,2017-10-19 23:00:00,day_ahead
2017-10-20 22:00:00,1541.7300571938022,wind,2017-10-19 23:00:00,day_ahead
2017-10-20 23:00:00,1544.8492304389163,wind,2017-10-19 23:00:00,day_ahead
2017-10-21 00:00:00,1552.3178165252455,wind,2017-10-20 23:00:00,day_ahead
2017-10-21 01:00:00,1553.0313541698306,wind,2017-10-20 23:00:00,day_ahead
2017-10-21 02:00:00,1554.335516228914,wind,2017-10-20 23:00:00,day_ahead
2017-10-21 03:00:00,1559.6705169287222,wind,2017-10-20 23:00:00,day_ahead
2017-10-21 04:00:00,1569.042486753704,wind,2017-10-20 23:00:00,day_ahead
2017-10-21 05:00:00,1573.3834921416444,wind,2017-10-20 23:00:00,day_ahead
2017-10-21 06:00:00,1556.3482925261292,wind,2017-10-20 23:00:00,day_ahead
2017-10-21 07:00:00,1505.2913174484252,wind,2017-10-20 23:00:00,day_ahead
2017-10-21 08:00:00,1423.7011705481234,wind,2017-10-20 23:00:00,day_ahead
2017-10-21 09:00:00,1333.9784210492721,wind,2017-10-20 23:00:00,day_ahead
2017-10-21 10:00:00,1266.3807776636227,wind,2017-10-20 23:00:00,day_ahead
2017-10-21 11:00:00,1241.5942285891788,wind,2017-10-20 23:00:00,day_ahead
2017-10-21 12:00:00,1260.1432358290092,wind,2017-10-20 23:00:00,day_ahead
2017-10-21 13:00:00,1306.2280700105025,wind,2017-10-20 23:00:00,day_ahead
2017-10-21 14:00:00,1361.5318307669177,wind,2017-10-20 23:00:00,day_ahead
2017-10-21 15:00:00,1416.9141496112686,wind,2017-10-20 23:00:00,day_ahead
2017-10-21 16:00:00,1473.2444173560668,wind,2017-10-20 23:00:00,day_ahead
2017-10-21 17:00:00,1533.1886009258073,wind,2017-10-20 23:00:00,day_ahead
2017-10-21 18:00:00,1593.4283313781882,wind,2017-10-20 23:00:00,day_ahead
2017-10-21 19:00:00,1644.8504703006,wind,2017-10-20 23:00:00,day_ahead
2017-10-21 20:00:00,1679.5188438170194,wind,2017-10-20 23:00:00,day_ahead
2017-10-21 21:00:00,1696.7455216895792,wind,2017-10-20 23:00:00,day_ahead
2017-10-21 22:00:00,1702.388606569392,wind,2017-10-20 23:00:00,day_ahead
2017-10-21 23:00:00,1702.9875705391767,wind,2017-10-20 23:00:00,day_ahead
2017-10-22 00:00:00,1703.6676300569923,wind,2017-10-21 23:00:00,day_ahead
2017-10-22 01:00:00,1700.059206793555,wind,2017-10-21 23:00:00,day_ahead
2017-10-22 02:00:00,1696.155474626787,wind,2017-10-21 23:00:00,day_ahead
2017-10-22 03:00:00,1695.466318991779,wind,2017-10-21 23:00:00,day_ahead
2017-10-22 04:00:00,1698.0266789451541,wind,2017-10-21 23:00:00,day_ahead
2017-10-22 05:00:00,1694.7594290534357,wind,2017-10-21 23:00:00,day_ahead
2017-10-22 06:00:00,1669.3204336632107,wind,2017-10-21 23:00:00,day_ahead
2017-10-22 07:00:00,1609.1252067197452,wind,2017-10-21 23:00:00,day_ahead
2017-10-22 08:00:00,1517.7890070414844,wind,2017-10-21 23:00:00,day_ahead
2017-10-22 09:00:00,1417.8614713342552,wind,2017-10-21 23:00:00,day_ahead
2017-10-22 10:00:00,1339.718754619476,wind,2017-10-21 23:00:00,day_ahead
2017-10-22 11:00:00,1304.1160556176683,wind,2017-10-21 23:00:00,day_ahead
2017-10-22 12:00:00,1311.6224174865292,wind,2017-10-21 23:00:00,day_ahead
2017-10-22 13:00:00,1346.4947700309679,wind,2017-10-21 23:00:00,day_ahead
2017-10-22 14:00:00,1390.4968816755988,wind,2017-10-21 23:00:00,day_ahead
2017-10-22 15:00:00,1434.57447139702,wind,2017-10-21 23:00:00,day_ahead
2017-10-22 16:00:00,1479.6673103106184,wind,2017-10-21 23:00:00,day_ahead
2017-10-22 17:00:00,1528.5013907911546,wind,2017-10-21 23:00:00,day_ahead
2017-10-22 18:00:00,1577.836986805022,wind,2017-10-21 23:00:00,day_ahead
2017-10-22 19:00:00,1618.6778348585588,wind,2017-10-21 23:00:00,day_ahead
2017-10-22 20:00:00,1643.2250941178086,wind,2017-10-21 23:00:00,day_ahead
2017-10-22 21:00:00,1650.9024093134624,wind,2017-10-21 23:00:00,day_ahead
2017-10-22 22:00:00,1647.6197115003101,wind,2017-10-21 23:00:00,day_ahead
2017-10-22 23:00:00,1639.92002188053,wind,2017-10-21 23:00:00,day_ahead
2017-10-23 00:00:00,1609.9532522510754,wind,2017-10-22 23:00:00,day_ahead
2017-10-23 01:00:00,1599.7808874378702,wind,2017-10-22 23:00:00,day_ahead
2017-10-23 02:00:00,1589.8747829715028,wind,2017-10-22 23:00:00,day_ahead
2017-10-23 03:00:00,1583.7764131691347,wind,2017-10-22 23:00:00,day_ahead
2017-10-23 04:00:00,1581.6901800703788,wind,2017-10-22 23:00:00,day_ahead
2017-10-23 05:00:00,1574.7087897157055,wind,2017-10-22 23:00:00,day_ahead
2017-10-23 06:00:00,1546.515493953828,wind,2017-10-22 23:00:00,day_ahead
2017-10-23 07:00:00,1484.3937200754538,wind,2017-10-22 23:00:00,day_ahead
2017-10-23 08:00:00,1391.787126816067,wind,2017-10-22 23:00:00,day_ahead
2017-10-23 09:00:00,1291.175300811217,wind,2017-10-22 23:00:00,day_ahead
2017-10-23 10:00:00,1212.999186326252,wind,2017-10-22 23:00:00,day_ahead
2017-10-23 11:00:00,1178.1194718953354,wind,2017-10-22 23:00:00,day_ahead
2017-10-23 12:00:00,1187.1312734717649,wind,2017-10-22 23:00:00,day_ahead
2017-10-23 13:00:00,1224.208792644305,wind,2017-10-22 23:00:00,day_ahead
2017-10-23 14:00:00,1271.0024681160428,wind,2017-10-22 23:00:00,day_ahead
2017-10-23 15:00:00,1318.4067484065063,wind,2017-10-22 23:00:00,day_ahead
2017-10-23 16:00:00,1367.377453169071,wind,2017-10-22 23:00:00,day_ahead
2017-10-23 17:00:00,1420.6379737411846,wind,2017-10-22 23:00:00,day_ahead
2017-10-23 18:00:00,1474.8471675394528,wind,2017-10-22 23:00:00,day_ahead
2017-10-23 19:00:00,1520.8287944467575,wind,2017-10-22 23:00:00,day_ahead
2017-10-23 20:00:00,1550.635927916647,wind,2017-10-22 23:00:00,day_ahead
2017-10-23 21:00:00,1563.6669271966086,wind,2017-10-22 23:00:00,day_ahead
2017-10-23 22:00:00,1565.9018414446023,wind,2017-10-22 23:00:00,day_ahead
2017-10-23 23:00:00,1563.9202572330473,wind,2017-10-22 23:00:00,day_ahead
2017-10-24 00:00:00,1544.6641507133716,wind,2017-10-23 23:00:00,day_ahead
2017-10-24 01:00:00,1539.6229925233029,wind,2017-10-23 23:00:00,day_ahead
2017-10-24 02:00:00,1535.0040016694402,wind,2017-10-23 23:00:00,day_ahead
2017-10-24 03:00:00,1534.214337233087,wind,2017-10-23 23:00:00,day_ahead
2017-10-24 04:00:00,1537.2244955499684,wind,2017-10-23 23:00:00,day_ahead
2017-10-24 05:00:00,1534.9640369478327,wind,2017-10-23 23:00:00,day_ahead
2017-10-24 06:00:00,1511.0965226941153,wind,2017-10-23 23:00:00,day_ahead
2017-10-24 07:00:00,1452.9571832353456,wind,2017-10-23 23:00:00,day_ahead
2017-10-24 08:00:00,1363.9931575404482,wind,2017-10-23 23:00:00,day_ahead
2017-10-24 09:00:00,1266.6043156749497,wind,2017-10-23 23:00:00,day_ahead
2017-10-24 10:00:00,1191.151143860803,wind,2017-10-23 23:00:00,day_ahead
2017-10-24 11:00:00,1158.5173148597537,wind,2017-10-23 23:00:00,day_ahead
2017-10-24 12:00:00,1169.4317736245553,wind,2017-10-23 23:00:00,day_ahead
2017-10-24 13:00:00,1208.2091706235865,wind,2017-10-23 23:00:00,day_ahead
2017-10-24 14:00:00,1256.5367715557995,wind,2017-10-23 23:00:00,day_ahead
2017-10-24 15:00:00,1305.2416897222365,wind,2017-10-23 23:00:00,day_ahead
2017-10-24 16:00:00,1355.2198416273995,wind,2017-10-23 23:00:00,day_ahead
2017-10-24 17:00:00,1409.2475908098752,wind,2017-10-23 23:00:00,day_ahead
2017-10-24 18:00:00,1464.1297833717058,wind,2017-10-23 23:00:00,day_ahead
2017-10-24 19:00:00,1510.7909302431578,wind,2017-10-23 23:00:00,day_ahead
2017-10-24 20:00:00,1541.2184521468218,wind,2017-10-23 23:00:00,day_ahead
2017-10-24 21:00:00,1554.6081527398237,wind,2017-10-23 23:00:00,day_ahead
2017-10-24 22:00:00,1556.7755762135864,wind,2017-10-23 23:00:00,day_ahead
2017-10-24 23:00:00,1554.3446735734021,wind,2017-10-23 23:00:00,day_ahead
2017-10-25 00:00:00,1537.4886712349646,wind,2017-10-24 23:00:00,day_ahead
2017-10-25 01:00:00,1532.6391801307066,wind,2017-10-24 23:00:00,day_ahead
2017-10-25 02:00:00,1528.0007721569848,wind,2017-10-24 23:00:00,day_ahead
2017-10-25 03:00:00,1527.0983613948824,wind,2017-10-24 23:00:00,day_ahead
2017-10-25 04:00:00,1530.1354094432625,wind,2017-10-24 23:00:00,day_ahead
2017-10-25 05:00:00,1528.1941483123574,wind,2017-10-24 23:00:00,day_ahead
2017-10-25 06:00:00,1504.9026451573989,wind,2017-10-24 23:00:00,day_ahead
2017-10-25 07:00:00,1447.446565856676,wind,2017-10-24 23:00:00,day_ahead
2017-10-25 08:00:00,1359.1824061270943,wind,2017-10-24 23:00:00,day_ahead
2017-10-25 09:00:00,1262.5770506033589,wind,2017-10-24 23:00:00,day_ahead
2017-10-25 10:00:00,1188.14902611951,wind,2017-10-24 23:00:00,day_ahead
2017-10-25 11:00:00,1156.8756535564864,wind,2017-10-24 23:00:00,day_ahead
2017-10-25 12:00:00,1169.4321387945547,wind,2017-10-24 23:00:00,day_ahead
2017-10-25 13:00:00,1210.0024426303519,wind,2017-10-24 23:00:00,day_ahead
2017-10-25 14:00:00,1260.2111796992695,wind,2017-10-24 23:00:00,day_ahead
2017-10-25 15:00:00,1310.9558510434476,wind,2017-10-24 23:00:00,day_ahead
2017-10-25 16:00:00,1363.2511650121874,wind,2017-10-24 23:00:00,day_ahead
2017-10-25 17:00:00,1419.8942578039118,wind,2017-10-24 23:00:00,day_ahead
2017-10-25 18:00:00,1477.5600157940385,wind,2017-10-24 23:00:00,day_ahead
2017-10-25 19:00:00,1526.9951029403035,wind,2017-10-24 23:00:00,day_ahead
2017-10-25 20:00:00,1560.1198395572078,wind,2017-10-24 23:00:00,day_ahead
2017-10-25 21:00:00,1576.2238359479995,wind,2017-10-24 23:00:00,day_ahead
2017-10-25 22:00:00,1581.2571878469544,wind,2017-10-24 23:00:00,day_ahead
2017-10-25 23:00:00,1581.837705387367,wind,2017-10-24 23:00:00,day_ahead
2017-10-26 00:00:00,1574.0126733185068,wind,2017-10-25 23:00:00,day_ahead
2017-10-26 01:00:00,1571.3117079912818,wind,2017-10-25 23:00:00,day_ahead
2017-10-26 02:00:00,1568.6350467971974,wind,2017-10-25 23:00:00,day_ahead
2017-10-26 03:00:00,1569.4836213205244,wind,2017-10-25 23:00:00,day_ahead
2017-10-26 04:00:00,1573.9911388232467,wind,2017-10-25 23:00:00,day_ahead
2017-10-26 05:00:00,1573.1412981769467,wind,2017-10-25 23:00:00,day_ahead
2017-10-26 06:00:00,1550.4829155935877,wind,2017-10-25 23:00:00,day_ahead
2017-10-26 07:00:00,1493.1818619533658,wind,2017-10-25 23:00:00,day_ahead
2017-10-26 08:00:00,1404.6293847277277,wind,2017-10-25 23:00:00,day_ahead
2017-10-26 09:00:00,1307.3323291840516,wind,2017-10-25 23:00:00,day_ahead
2017-10-26 10:00:00,1231.8019182703013,wind,2017-10-25 23:00:00,day_ahead
2017-10-26 11:00:00,1198.9517717594342,wind,2017-10-25 23:00:00,day_ahead
2017-10-26 12:00:00,1209.3810052377266,wind,2017-10-25 23:00:00,day_ahead
2017-10-26 13:00:00,1247.2460604156083,wind,2017-10-25 23:00:00,day_ahead
2017-10-26 14:00:00,1294.220438508806,wind,2017-10-25 23:00:00,day_ahead
2017-10-26 15:00:00,1341.3013989002648,wind,2017-10-25 23:00:00,day_ahead
2017-10-26 16:00:00,1389.6003408724332,wind,2017-10-25 23:00:00,day_ahead
2017-10-26 17:00:00,1441.9704622118159,wind,2017-10-25 23:00:00,day_ahead
2017-10-26 18:00:00,1495.1051700049268,wind,2017-10-25 23:00:00,day_ahead
2017-10-26 19:00:00,1539.7622553452748,wind,2017-10-25 23:00:00,day_ahead
2017-10-26 20:00:00,1567.8906044488886,wind,2017-10-25 23:00:00,day_ahead
2017-10-26 21:00:00,1578.8275020803358,wind,2017-10-25 23:00:00,day_ahead
2017-10-26 22:00:00,1578.5786844271183,wind,2017-10-25 23:00:00,day_ahead
2017-10-26 23:00:00,1573.8228739186154,wind,2017-10-25 23:00:00,day_ahead
2017-10-27 00:00:00,1537.3279700641501,wind,2017-10-26 23:00:00,day_ahead
2017-10-27 01:00:00,1529.6825176671755,wind,2017-10-26 23:00:00,day_ahead
2017-10-27 02:00:00,1522.103718453122,wind,2017-10-26 23:00:00,day_ahead
2017-10-27 03:00:00,1518.2633579640644,wind,2017-10-26 23:00:00,day_ahead
2017-10-27 04:00:00,1518.4701165544338,wind,2017-10-26 23:00:00,day_ahead
2017-10-27 05:00:00,1513.8016691309467,wind,2017-10-26 23:00:00,day_ahead
2017-10-27 06:00:00,1487.8008300078116,wind,2017-10-26 23:00:00,day_ahead
2017-10-27 07:00:00,1427.5856030091584,wind,2017-10-26 23:00:00,day_ahead
2017-10-27 08:00:00,1336.5367293745999,wind,2017-10-26 23:00:00,day_ahead
2017-10-27 09:00:00,1237.2195205296637,wind,2017-10-26 23:00:00,day_ahead
2017-10-27 10:00:00,1160.2378922148744,wind,2017-10-26 23:00:00,day_ahead
2017-10-27 11:00:00,1126.5744249634952,wind,2017-10-26 23:00:00,day_ahead
2017-10-27 12:00:00,1136.8501980013814,wind,2017-10-26 23:00:00,day_ahead
2017-10-27 13:00:00,1175.2236520197325,wind,2017-10-26 23:00:00,day_ahead
2017-10-27 14:00:00,1223.390184846206,wind,2017-10-26 23:00:00,day_ahead
2017-10-27 15:00:00,1272.3942584405058,wind,2017-10-26 23:00:00,day_ahead
2017-10-27 16:00:00,1323.3842477274861,wind,2017-10-26 23:00:00,day_ahead
2017-10-27 17:00:00,1379.2035170201725,wind,2017-10-26 23:00:00,day_ahead
2017-10-27 18:00:00,1436.4932986762892,wind,2017-10-26 23:00:00,day_ahead
2017-10-27 19:00:00,1485.959842558785,wind,2017-10-26 23:00:00,day_ahead
2017-10-27 20:00:00,1519.5358900634844,wind,2017-10-26 23:00:00,day_ahead
2017-10-27 21:00:00,1536.5624001249041,wind,2017-10-26 23:00:00,day_ahead
2017-10-27 22:00:00,1543.0122875827735,wind,2017-10-26 23:00:00,day_ahead
2017-10-27 23:00:00,1545.4545211137024,wind,2017-10-26 23:00:00,day_ahead
2017-10-28 00:00:00,1551.8535262627015,wind,2017-10-27 23:00:00,day_ahead
2017-10-28 01:00:00,1551.3364929633326,wind,2017-10-27 23:00:00,day_ahead
2017-10-28 02:00:00,1551.4092484197508,wind,2017-10-27 23:00:00,day_ahead
2017-10-28 03:00:00,1555.6087989422424,wind,2017-10-27 23:00:00,day_ahead
2017-10-28 04:00:00,1564.0137318547147,wind,2017-10-27 23:00:00,day_ahead
2017-10-28 05:00:00,1567.5105034816706,wind,2017-10-27 23:00:00,day_ahead
2017-10-28 06:00:00,1549.5537049241213,wind,2017-10-27 23:00:00,day_ahead
2017-10-28 07:00:00,1497.2324581583862,wind,2017-10-27 23:00:00,day_ahead
2017-10-28 08:00:00,1413.8728093496557,wind,2017-10-27 23:00:00,day_ahead
2017-10-28 09:00:00,1321.9268452478595,wind,2017-10-27 23:00:00,day_ahead
2017-10-28 10:00:00,1251.8728649969319,wind,2017-10-27 23:00:00,day_ahead
2017-10-28 11:00:00,1224.6202461513408,wind,2017-10-27 23:00:00,day_ahead
2017-10-28 12:00:00,1240.7769119190418,wind,2017-10-27 23:00:00,day_ahead
2017-10-28 13:00:00,1284.4903266515114,wind,2017-10-27 23:00:00,day_ahead
2017-10-28 14:00:00,1337.3907322041468,wind,2017-10-27 23:00:00,day_ahead
2017-10-28 15:00:00,1390.4160822558797,wind,2017-10-27 23:00:00,day_ahead
2017-10-28 16:00:00,1444.6400035233173,wind,2017-10-27 23:00:00,day_ahead
2017-10-28 17:00:00,1502.9147380304967,wind,2017-10-27 23:00:00,day_ahead
2017-10-28 18:00:00,1561.9354274402317,wind,2017-10-27 23:00:00,day_ahead
2017-10-28 19:00:00,1612.4008449942921,wind,2017-10-27 23:00:00,day_ahead
2017-10-28 20:00:00,1646.1037345862437,wind,2017-10-27 23:00:00,day_ahead
2017-10-28 21:00:00,1662.1623482983096,wind,2017-10-27 23:00:00,day_ahead
2017-10-28 22:00:00,1666.3928115516037,wind,2017-10-27 23:00:00,day_ahead
2017-10-28 23:00:00,1665.4000898162708,wind,2017-10-27 23:00:00,day_ahead
2017-10-29 00:00:00,1689.9576592801386,wind,2017-10-28 23:00:00,day_ahead
2017-10-29 01:00:00,1684.510193952476,wind,2017-10-28 23:00:00,day_ahead
2017-10-29 02:00:00,1678.7273165036895,wind,2017-10-28 23:00:00,day_ahead
2017-10-29 03:00:00,1676.2512833625906,wind,2017-10-28 23:00:00,day_ahead
2017-10-29 04:00:00,1677.2878908627197,wind,2017-10-28 23:00:00,day_ahead
2017-10-29 05:00:00,1672.8099923501,wind,2017-10-28 23:00:00,day_ahead
2017-10-29 06:00:00,1646.2882589293713,wind,2017-10-28 23:00:00,day_ahead
2017-10-29 07:00:00,1584.7847465383,wind,2017-10-28 23:00:00,day_ahead
2017-10-29 08:00:00,1491.6151424148882,wind,2017-10-28 23:00:00,day_ahead
2017-10-29 09:00:00,1389.2823376011013,wind,2017-10-28 23:00:00,day_ahead
2017-10-29 10:00:00,1308.376415231825,wind,2017-10-28 23:00:00,day_ahead
2017-10-29 11:00:00,1269.946327989815,wind,2017-10-28 23:00:00,day_ahead
2017-10-29 12:00:00,1274.7364142505721,wind,2017-10-28 23:00:00,day_ahead
2017-10-29 13:00:00,1307.0210572659787,wind,2017-10-28 23:00:00,day_ahead
2017-10-29 14:00:00,1348.557039096521,wind,2017-10-28 23:00:00,day_ahead
2017-10-29 15:00:00,1390.4081173563516,wind,2017-10-28 23:00:00,day_ahead
2017-10-29 16:00:00,1433.7534690208506,wind,2017-10-28 23:00:00,day_ahead
2017-10-29 17:00:00,1481.5098252419145,wind,2017-10-28 23:00:00,day_ahead
2017-10-29 18:00:00,1530.399502054459,wind,2017-10-28 23:00:00,day_ahead
2017-10-29 19:00:00,1571.1428817088824,wind,2017-10-28 23:00:00,day_ahead
2017-10-29 20:00:00,1595.5816668942182,wind,2017-10-28 23:00:00,day_ahead
2017-10-29 21:00:00,1602.9123662167149,wind,2017-10-28 23:00:00,day_ahead
2017-10-29 22:00:00,1599.025780159523,wind,2017-10-28 23:00:00,day_ahead
2017-10-29 23:00:00,1590.5618164606367,wind,2017-10-28 23:00:00,day_ahead
2017-10-30 00:00:00,1585.2597856395087,wind,2017-10-29 23:00:00,day_ahead
2017-10-30 01:00:00,1573.8856883509227,wind,2017-10-29 23:00:00,day_ahead
2017-10-30 02:00:00,1562.8017135769287,wind,2017-10-29 23:00:00,day_ahead
2017-10-30 03:00:00,1555.691315012021,wind,2017-10-29 23:00:00,day_ahead
2017-10-30 04:00:00,1552.84402395539,wind,2017-10-29 23:00:00,day_ahead
2017-10-30 05:00:00,1545.3070541169134,wind,2017-10-29 23:00:00,day_ahead
2017-10-30 06:00:00,1516.5631509274356,wind,2017-10-29 23:00:00,day_ahead
2017-10-30 07:00:00,1453.6158299787437,wind,2017-10-29 23:00:00,day_ahead
2017-10-30 08:00:00,1359.6956596217753,wind,2017-10-29 23:00:00,day_ahead
2017-10-30 09:00:00,1257.2526542881433,wind,2017-10-29 23:00:00,day_ahead
2017-10-30 10:00:00,1176.8808731492802,wind,2017-10-29 23:00:00,day_ahead
2017-10-30 11:00:00,1139.663655912656,wind,2017-10-29 23:00:00,day_ahead
2017-10-30 12:00:00,1146.3606321676007,wind,2017-10-29 23:00:00,day_ahead
2017-10-30 13:00:00,1181.21402803396,wind,2017-10-29 23:00:00,day_ahead
2017-10-30 14:00:00,1225.9132427304137,wind,2017-10-29 23:00:00,day_ahead
2017-10-30 15:00:00,1271.4524906092906,wind,2017-10-29 23:00:00,day_ahead
2017-10-30 16:00:00,1318.95800735572,wind,2017-10-29 23:00:00,day_ahead
2017-10-30 17:00:00,1371.2999470856403,wind,2017-10-29 23:00:00,day_ahead
2017-10-30 18:00:00,1425.1387974088873,wind,2017-10-29 23:00:00,day_ahead
2017-10-30 19:00:00,1471.1126567299275,wind,2017-10-29 23:00:00,day_ahead
2017-10-30 20:00:00,1500.9784324333714,wind,2017-10-29 23:00:00,day_ahead
2017-10-30 21:00:00,1513.8651167696858,wind,2017-10-29 23:00:00,day_ahead
2017-10-30 22:00:00,1515.6099293440463,wind,2017-10-29 23:00:00,day_ahead
2017-10-30 23:00:00,1512.787431151492,wind,2017-10-29 23:00:00,day_ahead
2017-10-31 00:00:00,1541.7816532880647,wind,2017-10-30 23:00:00,day_ahead
2017-10-31 01:00:00,1535.4365583616977,wind,2017-10-30 23:00:00,day_ahead
2017-10-31 02:00:00,1529.286204265171,wind,2017-10-30 23:00:00,day_ahead
2017-10-31 03:00:00,1526.9064244092692,wind,2017-10-30 23:00:00,day_ahead
2017-10-31 04:00:00,1528.528112665948,wind,2017-10-30 23:00:00,day_ahead
2017-10-31 05:00:00,1525.1982437850174,wind,2017-10-30 23:00:00,day_ahead
2017-10-31 06:00:00,1500.4082196765269,wind,2017-10-30 23:00:00,day_ahead
2017-10-31 07:00:00,1441.1245524838573,wind,2017-10-30 23:00:00,day_ahead
2017-10-31 08:00:00,1350.4910089046898,wind,2017-10-30 23:00:00,day_ahead
2017-10-31 09:00:00,1250.8717726705436,wind,2017-10-30 23:00:00,day_ahead
2017-10-31 10:00:00,1172.8343871688628,wind,2017-10-30 23:00:00,day_ahead
2017-10-31 11:00:00,1137.510316186967,wind,2017-10-30 23:00:00,day_ahead
2017-10-31 12:00:00,1145.7481853575164,wind,2017-10-30 23:00:00,day_ahead
2017-10-31 13:00:00,1181.8760224687758,wind,2017-10-30 23:00:00,day_ahead
2017-10-31 14:00:00,1227.6510563436668,wind,2017-10-30 23:00:00,day_ahead
2017-10-31 15:00:00,1274.1314537031153,wind,2017-10-30 23:00:00,day_ahead
2017-10-31 16:00:00,1322.5109840848074,wind,2017-10-30 23:00:00,day_ahead
2017-10-31 17:00:00,1375.705282537886,wind,2017-10-30 23:00:00,day_ahead
2017-10-31 18:00:00,1430.3572431337495,wind,2017-10-30 23:00:00,day_ahead
2017-10-31 19:00:00,1477.0162084529456,wind,2017-10-30 23:00:00,day_ahead
2017-10-31 20:00:00,1507.3318836325082,wind,2017-10-30 23:00:00,day_ahead
2017-10-31 21:00:00,1520.3921389632865,wind,2017-10-30 23:00:00,day_ahead
2017-10-31 22:00:00,1522.1083958707643,wind,2017-10-30 23:00:00,day_ahead
2017-10-31 23:00:00,1519.21362344626,wind,2017-10-30 23:00:00,day_ahead
2017-11-01 00:00:00,1501.0392668486907,wind,2017-10-31 23:00:00,day_ahead
2017-11-01 01:00:00,1495.5923622408804,wind,2017-10-31 23:00:00,day_ahead
2017-11-01 02:00:00,1490.0916107484943,wind,2017-10-31 23:00:00,day_ahead
2017-11-01 03:00:00,1488.2274684299207,wind,2017-10-31 23:00:00,day_ahead
2017-11-01 04:00:00,1490.4825231075856,wind,2017-10-31 23:00:00,day_ahead
2017-11-01 05:00:00,1488.0969290930502,wind,2017-10-31 23:00:00,day_ahead
2017-11-01 06:00:00,1464.570125389588,wind,2017-10-31 23:00:00,day_ahead
2017-11-01 07:00:00,1406.7345796135876,wind,2017-10-31 23:00:00,day_ahead
2017-11-01 08:00:00,1317.6129109493536,wind,2017-10-31 23:00:00,day_ahead
2017-11-01 09:00:00,1219.5759023632459,wind,2017-10-31 23:00:00,day_ahead
2017-11-01 10:00:00,1143.3018263724127,wind,2017-10-31 23:00:00,day_ahead
2017-11-01 11:00:00,1110.0169959497064,wind,2017-10-31 23:00:00,day_ahead
2017-11-01 12:00:00,1120.5610707183541,wind,2017-10-31 23:00:00,day_ahead
2017-11-01 13:00:00,1159.174787773417,wind,2017-10-31 23:00:00,day_ahead
2017-11-01 14:00:00,1207.5463029910527,wind,2017-10-31 23:00:00,day_ahead
2017-11-01 15:00:00,1256.7382157046159,wind,2017-10-31 23:00:00,day_ahead
2017-11-01 16:00:00,1307.9772454241743,wind,2017-10-31 23:00:00,day_ahead
2017-11-01 17:00:00,1364.1520099870186,wind,2017-10-31 23:00:00,day_ahead
2017-11-01 18:00:00,1421.795871614603,wind,2017-10-31 23:00:00,day_ahead
2017-11-01 19:00:00,1471.349507107158,wind,2017-10-31 23:00:00,day_ahead
2017-11-01 20:00:00,1504.4632646619991,wind,2017-10-31 23:00:00,day_ahead
2017-11-01 21:00:00,1520.344491762481,wind,2017-10-31 23:00:00,day_ahead
2017-11-01 22:00:00,1525.0179461599057,wind,2017-10-31 23:00:00,day_ahead
2017-11-01 23:00:00,1525.167021996892,wind,2017-10-31 23:00:00,day_ahead
2017-11-02 00:00:00,1522.837513846195,wind,2017-11-01 23:00:00,day_ahead
2017-11-02 01:00:00,1519.1598624965327,wind,2017-11-01 23:00:00,day_ahead
2017-11-02 02:00:00,1515.2042448627635,wind,2017-11-01 23:00:00,day_ahead
2017-11-02 03:00:00,1514.6593858897647,wind,2017-11-01 23:00:00,day_ahead
2017-11-02 04:00:00,1517.9490478436037,wind,2017-11-01 23:00:00,day_ahead
2017-11-02 05:00:00,1516.218817186927,wind,2017-11-01 23:00:00,day_ahead
2017-11-02 06:00:00,1492.8934666772095,wind,2017-11-01 23:00:00,day_ahead
2017-11-02 07:00:00,1434.7960904950721,wind,2017-11-01 23:00:00,day_ahead
2017-11-02 08:00:00,1344.9989772889433,wind,2017-11-01 23:00:00,day_ahead
2017-11-02 09:00:00,1245.9250808229783,wind,2017-11-01 23:00:00,day_ahead
2017-11-02 10:00:00,1168.247477670902,wind,2017-11-01 23:00:00,day_ahead
2017-11-02 11:00:00,1133.119840494468,wind,2017-11-01 23:00:00,day_ahead
2017-11-02 12:00:00,1141.2935595565118,wind,2017-11-01 23:00:00,day_ahead
2017-11-02 13:00:00,1176.978616542396,wind,2017-11-01 23:00:00,day_ahead
2017-11-02 14:00:00,1221.9260349091305,wind,2017-11-01 23:00:00,day_ahead
2017-11-02 15:00:00,1267.3274878549614,wind,2017-11-01 23:00:00,day_ahead
2017-11-02 16:00:00,1314.5393396294364,wind,2017-11-01 23:00:00,day_ahead
2017-11-02 17:00:00,1366.5280429282736,wind,2017-11-01 23:00:00,day_ahead
2017-11-02 18:00:00,1419.846538063337,wind,2017-11-01 23:00:00,day_ahead
2017-11-02 19:00:00,1464.927499601376,wind,2017-11-01 23:00:00,day_ahead
2017-11-02 20:00:00,1493.4199759635526,wind,2017-11-01 23:00:00,day_ahead
2017-11-02 21:00:00,1504.5513776605912,wind,2017-11-01 23:00:00,day_ahead
2017-11-02 22:00:00,1504.3872912380205,wind,2017-11-01 23:00:00,day_ahead
2017-11-02 23:00:00,1499.6743344891074,wind,2017-11-01 23:00:00,day_ahead
2017-11-03 00:00:00,1493.3864881103966,wind,2017-11-02 23:00:00,day_ahead
2017-11-03 01:00:00,1485.4358530404184,wind,2017-11-02 23:00:00,day_ahead
2017-11-03 02:00:00,1477.2881990160322,wind,2017-11-02 23:00:00,day_ahead
2017-11-03 03:00:00,1472.810723877793,wind,2017-11-02 23:00:00,day_ahead
2017-11-03 04:00:00,1472.628348853998,wind,2017-11-02 23:00:00,day_ahead
2017-11-03 05:00:00,1467.968151263643,wind,2017-11-02 23:00:00,day_ahead
2017-11-03 06:00:00,1442.193680840578,wind,2017-11-02 23:00:00,day_ahead
2017-11-03 07:00:00,1382.0376028226153,wind,2017-11-02 23:00:00,day_ahead
2017-11-03 08:00:00,1290.5858424903001,wind,2017-11-02 23:00:00,day_ahead
2017-11-03 09:00:00,1190.3986604524866,wind,2017-11-02 23:00:00,day_ahead
2017-11-03 10:00:00,1112.298466752426,wind,2017-11-02 23:00:00,day_ahead
2017-11-03 11:00:00,1077.471579884107,wind,2017-11-02 23:00:00,day_ahead
2017-11-03 12:00:00,1086.5700007569158,wind,2017-11-02 23:00:00,day_ahead
2017-11-03 13:00:00,1123.686278008262,wind,2017-11-02 23:00:00,day_ahead
2017-11-03 14:00:00,1170.565478433745,wind,2017-11-02 23:00:00,day_ahead
2017-11-03 15:00:00,1218.5209152095342,wind,2017-11-02 23:00:00,day_ahead
2017-11-03 16:00:00,1269.0459871094768,wind,2017-11-02 23:00:00,day_ahead
2017-11-03 17:00:00,1325.1322207924425,wind,2017-11-02 23:00:00,day_ahead
2017-11-03 18:00:00,1383.2297928306884,wind,2017-11-02 23:00:00,day_ahead
2017-11-03 19:00:00,1433.648731183242,wind,2017-11-02 23:00:00,day_ahead
2017-11-03 20:00:00,1468.0132606708378,wind,2017-11-02 23:00:00,day_ahead
2017-11-03 21:00:00,1485.626605390326,wind,2017-11-02 23:00:00,day_ahead
2017-11-03 22:00:00,1492.6109143077445,wind,2017-11-02 23:00:00,day_ahead
2017-11-03 23:00:00,1495.6267677594392,wind,2017-11-02 23:00:00,day_ahead
2017-11-04 00:00:00,1505.003478948932,wind,2017-11-03 23:00:00,day_ahead
2017-11-04 01:00:00,1504.7423285778507,wind,2017-11-03 23:00:00,day_ahead
2017-11-04 02:00:00,1504.8219655646674,wind,2017-11-03 23:00:00,day_ahead
2017-11-04 03:00:00,1508.913705506374,wind,2017-11-03 23:00:00,day_ahead
2017-11-04 04:00:00,1517.2919700589118,wind,2017-11-03 23:00:00,day_ahead
2017-11-04 05:00:00,1520.9079272559993,wind,2017-11-03 23:00:00,day_ahead
2017-11-04 06:00:00,1503.0696911102855,wind,2017-11-03 23:00:00,day_ahead
2017-11-04 07:00:00,1450.6151975790199,wind,2017-11-03 23:00:00,day_ahead
2017-11-04 08:00:00,1366.7012644231131,wind,2017-11-03 23:00:00,day_ahead
2017-11-04 09:00:00,1273.783834206993,wind,2017-11-03 23:00:00,day_ahead
2017-11-04 10:00:00,1202.445033687492,wind,2017-11-03 23:00:00,day_ahead
2017-11-04 11:00:00,1173.6621729286903,wind,2017-11-03 23:00:00,day_ahead
2017-11-04 12:00:00,1188.03614306853,wind,2017-11-03 23:00:00,day_ahead
2017-11-04 13:00:00,1229.736932547882,wind,2017-11-03 23:00:00,day_ahead
2017-11-04 14:00:00,1280.575951312719,wind,2017-11-03 23:00:00,day_ahead
2017-11-04 15:00:00,1331.8213731623844,wind,2017-11-03 23:00:00,day_ahead
2017-11-04 16:00:00,1384.8447347247745,wind,2017-11-03 23:00:00,day_ahead
2017-11-04 17:00:00,1442.5560901782092,wind,2017-11-03 23:00:00,day_ahead
2017-11-04 18:00:00,1501.4251388733273,wind,2017-11-03 23:00:00,day_ahead
2017-11-04 19:00:00,1551.8137517318805,wind,2017-11-03 23:00:00,day_ahead
2017-11-04 20:00:00,1585.3073437541793,wind,2017-11-03 23:00:00,day_ahead
2017-11-04 21:00:00,1601.0490195937741,wind,2017-11-03 23:00:00,day_ahead
2017-11-04 22:00:00,1605.0016122944871,wind,2017-11-03 23:00:00,day_ahead
2017-11-04 23:00:00,1603.840530058782,wind,2017-11-03 23:00:00,day_ahead
2017-11-05 00:00:00,1611.2014936063358,wind,2017-11-04 23:00:00,day_ahead
2017-11-05 01:00:00,1605.3847939972625,wind,2017-11-04 23:00:00,day_ahead
2017-11-05 02:00:00,1599.0976850746579,wind,2017-11-04 23:00:00,day_ahead
2017-11-05 03:00:00,1596.1120246481396,wind,2017-11-04 23:00:00,day_ahead
2017-11-05 04:00:00,1596.7962384728573,wind,2017-11-04 23:00:00,day_ahead
2017-11-05 05:00:00,1592.1678919202186,wind,2017-11-04 23:00:00,day_ahead
2017-11-05 06:00:00,1565.5828040388908,wind,2017-11-04 23:00:00,day_ahead
2017-11-05 07:00:00,1503.9327911334371,wind,2017-11-04 23:00:00,day_ahead
2017-11-05 08:00:00,1410.4486164399225,wind,2017-11-04 23:00:00,day_ahead
2017-11-05 09:00:00,1307.6708798865332,wind,2017-11-04 23:00:00,day_ahead
2017-11-05 10:00:00,1226.2577655641887,wind,2017-11-04 23:00:00,day_ahead
2017-11-05 11:00:00,1187.2477059686173,wind,2017-11-04 23:00:00,day_ahead
2017-11-05 12:00:00,1191.3017214321512,wind,2017-11-04 23:00:00,day_ahead
2017-11-05 13:00:00,1222.6667679323716,wind,2017-11-04 23:00:00,day_ahead
2017-11-05 14:00:00,1263.2473594317848,wind,2017-11-04 23:00:00,day_ahead
2017-11-05 15:00:00,1304.3981613455426,wind,2017-11-04 23:00:00,day_ahead
2017-11-05 16:00:00,1347.5470120761725,wind,2017-11-04 23:00:00,day_ahead
2017-11-05 17:00:00,1395.6311600220988,wind,2017-11-04 23:00:00,day_ahead
2017-11-05 18:00:00,1445.147179719547,wind,2017-11-04 23:00:00,day_ahead
2017-11-05 19:00:00,1486.515074511322,wind,2017-11-04 23:00:00,day_ahead
2017-11-05 20:00:00,1511.4137617791157,wind,2017-11-04 23:00:00,day_ahead
2017-11-05 21:00:00,1519.0857540839831,wind,2017-11-04 23:00:00,day_ahead
2017-11-05 22:00:00,1515.5614353107,wind,2017-11-04 23:00:00,day_ahead
2017-11-05 23:00:00,1507.5395865372286,wind,2017-11-04 23:00:00,day_ahead
2017-11-06 00:00:00,1524.1613212165307,wind,2017-11-05 23:00:00,day_ahead
2017-11-06 01:00:00,1512.8277715914653,wind,2017-11-05 23:00:00,day_ahead
2017-11-06 02:00:00,1501.6997714739025,wind,2017-11-05 23:00:00,day_ahead
2017-11-06 03:00:00,1494.5657055148013,wind,2017-11-05 23:00:00,day_ahead
2017-11-06 04:00:00,1491.8664405964182,wind,2017-11-05 23:00:00,day_ahead
2017-11-06 05:00:00,1484.6817721915315,wind,2017-11-05 23:00:00,day_ahead
2017-11-06 06:00:00,1456.350260457252,wind,2017-11-05 23:00:00,day_ahead
2017-11-06 07:00:00,1393.6658631390533,wind,2017-11-05 23:00:00,day_ahead
2017-11-06 08:00:00,1299.7538672228177,wind,2017-11-05 23:00:00,day_ahead
2017-11-06 09:00:00,1197.121433232996,wind,2017-11-05 23:00:00,day_ahead
2017-11-06 10:00:00,1116.4756188359927,wind,2017-11-05 23:00:00,day_ahead
2017-11-06 11:00:00,1078.9164048343857,wind,2017-11-05 23:00:00,day_ahead
2017-11-06 12:00:00,1085.0950083965888,wind,2017-11-05 23:00:00,day_ahead
2017-11-06 13:00:00,1119.1569093498065,wind,2017-11-05 23:00:00,day_ahead
2017-11-06 14:00:00,1162.8724643559979,wind,2017-11-05 23:00:00,day_ahead
2017-11-06 15:00:00,1207.5078032196816,wind,2017-11-05 23:00:00,day_ahead
2017-11-06 16:00:00,1254.4704969541394,wind,2017-11-05 23:00:00,day_ahead
2017-11-06 17:00:00,1306.6963430002222,wind,2017-11-05 23:00:00,day_ahead
2017-11-06 18:00:00,1360.6335097718686,wind,2017-11-05 23:00:00,day_ahead
2017-11-06 19:00:00,1406.5942382940916,wind,2017-11-05 23:00:00,day_ahead
2017-11-06 20:00:00,1436.1441782021018,wind,2017-11-05 23:00:00,day_ahead
2017-11-06 21:00:00,1448.4712094954486,wind,2017-11-05 23:00:00,day_ahead
2017-11-06 22:00:00,1449.6173419173715,wind,2017-11-05 23:00:00,day_ahead
2017-11-06 23:00:00,1446.3014230561657,wind,2017-11-05 23:00:00,day_ahead
2017-11-07 00:00:00,1430.4127121180231,wind,2017-11-06 23:00:00,day_ahead
2017-11-07 01:00:00,1424.0719394510181,wind,2017-11-06 23:00:00,day_ahead
2017-11-07 02:00:00,1417.5648564143482,wind,2017-11-06 23:00:00,day_ahead
2017-11-07 03:00:00,1414.7291543886304,wind,2017-11-06 23:00:00,day_ahead
2017-11-07 04:00:00,1416.1584442286612,wind,2017-11-06 23:00:00,day_ahead
2017-11-07 05:00:00,1413.0331507940532,wind,2017-11-06 23:00:00,day_ahead
2017-11-07 06:00:00,1388.6513249737438,wind,2017-11-06 23:00:00,day_ahead
2017-11-07 07:00:00,1329.6672316906088,wind,2017-11-06 23:00:00,day_ahead
2017-11-07 08:00:00,1239.0818539916247,wind,2017-11-06 23:00:00,day_ahead
2017-11-07 09:00:00,1139.368432763044,wind,2017-11-06 23:00:00,day_ahead
2017-11-07 10:00:00,1061.2718169555776,wind,2017-11-06 23:00:00,day_ahead
2017-11-07 11:00:00,1025.935948005364,wind,2017-11-06 23:00:00,day_ahead
2017-11-07 12:00:00,1034.034642432316,wind,2017-11-06 23:00:00,day_ahead
2017-11-07 13:00:00,1069.7516462409167,wind,2017-11-06 23:00:00,day_ahead
2017-11-07 14:00:00,1114.9541848065505,wind,2017-11-06 23:00:00,day_ahead
2017-11-07 15:00:00,1161.0387240637024,wind,2017-11-06 23:00:00,day_ahead
2017-11-07 16:00:00,1209.4845725196221,wind,2017-11-06 23:00:00,day_ahead
2017-11-07 17:00:00,1263.1692006406918,wind,2017-11-06 23:00:00,day_ahead
2017-11-07 18:00:00,1318.3893230088604,wind,2017-11-06 23:00:00,day_ahead
2017-11-07 19:00:00,1365.348018324924,wind,2017-11-06 23:00:00,day_ahead
2017-11-07 20:00:00,1395.6644716992896,wind,2017-11-06 23:00:00,day_ahead
2017-11-07 21:00:00,1408.7324089518079,wind,2017-11-06 23:00:00,day_ahead
2017-11-07 22:00:00,1410.8067727768446,wind,2017-11-06 23:00:00,day_ahead
2017-11-07 23:00:00,1408.6675221622995,wind,2017-11-06 23:00:00,day_ahead
2017-11-08 00:00:00,1403.8332499273297,wind,2017-11-07 23:00:00,day_ahead
2017-11-08 01:00:00,1398.1059522446471,wind,2017-11-07 23:00:00,day_ahead
2017-11-08 02:00:00,1392.4956111753722,wind,2017-11-07 23:00:00,day_ahead
2017-11-08 03:00:00,1390.877215689513,wind,2017-11-07 23:00:00,day_ahead
2017-11-08 04:00:00,1393.7619143116128,wind,2017-11-07 23:00:00,day_ahead
2017-11-08 05:00:00,1392.245789299919,wind,2017-11-07 23:00:00,day_ahead
2017-11-08 06:00:00,1369.6205845914046,wind,2017-11-07 23:00:00,day_ahead
2017-11-08 07:00:00,1312.5858964673466,wind,2017-11-07 23:00:00,day_ahead
2017-11-08 08:00:00,1224.1553919303901,wind,2017-11-07 23:00:00,day_ahead
2017-11-08 09:00:00,1126.7454611414705,wind,2017-11-07 23:00:00,day_ahead
2017-11-08 10:00:00,1051.0314496273666,wind,2017-11-07 23:00:00,day_ahead
2017-11-08 11:00:00,1018.1629977710481,wind,2017-11-07 23:00:00,day_ahead
2017-11-08 12:00:00,1028.9090251936511,wind,2017-11-07 23:00:00,day_ahead
2017-11-08 13:00:00,1067.546534355587,wind,2017-11-07 23:00:00,day_ahead
2017-11-08 14:00:00,1115.919921571943,wind,2017-11-07 23:00:00,day_ahead
2017-11-08 15:00:00,1165.2676285551333,wind,2017-11-07 23:00:00,day_ahead
2017-11-08 16:00:00,1216.8836729420666,wind,2017-11-07 23:00:00,day_ahead
2017-11-08 17:00:00,1273.573088100547,wind,2017-11-07 23:00:00,day_ahead
2017-11-08 18:00:00,1331.7105219254686,wind,2017-11-07 23:00:00,day_ahead
2017-11-08 19:00:00,1381.6198201618477,wind,2017-11-07 23:00:00,day_ahead
2017-11-08 20:00:00,1414.9279939922837,wind,2017-11-07 23:00:00,day_ahead
2017-11-08 21:00:00,1430.8674263532853,wind,2017-11-07 23:00:00,day_ahead
2017-11-08 22:00:00,1435.4639276835703,wind,2017-11-07 23:00:00,day_ahead
2017-11-08 23:00:00,1435.3707561590804,wind,2017-11-07 23:00:00,day_ahead
2017-11-09 00:00:00,1476.3817078049378,wind,2017-11-08 23:00:00,day_ahead
2017-11-09 01:00:00,1472.277937677675,wind,2017-11-08 23:00:00,day_ahead
2017-11-09 02:00:00,1467.9315047477373,wind,2017-11-08 23:00:00,day_ahead
2017-11-09 03:00:00,1467.1949401525455,wind,2017-11-08 23:00:00,day_ahead
2017-11-09 04:00:00,1470.6144275114302,wind,2017-11-08 23:00:00,day_ahead
2017-11-09 05:00:00,1469.3066907233326,wind,2017-11-08 23:00:00,day_ahead
2017-11-09 06:00:00,1446.5206079997577,wind,2017-11-08 23:00:00,day_ahead
2017-11-09 07:00:00,1388.8710217772239,wind,2017-11-08 23:00:00,day_ahead
2017-11-09 08:00:00,1299.3159134691962,wind,2017-11-08 23:00:00,day_ahead
2017-11-09 09:00:00,1200.2974910517569,wind,2017-11-08 23:00:00,day_ahead
2017-11-09 10:00:00,1122.584356003163,wind,2017-11-08 23:00:00,day_ahead
2017-11-09 11:00:00,1087.4224495135315,wind,2017-11-08 23:00:00,day_ahead
2017-11-09 12:00:00,1095.6260475060274,wind,2017-11-08 23:00:00,day_ahead
2017-11-09 13:00:00,1131.4670013578093,wind,2017-11-08 23:00:00,day_ahead
2017-11-09 14:00:00,1176.7755859940269,wind,2017-11-08 23:00:00,day_ahead
2017-11-09 15:00:00,1222.7984189285214,wind,2017-11-08 23:00:00,day_ahead
2017-11-09 16:00:00,1270.8484382021106,wind,2017-11-08 23:00:00,day_ahead
2017-11-09 17:00:00,1323.7266432808835,wind,2017-11-08 23:00:00,day_ahead
2017-11-09 18:00:00,1377.774899373393,wind,2017-11-08 23:00:00,day_ahead
2017-11-09 19:00:00,1423.3000710792896,wind,2017-11-08 23:00:00,day_ahead
2017-11-09 20:00:00,1451.9879122315,wind,2017-11-08 23:00:00,day_ahead
2017-11-09 21:00:00,1463.2190131335992,wind,2017-11-08 23:00:00,day_ahead
2017-11-09 22:00:00,1463.1989161901877,wind,2017-11-08 23:00:00,day_ahead
2017-11-09 23:00:00,1458.7041615154553,wind,2017-11-08 23:00:00,day_ahead
2017-11-10 00:00:00,1471.8392935613167,wind,2017-11-09 23:00:00,day_ahead
2017-11-10 01:00:00,1463.7943278338844,wind,2017-11-09 23:00:00,day_ahead
2017-11-10 02:00:00,1455.7090573941996,wind,2017-11-09 23:00:00,day_ahead
2017-11-10 03:00:00,1451.508444345313,wind,2017-11-09 23:00:00,day_ahead
2017-11-10 04:00:00,1451.8429966875296,wind,2017-11-09 23:00:00,day_ahead
2017-11-10 05:00:00,1447.910097742301,wind,2017-11-09 23:00:00,day_ahead
2017-11-10 06:00:00,1422.9745532394677,wind,2017-11-09 23:00:00,day_ahead
2017-11-10 07:00:00,1363.6229882737994,wind,2017-11-09 23:00:00,day_ahead
2017-11-10 08:00:00,1272.8090474175413,wind,2017-11-09 23:00:00,day_ahead
2017-11-10 09:00:00,1173.044652394158,wind,2017-11-09 23:00:00,day_ahead
2017-11-10 10:00:00,1095.2215587292642,wind,2017-11-09 23:00:00,day_ahead
2017-11-10 11:00:00,1060.6845258458661,wind,2017-11-09 23:00:00,day_ahead
2017-11-10 12:00:00,1070.2574991093002,wind,2017-11-09 23:00:00,day_ahead
2017-11-10 13:00:00,1108.1413750230488,wind,2017-11-09 23:00:00,day_ahead
2017-11-10 14:00:00,1156.0888961751484,wind,2017-11-09 23:00:00,day_ahead
2017-11-10 15:00:00,1205.332932531274,wind,2017-11-09 23:00:00,day_ahead
2017-11-10 16:00:00,1257.2384679792629,wind,2017-11-09 23:00:00,day_ahead
2017-11-10 17:00:00,1314.6589953601622,wind,2017-11-09 23:00:00,day_ahead
2017-11-10 18:00:00,1373.9205982563087,wind,2017-11-09 23:00:00,day_ahead
2017-11-10 19:00:00,1425.2380948634354,wind,2017-11-09 23:00:00,day_ahead
2017-11-10 20:00:00,1460.1850275641107,wind,2017-11-09 23:00:00,day_ahead
2017-11-10 21:00:00,1478.0723782547543,wind,2017-11-09 23:00:00,day_ahead
2017-11-10 22:00:00,1485.0887225499343,wind,2017-11-09 23:00:00,day_ahead
2017-11-10 23:00:00,1488.0001381135082,wind,2017-11-09 23:00:00,day_ahead
2017-11-11 00:00:00,1490.6364274815207,wind,2017-11-10 23:00:00,day_ahead
2017-11-11 01:00:00,1491.0159471525503,wind,2017-11-10 23:00:00,day_ahead
2017-11-11 02:00:00,1491.2763373901223,wind,2017-11-10 23:00:00,day_ahead
2017-11-11 03:00:00,1495.3015224987528,wind,2017-11-10 23:00:00,day_ahead
2017-11-11 04:00:00,1503.8500460851972,wind,2017-11-10 23:00:00,day_ahead
2017-11-11 05:00:00,1508.2106703733741,wind,2017-11-10 23:00:00,day_ahead
2017-11-11 06:00:00,1491.5865138006834,wind,2017-11-10 23:00:00,day_ahead
2017-11-11 07:00:00,1440.3566961209585,wind,2017-11-10 23:00:00,day_ahead
2017-11-11 08:00:00,1357.2505945655096,wind,2017-11-10 23:00:00,day_ahead
2017-11-11 09:00:00,1264.6629926945454,wind,2017-11-10 23:00:00,day_ahead
2017-11-11 10:00:00,1193.4882770856207,wind,2017-11-10 23:00:00,day_ahead
2017-11-11 11:00:00,1165.1053518118933,wind,2017-11-10 23:00:00,day_ahead
2017-11-11 12:00:00,1180.3173025732353,wind,2017-11-10 23:00:00,day_ahead
2017-11-11 13:00:00,1223.247825284263,wind,2017-11-10 23:00:00,day_ahead
2017-11-11 14:00:00,1275.582256883692,wind,2017-11-10 23:00:00,day_ahead
2017-11-11 15:00:00,1328.539365124478,wind,2017-11-10 23:00:00,day_ahead
2017-11-11 16:00:00,1383.4860293449303,wind,2017-11-10 23:00:00,day_ahead
2017-11-11 17:00:00,1443.216437958606,wind,2017-11-10 23:00:00,day_ahead
2017-11-11 18:00:00,1503.9166312129628,wind,2017-11-10 23:00:00,day_ahead
2017-11-11 19:00:00,1555.6640438399531,wind,2017-11-10 23:00:00,day_ahead
2017-11-11 20:00:00,1590.0169342177528,wind,2017-11-10 23:00:00,day_ahead
2017-11-11 21:00:00,1606.4269733108108,wind,2017-11-10 23:00:00,day_ahead
2017-11-11 22:00:00,1611.2742555110276,wind,2017-11-10 23:00:00,day_ahead
2017-11-11 23:00:00,1611.4024595050469,wind,2017-11-10 23:00:00,day_ahead
2017-11-12 00:00:00,1574.8520257759994,wind,2017-11-11 23:00:00,day_ahead
2017-11-12 01:00:00,1570.5637918919497,wind,2017-11-11 23:00:00,day_ahead
2017-11-12 02:00:00,1565.3726633845451,wind,2017-11-11 23:00:00,day_ahead
2017-11-12 03:00:00,1563.2269677862346,wind,2017-11-11 23:00:00,day_ahead
2017-11-12 04:00:00,1564.9258362604046,wind,2017-11-11 23:00:00,day_ahead
2017-11-12 05:00:00,1561.7868989149513,wind,2017-11-11 23:00:00,day_ahead
2017-11-12 06:00:00,1537.0500321996935,wind,2017-11-11 23:00:00,day_ahead
2017-11-12 07:00:00,1477.1466251473719,wind,2017-11-11 23:00:00,day_ahead
2017-11-12 08:00:00,1384.8656375225244,wind,2017-11-11 23:00:00,day_ahead
2017-11-12 09:00:00,1282.6587633912584,wind,2017-11-11 23:00:00,day_ahead
2017-11-12 10:00:00,1201.4781945489044,wind,2017-11-11 23:00:00,day_ahead
2017-11-12 11:00:00,1162.7776946398178,wind,2017-11-11 23:00:00,day_ahead
2017-11-12 12:00:00,1167.4636955332105,wind,2017-11-11 23:00:00,day_ahead
2017-11-12 13:00:00,1199.7826425075145,wind,2017-11-11 23:00:00,day_ahead
2017-11-12 14:00:00,1241.5357009265222,wind,2017-11-11 23:00:00,day_ahead
2017-11-12 15:00:00,1284.0280320944364,wind,2017-11-11 23:00:00,day_ahead
2017-11-12 16:00:00,1328.683870706371,wind,2017-11-11 23:00:00,day_ahead
2017-11-12 17:00:00,1378.3473149134365,wind,2017-11-11 23:00:00,day_ahead
2017-11-12 18:00:00,1429.2682029881455,wind,2017-11-11 23:00:00,day_ahead
2017-11-12 19:00:00,1471.6021117327782,wind,2017-11-11 23:00:00,day_ahead
2017-11-12 20:00:00,1496.9796948955877,wind,2017-11-11 23:00:00,day_ahead
2017-11-12 21:00:00,1504.8996685954085,wind,2017-11-11 23:00:00,day_ahead
2017-11-12 22:00:00,1501.7657828168476,wind,2017-11-11 23:00:00,day_ahead
2017-11-12 23:00:00,1494.445656316954,wind,2017-11-11 23:00:00,day_ahead
2017-11-13 00:00:00,1491.657581034458,wind,2017-11-12 23:00:00,day_ahead
2017-11-13 01:00:00,1480.8163786912223,wind,2017-11-12 23:00:00,day_ahead
2017-11-13 02:00:00,1469.9639796290794,wind,2017-11-12 23:00:00,day_ahead
2017-11-13 03:00:00,1463.0376531143847,wind,2017-11-12 23:00:00,day_ahead
2017-11-13 04:00:00,1460.7566768407887,wind,2017-11-12 23:00:00,day_ahead
2017-11-13 05:00:00,1454.3579801938902,wind,2017-11-12 23:00:00,day_ahead
2017-11-13 06:00:00,1427.0359768519702,wind,2017-11-12 23:00:00,day_ahead
2017-11-13 07:00:00,1365.2027586595018,wind,2017-11-12 23:00:00,day_ahead
2017-11-13 08:00:00,1271.6316479852921,wind,2017-11-12 23:00:00,day_ahead
2017-11-13 09:00:00,1168.7614649341954,wind,2017-11-12 23:00:00,day_ahead
2017-11-13 10:00:00,1087.5538987447449,wind,2017-11-12 23:00:00,day_ahead
2017-11-13 11:00:00,1049.5015069905553,wind,2017-11-12 23:00:00,day_ahead
2017-11-13 12:00:00,1055.549140806565,wind,2017-11-12 23:00:00,day_ahead
2017-11-13 13:00:00,1089.9328849786775,wind,2017-11-12 23:00:00,day_ahead
2017-11-13 14:00:00,1134.3738109805454,wind,2017-11-12 23:00:00,day_ahead
2017-11-13 15:00:00,1180.0604735132945,wind,2017-11-12 23:00:00,day_ahead
2017-11-13 16:00:00,1228.3261171929325,wind,2017-11-12 23:00:00,day_ahead
2017-11-13 17:00:00,1281.982657800347,wind,2017-11-12 23:00:00,day_ahead
2017-11-13 18:00:00,1337.276178637508,wind,2017-11-12 23:00:00,day_ahead
2017-11-13 19:00:00,1384.3191335862025,wind,2017-11-12 23:00:00,day_ahead
2017-11-13 20:00:00,1414.621030381839,wind,2017-11-12 23:00:00,day_ahead
2017-11-13 21:00:00,1427.5167392553014,wind,2017-11-12 23:00:00,day_ahead
2017-11-13 22:00:00,1429.290675125386,wind,2017-11-12 23:00:00,day_ahead
2017-11-13 23:00:00,1426.802065958888,wind,2017-11-12 23:00:00,day_ahead
2017-11-14 00:00:00,1440.6328884349055,wind,2017-11-13 23:00:00,day_ahead
2017-11-14 01:00:00,1434.5829182994855,wind,2017-11-13 23:00:00,day_ahead
2017-11-14 02:00:00,1428.58761015038,wind,2017-11-13 23:00:00,day_ahead
2017-11-14 03:00:00,1426.5429456998404,wind,2017-11-13 23:00:00,day_ahead
2017-11-14 04:00:00,1429.0673469868536,wind,2017-11-13 23:00:00,day_ahead
2017-11-14 05:00:00,1427.307398394897,wind,2017-11-13 23:00:00,day_ahead
2017-11-14 06:00:00,1404.4149383078777,wind,2017-11-13 23:00:00,day_ahead
2017-11-14 07:00:00,1346.7909906712982,wind,2017-11-13 23:00:00,day_ahead
2017-11-14 08:00:00,1257.193312924167,wind,2017-11-13 23:00:00,day_ahead
2017-11-14 09:00:00,1158.030579355816,wind,2017-11-13 23:00:00,day_ahead
2017-11-14 10:00:00,1080.2441684037053,wind,2017-11-13 23:00:00,day_ahead
2017-11-14 11:00:00,1045.3414652671036,wind,2017-11-13 23:00:00,day_ahead
2017-11-14 12:00:00,1054.3087596365226,wind,2017-11-13 23:00:00,day_ahead
2017-11-14 13:00:00,1091.4132098435534,wind,2017-11-13 23:00:00,day_ahead
2017-11-14 14:00:00,1138.3726683674176,wind,2017-11-13 23:00:00,day_ahead
2017-11-14 15:00:00,1186.3589768146421,wind,2017-11-13 23:00:00,day_ahead
2017-11-14 16:00:00,1236.7236499211594,wind,2017-11-13 23:00:00,day_ahead
2017-11-14 17:00:00,1292.3541951335224,wind,2017-11-13 23:00:00,day_ahead
2017-11-14 18:00:00,1349.5898167357013,wind,2017-11-13 23:00:00,day_ahead
2017-11-14 19:00:00,1398.5763308286969,wind,2017-11-13 23:00:00,day_ahead
2017-11-14 20:00:00,1430.7518479965374,wind,2017-11-13 23:00:00,day_ahead
2017-11-14 21:00:00,1445.3135747210517,wind,2017-11-13 23:00:00,day_ahead
2017-11-14 22:00:00,1448.4443581550922,wind,2017-11-13 23:00:00,day_ahead
2017-11-14 23:00:00,1447.0251123401863,wind,2017-11-13 23:00:00,day_ahead
2017-11-15 00:00:00,1478.6712918669261,wind,2017-11-14 23:00:00,day_ahead
2017-11-15 01:00:00,1474.1447176528466,wind,2017-11-14 23:00:00,day_ahead
2017-11-15 02:00:00,1469.4177019339593,wind,2017-11-14 23:00:00,day_ahead
2017-11-15 03:00:00,1468.4044721939922,wind,2017-11-14 23:00:00,day_ahead
2017-11-15 04:00:00,1471.937570553382,wind,2017-11-14 23:00:00,day_ahead
2017-11-15 05:00:00,1471.3898458445117,wind,2017-11-14 23:00:00,day_ahead
2017-11-15 06:00:00,1449.9801512365118,wind,2017-11-14 23:00:00,day_ahead
2017-11-15 07:00:00,1394.0062472440773,wind,2017-11-14 23:00:00,day_ahead
2017-11-15 08:00:00,1306.0896026073406,wind,2017-11-14 23:00:00,day_ahead
2017-11-15 09:00:00,1208.6081882186204,wind,2017-11-14 23:00:00,day_ahead
2017-11-15 10:00:00,1132.5883840409474,wind,2017-11-14 23:00:00,day_ahead
2017-11-15 11:00:00,1099.63095656012,wind,2017-11-14 23:00:00,day_ahead
2017-11-15 12:00:00,1110.7267139659439,wind,2017-11-14 23:00:00,day_ahead
2017-11-15 13:00:00,1150.0750815927436,wind,2017-11-14 23:00:00,day_ahead
2017-11-15 14:00:00,1199.356169046729,wind,2017-11-14 23:00:00,day_ahead
2017-11-15 15:00:00,1249.796419887252,wind,2017-11-14 23:00:00,day_ahead
2017-11-15 16:00:00,1302.833109847821,wind,2017-11-14 23:00:00,day_ahead
2017-11-15 17:00:00,1361.3405603708493,wind,2017-11-14 23:00:00,day_ahead
2017-11-15 18:00:00,1421.489384026428,wind,2017-11-14 23:00:00,day_ahead
2017-11-15 19:00:00,1473.1997293973973,wind,2017-11-14 23:00:00,day_ahead
2017-11-15 20:00:00,1507.8046324139964,wind,2017-11-14 23:00:00,day_ahead
2017-11-15 21:00:00,1524.6041510175546,wind,2017-11-14 23:00:00,day_ahead
2017-11-15 22:00:00,1529.990209601302,wind,2017-11-14 23:00:00,day_ahead
2017-11-15 23:00:00,1530.9460855574393,wind,2017-11-14 23:00:00,day_ahead
2017-11-16 00:00:00,1499.5195860324313,wind,2017-11-15 23:00:00,day_ahead
2017-11-16 01:00:00,1497.4240627487434,wind,2017-11-15 23:00:00,day_ahead
2017-11-16 02:00:00,1494.5403266506155,wind,2017-11-15 23:00:00,day_ahead
2017-11-16 03:00:00,1494.8266346972148,wind,2017-11-15 23:00:00,day_ahead
2017-11-16 04:00:00,1499.3014505435112,wind,2017-11-15 23:00:00,day_ahead
2017-11-16 05:00:00,1499.471571269064,wind,2017-11-15 23:00:00,day_ahead
2017-11-16 06:00:00,1478.5162111767106,wind,2017-11-15 23:00:00,day_ahead
2017-11-16 07:00:00,1422.5719359707405,wind,2017-11-15 23:00:00,day_ahead
2017-11-16 08:00:00,1334.1375828074881,wind,2017-11-15 23:00:00,day_ahead
2017-11-16 09:00:00,1235.6147471402296,wind,2017-11-15 23:00:00,day_ahead
2017-11-16 10:00:00,1158.1582672461138,wind,2017-11-15 23:00:00,day_ahead
2017-11-16 11:00:00,1123.4671668714077,wind,2017-11-15 23:00:00,day_ahead
2017-11-16 12:00:00,1132.5143290511335,wind,2017-11-15 23:00:00,day_ahead
2017-11-16 13:00:00,1169.4104811095933,wind,2017-11-15 23:00:00,day_ahead
2017-11-16 14:00:00,1215.795490072761,wind,2017-11-15 23:00:00,day_ahead
2017-11-16 15:00:00,1262.965645849841,wind,2017-11-15 23:00:00,day_ahead
2017-11-16 16:00:00,1312.4771744801474,wind,2017-11-15 23:00:00,day_ahead
2017-11-16 17:00:00,1367.2586787751734,wind,2017-11-15 23:00:00,day_ahead
2017-11-16 18:00:00,1423.4342494060481,wind,2017-11-15 23:00:00,day_ahead
2017-11-16 19:00:00,1470.8688209937102,wind,2017-11-15 23:00:00,day_ahead
2017-11-16 20:00:00,1500.962345711341,wind,2017-11-15 23:00:00,day_ahead
2017-11-16 21:00:00,1513.2298321374224,wind,2017-11-15 23:00:00,day_ahead
2017-11-16 22:00:00,1514.2983355236374,wind,2017-11-15 23:00:00,day_ahead
2017-11-16 23:00:00,1511.2310957089574,wind,2017-11-15 23:00:00,day_ahead
2017-11-17 00:00:00,1458.2499320996183,wind,2017-11-16 23:00:00,day_ahead
2017-11-17 01:00:00,1451.8740924927279,wind,2017-11-16 23:00:00,day_ahead
2017-11-17 02:00:00,1444.9497315213896,wind,2017-11-16 23:00:00,day_ahead
2017-11-17 03:00:00,1441.4795798949633,wind,2017-11-16 23:00:00,day_ahead
2017-11-17 04:00:00,1442.5008639097134,wind,2017-11-16 23:00:00,day_ahead
2017-11-17 05:00:00,1439.55997883449,wind,2017-11-16 23:00:00,day_ahead
2017-11-17 06:00:00,1415.911769007907,wind,2017-11-16 23:00:00,day_ahead
2017-11-17 07:00:00,1357.7729501534661,wind,2017-11-16 23:00:00,day_ahead
2017-11-17 08:00:00,1267.682366916149,wind,2017-11-16 23:00:00,day_ahead
2017-11-17 09:00:00,1168.0314417804611,wind,2017-11-16 23:00:00,day_ahead
2017-11-17 10:00:00,1089.9522517852893,wind,2017-11-16 23:00:00,day_ahead
2017-11-17 11:00:00,1055.1580990757714,wind,2017-11-16 23:00:00,day_ahead
2017-11-17 12:00:00,1064.6859689978096,wind,2017-11-16 23:00:00,day_ahead
2017-11-17 13:00:00,1102.7232915335144,wind,2017-11-16 23:00:00,day_ahead
2017-11-17 14:00:00,1150.9479562611677,wind,2017-11-16 23:00:00,day_ahead
2017-11-17 15:00:00,1200.6395282722715,wind,2017-11-16 23:00:00,day_ahead
2017-11-17 16:00:00,1253.315321405348,wind,2017-11-16 23:00:00,day_ahead
2017-11-17 17:00:00,1311.8884003784217,wind,2017-11-16 23:00:00,day_ahead
2017-11-17 18:00:00,1372.5007710842087,wind,2017-11-16 23:00:00,day_ahead
2017-11-17 19:00:00,1425.0313411935288,wind,2017-11-16 23:00:00,day_ahead
2017-11-17 20:00:00,1460.8425962048987,wind,2017-11-16 23:00:00,day_ahead
2017-11-17 21:00:00,1479.3528437605057,wind,2017-11-16 23:00:00,day_ahead
2017-11-17 22:00:00,1487.0771748594286,wind,2017-11-16 23:00:00,day_ahead
2017-11-17 23:00:00,1491.0083828418144,wind,2017-11-16 23:00:00,day_ahead
2017-11-18 00:00:00,1453.1784236437215,wind,2017-11-17 23:00:00,day_ahead
2017-11-18 01:00:00,1454.515367392476,wind,2017-11-17 23:00:00,day_ahead
2017-11-18 02:00:00,1455.5724255278064,wind,2017-11-17 23:00:00,day_ahead
2017-11-18 03:00:00,1460.2815043285566,wind,2017-11-17 23:00:00,day_ahead
2017-11-18 04:00:00,1469.5978551253593,wind,2017-11-17 23:00:00,day_ahead
2017-11-18 05:00:00,1474.9882427759078,wind,2017-11-17 23:00:00,day_ahead
2017-11-18 06:00:00,1459.6339001796648,wind,2017-11-17 23:00:00,day_ahead
2017-11-18 07:00:00,1409.674405421442,wind,2017-11-17 23:00:00,day_ahead
2017-11-18 08:00:00,1327.5564823945715,wind,2017-11-17 23:00:00,day_ahead
2017-11-18 09:00:00,1235.565577920157,wind,2017-11-17 23:00:00,day_ahead
2017-11-18 10:00:00,1164.7302888052325,wind,2017-11-17 23:00:00,day_ahead
2017-11-18 11:00:00,1136.6818777543558,wind,2017-11-17 23:00:00,day_ahead
2017-11-18 12:00:00,1152.4022226951608,wind,2017-11-17 23:00:00,day_ahead
2017-11-18 13:00:00,1196.0386048536386,wind,2017-11-17 23:00:00,day_ahead
2017-11-18 14:00:00,1249.2261069473143,wind,2017-11-17 23:00:00,day_ahead
2017-11-18 15:00:00,1303.1916254120702,wind,2017-11-17 23:00:00,day_ahead
2017-11-18 16:00:00,1359.3979990452935,wind,2017-11-17 23:00:00,day_ahead
2017-11-18 17:00:00,1420.7149381140687,wind,2017-11-17 23:00:00,day_ahead
2017-11-18 18:00:00,1483.2555745610885,wind,2017-11-17 23:00:00,day_ahead
2017-11-18 19:00:00,1536.8747015333483,wind,2017-11-17 23:00:00,day_ahead
2017-11-18 20:00:00,1572.9037014689184,wind,2017-11-17 23:00:00,day_ahead
2017-11-18 21:00:00,1590.72327978779,wind,2017-11-17 23:00:00,day_ahead
2017-11-18 22:00:00,1596.8197252346968,wind,2017-11-17 23:00:00,day_ahead
2017-11-18 23:00:00,1598.1834627768842,wind,2017-11-17 23:00:00,day_ahead
2017-11-19 00:00:00,1575.751192925408,wind,2017-11-18 23:00:00,day_ahead
2017-11-19 01:00:00,1572.4530036761637,wind,2017-11-18 23:00:00,day_ahead
2017-11-19 02:00:00,1568.2282184440028,wind,2017-11-18 23:00:00,day_ahead
2017-11-19 03:00:00,1567.0463698841418,wind,2017-11-18 23:00:00,day_ahead
2017-11-19 04:00:00,1569.777314475055,wind,2017-11-18 23:00:00,day_ahead
2017-11-19 05:00:00,1567.7972696828062,wind,2017-11-18 23:00:00,day_ahead
2017-11-19 06:00:00,1544.3002409839073,wind,2017-11-18 23:00:00,day_ahead
2017-11-19 07:00:00,1485.5464287596214,wind,2017-11-18 23:00:00,day_ahead
2017-11-19 08:00:00,1394.1219801563686,wind,2017-11-18 23:00:00,day_ahead
2017-11-19 09:00:00,1292.3858520949318,wind,2017-11-18 23:00:00,day_ahead
2017-11-19 10:00:00,1211.378291597997,wind,2017-11-18 23:00:00,day_ahead
2017-11-19 11:00:00,1172.7616325904228,wind,2017-11-18 23:00:00,day_ahead
2017-11-19 12:00:00,1177.6360567439533,wind,2017-11-18 23:00:00,day_ahead
2017-11-19 13:00:00,1210.3347241029742,wind,2017-11-18 23:00:00,day_ahead
2017-11-19 14:00:00,1252.6577202626356,wind,2017-11-18 23:00:00,day_ahead
2017-11-19 15:00:00,1295.9094342318504,wind,2017-11-18 23:00:00,day_ahead
2017-11-19 16:00:00,1341.565460333608,wind,2017-11-18 23:00:00,day_ahead
2017-11-19 17:00:00,1392.529279941336,wind,2017-11-18 23:00:00,day_ahead
2017-11-19 18:00:00,1445.0236543477315,wind,2017-11-18 23:00:00,day_ahead
2017-11-19 19:00:00,1489.049315299659,wind,2017-11-18 23:00:00,day_ahead
2017-11-19 20:00:00,1516.0219239314247,wind,2017-11-18 23:00:00,day_ahead
2017-11-19 21:00:00,1525.291486965438,wind,2017-11-18 23:00:00,day_ahead
2017-11-19 22:00:00,1523.2560756343846,wind,2017-11-18 23:00:00,day_ahead
2017-11-19 23:00:00,1516.886019268213,wind,2017-11-18 23:00:00,day_ahead
2017-11-20 00:00:00,1478.0849756908533,wind,2017-11-19 23:00:00,day_ahead
2017-11-20 01:00:00,1468.746719681961,wind,2017-11-19 23:00:00,day_ahead
2017-11-20 02:00:00,1458.9897781688849,wind,2017-11-19 23:00:00,day_ahead
2017-11-20 03:00:00,1452.8946437671793,wind,2017-11-19 23:00:00,day_ahead
2017-11-20 04:00:00,1451.5215042132838,wind,2017-11-19 23:00:00,day_ahead
2017-11-20 05:00:00,1446.3720503930485,wind,2017-11-19 23:00:00,day_ahead
2017-11-20 06:00:00,1420.612427773813,wind,2017-11-19 23:00:00,day_ahead
2017-11-20 07:00:00,1360.3607935245604,wind,2017-11-19 23:00:00,day_ahead
2017-11-20 08:00:00,1268.0690779813547,wind,2017-11-19 23:00:00,day_ahead
2017-11-20 09:00:00,1166.0611223673143,wind,2017-11-19 23:00:00,day_ahead
2017-11-20 10:00:00,1085.4279750568958,wind,2017-11-19 23:00:00,day_ahead
2017-11-20 11:00:00,1047.8809686926377,wind,2017-11-19 23:00:00,day_ahead
2017-11-20 12:00:00,1054.4996389397752,wind,2017-11-19 23:00:00,day_ahead
2017-11-20 13:00:00,1089.540141385245,wind,2017-11-19 23:00:00,day_ahead
2017-11-20 14:00:00,1134.7349458340536,wind,2017-11-19 23:00:00,day_ahead
2017-11-20 15:00:00,1181.3679547887666,wind,2017-11-19 23:00:00,day_ahead
2017-11-20 16:00:00,1230.9081222370073,wind,2017-11-19 23:00:00,day_ahead
2017-11-20 17:00:00,1286.20223987156,wind,2017-11-19 23:00:00,day_ahead
2017-11-20 18:00:00,1343.3507347425589,wind,2017-11-19 23:00:00,day_ahead
2017-11-20 19:00:00,1392.2283646980156,wind,2017-11-19 23:00:00,day_ahead
2017-11-20 20:00:00,1424.2028484941036,wind,2017-11-19 23:00:00,day_ahead
2017-11-20 21:00:00,1438.6659800728107,wind,2017-11-19 23:00:00,day_ahead
2017-11-20 22:00:00,1442.0623874280443,wind,2017-11-19 23:00:00,day_ahead
2017-11-20 23:00:00,1441.304583549112,wind,2017-11-19 23:00:00,day_ahead
2017-11-21 00:00:00,1394.1741526364278,wind,2017-11-20 23:00:00,day_ahead
2017-11-21 01:00:00,1390.1131865031111,wind,2017-11-20 23:00:00,day_ahead
2017-11-21 02:00:00,1385.4939139016158,wind,2017-11-20 23:00:00,day_ahead
2017-11-21 03:00:00,1384.3474157278138,wind,2017-11-20 23:00:00,day_ahead
2017-11-21 04:00:00,1387.6971734069837,wind,2017-11-20 23:00:00,day_ahead
2017-11-21 05:00:00,1387.0269644917632,wind,2017-11-20 23:00:00,day_ahead
2017-11-21 06:00:00,1365.4982459859875,wind,2017-11-20 23:00:00,day_ahead
2017-11-21 07:00:00,1309.2221995045165,wind,2017-11-20 23:00:00,day_ahead
2017-11-21 08:00:00,1220.6282038974068,wind,2017-11-20 23:00:00,day_ahead
2017-11-21 09:00:00,1122.0030785995668,wind,2017-11-20 23:00:00,day_ahead
2017-11-21 10:00:00,1044.4024850388464,wind,2017-11-20 23:00:00,day_ahead
2017-11-21 11:00:00,1009.5227181841474,wind,2017-11-20 23:00:00,day_ahead
2017-11-21 12:00:00,1018.4551579525905,wind,2017-11-20 23:00:00,day_ahead
2017-11-21 13:00:00,1055.4848230582015,wind,2017-11-20 23:00:00,day_ahead
2017-11-21 14:00:00,1102.3734776167069,wind,2017-11-20 23:00:00,day_ahead
2017-11-21 15:00:00,1150.425712396051,wind,2017-11-20 23:00:00,day_ahead
2017-11-21 16:00:00,1201.1270299153034,wind,2017-11-20 23:00:00,day_ahead
2017-11-21 17:00:00,1257.347751702024,wind,2017-11-20 23:00:00,day_ahead
2017-11-21 18:00:00,1315.2245554975857,wind,2017-11-20 23:00:00,day_ahead
2017-11-21 19:00:00,1364.6760505454483,wind,2017-11-20 23:00:00,day_ahead
2017-11-21 20:00:00,1397.1109524614149,wind,2017-11-20 23:00:00,day_ahead
2017-11-21 21:00:00,1411.953389166336,wind,2017-11-20 23:00:00,day_ahead
2017-11-21 22:00:00,1415.6746634650967,wind,2017-11-20 23:00:00,day_ahead
2017-11-21 23:00:00,1415.2149669891114,wind,2017-11-20 23:00:00,day_ahead
2017-11-22 00:00:00,1396.5724910965596,wind,2017-11-21 23:00:00,day_ahead
2017-11-22 01:00:00,1392.2413581782691,wind,2017-11-21 23:00:00,day_ahead
2017-11-22 02:00:00,1387.735308726999,wind,2017-11-21 23:00:00,day_ahead
2017-11-22 03:00:00,1386.9861791163612,wind,2017-11-21 23:00:00,day_ahead
2017-11-22 04:00:00,1390.8410803506574,wind,2017-11-21 23:00:00,day_ahead
2017-11-22 05:00:00,1390.7291074913721,wind,2017-11-21 23:00:00,day_ahead
2017-11-22 06:00:00,1369.920130669711,wind,2017-11-21 23:00:00,day_ahead
2017-11-22 07:00:00,1314.6570863424229,wind,2017-11-21 23:00:00,day_ahead
2017-11-22 08:00:00,1227.3620645363335,wind,2017-11-21 23:00:00,day_ahead
2017-11-22 09:00:00,1130.1647015954827,wind,2017-11-21 23:00:00,day_ahead
2017-11-22 10:00:00,1053.9669101183983,wind,2017-11-21 23:00:00,day_ahead
2017-11-22 11:00:00,1020.4734631048382,wind,2017-11-21 23:00:00,day_ahead
2017-11-22 12:00:00,1030.9452569051996,wind,2017-11-21 23:00:00,day_ahead
2017-11-22 13:00:00,1069.8347910467585,wind,2017-11-21 23:00:00,day_ahead
2017-11-22 14:00:00,1118.9085429286863,wind,2017-11-21 23:00:00,day_ahead
2017-11-22 15:00:00,1169.3172817841992,wind,2017-11-21 23:00:00,day_ahead
2017-11-22 16:00:00,1222.3969105828478,wind,2017-11-21 23:00:00,day_ahead
2017-11-22 17:00:00,1281.0223282959312,wind,2017-11-21 23:00:00,day_ahead
2017-11-22 18:00:00,1341.463895849914,wind,2017-11-21 23:00:00,day_ahead
2017-11-22 19:00:00,1393.7187507411952,wind,2017-11-21 23:00:00,day_ahead
2017-11-22 20:00:00,1429.0606558038978,wind,2017-11-21 23:00:00,day_ahead
2017-11-22 21:00:00,1446.6050858470026,wind,2017-11-21 23:00:00,day_ahead
2017-11-22 22:00:00,1452.5621063749197,wind,2017-11-21 23:00:00,day_ahead
2017-11-22 23:00:00,1453.8622247678722,wind,2017-11-21 23:00:00,day_ahead
2017-11-23 00:00:00,1524.6571905544495,wind,2017-11-22 23:00:00,day_ahead
2017-11-23 01:00:00,1521.4691661738393,wind,2017-11-22 23:00:00,day_ahead
2017-11-23 02:00:00,1518.093357966054,wind,2017-11-22 23:00:00,day_ahead
2017-11-23 03:00:00,1518.414752119145,wind,2017-11-22 23:00:00,day_ahead
2017-11-23 04:00:00,1523.1326270865447,wind,2017-11-22 23:00:00,day_ahead
2017-11-23 05:00:00,1523.542799279806,wind,2017-11-22 23:00:00,day_ahead
2017-11-23 06:00:00,1502.87401577116,wind,2017-11-22 23:00:00,day_ahead
2017-11-23 07:00:00,1447.3975523854217,wind,2017-11-22 23:00:00,day_ahead
2017-11-23 08:00:00,1359.5507662744492,wind,2017-11-22 23:00:00,day_ahead
2017-11-23 09:00:00,1261.418040670767,wind,2017-11-22 23:00:00,day_ahead
2017-11-23 10:00:00,1183.8330952788551,wind,2017-11-22 23:00:00,day_ahead
2017-11-23 11:00:00,1148.4880089487915,wind,2017-11-22 23:00:00,day_ahead
2017-11-23 12:00:00,1156.716825356018,wind,2017-11-22 23:00:00,day_ahead
2017-11-23 13:00:00,1193.0747183818353,wind,2017-11-22 23:00:00,day_ahead
2017-11-23 14:00:00,1239.371504690049,wind,2017-11-22 23:00:00,day_ahead
2017-11-23 15:00:00,1286.7126400330353,wind,2017-11-22 23:00:00,day_ahead
2017-11-23 16:00:00,1336.364321077983,wind,2017-11-22 23:00:00,day_ahead
2017-11-23 17:00:00,1391.202744026314,wind,2017-11-22 23:00:00,day_ahead
2017-11-23 18:00:00,1447.5988704539416,wind,2017-11-22 23:00:00,day_ahead
2017-11-23 19:00:00,1495.6772678696184,wind,2017-11-22 23:00:00,day_ahead
2017-11-23 20:00:00,1526.761900461893,wind,2017-11-22 23:00:00,day_ahead
2017-11-23 21:00:00,1539.9124627206372,wind,2017-11-22 23:00:00,day_ahead
2017-11-23 22:00:00,1541.2619491542807,wind,2017-11-22 23:00:00,day_ahead
2017-11-23 23:00:00,1537.767849685335,wind,2017-11-22 23:00:00,day_ahead
2017-11-24 00:00:00,1584.7893305768034,wind,2017-11-23 23:00:00,day_ahead
2017-11-24 01:00:00,1577.7294215254435,wind,2017-11-23 23:00:00,day_ahead
2017-11-24 02:00:00,1570.412453474802,wind,2017-11-23 23:00:00,day_ahead
2017-11-24 03:00:00,1566.7091204554843,wind,2017-11-23 23:00:00,day_ahead
2017-11-24 04:00:00,1567.5232890666516,wind,2017-11-23 23:00:00,day_ahead
2017-11-24 05:00:00,1564.4516822948713,wind,2017-11-23 23:00:00,day_ahead
2017-11-24 06:00:00,1540.9545469855918,wind,2017-11-23 23:00:00,day_ahead
2017-11-24 07:00:00,1483.3861058567695,wind,2017-11-23 23:00:00,day_ahead
2017-11-24 08:00:00,1394.1572029724791,wind,2017-11-23 23:00:00,day_ahead
2017-11-24 09:00:00,1295.2995742556097,wind,2017-11-23 23:00:00,day_ahead
2017-11-24 10:00:00,1217.6074944775894,wind,2017-11-23 23:00:00,day_ahead
2017-11-24 11:00:00,1182.7292366032939,wind,2017-11-23 23:00:00,day_ahead
2017-11-24 12:00:00,1191.9362698190241,wind,2017-11-23 23:00:00,day_ahead
2017-11-24 13:00:00,1229.7411376594348,wind,2017-11-23 23:00:00,day_ahead
2017-11-24 14:00:00,1277.9948889828815,wind,2017-11-23 23:00:00,day_ahead
2017-11-24 15:00:00,1327.936278350285,wind,2017-11-23 23:00:00,day_ahead
2017-11-24 16:00:00,1380.9689806871584,wind,2017-11-23 23:00:00,day_ahead
2017-11-24 17:00:00,1439.9875942467534,wind,2017-11-23 23:00:00,day_ahead
2017-11-24 18:00:00,1501.2204405934235,wind,2017-11-23 23:00:00,day_ahead
2017-11-24 19:00:00,1554.5855956079672,wind,2017-11-23 23:00:00,day_ahead
2017-11-24 20:00:00,1591.3019437022326,wind,2017-11-23 23:00:00,day_ahead
2017-11-24 21:00:00,1610.511404625943,wind,2017-11-23 23:00:00,day_ahead
2017-11-24 22:00:00,1618.5336853930216,wind,2017-11-23 23:00:00,day_ahead
2017-11-24 23:00:00,1622.4248934813409,wind,2017-11-23 23:00:00,day_ahead
2017-11-25 00:00:00,1650.9609153733738,wind,2017-11-24 23:00:00,day_ahead
2017-11-25 01:00:00,1652.108836077642,wind,2017-11-24 23:00:00,day_ahead
2017-11-25 02:00:00,1653.1445741524833,wind,2017-11-24 23:00:00,day_ahead
2017-11-25 03:00:00,1657.8399721981589,wind,2017-11-24 23:00:00,day_ahead
2017-11-25 04:00:00,1667.0607112640275,wind,2017-11-24 23:00:00,day_ahead
2017-11-25 05:00:00,1672.4058002542195,wind,2017-11-24 23:00:00,day_ahead
2017-11-25 06:00:00,1657.325266852429,wind,2017-11-24 23:00:00,day_ahead
2017-11-25 07:00:00,1608.104425439561,wind,2017-11-24 23:00:00,day_ahead
2017-11-25 08:00:00,1527.0234377405586,wind,2017-11-24 23:00:00,day_ahead
2017-11-25 09:00:00,1435.9639860490418,wind,2017-11-24 23:00:00,day_ahead
2017-11-25 10:00:00,1365.6050067588087,wind,2017-11-24 23:00:00,day_ahead
2017-11-25 11:00:00,1337.538416727064,wind,2017-11-24 23:00:00,day_ahead
2017-11-25 12:00:00,1353.0176178210504,wind,2017-11-24 23:00:00,day_ahead
2017-11-25 13:00:00,1396.5310085349931,wind,2017-11-24 23:00:00,day_ahead
2017-11-25 14:00:00,1449.8681202476876,wind,2017-11-24 23:00:00,day_ahead
2017-11-25 15:00:00,1504.1715255779563,wind,2017-11-24 23:00:00,day_ahead
2017-11-25 16:00:00,1560.7422356249492,wind,2017-11-24 23:00:00,day_ahead
2017-11-25 17:00:00,1622.3945374726777,wind,2017-11-24 23:00:00,day_ahead
2017-11-25 18:00:00,1685.3110569404735,wind,2017-11-24 23:00:00,day_ahead
2017-11-25 19:00:00,1739.3959731306404,wind,2017-11-24 23:00:00,day_ahead
2017-11-25 20:00:00,1775.879113925629,wind,2017-11-24 23:00:00,day_ahead
2017-11-25 21:00:00,1793.9316563064742,wind,2017-11-24 23:00:00,day_ahead
2017-11-25 22:00:00,1799.9094298159994,wind,2017-11-24 23:00:00,day_ahead
2017-11-25 23:00:00,1800.8916967703071,wind,2017-11-24 23:00:00,day_ahead
2017-11-26 00:00:00,1768.7768664569378,wind,2017-11-25 23:00:00,day_ahead
2017-11-26 01:00:00,1765.1625855123466,wind,2017-11-25 23:00:00,day_ahead
2017-11-26 02:00:00,1760.5348913014752,wind,2017-11-25 23:00:00,day_ahead
2017-11-26 03:00:00,1758.8956374615218,wind,2017-11-25 23:00:00,day_ahead
2017-11-26 04:00:00,1761.2324009448248,wind,2017-11-25 23:00:00,day_ahead
2017-11-26 05:00:00,1759.1262993263022,wind,2017-11-25 23:00:00,day_ahead
2017-11-26 06:00:00,1735.9594860629225,wind,2017-11-25 23:00:00,day_ahead
2017-11-26 07:00:00,1678.0156308577089,wind,2017-11-25 23:00:00,day_ahead
2017-11-26 08:00:00,1587.6723230031448,wind,2017-11-25 23:00:00,day_ahead
2017-11-26 09:00:00,1486.9384499553307,wind,2017-11-25 23:00:00,day_ahead
2017-11-26 10:00:00,1406.5623997869502,wind,2017-11-25 23:00:00,day_ahead
2017-11-26 11:00:00,1368.138258518924,wind,2017-11-25 23:00:00,day_ahead
2017-11-26 12:00:00,1372.9324419277573,wind,2017-11-25 23:00:00,day_ahead
2017-11-26 13:00:00,1405.5382682201362,wind,2017-11-25 23:00:00,day_ahead
2017-11-26 14:00:00,1447.936389520553,wind,2017-11-25 23:00:00,day_ahead
2017-11-26 15:00:00,1491.453674704842,wind,2017-11-25 23:00:00,day_ahead
2017-11-26 16:00:00,1537.4790478903003,wind,2017-11-25 23:00:00,day_ahead
2017-11-26 17:00:00,1588.821923912616,wind,2017-11-25 23:00:00,day_ahead
2017-11-26 18:00:00,1641.6596542516227,wind,2017-11-25 23:00:00,day_ahead
2017-11-26 19:00:00,1685.9756461713682,wind,2017-11-25 23:00:00,day_ahead
2017-11-26 20:00:00,1713.1497874040333,wind,2017-11-25 23:00:00,day_ahead
2017-11-26 21:00:00,1722.4707182874274,wind,2017-11-25 23:00:00,day_ahead
2017-11-26 22:00:00,1720.2901565805432,wind,2017-11-25 23:00:00,day_ahead
2017-11-26 23:00:00,1713.5844987539688,wind,2017-11-25 23:00:00,day_ahead
2017-11-27 00:00:00,1715.2404184704899,wind,2017-11-26 23:00:00,day_ahead
2017-11-27 01:00:00,1705.0287377363713,wind,2017-11-26 23:00:00,day_ahead
2017-11-27 02:00:00,1694.5457264558,wind,2017-11-26 23:00:00,day_ahead
2017-11-27 03:00:00,1687.7816402068802,wind,2017-11-26 23:00:00,day_ahead
2017-11-27 04:00:00,1685.7382087760975,wind,2017-11-26 23:00:00,day_ahead
2017-11-27 05:00:00,1680.0215590103007,wind,2017-11-26 23:00:00,day_ahead
2017-11-27 06:00:00,1654.0190034097868,wind,2017-11-26 23:00:00,day_ahead
2017-11-27 07:00:00,1593.9828054748905,wind,2017-11-26 23:00:00,day_ahead
2017-11-27 08:00:00,1502.2338148442702,wind,2017-11-26 23:00:00,day_ahead
2017-11-27 09:00:00,1400.7268379925204,wind,2017-11-26 23:00:00,day_ahead
2017-11-27 10:00:00,1320.181335329169,wind,2017-11-26 23:00:00,day_ahead
2017-11-27 11:00:00,1282.1922162309925,wind,2017-11-26 23:00:00,day_ahead
2017-11-27 12:00:00,1288.0477432503687,wind,2017-11-26 23:00:00,day_ahead
2017-11-27 13:00:00,1322.3727147957252,wind,2017-11-26 23:00:00,day_ahead
2017-11-27 14:00:00,1367.1775464525836,wind,2017-11-26 23:00:00,day_ahead
2017-11-27 15:00:00,1413.7999904071626,wind,2017-11-26 23:00:00,day_ahead
2017-11-27 16:00:00,1463.596594588234,wind,2017-11-26 23:00:00,day_ahead
2017-11-27 17:00:00,1519.2827698394326,wind,2017-11-26 23:00:00,day_ahead
2017-11-27 18:00:00,1576.8883241680023,wind,2017-11-26 23:00:00,day_ahead
2017-11-27 19:00:00,1626.236991628245,wind,2017-11-26 23:00:00,day_ahead
2017-11-27 20:00:00,1658.591484380511,wind,2017-11-26 23:00:00,day_ahead
2017-11-27 21:00:00,1673.1972169862267,wind,2017-11-26 23:00:00,day_ahead
2017-11-27 22:00:00,1676.4210656488615,wind,2017-11-26 23:00:00,day_ahead
2017-11-27 23:00:00,1675.2609367398609,wind,2017-11-26 23:00:00,day_ahead
2017-11-28 00:00:00,1635.106497809125,wind,2017-11-27 23:00:00,day_ahead
2017-11-28 01:00:00,1630.8502015193517,wind,2017-11-27 23:00:00,day_ahead
2017-11-28 02:00:00,1626.1006675882388,wind,2017-11-27 23:00:00,day_ahead
2017-11-28 03:00:00,1624.8542968250672,wind,2017-11-27 23:00:00,day_ahead
2017-11-28 04:00:00,1628.1838117415678,wind,2017-11-27 23:00:00,day_ahead
2017-11-28 05:00:00,1627.7483624516562,wind,2017-11-27 23:00:00,day_ahead
2017-11-28 06:00:00,1606.9061338488473,wind,2017-11-27 23:00:00,day_ahead
2017-11-28 07:00:00,1551.8023407801934,wind,2017-11-27 23:00:00,day_ahead
2017-11-28 08:00:00,1464.6366050749466,wind,2017-11-27 23:00:00,day_ahead
2017-11-28 09:00:00,1367.2954088512406,wind,2017-11-27 23:00:00,day_ahead
2017-11-28 10:00:00,1290.5017399842172,wind,2017-11-27 23:00:00,day_ahead
2017-11-28 11:00:00,1255.8929173675635,wind,2017-11-27 23:00:00,day_ahead
2017-11-28 12:00:00,1264.793343542911,wind,2017-11-27 23:00:00,day_ahead
2017-11-28 13:00:00,1301.8408486524825,wind,2017-11-27 23:00:00,day_ahead
2017-11-28 14:00:00,1349.051407498379,wind,2017-11-27 23:00:00,day_ahead
2017-11-28 15:00:00,1397.7802548554241,wind,2017-11-27 23:00:00,day_ahead
2017-11-28 16:00:00,1449.4108931010721,wind,2017-11-27 23:00:00,day_ahead
2017-11-28 17:00:00,1506.6766707599288,wind,2017-11-27 23:00:00,day_ahead
2017-11-28 18:00:00,1565.6099423463213,wind,2017-11-27 23:00:00,day_ahead
2017-11-28 19:00:00,1616.0426265189665,wind,2017-11-27 23:00:00,day_ahead
2017-11-28 20:00:00,1649.28041403562,wind,2017-11-27 23:00:00,day_ahead
2017-11-28 21:00:00,1664.6474250082197,wind,2017-11-27 23:00:00,day_ahead
2017-11-28 22:00:00,1668.58461912478,wind,2017-11-27 23:00:00,day_ahead
2017-11-28 23:00:00,1668.1084571101715,wind,2017-11-27 23:00:00,day_ahead
2017-11-29 00:00:00,1630.215155433113,wind,2017-11-28 23:00:00,day_ahead
2017-11-29 01:00:00,1626.310266232641,wind,2017-11-28 23:00:00,day_ahead
2017-11-29 02:00:00,1621.9431970938383,wind,2017-11-28 23:00:00,day_ahead
2017-11-29 03:00:00,1621.121464663359,wind,2017-11-28 23:00:00,day_ahead
2017-11-29 04:00:00,1624.9047430789005,wind,2017-11-28 23:00:00,day_ahead
2017-11-29 05:00:00,1624.9540491595608,wind,2017-11-28 23:00:00,day_ahead
2017-11-29 06:00:00,1604.667001817466,wind,2017-11-28 23:00:00,day_ahead
2017-11-29 07:00:00,1550.2499038804938,wind,2017-11-28 23:00:00,day_ahead
2017-11-29 08:00:00,1463.94492676807,wind,2017-11-28 23:00:00,day_ahead
2017-11-29 09:00:00,1367.63516471315,wind,2017-11-28 23:00:00,day_ahead
2017-11-29 10:00:00,1292.0043372160762,wind,2017-11-28 23:00:00,day_ahead
2017-11-29 11:00:00,1258.651670423837,wind,2017-11-28 23:00:00,day_ahead
2017-11-29 12:00:00,1268.8943407549664,wind,2017-11-28 23:00:00,day_ahead
2017-11-29 13:00:00,1307.3911858523632,wind,2017-11-28 23:00:00,day_ahead
2017-11-29 14:00:00,1356.1794666369296,wind,2017-11-28 23:00:00,day_ahead
2017-11-29 15:00:00,1406.612208209832,wind,2017-11-28 23:00:00,day_ahead
2017-11-29 16:00:00,1460.0490110192045,wind,2017-11-28 23:00:00,day_ahead
2017-11-29 17:00:00,1519.1978616651509,wind,2017-11-28 23:00:00,day_ahead
2017-11-29 18:00:00,1580.0769947898884,wind,2017-11-28 23:00:00,day_ahead
2017-11-29 19:00:00,1632.504686749046,wind,2017-11-28 23:00:00,day_ahead
2017-11-29 20:00:00,1667.7508949166718,wind,2017-11-28 23:00:00,day_ahead
2017-11-29 21:00:00,1685.0746979840303,wind,2017-11-28 23:00:00,day_ahead
2017-11-29 22:00:00,1690.8441002711343,wind,2017-11-28 23:00:00,day_ahead
2017-11-29 23:00:00,1692.0280253200726,wind,2017-11-28 23:00:00,day_ahead
2017-11-30 00:00:00,1700.9954483374697,wind,2017-11-29 23:00:00,day_ahead
2017-11-30 01:00:00,1697.868446136597,wind,2017-11-29 23:00:00,day_ahead
2017-11-30 02:00:00,1694.2938304157904,wind,2017-11-29 23:00:00,day_ahead
2017-11-30 03:00:00,1694.204138312129,wind,2017-11-29 23:00:00,day_ahead
2017-11-30 04:00:00,1698.4755618858012,wind,2017-11-29 23:00:00,day_ahead
2017-11-30 05:00:00,1698.6116496647355,wind,2017-11-29 23:00:00,day_ahead
2017-11-30 06:00:00,1677.9671257834218,wind,2017-11-29 23:00:00,day_ahead
2017-11-30 07:00:00,1622.7941978519054,wind,2017-11-29 23:00:00,day_ahead
2017-11-30 08:00:00,1535.374340514029,wind,2017-11-29 23:00:00,day_ahead
2017-11-30 09:00:00,1437.5627981594366,wind,2017-11-29 23:00:00,day_ahead
2017-11-30 10:00:00,1359.9796728783056,wind,2017-11-29 23:00:00,day_ahead
2017-11-30 11:00:00,1324.2049353940724,wind,2017-11-29 23:00:00,day_ahead
2017-11-30 12:00:00,1331.6175792400406,wind,2017-11-29 23:00:00,day_ahead
2017-11-30 13:00:00,1366.9706846679007,wind,2017-11-29 23:00:00,day_ahead
2017-11-30 14:00:00,1412.3462876861972,wind,2017-11-29 23:00:00,day_ahead
2017-11-30 15:00:00,1459.0676239569432,wind,2017-11-29 23:00:00,day_ahead
2017-11-30 16:00:00,1508.4525664940943,wind,2017-11-29 23:00:00,day_ahead
2017-11-30 17:00:00,1563.2413776138023,wind,2017-11-29 23:00:00,day_ahead
2017-11-30 18:00:00,1619.5724939892584,wind,2017-11-29 23:00:00,day_ahead
2017-11-30 19:00:00,1667.3888473729703,wind,2017-11-29 23:00:00,day_ahead
2017-11-30 20:00:00,1697.9863657338885,wind,2017-11-29 23:00:00,day_ahead
2017-11-30 21:00:00,1710.5368200276669,wind,2017-11-29 23:00:00,day_ahead
2017-11-30 22:00:00,1711.310951371095,wind,2017-11-29 23:00:00,day_ahead
2017-11-30 23:00:00,1707.305610475844,wind,2017-11-29 23:00:00,day_ahead
2017-12-01 00:00:00,1700.5982219505531,wind,2017-11-30 23:00:00,day_ahead
2017-12-01 01:00:00,1693.134905578523,wind,2017-11-30 23:00:00,day_ahead
2017-12-01 02:00:00,1685.2979956119623,wind,2017-11-30 23:00:00,day_ahead
2017-12-01 03:00:00,1681.0598742546354,wind,2017-11-30 23:00:00,day_ahead
2017-12-01 04:00:00,1681.4166444012883,wind,2017-11-30 23:00:00,day_ahead
2017-12-01 05:00:00,1678.003325476736,wind,2017-11-30 23:00:00,day_ahead
2017-12-01 06:00:00,1654.2519851177112,wind,2017-11-30 23:00:00,day_ahead
2017-12-01 07:00:00,1596.4301818456022,wind,2017-11-30 23:00:00,day_ahead
2017-12-01 08:00:00,1506.8195419359115,wind,2017-11-30 23:00:00,day_ahead
2017-12-01 09:00:00,1407.3097555395852,wind,2017-11-30 23:00:00,day_ahead
2017-12-01 10:00:00,1328.595252995021,wind,2017-11-30 23:00:00,day_ahead
2017-12-01 11:00:00,1292.3342322203948,wind,2017-11-30 23:00:00,day_ahead
2017-12-01 12:00:00,1299.9529475039888,wind,2017-11-30 23:00:00,day_ahead
2017-12-01 13:00:00,1336.2218454422416,wind,2017-11-30 23:00:00,day_ahead
2017-12-01 14:00:00,1383.2382662788827,wind,2017-11-30 23:00:00,day_ahead
2017-12-01 15:00:00,1432.3531817038734,wind,2017-11-30 23:00:00,day_ahead
2017-12-01 16:00:00,1484.9017725613476,wind,2017-11-30 23:00:00,day_ahead
2017-12-01 17:00:00,1543.592871254482,wind,2017-11-30 23:00:00,day_ahead
2017-12-01 18:00:00,1604.4780682985252,wind,2017-11-30 23:00:00,day_ahead
2017-12-01 19:00:00,1657.4037475687958,wind,2017-11-30 23:00:00,day_ahead
2017-12-01 20:00:00,1693.623736997154,wind,2017-11-30 23:00:00,day_ahead
2017-12-01 21:00:00,1712.3434570823297,wind,2017-11-30 23:00:00,day_ahead
2017-12-01 22:00:00,1719.8924723005734,wind,2017-11-30 23:00:00,day_ahead
2017-12-01 23:00:00,1723.265645143642,wind,2017-11-30 23:00:00,day_ahead
2017-12-02 00:00:00,1753.3086786369847,wind,2017-12-01 23:00:00,day_ahead
2017-12-02 01:00:00,1753.5213002016505,wind,2017-12-01 23:00:00,day_ahead
2017-12-02 02:00:00,1753.7088484734797,wind,2017-12-01 23:00:00,day_ahead
2017-12-02 03:00:00,1757.739099096857,wind,2017-12-01 23:00:00,day_ahead
2017-12-02 04:00:00,1766.4882801626436,wind,2017-12-01 23:00:00,day_ahead
2017-12-02 05:00:00,1771.4982175149412,wind,2017-12-01 23:00:00,day_ahead
2017-12-02 06:00:00,1756.1384412945597,wind,2017-12-01 23:00:00,day_ahead
2017-12-02 07:00:00,1706.6086300751513,wind,2017-12-01 23:00:00,day_ahead
2017-12-02 08:00:00,1625.082799869718,wind,2017-12-01 23:00:00,day_ahead
2017-12-02 09:00:00,1533.311935550518,wind,2017-12-01 23:00:00,day_ahead
2017-12-02 10:00:00,1461.8691452840587,wind,2017-12-01 23:00:00,day_ahead
2017-12-02 11:00:00,1432.3502564626688,wind,2017-12-01 23:00:00,day_ahead
2017-12-02 12:00:00,1446.1690882504404,wind,2017-12-01 23:00:00,day_ahead
2017-12-02 13:00:00,1488.079043146542,wind,2017-12-01 23:00:00,day_ahead
2017-12-02 14:00:00,1540.1073619843987,wind,2017-12-01 23:00:00,day_ahead
2017-12-02 15:00:00,1593.488209440648,wind,2017-12-01 23:00:00,day_ahead
2017-12-02 16:00:00,1649.451602633122,wind,2017-12-01 23:00:00,day_ahead
2017-12-02 17:00:00,1710.669820554779,wind,2017-12-01 23:00:00,day_ahead
2017-12-02 18:00:00,1773.2286937620827,wind,2017-12-01 23:00:00,day_ahead
2017-12-02 19:00:00,1827.0249732748773,wind,2017-12-01 23:00:00,day_ahead
2017-12-02 20:00:00,1863.3186998735723,wind,2017-12-01 23:00:00,day_ahead
2017-12-02 21:00:00,1881.2666594864618,wind,2017-12-01 23:00:00,day_ahead
2017-12-02 22:00:00,1887.1405815408384,wind,2017-12-01 23:00:00,day_ahead
2017-12-02 23:00:00,1887.9238605815572,wind,2017-12-01 23:00:00,day_ahead
2017-12-03 00:00:00,1860.1548654347944,wind,2017-12-02 23:00:00,day_ahead
2017-12-03 01:00:00,1856.6812258074974,wind,2017-12-02 23:00:00,day_ahead
2017-12-03 02:00:00,1852.204176991209,wind,2017-12-02 23:00:00,day_ahead
2017-12-03 03:00:00,1850.6520722889227,wind,2017-12-02 23:00:00,day_ahead
2017-12-03 04:00:00,1853.0366928152373,wind,2017-12-02 23:00:00,day_ahead
2017-12-03 05:00:00,1851.011406958029,wind,2017-12-02 23:00:00,day_ahead
2017-12-03 06:00:00,1827.975283883427,wind,2017-12-02 23:00:00,day_ahead
2017-12-03 07:00:00,1770.1073759709814,wind,2017-12-02 23:00:00,day_ahead
2017-12-03 08:00:00,1679.5921062672742,wind,2017-12-02 23:00:00,day_ahead
2017-12-03 09:00:00,1578.2682872415742,wind,2017-12-02 23:00:00,day_ahead
2017-12-03 10:00:00,1496.8436307721975,wind,2017-12-02 23:00:00,day_ahead
2017-12-03 11:00:00,1457.0265461466133,wind,2017-12-02 23:00:00,day_ahead
2017-12-03 12:00:00,1460.2897899337327,wind,2017-12-02 23:00:00,day_ahead
2017-12-03 13:00:00,1491.4290993222737,wind,2017-12-02 23:00:00,day_ahead
2017-12-03 14:00:00,1532.558231970176,wind,2017-12-02 23:00:00,day_ahead
2017-12-03 15:00:00,1575.0537653052088,wind,2017-12-02 23:00:00,day_ahead
2017-12-03 16:00:00,1620.2850657623917,wind,2017-12-02 23:00:00,day_ahead
2017-12-03 17:00:00,1670.9876306353772,wind,2017-12-02 23:00:00,day_ahead
2017-12-03 18:00:00,1723.2266203108331,wind,2017-12-02 23:00:00,day_ahead
2017-12-03 19:00:00,1766.870951679651,wind,2017-12-02 23:00:00,day_ahead
2017-12-03 20:00:00,1793.240030471621,wind,2017-12-02 23:00:00,day_ahead
2017-12-03 21:00:00,1801.657404133834,wind,2017-12-02 23:00:00,day_ahead
2017-12-03 22:00:00,1798.5883388911607,wind,2017-12-02 23:00:00,day_ahead
2017-12-03 23:00:00,1791.1236099680966,wind,2017-12-02 23:00:00,day_ahead
2017-12-04 00:00:00,1770.6700516668711,wind,2017-12-03 23:00:00,day_ahead
2017-12-04 01:00:00,1759.7089956371278,wind,2017-12-03 23:00:00,day_ahead
2017-12-04 02:00:00,1748.6291160589258,wind,2017-12-03 23:00:00,day_ahead
2017-12-04 03:00:00,1741.3450222440238,wind,2017-12-03 23:00:00,day_ahead
2017-12-04 04:00:00,1738.7838579828638,wind,2017-12-03 23:00:00,day_ahead
2017-12-04 05:00:00,1732.5416428305289,wind,2017-12-03 23:00:00,day_ahead
2017-12-04 06:00:00,1706.034333020578,wind,2017-12-03 23:00:00,day_ahead
2017-12-04 07:00:00,1645.49019650079,wind,2017-12-03 23:00:00,day_ahead
2017-12-04 08:00:00,1553.0932419939436,wind,2017-12-03 23:00:00,day_ahead
2017-12-04 09:00:00,1450.5965689121692,wind,2017-12-03 23:00:00,day_ahead
2017-12-04 10:00:00,1368.5872669039788,wind,2017-12-03 23:00:00,day_ahead
2017-12-04 11:00:00,1328.7100716761431,wind,2017-12-03 23:00:00,day_ahead
2017-12-04 12:00:00,1332.4794146720749,wind,2017-12-03 23:00:00,day_ahead
2017-12-04 13:00:00,1364.7991660338653,wind,2017-12-03 23:00:00,day_ahead
2017-12-04 14:00:00,1407.8681120773078,wind,2017-12-03 23:00:00,day_ahead
2017-12-04 15:00:00,1453.0626782529791,wind,2017-12-03 23:00:00,day_ahead
2017-12-04 16:00:00,1501.6761160388135,wind,2017-12-03 23:00:00,day_ahead
2017-12-04 17:00:00,1556.3447554962866,wind,2017-12-03 23:00:00,day_ahead
2017-12-04 18:00:00,1613.0451382503604,wind,2017-12-03 23:00:00,day_ahead
2017-12-04 19:00:00,1661.552843593674,wind,2017-12-03 23:00:00,day_ahead
2017-12-04 20:00:00,1693.058481467941,wind,2017-12-03 23:00:00,day_ahead
2017-12-04 21:00:00,1706.7316301837686,wind,2017-12-03 23:00:00,day_ahead
2017-12-04 22:00:00,1708.922700795613,wind,2017-12-03 23:00:00,day_ahead
2017-12-04 23:00:00,1706.7123915806465,wind,2017-12-03 23:00:00,day_ahead
2017-12-05 00:00:00,1696.6267464275797,wind,2017-12-04 23:00:00,day_ahead
2017-12-05 01:00:00,1691.1726008979713,wind,2017-12-04 23:00:00,day_ahead
2017-12-05 02:00:00,1685.740408914054,wind,2017-12-04 23:00:00,day_ahead
2017-12-05 03:00:00,1684.1964409653337,wind,2017-12-04 23:00:00,day_ahead
2017-12-05 04:00:00,1687.3531592299644,wind,2017-12-04 23:00:00,day_ahead
2017-12-05 05:00:00,1686.6783304650753,wind,2017-12-04 23:00:00,day_ahead
2017-12-05 06:00:00,1665.5070911992643,wind,2017-12-04 23:00:00,day_ahead
2017-12-05 07:00:00,1610.0552672512554,wind,2017-12-04 23:00:00,day_ahead
2017-12-05 08:00:00,1522.527966214033,wind,2017-12-04 23:00:00,day_ahead
2017-12-05 09:00:00,1424.6747044520068,wind,2017-12-04 23:00:00,day_ahead
2017-12-05 10:00:00,1347.0258731236727,wind,2017-12-04 23:00:00,day_ahead
2017-12-05 11:00:00,1311.1448930413258,wind,2017-12-04 23:00:00,day_ahead
2017-12-05 12:00:00,1318.5026816139246,wind,2017-12-04 23:00:00,day_ahead
2017-12-05 13:00:00,1354.0408547974068,wind,2017-12-04 23:00:00,day_ahead
2017-12-05 14:00:00,1400.0648237295918,wind,2017-12-04 23:00:00,day_ahead
2017-12-05 15:00:00,1448.0674364507374,wind,2017-12-04 23:00:00,day_ahead
2017-12-05 16:00:00,1499.4064997753007,wind,2017-12-04 23:00:00,day_ahead
2017-12-05 17:00:00,1556.7069073403973,wind,2017-12-04 23:00:00,day_ahead
2017-12-05 18:00:00,1615.8773139059738,wind,2017-12-04 23:00:00,day_ahead
2017-12-05 19:00:00,1666.6079673365996,wind,2017-12-04 23:00:00,day_ahead
2017-12-05 20:00:00,1700.0187505938695,wind,2017-12-04 23:00:00,day_ahead
2017-12-05 21:00:00,1715.2413689559314,wind,2017-12-04 23:00:00,day_ahead
2017-12-05 22:00:00,1718.634033065007,wind,2017-12-04 23:00:00,day_ahead
2017-12-05 23:00:00,1717.3412962451807,wind,2017-12-04 23:00:00,day_ahead
2017-12-06 00:00:00,1691.9297988008148,wind,2017-12-05 23:00:00,day_ahead
2017-12-06 01:00:00,1687.8796049465489,wind,2017-12-05 23:00:00,day_ahead
2017-12-06 02:00:00,1683.511858758841,wind,2017-12-05 23:00:00,day_ahead
2017-12-06 03:00:00,1682.8115468678382,wind,2017-12-05 23:00:00,day_ahead
2017-12-06 04:00:00,1686.8104198825017,wind,2017-12-05 23:00:00,day_ahead
2017-12-06 05:00:00,1687.1147685902993,wind,2017-12-05 23:00:00,day_ahead
2017-12-06 06:00:00,1667.0233899091527,wind,2017-12-05 23:00:00,day_ahead
2017-12-06 07:00:00,1612.6107536888035,wind,2017-12-05 23:00:00,day_ahead
2017-12-06 08:00:00,1525.9915358217354,wind,2017-12-05 23:00:00,day_ahead
2017-12-06 09:00:00,1428.9669486036757,wind,2017-12-05 23:00:00,day_ahead
2017-12-06 10:00:00,1352.210236670896,wind,2017-12-05 23:00:00,day_ahead
2017-12-06 11:00:00,1317.3893849949466,wind,2017-12-05 23:00:00,day_ahead
2017-12-06 12:00:00,1325.9659041344155,wind,2017-12-05 23:00:00,day_ahead
2017-12-06 13:00:00,1362.8020815108716,wind,2017-12-05 23:00:00,day_ahead
2017-12-06 14:00:00,1410.156978214569,wind,2017-12-05 23:00:00,day_ahead
2017-12-06 15:00:00,1459.5551604285013,wind,2017-12-05 23:00:00,day_ahead
2017-12-06 16:00:00,1512.404536663976,wind,2017-12-05 23:00:00,day_ahead
2017-12-06 17:00:00,1571.3057114810645,wind,2017-12-05 23:00:00,day_ahead
2017-12-06 18:00:00,1632.0551204628962,wind,2017-12-05 23:00:00,day_ahead
2017-12-06 19:00:00,1684.238021029127,wind,2017-12-05 23:00:00,day_ahead
2017-12-06 20:00:00,1718.9879438098458,wind,2017-12-05 23:00:00,day_ahead
2017-12-06 21:00:00,1735.5723194363975,wind,2017-12-05 23:00:00,day_ahead
2017-12-06 22:00:00,1740.4774061703433,wind,2017-12-05 23:00:00,day_ahead
2017-12-06 23:00:00,1740.8160654700987,wind,2017-12-05 23:00:00,day_ahead
2017-12-07 00:00:00,1680.700117660255,wind,2017-12-06 23:00:00,day_ahead
2017-12-07 01:00:00,1677.6531814009938,wind,2017-12-06 23:00:00,day_ahead
2017-12-07 02:00:00,1674.0436880152017,wind,2017-12-06 23:00:00,day_ahead
2017-12-07 03:00:00,1673.8260978462195,wind,2017-12-06 23:00:00,day_ahead
2017-12-07 04:00:00,1678.0189993770393,wind,2017-12-06 23:00:00,day_ahead
2017-12-07 05:00:00,1678.2337543941953,wind,2017-12-06 23:00:00,day_ahead
2017-12-07 06:00:00,1657.7799604298054,wind,2017-12-06 23:00:00,day_ahead
2017-12-07 07:00:00,1602.72818800812,wind,2017-12-06 23:00:00,day_ahead
2017-12-07 08:00:00,1515.1614587905615,wind,2017-12-06 23:00:00,day_ahead
2017-12-07 09:00:00,1416.8288107166982,wind,2017-12-06 23:00:00,day_ahead
2017-12-07 10:00:00,1338.3563924794908,wind,2017-12-06 23:00:00,day_ahead
2017-12-07 11:00:00,1301.3968511352325,wind,2017-12-06 23:00:00,day_ahead
2017-12-07 12:00:00,1307.436490589811,wind,2017-12-06 23:00:00,day_ahead
2017-12-07 13:00:00,1341.3870515866522,wind,2017-12-06 23:00:00,day_ahead
2017-12-07 14:00:00,1385.5552302884714,wind,2017-12-06 23:00:00,day_ahead
2017-12-07 15:00:00,1431.4941528866589,wind,2017-12-06 23:00:00,day_ahead
2017-12-07 16:00:00,1480.6241280921288,wind,2017-12-06 23:00:00,day_ahead
2017-12-07 17:00:00,1535.5590147334788,wind,2017-12-06 23:00:00,day_ahead
2017-12-07 18:00:00,1592.1245314672224,wind,2017-12-06 23:00:00,day_ahead
2017-12-07 19:00:00,1639.953224264669,wind,2017-12-06 23:00:00,day_ahead
2017-12-07 20:00:00,1670.2342650727167,wind,2017-12-06 23:00:00,day_ahead
2017-12-07 21:00:00,1682.2881159775375,wind,2017-12-06 23:00:00,day_ahead
2017-12-07 22:00:00,1682.647337710548,wind,2017-12-06 23:00:00,day_ahead
2017-12-07 23:00:00,1678.4666729966525,wind,2017-12-06 23:00:00,day_ahead
2017-12-08 00:00:00,1628.2403812567754,wind,2017-12-07 23:00:00,day_ahead
2017-12-08 01:00:00,1620.5520115114973,wind,2017-12-07 23:00:00,day_ahead
2017-12-08 02:00:00,1612.602697229719,wind,2017-12-07 23:00:00,day_ahead
2017-12-08 03:00:00,1608.3695232762668,wind,2017-12-07 23:00:00,day_ahead
2017-12-08 04:00:00,1608.838097129535,wind,2017-12-07 23:00:00,day_ahead
2017-12-08 05:00:00,1605.6103644317475,wind,2017-12-07 23:00:00,day_ahead
2017-12-08 06:00:00,1582.055938024228,wind,2017-12-07 23:00:00,day_ahead
2017-12-08 07:00:00,1524.3489652353721,wind,2017-12-07 23:00:00,day_ahead
2017-12-08 08:00:00,1434.6527497076288,wind,2017-12-07 23:00:00,day_ahead
2017-12-08 09:00:00,1334.732615285035,wind,2017-12-07 23:00:00,day_ahead
2017-12-08 10:00:00,1255.1897697059956,wind,2017-12-07 23:00:00,day_ahead
2017-12-08 11:00:00,1217.6700671434776,wind,2017-12-07 23:00:00,day_ahead
2017-12-08 12:00:00,1223.70588963235,wind,2017-12-07 23:00:00,day_ahead
2017-12-08 13:00:00,1258.284572547005,wind,2017-12-07 23:00:00,day_ahead
2017-12-08 14:00:00,1303.7627573117636,wind,2017-12-07 23:00:00,day_ahead
2017-12-08 15:00:00,1351.6875812978874,wind,2017-12-07 23:00:00,day_ahead
2017-12-08 16:00:00,1403.4401036416382,wind,2017-12-07 23:00:00,day_ahead
2017-12-08 17:00:00,1461.6087468680196,wind,2017-12-07 23:00:00,day_ahead
2017-12-08 18:00:00,1522.0252098997385,wind,2017-12-07 23:00:00,day_ahead
2017-12-08 19:00:00,1574.3262935659266,wind,2017-12-07 23:00:00,day_ahead
2017-12-08 20:00:00,1609.6553552684452,wind,2017-12-07 23:00:00,day_ahead
2017-12-08 21:00:00,1627.2301739755496,wind,2017-12-07 23:00:00,day_ahead
2017-12-08 22:00:00,1633.4763189747337,wind,2017-12-07 23:00:00,day_ahead
2017-12-08 23:00:00,1635.5051053725952,wind,2017-12-07 23:00:00,day_ahead
2017-12-09 00:00:00,1636.0067639762915,wind,2017-12-08 23:00:00,day_ahead
2017-12-09 01:00:00,1634.9258758238507,wind,2017-12-08 23:00:00,day_ahead
2017-12-09 02:00:00,1634.0257025818955,wind,2017-12-08 23:00:00,day_ahead
2017-12-09 03:00:00,1637.210031816303,wind,2017-12-08 23:00:00,day_ahead
2017-12-09 04:00:00,1645.288877003494,wind,2017-12-08 23:00:00,day_ahead
2017-12-09 05:00:00,1649.7007745469205,wind,2017-12-08 23:00:00,day_ahead
2017-12-09 06:00:00,1633.7458120453616,wind,2017-12-08 23:00:00,day_ahead
2017-12-09 07:00:00,1583.5990799411643,wind,2017-12-08 23:00:00,day_ahead
2017-12-09 08:00:00,1501.4029846115961,wind,2017-12-08 23:00:00,day_ahead
2017-12-09 09:00:00,1408.8207200345832,wind,2017-12-08 23:00:00,day_ahead
2017-12-09 10:00:00,1336.3045389927274,wind,2017-12-08 23:00:00,day_ahead
2017-12-09 11:00:00,1305.3917769711893,wind,2017-12-08 23:00:00,day_ahead
2017-12-09 12:00:00,1317.589612680755,wind,2017-12-08 23:00:00,day_ahead
2017-12-09 13:00:00,1357.8921759521234,wind,2017-12-08 23:00:00,day_ahead
2017-12-09 14:00:00,1408.6013855996605,wind,2017-12-08 23:00:00,day_ahead
2017-12-09 15:00:00,1461.1142926607795,wind,2017-12-08 23:00:00,day_ahead
2017-12-09 16:00:00,1516.637763532382,wind,2017-12-08 23:00:00,day_ahead
2017-12-09 17:00:00,1577.6756041541444,wind,2017-12-08 23:00:00,day_ahead
2017-12-09 18:00:00,1640.1080939989026,wind,2017-12-08 23:00:00,day_ahead
2017-12-09 19:00:00,1693.677616829624,wind,2017-12-08 23:00:00,day_ahead
2017-12-09 20:00:00,1729.56122183523,wind,2017-12-08 23:00:00,day_ahead
2017-12-09 21:00:00,1746.8798120134777,wind,2017-12-08 23:00:00,day_ahead
2017-12-09 22:00:00,1751.902899827859,wind,2017-12-08 23:00:00,day_ahead
2017-12-09 23:00:00,1751.6645221089298,wind,2017-12-08 23:00:00,day_ahead
2017-12-10 00:00:00,1785.7675464404122,wind,2017-12-09 23:00:00,day_ahead
2017-12-10 01:00:00,1780.6868235077598,wind,2017-12-09 23:00:00,day_ahead
2017-12-10 02:00:00,1775.0340690436853,wind,2017-12-09 23:00:00,day_ahead
2017-12-10 03:00:00,1772.7120426613255,wind,2017-12-09 23:00:00,day_ahead
2017-12-10 04:00:00,1774.53586043534,wind,2017-12-09 23:00:00,day_ahead
2017-12-10 05:00:00,1771.9842903451267,wind,2017-12-09 23:00:00,day_ahead
2017-12-10 06:00:00,1748.4277516488116,wind,2017-12-09 23:00:00,day_ahead
2017-12-10 07:00:00,1690.1113602800147,wind,2017-12-09 23:00:00,day_ahead
2017-12-10 08:00:00,1599.2246682980476,wind,2017-12-09 23:00:00,day_ahead
2017-12-10 09:00:00,1497.4636347801415,wind,2017-12-09 23:00:00,day_ahead
2017-12-10 10:00:00,1415.328550477242,wind,2017-12-09 23:00:00,day_ahead
2017-12-10 11:00:00,1374.4389133499976,wind,2017-12-09 23:00:00,day_ahead
2017-12-10 12:00:00,1376.4056799251375,wind,2017-12-09 23:00:00,day_ahead
2017-12-10 13:00:00,1406.3166843455178,wind,2017-12-09 23:00:00,day_ahead
2017-12-10 14:00:00,1446.5389650351535,wind,2017-12-09 23:00:00,day_ahead
2017-12-10 15:00:00,1488.5197081015344,wind,2017-12-09 23:00:00,day_ahead
2017-12-10 16:00:00,1533.5319982071094,wind,2017-12-09 23:00:00,day_ahead
2017-12-10 17:00:00,1584.1766002164734,wind,2017-12-09 23:00:00,day_ahead
2017-12-10 18:00:00,1636.4414641428912,wind,2017-12-09 23:00:00,day_ahead
2017-12-10 19:00:00,1680.1499926325218,wind,2017-12-09 23:00:00,day_ahead
2017-12-10 20:00:00,1706.5160559972105,wind,2017-12-09 23:00:00,day_ahead
2017-12-10 21:00:00,1714.6755649852703,wind,2017-12-09 23:00:00,day_ahead
2017-12-10 22:00:00,1710.9352675253144,wind,2017-12-09 23:00:00,day_ahead
2017-12-10 23:00:00,1702.4137296695867,wind,2017-12-09 23:00:00,day_ahead
2017-12-11 00:00:00,1769.356733487673,wind,2017-12-10 23:00:00,day_ahead
2017-12-11 01:00:00,1757.229590941234,wind,2017-12-10 23:00:00,day_ahead
2017-12-11 02:00:00,1745.1774940887772,wind,2017-12-10 23:00:00,day_ahead
2017-12-11 03:00:00,1737.1226266751596,wind,2017-12-10 23:00:00,day_ahead
2017-12-11 04:00:00,1733.9167216894364,wind,2017-12-10 23:00:00,day_ahead
2017-12-11 05:00:00,1727.0779984696217,wind,2017-12-10 23:00:00,day_ahead
2017-12-11 06:00:00,1700.008170091851,wind,2017-12-10 23:00:00,day_ahead
2017-12-11 07:00:00,1638.9719164667788,wind,2017-12-10 23:00:00,day_ahead
2017-12-11 08:00:00,1546.1642661949636,wind,2017-12-10 23:00:00,day_ahead
2017-12-11 09:00:00,1443.2659315123824,wind,2017-12-10 23:00:00,day_ahead
2017-12-11 10:00:00,1360.7346804306612,wind,2017-12-10 23:00:00,day_ahead
2017-12-11 11:00:00,1320.12434961039,wind,2017-12-10 23:00:00,day_ahead
2017-12-11 12:00:00,1322.975849830189,wind,2017-12-10 23:00:00,day_ahead
2017-12-11 13:00:00,1354.3253474570658,wind,2017-12-10 23:00:00,day_ahead
2017-12-11 14:00:00,1396.5154907190768,wind,2017-12-10 23:00:00,day_ahead
2017-12-11 15:00:00,1440.9830611162683,wind,2017-12-10 23:00:00,day_ahead
2017-12-11 16:00:00,1488.9802254528902,wind,2017-12-10 23:00:00,day_ahead
2017-12-11 17:00:00,1543.0626360395822,wind,2017-12-10 23:00:00,day_ahead
2017-12-11 18:00:00,1599.1592030558566,wind,2017-12-10 23:00:00,day_ahead
2017-12-11 19:00:00,1647.045809114491,wind,2017-12-10 23:00:00,day_ahead
2017-12-11 20:00:00,1677.917218816772,wind,2017-12-10 23:00:00,day_ahead
2017-12-11 21:00:00,1690.9095928857926,wind,2017-12-10 23:00:00,day_ahead
2017-12-11 22:00:00,1692.3193833659006,wind,2017-12-10 23:00:00,day_ahead
2017-12-11 23:00:00,1689.2172048794478,wind,2017-12-10 23:00:00,day_ahead
2017-12-12 00:00:00,1735.6385174335255,wind,2017-12-11 23:00:00,day_ahead
2017-12-12 01:00:00,1729.5176488185912,wind,2017-12-11 23:00:00,day_ahead
2017-12-12 02:00:00,1723.3090803926127,wind,2017-12-11 23:00:00,day_ahead
2017-12-12 03:00:00,1720.8348922703847,wind,2017-12-11 23:00:00,day_ahead
2017-12-12 04:00:00,1722.9995080905621,wind,2017-12-11 23:00:00,day_ahead
2017-12-12 05:00:00,1721.4208071959345,wind,2017-12-11 23:00:00,day_ahead
2017-12-12 06:00:00,1699.5299303481338,wind,2017-12-11 23:00:00,day_ahead
2017-12-12 07:00:00,1643.5268503495959,wind,2017-12-11 23:00:00,day_ahead
2017-12-12 08:00:00,1555.5227215544187,wind,2017-12-11 23:00:00,day_ahead
2017-12-12 09:00:00,1457.1788225466967,wind,2017-12-11 23:00:00,day_ahead
2017-12-12 10:00:00,1379.0004138055676,wind,2017-12-11 23:00:00,day_ahead
2017-12-12 11:00:00,1342.5780941240487,wind,2017-12-11 23:00:00,day_ahead
2017-12-12 12:00:00,1349.4073294398318,wind,2017-12-11 23:00:00,day_ahead
2017-12-12 13:00:00,1384.410611597799,wind,2017-12-11 23:00:00,day_ahead
2017-12-12 14:00:00,1429.8372185042592,wind,2017-12-11 23:00:00,day_ahead
2017-12-12 15:00:00,1477.1242467536877,wind,2017-12-11 23:00:00,day_ahead
2017-12-12 16:00:00,1527.6011907252719,wind,2017-12-11 23:00:00,day_ahead
2017-12-12 17:00:00,1583.8903260296813,wind,2017-12-11 23:00:00,day_ahead
2017-12-12 18:00:00,1641.9127563651787,wind,2017-12-11 23:00:00,day_ahead
2017-12-12 19:00:00,1691.3950968839144,wind,2017-12-11 23:00:00,day_ahead
2017-12-12 20:00:00,1723.5425770062195,wind,2017-12-11 23:00:00,day_ahead
2017-12-12 21:00:00,1737.6246010780076,wind,2017-12-11 23:00:00,day_ahead
2017-12-12 22:00:00,1740.1400263627008,wind,2017-12-11 23:00:00,day_ahead
2017-12-12 23:00:00,1738.2938121884144,wind,2017-12-11 23:00:00,day_ahead
2017-12-13 00:00:00,1710.8653468434159,wind,2017-12-12 23:00:00,day_ahead
2017-12-13 01:00:00,1706.4790548206233,wind,2017-12-12 23:00:00,day_ahead
2017-12-13 02:00:00,1701.7890682997422,wind,2017-12-12 23:00:00,day_ahead
2017-12-13 03:00:00,1700.7134509338823,wind,2017-12-12 23:00:00,day_ahead
2017-12-13 04:00:00,1704.2870005370269,wind,2017-12-12 23:00:00,day_ahead
2017-12-13 05:00:00,1704.1738392850161,wind,2017-12-12 23:00:00,day_ahead
2017-12-13 06:00:00,1683.7418330255693,wind,2017-12-12 23:00:00,day_ahead
2017-12-13 07:00:00,1629.1106950848925,wind,2017-12-12 23:00:00,day_ahead
2017-12-13 08:00:00,1542.4106699475353,wind,2017-12-12 23:00:00,day_ahead
2017-12-13 09:00:00,1445.4414361830668,wind,2017-12-12 23:00:00,day_ahead
2017-12-13 10:00:00,1368.863022251396,wind,2017-12-12 23:00:00,day_ahead
2017-12-13 11:00:00,1334.3062412831534,wind,2017-12-12 23:00:00,day_ahead
2017-12-13 12:00:00,1343.1576633834145,wind,2017-12-12 23:00:00,day_ahead
2017-12-13 13:00:00,1380.1762262557236,wind,2017-12-12 23:00:00,day_ahead
2017-12-13 14:00:00,1427.5264996598535,wind,2017-12-12 23:00:00,day_ahead
2017-12-13 15:00:00,1476.6886718929977,wind,2017-12-12 23:00:00,day_ahead
2017-12-13 16:00:00,1529.0902058088793,wind,2017-12-12 23:00:00,day_ahead
2017-12-13 17:00:00,1587.392863989288,wind,2017-12-12 23:00:00,day_ahead
2017-12-13 18:00:00,1647.4599932828146,wind,2017-12-12 23:00:00,day_ahead
2017-12-13 19:00:00,1698.9318167592292,wind,2017-12-12 23:00:00,day_ahead
2017-12-13 20:00:00,1732.994796606313,wind,2017-12-12 23:00:00,day_ahead
2017-12-13 21:00:00,1748.983297107062,wind,2017-12-12 23:00:00,day_ahead
2017-12-13 22:00:00,1753.4573450073785,wind,2017-12-12 23:00:00,day_ahead
2017-12-13 23:00:00,1753.5749974659193,wind,2017-12-12 23:00:00,day_ahead
2017-12-14 00:00:00,1751.193518154008,wind,2017-12-13 23:00:00,day_ahead
2017-12-14 01:00:00,1747.4910767794058,wind,2017-12-13 23:00:00,day_ahead
2017-12-14 02:00:00,1743.4957829703244,wind,2017-12-13 23:00:00,day_ahead
2017-12-14 03:00:00,1743.0945985879735,wind,2017-12-13 23:00:00,day_ahead
2017-12-14 04:00:00,1747.150577893733,wind,2017-12-13 23:00:00,day_ahead
2017-12-14 05:00:00,1747.1585543324436,wind,2017-12-13 23:00:00,day_ahead
2017-12-14 06:00:00,1726.4358445626485,wind,2017-12-13 23:00:00,day_ahead
2017-12-14 07:00:00,1671.162354095468,wind,2017-12-13 23:00:00,day_ahead
2017-12-14 08:00:00,1583.5318189090203,wind,2017-12-13 23:00:00,day_ahead
2017-12-14 09:00:00,1485.319078872395,wind,2017-12-13 23:00:00,day_ahead
2017-12-14 10:00:00,1407.0848194846071,wind,2017-12-13 23:00:00,day_ahead
2017-12-14 11:00:00,1370.384659884385,wind,2017-12-13 23:00:00,day_ahead
2017-12-14 12:00:00,1376.6341844679218,wind,2017-12-13 23:00:00,day_ahead
2017-12-14 13:00:00,1410.7082135256028,wind,2017-12-13 23:00:00,day_ahead
2017-12-14 14:00:00,1454.8824652156939,wind,2017-12-13 23:00:00,day_ahead
2017-12-14 15:00:00,1500.6737913010272,wind,2017-12-13 23:00:00,day_ahead
2017-12-14 16:00:00,1549.490846692848,wind,2017-12-13 23:00:00,day_ahead
2017-12-14 17:00:00,1603.997896914077,wind,2017-12-13 23:00:00,day_ahead
2017-12-14 18:00:00,1660.1232292755258,wind,2017-12-13 23:00:00,day_ahead
2017-12-14 19:00:00,1707.5863154006024,wind,2017-12-13 23:00:00,day_ahead
2017-12-14 20:00:00,1737.5778618272225,wind,2017-12-13 23:00:00,day_ahead
2017-12-14 21:00:00,1749.3352190922453,wind,2017-12-13 23:00:00,day_ahead
2017-12-14 22:00:00,1749.3077828011155,wind,2017-12-13 23:00:00,day_ahead
2017-12-14 23:00:00,1744.6664153608847,wind,2017-12-13 23:00:00,day_ahead
2017-12-15 00:00:00,1790.6749012156083,wind,2017-12-14 23:00:00,day_ahead
2017-12-15 01:00:00,1782.3917147125835,wind,2017-12-14 23:00:00,day_ahead
2017-12-15 02:00:00,1774.0300652151448,wind,2017-12-14 23:00:00,day_ahead
2017-12-15 03:00:00,1769.5752737417451,wind,2017-12-14 23:00:00,day_ahead
2017-12-15 04:00:00,1769.9534258896642,wind,2017-12-14 23:00:00,day_ahead
2017-12-15 05:00:00,1766.6610694366473,wind,2017-12-14 23:00:00,day_ahead
2017-12-15 06:00:00,1742.9845929282044,wind,2017-12-14 23:00:00,day_ahead
2017-12-15 07:00:00,1685.104470066018,wind,2017-12-14 23:00:00,day_ahead
2017-12-15 08:00:00,1595.2890747652848,wind,2017-12-14 23:00:00,day_ahead
2017-12-15 09:00:00,1495.4407642697086,wind,2017-12-14 23:00:00,day_ahead
2017-12-15 10:00:00,1416.2297631585254,wind,2017-12-14 23:00:00,day_ahead
2017-12-15 11:00:00,1379.2424326776718,wind,2017-12-14 23:00:00,day_ahead
2017-12-15 12:00:00,1385.8468469498328,wind,2017-12-14 23:00:00,day_ahead
2017-12-15 13:00:00,1420.850438690341,wind,2017-12-14 23:00:00,day_ahead
2017-12-15 14:00:00,1466.5043145882655,wind,2017-12-14 23:00:00,day_ahead
2017-12-15 15:00:00,1514.35749122153,wind,2017-12-14 23:00:00,day_ahead
2017-12-15 16:00:00,1565.8681081051504,wind,2017-12-14 23:00:00,day_ahead
2017-12-15 17:00:00,1623.7175970412743,wind,2017-12-14 23:00:00,day_ahead
2017-12-15 18:00:00,1683.8057467504325,wind,2017-12-14 23:00:00,day_ahead
2017-12-15 19:00:00,1735.806401037556,wind,2017-12-14 23:00:00,day_ahead
2017-12-15 20:00:00,1770.8818663878783,wind,2017-12-14 23:00:00,day_ahead
2017-12-15 21:00:00,1788.2611799970662,wind,2017-12-14 23:00:00,day_ahead
2017-12-15 22:00:00,1794.3769186025825,wind,2017-12-14 23:00:00,day_ahead
2017-12-15 23:00:00,1796.3495588674502,wind,2017-12-14 23:00:00,day_ahead
2017-12-16 00:00:00,1820.629651503215,wind,2017-12-15 23:00:00,day_ahead
2017-12-16 01:00:00,1819.5531976956267,wind,2017-12-15 23:00:00,day_ahead
2017-12-16 02:00:00,1818.5600779554786,wind,2017-12-15 23:00:00,day_ahead
2017-12-16 03:00:00,1821.8019955422394,wind,2017-12-15 23:00:00,day_ahead
2017-12-16 04:00:00,1830.318115503877,wind,2017-12-15 23:00:00,day_ahead
2017-12-16 05:00:00,1835.5161346121058,wind,2017-12-15 23:00:00,day_ahead
2017-12-16 06:00:00,1820.398616475889,wind,2017-12-15 23:00:00,day_ahead
2017-12-16 07:00:00,1770.8271212005006,wind,2017-12-15 23:00:00,day_ahead
2017-12-16 08:00:00,1688.8925837373395,wind,2017-12-15 23:00:00,day_ahead
2017-12-16 09:00:00,1596.5088193391061,wind,2017-12-15 23:00:00,day_ahead
2017-12-16 10:00:00,1524.4394927440312,wind,2017-12-15 23:00:00,day_ahead
2017-12-16 11:00:00,1494.295379669676,wind,2017-12-15 23:00:00,day_ahead
2017-12-16 12:00:00,1507.3406676940604,wind,2017-12-15 23:00:00,day_ahead
2017-12-16 13:00:00,1548.2190826729998,wind,2017-12-15 23:00:00,day_ahead
2017-12-16 14:00:00,1599.0687492915415,wind,2017-12-15 23:00:00,day_ahead
2017-12-16 15:00:00,1651.4168423729884,wind,2017-12-15 23:00:00,day_ahead
2017-12-16 16:00:00,1706.7342183937383,wind,2017-12-15 23:00:00,day_ahead
2017-12-16 17:00:00,1767.6717751130097,wind,2017-12-15 23:00:00,day_ahead
2017-12-16 18:00:00,1830.0465037672757,wind,2017-12-15 23:00:00,day_ahead
2017-12-16 19:00:00,1883.4634146840822,wind,2017-12-15 23:00:00,day_ahead
2017-12-16 20:00:00,1919.0896434012334,wind,2017-12-15 23:00:00,day_ahead
2017-12-16 21:00:00,1936.2080345620095,wind,2017-12-15 23:00:00,day_ahead
2017-12-16 22:00:00,1941.2613424707163,wind,2017-12-15 23:00:00,day_ahead
2017-12-16 23:00:00,1941.2772689135263,wind,2017-12-15 23:00:00,day_ahead
2017-12-17 00:00:00,1936.0606748874727,wind,2017-12-16 23:00:00,day_ahead
2017-12-17 01:00:00,1931.7411998089733,wind,2017-12-16 23:00:00,day_ahead
2017-12-17 02:00:00,1926.4394587747556,wind,2017-12-16 23:00:00,day_ahead
2017-12-17 03:00:00,1924.3757162791157,wind,2017-12-16 23:00:00,day_ahead
2017-12-17 04:00:00,1926.7970270418093,wind,2017-12-16 23:00:00,day_ahead
2017-12-17 05:00:00,1925.2867868611359,wind,2017-12-16 23:00:00,day_ahead
2017-12-17 06:00:00,1902.8708321089346,wind,2017-12-16 23:00:00,day_ahead
2017-12-17 07:00:00,1845.323822447294,wind,2017-12-16 23:00:00,day_ahead
2017-12-17 08:00:00,1754.693929126744,wind,2017-12-16 23:00:00,day_ahead
2017-12-17 09:00:00,1653.0052010163126,wind,2017-12-16 23:00:00,day_ahead
2017-12-17 10:00:00,1571.2415933348013,wind,2017-12-16 23:00:00,day_ahead
2017-12-17 11:00:00,1531.197715263814,wind,2017-12-16 23:00:00,day_ahead
2017-12-17 12:00:00,1534.1849995387174,wind,2017-12-16 23:00:00,day_ahead
2017-12-17 13:00:00,1564.8024370760197,wind,2017-12-16 23:00:00,day_ahead
2017-12-17 14:00:00,1605.1892225120382,wind,2017-12-16 23:00:00,day_ahead
2017-12-17 15:00:00,1647.0039509111334,wind,2017-12-16 23:00:00,day_ahead
2017-12-17 16:00:00,1691.920586546087,wind,2017-12-16 23:00:00,day_ahead
2017-12-17 17:00:00,1742.722670509363,wind,2017-12-16 23:00:00,day_ahead
2017-12-17 18:00:00,1795.2129698462363,wind,2017-12-16 23:00:00,day_ahead
2017-12-17 19:00:00,1838.9101692093357,wind,2017-12-16 23:00:00,day_ahead
2017-12-17 20:00:00,1864.9796075566524,wind,2017-12-16 23:00:00,day_ahead
2017-12-17 21:00:00,1872.8669270233993,wind,2017-12-16 23:00:00,day_ahead
2017-12-17 22:00:00,1869.2569540006418,wind,2017-12-16 23:00:00,day_ahead
2017-12-17 23:00:00,1861.3219332443336,wind,2017-12-16 23:00:00,day_ahead
2017-12-18 00:00:00,1822.819224455713,wind,2017-12-17 23:00:00,day_ahead
2017-12-18 01:00:00,1811.7131282637795,wind,2017-12-17 23:00:00,day_ahead
2017-12-18 02:00:00,1800.1255485835181,wind,2017-12-17 23:00:00,day_ahead
2017-12-18 03:00:00,1792.3031225112786,wind,2017-12-17 23:00:00,day_ahead
2017-12-18 04:00:00,1789.6195987839692,wind,2017-12-17 23:00:00,day_ahead
2017-12-18 05:00:00,1783.7760008255405,wind,2017-12-17 23:00:00,day_ahead
2017-12-18 06:00:00,1757.8068781790892,wind,2017-12-17 23:00:00,day_ahead
2017-12-18 07:00:00,1697.393906338616,wind,2017-12-17 23:00:00,day_ahead
2017-12-18 08:00:00,1604.492249960294,wind,2017-12-17 23:00:00,day_ahead
2017-12-18 09:00:00,1501.1228661875155,wind,2017-12-17 23:00:00,day_ahead
2017-12-18 10:00:00,1418.3446650797007,wind,2017-12-17 23:00:00,day_ahead
2017-12-18 11:00:00,1378.0085087762832,wind,2017-12-17 23:00:00,day_ahead
2017-12-18 12:00:00,1381.386155254068,wind,2017-12-17 23:00:00,day_ahead
2017-12-18 13:00:00,1412.9662031317355,wind,2017-12-17 23:00:00,day_ahead
2017-12-18 14:00:00,1454.809056156251,wind,2017-12-17 23:00:00,day_ahead
2017-12-18 15:00:00,1498.5965924427178,wind,2017-12-17 23:00:00,day_ahead
2017-12-18 16:00:00,1546.0861917083241,wind,2017-12-17 23:00:00,day_ahead
2017-12-18 17:00:00,1600.0842756011064,wind,2017-12-17 23:00:00,day_ahead
2017-12-18 18:00:00,1656.2754704819874,wind,2017-12-17 23:00:00,day_ahead
2017-12-18 19:00:00,1703.9656019289619,wind,2017-12-17 23:00:00,day_ahead
2017-12-18 20:00:00,1734.1505237863093,wind,2017-12-17 23:00:00,day_ahead
2017-12-18 21:00:00,1746.2526865519676,wind,2017-12-17 23:00:00,day_ahead
2017-12-18 22:00:00,1747.0506975776882,wind,2017-12-17 23:00:00,day_ahead
2017-12-18 23:00:00,1743.7937593152396,wind,2017-12-17 23:00:00,day_ahead
2017-12-19 00:00:00,1721.6143028872336,wind,2017-12-18 23:00:00,day_ahead
2017-12-19 01:00:00,1715.0701060273245,wind,2017-12-18 23:00:00,day_ahead
2017-12-19 02:00:00,1708.147764328899,wind,2017-12-18 23:00:00,day_ahead
2017-12-19 03:00:00,1704.9452650502096,wind,2017-12-18 23:00:00,day_ahead
2017-12-19 04:00:00,1706.706028514562,wind,2017-12-18 23:00:00,day_ahead
2017-12-19 05:00:00,1705.1420202995182,wind,2017-12-18 23:00:00,day_ahead
2017-12-19 06:00:00,1683.416789656924,wind,2017-12-18 23:00:00,day_ahead
2017-12-19 07:00:00,1627.31188378403,wind,2017-12-18 23:00:00,day_ahead
2017-12-19 08:00:00,1538.729252345626,wind,2017-12-18 23:00:00,day_ahead
2017-12-19 09:00:00,1439.5074565152381,wind,2017-12-18 23:00:00,day_ahead
2017-12-19 10:00:00,1360.5435003860932,wind,2017-12-18 23:00:00,day_ahead
2017-12-19 11:00:00,1323.6762909230147,wind,2017-12-18 23:00:00,day_ahead
2017-12-19 12:00:00,1330.3010485539783,wind,2017-12-18 23:00:00,day_ahead
2017-12-19 13:00:00,1365.0276532059966,wind,2017-12-18 23:00:00,day_ahead
2017-12-19 14:00:00,1409.9172029011545,wind,2017-12-18 23:00:00,day_ahead
2017-12-19 15:00:00,1456.551234182809,wind,2017-12-18 23:00:00,day_ahead
2017-12-19 16:00:00,1506.6185391333092,wind,2017-12-18 23:00:00,day_ahead
2017-12-19 17:00:00,1562.9923607581254,wind,2017-12-18 23:00:00,day_ahead
2017-12-19 18:00:00,1621.5197360062348,wind,2017-12-18 23:00:00,day_ahead
2017-12-19 19:00:00,1671.6134352480756,wind,2017-12-18 23:00:00,day_ahead
2017-12-19 20:00:00,1704.2082758052952,wind,2017-12-18 23:00:00,day_ahead
2017-12-19 21:00:00,1718.5419032108084,wind,2017-12-18 23:00:00,day_ahead
2017-12-19 22:00:00,1721.2514629443383,wind,2017-12-18 23:00:00,day_ahead
2017-12-19 23:00:00,1719.6219045605292,wind,2017-12-18 23:00:00,day_ahead
2017-12-20 00:00:00,1726.943374823103,wind,2017-12-19 23:00:00,day_ahead
2017-12-20 01:00:00,1722.0243242187184,wind,2017-12-19 23:00:00,day_ahead
2017-12-20 02:00:00,1716.6986948016556,wind,2017-12-19 23:00:00,day_ahead
2017-12-20 03:00:00,1715.093737048206,wind,2017-12-19 23:00:00,day_ahead
2017-12-20 04:00:00,1718.5186761612522,wind,2017-12-19 23:00:00,day_ahead
2017-12-20 05:00:00,1718.7429771730594,wind,2017-12-19 23:00:00,day_ahead
2017-12-20 06:00:00,1698.9348548703315,wind,2017-12-19 23:00:00,day_ahead
2017-12-20 07:00:00,1644.82475002939,wind,2017-12-19 23:00:00,day_ahead
2017-12-20 08:00:00,1558.2498189937205,wind,2017-12-19 23:00:00,day_ahead
2017-12-20 09:00:00,1461.020829867286,wind,2017-12-19 23:00:00,day_ahead
2017-12-20 10:00:00,1384.0619022077797,wind,2017-12-19 23:00:00,day_ahead
2017-12-20 11:00:00,1349.2700003624475,wind,2017-12-19 23:00:00,day_ahead
2017-12-20 12:00:00,1358.0910295461695,wind,2017-12-19 23:00:00,day_ahead
2017-12-20 13:00:00,1395.1593601732181,wind,2017-12-19 23:00:00,day_ahead
2017-12-20 14:00:00,1442.542303857111,wind,2017-12-19 23:00:00,day_ahead
2017-12-20 15:00:00,1491.8218831768118,wind,2017-12-19 23:00:00,day_ahead
2017-12-20 16:00:00,1544.6754529660877,wind,2017-12-19 23:00:00,day_ahead
2017-12-20 17:00:00,1603.9312434603173,wind,2017-12-19 23:00:00,day_ahead
2017-12-20 18:00:00,1665.3481984741597,wind,2017-12-19 23:00:00,day_ahead
2017-12-20 19:00:00,1718.2318614843152,wind,2017-12-19 23:00:00,day_ahead
2017-12-20 20:00:00,1753.4365034893217,wind,2017-12-19 23:00:00,day_ahead
2017-12-20 21:00:00,1770.1758673100026,wind,2017-12-19 23:00:00,day_ahead
2017-12-20 22:00:00,1775.105710551878,wind,2017-12-19 23:00:00,day_ahead
2017-12-20 23:00:00,1775.5246252886695,wind,2017-12-19 23:00:00,day_ahead
2017-12-21 00:00:00,1761.0010899022693,wind,2017-12-20 23:00:00,day_ahead
2017-12-21 01:00:00,1757.6952156608043,wind,2017-12-20 23:00:00,day_ahead
2017-12-21 02:00:00,1753.6200832607153,wind,2017-12-20 23:00:00,day_ahead
2017-12-21 03:00:00,1752.9283122319373,wind,2017-12-20 23:00:00,day_ahead
2017-12-21 04:00:00,1756.951488641495,wind,2017-12-20 23:00:00,day_ahead
2017-12-21 05:00:00,1757.4655389778059,wind,2017-12-20 23:00:00,day_ahead
2017-12-21 06:00:00,1737.6312624967438,wind,2017-12-20 23:00:00,day_ahead
2017-12-21 07:00:00,1683.1615241853729,wind,2017-12-20 23:00:00,day_ahead
2017-12-21 08:00:00,1595.8627535313394,wind,2017-12-20 23:00:00,day_ahead
2017-12-21 09:00:00,1497.499902613834,wind,2017-12-20 23:00:00,day_ahead
2017-12-21 10:00:00,1418.9496155460326,wind,2017-12-20 23:00:00,day_ahead
2017-12-21 11:00:00,1382.0892391132898,wind,2017-12-20 23:00:00,day_ahead
2017-12-21 12:00:00,1388.3981124978066,wind,2017-12-20 23:00:00,day_ahead
2017-12-21 13:00:00,1422.5925965420374,wind,2017-12-20 23:00:00,day_ahead
2017-12-21 14:00:00,1466.8319135947124,wind,2017-12-20 23:00:00,day_ahead
2017-12-21 15:00:00,1512.7528611117802,wind,2017-12-20 23:00:00,day_ahead
2017-12-21 16:00:00,1562.0315270118917,wind,2017-12-20 23:00:00,day_ahead
2017-12-21 17:00:00,1617.463468483707,wind,2017-12-20 23:00:00,day_ahead
2017-12-21 18:00:00,1674.7910066421846,wind,2017-12-20 23:00:00,day_ahead
2017-12-21 19:00:00,1723.349823343073,wind,2017-12-20 23:00:00,day_ahead
2017-12-21 20:00:00,1754.061194581696,wind,2017-12-20 23:00:00,day_ahead
2017-12-21 21:00:00,1766.2044345527163,wind,2017-12-20 23:00:00,day_ahead
2017-12-21 22:00:00,1766.468731484463,wind,2017-12-20 23:00:00,day_ahead
2017-12-21 23:00:00,1762.1577491126643,wind,2017-12-20 23:00:00,day_ahead
2017-12-22 00:00:00,1755.565915798908,wind,2017-12-21 23:00:00,day_ahead
2017-12-22 01:00:00,1747.9117906546887,wind,2017-12-21 23:00:00,day_ahead
2017-12-22 02:00:00,1739.4135637314298,wind,2017-12-21 23:00:00,day_ahead
2017-12-22 03:00:00,1734.2667642611918,wind,2017-12-21 23:00:00,day_ahead
2017-12-22 04:00:00,1734.010767306195,wind,2017-12-21 23:00:00,day_ahead
2017-12-22 05:00:00,1730.6638507214593,wind,2017-12-21 23:00:00,day_ahead
2017-12-22 06:00:00,1707.5215812499757,wind,2017-12-21 23:00:00,day_ahead
2017-12-22 07:00:00,1650.279464195096,wind,2017-12-21 23:00:00,day_ahead
2017-12-22 08:00:00,1560.6457048705274,wind,2017-12-21 23:00:00,day_ahead
2017-12-22 09:00:00,1460.3175404743756,wind,2017-12-21 23:00:00,day_ahead
2017-12-22 10:00:00,1380.194491148727,wind,2017-12-21 23:00:00,day_ahead
2017-12-22 11:00:00,1342.2483822451918,wind,2017-12-21 23:00:00,day_ahead
2017-12-22 12:00:00,1348.070622151401,wind,2017-12-21 23:00:00,day_ahead
2017-12-22 13:00:00,1382.4744396980882,wind,2017-12-21 23:00:00,day_ahead
2017-12-22 14:00:00,1427.6989814058104,wind,2017-12-21 23:00:00,day_ahead
2017-12-22 15:00:00,1475.4392689076149,wind,2017-12-21 23:00:00,day_ahead
2017-12-22 16:00:00,1527.3762146450106,wind,2017-12-21 23:00:00,day_ahead
2017-12-22 17:00:00,1586.2242784421123,wind,2017-12-21 23:00:00,day_ahead
2017-12-22 18:00:00,1647.578185965915,wind,2017-12-21 23:00:00,day_ahead
2017-12-22 19:00:00,1700.645419062602,wind,2017-12-21 23:00:00,day_ahead
2017-12-22 20:00:00,1736.3326770560702,wind,2017-12-21 23:00:00,day_ahead
2017-12-22 21:00:00,1754.0321569324356,wind,2017-12-21 23:00:00,day_ahead
2017-12-22 22:00:00,1760.5733367629473,wind,2017-12-21 23:00:00,day_ahead
2017-12-22 23:00:00,1763.2807563460997,wind,2017-12-21 23:00:00,day_ahead
2017-12-23 00:00:00,1734.8402326301682,wind,2017-12-22 23:00:00,day_ahead
2017-12-23 01:00:00,1734.4146549357,wind,2017-12-22 23:00:00,day_ahead
2017-12-23 02:00:00,1733.6295127103733,wind,2017-12-22 23:00:00,day_ahead
2017-12-23 03:00:00,1736.5997344738453,wind,2017-12-22 23:00:00,day_ahead
2017-12-23 04:00:00,1744.6385862906286,wind,2017-12-22 23:00:00,day_ahead
2017-12-23 05:00:00,1749.5413979386424,wind,2017-12-22 23:00:00,day_ahead
2017-12-23 06:00:00,1734.5066120539009,wind,2017-12-22 23:00:00,day_ahead
2017-12-23 07:00:00,1685.2485928992019,wind,2017-12-22 23:00:00,day_ahead
2017-12-23 08:00:00,1603.4926904914967,wind,2017-12-22 23:00:00,day_ahead
2017-12-23 09:00:00,1510.8504533210173,wind,2017-12-22 23:00:00,day_ahead
2017-12-23 10:00:00,1438.0467568422894,wind,2017-12-22 23:00:00,day_ahead
2017-12-23 11:00:00,1406.8968510588181,wind,2017-12-22 23:00:00,day_ahead
2017-12-23 12:00:00,1418.9402121683208,wind,2017-12-22 23:00:00,day_ahead
2017-12-23 13:00:00,1459.0219921223643,wind,2017-12-22 23:00:00,day_ahead
2017-12-23 14:00:00,1509.3956959462182,wind,2017-12-22 23:00:00,day_ahead
2017-12-23 15:00:00,1561.6801258584294,wind,2017-12-22 23:00:00,day_ahead
2017-12-23 16:00:00,1617.421001625274,wind,2017-12-22 23:00:00,day_ahead
2017-12-23 17:00:00,1679.2385827263129,wind,2017-12-22 23:00:00,day_ahead
2017-12-23 18:00:00,1742.7320642333564,wind,2017-12-22 23:00:00,day_ahead
2017-12-23 19:00:00,1797.1594601938782,wind,2017-12-22 23:00:00,day_ahead
2017-12-23 20:00:00,1833.4111556157206,wind,2017-12-22 23:00:00,day_ahead
2017-12-23 21:00:00,1850.744703494401,wind,2017-12-22 23:00:00,day_ahead
2017-12-23 22:00:00,1855.81578461008,wind,2017-12-22 23:00:00,day_ahead
2017-12-23 23:00:00,1855.8853955357079,wind,2017-12-22 23:00:00,day_ahead
2017-12-24 00:00:00,1861.0622899021819,wind,2017-12-23 23:00:00,day_ahead
2017-12-24 01:00:00,1856.2683198131629,wind,2017-12-23 23:00:00,day_ahead
2017-12-24 02:00:00,1850.3413973420738,wind,2017-12-23 23:00:00,day_ahead
2017-12-24 03:00:00,1847.4251884023545,wind,2017-12-23 23:00:00,day_ahead
2017-12-24 04:00:00,1848.8458085006564,wind,2017-12-23 23:00:00,day_ahead
2017-12-24 05:00:00,1846.4337116947745,wind,2017-12-23 23:00:00,day_ahead
2017-12-24 06:00:00,1823.4577656054428,wind,2017-12-23 23:00:00,day_ahead
2017-12-24 07:00:00,1765.7091829456363,wind,2017-12-23 23:00:00,day_ahead
2017-12-24 08:00:00,1674.954814559024,wind,2017-12-23 23:00:00,day_ahead
2017-12-24 09:00:00,1572.805041323161,wind,2017-12-23 23:00:00,day_ahead
2017-12-24 10:00:00,1489.9853531204346,wind,2017-12-23 23:00:00,day_ahead
2017-12-24 11:00:00,1448.3758876276868,wind,2017-12-23 23:00:00,day_ahead
2017-12-24 12:00:00,1449.6698302292912,wind,2017-12-23 23:00:00,day_ahead
2017-12-24 13:00:00,1478.9154418801004,wind,2017-12-23 23:00:00,day_ahead
2017-12-24 14:00:00,1518.544721920485,wind,2017-12-23 23:00:00,day_ahead
2017-12-24 15:00:00,1560.280316346312,wind,2017-12-23 23:00:00,day_ahead
2017-12-24 16:00:00,1605.7058800565435,wind,2017-12-23 23:00:00,day_ahead
2017-12-24 17:00:00,1657.4629444064649,wind,2017-12-23 23:00:00,day_ahead
2017-12-24 18:00:00,1711.1949006343575,wind,2017-12-23 23:00:00,day_ahead
2017-12-24 19:00:00,1756.224093896853,wind,2017-12-23 23:00:00,day_ahead
2017-12-24 20:00:00,1783.4937774481693,wind,2017-12-23 23:00:00,day_ahead
2017-12-24 21:00:00,1792.2839715158286,wind,2017-12-23 23:00:00,day_ahead
2017-12-24 22:00:00,1789.260590981772,wind,2017-12-23 23:00:00,day_ahead
2017-12-24 23:00:00,1781.7201109311718,wind,2017-12-23 23:00:00,day_ahead
2017-12-25 00:00:00,1751.459386013943,wind,2017-12-24 23:00:00,day_ahead
2017-12-25 01:00:00,1740.6927281668686,wind,2017-12-24 23:00:00,day_ahead
2017-12-25 02:00:00,1729.2285872874177,wind,2017-12-24 23:00:00,day_ahead
2017-12-25 03:00:00,1721.273882911265,wind,2017-12-24 23:00:00,day_ahead
2017-12-25 04:00:00,1718.3194699424998,wind,2017-12-24 23:00:00,day_ahead
2017-12-25 05:00:00,1712.3475443965042,wind,2017-12-24 23:00:00,day_ahead
2017-12-25 06:00:00,1686.6733992899826,wind,2017-12-24 23:00:00,day_ahead
2017-12-25 07:00:00,1627.0269283911775,wind,2017-12-24 23:00:00,day_ahead
2017-12-25 08:00:00,1535.0769248974236,wind,2017-12-24 23:00:00,day_ahead
2017-12-25 09:00:00,1432.3685526414047,wind,2017-12-24 23:00:00,day_ahead
2017-12-25 10:00:00,1349.6057211272046,wind,2017-12-24 23:00:00,day_ahead
2017-12-25 11:00:00,1308.6526452344456,wind,2017-12-24 23:00:00,day_ahead
2017-12-25 12:00:00,1311.1613317622307,wind,2017-12-24 23:00:00,day_ahead
2017-12-25 13:00:00,1342.1266409933476,wind,2017-12-24 23:00:00,day_ahead
2017-12-25 14:00:00,1383.951464404333,wind,2017-12-24 23:00:00,day_ahead
2017-12-25 15:00:00,1428.36260472321,wind,2017-12-24 23:00:00,day_ahead
2017-12-25 16:00:00,1476.9419697760281,wind,2017-12-24 23:00:00,day_ahead
2017-12-25 17:00:00,1532.2739788162435,wind,2017-12-24 23:00:00,day_ahead
2017-12-25 18:00:00,1589.8886590690197,wind,2017-12-24 23:00:00,day_ahead
2017-12-25 19:00:00,1639.000782936588,wind,2017-12-24 23:00:00,day_ahead
2017-12-25 20:00:00,1670.522818504549,wind,2017-12-24 23:00:00,day_ahead
2017-12-25 21:00:00,1683.7861889631322,wind,2017-12-24 23:00:00,day_ahead
2017-12-25 22:00:00,1685.510798495321,wind,2017-12-24 23:00:00,day_ahead
2017-12-25 23:00:00,1682.9484473284265,wind,2017-12-24 23:00:00,day_ahead
2017-12-26 00:00:00,1697.1325216795408,wind,2017-12-25 23:00:00,day_ahead
2017-12-26 01:00:00,1690.5850253263206,wind,2017-12-25 23:00:00,day_ahead
2017-12-26 02:00:00,1683.4000765176902,wind,2017-12-25 23:00:00,day_ahead
2017-12-26 03:00:00,1679.7625183671212,wind,2017-12-25 23:00:00,day_ahead
2017-12-26 04:00:00,1681.0629273685936,wind,2017-12-25 23:00:00,day_ahead
2017-12-26 05:00:00,1679.167059661128,wind,2017-12-25 23:00:00,day_ahead
2017-12-26 06:00:00,1657.3284446123603,wind,2017-12-25 23:00:00,day_ahead
2017-12-26 07:00:00,1601.2857630614722,wind,2017-12-25 23:00:00,day_ahead
2017-12-26 08:00:00,1512.742560508179,wind,2017-12-25 23:00:00,day_ahead
2017-12-26 09:00:00,1413.2526343166883,wind,2017-12-25 23:00:00,day_ahead
2017-12-26 10:00:00,1333.496407086223,wind,2017-12-25 23:00:00,day_ahead
2017-12-26 11:00:00,1295.3216666021794,wind,2017-12-25 23:00:00,day_ahead
2017-12-26 12:00:00,1300.4039269137163,wind,2017-12-25 23:00:00,day_ahead
2017-12-26 13:00:00,1333.7836032801606,wind,2017-12-25 23:00:00,day_ahead
2017-12-26 14:00:00,1377.87563372363,wind,2017-12-25 23:00:00,day_ahead
2017-12-26 15:00:00,1424.3523934835089,wind,2017-12-25 23:00:00,day_ahead
2017-12-26 16:00:00,1474.7095473794193,wind,2017-12-25 23:00:00,day_ahead
2017-12-26 17:00:00,1531.4946503275576,wind,2017-12-25 23:00:00,day_ahead
2017-12-26 18:00:00,1590.3053789560631,wind,2017-12-25 23:00:00,day_ahead
2017-12-26 19:00:00,1640.5025224017845,wind,2017-12-25 23:00:00,day_ahead
2017-12-26 20:00:00,1673.13367729423,wind,2017-12-25 23:00:00,day_ahead
2017-12-26 21:00:00,1687.5800843236975,wind,2017-12-25 23:00:00,day_ahead
2017-12-26 22:00:00,1690.531867397669,wind,2017-12-25 23:00:00,day_ahead
2017-12-26 23:00:00,1689.2080732889488,wind,2017-12-25 23:00:00,day_ahead
2017-12-27 00:00:00,1734.9813450212334,wind,2017-12-26 23:00:00,day_ahead
2017-12-27 01:00:00,1729.120801984121,wind,2017-12-26 23:00:00,day_ahead
2017-12-27 02:00:00,1723.1263987066116,wind,2017-12-26 23:00:00,day_ahead
2017-12-27 03:00:00,1721.1930136380574,wind,2017-12-26 23:00:00,day_ahead
2017-12-27 04:00:00,1724.5182437371493,wind,2017-12-26 23:00:00,day_ahead
2017-12-27 05:00:00,1724.7712218774495,wind,2017-12-26 23:00:00,day_ahead
2017-12-27 06:00:00,1705.155758913342,wind,2017-12-26 23:00:00,day_ahead
2017-12-27 07:00:00,1651.4923047353107,wind,2017-12-26 23:00:00,day_ahead
2017-12-27 08:00:00,1565.565621088304,wind,2017-12-26 23:00:00,day_ahead
2017-12-27 09:00:00,1468.9105259089263,wind,2017-12-26 23:00:00,day_ahead
2017-12-27 10:00:00,1392.1141213700125,wind,2017-12-26 23:00:00,day_ahead
2017-12-27 11:00:00,1356.9592356494163,wind,2017-12-26 23:00:00,day_ahead
2017-12-27 12:00:00,1365.1385860383002,wind,2017-12-26 23:00:00,day_ahead
2017-12-27 13:00:00,1401.7345283518116,wind,2017-12-26 23:00:00,day_ahead
2017-12-27 14:00:00,1449.1281452042874,wind,2017-12-26 23:00:00,day_ahead
2017-12-27 15:00:00,1498.8611147198217,wind,2017-12-26 23:00:00,day_ahead
2017-12-27 16:00:00,1552.2993108401104,wind,2017-12-26 23:00:00,day_ahead
2017-12-27 17:00:00,1611.9818748695227,wind,2017-12-26 23:00:00,day_ahead
2017-12-27 18:00:00,1673.6251281960372,wind,2017-12-26 23:00:00,day_ahead
2017-12-27 19:00:00,1726.6952752541797,wind,2017-12-26 23:00:00,day_ahead
2017-12-27 20:00:00,1762.1689166471692,wind,2017-12-26 23:00:00,day_ahead
2017-12-27 21:00:00,1779.161121274203,wind,2017-12-26 23:00:00,day_ahead
2017-12-27 22:00:00,1784.071570320734,wind,2017-12-26 23:00:00,day_ahead
2017-12-27 23:00:00,1784.030613075499,wind,2017-12-26 23:00:00,day_ahead
2017-12-28 00:00:00,1850.1152580394132,wind,2017-12-27 23:00:00,day_ahead
2017-12-28 01:00:00,1845.579421868558,wind,2017-12-27 23:00:00,day_ahead
2017-12-28 02:00:00,1840.4893266715428,wind,2017-12-27 23:00:00,day_ahead
2017-12-28 03:00:00,1839.0536573576803,wind,2017-12-27 23:00:00,day_ahead
2017-12-28 04:00:00,1842.442506099903,wind,2017-12-27 23:00:00,day_ahead
2017-12-28 05:00:00,1842.311914622632,wind,2017-12-27 23:00:00,day_ahead
2017-12-28 06:00:00,1821.9145113198254,wind,2017-12-27 23:00:00,day_ahead
2017-12-28 07:00:00,1767.155657664236,wind,2017-12-27 23:00:00,day_ahead
2017-12-28 08:00:00,1679.8620958233591,wind,2017-12-27 23:00:00,day_ahead
2017-12-28 09:00:00,1581.5195714209292,wind,2017-12-27 23:00:00,day_ahead
2017-12-28 10:00:00,1502.6151158327973,wind,2017-12-27 23:00:00,day_ahead
2017-12-28 11:00:00,1464.8744636900349,wind,2017-12-27 23:00:00,day_ahead
2017-12-28 12:00:00,1470.0294238991364,wind,2017-12-27 23:00:00,day_ahead
2017-12-28 13:00:00,1503.2525111299124,wind,2017-12-27 23:00:00,day_ahead
2017-12-28 14:00:00,1546.9662713897117,wind,2017-12-27 23:00:00,day_ahead
2017-12-28 15:00:00,1592.6572516169458,wind,2017-12-27 23:00:00,day_ahead
2017-12-28 16:00:00,1641.6060444127172,wind,2017-12-27 23:00:00,day_ahead
2017-12-28 17:00:00,1696.3663158488198,wind,2017-12-27 23:00:00,day_ahead
2017-12-28 18:00:00,1752.839048558023,wind,2017-12-27 23:00:00,day_ahead
2017-12-28 19:00:00,1800.7766398773852,wind,2017-12-27 23:00:00,day_ahead
2017-12-28 20:00:00,1831.3803392579891,wind,2017-12-27 23:00:00,day_ahead
2017-12-28 21:00:00,1843.8035987544415,wind,2017-12-27 23:00:00,day_ahead
2017-12-28 22:00:00,1844.3136551955738,wind,2017-12-27 23:00:00,day_ahead
2017-12-28 23:00:00,1839.8731979037266,wind,2017-12-27 23:00:00,day_ahead
2017-12-29 00:00:00,1892.241749266248,wind,2017-12-28 23:00:00,day_ahead
2017-12-29 01:00:00,1883.66111329629,wind,2017-12-28 23:00:00,day_ahead
2017-12-29 02:00:00,1874.4627095653893,wind,2017-12-28 23:00:00,day_ahead
2017-12-29 03:00:00,1868.9217829751597,wind,2017-12-28 23:00:00,day_ahead
2017-12-29 04:00:00,1868.446077184884,wind,2017-12-28 23:00:00,day_ahead
2017-12-29 05:00:00,1864.9349831121658,wind,2017-12-28 23:00:00,day_ahead
2017-12-29 06:00:00,1841.753067826673,wind,2017-12-28 23:00:00,day_ahead
2017-12-29 07:00:00,1784.7835210789353,wind,2017-12-28 23:00:00,day_ahead
2017-12-29 08:00:00,1695.8006726962287,wind,2017-12-28 23:00:00,day_ahead
2017-12-29 09:00:00,1596.298803157372,wind,2017-12-28 23:00:00,day_ahead
2017-12-29 10:00:00,1516.8272789779844,wind,2017-12-28 23:00:00,day_ahead
2017-12-29 11:00:00,1479.1503794209352,wind,2017-12-28 23:00:00,day_ahead
2017-12-29 12:00:00,1484.966975406754,wind,2017-12-28 23:00:00,day_ahead
2017-12-29 13:00:00,1519.3870944907883,wind,2017-12-28 23:00:00,day_ahead
2017-12-29 14:00:00,1564.82717149505,wind,2017-12-28 23:00:00,day_ahead
2017-12-29 15:00:00,1612.8535787673811,wind,2017-12-28 23:00:00,day_ahead
2017-12-29 16:00:00,1664.8423885554726,wind,2017-12-28 23:00:00,day_ahead
2017-12-29 17:00:00,1723.3551977586453,wind,2017-12-28 23:00:00,day_ahead
2017-12-29 18:00:00,1784.1899948144774,wind,2017-12-28 23:00:00,day_ahead
2017-12-29 19:00:00,1836.9805984649197,wind,2017-12-28 23:00:00,day_ahead
2017-12-29 20:00:00,1872.922399806504,wind,2017-12-28 23:00:00,day_ahead
2017-12-29 21:00:00,1891.303117338927,wind,2017-12-28 23:00:00,day_ahead
2017-12-29 22:00:00,1898.542526502909,wind,2017-12-28 23:00:00,day_ahead
2017-12-29 23:00:00,1901.5982971811336,wind,2017-12-28 23:00:00,day_ahead
2017-12-30 00:00:00,1931.0731519890066,wind,2017-12-29 23:00:00,day_ahead
2017-12-30 01:00:00,1930.839331203348,wind,2017-12-29 23:00:00,day_ahead
2017-12-30 02:00:00,1930.2539934265794,wind,2017-12-29 23:00:00,day_ahead
2017-12-30 03:00:00,1933.3936088409275,wind,2017-12-29 23:00:00,day_ahead
2017-12-30 04:00:00,1941.5177445486586,wind,2017-12-29 23:00:00,day_ahead
2017-12-30 05:00:00,1946.4644574446752,wind,2017-12-29 23:00:00,day_ahead
2017-12-30 06:00:00,1931.5820305973875,wind,2017-12-29 23:00:00,day_ahead
2017-12-30 07:00:00,1882.7089940213752,wind,2017-12-29 23:00:00,day_ahead
2017-12-30 08:00:00,1801.5145629054011,wind,2017-12-29 23:00:00,day_ahead
2017-12-30 09:00:00,1709.365560496217,wind,2017-12-29 23:00:00,day_ahead
2017-12-30 10:00:00,1636.7287009129623,wind,2017-12-29 23:00:00,day_ahead
2017-12-30 11:00:00,1605.3583708745236,wind,2017-12-29 23:00:00,day_ahead
2017-12-30 12:00:00,1616.9776263467818,wind,2017-12-29 23:00:00,day_ahead
2017-12-30 13:00:00,1656.6882565557096,wind,2017-12-29 23:00:00,day_ahead
2017-12-30 14:00:00,1706.8360649194885,wind,2017-12-29 23:00:00,day_ahead
2017-12-30 15:00:00,1758.886266178241,wind,2017-12-29 23:00:00,day_ahead
2017-12-30 16:00:00,1814.1399083358017,wind,2017-12-29 23:00:00,day_ahead
2017-12-30 17:00:00,1875.1320511929919,wind,2017-12-29 23:00:00,day_ahead
2017-12-30 18:00:00,1937.6511592320057,wind,2017-12-29 23:00:00,day_ahead
2017-12-30 19:00:00,1991.2928462722439,wind,2017-12-29 23:00:00,day_ahead
2017-12-30 20:00:00,2027.1818940326839,wind,2017-12-29 23:00:00,day_ahead
2017-12-30 21:00:00,2044.553172975235,wind,2017-12-29 23:00:00,day_ahead
2017-12-30 22:00:00,2049.8471253364723,wind,2017-12-29 23:00:00,day_ahead
2017-12-30 23:00:00,2050.1155218968534,wind,2017-12-29 23:00:00,day_ahead
2017-12-31 00:00:00,2026.9202354074964,wind,2017-12-30 23:00:00,day_ahead
2017-12-31 01:00:00,2022.5271396689732,wind,2017-12-30 23:00:00,day_ahead
2017-12-31 02:00:00,2016.8061638475072,wind,2017-12-30 23:00:00,day_ahead
2017-12-31 03:00:00,2013.9292216256276,wind,2017-12-30 23:00:00,day_ahead
2017-12-31 04:00:00,2015.29181579561,wind,2017-12-30 23:00:00,day_ahead
2017-12-31 05:00:00,2012.8282898153363,wind,2017-12-30 23:00:00,day_ahead
2017-12-31 06:00:00,1989.9238128240268,wind,2017-12-30 23:00:00,day_ahead
2017-12-31 07:00:00,1932.4428488849815,wind,2017-12-30 23:00:00,day_ahead
2017-12-31 08:00:00,1842.1256517942368,wind,2017-12-30 23:00:00,day_ahead
2017-12-31 09:00:00,1740.4559083302236,wind,2017-12-30 23:00:00,day_ahead
2017-12-31 10:00:00,1658.008528953992,wind,2017-12-30 23:00:00,day_ahead
2017-12-31 11:00:00,1616.5891384793067,wind,2017-12-30 23:00:00,day_ahead
2017-12-31 12:00:00,1617.929630907808,wind,2017-12-30 23:00:00,day_ahead
2017-12-31 13:00:00,1647.16597459127,wind,2017-12-30 23:00:00,day_ahead
2017-12-31 14:00:00,1686.7556537797695,wind,2017-12-30 23:00:00,day_ahead
2017-12-31 15:00:00,1728.3317094485913,wind,2017-12-30 23:00:00,day_ahead
2017-12-31 16:00:00,1773.338888425414,wind,2017-12-30 23:00:00,day_ahead
2017-12-31 17:00:00,1824.3690768463712,wind,2017-12-30 23:00:00,day_ahead
2017-12-31 18:00:00,1877.1989314170876,wind,2017-12-30 23:00:00,day_ahead
2017-12-31 19:00:00,1921.428255158977,wind,2017-12-30 23:00:00,day_ahead
2017-12-31 20:00:00,1948.2713056340485,wind,2017-12-30 23:00:00,day_ahead
2017-12-31 21:00:00,1957.1212136600543,wind,2017-12-30 23:00:00,day_ahead
2017-12-31 22:00:00,1954.553806585592,wind,2017-12-30 23:00:00,day_ahead
2017-12-31 23:00:00,1947.6503055504386,wind,2017-12-30 23:00:00,day_ahead
