,price,solar,wind
2023-01-01 00:00:00+00:00,0.0,0.0,3417.1
2023-01-01 01:00:00+00:00,0.0,0.0,3556.7
2023-01-01 02:00:00+00:00,0.0,0.0,3673.1
2023-01-01 03:00:00+00:00,0.0,0.0,4074.0
2023-01-01 04:00:00+00:00,0.0,0.0,4018.6
2023-01-01 05:00:00+00:00,0.0,0.0,3887.3
2023-01-01 06:00:00+00:00,0.0,0.0,3766.5
2023-01-01 07:00:00+00:00,0.0,0.1,3465.2999999999997
2023-01-01 08:00:00+00:00,0.0,29.3,3327.2999999999997
2023-01-01 09:00:00+00:00,0.0,148.8,3385.5
2023-01-01 10:00:00+00:00,0.0,461.1,3424.5
2023-01-01 11:00:00+00:00,0.0,683.1,3390.3
2023-01-01 12:00:00+00:00,0.1,665.8,3929.1000000000004
2023-01-01 13:00:00+00:00,0.1,478.6,4079.3999999999996
2023-01-01 14:00:00+00:00,0.01,271.0,3962.3
2023-01-01 15:00:00+00:00,1.0,136.3,3619.4
2023-01-01 16:00:00+00:00,4.16,53.3,3110.7
2023-01-01 17:00:00+00:00,15.1,0.7,2459.7000000000003
2023-01-01 18:00:00+00:00,19.51,0.0,2019.7
2023-01-01 19:00:00+00:00,24.61,0.0,2013.4
2023-01-01 20:00:00+00:00,40.07,0.0,2189.0
2023-01-01 21:00:00+00:00,40.07,0.0,2367.9
2023-01-01 22:00:00+00:00,16.0,0.0,2044.6
2023-01-01 23:00:00+00:00,61.38,0.0,1502.8999999999999
2023-01-02 00:00:00+00:00,42.17,0.0,1081.7
2023-01-02 01:00:00+00:00,42.0,0.0,852.3000000000001
2023-01-02 02:00:00+00:00,42.07,0.0,811.3000000000001
2023-01-02 03:00:00+00:00,42.17,0.0,891.0
2023-01-02 04:00:00+00:00,63.22,0.0,943.0
2023-01-02 05:00:00+00:00,85.0,0.0,915.3
2023-01-02 06:00:00+00:00,105.36,0.0,885.1999999999999
2023-01-02 07:00:00+00:00,119.46,0.9,696.8000000000001
2023-01-02 08:00:00+00:00,120.14,106.7,553.3
2023-01-02 09:00:00+00:00,121.21,365.9,345.90000000000003
2023-01-02 10:00:00+00:00,125.0,590.6,228.4
2023-01-02 11:00:00+00:00,126.75,837.6,234.20000000000002
2023-01-02 12:00:00+00:00,126.75,981.2,256.2
2023-01-02 13:00:00+00:00,128.0,914.6,214.6
2023-01-02 14:00:00+00:00,128.0,826.3,190.4
2023-01-02 15:00:00+00:00,129.0,623.1,237.7
2023-01-02 16:00:00+00:00,140.0,237.6,259.3
2023-01-02 17:00:00+00:00,174.74,8.9,337.1
2023-01-02 18:00:00+00:00,165.76,0.0,372.3
2023-01-02 19:00:00+00:00,153.0,0.0,343.9
2023-01-02 20:00:00+00:00,141.67,0.0,370.4
2023-01-02 21:00:00+00:00,134.91,0.0,391.4
2023-01-02 22:00:00+00:00,124.22,0.0,353.0
2023-01-02 23:00:00+00:00,130.01,0.0,405.20000000000005
2023-01-03 00:00:00+00:00,120.0,0.0,442.1
2023-01-03 01:00:00+00:00,118.76,0.0,469.1
2023-01-03 02:00:00+00:00,115.0,0.0,531.8000000000001
2023-01-03 03:00:00+00:00,113.63,0.0,597.0
2023-01-03 04:00:00+00:00,116.27,0.0,562.4
2023-01-03 05:00:00+00:00,138.92,0.0,564.0999999999999
2023-01-03 06:00:00+00:00,142.11,0.0,560.8
2023-01-03 07:00:00+00:00,148.56,1.1,504.5
2023-01-03 08:00:00+00:00,158.89,172.4,446.79999999999995
2023-01-03 09:00:00+00:00,154.9,620.4,372.70000000000005
2023-01-03 10:00:00+00:00,146.71,948.7,282.2
2023-01-03 11:00:00+00:00,133.33,1092.1,207.6
2023-01-03 12:00:00+00:00,130.0,1157.6,176.6
2023-01-03 13:00:00+00:00,126.0,1137.1,187.2
2023-01-03 14:00:00+00:00,120.0,1014.8,243.2
2023-01-03 15:00:00+00:00,135.56,735.2,244.1
2023-01-03 16:00:00+00:00,156.3,276.5,246.6
2023-01-03 17:00:00+00:00,169.01,10.1,316.3
2023-01-03 18:00:00+00:00,160.99,0.1,419.90000000000003
2023-01-03 19:00:00+00:00,152.1,0.1,492.2
2023-01-03 20:00:00+00:00,149.92,0.1,532.5
2023-01-03 21:00:00+00:00,132.53,0.1,503.8
2023-01-03 22:00:00+00:00,115.0,0.1,475.20000000000005
2023-01-03 23:00:00+00:00,119.99,0.0,387.3
2023-01-04 00:00:00+00:00,100.0,0.0,313.3
2023-01-04 01:00:00+00:00,90.23,0.0,305.5
2023-01-04 02:00:00+00:00,84.2,0.0,270.4
2023-01-04 03:00:00+00:00,80.23,0.0,307.09999999999997
2023-01-04 04:00:00+00:00,87.31,0.0,321.70000000000005
2023-01-04 05:00:00+00:00,109.0,0.0,340.2
2023-01-04 06:00:00+00:00,105.1,0.0,403.4
2023-01-04 07:00:00+00:00,134.16,1.2,439.29999999999995
2023-01-04 08:00:00+00:00,129.3,145.9,487.3
2023-01-04 09:00:00+00:00,120.7,582.8,453.40000000000003
2023-01-04 10:00:00+00:00,96.77,930.9,367.1
2023-01-04 11:00:00+00:00,105.03,1097.8,243.79999999999998
2023-01-04 12:00:00+00:00,106.0,1140.8,171.2
2023-01-04 13:00:00+00:00,105.07,1118.0,140.2
2023-01-04 14:00:00+00:00,103.9,988.4,124.5
2023-01-04 15:00:00+00:00,107.98,709.8,113.3
2023-01-04 16:00:00+00:00,129.82,261.2,169.7
2023-01-04 17:00:00+00:00,167.29,9.7,320.4
2023-01-04 18:00:00+00:00,160.6,0.0,402.3
2023-01-04 19:00:00+00:00,151.55,0.0,474.79999999999995
2023-01-04 20:00:00+00:00,140.61,0.0,510.3
2023-01-04 21:00:00+00:00,126.58,0.0,619.3
2023-01-04 22:00:00+00:00,104.75,0.0,747.4000000000001
2023-01-04 23:00:00+00:00,95.05,0.0,850.9
2023-01-05 00:00:00+00:00,79.21,0.0,913.1999999999999
2023-01-05 01:00:00+00:00,68.07,0.0,953.0
2023-01-05 02:00:00+00:00,64.27,0.0,1031.5
2023-01-05 03:00:00+00:00,61.97,0.0,1203.7
2023-01-05 04:00:00+00:00,65.1,0.0,1150.9
2023-01-05 05:00:00+00:00,95.05,0.0,988.7
2023-01-05 06:00:00+00:00,108.23,0.0,914.6
2023-01-05 07:00:00+00:00,118.9,1.1,754.6
2023-01-05 08:00:00+00:00,123.27,134.9,616.8
2023-01-05 09:00:00+00:00,104.97,535.7,498.4
2023-01-05 10:00:00+00:00,113.53,866.8,349.0
2023-01-05 11:00:00+00:00,100.82,1026.2,202.5
2023-01-05 12:00:00+00:00,96.44,1087.9,134.5
2023-01-05 13:00:00+00:00,93.9,1086.5,91.6
2023-01-05 14:00:00+00:00,91.16,970.7,60.8
2023-01-05 15:00:00+00:00,94.43,697.5,39.5
2023-01-05 16:00:00+00:00,118.9,261.8,57.8
2023-01-05 17:00:00+00:00,163.2,9.7,65.2
2023-01-05 18:00:00+00:00,177.98,0.0,79.2
2023-01-05 19:00:00+00:00,163.99,0.1,140.1
2023-01-05 20:00:00+00:00,152.0,0.0,114.1
2023-01-05 21:00:00+00:00,135.0,0.0,110.0
2023-01-05 22:00:00+00:00,118.9,0.0,149.39999999999998
2023-01-05 23:00:00+00:00,107.21,0.0,143.5
2023-01-06 00:00:00+00:00,101.1,0.0,146.7
2023-01-06 01:00:00+00:00,96.73,0.0,147.7
2023-01-06 02:00:00+00:00,81.37,0.0,190.0
2023-01-06 03:00:00+00:00,75.75,0.0,206.5
2023-01-06 04:00:00+00:00,81.0,0.0,220.70000000000002
2023-01-06 05:00:00+00:00,97.45,0.0,198.6
2023-01-06 06:00:00+00:00,107.82,0.0,215.6
2023-01-06 07:00:00+00:00,122.8,1.1,278.40000000000003
2023-01-06 08:00:00+00:00,125.0,125.1,374.2
2023-01-06 09:00:00+00:00,120.7,448.5,412.9
2023-01-06 10:00:00+00:00,110.05,748.4,505.09999999999997
2023-01-06 11:00:00+00:00,103.36,874.9,637.6
2023-01-06 12:00:00+00:00,90.23,839.8,757.1999999999999
2023-01-06 13:00:00+00:00,80.23,733.6,760.0
2023-01-06 14:00:00+00:00,70.0,644.0,765.7
2023-01-06 15:00:00+00:00,80.43,455.3,892.3000000000001
2023-01-06 16:00:00+00:00,121.2,170.1,1036.2
2023-01-06 17:00:00+00:00,128.47,6.3,1256.5
2023-01-06 18:00:00+00:00,137.73,0.0,1489.7
2023-01-06 19:00:00+00:00,137.73,0.0,1784.7
2023-01-06 20:00:00+00:00,132.0,0.0,2222.8
2023-01-06 21:00:00+00:00,99.9,0.0,2552.7
2023-01-06 22:00:00+00:00,91.1,0.0,2713.0
2023-01-06 23:00:00+00:00,53.42,0.0,2803.8
2023-01-07 00:00:00+00:00,40.3,0.0,3032.4
2023-01-07 01:00:00+00:00,25.5,0.0,3227.5
2023-01-07 02:00:00+00:00,24.8,0.0,3424.3
2023-01-07 03:00:00+00:00,20.0,0.0,3543.2000000000003
2023-01-07 04:00:00+00:00,14.85,0.0,3641.3
2023-01-07 05:00:00+00:00,14.85,0.0,3855.1000000000004
2023-01-07 06:00:00+00:00,14.0,0.0,4038.5
2023-01-07 07:00:00+00:00,18.28,1.8,4089.7000000000003
2023-01-07 08:00:00+00:00,20.2,75.2,4107.8
2023-01-07 09:00:00+00:00,18.28,331.8,4068.9
2023-01-07 10:00:00+00:00,14.0,467.1,4196.2
2023-01-07 11:00:00+00:00,10.35,560.7,4306.4
2023-01-07 12:00:00+00:00,8.0,538.1,4321.099999999999
2023-01-07 13:00:00+00:00,5.46,397.7,4246.099999999999
2023-01-07 14:00:00+00:00,4.16,249.2,4267.700000000001
2023-01-07 15:00:00+00:00,8.0,93.9,4214.4
2023-01-07 16:00:00+00:00,24.61,41.1,3841.4
2023-01-07 17:00:00+00:00,40.0,1.1,3717.3
2023-01-07 18:00:00+00:00,43.45,0.0,3518.7
2023-01-07 19:00:00+00:00,50.0,0.0,3387.9
2023-01-07 20:00:00+00:00,43.45,0.0,3218.1000000000004
2023-01-07 21:00:00+00:00,30.0,0.0,3016.2999999999997
2023-01-07 22:00:00+00:00,24.61,0.0,3291.7999999999997
2023-01-07 23:00:00+00:00,7.0,0.0,3607.8
2023-01-08 00:00:00+00:00,5.0,0.0,3550.6000000000004
2023-01-08 01:00:00+00:00,4.2,0.0,3595.4
2023-01-08 02:00:00+00:00,4.16,0.0,3898.7
2023-01-08 03:00:00+00:00,4.16,0.0,4004.2
2023-01-08 04:00:00+00:00,4.16,0.0,4141.900000000001
2023-01-08 05:00:00+00:00,4.16,0.0,4432.6
2023-01-08 06:00:00+00:00,4.16,0.0,4546.400000000001
2023-01-08 07:00:00+00:00,4.16,0.1,4450.6
2023-01-08 08:00:00+00:00,5.0,35.9,4407.4
2023-01-08 09:00:00+00:00,5.1,134.0,4445.8
2023-01-08 10:00:00+00:00,5.05,260.4,4449.3
2023-01-08 11:00:00+00:00,4.9,349.5,4388.8
2023-01-08 12:00:00+00:00,5.0,417.4,4322.7
2023-01-08 13:00:00+00:00,4.6,403.9,4047.7
2023-01-08 14:00:00+00:00,4.2,325.6,4193.799999999999
2023-01-08 15:00:00+00:00,4.6,180.2,4393.4
2023-01-08 16:00:00+00:00,7.1,75.7,4493.9
2023-01-08 17:00:00+00:00,17.8,3.3,4345.8
2023-01-08 18:00:00+00:00,24.61,0.0,4159.4
2023-01-08 19:00:00+00:00,40.0,0.0,3768.7999999999997
2023-01-08 20:00:00+00:00,40.0,0.0,3533.2999999999997
2023-01-08 21:00:00+00:00,21.94,0.0,3359.0
2023-01-08 22:00:00+00:00,15.7,0.0,3213.9
2023-01-08 23:00:00+00:00,5.1,0.0,3063.9
2023-01-09 00:00:00+00:00,4.2,0.0,3030.0
2023-01-09 01:00:00+00:00,4.2,0.0,2945.7999999999997
2023-01-09 02:00:00+00:00,4.2,0.0,2760.2
2023-01-09 03:00:00+00:00,4.6,0.0,2566.2
2023-01-09 04:00:00+00:00,5.5,0.0,2311.4
2023-01-09 05:00:00+00:00,24.61,0.0,2041.5
2023-01-09 06:00:00+00:00,80.0,0.0,1739.9
2023-01-09 07:00:00+00:00,118.0,0.4,1536.8999999999999
2023-01-09 08:00:00+00:00,121.16,55.0,1381.6000000000001
2023-01-09 09:00:00+00:00,119.58,243.1,865.6
2023-01-09 10:00:00+00:00,115.0,450.4,564.8
2023-01-09 11:00:00+00:00,106.0,629.6,523.9
2023-01-09 12:00:00+00:00,91.84,669.6,493.6
2023-01-09 13:00:00+00:00,81.28,608.9,483.9
2023-01-09 14:00:00+00:00,72.32,622.3,375.70000000000005
2023-01-09 15:00:00+00:00,99.1,432.8,342.7
2023-01-09 16:00:00+00:00,130.26,182.9,423.7
2023-01-09 17:00:00+00:00,161.5,9.4,570.6
2023-01-09 18:00:00+00:00,171.62,0.1,621.0
2023-01-09 19:00:00+00:00,161.21,0.0,534.5999999999999
2023-01-09 20:00:00+00:00,139.16,0.0,474.1
2023-01-09 21:00:00+00:00,132.0,0.0,449.3
2023-01-09 22:00:00+00:00,106.34,0.0,453.0
2023-01-09 23:00:00+00:00,105.98,0.0,459.6
2023-01-10 00:00:00+00:00,96.79,0.0,468.90000000000003
2023-01-10 01:00:00+00:00,95.31,0.0,484.09999999999997
2023-01-10 02:00:00+00:00,90.19,0.0,528.6
2023-01-10 03:00:00+00:00,93.0,0.0,636.6999999999999
2023-01-10 04:00:00+00:00,98.0,0.0,752.6
2023-01-10 05:00:00+00:00,117.67,0.0,907.3
2023-01-10 06:00:00+00:00,132.67,0.0,1039.8
2023-01-10 07:00:00+00:00,141.84,0.1,1103.9
2023-01-10 08:00:00+00:00,141.44,32.3,1139.8999999999999
2023-01-10 09:00:00+00:00,125.3,134.7,1057.6000000000001
2023-01-10 10:00:00+00:00,101.0,252.2,1162.1
2023-01-10 11:00:00+00:00,97.6,357.0,1252.3
2023-01-10 12:00:00+00:00,95.5,345.9,1336.0
2023-01-10 13:00:00+00:00,92.6,345.4,1271.6
2023-01-10 14:00:00+00:00,92.0,255.5,1228.3
2023-01-10 15:00:00+00:00,98.0,143.0,1299.5
2023-01-10 16:00:00+00:00,133.28,61.7,1385.1
2023-01-10 17:00:00+00:00,144.74,4.1,1522.6000000000001
2023-01-10 18:00:00+00:00,141.07,0.0,1656.6
2023-01-10 19:00:00+00:00,124.84,0.0,1855.3999999999999
2023-01-10 20:00:00+00:00,109.65,0.0,1881.4
2023-01-10 21:00:00+00:00,92.8,0.0,2008.2
2023-01-10 22:00:00+00:00,64.3,0.0,1864.9
2023-01-10 23:00:00+00:00,35.0,0.0,1831.7
2023-01-11 00:00:00+00:00,8.0,0.0,2082.6
2023-01-11 01:00:00+00:00,4.16,0.0,2197.0
2023-01-11 02:00:00+00:00,4.16,0.0,2371.0
2023-01-11 03:00:00+00:00,4.16,0.0,2447.0
2023-01-11 04:00:00+00:00,5.53,0.0,2203.1
2023-01-11 05:00:00+00:00,64.37,0.0,2273.9
2023-01-11 06:00:00+00:00,99.99,0.0,2001.7
2023-01-11 07:00:00+00:00,139.02,0.6,1757.5
2023-01-11 08:00:00+00:00,138.67,46.5,2178.4
2023-01-11 09:00:00+00:00,130.0,292.0,2033.3999999999999
2023-01-11 10:00:00+00:00,107.35,516.6,1854.9
2023-01-11 11:00:00+00:00,95.96,669.2,1667.4
2023-01-11 12:00:00+00:00,84.77,781.2,1471.0
2023-01-11 13:00:00+00:00,66.02,863.9,1350.6999999999998
2023-01-11 14:00:00+00:00,62.87,872.5,1115.0
2023-01-11 15:00:00+00:00,85.15,692.5,1149.5
2023-01-11 16:00:00+00:00,130.0,299.5,1114.4
2023-01-11 17:00:00+00:00,134.95,18.0,1187.8
2023-01-11 18:00:00+00:00,131.96,0.1,1143.6
2023-01-11 19:00:00+00:00,136.65,0.1,834.8
2023-01-11 20:00:00+00:00,135.07,0.1,706.0
2023-01-11 21:00:00+00:00,115.16,0.1,643.5
2023-01-11 22:00:00+00:00,93.08,0.1,661.0
2023-01-11 23:00:00+00:00,69.5,0.0,450.8
2023-01-12 00:00:00+00:00,56.6,0.0,402.2
2023-01-12 01:00:00+00:00,56.0,0.0,412.9
2023-01-12 02:00:00+00:00,56.0,0.0,366.20000000000005
2023-01-12 03:00:00+00:00,55.7,0.0,323.3
2023-01-12 04:00:00+00:00,56.6,0.0,291.4
2023-01-12 05:00:00+00:00,91.12,0.0,248.9
2023-01-12 06:00:00+00:00,118.91,0.0,241.10000000000002
2023-01-12 07:00:00+00:00,122.1,2.1,280.1
2023-01-12 08:00:00+00:00,120.0,173.0,353.5
2023-01-12 09:00:00+00:00,102.84,589.6,317.40000000000003
2023-01-12 10:00:00+00:00,98.6,930.5,277.3
2023-01-12 11:00:00+00:00,85.67,1095.9,277.6
2023-01-12 12:00:00+00:00,81.59,1134.0,361.5
2023-01-12 13:00:00+00:00,70.34,1064.1,476.7
2023-01-12 14:00:00+00:00,70.76,911.3,489.8
2023-01-12 15:00:00+00:00,94.18,651.4,487.09999999999997
2023-01-12 16:00:00+00:00,120.63,262.3,634.0
2023-01-12 17:00:00+00:00,132.89,17.6,843.1999999999999
2023-01-12 18:00:00+00:00,141.43,0.0,969.5
2023-01-12 19:00:00+00:00,142.22,0.0,974.5
2023-01-12 20:00:00+00:00,114.74,0.0,1103.2
2023-01-12 21:00:00+00:00,104.79,0.0,1066.5
2023-01-12 22:00:00+00:00,61.32,0.0,1056.2
2023-01-12 23:00:00+00:00,59.83,0.0,926.6999999999999
2023-01-13 00:00:00+00:00,44.2,0.0,674.2
2023-01-13 01:00:00+00:00,39.05,0.0,733.1999999999999
2023-01-13 02:00:00+00:00,39.0,0.0,780.7
2023-01-13 03:00:00+00:00,38.7,0.0,912.0
2023-01-13 04:00:00+00:00,39.0,0.0,957.1
2023-01-13 05:00:00+00:00,58.92,0.0,926.5
2023-01-13 06:00:00+00:00,92.58,0.0,833.9
2023-01-13 07:00:00+00:00,111.33,1.7,749.8
2023-01-13 08:00:00+00:00,106.03,121.5,666.9
2023-01-13 09:00:00+00:00,98.74,467.1,534.6
2023-01-13 10:00:00+00:00,91.17,827.3,385.0
2023-01-13 11:00:00+00:00,82.89,1009.4,273.2
2023-01-13 12:00:00+00:00,76.14,1101.5,170.0
2023-01-13 13:00:00+00:00,77.96,1134.7,101.0
2023-01-13 14:00:00+00:00,80.0,1009.7,113.0
2023-01-13 15:00:00+00:00,90.14,737.5,91.3
2023-01-13 16:00:00+00:00,113.13,316.0,130.0
2023-01-13 17:00:00+00:00,128.08,23.9,231.6
2023-01-13 18:00:00+00:00,149.0,0.0,270.2
2023-01-13 19:00:00+00:00,154.7,0.0,286.0
2023-01-13 20:00:00+00:00,138.69,0.1,353.8
2023-01-13 21:00:00+00:00,110.37,0.0,411.7
2023-01-13 22:00:00+00:00,103.94,0.0,489.3
2023-01-13 23:00:00+00:00,80.0,0.0,619.4
2023-01-14 00:00:00+00:00,73.5,0.0,739.3
2023-01-14 01:00:00+00:00,65.91,0.0,790.2
2023-01-14 02:00:00+00:00,49.95,0.0,864.8000000000001
2023-01-14 03:00:00+00:00,45.37,0.0,963.2
2023-01-14 04:00:00+00:00,45.0,0.0,1106.1999999999998
2023-01-14 05:00:00+00:00,48.23,0.0,1177.7
2023-01-14 06:00:00+00:00,59.39,0.0,1185.6999999999998
2023-01-14 07:00:00+00:00,60.65,1.1,1270.4
2023-01-14 08:00:00+00:00,68.71,98.8,1282.2
2023-01-14 09:00:00+00:00,54.23,339.6,1105.8
2023-01-14 10:00:00+00:00,45.4,552.8,1034.1999999999998
2023-01-14 11:00:00+00:00,45.4,733.8,1133.8
2023-01-14 12:00:00+00:00,45.0,854.4,1343.8
2023-01-14 13:00:00+00:00,40.0,860.5,1421.8
2023-01-14 14:00:00+00:00,35.0,762.1,1437.6
2023-01-14 15:00:00+00:00,42.97,529.9,1508.2
2023-01-14 16:00:00+00:00,54.23,233.1,1588.6000000000001
2023-01-14 17:00:00+00:00,64.5,20.0,1818.2
2023-01-14 18:00:00+00:00,69.78,0.0,1849.8
2023-01-14 19:00:00+00:00,54.52,0.0,1852.3000000000002
2023-01-14 20:00:00+00:00,45.0,0.0,1917.4
2023-01-14 21:00:00+00:00,44.2,0.0,2042.5
2023-01-14 22:00:00+00:00,35.0,0.0,2151.1
2023-01-14 23:00:00+00:00,25.0,0.0,2359.0
2023-01-15 00:00:00+00:00,17.08,0.0,2519.2
2023-01-15 01:00:00+00:00,13.94,0.0,2773.3
2023-01-15 02:00:00+00:00,4.16,0.0,2927.2000000000003
2023-01-15 03:00:00+00:00,3.1,0.0,2879.8
2023-01-15 04:00:00+00:00,4.16,0.0,2787.2
2023-01-15 05:00:00+00:00,4.16,0.0,2670.9
2023-01-15 06:00:00+00:00,5.0,0.0,2341.6
2023-01-15 07:00:00+00:00,16.18,0.8,2405.5
2023-01-15 08:00:00+00:00,26.73,69.2,2406.9
2023-01-15 09:00:00+00:00,31.1,370.5,2048.0
2023-01-15 10:00:00+00:00,24.61,689.5,2180.7
2023-01-15 11:00:00+00:00,23.0,799.3,2095.7000000000003
2023-01-15 12:00:00+00:00,21.94,808.5,2278.7
2023-01-15 13:00:00+00:00,19.23,849.2,2177.9
2023-01-15 14:00:00+00:00,15.0,817.7,2524.4
2023-01-15 15:00:00+00:00,19.93,691.5,2557.2
2023-01-15 16:00:00+00:00,30.0,330.8,2577.6
2023-01-15 17:00:00+00:00,35.6,24.1,2776.5
2023-01-15 18:00:00+00:00,40.0,0.0,2955.9
2023-01-15 19:00:00+00:00,50.56,0.0,3125.1
2023-01-15 20:00:00+00:00,41.28,0.0,3369.0
2023-01-15 21:00:00+00:00,34.5,0.0,3630.8
2023-01-15 22:00:00+00:00,23.0,0.0,3902.3
2023-01-15 23:00:00+00:00,4.16,0.0,4135.9
2023-01-16 00:00:00+00:00,3.0,0.0,4151.9
2023-01-16 01:00:00+00:00,4.16,0.0,4162.299999999999
2023-01-16 02:00:00+00:00,3.0,0.0,4181.099999999999
2023-01-16 03:00:00+00:00,3.0,0.0,4205.7
2023-01-16 04:00:00+00:00,4.16,0.0,4284.4
2023-01-16 05:00:00+00:00,4.16,0.0,4344.9
2023-01-16 06:00:00+00:00,12.0,0.0,4327.9
2023-01-16 07:00:00+00:00,22.8,0.4,4358.0
2023-01-16 08:00:00+00:00,22.8,60.1,4347.599999999999
2023-01-16 09:00:00+00:00,20.9,288.6,4376.0
2023-01-16 10:00:00+00:00,14.0,450.9,4419.2
2023-01-16 11:00:00+00:00,14.0,565.2,4521.5
2023-01-16 12:00:00+00:00,15.0,582.4,4489.9
2023-01-16 13:00:00+00:00,9.69,582.8,4512.5
2023-01-16 14:00:00+00:00,9.69,471.0,4549.099999999999
2023-01-16 15:00:00+00:00,9.69,331.8,4586.2
2023-01-16 16:00:00+00:00,14.0,129.4,4615.9
2023-01-16 17:00:00+00:00,22.4,12.5,4602.0
2023-01-16 18:00:00+00:00,31.75,0.0,4569.4
2023-01-16 19:00:00+00:00,34.2,0.0,4487.799999999999
2023-01-16 20:00:00+00:00,24.61,0.0,4564.099999999999
2023-01-16 21:00:00+00:00,9.99,0.0,4564.599999999999
2023-01-16 22:00:00+00:00,4.16,0.0,4562.099999999999
2023-01-16 23:00:00+00:00,4.16,0.0,4539.299999999999
2023-01-17 00:00:00+00:00,4.16,0.0,4420.4
2023-01-17 01:00:00+00:00,2.99,0.0,4328.099999999999
2023-01-17 02:00:00+00:00,1.49,0.0,4292.0
2023-01-17 03:00:00+00:00,0.65,0.0,4273.4
2023-01-17 04:00:00+00:00,1.49,0.0,4384.0
2023-01-17 05:00:00+00:00,4.16,0.0,4412.599999999999
2023-01-17 06:00:00+00:00,4.16,0.0,4555.599999999999
2023-01-17 07:00:00+00:00,4.7,0.3,4592.0
2023-01-17 08:00:00+00:00,4.85,77.7,4621.5
2023-01-17 09:00:00+00:00,4.16,313.9,4685.299999999999
2023-01-17 10:00:00+00:00,4.16,528.5,4759.4
2023-01-17 11:00:00+00:00,4.16,757.3,4708.099999999999
2023-01-17 12:00:00+00:00,4.16,796.1,4730.8
2023-01-17 13:00:00+00:00,4.16,725.7,4718.5
2023-01-17 14:00:00+00:00,4.16,621.7,4719.599999999999
2023-01-17 15:00:00+00:00,4.16,404.5,4704.0
2023-01-17 16:00:00+00:00,4.16,176.2,4645.099999999999
2023-01-17 17:00:00+00:00,4.95,14.2,4518.9
2023-01-17 18:00:00+00:00,12.46,0.0,4342.299999999999
2023-01-17 19:00:00+00:00,17.5,0.0,4217.299999999999
2023-01-17 20:00:00+00:00,12.2,0.0,4097.0
2023-01-17 21:00:00+00:00,4.95,0.0,3878.9
2023-01-17 22:00:00+00:00,4.16,0.0,3719.8
2023-01-17 23:00:00+00:00,3.8,0.0,3553.8
2023-01-18 00:00:00+00:00,0.57,0.0,3405.6
2023-01-18 01:00:00+00:00,0.1,0.0,3278.1
2023-01-18 02:00:00+00:00,0.1,0.0,3371.7000000000003
2023-01-18 03:00:00+00:00,0.12,0.0,3387.4
2023-01-18 04:00:00+00:00,0.65,0.0,3328.6
2023-01-18 05:00:00+00:00,1.8,0.0,3164.4
2023-01-18 06:00:00+00:00,10.0,0.0,2977.1000000000004
2023-01-18 07:00:00+00:00,21.0,2.2,2735.5
2023-01-18 08:00:00+00:00,21.34,173.4,2568.2
2023-01-18 09:00:00+00:00,12.6,622.0,2287.8999999999996
2023-01-18 10:00:00+00:00,4.16,943.4,2292.5
2023-01-18 11:00:00+00:00,4.16,1039.4,2406.5
2023-01-18 12:00:00+00:00,4.16,905.1,2453.5
2023-01-18 13:00:00+00:00,4.16,813.7,2637.3
2023-01-18 14:00:00+00:00,4.16,762.4,2676.6
2023-01-18 15:00:00+00:00,4.16,670.9,2872.3
2023-01-18 16:00:00+00:00,14.0,300.9,2605.0
2023-01-18 17:00:00+00:00,35.74,22.7,2433.9
2023-01-18 18:00:00+00:00,105.95,0.0,2443.6
2023-01-18 19:00:00+00:00,122.7,0.0,2289.5
2023-01-18 20:00:00+00:00,100.0,0.0,2122.2
2023-01-18 21:00:00+00:00,25.59,0.0,1940.3
2023-01-18 22:00:00+00:00,14.0,0.0,1778.5
2023-01-18 23:00:00+00:00,40.86,0.0,1563.5
2023-01-19 00:00:00+00:00,29.99,0.0,1366.1000000000001
2023-01-19 01:00:00+00:00,24.98,0.0,1299.6
2023-01-19 02:00:00+00:00,24.61,0.0,1233.4
2023-01-19 03:00:00+00:00,24.0,0.0,1200.0
2023-01-19 04:00:00+00:00,24.61,0.0,1203.6
2023-01-19 05:00:00+00:00,26.4,0.0,1235.8
2023-01-19 06:00:00+00:00,62.0,0.0,1328.7
2023-01-19 07:00:00+00:00,94.8,2.6,1575.5
2023-01-19 08:00:00+00:00,66.72,181.0,1795.7
2023-01-19 09:00:00+00:00,26.8,585.7,1854.6
2023-01-19 10:00:00+00:00,22.6,847.1,2029.6
2023-01-19 11:00:00+00:00,21.94,901.2,2444.7
2023-01-19 12:00:00+00:00,21.0,833.8,2843.9
2023-01-19 13:00:00+00:00,18.57,578.1,3155.6
2023-01-19 14:00:00+00:00,18.35,408.3,3434.9
2023-01-19 15:00:00+00:00,20.0,348.5,3638.6
2023-01-19 16:00:00+00:00,24.61,111.1,3720.7000000000003
2023-01-19 17:00:00+00:00,38.59,12.7,3690.6
2023-01-19 18:00:00+00:00,48.85,0.0,3813.2000000000003
2023-01-19 19:00:00+00:00,54.8,0.0,3871.1
2023-01-19 20:00:00+00:00,41.3,0.0,3846.1
2023-01-19 21:00:00+00:00,30.0,0.0,3812.4
2023-01-19 22:00:00+00:00,21.94,0.0,3772.6
2023-01-19 23:00:00+00:00,48.9,0.0,3753.2
2023-01-20 00:00:00+00:00,44.5,0.0,3713.7000000000003
2023-01-20 01:00:00+00:00,29.99,0.0,3480.3
2023-01-20 02:00:00+00:00,30.0,0.0,3277.2999999999997
2023-01-20 03:00:00+00:00,37.01,0.0,3055.6
2023-01-20 04:00:00+00:00,48.0,0.0,2754.2
2023-01-20 05:00:00+00:00,53.7,0.0,2609.5
2023-01-20 06:00:00+00:00,71.72,0.0,2473.7
2023-01-20 07:00:00+00:00,90.58,1.2,2369.5
2023-01-20 08:00:00+00:00,93.38,88.7,2234.1
2023-01-20 09:00:00+00:00,83.82,269.7,2143.3999999999996
2023-01-20 10:00:00+00:00,77.0,398.1,2187.2
2023-01-20 11:00:00+00:00,82.85,468.9,2184.7
2023-01-20 12:00:00+00:00,76.77,492.2,2435.5
2023-01-20 13:00:00+00:00,75.0,512.1,2464.9
2023-01-20 14:00:00+00:00,75.0,526.4,2454.6
2023-01-20 15:00:00+00:00,88.3,418.0,2346.7999999999997
2023-01-20 16:00:00+00:00,115.97,226.4,2309.2
2023-01-20 17:00:00+00:00,164.3,27.2,2264.8
2023-01-20 18:00:00+00:00,207.8,0.0,2318.9
2023-01-20 19:00:00+00:00,197.95,0.0,2293.4
2023-01-20 20:00:00+00:00,175.89,0.0,2231.0
2023-01-20 21:00:00+00:00,126.9,0.0,2192.4
2023-01-20 22:00:00+00:00,93.53,0.0,2329.8999999999996
2023-01-20 23:00:00+00:00,75.76,0.0,2511.7999999999997
2023-01-21 00:00:00+00:00,60.5,0.0,2619.7999999999997
2023-01-21 01:00:00+00:00,56.0,0.0,2607.7
2023-01-21 02:00:00+00:00,52.0,0.0,2551.5
2023-01-21 03:00:00+00:00,50.0,0.0,2354.5
2023-01-21 04:00:00+00:00,45.19,0.0,2365.2
2023-01-21 05:00:00+00:00,45.19,0.0,2431.3
2023-01-21 06:00:00+00:00,52.49,0.0,2543.2999999999997
2023-01-21 07:00:00+00:00,55.16,0.8,2561.6
2023-01-21 08:00:00+00:00,55.16,90.1,2570.1
2023-01-21 09:00:00+00:00,52.49,406.8,2425.7000000000003
2023-01-21 10:00:00+00:00,50.0,714.8,2326.1
2023-01-21 11:00:00+00:00,45.0,950.0,2102.6
2023-01-21 12:00:00+00:00,44.8,1008.8,1699.2
2023-01-21 13:00:00+00:00,43.77,944.9,1506.6
2023-01-21 14:00:00+00:00,37.76,849.8,1391.7
2023-01-21 15:00:00+00:00,44.8,670.4,1398.2
2023-01-21 16:00:00+00:00,54.6,359.2,1394.3000000000002
2023-01-21 17:00:00+00:00,75.76,36.5,1366.7
2023-01-21 18:00:00+00:00,93.01,0.1,1393.6000000000001
2023-01-21 19:00:00+00:00,111.56,0.1,1408.1000000000001
2023-01-21 20:00:00+00:00,91.16,0.1,1512.5
2023-01-21 21:00:00+00:00,67.2,0.0,1713.3
2023-01-21 22:00:00+00:00,54.02,0.0,1777.2
2023-01-21 23:00:00+00:00,32.37,0.0,1868.7
2023-01-22 00:00:00+00:00,18.0,0.0,2111.5
2023-01-22 01:00:00+00:00,20.0,0.0,2400.4
2023-01-22 02:00:00+00:00,14.0,0.0,2448.7999999999997
2023-01-22 03:00:00+00:00,13.84,0.0,2415.0
2023-01-22 04:00:00+00:00,13.29,0.0,2506.2
2023-01-22 05:00:00+00:00,11.0,0.0,2621.2000000000003
2023-01-22 06:00:00+00:00,16.0,0.0,2608.6
2023-01-22 07:00:00+00:00,30.1,3.5,2572.7999999999997
2023-01-22 08:00:00+00:00,28.09,232.0,2481.7000000000003
2023-01-22 09:00:00+00:00,18.0,770.5,2168.2999999999997
2023-01-22 10:00:00+00:00,15.0,1127.6,1718.0
2023-01-22 11:00:00+00:00,18.0,1274.5,1479.4
2023-01-22 12:00:00+00:00,20.0,1315.5,1235.1
2023-01-22 13:00:00+00:00,20.15,1292.2,895.8
2023-01-22 14:00:00+00:00,18.0,1179.2,729.3000000000001
2023-01-22 15:00:00+00:00,21.94,935.9,661.5
2023-01-22 16:00:00+00:00,32.99,481.8,622.8000000000001
2023-01-22 17:00:00+00:00,71.72,54.6,860.8
2023-01-22 18:00:00+00:00,88.65,0.0,1231.0
2023-01-22 19:00:00+00:00,128.97,0.0,1472.1999999999998
2023-01-22 20:00:00+00:00,124.51,0.0,1594.0
2023-01-22 21:00:00+00:00,75.0,0.0,1712.3
2023-01-22 22:00:00+00:00,55.16,0.0,1618.3000000000002
2023-01-22 23:00:00+00:00,50.0,0.0,1560.4
2023-01-23 00:00:00+00:00,39.58,0.0,1506.5
2023-01-23 01:00:00+00:00,34.44,0.0,1451.3000000000002
2023-01-23 02:00:00+00:00,37.78,0.0,1463.3999999999999
2023-01-23 03:00:00+00:00,37.78,0.0,1407.6
2023-01-23 04:00:00+00:00,40.01,0.0,1411.0
2023-01-23 05:00:00+00:00,50.0,0.0,1538.6
2023-01-23 06:00:00+00:00,63.0,0.0,1782.3000000000002
2023-01-23 07:00:00+00:00,88.65,4.7,1907.1
2023-01-23 08:00:00+00:00,95.01,239.2,1951.8999999999999
2023-01-23 09:00:00+00:00,63.0,744.6,1853.7
2023-01-23 10:00:00+00:00,59.6,1078.2,1591.2
2023-01-23 11:00:00+00:00,59.16,1229.7,1477.5
2023-01-23 12:00:00+00:00,59.16,1280.9,1343.1000000000001
2023-01-23 13:00:00+00:00,54.0,1266.1,1046.7
2023-01-23 14:00:00+00:00,53.8,1176.3,920.8
2023-01-23 15:00:00+00:00,59.6,945.3,968.0
2023-01-23 16:00:00+00:00,65.0,488.5,1049.8
2023-01-23 17:00:00+00:00,109.0,57.3,1476.3999999999999
2023-01-23 18:00:00+00:00,156.4,0.1,2143.2999999999997
2023-01-23 19:00:00+00:00,157.22,0.1,2644.2
2023-01-23 20:00:00+00:00,150.5,0.1,2751.8
2023-01-23 21:00:00+00:00,78.59,0.1,2910.0
2023-01-23 22:00:00+00:00,64.8,0.1,3116.0
2023-01-23 23:00:00+00:00,63.0,0.0,3278.2000000000003
2023-01-24 00:00:00+00:00,51.9,0.0,3228.1000000000004
2023-01-24 01:00:00+00:00,48.62,0.0,3077.2
2023-01-24 02:00:00+00:00,47.85,0.0,2823.6
2023-01-24 03:00:00+00:00,49.67,0.0,2613.7000000000003
2023-01-24 04:00:00+00:00,51.9,0.0,2538.8
2023-01-24 05:00:00+00:00,60.3,0.0,2180.1
2023-01-24 06:00:00+00:00,80.03,0.0,2023.1000000000001
2023-01-24 07:00:00+00:00,95.0,4.7,2120.0
2023-01-24 08:00:00+00:00,88.02,241.2,2108.2000000000003
2023-01-24 09:00:00+00:00,65.0,762.9,1956.3
2023-01-24 10:00:00+00:00,63.16,1110.0,1707.4
2023-01-24 11:00:00+00:00,64.0,1253.5,1626.8
2023-01-24 12:00:00+00:00,64.02,1291.2,1411.3000000000002
2023-01-24 13:00:00+00:00,64.0,1251.6,1129.8
2023-01-24 14:00:00+00:00,64.0,1129.8,937.3
2023-01-24 15:00:00+00:00,64.02,907.2,1000.0
2023-01-24 16:00:00+00:00,94.0,471.8,1041.5
2023-01-24 17:00:00+00:00,138.17,56.4,1128.2
2023-01-24 18:00:00+00:00,220.0,0.1,1466.8
2023-01-24 19:00:00+00:00,218.08,0.0,1718.4
2023-01-24 20:00:00+00:00,156.0,0.0,2033.5
2023-01-24 21:00:00+00:00,103.01,0.0,2363.5
2023-01-24 22:00:00+00:00,85.0,0.0,2505.1000000000004
2023-01-24 23:00:00+00:00,98.86,0.0,2328.7
2023-01-25 00:00:00+00:00,84.87,0.0,2223.7000000000003
2023-01-25 01:00:00+00:00,70.0,0.0,2141.4
2023-01-25 02:00:00+00:00,66.81,0.0,2121.8
2023-01-25 03:00:00+00:00,66.81,0.0,2140.2999999999997
2023-01-25 04:00:00+00:00,70.01,0.0,2148.4
2023-01-25 05:00:00+00:00,79.01,0.0,2265.4
2023-01-25 06:00:00+00:00,99.76,0.0,2378.0
2023-01-25 07:00:00+00:00,111.22,4.8,2410.5
2023-01-25 08:00:00+00:00,106.01,246.2,2405.8999999999996
2023-01-25 09:00:00+00:00,87.38,769.6,2045.5
2023-01-25 10:00:00+00:00,66.81,1110.3,1747.1000000000001
2023-01-25 11:00:00+00:00,65.33,1259.6,1230.6
2023-01-25 12:00:00+00:00,65.0,1292.4,938.8
2023-01-25 13:00:00+00:00,64.99,1283.2,776.2
2023-01-25 14:00:00+00:00,64.8,1186.5,527.4
2023-01-25 15:00:00+00:00,64.8,955.1,422.3
2023-01-25 16:00:00+00:00,91.16,496.7,370.40000000000003
2023-01-25 17:00:00+00:00,118.47,62.1,503.8
2023-01-25 18:00:00+00:00,210.34,0.1,778.0
2023-01-25 19:00:00+00:00,192.28,0.1,1001.0999999999999
2023-01-25 20:00:00+00:00,117.01,0.1,1260.6000000000001
2023-01-25 21:00:00+00:00,88.65,0.1,1327.1000000000001
2023-01-25 22:00:00+00:00,64.8,0.0,1291.3
2023-01-25 23:00:00+00:00,70.78,0.0,1178.7
2023-01-26 00:00:00+00:00,60.6,0.0,1219.9
2023-01-26 01:00:00+00:00,59.16,0.0,1282.3000000000002
2023-01-26 02:00:00+00:00,59.0,0.0,1271.3999999999999
2023-01-26 03:00:00+00:00,55.0,0.0,1351.8
2023-01-26 04:00:00+00:00,59.16,0.0,1496.4
2023-01-26 05:00:00+00:00,59.16,0.0,1592.7
2023-01-26 06:00:00+00:00,69.99,0.0,1800.3
2023-01-26 07:00:00+00:00,94.87,6.3,2114.3
2023-01-26 08:00:00+00:00,83.0,214.7,2198.7
2023-01-26 09:00:00+00:00,66.81,604.3,2011.5
2023-01-26 10:00:00+00:00,59.6,804.6,1473.9
2023-01-26 11:00:00+00:00,59.0,907.2,1509.8999999999999
2023-01-26 12:00:00+00:00,56.1,735.1,1488.1000000000001
2023-01-26 13:00:00+00:00,53.4,710.3,1924.1999999999998
2023-01-26 14:00:00+00:00,53.1,582.6,2011.1999999999998
2023-01-26 15:00:00+00:00,59.16,520.6,1566.5
2023-01-26 16:00:00+00:00,73.01,251.8,1601.0
2023-01-26 17:00:00+00:00,77.92,29.2,2135.0
2023-01-26 18:00:00+00:00,99.54,0.1,2569.8
2023-01-26 19:00:00+00:00,99.76,0.0,2793.0
2023-01-26 20:00:00+00:00,80.0,0.0,2627.7
2023-01-26 21:00:00+00:00,59.16,0.0,2493.5
2023-01-26 22:00:00+00:00,50.27,0.0,2395.7000000000003
2023-01-26 23:00:00+00:00,48.8,0.0,2241.2999999999997
2023-01-27 00:00:00+00:00,48.0,0.0,2055.9
2023-01-27 01:00:00+00:00,35.69,0.0,2049.9
2023-01-27 02:00:00+00:00,33.27,0.0,2136.9
2023-01-27 03:00:00+00:00,30.0,0.0,2201.9
2023-01-27 04:00:00+00:00,35.69,0.0,2135.4
2023-01-27 05:00:00+00:00,45.28,0.0,2129.3
2023-01-27 06:00:00+00:00,49.69,0.0,2297.2000000000003
2023-01-27 07:00:00+00:00,68.37,5.7,2514.8
2023-01-27 08:00:00+00:00,57.62,261.8,2572.1
2023-01-27 09:00:00+00:00,47.0,757.1,2213.7
2023-01-27 10:00:00+00:00,30.0,1048.2,1855.9
2023-01-27 11:00:00+00:00,26.74,1258.9,1678.8999999999999
2023-01-27 12:00:00+00:00,23.55,1314.0,1633.2
2023-01-27 13:00:00+00:00,15.0,1277.6,1815.3
2023-01-27 14:00:00+00:00,18.0,1185.2,2054.1
2023-01-27 15:00:00+00:00,26.74,950.1,2173.8
2023-01-27 16:00:00+00:00,48.02,506.3,2200.5
2023-01-27 17:00:00+00:00,52.43,65.2,2211.5
2023-01-27 18:00:00+00:00,78.0,0.1,2418.4
2023-01-27 19:00:00+00:00,82.01,0.0,2662.1
2023-01-27 20:00:00+00:00,78.0,0.0,2646.4
2023-01-27 21:00:00+00:00,74.89,0.0,2555.6
2023-01-27 22:00:00+00:00,52.43,0.0,2547.6
2023-01-27 23:00:00+00:00,40.0,0.0,2361.0
2023-01-28 00:00:00+00:00,36.69,0.0,2142.7999999999997
2023-01-28 01:00:00+00:00,36.69,0.0,2082.0
2023-01-28 02:00:00+00:00,36.27,0.0,2212.3
2023-01-28 03:00:00+00:00,35.94,0.0,2291.4
2023-01-28 04:00:00+00:00,35.2,0.0,2246.1
2023-01-28 05:00:00+00:00,36.27,0.0,2388.6
2023-01-28 06:00:00+00:00,37.6,0.0,2631.2999999999997
2023-01-28 07:00:00+00:00,42.74,6.9,2725.3
2023-01-28 08:00:00+00:00,39.5,283.3,2564.4
2023-01-28 09:00:00+00:00,34.8,827.7,2247.7000000000003
2023-01-28 10:00:00+00:00,29.56,1180.3,1937.2
2023-01-28 11:00:00+00:00,24.47,1333.0,1824.7
2023-01-28 12:00:00+00:00,20.73,1379.2,1715.0
2023-01-28 13:00:00+00:00,18.0,1368.3,1612.0
2023-01-28 14:00:00+00:00,15.0,1270.1,1466.0
2023-01-28 15:00:00+00:00,22.4,1025.9,1362.0
2023-01-28 16:00:00+00:00,35.0,554.1,1313.5
2023-01-28 17:00:00+00:00,63.09,80.3,1280.3
2023-01-28 18:00:00+00:00,70.23,0.0,1456.9
2023-01-28 19:00:00+00:00,74.89,0.0,1622.1
2023-01-28 20:00:00+00:00,74.89,0.0,1784.5
2023-01-28 21:00:00+00:00,70.99,0.0,2161.2
2023-01-28 22:00:00+00:00,63.09,0.0,2470.5
2023-01-28 23:00:00+00:00,52.34,0.0,2550.8
2023-01-29 00:00:00+00:00,40.0,0.0,2651.7
2023-01-29 01:00:00+00:00,38.9,0.0,2813.4
2023-01-29 02:00:00+00:00,38.45,0.0,2865.8999999999996
2023-01-29 03:00:00+00:00,38.05,0.0,2989.1
2023-01-29 04:00:00+00:00,38.05,0.0,3136.0
2023-01-29 05:00:00+00:00,38.7,0.0,3270.7
2023-01-29 06:00:00+00:00,39.1,0.0,3309.1
2023-01-29 07:00:00+00:00,39.5,7.9,3357.2999999999997
2023-01-29 08:00:00+00:00,39.5,289.3,3470.1
2023-01-29 09:00:00+00:00,38.05,838.4,3370.7
2023-01-29 10:00:00+00:00,36.45,1185.8,3146.7
2023-01-29 11:00:00+00:00,37.99,1338.0,2660.5
2023-01-29 12:00:00+00:00,39.5,1381.3,2004.8
2023-01-29 13:00:00+00:00,40.32,1370.1,1366.0
2023-01-29 14:00:00+00:00,39.5,1271.4,1059.6
2023-01-29 15:00:00+00:00,43.94,1026.0,864.1
2023-01-29 16:00:00+00:00,90.0,548.4,942.5
2023-01-29 17:00:00+00:00,122.59,83.1,1083.8000000000002
2023-01-29 18:00:00+00:00,178.58,0.0,1379.8
2023-01-29 19:00:00+00:00,172.51,0.0,1673.3
2023-01-29 20:00:00+00:00,162.32,0.0,2062.8
2023-01-29 21:00:00+00:00,130.62,0.0,2227.5
2023-01-29 22:00:00+00:00,106.83,0.0,2331.5
2023-01-29 23:00:00+00:00,117.05,0.0,2427.6
2023-01-30 00:00:00+00:00,119.6,0.0,2481.0
2023-01-30 01:00:00+00:00,118.73,0.0,2549.9
2023-01-30 02:00:00+00:00,110.33,0.0,2555.3
2023-01-30 03:00:00+00:00,90.0,0.0,2478.1
2023-01-30 04:00:00+00:00,118.42,0.0,2261.5
2023-01-30 05:00:00+00:00,119.6,0.0,2365.6
2023-01-30 06:00:00+00:00,140.0,0.0,2483.9
2023-01-30 07:00:00+00:00,169.27,8.2,2608.7000000000003
2023-01-30 08:00:00+00:00,154.63,285.6,2551.7
2023-01-30 09:00:00+00:00,127.65,818.0,2145.6
2023-01-30 10:00:00+00:00,125.36,1150.5,1600.6999999999998
2023-01-30 11:00:00+00:00,123.2,1298.2,1239.4
2023-01-30 12:00:00+00:00,121.32,1342.3,925.3
2023-01-30 13:00:00+00:00,119.6,1307.6,602.3
2023-01-30 14:00:00+00:00,118.48,1140.1,364.2
2023-01-30 15:00:00+00:00,121.32,945.5,272.1
2023-01-30 16:00:00+00:00,129.4,530.7,211.4
2023-01-30 17:00:00+00:00,167.45,77.2,236.60000000000002
2023-01-30 18:00:00+00:00,220.0,0.0,402.5
2023-01-30 19:00:00+00:00,187.84,0.0,610.1
2023-01-30 20:00:00+00:00,172.85,0.0,880.4000000000001
2023-01-30 21:00:00+00:00,130.99,0.0,1182.3
2023-01-30 22:00:00+00:00,113.0,0.0,1324.6000000000001
2023-01-30 23:00:00+00:00,125.28,0.0,1330.1
2023-01-31 00:00:00+00:00,108.45,0.0,1200.1
2023-01-31 01:00:00+00:00,99.0,0.0,926.0
2023-01-31 02:00:00+00:00,108.45,0.0,720.1
2023-01-31 03:00:00+00:00,110.0,0.0,553.3
2023-01-31 04:00:00+00:00,110.0,0.0,552.6
2023-01-31 05:00:00+00:00,110.0,0.0,558.4
2023-01-31 06:00:00+00:00,139.66,0.0,567.5
2023-01-31 07:00:00+00:00,167.45,9.3,583.8
2023-01-31 08:00:00+00:00,140.88,297.2,657.6
2023-01-31 09:00:00+00:00,115.0,773.8,576.6
2023-01-31 10:00:00+00:00,105.19,1103.8,400.3
2023-01-31 11:00:00+00:00,110.0,1271.5,248.8
2023-01-31 12:00:00+00:00,109.99,1336.5,158.8
2023-01-31 13:00:00+00:00,108.97,1324.8,178.2
2023-01-31 14:00:00+00:00,108.98,1226.7,200.5
2023-01-31 15:00:00+00:00,108.98,1013.1,221.0
2023-01-31 16:00:00+00:00,125.75,574.6,278.8
2023-01-31 17:00:00+00:00,147.01,95.6,438.59999999999997
2023-01-31 18:00:00+00:00,187.36,0.0,680.4000000000001
2023-01-31 19:00:00+00:00,176.48,0.0,857.0
2023-01-31 20:00:00+00:00,164.42,0.1,1088.6999999999998
2023-01-31 21:00:00+00:00,137.66,0.0,1244.0
2023-01-31 22:00:00+00:00,124.8,0.0,1530.2
2023-01-31 23:00:00+00:00,133.65,0.0,1729.3999999999999
2023-02-01 00:00:00+00:00,121.51,0.0,1829.1
2023-02-01 01:00:00+00:00,99.39,0.0,1682.5
2023-02-01 02:00:00+00:00,103.79,0.0,1647.1
2023-02-01 03:00:00+00:00,110.0,0.0,1714.9
2023-02-01 04:00:00+00:00,99.99,0.0,1744.1
2023-02-01 05:00:00+00:00,115.0,0.0,1773.1000000000001
2023-02-01 06:00:00+00:00,138.24,0.0,1865.4
2023-02-01 07:00:00+00:00,159.05,10.4,1929.7
2023-02-01 08:00:00+00:00,146.54,302.7,1799.0
2023-02-01 09:00:00+00:00,129.6,805.1,1538.6
2023-02-01 10:00:00+00:00,100.0,1123.6,1479.2
2023-02-01 11:00:00+00:00,107.98,1283.7,1313.4
2023-02-01 12:00:00+00:00,104.42,1345.5,1024.6
2023-02-01 13:00:00+00:00,99.55,1344.0,762.0
2023-02-01 14:00:00+00:00,98.15,1247.0,609.1999999999999
2023-02-01 15:00:00+00:00,100.94,1011.8,565.8000000000001
2023-02-01 16:00:00+00:00,137.03,569.3,547.1
2023-02-01 17:00:00+00:00,159.05,97.1,760.0
2023-02-01 18:00:00+00:00,189.74,0.1,1148.3
2023-02-01 19:00:00+00:00,175.02,0.0,1575.6
2023-02-01 20:00:00+00:00,160.0,0.1,1929.3000000000002
2023-02-01 21:00:00+00:00,143.39,0.0,2078.1
2023-02-01 22:00:00+00:00,131.65,0.0,2215.7999999999997
2023-02-01 23:00:00+00:00,119.89,0.0,2317.2
2023-02-02 00:00:00+00:00,123.13,0.0,2321.1
2023-02-02 01:00:00+00:00,119.0,0.0,2368.5
2023-02-02 02:00:00+00:00,118.62,0.0,2361.1000000000004
2023-02-02 03:00:00+00:00,113.74,0.0,2178.6
2023-02-02 04:00:00+00:00,127.29,0.0,2085.0
2023-02-02 05:00:00+00:00,134.0,0.0,2062.9
2023-02-02 06:00:00+00:00,145.6,0.0,2108.1000000000004
2023-02-02 07:00:00+00:00,155.0,11.0,2138.4
2023-02-02 08:00:00+00:00,152.26,306.9,2057.9
2023-02-02 09:00:00+00:00,137.5,840.4,1774.8
2023-02-02 10:00:00+00:00,127.03,1171.6,1314.4
2023-02-02 11:00:00+00:00,126.33,1306.7,854.6
2023-02-02 12:00:00+00:00,126.33,1344.9,581.6
2023-02-02 13:00:00+00:00,126.33,1329.4,402.6
2023-02-02 14:00:00+00:00,126.33,1234.5,335.1
2023-02-02 15:00:00+00:00,129.86,1014.0,247.3
2023-02-02 16:00:00+00:00,143.89,584.7,158.29999999999998
2023-02-02 17:00:00+00:00,167.56,102.7,221.4
2023-02-02 18:00:00+00:00,175.33,0.1,431.20000000000005
2023-02-02 19:00:00+00:00,163.5,0.0,656.5
2023-02-02 20:00:00+00:00,152.97,0.0,831.1
2023-02-02 21:00:00+00:00,143.66,0.0,1075.6
2023-02-02 22:00:00+00:00,134.65,0.0,1419.8
2023-02-02 23:00:00+00:00,125.86,0.0,1638.6
2023-02-03 00:00:00+00:00,124.48,0.0,1642.2
2023-02-03 01:00:00+00:00,120.01,0.0,1506.7
2023-02-03 02:00:00+00:00,107.86,0.0,1286.6000000000001
2023-02-03 03:00:00+00:00,106.63,0.0,964.7
2023-02-03 04:00:00+00:00,109.86,0.0,737.4
2023-02-03 05:00:00+00:00,129.59,0.0,589.0
2023-02-03 06:00:00+00:00,149.7,0.0,539.6
2023-02-03 07:00:00+00:00,165.14,12.0,551.8000000000001
2023-02-03 08:00:00+00:00,156.11,320.7,608.4
2023-02-03 09:00:00+00:00,143.16,857.9,479.8
2023-02-03 10:00:00+00:00,136.0,1172.3,314.9
2023-02-03 11:00:00+00:00,132.8,1307.9,198.2
2023-02-03 12:00:00+00:00,129.95,1336.9,130.8
2023-02-03 13:00:00+00:00,126.4,1331.6,82.3
2023-02-03 14:00:00+00:00,123.2,1239.7,65.89999999999999
2023-02-03 15:00:00+00:00,130.69,1027.7,74.9
2023-02-03 16:00:00+00:00,141.99,598.6,88.9
2023-02-03 17:00:00+00:00,158.7,110.5,161.79999999999998
2023-02-03 18:00:00+00:00,185.13,0.1,341.90000000000003
2023-02-03 19:00:00+00:00,173.06,0.0,565.9
2023-02-03 20:00:00+00:00,152.15,0.0,714.6999999999999
2023-02-03 21:00:00+00:00,150.98,0.0,811.1
2023-02-03 22:00:00+00:00,146.58,0.0,861.6
2023-02-03 23:00:00+00:00,158.09,0.0,943.1
2023-02-04 00:00:00+00:00,151.6,0.0,1096.5
2023-02-04 01:00:00+00:00,138.42,0.0,1246.1000000000001
2023-02-04 02:00:00+00:00,129.12,0.0,1217.6000000000001
2023-02-04 03:00:00+00:00,129.55,0.0,986.0
2023-02-04 04:00:00+00:00,131.32,0.0,843.1
2023-02-04 05:00:00+00:00,130.0,0.0,718.1
2023-02-04 06:00:00+00:00,131.32,0.0,568.1999999999999
2023-02-04 07:00:00+00:00,135.69,13.5,551.1999999999999
2023-02-04 08:00:00+00:00,129.55,337.2,553.6
2023-02-04 09:00:00+00:00,121.14,892.5,457.5
2023-02-04 10:00:00+00:00,116.68,1220.3,332.40000000000003
2023-02-04 11:00:00+00:00,100.0,1364.7,242.6
2023-02-04 12:00:00+00:00,95.0,1407.2,199.6
2023-02-04 13:00:00+00:00,89.58,1391.6,226.5
2023-02-04 14:00:00+00:00,87.6,1295.2,291.4
2023-02-04 15:00:00+00:00,88.0,1068.8,353.5
2023-02-04 16:00:00+00:00,119.58,630.5,469.7
2023-02-04 17:00:00+00:00,131.51,122.7,755.0
2023-02-04 18:00:00+00:00,148.1,0.1,1154.2
2023-02-04 19:00:00+00:00,148.49,0.0,1379.5
2023-02-04 20:00:00+00:00,145.29,0.0,1475.8999999999999
2023-02-04 21:00:00+00:00,131.51,0.0,1609.8
2023-02-04 22:00:00+00:00,126.07,0.0,1811.2
2023-02-04 23:00:00+00:00,103.84,0.0,1850.9
2023-02-05 00:00:00+00:00,94.02,0.0,2014.8000000000002
2023-02-05 01:00:00+00:00,88.3,0.0,2163.1
2023-02-05 02:00:00+00:00,87.9,0.0,2249.1
2023-02-05 03:00:00+00:00,86.11,0.0,2293.4
2023-02-05 04:00:00+00:00,85.58,0.0,2205.0
2023-02-05 05:00:00+00:00,85.69,0.0,2374.7
2023-02-05 06:00:00+00:00,85.69,0.0,2502.3
2023-02-05 07:00:00+00:00,85.69,15.9,2718.4
2023-02-05 08:00:00+00:00,72.0,357.6,2930.7999999999997
2023-02-05 09:00:00+00:00,31.28,918.6,2771.7999999999997
2023-02-05 10:00:00+00:00,17.69,1246.2,2518.1000000000004
2023-02-05 11:00:00+00:00,17.69,1395.1,2287.6
2023-02-05 12:00:00+00:00,17.69,1433.4,2091.1
2023-02-05 13:00:00+00:00,17.69,1412.5,2003.7
2023-02-05 14:00:00+00:00,17.69,1310.7,1943.7
2023-02-05 15:00:00+00:00,20.36,1084.4,1777.7
2023-02-05 16:00:00+00:00,85.58,643.5,1766.0
2023-02-05 17:00:00+00:00,116.86,128.2,1934.0
2023-02-05 18:00:00+00:00,141.01,0.1,2433.4
2023-02-05 19:00:00+00:00,144.3,0.0,2743.0
2023-02-05 20:00:00+00:00,144.59,0.0,2997.7
2023-02-05 21:00:00+00:00,138.42,0.0,2990.3
2023-02-05 22:00:00+00:00,119.48,0.0,2664.1
2023-02-05 23:00:00+00:00,105.0,0.0,2412.8
2023-02-06 00:00:00+00:00,89.9,0.0,2339.7
2023-02-06 01:00:00+00:00,88.3,0.0,2401.8
2023-02-06 02:00:00+00:00,87.9,0.0,2550.5
2023-02-06 03:00:00+00:00,88.0,0.0,2741.9
2023-02-06 04:00:00+00:00,90.0,0.0,2716.3
2023-02-06 05:00:00+00:00,104.65,0.0,2809.5
2023-02-06 06:00:00+00:00,145.13,0.0,2869.7000000000003
2023-02-06 07:00:00+00:00,161.11,16.6,2748.7999999999997
2023-02-06 08:00:00+00:00,150.71,355.6,2719.6
2023-02-06 09:00:00+00:00,141.91,894.2,2579.5
2023-02-06 10:00:00+00:00,139.36,1199.3,2330.5
2023-02-06 11:00:00+00:00,141.91,1337.6,1987.2
2023-02-06 12:00:00+00:00,142.0,1381.0,1840.0
2023-02-06 13:00:00+00:00,140.61,1357.5,1756.1
2023-02-06 14:00:00+00:00,140.0,1274.8,1807.3
2023-02-06 15:00:00+00:00,141.36,1036.5,2031.9
2023-02-06 16:00:00+00:00,146.72,591.5,2237.6
2023-02-06 17:00:00+00:00,160.92,122.6,2506.0
2023-02-06 18:00:00+00:00,178.11,0.1,3192.4
2023-02-06 19:00:00+00:00,186.21,0.0,3653.9
2023-02-06 20:00:00+00:00,166.46,0.0,3727.4
2023-02-06 21:00:00+00:00,158.19,0.0,3789.5
2023-02-06 22:00:00+00:00,145.13,0.0,3842.9
2023-02-06 23:00:00+00:00,136.83,0.0,3767.7000000000003
2023-02-07 00:00:00+00:00,131.76,0.0,3662.2999999999997
2023-02-07 01:00:00+00:00,123.19,0.0,3627.1
2023-02-07 02:00:00+00:00,120.0,0.0,3515.5
2023-02-07 03:00:00+00:00,120.78,0.0,3300.6
2023-02-07 04:00:00+00:00,130.68,0.0,2876.0
2023-02-07 05:00:00+00:00,111.97,0.0,2692.8999999999996
2023-02-07 06:00:00+00:00,147.49,0.0,2795.2
2023-02-07 07:00:00+00:00,155.29,7.9,2845.7
2023-02-07 08:00:00+00:00,150.21,202.4,2833.6
2023-02-07 09:00:00+00:00,130.0,554.3,2505.2000000000003
2023-02-07 10:00:00+00:00,129.66,761.9,1902.6
2023-02-07 11:00:00+00:00,125.78,790.6,1975.3
2023-02-07 12:00:00+00:00,128.28,853.6,1725.1999999999998
2023-02-07 13:00:00+00:00,127.6,865.9,1302.9
2023-02-07 14:00:00+00:00,128.28,799.3,1062.8
2023-02-07 15:00:00+00:00,133.7,664.0,967.7
2023-02-07 16:00:00+00:00,147.4,397.4,826.6
2023-02-07 17:00:00+00:00,154.0,90.5,785.3
2023-02-07 18:00:00+00:00,165.74,0.1,968.0
2023-02-07 19:00:00+00:00,165.74,0.0,1256.5
2023-02-07 20:00:00+00:00,158.59,0.0,1588.3999999999999
2023-02-07 21:00:00+00:00,146.07,0.0,1962.0
2023-02-07 22:00:00+00:00,124.3,0.0,2481.3
2023-02-07 23:00:00+00:00,137.55,0.0,2737.7
2023-02-08 00:00:00+00:00,115.05,0.0,2906.7999999999997
2023-02-08 01:00:00+00:00,109.8,0.0,3066.1
2023-02-08 02:00:00+00:00,108.0,0.0,3134.4
2023-02-08 03:00:00+00:00,109.02,0.0,3319.9
2023-02-08 04:00:00+00:00,110.0,0.0,3599.7999999999997
2023-02-08 05:00:00+00:00,121.98,0.0,3704.7000000000003
2023-02-08 06:00:00+00:00,134.0,0.0,3665.0
2023-02-08 07:00:00+00:00,149.06,7.8,3715.5
2023-02-08 08:00:00+00:00,149.06,140.8,3650.5
2023-02-08 09:00:00+00:00,137.55,339.3,3434.1000000000004
2023-02-08 10:00:00+00:00,138.55,434.7,3235.0
2023-02-08 11:00:00+00:00,140.23,464.2,3102.6
2023-02-08 12:00:00+00:00,135.14,547.0,2893.7
2023-02-08 13:00:00+00:00,136.46,516.3,2855.2000000000003
2023-02-08 14:00:00+00:00,144.74,459.2,2739.7000000000003
2023-02-08 15:00:00+00:00,149.06,358.8,2934.7
2023-02-08 16:00:00+00:00,141.55,187.7,3087.5
2023-02-08 17:00:00+00:00,150.0,37.6,3109.3
2023-02-08 18:00:00+00:00,164.01,0.1,3267.0
2023-02-08 19:00:00+00:00,166.45,0.0,3487.5
2023-02-08 20:00:00+00:00,162.59,0.0,3619.7
2023-02-08 21:00:00+00:00,151.31,0.0,3619.2000000000003
2023-02-08 22:00:00+00:00,149.06,0.0,3569.9
2023-02-08 23:00:00+00:00,145.51,0.0,3638.2000000000003
2023-02-09 00:00:00+00:00,142.47,0.0,3763.1
2023-02-09 01:00:00+00:00,139.0,0.0,3688.0
2023-02-09 02:00:00+00:00,136.85,0.0,3542.2
2023-02-09 03:00:00+00:00,136.88,0.0,3272.0
2023-02-09 04:00:00+00:00,140.0,0.0,3129.7
2023-02-09 05:00:00+00:00,142.25,0.0,3016.3999999999996
2023-02-09 06:00:00+00:00,145.86,0.0,3049.3
2023-02-09 07:00:00+00:00,151.34,14.2,2986.7
2023-02-09 08:00:00+00:00,147.02,284.0,2879.5
2023-02-09 09:00:00+00:00,137.8,704.9,2593.6
2023-02-09 10:00:00+00:00,140.47,950.7,2283.2
2023-02-09 11:00:00+00:00,141.93,1122.8,1981.3
2023-02-09 12:00:00+00:00,140.0,1225.1,1744.5
2023-02-09 13:00:00+00:00,137.81,1202.9,1452.4
2023-02-09 14:00:00+00:00,137.8,1089.1,1138.4
2023-02-09 15:00:00+00:00,140.0,937.1,957.4
2023-02-09 16:00:00+00:00,145.51,532.8,915.7
2023-02-09 17:00:00+00:00,151.03,116.3,1049.4
2023-02-09 18:00:00+00:00,162.63,0.2,1529.8
2023-02-09 19:00:00+00:00,165.0,0.1,2208.1000000000004
2023-02-09 20:00:00+00:00,158.67,0.1,2712.3
2023-02-09 21:00:00+00:00,150.61,0.1,3071.1000000000004
2023-02-09 22:00:00+00:00,143.47,0.1,3293.2
2023-02-09 23:00:00+00:00,141.75,0.0,3474.5
2023-02-10 00:00:00+00:00,140.88,0.0,3434.4
2023-02-10 01:00:00+00:00,137.93,0.0,3319.0
2023-02-10 02:00:00+00:00,137.82,0.0,3178.2999999999997
2023-02-10 03:00:00+00:00,137.93,0.0,3161.8
2023-02-10 04:00:00+00:00,140.69,0.0,3216.4
2023-02-10 05:00:00+00:00,141.02,0.0,3271.0
2023-02-10 06:00:00+00:00,146.73,0.0,3273.9
2023-02-10 07:00:00+00:00,149.68,12.9,3275.0
2023-02-10 08:00:00+00:00,147.28,233.1,3264.3
2023-02-10 09:00:00+00:00,141.02,588.3,3192.6
2023-02-10 10:00:00+00:00,139.0,881.9,2967.9
2023-02-10 11:00:00+00:00,135.7,943.3,2919.3
2023-02-10 12:00:00+00:00,125.5,1013.0,3107.5
2023-02-10 13:00:00+00:00,124.58,971.4,3118.4
2023-02-10 14:00:00+00:00,123.63,854.4,2882.1
2023-02-10 15:00:00+00:00,130.0,656.2,2843.6
2023-02-10 16:00:00+00:00,141.02,413.5,2907.0
2023-02-10 17:00:00+00:00,148.44,77.1,3018.3
2023-02-10 18:00:00+00:00,155.12,0.1,3293.6
2023-02-10 19:00:00+00:00,159.93,0.1,3506.8
2023-02-10 20:00:00+00:00,152.59,0.1,3629.0
2023-02-10 21:00:00+00:00,151.1,0.0,3563.1
2023-02-10 22:00:00+00:00,144.33,0.0,3490.5
2023-02-10 23:00:00+00:00,139.44,0.0,3594.0
2023-02-11 00:00:00+00:00,135.86,0.0,3685.5
2023-02-11 01:00:00+00:00,131.18,0.0,3715.4
2023-02-11 02:00:00+00:00,133.48,0.0,3564.5
2023-02-11 03:00:00+00:00,132.16,0.0,3625.8
2023-02-11 04:00:00+00:00,130.0,0.0,3704.3
2023-02-11 05:00:00+00:00,133.88,0.0,3741.9
2023-02-11 06:00:00+00:00,132.16,0.0,3901.5
2023-02-11 07:00:00+00:00,136.0,10.4,3894.9
2023-02-11 08:00:00+00:00,135.1,182.1,3920.6
2023-02-11 09:00:00+00:00,126.72,522.9,3825.4
2023-02-11 10:00:00+00:00,115.0,748.5,3697.1
2023-02-11 11:00:00+00:00,110.0,893.3,3450.6
2023-02-11 12:00:00+00:00,110.0,951.3,3114.2000000000003
2023-02-11 13:00:00+00:00,105.0,819.5,2723.4
2023-02-11 14:00:00+00:00,103.36,671.7,2515.7
2023-02-11 15:00:00+00:00,106.69,477.9,2457.8999999999996
2023-02-11 16:00:00+00:00,135.86,278.9,2501.2
2023-02-11 17:00:00+00:00,143.56,66.0,2769.5
2023-02-11 18:00:00+00:00,160.01,0.1,3219.8
2023-02-11 19:00:00+00:00,161.01,0.0,3640.5
2023-02-11 20:00:00+00:00,155.58,0.0,3885.0
2023-02-11 21:00:00+00:00,150.0,0.0,3926.7000000000003
2023-02-11 22:00:00+00:00,140.19,0.0,3730.4
2023-02-11 23:00:00+00:00,140.48,0.0,3680.3999999999996
2023-02-12 00:00:00+00:00,134.47,0.0,3463.9
2023-02-12 01:00:00+00:00,132.47,0.0,3383.7999999999997
2023-02-12 02:00:00+00:00,128.1,0.0,3328.2999999999997
2023-02-12 03:00:00+00:00,129.0,0.0,3222.2
2023-02-12 04:00:00+00:00,130.14,0.0,3111.3
2023-02-12 05:00:00+00:00,133.88,0.0,3094.2000000000003
2023-02-12 06:00:00+00:00,133.88,0.0,3097.2
2023-02-12 07:00:00+00:00,134.47,7.5,3182.5
2023-02-12 08:00:00+00:00,130.76,128.4,3004.2999999999997
2023-02-12 09:00:00+00:00,129.0,343.5,2617.2
2023-02-12 10:00:00+00:00,126.5,566.1,2353.2
2023-02-12 11:00:00+00:00,126.0,631.1,2138.7
2023-02-12 12:00:00+00:00,120.0,688.4,1944.0
2023-02-12 13:00:00+00:00,120.0,684.7,1794.8000000000002
2023-02-12 14:00:00+00:00,124.0,604.9,1623.3999999999999
2023-02-12 15:00:00+00:00,133.88,454.0,1538.8
2023-02-12 16:00:00+00:00,143.9,232.5,1629.7
2023-02-12 17:00:00+00:00,156.72,62.3,1784.3
2023-02-12 18:00:00+00:00,173.46,0.1,2059.7
2023-02-12 19:00:00+00:00,170.0,0.0,2364.4
2023-02-12 20:00:00+00:00,157.06,0.0,2475.0
2023-02-12 21:00:00+00:00,152.88,0.0,2636.1
2023-02-12 22:00:00+00:00,144.66,0.0,2759.5
2023-02-12 23:00:00+00:00,140.09,0.0,2801.6000000000004
2023-02-13 00:00:00+00:00,138.76,0.0,2730.1000000000004
2023-02-13 01:00:00+00:00,135.8,0.0,2678.9
2023-02-13 02:00:00+00:00,129.04,0.0,2673.6
2023-02-13 03:00:00+00:00,131.0,0.0,2688.8
2023-02-13 04:00:00+00:00,137.43,0.0,2700.6
2023-02-13 05:00:00+00:00,137.0,0.0,2715.2999999999997
2023-02-13 06:00:00+00:00,154.58,0.0,2782.8999999999996
2023-02-13 07:00:00+00:00,162.0,24.9,2895.5
2023-02-13 08:00:00+00:00,153.97,319.3,2807.9
2023-02-13 09:00:00+00:00,145.84,736.2,2555.9
2023-02-13 10:00:00+00:00,137.0,1005.1,2349.6
2023-02-13 11:00:00+00:00,135.94,1203.1,2305.2
2023-02-13 12:00:00+00:00,132.91,1254.8,2325.3
2023-02-13 13:00:00+00:00,130.0,1199.9,2207.9
2023-02-13 14:00:00+00:00,131.0,1026.4,2037.5
2023-02-13 15:00:00+00:00,135.8,758.5,1854.5
2023-02-13 16:00:00+00:00,145.0,465.7,1690.0
2023-02-13 17:00:00+00:00,160.85,115.9,1790.6
2023-02-13 18:00:00+00:00,183.25,0.8,2078.0
2023-02-13 19:00:00+00:00,186.59,0.0,2439.4
2023-02-13 20:00:00+00:00,169.19,0.0,2839.1
2023-02-13 21:00:00+00:00,160.0,0.0,2996.5
2023-02-13 22:00:00+00:00,149.37,0.0,2992.0
2023-02-13 23:00:00+00:00,135.62,0.0,2891.8
2023-02-14 00:00:00+00:00,132.32,0.0,2778.8
2023-02-14 01:00:00+00:00,129.94,0.0,2685.5
2023-02-14 02:00:00+00:00,129.0,0.0,2620.2
2023-02-14 03:00:00+00:00,129.0,0.0,2611.6
2023-02-14 04:00:00+00:00,129.94,0.0,2743.7999999999997
2023-02-14 05:00:00+00:00,137.75,0.0,2921.9
2023-02-14 06:00:00+00:00,149.16,0.0,3015.7
2023-02-14 07:00:00+00:00,160.0,15.2,3239.3
2023-02-14 08:00:00+00:00,153.2,282.4,3250.7999999999997
2023-02-14 09:00:00+00:00,145.55,646.3,3108.9
2023-02-14 10:00:00+00:00,143.42,924.7,3005.2999999999997
2023-02-14 11:00:00+00:00,131.11,1076.3,3027.3999999999996
2023-02-14 12:00:00+00:00,128.6,1152.0,3118.5
2023-02-14 13:00:00+00:00,127.9,1127.7,3207.6
2023-02-14 14:00:00+00:00,130.69,861.8,3140.1
2023-02-14 15:00:00+00:00,140.0,624.1,3058.9
2023-02-14 16:00:00+00:00,146.73,300.7,2938.2
2023-02-14 17:00:00+00:00,155.52,55.4,2931.2
2023-02-14 18:00:00+00:00,170.0,0.3,3154.9
2023-02-14 19:00:00+00:00,171.37,0.1,3325.0
2023-02-14 20:00:00+00:00,160.09,0.1,3339.4
2023-02-14 21:00:00+00:00,151.03,0.0,3171.3
2023-02-14 22:00:00+00:00,141.73,0.0,2985.8
2023-02-14 23:00:00+00:00,130.0,0.0,2908.8
2023-02-15 00:00:00+00:00,126.11,0.0,2815.7999999999997
2023-02-15 01:00:00+00:00,125.98,0.0,2500.2
2023-02-15 02:00:00+00:00,126.11,0.0,2456.4
2023-02-15 03:00:00+00:00,127.0,0.0,2515.6
2023-02-15 04:00:00+00:00,136.43,0.0,2565.7000000000003
2023-02-15 05:00:00+00:00,148.37,0.0,2670.9
2023-02-15 06:00:00+00:00,157.3,0.0,2761.4
2023-02-15 07:00:00+00:00,165.47,10.9,2938.4
2023-02-15 08:00:00+00:00,162.53,160.9,2865.3999999999996
2023-02-15 09:00:00+00:00,152.84,484.0,2574.1
2023-02-15 10:00:00+00:00,140.96,830.2,2126.2000000000003
2023-02-15 11:00:00+00:00,125.69,984.0,1670.3
2023-02-15 12:00:00+00:00,121.75,1041.6,1230.5
2023-02-15 13:00:00+00:00,124.3,1048.7,821.6
2023-02-15 14:00:00+00:00,129.35,900.0,579.5
2023-02-15 15:00:00+00:00,146.26,739.4,426.90000000000003
2023-02-15 16:00:00+00:00,160.06,468.9,328.20000000000005
2023-02-15 17:00:00+00:00,171.01,109.4,288.6
2023-02-15 18:00:00+00:00,175.0,0.8,381.3
2023-02-15 19:00:00+00:00,169.07,0.1,562.5
2023-02-15 20:00:00+00:00,163.65,0.1,770.7
2023-02-15 21:00:00+00:00,152.41,0.0,891.6999999999999
2023-02-15 22:00:00+00:00,144.05,0.0,866.5
2023-02-15 23:00:00+00:00,150.87,0.0,792.3
2023-02-16 00:00:00+00:00,145.95,0.0,844.5
2023-02-16 01:00:00+00:00,144.91,0.0,963.1
2023-02-16 02:00:00+00:00,130.0,0.0,1126.8
2023-02-16 03:00:00+00:00,126.49,0.0,1242.2
2023-02-16 04:00:00+00:00,132.67,0.0,1317.0
2023-02-16 05:00:00+00:00,152.48,0.0,1410.0
2023-02-16 06:00:00+00:00,161.72,0.0,1376.8000000000002
2023-02-16 07:00:00+00:00,166.82,28.7,1202.1000000000001
2023-02-16 08:00:00+00:00,161.01,370.3,1028.3000000000002
2023-02-16 09:00:00+00:00,155.0,878.1,792.1999999999999
2023-02-16 10:00:00+00:00,150.03,1199.0,623.5
2023-02-16 11:00:00+00:00,144.14,1344.6,576.2
2023-02-16 12:00:00+00:00,125.57,1396.8,593.7
2023-02-16 13:00:00+00:00,127.0,1372.1,647.4
2023-02-16 14:00:00+00:00,123.9,1246.2,575.6999999999999
2023-02-16 15:00:00+00:00,133.09,1013.3,533.0
2023-02-16 16:00:00+00:00,150.0,635.2,577.5999999999999
2023-02-16 17:00:00+00:00,158.0,161.6,651.7
2023-02-16 18:00:00+00:00,167.71,1.5,1073.6000000000001
2023-02-16 19:00:00+00:00,159.59,0.1,1611.4
2023-02-16 20:00:00+00:00,152.48,0.1,2060.0
2023-02-16 21:00:00+00:00,144.53,0.0,2300.1
2023-02-16 22:00:00+00:00,123.9,0.0,2490.6
2023-02-16 23:00:00+00:00,120.0,0.0,2745.2
2023-02-17 00:00:00+00:00,114.16,0.0,2853.3
2023-02-17 01:00:00+00:00,112.56,0.0,2925.2
2023-02-17 02:00:00+00:00,111.48,0.0,3065.1
2023-02-17 03:00:00+00:00,110.0,0.0,2991.5
2023-02-17 04:00:00+00:00,111.59,0.0,2882.2
2023-02-17 05:00:00+00:00,117.22,0.0,2859.9
2023-02-17 06:00:00+00:00,152.0,0.0,2967.4
2023-02-17 07:00:00+00:00,157.5,14.2,3202.4
2023-02-17 08:00:00+00:00,151.44,190.3,3169.6
2023-02-17 09:00:00+00:00,149.34,460.6,2994.6
2023-02-17 10:00:00+00:00,135.08,748.1,2894.0
2023-02-17 11:00:00+00:00,123.78,967.4,2883.2999999999997
2023-02-17 12:00:00+00:00,115.46,1098.9,2714.8
2023-02-17 13:00:00+00:00,115.0,1006.0,2404.6
2023-02-17 14:00:00+00:00,115.63,825.6,2122.0
2023-02-17 15:00:00+00:00,118.35,565.8,1925.9
2023-02-17 16:00:00+00:00,144.66,311.3,1613.1000000000001
2023-02-17 17:00:00+00:00,152.72,82.1,1612.5
2023-02-17 18:00:00+00:00,162.09,0.4,2208.6
2023-02-17 19:00:00+00:00,159.54,0.1,2684.0
2023-02-17 20:00:00+00:00,152.72,0.1,2912.6000000000004
2023-02-17 21:00:00+00:00,150.3,0.0,2957.4
2023-02-17 22:00:00+00:00,151.71,0.1,3005.9
2023-02-17 23:00:00+00:00,146.52,0.0,2959.2
2023-02-18 00:00:00+00:00,134.06,0.0,2869.3
2023-02-18 01:00:00+00:00,129.49,0.0,2830.7
2023-02-18 02:00:00+00:00,111.9,0.0,2776.1
2023-02-18 03:00:00+00:00,111.7,0.0,2780.9
2023-02-18 04:00:00+00:00,111.7,0.0,2840.1
2023-02-18 05:00:00+00:00,114.16,0.0,2635.2999999999997
2023-02-18 06:00:00+00:00,118.06,0.0,2475.3
2023-02-18 07:00:00+00:00,129.82,21.2,2416.9
2023-02-18 08:00:00+00:00,130.0,219.0,2360.9
2023-02-18 09:00:00+00:00,129.82,608.2,2244.4
2023-02-18 10:00:00+00:00,115.0,950.4,2093.3
2023-02-18 11:00:00+00:00,114.16,1131.7,1908.3
2023-02-18 12:00:00+00:00,114.16,1139.6,1518.8
2023-02-18 13:00:00+00:00,111.9,1137.0,1073.4
2023-02-18 14:00:00+00:00,110.92,1007.1,758.8
2023-02-18 15:00:00+00:00,111.7,773.5,560.1
2023-02-18 16:00:00+00:00,130.76,454.7,588.7
2023-02-18 17:00:00+00:00,148.63,113.9,794.5
2023-02-18 18:00:00+00:00,153.98,1.5,1052.9
2023-02-18 19:00:00+00:00,156.02,0.1,1144.0
2023-02-18 20:00:00+00:00,154.22,0.1,1157.4
2023-02-18 21:00:00+00:00,150.01,0.0,1185.1999999999998
2023-02-18 22:00:00+00:00,146.81,0.0,1251.2
2023-02-18 23:00:00+00:00,140.01,0.0,1242.0
2023-02-19 00:00:00+00:00,117.54,0.0,1189.2
2023-02-19 01:00:00+00:00,110.9,0.0,1167.8
2023-02-19 02:00:00+00:00,110.4,0.0,1262.5
2023-02-19 03:00:00+00:00,110.0,0.0,1310.1
2023-02-19 04:00:00+00:00,109.92,0.0,1317.7
2023-02-19 05:00:00+00:00,110.08,0.0,1446.9
2023-02-19 06:00:00+00:00,116.87,0.0,1544.6
2023-02-19 07:00:00+00:00,120.0,7.7,1542.1
2023-02-19 08:00:00+00:00,119.04,94.5,1439.6
2023-02-19 09:00:00+00:00,116.38,242.6,1234.9
2023-02-19 10:00:00+00:00,114.16,403.2,910.3
2023-02-19 11:00:00+00:00,110.9,539.8,733.0
2023-02-19 12:00:00+00:00,107.0,679.4,682.4
2023-02-19 13:00:00+00:00,104.41,739.2,511.1
2023-02-19 14:00:00+00:00,107.83,644.1,418.9
2023-02-19 15:00:00+00:00,112.1,454.0,356.9
2023-02-19 16:00:00+00:00,141.64,292.6,385.8
2023-02-19 17:00:00+00:00,156.55,81.8,456.90000000000003
2023-02-19 18:00:00+00:00,159.2,0.8,710.1
2023-02-19 19:00:00+00:00,153.82,0.0,888.9000000000001
2023-02-19 20:00:00+00:00,150.04,0.0,1097.4
2023-02-19 21:00:00+00:00,144.92,0.0,1386.8
2023-02-19 22:00:00+00:00,134.37,0.0,1543.7
2023-02-19 23:00:00+00:00,111.5,0.0,1632.2
2023-02-20 00:00:00+00:00,113.3,0.0,1789.3999999999999
2023-02-20 01:00:00+00:00,110.52,0.0,1638.6999999999998
2023-02-20 02:00:00+00:00,109.0,0.0,1534.0
2023-02-20 03:00:00+00:00,108.58,0.0,1508.5
2023-02-20 04:00:00+00:00,113.3,0.0,1508.3
2023-02-20 05:00:00+00:00,128.43,0.0,1313.7
2023-02-20 06:00:00+00:00,156.31,0.0,1225.3000000000002
2023-02-20 07:00:00+00:00,162.56,13.9,1320.4
2023-02-20 08:00:00+00:00,156.89,129.4,1396.6
2023-02-20 09:00:00+00:00,149.48,349.8,1274.8999999999999
2023-02-20 10:00:00+00:00,141.08,576.1,1028.5
2023-02-20 11:00:00+00:00,118.5,761.1,960.6
2023-02-20 12:00:00+00:00,117.54,864.0,792.5
2023-02-20 13:00:00+00:00,113.5,849.0,649.5
2023-02-20 14:00:00+00:00,114.0,744.5,527.3
2023-02-20 15:00:00+00:00,118.5,575.0,441.8
2023-02-20 16:00:00+00:00,140.74,360.2,438.3
2023-02-20 17:00:00+00:00,153.55,103.3,464.5
2023-02-20 18:00:00+00:00,168.72,1.0,378.5
2023-02-20 19:00:00+00:00,162.56,0.0,269.2
2023-02-20 20:00:00+00:00,154.0,0.0,380.8
2023-02-20 21:00:00+00:00,148.41,0.0,498.8
2023-02-20 22:00:00+00:00,148.22,0.0,511.9
2023-02-20 23:00:00+00:00,149.35,0.0,407.8
2023-02-21 00:00:00+00:00,145.51,0.0,340.8
2023-02-21 01:00:00+00:00,141.89,0.0,339.1
2023-02-21 02:00:00+00:00,135.03,0.0,235.5
2023-02-21 03:00:00+00:00,133.59,0.0,127.10000000000001
2023-02-21 04:00:00+00:00,146.95,0.0,120.80000000000001
2023-02-21 05:00:00+00:00,157.54,0.0,145.8
2023-02-21 06:00:00+00:00,162.21,0.0,134.6
2023-02-21 07:00:00+00:00,167.06,28.5,149.2
2023-02-21 08:00:00+00:00,162.16,268.8,130.20000000000002
2023-02-21 09:00:00+00:00,159.0,622.3,131.6
2023-02-21 10:00:00+00:00,156.18,931.9,123.4
2023-02-21 11:00:00+00:00,147.59,1127.2,128.0
2023-02-21 12:00:00+00:00,135.0,1140.6,223.4
2023-02-21 13:00:00+00:00,138.52,1088.9,367.4
2023-02-21 14:00:00+00:00,130.56,960.3,545.7
2023-02-21 15:00:00+00:00,149.26,760.4,643.4
2023-02-21 16:00:00+00:00,156.65,480.2,720.9
2023-02-21 17:00:00+00:00,160.01,134.8,742.2
2023-02-21 18:00:00+00:00,175.61,2.8,801.2
2023-02-21 19:00:00+00:00,170.0,0.0,889.7
2023-02-21 20:00:00+00:00,158.8,0.0,846.4
2023-02-21 21:00:00+00:00,153.2,0.0,775.1
2023-02-21 22:00:00+00:00,142.58,0.0,704.5
2023-02-21 23:00:00+00:00,139.9,0.0,624.0
2023-02-22 00:00:00+00:00,128.0,0.0,668.2
2023-02-22 01:00:00+00:00,125.3,0.0,698.7
2023-02-22 02:00:00+00:00,126.49,0.0,728.5
2023-02-22 03:00:00+00:00,126.99,0.0,667.3
2023-02-22 04:00:00+00:00,133.05,0.0,666.4000000000001
2023-02-22 05:00:00+00:00,155.01,0.0,777.3
2023-02-22 06:00:00+00:00,161.57,0.0,836.3
2023-02-22 07:00:00+00:00,164.5,31.0,728.3000000000001
2023-02-22 08:00:00+00:00,162.06,277.5,529.6
2023-02-22 09:00:00+00:00,154.9,626.2,322.79999999999995
2023-02-22 10:00:00+00:00,150.01,935.1,287.4
2023-02-22 11:00:00+00:00,148.0,1034.0,300.8
2023-02-22 12:00:00+00:00,132.64,980.9,346.1
2023-02-22 13:00:00+00:00,135.04,854.2,498.9
2023-02-22 14:00:00+00:00,123.0,710.4,631.6999999999999
2023-02-22 15:00:00+00:00,130.0,680.1,802.8000000000001
2023-02-22 16:00:00+00:00,148.06,395.7,962.8
2023-02-22 17:00:00+00:00,153.53,118.2,1267.3
2023-02-22 18:00:00+00:00,164.5,2.6,1699.1
2023-02-22 19:00:00+00:00,162.06,0.0,2001.6
2023-02-22 20:00:00+00:00,154.02,0.0,2263.4
2023-02-22 21:00:00+00:00,153.16,0.0,2390.7000000000003
2023-02-22 22:00:00+00:00,135.0,0.0,2153.6
2023-02-22 23:00:00+00:00,135.01,0.0,2255.5
2023-02-23 00:00:00+00:00,131.77,0.0,2841.0
2023-02-23 01:00:00+00:00,129.24,0.0,3084.5
2023-02-23 02:00:00+00:00,124.81,0.0,3084.5
2023-02-23 03:00:00+00:00,125.2,0.0,3220.0
2023-02-23 04:00:00+00:00,130.0,0.0,3311.3999999999996
2023-02-23 05:00:00+00:00,153.82,0.0,3223.7999999999997
2023-02-23 06:00:00+00:00,160.07,0.0,3061.2999999999997
2023-02-23 07:00:00+00:00,161.27,62.2,2822.7
2023-02-23 08:00:00+00:00,159.33,487.2,2454.4
2023-02-23 09:00:00+00:00,153.33,974.1,2217.1
2023-02-23 10:00:00+00:00,144.5,1272.3,2330.1000000000004
2023-02-23 11:00:00+00:00,129.54,1355.6,2506.4
2023-02-23 12:00:00+00:00,119.4,1408.2,2522.2000000000003
2023-02-23 13:00:00+00:00,116.07,1395.7,2450.4
2023-02-23 14:00:00+00:00,115.27,1343.1,2294.6
2023-02-23 15:00:00+00:00,115.67,1117.6,2027.1
2023-02-23 16:00:00+00:00,123.0,745.9,1829.9
2023-02-23 17:00:00+00:00,157.25,240.1,1609.6
2023-02-23 18:00:00+00:00,164.46,5.0,1458.5
2023-02-23 19:00:00+00:00,161.25,0.0,1404.6
2023-02-23 20:00:00+00:00,158.32,0.0,1395.5
2023-02-23 21:00:00+00:00,151.98,0.0,1181.6
2023-02-23 22:00:00+00:00,148.78,0.0,874.2
2023-02-23 23:00:00+00:00,133.84,0.0,711.4
2023-02-24 00:00:00+00:00,128.82,0.0,557.2
2023-02-24 01:00:00+00:00,140.7,0.0,479.0
2023-02-24 02:00:00+00:00,124.02,0.0,439.1
2023-02-24 03:00:00+00:00,120.21,0.0,372.5
2023-02-24 04:00:00+00:00,138.68,0.0,286.7
2023-02-24 05:00:00+00:00,153.42,0.0,218.7
2023-02-24 06:00:00+00:00,160.68,0.0,123.2
2023-02-24 07:00:00+00:00,165.45,71.1,113.9
2023-02-24 08:00:00+00:00,161.72,543.5,76.8
2023-02-24 09:00:00+00:00,160.1,1016.5,49.5
2023-02-24 10:00:00+00:00,155.22,1281.5,61.300000000000004
2023-02-24 11:00:00+00:00,146.81,1320.2,75.7
2023-02-24 12:00:00+00:00,142.85,1292.2,109.5
2023-02-24 13:00:00+00:00,139.54,1179.1,233.3
2023-02-24 14:00:00+00:00,128.0,1056.8,378.8
2023-02-24 15:00:00+00:00,125.74,879.7,495.9
2023-02-24 16:00:00+00:00,150.66,518.3,623.0
2023-02-24 17:00:00+00:00,160.3,162.3,654.2
2023-02-24 18:00:00+00:00,174.18,3.3,609.9000000000001
2023-02-24 19:00:00+00:00,171.8,0.0,498.0
2023-02-24 20:00:00+00:00,160.75,0.0,321.1
2023-02-24 21:00:00+00:00,157.3,0.0,214.1
2023-02-24 22:00:00+00:00,153.1,0.0,187.8
2023-02-24 23:00:00+00:00,158.44,0.0,186.9
2023-02-25 00:00:00+00:00,145.3,0.0,218.0
2023-02-25 01:00:00+00:00,141.9,0.0,298.7
2023-02-25 02:00:00+00:00,133.0,0.0,345.0
2023-02-25 03:00:00+00:00,135.0,0.0,464.1
2023-02-25 04:00:00+00:00,130.86,0.0,580.3
2023-02-25 05:00:00+00:00,135.04,0.0,621.0
2023-02-25 06:00:00+00:00,150.43,0.0,624.8
2023-02-25 07:00:00+00:00,153.98,67.8,546.7
2023-02-25 08:00:00+00:00,157.5,413.8,428.20000000000005
2023-02-25 09:00:00+00:00,152.32,776.4,417.7
2023-02-25 10:00:00+00:00,146.96,942.6,467.90000000000003
2023-02-25 11:00:00+00:00,144.51,905.6,485.7
2023-02-25 12:00:00+00:00,129.99,867.6,475.2
2023-02-25 13:00:00+00:00,121.18,741.2,467.8
2023-02-25 14:00:00+00:00,117.93,712.8,385.7
2023-02-25 15:00:00+00:00,119.56,512.6,300.1
2023-02-25 16:00:00+00:00,133.0,354.3,204.20000000000002
2023-02-25 17:00:00+00:00,153.92,100.5,194.29999999999998
2023-02-25 18:00:00+00:00,163.34,3.6,190.0
2023-02-25 19:00:00+00:00,160.22,0.0,196.10000000000002
2023-02-25 20:00:00+00:00,155.22,0.0,181.29999999999998
2023-02-25 21:00:00+00:00,149.3,0.0,169.4
2023-02-25 22:00:00+00:00,145.44,0.0,140.7
2023-02-25 23:00:00+00:00,136.0,0.0,135.70000000000002
2023-02-26 00:00:00+00:00,130.0,0.0,134.60000000000002
2023-02-26 01:00:00+00:00,120.8,0.0,169.89999999999998
2023-02-26 02:00:00+00:00,110.65,0.0,232.0
2023-02-26 03:00:00+00:00,107.0,0.0,206.9
2023-02-26 04:00:00+00:00,106.8,0.0,221.4
2023-02-26 05:00:00+00:00,107.04,0.0,193.6
2023-02-26 06:00:00+00:00,107.7,0.0,155.2
2023-02-26 07:00:00+00:00,105.8,61.1,222.4
2023-02-26 08:00:00+00:00,93.6,390.1,247.0
2023-02-26 09:00:00+00:00,93.01,874.5,238.9
2023-02-26 10:00:00+00:00,93.2,1119.2,210.89999999999998
2023-02-26 11:00:00+00:00,93.2,1118.4,207.1
2023-02-26 12:00:00+00:00,93.2,1039.4,244.4
2023-02-26 13:00:00+00:00,92.05,982.6,375.9
2023-02-26 14:00:00+00:00,92.05,980.2,556.6
2023-02-26 15:00:00+00:00,92.05,815.7,731.5
2023-02-26 16:00:00+00:00,73.84,626.3,853.8
2023-02-26 17:00:00+00:00,94.0,248.0,945.1
2023-02-26 18:00:00+00:00,109.99,7.4,1089.3999999999999
2023-02-26 19:00:00+00:00,136.5,0.0,1192.5
2023-02-26 20:00:00+00:00,137.0,0.0,1230.9
2023-02-26 21:00:00+00:00,116.47,0.0,1155.7
2023-02-26 22:00:00+00:00,106.5,0.0,1234.0
2023-02-26 23:00:00+00:00,99.72,0.0,1325.9
2023-02-27 00:00:00+00:00,97.6,0.0,1505.2
2023-02-27 01:00:00+00:00,89.98,0.0,1700.3000000000002
2023-02-27 02:00:00+00:00,89.99,0.0,1848.8000000000002
2023-02-27 03:00:00+00:00,90.0,0.0,1817.3999999999999
2023-02-27 04:00:00+00:00,98.0,0.0,1827.2
2023-02-27 05:00:00+00:00,106.4,0.0,1873.0
2023-02-27 06:00:00+00:00,144.86,0.0,1965.3
2023-02-27 07:00:00+00:00,149.0,75.0,1790.0
2023-02-27 08:00:00+00:00,126.36,419.3,1440.6
2023-02-27 09:00:00+00:00,100.0,781.9,1291.0
2023-02-27 10:00:00+00:00,97.49,923.6,1018.8
2023-02-27 11:00:00+00:00,97.49,888.6,640.0
2023-02-27 12:00:00+00:00,97.49,950.0,406.4
2023-02-27 13:00:00+00:00,90.0,1072.6,312.4
2023-02-27 14:00:00+00:00,97.6,1011.5,379.6
2023-02-27 15:00:00+00:00,99.72,843.1,498.1
2023-02-27 16:00:00+00:00,107.3,580.9,700.9
2023-02-27 17:00:00+00:00,145.0,202.8,849.1
2023-02-27 18:00:00+00:00,163.94,4.3,990.9
2023-02-27 19:00:00+00:00,174.49,0.0,1016.7
2023-02-27 20:00:00+00:00,160.3,0.0,921.3
2023-02-27 21:00:00+00:00,153.46,0.0,966.5
2023-02-27 22:00:00+00:00,144.0,0.0,1320.9
2023-02-27 23:00:00+00:00,134.0,0.0,1601.9
2023-02-28 00:00:00+00:00,133.0,0.0,1930.1999999999998
2023-02-28 01:00:00+00:00,109.0,0.0,1950.7
2023-02-28 02:00:00+00:00,107.9,0.0,1861.6000000000001
2023-02-28 03:00:00+00:00,107.7,0.0,1717.3999999999999
2023-02-28 04:00:00+00:00,109.99,0.0,1907.5
2023-02-28 05:00:00+00:00,143.72,0.0,1752.7
2023-02-28 06:00:00+00:00,153.42,0.0,1655.7
2023-02-28 07:00:00+00:00,156.08,77.3,1775.8
2023-02-28 08:00:00+00:00,149.9,327.6,1724.5
2023-02-28 09:00:00+00:00,134.4,857.0,1684.8
2023-02-28 10:00:00+00:00,107.5,1219.6,1754.0
2023-02-28 11:00:00+00:00,106.37,1386.5,1780.3
2023-02-28 12:00:00+00:00,106.37,1451.9,1604.8999999999999
2023-02-28 13:00:00+00:00,104.8,1448.0,1328.8
2023-02-28 14:00:00+00:00,105.0,1336.0,1113.9
2023-02-28 15:00:00+00:00,107.1,1121.9,999.2
2023-02-28 16:00:00+00:00,133.0,813.1,1070.3
2023-02-28 17:00:00+00:00,153.42,293.0,1230.9
2023-02-28 18:00:00+00:00,170.0,9.6,1371.8
2023-02-28 19:00:00+00:00,176.17,0.0,1461.7
2023-02-28 20:00:00+00:00,165.01,0.0,1501.3
2023-02-28 21:00:00+00:00,158.41,0.0,1471.5
2023-02-28 22:00:00+00:00,152.09,0.0,1439.6
2023-02-28 23:00:00+00:00,145.0,0.0,1566.2
2023-03-01 00:00:00+00:00,140.0,0.0,1648.2
2023-03-01 01:00:00+00:00,139.64,0.0,1809.2
2023-03-01 02:00:00+00:00,135.8,0.0,1796.5
2023-03-01 03:00:00+00:00,131.0,0.0,2015.7
2023-03-01 04:00:00+00:00,140.06,0.0,1939.5
2023-03-01 05:00:00+00:00,155.0,0.0,1536.7
2023-03-01 06:00:00+00:00,160.5,0.0,1132.7
2023-03-01 07:00:00+00:00,164.43,115.9,870.9000000000001
2023-03-01 08:00:00+00:00,160.0,615.4,665.1
2023-03-01 09:00:00+00:00,147.01,1095.4,471.3
2023-03-01 10:00:00+00:00,136.2,1373.1,382.8
2023-03-01 11:00:00+00:00,132.0,1457.4,298.9
2023-03-01 12:00:00+00:00,130.47,1480.1,234.70000000000002
2023-03-01 13:00:00+00:00,125.44,1494.1,237.9
2023-03-01 14:00:00+00:00,121.13,1438.9,294.1
2023-03-01 15:00:00+00:00,126.15,1230.8,389.5
2023-03-01 16:00:00+00:00,147.52,839.0,489.6
2023-03-01 17:00:00+00:00,151.26,259.5,571.6
2023-03-01 18:00:00+00:00,167.09,6.3,641.9
2023-03-01 19:00:00+00:00,170.41,0.0,731.0
2023-03-01 20:00:00+00:00,163.78,0.0,702.9
2023-03-01 21:00:00+00:00,159.97,0.0,544.2
2023-03-01 22:00:00+00:00,152.01,0.0,413.0
2023-03-01 23:00:00+00:00,145.69,0.0,327.5
2023-03-02 00:00:00+00:00,142.49,0.0,275.6
2023-03-02 01:00:00+00:00,141.8,0.0,252.7
2023-03-02 02:00:00+00:00,140.0,0.0,215.9
2023-03-02 03:00:00+00:00,140.0,0.0,187.0
2023-03-02 04:00:00+00:00,144.52,0.0,157.9
2023-03-02 05:00:00+00:00,145.9,0.0,164.7
2023-03-02 06:00:00+00:00,155.0,0.1,204.6
2023-03-02 07:00:00+00:00,159.37,124.5,265.6
2023-03-02 08:00:00+00:00,145.39,644.8,274.7
2023-03-02 09:00:00+00:00,119.0,1110.3,239.7
2023-03-02 10:00:00+00:00,119.0,1377.8,275.59999999999997
2023-03-02 11:00:00+00:00,118.6,1478.0,231.0
2023-03-02 12:00:00+00:00,119.0,1516.5,154.4
2023-03-02 13:00:00+00:00,117.0,1509.4,81.2
2023-03-02 14:00:00+00:00,117.0,1435.1,43.3
2023-03-02 15:00:00+00:00,118.0,1234.4,48.4
2023-03-02 16:00:00+00:00,139.0,866.7,69.4
2023-03-02 17:00:00+00:00,150.52,323.2,115.0
2023-03-02 18:00:00+00:00,168.4,10.2,177.2
2023-03-02 19:00:00+00:00,184.0,0.0,197.6
2023-03-02 20:00:00+00:00,166.82,0.1,166.20000000000002
2023-03-02 21:00:00+00:00,160.0,0.1,164.79999999999998
2023-03-02 22:00:00+00:00,153.69,0.0,162.1
2023-03-02 23:00:00+00:00,147.56,0.0,163.3
2023-03-03 00:00:00+00:00,145.79,0.0,146.6
2023-03-03 01:00:00+00:00,143.54,0.0,147.9
2023-03-03 02:00:00+00:00,143.11,0.0,136.79999999999998
2023-03-03 03:00:00+00:00,143.62,0.0,122.0
2023-03-03 04:00:00+00:00,146.37,0.0,93.6
2023-03-03 05:00:00+00:00,152.86,0.0,77.6
2023-03-03 06:00:00+00:00,156.99,0.1,69.8
2023-03-03 07:00:00+00:00,157.0,132.1,79.3
2023-03-03 08:00:00+00:00,149.13,633.3,59.1
2023-03-03 09:00:00+00:00,119.37,1092.3,61.2
2023-03-03 10:00:00+00:00,119.44,1363.9,65.6
2023-03-03 11:00:00+00:00,118.0,1479.7,38.1
2023-03-03 12:00:00+00:00,117.5,1496.3,36.0
2023-03-03 13:00:00+00:00,115.5,1477.3,63.1
2023-03-03 14:00:00+00:00,115.5,1370.5,122.0
2023-03-03 15:00:00+00:00,120.19,1117.9,167.9
2023-03-03 16:00:00+00:00,143.84,737.9,194.8
2023-03-03 17:00:00+00:00,157.0,206.9,302.5
2023-03-03 18:00:00+00:00,163.24,11.5,269.29999999999995
2023-03-03 19:00:00+00:00,169.0,0.0,243.29999999999998
2023-03-03 20:00:00+00:00,163.0,0.1,328.8
2023-03-03 21:00:00+00:00,158.02,0.1,452.8
2023-03-03 22:00:00+00:00,155.76,0.1,452.6
2023-03-03 23:00:00+00:00,142.24,0.0,618.0
2023-03-04 00:00:00+00:00,137.33,0.0,1041.9
2023-03-04 01:00:00+00:00,142.1,0.0,1157.3
2023-03-04 02:00:00+00:00,137.52,0.0,1177.1
2023-03-04 03:00:00+00:00,136.4,0.0,1365.1999999999998
2023-03-04 04:00:00+00:00,136.0,0.0,1660.4
2023-03-04 05:00:00+00:00,134.99,0.0,1883.1
2023-03-04 06:00:00+00:00,145.39,0.1,1900.6
2023-03-04 07:00:00+00:00,150.0,66.9,1918.8
2023-03-04 08:00:00+00:00,144.89,243.6,1774.8999999999999
2023-03-04 09:00:00+00:00,125.2,469.7,1422.5
2023-03-04 10:00:00+00:00,124.8,767.6,1039.5
2023-03-04 11:00:00+00:00,124.42,867.1,791.3
2023-03-04 12:00:00+00:00,115.0,886.1,658.1
2023-03-04 13:00:00+00:00,111.9,830.9,492.0
2023-03-04 14:00:00+00:00,117.3,663.8,361.8
2023-03-04 15:00:00+00:00,123.01,478.1,289.7
2023-03-04 16:00:00+00:00,133.24,297.5,256.5
2023-03-04 17:00:00+00:00,148.41,99.0,253.6
2023-03-04 18:00:00+00:00,165.01,5.3,263.0
2023-03-04 19:00:00+00:00,173.2,0.0,213.0
2023-03-04 20:00:00+00:00,160.61,0.1,187.5
2023-03-04 21:00:00+00:00,149.7,0.1,186.8
2023-03-04 22:00:00+00:00,147.0,0.0,221.4
2023-03-04 23:00:00+00:00,144.09,0.0,299.5
2023-03-05 00:00:00+00:00,142.0,0.0,430.40000000000003
2023-03-05 01:00:00+00:00,147.73,0.0,703.5999999999999
2023-03-05 02:00:00+00:00,142.47,0.0,1071.1000000000001
2023-03-05 03:00:00+00:00,142.49,0.0,1571.6999999999998
2023-03-05 04:00:00+00:00,143.03,0.0,1838.8
2023-03-05 05:00:00+00:00,143.0,0.0,1946.2
2023-03-05 06:00:00+00:00,141.14,0.0,2052.5
2023-03-05 07:00:00+00:00,135.54,9.8,2193.1
2023-03-05 08:00:00+00:00,137.26,56.0,2339.4
2023-03-05 09:00:00+00:00,133.43,161.7,2380.0
2023-03-05 10:00:00+00:00,132.89,288.5,2017.3999999999999
2023-03-05 11:00:00+00:00,130.0,345.2,1657.3999999999999
2023-03-05 12:00:00+00:00,126.15,475.7,1462.6
2023-03-05 13:00:00+00:00,123.26,489.8,1072.6
2023-03-05 14:00:00+00:00,131.93,381.6,786.6
2023-03-05 15:00:00+00:00,137.75,272.4,673.4
2023-03-05 16:00:00+00:00,145.14,226.4,647.6
2023-03-05 17:00:00+00:00,148.13,122.3,607.1999999999999
2023-03-05 18:00:00+00:00,165.01,10.0,617.7
2023-03-05 19:00:00+00:00,184.02,0.0,789.9
2023-03-05 20:00:00+00:00,167.64,0.0,902.6
2023-03-05 21:00:00+00:00,155.42,0.0,972.9000000000001
2023-03-05 22:00:00+00:00,154.66,0.0,1025.5
2023-03-05 23:00:00+00:00,149.0,0.0,979.5
2023-03-06 00:00:00+00:00,149.76,0.0,1082.2
2023-03-06 01:00:00+00:00,144.76,0.0,1318.8
2023-03-06 02:00:00+00:00,135.97,0.0,1426.1000000000001
2023-03-06 03:00:00+00:00,134.0,0.0,1473.2
2023-03-06 04:00:00+00:00,138.7,0.0,1567.5
2023-03-06 05:00:00+00:00,135.0,0.0,1609.5
2023-03-06 06:00:00+00:00,142.01,0.0,1555.0
2023-03-06 07:00:00+00:00,152.81,26.5,1482.1999999999998
2023-03-06 08:00:00+00:00,150.67,133.5,1318.1999999999998
2023-03-06 09:00:00+00:00,150.87,260.8,1178.3999999999999
2023-03-06 10:00:00+00:00,152.39,399.8,1084.8
2023-03-06 11:00:00+00:00,149.67,404.0,1158.3999999999999
2023-03-06 12:00:00+00:00,144.76,363.6,1349.7
2023-03-06 13:00:00+00:00,142.77,305.5,1402.8
2023-03-06 14:00:00+00:00,144.38,234.9,1372.0
2023-03-06 15:00:00+00:00,146.99,221.1,1390.6
2023-03-06 16:00:00+00:00,149.76,168.9,1472.8
2023-03-06 17:00:00+00:00,150.49,84.3,1461.3
2023-03-06 18:00:00+00:00,165.0,5.8,1412.1000000000001
2023-03-06 19:00:00+00:00,172.6,0.0,1339.3999999999999
2023-03-06 20:00:00+00:00,156.5,0.0,1623.1999999999998
2023-03-06 21:00:00+00:00,147.5,0.1,1909.6000000000001
2023-03-06 22:00:00+00:00,140.14,0.0,2233.5
2023-03-06 23:00:00+00:00,138.1,0.0,2562.2
2023-03-07 00:00:00+00:00,133.0,0.0,2802.2
2023-03-07 01:00:00+00:00,128.35,0.0,3006.7000000000003
2023-03-07 02:00:00+00:00,117.55,0.0,3246.0
2023-03-07 03:00:00+00:00,107.8,0.0,3137.5
2023-03-07 04:00:00+00:00,107.8,0.0,2997.3
2023-03-07 05:00:00+00:00,115.0,0.0,2898.8999999999996
2023-03-07 06:00:00+00:00,140.27,0.1,2672.2999999999997
2023-03-07 07:00:00+00:00,140.3,66.6,2552.8
2023-03-07 08:00:00+00:00,137.88,370.9,2317.9
2023-03-07 09:00:00+00:00,118.58,652.3,1965.6999999999998
2023-03-07 10:00:00+00:00,107.9,812.9,1834.3
2023-03-07 11:00:00+00:00,107.0,877.0,1747.4
2023-03-07 12:00:00+00:00,100.1,884.1,1837.0
2023-03-07 13:00:00+00:00,94.9,784.2,1872.3
2023-03-07 14:00:00+00:00,93.6,709.9,1810.6000000000001
2023-03-07 15:00:00+00:00,95.1,461.0,1881.6999999999998
2023-03-07 16:00:00+00:00,106.8,239.2,1886.6000000000001
2023-03-07 17:00:00+00:00,117.65,72.8,2071.8999999999996
2023-03-07 18:00:00+00:00,141.3,3.2,2326.6
2023-03-07 19:00:00+00:00,152.1,0.0,2699.4
2023-03-07 20:00:00+00:00,145.78,0.0,2898.1
2023-03-07 21:00:00+00:00,139.82,0.0,2902.5
2023-03-07 22:00:00+00:00,117.0,0.0,3034.5
2023-03-07 23:00:00+00:00,92.1,0.0,3256.6000000000004
2023-03-08 00:00:00+00:00,89.99,0.0,3512.1
2023-03-08 01:00:00+00:00,84.14,0.0,3534.5
2023-03-08 02:00:00+00:00,84.14,0.0,3473.4
2023-03-08 03:00:00+00:00,83.68,0.0,3280.3
2023-03-08 04:00:00+00:00,85.0,0.0,3302.4
2023-03-08 05:00:00+00:00,92.8,0.0,3253.5
2023-03-08 06:00:00+00:00,120.0,0.1,3327.5
2023-03-08 07:00:00+00:00,123.0,46.0,3602.7000000000003
2023-03-08 08:00:00+00:00,119.8,196.0,3810.7000000000003
2023-03-08 09:00:00+00:00,99.28,364.0,3950.2000000000003
2023-03-08 10:00:00+00:00,91.94,490.0,4091.2000000000003
2023-03-08 11:00:00+00:00,85.0,563.8,4077.9
2023-03-08 12:00:00+00:00,80.1,699.8,4161.2
2023-03-08 13:00:00+00:00,70.0,724.5,4065.2000000000003
2023-03-08 14:00:00+00:00,60.2,677.5,4015.7000000000003
2023-03-08 15:00:00+00:00,78.15,439.5,4090.0
2023-03-08 16:00:00+00:00,89.65,249.8,4134.400000000001
2023-03-08 17:00:00+00:00,97.0,107.0,3966.1
2023-03-08 18:00:00+00:00,125.21,7.0,3772.1
2023-03-08 19:00:00+00:00,140.0,0.0,3513.0
2023-03-08 20:00:00+00:00,135.02,0.0,3265.3
2023-03-08 21:00:00+00:00,129.11,0.0,3128.8
2023-03-08 22:00:00+00:00,119.0,0.0,2967.5
2023-03-08 23:00:00+00:00,90.29,0.0,2711.7000000000003
2023-03-09 00:00:00+00:00,67.69,0.0,2782.5
2023-03-09 01:00:00+00:00,65.3,0.0,3089.7
2023-03-09 02:00:00+00:00,65.3,0.0,3416.6
2023-03-09 03:00:00+00:00,65.2,0.0,3316.3
2023-03-09 04:00:00+00:00,65.9,0.0,3535.1
2023-03-09 05:00:00+00:00,95.0,0.0,3457.9
2023-03-09 06:00:00+00:00,120.0,0.1,3558.0
2023-03-09 07:00:00+00:00,121.36,31.5,3676.2000000000003
2023-03-09 08:00:00+00:00,112.61,163.8,3805.7
2023-03-09 09:00:00+00:00,97.01,329.5,3876.8
2023-03-09 10:00:00+00:00,65.38,574.4,4072.7
2023-03-09 11:00:00+00:00,60.14,798.5,4286.8
2023-03-09 12:00:00+00:00,56.0,935.6,4415.900000000001
2023-03-09 13:00:00+00:00,29.59,997.5,4336.599999999999
2023-03-09 14:00:00+00:00,20.0,1059.7,4402.0
2023-03-09 15:00:00+00:00,14.0,910.0,4331.7
2023-03-09 16:00:00+00:00,29.59,659.3,4274.5
2023-03-09 17:00:00+00:00,60.14,249.7,4040.8
2023-03-09 18:00:00+00:00,101.69,17.4,3648.6
2023-03-09 19:00:00+00:00,120.0,0.0,3683.2000000000003
2023-03-09 20:00:00+00:00,110.0,0.0,3573.4
2023-03-09 21:00:00+00:00,73.9,0.0,3414.1
2023-03-09 22:00:00+00:00,60.14,0.0,3371.2000000000003
2023-03-09 23:00:00+00:00,30.0,0.0,3160.9
2023-03-10 00:00:00+00:00,19.24,0.0,2925.4
2023-03-10 01:00:00+00:00,5.0,0.0,2791.3
2023-03-10 02:00:00+00:00,4.16,0.0,2475.7999999999997
2023-03-10 03:00:00+00:00,5.0,0.0,2216.4
2023-03-10 04:00:00+00:00,15.0,0.0,2034.3
2023-03-10 05:00:00+00:00,54.15,0.0,1853.7
2023-03-10 06:00:00+00:00,70.0,0.3,1627.8999999999999
2023-03-10 07:00:00+00:00,81.16,64.6,1627.6000000000001
2023-03-10 08:00:00+00:00,61.1,391.2,1430.0
2023-03-10 09:00:00+00:00,41.0,808.1,1484.5
2023-03-10 10:00:00+00:00,32.26,1031.4,1556.5
2023-03-10 11:00:00+00:00,29.59,1239.1,1497.7
2023-03-10 12:00:00+00:00,20.0,1319.9,1709.8
2023-03-10 13:00:00+00:00,6.63,1332.0,1895.9
2023-03-10 14:00:00+00:00,4.16,1280.3,1919.6999999999998
2023-03-10 15:00:00+00:00,4.16,1045.2,2089.2999999999997
2023-03-10 16:00:00+00:00,15.0,670.5,1972.0
2023-03-10 17:00:00+00:00,63.36,219.6,1851.3999999999999
2023-03-10 18:00:00+00:00,100.92,19.1,1722.3
2023-03-10 19:00:00+00:00,124.22,0.0,1692.1999999999998
2023-03-10 20:00:00+00:00,116.5,0.0,1774.2
2023-03-10 21:00:00+00:00,75.0,0.0,1888.2
2023-03-10 22:00:00+00:00,60.91,0.0,2130.5
2023-03-10 23:00:00+00:00,39.14,0.0,2269.5
2023-03-11 00:00:00+00:00,33.15,0.0,2457.6
2023-03-11 01:00:00+00:00,29.15,0.0,2647.3
2023-03-11 02:00:00+00:00,25.0,0.0,2689.0
2023-03-11 03:00:00+00:00,4.16,0.0,2690.0
2023-03-11 04:00:00+00:00,4.16,0.0,2671.3
2023-03-11 05:00:00+00:00,5.0,0.0,2934.6
2023-03-11 06:00:00+00:00,32.26,0.2,3038.2000000000003
2023-03-11 07:00:00+00:00,29.9,46.1,2910.0
2023-03-11 08:00:00+00:00,20.0,209.8,2704.1
2023-03-11 09:00:00+00:00,10.0,442.4,2430.1
2023-03-11 10:00:00+00:00,4.16,660.0,2595.7
2023-03-11 11:00:00+00:00,4.16,798.3,2588.6
2023-03-11 12:00:00+00:00,4.16,812.8,2513.8999999999996
2023-03-11 13:00:00+00:00,1.6,860.9,2603.8
2023-03-11 14:00:00+00:00,1.49,877.9,2486.4
2023-03-11 15:00:00+00:00,1.6,732.1,2269.3
2023-03-11 16:00:00+00:00,4.16,511.0,2260.9
2023-03-11 17:00:00+00:00,45.0,219.7,2148.7000000000003
2023-03-11 18:00:00+00:00,68.22,20.3,1970.7
2023-03-11 19:00:00+00:00,99.3,0.0,1946.2
2023-03-11 20:00:00+00:00,100.0,0.1,1990.8999999999999
2023-03-11 21:00:00+00:00,85.0,0.1,1780.6000000000001
2023-03-11 22:00:00+00:00,75.1,0.0,1666.9
2023-03-11 23:00:00+00:00,90.0,0.1,1342.1999999999998
2023-03-12 00:00:00+00:00,89.71,0.0,989.8000000000001
2023-03-12 01:00:00+00:00,84.42,0.0,707.0999999999999
2023-03-12 02:00:00+00:00,89.71,0.0,553.7
2023-03-12 03:00:00+00:00,75.0,0.0,501.90000000000003
2023-03-12 04:00:00+00:00,80.01,0.0,391.5
2023-03-12 05:00:00+00:00,91.41,0.0,271.0
2023-03-12 06:00:00+00:00,89.64,1.3,243.3
2023-03-12 07:00:00+00:00,80.74,112.4,306.0
2023-03-12 08:00:00+00:00,60.2,390.6,325.59999999999997
2023-03-12 09:00:00+00:00,50.0,765.9,281.4
2023-03-12 10:00:00+00:00,49.11,1128.5,294.20000000000005
2023-03-12 11:00:00+00:00,49.99,1399.3,295.4
2023-03-12 12:00:00+00:00,50.0,1459.6,328.8
2023-03-12 13:00:00+00:00,49.99,1443.2,365.9
2023-03-12 14:00:00+00:00,48.67,1303.5,406.5
2023-03-12 15:00:00+00:00,49.99,1012.7,544.4000000000001
2023-03-12 16:00:00+00:00,70.68,724.6,562.0
2023-03-12 17:00:00+00:00,120.31,272.6,682.7
2023-03-12 18:00:00+00:00,141.04,21.8,970.3
2023-03-12 19:00:00+00:00,129.97,0.0,1165.5
2023-03-12 20:00:00+00:00,117.07,0.0,993.8000000000001
2023-03-12 21:00:00+00:00,94.98,0.0,924.5
2023-03-12 22:00:00+00:00,82.2,0.0,960.8
2023-03-12 23:00:00+00:00,69.41,0.0,1217.1
2023-03-13 00:00:00+00:00,38.1,0.0,1491.9
2023-03-13 01:00:00+00:00,33.6,0.0,1589.2
2023-03-13 02:00:00+00:00,29.59,0.0,1852.8
2023-03-13 03:00:00+00:00,24.99,0.0,2261.3
2023-03-13 04:00:00+00:00,32.26,0.0,2613.6000000000004
2023-03-13 05:00:00+00:00,53.36,0.0,2793.1000000000004
2023-03-13 06:00:00+00:00,91.72,1.5,2952.3
2023-03-13 07:00:00+00:00,95.11,134.1,3157.9
2023-03-13 08:00:00+00:00,59.09,467.5,3284.7000000000003
2023-03-13 09:00:00+00:00,42.65,771.7,3648.5
2023-03-13 10:00:00+00:00,29.59,1028.1,3920.1000000000004
2023-03-13 11:00:00+00:00,9.63,1101.0,4053.7999999999997
2023-03-13 12:00:00+00:00,8.35,1073.1,4167.8
2023-03-13 13:00:00+00:00,4.16,1092.9,4229.599999999999
2023-03-13 14:00:00+00:00,4.16,1012.6,4189.5
2023-03-13 15:00:00+00:00,4.16,997.1,4027.2999999999997
2023-03-13 16:00:00+00:00,4.16,755.8,3926.1
2023-03-13 17:00:00+00:00,28.01,339.1,3846.5
2023-03-13 18:00:00+00:00,52.91,26.3,3568.4
2023-03-13 19:00:00+00:00,73.3,0.0,3468.2000000000003
2023-03-13 20:00:00+00:00,57.92,0.0,3465.2000000000003
2023-03-13 21:00:00+00:00,44.28,0.0,3403.8999999999996
2023-03-13 22:00:00+00:00,25.02,0.0,3224.2999999999997
2023-03-13 23:00:00+00:00,9.57,0.0,2978.7
2023-03-14 00:00:00+00:00,4.55,0.0,2779.6
2023-03-14 01:00:00+00:00,4.16,0.0,2529.6
2023-03-14 02:00:00+00:00,2.36,0.0,2156.3999999999996
2023-03-14 03:00:00+00:00,4.16,0.0,1689.8
2023-03-14 04:00:00+00:00,25.25,0.0,1232.0
2023-03-14 05:00:00+00:00,50.17,0.0,883.8000000000001
2023-03-14 06:00:00+00:00,94.36,2.4,778.1
2023-03-14 07:00:00+00:00,100.11,156.3,715.0999999999999
2023-03-14 08:00:00+00:00,68.35,558.3,607.6
2023-03-14 09:00:00+00:00,68.35,981.6,541.0999999999999
2023-03-14 10:00:00+00:00,34.95,1307.3,601.8000000000001
2023-03-14 11:00:00+00:00,34.95,1379.3,670.6
2023-03-14 12:00:00+00:00,30.0,1420.2,656.4
2023-03-14 13:00:00+00:00,29.59,1459.5,508.5
2023-03-14 14:00:00+00:00,28.23,1412.5,656.5
2023-03-14 15:00:00+00:00,29.59,1263.8,789.0
2023-03-14 16:00:00+00:00,40.73,932.1,774.0
2023-03-14 17:00:00+00:00,82.54,403.8,906.9
2023-03-14 18:00:00+00:00,170.04,30.6,908.7
2023-03-14 19:00:00+00:00,179.84,0.0,899.2
2023-03-14 20:00:00+00:00,157.77,0.1,758.8
2023-03-14 21:00:00+00:00,152.34,0.1,635.2
2023-03-14 22:00:00+00:00,143.96,0.1,542.6
2023-03-14 23:00:00+00:00,133.86,0.1,490.0
2023-03-15 00:00:00+00:00,124.69,0.0,393.6
2023-03-15 01:00:00+00:00,122.65,0.0,320.0
2023-03-15 02:00:00+00:00,120.51,0.0,277.1
2023-03-15 03:00:00+00:00,120.67,0.0,219.5
2023-03-15 04:00:00+00:00,131.81,0.0,175.6
2023-03-15 05:00:00+00:00,144.52,0.0,216.1
2023-03-15 06:00:00+00:00,165.55,3.3,304.1
2023-03-15 07:00:00+00:00,145.31,220.4,487.8
2023-03-15 08:00:00+00:00,134.01,747.9,621.1
2023-03-15 09:00:00+00:00,120.0,1187.1,583.6
2023-03-15 10:00:00+00:00,113.0,1426.2,509.1
2023-03-15 11:00:00+00:00,109.49,1519.2,416.4
2023-03-15 12:00:00+00:00,108.0,1527.8,362.7
2023-03-15 13:00:00+00:00,107.0,1526.1,313.9
2023-03-15 14:00:00+00:00,114.0,1445.8,327.5
2023-03-15 15:00:00+00:00,115.98,1256.9,525.6
2023-03-15 16:00:00+00:00,132.71,924.7,807.7
2023-03-15 17:00:00+00:00,140.85,409.4,858.8
2023-03-15 18:00:00+00:00,190.0,32.0,916.3
2023-03-15 19:00:00+00:00,175.25,0.0,1015.6
2023-03-15 20:00:00+00:00,147.36,0.1,1095.6
2023-03-15 21:00:00+00:00,139.35,0.3,1269.8
2023-03-15 22:00:00+00:00,127.63,0.1,1597.3999999999999
2023-03-15 23:00:00+00:00,117.39,0.1,2185.1
2023-03-16 00:00:00+00:00,107.59,0.0,2209.4
2023-03-16 01:00:00+00:00,103.8,0.0,2191.3
2023-03-16 02:00:00+00:00,100.0,0.0,2180.2999999999997
2023-03-16 03:00:00+00:00,98.07,0.0,2105.6
2023-03-16 04:00:00+00:00,103.82,0.0,2058.0
2023-03-16 05:00:00+00:00,118.99,0.0,2090.7
2023-03-16 06:00:00+00:00,132.42,5.5,2149.2000000000003
2023-03-16 07:00:00+00:00,110.86,216.9,2026.8
2023-03-16 08:00:00+00:00,98.88,612.2,1819.8
2023-03-16 09:00:00+00:00,65.0,936.6,1610.8
2023-03-16 10:00:00+00:00,58.17,1265.9,1678.1
2023-03-16 11:00:00+00:00,49.87,1246.5,1740.5
2023-03-16 12:00:00+00:00,39.99,1321.9,2067.4
2023-03-16 13:00:00+00:00,29.59,1287.4,2111.5
2023-03-16 14:00:00+00:00,29.59,1137.1,2030.8999999999999
2023-03-16 15:00:00+00:00,46.97,861.1,1878.2
2023-03-16 16:00:00+00:00,67.15,460.1,1848.9
2023-03-16 17:00:00+00:00,100.07,140.4,1919.9
2023-03-16 18:00:00+00:00,118.61,10.9,2113.1
2023-03-16 19:00:00+00:00,117.14,0.0,2367.8
2023-03-16 20:00:00+00:00,102.49,0.1,2531.7
2023-03-16 21:00:00+00:00,102.47,0.1,2375.9
2023-03-16 22:00:00+00:00,89.01,0.0,2416.5
2023-03-16 23:00:00+00:00,79.66,0.0,2636.2000000000003
2023-03-17 00:00:00+00:00,74.57,0.0,2556.4
2023-03-17 01:00:00+00:00,71.69,0.0,2723.2000000000003
2023-03-17 02:00:00+00:00,65.0,0.0,2876.4
2023-03-17 03:00:00+00:00,66.78,0.0,3051.1
2023-03-17 04:00:00+00:00,76.4,0.0,2934.7000000000003
2023-03-17 05:00:00+00:00,85.01,0.0,2667.4
2023-03-17 06:00:00+00:00,100.0,2.7,2820.2999999999997
2023-03-17 07:00:00+00:00,99.64,170.6,2945.1000000000004
2023-03-17 08:00:00+00:00,76.08,591.5,2927.8
2023-03-17 09:00:00+00:00,50.0,916.4,3054.7
2023-03-17 10:00:00+00:00,49.2,984.2,3119.5
2023-03-17 11:00:00+00:00,32.26,1016.4,3209.4
2023-03-17 12:00:00+00:00,29.59,976.8,3231.3999999999996
2023-03-17 13:00:00+00:00,27.83,935.7,3393.2000000000003
2023-03-17 14:00:00+00:00,27.83,831.4,3503.7999999999997
2023-03-17 15:00:00+00:00,29.59,669.1,3288.0
2023-03-17 16:00:00+00:00,49.1,502.6,3093.3
2023-03-17 17:00:00+00:00,57.15,214.0,2940.6
2023-03-17 18:00:00+00:00,91.0,21.0,2854.6
2023-03-17 19:00:00+00:00,127.69,0.0,2558.2
2023-03-17 20:00:00+00:00,115.0,0.1,2287.5
2023-03-17 21:00:00+00:00,110.35,0.1,2069.1
2023-03-17 22:00:00+00:00,95.0,0.1,2021.6
2023-03-17 23:00:00+00:00,111.4,0.1,2011.6
2023-03-18 00:00:00+00:00,105.87,0.0,2053.4
2023-03-18 01:00:00+00:00,97.96,0.0,1859.2
2023-03-18 02:00:00+00:00,95.0,0.0,1903.8
2023-03-18 03:00:00+00:00,96.18,0.0,1777.1
2023-03-18 04:00:00+00:00,99.8,0.0,1683.6
2023-03-18 05:00:00+00:00,103.5,0.0,1614.8000000000002
2023-03-18 06:00:00+00:00,105.43,4.9,1558.5
2023-03-18 07:00:00+00:00,100.64,171.4,1539.2
2023-03-18 08:00:00+00:00,97.96,581.6,1375.8
2023-03-18 09:00:00+00:00,85.0,923.7,1330.9
2023-03-18 10:00:00+00:00,84.0,946.3,1205.3999999999999
2023-03-18 11:00:00+00:00,84.06,963.9,1067.1
2023-03-18 12:00:00+00:00,80.42,1003.5,1086.3
2023-03-18 13:00:00+00:00,85.0,1004.7,1263.6
2023-03-18 14:00:00+00:00,70.0,933.9,1266.0
2023-03-18 15:00:00+00:00,74.32,889.5,1411.1
2023-03-18 16:00:00+00:00,95.0,696.9,1653.8
2023-03-18 17:00:00+00:00,113.45,336.7,1745.0
2023-03-18 18:00:00+00:00,128.26,36.5,1724.8
2023-03-18 19:00:00+00:00,144.15,0.0,1533.8
2023-03-18 20:00:00+00:00,132.92,0.1,1525.6000000000001
2023-03-18 21:00:00+00:00,129.95,0.1,1558.1
2023-03-18 22:00:00+00:00,118.46,0.0,1424.2
2023-03-18 23:00:00+00:00,110.03,0.1,1330.8999999999999
2023-03-19 00:00:00+00:00,106.0,0.0,1282.8999999999999
2023-03-19 01:00:00+00:00,99.6,0.0,1063.5
2023-03-19 02:00:00+00:00,99.18,0.0,824.3000000000001
2023-03-19 03:00:00+00:00,98.74,0.0,656.6
2023-03-19 04:00:00+00:00,103.36,0.0,655.6
2023-03-19 05:00:00+00:00,100.0,0.0,718.6
2023-03-19 06:00:00+00:00,102.45,6.0,763.1
2023-03-19 07:00:00+00:00,99.34,247.3,752.6
2023-03-19 08:00:00+00:00,69.99,787.7,572.3
2023-03-19 09:00:00+00:00,65.0,1247.9,458.1
2023-03-19 10:00:00+00:00,65.0,1516.0,453.9
2023-03-19 11:00:00+00:00,66.25,1584.3,405.2
2023-03-19 12:00:00+00:00,69.55,1583.2,191.0
2023-03-19 13:00:00+00:00,69.55,1568.1,85.7
2023-03-19 14:00:00+00:00,50.0,1487.3,77.1
2023-03-19 15:00:00+00:00,58.0,1260.4,88.4
2023-03-19 16:00:00+00:00,69.15,912.5,113.30000000000001
2023-03-19 17:00:00+00:00,104.0,414.1,133.39999999999998
2023-03-19 18:00:00+00:00,152.91,36.6,165.9
2023-03-19 19:00:00+00:00,144.71,0.0,193.1
2023-03-19 20:00:00+00:00,135.27,0.1,235.6
2023-03-19 21:00:00+00:00,132.9,0.2,275.7
2023-03-19 22:00:00+00:00,130.0,0.1,283.09999999999997
2023-03-19 23:00:00+00:00,124.0,0.1,236.4
2023-03-20 00:00:00+00:00,114.94,0.0,316.6
2023-03-20 01:00:00+00:00,113.06,0.0,468.3
2023-03-20 02:00:00+00:00,110.18,0.0,643.7
2023-03-20 03:00:00+00:00,110.25,0.0,736.1
2023-03-20 04:00:00+00:00,116.4,0.0,718.4
2023-03-20 05:00:00+00:00,135.77,0.0,692.3
2023-03-20 06:00:00+00:00,148.43,8.1,662.6
2023-03-20 07:00:00+00:00,140.0,275.7,560.1
2023-03-20 08:00:00+00:00,123.01,821.8,432.0
2023-03-20 09:00:00+00:00,115.0,1214.0,400.0
2023-03-20 10:00:00+00:00,105.01,1431.7,477.8
2023-03-20 11:00:00+00:00,100.2,1512.8,551.2
2023-03-20 12:00:00+00:00,100.0,1508.4,600.4
2023-03-20 13:00:00+00:00,97.25,1454.5,652.5
2023-03-20 14:00:00+00:00,98.73,1365.6,607.2
2023-03-20 15:00:00+00:00,110.0,1213.2,652.5
2023-03-20 16:00:00+00:00,125.0,893.8,746.5
2023-03-20 17:00:00+00:00,132.45,374.7,810.5
2023-03-20 18:00:00+00:00,165.47,39.9,857.3
2023-03-20 19:00:00+00:00,152.36,0.0,879.7
2023-03-20 20:00:00+00:00,135.49,0.1,765.0
2023-03-20 21:00:00+00:00,127.5,0.2,837.4
2023-03-20 22:00:00+00:00,117.04,0.1,948.0
2023-03-20 23:00:00+00:00,120.79,0.1,971.2
2023-03-21 00:00:00+00:00,112.28,0.0,999.1
2023-03-21 01:00:00+00:00,111.56,0.0,1013.3
2023-03-21 02:00:00+00:00,108.65,0.0,1076.0
2023-03-21 03:00:00+00:00,110.0,0.0,956.2
2023-03-21 04:00:00+00:00,118.21,0.0,973.9
2023-03-21 05:00:00+00:00,130.09,0.0,980.5
2023-03-21 06:00:00+00:00,145.66,5.9,1068.1999999999998
2023-03-21 07:00:00+00:00,138.01,218.4,952.6
2023-03-21 08:00:00+00:00,127.18,770.7,556.3000000000001
2023-03-21 09:00:00+00:00,115.11,1185.5,238.7
2023-03-21 10:00:00+00:00,107.04,1432.8,111.8
2023-03-21 11:00:00+00:00,102.45,1517.8,136.8
2023-03-21 12:00:00+00:00,100.09,1536.5,136.0
2023-03-21 13:00:00+00:00,99.1,1522.6,228.2
2023-03-21 14:00:00+00:00,99.0,1444.2,456.70000000000005
2023-03-21 15:00:00+00:00,102.46,1262.7,622.5999999999999
2023-03-21 16:00:00+00:00,114.07,944.2,536.9
2023-03-21 17:00:00+00:00,132.93,440.7,743.6
2023-03-21 18:00:00+00:00,143.9,43.8,874.1
2023-03-21 19:00:00+00:00,137.33,0.0,777.4000000000001
2023-03-21 20:00:00+00:00,135.0,0.1,814.0
2023-03-21 21:00:00+00:00,129.72,0.2,713.3
2023-03-21 22:00:00+00:00,123.5,0.1,590.8
2023-03-21 23:00:00+00:00,109.0,0.0,479.6
2023-03-22 00:00:00+00:00,100.0,0.0,472.8
2023-03-22 01:00:00+00:00,105.0,0.0,553.0
2023-03-22 02:00:00+00:00,112.38,0.0,597.3
2023-03-22 03:00:00+00:00,113.06,0.0,538.0
2023-03-22 04:00:00+00:00,116.7,0.0,554.0
2023-03-22 05:00:00+00:00,118.78,0.0,573.5
2023-03-22 06:00:00+00:00,124.8,9.7,560.9
2023-03-22 07:00:00+00:00,121.0,240.3,627.3000000000001
2023-03-22 08:00:00+00:00,100.0,736.7,453.0
2023-03-22 09:00:00+00:00,72.28,1167.1,297.1
2023-03-22 10:00:00+00:00,69.01,1424.2,244.7
2023-03-22 11:00:00+00:00,60.69,1513.5,291.79999999999995
2023-03-22 12:00:00+00:00,59.1,1513.6,398.40000000000003
2023-03-22 13:00:00+00:00,66.8,1474.8,536.6
2023-03-22 14:00:00+00:00,68.5,1305.2,689.6
2023-03-22 15:00:00+00:00,69.01,1076.7,664.3
2023-03-22 16:00:00+00:00,99.88,784.5,769.0
2023-03-22 17:00:00+00:00,120.78,312.6,1051.6999999999998
2023-03-22 18:00:00+00:00,140.0,29.6,1136.6
2023-03-22 19:00:00+00:00,125.98,0.0,1260.8
2023-03-22 20:00:00+00:00,124.8,0.1,1312.3999999999999
2023-03-22 21:00:00+00:00,120.25,0.1,1291.4
2023-03-22 22:00:00+00:00,111.42,0.1,1284.1999999999998
2023-03-22 23:00:00+00:00,100.0,0.0,1305.3999999999999
2023-03-23 00:00:00+00:00,87.77,0.0,1184.7
2023-03-23 01:00:00+00:00,79.61,0.0,940.3000000000001
2023-03-23 02:00:00+00:00,79.61,0.0,750.2
2023-03-23 03:00:00+00:00,80.0,0.0,643.0
2023-03-23 04:00:00+00:00,91.93,0.0,618.4000000000001
2023-03-23 05:00:00+00:00,102.91,0.0,620.9
2023-03-23 06:00:00+00:00,112.45,13.5,696.6999999999999
2023-03-23 07:00:00+00:00,109.2,253.3,795.4
2023-03-23 08:00:00+00:00,87.94,670.2,822.8
2023-03-23 09:00:00+00:00,65.89,979.8,925.9
2023-03-23 10:00:00+00:00,47.07,1155.2,1116.1
2023-03-23 11:00:00+00:00,42.16,1235.9,1331.7
2023-03-23 12:00:00+00:00,42.06,1296.3,1525.3
2023-03-23 13:00:00+00:00,54.61,1168.8,1811.6
2023-03-23 14:00:00+00:00,57.6,916.4,1977.9
2023-03-23 15:00:00+00:00,58.9,826.0,2157.6
2023-03-23 16:00:00+00:00,65.85,738.2,2158.2
2023-03-23 17:00:00+00:00,102.91,388.8,2172.1
2023-03-23 18:00:00+00:00,115.99,43.2,2220.4
2023-03-23 19:00:00+00:00,122.61,0.0,2270.7
2023-03-23 20:00:00+00:00,113.05,0.1,2468.0
2023-03-23 21:00:00+00:00,103.56,0.1,2571.0
2023-03-23 22:00:00+00:00,95.23,0.1,2679.3
2023-03-23 23:00:00+00:00,56.74,0.1,2725.2
2023-03-24 00:00:00+00:00,46.15,0.0,2684.6
2023-03-24 01:00:00+00:00,43.43,0.0,2638.2
2023-03-24 02:00:00+00:00,42.67,0.0,2605.0
2023-03-24 03:00:00+00:00,38.87,0.0,2678.2000000000003
2023-03-24 04:00:00+00:00,44.41,0.0,2787.2
2023-03-24 05:00:00+00:00,66.28,0.0,2463.6
2023-03-24 06:00:00+00:00,84.29,5.3,2159.0
2023-03-24 07:00:00+00:00,82.9,132.9,1767.7
2023-03-24 08:00:00+00:00,63.57,476.3,1641.3999999999999
2023-03-24 09:00:00+00:00,44.8,614.1,1360.3999999999999
2023-03-24 10:00:00+00:00,32.26,823.4,1101.2
2023-03-24 11:00:00+00:00,29.28,891.8,1167.0
2023-03-24 12:00:00+00:00,29.25,929.1,1281.5
2023-03-24 13:00:00+00:00,29.25,995.4,1329.2
2023-03-24 14:00:00+00:00,31.41,975.3,1471.1
2023-03-24 15:00:00+00:00,30.0,886.3,1217.6999999999998
2023-03-24 16:00:00+00:00,44.5,644.5,836.5
2023-03-24 17:00:00+00:00,79.39,357.6,755.6
2023-03-24 18:00:00+00:00,116.23,42.7,945.9
2023-03-24 19:00:00+00:00,112.08,0.0,987.5
2023-03-24 20:00:00+00:00,113.29,0.1,728.1
2023-03-24 21:00:00+00:00,105.0,0.1,360.0
2023-03-24 22:00:00+00:00,99.96,0.1,255.9
2023-03-24 23:00:00+00:00,49.71,0.0,310.2
2023-03-25 00:00:00+00:00,48.92,0.0,420.5
2023-03-25 01:00:00+00:00,49.1,0.0,446.79999999999995
2023-03-25 02:00:00+00:00,57.5,0.0,282.59999999999997
2023-03-25 03:00:00+00:00,54.89,0.0,217.20000000000002
2023-03-25 04:00:00+00:00,57.61,0.0,256.1
2023-03-25 05:00:00+00:00,55.01,0.0,324.9
2023-03-25 06:00:00+00:00,68.77,13.3,401.20000000000005
2023-03-25 07:00:00+00:00,49.0,282.2,440.8
2023-03-25 08:00:00+00:00,32.26,800.1,353.6
2023-03-25 09:00:00+00:00,20.0,1225.5,354.09999999999997
2023-03-25 10:00:00+00:00,24.0,1486.6,444.70000000000005
2023-03-25 11:00:00+00:00,40.0,1570.4,558.5
2023-03-25 12:00:00+00:00,12.0,1578.3,927.8
2023-03-25 13:00:00+00:00,11.2,1545.2,1396.4
2023-03-25 14:00:00+00:00,10.43,1459.3,1898.1
2023-03-25 15:00:00+00:00,10.43,1228.1,2273.7
2023-03-25 16:00:00+00:00,11.2,830.8,2311.0
2023-03-25 17:00:00+00:00,44.9,327.9,2357.8
2023-03-25 18:00:00+00:00,55.79,45.1,2418.3
2023-03-25 19:00:00+00:00,77.0,0.0,2527.5
2023-03-25 20:00:00+00:00,69.01,0.1,2659.2999999999997
2023-03-25 21:00:00+00:00,58.91,0.2,2861.9
2023-03-25 22:00:00+00:00,48.92,0.1,2882.3999999999996
2023-03-25 23:00:00+00:00,45.1,0.1,3021.3
2023-03-26 00:00:00+00:00,35.0,0.0,2852.6
2023-03-26 01:00:00+00:00,29.59,0.0,2544.2000000000003
2023-03-26 02:00:00+00:00,32.26,0.0,2428.7999999999997
2023-03-26 03:00:00+00:00,30.0,0.0,2389.4
2023-03-26 04:00:00+00:00,32.26,0.0,2175.5
2023-03-26 05:00:00+00:00,27.83,0.0,2118.5
2023-03-26 06:00:00+00:00,28.1,13.6,2183.9
2023-03-26 07:00:00+00:00,18.1,220.4,2011.1
2023-03-26 08:00:00+00:00,4.16,660.1,1867.6999999999998
2023-03-26 09:00:00+00:00,0.1,960.8,1697.3
2023-03-26 10:00:00+00:00,0.0,1217.5,1356.2
2023-03-26 11:00:00+00:00,0.0,1445.9,1123.6000000000001
2023-03-26 12:00:00+00:00,0.0,1562.3,1172.8
2023-03-26 13:00:00+00:00,0.0,1576.5,1307.2
2023-03-26 14:00:00+00:00,0.0,1526.2,1278.6000000000001
2023-03-26 15:00:00+00:00,0.0,1341.9,1196.6999999999998
2023-03-26 16:00:00+00:00,0.0,968.9,1132.1
2023-03-26 17:00:00+00:00,11.35,452.5,1079.1
2023-03-26 18:00:00+00:00,74.83,43.0,989.5999999999999
2023-03-26 19:00:00+00:00,104.63,0.1,948.0
2023-03-26 20:00:00+00:00,99.42,0.2,919.5999999999999
2023-03-26 21:00:00+00:00,82.25,0.1,846.6999999999999
2023-03-26 22:00:00+00:00,96.0,0.1,829.9
2023-03-26 23:00:00+00:00,94.15,0.0,794.1
2023-03-27 00:00:00+00:00,87.48,0.0,841.4
2023-03-27 01:00:00+00:00,83.99,0.0,848.4
2023-03-27 02:00:00+00:00,84.9,0.0,930.6999999999999
2023-03-27 03:00:00+00:00,97.18,0.0,1019.7
2023-03-27 04:00:00+00:00,112.9,0.0,1073.3
2023-03-27 05:00:00+00:00,140.0,0.0,1052.3
2023-03-27 06:00:00+00:00,153.77,11.2,1056.3
2023-03-27 07:00:00+00:00,123.33,202.8,1025.5
2023-03-27 08:00:00+00:00,94.15,678.2,793.1
2023-03-27 09:00:00+00:00,70.1,1103.2,477.8
2023-03-27 10:00:00+00:00,69.92,1368.4,312.2
2023-03-27 11:00:00+00:00,68.87,1441.6,152.4
2023-03-27 12:00:00+00:00,68.15,1497.8,40.3
2023-03-27 13:00:00+00:00,49.25,1494.5,18.6
2023-03-27 14:00:00+00:00,49.25,1456.1,28.7
2023-03-27 15:00:00+00:00,66.43,1271.7,50.7
2023-03-27 16:00:00+00:00,100.0,959.3,74.8
2023-03-27 17:00:00+00:00,127.48,441.1,118.1
2023-03-27 18:00:00+00:00,187.6,45.2,138.0
2023-03-27 19:00:00+00:00,163.68,0.1,149.9
2023-03-27 20:00:00+00:00,142.46,0.3,167.9
2023-03-27 21:00:00+00:00,132.05,0.1,180.7
2023-03-27 22:00:00+00:00,131.77,0.1,180.4
2023-03-27 23:00:00+00:00,120.0,0.0,216.5
2023-03-28 00:00:00+00:00,114.8,0.0,199.2
2023-03-28 01:00:00+00:00,110.93,0.0,179.2
2023-03-28 02:00:00+00:00,105.16,0.0,158.5
2023-03-28 03:00:00+00:00,114.48,0.0,149.70000000000002
2023-03-28 04:00:00+00:00,130.0,0.0,182.79999999999998
2023-03-28 05:00:00+00:00,147.49,0.0,297.8
2023-03-28 06:00:00+00:00,155.11,24.4,356.90000000000003
2023-03-28 07:00:00+00:00,125.0,338.0,506.4
2023-03-28 08:00:00+00:00,116.7,820.6,573.8000000000001
2023-03-28 09:00:00+00:00,100.0,1168.0,592.1
2023-03-28 10:00:00+00:00,89.0,1376.0,754.1
2023-03-28 11:00:00+00:00,80.0,1474.2,845.4
2023-03-28 12:00:00+00:00,72.87,1500.1,841.8000000000001
2023-03-28 13:00:00+00:00,70.43,1483.0,816.6
2023-03-28 14:00:00+00:00,70.43,1393.1,761.0999999999999
2023-03-28 15:00:00+00:00,73.92,1186.0,763.9
2023-03-28 16:00:00+00:00,88.0,844.2,722.7
2023-03-28 17:00:00+00:00,128.92,377.6,666.7
2023-03-28 18:00:00+00:00,160.0,50.5,843.8000000000001
2023-03-28 19:00:00+00:00,140.01,0.1,1144.6
2023-03-28 20:00:00+00:00,127.3,0.3,1406.1
2023-03-28 21:00:00+00:00,113.54,0.1,1645.1
2023-03-28 22:00:00+00:00,98.53,0.1,1835.5
2023-03-28 23:00:00+00:00,91.99,0.0,1944.6
2023-03-29 00:00:00+00:00,92.0,0.0,1907.6000000000001
2023-03-29 01:00:00+00:00,99.44,0.0,1969.7
2023-03-29 02:00:00+00:00,98.34,0.0,2158.0
2023-03-29 03:00:00+00:00,99.2,0.0,2153.6
2023-03-29 04:00:00+00:00,100.49,0.0,2258.4
2023-03-29 05:00:00+00:00,109.6,0.0,2343.4
2023-03-29 06:00:00+00:00,121.87,22.7,2337.7
2023-03-29 07:00:00+00:00,98.53,342.8,2253.9
2023-03-29 08:00:00+00:00,50.15,812.5,2103.7
2023-03-29 09:00:00+00:00,45.5,1129.9,2041.2
2023-03-29 10:00:00+00:00,29.59,1362.6,2014.0
2023-03-29 11:00:00+00:00,29.59,1465.6,2168.3
2023-03-29 12:00:00+00:00,11.35,1505.9,2400.0
2023-03-29 13:00:00+00:00,4.16,1482.9,2630.2
2023-03-29 14:00:00+00:00,4.16,1313.7,2901.2000000000003
2023-03-29 15:00:00+00:00,4.16,1060.1,3053.0
2023-03-29 16:00:00+00:00,14.0,789.9,3209.4
2023-03-29 17:00:00+00:00,48.5,409.4,2867.2
2023-03-29 18:00:00+00:00,102.28,57.4,2460.9
2023-03-29 19:00:00+00:00,105.8,0.1,2330.5
2023-03-29 20:00:00+00:00,101.5,0.2,2194.4
2023-03-29 21:00:00+00:00,93.0,0.1,2070.3
2023-03-29 22:00:00+00:00,35.0,0.1,2179.8
2023-03-29 23:00:00+00:00,40.0,0.0,2162.3999999999996
2023-03-30 00:00:00+00:00,33.0,0.0,2386.5
2023-03-30 01:00:00+00:00,33.9,0.0,2255.2000000000003
2023-03-30 02:00:00+00:00,33.9,0.0,2167.2
2023-03-30 03:00:00+00:00,34.5,0.0,2051.1
2023-03-30 04:00:00+00:00,45.0,0.0,1975.1
2023-03-30 05:00:00+00:00,75.0,0.0,2073.0
2023-03-30 06:00:00+00:00,91.0,13.6,2030.2
2023-03-30 07:00:00+00:00,55.0,139.3,2025.6
2023-03-30 08:00:00+00:00,33.01,444.2,2010.8
2023-03-30 09:00:00+00:00,29.59,920.1,2056.4
2023-03-30 10:00:00+00:00,12.93,1268.2,2052.4
2023-03-30 11:00:00+00:00,4.16,1446.2,2232.3
2023-03-30 12:00:00+00:00,4.0,1492.8,2429.5
2023-03-30 13:00:00+00:00,0.1,1454.0,2834.0
2023-03-30 14:00:00+00:00,0.1,1313.2,2925.4
2023-03-30 15:00:00+00:00,0.1,1021.0,2942.9
2023-03-30 16:00:00+00:00,4.16,746.5,2994.4
2023-03-30 17:00:00+00:00,32.0,359.9,2852.5
2023-03-30 18:00:00+00:00,46.0,49.7,2853.8
2023-03-30 19:00:00+00:00,46.0,0.1,2978.6
2023-03-30 20:00:00+00:00,33.9,0.2,3130.6
2023-03-30 21:00:00+00:00,31.27,0.1,3163.6
2023-03-30 22:00:00+00:00,27.83,0.1,3058.5
2023-03-30 23:00:00+00:00,19.9,0.0,2949.4
2023-03-31 00:00:00+00:00,16.27,0.0,2933.3
2023-03-31 01:00:00+00:00,14.0,0.0,3152.4
2023-03-31 02:00:00+00:00,12.0,0.0,3326.0
2023-03-31 03:00:00+00:00,15.0,0.0,3376.2999999999997
2023-03-31 04:00:00+00:00,17.68,0.0,3492.5
2023-03-31 05:00:00+00:00,27.83,0.0,3519.6
2023-03-31 06:00:00+00:00,32.0,11.9,3484.4
2023-03-31 07:00:00+00:00,23.9,130.3,3396.6
2023-03-31 08:00:00+00:00,16.27,322.2,2908.0
2023-03-31 09:00:00+00:00,5.47,509.8,2472.2
2023-03-31 10:00:00+00:00,4.16,667.6,2670.4
2023-03-31 11:00:00+00:00,4.16,796.9,2673.1000000000004
2023-03-31 12:00:00+00:00,1.6,823.7,2570.7000000000003
2023-03-31 13:00:00+00:00,0.2,958.0,2524.3
2023-03-31 14:00:00+00:00,0.19,1032.0,2558.0
2023-03-31 15:00:00+00:00,1.73,928.4,2553.7
2023-03-31 16:00:00+00:00,5.15,675.1,2340.7
2023-03-31 17:00:00+00:00,19.5,336.8,2231.8
2023-03-31 18:00:00+00:00,32.75,48.6,2014.4
2023-03-31 19:00:00+00:00,35.61,0.1,1944.4
2023-03-31 20:00:00+00:00,32.5,0.3,1591.0
2023-03-31 21:00:00+00:00,31.92,0.1,1643.2
2023-03-31 22:00:00+00:00,82.19,0.1,1569.3
2023-03-31 23:00:00+00:00,63.9,0.0,1503.3
2023-04-01 00:00:00+00:00,50.0,0.0,1522.8
2023-04-01 01:00:00+00:00,42.5,0.0,1613.6000000000001
2023-04-01 02:00:00+00:00,39.45,0.0,1590.4
2023-04-01 03:00:00+00:00,38.32,0.0,1693.7
2023-04-01 04:00:00+00:00,42.5,0.0,1586.8
2023-04-01 05:00:00+00:00,54.67,0.0,1557.7
2023-04-01 06:00:00+00:00,63.78,22.0,1500.5
2023-04-01 07:00:00+00:00,55.0,239.2,1304.6
2023-04-01 08:00:00+00:00,33.33,558.3,1025.4
2023-04-01 09:00:00+00:00,18.16,866.2,667.4
2023-04-01 10:00:00+00:00,15.49,961.1,624.6
2023-04-01 11:00:00+00:00,15.0,1027.5,721.4
2023-04-01 12:00:00+00:00,10.35,933.6,963.5
2023-04-01 13:00:00+00:00,4.16,826.6,1365.2
2023-04-01 14:00:00+00:00,4.16,707.4,1797.1
2023-04-01 15:00:00+00:00,4.16,562.7,2151.0
2023-04-01 16:00:00+00:00,4.16,473.0,2213.4
2023-04-01 17:00:00+00:00,17.99,230.6,2183.9
2023-04-01 18:00:00+00:00,36.55,33.0,1966.0
2023-04-01 19:00:00+00:00,49.01,0.0,2051.7
2023-04-01 20:00:00+00:00,37.38,0.1,2067.2
2023-04-01 21:00:00+00:00,33.65,0.0,1969.6000000000001
2023-04-01 22:00:00+00:00,19.0,0.0,1953.1000000000001
2023-04-01 23:00:00+00:00,18.6,0.0,1874.3000000000002
2023-04-02 00:00:00+00:00,18.34,0.0,1887.7
2023-04-02 01:00:00+00:00,18.16,0.0,2036.5
2023-04-02 02:00:00+00:00,18.16,0.0,2110.6
2023-04-02 03:00:00+00:00,18.16,0.0,2055.1
2023-04-02 04:00:00+00:00,18.46,0.0,1754.1
2023-04-02 05:00:00+00:00,18.6,0.0,1513.0
2023-04-02 06:00:00+00:00,18.46,37.0,1394.1
2023-04-02 07:00:00+00:00,14.0,341.5,1296.0
2023-04-02 08:00:00+00:00,4.16,877.5,1069.5
2023-04-02 09:00:00+00:00,0.1,1324.6,729.9000000000001
2023-04-02 10:00:00+00:00,1.05,1539.0,425.40000000000003
2023-04-02 11:00:00+00:00,9.41,1601.1,246.1
2023-04-02 12:00:00+00:00,0.0,1614.6,189.20000000000002
2023-04-02 13:00:00+00:00,0.0,1606.1,203.20000000000002
2023-04-02 14:00:00+00:00,0.0,1548.4,242.7
2023-04-02 15:00:00+00:00,0.0,1371.7,295.09999999999997
2023-04-02 16:00:00+00:00,0.19,1030.4,369.0
2023-04-02 17:00:00+00:00,18.16,507.0,409.9
2023-04-02 18:00:00+00:00,40.0,70.8,406.4
2023-04-02 19:00:00+00:00,50.0,0.0,506.9
2023-04-02 20:00:00+00:00,45.1,0.3,621.6
2023-04-02 21:00:00+00:00,40.0,0.0,668.9000000000001
2023-04-02 22:00:00+00:00,52.62,0.0,631.9
2023-04-02 23:00:00+00:00,48.43,0.0,498.1
2023-04-03 00:00:00+00:00,46.21,0.0,416.09999999999997
2023-04-03 01:00:00+00:00,46.53,0.0,331.9
2023-04-03 02:00:00+00:00,46.21,0.0,274.7
2023-04-03 03:00:00+00:00,47.44,0.0,219.3
2023-04-03 04:00:00+00:00,54.39,0.0,203.7
2023-04-03 05:00:00+00:00,99.71,0.0,184.4
2023-04-03 06:00:00+00:00,119.0,46.7,184.29999999999998
2023-04-03 07:00:00+00:00,60.0,382.6,159.1
2023-04-03 08:00:00+00:00,46.21,858.0,139.1
2023-04-03 09:00:00+00:00,20.0,1200.0,82.2
2023-04-03 10:00:00+00:00,28.23,1373.8,36.3
2023-04-03 11:00:00+00:00,20.0,1428.2,48.0
2023-04-03 12:00:00+00:00,19.5,1427.8,152.1
2023-04-03 13:00:00+00:00,19.2,1337.8,314.6
2023-04-03 14:00:00+00:00,25.15,1056.0,430.9
2023-04-03 15:00:00+00:00,30.0,749.2,336.3
2023-04-03 16:00:00+00:00,48.11,401.7,376.5
2023-04-03 17:00:00+00:00,94.98,188.1,485.9
2023-04-03 18:00:00+00:00,165.33,28.5,665.6999999999999
2023-04-03 19:00:00+00:00,160.72,0.0,1016.8000000000001
2023-04-03 20:00:00+00:00,110.01,0.2,1391.4
2023-04-03 21:00:00+00:00,89.6,0.1,1562.4
2023-04-03 22:00:00+00:00,92.18,0.1,1410.8
2023-04-03 23:00:00+00:00,68.25,0.0,1419.0
2023-04-04 00:00:00+00:00,85.0,0.0,1457.6
2023-04-04 01:00:00+00:00,79.21,0.0,1521.1999999999998
2023-04-04 02:00:00+00:00,65.27,0.0,1789.0
2023-04-04 03:00:00+00:00,65.5,0.0,2152.2000000000003
2023-04-04 04:00:00+00:00,76.24,0.0,2536.8999999999996
2023-04-04 05:00:00+00:00,89.65,0.0,2789.5
2023-04-04 06:00:00+00:00,90.99,22.6,2843.6000000000004
2023-04-04 07:00:00+00:00,59.0,259.9,2710.6000000000004
2023-04-04 08:00:00+00:00,31.71,662.9,2373.0
2023-04-04 09:00:00+00:00,26.99,987.6,2096.3
2023-04-04 10:00:00+00:00,15.49,1278.7,1995.8
2023-04-04 11:00:00+00:00,15.49,1360.0,1971.3999999999999
2023-04-04 12:00:00+00:00,15.49,1356.7,1884.8999999999999
2023-04-04 13:00:00+00:00,30.54,1377.7,1753.1
2023-04-04 14:00:00+00:00,34.97,1247.7,1703.5
2023-04-04 15:00:00+00:00,34.97,1031.1,1550.3
2023-04-04 16:00:00+00:00,30.72,753.0,1460.2
2023-04-04 17:00:00+00:00,38.2,376.7,1397.6
2023-04-04 18:00:00+00:00,106.14,59.7,1405.2
2023-04-04 19:00:00+00:00,104.0,0.1,1791.8
2023-04-04 20:00:00+00:00,90.99,0.3,2262.5
2023-04-04 21:00:00+00:00,89.65,0.1,2554.2999999999997
2023-04-04 22:00:00+00:00,70.25,0.1,2785.3999999999996
2023-04-04 23:00:00+00:00,108.76,0.0,2926.6
2023-04-05 00:00:00+00:00,114.65,0.0,2964.7999999999997
2023-04-05 01:00:00+00:00,115.33,0.0,2927.5
2023-04-05 02:00:00+00:00,116.53,0.0,2718.2
2023-04-05 03:00:00+00:00,120.69,0.0,2593.0
2023-04-05 04:00:00+00:00,122.72,0.0,2537.4
2023-04-05 05:00:00+00:00,137.23,0.0,2400.5
2023-04-05 06:00:00+00:00,138.83,50.2,2154.8999999999996
2023-04-05 07:00:00+00:00,123.62,450.0,1702.1
2023-04-05 08:00:00+00:00,104.23,968.7,1166.0
2023-04-05 09:00:00+00:00,84.89,1315.9,634.5
2023-04-05 10:00:00+00:00,70.0,1508.0,373.8
2023-04-05 11:00:00+00:00,61.12,1581.5,266.5
2023-04-05 12:00:00+00:00,55.0,1597.3,225.8
2023-04-05 13:00:00+00:00,50.0,1569.5,263.20000000000005
2023-04-05 14:00:00+00:00,50.0,1493.8,315.20000000000005
2023-04-05 15:00:00+00:00,55.0,1303.8,426.1
2023-04-05 16:00:00+00:00,75.0,978.1,560.0
2023-04-05 17:00:00+00:00,127.28,486.0,534.6
2023-04-05 18:00:00+00:00,166.06,78.9,553.1999999999999
2023-04-05 19:00:00+00:00,164.98,0.1,753.0
2023-04-05 20:00:00+00:00,151.39,0.1,898.0
2023-04-05 21:00:00+00:00,130.43,0.1,1094.5
2023-04-05 22:00:00+00:00,135.54,0.0,1057.2
2023-04-05 23:00:00+00:00,124.12,0.0,1020.3
2023-04-06 00:00:00+00:00,120.0,0.0,1112.2
2023-04-06 01:00:00+00:00,115.33,0.0,1121.2
2023-04-06 02:00:00+00:00,114.85,0.0,1184.2
2023-04-06 03:00:00+00:00,124.91,0.0,1245.7
2023-04-06 04:00:00+00:00,113.01,0.0,1320.8
2023-04-06 05:00:00+00:00,99.12,0.0,1387.8999999999999
2023-04-06 06:00:00+00:00,94.8,44.0,1323.6
2023-04-06 07:00:00+00:00,115.33,423.9,1172.8999999999999
2023-04-06 08:00:00+00:00,60.0,937.5,936.2
2023-04-06 09:00:00+00:00,65.14,1250.6,725.1
2023-04-06 10:00:00+00:00,65.14,1473.1,523.5
2023-04-06 11:00:00+00:00,63.0,1516.9,365.4
2023-04-06 12:00:00+00:00,65.14,1583.8,282.3
2023-04-06 13:00:00+00:00,63.0,1558.3,212.5
2023-04-06 14:00:00+00:00,65.14,1481.0,164.9
2023-04-06 15:00:00+00:00,65.14,1294.3,132.0
2023-04-06 16:00:00+00:00,55.0,979.6,148.0
2023-04-06 17:00:00+00:00,127.45,502.0,190.5
2023-04-06 18:00:00+00:00,127.45,82.0,244.20000000000002
2023-04-06 19:00:00+00:00,133.67,0.1,354.9
2023-04-06 20:00:00+00:00,127.45,0.2,431.5
2023-04-06 21:00:00+00:00,122.88,0.1,431.20000000000005
2023-04-06 22:00:00+00:00,116.61,0.1,417.4
2023-04-06 23:00:00+00:00,110.43,0.0,402.0
2023-04-07 00:00:00+00:00,113.79,0.0,395.4
2023-04-07 01:00:00+00:00,115.33,0.0,356.0
2023-04-07 02:00:00+00:00,112.02,0.0,319.9
2023-04-07 03:00:00+00:00,111.23,0.0,325.7
2023-04-07 04:00:00+00:00,132.87,0.0,386.5
2023-04-07 05:00:00+00:00,141.45,0.0,374.4
2023-04-07 06:00:00+00:00,139.23,56.4,432.3
2023-04-07 07:00:00+00:00,83.0,462.9,510.9
2023-04-07 08:00:00+00:00,54.68,981.6,458.8
2023-04-07 09:00:00+00:00,65.5,1324.5,443.8
2023-04-07 10:00:00+00:00,65.5,1534.8,453.5
2023-04-07 11:00:00+00:00,65.5,1616.1,490.7
2023-04-07 12:00:00+00:00,65.14,1632.5,553.3
2023-04-07 13:00:00+00:00,65.14,1609.7,628.9
2023-04-07 14:00:00+00:00,65.14,1537.4,656.6
2023-04-07 15:00:00+00:00,65.5,1337.7,654.4
2023-04-07 16:00:00+00:00,66.89,1006.8,632.8
2023-04-07 17:00:00+00:00,108.0,516.2,595.0
2023-04-07 18:00:00+00:00,143.35,84.1,535.7
2023-04-07 19:00:00+00:00,143.35,0.1,536.4
2023-04-07 20:00:00+00:00,139.5,0.1,435.4
2023-04-07 21:00:00+00:00,135.96,0.1,363.0
2023-04-07 22:00:00+00:00,126.24,0.0,300.9
2023-04-07 23:00:00+00:00,115.07,0.0,235.3
2023-04-08 00:00:00+00:00,115.33,0.0,185.3
2023-04-08 01:00:00+00:00,110.75,0.0,162.0
2023-04-08 02:00:00+00:00,110.78,0.0,186.70000000000002
2023-04-08 03:00:00+00:00,112.16,0.0,236.79999999999998
2023-04-08 04:00:00+00:00,116.14,0.0,306.2
2023-04-08 05:00:00+00:00,129.35,0.1,393.5
2023-04-08 06:00:00+00:00,135.01,61.3,564.1
2023-04-08 07:00:00+00:00,112.33,403.1,743.1
2023-04-08 08:00:00+00:00,40.23,864.7,740.4000000000001
2023-04-08 09:00:00+00:00,33.3,1203.2,642.8
2023-04-08 10:00:00+00:00,32.58,1433.8,526.6
2023-04-08 11:00:00+00:00,32.48,1540.7,424.1
2023-04-08 12:00:00+00:00,25.0,1563.1,373.0
2023-04-08 13:00:00+00:00,20.0,1527.2,342.5
2023-04-08 14:00:00+00:00,10.0,1402.7,294.40000000000003
2023-04-08 15:00:00+00:00,20.0,1161.2,311.5
2023-04-08 16:00:00+00:00,35.14,802.1,324.09999999999997
2023-04-08 17:00:00+00:00,107.53,375.1,277.9
2023-04-08 18:00:00+00:00,140.21,68.4,235.7
2023-04-08 19:00:00+00:00,137.31,0.1,221.4
2023-04-08 20:00:00+00:00,134.9,0.4,195.0
2023-04-08 21:00:00+00:00,126.98,0.1,188.5
2023-04-08 22:00:00+00:00,127.99,0.1,173.6
2023-04-08 23:00:00+00:00,117.86,0.0,158.9
2023-04-09 00:00:00+00:00,119.83,0.0,160.0
2023-04-09 01:00:00+00:00,117.99,0.0,178.0
2023-04-09 02:00:00+00:00,118.24,0.0,218.29999999999998
2023-04-09 03:00:00+00:00,117.86,0.0,258.7
2023-04-09 04:00:00+00:00,120.0,0.0,312.0
2023-04-09 05:00:00+00:00,118.9,0.0,346.0
2023-04-09 06:00:00+00:00,122.98,46.6,385.3
2023-04-09 07:00:00+00:00,90.0,328.0,250.8
2023-04-09 08:00:00+00:00,40.02,767.4,87.5
2023-04-09 09:00:00+00:00,32.58,1138.3,50.1
2023-04-09 10:00:00+00:00,25.0,1397.3,62.800000000000004
2023-04-09 11:00:00+00:00,5.5,1519.5,146.1
2023-04-09 12:00:00+00:00,1.5,1553.8,334.2
2023-04-09 13:00:00+00:00,1.5,1533.1,480.90000000000003
2023-04-09 14:00:00+00:00,0.1,1432.6,677.6
2023-04-09 15:00:00+00:00,1.5,1218.4,975.1999999999999
2023-04-09 16:00:00+00:00,4.17,865.4,1094.0
2023-04-09 17:00:00+00:00,63.96,424.9,1111.3999999999999
2023-04-09 18:00:00+00:00,117.86,78.3,1118.4
2023-04-09 19:00:00+00:00,126.39,0.1,1150.3
2023-04-09 20:00:00+00:00,115.0,0.3,1206.0
2023-04-09 21:00:00+00:00,106.94,0.1,1131.9
2023-04-09 22:00:00+00:00,98.21,0.1,1121.1000000000001
2023-04-09 23:00:00+00:00,81.85,0.0,1048.6000000000001
2023-04-10 00:00:00+00:00,78.14,0.0,1095.2
2023-04-10 01:00:00+00:00,71.9,0.0,1082.7
2023-04-10 02:00:00+00:00,70.0,0.0,1042.4
2023-04-10 03:00:00+00:00,72.96,0.0,1125.3
2023-04-10 04:00:00+00:00,80.0,0.0,1475.8
2023-04-10 05:00:00+00:00,78.14,0.0,1791.6
2023-04-10 06:00:00+00:00,70.0,58.7,2129.2999999999997
2023-04-10 07:00:00+00:00,55.13,411.2,1933.8
2023-04-10 08:00:00+00:00,27.75,874.8,1449.1
2023-04-10 09:00:00+00:00,20.53,1252.6,918.2
2023-04-10 10:00:00+00:00,15.52,1477.5,767.8
2023-04-10 11:00:00+00:00,1.5,1563.8,921.2
2023-04-10 12:00:00+00:00,1.5,1586.4,1140.1
2023-04-10 13:00:00+00:00,0.1,1557.7,1133.8
2023-04-10 14:00:00+00:00,0.81,1482.1,1432.2
2023-04-10 15:00:00+00:00,20.02,1290.0,1840.2
2023-04-10 16:00:00+00:00,29.94,968.2,1881.1
2023-04-10 17:00:00+00:00,60.56,512.3,1796.6
2023-04-10 18:00:00+00:00,85.0,94.4,1993.8999999999999
2023-04-10 19:00:00+00:00,84.4,0.2,1947.2
2023-04-10 20:00:00+00:00,89.7,0.3,1896.8
2023-04-10 21:00:00+00:00,67.21,0.1,1668.6
2023-04-10 22:00:00+00:00,68.5,0.1,1634.6
2023-04-10 23:00:00+00:00,68.14,0.0,1781.3
2023-04-11 00:00:00+00:00,60.0,0.0,1885.0
2023-04-11 01:00:00+00:00,67.69,0.0,1846.5
2023-04-11 02:00:00+00:00,72.89,0.0,1597.2
2023-04-11 03:00:00+00:00,92.3,0.0,1270.6
2023-04-11 04:00:00+00:00,101.0,0.0,1145.0
2023-04-11 05:00:00+00:00,130.97,0.1,880.6
2023-04-11 06:00:00+00:00,142.13,54.8,879.2
2023-04-11 07:00:00+00:00,123.35,356.1,812.4
2023-04-11 08:00:00+00:00,118.62,817.6,557.9
2023-04-11 09:00:00+00:00,103.3,1227.3,442.4
2023-04-11 10:00:00+00:00,110.65,1420.1,473.6
2023-04-11 11:00:00+00:00,105.53,1517.2,648.5
2023-04-11 12:00:00+00:00,63.05,1543.6,1024.6
2023-04-11 13:00:00+00:00,40.02,1510.8,1382.3
2023-04-11 14:00:00+00:00,35.27,1431.4,1721.3000000000002
2023-04-11 15:00:00+00:00,35.0,1249.0,1891.5
2023-04-11 16:00:00+00:00,39.93,951.7,2015.1000000000001
2023-04-11 17:00:00+00:00,100.69,504.5,2234.8999999999996
2023-04-11 18:00:00+00:00,134.25,93.2,2399.0
2023-04-11 19:00:00+00:00,141.39,0.2,2332.2
2023-04-11 20:00:00+00:00,129.47,0.4,2359.4
2023-04-11 21:00:00+00:00,109.55,0.1,2328.1
2023-04-11 22:00:00+00:00,93.65,0.1,2365.3
2023-04-11 23:00:00+00:00,65.74,0.0,2462.2999999999997
2023-04-12 00:00:00+00:00,41.64,0.0,2664.9
2023-04-12 01:00:00+00:00,41.46,0.0,2784.1
2023-04-12 02:00:00+00:00,42.0,0.0,2660.6
2023-04-12 03:00:00+00:00,50.0,0.0,2651.9
2023-04-12 04:00:00+00:00,68.5,0.0,2712.3999999999996
2023-04-12 05:00:00+00:00,96.72,0.1,2674.2
2023-04-12 06:00:00+00:00,98.62,60.1,2722.4
2023-04-12 07:00:00+00:00,42.0,344.7,2597.3
2023-04-12 08:00:00+00:00,25.0,644.6,2844.7000000000003
2023-04-12 09:00:00+00:00,4.17,814.8,2593.8999999999996
2023-04-12 10:00:00+00:00,4.16,930.2,2349.3
2023-04-12 11:00:00+00:00,4.16,961.2,2368.1
2023-04-12 12:00:00+00:00,1.6,955.4,2367.5
2023-04-12 13:00:00+00:00,1.6,899.2,2431.2000000000003
2023-04-12 14:00:00+00:00,1.6,825.7,2616.9
2023-04-12 15:00:00+00:00,4.16,594.4,2909.7999999999997
2023-04-12 16:00:00+00:00,4.16,396.1,3007.1
2023-04-12 17:00:00+00:00,20.28,203.4,3200.7
2023-04-12 18:00:00+00:00,41.28,57.8,3014.1
2023-04-12 19:00:00+00:00,70.0,0.3,3063.6
2023-04-12 20:00:00+00:00,65.74,0.2,3051.8
2023-04-12 21:00:00+00:00,45.29,0.1,2928.2999999999997
2023-04-12 22:00:00+00:00,79.41,0.1,2735.2999999999997
2023-04-12 23:00:00+00:00,74.1,0.0,2434.0
2023-04-13 00:00:00+00:00,72.89,0.0,2163.0
2023-04-13 01:00:00+00:00,72.86,0.0,2150.6
2023-04-13 02:00:00+00:00,72.89,0.0,1860.8
2023-04-13 03:00:00+00:00,83.2,0.0,1690.6000000000001
2023-04-13 04:00:00+00:00,90.76,0.0,1674.6
2023-04-13 05:00:00+00:00,123.54,0.1,1852.3999999999999
2023-04-13 06:00:00+00:00,106.21,82.5,1831.2
2023-04-13 07:00:00+00:00,90.65,476.5,1629.3999999999999
2023-04-13 08:00:00+00:00,35.64,932.4,1719.6000000000001
2023-04-13 09:00:00+00:00,69.32,1259.2,2136.7999999999997
2023-04-13 10:00:00+00:00,61.18,1440.7,2217.6
2023-04-13 11:00:00+00:00,57.5,1511.5,2229.1
2023-04-13 12:00:00+00:00,57.14,1531.0,2199.2
2023-04-13 13:00:00+00:00,0.1,1517.8,2300.9
2023-04-13 14:00:00+00:00,0.1,1429.7,2386.4
2023-04-13 15:00:00+00:00,1.5,1236.6,2616.9
2023-04-13 16:00:00+00:00,1.6,954.8,2657.0
2023-04-13 17:00:00+00:00,25.0,499.4,2451.0
2023-04-13 18:00:00+00:00,100.0,96.0,2157.5
2023-04-13 19:00:00+00:00,122.0,0.2,2031.3000000000002
2023-04-13 20:00:00+00:00,104.0,0.3,2113.7
2023-04-13 21:00:00+00:00,103.61,0.1,2266.6
2023-04-13 22:00:00+00:00,90.76,0.1,2247.9
2023-04-13 23:00:00+00:00,87.72,0.0,2275.4
2023-04-14 00:00:00+00:00,87.41,0.0,2407.5
2023-04-14 01:00:00+00:00,83.49,0.0,2536.5
2023-04-14 02:00:00+00:00,78.1,0.0,2595.8
2023-04-14 03:00:00+00:00,72.24,0.0,2733.0
2023-04-14 04:00:00+00:00,72.86,0.0,2771.7
2023-04-14 05:00:00+00:00,78.04,0.1,2662.2
2023-04-14 06:00:00+00:00,78.04,66.0,2536.0
2023-04-14 07:00:00+00:00,41.64,419.3,2615.0
2023-04-14 08:00:00+00:00,30.0,894.5,2689.4
2023-04-14 09:00:00+00:00,41.22,1188.2,2820.2
2023-04-14 10:00:00+00:00,37.32,1342.2,2911.0
2023-04-14 11:00:00+00:00,28.0,1404.3,3055.6
2023-04-14 12:00:00+00:00,1.6,1399.9,3156.6
2023-04-14 13:00:00+00:00,1.5,1344.7,3325.9
2023-04-14 14:00:00+00:00,1.5,1258.2,3248.7000000000003
2023-04-14 15:00:00+00:00,2.0,1066.1,3300.7999999999997
2023-04-14 16:00:00+00:00,4.16,833.4,3213.4
2023-04-14 17:00:00+00:00,25.2,432.1,3062.7999999999997
2023-04-14 18:00:00+00:00,73.25,88.4,2896.8
2023-04-14 19:00:00+00:00,82.89,0.5,2759.9
2023-04-14 20:00:00+00:00,75.34,0.3,2538.9
2023-04-14 21:00:00+00:00,46.34,0.1,2299.3
2023-04-14 22:00:00+00:00,36.38,0.1,2304.6
2023-04-14 23:00:00+00:00,34.9,0.0,2327.5
2023-04-15 00:00:00+00:00,32.5,0.0,2246.5
2023-04-15 01:00:00+00:00,32.5,0.0,2321.2
2023-04-15 02:00:00+00:00,32.14,0.0,2318.9
2023-04-15 03:00:00+00:00,33.1,0.0,2292.8
2023-04-15 04:00:00+00:00,35.25,0.0,2251.4
2023-04-15 05:00:00+00:00,37.0,0.2,2220.2
2023-04-15 06:00:00+00:00,36.4,67.8,2201.8
2023-04-15 07:00:00+00:00,25.0,441.7,1992.4
2023-04-15 08:00:00+00:00,4.17,981.7,1600.4
2023-04-15 09:00:00+00:00,1.6,1341.5,1215.8
2023-04-15 10:00:00+00:00,1.5,1546.0,1021.4
2023-04-15 11:00:00+00:00,1.5,1625.8,915.2
2023-04-15 12:00:00+00:00,1.5,1647.4,905.4
2023-04-15 13:00:00+00:00,0.1,1618.7,975.0
2023-04-15 14:00:00+00:00,0.0,1541.9,1184.7
2023-04-15 15:00:00+00:00,0.1,1353.9,1369.3
2023-04-15 16:00:00+00:00,1.5,1028.9,1556.0
2023-04-15 17:00:00+00:00,13.3,551.6,1657.3000000000002
2023-04-15 18:00:00+00:00,38.76,109.6,1703.0
2023-04-15 19:00:00+00:00,44.28,0.6,1816.8
2023-04-15 20:00:00+00:00,40.61,0.4,1944.3
2023-04-15 21:00:00+00:00,38.36,0.1,1886.6000000000001
2023-04-15 22:00:00+00:00,28.28,0.1,1811.5
2023-04-15 23:00:00+00:00,26.1,0.0,1816.3000000000002
2023-04-16 00:00:00+00:00,24.5,0.0,2103.5
2023-04-16 01:00:00+00:00,23.72,0.0,2164.3999999999996
2023-04-16 02:00:00+00:00,16.0,0.0,2170.4
2023-04-16 03:00:00+00:00,20.38,0.0,2245.9
2023-04-16 04:00:00+00:00,23.0,0.0,2304.7999999999997
2023-04-16 05:00:00+00:00,24.5,0.3,2545.7999999999997
2023-04-16 06:00:00+00:00,22.15,96.5,2734.3999999999996
2023-04-16 07:00:00+00:00,4.99,538.5,2669.5
2023-04-16 08:00:00+00:00,1.5,1026.9,2245.3
2023-04-16 09:00:00+00:00,30.38,1357.8,1701.3999999999999
2023-04-16 10:00:00+00:00,38.28,1553.5,1175.2
2023-04-16 11:00:00+00:00,40.0,1627.5,792.1
2023-04-16 12:00:00+00:00,38.28,1638.1,527.6
2023-04-16 13:00:00+00:00,24.14,1622.7,443.1
2023-04-16 14:00:00+00:00,24.14,1540.4,435.0
2023-04-16 15:00:00+00:00,24.14,1344.5,578.9
2023-04-16 16:00:00+00:00,24.14,1023.5,717.8
2023-04-16 17:00:00+00:00,25.0,550.8,815.1
2023-04-16 18:00:00+00:00,75.0,111.3,882.8
2023-04-16 19:00:00+00:00,127.85,0.7,1301.7
2023-04-16 20:00:00+00:00,110.17,0.4,1695.7
2023-04-16 21:00:00+00:00,55.22,0.1,1907.3
2023-04-16 22:00:00+00:00,86.03,0.1,2055.8
2023-04-16 23:00:00+00:00,81.87,0.0,2214.5
2023-04-17 00:00:00+00:00,55.0,0.0,2317.6000000000004
2023-04-17 01:00:00+00:00,45.0,0.0,2282.8
2023-04-17 02:00:00+00:00,45.0,0.0,2069.8
2023-04-17 03:00:00+00:00,55.0,0.0,1936.4
2023-04-17 04:00:00+00:00,83.96,0.0,1978.9
2023-04-17 05:00:00+00:00,110.0,0.5,1974.6
2023-04-17 06:00:00+00:00,104.22,102.0,1925.4
2023-04-17 07:00:00+00:00,82.75,538.4,1584.5
2023-04-17 08:00:00+00:00,41.73,1007.7,1123.9
2023-04-17 09:00:00+00:00,44.24,1316.7,783.5
2023-04-17 10:00:00+00:00,49.41,1504.7,597.9
2023-04-17 11:00:00+00:00,51.77,1577.1,468.1
2023-04-17 12:00:00+00:00,58.03,1585.5,472.90000000000003
2023-04-17 13:00:00+00:00,86.09,1555.9,506.9
2023-04-17 14:00:00+00:00,86.09,1478.5,525.8000000000001
2023-04-17 15:00:00+00:00,86.09,1288.4,563.3
2023-04-17 16:00:00+00:00,88.3,974.5,697.6999999999999
2023-04-17 17:00:00+00:00,86.09,532.8,796.2
2023-04-17 18:00:00+00:00,125.12,112.6,812.6
2023-04-17 19:00:00+00:00,134.25,0.8,968.0999999999999
2023-04-17 20:00:00+00:00,104.22,0.5,1048.8
2023-04-17 21:00:00+00:00,88.3,0.1,901.6
2023-04-17 22:00:00+00:00,105.31,0.1,774.3
2023-04-17 23:00:00+00:00,81.99,0.0,817.2
2023-04-18 00:00:00+00:00,75.62,0.0,1302.6
2023-04-18 01:00:00+00:00,75.62,0.0,1762.8
2023-04-18 02:00:00+00:00,75.62,0.0,2023.8
2023-04-18 03:00:00+00:00,101.27,0.0,2122.5
2023-04-18 04:00:00+00:00,100.35,0.0,2250.1
2023-04-18 05:00:00+00:00,122.26,0.6,2364.0
2023-04-18 06:00:00+00:00,123.0,107.0,2349.6000000000004
2023-04-18 07:00:00+00:00,106.16,542.9,2041.6000000000001
2023-04-18 08:00:00+00:00,75.2,1002.2,1515.6999999999998
2023-04-18 09:00:00+00:00,75.98,1302.8,1044.0
2023-04-18 10:00:00+00:00,78.1,1486.2,657.3000000000001
2023-04-18 11:00:00+00:00,80.0,1556.3,326.8
2023-04-18 12:00:00+00:00,78.0,1559.1,133.4
2023-04-18 13:00:00+00:00,98.69,1541.7,102.2
2023-04-18 14:00:00+00:00,98.69,1456.0,206.8
2023-04-18 15:00:00+00:00,98.69,1268.9,316.1
2023-04-18 16:00:00+00:00,98.69,952.9,391.0
2023-04-18 17:00:00+00:00,119.88,481.6,425.7
2023-04-18 18:00:00+00:00,137.1,101.2,492.0
2023-04-18 19:00:00+00:00,141.4,0.7,606.6999999999999
2023-04-18 20:00:00+00:00,128.32,0.6,642.1
2023-04-18 21:00:00+00:00,111.41,0.1,566.8
2023-04-18 22:00:00+00:00,127.54,0.1,469.1
2023-04-18 23:00:00+00:00,116.8,0.0,369.4
2023-04-19 00:00:00+00:00,105.71,0.0,291.6
2023-04-19 01:00:00+00:00,105.71,0.0,273.0
2023-04-19 02:00:00+00:00,104.86,0.0,253.3
2023-04-19 03:00:00+00:00,105.87,0.0,238.5
2023-04-19 04:00:00+00:00,130.0,0.0,233.7
2023-04-19 05:00:00+00:00,139.1,0.6,304.2
2023-04-19 06:00:00+00:00,141.4,107.1,406.90000000000003
2023-04-19 07:00:00+00:00,133.26,532.0,394.90000000000003
2023-04-19 08:00:00+00:00,108.26,975.7,348.4
2023-04-19 09:00:00+00:00,97.16,1280.6,326.3
2023-04-19 10:00:00+00:00,93.9,1474.2,335.0
2023-04-19 11:00:00+00:00,89.64,1548.5,400.9
2023-04-19 12:00:00+00:00,89.48,1560.1,499.9
2023-04-19 13:00:00+00:00,89.42,1529.0,660.4
2023-04-19 14:00:00+00:00,89.42,1458.5,746.6
2023-04-19 15:00:00+00:00,89.64,1270.1,862.6
2023-04-19 16:00:00+00:00,105.31,969.5,956.9
2023-04-19 17:00:00+00:00,122.25,526.5,811.1
2023-04-19 18:00:00+00:00,135.86,100.8,604.6
2023-04-19 19:00:00+00:00,145.0,1.1,668.1
2023-04-19 20:00:00+00:00,134.11,0.6,704.0
2023-04-19 21:00:00+00:00,125.33,0.1,933.9
2023-04-19 22:00:00+00:00,126.0,0.1,884.6
2023-04-19 23:00:00+00:00,122.03,0.0,706.7
2023-04-20 00:00:00+00:00,123.61,0.0,589.0
2023-04-20 01:00:00+00:00,123.89,0.0,523.9
2023-04-20 02:00:00+00:00,125.33,0.0,446.0
2023-04-20 03:00:00+00:00,127.22,0.0,412.9
2023-04-20 04:00:00+00:00,127.97,0.0,502.6
2023-04-20 05:00:00+00:00,144.48,0.7,486.8
2023-04-20 06:00:00+00:00,144.7,95.1,438.2
2023-04-20 07:00:00+00:00,130.09,448.1,297.09999999999997
2023-04-20 08:00:00+00:00,100.9,912.4,172.9
2023-04-20 09:00:00+00:00,90.75,1269.8,168.5
2023-04-20 10:00:00+00:00,90.74,1470.7,231.5
2023-04-20 11:00:00+00:00,85.07,1549.3,377.2
2023-04-20 12:00:00+00:00,84.67,1571.5,613.1
2023-04-20 13:00:00+00:00,84.47,1535.9,781.2
2023-04-20 14:00:00+00:00,84.47,1462.0,924.5
2023-04-20 15:00:00+00:00,84.67,1267.7,1004.8000000000001
2023-04-20 16:00:00+00:00,84.67,963.8,1019.4
2023-04-20 17:00:00+00:00,123.26,516.9,955.9
2023-04-20 18:00:00+00:00,147.42,112.5,772.2
2023-04-20 19:00:00+00:00,145.33,1.5,877.1
2023-04-20 20:00:00+00:00,134.37,0.6,1020.5
2023-04-20 21:00:00+00:00,129.44,0.1,1030.0
2023-04-20 22:00:00+00:00,122.5,0.1,1032.7
2023-04-20 23:00:00+00:00,112.39,0.0,990.1
2023-04-21 00:00:00+00:00,117.6,0.0,930.3000000000001
2023-04-21 01:00:00+00:00,119.84,0.0,781.7
2023-04-21 02:00:00+00:00,115.01,0.0,670.5999999999999
2023-04-21 03:00:00+00:00,115.0,0.0,743.7
2023-04-21 04:00:00+00:00,127.5,0.0,921.5
2023-04-21 05:00:00+00:00,141.54,1.5,996.5
2023-04-21 06:00:00+00:00,145.99,114.0,1182.3
2023-04-21 07:00:00+00:00,120.18,420.2,1198.8000000000002
2023-04-21 08:00:00+00:00,128.13,707.6,1153.6000000000001
2023-04-21 09:00:00+00:00,109.29,902.9,1253.2
2023-04-21 10:00:00+00:00,95.49,1045.6,1448.3999999999999
2023-04-21 11:00:00+00:00,55.44,962.0,1939.7
2023-04-21 12:00:00+00:00,40.1,826.9,2126.4
2023-04-21 13:00:00+00:00,29.11,749.2,2040.0
2023-04-21 14:00:00+00:00,25.0,617.8,2287.9
2023-04-21 15:00:00+00:00,29.61,447.2,2415.4
2023-04-21 16:00:00+00:00,49.31,241.6,1955.3
2023-04-21 17:00:00+00:00,95.49,120.7,1633.5
2023-04-21 18:00:00+00:00,134.71,34.3,1096.6000000000001
2023-04-21 19:00:00+00:00,135.51,0.6,1073.7
2023-04-21 20:00:00+00:00,133.71,0.1,1081.4
2023-04-21 21:00:00+00:00,123.1,0.1,1092.7
2023-04-21 22:00:00+00:00,122.01,0.1,1108.0
2023-04-21 23:00:00+00:00,101.95,0.0,1078.5
2023-04-22 00:00:00+00:00,103.57,0.0,902.9
2023-04-22 01:00:00+00:00,93.17,0.0,840.4
2023-04-22 02:00:00+00:00,91.33,0.0,790.4
2023-04-22 03:00:00+00:00,96.03,0.0,763.3
2023-04-22 04:00:00+00:00,100.0,0.0,826.5
2023-04-22 05:00:00+00:00,106.95,0.9,928.9
2023-04-22 06:00:00+00:00,109.18,103.0,913.6999999999999
2023-04-22 07:00:00+00:00,107.28,491.8,765.5
2023-04-22 08:00:00+00:00,77.61,881.2,643.7
2023-04-22 09:00:00+00:00,69.61,1106.4,749.4
2023-04-22 10:00:00+00:00,51.0,1258.5,761.9000000000001
2023-04-22 11:00:00+00:00,34.84,1304.2,778.8000000000001
2023-04-22 12:00:00+00:00,22.56,1347.9,917.5
2023-04-22 13:00:00+00:00,10.0,1351.7,1184.6000000000001
2023-04-22 14:00:00+00:00,4.16,1296.5,1369.1
2023-04-22 15:00:00+00:00,4.17,1151.6,1510.1
2023-04-22 16:00:00+00:00,31.0,934.5,1549.8
2023-04-22 17:00:00+00:00,73.6,537.9,1697.0
2023-04-22 18:00:00+00:00,129.27,125.5,1781.9
2023-04-22 19:00:00+00:00,128.45,1.9,1870.8
2023-04-22 20:00:00+00:00,121.27,0.4,1960.0
2023-04-22 21:00:00+00:00,101.64,0.1,2025.1
2023-04-22 22:00:00+00:00,108.0,0.1,2037.6000000000001
2023-04-22 23:00:00+00:00,97.52,0.0,2021.2
2023-04-23 00:00:00+00:00,95.02,0.0,1959.5
2023-04-23 01:00:00+00:00,89.44,0.0,1967.3000000000002
2023-04-23 02:00:00+00:00,86.67,0.0,1944.6
2023-04-23 03:00:00+00:00,76.61,0.0,1911.7
2023-04-23 04:00:00+00:00,75.1,0.0,1895.1
2023-04-23 05:00:00+00:00,65.0,1.6,1837.8999999999999
2023-04-23 06:00:00+00:00,50.0,119.8,1651.7
2023-04-23 07:00:00+00:00,6.1,529.1,1416.4
2023-04-23 08:00:00+00:00,0.0,987.3,1240.7
2023-04-23 09:00:00+00:00,0.0,1295.2,1269.3
2023-04-23 10:00:00+00:00,1.5,1440.4,1345.0
2023-04-23 11:00:00+00:00,1.5,1481.4,1356.0
2023-04-23 12:00:00+00:00,0.0,1486.7,1537.2
2023-04-23 13:00:00+00:00,0.0,1489.2,1804.0
2023-04-23 14:00:00+00:00,0.0,1410.1,1899.4
2023-04-23 15:00:00+00:00,0.0,1268.2,2044.5
2023-04-23 16:00:00+00:00,0.0,980.1,2226.5
2023-04-23 17:00:00+00:00,3.23,550.8,2331.0
2023-04-23 18:00:00+00:00,88.0,127.4,2204.2999999999997
2023-04-23 19:00:00+00:00,125.02,1.9,2157.5
2023-04-23 20:00:00+00:00,120.0,0.3,1845.5
2023-04-23 21:00:00+00:00,109.84,0.1,1459.0
2023-04-23 22:00:00+00:00,90.0,0.1,1405.7
2023-04-23 23:00:00+00:00,91.8,0.0,1309.1999999999998
2023-04-24 00:00:00+00:00,91.82,0.0,1108.5
2023-04-24 01:00:00+00:00,93.4,0.0,1037.4
2023-04-24 02:00:00+00:00,100.88,0.0,875.6
2023-04-24 03:00:00+00:00,105.0,0.0,698.4
2023-04-24 04:00:00+00:00,115.46,0.0,654.3
2023-04-24 05:00:00+00:00,133.8,2.0,597.8000000000001
2023-04-24 06:00:00+00:00,135.0,131.0,633.2
2023-04-24 07:00:00+00:00,126.92,546.0,521.0
2023-04-24 08:00:00+00:00,91.76,944.1,289.9
2023-04-24 09:00:00+00:00,75.97,1232.8,151.6
2023-04-24 10:00:00+00:00,65.89,1399.4,95.2
2023-04-24 11:00:00+00:00,64.41,1471.4,143.8
2023-04-24 12:00:00+00:00,63.6,1497.0,211.5
2023-04-24 13:00:00+00:00,64.61,1480.7,250.8
2023-04-24 14:00:00+00:00,64.61,1416.1,313.4
2023-04-24 15:00:00+00:00,64.61,1239.6,517.3000000000001
2023-04-24 16:00:00+00:00,64.61,960.8,837.5999999999999
2023-04-24 17:00:00+00:00,87.71,543.3,981.2
2023-04-24 18:00:00+00:00,135.97,130.4,785.0
2023-04-24 19:00:00+00:00,136.55,1.9,761.2
2023-04-24 20:00:00+00:00,130.0,0.4,907.7
2023-04-24 21:00:00+00:00,119.15,0.1,761.7
2023-04-24 22:00:00+00:00,127.39,0.1,584.2
2023-04-24 23:00:00+00:00,123.56,0.0,417.4
2023-04-25 00:00:00+00:00,110.0,0.0,374.7
2023-04-25 01:00:00+00:00,96.03,0.0,454.6
2023-04-25 02:00:00+00:00,91.75,0.0,610.1
2023-04-25 03:00:00+00:00,97.35,0.0,1071.6
2023-04-25 04:00:00+00:00,121.6,0.0,1308.7
2023-04-25 05:00:00+00:00,134.1,2.3,1153.3
2023-04-25 06:00:00+00:00,130.18,136.8,977.1
2023-04-25 07:00:00+00:00,95.0,577.8,769.6
2023-04-25 08:00:00+00:00,79.81,1018.3,512.0
2023-04-25 09:00:00+00:00,67.51,1311.3,303.9
2023-04-25 10:00:00+00:00,60.21,1507.9,168.9
2023-04-25 11:00:00+00:00,60.01,1576.2,103.8
2023-04-25 12:00:00+00:00,49.95,1588.2,165.4
2023-04-25 13:00:00+00:00,56.67,1565.3,255.5
2023-04-25 14:00:00+00:00,56.57,1487.9,514.5999999999999
2023-04-25 15:00:00+00:00,65.0,1305.4,776.8
2023-04-25 16:00:00+00:00,69.0,1009.4,850.2
2023-04-25 17:00:00+00:00,81.1,570.9,847.2
2023-04-25 18:00:00+00:00,133.95,138.6,718.1
2023-04-25 19:00:00+00:00,141.54,1.7,630.8
2023-04-25 20:00:00+00:00,137.53,0.4,633.8
2023-04-25 21:00:00+00:00,120.0,0.1,562.8000000000001
2023-04-25 22:00:00+00:00,106.79,0.1,552.3
2023-04-25 23:00:00+00:00,99.91,0.0,532.9000000000001
2023-04-26 00:00:00+00:00,94.58,0.0,438.5
2023-04-26 01:00:00+00:00,93.98,0.0,372.20000000000005
2023-04-26 02:00:00+00:00,93.33,0.0,249.4
2023-04-26 03:00:00+00:00,101.9,0.0,192.0
2023-04-26 04:00:00+00:00,125.16,0.0,196.5
2023-04-26 05:00:00+00:00,139.91,2.4,179.9
2023-04-26 06:00:00+00:00,141.53,134.4,105.0
2023-04-26 07:00:00+00:00,126.0,581.5,55.4
2023-04-26 08:00:00+00:00,117.81,993.5,26.3
2023-04-26 09:00:00+00:00,107.0,1268.6,10.9
2023-04-26 10:00:00+00:00,94.99,1437.0,29.6
2023-04-26 11:00:00+00:00,91.79,1489.0,103.8
2023-04-26 12:00:00+00:00,87.04,1474.9,227.1
2023-04-26 13:00:00+00:00,80.95,1431.9,314.0
2023-04-26 14:00:00+00:00,79.47,1361.3,437.6
2023-04-26 15:00:00+00:00,83.0,1161.3,543.5
2023-04-26 16:00:00+00:00,87.04,884.3,551.6
2023-04-26 17:00:00+00:00,122.01,460.7,426.5
2023-04-26 18:00:00+00:00,135.29,94.3,356.3
2023-04-26 19:00:00+00:00,146.12,2.3,400.3
2023-04-26 20:00:00+00:00,133.54,0.2,403.40000000000003
2023-04-26 21:00:00+00:00,120.48,0.1,383.79999999999995
2023-04-26 22:00:00+00:00,113.69,0.1,321.1
2023-04-26 23:00:00+00:00,113.69,0.0,303.7
2023-04-27 00:00:00+00:00,105.0,0.0,256.0
2023-04-27 01:00:00+00:00,100.0,0.0,209.4
2023-04-27 02:00:00+00:00,105.0,0.0,114.0
2023-04-27 03:00:00+00:00,106.8,0.0,101.8
2023-04-27 04:00:00+00:00,123.39,0.0,128.3
2023-04-27 05:00:00+00:00,142.58,2.3,142.6
2023-04-27 06:00:00+00:00,135.41,116.6,151.0
2023-04-27 07:00:00+00:00,113.18,452.5,182.0
2023-04-27 08:00:00+00:00,96.99,859.1,107.8
2023-04-27 09:00:00+00:00,92.5,1195.8,108.8
2023-04-27 10:00:00+00:00,94.0,1381.8,127.80000000000001
2023-04-27 11:00:00+00:00,91.0,1436.1,139.6
2023-04-27 12:00:00+00:00,88.74,1411.2,168.29999999999998
2023-04-27 13:00:00+00:00,86.48,1342.1,191.1
2023-04-27 14:00:00+00:00,86.48,1261.8,232.9
2023-04-27 15:00:00+00:00,91.12,1092.7,269.29999999999995
2023-04-27 16:00:00+00:00,99.99,877.8,338.70000000000005
2023-04-27 17:00:00+00:00,117.35,521.5,456.3
2023-04-27 18:00:00+00:00,129.8,132.9,439.40000000000003
2023-04-27 19:00:00+00:00,138.01,2.5,474.8
2023-04-27 20:00:00+00:00,126.0,0.3,456.2
2023-04-27 21:00:00+00:00,120.0,0.1,418.7
2023-04-27 22:00:00+00:00,120.0,0.1,428.2
2023-04-27 23:00:00+00:00,115.27,0.0,489.5
2023-04-28 00:00:00+00:00,98.7,0.0,368.5
2023-04-28 01:00:00+00:00,113.69,0.0,345.7
2023-04-28 02:00:00+00:00,92.0,0.0,432.1
2023-04-28 03:00:00+00:00,98.19,0.0,392.2
2023-04-28 04:00:00+00:00,110.0,0.0,322.1
2023-04-28 05:00:00+00:00,123.74,2.4,341.40000000000003
2023-04-28 06:00:00+00:00,126.38,125.7,348.29999999999995
2023-04-28 07:00:00+00:00,120.0,447.7,420.3
2023-04-28 08:00:00+00:00,112.81,788.4,417.7
2023-04-28 09:00:00+00:00,105.83,1027.6,384.7
2023-04-28 10:00:00+00:00,101.72,1144.0,371.0
2023-04-28 11:00:00+00:00,92.78,1288.7,385.79999999999995
2023-04-28 12:00:00+00:00,86.65,1324.1,492.40000000000003
2023-04-28 13:00:00+00:00,80.0,1246.7,521.8
2023-04-28 14:00:00+00:00,81.1,1180.0,722.4000000000001
2023-04-28 15:00:00+00:00,91.63,866.4,1026.6
2023-04-28 16:00:00+00:00,112.0,551.7,1120.0
2023-04-28 17:00:00+00:00,118.0,282.4,1233.4
2023-04-28 18:00:00+00:00,126.0,114.8,1409.3
2023-04-28 19:00:00+00:00,126.93,4.7,1574.1
2023-04-28 20:00:00+00:00,120.0,0.3,1805.2
2023-04-28 21:00:00+00:00,116.02,0.1,1879.2
2023-04-28 22:00:00+00:00,115.59,0.1,1750.1
2023-04-28 23:00:00+00:00,110.25,0.0,1580.0
2023-04-29 00:00:00+00:00,106.1,0.0,1393.1
2023-04-29 01:00:00+00:00,105.0,0.0,1297.6
2023-04-29 02:00:00+00:00,101.24,0.0,1259.7
2023-04-29 03:00:00+00:00,102.75,0.0,1465.0
2023-04-29 04:00:00+00:00,103.24,0.0,1668.2
2023-04-29 05:00:00+00:00,109.4,1.7,1738.8
2023-04-29 06:00:00+00:00,115.64,91.0,1728.7
2023-04-29 07:00:00+00:00,106.61,348.0,1436.8999999999999
2023-04-29 08:00:00+00:00,103.58,712.7,1078.1
2023-04-29 09:00:00+00:00,92.87,990.9,1093.6
2023-04-29 10:00:00+00:00,75.41,1284.1,1193.2
2023-04-29 11:00:00+00:00,69.01,1371.3,1278.6
2023-04-29 12:00:00+00:00,43.21,1350.1,1453.5
2023-04-29 13:00:00+00:00,37.65,1361.3,1571.6
2023-04-29 14:00:00+00:00,30.0,1370.9,1456.6
2023-04-29 15:00:00+00:00,30.0,1230.7,1679.9
2023-04-29 16:00:00+00:00,32.6,928.6,1964.8999999999999
2023-04-29 17:00:00+00:00,58.09,498.2,2192.5
2023-04-29 18:00:00+00:00,114.34,120.6,2486.2000000000003
2023-04-29 19:00:00+00:00,120.0,3.4,2603.2999999999997
2023-04-29 20:00:00+00:00,115.57,0.2,2563.7999999999997
2023-04-29 21:00:00+00:00,110.0,0.1,2455.4
2023-04-29 22:00:00+00:00,99.28,0.1,2246.6
2023-04-29 23:00:00+00:00,91.09,0.0,2020.0
2023-04-30 00:00:00+00:00,88.38,0.0,1686.6000000000001
2023-04-30 01:00:00+00:00,85.49,0.0,1577.6
2023-04-30 02:00:00+00:00,74.93,0.0,1590.0
2023-04-30 03:00:00+00:00,75.07,0.0,1610.6999999999998
2023-04-30 04:00:00+00:00,84.62,0.0,1497.2
2023-04-30 05:00:00+00:00,82.0,2.3,1232.5
2023-04-30 06:00:00+00:00,75.0,96.9,1184.5
2023-04-30 07:00:00+00:00,50.0,336.2,1130.3
2023-04-30 08:00:00+00:00,27.7,698.0,991.4
2023-04-30 09:00:00+00:00,40.0,1097.9,810.8000000000001
2023-04-30 10:00:00+00:00,45.07,1331.4,676.9
2023-04-30 11:00:00+00:00,37.65,1522.9,584.0
2023-04-30 12:00:00+00:00,30.0,1607.0,618.0
2023-04-30 13:00:00+00:00,40.0,1593.8,686.1
2023-04-30 14:00:00+00:00,37.65,1496.9,797.5999999999999
2023-04-30 15:00:00+00:00,37.65,1286.5,925.5
2023-04-30 16:00:00+00:00,43.37,993.9,1090.5
2023-04-30 17:00:00+00:00,74.67,577.9,1153.3
2023-04-30 18:00:00+00:00,111.44,149.4,1129.1000000000001
2023-04-30 19:00:00+00:00,122.2,3.0,1283.6
2023-04-30 20:00:00+00:00,117.12,0.3,1468.8000000000002
2023-04-30 21:00:00+00:00,108.71,0.1,1485.7
2023-04-30 22:00:00+00:00,109.9,0.1,1407.6000000000001
2023-04-30 23:00:00+00:00,99.9,0.0,1315.8
2023-05-01 00:00:00+00:00,95.49,0.0,1124.1
2023-05-01 01:00:00+00:00,90.59,0.0,967.2
2023-05-01 02:00:00+00:00,87.4,0.0,884.3000000000001
2023-05-01 03:00:00+00:00,88.0,0.0,944.0
2023-05-01 04:00:00+00:00,87.38,0.0,847.4
2023-05-01 05:00:00+00:00,89.56,6.5,777.0
2023-05-01 06:00:00+00:00,84.26,165.9,640.7
2023-05-01 07:00:00+00:00,49.81,619.3,452.6
2023-05-01 08:00:00+00:00,31.0,1039.0,250.20000000000002
2023-05-01 09:00:00+00:00,110.0,1338.0,124.3
2023-05-01 10:00:00+00:00,114.95,1522.9,63.1
2023-05-01 11:00:00+00:00,114.95,1586.5,48.6
2023-05-01 12:00:00+00:00,94.85,1603.0,60.7
2023-05-01 13:00:00+00:00,110.0,1593.3,122.39999999999999
2023-05-01 14:00:00+00:00,81.0,1490.6,312.4
2023-05-01 15:00:00+00:00,81.0,1314.3,574.7
2023-05-01 16:00:00+00:00,110.0,1015.5,702.4
2023-05-01 17:00:00+00:00,67.0,577.4,705.5
2023-05-01 18:00:00+00:00,117.06,142.8,582.3000000000001
2023-05-01 19:00:00+00:00,122.57,4.0,515.8
2023-05-01 20:00:00+00:00,122.57,0.3,485.4
2023-05-01 21:00:00+00:00,119.0,0.1,532.2
2023-05-01 22:00:00+00:00,111.34,0.1,548.6999999999999
2023-05-01 23:00:00+00:00,90.3,0.0,475.4
2023-05-02 00:00:00+00:00,90.3,0.0,364.4
2023-05-02 01:00:00+00:00,90.0,0.0,336.2
2023-05-02 02:00:00+00:00,90.3,0.0,343.59999999999997
2023-05-02 03:00:00+00:00,110.48,0.0,380.09999999999997
2023-05-02 04:00:00+00:00,115.0,0.0,482.3
2023-05-02 05:00:00+00:00,127.69,5.2,668.5
2023-05-02 06:00:00+00:00,135.43,126.2,1017.2
2023-05-02 07:00:00+00:00,119.34,471.2,1229.0
2023-05-02 08:00:00+00:00,115.21,871.2,1169.9
2023-05-02 09:00:00+00:00,108.96,1153.3,903.4
2023-05-02 10:00:00+00:00,98.46,1349.1,721.9
2023-05-02 11:00:00+00:00,92.76,1440.6,799.1
2023-05-02 12:00:00+00:00,86.32,1479.7,799.8
2023-05-02 13:00:00+00:00,94.85,1458.6,749.0
2023-05-02 14:00:00+00:00,112.18,1410.7,609.1
2023-05-02 15:00:00+00:00,112.18,1222.6,562.9
2023-05-02 16:00:00+00:00,114.69,841.7,507.3
2023-05-02 17:00:00+00:00,124.99,360.5,416.2
2023-05-02 18:00:00+00:00,142.86,79.9,284.7
2023-05-02 19:00:00+00:00,148.16,3.3,228.0
2023-05-02 20:00:00+00:00,125.0,0.3,308.0
2023-05-02 21:00:00+00:00,116.13,0.1,712.6
2023-05-02 22:00:00+00:00,116.2,0.1,1276.0
2023-05-02 23:00:00+00:00,102.63,0.0,1656.3
2023-05-03 00:00:00+00:00,100.97,0.0,1717.8
2023-05-03 01:00:00+00:00,97.8,0.0,1855.3
2023-05-03 02:00:00+00:00,85.55,0.0,1866.2
2023-05-03 03:00:00+00:00,91.38,0.0,1768.3999999999999
2023-05-03 04:00:00+00:00,102.0,0.0,1785.1
2023-05-03 05:00:00+00:00,121.2,4.5,1758.3000000000002
2023-05-03 06:00:00+00:00,119.34,112.4,1980.7
2023-05-03 07:00:00+00:00,110.1,397.6,1977.1
2023-05-03 08:00:00+00:00,82.1,768.3,2149.5
2023-05-03 09:00:00+00:00,77.61,1146.4,2533.4
2023-05-03 10:00:00+00:00,65.99,1330.9,2472.9
2023-05-03 11:00:00+00:00,49.95,1369.0,2599.7
2023-05-03 12:00:00+00:00,38.01,1389.6,2477.7000000000003
2023-05-03 13:00:00+00:00,30.0,1352.8,2487.4
2023-05-03 14:00:00+00:00,25.0,1176.5,2573.1
2023-05-03 15:00:00+00:00,40.0,1055.7,2565.9
2023-05-03 16:00:00+00:00,45.41,844.6,2795.2
2023-05-03 17:00:00+00:00,80.01,531.6,2723.5
2023-05-03 18:00:00+00:00,117.84,149.6,2467.4
2023-05-03 19:00:00+00:00,122.99,6.0,2334.5
2023-05-03 20:00:00+00:00,115.69,0.1,2326.0
2023-05-03 21:00:00+00:00,85.49,0.1,2215.9
2023-05-03 22:00:00+00:00,86.0,0.0,2178.6
2023-05-03 23:00:00+00:00,79.61,0.0,2023.2
2023-05-04 00:00:00+00:00,79.81,0.0,1951.5
2023-05-04 01:00:00+00:00,79.61,0.0,1889.7
2023-05-04 02:00:00+00:00,80.01,0.0,1706.8999999999999
2023-05-04 03:00:00+00:00,82.2,0.0,1602.9
2023-05-04 04:00:00+00:00,100.68,0.0,1372.4
2023-05-04 05:00:00+00:00,115.09,7.9,1380.3
2023-05-04 06:00:00+00:00,119.9,156.1,1235.9
2023-05-04 07:00:00+00:00,104.42,527.9,1081.1000000000001
2023-05-04 08:00:00+00:00,90.0,862.8,1138.2
2023-05-04 09:00:00+00:00,79.6,1112.4,1131.5
2023-05-04 10:00:00+00:00,71.07,1319.4,1314.6
2023-05-04 11:00:00+00:00,62.27,1379.8,1632.2
2023-05-04 12:00:00+00:00,59.79,1411.8,1747.8999999999999
2023-05-04 13:00:00+00:00,65.14,1381.7,1788.1
2023-05-04 14:00:00+00:00,69.22,1315.1,2037.5
2023-05-04 15:00:00+00:00,75.73,1175.9,1978.6000000000001
2023-05-04 16:00:00+00:00,80.61,930.4,1858.0
2023-05-04 17:00:00+00:00,108.0,554.2,1636.9
2023-05-04 18:00:00+00:00,115.52,162.9,1445.3
2023-05-04 19:00:00+00:00,128.58,6.5,1326.5
2023-05-04 20:00:00+00:00,121.63,0.2,1187.0
2023-05-04 21:00:00+00:00,115.09,0.1,1082.3
2023-05-04 22:00:00+00:00,110.39,0.1,1025.5
2023-05-04 23:00:00+00:00,104.09,0.0,902.4
2023-05-05 00:00:00+00:00,101.38,0.0,856.3
2023-05-05 01:00:00+00:00,101.38,0.0,872.0
2023-05-05 02:00:00+00:00,94.0,0.0,886.7
2023-05-05 03:00:00+00:00,101.38,0.0,849.3
2023-05-05 04:00:00+00:00,110.9,0.0,805.9
2023-05-05 05:00:00+00:00,114.87,8.0,637.0
2023-05-05 06:00:00+00:00,112.58,179.5,472.7
2023-05-05 07:00:00+00:00,102.61,603.6,354.3
2023-05-05 08:00:00+00:00,95.89,1004.4,248.5
2023-05-05 09:00:00+00:00,91.03,1278.9,206.1
2023-05-05 10:00:00+00:00,84.99,1468.2,189.5
2023-05-05 11:00:00+00:00,82.0,1555.2,216.1
2023-05-05 12:00:00+00:00,78.9,1576.0,293.2
2023-05-05 13:00:00+00:00,80.0,1545.3,439.2
2023-05-05 14:00:00+00:00,75.43,1475.5,578.5
2023-05-05 15:00:00+00:00,82.0,1295.0,896.7
2023-05-05 16:00:00+00:00,101.38,1011.0,1138.8999999999999
2023-05-05 17:00:00+00:00,111.05,599.3,1065.0
2023-05-05 18:00:00+00:00,130.0,168.0,781.4
2023-05-05 19:00:00+00:00,127.05,6.3,873.3000000000001
2023-05-05 20:00:00+00:00,115.56,0.3,984.0
2023-05-05 21:00:00+00:00,110.9,0.1,1062.9
2023-05-05 22:00:00+00:00,118.71,0.1,1012.8
2023-05-05 23:00:00+00:00,116.0,0.0,896.3
2023-05-06 00:00:00+00:00,107.98,0.0,913.5999999999999
2023-05-06 01:00:00+00:00,100.0,0.0,962.4
2023-05-06 02:00:00+00:00,100.7,0.0,914.1999999999999
2023-05-06 03:00:00+00:00,107.98,0.0,900.3
2023-05-06 04:00:00+00:00,110.0,0.0,849.3
2023-05-06 05:00:00+00:00,108.95,8.6,937.4
2023-05-06 06:00:00+00:00,95.13,169.5,986.7
2023-05-06 07:00:00+00:00,93.28,505.5,847.8000000000001
2023-05-06 08:00:00+00:00,82.53,856.7,669.3
2023-05-06 09:00:00+00:00,74.42,1013.6,578.6
2023-05-06 10:00:00+00:00,71.61,1084.7,492.9
2023-05-06 11:00:00+00:00,55.8,1151.4,467.1
2023-05-06 12:00:00+00:00,50.0,1106.4,586.6999999999999
2023-05-06 13:00:00+00:00,63.16,1228.8,633.4
2023-05-06 14:00:00+00:00,50.0,1254.7,708.7
2023-05-06 15:00:00+00:00,58.0,1075.8,1017.4
2023-05-06 16:00:00+00:00,72.01,892.1,1270.7
2023-05-06 17:00:00+00:00,102.19,528.3,1464.7
2023-05-06 18:00:00+00:00,112.07,141.4,1661.8
2023-05-06 19:00:00+00:00,118.77,7.0,1645.9
2023-05-06 20:00:00+00:00,115.0,0.1,1625.6
2023-05-06 21:00:00+00:00,109.94,0.0,1568.7
2023-05-06 22:00:00+00:00,106.78,0.1,1555.3000000000002
2023-05-06 23:00:00+00:00,95.02,0.0,1529.3
2023-05-07 00:00:00+00:00,90.0,0.0,1328.8
2023-05-07 01:00:00+00:00,84.3,0.0,1110.6999999999998
2023-05-07 02:00:00+00:00,83.71,0.0,1052.5
2023-05-07 03:00:00+00:00,84.86,0.0,929.7
2023-05-07 04:00:00+00:00,85.08,0.0,925.2
2023-05-07 05:00:00+00:00,82.48,8.5,913.3000000000001
2023-05-07 06:00:00+00:00,77.51,163.9,874.4
2023-05-07 07:00:00+00:00,57.01,571.3,727.0
2023-05-07 08:00:00+00:00,30.0,1016.9,669.2
2023-05-07 09:00:00+00:00,25.0,1362.2,609.8
2023-05-07 10:00:00+00:00,25.0,1566.3,680.6
2023-05-07 11:00:00+00:00,25.0,1631.6,705.1
2023-05-07 12:00:00+00:00,25.0,1643.8,765.4
2023-05-07 13:00:00+00:00,10.1,1607.7,716.0999999999999
2023-05-07 14:00:00+00:00,4.17,1502.8,951.7
2023-05-07 15:00:00+00:00,5.0,1345.4,1345.7
2023-05-07 16:00:00+00:00,20.0,1035.6,1635.7
2023-05-07 17:00:00+00:00,74.99,618.5,1564.3
2023-05-07 18:00:00+00:00,107.43,178.2,1406.1000000000001
2023-05-07 19:00:00+00:00,111.0,7.3,1685.1
2023-05-07 20:00:00+00:00,115.5,0.2,1766.5
2023-05-07 21:00:00+00:00,100.0,0.0,1652.8999999999999
2023-05-07 22:00:00+00:00,107.0,0.1,1686.1
2023-05-07 23:00:00+00:00,88.58,0.0,1637.5
2023-05-08 00:00:00+00:00,87.23,0.0,1473.4
2023-05-08 01:00:00+00:00,84.01,0.0,1339.7
2023-05-08 02:00:00+00:00,84.16,0.0,957.5
2023-05-08 03:00:00+00:00,103.64,0.0,926.2
2023-05-08 04:00:00+00:00,117.09,0.0,1220.2
2023-05-08 05:00:00+00:00,120.0,11.6,1118.2
2023-05-08 06:00:00+00:00,115.0,178.9,1065.3
2023-05-08 07:00:00+00:00,100.01,596.4,641.0
2023-05-08 08:00:00+00:00,92.04,946.2,346.8
2023-05-08 09:00:00+00:00,83.49,1235.9,160.3
2023-05-08 10:00:00+00:00,83.0,1405.0,194.2
2023-05-08 11:00:00+00:00,83.71,1445.8,509.40000000000003
2023-05-08 12:00:00+00:00,77.99,1437.6,977.0
2023-05-08 13:00:00+00:00,78.0,1459.9,1042.3
2023-05-08 14:00:00+00:00,78.91,1390.2,1231.1
2023-05-08 15:00:00+00:00,82.51,1197.2,1589.1000000000001
2023-05-08 16:00:00+00:00,83.69,939.9,1629.8
2023-05-08 17:00:00+00:00,110.68,553.8,2341.3
2023-05-08 18:00:00+00:00,122.76,167.0,2101.7999999999997
2023-05-08 19:00:00+00:00,126.14,9.2,1895.4
2023-05-08 20:00:00+00:00,120.0,0.2,1891.8
2023-05-08 21:00:00+00:00,110.68,0.1,1884.1
2023-05-08 22:00:00+00:00,105.59,0.1,2006.2
2023-05-08 23:00:00+00:00,97.76,0.0,1947.2
2023-05-09 00:00:00+00:00,95.0,0.0,1872.2
2023-05-09 01:00:00+00:00,96.09,0.0,2094.9
2023-05-09 02:00:00+00:00,94.0,0.0,2316.7000000000003
2023-05-09 03:00:00+00:00,105.0,0.0,2360.6
2023-05-09 04:00:00+00:00,111.58,0.0,2134.6
2023-05-09 05:00:00+00:00,121.0,10.2,2239.6
2023-05-09 06:00:00+00:00,117.88,170.4,2323.5
2023-05-09 07:00:00+00:00,107.54,495.3,2249.1
2023-05-09 08:00:00+00:00,99.76,806.6,2387.9
2023-05-09 09:00:00+00:00,105.59,1087.2,2512.0
2023-05-09 10:00:00+00:00,103.18,1304.8,2512.8999999999996
2023-05-09 11:00:00+00:00,77.99,1406.2,2595.7999999999997
2023-05-09 12:00:00+00:00,71.41,1468.5,2690.4
2023-05-09 13:00:00+00:00,45.0,1475.1,2773.8
2023-05-09 14:00:00+00:00,35.0,1394.7,2844.6
2023-05-09 15:00:00+00:00,35.0,1203.1,2908.7000000000003
2023-05-09 16:00:00+00:00,43.71,980.1,2969.8
2023-05-09 17:00:00+00:00,72.01,568.1,2982.9
2023-05-09 18:00:00+00:00,101.91,166.0,2887.0
2023-05-09 19:00:00+00:00,110.99,9.3,2988.1
2023-05-09 20:00:00+00:00,104.67,0.1,3016.9
2023-05-09 21:00:00+00:00,89.93,0.1,2865.6
2023-05-09 22:00:00+00:00,95.0,0.0,2685.9
2023-05-09 23:00:00+00:00,90.09,0.0,2564.7000000000003
2023-05-10 00:00:00+00:00,88.38,0.0,2416.7
2023-05-10 01:00:00+00:00,86.19,0.0,2349.7000000000003
2023-05-10 02:00:00+00:00,81.77,0.0,2403.4
2023-05-10 03:00:00+00:00,81.01,0.0,2554.6
2023-05-10 04:00:00+00:00,88.8,0.0,2756.4
2023-05-10 05:00:00+00:00,104.28,14.7,2783.3
2023-05-10 06:00:00+00:00,105.0,215.8,2688.9
2023-05-10 07:00:00+00:00,84.0,665.6,2359.2
2023-05-10 08:00:00+00:00,70.42,1079.2,2098.9
2023-05-10 09:00:00+00:00,69.61,1370.1,1806.3
2023-05-10 10:00:00+00:00,69.16,1529.2,1672.3999999999999
2023-05-10 11:00:00+00:00,68.91,1592.3,1591.3
2023-05-10 12:00:00+00:00,60.0,1550.0,1653.6999999999998
2023-05-10 13:00:00+00:00,45.21,1538.6,1804.4
2023-05-10 14:00:00+00:00,45.1,1470.7,1892.5
2023-05-10 15:00:00+00:00,49.0,1252.4,2006.6
2023-05-10 16:00:00+00:00,68.0,949.4,2333.1
2023-05-10 17:00:00+00:00,77.62,560.0,2591.1
2023-05-10 18:00:00+00:00,105.46,177.7,2719.3
2023-05-10 19:00:00+00:00,129.0,13.4,3000.7
2023-05-10 20:00:00+00:00,115.32,0.3,3159.1
2023-05-10 21:00:00+00:00,109.11,0.1,3150.1
2023-05-10 22:00:00+00:00,100.0,0.0,3232.5
2023-05-10 23:00:00+00:00,96.94,0.0,3188.7
2023-05-11 00:00:00+00:00,96.0,0.0,3158.6
2023-05-11 01:00:00+00:00,84.17,0.0,3233.7
2023-05-11 02:00:00+00:00,82.0,0.0,3244.8
2023-05-11 03:00:00+00:00,88.51,0.0,3162.0
2023-05-11 04:00:00+00:00,97.76,0.0,3192.6
2023-05-11 05:00:00+00:00,109.93,14.4,3110.1
2023-05-11 06:00:00+00:00,103.95,203.6,2968.4
2023-05-11 07:00:00+00:00,89.0,650.0,2711.8
2023-05-11 08:00:00+00:00,70.0,1058.9,2449.1000000000004
2023-05-11 09:00:00+00:00,65.62,1346.3,2309.0
2023-05-11 10:00:00+00:00,65.01,1522.7,2373.0
2023-05-11 11:00:00+00:00,64.81,1599.1,2357.7
2023-05-11 12:00:00+00:00,64.16,1613.9,2316.6
2023-05-11 13:00:00+00:00,50.01,1580.5,2328.3
2023-05-11 14:00:00+00:00,45.21,1494.4,2352.8
2023-05-11 15:00:00+00:00,45.31,1303.8,2501.4
2023-05-11 16:00:00+00:00,45.31,1013.5,2695.9
2023-05-11 17:00:00+00:00,69.57,595.2,2700.5
2023-05-11 18:00:00+00:00,100.3,178.0,2752.9
2023-05-11 19:00:00+00:00,112.37,10.5,3029.1
2023-05-11 20:00:00+00:00,113.95,0.2,3251.1
2023-05-11 21:00:00+00:00,101.66,0.1,3236.1
2023-05-11 22:00:00+00:00,98.53,0.1,3192.5
2023-05-11 23:00:00+00:00,90.55,0.0,3055.7
2023-05-12 00:00:00+00:00,89.84,0.0,2944.4
2023-05-12 01:00:00+00:00,90.0,0.0,2838.2
2023-05-12 02:00:00+00:00,90.42,0.0,2798.8999999999996
2023-05-12 03:00:00+00:00,95.47,0.0,2790.3
2023-05-12 04:00:00+00:00,101.63,0.0,2764.5
2023-05-12 05:00:00+00:00,115.47,15.0,2660.8
2023-05-12 06:00:00+00:00,103.04,216.5,2451.6
2023-05-12 07:00:00+00:00,93.09,668.5,2166.7
2023-05-12 08:00:00+00:00,72.0,1079.1,2114.7999999999997
2023-05-12 09:00:00+00:00,61.01,1370.9,2067.2
2023-05-12 10:00:00+00:00,60.61,1536.1,2157.5
2023-05-12 11:00:00+00:00,60.16,1594.3,2398.0
2023-05-12 12:00:00+00:00,44.99,1569.2,2706.9
2023-05-12 13:00:00+00:00,31.0,1547.7,2894.0
2023-05-12 14:00:00+00:00,7.62,1494.5,3046.9
2023-05-12 15:00:00+00:00,14.0,1328.5,3317.6
2023-05-12 16:00:00+00:00,20.0,1015.2,3293.4
2023-05-12 17:00:00+00:00,60.41,592.0,3142.8
2023-05-12 18:00:00+00:00,89.84,180.9,3121.3
2023-05-12 19:00:00+00:00,96.8,12.5,2922.6
2023-05-12 20:00:00+00:00,99.81,0.1,2814.4
2023-05-12 21:00:00+00:00,93.0,0.1,2628.3
2023-05-12 22:00:00+00:00,87.82,0.1,2422.8
2023-05-12 23:00:00+00:00,85.44,0.0,2495.5
2023-05-13 00:00:00+00:00,87.16,0.0,2565.1
2023-05-13 01:00:00+00:00,78.1,0.0,2472.8
2023-05-13 02:00:00+00:00,76.0,0.0,2316.0
2023-05-13 03:00:00+00:00,77.7,0.0,2261.6
2023-05-13 04:00:00+00:00,79.03,0.0,2230.4
2023-05-13 05:00:00+00:00,83.01,19.7,2044.1
2023-05-13 06:00:00+00:00,63.6,235.5,1878.0
2023-05-13 07:00:00+00:00,35.75,694.4,1645.0
2023-05-13 08:00:00+00:00,10.0,1115.8,1299.7
2023-05-13 09:00:00+00:00,5.0,1414.6,1079.0
2023-05-13 10:00:00+00:00,5.0,1596.4,936.3000000000001
2023-05-13 11:00:00+00:00,5.0,1658.2,892.6
2023-05-13 12:00:00+00:00,4.17,1656.3,947.0
2023-05-13 13:00:00+00:00,3.0,1644.6,1104.7
2023-05-13 14:00:00+00:00,2.91,1571.6,1189.3
2023-05-13 15:00:00+00:00,4.16,1379.2,1270.5
2023-05-13 16:00:00+00:00,10.0,1075.4,1382.4
2023-05-13 17:00:00+00:00,44.99,646.2,1410.6
2023-05-13 18:00:00+00:00,83.0,196.3,1483.6
2023-05-13 19:00:00+00:00,101.11,13.6,1432.1
2023-05-13 20:00:00+00:00,100.2,0.1,1535.1
2023-05-13 21:00:00+00:00,94.81,0.1,1510.9
2023-05-13 22:00:00+00:00,77.95,0.1,1525.2
2023-05-13 23:00:00+00:00,70.12,0.0,1527.5
2023-05-14 00:00:00+00:00,60.8,0.0,1604.9
2023-05-14 01:00:00+00:00,70.12,0.0,1622.9
2023-05-14 02:00:00+00:00,70.12,0.0,1677.5
2023-05-14 03:00:00+00:00,70.26,0.0,1652.6
2023-05-14 04:00:00+00:00,70.51,0.0,1550.4
2023-05-14 05:00:00+00:00,65.0,16.9,1370.7
2023-05-14 06:00:00+00:00,55.0,230.7,1163.6
2023-05-14 07:00:00+00:00,55.0,691.7,860.1
2023-05-14 08:00:00+00:00,70.12,1110.0,640.0
2023-05-14 09:00:00+00:00,71.35,1401.5,468.0
2023-05-14 10:00:00+00:00,17.89,1572.4,412.2
2023-05-14 11:00:00+00:00,17.88,1611.2,473.6
2023-05-14 12:00:00+00:00,12.59,1614.7,570.8
2023-05-14 13:00:00+00:00,0.0,1568.9,710.9
2023-05-14 14:00:00+00:00,0.0,1440.2,954.4
2023-05-14 15:00:00+00:00,0.0,1311.8,1191.5
2023-05-14 16:00:00+00:00,1.5,1029.5,1400.7
2023-05-14 17:00:00+00:00,4.28,616.7,1598.5
2023-05-14 18:00:00+00:00,60.53,198.0,1573.2
2023-05-14 19:00:00+00:00,97.81,13.6,1515.1
2023-05-14 20:00:00+00:00,98.96,0.2,1525.3
2023-05-14 21:00:00+00:00,90.84,0.1,1514.2
2023-05-14 22:00:00+00:00,92.86,0.1,1399.3000000000002
2023-05-14 23:00:00+00:00,88.27,0.0,1277.1
2023-05-15 00:00:00+00:00,82.09,0.0,1181.5
2023-05-15 01:00:00+00:00,73.69,0.0,1109.3
2023-05-15 02:00:00+00:00,71.96,0.0,1163.3000000000002
2023-05-15 03:00:00+00:00,73.84,0.0,1202.9
2023-05-15 04:00:00+00:00,86.05,0.0,1151.7
2023-05-15 05:00:00+00:00,99.57,18.9,1240.3
2023-05-15 06:00:00+00:00,93.0,223.8,1210.2
2023-05-15 07:00:00+00:00,55.5,629.2,1047.9
2023-05-15 08:00:00+00:00,42.91,1023.1,845.9
2023-05-15 09:00:00+00:00,25.0,1317.3,752.0
2023-05-15 10:00:00+00:00,24.27,1501.6,811.0
2023-05-15 11:00:00+00:00,8.87,1562.9,923.7
2023-05-15 12:00:00+00:00,4.21,1570.4,1029.1
2023-05-15 13:00:00+00:00,4.16,1534.9,1192.9
2023-05-15 14:00:00+00:00,4.16,1461.6,1475.3
2023-05-15 15:00:00+00:00,4.16,1282.1,1634.7
2023-05-15 16:00:00+00:00,4.17,998.1,1706.8
2023-05-15 17:00:00+00:00,44.16,595.5,1760.0
2023-05-15 18:00:00+00:00,93.0,183.2,1721.7
2023-05-15 19:00:00+00:00,103.5,14.5,1698.9
2023-05-15 20:00:00+00:00,101.81,0.6,1637.9
2023-05-15 21:00:00+00:00,88.27,0.2,1599.2
2023-05-15 22:00:00+00:00,67.81,0.2,1628.9
2023-05-15 23:00:00+00:00,65.0,0.0,1780.4
2023-05-16 00:00:00+00:00,49.52,0.0,1979.4
2023-05-16 01:00:00+00:00,47.81,0.0,2118.6
2023-05-16 02:00:00+00:00,46.0,0.0,2148.8999999999996
2023-05-16 03:00:00+00:00,48.01,0.0,2179.5
2023-05-16 04:00:00+00:00,65.3,0.0,2115.2
2023-05-16 05:00:00+00:00,70.12,19.9,2166.3
2023-05-16 06:00:00+00:00,66.82,221.4,2037.1000000000001
2023-05-16 07:00:00+00:00,40.35,627.6,1710.1
2023-05-16 08:00:00+00:00,14.0,1016.5,1345.5
2023-05-16 09:00:00+00:00,5.0,1264.8,1079.0
2023-05-16 10:00:00+00:00,5.0,1418.9,853.3
2023-05-16 11:00:00+00:00,12.95,1499.9,691.9
2023-05-16 12:00:00+00:00,12.95,1486.8,584.3000000000001
2023-05-16 13:00:00+00:00,14.38,1471.9,530.1
2023-05-16 14:00:00+00:00,14.37,1334.3,563.4000000000001
2023-05-16 15:00:00+00:00,14.27,1092.9,657.6
2023-05-16 16:00:00+00:00,26.88,875.9,772.7
2023-05-16 17:00:00+00:00,46.0,527.4,948.8000000000001
2023-05-16 18:00:00+00:00,74.11,168.6,1112.0
2023-05-16 19:00:00+00:00,99.25,15.4,1313.4
2023-05-16 20:00:00+00:00,74.5,0.5,1852.7
2023-05-16 21:00:00+00:00,65.51,0.2,2438.5
2023-05-16 22:00:00+00:00,71.05,0.2,2921.6
2023-05-16 23:00:00+00:00,51.38,0.0,3179.3
2023-05-17 00:00:00+00:00,45.6,0.0,3198.1
2023-05-17 01:00:00+00:00,45.4,0.0,3243.1000000000004
2023-05-17 02:00:00+00:00,43.21,0.0,3357.6
2023-05-17 03:00:00+00:00,43.99,0.0,3653.7999999999997
2023-05-17 04:00:00+00:00,65.3,0.0,3829.2
2023-05-17 05:00:00+00:00,67.81,12.8,3881.6000000000004
2023-05-17 06:00:00+00:00,58.0,146.3,3790.3
2023-05-17 07:00:00+00:00,44.0,444.8,3594.8999999999996
2023-05-17 08:00:00+00:00,35.0,806.1,3183.0
2023-05-17 09:00:00+00:00,25.0,1098.7,2753.5
2023-05-17 10:00:00+00:00,27.37,1134.9,2380.1
2023-05-17 11:00:00+00:00,33.91,1172.1,2075.3
2023-05-17 12:00:00+00:00,26.78,1223.5,1842.1000000000001
2023-05-17 13:00:00+00:00,18.16,1234.2,1724.5
2023-05-17 14:00:00+00:00,34.41,1134.3,1676.3999999999999
2023-05-17 15:00:00+00:00,40.0,939.6,1813.3
2023-05-17 16:00:00+00:00,35.01,632.3,1885.3
2023-05-17 17:00:00+00:00,50.0,367.9,1792.1
2023-05-17 18:00:00+00:00,73.27,142.1,1780.7
2023-05-17 19:00:00+00:00,99.25,14.7,1856.8999999999999
2023-05-17 20:00:00+00:00,87.0,0.2,2247.8999999999996
2023-05-17 21:00:00+00:00,69.0,0.1,2693.0
2023-05-17 22:00:00+00:00,66.3,0.2,2972.7
2023-05-17 23:00:00+00:00,56.0,0.0,3226.4
2023-05-18 00:00:00+00:00,53.87,0.0,3253.9
2023-05-18 01:00:00+00:00,53.87,0.0,3320.2
2023-05-18 02:00:00+00:00,66.0,0.0,3382.5
2023-05-18 03:00:00+00:00,67.22,0.0,3344.6
2023-05-18 04:00:00+00:00,69.07,0.0,3428.2999999999997
2023-05-18 05:00:00+00:00,87.77,19.0,3489.5
2023-05-18 06:00:00+00:00,72.37,224.5,3394.1
2023-05-18 07:00:00+00:00,49.99,653.5,3296.0
2023-05-18 08:00:00+00:00,40.8,1046.6,3170.3
2023-05-18 09:00:00+00:00,35.0,1329.2,2841.7
2023-05-18 10:00:00+00:00,29.99,1504.7,2450.0
2023-05-18 11:00:00+00:00,22.33,1575.1,2187.1
2023-05-18 12:00:00+00:00,20.0,1587.9,2007.7
2023-05-18 13:00:00+00:00,20.0,1562.1,1934.8000000000002
2023-05-18 14:00:00+00:00,15.0,1446.5,2026.2
2023-05-18 15:00:00+00:00,20.3,1242.7,2064.3
2023-05-18 16:00:00+00:00,28.0,986.6,2161.2
2023-05-18 17:00:00+00:00,41.05,581.5,2134.5
2023-05-18 18:00:00+00:00,70.12,189.2,1944.4
2023-05-18 19:00:00+00:00,94.94,13.9,1749.5
2023-05-18 20:00:00+00:00,88.25,0.5,1800.0
2023-05-18 21:00:00+00:00,73.96,0.1,2133.5
2023-05-18 22:00:00+00:00,76.88,0.2,2769.0
2023-05-18 23:00:00+00:00,73.54,0.0,3118.7
2023-05-19 00:00:00+00:00,70.58,0.0,3188.0
2023-05-19 01:00:00+00:00,71.98,0.0,3317.3999999999996
2023-05-19 02:00:00+00:00,69.07,0.0,3318.5
2023-05-19 03:00:00+00:00,71.16,0.0,3311.0
2023-05-19 04:00:00+00:00,73.23,0.0,3339.7999999999997
2023-05-19 05:00:00+00:00,76.48,15.8,3371.1000000000004
2023-05-19 06:00:00+00:00,69.58,176.8,3105.8999999999996
2023-05-19 07:00:00+00:00,46.07,534.1,3011.9
2023-05-19 08:00:00+00:00,42.77,906.3,3000.5
2023-05-19 09:00:00+00:00,40.0,1167.0,2778.9
2023-05-19 10:00:00+00:00,42.77,1336.6,2398.5
2023-05-19 11:00:00+00:00,42.77,1375.8,2079.1
2023-05-19 12:00:00+00:00,30.87,1358.3,1840.4
2023-05-19 13:00:00+00:00,30.87,1359.3,1786.3
2023-05-19 14:00:00+00:00,30.87,1321.4,1717.9
2023-05-19 15:00:00+00:00,39.47,1137.6,1660.3
2023-05-19 16:00:00+00:00,43.17,857.7,1581.3
2023-05-19 17:00:00+00:00,47.97,517.4,1534.4
2023-05-19 18:00:00+00:00,80.49,174.8,1469.6
2023-05-19 19:00:00+00:00,95.0,15.5,1597.2
2023-05-19 20:00:00+00:00,95.17,0.5,1841.3000000000002
2023-05-19 21:00:00+00:00,85.78,0.1,2081.7000000000003
2023-05-19 22:00:00+00:00,71.44,0.2,2362.5
2023-05-19 23:00:00+00:00,66.07,0.0,2673.3
2023-05-20 00:00:00+00:00,66.52,0.0,2892.4
2023-05-20 01:00:00+00:00,60.0,0.0,3075.9
2023-05-20 02:00:00+00:00,59.61,0.0,3109.9
2023-05-20 03:00:00+00:00,55.7,0.0,3174.1
2023-05-20 04:00:00+00:00,62.08,0.0,3146.5
2023-05-20 05:00:00+00:00,62.46,16.3,3041.7
2023-05-20 06:00:00+00:00,59.76,150.2,2853.9
2023-05-20 07:00:00+00:00,40.04,421.7,2691.3
2023-05-20 08:00:00+00:00,6.2,709.3,2536.7
2023-05-20 09:00:00+00:00,4.16,931.3,2167.1
2023-05-20 10:00:00+00:00,10.17,1189.1,1715.6
2023-05-20 11:00:00+00:00,5.0,1221.9,1365.3000000000002
2023-05-20 12:00:00+00:00,5.0,1125.9,1232.4
2023-05-20 13:00:00+00:00,4.16,1113.0,1162.8
2023-05-20 14:00:00+00:00,4.16,970.0,1044.3
2023-05-20 15:00:00+00:00,25.94,774.5,911.3
2023-05-20 16:00:00+00:00,53.68,494.3,910.0
2023-05-20 17:00:00+00:00,64.66,292.1,932.9
2023-05-20 18:00:00+00:00,70.0,106.2,937.6
2023-05-20 19:00:00+00:00,81.06,12.8,1017.3
2023-05-20 20:00:00+00:00,78.6,0.4,1206.0
2023-05-20 21:00:00+00:00,70.0,0.2,1210.3999999999999
2023-05-20 22:00:00+00:00,52.2,0.2,1317.0
2023-05-20 23:00:00+00:00,40.04,0.0,1706.1
2023-05-21 00:00:00+00:00,33.88,0.0,1982.2
2023-05-21 01:00:00+00:00,28.77,0.0,2126.0
2023-05-21 02:00:00+00:00,29.95,0.0,2293.5
2023-05-21 03:00:00+00:00,28.26,0.0,2253.3999999999996
2023-05-21 04:00:00+00:00,30.81,0.0,2226.7
2023-05-21 05:00:00+00:00,27.55,12.8,2268.7000000000003
2023-05-21 06:00:00+00:00,20.0,156.8,2144.4
2023-05-21 07:00:00+00:00,2.14,402.7,1792.8
2023-05-21 08:00:00+00:00,10.0,715.2,1359.8000000000002
2023-05-21 09:00:00+00:00,15.0,1052.5,982.9
2023-05-21 10:00:00+00:00,28.87,1134.4,780.5
2023-05-21 11:00:00+00:00,32.56,1061.3,660.5
2023-05-21 12:00:00+00:00,32.56,919.4,556.9
2023-05-21 13:00:00+00:00,28.87,930.4,663.0999999999999
2023-05-21 14:00:00+00:00,30.73,719.1,632.4
2023-05-21 15:00:00+00:00,32.46,530.4,538.5999999999999
2023-05-21 16:00:00+00:00,42.35,345.9,703.1
2023-05-21 17:00:00+00:00,61.33,267.7,858.3
2023-05-21 18:00:00+00:00,78.12,122.7,740.9
2023-05-21 19:00:00+00:00,91.0,13.6,654.8
2023-05-21 20:00:00+00:00,89.94,0.1,547.3
2023-05-21 21:00:00+00:00,83.5,0.1,481.0
2023-05-21 22:00:00+00:00,88.29,0.1,406.4
2023-05-21 23:00:00+00:00,82.66,0.0,386.8
2023-05-22 00:00:00+00:00,82.46,0.0,522.0
2023-05-22 01:00:00+00:00,82.66,0.0,721.8
2023-05-22 02:00:00+00:00,81.0,0.0,990.1
2023-05-22 03:00:00+00:00,83.97,0.0,1204.6
2023-05-22 04:00:00+00:00,90.32,0.0,1397.9
2023-05-22 05:00:00+00:00,103.56,11.5,1517.3
2023-05-22 06:00:00+00:00,113.42,148.8,1276.8
2023-05-22 07:00:00+00:00,105.79,406.3,951.6999999999999
2023-05-22 08:00:00+00:00,93.02,718.6,681.1
2023-05-22 09:00:00+00:00,86.07,1053.8,445.0
2023-05-22 10:00:00+00:00,85.17,1193.3,314.6
2023-05-22 11:00:00+00:00,82.66,1184.5,230.4
2023-05-22 12:00:00+00:00,80.0,1041.0,321.90000000000003
2023-05-22 13:00:00+00:00,73.64,931.1,510.90000000000003
2023-05-22 14:00:00+00:00,79.69,711.6,733.4
2023-05-22 15:00:00+00:00,80.53,480.8,863.3
2023-05-22 16:00:00+00:00,84.49,303.6,873.2
2023-05-22 17:00:00+00:00,89.1,198.9,1035.8
2023-05-22 18:00:00+00:00,91.47,77.3,1018.5
2023-05-22 19:00:00+00:00,102.32,7.5,1268.0
2023-05-22 20:00:00+00:00,100.0,0.1,1391.3
2023-05-22 21:00:00+00:00,90.0,0.1,1232.3999999999999
2023-05-22 22:00:00+00:00,96.15,0.0,1269.1
2023-05-22 23:00:00+00:00,93.6,0.0,1741.2
2023-05-23 00:00:00+00:00,82.0,0.0,2439.9
2023-05-23 01:00:00+00:00,80.0,0.0,2791.0
2023-05-23 02:00:00+00:00,79.57,0.0,2904.5
2023-05-23 03:00:00+00:00,79.57,0.0,2846.2000000000003
2023-05-23 04:00:00+00:00,79.57,0.0,2757.5
2023-05-23 05:00:00+00:00,93.46,15.1,2640.1000000000004
2023-05-23 06:00:00+00:00,98.66,142.9,2490.3
2023-05-23 07:00:00+00:00,92.0,441.1,2172.2000000000003
2023-05-23 08:00:00+00:00,83.25,835.7,1797.3000000000002
2023-05-23 09:00:00+00:00,75.75,1128.2,1494.3
2023-05-23 10:00:00+00:00,73.87,1293.9,1145.6
2023-05-23 11:00:00+00:00,64.92,1232.3,1083.7
2023-05-23 12:00:00+00:00,65.21,1257.1,1009.0999999999999
2023-05-23 13:00:00+00:00,62.96,1094.1,902.9000000000001
2023-05-23 14:00:00+00:00,60.0,640.3,924.1
2023-05-23 15:00:00+00:00,65.01,532.1,1038.2
2023-05-23 16:00:00+00:00,79.57,348.6,1196.8
2023-05-23 17:00:00+00:00,97.09,173.1,1246.8
2023-05-23 18:00:00+00:00,100.11,62.7,1315.9
2023-05-23 19:00:00+00:00,105.0,9.4,1317.1000000000001
2023-05-23 20:00:00+00:00,104.79,0.1,1572.8
2023-05-23 21:00:00+00:00,98.53,0.1,2029.0
2023-05-23 22:00:00+00:00,94.53,0.0,1844.0
2023-05-23 23:00:00+00:00,90.0,0.0,1783.5
2023-05-24 00:00:00+00:00,78.77,0.0,1882.1
2023-05-24 01:00:00+00:00,75.21,0.0,1972.6
2023-05-24 02:00:00+00:00,75.0,0.0,2188.3
2023-05-24 03:00:00+00:00,75.4,0.0,2358.2
2023-05-24 04:00:00+00:00,75.76,0.0,2270.8999999999996
2023-05-24 05:00:00+00:00,96.0,23.4,2283.6
2023-05-24 06:00:00+00:00,100.46,222.9,2059.3
2023-05-24 07:00:00+00:00,98.66,635.1,1731.3
2023-05-24 08:00:00+00:00,85.92,934.4,1389.0
2023-05-24 09:00:00+00:00,81.0,1097.2,1008.9
2023-05-24 10:00:00+00:00,80.58,1228.1,680.2
2023-05-24 11:00:00+00:00,78.77,1308.7,471.70000000000005
2023-05-24 12:00:00+00:00,75.21,1243.7,373.2
2023-05-24 13:00:00+00:00,74.75,1146.3,293.7
2023-05-24 14:00:00+00:00,71.75,1050.8,265.0
2023-05-24 15:00:00+00:00,72.0,885.7,378.4
2023-05-24 16:00:00+00:00,75.47,760.9,480.70000000000005
2023-05-24 17:00:00+00:00,89.25,468.3,539.0
2023-05-24 18:00:00+00:00,95.71,172.8,441.7
2023-05-24 19:00:00+00:00,104.96,21.8,416.09999999999997
2023-05-24 20:00:00+00:00,102.0,0.1,407.7
2023-05-24 21:00:00+00:00,98.28,0.1,366.6
2023-05-24 22:00:00+00:00,98.66,0.0,398.1
2023-05-24 23:00:00+00:00,88.55,0.0,553.0
2023-05-25 00:00:00+00:00,77.82,0.0,721.4000000000001
2023-05-25 01:00:00+00:00,75.0,0.0,814.1999999999999
2023-05-25 02:00:00+00:00,73.72,0.0,850.5
2023-05-25 03:00:00+00:00,75.93,0.0,876.4
2023-05-25 04:00:00+00:00,97.83,0.0,995.0
2023-05-25 05:00:00+00:00,105.0,26.0,952.2
2023-05-25 06:00:00+00:00,104.0,233.7,768.5
2023-05-25 07:00:00+00:00,83.35,634.6,509.0
2023-05-25 08:00:00+00:00,72.89,1032.5,309.0
2023-05-25 09:00:00+00:00,55.78,1303.8,164.4
2023-05-25 10:00:00+00:00,41.87,1469.1,79.3
2023-05-25 11:00:00+00:00,40.84,1437.9,73.5
2023-05-25 12:00:00+00:00,38.0,1320.0,208.5
2023-05-25 13:00:00+00:00,35.27,1231.4,471.8
2023-05-25 14:00:00+00:00,41.89,1187.5,872.1
2023-05-25 15:00:00+00:00,70.83,1068.1,1550.6
2023-05-25 16:00:00+00:00,71.35,866.9,2377.7
2023-05-25 17:00:00+00:00,77.09,612.6,2858.2000000000003
2023-05-25 18:00:00+00:00,93.99,229.1,3045.9
2023-05-25 19:00:00+00:00,102.18,25.8,2959.7000000000003
2023-05-25 20:00:00+00:00,106.29,0.1,2982.0
2023-05-25 21:00:00+00:00,98.24,0.1,2750.1000000000004
2023-05-25 22:00:00+00:00,88.11,0.0,3087.1
2023-05-25 23:00:00+00:00,76.4,0.0,3390.5
2023-05-26 00:00:00+00:00,74.06,0.0,3375.6
2023-05-26 01:00:00+00:00,66.58,0.0,3194.1000000000004
2023-05-26 02:00:00+00:00,61.71,0.0,3072.9
2023-05-26 03:00:00+00:00,62.0,0.0,2925.4
2023-05-26 04:00:00+00:00,73.53,0.0,2705.7000000000003
2023-05-26 05:00:00+00:00,94.2,13.1,2623.1000000000004
2023-05-26 06:00:00+00:00,95.06,147.9,2561.4
2023-05-26 07:00:00+00:00,81.87,322.4,2301.3
2023-05-26 08:00:00+00:00,55.31,549.5,2214.4
2023-05-26 09:00:00+00:00,35.57,807.2,2518.5
2023-05-26 10:00:00+00:00,23.29,1022.3,3093.8
2023-05-26 11:00:00+00:00,20.0,1081.0,3522.1000000000004
2023-05-26 12:00:00+00:00,4.4,1102.1,3885.6
2023-05-26 13:00:00+00:00,4.17,1097.5,3681.0
2023-05-26 14:00:00+00:00,22.91,938.4,3384.3
2023-05-26 15:00:00+00:00,53.45,821.4,3218.2
2023-05-26 16:00:00+00:00,65.1,648.3,3097.4
2023-05-26 17:00:00+00:00,83.92,461.6,2943.8
2023-05-26 18:00:00+00:00,95.06,183.2,2554.9
2023-05-26 19:00:00+00:00,120.0,21.7,2122.4
2023-05-26 20:00:00+00:00,116.63,0.1,2079.4
2023-05-26 21:00:00+00:00,99.77,0.0,2164.2000000000003
2023-05-26 22:00:00+00:00,96.86,0.1,2384.4
2023-05-26 23:00:00+00:00,90.0,0.0,2304.6
2023-05-27 00:00:00+00:00,84.73,0.0,2082.4
2023-05-27 01:00:00+00:00,81.35,0.0,1907.1000000000001
2023-05-27 02:00:00+00:00,84.85,0.0,1740.0
2023-05-27 03:00:00+00:00,87.26,0.0,1712.0
2023-05-27 04:00:00+00:00,90.27,0.0,1646.1
2023-05-27 05:00:00+00:00,87.29,13.1,1496.2
2023-05-27 06:00:00+00:00,87.26,130.1,1122.5
2023-05-27 07:00:00+00:00,87.26,401.6,941.2
2023-05-27 08:00:00+00:00,87.26,669.4,789.6
2023-05-27 09:00:00+00:00,87.26,662.9,626.6
2023-05-27 10:00:00+00:00,87.26,771.0,557.6
2023-05-27 11:00:00+00:00,82.01,849.7,578.6
2023-05-27 12:00:00+00:00,66.75,928.2,459.2
2023-05-27 13:00:00+00:00,61.71,956.3,469.40000000000003
2023-05-27 14:00:00+00:00,57.85,798.4,375.79999999999995
2023-05-27 15:00:00+00:00,58.41,700.3,280.6
2023-05-27 16:00:00+00:00,84.85,524.5,303.2
2023-05-27 17:00:00+00:00,95.11,319.8,353.0
2023-05-27 18:00:00+00:00,100.82,162.5,366.5
2023-05-27 19:00:00+00:00,108.21,23.9,343.29999999999995
2023-05-27 20:00:00+00:00,109.35,0.1,536.7
2023-05-27 21:00:00+00:00,110.0,0.0,625.3000000000001
2023-05-27 22:00:00+00:00,105.42,0.0,541.9
2023-05-27 23:00:00+00:00,100.0,0.0,373.0
2023-05-28 00:00:00+00:00,99.37,0.0,288.6
2023-05-28 01:00:00+00:00,100.0,0.0,271.8
2023-05-28 02:00:00+00:00,100.0,0.0,308.3
2023-05-28 03:00:00+00:00,100.0,0.0,383.6
2023-05-28 04:00:00+00:00,97.85,0.0,438.9
2023-05-28 05:00:00+00:00,90.42,18.0,510.9
2023-05-28 06:00:00+00:00,83.06,153.2,524.6
2023-05-28 07:00:00+00:00,78.87,419.6,487.9
2023-05-28 08:00:00+00:00,78.97,721.3,432.8
2023-05-28 09:00:00+00:00,78.29,947.7,378.1
2023-05-28 10:00:00+00:00,70.77,1109.6,333.1
2023-05-28 11:00:00+00:00,70.47,1155.1,396.7
2023-05-28 12:00:00+00:00,69.57,1182.7,574.0
2023-05-28 13:00:00+00:00,54.17,1150.6,749.0
2023-05-28 14:00:00+00:00,50.0,1091.4,1171.1999999999998
2023-05-28 15:00:00+00:00,51.0,919.3,1754.4
2023-05-28 16:00:00+00:00,55.0,746.8,2048.2
2023-05-28 17:00:00+00:00,73.28,426.4,2086.8
2023-05-28 18:00:00+00:00,100.01,158.6,1866.7
2023-05-28 19:00:00+00:00,109.08,24.0,1825.7
2023-05-28 20:00:00+00:00,115.38,0.1,1599.7
2023-05-28 21:00:00+00:00,107.64,0.0,1173.1
2023-05-28 22:00:00+00:00,91.84,0.0,806.8
2023-05-28 23:00:00+00:00,91.84,0.0,701.3
2023-05-29 00:00:00+00:00,84.75,0.0,713.9
2023-05-29 01:00:00+00:00,84.75,0.0,747.5
2023-05-29 02:00:00+00:00,84.75,0.0,728.9
2023-05-29 03:00:00+00:00,85.8,0.0,708.0
2023-05-29 04:00:00+00:00,100.0,0.0,714.7
2023-05-29 05:00:00+00:00,112.89,19.3,661.2
2023-05-29 06:00:00+00:00,110.2,166.4,569.2
2023-05-29 07:00:00+00:00,100.9,379.8,433.0
2023-05-29 08:00:00+00:00,100.75,643.6,326.5
2023-05-29 09:00:00+00:00,84.95,859.5,235.1
2023-05-29 10:00:00+00:00,84.85,946.7,185.4
2023-05-29 11:00:00+00:00,84.45,1009.5,194.5
2023-05-29 12:00:00+00:00,83.85,1006.3,255.8
2023-05-29 13:00:00+00:00,81.42,954.5,437.1
2023-05-29 14:00:00+00:00,80.0,801.0,686.9
2023-05-29 15:00:00+00:00,81.0,696.4,856.1
2023-05-29 16:00:00+00:00,84.05,541.3,1098.8
2023-05-29 17:00:00+00:00,84.95,378.8,1105.7
2023-05-29 18:00:00+00:00,121.0,153.3,1129.7
2023-05-29 19:00:00+00:00,131.86,21.7,1120.1
2023-05-29 20:00:00+00:00,129.4,0.0,841.9
2023-05-29 21:00:00+00:00,119.0,0.0,668.7
2023-05-29 22:00:00+00:00,92.12,0.0,482.5
2023-05-29 23:00:00+00:00,85.73,0.0,390.5
2023-05-30 00:00:00+00:00,84.85,0.0,340.1
2023-05-30 01:00:00+00:00,84.75,0.0,267.2
2023-05-30 02:00:00+00:00,84.75,0.0,208.2
2023-05-30 03:00:00+00:00,84.85,0.0,176.8
2023-05-30 04:00:00+00:00,98.61,0.0,151.9
2023-05-30 05:00:00+00:00,109.19,16.4,140.4
2023-05-30 06:00:00+00:00,110.0,156.8,143.2
2023-05-30 07:00:00+00:00,98.0,405.9,107.1
2023-05-30 08:00:00+00:00,93.01,650.8,107.0
2023-05-30 09:00:00+00:00,84.75,862.9,105.5
2023-05-30 10:00:00+00:00,83.85,976.9,116.6
2023-05-30 11:00:00+00:00,82.26,1109.8,150.0
2023-05-30 12:00:00+00:00,80.0,1176.1,255.1
2023-05-30 13:00:00+00:00,75.0,1288.6,489.7
2023-05-30 14:00:00+00:00,75.0,1181.2,661.9000000000001
2023-05-30 15:00:00+00:00,80.0,1070.4,889.2
2023-05-30 16:00:00+00:00,84.34,938.6,977.1
2023-05-30 17:00:00+00:00,98.82,605.0,829.2
2023-05-30 18:00:00+00:00,105.08,223.9,833.8
2023-05-30 19:00:00+00:00,124.03,26.3,819.4
2023-05-30 20:00:00+00:00,122.55,0.1,583.1
2023-05-30 21:00:00+00:00,99.22,0.1,371.5
2023-05-30 22:00:00+00:00,102.0,0.0,267.3
2023-05-30 23:00:00+00:00,96.0,0.0,241.3
2023-05-31 00:00:00+00:00,95.0,0.0,193.9
2023-05-31 01:00:00+00:00,95.0,0.0,171.5
2023-05-31 02:00:00+00:00,87.35,0.0,152.5
2023-05-31 03:00:00+00:00,95.67,0.0,132.3
2023-05-31 04:00:00+00:00,100.0,0.0,117.0
2023-05-31 05:00:00+00:00,103.68,27.0,103.2
2023-05-31 06:00:00+00:00,100.23,220.1,87.7
2023-05-31 07:00:00+00:00,95.67,575.1,41.8
2023-05-31 08:00:00+00:00,78.89,940.4,17.4
2023-05-31 09:00:00+00:00,68.5,1181.2,13.3
2023-05-31 10:00:00+00:00,69.44,1285.7,14.0
2023-05-31 11:00:00+00:00,68.25,1324.5,24.3
2023-05-31 12:00:00+00:00,67.24,1320.5,65.7
2023-05-31 13:00:00+00:00,65.7,1277.1,161.0
2023-05-31 14:00:00+00:00,65.7,1284.4,255.6
2023-05-31 15:00:00+00:00,68.85,1141.0,404.7
2023-05-31 16:00:00+00:00,78.89,888.0,705.8
2023-05-31 17:00:00+00:00,85.0,580.9,818.6
2023-05-31 18:00:00+00:00,105.0,236.2,931.8000000000001
2023-05-31 19:00:00+00:00,119.06,29.0,885.8
2023-05-31 20:00:00+00:00,115.0,0.1,778.6999999999999
2023-05-31 21:00:00+00:00,96.61,0.0,664.3
2023-05-31 22:00:00+00:00,94.09,0.0,507.5
2023-05-31 23:00:00+00:00,87.0,0.0,342.70000000000005
2023-06-01 00:00:00+00:00,87.0,0.0,329.5
2023-06-01 01:00:00+00:00,89.01,0.0,290.20000000000005
2023-06-01 02:00:00+00:00,81.0,0.0,258.3
2023-06-01 03:00:00+00:00,80.1,0.0,251.2
2023-06-01 04:00:00+00:00,88.1,0.0,255.6
2023-06-01 05:00:00+00:00,98.5,33.5,263.6
2023-06-01 06:00:00+00:00,99.07,225.5,232.2
2023-06-01 07:00:00+00:00,87.3,506.4,153.1
2023-06-01 08:00:00+00:00,73.86,759.6,107.6
2023-06-01 09:00:00+00:00,72.81,1036.5,77.0
2023-06-01 10:00:00+00:00,72.81,1237.5,62.2
2023-06-01 11:00:00+00:00,72.0,1305.0,128.8
2023-06-01 12:00:00+00:00,70.49,1257.3,289.1
2023-06-01 13:00:00+00:00,69.0,1138.5,543.4
2023-06-01 14:00:00+00:00,68.18,1002.7,749.3
2023-06-01 15:00:00+00:00,73.0,826.2,1054.0
2023-06-01 16:00:00+00:00,86.16,569.3,1189.6
2023-06-01 17:00:00+00:00,99.35,364.2,972.0
2023-06-01 18:00:00+00:00,102.5,150.7,856.7
2023-06-01 19:00:00+00:00,103.79,25.4,993.1
2023-06-01 20:00:00+00:00,101.77,0.1,992.6
2023-06-01 21:00:00+00:00,92.02,0.0,1073.1
2023-06-01 22:00:00+00:00,89.51,0.0,936.0
2023-06-01 23:00:00+00:00,80.1,0.0,769.1
2023-06-02 00:00:00+00:00,77.0,0.0,865.4
2023-06-02 01:00:00+00:00,77.0,0.0,815.8
2023-06-02 02:00:00+00:00,74.26,0.0,708.2
2023-06-02 03:00:00+00:00,80.0,0.0,644.4
2023-06-02 04:00:00+00:00,89.33,0.0,540.0999999999999
2023-06-02 05:00:00+00:00,91.72,21.6,518.1
2023-06-02 06:00:00+00:00,93.3,207.0,461.9
2023-06-02 07:00:00+00:00,87.44,557.9,424.0
2023-06-02 08:00:00+00:00,89.82,920.4,390.8
2023-06-02 09:00:00+00:00,82.1,1212.3,319.6
2023-06-02 10:00:00+00:00,81.1,1288.8,195.6
2023-06-02 11:00:00+00:00,81.1,1260.6,142.0
2023-06-02 12:00:00+00:00,77.23,1189.4,125.5
2023-06-02 13:00:00+00:00,77.07,1138.4,206.2
2023-06-02 14:00:00+00:00,80.82,965.3,361.7
2023-06-02 15:00:00+00:00,88.0,759.1,475.7
2023-06-02 16:00:00+00:00,85.8,529.0,520.6
2023-06-02 17:00:00+00:00,91.4,293.4,474.8
2023-06-02 18:00:00+00:00,99.82,146.5,409.4
2023-06-02 19:00:00+00:00,103.53,30.4,381.20000000000005
2023-06-02 20:00:00+00:00,103.11,0.1,333.5
2023-06-02 21:00:00+00:00,101.09,0.1,352.9
2023-06-02 22:00:00+00:00,95.67,0.1,238.9
2023-06-02 23:00:00+00:00,86.81,0.0,250.4
2023-06-03 00:00:00+00:00,90.02,0.0,295.8
2023-06-03 01:00:00+00:00,90.0,0.0,235.5
2023-06-03 02:00:00+00:00,95.67,0.0,164.9
2023-06-03 03:00:00+00:00,93.74,0.0,126.8
2023-06-03 04:00:00+00:00,87.0,0.0,103.7
2023-06-03 05:00:00+00:00,86.0,30.1,79.9
2023-06-03 06:00:00+00:00,80.75,245.6,47.8
2023-06-03 07:00:00+00:00,80.05,604.6,23.1
2023-06-03 08:00:00+00:00,70.99,1000.0,19.2
2023-06-03 09:00:00+00:00,78.95,1264.3,23.9
2023-06-03 10:00:00+00:00,78.95,1427.0,25.2
2023-06-03 11:00:00+00:00,78.95,1461.2,57.300000000000004
2023-06-03 12:00:00+00:00,78.95,1384.1,124.2
2023-06-03 13:00:00+00:00,78.85,1189.5,200.9
2023-06-03 14:00:00+00:00,78.75,1186.3,371.2
2023-06-03 15:00:00+00:00,78.75,959.8,683.1
2023-06-03 16:00:00+00:00,78.75,642.4,935.3000000000001
2023-06-03 17:00:00+00:00,80.1,457.7,989.5
2023-06-03 18:00:00+00:00,81.1,191.5,1042.5
2023-06-03 19:00:00+00:00,102.0,29.7,979.0
2023-06-03 20:00:00+00:00,103.34,0.1,996.8
2023-06-03 21:00:00+00:00,95.67,0.1,1086.3000000000002
2023-06-03 22:00:00+00:00,92.0,0.0,889.4000000000001
2023-06-03 23:00:00+00:00,90.16,0.0,689.5
2023-06-04 00:00:00+00:00,89.96,0.0,385.40000000000003
2023-06-04 01:00:00+00:00,89.35,0.0,263.2
2023-06-04 02:00:00+00:00,86.65,0.0,282.7
2023-06-04 03:00:00+00:00,84.69,0.0,283.4
2023-06-04 04:00:00+00:00,80.0,0.0,311.40000000000003
2023-06-04 05:00:00+00:00,78.75,28.8,309.4
2023-06-04 06:00:00+00:00,63.01,250.6,272.8
2023-06-04 07:00:00+00:00,60.0,657.3,178.8
2023-06-04 08:00:00+00:00,51.0,1001.5,123.39999999999999
2023-06-04 09:00:00+00:00,64.78,1310.9,109.1
2023-06-04 10:00:00+00:00,78.75,1447.5,92.1
2023-06-04 11:00:00+00:00,78.75,1322.9,103.80000000000001
2023-06-04 12:00:00+00:00,64.4,1227.1,187.39999999999998
2023-06-04 13:00:00+00:00,51.0,1172.6,307.3
2023-06-04 14:00:00+00:00,51.0,1107.8,455.5
2023-06-04 15:00:00+00:00,51.0,964.5,625.4
2023-06-04 16:00:00+00:00,78.21,735.7,776.2
2023-06-04 17:00:00+00:00,83.5,523.8,808.1999999999999
2023-06-04 18:00:00+00:00,90.57,235.2,786.9
2023-06-04 19:00:00+00:00,99.3,32.6,838.1
2023-06-04 20:00:00+00:00,103.64,0.0,814.3
2023-06-04 21:00:00+00:00,95.67,0.0,690.3000000000001
2023-06-04 22:00:00+00:00,97.1,0.0,514.3000000000001
2023-06-04 23:00:00+00:00,91.59,0.0,430.7
2023-06-05 00:00:00+00:00,90.99,0.0,377.7
2023-06-05 01:00:00+00:00,91.36,0.0,302.0
2023-06-05 02:00:00+00:00,90.69,0.0,296.0
2023-06-05 03:00:00+00:00,82.1,0.0,303.2
2023-06-05 04:00:00+00:00,93.0,0.0,294.3
2023-06-05 05:00:00+00:00,99.39,31.1,301.6
2023-06-05 06:00:00+00:00,99.95,253.6,253.5
2023-06-05 07:00:00+00:00,85.77,661.8,124.3
2023-06-05 08:00:00+00:00,75.0,1029.3,61.5
2023-06-05 09:00:00+00:00,70.08,1296.9,31.6
2023-06-05 10:00:00+00:00,68.99,1469.7,45.8
2023-06-05 11:00:00+00:00,66.54,1478.3,81.1
2023-06-05 12:00:00+00:00,67.16,1496.7,112.4
2023-06-05 13:00:00+00:00,68.79,1423.7,193.1
2023-06-05 14:00:00+00:00,75.92,1337.7,373.1
2023-06-05 15:00:00+00:00,87.92,1170.0,509.0
2023-06-05 16:00:00+00:00,88.35,893.9,608.0
2023-06-05 17:00:00+00:00,95.12,579.1,565.0
2023-06-05 18:00:00+00:00,101.46,239.3,414.3
2023-06-05 19:00:00+00:00,103.67,36.5,293.7
2023-06-05 20:00:00+00:00,100.0,0.2,257.90000000000003
2023-06-05 21:00:00+00:00,95.12,0.1,265.0
2023-06-05 22:00:00+00:00,92.52,0.0,270.90000000000003
2023-06-05 23:00:00+00:00,90.0,0.0,342.6
2023-06-06 00:00:00+00:00,89.41,0.0,418.1
2023-06-06 01:00:00+00:00,85.0,0.0,636.0
2023-06-06 02:00:00+00:00,80.1,0.0,924.6
2023-06-06 03:00:00+00:00,80.1,0.0,1013.1
2023-06-06 04:00:00+00:00,90.02,0.0,1040.5
2023-06-06 05:00:00+00:00,99.03,33.2,1065.1
2023-06-06 06:00:00+00:00,102.7,213.8,1118.7
2023-06-06 07:00:00+00:00,94.9,628.9,1059.0
2023-06-06 08:00:00+00:00,86.21,989.9,782.5
2023-06-06 09:00:00+00:00,82.0,1300.2,644.5
2023-06-06 10:00:00+00:00,76.41,1441.3,625.9
2023-06-06 11:00:00+00:00,73.26,1401.6,688.4
2023-06-06 12:00:00+00:00,68.5,1369.9,832.9
2023-06-06 13:00:00+00:00,71.12,1341.3,934.3
2023-06-06 14:00:00+00:00,74.4,1095.8,1014.8
2023-06-06 15:00:00+00:00,84.0,747.4,1025.0
2023-06-06 16:00:00+00:00,90.38,474.5,1022.1
2023-06-06 17:00:00+00:00,95.0,226.6,1063.2
2023-06-06 18:00:00+00:00,101.11,65.6,1014.3000000000001
2023-06-06 19:00:00+00:00,101.57,6.7,1254.1
2023-06-06 20:00:00+00:00,96.56,0.1,1588.7
2023-06-06 21:00:00+00:00,89.99,0.0,1702.1
2023-06-06 22:00:00+00:00,83.0,0.0,1710.1
2023-06-06 23:00:00+00:00,76.2,0.0,1576.9
2023-06-07 00:00:00+00:00,73.99,0.0,1300.2
2023-06-07 01:00:00+00:00,68.05,0.0,1053.7
2023-06-07 02:00:00+00:00,65.7,0.0,868.1
2023-06-07 03:00:00+00:00,70.2,0.0,914.8000000000001
2023-06-07 04:00:00+00:00,74.9,0.0,1229.4
2023-06-07 05:00:00+00:00,95.05,4.7,1762.3999999999999
2023-06-07 06:00:00+00:00,101.11,71.4,2028.2
2023-06-07 07:00:00+00:00,97.69,264.3,2181.0
2023-06-07 08:00:00+00:00,92.83,450.3,2137.9
2023-06-07 09:00:00+00:00,89.06,798.8,2131.0
2023-06-07 10:00:00+00:00,88.87,959.5,2333.2
2023-06-07 11:00:00+00:00,85.01,1105.1,2317.2
2023-06-07 12:00:00+00:00,80.1,1221.1,2282.2
2023-06-07 13:00:00+00:00,81.1,1160.2,2240.1
2023-06-07 14:00:00+00:00,80.35,984.0,2044.4
2023-06-07 15:00:00+00:00,87.92,810.3,1719.6999999999998
2023-06-07 16:00:00+00:00,96.72,511.1,1568.1
2023-06-07 17:00:00+00:00,97.74,294.3,1473.9
2023-06-07 18:00:00+00:00,103.25,141.7,1233.8
2023-06-07 19:00:00+00:00,107.36,29.8,1504.0
2023-06-07 20:00:00+00:00,100.5,0.1,2003.6
2023-06-07 21:00:00+00:00,94.9,0.0,2050.0
2023-06-07 22:00:00+00:00,93.93,0.0,2434.7999999999997
2023-06-07 23:00:00+00:00,89.26,0.0,2689.2999999999997
2023-06-08 00:00:00+00:00,82.83,0.0,2666.6
2023-06-08 01:00:00+00:00,74.95,0.0,2471.1000000000004
2023-06-08 02:00:00+00:00,73.57,0.0,2439.5
2023-06-08 03:00:00+00:00,73.57,0.0,2468.7999999999997
2023-06-08 04:00:00+00:00,89.85,0.0,2512.8
2023-06-08 05:00:00+00:00,92.78,13.9,2688.4
2023-06-08 06:00:00+00:00,91.4,112.8,2794.4
2023-06-08 07:00:00+00:00,83.76,313.1,2614.9
2023-06-08 08:00:00+00:00,74.64,452.9,2686.1000000000004
2023-06-08 09:00:00+00:00,68.5,613.5,2739.6
2023-06-08 10:00:00+00:00,64.22,770.4,2763.8
2023-06-08 11:00:00+00:00,64.4,895.7,2879.5
2023-06-08 12:00:00+00:00,64.06,803.7,3089.2000000000003
2023-06-08 13:00:00+00:00,67.93,875.4,3166.4
2023-06-08 14:00:00+00:00,71.17,954.4,3033.4
2023-06-08 15:00:00+00:00,76.1,832.8,2735.4
2023-06-08 16:00:00+00:00,73.52,654.1,2825.0
2023-06-08 17:00:00+00:00,89.85,424.5,2925.7000000000003
2023-06-08 18:00:00+00:00,98.6,157.2,3027.1
2023-06-08 19:00:00+00:00,100.55,18.1,2918.4
2023-06-08 20:00:00+00:00,96.58,0.1,3138.1
2023-06-08 21:00:00+00:00,91.0,0.0,3334.8
2023-06-08 22:00:00+00:00,95.0,0.0,3420.1
2023-06-08 23:00:00+00:00,89.7,0.0,3148.8999999999996
2023-06-09 00:00:00+00:00,79.73,0.0,2968.1
2023-06-09 01:00:00+00:00,76.0,0.0,2679.0
2023-06-09 02:00:00+00:00,75.8,0.0,2457.2
2023-06-09 03:00:00+00:00,76.42,0.0,2395.7999999999997
2023-06-09 04:00:00+00:00,79.93,0.0,2365.7999999999997
2023-06-09 05:00:00+00:00,93.67,14.7,2218.7999999999997
2023-06-09 06:00:00+00:00,93.31,124.9,2081.1
2023-06-09 07:00:00+00:00,91.31,271.4,1978.1000000000001
2023-06-09 08:00:00+00:00,82.26,442.3,1769.2
2023-06-09 09:00:00+00:00,70.92,648.5,1651.1
2023-06-09 10:00:00+00:00,68.0,831.3,1796.8999999999999
2023-06-09 11:00:00+00:00,67.0,955.2,1736.3
2023-06-09 12:00:00+00:00,62.4,972.1,1975.1
2023-06-09 13:00:00+00:00,59.75,993.0,2029.7
2023-06-09 14:00:00+00:00,59.75,917.4,1983.8000000000002
2023-06-09 15:00:00+00:00,63.12,890.2,1954.3
2023-06-09 16:00:00+00:00,72.0,744.7,1899.4
2023-06-09 17:00:00+00:00,92.6,506.6,1657.7
2023-06-09 18:00:00+00:00,104.43,204.1,1506.6000000000001
2023-06-09 19:00:00+00:00,104.12,28.1,1311.1999999999998
2023-06-09 20:00:00+00:00,102.52,0.1,1072.5
2023-06-09 21:00:00+00:00,100.26,0.0,870.4
2023-06-09 22:00:00+00:00,91.99,0.0,758.7
2023-06-09 23:00:00+00:00,90.03,0.0,683.1
2023-06-10 00:00:00+00:00,89.06,0.0,630.0
2023-06-10 01:00:00+00:00,89.06,0.0,616.5999999999999
2023-06-10 02:00:00+00:00,89.36,0.0,556.4
2023-06-10 03:00:00+00:00,91.31,0.0,545.9
2023-06-10 04:00:00+00:00,91.99,0.0,564.5
2023-06-10 05:00:00+00:00,90.03,26.7,494.3
2023-06-10 06:00:00+00:00,90.0,195.9,334.59999999999997
2023-06-10 07:00:00+00:00,81.0,528.6,238.6
2023-06-10 08:00:00+00:00,68.0,854.8,190.3
2023-06-10 09:00:00+00:00,66.4,1052.2,127.9
2023-06-10 10:00:00+00:00,63.12,1169.7,125.80000000000001
2023-06-10 11:00:00+00:00,66.4,1174.5,193.8
2023-06-10 12:00:00+00:00,66.4,1225.9,238.3
2023-06-10 13:00:00+00:00,57.12,1139.7,323.90000000000003
2023-06-10 14:00:00+00:00,57.12,1102.8,382.9
2023-06-10 15:00:00+00:00,60.0,1030.0,434.9
2023-06-10 16:00:00+00:00,74.97,829.6,494.3
2023-06-10 17:00:00+00:00,86.16,586.6,568.0
2023-06-10 18:00:00+00:00,95.0,265.9,593.5
2023-06-10 19:00:00+00:00,110.0,48.9,618.9
2023-06-10 20:00:00+00:00,111.81,0.2,539.0
2023-06-10 21:00:00+00:00,103.64,0.0,389.9
2023-06-10 22:00:00+00:00,90.59,0.0,324.1
2023-06-10 23:00:00+00:00,89.06,0.0,276.1
2023-06-11 00:00:00+00:00,89.65,0.0,149.6
2023-06-11 01:00:00+00:00,89.36,0.0,99.8
2023-06-11 02:00:00+00:00,85.75,0.0,92.5
2023-06-11 03:00:00+00:00,89.06,0.0,88.80000000000001
2023-06-11 04:00:00+00:00,89.65,0.0,85.4
2023-06-11 05:00:00+00:00,88.5,34.9,83.1
2023-06-11 06:00:00+00:00,75.0,201.3,62.1
2023-06-11 07:00:00+00:00,57.01,507.4,56.8
2023-06-11 08:00:00+00:00,50.61,908.4,47.6
2023-06-11 09:00:00+00:00,70.0,1178.6,91.0
2023-06-11 10:00:00+00:00,70.0,1341.5,177.8
2023-06-11 11:00:00+00:00,70.0,1449.3,253.0
2023-06-11 12:00:00+00:00,69.4,1457.8,364.0
2023-06-11 13:00:00+00:00,45.0,1419.6,530.4
2023-06-11 14:00:00+00:00,45.0,1372.8,713.9
2023-06-11 15:00:00+00:00,54.0,1267.6,840.6
2023-06-11 16:00:00+00:00,69.7,1007.2,849.3000000000001
2023-06-11 17:00:00+00:00,93.46,634.1,848.3
2023-06-11 18:00:00+00:00,105.14,211.5,744.3
2023-06-11 19:00:00+00:00,111.99,32.5,642.6999999999999
2023-06-11 20:00:00+00:00,111.81,0.1,550.1
2023-06-11 21:00:00+00:00,103.53,0.0,300.5
2023-06-11 22:00:00+00:00,94.33,0.1,198.20000000000002
2023-06-11 23:00:00+00:00,85.08,0.0,164.4
2023-06-12 00:00:00+00:00,85.02,0.0,133.39999999999998
2023-06-12 01:00:00+00:00,81.63,0.0,110.3
2023-06-12 02:00:00+00:00,83.95,0.0,68.3
2023-06-12 03:00:00+00:00,95.0,0.0,83.6
2023-06-12 04:00:00+00:00,104.81,0.0,91.8
2023-06-12 05:00:00+00:00,107.75,30.3,114.4
2023-06-12 06:00:00+00:00,104.74,232.5,150.70000000000002
2023-06-12 07:00:00+00:00,103.26,496.0,131.5
2023-06-12 08:00:00+00:00,95.0,790.1,141.0
2023-06-12 09:00:00+00:00,90.48,1028.8,164.3
2023-06-12 10:00:00+00:00,87.17,1243.5,221.7
2023-06-12 11:00:00+00:00,83.34,1353.6,355.3
2023-06-12 12:00:00+00:00,81.1,1264.6,526.0
2023-06-12 13:00:00+00:00,78.7,1224.6,602.2
2023-06-12 14:00:00+00:00,79.18,1103.3,976.9
2023-06-12 15:00:00+00:00,87.06,1081.8,1105.7
2023-06-12 16:00:00+00:00,92.91,865.4,1052.4
2023-06-12 17:00:00+00:00,95.0,516.7,1230.1000000000001
2023-06-12 18:00:00+00:00,108.3,213.2,1253.6
2023-06-12 19:00:00+00:00,116.93,32.9,1061.3
2023-06-12 20:00:00+00:00,107.03,0.2,952.7
2023-06-12 21:00:00+00:00,98.12,0.0,820.6
2023-06-12 22:00:00+00:00,102.3,0.0,718.8
2023-06-12 23:00:00+00:00,99.95,0.0,632.6
2023-06-13 00:00:00+00:00,99.95,0.0,629.0
2023-06-13 01:00:00+00:00,99.95,0.0,738.1999999999999
2023-06-13 02:00:00+00:00,95.0,0.0,884.5
2023-06-13 03:00:00+00:00,92.25,0.0,987.4
2023-06-13 04:00:00+00:00,101.94,0.0,1075.1
2023-06-13 05:00:00+00:00,106.16,26.8,1117.3
2023-06-13 06:00:00+00:00,104.34,211.8,1002.9
2023-06-13 07:00:00+00:00,102.81,534.5,956.1999999999999
2023-06-13 08:00:00+00:00,85.08,815.8,1002.3
2023-06-13 09:00:00+00:00,80.1,1082.9,997.1
2023-06-13 10:00:00+00:00,79.02,1172.1,1000.6
2023-06-13 11:00:00+00:00,73.22,1245.4,1236.9
2023-06-13 12:00:00+00:00,71.33,1298.9,1499.1999999999998
2023-06-13 13:00:00+00:00,68.15,1288.4,1674.8
2023-06-13 14:00:00+00:00,68.99,1244.2,1777.4
2023-06-13 15:00:00+00:00,68.75,1179.6,1957.8
2023-06-13 16:00:00+00:00,69.9,975.4,2219.7999999999997
2023-06-13 17:00:00+00:00,73.79,653.9,2425.2
2023-06-13 18:00:00+00:00,101.94,279.0,2509.6
2023-06-13 19:00:00+00:00,105.0,43.4,2517.0
2023-06-13 20:00:00+00:00,105.0,0.1,2208.1
2023-06-13 21:00:00+00:00,98.38,0.1,1912.5
2023-06-13 22:00:00+00:00,96.28,0.1,1735.3
2023-06-13 23:00:00+00:00,88.68,0.0,1496.9
2023-06-14 00:00:00+00:00,86.98,0.0,1259.1
2023-06-14 01:00:00+00:00,86.25,0.0,1071.2
2023-06-14 02:00:00+00:00,85.83,0.0,1001.5
2023-06-14 03:00:00+00:00,93.43,0.0,924.5
2023-06-14 04:00:00+00:00,97.72,0.1,862.6999999999999
2023-06-14 05:00:00+00:00,99.75,33.7,825.3000000000001
2023-06-14 06:00:00+00:00,85.0,250.2,752.7
2023-06-14 07:00:00+00:00,69.0,634.7,584.5
2023-06-14 08:00:00+00:00,66.17,1007.4,385.6
2023-06-14 09:00:00+00:00,72.87,1272.7,284.7
2023-06-14 10:00:00+00:00,75.71,1452.8,215.4
2023-06-14 11:00:00+00:00,67.99,1533.7,240.9
2023-06-14 12:00:00+00:00,67.77,1549.1,299.79999999999995
2023-06-14 13:00:00+00:00,72.57,1529.5,399.40000000000003
2023-06-14 14:00:00+00:00,72.57,1451.5,516.5
2023-06-14 15:00:00+00:00,71.22,1285.7,623.9
2023-06-14 16:00:00+00:00,75.92,1026.5,724.8000000000001
2023-06-14 17:00:00+00:00,97.79,682.5,904.1999999999999
2023-06-14 18:00:00+00:00,102.37,274.6,940.4
2023-06-14 19:00:00+00:00,114.69,41.3,873.8000000000001
2023-06-14 20:00:00+00:00,114.21,0.6,911.8
2023-06-14 21:00:00+00:00,105.0,0.1,928.5999999999999
2023-06-14 22:00:00+00:00,107.12,0.2,885.7
2023-06-14 23:00:00+00:00,102.77,0.0,792.3
2023-06-15 00:00:00+00:00,100.62,0.0,731.1
2023-06-15 01:00:00+00:00,100.38,0.0,676.7
2023-06-15 02:00:00+00:00,100.37,0.0,589.5
2023-06-15 03:00:00+00:00,98.5,0.0,527.0
2023-06-15 04:00:00+00:00,104.67,0.0,493.7
2023-06-15 05:00:00+00:00,110.0,30.7,458.5
2023-06-15 06:00:00+00:00,107.12,243.1,335.5
2023-06-15 07:00:00+00:00,105.2,643.5,168.8
2023-06-15 08:00:00+00:00,103.3,1001.7,73.2
2023-06-15 09:00:00+00:00,98.02,1266.0,35.9
2023-06-15 10:00:00+00:00,92.24,1429.3,25.3
2023-06-15 11:00:00+00:00,90.0,1519.2,45.4
2023-06-15 12:00:00+00:00,90.0,1537.8,59.699999999999996
2023-06-15 13:00:00+00:00,92.01,1509.9,58.199999999999996
2023-06-15 14:00:00+00:00,95.0,1424.6,128.6
2023-06-15 15:00:00+00:00,99.01,1261.2,230.7
2023-06-15 16:00:00+00:00,100.0,1004.7,370.4
2023-06-15 17:00:00+00:00,103.57,642.6,461.8
2023-06-15 18:00:00+00:00,109.55,242.9,564.1
2023-06-15 19:00:00+00:00,142.1,39.7,651.3
2023-06-15 20:00:00+00:00,146.8,0.8,706.6
2023-06-15 21:00:00+00:00,118.68,0.1,714.0
2023-06-15 22:00:00+00:00,126.16,0.1,657.5
2023-06-15 23:00:00+00:00,122.98,0.0,554.4
2023-06-16 00:00:00+00:00,122.98,0.0,444.2
2023-06-16 01:00:00+00:00,122.98,0.0,408.8
2023-06-16 02:00:00+00:00,113.05,0.0,370.40000000000003
2023-06-16 03:00:00+00:00,117.72,0.0,393.1
2023-06-16 04:00:00+00:00,132.0,0.0,433.8
2023-06-16 05:00:00+00:00,149.83,30.5,351.9
2023-06-16 06:00:00+00:00,145.59,239.6,233.6
2023-06-16 07:00:00+00:00,124.16,611.9,150.4
2023-06-16 08:00:00+00:00,112.2,901.5,102.0
2023-06-16 09:00:00+00:00,108.99,1172.1,139.2
2023-06-16 10:00:00+00:00,107.35,1408.1,220.0
2023-06-16 11:00:00+00:00,106.76,1499.1,296.90000000000003
2023-06-16 12:00:00+00:00,103.31,1519.7,414.5
2023-06-16 13:00:00+00:00,99.7,1420.0,553.1
2023-06-16 14:00:00+00:00,99.7,1355.6,727.5
2023-06-16 15:00:00+00:00,100.1,1207.4,901.2
2023-06-16 16:00:00+00:00,118.75,985.1,972.1
2023-06-16 17:00:00+00:00,126.0,659.0,1093.3
2023-06-16 18:00:00+00:00,137.0,261.7,1079.8999999999999
2023-06-16 19:00:00+00:00,156.13,39.7,1084.7
2023-06-16 20:00:00+00:00,151.85,0.8,1139.3
2023-06-16 21:00:00+00:00,138.18,0.2,1164.6999999999998
2023-06-16 22:00:00+00:00,130.81,0.2,1072.9
2023-06-16 23:00:00+00:00,122.8,0.0,931.7
2023-06-17 00:00:00+00:00,119.97,0.0,830.3
2023-06-17 01:00:00+00:00,116.39,0.0,677.3
2023-06-17 02:00:00+00:00,118.23,0.0,588.8000000000001
2023-06-17 03:00:00+00:00,120.75,0.0,557.8
2023-06-17 04:00:00+00:00,111.82,0.0,492.8
2023-06-17 05:00:00+00:00,108.01,30.3,444.20000000000005
2023-06-17 06:00:00+00:00,101.0,246.0,500.2
2023-06-17 07:00:00+00:00,95.6,659.1,504.5
2023-06-17 08:00:00+00:00,85.0,1032.6,388.0
2023-06-17 09:00:00+00:00,79.71,1311.4,288.29999999999995
2023-06-17 10:00:00+00:00,61.18,1491.3,252.3
2023-06-17 11:00:00+00:00,59.11,1570.7,340.2
2023-06-17 12:00:00+00:00,59.1,1590.8,563.9
2023-06-17 13:00:00+00:00,56.08,1544.4,832.2
2023-06-17 14:00:00+00:00,50.0,1497.7,1105.4
2023-06-17 15:00:00+00:00,60.0,1316.8,1298.7
2023-06-17 16:00:00+00:00,76.41,1038.8,1545.1
2023-06-17 17:00:00+00:00,97.01,699.8,1662.5
2023-06-17 18:00:00+00:00,132.23,280.3,1627.1000000000001
2023-06-17 19:00:00+00:00,141.81,35.1,1659.6000000000001
2023-06-17 20:00:00+00:00,142.0,0.7,1625.8
2023-06-17 21:00:00+00:00,136.65,0.1,1583.3
2023-06-17 22:00:00+00:00,126.78,0.2,1516.3999999999999
2023-06-17 23:00:00+00:00,108.87,0.0,1415.6
2023-06-18 00:00:00+00:00,103.19,0.0,1279.7
2023-06-18 01:00:00+00:00,100.0,0.0,1333.9
2023-06-18 02:00:00+00:00,96.01,0.0,1566.8999999999999
2023-06-18 03:00:00+00:00,86.81,0.0,1512.2
2023-06-18 04:00:00+00:00,94.75,0.0,1357.4
2023-06-18 05:00:00+00:00,92.06,28.2,1303.8999999999999
2023-06-18 06:00:00+00:00,85.0,235.2,1113.8
2023-06-18 07:00:00+00:00,78.17,588.7,647.6
2023-06-18 08:00:00+00:00,63.53,944.5,345.70000000000005
2023-06-18 09:00:00+00:00,53.88,1265.1,260.0
2023-06-18 10:00:00+00:00,50.21,1443.6,225.1
2023-06-18 11:00:00+00:00,50.21,1502.7,256.40000000000003
2023-06-18 12:00:00+00:00,45.47,1473.1,266.4
2023-06-18 13:00:00+00:00,49.14,1366.5,290.2
2023-06-18 14:00:00+00:00,55.0,1185.4,331.5
2023-06-18 15:00:00+00:00,70.11,818.4,377.0
2023-06-18 16:00:00+00:00,80.77,490.1,527.4
2023-06-18 17:00:00+00:00,104.0,283.4,627.5
2023-06-18 18:00:00+00:00,125.47,138.8,546.9
2023-06-18 19:00:00+00:00,134.02,23.5,533.6
2023-06-18 20:00:00+00:00,137.06,0.4,446.3
2023-06-18 21:00:00+00:00,128.13,0.1,364.0
2023-06-18 22:00:00+00:00,106.37,0.1,428.8
2023-06-18 23:00:00+00:00,93.49,0.0,458.20000000000005
2023-06-19 00:00:00+00:00,100.0,0.0,425.7
2023-06-19 01:00:00+00:00,100.0,0.0,329.5
2023-06-19 02:00:00+00:00,90.69,0.0,292.6
2023-06-19 03:00:00+00:00,95.61,0.0,180.0
2023-06-19 04:00:00+00:00,109.78,0.0,126.6
2023-06-19 05:00:00+00:00,130.15,24.0,108.1
2023-06-19 06:00:00+00:00,132.23,194.1,120.39999999999999
2023-06-19 07:00:00+00:00,115.33,504.1,120.5
2023-06-19 08:00:00+00:00,103.78,847.7,130.1
2023-06-19 09:00:00+00:00,97.02,1043.2,211.0
2023-06-19 10:00:00+00:00,93.11,1176.3,371.7
2023-06-19 11:00:00+00:00,90.0,1141.9,498.2
2023-06-19 12:00:00+00:00,87.0,1086.1,600.0
2023-06-19 13:00:00+00:00,85.9,948.2,741.0
2023-06-19 14:00:00+00:00,86.0,812.8,797.7
2023-06-19 15:00:00+00:00,93.0,700.6,799.7
2023-06-19 16:00:00+00:00,87.3,556.7,715.3
2023-06-19 17:00:00+00:00,110.75,414.4,755.3
2023-06-19 18:00:00+00:00,131.73,198.5,665.4000000000001
2023-06-19 19:00:00+00:00,144.68,40.5,450.3
2023-06-19 20:00:00+00:00,142.86,0.4,383.8
2023-06-19 21:00:00+00:00,134.48,0.1,367.3
2023-06-19 22:00:00+00:00,120.8,0.2,345.5
2023-06-19 23:00:00+00:00,110.28,0.0,352.0
2023-06-20 00:00:00+00:00,103.98,0.0,329.20000000000005
2023-06-20 01:00:00+00:00,112.01,0.0,377.0
2023-06-20 02:00:00+00:00,104.12,0.0,415.7
2023-06-20 03:00:00+00:00,101.07,0.0,432.7
2023-06-20 04:00:00+00:00,111.89,0.0,471.1
2023-06-20 05:00:00+00:00,126.21,29.6,469.2
2023-06-20 06:00:00+00:00,129.06,196.6,435.3
2023-06-20 07:00:00+00:00,121.82,446.7,351.9
2023-06-20 08:00:00+00:00,114.01,693.2,292.0
2023-06-20 09:00:00+00:00,109.8,850.9,214.1
2023-06-20 10:00:00+00:00,99.9,1021.8,210.3
2023-06-20 11:00:00+00:00,101.52,1234.8,267.3
2023-06-20 12:00:00+00:00,97.76,1359.6,315.3
2023-06-20 13:00:00+00:00,88.78,1422.7,389.5
2023-06-20 14:00:00+00:00,88.78,1385.0,503.7
2023-06-20 15:00:00+00:00,95.0,1194.6,589.5
2023-06-20 16:00:00+00:00,106.81,963.1,701.2
2023-06-20 17:00:00+00:00,110.07,600.3,783.5
2023-06-20 18:00:00+00:00,127.71,217.9,830.4
2023-06-20 19:00:00+00:00,142.25,38.5,789.8
2023-06-20 20:00:00+00:00,138.0,0.6,641.4
2023-06-20 21:00:00+00:00,120.11,0.1,472.3
2023-06-20 22:00:00+00:00,121.99,0.2,360.4
2023-06-20 23:00:00+00:00,110.7,0.0,327.0
2023-06-21 00:00:00+00:00,104.7,0.0,298.7
2023-06-21 01:00:00+00:00,103.89,0.0,287.7
2023-06-21 02:00:00+00:00,103.74,0.0,250.5
2023-06-21 03:00:00+00:00,106.98,0.0,281.70000000000005
2023-06-21 04:00:00+00:00,123.4,0.0,319.7
2023-06-21 05:00:00+00:00,137.67,14.0,362.9
2023-06-21 06:00:00+00:00,139.51,109.6,249.6
2023-06-21 07:00:00+00:00,126.01,314.0,189.3
2023-06-21 08:00:00+00:00,114.07,562.9,129.5
2023-06-21 09:00:00+00:00,110.07,773.3,118.6
2023-06-21 10:00:00+00:00,104.57,886.0,139.2
2023-06-21 11:00:00+00:00,99.73,855.8,107.39999999999999
2023-06-21 12:00:00+00:00,95.78,913.2,132.9
2023-06-21 13:00:00+00:00,99.11,920.0,295.09999999999997
2023-06-21 14:00:00+00:00,100.12,997.0,365.79999999999995
2023-06-21 15:00:00+00:00,113.44,988.1,444.2
2023-06-21 16:00:00+00:00,108.1,895.4,543.6999999999999
2023-06-21 17:00:00+00:00,116.47,655.5,773.5
2023-06-21 18:00:00+00:00,135.3,279.3,1008.1
2023-06-21 19:00:00+00:00,148.06,44.5,1116.5
2023-06-21 20:00:00+00:00,151.15,0.5,1175.6
2023-06-21 21:00:00+00:00,134.79,0.1,1057.0
2023-06-21 22:00:00+00:00,137.85,0.2,1012.7
2023-06-21 23:00:00+00:00,135.71,0.0,892.7
2023-06-22 00:00:00+00:00,135.0,0.0,736.5
2023-06-22 01:00:00+00:00,134.55,0.0,617.6
2023-06-22 02:00:00+00:00,131.94,0.0,553.4
2023-06-22 03:00:00+00:00,137.55,0.0,447.40000000000003
2023-06-22 04:00:00+00:00,137.55,0.0,420.5
2023-06-22 05:00:00+00:00,143.38,30.7,393.4
2023-06-22 06:00:00+00:00,143.89,236.7,324.4
2023-06-22 07:00:00+00:00,127.59,618.4,227.5
2023-06-22 08:00:00+00:00,112.0,990.2,189.6
2023-06-22 09:00:00+00:00,106.61,1258.4,114.4
2023-06-22 10:00:00+00:00,104.0,1454.9,91.6
2023-06-22 11:00:00+00:00,106.0,1558.8,127.60000000000001
2023-06-22 12:00:00+00:00,99.46,1566.7,202.1
2023-06-22 13:00:00+00:00,95.3,1523.5,374.3
2023-06-22 14:00:00+00:00,95.3,1455.7,492.0
2023-06-22 15:00:00+00:00,95.4,1292.5,571.4
2023-06-22 16:00:00+00:00,95.0,1028.5,664.3000000000001
2023-06-22 17:00:00+00:00,120.0,675.8,768.5
2023-06-22 18:00:00+00:00,143.89,275.3,746.6999999999999
2023-06-22 19:00:00+00:00,147.18,45.4,670.8
2023-06-22 20:00:00+00:00,138.0,0.6,710.5
2023-06-22 21:00:00+00:00,120.84,0.2,771.4
2023-06-22 22:00:00+00:00,126.92,0.2,791.1
2023-06-22 23:00:00+00:00,121.37,0.0,824.1
2023-06-23 00:00:00+00:00,109.64,0.0,838.6999999999999
2023-06-23 01:00:00+00:00,104.25,0.0,836.8000000000001
2023-06-23 02:00:00+00:00,98.1,0.0,849.7
2023-06-23 03:00:00+00:00,101.99,0.0,866.5
2023-06-23 04:00:00+00:00,115.09,0.0,837.7
2023-06-23 05:00:00+00:00,128.7,29.7,860.5
2023-06-23 06:00:00+00:00,131.23,239.7,819.6
2023-06-23 07:00:00+00:00,121.93,639.7,575.6
2023-06-23 08:00:00+00:00,107.12,1000.9,321.8
2023-06-23 09:00:00+00:00,98.1,1269.0,210.6
2023-06-23 10:00:00+00:00,93.01,1428.6,178.8
2023-06-23 11:00:00+00:00,89.07,1505.1,184.1
2023-06-23 12:00:00+00:00,88.77,1514.9,186.8
2023-06-23 13:00:00+00:00,89.17,1506.4,202.5
2023-06-23 14:00:00+00:00,90.0,1425.7,221.60000000000002
2023-06-23 15:00:00+00:00,92.26,1256.2,264.1
2023-06-23 16:00:00+00:00,106.5,1008.0,336.9
2023-06-23 17:00:00+00:00,126.43,658.9,410.7
2023-06-23 18:00:00+00:00,136.9,268.2,462.59999999999997
2023-06-23 19:00:00+00:00,134.96,43.3,546.1999999999999
2023-06-23 20:00:00+00:00,130.1,0.6,701.0
2023-06-23 21:00:00+00:00,121.87,0.1,733.4
2023-06-23 22:00:00+00:00,117.28,0.1,837.4
2023-06-23 23:00:00+00:00,109.66,0.0,1035.3
2023-06-24 00:00:00+00:00,102.84,0.0,1242.9
2023-06-24 01:00:00+00:00,106.57,0.0,1352.8
2023-06-24 02:00:00+00:00,106.57,0.0,1436.3
2023-06-24 03:00:00+00:00,106.57,0.0,1397.3
2023-06-24 04:00:00+00:00,92.3,0.0,1290.9
2023-06-24 05:00:00+00:00,92.3,28.4,1177.5
2023-06-24 06:00:00+00:00,90.57,230.9,1049.5
2023-06-24 07:00:00+00:00,81.69,630.3,922.5
2023-06-24 08:00:00+00:00,57.64,998.5,674.4
2023-06-24 09:00:00+00:00,62.0,1277.5,477.70000000000005
2023-06-24 10:00:00+00:00,62.0,1462.8,347.7
2023-06-24 11:00:00+00:00,65.0,1559.1,296.79999999999995
2023-06-24 12:00:00+00:00,62.0,1577.5,252.4
2023-06-24 13:00:00+00:00,65.0,1551.9,301.4
2023-06-24 14:00:00+00:00,72.85,1466.9,399.59999999999997
2023-06-24 15:00:00+00:00,91.7,1285.6,483.8
2023-06-24 16:00:00+00:00,91.7,1020.7,522.8
2023-06-24 17:00:00+00:00,101.0,667.1,476.90000000000003
2023-06-24 18:00:00+00:00,113.52,271.9,504.90000000000003
2023-06-24 19:00:00+00:00,129.91,44.5,571.7
2023-06-24 20:00:00+00:00,132.82,0.7,641.3
2023-06-24 21:00:00+00:00,131.05,0.2,631.6
2023-06-24 22:00:00+00:00,127.59,0.2,648.6
2023-06-24 23:00:00+00:00,123.21,0.0,626.1999999999999
2023-06-25 00:00:00+00:00,115.0,0.0,636.4000000000001
2023-06-25 01:00:00+00:00,105.06,0.0,608.4
2023-06-25 02:00:00+00:00,105.0,0.0,576.7
2023-06-25 03:00:00+00:00,103.23,0.0,598.9
2023-06-25 04:00:00+00:00,105.06,0.0,618.6
2023-06-25 05:00:00+00:00,90.3,28.1,627.7
2023-06-25 06:00:00+00:00,90.0,226.9,596.3000000000001
2023-06-25 07:00:00+00:00,90.0,609.0,532.1
2023-06-25 08:00:00+00:00,90.3,987.1,480.1
2023-06-25 09:00:00+00:00,90.3,1280.1,479.2
2023-06-25 10:00:00+00:00,89.7,1472.2,450.5
2023-06-25 11:00:00+00:00,89.7,1567.7,432.4
2023-06-25 12:00:00+00:00,80.5,1583.4,515.8
2023-06-25 13:00:00+00:00,80.5,1557.6,665.8
2023-06-25 14:00:00+00:00,75.77,1473.9,792.2
2023-06-25 15:00:00+00:00,75.77,1298.9,875.5
2023-06-25 16:00:00+00:00,81.3,1034.0,1035.8
2023-06-25 17:00:00+00:00,95.01,674.0,1256.6
2023-06-25 18:00:00+00:00,105.0,274.4,1518.5
2023-06-25 19:00:00+00:00,122.49,46.3,1703.2
2023-06-25 20:00:00+00:00,127.59,0.7,1869.4
2023-06-25 21:00:00+00:00,118.76,0.1,1931.1
2023-06-25 22:00:00+00:00,92.3,0.1,1851.6
2023-06-25 23:00:00+00:00,90.0,0.0,1752.3
2023-06-26 00:00:00+00:00,79.5,0.0,1716.5
2023-06-26 01:00:00+00:00,77.75,0.0,1555.2
2023-06-26 02:00:00+00:00,79.5,0.0,1458.8
2023-06-26 03:00:00+00:00,80.0,0.0,1470.4
2023-06-26 04:00:00+00:00,87.9,0.0,1208.1
2023-06-26 05:00:00+00:00,110.11,29.7,953.8
2023-06-26 06:00:00+00:00,112.8,242.3,814.2
2023-06-26 07:00:00+00:00,101.52,640.4,609.6
2023-06-26 08:00:00+00:00,92.0,979.1,431.0
2023-06-26 09:00:00+00:00,92.0,1264.3,317.3
2023-06-26 10:00:00+00:00,92.0,1436.1,303.7
2023-06-26 11:00:00+00:00,85.0,1515.5,327.7
2023-06-26 12:00:00+00:00,84.0,1524.1,413.5
2023-06-26 13:00:00+00:00,84.0,1491.8,541.4
2023-06-26 14:00:00+00:00,71.61,1420.1,681.9
2023-06-26 15:00:00+00:00,86.0,1250.1,770.8
2023-06-26 16:00:00+00:00,97.0,991.9,824.2
2023-06-26 17:00:00+00:00,109.59,636.0,961.2
2023-06-26 18:00:00+00:00,115.0,247.3,1117.0
2023-06-26 19:00:00+00:00,125.73,38.9,1369.9
2023-06-26 20:00:00+00:00,129.16,0.6,1552.3
2023-06-26 21:00:00+00:00,118.66,0.2,1563.6
2023-06-26 22:00:00+00:00,113.82,0.2,1477.7
2023-06-26 23:00:00+00:00,95.0,0.0,1385.0
2023-06-27 00:00:00+00:00,91.57,0.0,1361.2
2023-06-27 01:00:00+00:00,89.09,0.0,1453.8
2023-06-27 02:00:00+00:00,86.36,0.0,1665.2
2023-06-27 03:00:00+00:00,90.55,0.0,1633.8
2023-06-27 04:00:00+00:00,108.89,0.0,1555.1000000000001
2023-06-27 05:00:00+00:00,115.8,15.9,1495.2
2023-06-27 06:00:00+00:00,115.31,145.1,1402.9
2023-06-27 07:00:00+00:00,91.95,404.7,1237.1000000000001
2023-06-27 08:00:00+00:00,90.0,717.5,940.6
2023-06-27 09:00:00+00:00,88.03,1022.6,703.9
2023-06-27 10:00:00+00:00,84.67,1243.3,538.1
2023-06-27 11:00:00+00:00,85.31,1376.7,451.4
2023-06-27 12:00:00+00:00,84.74,1435.0,397.5
2023-06-27 13:00:00+00:00,83.2,1416.6,414.7
2023-06-27 14:00:00+00:00,89.05,1320.8,483.1
2023-06-27 15:00:00+00:00,96.4,1133.1,552.5
2023-06-27 16:00:00+00:00,107.12,869.0,604.0
2023-06-27 17:00:00+00:00,115.7,552.0,670.6
2023-06-27 18:00:00+00:00,121.1,227.6,754.4
2023-06-27 19:00:00+00:00,127.6,39.5,912.3
2023-06-27 20:00:00+00:00,125.06,0.6,1058.6
2023-06-27 21:00:00+00:00,116.16,0.2,1068.4
2023-06-27 22:00:00+00:00,97.95,0.2,1014.9
2023-06-27 23:00:00+00:00,90.54,0.0,990.5
2023-06-28 00:00:00+00:00,87.0,0.0,968.3
2023-06-28 01:00:00+00:00,86.16,0.0,926.8
2023-06-28 02:00:00+00:00,86.16,0.0,951.2
2023-06-28 03:00:00+00:00,90.27,0.0,1037.7
2023-06-28 04:00:00+00:00,93.8,0.0,1021.6
2023-06-28 05:00:00+00:00,112.63,22.1,988.6
2023-06-28 06:00:00+00:00,120.1,186.3,918.9
2023-06-28 07:00:00+00:00,108.0,522.2,734.7
2023-06-28 08:00:00+00:00,101.89,887.6,541.9
2023-06-28 09:00:00+00:00,99.3,1190.0,371.1
2023-06-28 10:00:00+00:00,101.18,1388.0,298.09999999999997
2023-06-28 11:00:00+00:00,97.42,1497.0,336.4
2023-06-28 12:00:00+00:00,95.59,1517.0,437.1
2023-06-28 13:00:00+00:00,95.39,1487.8,631.4
2023-06-28 14:00:00+00:00,97.6,1395.4,873.5
2023-06-28 15:00:00+00:00,105.0,1205.9,1082.0
2023-06-28 16:00:00+00:00,105.0,910.7,1320.9
2023-06-28 17:00:00+00:00,115.24,548.5,1505.4
2023-06-28 18:00:00+00:00,122.93,219.1,1784.9
2023-06-28 19:00:00+00:00,130.9,37.6,1976.0
2023-06-28 20:00:00+00:00,130.0,0.6,2007.4
2023-06-28 21:00:00+00:00,121.1,0.2,2028.4
2023-06-28 22:00:00+00:00,119.46,0.2,2066.0
2023-06-28 23:00:00+00:00,110.06,0.0,2060.9
2023-06-29 00:00:00+00:00,107.51,0.0,2016.0
2023-06-29 01:00:00+00:00,104.5,0.0,2008.2
2023-06-29 02:00:00+00:00,97.09,0.0,2027.5
2023-06-29 03:00:00+00:00,101.54,0.0,2070.7
2023-06-29 04:00:00+00:00,113.97,0.0,2118.8
2023-06-29 05:00:00+00:00,129.29,25.5,2269.8
2023-06-29 06:00:00+00:00,127.5,220.3,2325.7
2023-06-29 07:00:00+00:00,116.39,601.2,2184.1
2023-06-29 08:00:00+00:00,105.95,985.2,2174.3
2023-06-29 09:00:00+00:00,98.6,1273.6,2160.0
2023-06-29 10:00:00+00:00,97.98,1459.4,2236.8
2023-06-29 11:00:00+00:00,96.88,1582.2,2389.8
2023-06-29 12:00:00+00:00,89.0,1600.2,2578.7
2023-06-29 13:00:00+00:00,85.0,1577.8,2718.1
2023-06-29 14:00:00+00:00,83.96,1497.7,2971.1
2023-06-29 15:00:00+00:00,83.51,1333.8,3087.4
2023-06-29 16:00:00+00:00,82.51,1065.3,3202.3
2023-06-29 17:00:00+00:00,83.9,692.9,3021.0
2023-06-29 18:00:00+00:00,97.96,279.0,2930.5
2023-06-29 19:00:00+00:00,122.03,48.4,2843.1
2023-06-29 20:00:00+00:00,124.76,0.7,2873.6
2023-06-29 21:00:00+00:00,112.63,0.2,2899.0
2023-06-29 22:00:00+00:00,115.04,0.2,2912.7
2023-06-29 23:00:00+00:00,103.41,0.0,2985.4
2023-06-30 00:00:00+00:00,96.68,0.0,3193.1
2023-06-30 01:00:00+00:00,85.13,0.0,3279.9
2023-06-30 02:00:00+00:00,83.08,0.0,3263.9
2023-06-30 03:00:00+00:00,85.0,0.0,3180.8
2023-06-30 04:00:00+00:00,92.13,0.0,3071.8
2023-06-30 05:00:00+00:00,116.7,27.6,2960.1
2023-06-30 06:00:00+00:00,114.33,229.2,2652.5
2023-06-30 07:00:00+00:00,90.0,630.2,2217.4
2023-06-30 08:00:00+00:00,79.1,1015.8,1717.3
2023-06-30 09:00:00+00:00,83.07,1250.5,1240.4
2023-06-30 10:00:00+00:00,86.87,1401.1,1105.5
2023-06-30 11:00:00+00:00,89.0,1520.1,1118.6
2023-06-30 12:00:00+00:00,86.87,1530.0,1256.9
2023-06-30 13:00:00+00:00,80.0,1486.9,1399.7
2023-06-30 14:00:00+00:00,80.0,1409.4,1568.2
2023-06-30 15:00:00+00:00,78.6,1234.8,1590.4
2023-06-30 16:00:00+00:00,86.9,988.7,1676.3
2023-06-30 17:00:00+00:00,111.08,662.7,1779.3
2023-06-30 18:00:00+00:00,118.05,279.9,1780.4
2023-06-30 19:00:00+00:00,118.05,45.8,1801.8
2023-06-30 20:00:00+00:00,123.2,0.8,1907.9
2023-06-30 21:00:00+00:00,115.4,0.2,1946.5
2023-06-30 22:00:00+00:00,102.51,0.1,1882.9
2023-06-30 23:00:00+00:00,102.51,0.0,1756.8
2023-07-01 00:00:00+00:00,89.19,0.0,1692.9
2023-07-01 01:00:00+00:00,87.5,0.0,1591.8
2023-07-01 02:00:00+00:00,86.79,0.0,1576.8
2023-07-01 03:00:00+00:00,85.0,0.0,1595.4
2023-07-01 04:00:00+00:00,85.0,0.0,1651.0
2023-07-01 05:00:00+00:00,80.0,25.1,1732.0
2023-07-01 06:00:00+00:00,67.0,220.2,1587.8
2023-07-01 07:00:00+00:00,81.4,601.2,1263.9
2023-07-01 08:00:00+00:00,81.7,950.2,905.9
2023-07-01 09:00:00+00:00,82.0,1209.3,638.5
2023-07-01 10:00:00+00:00,83.9,1380.7,444.4
2023-07-01 11:00:00+00:00,83.9,1464.0,365.3
2023-07-01 12:00:00+00:00,82.0,1495.6,416.5
2023-07-01 13:00:00+00:00,82.0,1475.1,498.8
2023-07-01 14:00:00+00:00,81.7,1400.2,643.7
2023-07-01 15:00:00+00:00,81.7,1236.3,801.4
2023-07-01 16:00:00+00:00,81.7,989.5,906.9
2023-07-01 17:00:00+00:00,81.4,649.5,1008.1
2023-07-01 18:00:00+00:00,82.14,268.5,1116.6
2023-07-01 19:00:00+00:00,119.05,43.6,1281.9
2023-07-01 20:00:00+00:00,120.2,0.6,1460.4
2023-07-01 21:00:00+00:00,115.8,0.2,1454.8
2023-07-01 22:00:00+00:00,107.59,0.2,1288.4
2023-07-01 23:00:00+00:00,85.2,0.0,1151.8
2023-07-02 00:00:00+00:00,84.6,0.0,1067.5
2023-07-02 01:00:00+00:00,72.68,0.0,1062.3
2023-07-02 02:00:00+00:00,72.68,0.0,1192.1
2023-07-02 03:00:00+00:00,72.68,0.0,1259.0
2023-07-02 04:00:00+00:00,72.68,0.0,1241.3
2023-07-02 05:00:00+00:00,70.0,23.8,1071.0
2023-07-02 06:00:00+00:00,75.0,219.8,970.6
2023-07-02 07:00:00+00:00,84.6,617.8,747.1
2023-07-02 08:00:00+00:00,84.9,1002.6,483.0
2023-07-02 09:00:00+00:00,85.2,1293.9,279.59999999999997
2023-07-02 10:00:00+00:00,69.0,1483.3,150.0
2023-07-02 11:00:00+00:00,75.0,1578.9,135.5
2023-07-02 12:00:00+00:00,61.0,1596.3,203.9
2023-07-02 13:00:00+00:00,94.38,1570.6,307.4
2023-07-02 14:00:00+00:00,89.19,1430.7,462.8
2023-07-02 15:00:00+00:00,85.2,1257.4,618.0
2023-07-02 16:00:00+00:00,108.35,1008.1,833.8
2023-07-02 17:00:00+00:00,25.0,664.0,1009.6
2023-07-02 18:00:00+00:00,108.35,277.4,1092.0
2023-07-02 19:00:00+00:00,124.57,45.7,1166.9
2023-07-02 20:00:00+00:00,130.0,0.5,1184.0
2023-07-02 21:00:00+00:00,125.9,0.1,1077.7
2023-07-02 22:00:00+00:00,129.29,0.4,963.1
2023-07-02 23:00:00+00:00,126.96,0.0,886.6
2023-07-03 00:00:00+00:00,112.97,0.0,804.4
2023-07-03 01:00:00+00:00,112.97,0.0,720.3
2023-07-03 02:00:00+00:00,121.5,0.0,690.3
2023-07-03 03:00:00+00:00,126.43,0.0,656.6
2023-07-03 04:00:00+00:00,129.29,0.0,625.7
2023-07-03 05:00:00+00:00,131.61,23.2,640.9
2023-07-03 06:00:00+00:00,129.3,215.5,623.7
2023-07-03 07:00:00+00:00,124.0,594.0,471.2
2023-07-03 08:00:00+00:00,112.97,959.2,330.9
2023-07-03 09:00:00+00:00,107.72,1238.9,263.4
2023-07-03 10:00:00+00:00,107.72,1430.0,329.2
2023-07-03 11:00:00+00:00,107.72,1530.0,496.0
2023-07-03 12:00:00+00:00,100.0,1535.0,716.6
2023-07-03 13:00:00+00:00,90.0,1522.7,1004.4000000000001
2023-07-03 14:00:00+00:00,88.08,1425.2,1498.9
2023-07-03 15:00:00+00:00,95.2,1267.8,1990.3
2023-07-03 16:00:00+00:00,97.84,1033.2,2303.3
2023-07-03 17:00:00+00:00,117.41,701.9,2465.7999999999997
2023-07-03 18:00:00+00:00,130.0,295.9,2408.4
2023-07-03 19:00:00+00:00,138.1,49.2,2240.0
2023-07-03 20:00:00+00:00,139.49,0.7,2331.5
2023-07-03 21:00:00+00:00,132.0,0.2,2263.1000000000004
2023-07-03 22:00:00+00:00,129.29,0.2,2150.2999999999997
2023-07-03 23:00:00+00:00,120.0,0.0,2102.1
2023-07-04 00:00:00+00:00,125.02,0.0,1979.2
2023-07-04 01:00:00+00:00,114.0,0.0,1961.2
2023-07-04 02:00:00+00:00,111.78,0.0,2016.3
2023-07-04 03:00:00+00:00,123.93,0.0,1985.0
2023-07-04 04:00:00+00:00,129.29,0.0,1969.9
2023-07-04 05:00:00+00:00,130.47,27.1,1962.0
2023-07-04 06:00:00+00:00,128.01,239.8,1895.8999999999999
2023-07-04 07:00:00+00:00,108.52,656.0,1658.1
2023-07-04 08:00:00+00:00,93.68,1047.3,1253.0
2023-07-04 09:00:00+00:00,92.0,1352.7,924.5
2023-07-04 10:00:00+00:00,91.78,1552.1,813.1
2023-07-04 11:00:00+00:00,91.78,1650.2,815.4
2023-07-04 12:00:00+00:00,87.78,1663.1,947.5
2023-07-04 13:00:00+00:00,84.99,1632.1,1225.0
2023-07-04 14:00:00+00:00,84.9,1556.6,1487.6000000000001
2023-07-04 15:00:00+00:00,93.68,1378.6,1666.4
2023-07-04 16:00:00+00:00,99.91,1094.6,1811.3000000000002
2023-07-04 17:00:00+00:00,125.64,728.3,1879.8999999999999
2023-07-04 18:00:00+00:00,133.88,300.2,1737.1
2023-07-04 19:00:00+00:00,140.7,49.3,1690.7
2023-07-04 20:00:00+00:00,139.82,0.7,1727.7
2023-07-04 21:00:00+00:00,132.0,0.2,1719.8
2023-07-04 22:00:00+00:00,118.83,0.2,1700.3999999999999
2023-07-04 23:00:00+00:00,106.74,0.0,1632.8000000000002
2023-07-05 00:00:00+00:00,98.81,0.0,1399.7
2023-07-05 01:00:00+00:00,94.84,0.0,1309.6
2023-07-05 02:00:00+00:00,93.32,0.0,1203.0
2023-07-05 03:00:00+00:00,94.84,0.0,1091.4
2023-07-05 04:00:00+00:00,121.48,0.0,1072.6000000000001
2023-07-05 05:00:00+00:00,128.95,24.4,1091.0
2023-07-05 06:00:00+00:00,122.0,200.3,1033.1
2023-07-05 07:00:00+00:00,108.01,556.3,765.5
2023-07-05 08:00:00+00:00,93.52,937.8,485.90000000000003
2023-07-05 09:00:00+00:00,93.52,1205.1,355.40000000000003
2023-07-05 10:00:00+00:00,93.62,1333.1,356.1
2023-07-05 11:00:00+00:00,95.0,1426.8,510.3
2023-07-05 12:00:00+00:00,93.02,1480.8,756.8
2023-07-05 13:00:00+00:00,91.0,1468.1,918.7
2023-07-05 14:00:00+00:00,90.1,1335.4,1137.8
2023-07-05 15:00:00+00:00,91.42,1251.3,1380.6
2023-07-05 16:00:00+00:00,93.32,1028.2,1482.6000000000001
2023-07-05 17:00:00+00:00,106.74,688.9,1515.1999999999998
2023-07-05 18:00:00+00:00,128.76,297.1,1576.9
2023-07-05 19:00:00+00:00,135.14,46.4,1704.3999999999999
2023-07-05 20:00:00+00:00,135.05,0.5,1767.5
2023-07-05 21:00:00+00:00,128.95,0.2,1805.3000000000002
2023-07-05 22:00:00+00:00,125.0,0.3,1787.0
2023-07-05 23:00:00+00:00,120.19,0.0,1724.8000000000002
2023-07-06 00:00:00+00:00,110.0,0.0,1635.0
2023-07-06 01:00:00+00:00,109.0,0.0,1570.7
2023-07-06 02:00:00+00:00,109.0,0.0,1534.5
2023-07-06 03:00:00+00:00,116.63,0.0,1446.3999999999999
2023-07-06 04:00:00+00:00,126.87,0.0,1329.6
2023-07-06 05:00:00+00:00,129.78,18.9,1180.6000000000001
2023-07-06 06:00:00+00:00,127.55,202.6,954.3000000000001
2023-07-06 07:00:00+00:00,116.89,556.0,677.6
2023-07-06 08:00:00+00:00,106.78,952.2,524.4
2023-07-06 09:00:00+00:00,92.0,1265.2,373.70000000000005
2023-07-06 10:00:00+00:00,98.08,1492.0,295.90000000000003
2023-07-06 11:00:00+00:00,89.5,1586.3,297.70000000000005
2023-07-06 12:00:00+00:00,86.67,1597.5,422.90000000000003
2023-07-06 13:00:00+00:00,85.02,1587.7,646.7
2023-07-06 14:00:00+00:00,88.1,1507.3,893.3000000000001
2023-07-06 15:00:00+00:00,98.93,1291.0,1069.1
2023-07-06 16:00:00+00:00,110.01,1015.6,1170.5
2023-07-06 17:00:00+00:00,120.81,673.3,1210.0
2023-07-06 18:00:00+00:00,131.15,278.3,1168.8
2023-07-06 19:00:00+00:00,131.83,43.6,1021.1
2023-07-06 20:00:00+00:00,129.85,0.7,954.9000000000001
2023-07-06 21:00:00+00:00,126.87,0.2,889.3000000000001
2023-07-06 22:00:00+00:00,123.2,0.2,837.5
2023-07-06 23:00:00+00:00,118.1,0.0,763.0999999999999
2023-07-07 00:00:00+00:00,114.49,0.0,718.1
2023-07-07 01:00:00+00:00,114.49,0.0,665.5
2023-07-07 02:00:00+00:00,112.82,0.0,634.9
2023-07-07 03:00:00+00:00,110.57,0.0,485.6
2023-07-07 04:00:00+00:00,120.0,0.0,352.1
2023-07-07 05:00:00+00:00,126.87,23.2,341.4
2023-07-07 06:00:00+00:00,120.55,222.6,359.1
2023-07-07 07:00:00+00:00,105.0,615.3,282.2
2023-07-07 08:00:00+00:00,95.86,1010.2,229.79999999999998
2023-07-07 09:00:00+00:00,84.95,1303.8,263.29999999999995
2023-07-07 10:00:00+00:00,84.0,1502.2,433.5
2023-07-07 11:00:00+00:00,80.0,1595.9,712.4
2023-07-07 12:00:00+00:00,64.98,1606.1,1197.7
2023-07-07 13:00:00+00:00,66.18,1571.5,1682.3999999999999
2023-07-07 14:00:00+00:00,80.1,1463.5,2106.0
2023-07-07 15:00:00+00:00,80.41,1285.9,2475.7
2023-07-07 16:00:00+00:00,83.12,1067.6,2519.3
2023-07-07 17:00:00+00:00,91.1,716.5,2452.5
2023-07-07 18:00:00+00:00,119.17,294.4,2375.7
2023-07-07 19:00:00+00:00,124.27,45.2,1973.4
2023-07-07 20:00:00+00:00,126.87,0.7,1652.2
2023-07-07 21:00:00+00:00,118.56,0.2,1861.4
2023-07-07 22:00:00+00:00,107.03,0.3,1857.4
2023-07-07 23:00:00+00:00,98.0,0.1,1646.3000000000002
2023-07-08 00:00:00+00:00,91.0,0.0,1632.2
2023-07-08 01:00:00+00:00,92.1,0.0,1291.5
2023-07-08 02:00:00+00:00,92.1,0.0,1075.1
2023-07-08 03:00:00+00:00,98.0,0.0,1040.2
2023-07-08 04:00:00+00:00,102.6,0.0,895.2
2023-07-08 05:00:00+00:00,109.37,20.4,758.1999999999999
2023-07-08 06:00:00+00:00,88.0,169.3,574.0
2023-07-08 07:00:00+00:00,80.61,467.2,456.90000000000003
2023-07-08 08:00:00+00:00,73.14,786.4,412.8
2023-07-08 09:00:00+00:00,60.76,1060.8,479.0
2023-07-08 10:00:00+00:00,60.0,1230.5,622.0
2023-07-08 11:00:00+00:00,60.0,1339.8,722.5
2023-07-08 12:00:00+00:00,55.5,1391.7,873.5
2023-07-08 13:00:00+00:00,55.0,1436.6,1010.3000000000001
2023-07-08 14:00:00+00:00,60.9,1441.0,1122.8000000000002
2023-07-08 15:00:00+00:00,83.4,1317.0,1172.6
2023-07-08 16:00:00+00:00,86.02,1058.4,1132.1
2023-07-08 17:00:00+00:00,109.98,717.6,1162.9
2023-07-08 18:00:00+00:00,128.76,302.0,1052.7
2023-07-08 19:00:00+00:00,132.86,45.0,1010.7
2023-07-08 20:00:00+00:00,129.7,0.2,1035.8
2023-07-08 21:00:00+00:00,126.65,0.1,1001.7
2023-07-08 22:00:00+00:00,116.46,0.1,971.1
2023-07-08 23:00:00+00:00,111.75,0.1,998.6
2023-07-09 00:00:00+00:00,110.07,0.1,990.6
2023-07-09 01:00:00+00:00,110.55,0.1,1160.8
2023-07-09 02:00:00+00:00,106.0,0.0,1312.5
2023-07-09 03:00:00+00:00,106.11,0.0,1235.5
2023-07-09 04:00:00+00:00,106.0,0.0,1145.1000000000001
2023-07-09 05:00:00+00:00,97.0,20.8,1140.1000000000001
2023-07-09 06:00:00+00:00,86.02,216.1,991.2
2023-07-09 07:00:00+00:00,76.93,659.9,775.6
2023-07-09 08:00:00+00:00,60.0,1075.3,520.1
2023-07-09 09:00:00+00:00,54.9,1378.7,309.4
2023-07-09 10:00:00+00:00,54.9,1587.3,290.7
2023-07-09 11:00:00+00:00,55.2,1673.9,331.9
2023-07-09 12:00:00+00:00,50.0,1688.4,482.4
2023-07-09 13:00:00+00:00,55.31,1666.1,639.3
2023-07-09 14:00:00+00:00,72.87,1582.2,803.1
2023-07-09 15:00:00+00:00,82.4,1404.0,888.5
2023-07-09 16:00:00+00:00,85.71,1129.5,1029.8000000000002
2023-07-09 17:00:00+00:00,100.0,748.5,1154.1
2023-07-09 18:00:00+00:00,127.02,304.4,1080.8999999999999
2023-07-09 19:00:00+00:00,134.1,47.3,970.6999999999999
2023-07-09 20:00:00+00:00,133.09,0.3,949.3000000000001
2023-07-09 21:00:00+00:00,126.96,0.1,954.6999999999999
2023-07-09 22:00:00+00:00,113.8,0.2,899.0
2023-07-09 23:00:00+00:00,106.59,0.1,885.3
2023-07-10 00:00:00+00:00,94.3,0.1,914.8000000000001
2023-07-10 01:00:00+00:00,91.94,0.1,926.1
2023-07-10 02:00:00+00:00,93.31,0.1,926.9
2023-07-10 03:00:00+00:00,105.0,0.0,926.6
2023-07-10 04:00:00+00:00,114.92,0.0,940.8000000000001
2023-07-10 05:00:00+00:00,126.87,21.1,947.9
2023-07-10 06:00:00+00:00,131.15,223.8,905.8
2023-07-10 07:00:00+00:00,117.95,644.0,747.0
2023-07-10 08:00:00+00:00,105.28,1025.9,500.5
2023-07-10 09:00:00+00:00,101.1,1298.0,308.8
2023-07-10 10:00:00+00:00,95.0,1480.8,229.4
2023-07-10 11:00:00+00:00,94.81,1576.2,233.20000000000002
2023-07-10 12:00:00+00:00,91.0,1584.9,274.0
2023-07-10 13:00:00+00:00,91.34,1555.7,388.7
2023-07-10 14:00:00+00:00,88.32,1481.5,590.4
2023-07-10 15:00:00+00:00,95.05,1319.4,781.5
2023-07-10 16:00:00+00:00,97.0,1068.0,931.5
2023-07-10 17:00:00+00:00,113.0,716.2,1046.1
2023-07-10 18:00:00+00:00,133.43,295.2,993.8000000000001
2023-07-10 19:00:00+00:00,151.65,46.5,1015.5999999999999
2023-07-10 20:00:00+00:00,151.65,0.2,1120.0
2023-07-10 21:00:00+00:00,133.7,0.1,1161.9
2023-07-10 22:00:00+00:00,124.41,0.1,1099.9
2023-07-10 23:00:00+00:00,112.75,0.0,1058.9
2023-07-11 00:00:00+00:00,104.28,0.0,1092.0
2023-07-11 01:00:00+00:00,104.28,0.0,1066.3000000000002
2023-07-11 02:00:00+00:00,101.45,0.0,1094.3
2023-07-11 03:00:00+00:00,104.28,0.0,1189.7
2023-07-11 04:00:00+00:00,113.79,0.0,1280.3
2023-07-11 05:00:00+00:00,121.9,18.7,1266.0
2023-07-11 06:00:00+00:00,120.95,218.1,1218.3999999999999
2023-07-11 07:00:00+00:00,105.1,635.9,1203.3999999999999
2023-07-11 08:00:00+00:00,97.72,1027.8,1053.7
2023-07-11 09:00:00+00:00,99.08,1333.4,904.6999999999999
2023-07-11 10:00:00+00:00,96.0,1526.1,811.9
2023-07-11 11:00:00+00:00,92.5,1626.2,812.8000000000001
2023-07-11 12:00:00+00:00,90.1,1639.0,1175.4
2023-07-11 13:00:00+00:00,87.12,1581.0,1510.0
2023-07-11 14:00:00+00:00,89.02,1486.6,1763.0
2023-07-11 15:00:00+00:00,90.71,1315.6,1994.6
2023-07-11 16:00:00+00:00,92.61,1088.2,2025.9
2023-07-11 17:00:00+00:00,109.93,736.7,1860.3999999999999
2023-07-11 18:00:00+00:00,126.87,296.7,1625.8999999999999
2023-07-11 19:00:00+00:00,128.21,36.5,1570.5
2023-07-11 20:00:00+00:00,125.95,0.3,1597.6999999999998
2023-07-11 21:00:00+00:00,113.86,0.2,1603.2
2023-07-11 22:00:00+00:00,98.47,0.2,1628.3999999999999
2023-07-11 23:00:00+00:00,91.0,0.1,1523.6
2023-07-12 00:00:00+00:00,90.0,0.0,1467.2
2023-07-12 01:00:00+00:00,90.1,0.0,1564.1
2023-07-12 02:00:00+00:00,90.71,0.0,1599.3
2023-07-12 03:00:00+00:00,91.0,0.0,1695.8
2023-07-12 04:00:00+00:00,101.39,0.0,1588.0
2023-07-12 05:00:00+00:00,117.29,17.1,1522.8
2023-07-12 06:00:00+00:00,120.0,169.0,1576.6
2023-07-12 07:00:00+00:00,107.18,532.0,1528.5
2023-07-12 08:00:00+00:00,97.37,935.6,1180.0
2023-07-12 09:00:00+00:00,92.2,1277.2,914.6
2023-07-12 10:00:00+00:00,95.31,1485.6,813.1
2023-07-12 11:00:00+00:00,91.0,1589.0,776.8000000000001
2023-07-12 12:00:00+00:00,89.52,1602.7,885.1999999999999
2023-07-12 13:00:00+00:00,88.44,1540.1,1240.5
2023-07-12 14:00:00+00:00,86.75,1458.8,1403.1999999999998
2023-07-12 15:00:00+00:00,88.72,1297.8,1573.6999999999998
2023-07-12 16:00:00+00:00,93.91,1015.4,1597.1000000000001
2023-07-12 17:00:00+00:00,109.19,664.9,1717.2
2023-07-12 18:00:00+00:00,117.96,266.4,1663.0
2023-07-12 19:00:00+00:00,123.0,36.7,1627.1999999999998
2023-07-12 20:00:00+00:00,123.79,0.4,1684.6000000000001
2023-07-12 21:00:00+00:00,114.2,0.2,1661.5
2023-07-12 22:00:00+00:00,105.24,0.2,1683.2
2023-07-12 23:00:00+00:00,93.38,0.0,1693.3999999999999
2023-07-13 00:00:00+00:00,90.0,0.0,1640.5
2023-07-13 01:00:00+00:00,89.52,0.0,1526.9
2023-07-13 02:00:00+00:00,89.52,0.0,1373.7
2023-07-13 03:00:00+00:00,92.0,0.0,1287.1
2023-07-13 04:00:00+00:00,105.38,0.0,1294.0
2023-07-13 05:00:00+00:00,117.85,15.7,1212.3
2023-07-13 06:00:00+00:00,119.1,189.0,1057.3
2023-07-13 07:00:00+00:00,104.68,585.1,789.0999999999999
2023-07-13 08:00:00+00:00,92.13,971.9,471.4
2023-07-13 09:00:00+00:00,88.72,1255.3,335.5
2023-07-13 10:00:00+00:00,90.66,1465.9,259.1
2023-07-13 11:00:00+00:00,90.1,1602.1,260.2
2023-07-13 12:00:00+00:00,90.1,1628.4,268.1
2023-07-13 13:00:00+00:00,90.0,1582.9,322.8
2023-07-13 14:00:00+00:00,89.52,1499.7,466.1
2023-07-13 15:00:00+00:00,90.55,1331.1,625.2
2023-07-13 16:00:00+00:00,96.09,1076.8,826.7
2023-07-13 17:00:00+00:00,117.0,721.9,1006.9
2023-07-13 18:00:00+00:00,132.14,293.6,1119.0
2023-07-13 19:00:00+00:00,137.31,42.5,1105.6
2023-07-13 20:00:00+00:00,130.13,0.4,1081.0
2023-07-13 21:00:00+00:00,117.72,0.2,982.0
2023-07-13 22:00:00+00:00,117.95,0.2,1019.6
2023-07-13 23:00:00+00:00,110.0,0.1,1110.3
2023-07-14 00:00:00+00:00,105.0,0.0,1236.4
2023-07-14 01:00:00+00:00,101.14,0.0,1393.1999999999998
2023-07-14 02:00:00+00:00,92.13,0.0,1498.7
2023-07-14 03:00:00+00:00,91.43,0.0,1471.3999999999999
2023-07-14 04:00:00+00:00,100.0,0.0,1366.2
2023-07-14 05:00:00+00:00,104.79,16.3,1342.3
2023-07-14 06:00:00+00:00,104.39,194.3,1217.6
2023-07-14 07:00:00+00:00,85.07,579.8,904.6
2023-07-14 08:00:00+00:00,81.99,1012.3,672.6999999999999
2023-07-14 09:00:00+00:00,80.0,1304.8,657.5
2023-07-14 10:00:00+00:00,73.9,1500.7,774.5
2023-07-14 11:00:00+00:00,64.34,1581.7,1046.8
2023-07-14 12:00:00+00:00,60.2,1602.9,1414.2
2023-07-14 13:00:00+00:00,50.83,1568.3,1700.6999999999998
2023-07-14 14:00:00+00:00,45.68,1480.9,1880.0
2023-07-14 15:00:00+00:00,57.42,1313.1,1843.4
2023-07-14 16:00:00+00:00,70.72,1051.2,1934.8
2023-07-14 17:00:00+00:00,80.7,690.7,1969.7
2023-07-14 18:00:00+00:00,101.75,271.1,1758.3
2023-07-14 19:00:00+00:00,110.0,38.6,1659.3
2023-07-14 20:00:00+00:00,118.0,0.3,1560.5
2023-07-14 21:00:00+00:00,102.05,0.2,1470.3000000000002
2023-07-14 22:00:00+00:00,108.75,0.2,1653.7
2023-07-14 23:00:00+00:00,99.02,0.0,1993.7
2023-07-15 00:00:00+00:00,90.0,0.0,2207.5
2023-07-15 01:00:00+00:00,90.0,0.0,2297.1000000000004
2023-07-15 02:00:00+00:00,86.03,0.0,2376.4
2023-07-15 03:00:00+00:00,86.03,0.0,2273.0
2023-07-15 04:00:00+00:00,91.23,0.0,2073.7999999999997
2023-07-15 05:00:00+00:00,91.0,10.0,1918.3999999999999
2023-07-15 06:00:00+00:00,76.26,137.9,1661.4
2023-07-15 07:00:00+00:00,61.69,462.0,1432.6
2023-07-15 08:00:00+00:00,50.54,845.0,1384.3
2023-07-15 09:00:00+00:00,45.0,1168.6,1503.7
2023-07-15 10:00:00+00:00,45.0,1390.7,1570.1
2023-07-15 11:00:00+00:00,45.0,1478.2,1553.3999999999999
2023-07-15 12:00:00+00:00,27.68,1535.7,1449.0
2023-07-15 13:00:00+00:00,22.73,1585.7,1466.0
2023-07-15 14:00:00+00:00,19.32,1564.1,1495.8999999999999
2023-07-15 15:00:00+00:00,19.32,1419.6,1513.9
2023-07-15 16:00:00+00:00,30.0,1138.5,1616.8
2023-07-15 17:00:00+00:00,66.81,753.1,1774.8
2023-07-15 18:00:00+00:00,89.0,298.1,1990.9
2023-07-15 19:00:00+00:00,107.02,40.4,1947.8999999999999
2023-07-15 20:00:00+00:00,107.02,0.3,1768.2
2023-07-15 21:00:00+00:00,103.0,0.2,1692.1000000000001
2023-07-15 22:00:00+00:00,80.02,0.3,1644.2
2023-07-15 23:00:00+00:00,72.17,0.0,1728.1000000000001
2023-07-16 00:00:00+00:00,70.81,0.0,1799.2
2023-07-16 01:00:00+00:00,69.71,0.0,1791.1000000000001
2023-07-16 02:00:00+00:00,69.71,0.0,1758.3000000000002
2023-07-16 03:00:00+00:00,71.63,0.0,1651.0
2023-07-16 04:00:00+00:00,79.98,0.0,1568.5
2023-07-16 05:00:00+00:00,79.98,16.3,1477.3999999999999
2023-07-16 06:00:00+00:00,69.71,205.2,1312.0
2023-07-16 07:00:00+00:00,26.98,639.2,1109.1000000000001
2023-07-16 08:00:00+00:00,25.0,1081.8,962.5
2023-07-16 09:00:00+00:00,25.0,1403.8,848.3
2023-07-16 10:00:00+00:00,25.0,1612.9,768.9
2023-07-16 11:00:00+00:00,25.02,1712.2,792.5
2023-07-16 12:00:00+00:00,25.0,1732.3,871.4000000000001
2023-07-16 13:00:00+00:00,20.0,1709.4,1015.6
2023-07-16 14:00:00+00:00,15.69,1622.3,1179.4
2023-07-16 15:00:00+00:00,15.69,1448.9,1298.3999999999999
2023-07-16 16:00:00+00:00,34.6,1165.6,1373.6
2023-07-16 17:00:00+00:00,93.82,771.4,1387.5
2023-07-16 18:00:00+00:00,100.98,306.8,1387.3999999999999
2023-07-16 19:00:00+00:00,110.72,43.7,1324.2
2023-07-16 20:00:00+00:00,114.95,0.4,1316.8
2023-07-16 21:00:00+00:00,110.0,0.2,1348.3
2023-07-16 22:00:00+00:00,90.68,0.3,1426.4
2023-07-16 23:00:00+00:00,73.32,0.0,1446.6
2023-07-17 00:00:00+00:00,71.05,0.1,1423.9
2023-07-17 01:00:00+00:00,70.0,0.0,1399.5
2023-07-17 02:00:00+00:00,70.59,0.0,1362.4
2023-07-17 03:00:00+00:00,71.0,0.0,1426.9
2023-07-17 04:00:00+00:00,85.01,0.0,1571.3000000000002
2023-07-17 05:00:00+00:00,109.5,15.0,1632.9
2023-07-17 06:00:00+00:00,110.85,192.1,1516.7
2023-07-17 07:00:00+00:00,96.08,578.2,1096.8999999999999
2023-07-17 08:00:00+00:00,77.4,965.6,695.0
2023-07-17 09:00:00+00:00,73.52,1243.3,423.6
2023-07-17 10:00:00+00:00,81.01,1433.2,344.9
2023-07-17 11:00:00+00:00,73.52,1544.0,326.8
2023-07-17 12:00:00+00:00,73.32,1578.6,304.1
2023-07-17 13:00:00+00:00,73.02,1548.6,335.79999999999995
2023-07-17 14:00:00+00:00,73.02,1465.2,436.7
2023-07-17 15:00:00+00:00,75.36,1286.1,523.0
2023-07-17 16:00:00+00:00,84.24,1021.0,596.7
2023-07-17 17:00:00+00:00,90.0,658.1,686.5
2023-07-17 18:00:00+00:00,113.98,259.6,757.5
2023-07-17 19:00:00+00:00,125.0,38.2,829.0
2023-07-17 20:00:00+00:00,126.44,0.4,951.1999999999999
2023-07-17 21:00:00+00:00,111.49,0.2,1093.8
2023-07-17 22:00:00+00:00,100.28,0.2,1204.5
2023-07-17 23:00:00+00:00,91.8,0.0,1217.9
2023-07-18 00:00:00+00:00,91.1,0.0,1111.3
2023-07-18 01:00:00+00:00,91.8,0.0,941.5
2023-07-18 02:00:00+00:00,89.99,0.0,760.9
2023-07-18 03:00:00+00:00,91.8,0.0,678.2
2023-07-18 04:00:00+00:00,96.88,0.0,518.2
2023-07-18 05:00:00+00:00,108.65,11.0,325.0
2023-07-18 06:00:00+00:00,110.0,152.7,350.7
2023-07-18 07:00:00+00:00,97.75,475.5,346.0
2023-07-18 08:00:00+00:00,91.8,751.5,296.3
2023-07-18 09:00:00+00:00,89.74,953.7,236.5
2023-07-18 10:00:00+00:00,84.74,1142.5,248.6
2023-07-18 11:00:00+00:00,82.7,1258.4,232.7
2023-07-18 12:00:00+00:00,81.66,1319.2,235.6
2023-07-18 13:00:00+00:00,81.9,1243.0,318.3
2023-07-18 14:00:00+00:00,84.78,1113.1,410.0
2023-07-18 15:00:00+00:00,96.9,917.4,559.3
2023-07-18 16:00:00+00:00,98.85,704.9,710.9
2023-07-18 17:00:00+00:00,98.85,456.1,830.6999999999999
2023-07-18 18:00:00+00:00,110.31,215.4,867.3
2023-07-18 19:00:00+00:00,120.01,37.8,917.0
2023-07-18 20:00:00+00:00,118.0,0.5,999.6
2023-07-18 21:00:00+00:00,109.3,0.2,904.8
2023-07-18 22:00:00+00:00,108.11,0.2,867.9
2023-07-18 23:00:00+00:00,101.2,0.1,813.7
2023-07-19 00:00:00+00:00,97.25,0.0,737.5
2023-07-19 01:00:00+00:00,92.1,0.0,657.6
2023-07-19 02:00:00+00:00,89.84,0.0,526.1999999999999
2023-07-19 03:00:00+00:00,90.1,0.0,423.70000000000005
2023-07-19 04:00:00+00:00,97.5,0.0,373.7
2023-07-19 05:00:00+00:00,105.06,11.5,434.8
2023-07-19 06:00:00+00:00,111.3,169.7,440.40000000000003
2023-07-19 07:00:00+00:00,99.9,537.7,349.0
2023-07-19 08:00:00+00:00,93.08,925.6,240.6
2023-07-19 09:00:00+00:00,87.0,1216.0,167.20000000000002
2023-07-19 10:00:00+00:00,87.3,1420.8,189.6
2023-07-19 11:00:00+00:00,87.0,1535.7,239.60000000000002
2023-07-19 12:00:00+00:00,83.52,1567.6,355.2
2023-07-19 13:00:00+00:00,81.42,1535.3,455.5
2023-07-19 14:00:00+00:00,78.0,1465.4,621.4
2023-07-19 15:00:00+00:00,77.09,1316.7,897.4
2023-07-19 16:00:00+00:00,82.72,1057.2,1157.4
2023-07-19 17:00:00+00:00,99.0,688.2,1346.7
2023-07-19 18:00:00+00:00,102.33,274.7,1569.9
2023-07-19 19:00:00+00:00,113.04,38.1,1622.3
2023-07-19 20:00:00+00:00,116.03,0.6,1775.4
2023-07-19 21:00:00+00:00,102.63,0.2,1734.7
2023-07-19 22:00:00+00:00,101.12,0.3,1702.0
2023-07-19 23:00:00+00:00,94.5,0.0,1713.4
2023-07-20 00:00:00+00:00,90.1,0.0,1760.1
2023-07-20 01:00:00+00:00,90.09,0.0,1815.2
2023-07-20 02:00:00+00:00,90.0,0.0,1789.8
2023-07-20 03:00:00+00:00,96.0,0.0,1760.4
2023-07-20 04:00:00+00:00,101.73,0.0,1616.7
2023-07-20 05:00:00+00:00,109.99,11.3,1478.8
2023-07-20 06:00:00+00:00,111.45,155.5,1324.8999999999999
2023-07-20 07:00:00+00:00,101.28,534.6,1118.1
2023-07-20 08:00:00+00:00,97.0,980.7,942.5
2023-07-20 09:00:00+00:00,96.0,1276.8,861.5999999999999
2023-07-20 10:00:00+00:00,92.0,1475.7,932.4000000000001
2023-07-20 11:00:00+00:00,80.85,1590.6,1223.0
2023-07-20 12:00:00+00:00,76.72,1624.6,1629.8999999999999
2023-07-20 13:00:00+00:00,75.03,1597.5,1901.5
2023-07-20 14:00:00+00:00,77.31,1552.5,2133.2000000000003
2023-07-20 15:00:00+00:00,77.45,1377.7,2448.7
2023-07-20 16:00:00+00:00,75.25,1112.4,2753.0
2023-07-20 17:00:00+00:00,85.0,724.8,2874.7
2023-07-20 18:00:00+00:00,101.46,278.6,2826.7
2023-07-20 19:00:00+00:00,110.8,34.2,2622.9
2023-07-20 20:00:00+00:00,112.47,0.7,2473.9
2023-07-20 21:00:00+00:00,107.84,0.2,2325.9
2023-07-20 22:00:00+00:00,103.05,0.3,2156.7
2023-07-20 23:00:00+00:00,88.94,0.1,2115.2
2023-07-21 00:00:00+00:00,82.0,0.0,1997.9
2023-07-21 01:00:00+00:00,82.0,0.0,1903.0
2023-07-21 02:00:00+00:00,82.0,0.0,1819.3
2023-07-21 03:00:00+00:00,88.0,0.0,1694.7
2023-07-21 04:00:00+00:00,102.0,0.0,1592.0
2023-07-21 05:00:00+00:00,109.38,10.5,1392.7
2023-07-21 06:00:00+00:00,111.51,170.2,1222.6
2023-07-21 07:00:00+00:00,103.09,541.5,956.6
2023-07-21 08:00:00+00:00,95.35,898.5,702.8
2023-07-21 09:00:00+00:00,91.72,1194.2,564.9
2023-07-21 10:00:00+00:00,88.0,1408.1,483.7
2023-07-21 11:00:00+00:00,91.72,1508.7,506.1
2023-07-21 12:00:00+00:00,85.0,1548.4,661.5
2023-07-21 13:00:00+00:00,76.86,1506.4,885.8
2023-07-21 14:00:00+00:00,75.2,1418.3,1162.0
2023-07-21 15:00:00+00:00,74.9,1261.1,1371.5
2023-07-21 16:00:00+00:00,79.94,991.8,1581.3999999999999
2023-07-21 17:00:00+00:00,91.72,634.8,1696.0
2023-07-21 18:00:00+00:00,103.09,242.9,1564.8999999999999
2023-07-21 19:00:00+00:00,106.5,33.9,1520.8
2023-07-21 20:00:00+00:00,111.38,0.6,1429.1
2023-07-21 21:00:00+00:00,105.0,0.2,1421.0
2023-07-21 22:00:00+00:00,98.14,0.2,1376.2
2023-07-21 23:00:00+00:00,105.01,0.0,1340.0
2023-07-22 00:00:00+00:00,105.0,0.0,1337.0
2023-07-22 01:00:00+00:00,102.38,0.0,1474.1
2023-07-22 02:00:00+00:00,100.0,0.0,1665.8999999999999
2023-07-22 03:00:00+00:00,95.01,0.0,1711.8999999999999
2023-07-22 04:00:00+00:00,103.05,0.0,1711.5
2023-07-22 05:00:00+00:00,105.0,10.0,1545.7
2023-07-22 06:00:00+00:00,102.01,144.8,1352.7
2023-07-22 07:00:00+00:00,82.16,437.9,1015.2
2023-07-22 08:00:00+00:00,75.9,869.8,652.9
2023-07-22 09:00:00+00:00,75.9,1206.9,436.4
2023-07-22 10:00:00+00:00,75.9,1473.7,341.4
2023-07-22 11:00:00+00:00,75.9,1597.5,369.5
2023-07-22 12:00:00+00:00,74.5,1648.1,482.7
2023-07-22 13:00:00+00:00,70.9,1631.6,690.8
2023-07-22 14:00:00+00:00,69.6,1555.1,850.2
2023-07-22 15:00:00+00:00,71.5,1376.6,1048.3
2023-07-22 16:00:00+00:00,80.0,1094.7,1313.9
2023-07-22 17:00:00+00:00,93.81,708.0,1405.3
2023-07-22 18:00:00+00:00,110.09,269.6,1477.1
2023-07-22 19:00:00+00:00,113.4,33.0,1466.7
2023-07-22 20:00:00+00:00,115.67,0.5,1423.0
2023-07-22 21:00:00+00:00,112.47,0.2,1328.0
2023-07-22 22:00:00+00:00,106.03,0.2,1181.6
2023-07-22 23:00:00+00:00,103.01,0.0,1075.2
2023-07-23 00:00:00+00:00,96.48,0.0,983.1
2023-07-23 01:00:00+00:00,95.67,0.0,937.3
2023-07-23 02:00:00+00:00,93.16,0.0,895.4
2023-07-23 03:00:00+00:00,94.1,0.0,881.5
2023-07-23 04:00:00+00:00,93.16,0.0,847.7
2023-07-23 05:00:00+00:00,89.0,10.2,837.1999999999999
2023-07-23 06:00:00+00:00,77.61,174.2,779.6
2023-07-23 07:00:00+00:00,70.0,591.5,704.6
2023-07-23 08:00:00+00:00,36.0,1017.2,619.5
2023-07-23 09:00:00+00:00,25.6,1328.3,574.6999999999999
2023-07-23 10:00:00+00:00,25.6,1545.5,680.5
2023-07-23 11:00:00+00:00,25.6,1658.7,802.2
2023-07-23 12:00:00+00:00,4.59,1683.5,996.8
2023-07-23 13:00:00+00:00,1.88,1662.7,1246.5
2023-07-23 14:00:00+00:00,0.0,1579.2,1715.8
2023-07-23 15:00:00+00:00,4.1,1388.5,2179.8
2023-07-23 16:00:00+00:00,20.1,1117.6,2366.1
2023-07-23 17:00:00+00:00,70.65,729.2,2465.3999999999996
2023-07-23 18:00:00+00:00,90.0,266.3,2458.5
2023-07-23 19:00:00+00:00,99.0,32.4,2544.2
2023-07-23 20:00:00+00:00,113.0,0.6,2629.2
2023-07-23 21:00:00+00:00,114.95,0.2,2532.4
2023-07-23 22:00:00+00:00,103.39,0.3,2393.2
2023-07-23 23:00:00+00:00,101.0,0.1,2319.3999999999996
2023-07-24 00:00:00+00:00,88.39,0.1,2223.7000000000003
2023-07-24 01:00:00+00:00,83.1,0.0,2142.0
2023-07-24 02:00:00+00:00,82.23,0.0,2104.0
2023-07-24 03:00:00+00:00,91.1,0.0,1967.3
2023-07-24 04:00:00+00:00,105.43,0.0,1750.1
2023-07-24 05:00:00+00:00,105.64,7.8,1456.8999999999999
2023-07-24 06:00:00+00:00,105.64,129.6,1191.8999999999999
2023-07-24 07:00:00+00:00,105.0,382.7,1045.4
2023-07-24 08:00:00+00:00,99.94,690.2,1167.1
2023-07-24 09:00:00+00:00,94.62,1042.2,1350.6
2023-07-24 10:00:00+00:00,87.56,1306.6,1349.0
2023-07-24 11:00:00+00:00,81.76,1473.1,1437.2
2023-07-24 12:00:00+00:00,75.0,1594.0,1708.0
2023-07-24 13:00:00+00:00,68.0,1611.2,1948.5
2023-07-24 14:00:00+00:00,66.2,1545.4,2192.3
2023-07-24 15:00:00+00:00,67.9,1356.8,2548.5
2023-07-24 16:00:00+00:00,67.3,1097.4,2557.4
2023-07-24 17:00:00+00:00,70.9,706.5,2540.3
2023-07-24 18:00:00+00:00,102.0,267.3,2628.6
2023-07-24 19:00:00+00:00,105.25,33.2,2413.2
2023-07-24 20:00:00+00:00,105.84,0.5,2166.3999999999996
2023-07-24 21:00:00+00:00,103.39,0.2,1995.3
2023-07-24 22:00:00+00:00,99.87,0.2,1844.7
2023-07-24 23:00:00+00:00,90.43,0.0,1754.1000000000001
2023-07-25 00:00:00+00:00,90.1,0.0,1648.4
2023-07-25 01:00:00+00:00,89.87,0.0,1549.7
2023-07-25 02:00:00+00:00,86.99,0.0,1635.1999999999998
2023-07-25 03:00:00+00:00,90.43,0.0,1754.9
2023-07-25 04:00:00+00:00,103.0,0.0,1845.0
2023-07-25 05:00:00+00:00,103.84,10.4,1890.3000000000002
2023-07-25 06:00:00+00:00,103.39,183.5,1802.9
2023-07-25 07:00:00+00:00,99.0,606.4,1683.5
2023-07-25 08:00:00+00:00,89.71,1026.4,1480.1
2023-07-25 09:00:00+00:00,78.0,1335.1,1241.5
2023-07-25 10:00:00+00:00,76.0,1539.3,1031.8
2023-07-25 11:00:00+00:00,78.0,1653.0,905.4
2023-07-25 12:00:00+00:00,73.0,1682.6,890.3000000000001
2023-07-25 13:00:00+00:00,72.2,1655.4,1004.6999999999999
2023-07-25 14:00:00+00:00,71.5,1571.9,1168.0
2023-07-25 15:00:00+00:00,71.5,1399.3,1330.5
2023-07-25 16:00:00+00:00,72.0,1130.0,1492.8999999999999
2023-07-25 17:00:00+00:00,89.71,734.7,1592.1
2023-07-25 18:00:00+00:00,110.38,277.6,1573.1
2023-07-25 19:00:00+00:00,120.01,32.1,1593.9
2023-07-25 20:00:00+00:00,110.84,0.6,1658.9
2023-07-25 21:00:00+00:00,105.45,0.2,1712.4
2023-07-25 22:00:00+00:00,105.0,0.2,1680.8
2023-07-25 23:00:00+00:00,96.94,0.1,1636.3
2023-07-26 00:00:00+00:00,92.1,0.1,1541.8
2023-07-26 01:00:00+00:00,95.38,0.0,1595.4
2023-07-26 02:00:00+00:00,92.1,0.0,1642.0
2023-07-26 03:00:00+00:00,94.87,0.0,1758.6
2023-07-26 04:00:00+00:00,103.84,0.0,1893.0
2023-07-26 05:00:00+00:00,108.8,9.6,1895.0
2023-07-26 06:00:00+00:00,111.15,178.6,1800.8
2023-07-26 07:00:00+00:00,107.85,597.0,1556.6000000000001
2023-07-26 08:00:00+00:00,99.81,1013.0,1180.8
2023-07-26 09:00:00+00:00,93.6,1305.6,831.6999999999999
2023-07-26 10:00:00+00:00,91.5,1493.3,585.0
2023-07-26 11:00:00+00:00,90.7,1602.4,363.0
2023-07-26 12:00:00+00:00,88.97,1626.8,288.8
2023-07-26 13:00:00+00:00,87.86,1603.3,244.7
2023-07-26 14:00:00+00:00,84.82,1520.3,338.2
2023-07-26 15:00:00+00:00,92.0,1346.8,531.5
2023-07-26 16:00:00+00:00,100.1,1080.1,835.0
2023-07-26 17:00:00+00:00,111.15,693.4,1079.7
2023-07-26 18:00:00+00:00,120.3,257.5,1230.6
2023-07-26 19:00:00+00:00,121.88,28.7,1306.4
2023-07-26 20:00:00+00:00,127.0,0.7,1263.4
2023-07-26 21:00:00+00:00,115.1,0.2,1214.3
2023-07-26 22:00:00+00:00,119.2,0.3,1272.3
2023-07-26 23:00:00+00:00,111.15,0.1,1228.5
2023-07-27 00:00:00+00:00,108.5,0.0,1163.6
2023-07-27 01:00:00+00:00,107.86,0.0,1087.9
2023-07-27 02:00:00+00:00,105.1,0.0,972.8
2023-07-27 03:00:00+00:00,107.86,0.0,859.7
2023-07-27 04:00:00+00:00,111.15,0.0,792.3
2023-07-27 05:00:00+00:00,113.35,6.7,773.3000000000001
2023-07-27 06:00:00+00:00,109.5,117.1,831.9
2023-07-27 07:00:00+00:00,99.12,392.8,933.5
2023-07-27 08:00:00+00:00,96.8,691.4,1034.1
2023-07-27 09:00:00+00:00,90.39,999.5,950.1
2023-07-27 10:00:00+00:00,86.45,1246.9,776.6
2023-07-27 11:00:00+00:00,80.01,1355.5,872.5
2023-07-27 12:00:00+00:00,78.33,1471.0,1030.3
2023-07-27 13:00:00+00:00,76.01,1519.5,1231.9
2023-07-27 14:00:00+00:00,73.6,1486.3,1383.6
2023-07-27 15:00:00+00:00,76.51,1342.2,1590.2
2023-07-27 16:00:00+00:00,77.84,1085.0,1845.9
2023-07-27 17:00:00+00:00,87.56,713.8,2029.8
2023-07-27 18:00:00+00:00,111.0,260.5,1953.8
2023-07-27 19:00:00+00:00,118.0,28.0,1757.1000000000001
2023-07-27 20:00:00+00:00,121.0,0.3,1663.0
2023-07-27 21:00:00+00:00,115.25,0.2,1598.6999999999998
2023-07-27 22:00:00+00:00,109.8,0.2,1506.2
2023-07-27 23:00:00+00:00,108.2,0.0,1441.2
2023-07-28 00:00:00+00:00,101.38,0.0,1329.1
2023-07-28 01:00:00+00:00,101.38,0.0,1102.3
2023-07-28 02:00:00+00:00,96.75,0.0,1018.1
2023-07-28 03:00:00+00:00,100.15,0.0,944.3000000000001
2023-07-28 04:00:00+00:00,107.0,0.0,923.6999999999999
2023-07-28 05:00:00+00:00,111.02,8.0,868.5
2023-07-28 06:00:00+00:00,112.99,165.1,718.1
2023-07-28 07:00:00+00:00,107.87,560.0,465.6
2023-07-28 08:00:00+00:00,99.54,952.6,332.5
2023-07-28 09:00:00+00:00,93.0,1298.6,259.6
2023-07-28 10:00:00+00:00,87.97,1546.1,263.4
2023-07-28 11:00:00+00:00,80.0,1648.9,328.9
2023-07-28 12:00:00+00:00,75.65,1684.9,564.2
2023-07-28 13:00:00+00:00,76.1,1645.9,857.0
2023-07-28 14:00:00+00:00,78.33,1561.1,1148.9
2023-07-28 15:00:00+00:00,78.52,1381.6,1454.3
2023-07-28 16:00:00+00:00,84.99,1103.3,1668.4
2023-07-28 17:00:00+00:00,100.15,696.7,2177.6000000000004
2023-07-28 18:00:00+00:00,110.82,252.0,2463.2999999999997
2023-07-28 19:00:00+00:00,113.82,25.6,2144.4
2023-07-28 20:00:00+00:00,113.09,0.6,1893.6
2023-07-28 21:00:00+00:00,109.5,0.2,1691.6
2023-07-28 22:00:00+00:00,103.09,0.2,1687.3999999999999
2023-07-28 23:00:00+00:00,100.07,0.0,1621.6000000000001
2023-07-29 00:00:00+00:00,99.1,0.0,1515.1999999999998
2023-07-29 01:00:00+00:00,99.1,0.0,1309.1000000000001
2023-07-29 02:00:00+00:00,98.48,0.0,1144.0
2023-07-29 03:00:00+00:00,99.0,0.0,1224.1
2023-07-29 04:00:00+00:00,100.0,0.0,1026.6
2023-07-29 05:00:00+00:00,99.1,7.6,703.5
2023-07-29 06:00:00+00:00,97.39,157.8,631.5
2023-07-29 07:00:00+00:00,81.71,544.0,480.8
2023-07-29 08:00:00+00:00,75.5,905.7,362.59999999999997
2023-07-29 09:00:00+00:00,96.1,1186.1,298.0
2023-07-29 10:00:00+00:00,93.86,1379.6,317.2
2023-07-29 11:00:00+00:00,90.1,1521.4,391.7
2023-07-29 12:00:00+00:00,83.0,1585.3,485.3
2023-07-29 13:00:00+00:00,79.22,1603.3,708.0999999999999
2023-07-29 14:00:00+00:00,72.59,1551.1,1015.1
2023-07-29 15:00:00+00:00,69.0,1383.8,1265.6
2023-07-29 16:00:00+00:00,73.1,1119.2,1536.7
2023-07-29 17:00:00+00:00,83.35,717.8,1762.1
2023-07-29 18:00:00+00:00,100.65,256.9,1748.2
2023-07-29 19:00:00+00:00,110.49,24.7,1618.3
2023-07-29 20:00:00+00:00,110.86,0.5,1424.5
2023-07-29 21:00:00+00:00,102.88,0.2,1284.5
2023-07-29 22:00:00+00:00,99.1,0.3,1275.3
2023-07-29 23:00:00+00:00,92.9,0.1,1306.0
2023-07-30 00:00:00+00:00,90.45,0.0,1296.6
2023-07-30 01:00:00+00:00,92.0,0.0,1331.9
2023-07-30 02:00:00+00:00,90.83,0.0,1382.9
2023-07-30 03:00:00+00:00,95.66,0.0,1418.9
2023-07-30 04:00:00+00:00,99.1,0.0,1455.0
2023-07-30 05:00:00+00:00,96.13,6.9,1423.5
2023-07-30 06:00:00+00:00,80.0,166.0,1244.5
2023-07-30 07:00:00+00:00,62.3,592.5,879.2
2023-07-30 08:00:00+00:00,66.99,1031.5,559.4
2023-07-30 09:00:00+00:00,67.12,1363.7,335.7
2023-07-30 10:00:00+00:00,67.12,1584.1,362.0
2023-07-30 11:00:00+00:00,67.12,1696.4,495.40000000000003
2023-07-30 12:00:00+00:00,60.01,1716.8,726.8
2023-07-30 13:00:00+00:00,38.98,1692.3,1032.3
2023-07-30 14:00:00+00:00,38.98,1612.1,1405.5
2023-07-30 15:00:00+00:00,38.98,1428.3,1693.1
2023-07-30 16:00:00+00:00,42.65,1140.6,1792.3
2023-07-30 17:00:00+00:00,75.83,731.4,1866.1
2023-07-30 18:00:00+00:00,98.48,259.7,1867.1000000000001
2023-07-30 19:00:00+00:00,112.82,24.3,1796.4
2023-07-30 20:00:00+00:00,113.93,0.7,1851.1000000000001
2023-07-30 21:00:00+00:00,110.95,0.2,1819.4
2023-07-30 22:00:00+00:00,99.03,0.3,1733.8000000000002
2023-07-30 23:00:00+00:00,91.43,0.0,1734.8999999999999
2023-07-31 00:00:00+00:00,85.0,0.0,1853.1
2023-07-31 01:00:00+00:00,88.0,0.0,1815.5
2023-07-31 02:00:00+00:00,91.1,0.0,1694.5
2023-07-31 03:00:00+00:00,96.94,0.0,1613.1
2023-07-31 04:00:00+00:00,103.7,0.0,1585.3
2023-07-31 05:00:00+00:00,106.96,7.0,1601.5
2023-07-31 06:00:00+00:00,99.0,166.3,1656.7
2023-07-31 07:00:00+00:00,94.85,591.8,1552.8
2023-07-31 08:00:00+00:00,84.12,1035.3,1384.3
2023-07-31 09:00:00+00:00,78.99,1362.4,1240.5
2023-07-31 10:00:00+00:00,78.99,1581.2,1067.6
2023-07-31 11:00:00+00:00,77.5,1682.3,1116.3999999999999
2023-07-31 12:00:00+00:00,74.51,1692.9,1436.5
2023-07-31 13:00:00+00:00,72.11,1682.4,1816.0
2023-07-31 14:00:00+00:00,70.5,1598.3,2279.0
2023-07-31 15:00:00+00:00,74.45,1412.1,2719.7999999999997
2023-07-31 16:00:00+00:00,78.3,1127.1,2981.3999999999996
2023-07-31 17:00:00+00:00,88.56,721.4,3128.8
2023-07-31 18:00:00+00:00,96.96,254.8,3020.8
2023-07-31 19:00:00+00:00,103.5,23.6,2884.7
2023-07-31 20:00:00+00:00,100.01,0.7,2773.2
2023-07-31 21:00:00+00:00,99.65,0.2,2734.2999999999997
2023-07-31 22:00:00+00:00,103.09,0.2,2859.4
2023-07-31 23:00:00+00:00,96.94,0.0,2872.8
2023-08-01 00:00:00+00:00,87.79,0.0,2788.7
2023-08-01 01:00:00+00:00,82.5,0.0,2659.8
2023-08-01 02:00:00+00:00,78.6,0.0,2607.1
2023-08-01 03:00:00+00:00,79.26,0.0,2538.6
2023-08-01 04:00:00+00:00,93.86,0.0,2540.3
2023-08-01 05:00:00+00:00,94.69,6.0,2667.6
2023-08-01 06:00:00+00:00,100.98,153.6,2369.8
2023-08-01 07:00:00+00:00,87.76,573.6,2019.1000000000001
2023-08-01 08:00:00+00:00,76.5,1001.7,1739.3999999999999
2023-08-01 09:00:00+00:00,78.99,1284.5,1593.4
2023-08-01 10:00:00+00:00,78.99,1474.6,1373.1
2023-08-01 11:00:00+00:00,72.75,1562.5,1284.5
2023-08-01 12:00:00+00:00,72.52,1600.3,1471.5
2023-08-01 13:00:00+00:00,69.0,1580.4,1832.8
2023-08-01 14:00:00+00:00,68.84,1509.0,2084.8
2023-08-01 15:00:00+00:00,68.84,1328.3,2277.9
2023-08-01 16:00:00+00:00,79.12,1058.9,2236.2
2023-08-01 17:00:00+00:00,94.69,675.9,2208.5
2023-08-01 18:00:00+00:00,105.22,236.4,2121.9
2023-08-01 19:00:00+00:00,112.77,19.3,2120.3999999999996
2023-08-01 20:00:00+00:00,115.0,0.5,2177.4
2023-08-01 21:00:00+00:00,104.55,0.2,2232.1000000000004
2023-08-01 22:00:00+00:00,95.0,0.2,2317.8
2023-08-01 23:00:00+00:00,95.93,0.0,2452.4
2023-08-02 00:00:00+00:00,96.09,0.0,2636.7
2023-08-02 01:00:00+00:00,96.09,0.0,2739.2
2023-08-02 02:00:00+00:00,94.09,0.1,2983.9
2023-08-02 03:00:00+00:00,94.09,0.1,3115.1
2023-08-02 04:00:00+00:00,93.86,0.1,3073.5
2023-08-02 05:00:00+00:00,94.61,4.4,3080.1
2023-08-02 06:00:00+00:00,92.37,119.1,2883.0
2023-08-02 07:00:00+00:00,72.0,457.3,2763.8
2023-08-02 08:00:00+00:00,65.88,793.6,2462.1
2023-08-02 09:00:00+00:00,65.88,1099.2,2161.2999999999997
2023-08-02 10:00:00+00:00,65.88,1290.7,1927.5
2023-08-02 11:00:00+00:00,65.88,1437.9,1889.3
2023-08-02 12:00:00+00:00,49.21,1518.8,1949.3999999999999
2023-08-02 13:00:00+00:00,49.21,1536.5,2203.6000000000004
2023-08-02 14:00:00+00:00,34.81,1455.0,2460.9
2023-08-02 15:00:00+00:00,52.05,1254.9,2509.9
2023-08-02 16:00:00+00:00,63.18,984.7,2439.4
2023-08-02 17:00:00+00:00,65.88,597.1,2437.6
2023-08-02 18:00:00+00:00,86.99,219.1,2458.6
2023-08-02 19:00:00+00:00,91.6,19.0,2401.0
2023-08-02 20:00:00+00:00,91.6,0.5,2309.6
2023-08-02 21:00:00+00:00,90.0,0.1,2341.4
2023-08-02 22:00:00+00:00,87.59,0.2,2304.9
2023-08-02 23:00:00+00:00,83.88,0.1,2313.7
2023-08-03 00:00:00+00:00,77.03,0.1,2344.7999999999997
2023-08-03 01:00:00+00:00,77.9,0.1,2454.4
2023-08-03 02:00:00+00:00,75.0,0.1,2702.7999999999997
2023-08-03 03:00:00+00:00,80.01,0.1,2840.7
2023-08-03 04:00:00+00:00,83.51,0.1,2843.2000000000003
2023-08-03 05:00:00+00:00,84.73,5.6,3038.0
2023-08-03 06:00:00+00:00,80.58,155.2,2970.5
2023-08-03 07:00:00+00:00,62.5,581.7,2712.3
2023-08-03 08:00:00+00:00,52.0,1035.6,2637.6000000000004
2023-08-03 09:00:00+00:00,50.0,1364.9,2334.2000000000003
2023-08-03 10:00:00+00:00,35.0,1575.8,2129.9
2023-08-03 11:00:00+00:00,35.0,1688.2,2121.4
2023-08-03 12:00:00+00:00,23.51,1717.3,2282.4
2023-08-03 13:00:00+00:00,24.09,1682.1,2607.4
2023-08-03 14:00:00+00:00,25.11,1625.5,2717.7
2023-08-03 15:00:00+00:00,49.63,1440.4,2908.2
2023-08-03 16:00:00+00:00,51.99,1148.1,3146.1
2023-08-03 17:00:00+00:00,62.8,727.6,3389.0
2023-08-03 18:00:00+00:00,89.0,250.0,3455.9
2023-08-03 19:00:00+00:00,95.0,20.5,3557.3
2023-08-03 20:00:00+00:00,95.0,0.4,3733.4
2023-08-03 21:00:00+00:00,88.35,0.2,3777.2
2023-08-03 22:00:00+00:00,88.6,0.2,3692.6
2023-08-03 23:00:00+00:00,83.85,0.1,3614.1
2023-08-04 00:00:00+00:00,80.92,0.1,3456.9
2023-08-04 01:00:00+00:00,79.25,0.1,3283.2
2023-08-04 02:00:00+00:00,76.6,0.1,3215.2999999999997
2023-08-04 03:00:00+00:00,78.55,0.2,3204.2000000000003
2023-08-04 04:00:00+00:00,78.55,0.1,3293.7999999999997
2023-08-04 05:00:00+00:00,82.83,5.2,3467.6
2023-08-04 06:00:00+00:00,80.01,147.2,3418.3999999999996
2023-08-04 07:00:00+00:00,59.2,591.3,2966.4
2023-08-04 08:00:00+00:00,40.0,1054.0,2537.8
2023-08-04 09:00:00+00:00,48.11,1385.7,2105.2
2023-08-04 10:00:00+00:00,48.41,1592.3,1685.0
2023-08-04 11:00:00+00:00,50.01,1693.0,1236.3
2023-08-04 12:00:00+00:00,50.83,1705.3,1000.8
2023-08-04 13:00:00+00:00,53.22,1679.2,1002.0
2023-08-04 14:00:00+00:00,53.22,1603.2,1055.3
2023-08-04 15:00:00+00:00,53.22,1417.5,1132.8
2023-08-04 16:00:00+00:00,53.22,1126.8,1167.7
2023-08-04 17:00:00+00:00,70.0,708.5,1144.0
2023-08-04 18:00:00+00:00,86.3,239.3,1154.0
2023-08-04 19:00:00+00:00,94.0,18.4,1261.1
2023-08-04 20:00:00+00:00,94.0,0.7,1376.8
2023-08-04 21:00:00+00:00,91.7,0.2,1365.3
2023-08-04 22:00:00+00:00,101.55,0.3,1449.0
2023-08-04 23:00:00+00:00,94.9,0.1,1455.5
2023-08-05 00:00:00+00:00,92.58,0.1,1414.0
2023-08-05 01:00:00+00:00,90.3,0.1,1226.9
2023-08-05 02:00:00+00:00,90.24,0.1,1107.9
2023-08-05 03:00:00+00:00,90.54,0.1,1034.1
2023-08-05 04:00:00+00:00,90.24,0.1,1077.4
2023-08-05 05:00:00+00:00,86.41,4.7,907.0
2023-08-05 06:00:00+00:00,85.66,149.5,817.1
2023-08-05 07:00:00+00:00,75.52,585.1,629.0
2023-08-05 08:00:00+00:00,60.31,1042.2,347.3
2023-08-05 09:00:00+00:00,85.67,1362.5,167.8
2023-08-05 10:00:00+00:00,85.67,1574.0,110.9
2023-08-05 11:00:00+00:00,85.67,1690.2,143.7
2023-08-05 12:00:00+00:00,84.73,1731.7,235.5
2023-08-05 13:00:00+00:00,75.52,1709.7,386.6
2023-08-05 14:00:00+00:00,75.22,1605.4,583.9
2023-08-05 15:00:00+00:00,75.22,1403.2,843.4
2023-08-05 16:00:00+00:00,75.22,1090.6,1098.3
2023-08-05 17:00:00+00:00,66.01,665.4,1231.0
2023-08-05 18:00:00+00:00,82.99,206.1,1259.8
2023-08-05 19:00:00+00:00,90.0,15.0,1402.5
2023-08-05 20:00:00+00:00,91.39,0.5,1578.4
2023-08-05 21:00:00+00:00,85.66,0.1,1489.2
2023-08-05 22:00:00+00:00,76.0,0.2,1292.4
2023-08-05 23:00:00+00:00,46.67,0.1,1093.1
2023-08-06 00:00:00+00:00,35.01,0.1,984.5
2023-08-06 01:00:00+00:00,33.11,0.1,1012.4
2023-08-06 02:00:00+00:00,32.61,0.1,1136.5
2023-08-06 03:00:00+00:00,31.8,0.2,1264.6
2023-08-06 04:00:00+00:00,32.3,0.1,1482.9
2023-08-06 05:00:00+00:00,27.8,3.7,1405.6
2023-08-06 06:00:00+00:00,5.0,136.8,1313.1000000000001
2023-08-06 07:00:00+00:00,1.64,558.8,1096.3000000000002
2023-08-06 08:00:00+00:00,1.68,1017.7,809.6
2023-08-06 09:00:00+00:00,61.0,1345.8,543.9000000000001
2023-08-06 10:00:00+00:00,76.22,1553.4,377.59999999999997
2023-08-06 11:00:00+00:00,76.52,1652.8,340.4
2023-08-06 12:00:00+00:00,76.22,1683.4,339.7
2023-08-06 13:00:00+00:00,76.52,1649.9,374.4
2023-08-06 14:00:00+00:00,76.52,1563.9,435.2
2023-08-06 15:00:00+00:00,76.52,1369.6,519.0
2023-08-06 16:00:00+00:00,80.46,1078.6,640.1
2023-08-06 17:00:00+00:00,57.0,663.4,829.8
2023-08-06 18:00:00+00:00,77.06,216.0,1004.7
2023-08-06 19:00:00+00:00,80.5,14.8,1162.3
2023-08-06 20:00:00+00:00,81.25,0.7,1349.7
2023-08-06 21:00:00+00:00,76.5,0.2,1390.5
2023-08-06 22:00:00+00:00,72.22,0.3,1439.4
2023-08-06 23:00:00+00:00,58.11,0.1,1486.4
2023-08-07 00:00:00+00:00,52.3,0.1,1642.9
2023-08-07 01:00:00+00:00,51.8,0.1,1843.8
2023-08-07 02:00:00+00:00,47.8,0.1,1830.6
2023-08-07 03:00:00+00:00,65.03,0.1,1947.3
2023-08-07 04:00:00+00:00,72.22,0.1,2041.8999999999999
2023-08-07 05:00:00+00:00,91.31,3.4,2175.2
2023-08-07 06:00:00+00:00,94.5,122.7,2150.0
2023-08-07 07:00:00+00:00,77.62,506.1,1829.0
2023-08-07 08:00:00+00:00,57.5,932.3,1352.0
2023-08-07 09:00:00+00:00,75.01,1244.3,934.6999999999999
2023-08-07 10:00:00+00:00,90.0,1450.2,624.3000000000001
2023-08-07 11:00:00+00:00,90.0,1574.9,407.5
2023-08-07 12:00:00+00:00,90.0,1596.1,298.0
2023-08-07 13:00:00+00:00,90.0,1542.7,279.40000000000003
2023-08-07 14:00:00+00:00,90.0,1437.5,315.09999999999997
2023-08-07 15:00:00+00:00,85.01,1235.1,343.3
2023-08-07 16:00:00+00:00,85.1,952.1,367.79999999999995
2023-08-07 17:00:00+00:00,107.02,558.5,392.20000000000005
2023-08-07 18:00:00+00:00,116.3,182.3,403.1
2023-08-07 19:00:00+00:00,124.95,13.8,522.0
2023-08-07 20:00:00+00:00,110.8,0.9,620.9
2023-08-07 21:00:00+00:00,100.0,0.2,684.8
2023-08-07 22:00:00+00:00,106.0,0.3,761.6
2023-08-07 23:00:00+00:00,104.37,0.1,872.3
2023-08-08 00:00:00+00:00,99.93,0.1,956.7
2023-08-08 01:00:00+00:00,99.41,0.1,1070.7
2023-08-08 02:00:00+00:00,91.69,0.1,1111.4
2023-08-08 03:00:00+00:00,92.54,0.1,1090.1
2023-08-08 04:00:00+00:00,96.32,0.1,1077.3
2023-08-08 05:00:00+00:00,99.93,2.2,1003.9
2023-08-08 06:00:00+00:00,99.93,95.7,929.8000000000001
2023-08-08 07:00:00+00:00,98.15,412.9,940.4
2023-08-08 08:00:00+00:00,85.52,823.1,919.1999999999999
2023-08-08 09:00:00+00:00,78.69,1137.7,861.5
2023-08-08 10:00:00+00:00,78.69,1387.0,843.8
2023-08-08 11:00:00+00:00,79.7,1541.9,853.9000000000001
2023-08-08 12:00:00+00:00,79.7,1574.7,837.3
2023-08-08 13:00:00+00:00,78.5,1532.9,710.9
2023-08-08 14:00:00+00:00,78.5,1440.6,607.3
2023-08-08 15:00:00+00:00,80.46,1239.8,516.4
2023-08-08 16:00:00+00:00,95.34,921.6,489.6
2023-08-08 17:00:00+00:00,102.0,524.3,393.59999999999997
2023-08-08 18:00:00+00:00,116.0,176.6,379.70000000000005
2023-08-08 19:00:00+00:00,127.66,12.3,412.09999999999997
2023-08-08 20:00:00+00:00,125.44,0.4,421.2
2023-08-08 21:00:00+00:00,120.0,0.1,504.1
2023-08-08 22:00:00+00:00,109.77,0.2,703.4
2023-08-08 23:00:00+00:00,102.0,0.1,857.6
2023-08-09 00:00:00+00:00,102.0,0.1,876.4
2023-08-09 01:00:00+00:00,100.0,0.1,870.5
2023-08-09 02:00:00+00:00,94.25,0.1,1073.6000000000001
2023-08-09 03:00:00+00:00,96.5,0.1,1268.1000000000001
2023-08-09 04:00:00+00:00,98.16,0.1,1245.5
2023-08-09 05:00:00+00:00,105.7,1.5,1197.5
2023-08-09 06:00:00+00:00,106.44,76.4,1177.0
2023-08-09 07:00:00+00:00,99.66,269.8,843.1999999999999
2023-08-09 08:00:00+00:00,89.96,540.5,531.0
2023-08-09 09:00:00+00:00,85.69,891.2,544.0
2023-08-09 10:00:00+00:00,83.33,1195.8,530.1999999999999
2023-08-09 11:00:00+00:00,80.85,1396.4,551.9
2023-08-09 12:00:00+00:00,80.01,1471.3,659.0
2023-08-09 13:00:00+00:00,79.51,1445.5,842.0
2023-08-09 14:00:00+00:00,80.5,1343.9,982.0
2023-08-09 15:00:00+00:00,84.0,1183.8,1019.7
2023-08-09 16:00:00+00:00,98.53,901.5,1112.1000000000001
2023-08-09 17:00:00+00:00,117.56,542.4,1171.0
2023-08-09 18:00:00+00:00,123.86,185.0,1164.2
2023-08-09 19:00:00+00:00,130.81,13.9,1173.0
2023-08-09 20:00:00+00:00,122.47,0.6,1198.3999999999999
2023-08-09 21:00:00+00:00,122.84,0.2,1183.6
2023-08-09 22:00:00+00:00,117.57,0.2,1274.8999999999999
2023-08-09 23:00:00+00:00,112.58,0.1,1249.1
2023-08-10 00:00:00+00:00,111.24,0.1,1060.6
2023-08-10 01:00:00+00:00,111.24,0.1,885.4
2023-08-10 02:00:00+00:00,110.54,0.1,842.3
2023-08-10 03:00:00+00:00,112.41,0.1,822.5
2023-08-10 04:00:00+00:00,114.07,0.1,673.7
2023-08-10 05:00:00+00:00,112.58,2.5,563.0
2023-08-10 06:00:00+00:00,107.44,116.2,566.2
2023-08-10 07:00:00+00:00,107.44,485.8,502.7
2023-08-10 08:00:00+00:00,105.5,940.3,400.5
2023-08-10 09:00:00+00:00,86.21,1296.4,307.7
2023-08-10 10:00:00+00:00,85.1,1537.1,261.9
2023-08-10 11:00:00+00:00,84.5,1656.5,204.8
2023-08-10 12:00:00+00:00,83.5,1678.1,250.20000000000002
2023-08-10 13:00:00+00:00,82.51,1634.9,357.09999999999997
2023-08-10 14:00:00+00:00,82.21,1547.3,571.8
2023-08-10 15:00:00+00:00,91.28,1354.1,821.0
2023-08-10 16:00:00+00:00,100.42,1067.8,1098.1999999999998
2023-08-10 17:00:00+00:00,109.25,659.0,1219.4
2023-08-10 18:00:00+00:00,120.25,207.8,1071.9
2023-08-10 19:00:00+00:00,125.51,11.9,1006.4
2023-08-10 20:00:00+00:00,124.82,0.6,984.1
2023-08-10 21:00:00+00:00,115.72,0.2,965.4000000000001
2023-08-10 22:00:00+00:00,122.27,0.2,947.2
2023-08-10 23:00:00+00:00,121.57,0.1,880.9
2023-08-11 00:00:00+00:00,119.1,0.1,817.9
2023-08-11 01:00:00+00:00,118.76,0.1,842.3000000000001
2023-08-11 02:00:00+00:00,117.1,0.1,893.5999999999999
2023-08-11 03:00:00+00:00,117.57,0.1,1026.5
2023-08-11 04:00:00+00:00,119.08,0.1,1117.6
2023-08-11 05:00:00+00:00,126.0,2.8,1169.4
2023-08-11 06:00:00+00:00,130.82,133.8,1123.7
2023-08-11 07:00:00+00:00,117.48,549.1,967.0
2023-08-11 08:00:00+00:00,113.0,992.9,684.5
2023-08-11 09:00:00+00:00,97.0,1311.7,478.8
2023-08-11 10:00:00+00:00,97.6,1513.2,383.4
2023-08-11 11:00:00+00:00,97.4,1622.9,405.8
2023-08-11 12:00:00+00:00,91.92,1635.9,688.2
2023-08-11 13:00:00+00:00,90.0,1604.0,1100.0
2023-08-11 14:00:00+00:00,89.0,1495.0,1372.9
2023-08-11 15:00:00+00:00,97.98,1308.5,1442.1000000000001
2023-08-11 16:00:00+00:00,111.05,1029.7,1631.7
2023-08-11 17:00:00+00:00,121.57,631.1,1868.0
2023-08-11 18:00:00+00:00,130.5,194.4,1960.5
2023-08-11 19:00:00+00:00,130.36,9.9,2208.6
2023-08-11 20:00:00+00:00,120.57,0.6,2366.0
2023-08-11 21:00:00+00:00,116.52,0.2,2211.8
2023-08-11 22:00:00+00:00,119.54,0.2,1882.8999999999999
2023-08-11 23:00:00+00:00,112.62,0.1,2035.3999999999999
2023-08-12 00:00:00+00:00,109.55,0.1,2263.6
2023-08-12 01:00:00+00:00,109.18,0.1,2131.9
2023-08-12 02:00:00+00:00,109.18,0.1,2028.0
2023-08-12 03:00:00+00:00,109.18,0.1,1997.2
2023-08-12 04:00:00+00:00,112.62,0.1,1969.4
2023-08-12 05:00:00+00:00,110.93,2.2,1795.7
2023-08-12 06:00:00+00:00,103.01,123.6,1750.3
2023-08-12 07:00:00+00:00,90.0,524.2,1485.3
2023-08-12 08:00:00+00:00,79.81,977.7,1086.1
2023-08-12 09:00:00+00:00,75.51,1310.0,877.0
2023-08-12 10:00:00+00:00,74.91,1532.5,786.1
2023-08-12 11:00:00+00:00,75.51,1645.4,858.0999999999999
2023-08-12 12:00:00+00:00,74.91,1672.5,1157.5
2023-08-12 13:00:00+00:00,72.48,1646.3,1510.3000000000002
2023-08-12 14:00:00+00:00,70.51,1555.4,1719.3000000000002
2023-08-12 15:00:00+00:00,71.0,1365.6,1864.6000000000001
2023-08-12 16:00:00+00:00,85.49,1065.6,1833.8
2023-08-12 17:00:00+00:00,106.47,647.2,1804.3
2023-08-12 18:00:00+00:00,116.04,193.8,1782.5
2023-08-12 19:00:00+00:00,123.55,8.8,1771.6
2023-08-12 20:00:00+00:00,122.84,0.5,1796.3
2023-08-12 21:00:00+00:00,121.88,0.2,1768.1
2023-08-12 22:00:00+00:00,109.18,0.2,1702.6
2023-08-12 23:00:00+00:00,100.11,0.1,1677.9
2023-08-13 00:00:00+00:00,95.95,0.1,1658.7
2023-08-13 01:00:00+00:00,96.52,0.1,1611.4
2023-08-13 02:00:00+00:00,89.85,0.1,1549.5
2023-08-13 03:00:00+00:00,96.52,0.2,1512.3
2023-08-13 04:00:00+00:00,100.11,0.1,1441.8000000000002
2023-08-13 05:00:00+00:00,96.68,2.0,1322.3999999999999
2023-08-13 06:00:00+00:00,80.0,122.0,1270.7
2023-08-13 07:00:00+00:00,65.91,537.9,1187.0
2023-08-13 08:00:00+00:00,30.0,1024.8,999.8
2023-08-13 09:00:00+00:00,15.0,1365.8,679.1
2023-08-13 10:00:00+00:00,30.0,1587.4,541.5
2023-08-13 11:00:00+00:00,15.0,1687.6,548.9
2023-08-13 12:00:00+00:00,10.0,1707.2,758.6
2023-08-13 13:00:00+00:00,6.76,1683.9,1078.7
2023-08-13 14:00:00+00:00,17.45,1597.8,1403.8
2023-08-13 15:00:00+00:00,69.98,1401.2,1621.8000000000002
2023-08-13 16:00:00+00:00,74.91,1090.0,1743.5
2023-08-13 17:00:00+00:00,96.52,650.0,1691.1000000000001
2023-08-13 18:00:00+00:00,110.9,186.5,1571.8
2023-08-13 19:00:00+00:00,120.0,7.4,1525.9
2023-08-13 20:00:00+00:00,120.01,0.6,1660.3
2023-08-13 21:00:00+00:00,114.0,0.1,1657.3999999999999
2023-08-13 22:00:00+00:00,113.0,0.2,1654.1
2023-08-13 23:00:00+00:00,109.18,0.1,1577.5
2023-08-14 00:00:00+00:00,99.24,0.1,1569.0
2023-08-14 01:00:00+00:00,99.24,0.1,1558.0
2023-08-14 02:00:00+00:00,99.24,0.1,1505.9
2023-08-14 03:00:00+00:00,103.8,0.1,1390.0
2023-08-14 04:00:00+00:00,115.66,0.1,1237.3000000000002
2023-08-14 05:00:00+00:00,121.16,1.9,1270.0
2023-08-14 06:00:00+00:00,114.71,120.2,1158.8999999999999
2023-08-14 07:00:00+00:00,99.24,526.6,892.0
2023-08-14 08:00:00+00:00,83.67,995.0,809.2
2023-08-14 09:00:00+00:00,77.31,1324.4,621.4000000000001
2023-08-14 10:00:00+00:00,75.05,1553.4,514.1
2023-08-14 11:00:00+00:00,75.0,1643.3,427.3
2023-08-14 12:00:00+00:00,67.13,1645.1,471.1
2023-08-14 13:00:00+00:00,74.1,1537.7,666.5
2023-08-14 14:00:00+00:00,76.81,1452.4,1016.4
2023-08-14 15:00:00+00:00,77.71,1314.8,1401.0
2023-08-14 16:00:00+00:00,78.51,1031.2,1566.3
2023-08-14 17:00:00+00:00,109.42,580.1,1553.4
2023-08-14 18:00:00+00:00,118.34,183.2,1532.9
2023-08-14 19:00:00+00:00,125.12,9.7,1621.0
2023-08-14 20:00:00+00:00,115.33,0.3,1770.6
2023-08-14 21:00:00+00:00,114.61,0.1,1896.0
2023-08-14 22:00:00+00:00,117.01,0.2,1922.1
2023-08-14 23:00:00+00:00,112.58,0.1,1887.1000000000001
2023-08-15 00:00:00+00:00,95.0,0.1,1776.6
2023-08-15 01:00:00+00:00,95.0,0.1,1566.0
2023-08-15 02:00:00+00:00,95.44,0.1,1266.7
2023-08-15 03:00:00+00:00,101.43,0.1,1080.1000000000001
2023-08-15 04:00:00+00:00,110.01,0.1,1032.1
2023-08-15 05:00:00+00:00,112.58,2.2,998.6999999999999
2023-08-15 06:00:00+00:00,105.34,118.5,923.3000000000001
2023-08-15 07:00:00+00:00,87.0,523.4,735.9
2023-08-15 08:00:00+00:00,79.25,938.6,520.4
2023-08-15 09:00:00+00:00,74.12,1246.2,356.40000000000003
2023-08-15 10:00:00+00:00,73.17,1462.6,315.40000000000003
2023-08-15 11:00:00+00:00,73.0,1580.1,382.5
2023-08-15 12:00:00+00:00,70.3,1606.4,547.4
2023-08-15 13:00:00+00:00,45.85,1587.9,818.9000000000001
2023-08-15 14:00:00+00:00,70.26,1448.7,1190.7
2023-08-15 15:00:00+00:00,76.21,1191.5,1452.5
2023-08-15 16:00:00+00:00,83.0,849.2,1482.4
2023-08-15 17:00:00+00:00,115.61,582.3,1524.8
2023-08-15 18:00:00+00:00,129.0,185.7,1604.8
2023-08-15 19:00:00+00:00,133.04,9.9,1513.1
2023-08-15 20:00:00+00:00,125.25,0.3,1445.4
2023-08-15 21:00:00+00:00,115.77,0.1,1502.6
2023-08-15 22:00:00+00:00,106.76,0.2,1357.9
2023-08-15 23:00:00+00:00,97.45,0.1,1293.2
2023-08-16 00:00:00+00:00,90.71,0.1,1313.4
2023-08-16 01:00:00+00:00,90.0,0.1,1340.0
2023-08-16 02:00:00+00:00,87.89,0.1,1326.8000000000002
2023-08-16 03:00:00+00:00,90.32,0.1,1323.4
2023-08-16 04:00:00+00:00,115.38,0.1,1189.8
2023-08-16 05:00:00+00:00,124.41,1.3,995.1999999999999
2023-08-16 06:00:00+00:00,125.78,86.9,824.9
2023-08-16 07:00:00+00:00,109.47,456.9,679.8000000000001
2023-08-16 08:00:00+00:00,99.21,969.3,579.0
2023-08-16 09:00:00+00:00,94.1,1313.5,524.2
2023-08-16 10:00:00+00:00,90.32,1554.3,497.09999999999997
2023-08-16 11:00:00+00:00,86.0,1695.3,545.1
2023-08-16 12:00:00+00:00,86.29,1722.6,643.6999999999999
2023-08-16 13:00:00+00:00,88.51,1696.3,816.0
2023-08-16 14:00:00+00:00,94.17,1604.9,1160.0
2023-08-16 15:00:00+00:00,103.14,1410.7,1413.3
2023-08-16 16:00:00+00:00,115.17,1094.9,1556.8999999999999
2023-08-16 17:00:00+00:00,125.25,655.5,1583.0
2023-08-16 18:00:00+00:00,132.96,180.2,1535.5
2023-08-16 19:00:00+00:00,136.1,6.0,1494.5
2023-08-16 20:00:00+00:00,126.4,0.4,1374.6
2023-08-16 21:00:00+00:00,124.41,0.2,1341.6999999999998
2023-08-16 22:00:00+00:00,122.11,0.2,1206.5
2023-08-16 23:00:00+00:00,117.61,0.1,1160.4
2023-08-17 00:00:00+00:00,112.15,0.1,1204.3999999999999
2023-08-17 01:00:00+00:00,112.15,0.1,1155.4
2023-08-17 02:00:00+00:00,121.38,0.1,1018.7
2023-08-17 03:00:00+00:00,124.4,0.1,880.3
2023-08-17 04:00:00+00:00,129.0,0.1,746.1
2023-08-17 05:00:00+00:00,131.76,1.1,785.4
2023-08-17 06:00:00+00:00,131.0,107.9,714.7
2023-08-17 07:00:00+00:00,122.0,496.5,590.4
2023-08-17 08:00:00+00:00,108.36,1016.5,437.0
2023-08-17 09:00:00+00:00,95.26,1370.6,223.79999999999998
2023-08-17 10:00:00+00:00,91.62,1588.3,277.0
2023-08-17 11:00:00+00:00,90.51,1699.2,507.5
2023-08-17 12:00:00+00:00,89.98,1724.8,861.9
2023-08-17 13:00:00+00:00,92.32,1692.1,1134.4
2023-08-17 14:00:00+00:00,93.97,1574.8,1310.6
2023-08-17 15:00:00+00:00,94.36,1329.8,1448.8999999999999
2023-08-17 16:00:00+00:00,95.51,938.4,1651.3
2023-08-17 17:00:00+00:00,124.4,484.6,1552.0
2023-08-17 18:00:00+00:00,132.25,154.2,1541.3
2023-08-17 19:00:00+00:00,136.01,5.4,1433.0
2023-08-17 20:00:00+00:00,134.6,0.4,1336.6
2023-08-17 21:00:00+00:00,132.25,0.1,1100.1000000000001
2023-08-17 22:00:00+00:00,129.4,0.2,1166.4
2023-08-17 23:00:00+00:00,123.02,0.1,1068.0
2023-08-18 00:00:00+00:00,119.96,0.1,673.7
2023-08-18 01:00:00+00:00,113.21,0.1,742.8
2023-08-18 02:00:00+00:00,113.21,0.1,739.3000000000001
2023-08-18 03:00:00+00:00,113.21,0.1,739.2
2023-08-18 04:00:00+00:00,120.0,0.1,619.8000000000001
2023-08-18 05:00:00+00:00,117.43,1.0,506.3
2023-08-18 06:00:00+00:00,110.0,93.9,558.0
2023-08-18 07:00:00+00:00,106.81,344.8,616.9000000000001
2023-08-18 08:00:00+00:00,95.85,742.3,540.1
2023-08-18 09:00:00+00:00,89.05,1136.7,529.8
2023-08-18 10:00:00+00:00,86.28,1467.2,673.4
2023-08-18 11:00:00+00:00,82.85,1608.7,1055.7
2023-08-18 12:00:00+00:00,84.16,1647.7,1427.5
2023-08-18 13:00:00+00:00,85.49,1596.1,1721.5
2023-08-18 14:00:00+00:00,85.71,1526.6,1997.8
2023-08-18 15:00:00+00:00,86.76,1325.6,2060.0
2023-08-18 16:00:00+00:00,89.05,1043.9,1973.4
2023-08-18 17:00:00+00:00,119.32,612.1,1709.1
2023-08-18 18:00:00+00:00,123.0,158.7,1478.4
2023-08-18 19:00:00+00:00,130.0,4.1,1351.8
2023-08-18 20:00:00+00:00,130.52,0.5,1439.4
2023-08-18 21:00:00+00:00,129.01,0.2,1477.2
2023-08-18 22:00:00+00:00,123.12,0.2,1514.3
2023-08-18 23:00:00+00:00,121.32,0.1,1399.1
2023-08-19 00:00:00+00:00,117.62,0.1,1197.6000000000001
2023-08-19 01:00:00+00:00,112.76,0.1,1036.0
2023-08-19 02:00:00+00:00,112.76,0.1,920.5
2023-08-19 03:00:00+00:00,117.62,0.1,813.4
2023-08-19 04:00:00+00:00,120.34,0.1,639.3000000000001
2023-08-19 05:00:00+00:00,121.32,0.7,478.3
2023-08-19 06:00:00+00:00,122.84,77.1,373.2
2023-08-19 07:00:00+00:00,112.76,354.2,279.9
2023-08-19 08:00:00+00:00,89.05,721.2,232.0
2023-08-19 09:00:00+00:00,85.01,1045.2,186.8
2023-08-19 10:00:00+00:00,84.76,1355.9,204.4
2023-08-19 11:00:00+00:00,84.91,1582.7,296.3
2023-08-19 12:00:00+00:00,84.76,1622.5,496.0
2023-08-19 13:00:00+00:00,85.01,1596.9,647.7
2023-08-19 14:00:00+00:00,84.91,1488.9,756.1
2023-08-19 15:00:00+00:00,86.32,1308.3,783.0
2023-08-19 16:00:00+00:00,98.72,1024.5,800.9
2023-08-19 17:00:00+00:00,122.5,586.9,777.9000000000001
2023-08-19 18:00:00+00:00,134.6,155.4,695.4
2023-08-19 19:00:00+00:00,140.36,4.2,618.0
2023-08-19 20:00:00+00:00,138.41,0.3,518.0
2023-08-19 21:00:00+00:00,134.6,0.1,432.9
2023-08-19 22:00:00+00:00,133.46,0.2,376.0
2023-08-19 23:00:00+00:00,131.75,0.1,340.1
2023-08-20 00:00:00+00:00,131.18,0.1,334.0
2023-08-20 01:00:00+00:00,129.78,0.1,362.5
2023-08-20 02:00:00+00:00,129.95,0.1,363.79999999999995
2023-08-20 03:00:00+00:00,129.78,0.1,371.29999999999995
2023-08-20 04:00:00+00:00,129.78,0.1,404.6
2023-08-20 05:00:00+00:00,122.01,0.7,446.4
2023-08-20 06:00:00+00:00,113.5,95.6,428.09999999999997
2023-08-20 07:00:00+00:00,99.0,457.2,343.7
2023-08-20 08:00:00+00:00,87.0,935.9,227.4
2023-08-20 09:00:00+00:00,83.71,1312.6,185.0
2023-08-20 10:00:00+00:00,82.92,1550.1,163.0
2023-08-20 11:00:00+00:00,83.71,1661.0,172.29999999999998
2023-08-20 12:00:00+00:00,84.3,1686.0,288.7
2023-08-20 13:00:00+00:00,82.92,1652.2,462.2
2023-08-20 14:00:00+00:00,82.5,1537.6,588.8000000000001
2023-08-20 15:00:00+00:00,94.0,1326.1,661.4
2023-08-20 16:00:00+00:00,112.0,1013.0,719.5999999999999
2023-08-20 17:00:00+00:00,128.8,568.7,772.3
2023-08-20 18:00:00+00:00,136.9,147.2,813.6
2023-08-20 19:00:00+00:00,139.54,4.1,900.2
2023-08-20 20:00:00+00:00,134.6,0.5,1049.3
2023-08-20 21:00:00+00:00,132.97,0.2,1065.5
2023-08-20 22:00:00+00:00,125.86,0.3,976.1
2023-08-20 23:00:00+00:00,118.81,0.1,891.4
2023-08-21 00:00:00+00:00,108.0,0.1,787.7
2023-08-21 01:00:00+00:00,100.32,0.1,736.0
2023-08-21 02:00:00+00:00,99.32,0.1,708.8000000000001
2023-08-21 03:00:00+00:00,110.0,0.1,643.7
2023-08-21 04:00:00+00:00,121.0,0.1,567.9000000000001
2023-08-21 05:00:00+00:00,132.32,0.9,494.29999999999995
2023-08-21 06:00:00+00:00,133.31,92.6,435.79999999999995
2023-08-21 07:00:00+00:00,115.0,434.3,352.0
2023-08-21 08:00:00+00:00,103.99,866.2,255.4
2023-08-21 09:00:00+00:00,101.51,1206.4,182.8
2023-08-21 10:00:00+00:00,101.1,1418.7,117.0
2023-08-21 11:00:00+00:00,101.1,1526.8,61.9
2023-08-21 12:00:00+00:00,97.51,1552.3,88.2
2023-08-21 13:00:00+00:00,97.09,1516.1,159.8
2023-08-21 14:00:00+00:00,101.08,1416.0,266.3
2023-08-21 15:00:00+00:00,118.71,1221.5,414.79999999999995
2023-08-21 16:00:00+00:00,126.22,913.6,621.2
2023-08-21 17:00:00+00:00,136.76,497.4,791.5
2023-08-21 18:00:00+00:00,149.58,122.5,851.7
2023-08-21 19:00:00+00:00,149.3,2.2,1011.4
2023-08-21 20:00:00+00:00,136.01,0.6,1094.0
2023-08-21 21:00:00+00:00,130.0,0.1,929.1999999999999
2023-08-21 22:00:00+00:00,136.01,0.2,761.3
2023-08-21 23:00:00+00:00,131.26,0.1,672.2
2023-08-22 00:00:00+00:00,111.6,0.1,664.5
2023-08-22 01:00:00+00:00,110.0,0.1,644.0
2023-08-22 02:00:00+00:00,108.7,0.1,644.5999999999999
2023-08-22 03:00:00+00:00,112.04,0.1,716.1
2023-08-22 04:00:00+00:00,132.35,0.1,880.0
2023-08-22 05:00:00+00:00,139.47,0.6,1066.8
2023-08-22 06:00:00+00:00,137.76,87.3,1015.8
2023-08-22 07:00:00+00:00,118.94,457.7,877.4
2023-08-22 08:00:00+00:00,102.86,906.1,808.5
2023-08-22 09:00:00+00:00,99.67,1227.3,682.7
2023-08-22 10:00:00+00:00,99.51,1432.6,650.1
2023-08-22 11:00:00+00:00,99.51,1539.7,552.9
2023-08-22 12:00:00+00:00,99.51,1562.8,420.1
2023-08-22 13:00:00+00:00,99.51,1530.0,363.4
2023-08-22 14:00:00+00:00,102.17,1441.3,383.4
2023-08-22 15:00:00+00:00,110.46,1229.2,483.7
2023-08-22 16:00:00+00:00,118.4,959.1,575.4
2023-08-22 17:00:00+00:00,138.33,536.8,618.4000000000001
2023-08-22 18:00:00+00:00,148.53,126.0,519.3
2023-08-22 19:00:00+00:00,158.61,1.8,436.59999999999997
2023-08-22 20:00:00+00:00,145.8,0.7,398.1
2023-08-22 21:00:00+00:00,135.14,0.1,382.8
2023-08-22 22:00:00+00:00,145.0,0.2,322.90000000000003
2023-08-22 23:00:00+00:00,140.0,0.1,268.2
2023-08-23 00:00:00+00:00,120.76,0.1,290.8
2023-08-23 01:00:00+00:00,114.56,0.1,368.0
2023-08-23 02:00:00+00:00,111.12,0.1,554.1
2023-08-23 03:00:00+00:00,114.56,0.1,789.6
2023-08-23 04:00:00+00:00,138.33,0.1,1165.6999999999998
2023-08-23 05:00:00+00:00,153.79,0.5,1265.3
2023-08-23 06:00:00+00:00,157.41,84.7,1074.6
2023-08-23 07:00:00+00:00,137.19,454.4,1017.7
2023-08-23 08:00:00+00:00,120.76,908.5,843.5
2023-08-23 09:00:00+00:00,115.89,1237.9,675.1
2023-08-23 10:00:00+00:00,114.56,1444.9,557.5
2023-08-23 11:00:00+00:00,114.56,1551.5,500.4
2023-08-23 12:00:00+00:00,114.56,1573.2,474.5
2023-08-23 13:00:00+00:00,115.35,1539.6,488.0
2023-08-23 14:00:00+00:00,120.04,1442.2,551.2
2023-08-23 15:00:00+00:00,135.51,1254.3,566.2
2023-08-23 16:00:00+00:00,138.33,961.5,661.0
2023-08-23 17:00:00+00:00,153.79,528.8,752.2
2023-08-23 18:00:00+00:00,168.08,119.5,767.9
2023-08-23 19:00:00+00:00,180.34,1.2,815.9
2023-08-23 20:00:00+00:00,170.01,0.6,821.7
2023-08-23 21:00:00+00:00,144.06,0.1,767.5
2023-08-23 22:00:00+00:00,145.0,0.2,717.2
2023-08-23 23:00:00+00:00,138.87,0.1,641.9
2023-08-24 00:00:00+00:00,124.79,0.1,516.0
2023-08-24 01:00:00+00:00,124.79,0.1,376.3
2023-08-24 02:00:00+00:00,120.0,0.1,297.9
2023-08-24 03:00:00+00:00,126.0,0.1,258.8
2023-08-24 04:00:00+00:00,139.47,0.1,238.4
2023-08-24 05:00:00+00:00,152.53,0.5,233.8
2023-08-24 06:00:00+00:00,154.94,89.0,238.0
2023-08-24 07:00:00+00:00,131.97,444.4,229.4
2023-08-24 08:00:00+00:00,122.47,875.1,172.2
2023-08-24 09:00:00+00:00,112.61,1223.0,143.9
2023-08-24 10:00:00+00:00,115.0,1447.0,184.8
2023-08-24 11:00:00+00:00,112.27,1556.9,330.5
2023-08-24 12:00:00+00:00,113.0,1581.9,560.8
2023-08-24 13:00:00+00:00,117.94,1541.5,787.7
2023-08-24 14:00:00+00:00,118.63,1431.4,985.4
2023-08-24 15:00:00+00:00,112.72,1220.2,1155.0
2023-08-24 16:00:00+00:00,124.79,917.9,1202.3
2023-08-24 17:00:00+00:00,147.27,489.9,1229.3
2023-08-24 18:00:00+00:00,163.88,111.6,1217.1
2023-08-24 19:00:00+00:00,171.16,1.3,1328.0
2023-08-24 20:00:00+00:00,159.7,0.7,1310.1
2023-08-24 21:00:00+00:00,140.04,0.1,1238.8
2023-08-24 22:00:00+00:00,114.95,0.2,1159.2
2023-08-24 23:00:00+00:00,103.81,0.1,1118.6999999999998
2023-08-25 00:00:00+00:00,99.26,0.1,1019.6
2023-08-25 01:00:00+00:00,99.34,0.1,926.4000000000001
2023-08-25 02:00:00+00:00,98.4,0.1,943.7
2023-08-25 03:00:00+00:00,103.23,0.1,964.0
2023-08-25 04:00:00+00:00,124.22,0.1,1037.8999999999999
2023-08-25 05:00:00+00:00,135.12,0.5,1027.2
2023-08-25 06:00:00+00:00,139.42,76.9,999.4
2023-08-25 07:00:00+00:00,129.03,352.3,911.3000000000001
2023-08-25 08:00:00+00:00,114.01,707.2,742.0
2023-08-25 09:00:00+00:00,110.63,1077.3,562.1
2023-08-25 10:00:00+00:00,102.36,1306.9,504.5
2023-08-25 11:00:00+00:00,100.06,1452.7,601.3000000000001
2023-08-25 12:00:00+00:00,96.85,1470.0,739.6
2023-08-25 13:00:00+00:00,92.51,1442.4,1092.6
2023-08-25 14:00:00+00:00,91.33,1327.0,1467.5
2023-08-25 15:00:00+00:00,91.33,1142.6,1569.7
2023-08-25 16:00:00+00:00,92.33,828.6,1568.9
2023-08-25 17:00:00+00:00,125.02,409.9,1441.2
2023-08-25 18:00:00+00:00,139.69,94.4,1370.6
2023-08-25 19:00:00+00:00,140.61,0.6,1345.5
2023-08-25 20:00:00+00:00,128.78,0.3,1626.6
2023-08-25 21:00:00+00:00,108.34,0.1,2100.3
2023-08-25 22:00:00+00:00,109.9,0.1,1635.1
2023-08-25 23:00:00+00:00,104.44,0.1,1592.2
2023-08-26 00:00:00+00:00,104.44,0.1,1464.5
2023-08-26 01:00:00+00:00,105.0,0.1,1469.8
2023-08-26 02:00:00+00:00,104.44,0.1,1568.1
2023-08-26 03:00:00+00:00,104.44,0.1,1556.5
2023-08-26 04:00:00+00:00,108.94,0.1,1493.0
2023-08-26 05:00:00+00:00,105.0,0.2,1526.8
2023-08-26 06:00:00+00:00,104.44,56.1,1549.8999999999999
2023-08-26 07:00:00+00:00,107.0,294.0,1551.0
2023-08-26 08:00:00+00:00,99.36,658.5,1473.8
2023-08-26 09:00:00+00:00,92.2,967.8,1509.8
2023-08-26 10:00:00+00:00,90.73,1210.1,1720.4
2023-08-26 11:00:00+00:00,89.91,1342.0,1962.1
2023-08-26 12:00:00+00:00,82.02,1270.2,2525.3
2023-08-26 13:00:00+00:00,81.93,1316.7,3045.2999999999997
2023-08-26 14:00:00+00:00,87.57,1354.4,3410.6
2023-08-26 15:00:00+00:00,89.91,1120.0,3627.7
2023-08-26 16:00:00+00:00,91.5,862.8,3892.5
2023-08-26 17:00:00+00:00,99.36,476.2,3951.7
2023-08-26 18:00:00+00:00,120.5,121.3,3798.7999999999997
2023-08-26 19:00:00+00:00,128.22,1.5,3596.8
2023-08-26 20:00:00+00:00,122.98,0.5,3436.7
2023-08-26 21:00:00+00:00,110.63,0.1,3343.4
2023-08-26 22:00:00+00:00,102.39,0.2,3281.2000000000003
2023-08-26 23:00:00+00:00,92.92,0.1,3207.4
2023-08-27 00:00:00+00:00,91.5,0.1,3289.0
2023-08-27 01:00:00+00:00,89.82,0.1,3451.2
2023-08-27 02:00:00+00:00,83.33,0.1,3285.9
2023-08-27 03:00:00+00:00,82.9,0.1,3073.7000000000003
2023-08-27 04:00:00+00:00,82.73,0.1,2945.7
2023-08-27 05:00:00+00:00,80.1,0.2,2853.2
2023-08-27 06:00:00+00:00,40.0,89.6,2789.6
2023-08-27 07:00:00+00:00,4.3,518.3,2627.1
2023-08-27 08:00:00+00:00,0.0,1050.3,2535.8999999999996
2023-08-27 09:00:00+00:00,0.0,1397.5,2390.6
2023-08-27 10:00:00+00:00,0.0,1649.0,2206.0
2023-08-27 11:00:00+00:00,0.0,1750.5,2250.1
2023-08-27 12:00:00+00:00,0.0,1779.5,2236.4
2023-08-27 13:00:00+00:00,0.01,1757.9,2284.9
2023-08-27 14:00:00+00:00,0.0,1650.1,2531.4
2023-08-27 15:00:00+00:00,1.64,1424.2,2817.3
2023-08-27 16:00:00+00:00,4.3,1076.7,2806.1
2023-08-27 17:00:00+00:00,46.5,567.3,2641.3
2023-08-27 18:00:00+00:00,103.5,117.9,2395.0
2023-08-27 19:00:00+00:00,127.55,0.9,2325.8
2023-08-27 20:00:00+00:00,119.0,0.5,2363.1
2023-08-27 21:00:00+00:00,102.99,0.1,2249.1000000000004
2023-08-27 22:00:00+00:00,93.31,0.2,2050.9
2023-08-27 23:00:00+00:00,88.52,0.1,1863.8
2023-08-28 00:00:00+00:00,85.0,0.1,1726.9
2023-08-28 01:00:00+00:00,80.66,0.1,1662.7
2023-08-28 02:00:00+00:00,72.2,0.1,1709.6999999999998
2023-08-28 03:00:00+00:00,87.9,0.1,1834.9
2023-08-28 04:00:00+00:00,107.49,0.1,1879.5
2023-08-28 05:00:00+00:00,114.52,0.3,1991.5
2023-08-28 06:00:00+00:00,119.87,83.4,1985.5
2023-08-28 07:00:00+00:00,108.49,506.9,1604.0
2023-08-28 08:00:00+00:00,86.2,1007.5,1163.1999999999998
2023-08-28 09:00:00+00:00,74.0,1354.7,999.9
2023-08-28 10:00:00+00:00,65.11,1576.8,935.6999999999999
2023-08-28 11:00:00+00:00,68.0,1681.0,1029.3
2023-08-28 12:00:00+00:00,65.0,1704.5,1256.6
2023-08-28 13:00:00+00:00,50.1,1682.5,1527.6999999999998
2023-08-28 14:00:00+00:00,40.0,1577.6,1893.1999999999998
2023-08-28 15:00:00+00:00,50.1,1365.0,2286.1
2023-08-28 16:00:00+00:00,80.5,1038.8,2610.6
2023-08-28 17:00:00+00:00,108.49,541.8,2788.2
2023-08-28 18:00:00+00:00,133.52,109.0,2844.2000000000003
2023-08-28 19:00:00+00:00,138.08,0.7,2913.7
2023-08-28 20:00:00+00:00,123.72,0.7,2912.9
2023-08-28 21:00:00+00:00,111.08,0.2,2675.8
2023-08-28 22:00:00+00:00,113.6,0.2,2531.2
2023-08-28 23:00:00+00:00,105.0,0.1,2390.7
2023-08-29 00:00:00+00:00,97.92,0.1,2316.8
2023-08-29 01:00:00+00:00,97.01,0.1,2300.1000000000004
2023-08-29 02:00:00+00:00,90.93,0.1,2303.2999999999997
2023-08-29 03:00:00+00:00,91.23,0.1,2232.2000000000003
2023-08-29 04:00:00+00:00,110.72,0.1,2176.6
2023-08-29 05:00:00+00:00,122.01,0.3,2222.4
2023-08-29 06:00:00+00:00,139.07,77.3,2251.0
2023-08-29 07:00:00+00:00,115.34,479.0,2097.8
2023-08-29 08:00:00+00:00,90.51,965.2,1807.1
2023-08-29 09:00:00+00:00,88.84,1295.0,1537.4
2023-08-29 10:00:00+00:00,86.29,1529.3,1433.2
2023-08-29 11:00:00+00:00,86.0,1635.9,1559.6
2023-08-29 12:00:00+00:00,81.2,1670.0,1857.3
2023-08-29 13:00:00+00:00,80.25,1662.1,2144.8
2023-08-29 14:00:00+00:00,78.91,1551.2,2381.0
2023-08-29 15:00:00+00:00,80.1,1333.4,2646.9
2023-08-29 16:00:00+00:00,85.5,1008.1,3038.4
2023-08-29 17:00:00+00:00,113.6,530.3,3081.6
2023-08-29 18:00:00+00:00,133.66,102.4,2985.5
2023-08-29 19:00:00+00:00,136.68,0.5,2842.8999999999996
2023-08-29 20:00:00+00:00,122.08,0.6,2654.8
2023-08-29 21:00:00+00:00,115.34,0.2,2515.4
2023-08-29 22:00:00+00:00,113.6,0.2,2419.0
2023-08-29 23:00:00+00:00,109.92,0.1,2344.8
2023-08-30 00:00:00+00:00,96.36,0.1,2233.2
2023-08-30 01:00:00+00:00,91.0,0.1,2092.1
2023-08-30 02:00:00+00:00,92.39,0.1,1932.3
2023-08-30 03:00:00+00:00,94.0,0.1,1928.1
2023-08-30 04:00:00+00:00,115.56,0.1,1857.8
2023-08-30 05:00:00+00:00,124.88,0.3,1661.7
2023-08-30 06:00:00+00:00,129.16,72.4,1556.3
2023-08-30 07:00:00+00:00,122.52,426.9,1299.0
2023-08-30 08:00:00+00:00,110.39,913.3,1050.5
2023-08-30 09:00:00+00:00,100.15,1315.2,861.3
2023-08-30 10:00:00+00:00,97.25,1545.9,855.1
2023-08-30 11:00:00+00:00,95.68,1661.3,1000.1999999999999
2023-08-30 12:00:00+00:00,91.2,1673.7,1164.7
2023-08-30 13:00:00+00:00,88.7,1622.8,1178.0
2023-08-30 14:00:00+00:00,86.51,1474.1,1229.4
2023-08-30 15:00:00+00:00,88.41,1228.7,1327.4
2023-08-30 16:00:00+00:00,106.07,917.9,1464.9
2023-08-30 17:00:00+00:00,127.01,474.3,1467.8
2023-08-30 18:00:00+00:00,138.45,80.5,1501.0
2023-08-30 19:00:00+00:00,134.4,0.3,1744.0
2023-08-30 20:00:00+00:00,123.5,0.7,1827.1
2023-08-30 21:00:00+00:00,122.63,0.2,1742.7
2023-08-30 22:00:00+00:00,118.46,0.2,1662.7
2023-08-30 23:00:00+00:00,114.83,0.1,1559.5
2023-08-31 00:00:00+00:00,104.86,0.1,1468.9
2023-08-31 01:00:00+00:00,104.86,0.1,1319.7
2023-08-31 02:00:00+00:00,104.86,0.1,1133.8000000000002
2023-08-31 03:00:00+00:00,112.13,0.1,1063.3999999999999
2023-08-31 04:00:00+00:00,122.94,0.1,1030.8
2023-08-31 05:00:00+00:00,125.0,0.2,911.4
2023-08-31 06:00:00+00:00,128.5,74.0,855.8000000000001
2023-08-31 07:00:00+00:00,115.02,473.4,647.5
2023-08-31 08:00:00+00:00,97.56,957.7,401.09999999999997
2023-08-31 09:00:00+00:00,92.43,1295.7,245.6
2023-08-31 10:00:00+00:00,90.06,1511.0,178.9
2023-08-31 11:00:00+00:00,89.31,1618.8,178.9
2023-08-31 12:00:00+00:00,88.2,1626.7,223.7
2023-08-31 13:00:00+00:00,88.0,1590.2,404.4
2023-08-31 14:00:00+00:00,90.43,1490.9,671.7
2023-08-31 15:00:00+00:00,101.03,1286.9,925.5
2023-08-31 16:00:00+00:00,113.81,969.5,1085.8999999999999
2023-08-31 17:00:00+00:00,125.01,480.3,1233.3
2023-08-31 18:00:00+00:00,136.66,84.9,1274.0
2023-08-31 19:00:00+00:00,136.52,0.3,1314.1000000000001
2023-08-31 20:00:00+00:00,130.0,0.5,1296.4
2023-08-31 21:00:00+00:00,123.21,0.2,1233.8
2023-08-31 22:00:00+00:00,119.25,0.1,1074.0
2023-08-31 23:00:00+00:00,116.25,0.0,950.3
2023-09-01 00:00:00+00:00,109.4,0.0,914.9
2023-09-01 01:00:00+00:00,109.4,0.0,891.1
2023-09-01 02:00:00+00:00,108.72,0.1,741.9
2023-09-01 03:00:00+00:00,109.4,0.1,663.3000000000001
2023-09-01 04:00:00+00:00,112.68,0.1,753.4
2023-09-01 05:00:00+00:00,115.46,0.1,787.1
2023-09-01 06:00:00+00:00,119.01,56.2,790.5
2023-09-01 07:00:00+00:00,111.25,374.7,633.0
2023-09-01 08:00:00+00:00,102.18,851.4,442.6
2023-09-01 09:00:00+00:00,96.52,1259.7,361.4
2023-09-01 10:00:00+00:00,92.02,1493.6,360.2
2023-09-01 11:00:00+00:00,88.9,1600.4,537.2
2023-09-01 12:00:00+00:00,80.5,1583.5,733.4
2023-09-01 13:00:00+00:00,74.68,1535.3,975.3
2023-09-01 14:00:00+00:00,74.46,1367.2,1319.1
2023-09-01 15:00:00+00:00,80.48,1122.9,1672.8
2023-09-01 16:00:00+00:00,107.91,736.3,1902.4
2023-09-01 17:00:00+00:00,119.81,229.2,1568.1
2023-09-01 18:00:00+00:00,126.73,34.6,1268.4
2023-09-01 19:00:00+00:00,127.82,0.1,1380.0
2023-09-01 20:00:00+00:00,118.56,0.3,1475.5
2023-09-01 21:00:00+00:00,117.75,0.1,1434.1
2023-09-01 22:00:00+00:00,119.4,0.1,1506.9
2023-09-01 23:00:00+00:00,105.0,0.0,1275.7
2023-09-02 00:00:00+00:00,100.0,0.0,1091.7
2023-09-02 01:00:00+00:00,94.28,0.0,1045.5
2023-09-02 02:00:00+00:00,92.1,0.0,859.0
2023-09-02 03:00:00+00:00,94.0,0.0,689.6999999999999
2023-09-02 04:00:00+00:00,95.67,0.0,720.0
2023-09-02 05:00:00+00:00,101.09,0.0,662.1
2023-09-02 06:00:00+00:00,110.0,50.4,720.1999999999999
2023-09-02 07:00:00+00:00,115.0,294.6,794.4
2023-09-02 08:00:00+00:00,120.0,539.2,687.3000000000001
2023-09-02 09:00:00+00:00,94.28,770.6,633.6
2023-09-02 10:00:00+00:00,83.33,990.6,557.9
2023-09-02 11:00:00+00:00,83.0,1123.8,545.5
2023-09-02 12:00:00+00:00,82.31,1213.9,701.1
2023-09-02 13:00:00+00:00,79.45,1305.0,888.4000000000001
2023-09-02 14:00:00+00:00,80.01,1126.5,1225.8
2023-09-02 15:00:00+00:00,93.45,961.8,1532.6
2023-09-02 16:00:00+00:00,110.0,715.0,1801.7
2023-09-02 17:00:00+00:00,121.92,367.7,1737.7
2023-09-02 18:00:00+00:00,126.96,75.2,1982.3
2023-09-02 19:00:00+00:00,131.31,0.6,2203.0
2023-09-02 20:00:00+00:00,120.01,0.2,2461.6
2023-09-02 21:00:00+00:00,103.42,0.1,2602.9
2023-09-02 22:00:00+00:00,105.28,0.2,3063.3
2023-09-02 23:00:00+00:00,100.0,0.0,3286.4
2023-09-03 00:00:00+00:00,88.3,0.0,3148.8999999999996
2023-09-03 01:00:00+00:00,82.0,0.0,2867.7999999999997
2023-09-03 02:00:00+00:00,79.96,0.0,2735.2000000000003
2023-09-03 03:00:00+00:00,79.91,0.1,3038.4
2023-09-03 04:00:00+00:00,80.31,0.0,3072.8
2023-09-03 05:00:00+00:00,80.0,0.1,2907.4
2023-09-03 06:00:00+00:00,80.0,26.0,2650.7
2023-09-03 07:00:00+00:00,78.0,155.7,2593.6000000000004
2023-09-03 08:00:00+00:00,60.3,408.6,2460.3
2023-09-03 09:00:00+00:00,43.43,562.6,2377.2
2023-09-03 10:00:00+00:00,21.37,705.2,2282.3999999999996
2023-09-03 11:00:00+00:00,11.33,720.2,1960.6
2023-09-03 12:00:00+00:00,4.94,858.2,1630.8
2023-09-03 13:00:00+00:00,4.3,890.4,1305.7
2023-09-03 14:00:00+00:00,4.3,821.0,1314.6999999999998
2023-09-03 15:00:00+00:00,5.0,786.8,1481.8999999999999
2023-09-03 16:00:00+00:00,22.87,651.9,1927.6
2023-09-03 17:00:00+00:00,79.91,289.8,2306.4
2023-09-03 18:00:00+00:00,102.43,50.0,2535.5
2023-09-03 19:00:00+00:00,110.78,0.0,2351.4
2023-09-03 20:00:00+00:00,103.37,0.1,2332.9
2023-09-03 21:00:00+00:00,95.12,0.1,2299.2000000000003
2023-09-03 22:00:00+00:00,83.02,0.2,2313.7000000000003
2023-09-03 23:00:00+00:00,71.75,0.0,2294.0
2023-09-04 00:00:00+00:00,62.57,0.0,2330.7
2023-09-04 01:00:00+00:00,54.8,0.0,2400.4
2023-09-04 02:00:00+00:00,52.86,0.0,2479.8
2023-09-04 03:00:00+00:00,55.04,0.0,2480.2999999999997
2023-09-04 04:00:00+00:00,86.0,0.0,2557.4
2023-09-04 05:00:00+00:00,114.0,0.1,2694.0
2023-09-04 06:00:00+00:00,120.29,62.8,3041.2
2023-09-04 07:00:00+00:00,109.36,333.8,3186.8999999999996
2023-09-04 08:00:00+00:00,92.88,651.8,3467.5
2023-09-04 09:00:00+00:00,82.07,760.1,3736.9
2023-09-04 10:00:00+00:00,77.69,849.2,3847.1
2023-09-04 11:00:00+00:00,70.0,914.2,3877.9
2023-09-04 12:00:00+00:00,54.8,870.4,3928.0
2023-09-04 13:00:00+00:00,52.14,892.2,3949.0
2023-09-04 14:00:00+00:00,52.52,856.7,3933.1
2023-09-04 15:00:00+00:00,63.99,736.0,3654.8
2023-09-04 16:00:00+00:00,98.0,544.6,3544.5
2023-09-04 17:00:00+00:00,117.92,251.0,3619.6
2023-09-04 18:00:00+00:00,138.33,36.4,3743.3
2023-09-04 19:00:00+00:00,137.76,0.1,3895.0
2023-09-04 20:00:00+00:00,121.7,0.2,3871.8
2023-09-04 21:00:00+00:00,115.0,0.1,3932.0
2023-09-04 22:00:00+00:00,102.83,0.1,3933.0
2023-09-04 23:00:00+00:00,89.5,0.0,3832.5
2023-09-05 00:00:00+00:00,87.3,0.0,3691.3
2023-09-05 01:00:00+00:00,86.2,0.0,3511.4
2023-09-05 02:00:00+00:00,86.2,0.0,3323.7
2023-09-05 03:00:00+00:00,87.55,0.0,3075.5
2023-09-05 04:00:00+00:00,101.7,0.0,2817.3
2023-09-05 05:00:00+00:00,119.02,0.1,2590.8
2023-09-05 06:00:00+00:00,123.54,45.9,2512.4
2023-09-05 07:00:00+00:00,107.68,272.9,2431.6
2023-09-05 08:00:00+00:00,88.1,511.8,2341.0
2023-09-05 09:00:00+00:00,85.05,688.9,2303.8
2023-09-05 10:00:00+00:00,81.5,874.3,2195.2
2023-09-05 11:00:00+00:00,80.31,980.5,2028.7
2023-09-05 12:00:00+00:00,80.48,969.2,1774.7
2023-09-05 13:00:00+00:00,83.0,1104.6,1643.0
2023-09-05 14:00:00+00:00,88.51,1084.4,1470.2
2023-09-05 15:00:00+00:00,102.31,972.2,1375.6000000000001
2023-09-05 16:00:00+00:00,116.94,735.9,1270.6000000000001
2023-09-05 17:00:00+00:00,139.01,390.3,1133.3
2023-09-05 18:00:00+00:00,149.23,60.7,1003.0
2023-09-05 19:00:00+00:00,141.18,0.1,969.7
2023-09-05 20:00:00+00:00,137.76,0.3,883.7
2023-09-05 21:00:00+00:00,126.0,0.1,836.9
2023-09-05 22:00:00+00:00,117.62,0.1,850.9
2023-09-05 23:00:00+00:00,114.18,0.0,901.9
2023-09-06 00:00:00+00:00,107.01,0.0,930.4
2023-09-06 01:00:00+00:00,100.85,0.0,944.0
2023-09-06 02:00:00+00:00,100.08,0.0,963.2
2023-09-06 03:00:00+00:00,100.85,0.0,1109.3
2023-09-06 04:00:00+00:00,105.0,0.0,1320.6000000000001
2023-09-06 05:00:00+00:00,125.55,0.1,1340.0
2023-09-06 06:00:00+00:00,121.93,63.7,1394.0
2023-09-06 07:00:00+00:00,105.0,401.4,1303.6
2023-09-06 08:00:00+00:00,88.65,786.7,1091.0
2023-09-06 09:00:00+00:00,82.45,1058.4,989.6
2023-09-06 10:00:00+00:00,79.97,1124.1,1111.6000000000001
2023-09-06 11:00:00+00:00,79.77,1280.0,1255.4
2023-09-06 12:00:00+00:00,79.27,1354.6,1038.2
2023-09-06 13:00:00+00:00,82.5,1341.7,731.5999999999999
2023-09-06 14:00:00+00:00,91.44,1121.7,583.3
2023-09-06 15:00:00+00:00,105.87,795.2,617.8
2023-09-06 16:00:00+00:00,122.69,424.5,700.8000000000001
2023-09-06 17:00:00+00:00,133.57,182.3,670.1
2023-09-06 18:00:00+00:00,152.5,35.1,651.0
2023-09-06 19:00:00+00:00,135.0,0.1,651.8000000000001
2023-09-06 20:00:00+00:00,124.42,0.3,519.8
2023-09-06 21:00:00+00:00,114.12,0.1,452.20000000000005
2023-09-06 22:00:00+00:00,119.42,0.1,480.4
2023-09-06 23:00:00+00:00,110.42,0.0,563.1
2023-09-07 00:00:00+00:00,97.5,0.0,507.8
2023-09-07 01:00:00+00:00,93.5,0.0,498.3
2023-09-07 02:00:00+00:00,93.0,0.1,508.2
2023-09-07 03:00:00+00:00,93.0,0.0,548.7
2023-09-07 04:00:00+00:00,103.35,0.0,635.1
2023-09-07 05:00:00+00:00,130.0,0.1,763.8000000000001
2023-09-07 06:00:00+00:00,126.0,27.4,886.1999999999999
2023-09-07 07:00:00+00:00,113.0,259.4,992.6999999999999
2023-09-07 08:00:00+00:00,95.0,607.2,1010.1999999999999
2023-09-07 09:00:00+00:00,86.72,999.3,1046.3999999999999
2023-09-07 10:00:00+00:00,85.0,1188.7,1206.1999999999998
2023-09-07 11:00:00+00:00,83.0,1196.3,1429.7
2023-09-07 12:00:00+00:00,81.71,1247.4,1364.6000000000001
2023-09-07 13:00:00+00:00,82.0,1372.5,1111.8
2023-09-07 14:00:00+00:00,88.3,1172.5,864.6999999999999
2023-09-07 15:00:00+00:00,103.14,804.4,801.7
2023-09-07 16:00:00+00:00,115.49,460.0,868.1
2023-09-07 17:00:00+00:00,132.92,280.6,816.9000000000001
2023-09-07 18:00:00+00:00,146.75,60.0,634.9
2023-09-07 19:00:00+00:00,134.0,0.1,439.09999999999997
2023-09-07 20:00:00+00:00,130.0,0.3,368.2
2023-09-07 21:00:00+00:00,127.1,0.1,365.8
2023-09-07 22:00:00+00:00,117.0,0.1,300.6
2023-09-07 23:00:00+00:00,106.24,0.0,204.9
2023-09-08 00:00:00+00:00,98.0,0.0,157.20000000000002
2023-09-08 01:00:00+00:00,97.34,0.0,179.9
2023-09-08 02:00:00+00:00,94.54,0.0,254.2
2023-09-08 03:00:00+00:00,90.77,0.0,387.4
2023-09-08 04:00:00+00:00,103.0,0.0,619.4
2023-09-08 05:00:00+00:00,121.5,0.0,919.9
2023-09-08 06:00:00+00:00,122.47,49.1,1013.7
2023-09-08 07:00:00+00:00,105.0,312.6,932.4
2023-09-08 08:00:00+00:00,90.4,775.0,869.5
2023-09-08 09:00:00+00:00,83.72,1063.0,1017.3000000000001
2023-09-08 10:00:00+00:00,82.0,1229.4,1125.3
2023-09-08 11:00:00+00:00,81.1,1350.0,1161.7
2023-09-08 12:00:00+00:00,80.0,1338.4,1138.5
2023-09-08 13:00:00+00:00,80.23,1077.5,1110.1000000000001
2023-09-08 14:00:00+00:00,88.41,871.2,1118.8
2023-09-08 15:00:00+00:00,106.85,642.0,1022.0
2023-09-08 16:00:00+00:00,110.05,436.1,855.7
2023-09-08 17:00:00+00:00,124.18,166.2,720.0
2023-09-08 18:00:00+00:00,149.05,24.6,543.7
2023-09-08 19:00:00+00:00,132.08,0.0,458.9
2023-09-08 20:00:00+00:00,115.42,0.2,298.4
2023-09-08 21:00:00+00:00,112.5,0.1,300.29999999999995
2023-09-08 22:00:00+00:00,127.77,0.1,284.3
2023-09-08 23:00:00+00:00,117.42,0.0,296.79999999999995
2023-09-09 00:00:00+00:00,110.05,0.1,401.7
2023-09-09 01:00:00+00:00,100.0,0.0,597.3
2023-09-09 02:00:00+00:00,97.56,0.0,659.4
2023-09-09 03:00:00+00:00,97.56,0.0,768.2
2023-09-09 04:00:00+00:00,105.0,0.0,826.0
2023-09-09 05:00:00+00:00,103.0,0.0,813.4000000000001
2023-09-09 06:00:00+00:00,103.0,26.2,840.0
2023-09-09 07:00:00+00:00,89.77,174.9,892.4
2023-09-09 08:00:00+00:00,86.0,493.1,974.3
2023-09-09 09:00:00+00:00,83.72,628.8,1017.7
2023-09-09 10:00:00+00:00,77.84,836.8,856.3
2023-09-09 11:00:00+00:00,73.5,954.6,926.3
2023-09-09 12:00:00+00:00,64.99,991.1,1048.4
2023-09-09 13:00:00+00:00,57.89,971.6,1181.7
2023-09-09 14:00:00+00:00,78.8,909.4,1235.3
2023-09-09 15:00:00+00:00,83.0,918.1,1072.6000000000001
2023-09-09 16:00:00+00:00,101.0,694.6,974.9
2023-09-09 17:00:00+00:00,126.51,355.3,751.1999999999999
2023-09-09 18:00:00+00:00,137.67,44.6,600.9
2023-09-09 19:00:00+00:00,135.13,0.0,518.8000000000001
2023-09-09 20:00:00+00:00,134.31,0.3,413.59999999999997
2023-09-09 21:00:00+00:00,129.03,0.1,393.20000000000005
2023-09-09 22:00:00+00:00,126.51,0.1,342.5
2023-09-09 23:00:00+00:00,115.43,0.0,321.2
2023-09-10 00:00:00+00:00,114.82,0.0,309.6
2023-09-10 01:00:00+00:00,113.0,0.0,278.90000000000003
2023-09-10 02:00:00+00:00,110.05,0.0,264.2
2023-09-10 03:00:00+00:00,101.73,0.0,253.3
2023-09-10 04:00:00+00:00,111.74,0.0,277.6
2023-09-10 05:00:00+00:00,111.74,0.0,305.70000000000005
2023-09-10 06:00:00+00:00,113.0,47.1,376.2
2023-09-10 07:00:00+00:00,101.73,304.5,423.2
2023-09-10 08:00:00+00:00,83.72,741.9,359.40000000000003
2023-09-10 09:00:00+00:00,79.0,1066.6,381.0
2023-09-10 10:00:00+00:00,79.2,1166.7,417.5
2023-09-10 11:00:00+00:00,81.0,1080.8,387.9
2023-09-10 12:00:00+00:00,77.84,1027.9,315.7
2023-09-10 13:00:00+00:00,73.27,963.9,261.8
2023-09-10 14:00:00+00:00,79.0,835.3,337.0
2023-09-10 15:00:00+00:00,84.0,635.4,207.4
2023-09-10 16:00:00+00:00,101.73,357.8,175.8
2023-09-10 17:00:00+00:00,121.04,187.8,155.9
2023-09-10 18:00:00+00:00,129.94,28.9,262.2
2023-09-10 19:00:00+00:00,131.57,0.0,311.2
2023-09-10 20:00:00+00:00,126.51,0.2,196.9
2023-09-10 21:00:00+00:00,115.43,0.1,145.5
2023-09-10 22:00:00+00:00,120.0,0.1,194.8
2023-09-10 23:00:00+00:00,117.89,0.0,173.5
2023-09-11 00:00:00+00:00,108.01,0.0,138.5
2023-09-11 01:00:00+00:00,110.78,0.0,142.5
2023-09-11 02:00:00+00:00,112.42,0.0,115.0
2023-09-11 03:00:00+00:00,114.18,0.0,105.1
2023-09-11 04:00:00+00:00,125.3,0.0,81.1
2023-09-11 05:00:00+00:00,129.16,0.0,70.3
2023-09-11 06:00:00+00:00,136.44,29.1,62.6
2023-09-11 07:00:00+00:00,127.42,235.9,64.19999999999999
2023-09-11 08:00:00+00:00,117.78,509.2,62.300000000000004
2023-09-11 09:00:00+00:00,99.0,838.5,56.0
2023-09-11 10:00:00+00:00,93.97,1034.0,65.0
2023-09-11 11:00:00+00:00,92.0,1191.5,97.3
2023-09-11 12:00:00+00:00,90.0,1072.1,167.7
2023-09-11 13:00:00+00:00,92.53,1050.4,242.2
2023-09-11 14:00:00+00:00,100.18,1002.2,357.8
2023-09-11 15:00:00+00:00,117.89,847.3,367.2
2023-09-11 16:00:00+00:00,120.0,727.1,409.6
2023-09-11 17:00:00+00:00,132.24,360.5,450.3
2023-09-11 18:00:00+00:00,147.3,43.8,498.3
2023-09-11 19:00:00+00:00,148.8,0.1,587.6
2023-09-11 20:00:00+00:00,131.41,0.4,611.0
2023-09-11 21:00:00+00:00,121.8,0.1,574.8
2023-09-11 22:00:00+00:00,119.7,0.1,503.8
2023-09-11 23:00:00+00:00,110.78,0.0,429.3
2023-09-12 00:00:00+00:00,112.19,0.0,359.0
2023-09-12 01:00:00+00:00,110.01,0.0,277.3
2023-09-12 02:00:00+00:00,107.91,0.1,225.2
2023-09-12 03:00:00+00:00,112.19,0.0,177.7
2023-09-12 04:00:00+00:00,119.09,0.0,144.5
2023-09-12 05:00:00+00:00,135.13,0.0,158.6
2023-09-12 06:00:00+00:00,140.78,34.1,177.7
2023-09-12 07:00:00+00:00,123.22,307.5,170.2
2023-09-12 08:00:00+00:00,115.65,768.2,123.4
2023-09-12 09:00:00+00:00,101.59,1191.8,121.7
2023-09-12 10:00:00+00:00,98.14,1464.2,124.9
2023-09-12 11:00:00+00:00,97.2,1572.9,147.6
2023-09-12 12:00:00+00:00,97.2,1530.6,191.4
2023-09-12 13:00:00+00:00,99.9,1478.2,240.7
2023-09-12 14:00:00+00:00,107.91,1411.3,321.7
2023-09-12 15:00:00+00:00,117.31,1171.1,419.70000000000005
2023-09-12 16:00:00+00:00,121.2,873.1,493.6
2023-09-12 17:00:00+00:00,135.71,406.3,678.8
2023-09-12 18:00:00+00:00,147.47,40.4,790.6
2023-09-12 19:00:00+00:00,137.51,0.1,867.4
2023-09-12 20:00:00+00:00,121.91,0.5,904.9000000000001
2023-09-12 21:00:00+00:00,110.05,0.1,990.6
2023-09-12 22:00:00+00:00,114.18,0.2,970.5999999999999
2023-09-12 23:00:00+00:00,100.0,0.0,1096.6999999999998
2023-09-13 00:00:00+00:00,97.89,0.0,1122.1
2023-09-13 01:00:00+00:00,93.84,0.0,1091.3
2023-09-13 02:00:00+00:00,93.0,0.1,1219.1
2023-09-13 03:00:00+00:00,93.21,0.0,1283.1
2023-09-13 04:00:00+00:00,107.18,0.0,1334.5
2023-09-13 05:00:00+00:00,123.27,0.0,1369.0
2023-09-13 06:00:00+00:00,137.5,45.4,1346.9
2023-09-13 07:00:00+00:00,124.91,435.1,1246.9
2023-09-13 08:00:00+00:00,103.21,976.8,1039.6
2023-09-13 09:00:00+00:00,96.86,1332.2,789.9
2023-09-13 10:00:00+00:00,94.97,1538.3,566.5
2023-09-13 11:00:00+00:00,93.0,1632.9,378.9
2023-09-13 12:00:00+00:00,91.76,1600.0,248.79999999999998
2023-09-13 13:00:00+00:00,90.55,1529.4,199.0
2023-09-13 14:00:00+00:00,91.93,1340.4,222.0
2023-09-13 15:00:00+00:00,100.27,1152.1,264.2
2023-09-13 16:00:00+00:00,116.87,869.9,328.3
2023-09-13 17:00:00+00:00,130.01,367.2,383.0
2023-09-13 18:00:00+00:00,137.5,35.4,512.6
2023-09-13 19:00:00+00:00,133.48,0.1,769.1
2023-09-13 20:00:00+00:00,126.13,0.4,1029.1000000000001
2023-09-13 21:00:00+00:00,114.18,0.1,1137.3999999999999
2023-09-13 22:00:00+00:00,96.3,0.1,1300.7
2023-09-13 23:00:00+00:00,93.21,0.0,1408.8
2023-09-14 00:00:00+00:00,89.51,0.0,1364.6
2023-09-14 01:00:00+00:00,90.1,0.0,1289.6000000000001
2023-09-14 02:00:00+00:00,90.2,0.1,1184.3
2023-09-14 03:00:00+00:00,93.21,0.0,1064.3
2023-09-14 04:00:00+00:00,114.35,0.0,968.3
2023-09-14 05:00:00+00:00,125.0,0.0,984.1
2023-09-14 06:00:00+00:00,127.77,41.0,1041.3
2023-09-14 07:00:00+00:00,120.43,391.2,905.9
2023-09-14 08:00:00+00:00,96.82,885.0,756.1999999999999
2023-09-14 09:00:00+00:00,90.87,1232.8,599.2
2023-09-14 10:00:00+00:00,88.99,1442.2,452.9
2023-09-14 11:00:00+00:00,89.0,1544.0,299.7
2023-09-14 12:00:00+00:00,89.2,1507.9,221.29999999999998
2023-09-14 13:00:00+00:00,89.2,1439.6,167.9
2023-09-14 14:00:00+00:00,94.0,1261.2,163.1
2023-09-14 15:00:00+00:00,94.68,1052.4,264.09999999999997
2023-09-14 16:00:00+00:00,121.1,769.4,406.5
2023-09-14 17:00:00+00:00,131.44,316.2,492.3
2023-09-14 18:00:00+00:00,145.91,32.2,632.5
2023-09-14 19:00:00+00:00,132.22,0.1,691.4
2023-09-14 20:00:00+00:00,126.41,0.5,638.0
2023-09-14 21:00:00+00:00,125.0,0.1,512.1
2023-09-14 22:00:00+00:00,119.32,0.2,455.2
2023-09-14 23:00:00+00:00,110.0,0.0,507.59999999999997
2023-09-15 00:00:00+00:00,103.52,0.0,489.1
2023-09-15 01:00:00+00:00,103.32,0.0,621.7
2023-09-15 02:00:00+00:00,103.52,0.0,828.8
2023-09-15 03:00:00+00:00,104.04,0.0,902.4
2023-09-15 04:00:00+00:00,122.25,0.0,791.7
2023-09-15 05:00:00+00:00,126.23,0.0,778.8
2023-09-15 06:00:00+00:00,125.07,26.1,807.4
2023-09-15 07:00:00+00:00,124.19,274.8,738.0
2023-09-15 08:00:00+00:00,124.92,671.8,626.6
2023-09-15 09:00:00+00:00,122.69,1007.9,540.3000000000001
2023-09-15 10:00:00+00:00,121.22,1173.0,493.6
2023-09-15 11:00:00+00:00,109.18,1195.5,564.0999999999999
2023-09-15 12:00:00+00:00,99.22,1293.2,595.5
2023-09-15 13:00:00+00:00,94.75,1244.4,675.1
2023-09-15 14:00:00+00:00,96.16,1061.3,740.2
2023-09-15 15:00:00+00:00,108.29,908.4,892.8
2023-09-15 16:00:00+00:00,118.97,602.9,896.4000000000001
2023-09-15 17:00:00+00:00,124.0,240.7,894.0
2023-09-15 18:00:00+00:00,130.5,32.6,784.8
2023-09-15 19:00:00+00:00,130.5,0.1,483.7
2023-09-15 20:00:00+00:00,124.19,0.4,375.3
2023-09-15 21:00:00+00:00,123.0,0.1,502.8
2023-09-15 22:00:00+00:00,120.95,0.2,676.2
2023-09-15 23:00:00+00:00,118.59,0.0,973.0
2023-09-16 00:00:00+00:00,114.21,0.1,1334.6000000000001
2023-09-16 01:00:00+00:00,100.53,0.0,1625.0
2023-09-16 02:00:00+00:00,100.0,0.0,1880.7
2023-09-16 03:00:00+00:00,92.0,0.0,1628.0
2023-09-16 04:00:00+00:00,100.0,0.0,1615.1
2023-09-16 05:00:00+00:00,100.53,0.0,1776.8999999999999
2023-09-16 06:00:00+00:00,103.0,6.9,1951.2
2023-09-16 07:00:00+00:00,99.84,56.8,2306.7
2023-09-16 08:00:00+00:00,85.72,139.2,2438.0
2023-09-16 09:00:00+00:00,80.0,254.5,2328.5
2023-09-16 10:00:00+00:00,76.23,454.8,2060.6
2023-09-16 11:00:00+00:00,76.23,621.1,2143.3
2023-09-16 12:00:00+00:00,73.41,805.7,2149.3
2023-09-16 13:00:00+00:00,74.46,833.1,1862.5
2023-09-16 14:00:00+00:00,76.0,813.2,1528.6
2023-09-16 15:00:00+00:00,81.68,742.4,1253.7
2023-09-16 16:00:00+00:00,103.0,607.0,1104.8999999999999
2023-09-16 17:00:00+00:00,118.59,304.6,1036.3
2023-09-16 18:00:00+00:00,121.57,31.8,976.5
2023-09-16 19:00:00+00:00,122.69,0.0,1155.5
2023-09-16 20:00:00+00:00,119.61,0.2,1370.4
2023-09-16 21:00:00+00:00,115.0,0.1,1751.4
2023-09-16 22:00:00+00:00,113.23,0.2,2153.6
2023-09-16 23:00:00+00:00,105.23,0.0,2453.1
2023-09-17 00:00:00+00:00,87.55,0.0,2757.3
2023-09-17 01:00:00+00:00,79.05,0.1,2993.6
2023-09-17 02:00:00+00:00,77.91,0.1,3165.5
2023-09-17 03:00:00+00:00,77.75,0.1,3420.2
2023-09-17 04:00:00+00:00,79.05,0.1,3534.6
2023-09-17 05:00:00+00:00,79.33,0.0,3724.3
2023-09-17 06:00:00+00:00,78.51,25.4,3876.0
2023-09-17 07:00:00+00:00,70.01,287.3,3916.0
2023-09-17 08:00:00+00:00,50.23,684.5,4048.5
2023-09-17 09:00:00+00:00,20.0,912.4,4247.0
2023-09-17 10:00:00+00:00,5.0,1063.5,4291.3
2023-09-17 11:00:00+00:00,4.08,1094.2,4176.3
2023-09-17 12:00:00+00:00,4.3,1119.4,3998.5
2023-09-17 13:00:00+00:00,4.3,1083.6,3802.1
2023-09-17 14:00:00+00:00,4.3,923.6,3519.7000000000003
2023-09-17 15:00:00+00:00,4.3,776.6,3147.7
2023-09-17 16:00:00+00:00,46.17,473.2,2833.9
2023-09-17 17:00:00+00:00,90.0,189.4,2467.8
2023-09-17 18:00:00+00:00,122.69,15.5,2112.7
2023-09-17 19:00:00+00:00,118.25,0.0,1816.5
2023-09-17 20:00:00+00:00,110.05,0.2,1567.8
2023-09-17 21:00:00+00:00,99.18,0.1,1602.3000000000002
2023-09-17 22:00:00+00:00,85.0,0.1,1608.6
2023-09-17 23:00:00+00:00,82.51,0.0,1440.3000000000002
2023-09-18 00:00:00+00:00,81.73,0.0,1324.7
2023-09-18 01:00:00+00:00,80.2,0.1,1090.9
2023-09-18 02:00:00+00:00,81.73,0.1,861.4
2023-09-18 03:00:00+00:00,83.5,0.1,632.6
2023-09-18 04:00:00+00:00,106.96,0.1,503.59999999999997
2023-09-18 05:00:00+00:00,125.4,0.0,384.09999999999997
2023-09-18 06:00:00+00:00,129.0,29.8,292.90000000000003
2023-09-18 07:00:00+00:00,125.23,278.3,231.79999999999998
2023-09-18 08:00:00+00:00,109.1,659.0,126.0
2023-09-18 09:00:00+00:00,90.1,870.5,56.7
2023-09-18 10:00:00+00:00,88.19,1035.5,32.5
2023-09-18 11:00:00+00:00,86.5,1232.2,29.3
2023-09-18 12:00:00+00:00,85.0,1179.1,41.800000000000004
2023-09-18 13:00:00+00:00,85.0,1210.7,61.3
2023-09-18 14:00:00+00:00,86.5,1143.3,78.4
2023-09-18 15:00:00+00:00,106.96,1023.7,101.19999999999999
2023-09-18 16:00:00+00:00,123.91,705.5,163.7
2023-09-18 17:00:00+00:00,129.22,304.7,234.8
2023-09-18 18:00:00+00:00,149.05,21.6,298.7
2023-09-18 19:00:00+00:00,164.12,0.1,270.9
2023-09-18 20:00:00+00:00,129.22,0.4,246.0
2023-09-18 21:00:00+00:00,125.25,0.1,214.9
2023-09-18 22:00:00+00:00,129.22,0.1,213.5
2023-09-18 23:00:00+00:00,123.91,0.0,192.70000000000002
2023-09-19 00:00:00+00:00,114.08,0.0,202.4
2023-09-19 01:00:00+00:00,109.5,0.0,220.7
2023-09-19 02:00:00+00:00,104.0,0.1,215.3
2023-09-19 03:00:00+00:00,106.0,0.0,184.10000000000002
2023-09-19 04:00:00+00:00,122.0,0.0,159.9
2023-09-19 05:00:00+00:00,129.22,0.1,133.7
2023-09-19 06:00:00+00:00,129.82,36.3,128.2
2023-09-19 07:00:00+00:00,114.69,412.7,89.9
2023-09-19 08:00:00+00:00,93.93,963.0,67.8
2023-09-19 09:00:00+00:00,90.0,1336.7,50.1
2023-09-19 10:00:00+00:00,89.0,1540.5,52.8
2023-09-19 11:00:00+00:00,89.0,1625.6,53.8
2023-09-19 12:00:00+00:00,86.0,1555.7,79.2
2023-09-19 13:00:00+00:00,85.51,1457.5,112.19999999999999
2023-09-19 14:00:00+00:00,86.5,1411.8,162.4
2023-09-19 15:00:00+00:00,89.0,1197.3,270.2
2023-09-19 16:00:00+00:00,99.99,824.2,429.0
2023-09-19 17:00:00+00:00,120.0,335.9,637.0999999999999
2023-09-19 18:00:00+00:00,140.0,22.2,760.6999999999999
2023-09-19 19:00:00+00:00,143.0,0.1,779.2
2023-09-19 20:00:00+00:00,129.22,0.6,684.3
2023-09-19 21:00:00+00:00,114.08,0.2,538.7
2023-09-19 22:00:00+00:00,110.77,0.2,471.4
2023-09-19 23:00:00+00:00,98.15,0.0,366.1
2023-09-20 00:00:00+00:00,109.13,0.0,339.0
2023-09-20 01:00:00+00:00,103.5,0.0,535.9
2023-09-20 02:00:00+00:00,101.83,0.0,549.0
2023-09-20 03:00:00+00:00,101.88,0.0,694.8000000000001
2023-09-20 04:00:00+00:00,110.77,0.0,666.4
2023-09-20 05:00:00+00:00,115.73,0.1,644.5
2023-09-20 06:00:00+00:00,116.61,34.4,749.7
2023-09-20 07:00:00+00:00,114.94,401.7,720.5
2023-09-20 08:00:00+00:00,103.5,895.5,473.40000000000003
2023-09-20 09:00:00+00:00,82.5,1243.6,432.90000000000003
2023-09-20 10:00:00+00:00,81.0,1450.0,570.2
2023-09-20 11:00:00+00:00,76.41,1453.0,797.5
2023-09-20 12:00:00+00:00,63.0,1406.2,957.4
2023-09-20 13:00:00+00:00,40.0,1342.2,1212.3
2023-09-20 14:00:00+00:00,40.0,1260.3,1437.8
2023-09-20 15:00:00+00:00,60.91,1116.1,1737.3000000000002
2023-09-20 16:00:00+00:00,81.73,832.5,1823.6000000000001
2023-09-20 17:00:00+00:00,112.94,321.6,1856.7
2023-09-20 18:00:00+00:00,115.45,14.9,1783.8
2023-09-20 19:00:00+00:00,114.94,0.2,1877.5
2023-09-20 20:00:00+00:00,110.0,0.4,2113.2
2023-09-20 21:00:00+00:00,89.99,0.2,2584.5
2023-09-20 22:00:00+00:00,78.57,0.2,3016.8
2023-09-20 23:00:00+00:00,76.97,0.0,3200.1
2023-09-21 00:00:00+00:00,73.77,0.0,3314.7
2023-09-21 01:00:00+00:00,72.88,0.0,3231.6
2023-09-21 02:00:00+00:00,70.0,0.0,3402.6
2023-09-21 03:00:00+00:00,71.11,0.0,3574.4
2023-09-21 04:00:00+00:00,77.57,0.0,3514.4
2023-09-21 05:00:00+00:00,110.11,0.1,3483.2000000000003
2023-09-21 06:00:00+00:00,115.82,18.4,3240.2000000000003
2023-09-21 07:00:00+00:00,106.0,178.4,3189.1000000000004
2023-09-21 08:00:00+00:00,102.13,366.8,3143.8
2023-09-21 09:00:00+00:00,92.83,519.0,2836.0
2023-09-21 10:00:00+00:00,88.31,618.0,2585.3999999999996
2023-09-21 11:00:00+00:00,82.27,749.2,2369.2000000000003
2023-09-21 12:00:00+00:00,77.57,836.7,2593.7000000000003
2023-09-21 13:00:00+00:00,77.0,816.8,2658.2999999999997
2023-09-21 14:00:00+00:00,77.37,815.7,2657.6000000000004
2023-09-21 15:00:00+00:00,89.0,715.6,2645.0
2023-09-21 16:00:00+00:00,102.0,488.2,2605.2
2023-09-21 17:00:00+00:00,119.53,210.3,2502.2
2023-09-21 18:00:00+00:00,121.38,17.1,2265.9
2023-09-21 19:00:00+00:00,119.68,0.1,2012.1
2023-09-21 20:00:00+00:00,108.65,0.3,1833.6
2023-09-21 21:00:00+00:00,100.0,0.1,1630.5
2023-09-21 22:00:00+00:00,103.83,0.1,1570.5
2023-09-21 23:00:00+00:00,94.0,0.0,1415.6
2023-09-22 00:00:00+00:00,94.0,0.0,1309.5
2023-09-22 01:00:00+00:00,92.22,0.0,1216.6000000000001
2023-09-22 02:00:00+00:00,90.0,0.0,1259.5
2023-09-22 03:00:00+00:00,102.0,0.0,1347.4
2023-09-22 04:00:00+00:00,111.33,0.0,1326.0
2023-09-22 05:00:00+00:00,121.23,0.1,1164.2
2023-09-22 06:00:00+00:00,125.0,27.7,973.0
2023-09-22 07:00:00+00:00,118.13,296.3,703.8000000000001
2023-09-22 08:00:00+00:00,99.64,795.4,599.0
2023-09-22 09:00:00+00:00,90.93,1153.4,603.8
2023-09-22 10:00:00+00:00,85.65,1317.6,602.3
2023-09-22 11:00:00+00:00,77.11,1355.6,714.7
2023-09-22 12:00:00+00:00,70.77,1374.9,782.6
2023-09-22 13:00:00+00:00,71.41,1303.9,818.9
2023-09-22 14:00:00+00:00,76.91,1254.9,770.6
2023-09-22 15:00:00+00:00,78.66,1104.8,854.9
2023-09-22 16:00:00+00:00,105.0,799.4,952.6
2023-09-22 17:00:00+00:00,121.27,299.2,941.1
2023-09-22 18:00:00+00:00,133.59,19.1,854.1999999999999
2023-09-22 19:00:00+00:00,130.0,0.1,690.1
2023-09-22 20:00:00+00:00,122.0,0.4,527.9
2023-09-22 21:00:00+00:00,120.51,0.1,479.0
2023-09-22 22:00:00+00:00,121.95,0.1,399.5
2023-09-22 23:00:00+00:00,121.23,0.0,385.9
2023-09-23 00:00:00+00:00,120.35,0.0,372.7
2023-09-23 01:00:00+00:00,120.35,0.0,364.2
2023-09-23 02:00:00+00:00,120.35,0.0,353.1
2023-09-23 03:00:00+00:00,118.5,0.0,379.4
2023-09-23 04:00:00+00:00,120.51,0.0,412.3
2023-09-23 05:00:00+00:00,122.4,0.0,388.7
2023-09-23 06:00:00+00:00,121.95,33.1,318.59999999999997
2023-09-23 07:00:00+00:00,112.0,436.4,269.8
2023-09-23 08:00:00+00:00,90.75,1051.6,161.10000000000002
2023-09-23 09:00:00+00:00,84.9,1453.0,108.6
2023-09-23 10:00:00+00:00,79.89,1684.2,92.7
2023-09-23 11:00:00+00:00,70.55,1777.6,79.0
2023-09-23 12:00:00+00:00,60.63,1794.8,82.6
2023-09-23 13:00:00+00:00,72.01,1755.3,96.3
2023-09-23 14:00:00+00:00,78.23,1637.9,121.2
2023-09-23 15:00:00+00:00,87.55,1378.5,118.0
2023-09-23 16:00:00+00:00,117.82,919.6,115.2
2023-09-23 17:00:00+00:00,139.64,318.7,116.9
2023-09-23 18:00:00+00:00,145.0,12.6,185.7
2023-09-23 19:00:00+00:00,150.82,0.2,318.5
2023-09-23 20:00:00+00:00,136.1,0.1,441.9
2023-09-23 21:00:00+00:00,128.0,0.0,597.4
2023-09-23 22:00:00+00:00,136.1,0.0,613.0
2023-09-23 23:00:00+00:00,124.96,0.0,674.0
2023-09-24 00:00:00+00:00,121.57,0.0,869.8
2023-09-24 01:00:00+00:00,119.78,0.0,1087.2
2023-09-24 02:00:00+00:00,114.82,0.0,1149.3
2023-09-24 03:00:00+00:00,114.82,0.0,1201.9
2023-09-24 04:00:00+00:00,120.35,0.0,1199.1
2023-09-24 05:00:00+00:00,120.35,0.0,1244.0
2023-09-24 06:00:00+00:00,106.7,32.3,1324.1999999999998
2023-09-24 07:00:00+00:00,76.2,447.1,1250.8
2023-09-24 08:00:00+00:00,28.83,1052.3,1122.2
2023-09-24 09:00:00+00:00,50.91,1451.0,924.8
2023-09-24 10:00:00+00:00,70.95,1665.4,761.8000000000001
2023-09-24 11:00:00+00:00,71.5,1752.8,749.9
2023-09-24 12:00:00+00:00,70.95,1760.2,563.6
2023-09-24 13:00:00+00:00,59.63,1727.1,391.6
2023-09-24 14:00:00+00:00,70.95,1598.8,309.6
2023-09-24 15:00:00+00:00,73.43,1341.6,284.9
2023-09-24 16:00:00+00:00,85.2,904.5,264.1
2023-09-24 17:00:00+00:00,129.47,309.7,270.3
2023-09-24 18:00:00+00:00,143.0,10.6,302.5
2023-09-24 19:00:00+00:00,160.51,0.0,327.4
2023-09-24 20:00:00+00:00,146.11,0.3,360.1
2023-09-24 21:00:00+00:00,141.92,0.1,417.4
2023-09-24 22:00:00+00:00,127.0,0.1,429.3
2023-09-24 23:00:00+00:00,114.88,0.0,359.9
2023-09-25 00:00:00+00:00,114.62,0.0,311.9
2023-09-25 01:00:00+00:00,114.62,0.0,287.1
2023-09-25 02:00:00+00:00,114.62,0.0,282.40000000000003
2023-09-25 03:00:00+00:00,119.01,0.0,326.5
2023-09-25 04:00:00+00:00,131.76,0.0,288.6
2023-09-25 05:00:00+00:00,139.15,0.2,232.2
2023-09-25 06:00:00+00:00,143.0,29.5,252.4
2023-09-25 07:00:00+00:00,133.17,416.5,243.4
2023-09-25 08:00:00+00:00,97.07,986.1,187.5
2023-09-25 09:00:00+00:00,90.3,1360.0,140.1
2023-09-25 10:00:00+00:00,90.1,1558.6,132.5
2023-09-25 11:00:00+00:00,90.1,1647.9,126.9
2023-09-25 12:00:00+00:00,89.3,1656.9,115.6
2023-09-25 13:00:00+00:00,92.06,1609.4,121.89999999999999
2023-09-25 14:00:00+00:00,97.46,1493.5,151.6
2023-09-25 15:00:00+00:00,103.0,1261.3,223.20000000000002
2023-09-25 16:00:00+00:00,130.07,850.3,292.79999999999995
2023-09-25 17:00:00+00:00,149.88,275.7,330.2
2023-09-25 18:00:00+00:00,156.59,7.6,412.5
2023-09-25 19:00:00+00:00,160.0,0.1,492.8
2023-09-25 20:00:00+00:00,138.37,0.5,551.6
2023-09-25 21:00:00+00:00,133.02,0.2,625.8000000000001
2023-09-25 22:00:00+00:00,122.47,0.2,646.0
2023-09-25 23:00:00+00:00,109.42,0.0,629.5
2023-09-26 00:00:00+00:00,106.62,0.0,588.6
2023-09-26 01:00:00+00:00,111.05,0.0,502.1
2023-09-26 02:00:00+00:00,111.54,0.0,425.0
2023-09-26 03:00:00+00:00,122.47,0.0,318.7
2023-09-26 04:00:00+00:00,130.91,0.0,333.9
2023-09-26 05:00:00+00:00,139.98,0.2,345.0
2023-09-26 06:00:00+00:00,146.6,31.8,407.2
2023-09-26 07:00:00+00:00,131.32,371.3,358.1
2023-09-26 08:00:00+00:00,110.01,783.7,261.5
2023-09-26 09:00:00+00:00,99.63,1268.3,231.2
2023-09-26 10:00:00+00:00,98.0,1508.8,209.6
2023-09-26 11:00:00+00:00,98.93,1646.8,153.4
2023-09-26 12:00:00+00:00,98.0,1665.2,200.5
2023-09-26 13:00:00+00:00,98.02,1628.3,251.0
2023-09-26 14:00:00+00:00,104.51,1481.2,267.2
2023-09-26 15:00:00+00:00,122.47,1219.1,230.0
2023-09-26 16:00:00+00:00,135.42,803.4,213.1
2023-09-26 17:00:00+00:00,150.69,260.7,189.9
2023-09-26 18:00:00+00:00,163.77,6.4,279.7
2023-09-26 19:00:00+00:00,163.77,0.1,294.8
2023-09-26 20:00:00+00:00,141.7,0.6,323.6
2023-09-26 21:00:00+00:00,135.95,0.2,361.3
2023-09-26 22:00:00+00:00,122.5,0.2,453.3
2023-09-26 23:00:00+00:00,121.8,0.0,468.6
2023-09-27 00:00:00+00:00,116.08,0.0,516.3
2023-09-27 01:00:00+00:00,114.0,0.0,609.5
2023-09-27 02:00:00+00:00,103.0,0.0,592.5
2023-09-27 03:00:00+00:00,104.3,0.0,575.7
2023-09-27 04:00:00+00:00,119.57,0.0,552.4
2023-09-27 05:00:00+00:00,133.23,0.2,529.1999999999999
2023-09-27 06:00:00+00:00,140.01,26.2,454.40000000000003
2023-09-27 07:00:00+00:00,128.37,388.0,417.59999999999997
2023-09-27 08:00:00+00:00,102.33,945.5,316.5
2023-09-27 09:00:00+00:00,93.26,1315.8,209.5
2023-09-27 10:00:00+00:00,92.9,1543.6,239.8
2023-09-27 11:00:00+00:00,90.85,1647.4,314.7
2023-09-27 12:00:00+00:00,82.2,1664.1,422.09999999999997
2023-09-27 13:00:00+00:00,89.52,1599.6,469.6
2023-09-27 14:00:00+00:00,87.06,1485.2,457.59999999999997
2023-09-27 15:00:00+00:00,89.52,1230.5,435.29999999999995
2023-09-27 16:00:00+00:00,110.02,782.8,365.8
2023-09-27 17:00:00+00:00,133.68,245.6,302.5
2023-09-27 18:00:00+00:00,170.0,6.6,374.9
2023-09-27 19:00:00+00:00,164.25,0.1,410.6
2023-09-27 20:00:00+00:00,136.0,0.6,457.4
2023-09-27 21:00:00+00:00,133.23,0.2,479.3
2023-09-27 22:00:00+00:00,115.54,0.2,516.9
2023-09-27 23:00:00+00:00,117.19,0.1,563.1
2023-09-28 00:00:00+00:00,118.91,0.1,504.7
2023-09-28 01:00:00+00:00,115.73,0.1,450.2
2023-09-28 02:00:00+00:00,113.35,0.0,354.8
2023-09-28 03:00:00+00:00,118.91,0.0,332.3
2023-09-28 04:00:00+00:00,123.84,0.0,331.9
2023-09-28 05:00:00+00:00,130.0,0.2,292.70000000000005
2023-09-28 06:00:00+00:00,133.67,21.8,253.1
2023-09-28 07:00:00+00:00,128.36,344.1,218.79999999999998
2023-09-28 08:00:00+00:00,93.4,909.9,150.9
2023-09-28 09:00:00+00:00,93.4,1340.1,98.4
2023-09-28 10:00:00+00:00,93.4,1569.6,101.9
2023-09-28 11:00:00+00:00,92.9,1671.1,104.1
2023-09-28 12:00:00+00:00,92.9,1678.7,156.20000000000002
2023-09-28 13:00:00+00:00,92.9,1627.4,235.3
2023-09-28 14:00:00+00:00,93.4,1493.3,332.09999999999997
2023-09-28 15:00:00+00:00,97.0,1219.4,469.1
2023-09-28 16:00:00+00:00,119.77,823.9,625.5
2023-09-28 17:00:00+00:00,133.67,258.2,722.3000000000001
2023-09-28 18:00:00+00:00,147.65,5.3,636.2
2023-09-28 19:00:00+00:00,147.0,0.1,624.8
2023-09-28 20:00:00+00:00,130.0,0.6,678.4
2023-09-28 21:00:00+00:00,122.0,0.2,649.2
2023-09-28 22:00:00+00:00,115.93,0.2,527.2
2023-09-28 23:00:00+00:00,120.32,0.0,430.0
2023-09-29 00:00:00+00:00,121.0,0.0,409.5
2023-09-29 01:00:00+00:00,126.89,0.0,407.2
2023-09-29 02:00:00+00:00,127.1,0.0,386.5
2023-09-29 03:00:00+00:00,118.54,0.0,349.2
2023-09-29 04:00:00+00:00,128.36,0.0,363.9
2023-09-29 05:00:00+00:00,135.95,0.2,315.4
2023-09-29 06:00:00+00:00,138.34,22.3,328.9
2023-09-29 07:00:00+00:00,120.32,387.2,326.40000000000003
2023-09-29 08:00:00+00:00,110.84,959.6,294.1
2023-09-29 09:00:00+00:00,96.8,1337.5,239.4
2023-09-29 10:00:00+00:00,94.5,1546.1,208.89999999999998
2023-09-29 11:00:00+00:00,94.0,1644.3,239.2
2023-09-29 12:00:00+00:00,93.65,1658.4,229.9
2023-09-29 13:00:00+00:00,90.87,1600.8,135.70000000000002
2023-09-29 14:00:00+00:00,96.71,1472.5,101.5
2023-09-29 15:00:00+00:00,112.0,1225.9,116.8
2023-09-29 16:00:00+00:00,121.45,796.1,133.9
2023-09-29 17:00:00+00:00,141.24,240.1,164.8
2023-09-29 18:00:00+00:00,149.25,4.3,255.79999999999998
2023-09-29 19:00:00+00:00,143.21,0.1,331.5
2023-09-29 20:00:00+00:00,129.91,0.5,415.4
2023-09-29 21:00:00+00:00,127.88,0.2,528.5999999999999
2023-09-29 22:00:00+00:00,126.62,0.2,690.3
2023-09-29 23:00:00+00:00,125.6,0.1,872.8
2023-09-30 00:00:00+00:00,120.0,0.1,1056.3
2023-09-30 01:00:00+00:00,125.34,0.1,1177.6000000000001
2023-09-30 02:00:00+00:00,124.73,0.1,1230.7
2023-09-30 03:00:00+00:00,116.89,0.1,1303.6999999999998
2023-09-30 04:00:00+00:00,113.72,0.0,1439.4
2023-09-30 05:00:00+00:00,119.01,0.0,1636.2
2023-09-30 06:00:00+00:00,113.72,21.0,1755.9
2023-09-30 07:00:00+00:00,105.08,378.5,1696.4
2023-09-30 08:00:00+00:00,87.5,960.7,1447.4
2023-09-30 09:00:00+00:00,70.5,1359.4,1148.3
2023-09-30 10:00:00+00:00,42.76,1583.9,888.0
2023-09-30 11:00:00+00:00,54.63,1689.0,776.7
2023-09-30 12:00:00+00:00,40.0,1714.8,669.6
2023-09-30 13:00:00+00:00,56.0,1672.3,551.6
2023-09-30 14:00:00+00:00,81.8,1535.7,435.5
2023-09-30 15:00:00+00:00,90.0,1267.3,320.8
2023-09-30 16:00:00+00:00,113.72,807.1,253.8
2023-09-30 17:00:00+00:00,132.03,234.4,228.79999999999998
2023-09-30 18:00:00+00:00,145.18,3.1,253.6
2023-09-30 19:00:00+00:00,150.58,0.0,284.5
2023-09-30 20:00:00+00:00,133.67,0.3,318.9
2023-09-30 21:00:00+00:00,128.36,0.1,390.3
2023-09-30 22:00:00+00:00,126.88,0.2,446.5
2023-09-30 23:00:00+00:00,121.68,0.0,562.6
2023-10-01 00:00:00+00:00,112.99,0.0,610.7
2023-10-01 01:00:00+00:00,111.06,0.0,675.3
2023-10-01 02:00:00+00:00,109.5,0.0,673.8
2023-10-01 03:00:00+00:00,109.01,0.0,708.8
2023-10-01 04:00:00+00:00,114.0,0.0,768.0
2023-10-01 05:00:00+00:00,126.68,0.0,895.9
2023-10-01 06:00:00+00:00,124.11,21.4,1075.4
2023-10-01 07:00:00+00:00,97.0,393.5,1116.0
2023-10-01 08:00:00+00:00,53.0,995.2,980.9
2023-10-01 09:00:00+00:00,35.0,1401.0,800.7
2023-10-01 10:00:00+00:00,35.0,1632.4,634.5
2023-10-01 11:00:00+00:00,37.43,1730.2,587.3
2023-10-01 12:00:00+00:00,35.0,1749.5,586.0
2023-10-01 13:00:00+00:00,60.3,1701.0,602.9
2023-10-01 14:00:00+00:00,62.73,1547.8,539.2
2023-10-01 15:00:00+00:00,91.3,1268.5,369.40000000000003
2023-10-01 16:00:00+00:00,120.06,786.3,271.70000000000005
2023-10-01 17:00:00+00:00,130.0,210.3,247.6
2023-10-01 18:00:00+00:00,137.36,2.6,378.8
2023-10-01 19:00:00+00:00,142.45,0.1,480.0
2023-10-01 20:00:00+00:00,137.36,0.1,612.9
2023-10-01 21:00:00+00:00,130.0,0.0,756.4
2023-10-01 22:00:00+00:00,122.99,0.0,897.2
2023-10-01 23:00:00+00:00,113.89,0.0,1005.1
2023-10-02 00:00:00+00:00,100.92,0.0,1019.9
2023-10-02 01:00:00+00:00,98.0,0.0,1103.0
2023-10-02 02:00:00+00:00,97.0,0.0,1114.5
2023-10-02 03:00:00+00:00,99.86,0.0,1218.7
2023-10-02 04:00:00+00:00,123.31,0.0,1357.8
2023-10-02 05:00:00+00:00,137.36,0.2,1485.6000000000001
2023-10-02 06:00:00+00:00,144.5,16.5,1511.3
2023-10-02 07:00:00+00:00,128.0,314.2,1414.9
2023-10-02 08:00:00+00:00,105.32,801.0,1210.8
2023-10-02 09:00:00+00:00,92.1,1227.3,1058.6
2023-10-02 10:00:00+00:00,90.01,1488.8,1072.4
2023-10-02 11:00:00+00:00,87.7,1610.1,1180.8
2023-10-02 12:00:00+00:00,88.07,1610.7,1171.6000000000001
2023-10-02 13:00:00+00:00,90.5,1559.6,1095.2
2023-10-02 14:00:00+00:00,93.77,1423.8,878.4
2023-10-02 15:00:00+00:00,103.0,1163.5,725.1
2023-10-02 16:00:00+00:00,130.61,714.1,593.1
2023-10-02 17:00:00+00:00,145.18,191.1,501.9
2023-10-02 18:00:00+00:00,160.07,2.7,531.6
2023-10-02 19:00:00+00:00,142.89,0.2,534.1
2023-10-02 20:00:00+00:00,132.98,0.3,546.3
2023-10-02 21:00:00+00:00,128.64,0.2,551.3
2023-10-02 22:00:00+00:00,126.07,0.1,544.9
2023-10-02 23:00:00+00:00,122.81,0.0,502.40000000000003
2023-10-03 00:00:00+00:00,112.96,0.0,470.3
2023-10-03 01:00:00+00:00,117.5,0.0,472.0
2023-10-03 02:00:00+00:00,124.63,0.0,477.3
2023-10-03 03:00:00+00:00,128.36,0.0,504.0
2023-10-03 04:00:00+00:00,129.57,0.0,632.2
2023-10-03 05:00:00+00:00,133.15,0.2,739.5
2023-10-03 06:00:00+00:00,134.27,14.6,800.1
2023-10-03 07:00:00+00:00,126.44,301.4,834.8000000000001
2023-10-03 08:00:00+00:00,108.17,853.7,771.3000000000001
2023-10-03 09:00:00+00:00,91.6,1270.5,529.2
2023-10-03 10:00:00+00:00,90.8,1469.8,339.5
2023-10-03 11:00:00+00:00,88.0,1571.2,211.29999999999998
2023-10-03 12:00:00+00:00,74.99,1580.9,154.4
2023-10-03 13:00:00+00:00,64.91,1525.5,148.9
2023-10-03 14:00:00+00:00,64.91,1395.5,206.0
2023-10-03 15:00:00+00:00,70.12,1140.6,269.3
2023-10-03 16:00:00+00:00,92.0,691.5,284.2
2023-10-03 17:00:00+00:00,124.0,159.9,307.3
2023-10-03 18:00:00+00:00,130.0,1.1,368.2
2023-10-03 19:00:00+00:00,125.78,0.2,420.1
2023-10-03 20:00:00+00:00,114.0,0.3,467.8
2023-10-03 21:00:00+00:00,93.37,0.2,521.7
2023-10-03 22:00:00+00:00,85.0,0.1,588.5
2023-10-03 23:00:00+00:00,84.25,0.1,788.6999999999999
2023-10-04 00:00:00+00:00,84.82,0.0,999.8000000000001
2023-10-04 01:00:00+00:00,86.1,0.0,918.3
2023-10-04 02:00:00+00:00,90.1,0.0,758.9
2023-10-04 03:00:00+00:00,92.1,0.0,665.8000000000001
2023-10-04 04:00:00+00:00,118.0,0.0,677.1999999999999
2023-10-04 05:00:00+00:00,124.72,0.2,784.9000000000001
2023-10-04 06:00:00+00:00,129.29,11.8,909.4
2023-10-04 07:00:00+00:00,125.0,266.7,896.6999999999999
2023-10-04 08:00:00+00:00,92.2,775.6,677.1
2023-10-04 09:00:00+00:00,85.0,1206.4,388.0
2023-10-04 10:00:00+00:00,84.25,1464.7,208.0
2023-10-04 11:00:00+00:00,84.25,1600.0,167.1
2023-10-04 12:00:00+00:00,83.55,1651.2,188.0
2023-10-04 13:00:00+00:00,82.85,1606.8,177.9
2023-10-04 14:00:00+00:00,84.24,1452.0,163.1
2023-10-04 15:00:00+00:00,92.0,1172.3,145.4
2023-10-04 16:00:00+00:00,111.12,711.6,136.9
2023-10-04 17:00:00+00:00,130.02,174.7,115.6
2023-10-04 18:00:00+00:00,139.93,1.3,125.7
2023-10-04 19:00:00+00:00,132.27,0.2,128.5
2023-10-04 20:00:00+00:00,124.72,0.3,154.0
2023-10-04 21:00:00+00:00,119.98,0.2,172.8
2023-10-04 22:00:00+00:00,103.28,0.1,184.5
2023-10-04 23:00:00+00:00,91.15,0.0,166.7
2023-10-05 00:00:00+00:00,99.2,0.1,191.9
2023-10-05 01:00:00+00:00,103.28,0.0,244.5
2023-10-05 02:00:00+00:00,101.0,0.0,288.7
2023-10-05 03:00:00+00:00,105.09,0.0,281.3
2023-10-05 04:00:00+00:00,103.28,0.0,265.90000000000003
2023-10-05 05:00:00+00:00,120.59,0.0,255.1
2023-10-05 06:00:00+00:00,124.92,11.7,292.2
2023-10-05 07:00:00+00:00,112.0,303.2,320.3
2023-10-05 08:00:00+00:00,87.33,850.0,284.3
2023-10-05 09:00:00+00:00,84.22,1253.4,237.8
2023-10-05 10:00:00+00:00,82.45,1530.3,221.2
2023-10-05 11:00:00+00:00,81.05,1661.2,249.1
2023-10-05 12:00:00+00:00,80.03,1697.1,282.9
2023-10-05 13:00:00+00:00,83.8,1648.9,319.1
2023-10-05 14:00:00+00:00,83.57,1472.7,306.3
2023-10-05 15:00:00+00:00,85.2,1123.5,262.1
2023-10-05 16:00:00+00:00,112.94,568.9,252.5
2023-10-05 17:00:00+00:00,135.25,128.6,252.1
2023-10-05 18:00:00+00:00,139.4,0.7,350.4
2023-10-05 19:00:00+00:00,129.74,0.1,392.4
2023-10-05 20:00:00+00:00,122.39,0.1,431.90000000000003
2023-10-05 21:00:00+00:00,112.84,0.1,478.09999999999997
2023-10-05 22:00:00+00:00,118.69,0.1,450.4
2023-10-05 23:00:00+00:00,116.46,0.0,411.70000000000005
2023-10-06 00:00:00+00:00,113.27,0.0,388.7
2023-10-06 01:00:00+00:00,112.23,0.0,397.59999999999997
2023-10-06 02:00:00+00:00,106.48,0.0,456.0
2023-10-06 03:00:00+00:00,98.0,0.0,564.0
2023-10-06 04:00:00+00:00,113.27,0.0,737.7
2023-10-06 05:00:00+00:00,121.74,0.2,947.3
2023-10-06 06:00:00+00:00,123.0,13.9,1086.3999999999999
2023-10-06 07:00:00+00:00,112.84,245.1,1176.8
2023-10-06 08:00:00+00:00,94.58,749.2,1216.0
2023-10-06 09:00:00+00:00,85.2,1226.4,1154.3
2023-10-06 10:00:00+00:00,84.0,1467.7,999.4
2023-10-06 11:00:00+00:00,83.1,1609.9,806.8
2023-10-06 12:00:00+00:00,81.9,1621.4,540.3
2023-10-06 13:00:00+00:00,81.4,1559.5,349.6
2023-10-06 14:00:00+00:00,84.4,1391.1,269.8
2023-10-06 15:00:00+00:00,88.49,1082.6,280.5
2023-10-06 16:00:00+00:00,112.5,617.4,318.1
2023-10-06 17:00:00+00:00,119.0,149.1,432.2
2023-10-06 18:00:00+00:00,130.0,1.2,742.6
2023-10-06 19:00:00+00:00,122.45,0.2,1093.2
2023-10-06 20:00:00+00:00,117.0,0.3,1414.0
2023-10-06 21:00:00+00:00,112.23,0.1,1660.0
2023-10-06 22:00:00+00:00,116.3,0.1,1712.3999999999999
2023-10-06 23:00:00+00:00,113.29,0.0,1765.6
2023-10-07 00:00:00+00:00,100.47,0.1,1789.1
2023-10-07 01:00:00+00:00,99.28,0.0,1657.4
2023-10-07 02:00:00+00:00,99.28,0.0,1515.1
2023-10-07 03:00:00+00:00,100.01,0.0,1427.1999999999998
2023-10-07 04:00:00+00:00,109.49,0.0,1466.1
2023-10-07 05:00:00+00:00,113.8,0.0,1513.5
2023-10-07 06:00:00+00:00,114.28,8.7,1574.4
2023-10-07 07:00:00+00:00,100.47,220.1,1608.3
2023-10-07 08:00:00+00:00,85.2,741.8,1577.7
2023-10-07 09:00:00+00:00,80.26,1170.6,1383.6
2023-10-07 10:00:00+00:00,65.0,1420.1,1170.3999999999999
2023-10-07 11:00:00+00:00,75.8,1541.2,959.2
2023-10-07 12:00:00+00:00,73.0,1461.9,780.1999999999999
2023-10-07 13:00:00+00:00,60.0,1465.1,644.0
2023-10-07 14:00:00+00:00,74.3,1314.2,547.8000000000001
2023-10-07 15:00:00+00:00,86.44,1063.2,526.8000000000001
2023-10-07 16:00:00+00:00,102.28,601.9,609.9
2023-10-07 17:00:00+00:00,118.64,152.7,838.1
2023-10-07 18:00:00+00:00,125.0,1.1,1054.6
2023-10-07 19:00:00+00:00,125.0,0.2,1259.8
2023-10-07 20:00:00+00:00,121.61,0.1,1425.7
2023-10-07 21:00:00+00:00,120.59,0.1,1615.1
2023-10-07 22:00:00+00:00,121.79,0.1,1715.0
2023-10-07 23:00:00+00:00,119.01,0.0,1742.6000000000001
2023-10-08 00:00:00+00:00,115.6,0.0,1799.0
2023-10-08 01:00:00+00:00,120.31,0.0,1805.6
2023-10-08 02:00:00+00:00,115.6,0.0,1680.2
2023-10-08 03:00:00+00:00,115.6,0.0,1522.3
2023-10-08 04:00:00+00:00,115.6,0.0,1358.4
2023-10-08 05:00:00+00:00,118.75,0.0,1265.0
2023-10-08 06:00:00+00:00,115.6,9.7,1158.3999999999999
2023-10-08 07:00:00+00:00,102.71,285.5,994.3000000000001
2023-10-08 08:00:00+00:00,85.95,862.0,742.8
2023-10-08 09:00:00+00:00,75.7,1304.1,464.6
2023-10-08 10:00:00+00:00,69.51,1557.0,351.4
2023-10-08 11:00:00+00:00,55.14,1676.3,336.1
2023-10-08 12:00:00+00:00,54.59,1692.1,289.4
2023-10-08 13:00:00+00:00,70.8,1632.2,219.0
2023-10-08 14:00:00+00:00,79.86,1468.3,172.3
2023-10-08 15:00:00+00:00,87.0,1170.9,128.0
2023-10-08 16:00:00+00:00,116.69,674.0,98.3
2023-10-08 17:00:00+00:00,139.01,137.9,116.4
2023-10-08 18:00:00+00:00,131.85,0.1,108.6
2023-10-08 19:00:00+00:00,129.82,0.0,104.6
2023-10-08 20:00:00+00:00,126.24,0.1,112.8
2023-10-08 21:00:00+00:00,118.85,0.0,121.10000000000001
2023-10-08 22:00:00+00:00,125.48,0.1,176.0
2023-10-08 23:00:00+00:00,125.0,0.0,211.8
2023-10-09 00:00:00+00:00,120.76,0.0,276.9
2023-10-09 01:00:00+00:00,120.76,0.0,352.0
2023-10-09 02:00:00+00:00,120.76,0.0,420.6
2023-10-09 03:00:00+00:00,121.01,0.0,538.1
2023-10-09 04:00:00+00:00,125.48,0.0,677.9
2023-10-09 05:00:00+00:00,131.03,0.2,666.5999999999999
2023-10-09 06:00:00+00:00,134.74,9.6,608.0
2023-10-09 07:00:00+00:00,125.48,303.1,552.0
2023-10-09 08:00:00+00:00,111.78,869.0,459.0
2023-10-09 09:00:00+00:00,105.38,1263.7,382.8
2023-10-09 10:00:00+00:00,99.33,1482.3,236.79999999999998
2023-10-09 11:00:00+00:00,93.02,1598.9,146.4
2023-10-09 12:00:00+00:00,93.02,1616.3,105.7
2023-10-09 13:00:00+00:00,93.0,1551.3,81.7
2023-10-09 14:00:00+00:00,103.68,1383.5,92.0
2023-10-09 15:00:00+00:00,109.85,1085.0,125.9
2023-10-09 16:00:00+00:00,129.71,613.5,188.0
2023-10-09 17:00:00+00:00,143.32,124.5,319.1
2023-10-09 18:00:00+00:00,184.5,0.3,472.1
2023-10-09 19:00:00+00:00,134.75,0.3,572.4
2023-10-09 20:00:00+00:00,129.71,0.3,644.6999999999999
2023-10-09 21:00:00+00:00,121.5,0.2,671.1
2023-10-09 22:00:00+00:00,129.91,0.1,619.9
2023-10-09 23:00:00+00:00,125.0,0.0,567.4
2023-10-10 00:00:00+00:00,124.6,0.0,465.3
2023-10-10 01:00:00+00:00,124.29,0.0,454.5
2023-10-10 02:00:00+00:00,124.29,0.0,438.1
2023-10-10 03:00:00+00:00,124.8,0.0,457.2
2023-10-10 04:00:00+00:00,125.68,0.0,485.0
2023-10-10 05:00:00+00:00,148.74,0.2,495.3
2023-10-10 06:00:00+00:00,157.32,9.3,451.4
2023-10-10 07:00:00+00:00,139.14,283.5,395.90000000000003
2023-10-10 08:00:00+00:00,121.74,815.8,315.8
2023-10-10 09:00:00+00:00,105.45,1211.6,233.6
2023-10-10 10:00:00+00:00,100.05,1420.9,150.6
2023-10-10 11:00:00+00:00,100.05,1524.5,95.6
2023-10-10 12:00:00+00:00,100.0,1526.4,67.4
2023-10-10 13:00:00+00:00,99.25,1470.8,66.1
2023-10-10 14:00:00+00:00,100.25,1327.6,79.0
2023-10-10 15:00:00+00:00,114.13,1043.7,100.6
2023-10-10 16:00:00+00:00,129.98,588.1,145.7
2023-10-10 17:00:00+00:00,143.21,116.3,234.5
2023-10-10 18:00:00+00:00,157.32,0.3,304.9
2023-10-10 19:00:00+00:00,149.55,0.2,334.0
2023-10-10 20:00:00+00:00,135.0,0.4,324.5
2023-10-10 21:00:00+00:00,125.08,0.2,246.9
2023-10-10 22:00:00+00:00,132.12,0.1,149.4
2023-10-10 23:00:00+00:00,131.11,0.0,101.3
2023-10-11 00:00:00+00:00,130.4,0.0,65.8
2023-10-11 01:00:00+00:00,130.4,0.0,41.9
2023-10-11 02:00:00+00:00,131.11,0.0,30.700000000000003
2023-10-11 03:00:00+00:00,130.4,0.0,27.0
2023-10-11 04:00:00+00:00,130.4,0.0,23.0
2023-10-11 05:00:00+00:00,137.74,0.2,28.5
2023-10-11 06:00:00+00:00,142.42,8.8,56.4
2023-10-11 07:00:00+00:00,136.15,250.8,86.6
2023-10-11 08:00:00+00:00,106.48,720.5,86.3
2023-10-11 09:00:00+00:00,96.48,1167.6,74.1
2023-10-11 10:00:00+00:00,95.0,1398.5,85.0
2023-10-11 11:00:00+00:00,96.09,1517.4,87.5
2023-10-11 12:00:00+00:00,93.0,1534.2,124.1
2023-10-11 13:00:00+00:00,90.0,1497.1,155.79999999999998
2023-10-11 14:00:00+00:00,94.0,1345.4,230.9
2023-10-11 15:00:00+00:00,106.3,1031.7,353.5
2023-10-11 16:00:00+00:00,132.12,548.3,384.4
2023-10-11 17:00:00+00:00,142.24,107.6,458.8
2023-10-11 18:00:00+00:00,158.28,0.3,463.2
2023-10-11 19:00:00+00:00,148.0,0.3,422.59999999999997
2023-10-11 20:00:00+00:00,139.67,0.4,364.0
2023-10-11 21:00:00+00:00,136.15,0.3,296.8
2023-10-11 22:00:00+00:00,133.74,0.1,207.7
2023-10-11 23:00:00+00:00,133.19,0.0,188.60000000000002
2023-10-12 00:00:00+00:00,131.12,0.0,202.5
2023-10-12 01:00:00+00:00,131.12,0.0,212.2
2023-10-12 02:00:00+00:00,129.82,0.0,234.2
2023-10-12 03:00:00+00:00,129.4,0.0,229.1
2023-10-12 04:00:00+00:00,128.56,0.0,308.7
2023-10-12 05:00:00+00:00,134.24,0.2,432.2
2023-10-12 06:00:00+00:00,137.46,6.6,535.7
2023-10-12 07:00:00+00:00,137.34,242.8,686.9
2023-10-12 08:00:00+00:00,127.15,763.1,834.0999999999999
2023-10-12 09:00:00+00:00,96.0,1197.7,886.1999999999999
2023-10-12 10:00:00+00:00,91.5,1426.5,885.4000000000001
2023-10-12 11:00:00+00:00,91.5,1548.8,976.9
2023-10-12 12:00:00+00:00,90.74,1573.0,1110.4
2023-10-12 13:00:00+00:00,88.23,1504.1,1146.8999999999999
2023-10-12 14:00:00+00:00,89.87,1335.7,1050.9
2023-10-12 15:00:00+00:00,96.0,1035.3,1018.2
2023-10-12 16:00:00+00:00,132.34,546.5,961.3
2023-10-12 17:00:00+00:00,140.2,92.0,992.9
2023-10-12 18:00:00+00:00,152.03,0.2,1144.0
2023-10-12 19:00:00+00:00,139.52,0.2,1244.0
2023-10-12 20:00:00+00:00,137.34,0.3,1437.2
2023-10-12 21:00:00+00:00,130.0,0.2,1503.6
2023-10-12 22:00:00+00:00,130.22,0.1,1522.2
2023-10-12 23:00:00+00:00,127.91,0.0,1571.3
2023-10-13 00:00:00+00:00,121.9,0.0,1667.4
2023-10-13 01:00:00+00:00,105.49,0.0,1761.2
2023-10-13 02:00:00+00:00,103.0,0.0,1700.7
2023-10-13 03:00:00+00:00,106.0,0.0,1527.7
2023-10-13 04:00:00+00:00,128.06,0.0,1478.2
2023-10-13 05:00:00+00:00,135.15,0.2,1553.8
2023-10-13 06:00:00+00:00,143.0,7.1,1789.8
2023-10-13 07:00:00+00:00,133.19,111.9,1786.7
2023-10-13 08:00:00+00:00,115.25,304.5,1730.2
2023-10-13 09:00:00+00:00,94.32,415.2,1411.7
2023-10-13 10:00:00+00:00,93.99,538.4,1361.6
2023-10-13 11:00:00+00:00,91.25,479.1,1493.8999999999999
2023-10-13 12:00:00+00:00,90.25,513.1,1667.0
2023-10-13 13:00:00+00:00,90.0,523.4,1542.2
2023-10-13 14:00:00+00:00,93.74,472.1,1295.4
2023-10-13 15:00:00+00:00,125.01,283.3,1209.3
2023-10-13 16:00:00+00:00,130.22,125.6,1456.4
2023-10-13 17:00:00+00:00,139.05,19.1,1712.9
2023-10-13 18:00:00+00:00,142.71,0.2,2042.1
2023-10-13 19:00:00+00:00,140.32,0.2,2289.0
2023-10-13 20:00:00+00:00,135.15,0.2,2452.3
2023-10-13 21:00:00+00:00,132.13,0.2,2595.1
2023-10-13 22:00:00+00:00,140.02,0.0,2091.2999999999997
2023-10-13 23:00:00+00:00,139.41,0.0,1443.0
2023-10-14 00:00:00+00:00,139.15,0.0,988.1999999999999
2023-10-14 01:00:00+00:00,138.98,0.0,514.3
2023-10-14 02:00:00+00:00,137.77,0.0,408.0
2023-10-14 03:00:00+00:00,136.6,0.0,311.2
2023-10-14 04:00:00+00:00,136.8,0.0,190.29999999999998
2023-10-14 05:00:00+00:00,134.4,0.0,124.2
2023-10-14 06:00:00+00:00,136.08,1.6,133.70000000000002
2023-10-14 07:00:00+00:00,137.01,142.6,164.1
2023-10-14 08:00:00+00:00,135.93,529.3,121.9
2023-10-14 09:00:00+00:00,139.4,852.6,96.3
2023-10-14 10:00:00+00:00,138.98,1141.0,65.4
2023-10-14 11:00:00+00:00,138.15,1301.9,60.4
2023-10-14 12:00:00+00:00,130.5,1349.6,79.0
2023-10-14 13:00:00+00:00,112.42,1411.4,127.6
2023-10-14 14:00:00+00:00,108.57,1301.6,143.4
2023-10-14 15:00:00+00:00,120.0,1062.8,130.1
2023-10-14 16:00:00+00:00,139.4,578.5,132.9
2023-10-14 17:00:00+00:00,142.22,72.1,126.10000000000001
2023-10-14 18:00:00+00:00,143.09,0.2,120.0
2023-10-14 19:00:00+00:00,140.21,0.1,103.8
2023-10-14 20:00:00+00:00,138.98,0.1,94.8
2023-10-14 21:00:00+00:00,139.15,0.1,158.9
2023-10-14 22:00:00+00:00,139.68,0.1,262.2
2023-10-14 23:00:00+00:00,139.24,0.0,407.4
2023-10-15 00:00:00+00:00,137.1,0.0,508.1
2023-10-15 01:00:00+00:00,135.0,0.0,566.1
2023-10-15 02:00:00+00:00,135.0,0.0,575.1
2023-10-15 03:00:00+00:00,138.96,0.0,567.9
2023-10-15 04:00:00+00:00,139.24,0.0,516.6999999999999
2023-10-15 05:00:00+00:00,140.21,0.0,543.6
2023-10-15 06:00:00+00:00,142.12,4.3,698.0
2023-10-15 07:00:00+00:00,140.83,121.8,913.6
2023-10-15 08:00:00+00:00,111.62,328.3,1066.8
2023-10-15 09:00:00+00:00,98.99,498.4,1046.0
2023-10-15 10:00:00+00:00,98.99,693.4,1151.5
2023-10-15 11:00:00+00:00,103.32,719.9,1421.5
2023-10-15 12:00:00+00:00,103.32,684.2,1792.4
2023-10-15 13:00:00+00:00,98.0,530.7,2014.5
2023-10-15 14:00:00+00:00,98.99,453.5,1651.2
2023-10-15 15:00:00+00:00,139.04,434.8,1336.3999999999999
2023-10-15 16:00:00+00:00,146.75,286.5,1025.8
2023-10-15 17:00:00+00:00,155.91,59.4,807.6999999999999
2023-10-15 18:00:00+00:00,162.34,0.0,777.6
2023-10-15 19:00:00+00:00,163.42,0.0,788.6
2023-10-15 20:00:00+00:00,154.71,0.1,824.1
2023-10-15 21:00:00+00:00,149.67,0.1,852.3
2023-10-15 22:00:00+00:00,140.02,0.1,862.8
2023-10-15 23:00:00+00:00,137.2,0.0,902.4000000000001
2023-10-16 00:00:00+00:00,123.64,0.0,919.5
2023-10-16 01:00:00+00:00,112.29,0.0,863.2
2023-10-16 02:00:00+00:00,110.24,0.0,819.9
2023-10-16 03:00:00+00:00,111.0,0.0,939.1
2023-10-16 04:00:00+00:00,139.56,0.0,1090.4
2023-10-16 05:00:00+00:00,159.37,0.2,1243.8000000000002
2023-10-16 06:00:00+00:00,175.12,1.4,1361.8
2023-10-16 07:00:00+00:00,156.57,91.5,1478.0
2023-10-16 08:00:00+00:00,141.95,285.0,1704.9
2023-10-16 09:00:00+00:00,140.02,456.1,1994.5
2023-10-16 10:00:00+00:00,136.23,585.4,2221.8
2023-10-16 11:00:00+00:00,135.0,603.2,2334.3
2023-10-16 12:00:00+00:00,127.0,605.4,2703.7000000000003
2023-10-16 13:00:00+00:00,118.26,564.1,2904.5
2023-10-16 14:00:00+00:00,138.96,463.3,3050.2
2023-10-16 15:00:00+00:00,145.94,326.0,3100.2
2023-10-16 16:00:00+00:00,155.0,130.2,3187.3
2023-10-16 17:00:00+00:00,155.65,17.1,3332.0
2023-10-16 18:00:00+00:00,154.19,0.2,3589.0
2023-10-16 19:00:00+00:00,145.54,0.2,3911.5
2023-10-16 20:00:00+00:00,135.2,0.2,4065.2
2023-10-16 21:00:00+00:00,119.22,0.2,4339.0
2023-10-16 22:00:00+00:00,127.58,0.0,4603.5
2023-10-16 23:00:00+00:00,114.04,0.0,4671.5
2023-10-17 00:00:00+00:00,108.22,0.0,4729.2
2023-10-17 01:00:00+00:00,96.3,0.0,4818.4
2023-10-17 02:00:00+00:00,93.2,0.0,4785.9
2023-10-17 03:00:00+00:00,95.32,0.0,4622.8
2023-10-17 04:00:00+00:00,114.0,0.0,4598.5
2023-10-17 05:00:00+00:00,133.81,0.2,4519.5
2023-10-17 06:00:00+00:00,139.5,2.3,4545.8
2023-10-17 07:00:00+00:00,139.11,63.6,4623.3
2023-10-17 08:00:00+00:00,130.0,265.7,4577.7
2023-10-17 09:00:00+00:00,113.94,478.9,4666.2
2023-10-17 10:00:00+00:00,96.26,543.1,4625.8
2023-10-17 11:00:00+00:00,94.25,641.2,4639.1
2023-10-17 12:00:00+00:00,90.45,633.5,4531.9
2023-10-17 13:00:00+00:00,90.0,456.4,4485.5
2023-10-17 14:00:00+00:00,90.0,360.2,4490.7
2023-10-17 15:00:00+00:00,91.8,268.5,4486.3
2023-10-17 16:00:00+00:00,106.01,148.0,4471.4
2023-10-17 17:00:00+00:00,114.28,25.7,4427.0
2023-10-17 18:00:00+00:00,128.24,0.2,4264.8
2023-10-17 19:00:00+00:00,103.99,0.2,4184.3
2023-10-17 20:00:00+00:00,92.1,0.2,4179.6
2023-10-17 21:00:00+00:00,84.78,0.2,4129.099999999999
2023-10-17 22:00:00+00:00,61.37,0.1,3938.9
2023-10-17 23:00:00+00:00,38.0,0.0,3904.8
2023-10-18 00:00:00+00:00,27.01,0.0,3822.7999999999997
2023-10-18 01:00:00+00:00,10.0,0.0,3762.4
2023-10-18 02:00:00+00:00,5.0,0.0,3664.6000000000004
2023-10-18 03:00:00+00:00,13.23,0.0,3399.7000000000003
2023-10-18 04:00:00+00:00,49.18,0.0,2902.1
2023-10-18 05:00:00+00:00,75.32,0.2,2763.1000000000004
2023-10-18 06:00:00+00:00,98.74,1.5,2794.7000000000003
2023-10-18 07:00:00+00:00,95.27,111.4,2865.9
2023-10-18 08:00:00+00:00,87.0,434.7,2807.2999999999997
2023-10-18 09:00:00+00:00,71.67,622.2,2859.4
2023-10-18 10:00:00+00:00,62.26,788.7,2977.3
2023-10-18 11:00:00+00:00,60.57,867.5,3159.9
2023-10-18 12:00:00+00:00,50.0,907.2,3407.6
2023-10-18 13:00:00+00:00,45.55,910.4,3511.6
2023-10-18 14:00:00+00:00,46.97,793.0,3648.6
2023-10-18 15:00:00+00:00,61.37,472.7,3916.2
2023-10-18 16:00:00+00:00,83.99,145.2,4118.5
2023-10-18 17:00:00+00:00,102.56,17.8,4331.8
2023-10-18 18:00:00+00:00,101.3,0.2,4296.5
2023-10-18 19:00:00+00:00,88.87,0.2,4247.799999999999
2023-10-18 20:00:00+00:00,70.0,0.2,4284.8
2023-10-18 21:00:00+00:00,55.77,0.1,4141.799999999999
2023-10-18 22:00:00+00:00,22.93,0.1,4262.7
2023-10-18 23:00:00+00:00,4.3,0.1,4418.2
2023-10-19 00:00:00+00:00,4.3,0.0,4326.2
2023-10-19 01:00:00+00:00,4.3,0.0,4239.2
2023-10-19 02:00:00+00:00,4.3,0.0,4163.3
2023-10-19 03:00:00+00:00,6.5,0.0,3970.7
2023-10-19 04:00:00+00:00,53.25,0.0,4185.6
2023-10-19 05:00:00+00:00,75.0,0.1,4262.7
2023-10-19 06:00:00+00:00,92.25,0.2,4351.7
2023-10-19 07:00:00+00:00,95.0,26.1,4391.0
2023-10-19 08:00:00+00:00,93.97,100.9,4358.2
2023-10-19 09:00:00+00:00,93.97,187.5,4024.3
2023-10-19 10:00:00+00:00,95.51,206.5,3727.1
2023-10-19 11:00:00+00:00,95.51,205.5,3694.3999999999996
2023-10-19 12:00:00+00:00,93.97,182.5,3886.1
2023-10-19 13:00:00+00:00,93.97,207.6,4103.0
2023-10-19 14:00:00+00:00,94.86,224.1,4298.2
2023-10-19 15:00:00+00:00,93.97,281.8,4502.6
2023-10-19 16:00:00+00:00,91.02,145.4,4556.099999999999
2023-10-19 17:00:00+00:00,91.02,27.9,4563.6
2023-10-19 18:00:00+00:00,95.72,0.1,4678.700000000001
2023-10-19 19:00:00+00:00,93.97,0.1,4702.099999999999
2023-10-19 20:00:00+00:00,75.0,0.1,4688.1
2023-10-19 21:00:00+00:00,62.75,0.1,4788.5
2023-10-19 22:00:00+00:00,37.42,0.1,4723.0
2023-10-19 23:00:00+00:00,5.0,0.0,4789.2
2023-10-20 00:00:00+00:00,4.3,0.0,4723.5
2023-10-20 01:00:00+00:00,4.3,0.0,4608.0
2023-10-20 02:00:00+00:00,4.3,0.0,4567.6
2023-10-20 03:00:00+00:00,4.3,0.0,4510.0
2023-10-20 04:00:00+00:00,4.3,0.0,4494.3
2023-10-20 05:00:00+00:00,27.26,0.1,4518.6
2023-10-20 06:00:00+00:00,39.77,1.5,4612.1
2023-10-20 07:00:00+00:00,36.18,126.7,4578.9
2023-10-20 08:00:00+00:00,5.0,537.7,4446.7
2023-10-20 09:00:00+00:00,4.3,852.9,4263.4
2023-10-20 10:00:00+00:00,4.3,1061.2,4174.0
2023-10-20 11:00:00+00:00,4.3,1240.6,3973.6
2023-10-20 12:00:00+00:00,1.68,1234.0,3875.7
2023-10-20 13:00:00+00:00,1.64,1176.6,3695.1
2023-10-20 14:00:00+00:00,3.0,1079.8,3664.7
2023-10-20 15:00:00+00:00,4.3,798.6,3459.5
2023-10-20 16:00:00+00:00,30.0,434.9,3226.3
2023-10-20 17:00:00+00:00,52.67,52.9,3123.1
2023-10-20 18:00:00+00:00,74.99,0.1,2767.0
2023-10-20 19:00:00+00:00,74.2,0.1,2379.7
2023-10-20 20:00:00+00:00,70.27,0.2,1993.2
2023-10-20 21:00:00+00:00,57.15,0.1,1560.0
2023-10-20 22:00:00+00:00,53.1,0.1,1289.3
2023-10-20 23:00:00+00:00,37.27,0.0,1097.5
2023-10-21 00:00:00+00:00,39.74,0.0,1026.4
2023-10-21 01:00:00+00:00,25.0,0.0,1040.5
2023-10-21 02:00:00+00:00,16.35,0.0,995.6
2023-10-21 03:00:00+00:00,16.35,0.0,778.4
2023-10-21 04:00:00+00:00,29.63,0.0,662.8000000000001
2023-10-21 05:00:00+00:00,51.6,0.0,621.5
2023-10-21 06:00:00+00:00,55.0,1.3,560.3000000000001
2023-10-21 07:00:00+00:00,56.7,131.4,452.79999999999995
2023-10-21 08:00:00+00:00,44.83,498.2,379.3
2023-10-21 09:00:00+00:00,31.1,889.7,301.2
2023-10-21 10:00:00+00:00,20.8,1205.6,277.9
2023-10-21 11:00:00+00:00,10.0,1168.6,282.1
2023-10-21 12:00:00+00:00,13.21,951.5,304.40000000000003
2023-10-21 13:00:00+00:00,17.05,721.2,292.9
2023-10-21 14:00:00+00:00,17.75,647.2,272.5
2023-10-21 15:00:00+00:00,50.09,414.6,261.2
2023-10-21 16:00:00+00:00,89.47,148.9,213.9
2023-10-21 17:00:00+00:00,139.98,15.2,238.1
2023-10-21 18:00:00+00:00,200.0,0.1,309.2
2023-10-21 19:00:00+00:00,180.01,0.1,395.8
2023-10-21 20:00:00+00:00,142.89,0.1,593.0
2023-10-21 21:00:00+00:00,131.86,0.1,784.3000000000001
2023-10-21 22:00:00+00:00,130.0,0.1,922.3
2023-10-21 23:00:00+00:00,115.04,0.0,1007.5
2023-10-22 00:00:00+00:00,113.93,0.0,1117.6
2023-10-22 01:00:00+00:00,112.67,0.0,1313.0
2023-10-22 02:00:00+00:00,111.26,0.0,1416.8
2023-10-22 03:00:00+00:00,106.05,0.0,1550.2
2023-10-22 04:00:00+00:00,101.64,0.0,1670.6
2023-10-22 05:00:00+00:00,91.6,0.0,1876.0
2023-10-22 06:00:00+00:00,86.16,0.1,2047.0
2023-10-22 07:00:00+00:00,80.0,32.7,2263.0
2023-10-22 08:00:00+00:00,68.55,120.8,2320.2000000000003
2023-10-22 09:00:00+00:00,58.99,187.5,2303.5
2023-10-22 10:00:00+00:00,52.6,241.8,2231.8999999999996
2023-10-22 11:00:00+00:00,51.6,237.0,2258.8
2023-10-22 12:00:00+00:00,46.2,231.2,2137.1
2023-10-22 13:00:00+00:00,52.4,194.1,1934.9
2023-10-22 14:00:00+00:00,68.55,196.6,1556.3
2023-10-22 15:00:00+00:00,75.0,208.2,1152.0
2023-10-22 16:00:00+00:00,85.0,143.6,834.7
2023-10-22 17:00:00+00:00,98.25,31.2,593.4
2023-10-22 18:00:00+00:00,111.9,0.0,406.90000000000003
2023-10-22 19:00:00+00:00,105.1,0.1,180.10000000000002
2023-10-22 20:00:00+00:00,90.01,0.1,102.5
2023-10-22 21:00:00+00:00,75.0,0.1,111.0
2023-10-22 22:00:00+00:00,104.31,0.1,182.6
2023-10-22 23:00:00+00:00,100.44,0.0,310.90000000000003
2023-10-23 00:00:00+00:00,101.28,0.0,430.5
2023-10-23 01:00:00+00:00,99.27,0.0,568.9
2023-10-23 02:00:00+00:00,96.9,0.0,527.1
2023-10-23 03:00:00+00:00,100.68,0.0,383.2
2023-10-23 04:00:00+00:00,104.31,0.0,351.6
2023-10-23 05:00:00+00:00,136.81,0.1,305.0
2023-10-23 06:00:00+00:00,157.47,0.3,297.0
2023-10-23 07:00:00+00:00,150.46,48.5,310.9
2023-10-23 08:00:00+00:00,128.07,178.5,294.1
2023-10-23 09:00:00+00:00,109.03,397.7,241.1
2023-10-23 10:00:00+00:00,103.2,580.9,239.0
2023-10-23 11:00:00+00:00,103.22,738.6,282.7
2023-10-23 12:00:00+00:00,107.0,823.7,441.6
2023-10-23 13:00:00+00:00,111.12,917.9,616.3
2023-10-23 14:00:00+00:00,114.8,860.0,683.7
2023-10-23 15:00:00+00:00,126.87,823.0,802.8
2023-10-23 16:00:00+00:00,136.51,449.3,1001.2
2023-10-23 17:00:00+00:00,157.91,52.7,1132.3
2023-10-23 18:00:00+00:00,215.02,0.2,1213.1
2023-10-23 19:00:00+00:00,165.0,0.2,1167.8
2023-10-23 20:00:00+00:00,125.25,0.3,915.0
2023-10-23 21:00:00+00:00,123.96,0.2,781.2
2023-10-23 22:00:00+00:00,127.05,0.1,836.9
2023-10-23 23:00:00+00:00,124.53,0.0,958.1999999999999
2023-10-24 00:00:00+00:00,119.31,0.0,1294.0
2023-10-24 01:00:00+00:00,110.02,0.0,1582.6000000000001
2023-10-24 02:00:00+00:00,105.01,0.0,1707.2
2023-10-24 03:00:00+00:00,100.19,0.0,2082.2999999999997
2023-10-24 04:00:00+00:00,110.02,0.0,2463.9
2023-10-24 05:00:00+00:00,122.96,0.1,2810.5
2023-10-24 06:00:00+00:00,132.13,2.3,3092.0
2023-10-24 07:00:00+00:00,125.79,157.8,3447.1
2023-10-24 08:00:00+00:00,109.0,589.1,3756.7
2023-10-24 09:00:00+00:00,79.52,735.4,3947.5
2023-10-24 10:00:00+00:00,73.09,678.3,4178.3
2023-10-24 11:00:00+00:00,65.1,637.2,4264.099999999999
2023-10-24 12:00:00+00:00,64.95,579.1,4304.700000000001
2023-10-24 13:00:00+00:00,65.8,441.5,3997.0
2023-10-24 14:00:00+00:00,77.05,320.1,3726.1
2023-10-24 15:00:00+00:00,94.6,214.6,3561.6
2023-10-24 16:00:00+00:00,109.5,77.3,3229.0
2023-10-24 17:00:00+00:00,124.35,10.9,2855.0
2023-10-24 18:00:00+00:00,128.46,0.1,2834.7
2023-10-24 19:00:00+00:00,119.31,0.2,2970.7
2023-10-24 20:00:00+00:00,114.1,0.3,2939.0
2023-10-24 21:00:00+00:00,98.37,0.1,2960.4
2023-10-24 22:00:00+00:00,70.75,0.1,2842.5
2023-10-24 23:00:00+00:00,64.75,0.0,2790.3
2023-10-25 00:00:00+00:00,62.65,0.0,3068.0
2023-10-25 01:00:00+00:00,61.42,0.0,3177.7000000000003
2023-10-25 02:00:00+00:00,45.59,0.0,3242.2999999999997
2023-10-25 03:00:00+00:00,59.75,0.0,3023.6000000000004
2023-10-25 04:00:00+00:00,65.1,0.0,3183.1000000000004
2023-10-25 05:00:00+00:00,88.59,0.1,3171.2000000000003
2023-10-25 06:00:00+00:00,104.25,0.4,3175.9
2023-10-25 07:00:00+00:00,95.0,93.3,3239.7
2023-10-25 08:00:00+00:00,70.75,383.9,3199.0
2023-10-25 09:00:00+00:00,62.65,679.4,3159.1
2023-10-25 10:00:00+00:00,45.48,761.3,3189.0
2023-10-25 11:00:00+00:00,35.0,817.0,3393.2
2023-10-25 12:00:00+00:00,20.0,819.1,3167.4
2023-10-25 13:00:00+00:00,17.45,763.4,3244.0
2023-10-25 14:00:00+00:00,37.77,627.1,3252.8
2023-10-25 15:00:00+00:00,64.75,403.7,3268.4
2023-10-25 16:00:00+00:00,85.0,207.2,3305.7
2023-10-25 17:00:00+00:00,97.56,19.3,3397.6
2023-10-25 18:00:00+00:00,109.68,0.1,3473.6
2023-10-25 19:00:00+00:00,105.97,0.1,3722.4
2023-10-25 20:00:00+00:00,92.7,0.3,3651.3
2023-10-25 21:00:00+00:00,86.4,0.2,3851.6
2023-10-25 22:00:00+00:00,51.4,0.1,3912.1
2023-10-25 23:00:00+00:00,40.55,0.0,4009.7
2023-10-26 00:00:00+00:00,35.45,0.0,4037.8
2023-10-26 01:00:00+00:00,35.45,0.0,4011.7
2023-10-26 02:00:00+00:00,34.75,0.1,3985.4
2023-10-26 03:00:00+00:00,35.45,0.1,3971.0
2023-10-26 04:00:00+00:00,54.4,0.0,3916.9
2023-10-26 05:00:00+00:00,72.4,0.1,3927.9
2023-10-26 06:00:00+00:00,78.25,0.1,4200.900000000001
2023-10-26 07:00:00+00:00,78.0,51.2,4251.400000000001
2023-10-26 08:00:00+00:00,73.01,170.9,4164.9
2023-10-26 09:00:00+00:00,54.93,377.4,4536.0
2023-10-26 10:00:00+00:00,45.0,570.5,4680.0
2023-10-26 11:00:00+00:00,35.75,572.7,4413.099999999999
2023-10-26 12:00:00+00:00,32.65,480.7,4048.9
2023-10-26 13:00:00+00:00,21.95,414.8,4241.3
2023-10-26 14:00:00+00:00,33.35,396.6,4451.5
2023-10-26 15:00:00+00:00,40.55,317.5,4362.1
2023-10-26 16:00:00+00:00,54.6,146.5,4096.7
2023-10-26 17:00:00+00:00,55.1,14.1,3847.0
2023-10-26 18:00:00+00:00,76.9,0.1,3454.1
2023-10-26 19:00:00+00:00,75.0,0.2,3273.7
2023-10-26 20:00:00+00:00,72.4,0.2,3136.2
2023-10-26 21:00:00+00:00,55.2,0.2,3167.6
2023-10-26 22:00:00+00:00,22.93,0.1,3205.6
2023-10-26 23:00:00+00:00,11.97,0.0,3270.7999999999997
2023-10-27 00:00:00+00:00,4.3,0.0,3262.7
2023-10-27 01:00:00+00:00,4.3,0.0,3467.5
2023-10-27 02:00:00+00:00,4.3,0.0,3744.9
2023-10-27 03:00:00+00:00,4.3,0.0,3808.8
2023-10-27 04:00:00+00:00,25.65,0.1,3886.7000000000003
2023-10-27 05:00:00+00:00,42.78,0.1,3919.3
2023-10-27 06:00:00+00:00,51.17,0.2,3986.5
2023-10-27 07:00:00+00:00,45.1,97.4,3937.6
2023-10-27 08:00:00+00:00,28.45,470.5,3852.0
2023-10-27 09:00:00+00:00,4.3,820.7,3580.1
2023-10-27 10:00:00+00:00,4.3,940.3,3418.2
2023-10-27 11:00:00+00:00,4.3,1029.6,3273.3
2023-10-27 12:00:00+00:00,4.3,977.5,3324.4
2023-10-27 13:00:00+00:00,4.3,986.4,3243.2999999999997
2023-10-27 14:00:00+00:00,4.3,822.3,2985.7
2023-10-27 15:00:00+00:00,14.0,546.7,2935.5
2023-10-27 16:00:00+00:00,44.6,236.1,3061.0
2023-10-27 17:00:00+00:00,62.83,22.3,3030.6
2023-10-27 18:00:00+00:00,92.49,0.2,2641.2000000000003
2023-10-27 19:00:00+00:00,69.7,0.2,2520.1
2023-10-27 20:00:00+00:00,53.25,0.3,2636.9
2023-10-27 21:00:00+00:00,45.1,0.2,3009.9
2023-10-27 22:00:00+00:00,15.07,0.1,3189.1000000000004
2023-10-27 23:00:00+00:00,4.55,0.0,3300.4
2023-10-28 00:00:00+00:00,4.3,0.0,3507.8
2023-10-28 01:00:00+00:00,4.3,0.0,3557.6
2023-10-28 02:00:00+00:00,4.3,0.0,3665.4
2023-10-28 03:00:00+00:00,4.3,0.0,3621.1
2023-10-28 04:00:00+00:00,4.3,0.0,3392.0
2023-10-28 05:00:00+00:00,4.3,0.0,3298.9
2023-10-28 06:00:00+00:00,6.04,0.2,3450.3
2023-10-28 07:00:00+00:00,6.04,97.4,3507.9
2023-10-28 08:00:00+00:00,4.3,425.8,3607.8
2023-10-28 09:00:00+00:00,2.8,746.6,3752.6
2023-10-28 10:00:00+00:00,1.62,855.3,3859.4
2023-10-28 11:00:00+00:00,1.34,992.9,3981.3
2023-10-28 12:00:00+00:00,0.0,998.7,4105.8
2023-10-28 13:00:00+00:00,0.0,852.8,4225.6
2023-10-28 14:00:00+00:00,0.0,813.9,4207.6
2023-10-28 15:00:00+00:00,1.62,576.5,4212.1
2023-10-28 16:00:00+00:00,4.3,262.0,4224.200000000001
2023-10-28 17:00:00+00:00,19.17,19.4,4239.5
2023-10-28 18:00:00+00:00,23.55,0.2,4224.5
2023-10-28 19:00:00+00:00,20.25,0.2,4208.5
2023-10-28 20:00:00+00:00,14.0,0.2,4238.2
2023-10-28 21:00:00+00:00,4.3,0.1,4288.5
2023-10-28 22:00:00+00:00,4.3,0.1,4331.6
2023-10-28 23:00:00+00:00,1.38,0.0,4392.6
2023-10-29 00:00:00+00:00,0.02,0.0,4271.0
2023-10-29 01:00:00+00:00,0.0,0.0,4306.0
2023-10-29 02:00:00+00:00,0.0,0.0,4163.5
2023-10-29 03:00:00+00:00,0.0,0.0,3789.2
2023-10-29 04:00:00+00:00,0.0,0.0,3258.5
2023-10-29 05:00:00+00:00,0.05,0.0,2608.7999999999997
2023-10-29 06:00:00+00:00,0.69,0.1,2186.4
2023-10-29 07:00:00+00:00,0.91,44.0,2019.2
2023-10-29 08:00:00+00:00,0.86,203.5,1989.2
2023-10-29 09:00:00+00:00,0.6,286.9,1832.1000000000001
2023-10-29 10:00:00+00:00,0.66,350.4,2166.1
2023-10-29 11:00:00+00:00,0.96,495.0,2091.3
2023-10-29 12:00:00+00:00,1.42,512.7,1949.3999999999999
2023-10-29 13:00:00+00:00,2.8,509.6,1814.6
2023-10-29 14:00:00+00:00,3.5,409.0,1957.0
2023-10-29 15:00:00+00:00,4.3,193.1,2047.9
2023-10-29 16:00:00+00:00,15.1,59.6,2283.3
2023-10-29 17:00:00+00:00,27.0,4.5,2552.7
2023-10-29 18:00:00+00:00,64.21,0.1,2439.1
2023-10-29 19:00:00+00:00,63.81,0.1,2459.3999999999996
2023-10-29 20:00:00+00:00,50.0,0.1,2563.2000000000003
2023-10-29 21:00:00+00:00,30.4,0.1,2647.6
2023-10-29 22:00:00+00:00,27.0,0.1,2675.0
2023-10-29 23:00:00+00:00,8.0,0.1,2955.3
2023-10-30 00:00:00+00:00,8.2,0.0,3033.7999999999997
2023-10-30 01:00:00+00:00,7.57,0.0,3177.8999999999996
2023-10-30 02:00:00+00:00,5.2,0.0,3180.6
2023-10-30 03:00:00+00:00,5.0,0.0,2836.4
2023-10-30 04:00:00+00:00,7.54,0.0,2633.2
2023-10-30 05:00:00+00:00,32.62,0.0,2287.3
2023-10-30 06:00:00+00:00,80.0,0.3,2138.4
2023-10-30 07:00:00+00:00,90.0,121.9,2249.9
2023-10-30 08:00:00+00:00,39.8,575.5,2170.0
2023-10-30 09:00:00+00:00,34.24,971.6,1982.4
2023-10-30 10:00:00+00:00,19.17,1124.7,2186.6
2023-10-30 11:00:00+00:00,7.24,1083.1,2292.5
2023-10-30 12:00:00+00:00,5.0,1060.1,2191.2999999999997
2023-10-30 13:00:00+00:00,4.3,1044.0,2289.0
2023-10-30 14:00:00+00:00,4.3,888.9,2443.7999999999997
2023-10-30 15:00:00+00:00,5.17,646.6,2486.8
2023-10-30 16:00:00+00:00,35.29,213.0,2362.5
2023-10-30 17:00:00+00:00,63.15,12.5,2270.3999999999996
2023-10-30 18:00:00+00:00,87.0,0.2,1990.8
2023-10-30 19:00:00+00:00,96.81,0.2,1766.3
2023-10-30 20:00:00+00:00,94.75,0.3,1460.8
2023-10-30 21:00:00+00:00,63.15,0.3,1095.7
2023-10-30 22:00:00+00:00,36.4,0.2,980.5
2023-10-30 23:00:00+00:00,61.6,0.1,800.4
2023-10-31 00:00:00+00:00,60.0,0.0,718.8000000000001
2023-10-31 01:00:00+00:00,64.0,0.0,688.5
2023-10-31 02:00:00+00:00,64.8,0.0,709.1999999999999
2023-10-31 03:00:00+00:00,65.5,0.0,683.6
2023-10-31 04:00:00+00:00,75.26,0.0,661.6999999999999
2023-10-31 05:00:00+00:00,94.8,0.0,690.2
2023-10-31 06:00:00+00:00,101.94,0.2,865.2
2023-10-31 07:00:00+00:00,129.47,20.9,1090.1000000000001
2023-10-31 08:00:00+00:00,115.01,101.1,1251.1
2023-10-31 09:00:00+00:00,105.24,223.7,1260.0
2023-10-31 10:00:00+00:00,104.5,387.0,1397.1999999999998
2023-10-31 11:00:00+00:00,102.64,600.4,1480.8
2023-10-31 12:00:00+00:00,101.94,676.3,1615.9
2023-10-31 13:00:00+00:00,109.92,664.3,1872.2
2023-10-31 14:00:00+00:00,119.07,621.1,1695.5
2023-10-31 15:00:00+00:00,125.48,499.7,1513.3
2023-10-31 16:00:00+00:00,125.48,191.6,1631.8
2023-10-31 17:00:00+00:00,115.0,17.2,1848.7
2023-10-31 18:00:00+00:00,104.69,0.2,2262.0
2023-10-31 19:00:00+00:00,98.24,0.2,2649.4
2023-10-31 20:00:00+00:00,96.0,0.2,3037.0
2023-10-31 21:00:00+00:00,95.0,0.3,3368.4
2023-10-31 22:00:00+00:00,71.56,0.2,3429.4
2023-10-31 23:00:00+00:00,16.75,0.1,3643.8
2023-11-01 00:00:00+00:00,12.52,0.0,3774.4
2023-11-01 01:00:00+00:00,4.99,0.0,3768.4
2023-11-01 02:00:00+00:00,4.3,0.0,3918.1
2023-11-01 03:00:00+00:00,4.3,0.0,3881.7
2023-11-01 04:00:00+00:00,4.3,0.0,3412.2
2023-11-01 05:00:00+00:00,4.3,0.0,2768.8
2023-11-01 06:00:00+00:00,4.3,0.1,2525.5
2023-11-01 07:00:00+00:00,4.3,64.8,2374.9
2023-11-01 08:00:00+00:00,3.1,311.4,1947.6999999999998
2023-11-01 09:00:00+00:00,1.8,628.8,2553.8
2023-11-01 10:00:00+00:00,0.54,758.4,3221.2000000000003
2023-11-01 11:00:00+00:00,0.1,878.2,3659.8
2023-11-01 12:00:00+00:00,0.1,917.2,3936.2000000000003
2023-11-01 13:00:00+00:00,0.1,872.2,4065.6
2023-11-01 14:00:00+00:00,0.01,682.0,4172.1
2023-11-01 15:00:00+00:00,1.62,429.4,4276.7
2023-11-01 16:00:00+00:00,4.3,150.9,4328.5
2023-11-01 17:00:00+00:00,4.3,9.6,4283.6
2023-11-01 18:00:00+00:00,4.3,0.0,4310.0
2023-11-01 19:00:00+00:00,7.87,0.0,4387.6
2023-11-01 20:00:00+00:00,11.56,0.1,4361.3
2023-11-01 21:00:00+00:00,4.55,0.1,4350.8
2023-11-01 22:00:00+00:00,4.3,0.1,4289.9
2023-11-01 23:00:00+00:00,4.3,0.1,4273.8
2023-11-02 00:00:00+00:00,4.3,0.0,4211.5
2023-11-02 01:00:00+00:00,0.77,0.0,4176.900000000001
2023-11-02 02:00:00+00:00,0.06,0.0,4238.400000000001
2023-11-02 03:00:00+00:00,0.09,0.0,4287.7
2023-11-02 04:00:00+00:00,1.6,0.0,4348.1
2023-11-02 05:00:00+00:00,4.3,0.0,4332.2
2023-11-02 06:00:00+00:00,5.0,0.1,4296.1
2023-11-02 07:00:00+00:00,10.0,39.5,4402.5
2023-11-02 08:00:00+00:00,4.55,210.6,4348.8
2023-11-02 09:00:00+00:00,4.3,443.0,4446.3
2023-11-02 10:00:00+00:00,4.3,568.7,4447.4
2023-11-02 11:00:00+00:00,4.3,707.3,4362.7
2023-11-02 12:00:00+00:00,4.3,825.7,4505.8
2023-11-02 13:00:00+00:00,4.3,814.8,4633.6
2023-11-02 14:00:00+00:00,3.8,662.7,4699.7
2023-11-02 15:00:00+00:00,4.3,495.4,4755.7
2023-11-02 16:00:00+00:00,4.3,171.2,4636.2
2023-11-02 17:00:00+00:00,4.5,11.6,4637.8
2023-11-02 18:00:00+00:00,10.0,0.2,4564.1
2023-11-02 19:00:00+00:00,10.0,0.2,4455.9
2023-11-02 20:00:00+00:00,4.55,0.2,4361.5
2023-11-02 21:00:00+00:00,4.3,0.3,4309.2
2023-11-02 22:00:00+00:00,3.8,0.2,4253.4
2023-11-02 23:00:00+00:00,3.1,0.1,4290.5
2023-11-03 00:00:00+00:00,1.5,0.0,4318.0
2023-11-03 01:00:00+00:00,0.19,0.0,4324.5
2023-11-03 02:00:00+00:00,0.02,0.0,4331.7
2023-11-03 03:00:00+00:00,0.0,0.0,4398.8
2023-11-03 04:00:00+00:00,0.1,0.0,4334.6
2023-11-03 05:00:00+00:00,4.1,0.0,4307.9
2023-11-03 06:00:00+00:00,4.3,0.3,4317.5
2023-11-03 07:00:00+00:00,4.3,66.6,4227.1
2023-11-03 08:00:00+00:00,4.3,332.5,4129.1
2023-11-03 09:00:00+00:00,4.1,715.2,4231.5
2023-11-03 10:00:00+00:00,3.0,835.3,4204.7
2023-11-03 11:00:00+00:00,2.0,939.6,4287.8
2023-11-03 12:00:00+00:00,3.0,891.3,4244.3
2023-11-03 13:00:00+00:00,3.0,755.9,4106.1
2023-11-03 14:00:00+00:00,4.1,569.0,3979.5
2023-11-03 15:00:00+00:00,4.3,350.6,3851.3
2023-11-03 16:00:00+00:00,12.56,156.9,3569.0
2023-11-03 17:00:00+00:00,12.82,7.4,3256.5
2023-11-03 18:00:00+00:00,12.82,0.2,3138.9
2023-11-03 19:00:00+00:00,15.5,0.2,3304.7
2023-11-03 20:00:00+00:00,14.54,0.2,3347.0
2023-11-03 21:00:00+00:00,14.54,0.3,3634.9
2023-11-03 22:00:00+00:00,10.0,0.2,3956.5
2023-11-03 23:00:00+00:00,4.3,0.1,4189.1
2023-11-04 00:00:00+00:00,2.0,0.0,4293.5
2023-11-04 01:00:00+00:00,1.2,0.0,4326.400000000001
2023-11-04 02:00:00+00:00,1.62,0.0,4332.400000000001
2023-11-04 03:00:00+00:00,1.19,0.0,4319.6
2023-11-04 04:00:00+00:00,1.0,0.0,4276.8
2023-11-04 05:00:00+00:00,1.5,0.0,4193.2
2023-11-04 06:00:00+00:00,1.4,0.0,4228.299999999999
2023-11-04 07:00:00+00:00,1.68,38.8,4324.5
2023-11-04 08:00:00+00:00,2.0,197.9,4417.6
2023-11-04 09:00:00+00:00,1.62,325.5,4448.6
2023-11-04 10:00:00+00:00,0.2,382.7,4456.0
2023-11-04 11:00:00+00:00,0.1,502.7,4512.400000000001
2023-11-04 12:00:00+00:00,0.1,506.1,4465.400000000001
2023-11-04 13:00:00+00:00,0.02,533.1,4522.5
2023-11-04 14:00:00+00:00,0.0,541.1,4526.6
2023-11-04 15:00:00+00:00,0.02,416.8,4493.5
2023-11-04 16:00:00+00:00,0.15,162.0,4442.2
2023-11-04 17:00:00+00:00,2.0,7.1,4524.9
2023-11-04 18:00:00+00:00,4.3,0.1,4529.6
2023-11-04 19:00:00+00:00,4.3,0.1,4444.7
2023-11-04 20:00:00+00:00,4.3,0.2,4375.8
2023-11-04 21:00:00+00:00,1.3,0.1,4339.4
2023-11-04 22:00:00+00:00,0.0,0.1,4315.0
2023-11-04 23:00:00+00:00,0.09,0.1,4303.6
2023-11-05 00:00:00+00:00,0.0,0.0,4216.0
2023-11-05 01:00:00+00:00,0.0,0.0,4145.9
2023-11-05 02:00:00+00:00,0.0,0.0,4004.1
2023-11-05 03:00:00+00:00,0.0,0.0,3915.2
2023-11-05 04:00:00+00:00,0.0,0.0,3768.9
2023-11-05 05:00:00+00:00,0.0,0.0,3632.1
2023-11-05 06:00:00+00:00,0.0,0.0,3452.1
2023-11-05 07:00:00+00:00,0.0,95.5,3321.6
2023-11-05 08:00:00+00:00,0.0,506.3,3008.3
2023-11-05 09:00:00+00:00,0.0,955.9,2858.3
2023-11-05 10:00:00+00:00,0.0,1143.3,2907.7
2023-11-05 11:00:00+00:00,0.0,1131.3,3035.1
2023-11-05 12:00:00+00:00,0.0,995.4,3300.9
2023-11-05 13:00:00+00:00,0.0,929.0,3315.6
2023-11-05 14:00:00+00:00,0.0,767.1,3329.6
2023-11-05 15:00:00+00:00,0.0,614.0,3308.8
2023-11-05 16:00:00+00:00,2.0,212.2,3253.0
2023-11-05 17:00:00+00:00,7.41,11.3,3028.1
2023-11-05 18:00:00+00:00,22.0,0.1,2903.6
2023-11-05 19:00:00+00:00,24.8,0.1,2629.9
2023-11-05 20:00:00+00:00,25.02,0.1,2558.5
2023-11-05 21:00:00+00:00,22.86,0.1,2458.5
2023-11-05 22:00:00+00:00,16.42,0.1,2405.1
2023-11-05 23:00:00+00:00,14.1,0.1,2428.2999999999997
2023-11-06 00:00:00+00:00,9.43,0.0,2292.0
2023-11-06 01:00:00+00:00,4.3,0.0,2051.4
2023-11-06 02:00:00+00:00,1.77,0.0,1903.3
2023-11-06 03:00:00+00:00,4.3,0.0,1818.2
2023-11-06 04:00:00+00:00,16.93,0.0,1781.2
2023-11-06 05:00:00+00:00,46.4,0.0,1609.2
2023-11-06 06:00:00+00:00,91.0,0.2,1428.6
2023-11-06 07:00:00+00:00,92.22,103.7,1351.7
2023-11-06 08:00:00+00:00,35.5,580.2,1179.2
2023-11-06 09:00:00+00:00,31.0,1006.5,1008.7
2023-11-06 10:00:00+00:00,20.78,1187.7,1052.6999999999998
2023-11-06 11:00:00+00:00,20.78,1177.5,1099.6000000000001
2023-11-06 12:00:00+00:00,20.78,1058.6,1556.6
2023-11-06 13:00:00+00:00,23.44,1105.7,1853.5
2023-11-06 14:00:00+00:00,29.62,948.8,2104.7000000000003
2023-11-06 15:00:00+00:00,60.15,761.8,1985.6999999999998
2023-11-06 16:00:00+00:00,100.01,287.7,1924.7
2023-11-06 17:00:00+00:00,151.74,15.0,1804.3
2023-11-06 18:00:00+00:00,140.31,0.2,1529.6
2023-11-06 19:00:00+00:00,112.48,0.2,1152.5
2023-11-06 20:00:00+00:00,106.99,0.3,1024.6999999999998
2023-11-06 21:00:00+00:00,100.11,0.3,1076.8
2023-11-06 22:00:00+00:00,89.36,0.2,1257.6
2023-11-06 23:00:00+00:00,82.19,0.1,1499.3
2023-11-07 00:00:00+00:00,76.63,0.0,1677.1000000000001
2023-11-07 01:00:00+00:00,70.96,0.0,2059.4
2023-11-07 02:00:00+00:00,68.01,0.0,2206.4
2023-11-07 03:00:00+00:00,70.25,0.0,2222.7999999999997
2023-11-07 04:00:00+00:00,83.8,0.0,2274.8999999999996
2023-11-07 05:00:00+00:00,95.0,0.1,2135.4
2023-11-07 06:00:00+00:00,133.05,0.2,2021.9
2023-11-07 07:00:00+00:00,136.12,73.8,2141.7000000000003
2023-11-07 08:00:00+00:00,85.01,379.9,1941.6
2023-11-07 09:00:00+00:00,76.04,739.5,1678.6000000000001
2023-11-07 10:00:00+00:00,76.63,939.6,1363.1999999999998
2023-11-07 11:00:00+00:00,80.0,966.1,1123.1000000000001
2023-11-07 12:00:00+00:00,83.1,908.0,1003.0
2023-11-07 13:00:00+00:00,83.8,886.3,1097.8
2023-11-07 14:00:00+00:00,84.1,708.7,1142.8
2023-11-07 15:00:00+00:00,92.0,476.8,875.3
2023-11-07 16:00:00+00:00,138.88,161.3,638.0
2023-11-07 17:00:00+00:00,150.59,11.7,577.4000000000001
2023-11-07 18:00:00+00:00,137.77,0.2,566.5
2023-11-07 19:00:00+00:00,138.13,0.2,800.0
2023-11-07 20:00:00+00:00,120.02,0.3,1040.6
2023-11-07 21:00:00+00:00,92.39,0.3,1005.6999999999999
2023-11-07 22:00:00+00:00,86.51,0.2,1024.6
2023-11-07 23:00:00+00:00,93.35,0.1,1085.5
2023-11-08 00:00:00+00:00,79.39,0.0,1135.1000000000001
2023-11-08 01:00:00+00:00,77.99,0.0,1130.7
2023-11-08 02:00:00+00:00,76.3,0.0,1258.5
2023-11-08 03:00:00+00:00,66.76,0.0,1444.8
2023-11-08 04:00:00+00:00,75.01,0.0,1633.6
2023-11-08 05:00:00+00:00,84.98,0.0,1749.2
2023-11-08 06:00:00+00:00,100.0,0.1,1959.3
2023-11-08 07:00:00+00:00,111.47,21.8,2184.6
2023-11-08 08:00:00+00:00,93.92,251.5,2465.4
2023-11-08 09:00:00+00:00,85.24,485.9,2553.9
2023-11-08 10:00:00+00:00,78.85,583.0,2694.6
2023-11-08 11:00:00+00:00,76.2,686.9,2913.2
2023-11-08 12:00:00+00:00,76.5,687.2,3099.8
2023-11-08 13:00:00+00:00,77.99,596.4,3160.4
2023-11-08 14:00:00+00:00,81.5,464.9,3251.6
2023-11-08 15:00:00+00:00,96.44,216.5,3204.3
2023-11-08 16:00:00+00:00,100.0,66.5,3195.2000000000003
2023-11-08 17:00:00+00:00,127.43,2.2,3442.2000000000003
2023-11-08 18:00:00+00:00,121.31,0.2,3595.5
2023-11-08 19:00:00+00:00,115.17,0.1,3721.7
2023-11-08 20:00:00+00:00,99.0,0.2,3761.1
2023-11-08 21:00:00+00:00,92.3,0.2,3725.1
2023-11-08 22:00:00+00:00,80.68,0.2,3460.9
2023-11-08 23:00:00+00:00,76.63,0.1,3152.9
2023-11-09 00:00:00+00:00,60.0,0.0,3120.4
2023-11-09 01:00:00+00:00,58.7,0.0,2950.6
2023-11-09 02:00:00+00:00,58.7,0.0,2784.2
2023-11-09 03:00:00+00:00,57.39,0.0,2638.1
2023-11-09 04:00:00+00:00,60.0,0.0,2468.1
2023-11-09 05:00:00+00:00,72.0,0.0,2314.5
2023-11-09 06:00:00+00:00,85.1,0.1,2152.0
2023-11-09 07:00:00+00:00,95.53,58.8,1715.7
2023-11-09 08:00:00+00:00,80.1,475.9,1409.5
2023-11-09 09:00:00+00:00,70.0,1026.6,1131.8000000000002
2023-11-09 10:00:00+00:00,56.48,1306.4,1163.6999999999998
2023-11-09 11:00:00+00:00,54.99,1349.7,1115.4
2023-11-09 12:00:00+00:00,51.6,1347.8,1079.1
2023-11-09 13:00:00+00:00,44.71,1313.8,1005.2
2023-11-09 14:00:00+00:00,30.0,1047.2,1164.4
2023-11-09 15:00:00+00:00,53.29,581.3,1244.8999999999999
2023-11-09 16:00:00+00:00,76.63,136.9,1337.1
2023-11-09 17:00:00+00:00,100.42,5.2,1482.0
2023-11-09 18:00:00+00:00,112.22,0.2,1654.0
2023-11-09 19:00:00+00:00,103.63,0.2,1845.5
2023-11-09 20:00:00+00:00,92.5,0.2,1814.7
2023-11-09 21:00:00+00:00,84.04,0.2,1873.2
2023-11-09 22:00:00+00:00,74.36,0.2,1862.4
2023-11-09 23:00:00+00:00,64.32,0.1,1994.3999999999999
2023-11-10 00:00:00+00:00,58.5,0.0,1947.6999999999998
2023-11-10 01:00:00+00:00,52.0,0.0,2008.1
2023-11-10 02:00:00+00:00,45.8,0.0,2133.2000000000003
2023-11-10 03:00:00+00:00,45.01,0.0,2024.4
2023-11-10 04:00:00+00:00,49.99,0.0,2120.5
2023-11-10 05:00:00+00:00,45.8,0.1,2092.2
2023-11-10 06:00:00+00:00,64.0,0.1,1918.6
2023-11-10 07:00:00+00:00,72.6,57.9,1608.5
2023-11-10 08:00:00+00:00,52.0,344.6,1475.2
2023-11-10 09:00:00+00:00,32.99,620.8,1345.8000000000002
2023-11-10 10:00:00+00:00,26.99,831.7,1379.1000000000001
2023-11-10 11:00:00+00:00,25.8,885.2,1692.8000000000002
2023-11-10 12:00:00+00:00,21.17,701.9,2076.7999999999997
2023-11-10 13:00:00+00:00,20.78,688.0,2234.9
2023-11-10 14:00:00+00:00,32.29,542.2,2321.9
2023-11-10 15:00:00+00:00,45.01,348.3,2545.2000000000003
2023-11-10 16:00:00+00:00,62.64,123.7,2829.5
2023-11-10 17:00:00+00:00,81.0,5.2,3190.6000000000004
2023-11-10 18:00:00+00:00,99.94,0.2,3419.3
2023-11-10 19:00:00+00:00,106.43,0.2,3572.2999999999997
2023-11-10 20:00:00+00:00,82.22,0.2,3547.5
2023-11-10 21:00:00+00:00,65.16,0.2,3487.9
2023-11-10 22:00:00+00:00,52.0,0.2,3427.1
2023-11-10 23:00:00+00:00,19.08,0.1,3511.2000000000003
2023-11-11 00:00:00+00:00,9.39,0.0,3490.5
2023-11-11 01:00:00+00:00,6.23,0.0,3542.1000000000004
2023-11-11 02:00:00+00:00,4.3,0.0,3417.8
2023-11-11 03:00:00+00:00,4.3,0.0,3292.1
2023-11-11 04:00:00+00:00,5.0,0.0,3161.7999999999997
2023-11-11 05:00:00+00:00,7.29,0.0,3034.7000000000003
2023-11-11 06:00:00+00:00,9.39,0.0,3058.9
2023-11-11 07:00:00+00:00,10.0,22.8,3015.4
2023-11-11 08:00:00+00:00,10.0,163.1,3068.4
2023-11-11 09:00:00+00:00,7.29,432.5,3094.2999999999997
2023-11-11 10:00:00+00:00,4.3,664.0,2999.8999999999996
2023-11-11 11:00:00+00:00,4.3,854.0,3059.4
2023-11-11 12:00:00+00:00,4.3,913.5,3285.6
2023-11-11 13:00:00+00:00,4.3,846.1,3574.6
2023-11-11 14:00:00+00:00,1.62,713.7,3543.7
2023-11-11 15:00:00+00:00,4.3,492.0,3653.6
2023-11-11 16:00:00+00:00,7.42,214.5,3621.5
2023-11-11 17:00:00+00:00,11.7,7.7,3447.9
2023-11-11 18:00:00+00:00,19.14,0.2,3371.8
2023-11-11 19:00:00+00:00,20.17,0.2,3391.1
2023-11-11 20:00:00+00:00,19.08,0.2,3494.1
2023-11-11 21:00:00+00:00,10.39,0.1,3484.0
2023-11-11 22:00:00+00:00,6.29,0.1,3524.4
2023-11-11 23:00:00+00:00,4.3,0.1,3540.2000000000003
2023-11-12 00:00:00+00:00,4.3,0.0,3462.4
2023-11-12 01:00:00+00:00,3.42,0.0,3242.6000000000004
2023-11-12 02:00:00+00:00,3.42,0.0,3051.0
2023-11-12 03:00:00+00:00,3.42,0.0,2791.1000000000004
2023-11-12 04:00:00+00:00,4.3,0.0,2473.7
2023-11-12 05:00:00+00:00,4.3,0.0,2054.0
2023-11-12 06:00:00+00:00,4.99,0.0,1838.9
2023-11-12 07:00:00+00:00,6.29,40.3,1701.2
2023-11-12 08:00:00+00:00,6.29,308.9,1697.7
2023-11-12 09:00:00+00:00,5.0,630.5,1769.7
2023-11-12 10:00:00+00:00,4.3,902.3,1728.3999999999999
2023-11-12 11:00:00+00:00,4.3,919.9,1595.4
2023-11-12 12:00:00+00:00,5.0,858.9,1674.1000000000001
2023-11-12 13:00:00+00:00,6.23,735.9,1742.0
2023-11-12 14:00:00+00:00,7.0,699.1,1747.1999999999998
2023-11-12 15:00:00+00:00,14.17,484.2,1984.2
2023-11-12 16:00:00+00:00,40.28,188.8,2212.4
2023-11-12 17:00:00+00:00,52.22,6.7,2276.2
2023-11-12 18:00:00+00:00,74.37,0.1,2259.9
2023-11-12 19:00:00+00:00,77.8,0.0,2278.3
2023-11-12 20:00:00+00:00,76.63,0.1,2293.3
2023-11-12 21:00:00+00:00,51.0,0.1,2303.8
2023-11-12 22:00:00+00:00,40.5,0.1,2313.5
2023-11-12 23:00:00+00:00,40.4,0.1,2389.2
2023-11-13 00:00:00+00:00,34.45,0.0,2361.1
2023-11-13 01:00:00+00:00,23.44,0.0,2309.2
2023-11-13 02:00:00+00:00,22.0,0.0,2193.0
2023-11-13 03:00:00+00:00,23.44,0.0,2191.0
2023-11-13 04:00:00+00:00,37.5,0.0,2134.0
2023-11-13 05:00:00+00:00,47.0,0.0,2071.5
2023-11-13 06:00:00+00:00,49.88,0.2,1994.2
2023-11-13 07:00:00+00:00,60.0,46.1,1863.1
2023-11-13 08:00:00+00:00,53.0,313.2,1842.1
2023-11-13 09:00:00+00:00,45.12,645.8,1825.9
2023-11-13 10:00:00+00:00,40.2,922.9,1756.5
2023-11-13 11:00:00+00:00,21.15,1059.4,1649.5
2023-11-13 12:00:00+00:00,18.02,1220.9,1548.3
2023-11-13 13:00:00+00:00,20.78,1174.4,1489.4
2023-11-13 14:00:00+00:00,40.1,997.9,1459.4
2023-11-13 15:00:00+00:00,49.88,680.4,1356.3
2023-11-13 16:00:00+00:00,86.22,257.8,1241.2
2023-11-13 17:00:00+00:00,94.02,9.1,1277.4
2023-11-13 18:00:00+00:00,104.57,0.2,1297.7
2023-11-13 19:00:00+00:00,88.0,0.1,1284.0
2023-11-13 20:00:00+00:00,63.98,0.2,1345.3
2023-11-13 21:00:00+00:00,55.1,0.2,1292.9
2023-11-13 22:00:00+00:00,45.92,0.2,1157.6000000000001
2023-11-13 23:00:00+00:00,45.67,0.1,1115.0
2023-11-14 00:00:00+00:00,40.3,0.0,997.2
2023-11-14 01:00:00+00:00,38.33,0.0,1003.6
2023-11-14 02:00:00+00:00,40.0,0.0,1015.6
2023-11-14 03:00:00+00:00,40.0,0.0,1197.8
2023-11-14 04:00:00+00:00,40.3,0.0,1307.6000000000001
2023-11-14 05:00:00+00:00,52.0,0.0,1198.1
2023-11-14 06:00:00+00:00,81.61,0.1,1185.8999999999999
2023-11-14 07:00:00+00:00,89.42,49.7,1157.2
2023-11-14 08:00:00+00:00,81.75,368.7,1121.2
2023-11-14 09:00:00+00:00,47.69,690.3,1015.5
2023-11-14 10:00:00+00:00,40.5,893.3,921.0
2023-11-14 11:00:00+00:00,40.5,1064.7,885.5
2023-11-14 12:00:00+00:00,40.2,1247.6,920.6
2023-11-14 13:00:00+00:00,40.2,1235.9,976.8
2023-11-14 14:00:00+00:00,40.5,1105.0,950.0
2023-11-14 15:00:00+00:00,70.7,797.4,1060.1
2023-11-14 16:00:00+00:00,97.79,276.2,1051.8
2023-11-14 17:00:00+00:00,118.14,6.0,1024.5
2023-11-14 18:00:00+00:00,117.02,0.1,1093.3
2023-11-14 19:00:00+00:00,118.22,0.1,984.6
2023-11-14 20:00:00+00:00,110.0,0.2,956.2
2023-11-14 21:00:00+00:00,92.0,0.3,926.5
2023-11-14 22:00:00+00:00,91.61,0.1,823.1
2023-11-14 23:00:00+00:00,81.1,0.1,699.0999999999999
2023-11-15 00:00:00+00:00,76.42,0.0,611.8000000000001
2023-11-15 01:00:00+00:00,74.0,0.0,480.8
2023-11-15 02:00:00+00:00,74.39,0.0,430.3
2023-11-15 03:00:00+00:00,74.45,0.0,337.2
2023-11-15 04:00:00+00:00,80.68,0.0,286.8
2023-11-15 05:00:00+00:00,93.55,0.1,331.1
2023-11-15 06:00:00+00:00,112.67,0.1,271.8
2023-11-15 07:00:00+00:00,117.72,56.2,223.6
2023-11-15 08:00:00+00:00,103.41,436.8,234.4
2023-11-15 09:00:00+00:00,92.59,845.5,164.5
2023-11-15 10:00:00+00:00,85.5,1127.9,196.79999999999998
2023-11-15 11:00:00+00:00,84.42,1236.2,246.8
2023-11-15 12:00:00+00:00,83.35,1236.5,283.9
2023-11-15 13:00:00+00:00,82.51,1190.6,354.40000000000003
2023-11-15 14:00:00+00:00,84.52,1028.4,420.6
2023-11-15 15:00:00+00:00,102.94,683.2,510.3
2023-11-15 16:00:00+00:00,120.2,212.3,608.4
2023-11-15 17:00:00+00:00,129.9,4.9,781.6
2023-11-15 18:00:00+00:00,121.09,0.1,909.0
2023-11-15 19:00:00+00:00,117.9,0.1,998.1
2023-11-15 20:00:00+00:00,104.07,0.2,1089.3999999999999
2023-11-15 21:00:00+00:00,91.66,0.3,1159.0
2023-11-15 22:00:00+00:00,84.21,0.2,1096.8
2023-11-15 23:00:00+00:00,85.48,0.1,1043.5
2023-11-16 00:00:00+00:00,83.29,0.0,1042.3999999999999
2023-11-16 01:00:00+00:00,82.06,0.0,1105.6999999999998
2023-11-16 02:00:00+00:00,79.9,0.0,1207.7
2023-11-16 03:00:00+00:00,84.81,0.0,1359.5
2023-11-16 04:00:00+00:00,91.21,0.0,1414.0
2023-11-16 05:00:00+00:00,94.29,0.0,1597.5
2023-11-16 06:00:00+00:00,114.43,0.1,1860.5
2023-11-16 07:00:00+00:00,120.25,24.9,1508.7
2023-11-16 08:00:00+00:00,114.43,249.3,1154.8
2023-11-16 09:00:00+00:00,102.0,607.6,826.9
2023-11-16 10:00:00+00:00,111.65,977.7,539.1999999999999
2023-11-16 11:00:00+00:00,110.2,1162.9,435.3
2023-11-16 12:00:00+00:00,97.88,1171.4,507.70000000000005
2023-11-16 13:00:00+00:00,90.28,1059.6,428.2
2023-11-16 14:00:00+00:00,84.79,921.8,327.6
2023-11-16 15:00:00+00:00,89.61,599.7,309.3
2023-11-16 16:00:00+00:00,111.4,194.6,385.3
2023-11-16 17:00:00+00:00,120.52,4.1,463.9
2023-11-16 18:00:00+00:00,125.28,0.2,474.5
2023-11-16 19:00:00+00:00,121.2,0.2,511.1
2023-11-16 20:00:00+00:00,115.0,0.2,553.6
2023-11-16 21:00:00+00:00,110.2,0.3,473.6
2023-11-16 22:00:00+00:00,100.85,0.2,430.9
2023-11-16 23:00:00+00:00,106.0,0.1,389.6
2023-11-17 00:00:00+00:00,100.0,0.0,278.6
2023-11-17 01:00:00+00:00,96.93,0.0,223.9
2023-11-17 02:00:00+00:00,92.79,0.0,156.7
2023-11-17 03:00:00+00:00,95.7,0.0,141.8
2023-11-17 04:00:00+00:00,103.2,0.0,149.5
2023-11-17 05:00:00+00:00,119.66,0.0,145.9
2023-11-17 06:00:00+00:00,131.03,0.2,129.5
2023-11-17 07:00:00+00:00,141.92,24.9,146.89999999999998
2023-11-17 08:00:00+00:00,129.65,194.5,158.5
2023-11-17 09:00:00+00:00,124.81,406.9,106.3
2023-11-17 10:00:00+00:00,117.78,581.7,42.5
2023-11-17 11:00:00+00:00,117.6,760.5,23.6
2023-11-17 12:00:00+00:00,111.55,1027.2,14.5
2023-11-17 13:00:00+00:00,101.76,1194.8,14.4
2023-11-17 14:00:00+00:00,115.18,1110.2,14.6
2023-11-17 15:00:00+00:00,124.81,787.7,17.8
2023-11-17 16:00:00+00:00,128.09,258.9,23.7
2023-11-17 17:00:00+00:00,150.33,5.3,39.8
2023-11-17 18:00:00+00:00,141.92,0.2,100.3
2023-11-17 19:00:00+00:00,128.53,0.2,141.0
2023-11-17 20:00:00+00:00,121.31,0.2,138.7
2023-11-17 21:00:00+00:00,118.53,0.3,164.4
2023-11-17 22:00:00+00:00,112.93,0.2,232.9
2023-11-17 23:00:00+00:00,110.56,0.1,284.09999999999997
2023-11-18 00:00:00+00:00,97.38,0.0,355.8
2023-11-18 01:00:00+00:00,90.61,0.0,453.20000000000005
2023-11-18 02:00:00+00:00,85.87,0.0,477.2
2023-11-18 03:00:00+00:00,82.36,0.0,474.5
2023-11-18 04:00:00+00:00,82.45,0.0,486.8
2023-11-18 05:00:00+00:00,85.41,0.0,496.7
2023-11-18 06:00:00+00:00,92.08,0.0,564.2
2023-11-18 07:00:00+00:00,100.0,31.3,652.6
2023-11-18 08:00:00+00:00,94.12,279.6,629.8000000000001
2023-11-18 09:00:00+00:00,75.0,590.0,507.0
2023-11-18 10:00:00+00:00,72.69,828.2,536.7
2023-11-18 11:00:00+00:00,70.8,1038.3,561.0
2023-11-18 12:00:00+00:00,70.8,1143.2,636.5
2023-11-18 13:00:00+00:00,66.05,1174.9,656.7
2023-11-18 14:00:00+00:00,67.69,1116.2,521.4
2023-11-18 15:00:00+00:00,81.1,792.6,373.4
2023-11-18 16:00:00+00:00,105.64,256.4,305.9
2023-11-18 17:00:00+00:00,108.67,4.7,311.9
2023-11-18 18:00:00+00:00,110.0,0.1,288.7
2023-11-18 19:00:00+00:00,111.16,0.1,274.2
2023-11-18 20:00:00+00:00,107.72,0.2,290.2
2023-11-18 21:00:00+00:00,89.0,0.2,346.59999999999997
2023-11-18 22:00:00+00:00,80.0,0.1,431.3
2023-11-18 23:00:00+00:00,78.0,0.1,413.7
2023-11-19 00:00:00+00:00,72.52,0.0,396.3
2023-11-19 01:00:00+00:00,72.52,0.0,323.6
2023-11-19 02:00:00+00:00,73.55,0.0,193.1
2023-11-19 03:00:00+00:00,72.52,0.0,182.29999999999998
2023-11-19 04:00:00+00:00,72.8,0.0,192.1
2023-11-19 05:00:00+00:00,73.55,0.0,253.8
2023-11-19 06:00:00+00:00,73.38,0.0,292.7
2023-11-19 07:00:00+00:00,69.36,36.8,313.7
2023-11-19 08:00:00+00:00,64.39,361.7,334.8
2023-11-19 09:00:00+00:00,40.1,779.6,306.8
2023-11-19 10:00:00+00:00,20.78,1076.8,233.8
2023-11-19 11:00:00+00:00,25.1,1291.4,170.4
2023-11-19 12:00:00+00:00,38.8,1388.3,115.5
2023-11-19 13:00:00+00:00,39.99,1376.0,108.4
2023-11-19 14:00:00+00:00,42.06,1199.4,81.5
2023-11-19 15:00:00+00:00,67.7,809.0,49.0
2023-11-19 16:00:00+00:00,91.57,241.0,29.900000000000002
2023-11-19 17:00:00+00:00,104.68,3.7,36.2
2023-11-19 18:00:00+00:00,104.01,0.1,49.7
2023-11-19 19:00:00+00:00,114.18,0.1,60.1
2023-11-19 20:00:00+00:00,104.01,0.1,83.10000000000001
2023-11-19 21:00:00+00:00,96.9,0.2,89.7
2023-11-19 22:00:00+00:00,96.2,0.1,86.3
2023-11-19 23:00:00+00:00,90.3,0.1,71.69999999999999
2023-11-20 00:00:00+00:00,91.6,0.0,86.2
2023-11-20 01:00:00+00:00,89.32,0.0,88.7
2023-11-20 02:00:00+00:00,89.32,0.0,78.5
2023-11-20 03:00:00+00:00,86.72,0.0,46.7
2023-11-20 04:00:00+00:00,89.0,0.0,54.6
2023-11-20 05:00:00+00:00,101.0,0.1,61.4
2023-11-20 06:00:00+00:00,116.92,0.2,162.0
2023-11-20 07:00:00+00:00,123.01,30.8,326.59999999999997
2023-11-20 08:00:00+00:00,113.81,304.7,350.59999999999997
2023-11-20 09:00:00+00:00,94.08,648.7,432.20000000000005
2023-11-20 10:00:00+00:00,83.0,876.6,478.20000000000005
2023-11-20 11:00:00+00:00,88.12,1012.6,515.7
2023-11-20 12:00:00+00:00,78.32,1140.4,602.5999999999999
2023-11-20 13:00:00+00:00,67.1,1141.4,651.5
2023-11-20 14:00:00+00:00,67.1,1007.8,596.7
2023-11-20 15:00:00+00:00,89.96,652.7,592.9000000000001
2023-11-20 16:00:00+00:00,99.5,181.3,673.7
2023-11-20 17:00:00+00:00,115.24,2.8,920.1
2023-11-20 18:00:00+00:00,115.24,0.2,1342.9
2023-11-20 19:00:00+00:00,115.24,0.2,1943.9
2023-11-20 20:00:00+00:00,99.0,0.3,2165.0
2023-11-20 21:00:00+00:00,86.96,0.4,2275.2
2023-11-20 22:00:00+00:00,60.1,0.2,2525.6000000000004
2023-11-20 23:00:00+00:00,44.13,0.1,2593.9
2023-11-21 00:00:00+00:00,40.4,0.0,2586.8
2023-11-21 01:00:00+00:00,37.38,0.0,2592.9
2023-11-21 02:00:00+00:00,37.38,0.0,2700.4
2023-11-21 03:00:00+00:00,37.38,0.0,2830.0
2023-11-21 04:00:00+00:00,40.4,0.0,2714.1
2023-11-21 05:00:00+00:00,50.09,0.1,2559.5
2023-11-21 06:00:00+00:00,50.09,0.2,2478.5
2023-11-21 07:00:00+00:00,65.0,25.5,2518.2999999999997
2023-11-21 08:00:00+00:00,44.13,323.6,2328.2000000000003
2023-11-21 09:00:00+00:00,40.1,765.2,1908.9
2023-11-21 10:00:00+00:00,25.0,1144.0,1580.4
2023-11-21 11:00:00+00:00,20.78,1376.7,1497.5
2023-11-21 12:00:00+00:00,16.5,1416.8,1520.3999999999999
2023-11-21 13:00:00+00:00,10.0,1360.3,1753.7
2023-11-21 14:00:00+00:00,13.0,1189.6,1965.0
2023-11-21 15:00:00+00:00,24.43,805.9,2072.5
2023-11-21 16:00:00+00:00,43.1,247.6,2071.6
2023-11-21 17:00:00+00:00,49.39,3.6,2237.4
2023-11-21 18:00:00+00:00,58.19,0.2,2525.0
2023-11-21 19:00:00+00:00,76.3,0.2,2599.2000000000003
2023-11-21 20:00:00+00:00,73.86,0.2,2549.3
2023-11-21 21:00:00+00:00,47.29,0.3,2499.8
2023-11-21 22:00:00+00:00,40.96,0.2,2595.2
2023-11-21 23:00:00+00:00,32.29,0.1,2688.1000000000004
2023-11-22 00:00:00+00:00,30.1,0.0,2807.8
2023-11-22 01:00:00+00:00,25.1,0.0,2873.0
2023-11-22 02:00:00+00:00,23.44,0.0,2805.2
2023-11-22 03:00:00+00:00,23.44,0.0,2536.9
2023-11-22 04:00:00+00:00,23.44,0.0,2516.3999999999996
2023-11-22 05:00:00+00:00,30.1,0.1,2578.7999999999997
2023-11-22 06:00:00+00:00,30.6,0.2,2735.3
2023-11-22 07:00:00+00:00,34.39,42.1,2760.4
2023-11-22 08:00:00+00:00,31.0,488.6,2593.2000000000003
2023-11-22 09:00:00+00:00,20.78,1057.4,2207.3
2023-11-22 10:00:00+00:00,12.96,1357.3,1736.6
2023-11-22 11:00:00+00:00,9.9,1471.0,1560.6
2023-11-22 12:00:00+00:00,9.9,1495.7,1608.8999999999999
2023-11-22 13:00:00+00:00,7.41,1409.2,1578.7
2023-11-22 14:00:00+00:00,9.9,1251.8,1622.7
2023-11-22 15:00:00+00:00,21.01,853.3,1703.8
2023-11-22 16:00:00+00:00,40.52,270.3,1756.3
2023-11-22 17:00:00+00:00,68.1,4.6,2144.2000000000003
2023-11-22 18:00:00+00:00,44.18,0.2,2765.0
2023-11-22 19:00:00+00:00,59.1,0.2,3251.4
2023-11-22 20:00:00+00:00,40.0,0.3,3553.0
2023-11-22 21:00:00+00:00,50.0,0.4,3580.8
2023-11-22 22:00:00+00:00,32.99,0.3,3552.0
2023-11-22 23:00:00+00:00,34.39,0.1,3605.9
2023-11-23 00:00:00+00:00,31.14,0.0,3536.5
2023-11-23 01:00:00+00:00,27.09,0.0,3622.5
2023-11-23 02:00:00+00:00,25.6,0.0,3749.1
2023-11-23 03:00:00+00:00,23.96,0.0,3776.4
2023-11-23 04:00:00+00:00,30.0,0.0,3837.7000000000003
2023-11-23 05:00:00+00:00,35.09,0.1,3850.0
2023-11-23 06:00:00+00:00,77.04,0.1,3890.8
2023-11-23 07:00:00+00:00,89.03,44.7,3708.4
2023-11-23 08:00:00+00:00,45.99,484.5,3537.6
2023-11-23 09:00:00+00:00,25.6,1058.2,3360.8
2023-11-23 10:00:00+00:00,25.4,1358.9,3088.9
2023-11-23 11:00:00+00:00,25.5,1465.3,2628.0
2023-11-23 12:00:00+00:00,27.78,1485.6,2549.2
2023-11-23 13:00:00+00:00,29.9,1420.1,2613.5
2023-11-23 14:00:00+00:00,31.14,1223.4,2274.9
2023-11-23 15:00:00+00:00,57.82,823.3,1855.6
2023-11-23 16:00:00+00:00,75.0,247.9,1684.5
2023-11-23 17:00:00+00:00,109.88,3.3,1683.9
2023-11-23 18:00:00+00:00,125.76,0.2,1649.4
2023-11-23 19:00:00+00:00,104.67,0.2,1613.5
2023-11-23 20:00:00+00:00,87.94,0.3,1571.7
2023-11-23 21:00:00+00:00,75.0,0.3,1453.1999999999998
2023-11-23 22:00:00+00:00,39.02,0.2,1316.1000000000001
2023-11-23 23:00:00+00:00,40.0,0.1,1318.1000000000001
2023-11-24 00:00:00+00:00,35.18,0.0,1375.0
2023-11-24 01:00:00+00:00,31.11,0.0,1636.7
2023-11-24 02:00:00+00:00,30.5,0.0,1741.0
2023-11-24 03:00:00+00:00,30.0,0.0,1839.3
2023-11-24 04:00:00+00:00,34.91,0.0,1977.7
2023-11-24 05:00:00+00:00,71.96,0.0,2003.1
2023-11-24 06:00:00+00:00,95.0,0.2,2074.9
2023-11-24 07:00:00+00:00,101.36,37.8,2042.8
2023-11-24 08:00:00+00:00,72.07,481.2,2098.4
2023-11-24 09:00:00+00:00,65.0,1058.9,1931.3
2023-11-24 10:00:00+00:00,52.39,1350.4,1719.6
2023-11-24 11:00:00+00:00,52.39,1470.3,1328.3
2023-11-24 12:00:00+00:00,52.0,1503.4,646.1
2023-11-24 13:00:00+00:00,51.69,1437.3,338.2
2023-11-24 14:00:00+00:00,53.09,1257.1,229.0
2023-11-24 15:00:00+00:00,78.45,859.6,249.79999999999998
2023-11-24 16:00:00+00:00,86.1,259.2,367.8
2023-11-24 17:00:00+00:00,104.98,3.1,610.6
2023-11-24 18:00:00+00:00,105.59,0.2,873.2
2023-11-24 19:00:00+00:00,97.71,0.2,1017.2
2023-11-24 20:00:00+00:00,83.41,0.3,1227.3
2023-11-24 21:00:00+00:00,83.13,0.3,1340.0
2023-11-24 22:00:00+00:00,79.19,0.2,1676.1
2023-11-24 23:00:00+00:00,78.07,0.1,1987.7
2023-11-25 00:00:00+00:00,74.03,0.0,1984.3
2023-11-25 01:00:00+00:00,72.07,0.0,1514.1000000000001
2023-11-25 02:00:00+00:00,71.61,0.0,827.4
2023-11-25 03:00:00+00:00,69.99,0.0,605.7
2023-11-25 04:00:00+00:00,74.19,0.0,887.1
2023-11-25 05:00:00+00:00,79.81,0.0,1094.5
2023-11-25 06:00:00+00:00,87.08,0.0,1237.5
2023-11-25 07:00:00+00:00,94.29,29.1,1529.6
2023-11-25 08:00:00+00:00,80.0,385.8,1529.9
2023-11-25 09:00:00+00:00,62.99,939.8,1186.2
2023-11-25 10:00:00+00:00,62.6,1320.2,679.9
2023-11-25 11:00:00+00:00,63.5,1479.2,330.2
2023-11-25 12:00:00+00:00,67.57,1498.5,151.1
2023-11-25 13:00:00+00:00,65.57,1425.1,129.3
2023-11-25 14:00:00+00:00,70.0,1237.0,161.7
2023-11-25 15:00:00+00:00,82.5,817.1,171.3
2023-11-25 16:00:00+00:00,111.75,235.9,238.70000000000002
2023-11-25 17:00:00+00:00,130.26,2.8,294.5
2023-11-25 18:00:00+00:00,127.55,0.1,316.4
2023-11-25 19:00:00+00:00,127.31,0.1,310.0
2023-11-25 20:00:00+00:00,118.81,0.2,332.5
2023-11-25 21:00:00+00:00,118.96,0.2,346.3
2023-11-25 22:00:00+00:00,116.86,0.1,301.5
2023-11-25 23:00:00+00:00,112.88,0.1,262.7
2023-11-26 00:00:00+00:00,107.7,0.0,288.1
2023-11-26 01:00:00+00:00,105.0,0.0,297.1
2023-11-26 02:00:00+00:00,102.36,0.0,345.70000000000005
2023-11-26 03:00:00+00:00,99.0,0.0,325.0
2023-11-26 04:00:00+00:00,99.68,0.0,271.59999999999997
2023-11-26 05:00:00+00:00,103.44,0.0,222.5
2023-11-26 06:00:00+00:00,113.27,0.0,191.9
2023-11-26 07:00:00+00:00,113.48,23.4,146.6
2023-11-26 08:00:00+00:00,117.66,270.0,108.5
2023-11-26 09:00:00+00:00,116.1,632.3,88.3
2023-11-26 10:00:00+00:00,114.28,885.9,54.5
2023-11-26 11:00:00+00:00,113.62,977.0,57.9
2023-11-26 12:00:00+00:00,110.1,950.8,60.3
2023-11-26 13:00:00+00:00,115.1,818.8,64.3
2023-11-26 14:00:00+00:00,117.33,596.8,78.2
2023-11-26 15:00:00+00:00,127.34,354.4,104.1
2023-11-26 16:00:00+00:00,144.35,97.7,200.1
2023-11-26 17:00:00+00:00,156.68,1.8,326.9
2023-11-26 18:00:00+00:00,146.1,0.1,444.5
2023-11-26 19:00:00+00:00,137.72,0.0,459.4
2023-11-26 20:00:00+00:00,127.29,0.1,443.5
2023-11-26 21:00:00+00:00,118.99,0.1,390.5
2023-11-26 22:00:00+00:00,102.56,0.1,413.6
2023-11-26 23:00:00+00:00,99.47,0.1,369.2
2023-11-27 00:00:00+00:00,94.29,0.0,348.4
2023-11-27 01:00:00+00:00,89.9,0.0,254.3
2023-11-27 02:00:00+00:00,88.82,0.0,413.6
2023-11-27 03:00:00+00:00,87.91,0.0,509.90000000000003
2023-11-27 04:00:00+00:00,94.09,0.0,557.9
2023-11-27 05:00:00+00:00,121.64,0.0,653.6999999999999
2023-11-27 06:00:00+00:00,128.75,0.1,634.6
2023-11-27 07:00:00+00:00,144.99,9.0,810.4
2023-11-27 08:00:00+00:00,135.2,183.5,959.7
2023-11-27 09:00:00+00:00,109.34,615.7,797.5
2023-11-27 10:00:00+00:00,101.81,878.2,667.2
2023-11-27 11:00:00+00:00,108.73,885.8,819.0999999999999
2023-11-27 12:00:00+00:00,100.03,842.6,1074.0
2023-11-27 13:00:00+00:00,88.44,739.7,1124.3999999999999
2023-11-27 14:00:00+00:00,94.0,486.4,874.1999999999999
2023-11-27 15:00:00+00:00,104.83,305.8,798.5
2023-11-27 16:00:00+00:00,123.74,87.8,864.1
2023-11-27 17:00:00+00:00,128.9,0.8,975.5
2023-11-27 18:00:00+00:00,127.33,0.1,907.3
2023-11-27 19:00:00+00:00,120.0,0.1,629.2
2023-11-27 20:00:00+00:00,111.01,0.2,466.59999999999997
2023-11-27 21:00:00+00:00,100.0,0.2,400.6
2023-11-27 22:00:00+00:00,85.11,0.2,345.3
2023-11-27 23:00:00+00:00,77.74,0.1,392.0
2023-11-28 00:00:00+00:00,70.49,0.0,468.1
2023-11-28 01:00:00+00:00,67.47,0.0,437.8
2023-11-28 02:00:00+00:00,64.47,0.0,556.9
2023-11-28 03:00:00+00:00,68.29,0.0,694.5
2023-11-28 04:00:00+00:00,80.15,0.0,830.4
2023-11-28 05:00:00+00:00,95.5,0.0,925.1
2023-11-28 06:00:00+00:00,118.38,0.1,738.1
2023-11-28 07:00:00+00:00,128.42,5.0,734.2
2023-11-28 08:00:00+00:00,128.01,102.4,589.7
2023-11-28 09:00:00+00:00,118.38,261.0,544.3
2023-11-28 10:00:00+00:00,114.0,436.9,569.1
2023-11-28 11:00:00+00:00,109.12,602.1,651.0
2023-11-28 12:00:00+00:00,99.0,600.6,766.9
2023-11-28 13:00:00+00:00,97.5,569.8,899.9000000000001
2023-11-28 14:00:00+00:00,107.69,381.9,1205.8
2023-11-28 15:00:00+00:00,120.0,297.1,1416.8999999999999
2023-11-28 16:00:00+00:00,130.11,86.5,1558.3999999999999
2023-11-28 17:00:00+00:00,144.81,1.5,1602.3
2023-11-28 18:00:00+00:00,161.99,0.2,1760.1
2023-11-28 19:00:00+00:00,140.98,0.2,1965.8
2023-11-28 20:00:00+00:00,129.3,0.2,1827.6
2023-11-28 21:00:00+00:00,119.76,0.2,1727.9
2023-11-28 22:00:00+00:00,109.08,0.2,1851.2
2023-11-28 23:00:00+00:00,92.07,0.1,1923.1000000000001
2023-11-29 00:00:00+00:00,90.1,0.0,1909.7
2023-11-29 01:00:00+00:00,90.2,0.0,1930.5
2023-11-29 02:00:00+00:00,85.0,0.0,1965.5
2023-11-29 03:00:00+00:00,79.84,0.0,2053.3
2023-11-29 04:00:00+00:00,81.1,0.0,2216.7
2023-11-29 05:00:00+00:00,90.1,0.0,2276.8
2023-11-29 06:00:00+00:00,92.5,0.1,2412.7
2023-11-29 07:00:00+00:00,95.16,7.1,2545.3
2023-11-29 08:00:00+00:00,94.73,132.6,2684.7
2023-11-29 09:00:00+00:00,92.0,414.2,2804.6
2023-11-29 10:00:00+00:00,80.0,690.5,2895.7000000000003
2023-11-29 11:00:00+00:00,65.0,718.3,3029.2
2023-11-29 12:00:00+00:00,60.0,742.7,3269.5
2023-11-29 13:00:00+00:00,57.79,640.3,3465.7999999999997
2023-11-29 14:00:00+00:00,59.3,604.9,3490.7000000000003
2023-11-29 15:00:00+00:00,69.54,360.5,3548.9
2023-11-29 16:00:00+00:00,92.0,98.0,3499.7000000000003
2023-11-29 17:00:00+00:00,97.97,0.9,3510.5
2023-11-29 18:00:00+00:00,96.35,0.2,3522.4
2023-11-29 19:00:00+00:00,100.28,0.1,3525.7000000000003
2023-11-29 20:00:00+00:00,97.97,0.1,3367.0
2023-11-29 21:00:00+00:00,93.1,0.1,3257.3
2023-11-29 22:00:00+00:00,88.01,0.1,3054.8
2023-11-29 23:00:00+00:00,72.39,0.1,2829.4
2023-11-30 00:00:00+00:00,64.5,0.0,2614.9
2023-11-30 01:00:00+00:00,59.79,0.0,2358.2
2023-11-30 02:00:00+00:00,59.3,0.0,2383.7
2023-11-30 03:00:00+00:00,59.01,0.0,2338.9
2023-11-30 04:00:00+00:00,59.99,0.0,2222.9
2023-11-30 05:00:00+00:00,71.95,0.0,2281.6000000000004
2023-11-30 06:00:00+00:00,100.0,0.0,2247.4
2023-11-30 07:00:00+00:00,99.17,5.1,2166.2000000000003
2023-11-30 08:00:00+00:00,100.0,89.6,2240.0
2023-11-30 09:00:00+00:00,101.48,177.1,2367.5
2023-11-30 10:00:00+00:00,99.17,246.9,2449.7999999999997
2023-11-30 11:00:00+00:00,101.48,325.5,2486.2
2023-11-30 12:00:00+00:00,103.0,321.8,2206.6
2023-11-30 13:00:00+00:00,103.0,289.6,1414.7
2023-11-30 14:00:00+00:00,101.48,218.2,1008.4
2023-11-30 15:00:00+00:00,113.51,107.3,1119.8999999999999
2023-11-30 16:00:00+00:00,115.0,19.6,1544.0
2023-11-30 17:00:00+00:00,125.01,0.2,1833.1999999999998
2023-11-30 18:00:00+00:00,145.0,0.1,1968.1000000000001
2023-11-30 19:00:00+00:00,150.2,0.1,2211.1
2023-11-30 20:00:00+00:00,132.66,0.1,2274.5
2023-11-30 21:00:00+00:00,104.34,0.2,2196.0
2023-11-30 22:00:00+00:00,113.51,0.1,1926.3999999999999
2023-11-30 23:00:00+00:00,106.91,0.1,1430.1999999999998
2023-12-01 00:00:00+00:00,102.63,0.0,1393.6
2023-12-01 01:00:00+00:00,99.1,0.0,1745.6000000000001
2023-12-01 02:00:00+00:00,95.88,0.0,1712.7
2023-12-01 03:00:00+00:00,96.07,0.0,1548.1
2023-12-01 04:00:00+00:00,102.22,0.0,1524.0
2023-12-01 05:00:00+00:00,94.19,0.0,1505.5
2023-12-01 06:00:00+00:00,113.41,0.0,1541.4
2023-12-01 07:00:00+00:00,113.07,4.2,1412.3000000000002
2023-12-01 08:00:00+00:00,116.11,211.0,1165.1999999999998
2023-12-01 09:00:00+00:00,109.48,746.0,945.1
2023-12-01 10:00:00+00:00,96.07,1102.0,826.6
2023-12-01 11:00:00+00:00,91.89,1085.7,904.5
2023-12-01 12:00:00+00:00,82.9,1013.5,1115.5
2023-12-01 13:00:00+00:00,77.93,917.5,1495.5
2023-12-01 14:00:00+00:00,65.0,797.9,1897.6000000000001
2023-12-01 15:00:00+00:00,77.93,633.3,2004.9
2023-12-01 16:00:00+00:00,92.1,173.9,2032.8
2023-12-01 17:00:00+00:00,98.4,1.8,2167.1
2023-12-01 18:00:00+00:00,107.0,0.1,2091.7
2023-12-01 19:00:00+00:00,107.17,0.1,1869.1
2023-12-01 20:00:00+00:00,105.0,0.1,1605.5
2023-12-01 21:00:00+00:00,98.4,0.1,1511.0
2023-12-01 22:00:00+00:00,86.1,0.1,1307.0
2023-12-01 23:00:00+00:00,64.25,0.1,1047.9
2023-12-02 00:00:00+00:00,57.0,0.0,765.8
2023-12-02 01:00:00+00:00,59.4,0.0,619.9
2023-12-02 02:00:00+00:00,57.5,0.0,585.4
2023-12-02 03:00:00+00:00,65.0,0.0,506.7
2023-12-02 04:00:00+00:00,65.5,0.0,485.6
2023-12-02 05:00:00+00:00,67.99,0.0,488.4
2023-12-02 06:00:00+00:00,85.33,0.0,438.5
2023-12-02 07:00:00+00:00,97.67,15.0,357.7
2023-12-02 08:00:00+00:00,88.31,248.8,268.0
2023-12-02 09:00:00+00:00,67.5,671.2,124.2
2023-12-02 10:00:00+00:00,60.0,1046.9,59.7
2023-12-02 11:00:00+00:00,57.0,1144.7,50.3
2023-12-02 12:00:00+00:00,57.5,1117.5,76.4
2023-12-02 13:00:00+00:00,56.0,1131.1,120.7
2023-12-02 14:00:00+00:00,57.5,912.6,161.4
2023-12-02 15:00:00+00:00,67.9,674.5,229.0
2023-12-02 16:00:00+00:00,105.03,208.8,281.6
2023-12-02 17:00:00+00:00,116.36,1.7,204.2
2023-12-02 18:00:00+00:00,129.64,0.1,144.3
2023-12-02 19:00:00+00:00,122.63,0.2,70.39999999999999
2023-12-02 20:00:00+00:00,116.83,0.1,52.400000000000006
2023-12-02 21:00:00+00:00,112.78,0.1,47.1
2023-12-02 22:00:00+00:00,110.0,0.1,80.1
2023-12-02 23:00:00+00:00,97.67,0.1,166.9
2023-12-03 00:00:00+00:00,92.0,0.0,278.5
2023-12-03 01:00:00+00:00,87.62,0.0,377.1
2023-12-03 02:00:00+00:00,88.57,0.0,501.6
2023-12-03 03:00:00+00:00,87.02,0.0,608.4
2023-12-03 04:00:00+00:00,82.99,0.0,779.6
2023-12-03 05:00:00+00:00,79.0,0.0,946.1
2023-12-03 06:00:00+00:00,80.0,0.0,1077.5
2023-12-03 07:00:00+00:00,80.0,14.3,1372.1000000000001
2023-12-03 08:00:00+00:00,85.0,293.7,1793.7
2023-12-03 09:00:00+00:00,61.5,661.3,2122.1
2023-12-03 10:00:00+00:00,60.1,834.2,2399.1
2023-12-03 11:00:00+00:00,60.0,835.9,2430.9
2023-12-03 12:00:00+00:00,60.1,805.9,2490.5
2023-12-03 13:00:00+00:00,60.1,728.9,2516.2
2023-12-03 14:00:00+00:00,60.1,518.4,2690.0
2023-12-03 15:00:00+00:00,75.0,333.2,2803.3
2023-12-03 16:00:00+00:00,95.0,96.9,3119.8
2023-12-03 17:00:00+00:00,88.0,0.8,3463.9
2023-12-03 18:00:00+00:00,94.95,0.0,4014.5
2023-12-03 19:00:00+00:00,96.0,0.0,4329.5
2023-12-03 20:00:00+00:00,89.0,0.1,4471.2
2023-12-03 21:00:00+00:00,80.5,0.1,4482.8
2023-12-03 22:00:00+00:00,77.93,0.1,4304.5
2023-12-03 23:00:00+00:00,58.1,0.1,3749.4
2023-12-04 00:00:00+00:00,57.4,0.0,3078.8999999999996
2023-12-04 01:00:00+00:00,50.0,0.0,2952.6
2023-12-04 02:00:00+00:00,48.52,0.0,2994.4
2023-12-04 03:00:00+00:00,45.1,0.0,3112.4
2023-12-04 04:00:00+00:00,50.0,0.0,3305.6
2023-12-04 05:00:00+00:00,60.5,0.0,3228.8999999999996
2023-12-04 06:00:00+00:00,87.38,0.1,2997.3999999999996
2023-12-04 07:00:00+00:00,89.81,2.4,2788.7999999999997
2023-12-04 08:00:00+00:00,88.57,95.9,2572.4
2023-12-04 09:00:00+00:00,82.3,337.1,2275.2999999999997
2023-12-04 10:00:00+00:00,72.0,601.4,2179.3999999999996
2023-12-04 11:00:00+00:00,65.14,810.3,2267.3999999999996
2023-12-04 12:00:00+00:00,60.1,817.7,2173.2000000000003
2023-12-04 13:00:00+00:00,59.5,729.3,2310.5
2023-12-04 14:00:00+00:00,60.39,600.7,2361.5
2023-12-04 15:00:00+00:00,70.0,335.4,2308.2
2023-12-04 16:00:00+00:00,97.73,84.0,2164.1
2023-12-04 17:00:00+00:00,115.91,1.1,1946.5
2023-12-04 18:00:00+00:00,123.02,0.2,1770.3
2023-12-04 19:00:00+00:00,115.0,0.2,1582.2
2023-12-04 20:00:00+00:00,105.55,0.2,1480.7
2023-12-04 21:00:00+00:00,100.0,0.3,1414.0
2023-12-04 22:00:00+00:00,91.76,0.2,1177.1
2023-12-04 23:00:00+00:00,90.85,0.1,927.8
2023-12-05 00:00:00+00:00,88.01,0.0,684.6
2023-12-05 01:00:00+00:00,85.73,0.0,768.0
2023-12-05 02:00:00+00:00,83.62,0.0,939.5
2023-12-05 03:00:00+00:00,84.71,0.0,1101.9
2023-12-05 04:00:00+00:00,91.02,0.0,1199.6999999999998
2023-12-05 05:00:00+00:00,108.0,0.0,1260.3999999999999
2023-12-05 06:00:00+00:00,113.96,0.1,1382.4
2023-12-05 07:00:00+00:00,119.49,1.1,1601.1
2023-12-05 08:00:00+00:00,122.38,52.9,1940.8
2023-12-05 09:00:00+00:00,120.55,142.1,2306.0
2023-12-05 10:00:00+00:00,115.3,209.0,2715.0
2023-12-05 11:00:00+00:00,116.1,241.9,2610.8
2023-12-05 12:00:00+00:00,116.1,257.0,2284.9
2023-12-05 13:00:00+00:00,115.25,186.3,1889.0
2023-12-05 14:00:00+00:00,115.25,128.9,1724.7
2023-12-05 15:00:00+00:00,128.0,81.0,1788.5
2023-12-05 16:00:00+00:00,133.48,19.6,1986.5
2023-12-05 17:00:00+00:00,147.47,0.1,2186.2999999999997
2023-12-05 18:00:00+00:00,141.56,0.1,2739.0
2023-12-05 19:00:00+00:00,128.63,0.1,2994.7
2023-12-05 20:00:00+00:00,117.83,0.1,3154.4
2023-12-05 21:00:00+00:00,111.55,0.2,2553.7
2023-12-05 22:00:00+00:00,103.28,0.1,2015.7
2023-12-05 23:00:00+00:00,94.97,0.1,1716.2
2023-12-06 00:00:00+00:00,93.1,0.0,1412.4
2023-12-06 01:00:00+00:00,92.57,0.0,1154.1
2023-12-06 02:00:00+00:00,90.96,0.0,951.5
2023-12-06 03:00:00+00:00,90.59,0.0,708.4
2023-12-06 04:00:00+00:00,93.89,0.0,670.6
2023-12-06 05:00:00+00:00,92.0,0.0,695.9
2023-12-06 06:00:00+00:00,105.55,0.1,608.3000000000001
2023-12-06 07:00:00+00:00,108.33,6.0,643.0
2023-12-06 08:00:00+00:00,112.57,194.5,593.8000000000001
2023-12-06 09:00:00+00:00,109.07,442.9,480.8
2023-12-06 10:00:00+00:00,105.55,583.4,333.09999999999997
2023-12-06 11:00:00+00:00,105.55,658.3,255.3
2023-12-06 12:00:00+00:00,106.88,594.3,213.4
2023-12-06 13:00:00+00:00,107.03,587.5,219.9
2023-12-06 14:00:00+00:00,108.25,500.7,297.1
2023-12-06 15:00:00+00:00,112.25,315.9,336.2
2023-12-06 16:00:00+00:00,114.3,69.0,531.6999999999999
2023-12-06 17:00:00+00:00,120.87,0.6,756.6999999999999
2023-12-06 18:00:00+00:00,125.96,0.2,944.4
2023-12-06 19:00:00+00:00,129.91,0.2,1134.1000000000001
2023-12-06 20:00:00+00:00,115.68,0.2,1501.8999999999999
2023-12-06 21:00:00+00:00,107.33,0.3,1868.6000000000001
2023-12-06 22:00:00+00:00,100.0,0.2,2140.0
2023-12-06 23:00:00+00:00,95.0,0.1,2361.0
2023-12-07 00:00:00+00:00,91.46,0.0,2407.7
2023-12-07 01:00:00+00:00,89.0,0.0,2520.0
2023-12-07 02:00:00+00:00,74.8,0.0,2553.6
2023-12-07 03:00:00+00:00,70.0,0.0,2783.7
2023-12-07 04:00:00+00:00,70.0,0.0,2901.4
2023-12-07 05:00:00+00:00,81.1,0.0,2951.8
2023-12-07 06:00:00+00:00,95.0,0.1,3216.2
2023-12-07 07:00:00+00:00,95.0,5.2,3466.6
2023-12-07 08:00:00+00:00,91.46,79.5,3531.4
2023-12-07 09:00:00+00:00,81.1,196.6,3623.4
2023-12-07 10:00:00+00:00,75.0,352.0,3477.4
2023-12-07 11:00:00+00:00,81.92,441.9,3379.6
2023-12-07 12:00:00+00:00,84.36,361.7,3512.5
2023-12-07 13:00:00+00:00,75.01,279.1,3691.5
2023-12-07 14:00:00+00:00,82.44,199.5,3427.7000000000003
2023-12-07 15:00:00+00:00,85.0,101.9,2537.8
2023-12-07 16:00:00+00:00,93.12,16.6,2375.0
2023-12-07 17:00:00+00:00,93.5,0.3,2593.0
2023-12-07 18:00:00+00:00,93.41,0.2,2975.1
2023-12-07 19:00:00+00:00,92.54,0.2,2972.5
2023-12-07 20:00:00+00:00,94.14,0.1,2504.6000000000004
2023-12-07 21:00:00+00:00,92.4,0.2,2672.2999999999997
2023-12-07 22:00:00+00:00,65.0,0.1,3312.4
2023-12-07 23:00:00+00:00,37.94,0.1,3747.5
2023-12-08 00:00:00+00:00,16.66,0.0,3471.5
2023-12-08 01:00:00+00:00,14.72,0.0,3736.2
2023-12-08 02:00:00+00:00,4.3,0.0,3754.2
2023-12-08 03:00:00+00:00,4.3,0.0,3857.8
2023-12-08 04:00:00+00:00,4.3,0.0,3660.5
2023-12-08 05:00:00+00:00,4.3,0.0,3126.0
2023-12-08 06:00:00+00:00,5.0,0.0,2744.5
2023-12-08 07:00:00+00:00,14.81,6.5,2758.5
2023-12-08 08:00:00+00:00,14.0,213.7,2617.2999999999997
2023-12-08 09:00:00+00:00,5.0,637.9,2173.1
2023-12-08 10:00:00+00:00,4.3,1036.1,1464.1999999999998
2023-12-08 11:00:00+00:00,4.3,1057.1,895.5
2023-12-08 12:00:00+00:00,4.3,943.0,719.5
2023-12-08 13:00:00+00:00,4.3,749.3,578.9
2023-12-08 14:00:00+00:00,4.3,586.6,787.5999999999999
2023-12-08 15:00:00+00:00,16.66,400.3,989.9
2023-12-08 16:00:00+00:00,39.98,100.2,1155.3
2023-12-08 17:00:00+00:00,47.5,0.8,1282.6
2023-12-08 18:00:00+00:00,62.29,0.1,1447.1999999999998
2023-12-08 19:00:00+00:00,63.37,0.1,1360.0
2023-12-08 20:00:00+00:00,58.0,0.1,1595.4
2023-12-08 21:00:00+00:00,46.5,0.1,2059.7
2023-12-08 22:00:00+00:00,41.6,0.1,2345.5
2023-12-08 23:00:00+00:00,41.0,0.1,2480.7999999999997
2023-12-09 00:00:00+00:00,30.57,0.0,2554.7
2023-12-09 01:00:00+00:00,20.87,0.0,2799.2000000000003
2023-12-09 02:00:00+00:00,18.37,0.0,2930.2000000000003
2023-12-09 03:00:00+00:00,16.66,0.0,2972.4
2023-12-09 04:00:00+00:00,16.66,0.0,3038.1
2023-12-09 05:00:00+00:00,18.3,0.0,3241.1
2023-12-09 06:00:00+00:00,20.0,0.0,3349.0
2023-12-09 07:00:00+00:00,30.0,3.6,3419.9
2023-12-09 08:00:00+00:00,32.95,139.5,3451.7
2023-12-09 09:00:00+00:00,21.0,351.8,3452.8
2023-12-09 10:00:00+00:00,18.47,544.5,3404.0
2023-12-09 11:00:00+00:00,18.37,685.2,3199.7
2023-12-09 12:00:00+00:00,18.47,705.3,3126.6
2023-12-09 13:00:00+00:00,18.47,640.3,2932.5
2023-12-09 14:00:00+00:00,21.25,476.7,2603.2999999999997
2023-12-09 15:00:00+00:00,40.0,307.7,2227.6
2023-12-09 16:00:00+00:00,60.0,86.4,1936.2
2023-12-09 17:00:00+00:00,76.0,0.8,1797.0
2023-12-09 18:00:00+00:00,76.27,0.2,1731.7
2023-12-09 19:00:00+00:00,68.43,0.2,1552.7
2023-12-09 20:00:00+00:00,63.26,0.2,1528.4
2023-12-09 21:00:00+00:00,57.87,0.1,1552.2
2023-12-09 22:00:00+00:00,46.18,0.1,1617.8999999999999
2023-12-09 23:00:00+00:00,35.45,0.1,1659.9
2023-12-10 00:00:00+00:00,22.21,0.0,1654.9
2023-12-10 01:00:00+00:00,18.53,0.0,1606.8
2023-12-10 02:00:00+00:00,18.53,0.0,1592.8000000000002
2023-12-10 03:00:00+00:00,18.53,0.0,1552.8
2023-12-10 04:00:00+00:00,18.53,0.0,1791.0
2023-12-10 05:00:00+00:00,24.32,0.0,1909.2
2023-12-10 06:00:00+00:00,42.1,0.0,2008.5
2023-12-10 07:00:00+00:00,45.5,3.7,1794.0
2023-12-10 08:00:00+00:00,45.1,134.6,1544.8000000000002
2023-12-10 09:00:00+00:00,42.1,388.3,1389.8
2023-12-10 10:00:00+00:00,42.0,596.1,1429.1
2023-12-10 11:00:00+00:00,39.1,718.9,1440.8999999999999
2023-12-10 12:00:00+00:00,39.99,707.7,1514.5
2023-12-10 13:00:00+00:00,39.0,699.8,1592.3999999999999
2023-12-10 14:00:00+00:00,36.6,667.6,1687.7
2023-12-10 15:00:00+00:00,45.0,489.1,1862.7
2023-12-10 16:00:00+00:00,50.0,148.9,1956.5
2023-12-10 17:00:00+00:00,57.06,1.6,1848.8
2023-12-10 18:00:00+00:00,62.4,0.0,1807.2
2023-12-10 19:00:00+00:00,55.4,0.0,1707.8999999999999
2023-12-10 20:00:00+00:00,50.0,0.1,1749.3000000000002
2023-12-10 21:00:00+00:00,47.0,0.1,1771.3
2023-12-10 22:00:00+00:00,45.5,0.1,1672.2
2023-12-10 23:00:00+00:00,35.0,0.1,1729.1
2023-12-11 00:00:00+00:00,16.66,0.0,1683.2
2023-12-11 01:00:00+00:00,13.98,0.0,1567.3000000000002
2023-12-11 02:00:00+00:00,10.0,0.0,1592.5
2023-12-11 03:00:00+00:00,13.24,0.0,1647.1
2023-12-11 04:00:00+00:00,37.02,0.0,1658.9
2023-12-11 05:00:00+00:00,66.01,0.0,1711.4
2023-12-11 06:00:00+00:00,86.82,0.1,1703.5
2023-12-11 07:00:00+00:00,101.65,7.3,1849.1000000000001
2023-12-11 08:00:00+00:00,91.5,197.5,1890.5
2023-12-11 09:00:00+00:00,84.73,560.0,1700.8999999999999
2023-12-11 10:00:00+00:00,77.78,849.3,1453.3
2023-12-11 11:00:00+00:00,74.88,897.5,1536.3999999999999
2023-12-11 12:00:00+00:00,74.01,906.0,1612.7
2023-12-11 13:00:00+00:00,77.59,789.4,1754.3
2023-12-11 14:00:00+00:00,83.13,605.6,1904.7
2023-12-11 15:00:00+00:00,86.1,364.8,2007.5
2023-12-11 16:00:00+00:00,117.61,95.0,2116.8
2023-12-11 17:00:00+00:00,123.57,0.9,2291.1
2023-12-11 18:00:00+00:00,122.01,0.2,2137.4
2023-12-11 19:00:00+00:00,114.41,0.2,2243.2
2023-12-11 20:00:00+00:00,99.97,0.2,2244.7000000000003
2023-12-11 21:00:00+00:00,96.6,0.3,2288.2
2023-12-11 22:00:00+00:00,86.82,0.1,2188.4
2023-12-11 23:00:00+00:00,66.01,0.1,2301.4
2023-12-12 00:00:00+00:00,66.01,0.0,2269.7000000000003
2023-12-12 01:00:00+00:00,52.24,0.0,2249.7000000000003
2023-12-12 02:00:00+00:00,50.0,0.0,2246.7
2023-12-12 03:00:00+00:00,49.0,0.0,2237.0
2023-12-12 04:00:00+00:00,51.73,0.0,2359.0
2023-12-12 05:00:00+00:00,60.0,0.0,2285.1
2023-12-12 06:00:00+00:00,73.0,0.1,2258.8
2023-12-12 07:00:00+00:00,77.0,2.8,2451.0
2023-12-12 08:00:00+00:00,75.0,103.6,2727.2000000000003
2023-12-12 09:00:00+00:00,74.28,336.9,2573.3999999999996
2023-12-12 10:00:00+00:00,70.21,572.5,2592.2000000000003
2023-12-12 11:00:00+00:00,60.0,688.5,2313.0
2023-12-12 12:00:00+00:00,52.76,814.1,2535.0
2023-12-12 13:00:00+00:00,53.99,772.5,2734.3
2023-12-12 14:00:00+00:00,70.2,631.3,2749.1
2023-12-12 15:00:00+00:00,84.82,369.9,2818.1
2023-12-12 16:00:00+00:00,82.1,99.6,2986.1
2023-12-12 17:00:00+00:00,91.01,1.5,2981.5
2023-12-12 18:00:00+00:00,92.13,0.1,2581.0
2023-12-12 19:00:00+00:00,90.88,0.1,2579.4
2023-12-12 20:00:00+00:00,84.1,0.2,2649.8
2023-12-12 21:00:00+00:00,77.0,0.2,2796.0
2023-12-12 22:00:00+00:00,66.01,0.2,3005.4
2023-12-12 23:00:00+00:00,50.0,0.1,2992.8
2023-12-13 00:00:00+00:00,44.99,0.0,3141.2999999999997
2023-12-13 01:00:00+00:00,42.24,0.0,3227.0
2023-12-13 02:00:00+00:00,40.7,0.0,3174.7
2023-12-13 03:00:00+00:00,39.98,0.0,3185.5
2023-12-13 04:00:00+00:00,40.7,0.0,3175.6000000000004
2023-12-13 05:00:00+00:00,44.63,0.0,3159.4
2023-12-13 06:00:00+00:00,47.0,0.1,3050.0
2023-12-13 07:00:00+00:00,71.0,1.4,3052.7000000000003
2023-12-13 08:00:00+00:00,77.9,90.9,3084.4
2023-12-13 09:00:00+00:00,60.1,394.8,2898.3
2023-12-13 10:00:00+00:00,45.1,695.7,2853.6
2023-12-13 11:00:00+00:00,43.6,994.4,2947.9
2023-12-13 12:00:00+00:00,42.24,1169.9,3015.7
2023-12-13 13:00:00+00:00,40.72,1136.0,2973.2
2023-12-13 14:00:00+00:00,42.24,919.2,2860.3999999999996
2023-12-13 15:00:00+00:00,48.85,628.2,2640.9
2023-12-13 16:00:00+00:00,74.88,178.5,2549.3999999999996
2023-12-13 17:00:00+00:00,80.0,2.1,2331.7
2023-12-13 18:00:00+00:00,87.9,0.1,2273.2
2023-12-13 19:00:00+00:00,90.1,0.1,2317.9
2023-12-13 20:00:00+00:00,85.01,0.2,2544.8
2023-12-13 21:00:00+00:00,71.04,0.2,2485.5
2023-12-13 22:00:00+00:00,64.0,0.1,2316.5
2023-12-13 23:00:00+00:00,55.0,0.1,2478.4
2023-12-14 00:00:00+00:00,50.5,0.0,2598.7
2023-12-14 01:00:00+00:00,49.24,0.0,2532.1000000000004
2023-12-14 02:00:00+00:00,49.24,0.0,2438.4
2023-12-14 03:00:00+00:00,49.0,0.0,2427.0
2023-12-14 04:00:00+00:00,50.0,0.0,2417.9
2023-12-14 05:00:00+00:00,57.0,0.0,2313.1
2023-12-14 06:00:00+00:00,75.0,0.1,2052.0
2023-12-14 07:00:00+00:00,85.0,5.4,1949.1
2023-12-14 08:00:00+00:00,65.0,272.5,1928.2
2023-12-14 09:00:00+00:00,51.0,853.1,1509.3000000000002
2023-12-14 10:00:00+00:00,48.57,1246.1,1178.8000000000002
2023-12-14 11:00:00+00:00,49.24,1415.7,868.4000000000001
2023-12-14 12:00:00+00:00,49.24,1464.3,638.0
2023-12-14 13:00:00+00:00,49.24,1419.8,430.59999999999997
2023-12-14 14:00:00+00:00,51.0,1226.9,357.1
2023-12-14 15:00:00+00:00,62.38,812.7,429.3
2023-12-14 16:00:00+00:00,89.68,232.9,674.0
2023-12-14 17:00:00+00:00,102.37,2.3,1168.7
2023-12-14 18:00:00+00:00,103.15,0.1,1655.3
2023-12-14 19:00:00+00:00,102.37,0.1,2022.1
2023-12-14 20:00:00+00:00,96.2,0.2,2194.0
2023-12-14 21:00:00+00:00,92.64,0.2,2322.3
2023-12-14 22:00:00+00:00,85.57,0.1,2310.6
2023-12-14 23:00:00+00:00,86.04,0.1,2279.8999999999996
2023-12-15 00:00:00+00:00,82.85,0.0,2210.7000000000003
2023-12-15 01:00:00+00:00,80.0,0.0,2215.2999999999997
2023-12-15 02:00:00+00:00,76.44,0.0,2512.1
2023-12-15 03:00:00+00:00,75.16,0.0,2870.4
2023-12-15 04:00:00+00:00,78.97,0.0,3262.2999999999997
2023-12-15 05:00:00+00:00,83.0,0.0,3443.9
2023-12-15 06:00:00+00:00,90.98,0.1,3494.3
2023-12-15 07:00:00+00:00,90.0,6.1,3419.8
2023-12-15 08:00:00+00:00,76.44,264.2,3351.1
2023-12-15 09:00:00+00:00,58.0,830.2,3097.0
2023-12-15 10:00:00+00:00,54.12,1210.7,2680.8
2023-12-15 11:00:00+00:00,54.0,1372.2,2283.4
2023-12-15 12:00:00+00:00,50.98,1412.3,2042.6
2023-12-15 13:00:00+00:00,50.24,1332.6,1972.2
2023-12-15 14:00:00+00:00,51.47,1112.4,1658.2
2023-12-15 15:00:00+00:00,58.15,717.3,1698.7
2023-12-15 16:00:00+00:00,80.5,216.8,2088.0
2023-12-15 17:00:00+00:00,90.0,2.6,2771.4
2023-12-15 18:00:00+00:00,90.93,0.2,3170.0
2023-12-15 19:00:00+00:00,90.3,0.2,3520.8
2023-12-15 20:00:00+00:00,88.36,0.2,3605.5
2023-12-15 21:00:00+00:00,82.89,0.3,3646.0
2023-12-15 22:00:00+00:00,76.71,0.1,3722.1
2023-12-15 23:00:00+00:00,67.2,0.1,3828.9
2023-12-16 00:00:00+00:00,63.21,0.0,3795.2999999999997
2023-12-16 01:00:00+00:00,60.37,0.0,3743.4
2023-12-16 02:00:00+00:00,58.0,0.0,3870.5
2023-12-16 03:00:00+00:00,54.1,0.0,3885.1000000000004
2023-12-16 04:00:00+00:00,55.64,0.0,3718.6
2023-12-16 05:00:00+00:00,59.34,0.0,3559.1
2023-12-16 06:00:00+00:00,65.1,0.0,3189.3
2023-12-16 07:00:00+00:00,79.89,5.1,2830.6000000000004
2023-12-16 08:00:00+00:00,85.5,284.3,2562.4
2023-12-16 09:00:00+00:00,82.43,888.9,2199.5
2023-12-16 10:00:00+00:00,76.37,1288.7,1680.5
2023-12-16 11:00:00+00:00,71.92,1470.4,1320.0
2023-12-16 12:00:00+00:00,70.8,1525.3,1095.8
2023-12-16 13:00:00+00:00,75.74,1482.7,866.4
2023-12-16 14:00:00+00:00,80.5,1299.2,750.5
2023-12-16 15:00:00+00:00,84.33,868.8,776.5
2023-12-16 16:00:00+00:00,93.38,253.5,941.6
2023-12-16 17:00:00+00:00,101.98,2.8,1067.1
2023-12-16 18:00:00+00:00,104.34,0.1,1106.1
2023-12-16 19:00:00+00:00,105.0,0.1,1219.0
2023-12-16 20:00:00+00:00,104.81,0.2,1122.1000000000001
2023-12-16 21:00:00+00:00,101.62,0.3,973.0
2023-12-16 22:00:00+00:00,99.9,0.1,975.3
2023-12-16 23:00:00+00:00,92.96,0.1,944.2
2023-12-17 00:00:00+00:00,81.6,0.0,920.0
2023-12-17 01:00:00+00:00,70.64,0.0,964.9
2023-12-17 02:00:00+00:00,70.0,0.0,863.2
2023-12-17 03:00:00+00:00,69.4,0.0,802.5
2023-12-17 04:00:00+00:00,68.15,0.0,786.1
2023-12-17 05:00:00+00:00,69.4,0.0,762.2
2023-12-17 06:00:00+00:00,70.1,0.0,795.9
2023-12-17 07:00:00+00:00,75.0,4.6,872.2
2023-12-17 08:00:00+00:00,68.1,264.7,816.4
2023-12-17 09:00:00+00:00,54.43,861.3,692.1
2023-12-17 10:00:00+00:00,49.0,1273.9,388.6
2023-12-17 11:00:00+00:00,43.71,1451.0,148.0
2023-12-17 12:00:00+00:00,46.5,1497.7,84.9
2023-12-17 13:00:00+00:00,47.5,1435.1,79.7
2023-12-17 14:00:00+00:00,58.12,1243.7,50.9
2023-12-17 15:00:00+00:00,67.0,832.2,26.7
2023-12-17 16:00:00+00:00,92.96,246.2,42.1
2023-12-17 17:00:00+00:00,105.47,2.9,78.6
2023-12-17 18:00:00+00:00,107.05,0.1,142.5
2023-12-17 19:00:00+00:00,114.06,0.1,219.9
2023-12-17 20:00:00+00:00,110.34,0.2,354.3
2023-12-17 21:00:00+00:00,103.28,0.3,569.7
2023-12-17 22:00:00+00:00,95.9,0.1,616.4
2023-12-17 23:00:00+00:00,81.6,0.1,530.8
2023-12-18 00:00:00+00:00,80.0,0.0,509.7
2023-12-18 01:00:00+00:00,76.85,0.0,684.1
2023-12-18 02:00:00+00:00,75.54,0.0,852.0
2023-12-18 03:00:00+00:00,75.1,0.0,1016.0
2023-12-18 04:00:00+00:00,76.22,0.0,1039.3
2023-12-18 05:00:00+00:00,84.79,0.0,846.6
2023-12-18 06:00:00+00:00,105.21,0.0,593.9
2023-12-18 07:00:00+00:00,109.97,3.9,470.8
2023-12-18 08:00:00+00:00,105.21,236.6,434.6
2023-12-18 09:00:00+00:00,89.03,769.8,374.5
2023-12-18 10:00:00+00:00,81.17,1152.3,229.8
2023-12-18 11:00:00+00:00,74.89,1333.3,106.9
2023-12-18 12:00:00+00:00,75.16,1383.2,32.2
2023-12-18 13:00:00+00:00,81.75,1338.0,24.3
2023-12-18 14:00:00+00:00,84.3,1184.2,14.5
2023-12-18 15:00:00+00:00,95.83,787.9,16.2
2023-12-18 16:00:00+00:00,108.32,237.8,26.8
2023-12-18 17:00:00+00:00,119.47,2.9,41.800000000000004
2023-12-18 18:00:00+00:00,150.0,0.1,75.3
2023-12-18 19:00:00+00:00,174.0,0.1,121.5
2023-12-18 20:00:00+00:00,129.47,0.2,138.5
2023-12-18 21:00:00+00:00,110.0,0.2,113.6
2023-12-18 22:00:00+00:00,105.71,0.1,110.3
2023-12-18 23:00:00+00:00,94.28,0.1,121.2
2023-12-19 00:00:00+00:00,90.54,0.0,88.69999999999999
2023-12-19 01:00:00+00:00,79.14,0.0,104.60000000000001
2023-12-19 02:00:00+00:00,75.0,0.0,115.5
2023-12-19 03:00:00+00:00,71.05,0.0,126.2
2023-12-19 04:00:00+00:00,75.0,0.0,102.8
2023-12-19 05:00:00+00:00,91.0,0.0,95.0
2023-12-19 06:00:00+00:00,100.52,0.1,86.3
2023-12-19 07:00:00+00:00,109.58,3.7,94.4
2023-12-19 08:00:00+00:00,99.31,229.8,121.5
2023-12-19 09:00:00+00:00,86.1,750.5,156.1
2023-12-19 10:00:00+00:00,79.71,1099.0,204.9
2023-12-19 11:00:00+00:00,76.5,1308.1,244.8
2023-12-19 12:00:00+00:00,75.31,1378.7,325.1
2023-12-19 13:00:00+00:00,81.0,1339.2,416.1
2023-12-19 14:00:00+00:00,85.78,1163.8,643.8
2023-12-19 15:00:00+00:00,89.88,778.4,1002.6
2023-12-19 16:00:00+00:00,95.55,234.6,1560.8
2023-12-19 17:00:00+00:00,97.01,3.1,2226.7
2023-12-19 18:00:00+00:00,95.55,0.1,2712.8
2023-12-19 19:00:00+00:00,95.2,0.1,3066.9
2023-12-19 20:00:00+00:00,91.0,0.2,3064.7000000000003
2023-12-19 21:00:00+00:00,86.5,0.3,2974.9
2023-12-19 22:00:00+00:00,60.0,0.1,2821.5
2023-12-19 23:00:00+00:00,57.85,0.1,2590.2
2023-12-20 00:00:00+00:00,50.48,0.0,2678.1
2023-12-20 01:00:00+00:00,48.0,0.0,2887.1000000000004
2023-12-20 02:00:00+00:00,39.98,0.0,2877.2000000000003
2023-12-20 03:00:00+00:00,33.88,0.0,2901.2
2023-12-20 04:00:00+00:00,42.16,0.0,3003.2
2023-12-20 05:00:00+00:00,49.8,0.0,3165.4
2023-12-20 06:00:00+00:00,65.49,0.1,3372.3
2023-12-20 07:00:00+00:00,78.88,0.4,3377.6
2023-12-20 08:00:00+00:00,75.86,44.4,3350.3
2023-12-20 09:00:00+00:00,65.26,246.4,3141.0
2023-12-20 10:00:00+00:00,61.82,569.4,2743.0
2023-12-20 11:00:00+00:00,55.0,806.0,2524.5
2023-12-20 12:00:00+00:00,50.1,948.5,2423.6
2023-12-20 13:00:00+00:00,49.8,885.8,2264.1
2023-12-20 14:00:00+00:00,50.1,767.2,2080.6
2023-12-20 15:00:00+00:00,61.82,557.9,2099.1
2023-12-20 16:00:00+00:00,77.62,192.1,2176.0
2023-12-20 17:00:00+00:00,88.06,2.8,2495.0
2023-12-20 18:00:00+00:00,84.44,0.1,2699.9
2023-12-20 19:00:00+00:00,78.37,0.1,2770.2
2023-12-20 20:00:00+00:00,71.86,0.1,2682.0
2023-12-20 21:00:00+00:00,61.42,0.2,2543.1
2023-12-20 22:00:00+00:00,49.1,0.1,2561.6
2023-12-20 23:00:00+00:00,44.0,0.1,2654.3
2023-12-21 00:00:00+00:00,42.6,0.0,2625.8
2023-12-21 01:00:00+00:00,40.28,0.0,2662.6
2023-12-21 02:00:00+00:00,40.0,0.0,2673.1
2023-12-21 03:00:00+00:00,40.07,0.0,2448.1000000000004
2023-12-21 04:00:00+00:00,40.28,0.0,2530.1
2023-12-21 05:00:00+00:00,43.5,0.0,2678.0
2023-12-21 06:00:00+00:00,55.55,0.0,2739.4
2023-12-21 07:00:00+00:00,69.95,3.0,2604.0
2023-12-21 08:00:00+00:00,65.0,240.9,2482.3
2023-12-21 09:00:00+00:00,51.83,806.1,2339.8999999999996
2023-12-21 10:00:00+00:00,44.8,1199.3,2198.1
2023-12-21 11:00:00+00:00,42.18,1369.5,2070.3
2023-12-21 12:00:00+00:00,40.07,1423.2,1900.4
2023-12-21 13:00:00+00:00,40.07,1377.5,1476.4
2023-12-21 14:00:00+00:00,40.28,1198.1,1450.9
2023-12-21 15:00:00+00:00,45.1,812.5,1476.5
2023-12-21 16:00:00+00:00,68.0,249.9,1868.3000000000002
2023-12-21 17:00:00+00:00,71.83,3.6,2184.5
2023-12-21 18:00:00+00:00,74.34,0.1,2331.1
2023-12-21 19:00:00+00:00,74.61,0.1,2428.8
2023-12-21 20:00:00+00:00,71.71,0.2,2511.8
2023-12-21 21:00:00+00:00,68.0,0.3,2603.5
2023-12-21 22:00:00+00:00,65.47,0.1,2557.2
2023-12-21 23:00:00+00:00,44.8,0.1,2490.2
2023-12-22 00:00:00+00:00,43.1,0.0,2510.1000000000004
2023-12-22 01:00:00+00:00,41.0,0.0,2489.8
2023-12-22 02:00:00+00:00,36.5,0.0,2430.0
2023-12-22 03:00:00+00:00,27.79,0.0,2486.2000000000003
2023-12-22 04:00:00+00:00,38.0,0.0,2414.3999999999996
2023-12-22 05:00:00+00:00,44.1,0.0,2406.5
2023-12-22 06:00:00+00:00,61.1,0.1,2498.4
2023-12-22 07:00:00+00:00,71.34,3.1,2349.7000000000003
2023-12-22 08:00:00+00:00,61.2,242.3,2160.6
2023-12-22 09:00:00+00:00,45.0,806.5,2020.5
2023-12-22 10:00:00+00:00,42.6,1211.3,1831.6
2023-12-22 11:00:00+00:00,41.0,1392.8,1577.0
2023-12-22 12:00:00+00:00,40.0,1442.9,1423.0
2023-12-22 13:00:00+00:00,40.0,1405.6,1412.6
2023-12-22 14:00:00+00:00,42.6,1233.1,1605.2
2023-12-22 15:00:00+00:00,45.15,847.4,1662.4
2023-12-22 16:00:00+00:00,65.0,264.5,1839.8
2023-12-22 17:00:00+00:00,70.5,3.9,2129.8
2023-12-22 18:00:00+00:00,71.98,0.1,2316.4
2023-12-22 19:00:00+00:00,73.1,0.1,2453.2
2023-12-22 20:00:00+00:00,70.75,0.2,2467.7999999999997
2023-12-22 21:00:00+00:00,66.9,0.2,2274.7
2023-12-22 22:00:00+00:00,59.0,0.1,2096.7
2023-12-22 23:00:00+00:00,44.8,0.1,2010.1
2023-12-23 00:00:00+00:00,40.5,0.0,1898.0
2023-12-23 01:00:00+00:00,39.7,0.0,1756.1000000000001
2023-12-23 02:00:00+00:00,38.5,0.0,1710.6
2023-12-23 03:00:00+00:00,38.5,0.0,1586.0
2023-12-23 04:00:00+00:00,38.1,0.0,1434.8999999999999
2023-12-23 05:00:00+00:00,39.0,0.0,1315.8
2023-12-23 06:00:00+00:00,40.25,0.0,1261.8999999999999
2023-12-23 07:00:00+00:00,42.85,2.5,1331.8999999999999
2023-12-23 08:00:00+00:00,42.08,227.7,1325.8999999999999
2023-12-23 09:00:00+00:00,40.15,783.3,1257.8
2023-12-23 10:00:00+00:00,36.1,1220.2,1224.1000000000001
2023-12-23 11:00:00+00:00,34.99,1409.3,1071.6000000000001
2023-12-23 12:00:00+00:00,27.26,1452.9,901.1999999999999
2023-12-23 13:00:00+00:00,30.0,1391.6,699.4000000000001
2023-12-23 14:00:00+00:00,23.17,1214.4,592.0
2023-12-23 15:00:00+00:00,38.0,835.1,485.5
2023-12-23 16:00:00+00:00,62.0,259.0,488.7
2023-12-23 17:00:00+00:00,70.68,3.4,567.3
2023-12-23 18:00:00+00:00,73.06,0.1,642.8
2023-12-23 19:00:00+00:00,73.1,0.1,774.8000000000001
2023-12-23 20:00:00+00:00,74.61,0.2,1023.4
2023-12-23 21:00:00+00:00,69.52,0.2,1176.3999999999999
2023-12-23 22:00:00+00:00,62.0,0.1,1156.9
2023-12-23 23:00:00+00:00,72.55,0.1,1132.0
2023-12-24 00:00:00+00:00,69.5,0.0,1151.7
2023-12-24 01:00:00+00:00,66.34,0.0,1104.1
2023-12-24 02:00:00+00:00,60.0,0.0,1142.4
2023-12-24 03:00:00+00:00,61.16,0.0,1021.5
2023-12-24 04:00:00+00:00,60.0,0.0,785.8000000000001
2023-12-24 05:00:00+00:00,57.0,0.0,667.2
2023-12-24 06:00:00+00:00,66.34,0.0,587.8
2023-12-24 07:00:00+00:00,70.0,2.2,491.40000000000003
2023-12-24 08:00:00+00:00,70.5,200.2,410.09999999999997
2023-12-24 09:00:00+00:00,59.52,735.4,362.3
2023-12-24 10:00:00+00:00,47.86,1140.9,257.40000000000003
2023-12-24 11:00:00+00:00,47.6,1335.1,129.4
2023-12-24 12:00:00+00:00,48.99,1382.0,55.8
2023-12-24 13:00:00+00:00,47.6,1290.7,13.3
2023-12-24 14:00:00+00:00,46.99,1102.0,10.8
2023-12-24 15:00:00+00:00,68.45,738.6,23.2
2023-12-24 16:00:00+00:00,77.57,230.4,66.2
2023-12-24 17:00:00+00:00,101.55,4.2,123.7
2023-12-24 18:00:00+00:00,109.3,0.1,187.5
2023-12-24 19:00:00+00:00,109.3,0.1,204.1
2023-12-24 20:00:00+00:00,92.85,0.1,179.7
2023-12-24 21:00:00+00:00,76.93,0.2,102.4
2023-12-24 22:00:00+00:00,72.23,0.1,98.1
2023-12-24 23:00:00+00:00,75.0,0.2,87.9
2023-12-25 00:00:00+00:00,69.03,0.0,66.8
2023-12-25 01:00:00+00:00,59.9,0.0,64.5
2023-12-25 02:00:00+00:00,61.16,0.0,94.2
2023-12-25 03:00:00+00:00,49.3,0.0,83.5
2023-12-25 04:00:00+00:00,49.3,0.0,56.4
2023-12-25 05:00:00+00:00,50.0,0.0,79.4
2023-12-25 06:00:00+00:00,54.9,0.0,79.9
2023-12-25 07:00:00+00:00,68.96,1.9,75.60000000000001
2023-12-25 08:00:00+00:00,54.9,123.4,84.2
2023-12-25 09:00:00+00:00,49.6,409.4,74.7
2023-12-25 10:00:00+00:00,49.3,580.8,65.4
2023-12-25 11:00:00+00:00,49.3,716.7,47.4
2023-12-25 12:00:00+00:00,49.3,857.6,33.3
2023-12-25 13:00:00+00:00,48.6,934.9,28.1
2023-12-25 14:00:00+00:00,47.79,861.5,51.1
2023-12-25 15:00:00+00:00,53.5,543.5,70.89999999999999
2023-12-25 16:00:00+00:00,78.39,184.0,95.4
2023-12-25 17:00:00+00:00,85.02,3.2,94.0
2023-12-25 18:00:00+00:00,83.61,0.1,75.0
2023-12-25 19:00:00+00:00,83.46,0.1,62.300000000000004
2023-12-25 20:00:00+00:00,83.46,0.1,67.8
2023-12-25 21:00:00+00:00,83.46,0.1,54.3
2023-12-25 22:00:00+00:00,76.94,0.1,73.30000000000001
2023-12-25 23:00:00+00:00,93.24,0.1,93.5
2023-12-26 00:00:00+00:00,90.78,0.0,85.19999999999999
2023-12-26 01:00:00+00:00,90.78,0.0,84.8
2023-12-26 02:00:00+00:00,80.0,0.0,93.2
2023-12-26 03:00:00+00:00,77.82,0.0,157.70000000000002
2023-12-26 04:00:00+00:00,82.0,0.0,150.1
2023-12-26 05:00:00+00:00,94.0,0.0,150.1
2023-12-26 06:00:00+00:00,96.4,0.0,188.8
2023-12-26 07:00:00+00:00,97.7,1.1,217.3
2023-12-26 08:00:00+00:00,96.96,125.9,209.6
2023-12-26 09:00:00+00:00,94.1,423.0,186.5
2023-12-26 10:00:00+00:00,90.78,770.1,148.9
2023-12-26 11:00:00+00:00,82.0,973.2,152.1
2023-12-26 12:00:00+00:00,76.47,1101.1,154.6
2023-12-26 13:00:00+00:00,73.37,1102.4,140.70000000000002
2023-12-26 14:00:00+00:00,73.02,966.9,132.6
2023-12-26 15:00:00+00:00,89.0,572.1,206.7
2023-12-26 16:00:00+00:00,97.12,157.7,232.7
2023-12-26 17:00:00+00:00,111.93,3.6,369.2
2023-12-26 18:00:00+00:00,110.89,0.1,320.09999999999997
2023-12-26 19:00:00+00:00,141.2,0.1,401.7
2023-12-26 20:00:00+00:00,109.21,0.1,466.5
2023-12-26 21:00:00+00:00,99.46,0.1,549.4
2023-12-26 22:00:00+00:00,94.78,0.1,645.2
2023-12-26 23:00:00+00:00,78.59,0.0,725.8
2023-12-27 00:00:00+00:00,76.47,0.0,771.1
2023-12-27 01:00:00+00:00,58.59,0.0,889.1999999999999
2023-12-27 02:00:00+00:00,54.1,0.0,964.0
2023-12-27 03:00:00+00:00,53.4,0.0,977.0
2023-12-27 04:00:00+00:00,53.4,0.0,996.6
2023-12-27 05:00:00+00:00,65.1,0.0,982.1
2023-12-27 06:00:00+00:00,80.2,0.0,1136.2
2023-12-27 07:00:00+00:00,91.75,0.9,1301.9
2023-12-27 08:00:00+00:00,87.0,79.5,1298.4
2023-12-27 09:00:00+00:00,76.0,258.2,1379.7
2023-12-27 10:00:00+00:00,68.0,447.2,1415.8
2023-12-27 11:00:00+00:00,64.39,661.2,1313.8
2023-12-27 12:00:00+00:00,62.98,822.0,1292.2
2023-12-27 13:00:00+00:00,64.39,822.8,1209.1
2023-12-27 14:00:00+00:00,65.64,627.8,1259.9
2023-12-27 15:00:00+00:00,74.0,374.9,1262.2
2023-12-27 16:00:00+00:00,82.0,121.3,1360.2
2023-12-27 17:00:00+00:00,109.18,2.6,1445.9
2023-12-27 18:00:00+00:00,111.49,0.1,1496.0
2023-12-27 19:00:00+00:00,121.53,0.1,1469.2
2023-12-27 20:00:00+00:00,120.38,0.1,1471.9
2023-12-27 21:00:00+00:00,105.0,0.1,1520.3
2023-12-27 22:00:00+00:00,90.78,0.1,1698.4
2023-12-27 23:00:00+00:00,95.62,0.0,1762.5
2023-12-28 00:00:00+00:00,87.99,0.0,1830.4
2023-12-28 01:00:00+00:00,78.56,0.0,1698.9
2023-12-28 02:00:00+00:00,76.2,0.0,1682.3
2023-12-28 03:00:00+00:00,75.18,0.0,1797.9
2023-12-28 04:00:00+00:00,76.46,0.0,1690.2
2023-12-28 05:00:00+00:00,90.78,0.0,1622.1
2023-12-28 06:00:00+00:00,101.11,0.0,1671.8
2023-12-28 07:00:00+00:00,108.37,0.2,1853.0
2023-12-28 08:00:00+00:00,108.45,59.4,1971.3
2023-12-28 09:00:00+00:00,96.96,283.6,2027.6
2023-12-28 10:00:00+00:00,90.0,582.5,1972.4
2023-12-28 11:00:00+00:00,81.48,861.5,1851.8
2023-12-28 12:00:00+00:00,90.1,830.9,1729.8
2023-12-28 13:00:00+00:00,90.78,713.6,1699.6
2023-12-28 14:00:00+00:00,91.75,560.1,1652.4
2023-12-28 15:00:00+00:00,103.01,323.1,1559.6
2023-12-28 16:00:00+00:00,111.61,80.3,1594.8
2023-12-28 17:00:00+00:00,117.98,1.4,1624.3
2023-12-28 18:00:00+00:00,121.5,0.1,1634.4
2023-12-28 19:00:00+00:00,128.46,0.1,1631.8
2023-12-28 20:00:00+00:00,122.02,0.1,1480.4
2023-12-28 21:00:00+00:00,112.12,0.1,1526.3
2023-12-28 22:00:00+00:00,100.15,0.1,1613.6
2023-12-28 23:00:00+00:00,102.07,0.1,1595.4
2023-12-29 00:00:00+00:00,95.15,0.0,1406.3000000000002
2023-12-29 01:00:00+00:00,94.37,0.0,1242.2
2023-12-29 02:00:00+00:00,93.9,0.0,1179.6000000000001
2023-12-29 03:00:00+00:00,87.38,0.0,1168.0
2023-12-29 04:00:00+00:00,87.0,0.0,1047.3999999999999
2023-12-29 05:00:00+00:00,93.0,0.1,1001.0
2023-12-29 06:00:00+00:00,105.19,0.1,939.9
2023-12-29 07:00:00+00:00,109.62,0.2,939.3
2023-12-29 08:00:00+00:00,107.79,48.2,939.9
2023-12-29 09:00:00+00:00,105.0,181.0,884.4
2023-12-29 10:00:00+00:00,96.99,323.2,674.7
2023-12-29 11:00:00+00:00,100.0,454.7,551.2
2023-12-29 12:00:00+00:00,97.0,531.4,441.8
2023-12-29 13:00:00+00:00,94.02,445.6,372.4
2023-12-29 14:00:00+00:00,95.21,374.6,326.8
2023-12-29 15:00:00+00:00,103.0,242.8,241.0
2023-12-29 16:00:00+00:00,110.13,79.1,209.6
2023-12-29 17:00:00+00:00,122.4,1.9,237.79999999999998
2023-12-29 18:00:00+00:00,123.76,0.1,222.3
2023-12-29 19:00:00+00:00,126.72,0.1,182.9
2023-12-29 20:00:00+00:00,123.24,0.1,196.4
2023-12-29 21:00:00+00:00,109.0,0.1,262.3
2023-12-29 22:00:00+00:00,102.07,0.1,244.0
2023-12-29 23:00:00+00:00,86.31,0.1,238.2
2023-12-30 00:00:00+00:00,82.33,0.0,259.7
2023-12-30 01:00:00+00:00,78.77,0.0,311.7
2023-12-30 02:00:00+00:00,70.0,0.0,298.8
2023-12-30 03:00:00+00:00,62.06,0.0,283.6
2023-12-30 04:00:00+00:00,59.01,0.0,318.4
2023-12-30 05:00:00+00:00,76.02,0.0,307.6
2023-12-30 06:00:00+00:00,79.39,0.0,347.2
2023-12-30 07:00:00+00:00,86.31,1.2,418.9
2023-12-30 08:00:00+00:00,88.21,144.7,553.8000000000001
2023-12-30 09:00:00+00:00,76.02,544.2,713.6
2023-12-30 10:00:00+00:00,58.1,868.2,966.0
2023-12-30 11:00:00+00:00,52.99,1090.2,1110.6
2023-12-30 12:00:00+00:00,48.0,1086.6,1237.0
2023-12-30 13:00:00+00:00,42.04,1018.3,1572.1
2023-12-30 14:00:00+00:00,46.49,807.5,1753.3
2023-12-30 15:00:00+00:00,54.1,481.3,1887.6000000000001
2023-12-30 16:00:00+00:00,75.0,148.9,2154.8999999999996
2023-12-30 17:00:00+00:00,84.0,3.2,2510.3999999999996
2023-12-30 18:00:00+00:00,81.5,0.1,2711.6000000000004
2023-12-30 19:00:00+00:00,80.0,0.1,2833.1000000000004
2023-12-30 20:00:00+00:00,75.0,0.1,3034.2
2023-12-30 21:00:00+00:00,56.85,0.1,3107.6
2023-12-30 22:00:00+00:00,43.23,0.1,3146.6
2023-12-30 23:00:00+00:00,18.21,0.1,3097.1
2023-12-31 00:00:00+00:00,5.0,0.0,3019.6000000000004
2023-12-31 01:00:00+00:00,4.0,0.0,3123.1000000000004
2023-12-31 02:00:00+00:00,0.31,0.0,3239.4
2023-12-31 03:00:00+00:00,0.0,0.0,3162.2
2023-12-31 04:00:00+00:00,0.0,0.0,3095.7000000000003
2023-12-31 05:00:00+00:00,0.01,0.0,3149.0
2023-12-31 06:00:00+00:00,4.0,0.0,3051.7
2023-12-31 07:00:00+00:00,4.3,0.7,2948.8
2023-12-31 08:00:00+00:00,10.47,88.5,2737.8999999999996
2023-12-31 09:00:00+00:00,18.21,301.2,2388.7999999999997
2023-12-31 10:00:00+00:00,19.32,573.7,1888.8999999999999
2023-12-31 11:00:00+00:00,12.01,789.8,1366.8999999999999
2023-12-31 12:00:00+00:00,18.21,818.4,992.7
2023-12-31 13:00:00+00:00,18.21,734.4,780.9
2023-12-31 14:00:00+00:00,18.21,530.3,665.9
2023-12-31 15:00:00+00:00,42.25,395.2,600.8
2023-12-31 16:00:00+00:00,65.04,152.7,463.90000000000003
2023-12-31 17:00:00+00:00,75.01,4.2,468.2
2023-12-31 18:00:00+00:00,101.3,0.1,331.1
2023-12-31 19:00:00+00:00,92.97,0.1,269.6
2023-12-31 20:00:00+00:00,85.49,0.1,245.8
2023-12-31 21:00:00+00:00,74.74,0.2,376.8
2023-12-31 22:00:00+00:00,71.96,0.1,433.9
2023-12-31 23:00:00+00:00,63.33,0.1,351.90000000000003
2024-01-01 00:00:00+00:00,50.09,0.0,3019.6000000000004
2024-01-01 01:00:00+00:00,47.5,0.0,413.90000000000003
2024-01-01 02:00:00+00:00,43.5,0.0,487.1
2024-01-01 03:00:00+00:00,42.5,0.0,510.7
2024-01-01 04:00:00+00:00,42.09,0.0,538.3
2024-01-01 05:00:00+00:00,42.5,0.0,560.4000000000001
2024-01-01 06:00:00+00:00,42.59,0.0,448.1
2024-01-01 07:00:00+00:00,43.37,0.8,341.0
2024-01-01 08:00:00+00:00,42.29,119.1,329.20000000000005
2024-01-01 09:00:00+00:00,35.61,539.4,293.5
2024-01-01 10:00:00+00:00,29.8,1016.3,306.8
2024-01-01 11:00:00+00:00,3.2,1246.7,409.8
2024-01-01 12:00:00+00:00,2.06,1272.0,526.8000000000001
2024-01-01 13:00:00+00:00,1.73,1171.6,619.5999999999999
2024-01-01 14:00:00+00:00,5.72,897.3,655.4
2024-01-01 15:00:00+00:00,18.49,581.9,714.6
2024-01-01 16:00:00+00:00,37.0,155.2,713.1
2024-01-01 17:00:00+00:00,47.5,3.9,771.1
2024-01-01 18:00:00+00:00,54.97,0.1,1036.0
2024-01-01 19:00:00+00:00,60.9,0.0,1591.3
2024-01-01 20:00:00+00:00,60.0,0.1,2042.1000000000001
2024-01-01 21:00:00+00:00,47.5,0.1,1725.9
2024-01-01 22:00:00+00:00,42.09,0.1,2051.9
2024-01-01 23:00:00+00:00,37.8,0.1,2471.2
2024-01-02 00:00:00+00:00,25.61,0.0,2554.0
2024-01-02 01:00:00+00:00,20.61,0.0,2628.0
2024-01-02 02:00:00+00:00,14.54,0.0,2914.4
2024-01-02 03:00:00+00:00,13.21,0.0,3337.5
2024-01-02 04:00:00+00:00,14.54,0.0,3461.2
2024-01-02 05:00:00+00:00,36.29,0.0,3366.8
2024-01-02 06:00:00+00:00,44.7,0.0,3562.2
2024-01-02 07:00:00+00:00,53.78,0.7,3738.4
2024-01-02 08:00:00+00:00,54.23,96.1,3689.8
2024-01-02 09:00:00+00:00,50.0,368.4,3713.7
2024-01-02 10:00:00+00:00,52.2,686.7,3795.3
2024-01-02 11:00:00+00:00,45.0,827.2,4041.7
2024-01-02 12:00:00+00:00,43.0,767.2,4144.9
2024-01-02 13:00:00+00:00,43.0,664.5,4230.7
2024-01-02 14:00:00+00:00,40.99,486.7,4298.8
2024-01-02 15:00:00+00:00,43.66,326.3,4263.8
2024-01-02 16:00:00+00:00,52.2,116.7,4178.5
2024-01-02 17:00:00+00:00,57.77,4.1,4015.0
2024-01-02 18:00:00+00:00,62.45,0.1,3794.2999999999997
2024-01-02 19:00:00+00:00,58.0,0.1,3666.1
2024-01-02 20:00:00+00:00,52.83,0.1,3685.5
2024-01-02 21:00:00+00:00,46.26,0.2,3544.3
2024-01-02 22:00:00+00:00,40.1,0.1,3398.7999999999997
2024-01-02 23:00:00+00:00,6.8,0.1,3110.4
2024-01-03 00:00:00+00:00,3.2,0.0,2849.1
2024-01-03 01:00:00+00:00,3.2,0.0,2902.5
2024-01-03 02:00:00+00:00,3.2,0.0,2887.9
2024-01-03 03:00:00+00:00,3.2,0.0,2928.6
2024-01-03 04:00:00+00:00,2.21,0.0,2751.0
2024-01-03 05:00:00+00:00,4.78,0.0,2208.0
2024-01-03 06:00:00+00:00,45.42,0.0,2082.2
2024-01-03 07:00:00+00:00,61.92,0.5,1930.3999999999999
2024-01-03 08:00:00+00:00,67.0,43.2,1601.0
2024-01-03 09:00:00+00:00,63.6,131.0,1118.9
2024-01-03 10:00:00+00:00,58.5,240.4,885.7
2024-01-03 11:00:00+00:00,63.6,303.7,971.6
2024-01-03 12:00:00+00:00,63.35,334.4,891.9
2024-01-03 13:00:00+00:00,63.6,296.9,779.7
2024-01-03 14:00:00+00:00,66.03,214.5,729.5
2024-01-03 15:00:00+00:00,67.52,128.7,480.1
2024-01-03 16:00:00+00:00,89.57,31.9,363.6
2024-01-03 17:00:00+00:00,94.2,0.5,356.0
2024-01-03 18:00:00+00:00,104.35,0.1,354.9
2024-01-03 19:00:00+00:00,113.26,0.1,338.6
2024-01-03 20:00:00+00:00,113.26,0.1,402.7
2024-01-03 21:00:00+00:00,94.2,0.1,521.6
2024-01-03 22:00:00+00:00,86.58,0.1,798.0
2024-01-03 23:00:00+00:00,90.39,0.1,1007.9
2024-01-04 00:00:00+00:00,87.0,0.0,1111.0
2024-01-04 01:00:00+00:00,80.21,0.0,1210.3
2024-01-04 02:00:00+00:00,70.1,0.0,1318.8000000000002
2024-01-04 03:00:00+00:00,66.86,0.0,1356.3
2024-01-04 04:00:00+00:00,68.14,0.0,1306.7
2024-01-04 05:00:00+00:00,86.74,0.0,1269.7
2024-01-04 06:00:00+00:00,94.51,0.0,1217.8
2024-01-04 07:00:00+00:00,96.0,0.3,1078.1999999999998
2024-01-04 08:00:00+00:00,98.13,55.1,1044.5
2024-01-04 09:00:00+00:00,95.0,145.9,1096.7
2024-01-04 10:00:00+00:00,90.35,324.2,1021.0
2024-01-04 11:00:00+00:00,89.0,430.4,1002.5
2024-01-04 12:00:00+00:00,85.96,470.3,1193.5
2024-01-04 13:00:00+00:00,92.11,569.2,1663.2
2024-01-04 14:00:00+00:00,98.62,577.7,1986.6000000000001
2024-01-04 15:00:00+00:00,99.5,502.2,2192.5
2024-01-04 16:00:00+00:00,100.0,214.4,2569.9
2024-01-04 17:00:00+00:00,102.57,9.4,2733.3
2024-01-04 18:00:00+00:00,104.0,0.1,2730.7000000000003
2024-01-04 19:00:00+00:00,105.18,0.1,2843.3
2024-01-04 20:00:00+00:00,102.42,0.1,2920.9
2024-01-04 21:00:00+00:00,99.41,0.1,3087.9
2024-01-04 22:00:00+00:00,90.39,0.1,3206.7999999999997
2024-01-04 23:00:00+00:00,86.08,0.1,2871.4
2024-01-05 00:00:00+00:00,80.51,0.0,2605.2
2024-01-05 01:00:00+00:00,77.01,0.0,2124.6
2024-01-05 02:00:00+00:00,70.67,0.0,2181.2999999999997
2024-01-05 03:00:00+00:00,61.1,0.0,2048.3
2024-01-05 04:00:00+00:00,68.26,0.0,2149.3999999999996
2024-01-05 05:00:00+00:00,75.0,0.0,2337.0
2024-01-05 06:00:00+00:00,86.39,0.1,2663.2
2024-01-05 07:00:00+00:00,90.88,1.9,2892.3
2024-01-05 08:00:00+00:00,90.0,193.1,2873.5
2024-01-05 09:00:00+00:00,76.47,799.4,2643.2
2024-01-05 10:00:00+00:00,57.68,1241.2,2538.6
2024-01-05 11:00:00+00:00,45.87,1369.3,2893.5
2024-01-05 12:00:00+00:00,44.07,1319.5,2991.5
2024-01-05 13:00:00+00:00,40.0,1270.6,3122.4
2024-01-05 14:00:00+00:00,37.83,1037.4,3045.9
2024-01-05 15:00:00+00:00,44.37,677.6,2948.9
2024-01-05 16:00:00+00:00,67.0,284.7,2748.2
2024-01-05 17:00:00+00:00,75.47,9.2,2684.0
2024-01-05 18:00:00+00:00,78.19,0.1,2808.8999999999996
2024-01-05 19:00:00+00:00,79.94,0.1,2639.7000000000003
2024-01-05 20:00:00+00:00,78.26,0.2,2378.4
2024-01-05 21:00:00+00:00,75.0,0.2,2084.4
2024-01-05 22:00:00+00:00,68.0,0.1,1811.6
2024-01-05 23:00:00+00:00,52.5,0.1,1650.7
2024-01-06 00:00:00+00:00,45.0,0.0,1604.3
2024-01-06 01:00:00+00:00,44.2,0.0,1586.3
2024-01-06 02:00:00+00:00,43.5,0.0,1484.3
2024-01-06 03:00:00+00:00,23.99,0.0,1317.2
2024-01-06 04:00:00+00:00,23.99,0.0,1278.5
2024-01-06 05:00:00+00:00,30.51,0.0,1258.5
2024-01-06 06:00:00+00:00,44.4,0.0,1288.0
2024-01-06 07:00:00+00:00,45.8,1.5,1354.6
2024-01-06 08:00:00+00:00,45.0,161.3,1452.8
2024-01-06 09:00:00+00:00,25.0,615.8,1146.1
2024-01-06 10:00:00+00:00,4.0,931.2,632.1
2024-01-06 11:00:00+00:00,3.2,1113.7,421.9
2024-01-06 12:00:00+00:00,3.2,1238.3,357.0
2024-01-06 13:00:00+00:00,3.2,1269.4,336.3
2024-01-06 14:00:00+00:00,3.2,1020.2,334.2
2024-01-06 15:00:00+00:00,25.0,591.3,324.8
2024-01-06 16:00:00+00:00,65.0,256.0,329.0
2024-01-06 17:00:00+00:00,85.96,16.1,396.8
2024-01-06 18:00:00+00:00,92.05,0.1,444.5
2024-01-06 19:00:00+00:00,92.14,0.1,428.9
2024-01-06 20:00:00+00:00,88.0,0.1,374.3
2024-01-06 21:00:00+00:00,86.57,0.2,344.9
2024-01-06 22:00:00+00:00,79.87,0.1,368.8
2024-01-06 23:00:00+00:00,84.08,0.1,396.4
2024-01-07 00:00:00+00:00,79.82,0.0,394.8
2024-01-07 01:00:00+00:00,76.76,0.0,353.90000000000003
2024-01-07 02:00:00+00:00,73.46,0.0,382.9
2024-01-07 03:00:00+00:00,71.86,0.0,354.40000000000003
2024-01-07 04:00:00+00:00,72.08,0.0,310.1
2024-01-07 05:00:00+00:00,74.9,0.0,275.0
2024-01-07 06:00:00+00:00,77.69,0.0,197.7
2024-01-07 07:00:00+00:00,81.79,1.3,139.4
2024-01-07 08:00:00+00:00,84.86,169.5,105.3
2024-01-07 09:00:00+00:00,61.0,734.9,123.1
2024-01-07 10:00:00+00:00,55.87,1269.6,115.8
2024-01-07 11:00:00+00:00,50.6,1517.4,117.7
2024-01-07 12:00:00+00:00,51.77,1619.9,81.1
2024-01-07 13:00:00+00:00,49.98,1594.4,42.7
2024-01-07 14:00:00+00:00,45.57,1395.0,19.0
2024-01-07 15:00:00+00:00,60.0,941.3,11.3
2024-01-07 16:00:00+00:00,92.05,368.2,15.3
2024-01-07 17:00:00+00:00,104.85,19.5,20.5
2024-01-07 18:00:00+00:00,103.55,0.1,31.7
2024-01-07 19:00:00+00:00,100.5,0.1,35.0
2024-01-07 20:00:00+00:00,95.89,0.1,37.0
2024-01-07 21:00:00+00:00,91.17,0.3,50.5
2024-01-07 22:00:00+00:00,83.86,0.1,69.69999999999999
2024-01-07 23:00:00+00:00,90.35,0.1,118.0
2024-01-08 00:00:00+00:00,89.8,0.0,231.4
2024-01-08 01:00:00+00:00,88.2,0.0,182.5
2024-01-08 02:00:00+00:00,78.79,0.0,232.0
2024-01-08 03:00:00+00:00,78.43,0.0,262.2
2024-01-08 04:00:00+00:00,82.1,0.0,292.2
2024-01-08 05:00:00+00:00,94.3,0.0,252.29999999999998
2024-01-08 06:00:00+00:00,111.07,0.0,228.1
2024-01-08 07:00:00+00:00,120.4,0.8,298.7
2024-01-08 08:00:00+00:00,116.98,97.4,417.79999999999995
2024-01-08 09:00:00+00:00,110.57,242.9,537.6999999999999
2024-01-08 10:00:00+00:00,103.0,343.5,588.1
2024-01-08 11:00:00+00:00,95.46,484.6,627.6999999999999
2024-01-08 12:00:00+00:00,93.88,524.2,583.8
2024-01-08 13:00:00+00:00,100.0,436.1,461.0
2024-01-08 14:00:00+00:00,107.98,286.7,395.0
2024-01-08 15:00:00+00:00,115.27,128.8,432.7
2024-01-08 16:00:00+00:00,125.17,38.8,644.9000000000001
2024-01-08 17:00:00+00:00,129.99,1.2,934.3000000000001
2024-01-08 18:00:00+00:00,130.0,0.1,1225.8
2024-01-08 19:00:00+00:00,133.28,0.1,1330.8
2024-01-08 20:00:00+00:00,129.47,0.1,1355.6000000000001
2024-01-08 21:00:00+00:00,115.42,0.2,1268.2
2024-01-08 22:00:00+00:00,107.98,0.1,1205.4
2024-01-08 23:00:00+00:00,98.92,0.1,945.0
2024-01-09 00:00:00+00:00,100.0,0.0,774.5
2024-01-09 01:00:00+00:00,98.43,0.0,690.8
2024-01-09 02:00:00+00:00,98.62,0.0,586.5999999999999
2024-01-09 03:00:00+00:00,97.15,0.0,560.3
2024-01-09 04:00:00+00:00,97.53,0.0,515.1
2024-01-09 05:00:00+00:00,102.79,0.0,465.0
2024-01-09 06:00:00+00:00,108.28,0.0,481.59999999999997
2024-01-09 07:00:00+00:00,122.55,0.1,426.1
2024-01-09 08:00:00+00:00,120.75,28.9,332.0
2024-01-09 09:00:00+00:00,110.32,105.5,248.4
2024-01-09 10:00:00+00:00,107.67,195.9,276.70000000000005
2024-01-09 11:00:00+00:00,107.01,312.8,306.9
2024-01-09 12:00:00+00:00,106.48,407.2,290.7
2024-01-09 13:00:00+00:00,107.07,303.1,258.5
2024-01-09 14:00:00+00:00,114.75,240.1,219.0
2024-01-09 15:00:00+00:00,124.29,192.5,188.1
2024-01-09 16:00:00+00:00,137.35,92.4,192.5
2024-01-09 17:00:00+00:00,137.0,6.9,175.0
2024-01-09 18:00:00+00:00,138.95,0.1,217.4
2024-01-09 19:00:00+00:00,148.01,0.1,277.8
2024-01-09 20:00:00+00:00,130.0,0.1,270.40000000000003
2024-01-09 21:00:00+00:00,111.86,0.1,299.5
2024-01-09 22:00:00+00:00,106.11,0.1,333.2
2024-01-09 23:00:00+00:00,92.33,0.1,438.8
2024-01-10 00:00:00+00:00,90.12,0.0,586.1
2024-01-10 01:00:00+00:00,87.01,0.0,639.3
2024-01-10 02:00:00+00:00,85.8,0.0,872.7
2024-01-10 03:00:00+00:00,85.0,0.0,893.4
2024-01-10 04:00:00+00:00,86.3,0.0,811.0
2024-01-10 05:00:00+00:00,95.0,0.0,766.4
2024-01-10 06:00:00+00:00,103.94,0.1,873.9
2024-01-10 07:00:00+00:00,121.4,0.6,1020.2
2024-01-10 08:00:00+00:00,121.4,88.4,892.0
2024-01-10 09:00:00+00:00,105.38,379.4,1188.4
2024-01-10 10:00:00+00:00,102.97,626.2,1247.7
2024-01-10 11:00:00+00:00,99.99,713.7,1385.2
2024-01-10 12:00:00+00:00,98.5,683.6,1685.5
2024-01-10 13:00:00+00:00,94.76,694.8,1966.0
2024-01-10 14:00:00+00:00,94.73,752.2,1942.4
2024-01-10 15:00:00+00:00,99.37,681.2,2036.3999999999999
2024-01-10 16:00:00+00:00,102.7,311.0,2194.2
2024-01-10 17:00:00+00:00,111.29,16.3,2038.1
2024-01-10 18:00:00+00:00,121.4,0.1,2076.2000000000003
2024-01-10 19:00:00+00:00,120.0,0.1,1821.8999999999999
2024-01-10 20:00:00+00:00,107.71,0.1,1548.0
2024-01-10 21:00:00+00:00,101.32,0.2,1414.2
2024-01-10 22:00:00+00:00,92.68,0.1,1184.5
2024-01-10 23:00:00+00:00,91.75,0.1,1019.8
2024-01-11 00:00:00+00:00,86.18,0.0,797.1
2024-01-11 01:00:00+00:00,82.1,0.0,687.4000000000001
2024-01-11 02:00:00+00:00,80.0,0.0,799.6
2024-01-11 03:00:00+00:00,79.6,0.0,824.3
2024-01-11 04:00:00+00:00,81.1,0.0,807.3
2024-01-11 05:00:00+00:00,85.91,0.0,877.1999999999999
2024-01-11 06:00:00+00:00,102.05,0.0,980.1
2024-01-11 07:00:00+00:00,113.84,0.9,1135.9
2024-01-11 08:00:00+00:00,110.0,117.3,1250.3
2024-01-11 09:00:00+00:00,97.63,496.3,1204.0
2024-01-11 10:00:00+00:00,86.18,871.1,931.6999999999999
2024-01-11 11:00:00+00:00,83.89,1035.5,779.0
2024-01-11 12:00:00+00:00,82.18,999.3,704.9
2024-01-11 13:00:00+00:00,83.0,1014.5,656.1999999999999
2024-01-11 14:00:00+00:00,85.0,951.8,584.6999999999999
2024-01-11 15:00:00+00:00,97.63,710.3,512.0
2024-01-11 16:00:00+00:00,118.5,266.7,667.2
2024-01-11 17:00:00+00:00,128.93,12.0,1199.1000000000001
2024-01-11 18:00:00+00:00,132.31,0.2,1696.3999999999999
2024-01-11 19:00:00+00:00,117.93,0.1,1937.1
2024-01-11 20:00:00+00:00,108.33,0.2,2148.2999999999997
2024-01-11 21:00:00+00:00,100.0,0.2,2424.7
2024-01-11 22:00:00+00:00,93.26,0.1,2664.4
2024-01-11 23:00:00+00:00,88.98,0.2,2788.3999999999996
2024-01-12 00:00:00+00:00,86.45,0.0,3104.8
2024-01-12 01:00:00+00:00,84.99,0.0,3356.6
2024-01-12 02:00:00+00:00,83.0,0.0,3434.3
2024-01-12 03:00:00+00:00,83.14,0.0,3455.8
2024-01-12 04:00:00+00:00,85.0,0.0,3440.3999999999996
2024-01-12 05:00:00+00:00,89.0,0.0,3444.7999999999997
2024-01-12 06:00:00+00:00,100.0,0.0,3545.8
2024-01-12 07:00:00+00:00,104.77,1.6,3702.1000000000004
2024-01-12 08:00:00+00:00,105.0,170.7,3541.2
2024-01-12 09:00:00+00:00,100.0,587.8,3357.3
2024-01-12 10:00:00+00:00,94.58,901.9,3099.5
2024-01-12 11:00:00+00:00,92.0,897.9,3062.0
2024-01-12 12:00:00+00:00,91.78,992.1,2937.8999999999996
2024-01-12 13:00:00+00:00,90.1,966.8,2865.5
2024-01-12 14:00:00+00:00,92.01,820.8,2813.2
2024-01-12 15:00:00+00:00,100.98,527.7,2935.7000000000003
2024-01-12 16:00:00+00:00,107.1,168.5,3299.8
2024-01-12 17:00:00+00:00,126.0,10.1,3691.4
2024-01-12 18:00:00+00:00,119.47,0.2,4121.9
2024-01-12 19:00:00+00:00,110.0,0.2,4294.0
2024-01-12 20:00:00+00:00,102.26,0.2,4289.9
2024-01-12 21:00:00+00:00,98.0,0.2,4360.5
2024-01-12 22:00:00+00:00,95.49,0.1,4332.5
2024-01-12 23:00:00+00:00,90.0,0.1,4423.4
2024-01-13 00:00:00+00:00,87.48,0.0,4384.7
2024-01-13 01:00:00+00:00,82.0,0.0,4329.7
2024-01-13 02:00:00+00:00,78.47,0.0,4411.5
2024-01-13 03:00:00+00:00,75.0,0.0,4374.3
2024-01-13 04:00:00+00:00,75.0,0.0,4310.6
2024-01-13 05:00:00+00:00,78.3,0.0,4302.7
2024-01-13 06:00:00+00:00,85.59,0.0,4311.6
2024-01-13 07:00:00+00:00,90.99,0.3,4370.9
2024-01-13 08:00:00+00:00,93.12,59.7,4246.799999999999
2024-01-13 09:00:00+00:00,90.93,215.0,4070.6
2024-01-13 10:00:00+00:00,83.39,379.1,3884.2000000000003
2024-01-13 11:00:00+00:00,73.96,479.6,3954.3
2024-01-13 12:00:00+00:00,71.45,529.9,3485.3
2024-01-13 13:00:00+00:00,74.51,617.9,3175.5
2024-01-13 14:00:00+00:00,80.4,502.0,2951.4
2024-01-13 15:00:00+00:00,91.23,270.1,2826.9
2024-01-13 16:00:00+00:00,99.3,84.4,2781.8
2024-01-13 17:00:00+00:00,105.31,5.4,2772.7999999999997
2024-01-13 18:00:00+00:00,103.14,0.1,2566.7000000000003
2024-01-13 19:00:00+00:00,100.0,0.1,2445.7
2024-01-13 20:00:00+00:00,97.61,0.1,2266.7000000000003
2024-01-13 21:00:00+00:00,93.12,0.1,2252.0
2024-01-13 22:00:00+00:00,90.0,0.1,2117.9
2024-01-13 23:00:00+00:00,86.1,0.1,2308.9
2024-01-14 00:00:00+00:00,82.78,0.0,2572.3
2024-01-14 01:00:00+00:00,78.66,0.0,2864.5
2024-01-14 02:00:00+00:00,72.53,0.0,2925.8999999999996
2024-01-14 03:00:00+00:00,69.34,0.0,2911.3
2024-01-14 04:00:00+00:00,69.13,0.0,2862.8
2024-01-14 05:00:00+00:00,69.71,0.0,2849.1
2024-01-14 06:00:00+00:00,72.95,0.0,2813.3
2024-01-14 07:00:00+00:00,77.9,1.1,2909.3
2024-01-14 08:00:00+00:00,79.45,105.7,3194.6
2024-01-14 09:00:00+00:00,74.69,357.1,2627.9
2024-01-14 10:00:00+00:00,69.0,566.9,2335.0
2024-01-14 11:00:00+00:00,67.8,695.6,2134.7
2024-01-14 12:00:00+00:00,65.4,767.7,1890.2
2024-01-14 13:00:00+00:00,63.1,694.0,1621.7
2024-01-14 14:00:00+00:00,62.3,498.4,1451.8999999999999
2024-01-14 15:00:00+00:00,65.13,358.4,1318.9
2024-01-14 16:00:00+00:00,72.84,155.0,1295.5
2024-01-14 17:00:00+00:00,86.18,8.2,1552.8999999999999
2024-01-14 18:00:00+00:00,92.01,0.1,1726.9
2024-01-14 19:00:00+00:00,86.03,0.1,1829.0
2024-01-14 20:00:00+00:00,84.49,0.1,1938.8999999999999
2024-01-14 21:00:00+00:00,82.97,0.1,1997.0
2024-01-14 22:00:00+00:00,72.52,0.1,2143.2999999999997
2024-01-14 23:00:00+00:00,77.7,0.1,2117.9
2024-01-15 00:00:00+00:00,67.0,0.0,2214.7000000000003
2024-01-15 01:00:00+00:00,64.99,0.0,2396.7
2024-01-15 02:00:00+00:00,62.04,0.0,2363.2
2024-01-15 03:00:00+00:00,62.1,0.0,2497.4
2024-01-15 04:00:00+00:00,65.1,0.0,2737.5
2024-01-15 05:00:00+00:00,69.13,0.0,3170.2
2024-01-15 06:00:00+00:00,86.74,0.1,3212.6
2024-01-15 07:00:00+00:00,99.52,0.3,3201.1
2024-01-15 08:00:00+00:00,100.33,45.6,3016.4
2024-01-15 09:00:00+00:00,94.92,175.2,2888.2000000000003
2024-01-15 10:00:00+00:00,90.3,314.1,2741.6
2024-01-15 11:00:00+00:00,85.7,424.6,2769.3
2024-01-15 12:00:00+00:00,82.41,477.7,2709.2000000000003
2024-01-15 13:00:00+00:00,84.99,485.2,2755.4
2024-01-15 14:00:00+00:00,90.1,399.9,2598.1
2024-01-15 15:00:00+00:00,95.82,270.7,2819.2000000000003
2024-01-15 16:00:00+00:00,100.0,109.4,2919.2
2024-01-15 17:00:00+00:00,112.85,7.9,2713.5
2024-01-15 18:00:00+00:00,113.9,0.2,2386.9
2024-01-15 19:00:00+00:00,107.58,0.2,2223.5
2024-01-15 20:00:00+00:00,100.0,0.2,1927.9
2024-01-15 21:00:00+00:00,97.21,0.3,1808.8999999999999
2024-01-15 22:00:00+00:00,91.0,0.2,1770.1000000000001
2024-01-15 23:00:00+00:00,86.59,0.1,1819.6000000000001
2024-01-16 00:00:00+00:00,83.33,0.0,2050.0
2024-01-16 01:00:00+00:00,80.94,0.0,2487.7000000000003
2024-01-16 02:00:00+00:00,78.65,0.1,2614.9
2024-01-16 03:00:00+00:00,78.35,0.0,2839.5
2024-01-16 04:00:00+00:00,80.37,0.0,2980.5
2024-01-16 05:00:00+00:00,85.0,0.0,3140.0
2024-01-16 06:00:00+00:00,85.0,0.1,3366.1
2024-01-16 07:00:00+00:00,88.0,0.5,3578.1
2024-01-16 08:00:00+00:00,99.98,65.6,3696.7
2024-01-16 09:00:00+00:00,99.28,278.0,3864.7
2024-01-16 10:00:00+00:00,91.69,475.2,3773.1
2024-01-16 11:00:00+00:00,93.0,524.7,3691.8
2024-01-16 12:00:00+00:00,89.42,391.6,3858.0
2024-01-16 13:00:00+00:00,90.0,341.3,3730.3
2024-01-16 14:00:00+00:00,88.0,242.3,4147.1
2024-01-16 15:00:00+00:00,84.88,120.2,4337.3
2024-01-16 16:00:00+00:00,88.0,49.0,4725.4
2024-01-16 17:00:00+00:00,89.02,10.1,4894.7
2024-01-16 18:00:00+00:00,94.82,0.2,4803.400000000001
2024-01-16 19:00:00+00:00,99.78,0.2,4671.7
2024-01-16 20:00:00+00:00,88.75,0.2,4606.3
2024-01-16 21:00:00+00:00,75.99,0.3,4583.6
2024-01-16 22:00:00+00:00,60.0,0.2,4555.6
2024-01-16 23:00:00+00:00,19.13,0.1,4485.1
2024-01-17 00:00:00+00:00,15.93,0.1,4328.7
2024-01-17 01:00:00+00:00,6.0,0.0,4192.7
2024-01-17 02:00:00+00:00,4.9,0.0,4065.3
2024-01-17 03:00:00+00:00,4.9,0.0,4110.5
2024-01-17 04:00:00+00:00,5.0,0.0,4413.6
2024-01-17 05:00:00+00:00,16.7,0.0,4345.0
2024-01-17 06:00:00+00:00,44.2,0.2,4346.900000000001
2024-01-17 07:00:00+00:00,45.5,1.7,4331.1
2024-01-17 08:00:00+00:00,45.5,58.3,4327.2
2024-01-17 09:00:00+00:00,44.8,262.4,4402.7
2024-01-17 10:00:00+00:00,34.52,618.7,4587.9
2024-01-17 11:00:00+00:00,17.29,834.0,4666.6
2024-01-17 12:00:00+00:00,12.99,847.4,4696.2
2024-01-17 13:00:00+00:00,5.1,899.3,4703.3
2024-01-17 14:00:00+00:00,5.0,855.2,4674.6
2024-01-17 15:00:00+00:00,18.38,518.7,4657.0
2024-01-17 16:00:00+00:00,43.5,176.2,4654.6
2024-01-17 17:00:00+00:00,45.4,15.5,4560.5
2024-01-17 18:00:00+00:00,49.1,0.2,4559.1
2024-01-17 19:00:00+00:00,54.88,0.2,4445.6
2024-01-17 20:00:00+00:00,46.8,0.2,4391.9
2024-01-17 21:00:00+00:00,43.37,0.2,4305.8
2024-01-17 22:00:00+00:00,18.03,0.2,4307.6
2024-01-17 23:00:00+00:00,3.2,0.1,4194.5
2024-01-18 00:00:00+00:00,3.2,0.1,4155.2
2024-01-18 01:00:00+00:00,1.68,0.1,4053.9
2024-01-18 02:00:00+00:00,0.43,0.0,4058.4
2024-01-18 03:00:00+00:00,0.99,0.0,4015.1
2024-01-18 04:00:00+00:00,3.2,0.0,3949.7
2024-01-18 05:00:00+00:00,3.2,0.0,3814.4
2024-01-18 06:00:00+00:00,30.1,0.2,3519.0
2024-01-18 07:00:00+00:00,47.19,0.6,3115.3
2024-01-18 08:00:00+00:00,55.77,82.7,2688.6
2024-01-18 09:00:00+00:00,45.27,298.7,2249.7
2024-01-18 10:00:00+00:00,43.66,507.8,1710.8999999999999
2024-01-18 11:00:00+00:00,39.19,630.6,1161.8
2024-01-18 12:00:00+00:00,35.0,637.4,763.4
2024-01-18 13:00:00+00:00,35.3,540.7,658.2
2024-01-18 14:00:00+00:00,45.4,404.9,527.8
2024-01-18 15:00:00+00:00,62.17,204.1,310.6
2024-01-18 16:00:00+00:00,96.02,50.2,190.2
2024-01-18 17:00:00+00:00,103.71,2.4,135.0
2024-01-18 18:00:00+00:00,99.6,0.1,167.6
2024-01-18 19:00:00+00:00,105.34,0.1,210.3
2024-01-18 20:00:00+00:00,98.84,0.2,278.6
2024-01-18 21:00:00+00:00,92.14,0.2,474.79999999999995
2024-01-18 22:00:00+00:00,73.61,0.2,691.9
2024-01-18 23:00:00+00:00,71.82,0.1,902.4
2024-01-19 00:00:00+00:00,67.44,0.0,1373.3
2024-01-19 01:00:00+00:00,67.17,0.0,1690.2
2024-01-19 02:00:00+00:00,60.0,0.0,1645.8999999999999
2024-01-19 03:00:00+00:00,54.79,0.0,1911.3
2024-01-19 04:00:00+00:00,50.0,0.0,2437.5
2024-01-19 05:00:00+00:00,60.0,0.1,2708.2
2024-01-19 06:00:00+00:00,74.4,0.1,2857.8
2024-01-19 07:00:00+00:00,82.32,0.5,2932.7
2024-01-19 08:00:00+00:00,87.33,51.3,3050.9
2024-01-19 09:00:00+00:00,81.0,197.9,3302.3
2024-01-19 10:00:00+00:00,78.0,337.3,3474.8
2024-01-19 11:00:00+00:00,78.74,465.7,3459.4
2024-01-19 12:00:00+00:00,70.83,568.9,3102.4
2024-01-19 13:00:00+00:00,61.13,795.7,2883.6000000000004
2024-01-19 14:00:00+00:00,60.14,858.9,2560.5
2024-01-19 15:00:00+00:00,63.0,750.7,2157.0
2024-01-19 16:00:00+00:00,69.18,360.3,2042.8
2024-01-19 17:00:00+00:00,80.5,30.3,2153.3
2024-01-19 18:00:00+00:00,84.2,0.1,1999.6
2024-01-19 19:00:00+00:00,82.88,0.1,1696.6
2024-01-19 20:00:00+00:00,80.5,0.2,1636.8
2024-01-19 21:00:00+00:00,74.4,0.2,1535.2
2024-01-19 22:00:00+00:00,61.0,0.1,1391.3
2024-01-19 23:00:00+00:00,73.75,0.1,1394.1000000000001
2024-01-20 00:00:00+00:00,63.92,0.0,1478.5
2024-01-20 01:00:00+00:00,63.81,0.0,1549.4
2024-01-20 02:00:00+00:00,63.81,0.0,1752.3999999999999
2024-01-20 03:00:00+00:00,63.68,0.0,1816.3
2024-01-20 04:00:00+00:00,66.1,0.0,1862.7
2024-01-20 05:00:00+00:00,70.3,0.0,1785.4
2024-01-20 06:00:00+00:00,75.93,0.0,1832.0
2024-01-20 07:00:00+00:00,84.09,2.6,1782.8
2024-01-20 08:00:00+00:00,88.31,192.5,1681.1
2024-01-20 09:00:00+00:00,82.85,730.8,1399.2
2024-01-20 10:00:00+00:00,76.64,1264.0,1096.5
2024-01-20 11:00:00+00:00,74.65,1451.0,582.8
2024-01-20 12:00:00+00:00,69.84,1555.0,268.6
2024-01-20 13:00:00+00:00,73.41,1581.4,141.3
2024-01-20 14:00:00+00:00,79.21,1474.6,104.89999999999999
2024-01-20 15:00:00+00:00,87.97,1167.7,148.1
2024-01-20 16:00:00+00:00,95.07,569.1,203.20000000000002
2024-01-20 17:00:00+00:00,99.94,51.3,251.3
2024-01-20 18:00:00+00:00,99.58,0.1,280.5
2024-01-20 19:00:00+00:00,99.94,0.1,248.8
2024-01-20 20:00:00+00:00,99.58,0.2,252.79999999999998
2024-01-20 21:00:00+00:00,94.46,0.2,248.29999999999998
2024-01-20 22:00:00+00:00,85.78,0.1,296.0
2024-01-20 23:00:00+00:00,69.07,0.1,281.9
2024-01-21 00:00:00+00:00,59.11,0.0,365.9
2024-01-21 01:00:00+00:00,58.2,0.0,434.2
2024-01-21 02:00:00+00:00,57.57,0.1,364.5
2024-01-21 03:00:00+00:00,57.5,0.0,422.5
2024-01-21 04:00:00+00:00,57.5,0.0,363.9
2024-01-21 05:00:00+00:00,57.5,0.1,559.7
2024-01-21 06:00:00+00:00,59.0,0.0,542.3
2024-01-21 07:00:00+00:00,60.1,3.6,509.3
2024-01-21 08:00:00+00:00,59.0,268.6,860.4
2024-01-21 09:00:00+00:00,58.64,897.4,955.2
2024-01-21 10:00:00+00:00,56.8,1395.4,580.4
2024-01-21 11:00:00+00:00,56.36,1622.8,442.70000000000005
2024-01-21 12:00:00+00:00,47.42,1718.2,453.29999999999995
2024-01-21 13:00:00+00:00,52.67,1661.8,421.7
2024-01-21 14:00:00+00:00,53.75,1489.8,502.7
2024-01-21 15:00:00+00:00,56.89,1173.4,570.3
2024-01-21 16:00:00+00:00,64.89,548.5,649.0
2024-01-21 17:00:00+00:00,83.98,55.6,830.6999999999999
2024-01-21 18:00:00+00:00,93.52,0.1,970.8
2024-01-21 19:00:00+00:00,95.62,0.1,1104.1
2024-01-21 20:00:00+00:00,94.52,0.1,1202.6
2024-01-21 21:00:00+00:00,76.83,0.2,1349.1
2024-01-21 22:00:00+00:00,59.2,0.1,1515.1000000000001
2024-01-21 23:00:00+00:00,47.0,0.1,1619.1999999999998
2024-01-22 00:00:00+00:00,46.79,0.0,1562.6
2024-01-22 01:00:00+00:00,44.76,0.0,1651.4
2024-01-22 02:00:00+00:00,40.8,0.1,1472.9
2024-01-22 03:00:00+00:00,40.8,0.0,1501.8000000000002
2024-01-22 04:00:00+00:00,40.1,0.1,1533.1
2024-01-22 05:00:00+00:00,49.01,0.0,1410.4
2024-01-22 06:00:00+00:00,75.0,0.1,1457.0
2024-01-22 07:00:00+00:00,92.69,4.3,1541.9
2024-01-22 08:00:00+00:00,86.66,239.5,1509.5
2024-01-22 09:00:00+00:00,71.08,818.3,1465.2
2024-01-22 10:00:00+00:00,61.99,1241.8,1368.2
2024-01-22 11:00:00+00:00,57.67,1445.0,1368.6000000000001
2024-01-22 12:00:00+00:00,58.48,1489.2,1489.6999999999998
2024-01-22 13:00:00+00:00,59.87,1419.7,1527.7
2024-01-22 14:00:00+00:00,59.99,1269.2,1386.8999999999999
2024-01-22 15:00:00+00:00,66.07,946.3,1281.4
2024-01-22 16:00:00+00:00,79.09,459.2,1195.3
2024-01-22 17:00:00+00:00,98.18,53.8,1120.5
2024-01-22 18:00:00+00:00,104.91,0.1,1099.8999999999999
2024-01-22 19:00:00+00:00,119.0,0.1,1017.3000000000001
2024-01-22 20:00:00+00:00,103.21,0.2,828.2
2024-01-22 21:00:00+00:00,94.27,0.3,649.0
2024-01-22 22:00:00+00:00,75.93,0.2,632.7
2024-01-22 23:00:00+00:00,61.1,0.1,628.7
2024-01-23 00:00:00+00:00,59.0,0.0,445.79999999999995
2024-01-23 01:00:00+00:00,58.5,0.0,303.3
2024-01-23 02:00:00+00:00,59.87,0.1,209.1
2024-01-23 03:00:00+00:00,58.5,0.0,211.6
2024-01-23 04:00:00+00:00,58.5,0.1,199.5
2024-01-23 05:00:00+00:00,65.55,0.1,173.0
2024-01-23 06:00:00+00:00,90.1,0.2,190.5
2024-01-23 07:00:00+00:00,97.5,3.7,203.8
2024-01-23 08:00:00+00:00,91.86,205.8,292.59999999999997
2024-01-23 09:00:00+00:00,81.0,687.9,393.4
2024-01-23 10:00:00+00:00,66.65,1097.7,345.4
2024-01-23 11:00:00+00:00,61.91,1340.4,191.7
2024-01-23 12:00:00+00:00,61.03,1520.8,132.6
2024-01-23 13:00:00+00:00,62.01,1511.7,109.5
2024-01-23 14:00:00+00:00,64.0,1384.7,108.2
2024-01-23 15:00:00+00:00,66.62,1092.1,128.7
2024-01-23 16:00:00+00:00,84.0,556.1,159.8
2024-01-23 17:00:00+00:00,96.98,63.7,252.2
2024-01-23 18:00:00+00:00,115.0,0.2,321.0
2024-01-23 19:00:00+00:00,129.01,0.2,446.4
2024-01-23 20:00:00+00:00,106.76,0.3,502.1
2024-01-23 21:00:00+00:00,92.5,0.4,532.7
2024-01-23 22:00:00+00:00,84.51,0.2,652.6
2024-01-23 23:00:00+00:00,86.0,0.1,705.6
2024-01-24 00:00:00+00:00,78.93,0.0,771.0999999999999
2024-01-24 01:00:00+00:00,73.73,0.1,766.9
2024-01-24 02:00:00+00:00,71.69,0.1,789.9
2024-01-24 03:00:00+00:00,70.94,0.1,840.4
2024-01-24 04:00:00+00:00,71.69,0.0,866.8
2024-01-24 05:00:00+00:00,80.19,0.1,941.2
2024-01-24 06:00:00+00:00,90.5,0.1,1032.0
2024-01-24 07:00:00+00:00,99.41,4.1,1212.6
2024-01-24 08:00:00+00:00,89.02,263.4,1304.6
2024-01-24 09:00:00+00:00,70.69,875.4,1339.5
2024-01-24 10:00:00+00:00,61.8,1263.9,1248.7
2024-01-24 11:00:00+00:00,59.87,1430.6,1059.2
2024-01-24 12:00:00+00:00,58.2,1523.3,917.6
2024-01-24 13:00:00+00:00,58.2,1529.6,881.2
2024-01-24 14:00:00+00:00,60.5,1403.2,822.9
2024-01-24 15:00:00+00:00,64.0,1137.3,754.2
2024-01-24 16:00:00+00:00,88.61,588.9,777.6
2024-01-24 17:00:00+00:00,94.94,70.1,843.1
2024-01-24 18:00:00+00:00,150.41,0.2,866.4
2024-01-24 19:00:00+00:00,152.17,0.2,943.6999999999999
2024-01-24 20:00:00+00:00,103.0,0.3,963.0
2024-01-24 21:00:00+00:00,88.04,0.4,895.5
2024-01-24 22:00:00+00:00,74.86,0.2,769.6999999999999
2024-01-24 23:00:00+00:00,64.97,0.2,753.4
2024-01-25 00:00:00+00:00,60.53,0.0,759.6
2024-01-25 01:00:00+00:00,60.0,0.1,706.1
2024-01-25 02:00:00+00:00,55.36,0.1,663.7
2024-01-25 03:00:00+00:00,57.26,0.0,667.4
2024-01-25 04:00:00+00:00,63.29,0.0,687.1
2024-01-25 05:00:00+00:00,72.45,0.1,679.5
2024-01-25 06:00:00+00:00,83.5,0.1,711.6999999999999
2024-01-25 07:00:00+00:00,95.53,6.2,666.0
2024-01-25 08:00:00+00:00,89.84,264.7,552.0
2024-01-25 09:00:00+00:00,74.71,864.4,509.4
2024-01-25 10:00:00+00:00,65.01,1216.0,481.9
2024-01-25 11:00:00+00:00,64.97,1390.7,302.7
2024-01-25 12:00:00+00:00,64.97,1510.3,172.5
2024-01-25 13:00:00+00:00,65.0,1524.8,111.4
2024-01-25 14:00:00+00:00,61.85,1426.7,51.4
2024-01-25 15:00:00+00:00,67.67,1112.3,34.3
2024-01-25 16:00:00+00:00,75.59,517.4,27.5
2024-01-25 17:00:00+00:00,94.72,60.2,51.3
2024-01-25 18:00:00+00:00,113.0,0.2,76.5
2024-01-25 19:00:00+00:00,135.36,0.2,134.0
2024-01-25 20:00:00+00:00,103.01,0.2,179.1
2024-01-25 21:00:00+00:00,80.95,0.3,186.3
2024-01-25 22:00:00+00:00,73.58,0.2,236.6
2024-01-25 23:00:00+00:00,63.37,0.1,248.20000000000002
2024-01-26 00:00:00+00:00,65.0,0.1,164.3
2024-01-26 01:00:00+00:00,63.86,0.0,111.8
2024-01-26 02:00:00+00:00,63.86,0.1,100.3
2024-01-26 03:00:00+00:00,62.48,0.0,119.8
2024-01-26 04:00:00+00:00,63.86,0.0,208.8
2024-01-26 05:00:00+00:00,69.57,0.0,312.3
2024-01-26 06:00:00+00:00,80.02,0.1,396.2
2024-01-26 07:00:00+00:00,115.0,4.3,523.9
2024-01-26 08:00:00+00:00,77.3,237.0,696.6999999999999
2024-01-26 09:00:00+00:00,66.19,766.0,677.2
2024-01-26 10:00:00+00:00,62.39,1142.6,687.9000000000001
2024-01-26 11:00:00+00:00,55.78,1340.2,635.9000000000001
2024-01-26 12:00:00+00:00,50.7,1391.5,494.9
2024-01-26 13:00:00+00:00,53.61,1378.4,416.5
2024-01-26 14:00:00+00:00,55.52,1150.0,335.40000000000003
2024-01-26 15:00:00+00:00,63.38,842.4,343.4
2024-01-26 16:00:00+00:00,73.74,406.3,479.09999999999997
2024-01-26 17:00:00+00:00,89.62,58.0,671.4
2024-01-26 18:00:00+00:00,96.8,0.2,801.0
2024-01-26 19:00:00+00:00,111.07,0.2,905.5
2024-01-26 20:00:00+00:00,93.0,0.2,1031.1
2024-01-26 21:00:00+00:00,74.98,0.3,1164.0
2024-01-26 22:00:00+00:00,70.45,0.2,1348.6
2024-01-26 23:00:00+00:00,64.97,0.1,1487.5
2024-01-27 00:00:00+00:00,61.06,0.0,1524.4
2024-01-27 01:00:00+00:00,59.05,0.0,1513.5
2024-01-27 02:00:00+00:00,55.9,0.0,1574.6000000000001
2024-01-27 03:00:00+00:00,55.9,0.0,1595.0
2024-01-27 04:00:00+00:00,57.22,0.0,1576.8999999999999
2024-01-27 05:00:00+00:00,59.36,0.0,1416.2
2024-01-27 06:00:00+00:00,66.19,0.0,1455.7
2024-01-27 07:00:00+00:00,73.4,4.8,1682.4
2024-01-27 08:00:00+00:00,73.4,224.2,1836.0
2024-01-27 09:00:00+00:00,62.01,766.5,1776.0
2024-01-27 10:00:00+00:00,54.4,1223.7,1598.2
2024-01-27 11:00:00+00:00,47.0,1391.2,1391.6
2024-01-27 12:00:00+00:00,47.7,1451.7,1207.2
2024-01-27 13:00:00+00:00,47.5,1408.7,1087.3
2024-01-27 14:00:00+00:00,47.0,1306.9,1029.1
2024-01-27 15:00:00+00:00,55.2,1053.6,892.6
2024-01-27 16:00:00+00:00,74.43,555.4,835.0999999999999
2024-01-27 17:00:00+00:00,95.97,68.9,968.5
2024-01-27 18:00:00+00:00,92.51,0.2,1277.0
2024-01-27 19:00:00+00:00,92.53,0.1,1450.9
2024-01-27 20:00:00+00:00,89.5,0.2,1521.7
2024-01-27 21:00:00+00:00,75.97,0.2,1782.0
2024-01-27 22:00:00+00:00,72.7,0.1,1929.0
2024-01-27 23:00:00+00:00,62.03,0.1,2149.7999999999997
2024-01-28 00:00:00+00:00,58.2,0.1,2311.0
2024-01-28 01:00:00+00:00,52.9,0.0,2462.6
2024-01-28 02:00:00+00:00,47.21,0.0,2493.5
2024-01-28 03:00:00+00:00,44.0,0.0,2527.0
2024-01-28 04:00:00+00:00,43.2,0.0,2697.2
2024-01-28 05:00:00+00:00,47.05,0.0,2671.7
2024-01-28 06:00:00+00:00,51.4,0.0,2649.9
2024-01-28 07:00:00+00:00,55.29,2.8,2666.5
2024-01-28 08:00:00+00:00,55.1,133.2,2564.7999999999997
2024-01-28 09:00:00+00:00,42.0,418.7,2258.2
2024-01-28 10:00:00+00:00,37.0,605.1,1911.3999999999999
2024-01-28 11:00:00+00:00,42.0,833.9,1685.4
2024-01-28 12:00:00+00:00,39.93,958.4,1339.7
2024-01-28 13:00:00+00:00,40.09,884.4,1107.0
2024-01-28 14:00:00+00:00,38.03,930.3,955.8
2024-01-28 15:00:00+00:00,43.12,687.6,951.8000000000001
2024-01-28 16:00:00+00:00,60.8,332.8,1032.0
2024-01-28 17:00:00+00:00,71.14,41.3,1162.3
2024-01-28 18:00:00+00:00,71.55,0.1,1309.4
2024-01-28 19:00:00+00:00,69.87,0.1,1397.5
2024-01-28 20:00:00+00:00,63.11,0.1,1427.8
2024-01-28 21:00:00+00:00,60.34,0.2,1494.0
2024-01-28 22:00:00+00:00,56.0,0.1,1653.6999999999998
2024-01-28 23:00:00+00:00,49.97,0.1,1712.3
2024-01-29 00:00:00+00:00,47.26,0.0,1712.3
2024-01-29 01:00:00+00:00,48.12,0.0,1724.6000000000001
2024-01-29 02:00:00+00:00,47.97,0.0,1876.6
2024-01-29 03:00:00+00:00,51.58,0.0,1926.2
2024-01-29 04:00:00+00:00,60.06,0.0,1912.8
2024-01-29 05:00:00+00:00,80.66,0.1,1809.0
2024-01-29 06:00:00+00:00,88.7,0.1,1633.7
2024-01-29 07:00:00+00:00,90.22,2.1,1523.6999999999998
2024-01-29 08:00:00+00:00,88.39,125.6,1475.1
2024-01-29 09:00:00+00:00,78.9,429.7,1397.1999999999998
2024-01-29 10:00:00+00:00,71.27,866.9,1389.9
2024-01-29 11:00:00+00:00,70.24,1230.9,1267.2
2024-01-29 12:00:00+00:00,73.81,1442.9,1164.7
2024-01-29 13:00:00+00:00,78.03,1419.0,947.3000000000001
2024-01-29 14:00:00+00:00,78.78,1280.0,889.6
2024-01-29 15:00:00+00:00,82.87,1023.4,800.5
2024-01-29 16:00:00+00:00,89.86,541.4,738.8
2024-01-29 17:00:00+00:00,110.0,79.8,872.4
2024-01-29 18:00:00+00:00,107.52,0.1,1100.4
2024-01-29 19:00:00+00:00,108.5,0.1,1162.5
2024-01-29 20:00:00+00:00,92.18,0.3,1087.3000000000002
2024-01-29 21:00:00+00:00,87.0,0.4,1110.2
2024-01-29 22:00:00+00:00,80.29,0.2,1071.9
2024-01-29 23:00:00+00:00,71.94,0.1,947.1
2024-01-30 00:00:00+00:00,68.64,0.0,875.5
2024-01-30 01:00:00+00:00,69.37,0.0,868.9
2024-01-30 02:00:00+00:00,65.1,0.0,956.7
2024-01-30 03:00:00+00:00,64.0,0.0,1001.8000000000001
2024-01-30 04:00:00+00:00,69.37,0.0,1082.9
2024-01-30 05:00:00+00:00,79.02,0.1,1318.3999999999999
2024-01-30 06:00:00+00:00,91.04,0.1,1458.3
2024-01-30 07:00:00+00:00,95.95,8.0,1632.0
2024-01-30 08:00:00+00:00,88.7,230.9,1940.2
2024-01-30 09:00:00+00:00,77.15,758.3,1980.4
2024-01-30 10:00:00+00:00,70.1,1194.8,1850.0
2024-01-30 11:00:00+00:00,68.1,1421.8,1605.9
2024-01-30 12:00:00+00:00,68.23,1476.9,1299.8
2024-01-30 13:00:00+00:00,71.93,1432.2,999.1999999999999
2024-01-30 14:00:00+00:00,71.95,1268.6,768.5
2024-01-30 15:00:00+00:00,78.89,961.3,612.5
2024-01-30 16:00:00+00:00,88.83,451.4,454.0
2024-01-30 17:00:00+00:00,99.76,56.3,530.0
2024-01-30 18:00:00+00:00,107.0,0.2,781.8
2024-01-30 19:00:00+00:00,123.22,0.2,1042.9
2024-01-30 20:00:00+00:00,95.06,0.2,1203.0
2024-01-30 21:00:00+00:00,88.7,0.3,1435.4
2024-01-30 22:00:00+00:00,78.78,0.1,1620.5
2024-01-30 23:00:00+00:00,74.09,0.1,1668.6
2024-01-31 00:00:00+00:00,71.48,0.0,1701.2
2024-01-31 01:00:00+00:00,70.89,0.1,1707.0
2024-01-31 02:00:00+00:00,69.82,0.1,1742.3
2024-01-31 03:00:00+00:00,69.25,0.0,1634.6
2024-01-31 04:00:00+00:00,74.01,0.0,1583.4
2024-01-31 05:00:00+00:00,81.89,0.1,1552.3
2024-01-31 06:00:00+00:00,84.47,0.1,1495.5
2024-01-31 07:00:00+00:00,91.82,9.1,1550.7
2024-01-31 08:00:00+00:00,93.23,270.2,1613.0
2024-01-31 09:00:00+00:00,82.98,820.7,1427.5
2024-01-31 10:00:00+00:00,72.19,1234.2,1219.2
2024-01-31 11:00:00+00:00,70.01,1520.4,1049.9
2024-01-31 12:00:00+00:00,66.5,1645.6,752.2
2024-01-31 13:00:00+00:00,65.8,1648.2,417.0
2024-01-31 14:00:00+00:00,64.95,1454.3,207.3
2024-01-31 15:00:00+00:00,66.26,1161.1,140.10000000000002
2024-01-31 16:00:00+00:00,77.0,590.9,152.4
2024-01-31 17:00:00+00:00,91.0,78.9,270.09999999999997
2024-01-31 18:00:00+00:00,119.47,0.2,476.8
2024-01-31 19:00:00+00:00,168.35,0.1,724.1999999999999
2024-01-31 20:00:00+00:00,94.54,0.2,854.0
2024-01-31 21:00:00+00:00,85.0,0.3,987.0999999999999
2024-01-31 22:00:00+00:00,77.52,0.2,1097.4
2024-01-31 23:00:00+00:00,69.0,0.2,1148.8
2024-02-01 00:00:00+00:00,60.44,0.1,1304.2
2024-02-01 01:00:00+00:00,55.1,0.0,1409.5
2024-02-01 02:00:00+00:00,54.6,0.1,1565.6000000000001
2024-02-01 03:00:00+00:00,53.47,0.0,1696.3000000000002
2024-02-01 04:00:00+00:00,59.82,0.0,1728.8999999999999
2024-02-01 05:00:00+00:00,72.42,0.1,1744.1999999999998
2024-02-01 06:00:00+00:00,88.76,0.1,1784.6
2024-02-01 07:00:00+00:00,95.76,8.6,1738.8
2024-02-01 08:00:00+00:00,88.77,316.0,1596.7
2024-02-01 09:00:00+00:00,62.8,958.6,1346.5
2024-02-01 10:00:00+00:00,55.98,1337.8,1002.9
2024-02-01 11:00:00+00:00,54.44,1518.8,719.8000000000001
2024-02-01 12:00:00+00:00,54.0,1591.5,582.2
2024-02-01 13:00:00+00:00,54.44,1577.9,449.70000000000005
2024-02-01 14:00:00+00:00,54.6,1456.8,341.90000000000003
2024-02-01 15:00:00+00:00,60.44,1189.4,286.0
2024-02-01 16:00:00+00:00,76.0,652.4,286.0
2024-02-01 17:00:00+00:00,101.89,107.0,449.7
2024-02-01 18:00:00+00:00,99.05,0.2,846.1
2024-02-01 19:00:00+00:00,94.0,0.1,1149.3
2024-02-01 20:00:00+00:00,83.66,0.3,1303.4
2024-02-01 21:00:00+00:00,82.13,0.4,1317.8
2024-02-01 22:00:00+00:00,71.19,0.1,1478.5
2024-02-01 23:00:00+00:00,62.95,0.1,1607.4
2024-02-02 00:00:00+00:00,60.05,0.0,1592.8
2024-02-02 01:00:00+00:00,58.0,0.0,1538.7
2024-02-02 02:00:00+00:00,54.69,0.1,1475.5
2024-02-02 03:00:00+00:00,52.41,0.0,1483.8
2024-02-02 04:00:00+00:00,55.0,0.0,1568.6
2024-02-02 05:00:00+00:00,61.0,0.1,1773.4
2024-02-02 06:00:00+00:00,80.34,0.1,1984.4
2024-02-02 07:00:00+00:00,90.75,7.7,2261.7
2024-02-02 08:00:00+00:00,83.98,311.5,2379.1
2024-02-02 09:00:00+00:00,61.42,938.6,2295.4
2024-02-02 10:00:00+00:00,54.0,1355.5,1980.2
2024-02-02 11:00:00+00:00,54.0,1519.1,1556.6
2024-02-02 12:00:00+00:00,55.5,1601.2,1150.8999999999999
2024-02-02 13:00:00+00:00,53.3,1568.1,817.7
2024-02-02 14:00:00+00:00,55.91,1440.6,588.8000000000001
2024-02-02 15:00:00+00:00,55.5,1181.6,552.0
2024-02-02 16:00:00+00:00,70.95,671.0,628.3000000000001
2024-02-02 17:00:00+00:00,80.16,113.4,760.5
2024-02-02 18:00:00+00:00,83.83,0.1,1190.6
2024-02-02 19:00:00+00:00,83.98,0.1,1658.3999999999999
2024-02-02 20:00:00+00:00,76.46,0.1,1971.5
2024-02-02 21:00:00+00:00,68.44,0.2,2221.7999999999997
2024-02-02 22:00:00+00:00,55.0,0.1,2322.0
2024-02-02 23:00:00+00:00,56.44,0.1,2525.7999999999997
2024-02-03 00:00:00+00:00,52.71,0.0,2476.6
2024-02-03 01:00:00+00:00,51.18,0.0,2403.5
2024-02-03 02:00:00+00:00,50.83,0.0,2416.4
2024-02-03 03:00:00+00:00,51.16,0.0,2333.6
2024-02-03 04:00:00+00:00,52.57,0.0,2082.9
2024-02-03 05:00:00+00:00,53.5,0.0,1910.5
2024-02-03 06:00:00+00:00,56.8,0.0,1716.2
2024-02-03 07:00:00+00:00,63.0,9.3,1674.2
2024-02-03 08:00:00+00:00,59.1,335.2,1563.2
2024-02-03 09:00:00+00:00,53.28,1014.8,1333.8
2024-02-03 10:00:00+00:00,45.27,1485.1,1046.8
2024-02-03 11:00:00+00:00,41.58,1715.0,861.4
2024-02-03 12:00:00+00:00,39.81,1803.0,703.6
2024-02-03 13:00:00+00:00,41.76,1783.8,561.2
2024-02-03 14:00:00+00:00,46.44,1639.2,350.8
2024-02-03 15:00:00+00:00,53.0,1326.9,189.79999999999998
2024-02-03 16:00:00+00:00,64.87,741.0,109.0
2024-02-03 17:00:00+00:00,81.43,127.1,58.0
2024-02-03 18:00:00+00:00,87.76,0.1,78.6
2024-02-03 19:00:00+00:00,95.68,0.1,88.5
2024-02-03 20:00:00+00:00,92.71,0.1,111.4
2024-02-03 21:00:00+00:00,86.11,0.1,159.2
2024-02-03 22:00:00+00:00,70.79,0.0,192.1
2024-02-03 23:00:00+00:00,66.62,0.1,217.4
2024-02-04 00:00:00+00:00,64.78,0.0,262.6
2024-02-04 01:00:00+00:00,64.91,0.0,297.0
2024-02-04 02:00:00+00:00,63.92,0.0,349.4
2024-02-04 03:00:00+00:00,61.75,0.0,397.3
2024-02-04 04:00:00+00:00,61.75,0.0,451.5
2024-02-04 05:00:00+00:00,60.0,0.0,503.6
2024-02-04 06:00:00+00:00,59.8,0.0,581.9
2024-02-04 07:00:00+00:00,63.92,13.1,561.6999999999999
2024-02-04 08:00:00+00:00,53.0,361.6,462.0
2024-02-04 09:00:00+00:00,44.7,1012.2,286.5
2024-02-04 10:00:00+00:00,40.0,1442.2,159.3
2024-02-04 11:00:00+00:00,34.28,1626.4,88.0
2024-02-04 12:00:00+00:00,35.65,1677.3,37.5
2024-02-04 13:00:00+00:00,35.0,1579.5,21.6
2024-02-04 14:00:00+00:00,32.0,1340.0,16.0
2024-02-04 15:00:00+00:00,43.35,989.8,9.700000000000001
2024-02-04 16:00:00+00:00,54.93,530.9,8.4
2024-02-04 17:00:00+00:00,77.5,90.7,13.5
2024-02-04 18:00:00+00:00,89.0,0.1,15.200000000000001
2024-02-04 19:00:00+00:00,129.81,0.1,22.1
2024-02-04 20:00:00+00:00,119.77,0.1,28.5
2024-02-04 21:00:00+00:00,82.94,0.1,32.2
2024-02-04 22:00:00+00:00,75.0,0.0,33.1
2024-02-04 23:00:00+00:00,71.66,0.1,21.0
2024-02-05 00:00:00+00:00,73.0,0.0,10.4
2024-02-05 01:00:00+00:00,69.1,0.0,8.7
2024-02-05 02:00:00+00:00,67.87,0.1,7.9
2024-02-05 03:00:00+00:00,67.87,0.0,13.5
2024-02-05 04:00:00+00:00,69.78,0.0,15.3
2024-02-05 05:00:00+00:00,73.22,0.1,19.6
2024-02-05 06:00:00+00:00,83.15,0.1,13.8
2024-02-05 07:00:00+00:00,98.59,6.6,6.9
2024-02-05 08:00:00+00:00,87.36,173.3,7.0
2024-02-05 09:00:00+00:00,76.68,504.4,8.1
2024-02-05 10:00:00+00:00,69.74,844.4,6.6
2024-02-05 11:00:00+00:00,60.0,1239.2,4.6
2024-02-05 12:00:00+00:00,50.0,1279.8,3.9
2024-02-05 13:00:00+00:00,51.0,1165.7,10.5
2024-02-05 14:00:00+00:00,59.71,1093.6,30.9
2024-02-05 15:00:00+00:00,68.8,704.4,68.7
2024-02-05 16:00:00+00:00,76.44,360.6,115.5
2024-02-05 17:00:00+00:00,89.13,57.7,165.4
2024-02-05 18:00:00+00:00,129.47,0.1,181.7
2024-02-05 19:00:00+00:00,181.26,0.1,167.6
2024-02-05 20:00:00+00:00,111.36,0.1,211.5
2024-02-05 21:00:00+00:00,81.06,0.1,281.7
2024-02-05 22:00:00+00:00,75.75,0.1,398.3
2024-02-05 23:00:00+00:00,74.5,0.1,399.9
2024-02-06 00:00:00+00:00,75.0,0.1,345.1
2024-02-06 01:00:00+00:00,70.75,0.1,313.9
2024-02-06 02:00:00+00:00,68.88,0.1,252.9
2024-02-06 03:00:00+00:00,65.1,0.1,151.2
2024-02-06 04:00:00+00:00,68.88,0.1,141.3
2024-02-06 05:00:00+00:00,74.5,0.1,163.4
2024-02-06 06:00:00+00:00,82.06,0.1,270.7
2024-02-06 07:00:00+00:00,121.06,5.0,310.8
2024-02-06 08:00:00+00:00,96.06,195.8,296.8
2024-02-06 09:00:00+00:00,79.61,614.3,307.09999999999997
2024-02-06 10:00:00+00:00,72.48,980.5,160.8
2024-02-06 11:00:00+00:00,71.0,1266.8,109.2
2024-02-06 12:00:00+00:00,56.47,1521.8,147.8
2024-02-06 13:00:00+00:00,51.5,1567.0,328.70000000000005
2024-02-06 14:00:00+00:00,56.44,1384.7,463.3
2024-02-06 15:00:00+00:00,61.33,1047.8,633.2
2024-02-06 16:00:00+00:00,71.0,573.2,767.1
2024-02-06 17:00:00+00:00,78.77,101.8,732.4
2024-02-06 18:00:00+00:00,89.01,0.1,885.1
2024-02-06 19:00:00+00:00,88.87,0.1,1057.7
2024-02-06 20:00:00+00:00,78.28,0.1,1368.7
2024-02-06 21:00:00+00:00,69.03,0.1,1228.7
2024-02-06 22:00:00+00:00,56.09,0.1,1405.0
2024-02-06 23:00:00+00:00,41.7,0.1,1433.6
2024-02-07 00:00:00+00:00,39.0,0.0,1400.8
2024-02-07 01:00:00+00:00,37.45,0.0,1393.0
2024-02-07 02:00:00+00:00,33.21,0.0,1255.4
2024-02-07 03:00:00+00:00,26.17,0.0,1238.1
2024-02-07 04:00:00+00:00,38.0,0.0,1300.8999999999999
2024-02-07 05:00:00+00:00,47.28,0.0,1590.4
2024-02-07 06:00:00+00:00,69.99,0.1,1609.0
2024-02-07 07:00:00+00:00,74.49,4.6,1501.3
2024-02-07 08:00:00+00:00,68.61,135.7,1519.3
2024-02-07 09:00:00+00:00,66.04,399.3,1722.3000000000002
2024-02-07 10:00:00+00:00,59.2,638.7,2119.8
2024-02-07 11:00:00+00:00,45.0,797.5,2371.4
2024-02-07 12:00:00+00:00,40.4,962.0,2690.5
2024-02-07 13:00:00+00:00,35.0,1119.1,2673.2000000000003
2024-02-07 14:00:00+00:00,28.33,1010.7,2558.9
2024-02-07 15:00:00+00:00,37.45,719.4,2404.1
2024-02-07 16:00:00+00:00,41.0,377.1,2306.6
2024-02-07 17:00:00+00:00,57.84,74.4,2378.9
2024-02-07 18:00:00+00:00,72.76,0.1,2713.0
2024-02-07 19:00:00+00:00,76.89,0.1,3066.9
2024-02-07 20:00:00+00:00,67.72,0.1,3218.3
2024-02-07 21:00:00+00:00,58.42,0.1,3432.1
2024-02-07 22:00:00+00:00,45.8,0.1,3569.8
2024-02-07 23:00:00+00:00,46.73,0.1,3679.7
2024-02-08 00:00:00+00:00,39.0,0.1,3697.5
2024-02-08 01:00:00+00:00,33.8,0.0,3801.1
2024-02-08 02:00:00+00:00,32.45,0.1,4049.0
2024-02-08 03:00:00+00:00,31.7,0.1,4302.7
2024-02-08 04:00:00+00:00,32.45,0.0,4357.9
2024-02-08 05:00:00+00:00,41.5,0.1,4464.8
2024-02-08 06:00:00+00:00,45.79,0.1,4478.7
2024-02-08 07:00:00+00:00,47.0,1.5,4544.0
2024-02-08 08:00:00+00:00,42.13,50.4,4588.2
2024-02-08 09:00:00+00:00,37.0,141.1,4589.0
2024-02-08 10:00:00+00:00,35.22,165.3,4562.8
2024-02-08 11:00:00+00:00,38.0,192.1,4526.3
2024-02-08 12:00:00+00:00,31.7,196.7,4621.8
2024-02-08 13:00:00+00:00,33.8,154.1,4640.3
2024-02-08 14:00:00+00:00,33.08,101.0,4707.9
2024-02-08 15:00:00+00:00,39.4,52.8,4787.6
2024-02-08 16:00:00+00:00,41.5,21.8,4863.6
2024-02-08 17:00:00+00:00,44.23,4.3,4846.9
2024-02-08 18:00:00+00:00,40.0,0.1,4760.2
2024-02-08 19:00:00+00:00,40.5,0.1,4406.7
2024-02-08 20:00:00+00:00,37.94,0.1,4044.5
2024-02-08 21:00:00+00:00,40.19,0.1,3443.7000000000003
2024-02-08 22:00:00+00:00,28.7,0.1,3088.2
2024-02-08 23:00:00+00:00,22.04,0.1,2939.7000000000003
2024-02-09 00:00:00+00:00,11.17,0.1,3051.6000000000004
2024-02-09 01:00:00+00:00,5.0,0.1,2871.2
2024-02-09 02:00:00+00:00,3.2,0.0,3027.7000000000003
2024-02-09 03:00:00+00:00,3.2,0.0,3097.6
2024-02-09 04:00:00+00:00,11.14,0.1,2957.2999999999997
2024-02-09 05:00:00+00:00,29.62,0.1,2812.7999999999997
2024-02-09 06:00:00+00:00,48.92,0.1,2786.7
2024-02-09 07:00:00+00:00,57.84,2.3,2451.7000000000003
2024-02-09 08:00:00+00:00,65.0,64.9,2550.5
2024-02-09 09:00:00+00:00,66.35,169.0,2896.6
2024-02-09 10:00:00+00:00,57.84,346.7,3392.5
2024-02-09 11:00:00+00:00,50.56,536.8,3437.5
2024-02-09 12:00:00+00:00,46.73,619.3,4209.299999999999
2024-02-09 13:00:00+00:00,47.99,899.9,4414.099999999999
2024-02-09 14:00:00+00:00,46.73,922.9,4657.1
2024-02-09 15:00:00+00:00,44.99,802.9,4579.400000000001
2024-02-09 16:00:00+00:00,42.0,470.8,4355.7
2024-02-09 17:00:00+00:00,44.46,79.7,4307.200000000001
2024-02-09 18:00:00+00:00,59.95,0.3,4332.3
2024-02-09 19:00:00+00:00,66.35,0.1,4604.3
2024-02-09 20:00:00+00:00,55.02,0.1,4685.6
2024-02-09 21:00:00+00:00,43.13,0.1,4681.799999999999
2024-02-09 22:00:00+00:00,35.0,0.1,4659.9
2024-02-09 23:00:00+00:00,26.78,0.1,4532.7
2024-02-10 00:00:00+00:00,14.0,0.0,4402.5
2024-02-10 01:00:00+00:00,5.0,0.0,4221.2
2024-02-10 02:00:00+00:00,3.2,0.0,4024.3
2024-02-10 03:00:00+00:00,3.2,0.0,3968.1
2024-02-10 04:00:00+00:00,3.2,0.0,3941.5
2024-02-10 05:00:00+00:00,3.2,0.1,3822.3
2024-02-10 06:00:00+00:00,3.2,0.0,3579.0
2024-02-10 07:00:00+00:00,3.2,14.1,3586.1
2024-02-10 08:00:00+00:00,3.2,322.7,3375.8
2024-02-10 09:00:00+00:00,0.43,809.8,3595.2999999999997
2024-02-10 10:00:00+00:00,0.0,1071.5,3933.5
2024-02-10 11:00:00+00:00,0.0,1212.4,4064.9
2024-02-10 12:00:00+00:00,0.0,1327.4,4184.0
2024-02-10 13:00:00+00:00,0.0,1271.9,4330.1
2024-02-10 14:00:00+00:00,0.0,1236.3,4232.0
2024-02-10 15:00:00+00:00,0.0,1053.3,4174.8
2024-02-10 16:00:00+00:00,0.43,550.1,4108.5
2024-02-10 17:00:00+00:00,3.2,135.4,3838.2
2024-02-10 18:00:00+00:00,25.01,0.2,3589.3999999999996
2024-02-10 19:00:00+00:00,36.46,0.1,3317.9
2024-02-10 20:00:00+00:00,37.9,0.1,2676.7
2024-02-10 21:00:00+00:00,32.68,0.1,2501.6000000000004
2024-02-10 22:00:00+00:00,23.0,0.1,2374.4
2024-02-10 23:00:00+00:00,35.0,0.1,2040.6
2024-02-11 00:00:00+00:00,23.26,0.0,1826.4
2024-02-11 01:00:00+00:00,22.01,0.0,1506.2
2024-02-11 02:00:00+00:00,20.5,0.1,1231.6
2024-02-11 03:00:00+00:00,25.0,0.1,1300.5
2024-02-11 04:00:00+00:00,24.98,0.1,1294.1
2024-02-11 05:00:00+00:00,37.9,0.1,1427.2
2024-02-11 06:00:00+00:00,40.19,0.0,1574.5
2024-02-11 07:00:00+00:00,41.0,1.2,1760.8000000000002
2024-02-11 08:00:00+00:00,42.1,41.8,2219.9
2024-02-11 09:00:00+00:00,43.46,124.7,2494.2
2024-02-11 10:00:00+00:00,40.19,225.1,2780.5
2024-02-11 11:00:00+00:00,39.9,312.1,2768.5
2024-02-11 12:00:00+00:00,40.19,401.3,2738.7
2024-02-11 13:00:00+00:00,39.98,438.8,2647.6
2024-02-11 14:00:00+00:00,39.99,413.8,2475.8
2024-02-11 15:00:00+00:00,46.73,329.3,2437.0
2024-02-11 16:00:00+00:00,61.94,179.7,2351.2000000000003
2024-02-11 17:00:00+00:00,67.78,33.0,2524.3
2024-02-11 18:00:00+00:00,67.78,0.1,2564.6
2024-02-11 19:00:00+00:00,75.75,0.1,2808.2000000000003
2024-02-11 20:00:00+00:00,70.01,0.0,3156.1000000000004
2024-02-11 21:00:00+00:00,56.94,0.0,3649.0
2024-02-11 22:00:00+00:00,40.7,0.0,4058.6
2024-02-11 23:00:00+00:00,39.23,0.1,4215.8
2024-02-12 00:00:00+00:00,38.12,0.0,4281.099999999999
2024-02-12 01:00:00+00:00,35.0,0.0,4277.4
2024-02-12 02:00:00+00:00,33.76,0.1,4277.8
2024-02-12 03:00:00+00:00,33.76,0.0,4193.7
2024-02-12 04:00:00+00:00,35.1,0.0,4069.1
2024-02-12 05:00:00+00:00,37.4,0.1,3777.8
2024-02-12 06:00:00+00:00,39.88,0.1,3473.9
2024-02-12 07:00:00+00:00,50.5,13.3,3084.9
2024-02-12 08:00:00+00:00,46.78,313.9,2504.8999999999996
2024-02-12 09:00:00+00:00,40.0,804.0,2010.0
2024-02-12 10:00:00+00:00,35.6,1191.8,1573.0
2024-02-12 11:00:00+00:00,33.76,1362.2,1391.6
2024-02-12 12:00:00+00:00,35.6,1419.7,1353.2
2024-02-12 13:00:00+00:00,35.0,1524.9,1296.9
2024-02-12 14:00:00+00:00,35.0,1469.1,1017.4
2024-02-12 15:00:00+00:00,30.0,1195.9,810.8000000000001
2024-02-12 16:00:00+00:00,40.0,644.1,852.1
2024-02-12 17:00:00+00:00,59.34,111.1,955.8000000000001
2024-02-12 18:00:00+00:00,88.21,0.6,886.3
2024-02-12 19:00:00+00:00,79.15,0.1,1120.3000000000002
2024-02-12 20:00:00+00:00,71.54,0.1,1540.3
2024-02-12 21:00:00+00:00,65.87,0.1,1645.1999999999998
2024-02-12 22:00:00+00:00,61.9,0.1,1660.6000000000001
2024-02-12 23:00:00+00:00,53.87,0.1,1660.9
2024-02-13 00:00:00+00:00,41.1,0.0,1525.7
2024-02-13 01:00:00+00:00,40.0,0.1,1682.2
2024-02-13 02:00:00+00:00,40.0,0.1,1926.9
2024-02-13 03:00:00+00:00,40.0,0.0,1960.6
2024-02-13 04:00:00+00:00,42.61,0.0,1934.6
2024-02-13 05:00:00+00:00,52.0,0.1,2177.6
2024-02-13 06:00:00+00:00,65.91,0.1,2285.4
2024-02-13 07:00:00+00:00,68.44,5.9,2139.6
2024-02-13 08:00:00+00:00,66.8,99.8,1768.3
2024-02-13 09:00:00+00:00,65.0,248.5,1382.5
2024-02-13 10:00:00+00:00,63.87,434.1,1069.3
2024-02-13 11:00:00+00:00,60.53,605.7,966.2
2024-02-13 12:00:00+00:00,60.26,720.9,905.7
2024-02-13 13:00:00+00:00,60.52,764.4,815.0999999999999
2024-02-13 14:00:00+00:00,60.52,757.3,743.5
2024-02-13 15:00:00+00:00,66.5,608.1,697.7
2024-02-13 16:00:00+00:00,68.61,338.6,631.8000000000001
2024-02-13 17:00:00+00:00,87.92,67.8,631.6999999999999
2024-02-13 18:00:00+00:00,91.81,0.2,767.3000000000001
2024-02-13 19:00:00+00:00,82.14,0.1,838.8000000000001
2024-02-13 20:00:00+00:00,73.17,0.1,926.9
2024-02-13 21:00:00+00:00,69.18,0.1,974.5
2024-02-13 22:00:00+00:00,65.0,0.1,951.9000000000001
2024-02-13 23:00:00+00:00,60.63,0.1,1100.1999999999998
2024-02-14 00:00:00+00:00,59.34,0.0,1230.6000000000001
2024-02-14 01:00:00+00:00,55.76,0.0,1423.5
2024-02-14 02:00:00+00:00,54.79,0.0,1521.9
2024-02-14 03:00:00+00:00,55.06,0.0,1567.5
2024-02-14 04:00:00+00:00,59.21,0.0,1874.6999999999998
2024-02-14 05:00:00+00:00,64.95,0.1,2162.9
2024-02-14 06:00:00+00:00,66.94,0.1,2538.6
2024-02-14 07:00:00+00:00,70.5,15.3,3133.3999999999996
2024-02-14 08:00:00+00:00,69.65,189.4,3492.1
2024-02-14 09:00:00+00:00,59.87,458.6,3666.6
2024-02-14 10:00:00+00:00,47.0,812.7,3647.5
2024-02-14 11:00:00+00:00,46.1,908.6,3359.6000000000004
2024-02-14 12:00:00+00:00,41.1,1061.3,3094.7
2024-02-14 13:00:00+00:00,39.88,1088.8,2956.9
2024-02-14 14:00:00+00:00,40.0,954.0,2916.5
2024-02-14 15:00:00+00:00,43.0,641.0,2844.2
2024-02-14 16:00:00+00:00,59.93,284.9,2807.3
2024-02-14 17:00:00+00:00,65.0,69.0,2889.2999999999997
2024-02-14 18:00:00+00:00,81.71,0.3,3060.9
2024-02-14 19:00:00+00:00,77.1,0.1,3373.5
2024-02-14 20:00:00+00:00,69.59,0.1,3157.1
2024-02-14 21:00:00+00:00,61.77,0.1,3564.2999999999997
2024-02-14 22:00:00+00:00,59.93,0.1,3981.2000000000003
2024-02-14 23:00:00+00:00,50.5,0.1,4011.2999999999997
2024-02-15 00:00:00+00:00,39.88,0.1,4154.1
2024-02-15 01:00:00+00:00,36.37,0.0,4123.400000000001
2024-02-15 02:00:00+00:00,36.37,0.0,4161.9
2024-02-15 03:00:00+00:00,36.6,0.0,4073.7
2024-02-15 04:00:00+00:00,36.87,0.0,3921.5
2024-02-15 05:00:00+00:00,47.0,0.0,3838.9
2024-02-15 06:00:00+00:00,60.0,0.1,3503.3
2024-02-15 07:00:00+00:00,62.53,5.2,3154.1
2024-02-15 08:00:00+00:00,59.93,82.2,2756.6
2024-02-15 09:00:00+00:00,54.79,251.9,2689.8999999999996
2024-02-15 10:00:00+00:00,55.99,424.8,2439.8999999999996
2024-02-15 11:00:00+00:00,52.65,661.5,2320.1000000000004
2024-02-15 12:00:00+00:00,48.01,869.0,2411.4
2024-02-15 13:00:00+00:00,45.56,1082.3,2634.5
2024-02-15 14:00:00+00:00,46.89,1162.5,3034.9
2024-02-15 15:00:00+00:00,45.39,1029.6,3333.2
2024-02-15 16:00:00+00:00,49.0,660.6,3536.1
2024-02-15 17:00:00+00:00,59.5,150.2,3379.9
2024-02-15 18:00:00+00:00,64.44,0.9,3356.4
2024-02-15 19:00:00+00:00,63.29,0.1,2880.6
2024-02-15 20:00:00+00:00,60.0,0.1,2136.3
2024-02-15 21:00:00+00:00,59.5,0.1,1580.0
2024-02-15 22:00:00+00:00,55.68,0.1,1145.7
2024-02-15 23:00:00+00:00,51.76,0.1,708.3000000000001
2024-02-16 00:00:00+00:00,51.08,0.0,485.1
2024-02-16 01:00:00+00:00,49.92,0.1,819.2
2024-02-16 02:00:00+00:00,47.06,0.1,1290.5
2024-02-16 03:00:00+00:00,42.0,0.1,1063.5
2024-02-16 04:00:00+00:00,46.0,0.0,824.6999999999999
2024-02-16 05:00:00+00:00,51.57,0.1,863.0
2024-02-16 06:00:00+00:00,60.5,0.1,745.6
2024-02-16 07:00:00+00:00,65.94,25.4,726.9
2024-02-16 08:00:00+00:00,59.0,328.0,625.3
2024-02-16 09:00:00+00:00,48.73,682.9,448.5
2024-02-16 10:00:00+00:00,47.06,955.7,282.70000000000005
2024-02-16 11:00:00+00:00,42.1,1059.5,247.7
2024-02-16 12:00:00+00:00,44.2,1087.0,312.1
2024-02-16 13:00:00+00:00,42.1,1192.7,256.2
2024-02-16 14:00:00+00:00,42.1,1224.8,300.70000000000005
2024-02-16 15:00:00+00:00,47.06,1112.6,340.7
2024-02-16 16:00:00+00:00,52.08,666.9,360.90000000000003
2024-02-16 17:00:00+00:00,63.22,186.5,390.3
2024-02-16 18:00:00+00:00,77.93,1.3,509.8
2024-02-16 19:00:00+00:00,73.09,0.1,467.9
2024-02-16 20:00:00+00:00,69.66,0.1,440.3
2024-02-16 21:00:00+00:00,65.94,0.1,415.5
2024-02-16 22:00:00+00:00,61.6,0.1,361.5
2024-02-16 23:00:00+00:00,46.8,0.1,313.0
2024-02-17 00:00:00+00:00,46.0,0.0,237.9
2024-02-17 01:00:00+00:00,46.0,0.0,180.5
2024-02-17 02:00:00+00:00,45.0,0.0,224.39999999999998
2024-02-17 03:00:00+00:00,45.0,0.1,262.7
2024-02-17 04:00:00+00:00,44.23,0.0,224.1
2024-02-17 05:00:00+00:00,44.23,0.1,249.29999999999998
2024-02-17 06:00:00+00:00,45.27,0.0,661.0
2024-02-17 07:00:00+00:00,46.34,44.1,928.4
2024-02-17 08:00:00+00:00,44.5,533.8,683.6
2024-02-17 09:00:00+00:00,40.0,1125.4,401.6
2024-02-17 10:00:00+00:00,35.0,1375.4,279.1
2024-02-17 11:00:00+00:00,33.2,1621.5,212.7
2024-02-17 12:00:00+00:00,33.5,1675.1,150.0
2024-02-17 13:00:00+00:00,32.4,1804.9,96.6
2024-02-17 14:00:00+00:00,30.7,1778.2,117.7
2024-02-17 15:00:00+00:00,33.5,1490.1,152.0
2024-02-17 16:00:00+00:00,45.27,951.9,219.89999999999998
2024-02-17 17:00:00+00:00,65.68,228.1,315.1
2024-02-17 18:00:00+00:00,82.93,1.7,420.7
2024-02-17 19:00:00+00:00,75.03,0.1,556.8
2024-02-17 20:00:00+00:00,70.75,0.1,600.1999999999999
2024-02-17 21:00:00+00:00,68.2,0.1,613.6
2024-02-17 22:00:00+00:00,69.11,0.1,635.4
2024-02-17 23:00:00+00:00,59.98,0.1,551.1
2024-02-18 00:00:00+00:00,54.81,0.1,442.09999999999997
2024-02-18 01:00:00+00:00,51.05,0.1,494.8
2024-02-18 02:00:00+00:00,49.16,0.1,599.9000000000001
2024-02-18 03:00:00+00:00,47.72,0.0,539.8
2024-02-18 04:00:00+00:00,48.47,0.0,487.6
2024-02-18 05:00:00+00:00,46.02,0.1,427.7
2024-02-18 06:00:00+00:00,48.97,0.1,429.79999999999995
2024-02-18 07:00:00+00:00,47.28,38.5,455.0
2024-02-18 08:00:00+00:00,43.03,495.4,339.5
2024-02-18 09:00:00+00:00,40.0,1181.5,225.79999999999998
2024-02-18 10:00:00+00:00,35.6,1610.1,109.8
2024-02-18 11:00:00+00:00,34.8,1783.2,48.1
2024-02-18 12:00:00+00:00,33.5,1804.6,28.3
2024-02-18 13:00:00+00:00,33.2,1821.4,36.1
2024-02-18 14:00:00+00:00,30.18,1658.3,55.2
2024-02-18 15:00:00+00:00,32.2,1494.7,83.6
2024-02-18 16:00:00+00:00,41.2,977.1,145.4
2024-02-18 17:00:00+00:00,51.96,288.7,228.0
2024-02-18 18:00:00+00:00,63.91,3.3,351.0
2024-02-18 19:00:00+00:00,64.71,0.1,394.6
2024-02-18 20:00:00+00:00,59.83,0.1,515.9
2024-02-18 21:00:00+00:00,57.33,0.1,554.8000000000001
2024-02-18 22:00:00+00:00,53.94,0.1,618.1
2024-02-18 23:00:00+00:00,44.0,0.1,610.6
2024-02-19 00:00:00+00:00,44.33,0.1,635.1
2024-02-19 01:00:00+00:00,44.63,0.1,715.2
2024-02-19 02:00:00+00:00,43.91,0.1,776.0
2024-02-19 03:00:00+00:00,43.67,0.1,863.4
2024-02-19 04:00:00+00:00,41.5,0.1,932.3000000000001
2024-02-19 05:00:00+00:00,44.0,0.1,1181.0
2024-02-19 06:00:00+00:00,55.0,0.1,1504.8999999999999
2024-02-19 07:00:00+00:00,59.04,48.2,1650.6999999999998
2024-02-19 08:00:00+00:00,44.0,481.5,1568.6
2024-02-19 09:00:00+00:00,39.5,1044.5,1282.4
2024-02-19 10:00:00+00:00,31.23,1488.3,1207.0
2024-02-19 11:00:00+00:00,30.6,1753.7,1135.6
2024-02-19 12:00:00+00:00,30.6,1891.0,846.6
2024-02-19 13:00:00+00:00,30.0,1858.1,543.6
2024-02-19 14:00:00+00:00,27.79,1724.5,386.9
2024-02-19 15:00:00+00:00,31.23,1455.9,364.1
2024-02-19 16:00:00+00:00,43.22,958.7,411.90000000000003
2024-02-19 17:00:00+00:00,53.52,266.8,479.7
2024-02-19 18:00:00+00:00,66.28,2.8,721.5
2024-02-19 19:00:00+00:00,72.26,0.1,1026.8999999999999
2024-02-19 20:00:00+00:00,65.22,0.1,1343.1
2024-02-19 21:00:00+00:00,54.1,0.1,1662.1999999999998
2024-02-19 22:00:00+00:00,53.52,0.1,1983.2
2024-02-19 23:00:00+00:00,43.74,0.1,2346.5
2024-02-20 00:00:00+00:00,41.43,0.1,2494.6
2024-02-20 01:00:00+00:00,37.88,0.1,2500.8
2024-02-20 02:00:00+00:00,37.0,0.1,2470.0
2024-02-20 03:00:00+00:00,38.0,0.1,2356.2
2024-02-20 04:00:00+00:00,41.0,0.1,2162.9
2024-02-20 05:00:00+00:00,47.96,0.1,1797.9
2024-02-20 06:00:00+00:00,55.0,0.1,1352.6
2024-02-20 07:00:00+00:00,56.28,62.5,961.5
2024-02-20 08:00:00+00:00,47.67,622.4,962.8000000000001
2024-02-20 09:00:00+00:00,32.2,1275.6,905.7
2024-02-20 10:00:00+00:00,28.6,1653.7,687.9
2024-02-20 11:00:00+00:00,28.76,1793.0,392.6
2024-02-20 12:00:00+00:00,28.76,1790.0,164.6
2024-02-20 13:00:00+00:00,28.6,1761.9,60.9
2024-02-20 14:00:00+00:00,29.68,1677.4,29.1
2024-02-20 15:00:00+00:00,30.62,1387.1,31.2
2024-02-20 16:00:00+00:00,43.06,916.4,86.0
2024-02-20 17:00:00+00:00,72.64,303.1,88.5
2024-02-20 18:00:00+00:00,75.44,3.7,114.4
2024-02-20 19:00:00+00:00,181.0,0.1,155.29999999999998
2024-02-20 20:00:00+00:00,119.47,0.1,156.7
2024-02-20 21:00:00+00:00,63.16,0.1,141.1
2024-02-20 22:00:00+00:00,54.76,0.1,192.8
2024-02-20 23:00:00+00:00,52.84,0.1,196.3
2024-02-21 00:00:00+00:00,49.5,0.1,265.1
2024-02-21 01:00:00+00:00,46.99,0.1,308.2
2024-02-21 02:00:00+00:00,44.95,0.1,341.59999999999997
2024-02-21 03:00:00+00:00,45.68,0.1,321.5
2024-02-21 04:00:00+00:00,50.35,0.0,391.1
2024-02-21 05:00:00+00:00,50.98,0.1,432.2
2024-02-21 06:00:00+00:00,60.82,0.1,557.2
2024-02-21 07:00:00+00:00,76.7,70.8,597.6
2024-02-21 08:00:00+00:00,48.77,572.2,671.4
2024-02-21 09:00:00+00:00,35.0,1149.0,577.7
2024-02-21 10:00:00+00:00,32.72,1495.3,571.2
2024-02-21 11:00:00+00:00,33.2,1634.3,610.2
2024-02-21 12:00:00+00:00,30.0,1619.2,715.7
2024-02-21 13:00:00+00:00,28.6,1525.2,809.9000000000001
2024-02-21 14:00:00+00:00,28.6,1346.4,747.4000000000001
2024-02-21 15:00:00+00:00,32.0,994.8,740.2
2024-02-21 16:00:00+00:00,36.0,589.8,778.4000000000001
2024-02-21 17:00:00+00:00,47.67,180.3,1125.9
2024-02-21 18:00:00+00:00,63.47,2.5,1853.9
2024-02-21 19:00:00+00:00,54.76,0.1,2024.9
2024-02-21 20:00:00+00:00,47.91,0.1,1859.1
2024-02-21 21:00:00+00:00,43.76,0.1,1923.5
2024-02-21 22:00:00+00:00,37.14,0.1,2172.9
2024-02-21 23:00:00+00:00,22.73,0.1,2595.7999999999997
2024-02-22 00:00:00+00:00,16.29,0.1,2862.9
2024-02-22 01:00:00+00:00,14.0,0.1,2781.8
2024-02-22 02:00:00+00:00,14.0,0.0,3174.6000000000004
2024-02-22 03:00:00+00:00,11.27,0.0,3454.4
2024-02-22 04:00:00+00:00,11.27,0.0,3546.9
2024-02-22 05:00:00+00:00,16.17,0.1,3647.2
2024-02-22 06:00:00+00:00,14.69,0.1,3857.9
2024-02-22 07:00:00+00:00,16.2,29.4,3978.8
2024-02-22 08:00:00+00:00,13.75,228.0,4179.2
2024-02-22 09:00:00+00:00,10.07,369.7,4382.1
2024-02-22 10:00:00+00:00,8.87,552.1,4374.7
2024-02-22 11:00:00+00:00,3.5,632.7,4349.6
2024-02-22 12:00:00+00:00,3.2,697.1,4473.3
2024-02-22 13:00:00+00:00,3.2,767.3,4532.9
2024-02-22 14:00:00+00:00,3.2,604.5,4688.299999999999
2024-02-22 15:00:00+00:00,5.0,410.2,4541.299999999999
2024-02-22 16:00:00+00:00,9.0,263.9,4384.200000000001
2024-02-22 17:00:00+00:00,10.07,98.0,4211.4
2024-02-22 18:00:00+00:00,9.99,3.1,4120.900000000001
2024-02-22 19:00:00+00:00,11.8,0.1,4064.1
2024-02-22 20:00:00+00:00,13.0,0.1,4028.6
2024-02-22 21:00:00+00:00,10.07,0.1,3940.1
2024-02-22 22:00:00+00:00,5.67,0.1,3946.4
2024-02-22 23:00:00+00:00,9.57,0.1,4068.5
2024-02-23 00:00:00+00:00,4.09,0.0,4131.1
2024-02-23 01:00:00+00:00,3.2,0.1,4172.6
2024-02-23 02:00:00+00:00,1.83,0.1,4173.400000000001
2024-02-23 03:00:00+00:00,2.58,0.1,4120.4
2024-02-23 04:00:00+00:00,3.2,0.0,4215.3
2024-02-23 05:00:00+00:00,6.8,0.1,4144.5
2024-02-23 06:00:00+00:00,11.0,0.1,4163.0
2024-02-23 07:00:00+00:00,11.22,53.5,4024.1
2024-02-23 08:00:00+00:00,6.8,521.1,3835.0
2024-02-23 09:00:00+00:00,3.2,1047.7,3896.9
2024-02-23 10:00:00+00:00,3.2,1222.2,4036.6
2024-02-23 11:00:00+00:00,3.0,1281.5,4159.1
2024-02-23 12:00:00+00:00,0.43,1318.4,4281.2
2024-02-23 13:00:00+00:00,0.01,1311.4,4336.9
2024-02-23 14:00:00+00:00,0.01,1201.8,4361.5
2024-02-23 15:00:00+00:00,0.43,976.8,4343.5
2024-02-23 16:00:00+00:00,3.2,604.2,4285.6
2024-02-23 17:00:00+00:00,11.17,169.5,4292.3
2024-02-23 18:00:00+00:00,15.1,3.2,4180.2
2024-02-23 19:00:00+00:00,17.15,0.1,4153.2
2024-02-23 20:00:00+00:00,18.36,0.1,4125.4
2024-02-23 21:00:00+00:00,13.94,0.1,4108.8
2024-02-23 22:00:00+00:00,11.69,0.1,4049.1
2024-02-23 23:00:00+00:00,7.41,0.1,4085.9
2024-02-24 00:00:00+00:00,5.0,0.0,4008.3
2024-02-24 01:00:00+00:00,3.2,0.1,3984.1
2024-02-24 02:00:00+00:00,4.2,0.0,3695.2
2024-02-24 03:00:00+00:00,5.0,0.0,3534.9
2024-02-24 04:00:00+00:00,5.0,0.1,3356.6
2024-02-24 05:00:00+00:00,6.2,0.0,3524.5
2024-02-24 06:00:00+00:00,8.18,0.0,3403.9
2024-02-24 07:00:00+00:00,7.41,50.3,3202.0
2024-02-24 08:00:00+00:00,3.7,436.2,3137.9
2024-02-24 09:00:00+00:00,3.2,959.4,3082.4
2024-02-24 10:00:00+00:00,0.0,1146.3,3150.7
2024-02-24 11:00:00+00:00,0.0,1192.7,3199.4
2024-02-24 12:00:00+00:00,0.0,1330.6,3215.0
2024-02-24 13:00:00+00:00,0.0,1296.9,3303.0
2024-02-24 14:00:00+00:00,0.0,1198.8,3317.0
2024-02-24 15:00:00+00:00,0.0,919.4,3292.0
2024-02-24 16:00:00+00:00,3.2,560.9,3122.8
2024-02-24 17:00:00+00:00,8.22,174.6,2940.7
2024-02-24 18:00:00+00:00,15.83,4.7,2999.8
2024-02-24 19:00:00+00:00,32.37,0.1,3092.7
2024-02-24 20:00:00+00:00,25.0,0.1,3271.9
2024-02-24 21:00:00+00:00,14.0,0.1,3650.7
2024-02-24 22:00:00+00:00,9.48,0.1,3979.8
2024-02-24 23:00:00+00:00,4.3,0.1,4189.3
2024-02-25 00:00:00+00:00,3.2,0.0,4186.2
2024-02-25 01:00:00+00:00,3.2,0.0,4255.0
2024-02-25 02:00:00+00:00,3.2,0.0,4381.5
2024-02-25 03:00:00+00:00,3.2,0.0,4498.7
2024-02-25 04:00:00+00:00,3.0,0.0,4524.799999999999
2024-02-25 05:00:00+00:00,3.2,0.1,4595.8
2024-02-25 06:00:00+00:00,3.2,0.0,4508.099999999999
2024-02-25 07:00:00+00:00,3.2,25.9,4465.2
2024-02-25 08:00:00+00:00,3.2,231.0,4452.2
2024-02-25 09:00:00+00:00,3.2,584.9,4477.4
2024-02-25 10:00:00+00:00,3.2,773.4,4537.2
2024-02-25 11:00:00+00:00,0.43,931.8,4538.1
2024-02-25 12:00:00+00:00,0.43,1046.6,4657.1
2024-02-25 13:00:00+00:00,0.43,991.5,4556.9
2024-02-25 14:00:00+00:00,0.0,932.6,4468.7
2024-02-25 15:00:00+00:00,0.01,626.7,4562.8
2024-02-25 16:00:00+00:00,2.33,337.1,4606.0
2024-02-25 17:00:00+00:00,3.3,95.4,4571.6
2024-02-25 18:00:00+00:00,4.82,1.9,4618.900000000001
2024-02-25 19:00:00+00:00,7.0,0.1,4576.5
2024-02-25 20:00:00+00:00,7.2,0.1,4512.7
2024-02-25 21:00:00+00:00,5.0,0.1,4255.7
2024-02-25 22:00:00+00:00,3.2,0.0,4077.7000000000003
2024-02-25 23:00:00+00:00,3.2,0.1,4022.4
2024-02-26 00:00:00+00:00,3.2,0.0,4077.0
2024-02-26 01:00:00+00:00,0.1,0.1,4182.1
2024-02-26 02:00:00+00:00,0.1,0.1,4283.0
2024-02-26 03:00:00+00:00,0.1,0.1,4339.1
2024-02-26 04:00:00+00:00,3.0,0.0,4309.2
2024-02-26 05:00:00+00:00,3.2,0.1,4451.4
2024-02-26 06:00:00+00:00,11.24,0.1,4495.7
2024-02-26 07:00:00+00:00,10.5,58.6,4498.0
2024-02-26 08:00:00+00:00,3.35,467.7,4290.6
2024-02-26 09:00:00+00:00,3.2,930.4,4233.5
2024-02-26 10:00:00+00:00,3.2,1203.4,4298.7
2024-02-26 11:00:00+00:00,0.43,1448.2,4340.3
2024-02-26 12:00:00+00:00,0.43,1591.5,4410.3
2024-02-26 13:00:00+00:00,0.01,1511.8,4421.7
2024-02-26 14:00:00+00:00,0.0,1415.8,4434.3
2024-02-26 15:00:00+00:00,0.2,1206.9,4431.5
2024-02-26 16:00:00+00:00,3.2,848.7,4503.8
2024-02-26 17:00:00+00:00,3.21,274.1,4482.2
2024-02-26 18:00:00+00:00,10.0,6.7,4403.6
2024-02-26 19:00:00+00:00,11.75,0.1,4421.0
2024-02-26 20:00:00+00:00,10.0,0.1,4390.2
2024-02-26 21:00:00+00:00,4.7,0.1,4379.1
2024-02-26 22:00:00+00:00,3.3,0.1,4329.0
2024-02-26 23:00:00+00:00,2.58,0.1,4285.1
2024-02-27 00:00:00+00:00,1.0,0.1,3891.8
2024-02-27 01:00:00+00:00,0.0,0.1,3913.1
2024-02-27 02:00:00+00:00,0.0,0.1,3961.5
2024-02-27 03:00:00+00:00,0.0,0.1,4041.7000000000003
2024-02-27 04:00:00+00:00,0.0,0.1,4004.4
2024-02-27 05:00:00+00:00,3.2,0.1,4025.0
2024-02-27 06:00:00+00:00,4.38,0.1,4040.4
2024-02-27 07:00:00+00:00,4.8,99.3,3916.5
2024-02-27 08:00:00+00:00,3.2,705.2,3779.6
2024-02-27 09:00:00+00:00,0.43,1317.4,3408.6
2024-02-27 10:00:00+00:00,0.0,1654.0,3157.1
2024-02-27 11:00:00+00:00,0.0,1800.6,2657.2000000000003
2024-02-27 12:00:00+00:00,0.0,1832.8,2598.2
2024-02-27 13:00:00+00:00,0.0,1781.5,2956.5
2024-02-27 14:00:00+00:00,0.0,1647.1,3236.2999999999997
2024-02-27 15:00:00+00:00,0.43,1377.1,3187.1
2024-02-27 16:00:00+00:00,1.8,916.7,3120.0
2024-02-27 17:00:00+00:00,4.51,319.5,3069.4
2024-02-27 18:00:00+00:00,10.0,11.9,3335.5
2024-02-27 19:00:00+00:00,25.0,0.1,3465.3
2024-02-27 20:00:00+00:00,14.0,0.1,3370.3
2024-02-27 21:00:00+00:00,6.56,0.1,3159.7000000000003
2024-02-27 22:00:00+00:00,5.83,0.1,3046.5
2024-02-27 23:00:00+00:00,3.2,0.1,2980.8
2024-02-28 00:00:00+00:00,3.2,0.1,2900.0
2024-02-28 01:00:00+00:00,3.2,0.1,2803.9
2024-02-28 02:00:00+00:00,3.2,0.1,2686.7
2024-02-28 03:00:00+00:00,3.2,0.1,2463.4
2024-02-28 04:00:00+00:00,3.2,0.1,2454.2999999999997
2024-02-28 05:00:00+00:00,3.2,0.1,2568.0
2024-02-28 06:00:00+00:00,5.68,0.1,2553.7
2024-02-28 07:00:00+00:00,5.9,100.7,2457.6
2024-02-28 08:00:00+00:00,3.2,686.2,2173.1
2024-02-28 09:00:00+00:00,0.43,1283.1,1853.1
2024-02-28 10:00:00+00:00,0.0,1602.7,1632.2
2024-02-28 11:00:00+00:00,0.0,1760.8,1314.3
2024-02-28 12:00:00+00:00,0.0,1837.9,1104.8999999999999
2024-02-28 13:00:00+00:00,0.0,1819.0,1020.0
2024-02-28 14:00:00+00:00,0.0,1712.4,1024.3
2024-02-28 15:00:00+00:00,0.0,1465.4,1126.5
2024-02-28 16:00:00+00:00,3.2,1017.1,1266.8
2024-02-28 17:00:00+00:00,10.54,359.8,1370.8999999999999
2024-02-28 18:00:00+00:00,25.0,12.2,1589.6999999999998
2024-02-28 19:00:00+00:00,66.96,0.1,1721.0
2024-02-28 20:00:00+00:00,50.0,0.1,1617.3000000000002
2024-02-28 21:00:00+00:00,19.71,0.1,1511.0
2024-02-28 22:00:00+00:00,11.29,0.1,1408.1
2024-02-28 23:00:00+00:00,14.67,0.1,1358.5
2024-02-29 00:00:00+00:00,10.0,0.1,1408.1
2024-02-29 01:00:00+00:00,6.48,0.1,1555.3
2024-02-29 02:00:00+00:00,6.0,0.1,1598.7
2024-02-29 03:00:00+00:00,5.68,0.0,1890.2
2024-02-29 04:00:00+00:00,5.83,0.1,2112.9
2024-02-29 05:00:00+00:00,5.6,0.1,2571.5
2024-02-29 06:00:00+00:00,10.67,0.1,3135.7999999999997
2024-02-29 07:00:00+00:00,10.0,55.1,3394.5
2024-02-29 08:00:00+00:00,5.9,312.4,3541.8
2024-02-29 09:00:00+00:00,3.2,670.4,3401.3
2024-02-29 10:00:00+00:00,0.1,981.9,4047.7
2024-02-29 11:00:00+00:00,0.0,1083.3,4646.5
2024-02-29 12:00:00+00:00,0.0,1104.3,4917.4
2024-02-29 13:00:00+00:00,0.0,1122.1,5020.3
2024-02-29 14:00:00+00:00,0.0,1253.7,4986.8
2024-02-29 15:00:00+00:00,0.0,1170.0,4945.3
2024-02-29 16:00:00+00:00,0.01,844.4,4827.6
2024-02-29 17:00:00+00:00,3.28,309.6,4561.1
2024-02-29 18:00:00+00:00,5.0,11.4,4298.5
2024-02-29 19:00:00+00:00,7.97,0.1,3970.7000000000003
2024-02-29 20:00:00+00:00,6.33,0.1,3729.7000000000003
2024-02-29 21:00:00+00:00,5.0,0.1,3383.7000000000003
2024-02-29 22:00:00+00:00,3.4,0.1,3281.5
2024-02-29 23:00:00+00:00,2.17,0.1,3110.4
2024-03-01 00:00:00+00:00,0.5,0.1,2812.5
2024-03-01 01:00:00+00:00,0.2,0.1,2611.7000000000003
2024-03-01 02:00:00+00:00,0.1,0.1,2549.6
2024-03-01 03:00:00+00:00,0.01,0.1,2582.4
2024-03-01 04:00:00+00:00,0.5,0.1,2418.0
2024-03-01 05:00:00+00:00,3.0,0.1,2400.7000000000003
2024-03-01 06:00:00+00:00,3.25,0.1,2339.8999999999996
2024-03-01 07:00:00+00:00,3.25,111.0,2380.2999999999997
2024-03-01 08:00:00+00:00,3.2,647.5,2370.7999999999997
2024-03-01 09:00:00+00:00,0.0,1307.1,2519.8999999999996
2024-03-01 10:00:00+00:00,0.0,1641.3,2577.4
2024-03-01 11:00:00+00:00,0.0,1654.5,2940.7
2024-03-01 12:00:00+00:00,0.0,1558.9,3265.5
2024-03-01 13:00:00+00:00,0.0,1364.4,3516.6
2024-03-01 14:00:00+00:00,0.0,1116.0,3640.4
2024-03-01 15:00:00+00:00,0.0,902.1,3556.0
2024-03-01 16:00:00+00:00,0.84,564.4,3445.9
2024-03-01 17:00:00+00:00,3.25,195.1,3269.5
2024-03-01 18:00:00+00:00,5.68,7.7,3218.9
2024-03-01 19:00:00+00:00,10.1,0.1,3073.7999999999997
2024-03-01 20:00:00+00:00,6.48,0.1,3156.2
2024-03-01 21:00:00+00:00,5.0,0.1,3174.4
2024-03-01 22:00:00+00:00,3.8,0.1,3348.8999999999996
2024-03-01 23:00:00+00:00,3.2,0.1,3542.9
2024-03-02 00:00:00+00:00,2.0,0.1,3735.5
2024-03-02 01:00:00+00:00,0.5,0.0,3977.6
2024-03-02 02:00:00+00:00,0.01,0.0,4142.8
2024-03-02 03:00:00+00:00,0.01,0.1,4157.8
2024-03-02 04:00:00+00:00,0.0,0.1,4218.1
2024-03-02 05:00:00+00:00,0.1,0.1,4293.4
2024-03-02 06:00:00+00:00,2.1,0.1,4397.0
2024-03-02 07:00:00+00:00,2.17,83.5,4530.9
2024-03-02 08:00:00+00:00,2.05,409.5,4539.0
2024-03-02 09:00:00+00:00,1.68,789.2,4543.5
2024-03-02 10:00:00+00:00,0.01,919.0,4627.5
2024-03-02 11:00:00+00:00,0.0,975.4,4606.8
2024-03-02 12:00:00+00:00,0.01,878.3,4688.3
2024-03-02 13:00:00+00:00,0.01,809.3,4603.7
2024-03-02 14:00:00+00:00,0.01,769.8,4558.6
2024-03-02 15:00:00+00:00,1.02,605.9,4510.9
2024-03-02 16:00:00+00:00,2.1,388.3,4371.7
2024-03-02 17:00:00+00:00,3.2,141.1,4302.8
2024-03-02 18:00:00+00:00,8.12,6.2,4119.2
2024-03-02 19:00:00+00:00,30.37,0.1,3817.1000000000004
2024-03-02 20:00:00+00:00,30.6,0.1,3422.5
2024-03-02 21:00:00+00:00,5.6,0.1,3070.5
2024-03-02 22:00:00+00:00,4.2,0.1,2845.9
2024-03-02 23:00:00+00:00,1.8,0.1,2880.3
2024-03-03 00:00:00+00:00,0.1,0.1,2646.0
2024-03-03 01:00:00+00:00,0.0,0.1,2373.1000000000004
2024-03-03 02:00:00+00:00,0.0,0.1,2331.8
2024-03-03 03:00:00+00:00,0.0,0.1,2541.1
2024-03-03 04:00:00+00:00,0.0,0.1,2730.5
2024-03-03 05:00:00+00:00,0.01,0.1,2893.0
2024-03-03 06:00:00+00:00,0.19,0.1,2707.7000000000003
2024-03-03 07:00:00+00:00,0.0,118.5,2441.3
2024-03-03 08:00:00+00:00,0.0,695.7,2197.8
2024-03-03 09:00:00+00:00,0.0,1274.1,2065.1
2024-03-03 10:00:00+00:00,0.0,1335.3,2236.9
2024-03-03 11:00:00+00:00,0.0,1261.1,2277.0
2024-03-03 12:00:00+00:00,0.0,1301.0,2407.7999999999997
2024-03-03 13:00:00+00:00,0.0,1149.1,2626.0
2024-03-03 14:00:00+00:00,0.0,1090.3,2745.9
2024-03-03 15:00:00+00:00,0.0,857.8,2732.7
2024-03-03 16:00:00+00:00,0.0,547.7,2581.0
2024-03-03 17:00:00+00:00,2.06,182.6,2143.9
2024-03-03 18:00:00+00:00,7.98,9.3,1847.7
2024-03-03 19:00:00+00:00,29.6,0.1,1816.7
2024-03-03 20:00:00+00:00,30.6,0.1,2173.6
2024-03-03 21:00:00+00:00,14.0,0.1,2592.1
2024-03-03 22:00:00+00:00,4.6,0.1,2623.2
2024-03-03 23:00:00+00:00,6.0,0.1,2670.9
2024-03-04 00:00:00+00:00,3.2,0.1,2701.1
2024-03-04 01:00:00+00:00,3.2,0.1,2679.5
2024-03-04 02:00:00+00:00,3.2,0.1,2895.2000000000003
2024-03-04 03:00:00+00:00,3.19,0.1,3127.4
2024-03-04 04:00:00+00:00,3.2,0.0,3497.0
2024-03-04 05:00:00+00:00,3.2,0.1,3708.5
2024-03-04 06:00:00+00:00,7.2,0.1,3592.3
2024-03-04 07:00:00+00:00,8.12,63.7,3748.3
2024-03-04 08:00:00+00:00,8.66,317.9,3649.1
2024-03-04 09:00:00+00:00,7.6,662.4,3306.1
2024-03-04 10:00:00+00:00,3.2,975.6,3196.2999999999997
2024-03-04 11:00:00+00:00,3.2,1215.9,3395.7999999999997
2024-03-04 12:00:00+00:00,2.91,1265.2,3420.0
2024-03-04 13:00:00+00:00,1.68,1340.5,3512.4
2024-03-04 14:00:00+00:00,1.0,1264.5,3580.1
2024-03-04 15:00:00+00:00,2.33,1163.3,3445.6
2024-03-04 16:00:00+00:00,3.2,896.3,3434.5
2024-03-04 17:00:00+00:00,5.0,343.9,3322.5
2024-03-04 18:00:00+00:00,14.0,18.1,3093.3
2024-03-04 19:00:00+00:00,25.0,0.1,3143.4
2024-03-04 20:00:00+00:00,17.98,0.1,3104.0
2024-03-04 21:00:00+00:00,12.5,0.1,2862.9
2024-03-04 22:00:00+00:00,6.1,0.1,2608.0
2024-03-04 23:00:00+00:00,7.36,0.1,2476.8
2024-03-05 00:00:00+00:00,4.66,0.1,2123.2
2024-03-05 01:00:00+00:00,4.66,0.1,1853.5
2024-03-05 02:00:00+00:00,5.0,0.1,1564.5
2024-03-05 03:00:00+00:00,6.0,0.1,1412.3
2024-03-05 04:00:00+00:00,8.23,0.1,1153.8
2024-03-05 05:00:00+00:00,24.1,0.1,903.6
2024-03-05 06:00:00+00:00,35.0,0.2,638.2
2024-03-05 07:00:00+00:00,61.45,156.6,590.4
2024-03-05 08:00:00+00:00,17.63,792.3,441.4
2024-03-05 09:00:00+00:00,8.0,1453.4,340.0
2024-03-05 10:00:00+00:00,4.6,1763.2,321.4
2024-03-05 11:00:00+00:00,4.0,1751.2,222.7
2024-03-05 12:00:00+00:00,3.9,1543.8,154.8
2024-03-05 13:00:00+00:00,3.9,1562.4,151.70000000000002
2024-03-05 14:00:00+00:00,4.0,1454.5,171.0
2024-03-05 15:00:00+00:00,5.83,1319.7,194.10000000000002
2024-03-05 16:00:00+00:00,17.0,1007.4,257.7
2024-03-05 17:00:00+00:00,50.51,436.5,293.8
2024-03-05 18:00:00+00:00,125.17,23.0,330.3
2024-03-05 19:00:00+00:00,129.47,0.1,421.9
2024-03-05 20:00:00+00:00,99.12,0.1,380.8
2024-03-05 21:00:00+00:00,85.41,0.2,277.59999999999997
2024-03-05 22:00:00+00:00,72.86,0.1,260.3
2024-03-05 23:00:00+00:00,71.0,0.1,228.9
2024-03-06 00:00:00+00:00,50.5,0.1,207.29999999999998
2024-03-06 01:00:00+00:00,50.51,0.1,196.6
2024-03-06 02:00:00+00:00,50.01,0.1,187.7
2024-03-06 03:00:00+00:00,41.64,0.1,170.4
2024-03-06 04:00:00+00:00,50.01,0.1,175.20000000000002
2024-03-06 05:00:00+00:00,50.68,0.1,227.20000000000002
2024-03-06 06:00:00+00:00,106.64,0.6,286.1
2024-03-06 07:00:00+00:00,108.7,168.5,414.6
2024-03-06 08:00:00+00:00,25.0,780.3,611.4
2024-03-06 09:00:00+00:00,14.24,1409.8,630.0
2024-03-06 10:00:00+00:00,5.96,1791.4,776.1999999999999
2024-03-06 11:00:00+00:00,4.07,1934.5,925.2
2024-03-06 12:00:00+00:00,3.9,1889.5,913.5999999999999
2024-03-06 13:00:00+00:00,3.87,1711.0,845.0999999999999
2024-03-06 14:00:00+00:00,3.9,1403.3,934.1
2024-03-06 15:00:00+00:00,5.87,1102.6,1111.0
2024-03-06 16:00:00+00:00,18.75,651.6,1229.5
2024-03-06 17:00:00+00:00,29.6,214.6,1439.8
2024-03-06 18:00:00+00:00,50.48,12.3,1845.8
2024-03-06 19:00:00+00:00,93.74,0.1,2350.4
2024-03-06 20:00:00+00:00,49.31,0.1,2795.2000000000003
2024-03-06 21:00:00+00:00,29.07,0.2,3148.3
2024-03-06 22:00:00+00:00,21.66,0.1,3459.0
2024-03-06 23:00:00+00:00,14.13,0.1,3705.1
2024-03-07 00:00:00+00:00,4.89,0.1,3759.0
2024-03-07 01:00:00+00:00,3.51,0.1,3735.1
2024-03-07 02:00:00+00:00,3.2,0.1,3657.6
2024-03-07 03:00:00+00:00,3.2,0.1,3643.5
2024-03-07 04:00:00+00:00,3.2,0.1,3674.2
2024-03-07 05:00:00+00:00,4.89,0.1,3688.4
2024-03-07 06:00:00+00:00,14.0,0.1,3923.5
2024-03-07 07:00:00+00:00,17.0,7.8,3984.0
2024-03-07 08:00:00+00:00,5.7,92.5,3896.0
2024-03-07 09:00:00+00:00,3.9,451.0,3825.6
2024-03-07 10:00:00+00:00,3.2,819.3,3602.7000000000003
2024-03-07 11:00:00+00:00,2.0,1044.4,3654.8
2024-03-07 12:00:00+00:00,0.43,1130.0,3427.7999999999997
2024-03-07 13:00:00+00:00,0.43,1235.5,3406.4
2024-03-07 14:00:00+00:00,0.43,1231.7,3344.0
2024-03-07 15:00:00+00:00,0.76,910.2,3275.1
2024-03-07 16:00:00+00:00,3.2,573.1,3230.0
2024-03-07 17:00:00+00:00,5.48,228.0,2827.9
2024-03-07 18:00:00+00:00,24.67,11.2,2589.0
2024-03-07 19:00:00+00:00,35.0,0.1,2442.1
2024-03-07 20:00:00+00:00,30.0,0.1,2496.5
2024-03-07 21:00:00+00:00,16.0,0.1,2413.2000000000003
2024-03-07 22:00:00+00:00,5.33,0.1,2386.7999999999997
2024-03-07 23:00:00+00:00,3.2,0.1,2504.1
2024-03-08 00:00:00+00:00,0.59,0.1,2960.8
2024-03-08 01:00:00+00:00,0.35,0.1,3465.7
2024-03-08 02:00:00+00:00,0.05,0.1,3651.2
2024-03-08 03:00:00+00:00,0.01,0.1,3697.8
2024-03-08 04:00:00+00:00,0.13,0.1,3938.1
2024-03-08 05:00:00+00:00,1.5,0.1,4090.1
2024-03-08 06:00:00+00:00,4.0,0.3,4069.1
2024-03-08 07:00:00+00:00,4.0,127.1,3962.4
2024-03-08 08:00:00+00:00,3.2,677.2,3691.9
2024-03-08 09:00:00+00:00,0.43,1225.4,3471.6
2024-03-08 10:00:00+00:00,0.0,1305.1,3486.5
2024-03-08 11:00:00+00:00,0.0,1235.8,3581.0
2024-03-08 12:00:00+00:00,0.0,1165.2,3735.7999999999997
2024-03-08 13:00:00+00:00,0.0,1050.4,3947.8
2024-03-08 14:00:00+00:00,0.0,813.9,4199.3
2024-03-08 15:00:00+00:00,0.0,422.7,4551.0
2024-03-08 16:00:00+00:00,2.41,174.7,4802.4
2024-03-08 17:00:00+00:00,1.59,32.6,4817.7
2024-03-08 18:00:00+00:00,3.2,2.4,4731.7
2024-03-08 19:00:00+00:00,5.98,0.1,4613.6
2024-03-08 20:00:00+00:00,4.0,0.1,4641.3
2024-03-08 21:00:00+00:00,3.2,0.1,4676.0
2024-03-08 22:00:00+00:00,0.43,0.1,4634.3
2024-03-08 23:00:00+00:00,0.01,0.1,4478.4
2024-03-09 00:00:00+00:00,0.0,0.1,4456.3
2024-03-09 01:00:00+00:00,0.0,0.1,4286.400000000001
2024-03-09 02:00:00+00:00,0.0,0.1,4035.0
2024-03-09 03:00:00+00:00,0.0,0.1,3778.0
2024-03-09 04:00:00+00:00,0.0,0.1,3384.4
2024-03-09 05:00:00+00:00,0.0,0.0,3255.0
2024-03-09 06:00:00+00:00,0.0,0.1,3134.5
2024-03-09 07:00:00+00:00,0.01,47.4,2945.6
2024-03-09 08:00:00+00:00,0.13,203.8,2944.0
2024-03-09 09:00:00+00:00,0.43,642.7,3036.4
2024-03-09 10:00:00+00:00,0.1,783.3,2905.2
2024-03-09 11:00:00+00:00,0.0,1083.9,2883.0
2024-03-09 12:00:00+00:00,0.0,1176.0,2969.4
2024-03-09 13:00:00+00:00,0.0,1040.2,3201.2999999999997
2024-03-09 14:00:00+00:00,0.0,1333.4,3274.5
2024-03-09 15:00:00+00:00,0.0,1062.3,3278.8
2024-03-09 16:00:00+00:00,0.0,660.9,3332.2
2024-03-09 17:00:00+00:00,0.2,218.7,3508.8
2024-03-09 18:00:00+00:00,3.2,15.5,3584.1
2024-03-09 19:00:00+00:00,3.5,0.1,3682.3
2024-03-09 20:00:00+00:00,3.2,0.1,3837.7
2024-03-09 21:00:00+00:00,3.2,0.1,3875.6
2024-03-09 22:00:00+00:00,0.2,0.1,3900.5
2024-03-09 23:00:00+00:00,0.0,0.1,3968.9
2024-03-10 00:00:00+00:00,0.0,0.1,4116.6
2024-03-10 01:00:00+00:00,0.0,0.1,4305.5
2024-03-10 02:00:00+00:00,0.0,0.1,4207.6
2024-03-10 03:00:00+00:00,0.0,0.1,4111.0
2024-03-10 04:00:00+00:00,0.0,0.1,4052.2
2024-03-10 05:00:00+00:00,0.0,0.1,4034.3
2024-03-10 06:00:00+00:00,0.0,0.7,3996.9
2024-03-10 07:00:00+00:00,0.0,168.9,4042.7000000000003
2024-03-10 08:00:00+00:00,0.0,701.5,3977.3
2024-03-10 09:00:00+00:00,0.0,1133.7,4088.7999999999997
2024-03-10 10:00:00+00:00,0.0,1182.1,4153.0
2024-03-10 11:00:00+00:00,0.0,1252.0,4195.1
2024-03-10 12:00:00+00:00,0.0,1518.5,4138.6
2024-03-10 13:00:00+00:00,0.0,1443.5,4172.700000000001
2024-03-10 14:00:00+00:00,0.0,1269.4,4194.0
2024-03-10 15:00:00+00:00,0.0,1165.8,4251.4
2024-03-10 16:00:00+00:00,0.0,896.1,4237.5
2024-03-10 17:00:00+00:00,0.0,327.1,4087.4
2024-03-10 18:00:00+00:00,3.19,23.1,3878.8
2024-03-10 19:00:00+00:00,3.2,0.1,3670.0
2024-03-10 20:00:00+00:00,3.2,0.1,3415.8
2024-03-10 21:00:00+00:00,3.2,0.1,3280.4
2024-03-10 22:00:00+00:00,0.1,0.1,3042.8
2024-03-10 23:00:00+00:00,0.1,0.1,2676.9
2024-03-11 00:00:00+00:00,0.0,0.1,2377.6
2024-03-11 01:00:00+00:00,0.0,0.1,2137.9
2024-03-11 02:00:00+00:00,0.0,0.1,1947.2
2024-03-11 03:00:00+00:00,0.0,0.1,1831.3000000000002
2024-03-11 04:00:00+00:00,0.0,0.1,1636.6999999999998
2024-03-11 05:00:00+00:00,1.68,0.1,1537.0
2024-03-11 06:00:00+00:00,4.97,1.3,1451.7
2024-03-11 07:00:00+00:00,3.2,194.9,1368.3
2024-03-11 08:00:00+00:00,0.01,836.6,1370.1
2024-03-11 09:00:00+00:00,0.0,1368.1,1372.7
2024-03-11 10:00:00+00:00,0.0,1499.9,1253.9
2024-03-11 11:00:00+00:00,0.0,1453.3,1171.9
2024-03-11 12:00:00+00:00,0.0,1476.2,1072.7
2024-03-11 13:00:00+00:00,0.0,1434.9,916.2
2024-03-11 14:00:00+00:00,0.0,1283.1,939.8
2024-03-11 15:00:00+00:00,0.0,928.9,990.7
2024-03-11 16:00:00+00:00,0.0,627.1,797.2
2024-03-11 17:00:00+00:00,5.51,330.7,498.6
2024-03-11 18:00:00+00:00,70.0,28.2,365.3
2024-03-11 19:00:00+00:00,87.97,0.1,332.5
2024-03-11 20:00:00+00:00,76.64,0.1,292.7
2024-03-11 21:00:00+00:00,75.0,0.2,232.9
2024-03-11 22:00:00+00:00,26.1,0.1,169.9
2024-03-11 23:00:00+00:00,35.0,0.1,137.8
2024-03-12 00:00:00+00:00,27.3,0.1,147.7
2024-03-12 01:00:00+00:00,25.0,0.1,236.9
2024-03-12 02:00:00+00:00,24.6,0.1,411.59999999999997
2024-03-12 03:00:00+00:00,25.0,0.1,642.9000000000001
2024-03-12 04:00:00+00:00,25.0,0.1,950.3
2024-03-12 05:00:00+00:00,24.8,0.1,1248.5
2024-03-12 06:00:00+00:00,38.0,2.5,1363.4
2024-03-12 07:00:00+00:00,38.0,242.1,1375.7
2024-03-12 08:00:00+00:00,20.0,947.1,1131.8
2024-03-12 09:00:00+00:00,0.5,1542.5,928.3
2024-03-12 10:00:00+00:00,0.43,1873.7,914.2
2024-03-12 11:00:00+00:00,0.15,1986.7,754.3
2024-03-12 12:00:00+00:00,0.1,1979.5,596.7
2024-03-12 13:00:00+00:00,0.1,1874.1,515.0
2024-03-12 14:00:00+00:00,0.42,1581.5,530.7
2024-03-12 15:00:00+00:00,3.0,1325.2,553.7
2024-03-12 16:00:00+00:00,20.1,929.1,595.9
2024-03-12 17:00:00+00:00,60.02,384.0,749.1999999999999
2024-03-12 18:00:00+00:00,98.99,42.7,1034.1
2024-03-12 19:00:00+00:00,173.82,0.1,1285.2
2024-03-12 20:00:00+00:00,117.9,0.2,1459.6
2024-03-12 21:00:00+00:00,70.54,0.2,1780.5
2024-03-12 22:00:00+00:00,41.24,0.1,1959.2
2024-03-12 23:00:00+00:00,32.89,0.1,2076.5
2024-03-13 00:00:00+00:00,30.0,0.1,2371.4
2024-03-13 01:00:00+00:00,25.33,0.1,2400.1
2024-03-13 02:00:00+00:00,22.41,0.1,2150.1
2024-03-13 03:00:00+00:00,24.74,0.1,2059.5
2024-03-13 04:00:00+00:00,21.0,0.1,1946.1
2024-03-13 05:00:00+00:00,22.0,0.1,1809.4
2024-03-13 06:00:00+00:00,42.1,1.4,1764.2
2024-03-13 07:00:00+00:00,57.56,175.5,1783.9
2024-03-13 08:00:00+00:00,22.08,787.1,1709.1000000000001
2024-03-13 09:00:00+00:00,10.0,1417.1,1536.5
2024-03-13 10:00:00+00:00,3.2,1771.2,1472.7
2024-03-13 11:00:00+00:00,3.0,1930.7,1434.9
2024-03-13 12:00:00+00:00,2.3,1908.6,1188.4
2024-03-13 13:00:00+00:00,2.01,1798.2,1016.3000000000001
2024-03-13 14:00:00+00:00,2.3,1662.2,896.8000000000001
2024-03-13 15:00:00+00:00,3.2,1427.0,833.6999999999999
2024-03-13 16:00:00+00:00,21.62,1087.1,767.1999999999999
2024-03-13 17:00:00+00:00,76.41,453.8,780.8
2024-03-13 18:00:00+00:00,98.78,36.0,835.1999999999999
2024-03-13 19:00:00+00:00,134.32,0.1,918.0
2024-03-13 20:00:00+00:00,89.05,0.2,897.0
2024-03-13 21:00:00+00:00,68.26,0.2,1101.3000000000002
2024-03-13 22:00:00+00:00,57.56,0.1,1353.6000000000001
2024-03-13 23:00:00+00:00,37.48,0.1,1485.2
2024-03-14 00:00:00+00:00,31.05,0.1,1550.6
2024-03-14 01:00:00+00:00,26.1,0.1,1690.8
2024-03-14 02:00:00+00:00,24.6,0.1,1788.3
2024-03-14 03:00:00+00:00,24.6,0.1,1872.6
2024-03-14 04:00:00+00:00,31.05,0.1,1876.3999999999999
2024-03-14 05:00:00+00:00,31.57,0.1,1724.5
2024-03-14 06:00:00+00:00,32.2,1.6,1584.4
2024-03-14 07:00:00+00:00,62.2,143.2,1329.4
2024-03-14 08:00:00+00:00,35.0,517.9,1164.6
2024-03-14 09:00:00+00:00,31.05,970.9,1081.8000000000002
2024-03-14 10:00:00+00:00,12.0,1271.2,1136.3
2024-03-14 11:00:00+00:00,10.2,1230.0,1129.5
2024-03-14 12:00:00+00:00,9.14,1272.3,1270.0
2024-03-14 13:00:00+00:00,3.5,1282.2,1455.9
2024-03-14 14:00:00+00:00,3.2,1190.3,1361.1
2024-03-14 15:00:00+00:00,9.14,1092.3,1399.5
2024-03-14 16:00:00+00:00,21.71,848.4,1531.4
2024-03-14 17:00:00+00:00,35.0,324.8,1765.5
2024-03-14 18:00:00+00:00,78.25,23.8,1920.6
2024-03-14 19:00:00+00:00,78.25,0.1,1990.1
2024-03-14 20:00:00+00:00,62.8,0.1,2109.6
2024-03-14 21:00:00+00:00,59.91,0.1,2033.5
2024-03-14 22:00:00+00:00,37.48,0.1,1775.3
2024-03-14 23:00:00+00:00,34.97,0.1,1642.5
2024-03-15 00:00:00+00:00,27.2,0.1,1641.0
2024-03-15 01:00:00+00:00,24.1,0.1,1497.0
2024-03-15 02:00:00+00:00,23.6,0.1,1196.8
2024-03-15 03:00:00+00:00,20.89,0.1,909.7
2024-03-15 04:00:00+00:00,24.1,0.1,722.1
2024-03-15 05:00:00+00:00,33.26,0.1,613.8
2024-03-15 06:00:00+00:00,51.92,2.5,535.7
2024-03-15 07:00:00+00:00,40.33,148.6,405.8
2024-03-15 08:00:00+00:00,24.1,422.4,337.0
2024-03-15 09:00:00+00:00,15.35,776.8,321.2
2024-03-15 10:00:00+00:00,15.05,1071.2,271.1
2024-03-15 11:00:00+00:00,12.43,1217.9,213.0
2024-03-15 12:00:00+00:00,10.95,1316.5,202.5
2024-03-15 13:00:00+00:00,10.55,1269.6,216.3
2024-03-15 14:00:00+00:00,10.55,1125.1,223.1
2024-03-15 15:00:00+00:00,15.15,992.2,221.79999999999998
2024-03-15 16:00:00+00:00,25.0,733.2,233.7
2024-03-15 17:00:00+00:00,40.0,354.7,217.3
2024-03-15 18:00:00+00:00,88.01,28.2,223.8
2024-03-15 19:00:00+00:00,123.58,0.1,262.5
2024-03-15 20:00:00+00:00,110.0,0.1,315.1
2024-03-15 21:00:00+00:00,74.9,0.1,382.1
2024-03-15 22:00:00+00:00,49.59,0.1,481.6
2024-03-15 23:00:00+00:00,45.18,0.1,587.0999999999999
2024-03-16 00:00:00+00:00,42.31,0.1,847.2
2024-03-16 01:00:00+00:00,37.99,0.0,1010.1
2024-03-16 02:00:00+00:00,35.58,0.1,1033.8
2024-03-16 03:00:00+00:00,35.0,0.1,1031.9
2024-03-16 04:00:00+00:00,34.97,0.1,960.6
2024-03-16 05:00:00+00:00,42.45,0.1,922.7
2024-03-16 06:00:00+00:00,37.45,2.3,1015.6
2024-03-16 07:00:00+00:00,26.45,183.8,1216.3999999999999
2024-03-16 08:00:00+00:00,14.77,601.6,1204.8000000000002
2024-03-16 09:00:00+00:00,10.5,998.2,1140.8
2024-03-16 10:00:00+00:00,5.42,1351.4,1364.8
2024-03-16 11:00:00+00:00,3.2,1586.0,1384.8
2024-03-16 12:00:00+00:00,3.2,1541.7,1502.1000000000001
2024-03-16 13:00:00+00:00,1.0,1483.8,1414.1
2024-03-16 14:00:00+00:00,0.43,1372.5,1247.1
2024-03-16 15:00:00+00:00,4.25,1111.7,1145.8999999999999
2024-03-16 16:00:00+00:00,13.45,668.4,983.6999999999999
2024-03-16 17:00:00+00:00,30.0,240.7,742.5
2024-03-16 18:00:00+00:00,65.3,24.2,714.4
2024-03-16 19:00:00+00:00,82.61,0.1,860.1
2024-03-16 20:00:00+00:00,73.35,0.1,1082.4
2024-03-16 21:00:00+00:00,51.06,0.1,1192.6
2024-03-16 22:00:00+00:00,35.58,0.1,1389.1000000000001
2024-03-16 23:00:00+00:00,35.0,0.1,1463.8999999999999
2024-03-17 00:00:00+00:00,30.0,0.1,1439.4
2024-03-17 01:00:00+00:00,25.15,0.1,1248.1999999999998
2024-03-17 02:00:00+00:00,25.15,0.1,999.7
2024-03-17 03:00:00+00:00,25.15,0.1,874.3000000000001
2024-03-17 04:00:00+00:00,25.0,0.1,792.7
2024-03-17 05:00:00+00:00,21.45,0.1,795.0
2024-03-17 06:00:00+00:00,24.0,4.5,806.1
2024-03-17 07:00:00+00:00,11.25,191.7,812.3
2024-03-17 08:00:00+00:00,11.34,639.8,779.9000000000001
2024-03-17 09:00:00+00:00,9.72,1172.0,698.7
2024-03-17 10:00:00+00:00,0.43,1595.5,614.5
2024-03-17 11:00:00+00:00,0.43,1819.8,576.0
2024-03-17 12:00:00+00:00,0.43,1921.3,517.1
2024-03-17 13:00:00+00:00,0.43,1819.7,468.4
2024-03-17 14:00:00+00:00,0.43,1632.3,361.7
2024-03-17 15:00:00+00:00,9.72,1429.1,330.2
2024-03-17 16:00:00+00:00,14.95,913.1,248.4
2024-03-17 17:00:00+00:00,35.0,409.1,183.1
2024-03-17 18:00:00+00:00,79.06,39.0,176.70000000000002
2024-03-17 19:00:00+00:00,77.89,0.1,201.79999999999998
2024-03-17 20:00:00+00:00,72.33,0.1,187.9
2024-03-17 21:00:00+00:00,72.1,0.2,243.60000000000002
2024-03-17 22:00:00+00:00,65.91,0.1,361.59999999999997
2024-03-17 23:00:00+00:00,64.12,0.1,539.8
2024-03-18 00:00:00+00:00,50.3,0.1,690.0
2024-03-18 01:00:00+00:00,48.85,0.1,695.8
2024-03-18 02:00:00+00:00,48.85,0.1,622.2
2024-03-18 03:00:00+00:00,46.03,0.1,502.8
2024-03-18 04:00:00+00:00,44.28,0.1,424.1
2024-03-18 05:00:00+00:00,52.61,0.1,450.2
2024-03-18 06:00:00+00:00,62.61,3.9,472.9
2024-03-18 07:00:00+00:00,79.06,171.7,446.5
2024-03-18 08:00:00+00:00,52.61,556.9,470.3
2024-03-18 09:00:00+00:00,42.1,1003.8,469.0
2024-03-18 10:00:00+00:00,35.0,1290.2,503.8
2024-03-18 11:00:00+00:00,35.0,1502.0,504.2
2024-03-18 12:00:00+00:00,35.0,1663.7,461.0
2024-03-18 13:00:00+00:00,35.0,1681.2,478.5
2024-03-18 14:00:00+00:00,35.5,1505.9,492.1
2024-03-18 15:00:00+00:00,43.86,1258.0,457.8
2024-03-18 16:00:00+00:00,47.7,889.5,414.90000000000003
2024-03-18 17:00:00+00:00,73.45,367.8,380.79999999999995
2024-03-18 18:00:00+00:00,125.16,45.8,362.0
2024-03-18 19:00:00+00:00,114.24,0.2,354.7
2024-03-18 20:00:00+00:00,95.85,0.2,385.1
2024-03-18 21:00:00+00:00,77.8,0.3,349.3
2024-03-18 22:00:00+00:00,70.51,0.1,340.59999999999997
2024-03-18 23:00:00+00:00,69.14,0.1,351.2
2024-03-19 00:00:00+00:00,65.06,0.1,323.59999999999997
2024-03-19 01:00:00+00:00,58.13,0.1,324.4
2024-03-19 02:00:00+00:00,56.18,0.1,296.9
2024-03-19 03:00:00+00:00,53.0,0.1,261.4
2024-03-19 04:00:00+00:00,58.76,0.1,179.4
2024-03-19 05:00:00+00:00,70.5,0.1,146.1
2024-03-19 06:00:00+00:00,91.0,4.9,163.29999999999998
2024-03-19 07:00:00+00:00,95.87,179.1,188.2
2024-03-19 08:00:00+00:00,58.13,628.5,182.0
2024-03-19 09:00:00+00:00,37.28,1073.7,136.4
2024-03-19 10:00:00+00:00,35.26,1391.1,147.1
2024-03-19 11:00:00+00:00,35.0,1530.6,184.7
2024-03-19 12:00:00+00:00,35.0,1650.9,180.9
2024-03-19 13:00:00+00:00,35.0,1614.7,186.5
2024-03-19 14:00:00+00:00,35.0,1403.1,251.2
2024-03-19 15:00:00+00:00,35.54,1274.9,298.5
2024-03-19 16:00:00+00:00,54.5,1022.3,341.40000000000003
2024-03-19 17:00:00+00:00,76.62,506.4,330.59999999999997
2024-03-19 18:00:00+00:00,128.96,58.3,373.90000000000003
2024-03-19 19:00:00+00:00,110.0,0.1,354.4
2024-03-19 20:00:00+00:00,92.01,0.2,317.8
2024-03-19 21:00:00+00:00,81.75,0.2,250.2
2024-03-19 22:00:00+00:00,76.1,0.1,243.7
2024-03-19 23:00:00+00:00,70.0,0.1,234.39999999999998
2024-03-20 00:00:00+00:00,68.57,0.1,284.6
2024-03-20 01:00:00+00:00,60.78,0.1,338.79999999999995
2024-03-20 02:00:00+00:00,50.53,0.1,323.5
2024-03-20 03:00:00+00:00,42.84,0.1,304.20000000000005
2024-03-20 04:00:00+00:00,58.0,0.1,339.59999999999997
2024-03-20 05:00:00+00:00,68.0,0.1,413.0
2024-03-20 06:00:00+00:00,88.38,7.0,434.3
2024-03-20 07:00:00+00:00,85.25,261.2,443.2
2024-03-20 08:00:00+00:00,61.76,815.7,416.29999999999995
2024-03-20 09:00:00+00:00,35.7,1311.9,325.8
2024-03-20 10:00:00+00:00,35.0,1652.1,247.5
2024-03-20 11:00:00+00:00,33.26,1857.2,238.4
2024-03-20 12:00:00+00:00,27.0,1953.6,377.5
2024-03-20 13:00:00+00:00,27.28,1915.7,680.8
2024-03-20 14:00:00+00:00,28.69,1754.4,1049.2
2024-03-20 15:00:00+00:00,34.15,1387.6,1305.0
2024-03-20 16:00:00+00:00,35.43,994.4,1426.6
2024-03-20 17:00:00+00:00,61.02,430.1,1529.8
2024-03-20 18:00:00+00:00,97.01,42.3,1656.8
2024-03-20 19:00:00+00:00,100.76,0.2,1791.2
2024-03-20 20:00:00+00:00,79.25,0.4,1670.2
2024-03-20 21:00:00+00:00,68.0,0.5,1392.9
2024-03-20 22:00:00+00:00,50.0,0.2,1342.6000000000001
2024-03-20 23:00:00+00:00,35.0,0.2,1341.1
2024-03-21 00:00:00+00:00,34.47,0.1,1807.7
2024-03-21 01:00:00+00:00,33.97,0.1,2595.3
2024-03-21 02:00:00+00:00,34.17,0.1,2851.1
2024-03-21 03:00:00+00:00,34.07,0.1,3114.4
2024-03-21 04:00:00+00:00,35.0,0.1,3052.7
2024-03-21 05:00:00+00:00,35.0,0.1,3098.0
2024-03-21 06:00:00+00:00,55.96,4.1,3416.7000000000003
2024-03-21 07:00:00+00:00,45.02,166.7,3624.6
2024-03-21 08:00:00+00:00,35.0,561.0,3380.7000000000003
2024-03-21 09:00:00+00:00,30.0,870.9,3024.6
2024-03-21 10:00:00+00:00,17.27,880.7,2487.7999999999997
2024-03-21 11:00:00+00:00,15.99,1081.2,2072.4
2024-03-21 12:00:00+00:00,14.0,1339.1,1702.6
2024-03-21 13:00:00+00:00,10.83,1398.7,1366.7
2024-03-21 14:00:00+00:00,10.61,1274.0,1749.3
2024-03-21 15:00:00+00:00,15.98,979.0,2274.1
2024-03-21 16:00:00+00:00,26.1,681.7,2573.7999999999997
2024-03-21 17:00:00+00:00,35.0,319.2,2612.1
2024-03-21 18:00:00+00:00,70.4,34.7,2848.2
2024-03-21 19:00:00+00:00,84.0,0.1,3346.0
2024-03-21 20:00:00+00:00,65.86,0.2,3437.0
2024-03-21 21:00:00+00:00,48.0,0.2,3405.2000000000003
2024-03-21 22:00:00+00:00,40.0,0.1,3346.0
2024-03-21 23:00:00+00:00,25.0,0.1,3238.4
2024-03-22 00:00:00+00:00,20.1,0.1,3056.2999999999997
2024-03-22 01:00:00+00:00,17.2,0.1,2965.4
2024-03-22 02:00:00+00:00,16.7,0.1,2886.0
2024-03-22 03:00:00+00:00,18.9,0.1,2792.0
2024-03-22 04:00:00+00:00,25.0,0.1,2686.0
2024-03-22 05:00:00+00:00,35.0,0.1,2560.5
2024-03-22 06:00:00+00:00,36.76,3.6,2666.7999999999997
2024-03-22 07:00:00+00:00,35.0,97.2,2658.7
2024-03-22 08:00:00+00:00,20.0,294.5,2612.7999999999997
2024-03-22 09:00:00+00:00,14.5,531.5,2405.8
2024-03-22 10:00:00+00:00,7.0,843.8,2073.8
2024-03-22 11:00:00+00:00,3.35,1056.8,1729.1
2024-03-22 12:00:00+00:00,2.44,1192.1,1458.9
2024-03-22 13:00:00+00:00,1.1,1273.2,1326.1
2024-03-22 14:00:00+00:00,3.19,1124.2,1217.1
2024-03-22 15:00:00+00:00,3.35,867.7,1139.1
2024-03-22 16:00:00+00:00,14.7,575.7,1138.6
2024-03-22 17:00:00+00:00,35.0,234.6,1281.7
2024-03-22 18:00:00+00:00,57.3,27.5,1675.6
2024-03-22 19:00:00+00:00,53.92,0.1,1973.3
2024-03-22 20:00:00+00:00,35.0,0.2,2027.2
2024-03-22 21:00:00+00:00,29.16,0.2,2072.9
2024-03-22 22:00:00+00:00,15.6,0.1,2208.9
2024-03-22 23:00:00+00:00,3.2,0.1,2323.9
2024-03-23 00:00:00+00:00,3.03,0.1,2434.5
2024-03-23 01:00:00+00:00,0.9,0.1,2755.3
2024-03-23 02:00:00+00:00,2.71,0.1,3006.0
2024-03-23 03:00:00+00:00,2.05,0.1,3128.8
2024-03-23 04:00:00+00:00,2.0,0.1,3224.6
2024-03-23 05:00:00+00:00,2.1,0.1,3347.2
2024-03-23 06:00:00+00:00,2.3,4.1,3435.2
2024-03-23 07:00:00+00:00,0.43,102.6,3635.0
2024-03-23 08:00:00+00:00,0.0,330.7,3680.4
2024-03-23 09:00:00+00:00,0.0,689.3,3565.3
2024-03-23 10:00:00+00:00,0.0,1139.7,3309.1
2024-03-23 11:00:00+00:00,0.0,1345.3,2978.6000000000004
2024-03-23 12:00:00+00:00,0.0,1395.4,2608.2000000000003
2024-03-23 13:00:00+00:00,0.0,1355.7,2407.6
2024-03-23 14:00:00+00:00,0.0,1233.1,2317.2
2024-03-23 15:00:00+00:00,0.0,961.3,2158.8
2024-03-23 16:00:00+00:00,0.43,583.4,2161.3
2024-03-23 17:00:00+00:00,3.19,272.8,2315.5
2024-03-23 18:00:00+00:00,3.2,34.3,2622.2
2024-03-23 19:00:00+00:00,9.01,0.1,2841.1
2024-03-23 20:00:00+00:00,7.18,0.2,2912.6000000000004
2024-03-23 21:00:00+00:00,3.2,0.2,3089.4
2024-03-23 22:00:00+00:00,3.2,0.1,3141.8
2024-03-23 23:00:00+00:00,0.16,0.1,3045.3
2024-03-24 00:00:00+00:00,0.0,0.1,2891.9
2024-03-24 01:00:00+00:00,0.0,0.1,2930.6
2024-03-24 02:00:00+00:00,0.0,0.1,3038.4
2024-03-24 03:00:00+00:00,0.0,0.1,2714.4
2024-03-24 04:00:00+00:00,0.0,0.1,2574.8
2024-03-24 05:00:00+00:00,0.01,0.1,2475.4
2024-03-24 06:00:00+00:00,0.1,6.8,2728.2
2024-03-24 07:00:00+00:00,0.0,145.7,2812.7
2024-03-24 08:00:00+00:00,0.0,387.3,2711.7999999999997
2024-03-24 09:00:00+00:00,0.0,626.8,2505.1
2024-03-24 10:00:00+00:00,0.0,822.3,2211.7
2024-03-24 11:00:00+00:00,0.0,1038.5,2059.6
2024-03-24 12:00:00+00:00,0.0,1168.6,1918.2
2024-03-24 13:00:00+00:00,0.0,1150.9,1652.0
2024-03-24 14:00:00+00:00,0.0,946.2,1373.8
2024-03-24 15:00:00+00:00,0.0,638.8,1319.8
2024-03-24 16:00:00+00:00,0.43,362.8,1268.0
2024-03-24 17:00:00+00:00,3.2,149.2,1254.7
2024-03-24 18:00:00+00:00,16.7,22.3,1368.7
2024-03-24 19:00:00+00:00,34.27,0.1,1480.6
2024-03-24 20:00:00+00:00,34.27,0.2,1337.9
2024-03-24 21:00:00+00:00,35.0,0.3,1153.9
2024-03-24 22:00:00+00:00,28.35,0.2,980.4
2024-03-24 23:00:00+00:00,35.0,0.2,826.2
2024-03-25 00:00:00+00:00,30.0,0.1,664.8
2024-03-25 01:00:00+00:00,28.26,0.1,560.6999999999999
2024-03-25 02:00:00+00:00,30.5,0.1,614.0
2024-03-25 03:00:00+00:00,28.35,0.1,735.7
2024-03-25 04:00:00+00:00,34.47,0.1,940.1
2024-03-25 05:00:00+00:00,35.0,0.1,1126.0
2024-03-25 06:00:00+00:00,35.61,7.9,1478.9
2024-03-25 07:00:00+00:00,44.96,136.5,1818.6
2024-03-25 08:00:00+00:00,35.0,321.2,2339.2
2024-03-25 09:00:00+00:00,20.0,610.9,2701.8999999999996
2024-03-25 10:00:00+00:00,13.3,897.0,3051.3
2024-03-25 11:00:00+00:00,12.21,1230.5,3410.1
2024-03-25 12:00:00+00:00,4.0,1394.0,3920.7000000000003
2024-03-25 13:00:00+00:00,3.2,1413.7,4247.5
2024-03-25 14:00:00+00:00,2.1,1261.4,4324.2
2024-03-25 15:00:00+00:00,3.12,945.3,4153.3
2024-03-25 16:00:00+00:00,3.2,634.8,3818.1
2024-03-25 17:00:00+00:00,3.2,291.8,3518.9
2024-03-25 18:00:00+00:00,20.02,42.9,2908.5
2024-03-25 19:00:00+00:00,35.0,0.1,2210.7000000000003
2024-03-25 20:00:00+00:00,29.11,0.1,2244.3
2024-03-25 21:00:00+00:00,17.2,0.2,2114.8
2024-03-25 22:00:00+00:00,12.9,0.1,1717.0
2024-03-25 23:00:00+00:00,3.2,0.1,1554.0
2024-03-26 00:00:00+00:00,3.19,0.1,1376.6
2024-03-26 01:00:00+00:00,1.54,0.1,1372.9
2024-03-26 02:00:00+00:00,1.0,0.1,1157.5
2024-03-26 03:00:00+00:00,0.98,0.1,1404.1
2024-03-26 04:00:00+00:00,0.98,0.1,1391.5
2024-03-26 05:00:00+00:00,3.2,0.1,1323.1000000000001
2024-03-26 06:00:00+00:00,4.0,24.6,1532.5
2024-03-26 07:00:00+00:00,3.2,361.9,1337.5
2024-03-26 08:00:00+00:00,1.2,814.3,1366.2
2024-03-26 09:00:00+00:00,0.2,1202.9,1679.1000000000001
2024-03-26 10:00:00+00:00,0.0,1363.6,2103.2
2024-03-26 11:00:00+00:00,0.0,1424.8,2313.7
2024-03-26 12:00:00+00:00,0.0,1286.8,2379.5
2024-03-26 13:00:00+00:00,0.0,1099.9,2885.9
2024-03-26 14:00:00+00:00,0.0,675.8,3363.7
2024-03-26 15:00:00+00:00,0.0,732.3,3747.3
2024-03-26 16:00:00+00:00,0.55,551.2,4227.2
2024-03-26 17:00:00+00:00,2.0,319.6,4378.4
2024-03-26 18:00:00+00:00,5.0,48.1,4462.7
2024-03-26 19:00:00+00:00,14.0,0.1,4572.2
2024-03-26 20:00:00+00:00,7.5,0.1,4663.3
2024-03-26 21:00:00+00:00,3.2,0.2,4505.6
2024-03-26 22:00:00+00:00,1.69,0.1,4308.8
2024-03-26 23:00:00+00:00,3.2,0.1,4192.4
2024-03-27 00:00:00+00:00,0.57,0.1,4313.1
2024-03-27 01:00:00+00:00,0.01,0.1,4447.2
2024-03-27 02:00:00+00:00,0.0,0.1,4449.3
2024-03-27 03:00:00+00:00,0.0,0.1,4492.400000000001
2024-03-27 04:00:00+00:00,0.0,0.1,4486.7
2024-03-27 05:00:00+00:00,0.1,0.1,4446.400000000001
2024-03-27 06:00:00+00:00,0.54,10.7,4369.3
2024-03-27 07:00:00+00:00,0.43,178.3,4021.7
2024-03-27 08:00:00+00:00,0.13,487.0,4164.7
2024-03-27 09:00:00+00:00,0.0,652.5,4437.2
2024-03-27 10:00:00+00:00,0.0,851.7,4400.0
2024-03-27 11:00:00+00:00,0.0,897.1,4462.7
2024-03-27 12:00:00+00:00,0.0,854.4,4548.9
2024-03-27 13:00:00+00:00,0.0,858.3,4647.4
2024-03-27 14:00:00+00:00,0.0,691.7,4407.5
2024-03-27 15:00:00+00:00,0.0,476.0,4316.6
2024-03-27 16:00:00+00:00,0.0,333.9,4442.7
2024-03-27 17:00:00+00:00,0.43,177.5,4569.6
2024-03-27 18:00:00+00:00,3.17,35.8,4646.9
2024-03-27 19:00:00+00:00,3.2,0.1,4633.1
2024-03-27 20:00:00+00:00,3.2,0.1,4500.299999999999
2024-03-27 21:00:00+00:00,3.02,0.1,4424.5
2024-03-27 22:00:00+00:00,0.12,0.1,4264.099999999999
2024-03-27 23:00:00+00:00,0.4,0.1,4156.400000000001
2024-03-28 00:00:00+00:00,0.0,0.0,3837.0
2024-03-28 01:00:00+00:00,0.0,0.0,3631.2999999999997
2024-03-28 02:00:00+00:00,0.0,0.0,3516.1
2024-03-28 03:00:00+00:00,0.0,0.0,3309.7000000000003
2024-03-28 04:00:00+00:00,0.0,0.0,3063.5
2024-03-28 05:00:00+00:00,0.02,0.0,2960.2
2024-03-28 06:00:00+00:00,0.34,8.4,2877.5
2024-03-28 07:00:00+00:00,0.19,137.3,3143.7999999999997
2024-03-28 08:00:00+00:00,0.0,421.4,3426.9
2024-03-28 09:00:00+00:00,0.0,734.7,3811.7
2024-03-28 10:00:00+00:00,0.0,951.9,4176.7
2024-03-28 11:00:00+00:00,0.0,1106.6,4521.700000000001
2024-03-28 12:00:00+00:00,0.0,916.8,4434.400000000001
2024-03-28 13:00:00+00:00,0.0,816.0,4391.9
2024-03-28 14:00:00+00:00,0.0,578.4,4484.8
2024-03-28 15:00:00+00:00,0.0,357.0,4448.0
2024-03-28 16:00:00+00:00,0.02,180.6,4336.2
2024-03-28 17:00:00+00:00,0.6,76.4,4198.1
2024-03-28 18:00:00+00:00,3.2,8.9,4210.3
2024-03-28 19:00:00+00:00,3.2,0.1,4322.4
2024-03-28 20:00:00+00:00,3.2,0.1,4424.2
2024-03-28 21:00:00+00:00,3.2,0.1,3936.1
2024-03-28 22:00:00+00:00,1.47,0.0,3426.7
2024-03-28 23:00:00+00:00,2.0,0.0,2761.5
2024-03-29 00:00:00+00:00,0.58,0.0,2284.8
2024-03-29 01:00:00+00:00,0.52,0.0,2267.0
2024-03-29 02:00:00+00:00,0.5,0.0,2075.6
2024-03-29 03:00:00+00:00,0.57,0.0,1705.5
2024-03-29 04:00:00+00:00,1.0,0.0,1396.6
2024-03-29 05:00:00+00:00,2.0,0.0,1208.1
2024-03-29 06:00:00+00:00,3.1,6.6,1053.7
2024-03-29 07:00:00+00:00,1.47,131.9,746.6
2024-03-29 08:00:00+00:00,1.0,566.1,547.1999999999999
2024-03-29 09:00:00+00:00,0.9,1107.7,455.2
2024-03-29 10:00:00+00:00,0.77,1538.4,545.5
2024-03-29 11:00:00+00:00,0.53,1597.6,708.9
2024-03-29 12:00:00+00:00,0.5,1624.0,1144.9
2024-03-29 13:00:00+00:00,0.47,1490.9,1316.3
2024-03-29 14:00:00+00:00,0.4,1079.8,1470.5
2024-03-29 15:00:00+00:00,0.4,741.8,1411.3999999999999
2024-03-29 16:00:00+00:00,0.5,417.5,1663.5
2024-03-29 17:00:00+00:00,3.2,244.7,1603.1
2024-03-29 18:00:00+00:00,6.82,46.4,1838.4
2024-03-29 19:00:00+00:00,17.47,0.1,1856.0
2024-03-29 20:00:00+00:00,21.42,0.1,1746.8000000000002
2024-03-29 21:00:00+00:00,16.0,0.2,1923.7
2024-03-29 22:00:00+00:00,15.14,0.1,1832.9
2024-03-29 23:00:00+00:00,10.6,0.1,1731.5
2024-03-30 00:00:00+00:00,6.66,0.0,1750.6
2024-03-30 01:00:00+00:00,4.91,0.0,1885.6999999999998
2024-03-30 02:00:00+00:00,3.2,0.0,1847.9
2024-03-30 03:00:00+00:00,3.2,0.0,1811.2
2024-03-30 04:00:00+00:00,4.0,0.0,1672.5
2024-03-30 05:00:00+00:00,6.0,0.0,1454.3
2024-03-30 06:00:00+00:00,5.04,15.4,1500.6
2024-03-30 07:00:00+00:00,3.2,131.3,1666.8000000000002
2024-03-30 08:00:00+00:00,1.0,229.1,1759.3
2024-03-30 09:00:00+00:00,0.58,451.5,1904.8
2024-03-30 10:00:00+00:00,0.43,987.5,2026.5
2024-03-30 11:00:00+00:00,0.43,1264.3,2155.0
2024-03-30 12:00:00+00:00,0.43,1184.1,1946.7
2024-03-30 13:00:00+00:00,0.43,1235.7,1980.3
2024-03-30 14:00:00+00:00,0.43,1218.1,1954.9
2024-03-30 15:00:00+00:00,0.5,923.8,1838.0
2024-03-30 16:00:00+00:00,1.47,706.3,1709.9
2024-03-30 17:00:00+00:00,3.5,420.6,1807.7
2024-03-30 18:00:00+00:00,9.36,55.8,1755.4
2024-03-30 19:00:00+00:00,16.7,0.1,1681.4
2024-03-30 20:00:00+00:00,16.27,0.1,1313.6
2024-03-30 21:00:00+00:00,6.66,0.1,1271.7
2024-03-30 22:00:00+00:00,3.38,0.0,1286.0
2024-03-30 23:00:00+00:00,3.2,0.0,1246.2
2024-03-31 00:00:00+00:00,1.63,0.0,1102.4
2024-03-31 01:00:00+00:00,0.5,0.0,1037.1999999999998
2024-03-31 02:00:00+00:00,0.5,0.0,929.2
2024-03-31 03:00:00+00:00,0.5,0.0,733.3
2024-03-31 04:00:00+00:00,0.6,0.0,690.4
2024-03-31 05:00:00+00:00,0.5,0.0,761.8
2024-03-31 06:00:00+00:00,0.6,10.8,738.4
2024-03-31 07:00:00+00:00,0.5,171.1,725.4
2024-03-31 08:00:00+00:00,0.5,547.6,811.9
2024-03-31 09:00:00+00:00,0.4,967.8,945.8
2024-03-31 10:00:00+00:00,0.0,1239.2,1241.2
2024-03-31 11:00:00+00:00,0.0,1508.2,1606.8000000000002
2024-03-31 12:00:00+00:00,0.0,1516.0,2003.5
2024-03-31 13:00:00+00:00,0.0,1475.8,2460.1
2024-03-31 14:00:00+00:00,0.0,1415.3,2633.3
2024-03-31 15:00:00+00:00,0.0,1131.2,2267.6
2024-03-31 16:00:00+00:00,0.0,961.8,2354.9
2024-03-31 17:00:00+00:00,0.0,493.0,2569.2999999999997
2024-03-31 18:00:00+00:00,1.69,69.4,2509.9
2024-03-31 19:00:00+00:00,3.2,0.1,2617.7
2024-03-31 20:00:00+00:00,3.2,0.2,2761.0
2024-03-31 21:00:00+00:00,1.63,0.1,2822.0
2024-03-31 22:00:00+00:00,0.7,0.1,2951.5
2024-03-31 23:00:00+00:00,0.02,0.0,3072.8
2024-04-01 00:00:00+00:00,0.0,0.0,3031.1
2024-04-01 01:00:00+00:00,0.0,0.0,3211.1
2024-04-01 02:00:00+00:00,0.0,0.0,3300.6
2024-04-01 03:00:00+00:00,0.0,0.0,3237.8
2024-04-01 04:00:00+00:00,0.13,0.0,3429.2
2024-04-01 05:00:00+00:00,1.19,0.1,3371.2999999999997
2024-04-01 06:00:00+00:00,0.94,40.0,3214.0
2024-04-01 07:00:00+00:00,0.13,449.9,3136.3
2024-04-01 08:00:00+00:00,0.0,1141.0,2828.6
2024-04-01 09:00:00+00:00,0.0,1510.6,3005.1
2024-04-01 10:00:00+00:00,0.0,1580.0,3203.3
2024-04-01 11:00:00+00:00,0.0,1487.6,3368.7
2024-04-01 12:00:00+00:00,0.0,1467.2,3389.9
2024-04-01 13:00:00+00:00,0.0,1645.0,3482.6
2024-04-01 14:00:00+00:00,0.0,1512.6,3445.7
2024-04-01 15:00:00+00:00,0.0,1394.5,3181.2999999999997
2024-04-01 16:00:00+00:00,0.0,1122.8,2605.0
2024-04-01 17:00:00+00:00,0.44,580.3,2192.0
2024-04-01 18:00:00+00:00,11.33,83.9,1901.3999999999999
2024-04-01 19:00:00+00:00,21.43,0.1,1907.2
2024-04-01 20:00:00+00:00,17.47,0.2,2151.3
2024-04-01 21:00:00+00:00,12.58,0.1,2421.9
2024-04-01 22:00:00+00:00,3.6,0.1,2572.4
2024-04-01 23:00:00+00:00,3.25,0.0,2676.8
2024-04-02 00:00:00+00:00,3.25,0.0,2728.9
2024-04-02 01:00:00+00:00,1.63,0.0,2854.9
2024-04-02 02:00:00+00:00,2.0,0.0,2998.5
2024-04-02 03:00:00+00:00,3.0,0.0,3182.9
2024-04-02 04:00:00+00:00,2.87,0.0,3327.3
2024-04-02 05:00:00+00:00,3.0,0.1,3541.2000000000003
2024-04-02 06:00:00+00:00,8.69,25.2,3716.2000000000003
2024-04-02 07:00:00+00:00,10.02,208.2,3810.6000000000004
2024-04-02 08:00:00+00:00,1.63,477.0,3993.6000000000004
2024-04-02 09:00:00+00:00,0.44,628.1,4274.7
2024-04-02 10:00:00+00:00,0.44,731.2,4425.8
2024-04-02 11:00:00+00:00,0.01,862.3,4627.3
2024-04-02 12:00:00+00:00,0.0,970.0,4553.6
2024-04-02 13:00:00+00:00,0.0,880.7,4464.1
2024-04-02 14:00:00+00:00,0.01,843.3,4392.5
2024-04-02 15:00:00+00:00,0.94,632.8,4116.3
2024-04-02 16:00:00+00:00,2.77,435.5,3861.1000000000004
2024-04-02 17:00:00+00:00,8.69,189.8,3532.0
2024-04-02 18:00:00+00:00,32.67,46.2,3223.3
2024-04-02 19:00:00+00:00,33.42,0.1,2893.2999999999997
2024-04-02 20:00:00+00:00,29.6,0.1,2626.3
2024-04-02 21:00:00+00:00,5.0,0.1,2434.6
2024-04-02 22:00:00+00:00,3.25,0.0,2353.5
2024-04-02 23:00:00+00:00,1.68,0.0,2226.7000000000003
2024-04-03 00:00:00+00:00,1.35,0.0,1944.4
2024-04-03 01:00:00+00:00,1.0,0.0,1742.1000000000001
2024-04-03 02:00:00+00:00,0.09,0.0,1730.5
2024-04-03 03:00:00+00:00,1.0,0.0,1681.0
2024-04-03 04:00:00+00:00,3.25,0.0,1466.7
2024-04-03 05:00:00+00:00,28.07,0.1,1342.0
2024-04-03 06:00:00+00:00,32.08,32.7,1180.5
2024-04-03 07:00:00+00:00,5.5,344.7,1110.9
2024-04-03 08:00:00+00:00,2.0,847.9,1081.2
2024-04-03 09:00:00+00:00,0.44,1378.7,1057.9
2024-04-03 10:00:00+00:00,0.0,1584.6,1034.0
2024-04-03 11:00:00+00:00,0.0,1735.8,1088.0
2024-04-03 12:00:00+00:00,0.0,1811.3,1078.3
2024-04-03 13:00:00+00:00,0.0,1765.2,1190.6
2024-04-03 14:00:00+00:00,0.0,1635.3,1362.1
2024-04-03 15:00:00+00:00,0.0,1456.2,1329.3999999999999
2024-04-03 16:00:00+00:00,0.4,1119.5,1373.8999999999999
2024-04-03 17:00:00+00:00,6.76,585.9,1200.6
2024-04-03 18:00:00+00:00,35.0,95.8,1083.1000000000001
2024-04-03 19:00:00+00:00,35.0,0.1,1088.3000000000002
2024-04-03 20:00:00+00:00,31.62,0.2,1200.3999999999999
2024-04-03 21:00:00+00:00,25.43,0.1,1348.1999999999998
2024-04-03 22:00:00+00:00,2.6,0.0,1426.0
2024-04-03 23:00:00+00:00,0.44,0.0,1422.5
2024-04-04 00:00:00+00:00,3.25,0.0,1440.4
2024-04-04 01:00:00+00:00,4.99,0.0,1320.8
2024-04-04 02:00:00+00:00,3.25,0.0,1267.3999999999999
2024-04-04 03:00:00+00:00,3.25,0.0,1314.7
2024-04-04 04:00:00+00:00,3.25,0.0,1563.6
2024-04-04 05:00:00+00:00,10.18,0.1,2146.3
2024-04-04 06:00:00+00:00,13.47,39.0,2347.7000000000003
2024-04-04 07:00:00+00:00,3.74,432.4,2202.6000000000004
2024-04-04 08:00:00+00:00,0.44,1053.8,2154.6000000000004
2024-04-04 09:00:00+00:00,0.0,1602.4,2250.2000000000003
2024-04-04 10:00:00+00:00,0.0,1895.9,2379.9
2024-04-04 11:00:00+00:00,0.0,1979.2,2498.2000000000003
2024-04-04 12:00:00+00:00,0.0,1940.6,2795.8
2024-04-04 13:00:00+00:00,0.0,1886.3,2919.5
2024-04-04 14:00:00+00:00,0.0,1765.8,2812.8
2024-04-04 15:00:00+00:00,0.0,1525.8,2972.3
2024-04-04 16:00:00+00:00,0.0,1076.6,3111.9
2024-04-04 17:00:00+00:00,3.25,495.4,3025.5
2024-04-04 18:00:00+00:00,10.0,77.4,2884.2000000000003
2024-04-04 19:00:00+00:00,25.0,0.1,3182.0
2024-04-04 20:00:00+00:00,4.6,0.2,3558.8
2024-04-04 21:00:00+00:00,3.25,0.1,3473.8
2024-04-04 22:00:00+00:00,0.44,0.1,3480.7000000000003
2024-04-04 23:00:00+00:00,0.48,0.0,3620.3
2024-04-05 00:00:00+00:00,0.01,0.0,3558.0
2024-04-05 01:00:00+00:00,0.0,0.0,3358.0
2024-04-05 02:00:00+00:00,0.0,0.0,3393.4
2024-04-05 03:00:00+00:00,0.0,0.0,3115.3
2024-04-05 04:00:00+00:00,0.0,0.0,2942.9
2024-04-05 05:00:00+00:00,0.0,0.0,3080.6000000000004
2024-04-05 06:00:00+00:00,0.04,54.0,3407.6000000000004
2024-04-05 07:00:00+00:00,0.0,459.9,3667.1000000000004
2024-04-05 08:00:00+00:00,0.0,1060.4,3678.5
2024-04-05 09:00:00+00:00,0.0,1476.9,3735.9
2024-04-05 10:00:00+00:00,0.0,1646.8,3793.5
2024-04-05 11:00:00+00:00,0.0,1719.8,3221.6000000000004
2024-04-05 12:00:00+00:00,-0.01,1714.9,2842.8
2024-04-05 13:00:00+00:00,-0.01,1219.3,2929.2000000000003
2024-04-05 14:00:00+00:00,0.0,1102.6,3026.5
2024-04-05 15:00:00+00:00,0.0,1171.0,3265.3
2024-04-05 16:00:00+00:00,0.0,888.2,4455.8
2024-04-05 17:00:00+00:00,0.0,379.3,4695.0
2024-04-05 18:00:00+00:00,0.02,63.6,4727.2
2024-04-05 19:00:00+00:00,0.55,0.1,4733.900000000001
2024-04-05 20:00:00+00:00,1.0,0.2,4729.6
2024-04-05 21:00:00+00:00,0.0,0.1,4665.3
2024-04-05 22:00:00+00:00,0.0,0.0,4590.400000000001
2024-04-05 23:00:00+00:00,0.0,0.0,4481.1
2024-04-06 00:00:00+00:00,0.0,0.0,4250.7
2024-04-06 01:00:00+00:00,0.0,0.0,3851.3
2024-04-06 02:00:00+00:00,0.0,0.0,3417.0
2024-04-06 03:00:00+00:00,0.0,0.0,3070.7999999999997
2024-04-06 04:00:00+00:00,0.0,0.0,3054.2
2024-04-06 05:00:00+00:00,0.0,0.0,3016.0
2024-04-06 06:00:00+00:00,0.0,16.8,2846.7999999999997
2024-04-06 07:00:00+00:00,0.0,125.7,2169.3
2024-04-06 08:00:00+00:00,-0.01,279.1,1927.0
2024-04-06 09:00:00+00:00,-0.01,447.3,1894.1
2024-04-06 10:00:00+00:00,-0.01,524.7,1937.7
2024-04-06 11:00:00+00:00,-0.01,478.6,1758.7
2024-04-06 12:00:00+00:00,-0.01,365.9,1498.8
2024-04-06 13:00:00+00:00,-0.01,337.7,1303.8999999999999
2024-04-06 14:00:00+00:00,-0.01,412.3,1154.7
2024-04-06 15:00:00+00:00,-0.01,303.8,1166.5
2024-04-06 16:00:00+00:00,0.0,196.9,1276.2
2024-04-06 17:00:00+00:00,0.01,99.2,1036.0
2024-04-06 18:00:00+00:00,3.25,24.3,938.3
2024-04-06 19:00:00+00:00,8.0,0.2,824.0999999999999
2024-04-06 20:00:00+00:00,3.44,0.1,709.0
2024-04-06 21:00:00+00:00,3.25,0.0,629.0
2024-04-06 22:00:00+00:00,0.97,0.0,611.8000000000001
2024-04-06 23:00:00+00:00,0.15,0.0,690.0
2024-04-07 00:00:00+00:00,0.0,0.0,629.8
2024-04-07 01:00:00+00:00,0.0,0.0,494.1
2024-04-07 02:00:00+00:00,0.0,0.0,427.3
2024-04-07 03:00:00+00:00,0.0,0.0,591.1
2024-04-07 04:00:00+00:00,0.0,0.0,590.1999999999999
2024-04-07 05:00:00+00:00,0.0,0.0,402.3
2024-04-07 06:00:00+00:00,0.0,34.9,334.6
2024-04-07 07:00:00+00:00,0.0,377.5,261.8
2024-04-07 08:00:00+00:00,0.0,899.9,305.6
2024-04-07 09:00:00+00:00,0.0,1341.6,348.0
2024-04-07 10:00:00+00:00,0.0,1566.6,341.3
2024-04-07 11:00:00+00:00,-0.01,1637.5,314.5
2024-04-07 12:00:00+00:00,-0.01,1416.2,209.29999999999998
2024-04-07 13:00:00+00:00,-0.01,1011.6,274.1
2024-04-07 14:00:00+00:00,-0.01,855.8,439.7
2024-04-07 15:00:00+00:00,0.0,990.9,993.2
2024-04-07 16:00:00+00:00,0.0,549.3,1357.1
2024-04-07 17:00:00+00:00,0.4,217.1,1368.1
2024-04-07 18:00:00+00:00,25.0,66.4,1248.5
2024-04-07 19:00:00+00:00,35.0,0.3,1286.4
2024-04-07 20:00:00+00:00,25.0,0.2,1361.1000000000001
2024-04-07 21:00:00+00:00,10.66,0.0,1740.2
2024-04-07 22:00:00+00:00,1.33,0.0,2133.0
2024-04-07 23:00:00+00:00,0.0,0.0,2505.7000000000003
2024-04-08 00:00:00+00:00,0.0,0.0,2726.2000000000003
2024-04-08 01:00:00+00:00,0.0,0.0,2968.7000000000003
2024-04-08 02:00:00+00:00,0.0,0.0,3208.9
2024-04-08 03:00:00+00:00,0.0,0.0,3330.3
2024-04-08 04:00:00+00:00,0.0,0.0,3389.9
2024-04-08 05:00:00+00:00,0.55,0.0,3573.9
2024-04-08 06:00:00+00:00,3.17,24.4,3688.7
2024-04-08 07:00:00+00:00,0.0,182.4,3641.2000000000003
2024-04-08 08:00:00+00:00,0.0,505.3,3784.5
2024-04-08 09:00:00+00:00,0.0,744.6,3513.2999999999997
2024-04-08 10:00:00+00:00,0.0,1113.5,3373.4
2024-04-08 11:00:00+00:00,0.0,1167.0,3025.7
2024-04-08 12:00:00+00:00,0.0,909.4,2857.9
2024-04-08 13:00:00+00:00,0.0,826.6,2829.7
2024-04-08 14:00:00+00:00,-0.01,801.9,2849.3
2024-04-08 15:00:00+00:00,0.0,774.2,2889.7
2024-04-08 16:00:00+00:00,0.0,637.7,2950.5
2024-04-08 17:00:00+00:00,0.0,500.9,3255.5
2024-04-08 18:00:00+00:00,0.44,97.4,3468.3999999999996
2024-04-08 19:00:00+00:00,3.25,0.3,3441.6
2024-04-08 20:00:00+00:00,1.0,0.2,3062.2999999999997
2024-04-08 21:00:00+00:00,0.0,0.1,2943.4
2024-04-08 22:00:00+00:00,0.0,0.0,2749.8
2024-04-08 23:00:00+00:00,0.0,0.0,2601.6000000000004
2024-04-09 00:00:00+00:00,0.0,0.0,2288.2000000000003
2024-04-09 01:00:00+00:00,0.0,0.0,2205.5
2024-04-09 02:00:00+00:00,0.0,0.0,2189.7
2024-04-09 03:00:00+00:00,0.0,0.0,2073.2000000000003
2024-04-09 04:00:00+00:00,0.0,0.0,1812.6
2024-04-09 05:00:00+00:00,0.0,0.1,1707.8999999999999
2024-04-09 06:00:00+00:00,0.0,82.5,1663.0
2024-04-09 07:00:00+00:00,0.0,592.4,1383.4
2024-04-09 08:00:00+00:00,0.0,1173.8,1146.5
2024-04-09 09:00:00+00:00,-0.01,1544.5,918.2
2024-04-09 10:00:00+00:00,-0.01,1697.9,573.2
2024-04-09 11:00:00+00:00,-0.01,1826.5,384.1
2024-04-09 12:00:00+00:00,-0.01,1843.3,300.2
2024-04-09 13:00:00+00:00,-0.01,1819.7,211.6
2024-04-09 14:00:00+00:00,-0.02,1756.3,245.1
2024-04-09 15:00:00+00:00,-0.02,1563.6,368.6
2024-04-09 16:00:00+00:00,0.0,1212.4,523.8000000000001
2024-04-09 17:00:00+00:00,0.01,625.7,565.7
2024-04-09 18:00:00+00:00,5.0,119.7,570.6
2024-04-09 19:00:00+00:00,14.72,0.5,617.7
2024-04-09 20:00:00+00:00,6.35,0.2,645.3000000000001
2024-04-09 21:00:00+00:00,5.0,0.1,681.9
2024-04-09 22:00:00+00:00,4.21,0.1,570.9
2024-04-09 23:00:00+00:00,3.25,0.1,530.3000000000001
2024-04-10 00:00:00+00:00,1.0,0.1,506.1
2024-04-10 01:00:00+00:00,0.44,0.1,461.3
2024-04-10 02:00:00+00:00,0.35,0.0,483.79999999999995
2024-04-10 03:00:00+00:00,1.0,0.1,527.0
2024-04-10 04:00:00+00:00,2.17,0.1,512.5
2024-04-10 05:00:00+00:00,35.0,0.2,613.6999999999999
2024-04-10 06:00:00+00:00,7.68,91.6,719.9
2024-04-10 07:00:00+00:00,0.0,593.2,798.6
2024-04-10 08:00:00+00:00,-0.01,1129.4,575.3000000000001
2024-04-10 09:00:00+00:00,-0.03,1493.1,384.70000000000005
2024-04-10 10:00:00+00:00,-0.03,1653.1,194.1
2024-04-10 11:00:00+00:00,-0.03,1725.8,96.7
2024-04-10 12:00:00+00:00,-0.03,1728.8,52.1
2024-04-10 13:00:00+00:00,-0.03,1694.7,64.8
2024-04-10 14:00:00+00:00,-0.03,1630.4,91.80000000000001
2024-04-10 15:00:00+00:00,-0.03,1441.9,143.3
2024-04-10 16:00:00+00:00,-0.01,1046.0,229.1
2024-04-10 17:00:00+00:00,0.0,500.1,318.8
2024-04-10 18:00:00+00:00,6.0,106.8,429.7
2024-04-10 19:00:00+00:00,34.45,0.6,744.1999999999999
2024-04-10 20:00:00+00:00,5.0,0.2,1042.1
2024-04-10 21:00:00+00:00,3.25,0.1,1221.5
2024-04-10 22:00:00+00:00,3.25,0.0,1440.3000000000002
2024-04-10 23:00:00+00:00,1.0,0.0,1588.6000000000001
2024-04-11 00:00:00+00:00,0.04,0.0,1706.6000000000001
2024-04-11 01:00:00+00:00,0.0,0.0,1855.6
2024-04-11 02:00:00+00:00,0.0,0.0,2049.7999999999997
2024-04-11 03:00:00+00:00,1.47,0.0,2287.1
2024-04-11 04:00:00+00:00,3.6,0.0,2607.2
2024-04-11 05:00:00+00:00,22.32,0.2,2884.0
2024-04-11 06:00:00+00:00,17.04,100.2,3017.6
2024-04-11 07:00:00+00:00,0.01,561.1,2839.4
2024-04-11 08:00:00+00:00,0.0,1144.4,2156.6000000000004
2024-04-11 09:00:00+00:00,-0.01,1438.9,1693.0
2024-04-11 10:00:00+00:00,-0.01,1656.2,1244.0
2024-04-11 11:00:00+00:00,-0.01,1729.8,841.0
2024-04-11 12:00:00+00:00,-0.02,1764.5,668.4000000000001
2024-04-11 13:00:00+00:00,-0.01,1739.4,566.5
2024-04-11 14:00:00+00:00,-0.01,1664.1,493.1
2024-04-11 15:00:00+00:00,-0.01,1469.4,360.4
2024-04-11 16:00:00+00:00,0.0,1127.1,342.90000000000003
2024-04-11 17:00:00+00:00,4.9,665.9,350.90000000000003
2024-04-11 18:00:00+00:00,60.0,129.8,510.8
2024-04-11 19:00:00+00:00,70.95,0.6,741.5
2024-04-11 20:00:00+00:00,70.01,0.2,1005.7
2024-04-11 21:00:00+00:00,34.08,0.1,1138.8
2024-04-11 22:00:00+00:00,23.77,0.0,1191.6000000000001
2024-04-11 23:00:00+00:00,15.37,0.0,1481.6999999999998
2024-04-12 00:00:00+00:00,12.5,0.0,1920.1
2024-04-12 01:00:00+00:00,11.94,0.0,2332.8
2024-04-12 02:00:00+00:00,12.49,0.0,2578.2999999999997
2024-04-12 03:00:00+00:00,16.03,0.0,2656.5
2024-04-12 04:00:00+00:00,6.89,0.0,2610.8
2024-04-12 05:00:00+00:00,18.07,0.2,2572.0
2024-04-12 06:00:00+00:00,42.77,102.4,2345.8
2024-04-12 07:00:00+00:00,5.85,638.9,1819.7
2024-04-12 08:00:00+00:00,0.0,1223.0,1225.1000000000001
2024-04-12 09:00:00+00:00,0.0,1555.7,684.5
2024-04-12 10:00:00+00:00,0.0,1777.4,415.6
2024-04-12 11:00:00+00:00,-0.06,1866.3,281.4
2024-04-12 12:00:00+00:00,-0.06,1897.3,216.29999999999998
2024-04-12 13:00:00+00:00,-0.1,1852.0,256.1
2024-04-12 14:00:00+00:00,-0.03,1760.9,344.1
2024-04-12 15:00:00+00:00,0.0,1561.4,467.7
2024-04-12 16:00:00+00:00,0.0,1190.2,485.9
2024-04-12 17:00:00+00:00,15.77,652.7,437.3
2024-04-12 18:00:00+00:00,39.35,125.9,477.5
2024-04-12 19:00:00+00:00,74.23,0.4,648.1
2024-04-12 20:00:00+00:00,38.05,0.2,684.9
2024-04-12 21:00:00+00:00,26.67,0.1,559.6
2024-04-12 22:00:00+00:00,24.15,0.0,476.5
2024-04-12 23:00:00+00:00,17.73,0.0,458.70000000000005
2024-04-13 00:00:00+00:00,17.15,0.0,418.2
2024-04-13 01:00:00+00:00,11.13,0.0,355.7
2024-04-13 02:00:00+00:00,7.74,0.0,350.7
2024-04-13 03:00:00+00:00,6.79,0.0,332.8
2024-04-13 04:00:00+00:00,10.39,0.0,304.5
2024-04-13 05:00:00+00:00,11.76,0.5,309.1
2024-04-13 06:00:00+00:00,13.26,115.4,352.5
2024-04-13 07:00:00+00:00,0.01,626.3,364.8
2024-04-13 08:00:00+00:00,-0.02,1233.7,296.6
2024-04-13 09:00:00+00:00,-0.06,1638.7,254.8
2024-04-13 10:00:00+00:00,-0.06,1904.8,220.8
2024-04-13 11:00:00+00:00,-0.06,2016.7,154.3
2024-04-13 12:00:00+00:00,-0.06,2047.0,118.4
2024-04-13 13:00:00+00:00,-0.06,2010.9,131.6
2024-04-13 14:00:00+00:00,-0.06,1882.2,159.6
2024-04-13 15:00:00+00:00,-0.06,1618.7,205.0
2024-04-13 16:00:00+00:00,0.0,1204.5,227.2
2024-04-13 17:00:00+00:00,3.25,643.3,264.79999999999995
2024-04-13 18:00:00+00:00,24.96,139.8,322.3
2024-04-13 19:00:00+00:00,35.0,0.9,407.3
2024-04-13 20:00:00+00:00,24.26,0.2,503.6
2024-04-13 21:00:00+00:00,13.83,0.1,541.4
2024-04-13 22:00:00+00:00,5.79,0.0,545.9
2024-04-13 23:00:00+00:00,2.74,0.0,399.90000000000003
2024-04-14 00:00:00+00:00,1.69,0.0,306.09999999999997
2024-04-14 01:00:00+00:00,1.51,0.0,279.59999999999997
2024-04-14 02:00:00+00:00,3.25,0.0,266.7
2024-04-14 03:00:00+00:00,6.35,0.0,278.0
2024-04-14 04:00:00+00:00,12.86,0.0,261.59999999999997
2024-04-14 05:00:00+00:00,13.0,0.3,268.6
2024-04-14 06:00:00+00:00,5.6,107.2,309.2
2024-04-14 07:00:00+00:00,0.0,581.3,302.0
2024-04-14 08:00:00+00:00,-0.53,1180.0,218.79999999999998
2024-04-14 09:00:00+00:00,-0.55,1562.4,162.1
2024-04-14 10:00:00+00:00,-0.5,1800.7,176.2
2024-04-14 11:00:00+00:00,-0.44,1895.1,203.3
2024-04-14 12:00:00+00:00,-0.55,1912.8,271.8
2024-04-14 13:00:00+00:00,-0.57,1874.6,416.9
2024-04-14 14:00:00+00:00,-0.6,1752.2,559.7
2024-04-14 15:00:00+00:00,-0.25,1529.1,698.2
2024-04-14 16:00:00+00:00,-0.02,1135.3,858.5
2024-04-14 17:00:00+00:00,2.5,608.5,1041.9
2024-04-14 18:00:00+00:00,18.41,124.0,1184.2
2024-04-14 19:00:00+00:00,30.77,0.8,1248.1999999999998
2024-04-14 20:00:00+00:00,19.72,0.2,1284.2
2024-04-14 21:00:00+00:00,17.0,0.1,1394.5
2024-04-14 22:00:00+00:00,7.3,0.0,1406.6000000000001
2024-04-14 23:00:00+00:00,3.25,0.0,1423.7
2024-04-15 00:00:00+00:00,1.77,0.0,1501.1
2024-04-15 01:00:00+00:00,0.44,0.0,1479.1
2024-04-15 02:00:00+00:00,0.03,0.0,1435.3
2024-04-15 03:00:00+00:00,0.07,0.0,1562.0
2024-04-15 04:00:00+00:00,1.0,0.0,1557.0
2024-04-15 05:00:00+00:00,7.07,0.3,1501.8
2024-04-15 06:00:00+00:00,18.7,116.5,1493.8999999999999
2024-04-15 07:00:00+00:00,1.5,617.9,1297.7
2024-04-15 08:00:00+00:00,0.0,1151.8,1078.1
2024-04-15 09:00:00+00:00,0.0,1496.1,813.4
2024-04-15 10:00:00+00:00,-0.01,1712.4,646.2
2024-04-15 11:00:00+00:00,-0.04,1835.1,632.7
2024-04-15 12:00:00+00:00,-0.1,1852.6,686.0
2024-04-15 13:00:00+00:00,-0.32,1825.4,817.5
2024-04-15 14:00:00+00:00,-0.63,1733.5,975.0
2024-04-15 15:00:00+00:00,-0.09,1513.9,980.1
2024-04-15 16:00:00+00:00,0.0,1174.0,1033.4
2024-04-15 17:00:00+00:00,0.44,648.6,1165.3
2024-04-15 18:00:00+00:00,10.0,138.7,1353.9
2024-04-15 19:00:00+00:00,19.72,0.7,1446.7
2024-04-15 20:00:00+00:00,6.0,0.2,1473.5
2024-04-15 21:00:00+00:00,4.2,0.1,1425.5
2024-04-15 22:00:00+00:00,0.44,0.1,1324.9
2024-04-15 23:00:00+00:00,0.0,0.0,1220.6
2024-04-16 00:00:00+00:00,0.0,0.0,1124.8
2024-04-16 01:00:00+00:00,0.0,0.0,983.7
2024-04-16 02:00:00+00:00,0.0,0.0,932.6
2024-04-16 03:00:00+00:00,0.0,0.0,1044.0
2024-04-16 04:00:00+00:00,0.08,0.0,1234.6
2024-04-16 05:00:00+00:00,6.0,0.4,1423.4
2024-04-16 06:00:00+00:00,4.47,116.9,1375.2
2024-04-16 07:00:00+00:00,0.0,599.9,1116.0
2024-04-16 08:00:00+00:00,-0.01,1179.7,789.8
2024-04-16 09:00:00+00:00,-0.01,1629.0,578.1
2024-04-16 10:00:00+00:00,-0.03,1882.2,423.2
2024-04-16 11:00:00+00:00,-0.1,1956.2,333.9
2024-04-16 12:00:00+00:00,-0.1,1899.4,338.6
2024-04-16 13:00:00+00:00,-0.1,1873.6,364.4
2024-04-16 14:00:00+00:00,-0.13,1775.8,445.2
2024-04-16 15:00:00+00:00,-0.1,1547.1,595.8
2024-04-16 16:00:00+00:00,-0.01,1248.2,773.7
2024-04-16 17:00:00+00:00,0.0,674.9,916.7
2024-04-16 18:00:00+00:00,4.15,143.5,1084.4
2024-04-16 19:00:00+00:00,10.01,0.7,1313.7
2024-04-16 20:00:00+00:00,5.0,0.2,1434.5
2024-04-16 21:00:00+00:00,3.25,0.1,1397.7
2024-04-16 22:00:00+00:00,3.25,0.1,1501.1
2024-04-16 23:00:00+00:00,3.25,0.1,1682.4
2024-04-17 00:00:00+00:00,1.77,0.0,1790.2
2024-04-17 01:00:00+00:00,1.24,0.0,2119.9
2024-04-17 02:00:00+00:00,1.0,0.0,2184.5
2024-04-17 03:00:00+00:00,1.5,0.0,2373.2
2024-04-17 04:00:00+00:00,3.25,0.0,2459.9
2024-04-17 05:00:00+00:00,5.65,0.9,2453.6
2024-04-17 06:00:00+00:00,5.0,132.2,2358.4
2024-04-17 07:00:00+00:00,0.44,645.6,2183.8
2024-04-17 08:00:00+00:00,0.0,1151.1,1903.3
2024-04-17 09:00:00+00:00,-0.01,1435.4,1560.1
2024-04-17 10:00:00+00:00,-0.02,1695.1,1250.9
2024-04-17 11:00:00+00:00,-0.03,1746.4,957.3
2024-04-17 12:00:00+00:00,-0.05,1820.9,749.0999999999999
2024-04-17 13:00:00+00:00,-0.05,1646.4,615.0
2024-04-17 14:00:00+00:00,-0.03,1522.1,558.3
2024-04-17 15:00:00+00:00,-0.01,1320.4,552.1
2024-04-17 16:00:00+00:00,0.0,1136.0,542.9
2024-04-17 17:00:00+00:00,0.44,628.8,657.4
2024-04-17 18:00:00+00:00,6.0,148.1,895.5
2024-04-17 19:00:00+00:00,22.34,1.6,1293.5
2024-04-17 20:00:00+00:00,6.0,0.2,1612.4
2024-04-17 21:00:00+00:00,3.25,0.1,1810.0
2024-04-17 22:00:00+00:00,3.25,0.1,1916.0
2024-04-17 23:00:00+00:00,2.9,0.0,2085.6
2024-04-18 00:00:00+00:00,2.2,0.0,2357.8
2024-04-18 01:00:00+00:00,2.0,0.0,2454.9
2024-04-18 02:00:00+00:00,1.77,0.0,2502.2
2024-04-18 03:00:00+00:00,2.0,0.0,2631.4
2024-04-18 04:00:00+00:00,3.25,0.0,2729.1
2024-04-18 05:00:00+00:00,5.15,0.8,2938.6
2024-04-18 06:00:00+00:00,6.0,97.6,3127.2000000000003
2024-04-18 07:00:00+00:00,1.77,458.8,2971.6
2024-04-18 08:00:00+00:00,0.0,960.1,2545.4
2024-04-18 09:00:00+00:00,0.0,1447.0,2151.1
2024-04-18 10:00:00+00:00,0.0,1737.0,1733.6000000000001
2024-04-18 11:00:00+00:00,0.0,1929.3,1367.7
2024-04-18 12:00:00+00:00,0.0,1977.5,1095.5
2024-04-18 13:00:00+00:00,-0.01,1946.2,888.9000000000001
2024-04-18 14:00:00+00:00,0.0,1766.6,736.5
2024-04-18 15:00:00+00:00,0.0,1489.8,662.4
2024-04-18 16:00:00+00:00,0.0,1074.1,688.6999999999999
2024-04-18 17:00:00+00:00,2.0,591.7,757.9
2024-04-18 18:00:00+00:00,12.17,137.1,930.0
2024-04-18 19:00:00+00:00,30.77,2.1,1447.6
2024-04-18 20:00:00+00:00,14.21,0.2,2014.6000000000001
2024-04-18 21:00:00+00:00,3.6,0.1,2420.6
2024-04-18 22:00:00+00:00,13.07,0.2,2481.5
2024-04-18 23:00:00+00:00,12.17,0.0,2370.8
2024-04-19 00:00:00+00:00,12.59,0.0,2365.0
2024-04-19 01:00:00+00:00,12.81,0.0,2389.6
2024-04-19 02:00:00+00:00,9.02,0.0,2485.4
2024-04-19 03:00:00+00:00,11.55,0.0,2586.4
2024-04-19 04:00:00+00:00,21.0,0.0,2554.4
2024-04-19 05:00:00+00:00,35.0,0.9,2537.7
2024-04-19 06:00:00+00:00,32.62,102.1,2506.1
2024-04-19 07:00:00+00:00,8.6,419.8,2186.0
2024-04-19 08:00:00+00:00,3.35,849.6,1905.4
2024-04-19 09:00:00+00:00,3.25,1133.2,1582.9
2024-04-19 10:00:00+00:00,0.6,1551.2,1329.3
2024-04-19 11:00:00+00:00,0.04,1561.2,1089.4
2024-04-19 12:00:00+00:00,0.02,1617.4,835.5
2024-04-19 13:00:00+00:00,0.0,1446.3,573.9
2024-04-19 14:00:00+00:00,0.0,1336.9,360.3
2024-04-19 15:00:00+00:00,2.5,1194.4,262.1
2024-04-19 16:00:00+00:00,7.62,843.6,220.4
2024-04-19 17:00:00+00:00,21.96,432.0,201.79999999999998
2024-04-19 18:00:00+00:00,34.96,113.4,176.6
2024-04-19 19:00:00+00:00,37.52,1.7,178.70000000000002
2024-04-19 20:00:00+00:00,35.0,0.2,218.6
2024-04-19 21:00:00+00:00,35.0,0.1,237.4
2024-04-19 22:00:00+00:00,24.69,0.1,225.9
2024-04-19 23:00:00+00:00,10.0,0.1,266.9
2024-04-20 00:00:00+00:00,11.39,0.1,386.09999999999997
2024-04-20 01:00:00+00:00,10.0,0.0,570.6
2024-04-20 02:00:00+00:00,9.57,0.0,759.9000000000001
2024-04-20 03:00:00+00:00,7.0,0.0,825.4
2024-04-20 04:00:00+00:00,7.54,0.0,810.6
2024-04-20 05:00:00+00:00,8.43,0.9,921.6
2024-04-20 06:00:00+00:00,7.42,104.1,1053.4
2024-04-20 07:00:00+00:00,2.1,412.7,1047.1
2024-04-20 08:00:00+00:00,0.44,828.7,922.7
2024-04-20 09:00:00+00:00,0.05,1264.2,703.6
2024-04-20 10:00:00+00:00,0.0,1329.7,627.7
2024-04-20 11:00:00+00:00,0.0,1433.7,711.3
2024-04-20 12:00:00+00:00,0.0,1443.4,617.2
2024-04-20 13:00:00+00:00,-0.04,1469.3,391.2
2024-04-20 14:00:00+00:00,-0.01,1400.2,330.2
2024-04-20 15:00:00+00:00,0.0,1128.7,327.7
2024-04-20 16:00:00+00:00,0.04,646.3,335.5
2024-04-20 17:00:00+00:00,3.25,313.3,348.70000000000005
2024-04-20 18:00:00+00:00,7.88,82.4,295.1
2024-04-20 19:00:00+00:00,10.0,1.4,356.2
2024-04-20 20:00:00+00:00,8.58,0.2,446.09999999999997
2024-04-20 21:00:00+00:00,7.54,0.1,593.4
2024-04-20 22:00:00+00:00,3.25,0.1,850.3000000000001
2024-04-20 23:00:00+00:00,3.25,0.1,1202.3
2024-04-21 00:00:00+00:00,3.22,0.1,1467.1
2024-04-21 01:00:00+00:00,3.25,0.1,1703.7
2024-04-21 02:00:00+00:00,3.25,0.1,1953.7
2024-04-21 03:00:00+00:00,3.25,0.1,2061.2
2024-04-21 04:00:00+00:00,3.6,0.1,2001.6999999999998
2024-04-21 05:00:00+00:00,7.46,1.5,2052.5
2024-04-21 06:00:00+00:00,3.25,124.0,2084.3
2024-04-21 07:00:00+00:00,0.44,584.6,1892.7
2024-04-21 08:00:00+00:00,0.0,1103.7,1494.8000000000002
2024-04-21 09:00:00+00:00,-0.01,1545.7,1118.4
2024-04-21 10:00:00+00:00,-0.07,1802.3,734.7
2024-04-21 11:00:00+00:00,-0.01,1893.3,485.4
2024-04-21 12:00:00+00:00,-0.01,1919.9,346.7
2024-04-21 13:00:00+00:00,-0.1,1888.6,267.5
2024-04-21 14:00:00+00:00,-0.1,1791.3,257.40000000000003
2024-04-21 15:00:00+00:00,-0.1,1566.8,306.1
2024-04-21 16:00:00+00:00,-0.01,1140.2,397.09999999999997
2024-04-21 17:00:00+00:00,0.44,613.5,411.8
2024-04-21 18:00:00+00:00,3.35,156.0,421.8
2024-04-21 19:00:00+00:00,8.93,3.6,570.6
2024-04-21 20:00:00+00:00,7.46,0.3,648.7
2024-04-21 21:00:00+00:00,3.6,0.1,684.6
2024-04-21 22:00:00+00:00,3.0,0.1,811.6999999999999
2024-04-21 23:00:00+00:00,2.0,0.1,1275.5
2024-04-22 00:00:00+00:00,1.1,0.1,1715.6
2024-04-22 01:00:00+00:00,1.01,0.1,1870.1
2024-04-22 02:00:00+00:00,0.49,0.1,2012.1000000000001
2024-04-22 03:00:00+00:00,1.0,0.1,2095.7
2024-04-22 04:00:00+00:00,1.1,0.1,2177.3
2024-04-22 05:00:00+00:00,3.25,2.6,2092.0
2024-04-22 06:00:00+00:00,1.1,142.5,2157.5
2024-04-22 07:00:00+00:00,0.0,592.9,2125.8
2024-04-22 08:00:00+00:00,0.0,1228.1,1853.1
2024-04-22 09:00:00+00:00,-0.01,1660.5,1613.3
2024-04-22 10:00:00+00:00,-0.03,1977.3,1358.8
2024-04-22 11:00:00+00:00,-0.05,2160.6,1179.5
2024-04-22 12:00:00+00:00,-0.1,2062.2,1022.1
2024-04-22 13:00:00+00:00,-0.25,2018.0,879.7
2024-04-22 14:00:00+00:00,-0.3,1904.5,765.4
2024-04-22 15:00:00+00:00,-0.1,1685.6,717.4
2024-04-22 16:00:00+00:00,0.0,1303.9,720.6
2024-04-22 17:00:00+00:00,0.45,729.5,752.7
2024-04-22 18:00:00+00:00,6.0,179.6,873.3000000000001
2024-04-22 19:00:00+00:00,12.81,3.3,1248.5
2024-04-22 20:00:00+00:00,7.62,0.3,1571.0
2024-04-22 21:00:00+00:00,5.54,0.1,2016.6
2024-04-22 22:00:00+00:00,6.15,0.1,2409.3
2024-04-22 23:00:00+00:00,3.6,0.0,2427.2000000000003
2024-04-23 00:00:00+00:00,3.25,0.1,2486.2999999999997
2024-04-23 01:00:00+00:00,3.35,0.0,2656.6
2024-04-23 02:00:00+00:00,3.6,0.0,2845.2
2024-04-23 03:00:00+00:00,5.0,0.0,3007.3
2024-04-23 04:00:00+00:00,6.58,0.0,3104.0
2024-04-23 05:00:00+00:00,20.0,2.9,3050.7
2024-04-23 06:00:00+00:00,6.9,179.0,2757.7
2024-04-23 07:00:00+00:00,0.5,773.1,2292.4
2024-04-23 08:00:00+00:00,0.0,1409.2,1593.8
2024-04-23 09:00:00+00:00,0.0,1724.7,1050.8
2024-04-23 10:00:00+00:00,0.0,1896.9,637.9
2024-04-23 11:00:00+00:00,0.0,2009.4,440.70000000000005
2024-04-23 12:00:00+00:00,0.0,2017.4,499.9
2024-04-23 13:00:00+00:00,0.0,1961.5,624.9000000000001
2024-04-23 14:00:00+00:00,0.0,1864.1,901.7
2024-04-23 15:00:00+00:00,0.0,1655.1,1286.8
2024-04-23 16:00:00+00:00,0.0,1286.9,1429.0
2024-04-23 17:00:00+00:00,1.0,722.2,1400.1
2024-04-23 18:00:00+00:00,12.17,183.2,1345.5
2024-04-23 19:00:00+00:00,35.0,3.5,1310.8999999999999
2024-04-23 20:00:00+00:00,24.89,0.3,1287.8
2024-04-23 21:00:00+00:00,8.21,0.1,1226.8999999999999
2024-04-23 22:00:00+00:00,23.21,0.1,1140.2
2024-04-23 23:00:00+00:00,16.05,0.1,1268.3999999999999
2024-04-24 00:00:00+00:00,12.08,0.1,1518.2
2024-04-24 01:00:00+00:00,11.28,0.1,1798.9
2024-04-24 02:00:00+00:00,10.7,0.1,1937.3999999999999
2024-04-24 03:00:00+00:00,11.93,0.1,1830.8
2024-04-24 04:00:00+00:00,17.33,0.1,1584.1
2024-04-24 05:00:00+00:00,33.69,4.4,1448.8999999999999
2024-04-24 06:00:00+00:00,24.89,189.0,1348.6000000000001
2024-04-24 07:00:00+00:00,5.0,800.1,863.9
2024-04-24 08:00:00+00:00,1.0,1393.3,464.1
2024-04-24 09:00:00+00:00,0.04,1691.5,257.5
2024-04-24 10:00:00+00:00,0.0,1878.7,113.4
2024-04-24 11:00:00+00:00,0.0,1979.1,43.3
2024-04-24 12:00:00+00:00,0.0,1900.7,65.7
2024-04-24 13:00:00+00:00,0.0,1788.8,172.4
2024-04-24 14:00:00+00:00,0.0,1681.3,339.0
2024-04-24 15:00:00+00:00,0.04,1429.6,675.4
2024-04-24 16:00:00+00:00,3.25,1164.6,1118.7
2024-04-24 17:00:00+00:00,24.89,671.5,1280.0
2024-04-24 18:00:00+00:00,35.02,192.5,1159.1999999999998
2024-04-24 19:00:00+00:00,101.48,4.7,1224.8000000000002
2024-04-24 20:00:00+00:00,78.85,0.3,1594.3999999999999
2024-04-24 21:00:00+00:00,35.01,0.1,1733.6000000000001
2024-04-24 22:00:00+00:00,38.07,0.1,1800.8
2024-04-24 23:00:00+00:00,35.02,0.1,1872.9
2024-04-25 00:00:00+00:00,35.01,0.1,1916.0
2024-04-25 01:00:00+00:00,35.01,0.1,1943.5
2024-04-25 02:00:00+00:00,35.01,0.1,2110.3
2024-04-25 03:00:00+00:00,35.01,0.1,2093.6
2024-04-25 04:00:00+00:00,38.69,0.1,1927.6999999999998
2024-04-25 05:00:00+00:00,90.22,2.1,2057.0
2024-04-25 06:00:00+00:00,66.85,129.6,2087.7
2024-04-25 07:00:00+00:00,35.0,532.7,1813.5
2024-04-25 08:00:00+00:00,26.96,1081.1,1486.2
2024-04-25 09:00:00+00:00,22.3,1634.8,1325.5
2024-04-25 10:00:00+00:00,19.29,1998.7,1605.9
2024-04-25 11:00:00+00:00,15.65,2144.2,2006.2
2024-04-25 12:00:00+00:00,9.99,2113.6,2269.3999999999996
2024-04-25 13:00:00+00:00,7.0,1994.4,2560.0
2024-04-25 14:00:00+00:00,6.0,1809.6,2904.2999999999997
2024-04-25 15:00:00+00:00,9.35,1635.3,3047.0
2024-04-25 16:00:00+00:00,22.3,1292.6,2823.1
2024-04-25 17:00:00+00:00,32.56,735.1,2882.2000000000003
2024-04-25 18:00:00+00:00,59.63,183.6,2924.4
2024-04-25 19:00:00+00:00,95.22,3.3,2559.4
2024-04-25 20:00:00+00:00,78.09,0.3,2067.3
2024-04-25 21:00:00+00:00,78.09,0.1,1686.7
2024-04-25 22:00:00+00:00,79.87,0.1,1327.5
2024-04-25 23:00:00+00:00,74.0,0.1,1259.3999999999999
2024-04-26 00:00:00+00:00,65.15,0.1,1267.8
2024-04-26 01:00:00+00:00,74.07,0.1,1061.1
2024-04-26 02:00:00+00:00,77.1,0.1,1101.5
2024-04-26 03:00:00+00:00,73.88,0.1,1034.1
2024-04-26 04:00:00+00:00,91.82,0.1,949.1
2024-04-26 05:00:00+00:00,104.06,1.4,925.4
2024-04-26 06:00:00+00:00,96.06,106.6,776.4
2024-04-26 07:00:00+00:00,81.08,375.3,569.0
2024-04-26 08:00:00+00:00,35.33,740.7,440.0
2024-04-26 09:00:00+00:00,35.0,942.1,385.59999999999997
2024-04-26 10:00:00+00:00,33.75,1084.1,386.7
2024-04-26 11:00:00+00:00,31.2,1169.1,675.0
2024-04-26 12:00:00+00:00,21.2,1307.2,1133.1999999999998
2024-04-26 13:00:00+00:00,20.1,1281.8,1611.9
2024-04-26 14:00:00+00:00,16.98,1208.1,1966.6
2024-04-26 15:00:00+00:00,20.2,971.7,2187.2000000000003
2024-04-26 16:00:00+00:00,24.89,661.2,2403.1
2024-04-26 17:00:00+00:00,35.0,322.3,2389.7
2024-04-26 18:00:00+00:00,58.53,115.7,2335.6
2024-04-26 19:00:00+00:00,96.06,3.3,2306.7
2024-04-26 20:00:00+00:00,81.49,0.2,2408.8
2024-04-26 21:00:00+00:00,52.97,0.1,2545.5
2024-04-26 22:00:00+00:00,47.88,0.1,2576.5
2024-04-26 23:00:00+00:00,40.0,0.1,2354.2999999999997
2024-04-27 00:00:00+00:00,35.0,0.1,2196.6
2024-04-27 01:00:00+00:00,35.0,0.1,1968.8999999999999
2024-04-27 02:00:00+00:00,35.0,0.1,1882.5
2024-04-27 03:00:00+00:00,35.0,0.1,1841.0
2024-04-27 04:00:00+00:00,35.0,0.1,1703.8000000000002
2024-04-27 05:00:00+00:00,34.21,3.5,1640.6000000000001
2024-04-27 06:00:00+00:00,30.0,169.6,1661.1000000000001
2024-04-27 07:00:00+00:00,15.4,632.6,1656.0
2024-04-27 08:00:00+00:00,7.3,935.1,1811.1000000000001
2024-04-27 09:00:00+00:00,3.25,1190.7,2145.1000000000004
2024-04-27 10:00:00+00:00,0.03,1471.1,2512.1
2024-04-27 11:00:00+00:00,0.0,1621.5,2810.2
2024-04-27 12:00:00+00:00,0.0,1619.3,2929.2
2024-04-27 13:00:00+00:00,0.0,1665.2,2774.3
2024-04-27 14:00:00+00:00,0.0,1557.0,2503.3
2024-04-27 15:00:00+00:00,0.0,1419.2,2241.1
2024-04-27 16:00:00+00:00,0.44,1161.0,2022.5
2024-04-27 17:00:00+00:00,14.98,649.1,1866.3999999999999
2024-04-27 18:00:00+00:00,45.51,188.8,1565.4
2024-04-27 19:00:00+00:00,65.27,4.7,1277.6
2024-04-27 20:00:00+00:00,62.78,0.3,1053.3999999999999
2024-04-27 21:00:00+00:00,58.52,0.1,984.9
2024-04-27 22:00:00+00:00,56.39,0.1,905.4
2024-04-27 23:00:00+00:00,38.96,0.1,746.7
2024-04-28 00:00:00+00:00,39.6,0.1,638.5
2024-04-28 01:00:00+00:00,35.01,0.1,578.4000000000001
2024-04-28 02:00:00+00:00,35.01,0.1,608.1
2024-04-28 03:00:00+00:00,35.5,0.1,605.4
2024-04-28 04:00:00+00:00,35.76,0.1,477.0
2024-04-28 05:00:00+00:00,36.73,5.5,379.2
2024-04-28 06:00:00+00:00,35.0,197.1,362.3
2024-04-28 07:00:00+00:00,14.98,800.2,221.0
2024-04-28 08:00:00+00:00,0.44,1384.2,198.3
2024-04-28 09:00:00+00:00,0.0,1477.6,207.3
2024-04-28 10:00:00+00:00,0.0,1436.2,241.9
2024-04-28 11:00:00+00:00,0.0,1491.5,409.8
2024-04-28 12:00:00+00:00,0.0,1710.7,574.1
2024-04-28 13:00:00+00:00,0.0,1689.0,861.6
2024-04-28 14:00:00+00:00,-0.01,1681.6,1073.7
2024-04-28 15:00:00+00:00,0.0,1504.3,1251.6
2024-04-28 16:00:00+00:00,20.66,1202.0,1378.0
2024-04-28 17:00:00+00:00,35.01,738.9,1444.7
2024-04-28 18:00:00+00:00,58.88,198.3,1585.1000000000001
2024-04-28 19:00:00+00:00,78.56,6.5,1812.9
2024-04-28 20:00:00+00:00,72.21,0.3,1838.4
2024-04-28 21:00:00+00:00,60.65,0.1,1787.4
2024-04-28 22:00:00+00:00,63.15,0.1,1621.2
2024-04-28 23:00:00+00:00,60.05,0.1,1488.5
2024-04-29 00:00:00+00:00,58.93,0.1,1413.4
2024-04-29 01:00:00+00:00,58.87,0.1,1273.0
2024-04-29 02:00:00+00:00,56.0,0.1,1097.6
2024-04-29 03:00:00+00:00,58.52,0.1,1011.9000000000001
2024-04-29 04:00:00+00:00,52.25,0.1,1066.8
2024-04-29 05:00:00+00:00,102.26,6.2,1056.3
2024-04-29 06:00:00+00:00,96.24,218.1,937.4
2024-04-29 07:00:00+00:00,59.79,871.0,709.9
2024-04-29 08:00:00+00:00,45.5,1526.9,679.6
2024-04-29 09:00:00+00:00,36.73,1874.1,648.5999999999999
2024-04-29 10:00:00+00:00,35.1,2016.9,674.1
2024-04-29 11:00:00+00:00,35.01,2036.9,754.1
2024-04-29 12:00:00+00:00,35.01,1917.2,869.8000000000001
2024-04-29 13:00:00+00:00,35.01,1804.4,994.4
2024-04-29 14:00:00+00:00,35.0,1712.7,1146.6000000000001
2024-04-29 15:00:00+00:00,35.2,1590.9,1404.5
2024-04-29 16:00:00+00:00,40.74,1196.9,1771.8
2024-04-29 17:00:00+00:00,60.53,709.8,1981.2
2024-04-29 18:00:00+00:00,87.21,224.3,2008.5
2024-04-29 19:00:00+00:00,97.92,7.8,1942.1000000000001
2024-04-29 20:00:00+00:00,83.75,0.3,1884.7
2024-04-29 21:00:00+00:00,69.77,0.1,1834.3999999999999
2024-04-29 22:00:00+00:00,73.73,0.1,1613.5
2024-04-29 23:00:00+00:00,57.83,0.1,1408.2
2024-04-30 00:00:00+00:00,58.99,0.1,1418.4
2024-04-30 01:00:00+00:00,68.81,0.1,1370.3
2024-04-30 02:00:00+00:00,64.77,0.1,1287.4
2024-04-30 03:00:00+00:00,77.13,0.1,1220.3000000000002
2024-04-30 04:00:00+00:00,85.36,0.1,1177.5
2024-04-30 05:00:00+00:00,99.32,3.4,1226.5
2024-04-30 06:00:00+00:00,84.41,100.9,1355.8
2024-04-30 07:00:00+00:00,58.0,349.7,1311.9
2024-04-30 08:00:00+00:00,41.0,714.9,1330.4
2024-04-30 09:00:00+00:00,35.01,801.3,1280.4
2024-04-30 10:00:00+00:00,28.26,951.5,1621.8
2024-04-30 11:00:00+00:00,15.1,1036.3,2117.4
2024-04-30 12:00:00+00:00,17.5,1152.5,2614.1
2024-04-30 13:00:00+00:00,19.14,1120.7,2897.8999999999996
2024-04-30 14:00:00+00:00,17.5,1091.3,3371.0
2024-04-30 15:00:00+00:00,20.4,1175.5,3687.9
2024-04-30 16:00:00+00:00,31.96,978.5,3690.1
2024-04-30 17:00:00+00:00,48.25,534.4,3395.3999999999996
2024-04-30 18:00:00+00:00,60.1,146.6,3066.7000000000003
2024-04-30 19:00:00+00:00,83.91,3.8,2714.2999999999997
2024-04-30 20:00:00+00:00,70.98,0.2,2350.9
2024-04-30 21:00:00+00:00,65.0,0.1,2262.1
2024-04-30 22:00:00+00:00,35.01,0.1,2511.3
2024-04-30 23:00:00+00:00,34.99,0.1,2772.5
2024-05-01 00:00:00+00:00,21.07,0.1,2642.4
2024-05-01 01:00:00+00:00,19.77,0.1,2708.4
2024-05-01 02:00:00+00:00,17.83,0.1,2658.3
2024-05-01 03:00:00+00:00,17.83,0.1,2483.9
2024-05-01 04:00:00+00:00,18.97,0.1,2251.3
2024-05-01 05:00:00+00:00,17.83,6.5,1954.1000000000001
2024-05-01 06:00:00+00:00,8.0,206.2,1509.7
2024-05-01 07:00:00+00:00,3.0,783.9,1264.3999999999999
2024-05-01 08:00:00+00:00,-0.01,1010.2,1464.1
2024-05-01 09:00:00+00:00,-0.07,1185.5,1832.9
2024-05-01 10:00:00+00:00,-0.06,1304.7,2030.0
2024-05-01 11:00:00+00:00,-0.47,1400.2,2533.2000000000003
2024-05-01 12:00:00+00:00,-0.58,1433.6,3039.3999999999996
2024-05-01 13:00:00+00:00,-0.6,1408.2,3525.0
2024-05-01 14:00:00+00:00,-0.66,1384.8,3575.2
2024-05-01 15:00:00+00:00,-0.13,1232.3,3455.1
2024-05-01 16:00:00+00:00,0.0,1072.9,3379.2999999999997
2024-05-01 17:00:00+00:00,0.44,691.6,3247.6
2024-05-01 18:00:00+00:00,19.0,205.6,2831.7999999999997
2024-05-01 19:00:00+00:00,35.0,8.5,2480.4
2024-05-01 20:00:00+00:00,33.4,0.3,1951.8999999999999
2024-05-01 21:00:00+00:00,23.71,0.1,1753.3
2024-05-01 22:00:00+00:00,14.56,0.1,1578.8
2024-05-01 23:00:00+00:00,10.94,0.1,1174.5
2024-05-02 00:00:00+00:00,10.0,0.1,1034.4
2024-05-02 01:00:00+00:00,7.8,0.1,954.9
2024-05-02 02:00:00+00:00,8.0,0.1,1006.9
2024-05-02 03:00:00+00:00,10.94,0.1,1049.2
2024-05-02 04:00:00+00:00,22.9,0.1,1132.3
2024-05-02 05:00:00+00:00,35.01,9.0,1166.2
2024-05-02 06:00:00+00:00,35.0,227.3,986.0
2024-05-02 07:00:00+00:00,10.94,756.5,910.5
2024-05-02 08:00:00+00:00,3.25,1278.4,960.9000000000001
2024-05-02 09:00:00+00:00,2.49,1401.2,969.2
2024-05-02 10:00:00+00:00,1.79,1481.7,1193.0
2024-05-02 11:00:00+00:00,1.83,1507.3,1508.8
2024-05-02 12:00:00+00:00,0.0,1583.8,1841.0
2024-05-02 13:00:00+00:00,0.44,1705.6,1999.2
2024-05-02 14:00:00+00:00,1.06,1566.3,2193.0
2024-05-02 15:00:00+00:00,0.44,1372.5,2094.0
2024-05-02 16:00:00+00:00,5.39,1038.5,2045.3
2024-05-02 17:00:00+00:00,17.6,591.1,1998.1
2024-05-02 18:00:00+00:00,35.4,207.5,1932.6
2024-05-02 19:00:00+00:00,59.14,10.9,1834.7
2024-05-02 20:00:00+00:00,43.9,0.2,1760.8999999999999
2024-05-02 21:00:00+00:00,35.64,0.1,1845.0
2024-05-02 22:00:00+00:00,35.01,0.1,1798.9
2024-05-02 23:00:00+00:00,35.01,0.1,1570.5
2024-05-03 00:00:00+00:00,35.0,0.1,1424.8
2024-05-03 01:00:00+00:00,35.0,0.1,1656.6000000000001
2024-05-03 02:00:00+00:00,35.0,0.1,1729.3
2024-05-03 03:00:00+00:00,34.43,0.1,1431.1000000000001
2024-05-03 04:00:00+00:00,35.0,0.1,1229.8
2024-05-03 05:00:00+00:00,41.0,8.8,1247.5
2024-05-03 06:00:00+00:00,35.0,245.7,1389.5
2024-05-03 07:00:00+00:00,28.9,798.1,1392.0
2024-05-03 08:00:00+00:00,16.2,1340.0,1453.7
2024-05-03 09:00:00+00:00,4.99,1709.8,1495.2
2024-05-03 10:00:00+00:00,6.1,1833.5,1636.8
2024-05-03 11:00:00+00:00,5.0,1806.9,1883.3999999999999
2024-05-03 12:00:00+00:00,3.25,1763.6,2135.6
2024-05-03 13:00:00+00:00,2.51,1847.7,2417.9
2024-05-03 14:00:00+00:00,0.44,1728.0,2538.9
2024-05-03 15:00:00+00:00,3.25,1507.6,2691.5
2024-05-03 16:00:00+00:00,9.08,1235.2,2627.3
2024-05-03 17:00:00+00:00,27.94,736.7,2510.9
2024-05-03 18:00:00+00:00,40.0,217.5,2516.8
2024-05-03 19:00:00+00:00,66.52,9.3,2536.3
2024-05-03 20:00:00+00:00,50.02,0.2,2662.5
2024-05-03 21:00:00+00:00,42.0,0.1,2848.6
2024-05-03 22:00:00+00:00,35.0,0.1,2929.0
2024-05-03 23:00:00+00:00,33.11,0.1,2875.0
2024-05-04 00:00:00+00:00,27.94,0.1,2820.0
2024-05-04 01:00:00+00:00,18.9,0.1,2725.6
2024-05-04 02:00:00+00:00,16.2,0.1,2758.2
2024-05-04 03:00:00+00:00,18.9,0.1,2709.2
2024-05-04 04:00:00+00:00,22.23,0.1,2709.3
2024-05-04 05:00:00+00:00,26.22,9.0,2764.9
2024-05-04 06:00:00+00:00,16.2,206.8,2762.1
2024-05-04 07:00:00+00:00,2.1,720.5,2556.7
2024-05-04 08:00:00+00:00,0.01,1313.6,2511.6
2024-05-04 09:00:00+00:00,0.0,1586.0,2729.1
2024-05-04 10:00:00+00:00,0.0,1681.0,2979.9
2024-05-04 11:00:00+00:00,0.0,1683.8,2980.7
2024-05-04 12:00:00+00:00,0.0,1564.4,2856.3
2024-05-04 13:00:00+00:00,0.0,1549.2,2741.2999999999997
2024-05-04 14:00:00+00:00,0.0,1446.7,2650.9
2024-05-04 15:00:00+00:00,0.0,1182.1,2474.1
2024-05-04 16:00:00+00:00,0.0,843.5,2266.6
2024-05-04 17:00:00+00:00,3.25,540.0,1996.5
2024-05-04 18:00:00+00:00,30.0,162.7,1846.3999999999999
2024-05-04 19:00:00+00:00,35.01,7.8,1756.3999999999999
2024-05-04 20:00:00+00:00,35.02,0.2,1751.1999999999998
2024-05-04 21:00:00+00:00,35.01,0.1,1663.6
2024-05-04 22:00:00+00:00,30.0,0.1,1833.0
2024-05-04 23:00:00+00:00,26.87,0.1,2002.3
2024-05-05 00:00:00+00:00,24.13,0.1,2117.7999999999997
2024-05-05 01:00:00+00:00,22.62,0.1,2208.4
2024-05-05 02:00:00+00:00,22.86,0.1,2400.4
2024-05-05 03:00:00+00:00,24.81,0.1,2614.6
2024-05-05 04:00:00+00:00,26.87,0.1,2625.3
2024-05-05 05:00:00+00:00,25.63,2.5,2595.8
2024-05-05 06:00:00+00:00,16.72,90.9,2553.1
2024-05-05 07:00:00+00:00,3.25,266.1,2755.2
2024-05-05 08:00:00+00:00,1.88,562.7,2676.5
2024-05-05 09:00:00+00:00,0.44,761.2,2720.8
2024-05-05 10:00:00+00:00,0.0,935.9,2809.5
2024-05-05 11:00:00+00:00,-0.04,1085.2,2990.2
2024-05-05 12:00:00+00:00,-0.58,1113.3,2896.0
2024-05-05 13:00:00+00:00,-0.1,1087.4,2884.6
2024-05-05 14:00:00+00:00,0.0,1050.2,3035.9
2024-05-05 15:00:00+00:00,0.0,845.9,3394.7999999999997
2024-05-05 16:00:00+00:00,3.25,746.9,3160.8
2024-05-05 17:00:00+00:00,6.1,495.2,2814.6
2024-05-05 18:00:00+00:00,29.9,164.2,2385.1000000000004
2024-05-05 19:00:00+00:00,54.33,8.5,1916.1000000000001
2024-05-05 20:00:00+00:00,51.61,0.2,1481.1999999999998
2024-05-05 21:00:00+00:00,50.15,0.1,1068.7
2024-05-05 22:00:00+00:00,63.58,0.1,760.5
2024-05-05 23:00:00+00:00,55.99,0.1,637.1
2024-05-06 00:00:00+00:00,51.91,0.1,542.5
2024-05-06 01:00:00+00:00,53.96,0.1,520.1
2024-05-06 02:00:00+00:00,51.08,0.1,552.5
2024-05-06 03:00:00+00:00,53.96,0.1,724.5
2024-05-06 04:00:00+00:00,57.1,0.1,909.0999999999999
2024-05-06 05:00:00+00:00,84.03,6.4,1147.4
2024-05-06 06:00:00+00:00,86.89,150.6,1338.1
2024-05-06 07:00:00+00:00,61.54,621.6,1119.3
2024-05-06 08:00:00+00:00,45.13,1140.0,916.1
2024-05-06 09:00:00+00:00,35.0,1543.0,876.5
2024-05-06 10:00:00+00:00,18.9,1837.6,844.1
2024-05-06 11:00:00+00:00,10.0,2032.6,740.8
2024-05-06 12:00:00+00:00,6.1,2141.3,757.9
2024-05-06 13:00:00+00:00,4.99,2181.1,909.1
2024-05-06 14:00:00+00:00,4.23,2176.4,1183.1000000000001
2024-05-06 15:00:00+00:00,5.0,1931.0,1493.4
2024-05-06 16:00:00+00:00,9.9,1387.4,1602.8
2024-05-06 17:00:00+00:00,37.62,819.3,1505.5
2024-05-06 18:00:00+00:00,75.1,233.2,1361.8
2024-05-06 19:00:00+00:00,97.69,10.2,1375.0
2024-05-06 20:00:00+00:00,93.2,0.3,1426.1
2024-05-06 21:00:00+00:00,84.42,0.1,1483.1000000000001
2024-05-06 22:00:00+00:00,81.73,0.1,1670.7
2024-05-06 23:00:00+00:00,77.64,0.1,1817.6000000000001
2024-05-07 00:00:00+00:00,74.77,0.1,1811.3999999999999
2024-05-07 01:00:00+00:00,68.24,0.1,1753.3
2024-05-07 02:00:00+00:00,66.82,0.1,1814.8
2024-05-07 03:00:00+00:00,69.09,0.1,1805.8
2024-05-07 04:00:00+00:00,75.98,0.1,1901.7
2024-05-07 05:00:00+00:00,99.87,18.4,1826.1
2024-05-07 06:00:00+00:00,75.62,281.6,1680.5
2024-05-07 07:00:00+00:00,35.0,895.5,1253.9
2024-05-07 08:00:00+00:00,10.0,1490.5,774.5
2024-05-07 09:00:00+00:00,9.99,1901.7,588.5
2024-05-07 10:00:00+00:00,8.0,2182.2,454.9
2024-05-07 11:00:00+00:00,7.53,2306.1,269.5
2024-05-07 12:00:00+00:00,5.0,2297.1,165.0
2024-05-07 13:00:00+00:00,0.31,2271.8,147.9
2024-05-07 14:00:00+00:00,0.0,2150.3,176.0
2024-05-07 15:00:00+00:00,1.01,1827.8,221.5
2024-05-07 16:00:00+00:00,1.01,1390.2,296.90000000000003
2024-05-07 17:00:00+00:00,35.0,785.6,400.6
2024-05-07 18:00:00+00:00,56.18,219.9,618.5
2024-05-07 19:00:00+00:00,67.44,11.9,1013.9
2024-05-07 20:00:00+00:00,62.0,0.3,1437.4
2024-05-07 21:00:00+00:00,50.01,0.1,2031.9
2024-05-07 22:00:00+00:00,30.0,0.1,2570.2
2024-05-07 23:00:00+00:00,20.18,0.1,2717.5
2024-05-08 00:00:00+00:00,19.47,0.1,2920.2000000000003
2024-05-08 01:00:00+00:00,17.27,0.1,3124.0
2024-05-08 02:00:00+00:00,19.47,0.1,3352.3
2024-05-08 03:00:00+00:00,18.67,0.1,3537.9
2024-05-08 04:00:00+00:00,21.07,0.1,3532.1
2024-05-08 05:00:00+00:00,35.01,10.1,3285.0
2024-05-08 06:00:00+00:00,30.0,236.0,3117.6
2024-05-08 07:00:00+00:00,18.67,881.5,2832.7
2024-05-08 08:00:00+00:00,10.0,1493.7,2432.9
2024-05-08 09:00:00+00:00,6.55,1941.7,1747.7
2024-05-08 10:00:00+00:00,3.25,2185.6,1310.3
2024-05-08 11:00:00+00:00,3.25,2279.2,1059.2
2024-05-08 12:00:00+00:00,3.25,2140.8,790.3
2024-05-08 13:00:00+00:00,3.25,2103.5,622.7
2024-05-08 14:00:00+00:00,7.53,1990.2,415.6
2024-05-08 15:00:00+00:00,8.47,1689.6,329.0
2024-05-08 16:00:00+00:00,11.16,1292.8,309.7
2024-05-08 17:00:00+00:00,24.5,724.8,208.9
2024-05-08 18:00:00+00:00,39.52,223.0,202.9
2024-05-08 19:00:00+00:00,63.38,12.7,305.0
2024-05-08 20:00:00+00:00,54.36,0.3,438.29999999999995
2024-05-08 21:00:00+00:00,51.91,0.1,559.4000000000001
2024-05-08 22:00:00+00:00,35.01,0.1,809.9
2024-05-08 23:00:00+00:00,35.01,0.1,1022.4
2024-05-09 00:00:00+00:00,35.0,0.1,1308.4
2024-05-09 01:00:00+00:00,35.0,0.1,1450.6
2024-05-09 02:00:00+00:00,35.01,0.1,1408.1
2024-05-09 03:00:00+00:00,35.01,0.1,1208.4
2024-05-09 04:00:00+00:00,47.33,0.1,1111.8999999999999
2024-05-09 05:00:00+00:00,68.78,19.7,1059.6000000000001
2024-05-09 06:00:00+00:00,40.15,236.3,1198.0
2024-05-09 07:00:00+00:00,29.9,679.9,1161.6
2024-05-09 08:00:00+00:00,10.99,1034.4,1069.5
2024-05-09 09:00:00+00:00,7.23,1572.4,826.3000000000001
2024-05-09 10:00:00+00:00,9.41,1890.2,551.5
2024-05-09 11:00:00+00:00,9.41,2043.9,341.5
2024-05-09 12:00:00+00:00,9.41,2183.7,225.4
2024-05-09 13:00:00+00:00,9.41,2119.6,166.3
2024-05-09 14:00:00+00:00,9.41,1996.4,88.0
2024-05-09 15:00:00+00:00,11.16,1760.9,72.7
2024-05-09 16:00:00+00:00,14.99,1378.6,85.3
2024-05-09 17:00:00+00:00,35.0,830.1,98.9
2024-05-09 18:00:00+00:00,72.94,258.9,110.69999999999999
2024-05-09 19:00:00+00:00,104.62,16.7,126.2
2024-05-09 20:00:00+00:00,91.83,0.3,136.0
2024-05-09 21:00:00+00:00,65.72,0.1,131.7
2024-05-09 22:00:00+00:00,45.0,0.1,85.39999999999999
2024-05-09 23:00:00+00:00,40.74,0.1,105.0
2024-05-10 00:00:00+00:00,39.95,0.1,143.8
2024-05-10 01:00:00+00:00,38.0,0.1,159.5
2024-05-10 02:00:00+00:00,38.55,0.1,167.3
2024-05-10 03:00:00+00:00,40.86,0.1,175.7
2024-05-10 04:00:00+00:00,57.0,0.1,159.0
2024-05-10 05:00:00+00:00,75.72,16.4,132.79999999999998
2024-05-10 06:00:00+00:00,40.89,261.3,146.29999999999998
2024-05-10 07:00:00+00:00,22.98,844.2,144.5
2024-05-10 08:00:00+00:00,12.1,1428.4,116.19999999999999
2024-05-10 09:00:00+00:00,4.5,1820.3,89.0
2024-05-10 10:00:00+00:00,4.5,2076.3,88.9
2024-05-10 11:00:00+00:00,0.44,2081.0,141.39999999999998
2024-05-10 12:00:00+00:00,3.24,2145.8,204.1
2024-05-10 13:00:00+00:00,0.99,2061.2,216.7
2024-05-10 14:00:00+00:00,3.25,1926.9,247.2
2024-05-10 15:00:00+00:00,6.31,1763.4,283.7
2024-05-10 16:00:00+00:00,9.76,1383.7,408.1
2024-05-10 17:00:00+00:00,14.99,808.0,530.8000000000001
2024-05-10 18:00:00+00:00,39.52,245.0,615.6
2024-05-10 19:00:00+00:00,75.72,14.8,706.2
2024-05-10 20:00:00+00:00,47.25,0.3,874.2
2024-05-10 21:00:00+00:00,40.17,0.1,980.8
2024-05-10 22:00:00+00:00,38.86,0.1,1049.1999999999998
2024-05-10 23:00:00+00:00,35.01,0.1,975.3
2024-05-11 00:00:00+00:00,35.0,0.1,1050.3
2024-05-11 01:00:00+00:00,35.01,0.1,1089.5
2024-05-11 02:00:00+00:00,35.01,0.1,1062.8
2024-05-11 03:00:00+00:00,35.01,0.1,926.8000000000001
2024-05-11 04:00:00+00:00,35.01,0.1,825.6
2024-05-11 05:00:00+00:00,35.01,17.1,647.7
2024-05-11 06:00:00+00:00,28.07,261.6,465.2
2024-05-11 07:00:00+00:00,6.4,780.9,380.8
2024-05-11 08:00:00+00:00,1.0,1286.8,398.6
2024-05-11 09:00:00+00:00,0.98,1746.1,521.9
2024-05-11 10:00:00+00:00,0.06,2077.4,529.9
2024-05-11 11:00:00+00:00,0.05,2192.9,495.0
2024-05-11 12:00:00+00:00,0.0,2148.6,778.0
2024-05-11 13:00:00+00:00,-0.1,1954.8,1374.0
2024-05-11 14:00:00+00:00,-0.41,1865.3,1582.1
2024-05-11 15:00:00+00:00,0.0,1648.0,1672.4
2024-05-11 16:00:00+00:00,3.25,1318.1,1677.0
2024-05-11 17:00:00+00:00,11.1,832.3,1763.3000000000002
2024-05-11 18:00:00+00:00,35.0,258.8,1594.8
2024-05-11 19:00:00+00:00,44.0,16.4,1718.0
2024-05-11 20:00:00+00:00,41.63,0.3,1780.1
2024-05-11 21:00:00+00:00,41.46,0.1,1630.3
2024-05-11 22:00:00+00:00,35.01,0.1,1558.6
2024-05-11 23:00:00+00:00,35.0,0.1,1485.8
2024-05-12 00:00:00+00:00,35.0,0.1,1458.3
2024-05-12 01:00:00+00:00,35.0,0.1,1412.8
2024-05-12 02:00:00+00:00,35.0,0.1,1228.6000000000001
2024-05-12 03:00:00+00:00,35.0,0.1,1136.8000000000002
2024-05-12 04:00:00+00:00,35.0,0.1,1106.0
2024-05-12 05:00:00+00:00,34.07,16.4,1218.2
2024-05-12 06:00:00+00:00,2.35,239.9,1281.2
2024-05-12 07:00:00+00:00,0.0,746.4,1229.1
2024-05-12 08:00:00+00:00,0.0,1321.3,1072.7
2024-05-12 09:00:00+00:00,3.23,1763.8,845.5999999999999
2024-05-12 10:00:00+00:00,3.23,2082.5,623.3
2024-05-12 11:00:00+00:00,3.23,2252.6,557.7
2024-05-12 12:00:00+00:00,1.7,2185.1,544.5
2024-05-12 13:00:00+00:00,1.7,2206.2,710.6
2024-05-12 14:00:00+00:00,0.1,2157.3,1077.8
2024-05-12 15:00:00+00:00,0.1,1900.4,1397.0
2024-05-12 16:00:00+00:00,14.3,1528.1,1502.0
2024-05-12 17:00:00+00:00,35.0,904.1,1468.5
2024-05-12 18:00:00+00:00,39.53,277.4,1332.1999999999998
2024-05-12 19:00:00+00:00,61.5,14.8,1435.8
2024-05-12 20:00:00+00:00,49.98,0.4,1542.1
2024-05-12 21:00:00+00:00,39.68,0.1,1564.2
2024-05-12 22:00:00+00:00,35.0,0.1,1668.8
2024-05-12 23:00:00+00:00,35.0,0.1,1645.3
2024-05-13 00:00:00+00:00,35.0,0.1,1542.1999999999998
2024-05-13 01:00:00+00:00,34.04,0.1,1509.7
2024-05-13 02:00:00+00:00,34.03,0.1,1428.2
2024-05-13 03:00:00+00:00,34.0,0.1,1395.9
2024-05-13 04:00:00+00:00,35.0,0.1,1288.3999999999999
2024-05-13 05:00:00+00:00,49.35,17.0,1341.6
2024-05-13 06:00:00+00:00,50.0,170.7,1554.1000000000001
2024-05-13 07:00:00+00:00,38.03,433.2,1370.6999999999998
2024-05-13 08:00:00+00:00,11.7,814.0,1094.3
2024-05-13 09:00:00+00:00,2.01,1284.2,1174.3999999999999
2024-05-13 10:00:00+00:00,0.1,1574.0,1470.3
2024-05-13 11:00:00+00:00,0.0,1748.4,1891.0
2024-05-13 12:00:00+00:00,0.0,1832.7,2066.4
2024-05-13 13:00:00+00:00,0.0,1660.4,2351.0
2024-05-13 14:00:00+00:00,0.44,1444.1,2732.2999999999997
2024-05-13 15:00:00+00:00,1.7,1206.1,3017.3999999999996
2024-05-13 16:00:00+00:00,3.25,828.4,3233.2000000000003
2024-05-13 17:00:00+00:00,14.3,458.6,3469.8
2024-05-13 18:00:00+00:00,35.0,163.9,3570.1000000000004
2024-05-13 19:00:00+00:00,38.03,15.5,3522.4
2024-05-13 20:00:00+00:00,39.68,0.2,3479.3
2024-05-13 21:00:00+00:00,35.01,0.1,3248.9
2024-05-13 22:00:00+00:00,11.1,0.1,3154.2
2024-05-13 23:00:00+00:00,5.0,0.1,3202.9
2024-05-14 00:00:00+00:00,4.16,0.1,3154.3
2024-05-14 01:00:00+00:00,2.0,0.1,3072.5
2024-05-14 02:00:00+00:00,0.01,0.1,3186.1
2024-05-14 03:00:00+00:00,0.49,0.1,2988.6
2024-05-14 04:00:00+00:00,3.25,0.1,2653.2
2024-05-14 05:00:00+00:00,22.0,19.4,2392.0
2024-05-14 06:00:00+00:00,16.5,207.1,2404.9
2024-05-14 07:00:00+00:00,7.67,630.5,2256.5
2024-05-14 08:00:00+00:00,0.0,939.7,2466.3999999999996
2024-05-14 09:00:00+00:00,0.14,1196.8,2647.4
2024-05-14 10:00:00+00:00,0.0,1360.3,2786.6
2024-05-14 11:00:00+00:00,0.0,1517.5,2775.2999999999997
2024-05-14 12:00:00+00:00,-0.01,1489.4,3061.8
2024-05-14 13:00:00+00:00,-0.06,1466.6,3328.6
2024-05-14 14:00:00+00:00,-0.01,1391.1,3532.4
2024-05-14 15:00:00+00:00,0.0,1238.5,3584.3999999999996
2024-05-14 16:00:00+00:00,0.0,1032.8,3510.0
2024-05-14 17:00:00+00:00,3.25,645.5,3375.8999999999996
2024-05-14 18:00:00+00:00,21.96,227.4,3243.4
2024-05-14 19:00:00+00:00,35.0,16.7,3030.4
2024-05-14 20:00:00+00:00,35.0,0.3,2779.0
2024-05-14 21:00:00+00:00,28.07,0.1,2578.2999999999997
2024-05-14 22:00:00+00:00,17.84,0.1,2473.3
2024-05-14 23:00:00+00:00,14.99,0.1,2353.7000000000003
2024-05-15 00:00:00+00:00,12.03,0.1,2256.7
2024-05-15 01:00:00+00:00,10.96,0.1,2095.9
2024-05-15 02:00:00+00:00,11.0,0.1,1987.8000000000002
2024-05-15 03:00:00+00:00,16.55,0.1,1886.3999999999999
2024-05-15 04:00:00+00:00,30.64,0.1,1840.8999999999999
2024-05-15 05:00:00+00:00,35.01,21.1,1768.6
2024-05-15 06:00:00+00:00,30.0,274.8,1458.2
2024-05-15 07:00:00+00:00,3.25,789.0,1271.3000000000002
2024-05-15 08:00:00+00:00,3.21,1138.0,1165.8000000000002
2024-05-15 09:00:00+00:00,0.6,1200.8,1112.4
2024-05-15 10:00:00+00:00,0.4,1404.7,1133.5
2024-05-15 11:00:00+00:00,0.0,1526.4,1475.2
2024-05-15 12:00:00+00:00,0.0,1406.3,2069.9
2024-05-15 13:00:00+00:00,0.0,1376.8,2503.2000000000003
2024-05-15 14:00:00+00:00,0.0,1390.0,2785.4
2024-05-15 15:00:00+00:00,0.0,1359.9,2916.2999999999997
2024-05-15 16:00:00+00:00,0.01,1056.5,2956.1
2024-05-15 17:00:00+00:00,3.25,681.4,2833.2
2024-05-15 18:00:00+00:00,22.78,223.8,2636.6
2024-05-15 19:00:00+00:00,43.12,17.9,2371.7
2024-05-15 20:00:00+00:00,51.29,0.3,2005.8
2024-05-15 21:00:00+00:00,35.01,0.1,1851.0
2024-05-15 22:00:00+00:00,53.52,0.1,1871.6
2024-05-15 23:00:00+00:00,39.52,0.1,1819.5
2024-05-16 00:00:00+00:00,35.5,0.1,1719.9
2024-05-16 01:00:00+00:00,35.01,0.1,1699.3
2024-05-16 02:00:00+00:00,35.0,0.1,1610.5
2024-05-16 03:00:00+00:00,34.47,0.1,1479.3
2024-05-16 04:00:00+00:00,35.0,0.1,1304.6000000000001
2024-05-16 05:00:00+00:00,35.01,17.5,1276.0
2024-05-16 06:00:00+00:00,35.01,197.8,1006.4
2024-05-16 07:00:00+00:00,30.0,589.9,1034.8999999999999
2024-05-16 08:00:00+00:00,12.0,822.2,1026.6000000000001
2024-05-16 09:00:00+00:00,3.25,1120.4,1084.1999999999998
2024-05-16 10:00:00+00:00,3.25,1320.5,1110.2
2024-05-16 11:00:00+00:00,2.95,1384.5,1151.5
2024-05-16 12:00:00+00:00,2.8,1381.8,1182.8999999999999
2024-05-16 13:00:00+00:00,2.6,1262.6,1081.2
2024-05-16 14:00:00+00:00,2.6,1083.9,1028.8
2024-05-16 15:00:00+00:00,2.6,938.8,1173.9
2024-05-16 16:00:00+00:00,3.25,678.0,1389.2
2024-05-16 17:00:00+00:00,30.0,423.7,1602.3000000000002
2024-05-16 18:00:00+00:00,39.52,150.9,1897.1000000000001
2024-05-16 19:00:00+00:00,120.0,13.8,2508.3
2024-05-16 20:00:00+00:00,106.39,0.2,2752.2999999999997
2024-05-16 21:00:00+00:00,81.94,0.1,2608.3
2024-05-16 22:00:00+00:00,90.34,0.1,2364.7999999999997
2024-05-16 23:00:00+00:00,80.32,0.1,2079.9
2024-05-17 00:00:00+00:00,67.51,0.1,1991.7
2024-05-17 01:00:00+00:00,60.0,0.1,1865.8
2024-05-17 02:00:00+00:00,50.6,0.1,1785.8
2024-05-17 03:00:00+00:00,59.5,0.1,1612.7
2024-05-17 04:00:00+00:00,67.78,0.1,1540.1999999999998
2024-05-17 05:00:00+00:00,102.66,21.3,1460.3999999999999
2024-05-17 06:00:00+00:00,89.46,233.5,1247.6000000000001
2024-05-17 07:00:00+00:00,49.84,720.1,1191.1
2024-05-17 08:00:00+00:00,35.01,1025.3,1030.1
2024-05-17 09:00:00+00:00,33.49,1349.2,752.6
2024-05-17 10:00:00+00:00,35.01,1362.0,689.9
2024-05-17 11:00:00+00:00,20.39,1390.3,640.2
2024-05-17 12:00:00+00:00,16.84,1451.5,797.4
2024-05-17 13:00:00+00:00,11.9,1520.6,1015.7
2024-05-17 14:00:00+00:00,10.61,1678.7,1187.8
2024-05-17 15:00:00+00:00,17.74,1560.4,1461.8999999999999
2024-05-17 16:00:00+00:00,29.57,1303.8,1647.1
2024-05-17 17:00:00+00:00,37.93,851.5,1766.9
2024-05-17 18:00:00+00:00,64.8,294.8,1768.2
2024-05-17 19:00:00+00:00,84.24,25.4,1796.9
2024-05-17 20:00:00+00:00,89.4,0.3,1700.3
2024-05-17 21:00:00+00:00,77.18,0.1,1696.1
2024-05-17 22:00:00+00:00,71.37,0.1,1469.0
2024-05-17 23:00:00+00:00,63.23,0.1,1310.1
2024-05-18 00:00:00+00:00,45.13,0.1,1207.3000000000002
2024-05-18 01:00:00+00:00,44.98,0.1,1318.1
2024-05-18 02:00:00+00:00,47.78,0.1,1516.5
2024-05-18 03:00:00+00:00,48.16,0.1,1657.1000000000001
2024-05-18 04:00:00+00:00,50.85,0.1,1632.5
2024-05-18 05:00:00+00:00,43.48,28.9,1555.6
2024-05-18 06:00:00+00:00,31.96,303.8,1526.8
2024-05-18 07:00:00+00:00,20.6,786.8,1260.9
2024-05-18 08:00:00+00:00,9.43,1216.4,943.4000000000001
2024-05-18 09:00:00+00:00,0.71,1429.2,784.3000000000001
2024-05-18 10:00:00+00:00,0.0,1536.8,870.9
2024-05-18 11:00:00+00:00,0.0,1626.5,1062.8000000000002
2024-05-18 12:00:00+00:00,0.0,1685.6,1163.6000000000001
2024-05-18 13:00:00+00:00,0.0,1697.1,1302.3
2024-05-18 14:00:00+00:00,0.0,1679.4,1530.7
2024-05-18 15:00:00+00:00,4.9,1670.1,1768.4
2024-05-18 16:00:00+00:00,15.25,1289.7,1911.4
2024-05-18 17:00:00+00:00,35.0,834.3,1831.5
2024-05-18 18:00:00+00:00,45.42,305.5,1660.1000000000001
2024-05-18 19:00:00+00:00,72.87,24.3,1522.3000000000002
2024-05-18 20:00:00+00:00,74.46,0.2,1452.8
2024-05-18 21:00:00+00:00,66.17,0.0,1270.5
2024-05-18 22:00:00+00:00,58.15,0.0,1171.1000000000001
2024-05-18 23:00:00+00:00,53.85,0.0,1197.8999999999999
2024-05-19 00:00:00+00:00,50.91,0.0,1167.9
2024-05-19 01:00:00+00:00,49.98,0.0,1188.1
2024-05-19 02:00:00+00:00,48.47,0.1,1160.3999999999999
2024-05-19 03:00:00+00:00,39.9,0.1,1090.5
2024-05-19 04:00:00+00:00,41.2,0.1,1017.8
2024-05-19 05:00:00+00:00,49.19,20.9,961.6
2024-05-19 06:00:00+00:00,35.0,262.4,764.4
2024-05-19 07:00:00+00:00,6.69,719.9,657.7
2024-05-19 08:00:00+00:00,0.0,1167.9,520.6
2024-05-19 09:00:00+00:00,0.0,1374.9,540.9
2024-05-19 10:00:00+00:00,0.64,1599.7,648.0
2024-05-19 11:00:00+00:00,0.0,1659.0,819.0999999999999
2024-05-19 12:00:00+00:00,0.0,1739.4,1025.8
2024-05-19 13:00:00+00:00,-0.03,1785.0,1279.7
2024-05-19 14:00:00+00:00,-0.62,1722.4,1622.6
2024-05-19 15:00:00+00:00,0.0,1500.0,1851.3
2024-05-19 16:00:00+00:00,5.0,1298.5,2087.5
2024-05-19 17:00:00+00:00,20.8,873.6,2204.9
2024-05-19 18:00:00+00:00,35.0,309.2,2299.4
2024-05-19 19:00:00+00:00,51.86,28.7,2325.6
2024-05-19 20:00:00+00:00,45.54,0.3,2280.5
2024-05-19 21:00:00+00:00,48.15,0.1,2094.0
2024-05-19 22:00:00+00:00,49.12,0.1,1663.6999999999998
2024-05-19 23:00:00+00:00,44.0,0.1,1408.8999999999999
2024-05-20 00:00:00+00:00,46.62,0.0,1300.9
2024-05-20 01:00:00+00:00,48.16,0.0,1205.3999999999999
2024-05-20 02:00:00+00:00,48.4,0.0,1208.1000000000001
2024-05-20 03:00:00+00:00,50.5,0.0,1159.5
2024-05-20 04:00:00+00:00,55.99,0.1,1146.7
2024-05-20 05:00:00+00:00,58.82,25.4,1166.2
2024-05-20 06:00:00+00:00,49.98,257.5,1045.8
2024-05-20 07:00:00+00:00,33.8,718.2,832.9
2024-05-20 08:00:00+00:00,13.5,1106.8,656.3
2024-05-20 09:00:00+00:00,11.3,1303.5,494.3
2024-05-20 10:00:00+00:00,9.45,1486.0,465.20000000000005
2024-05-20 11:00:00+00:00,4.5,1568.2,567.7
2024-05-20 12:00:00+00:00,3.13,1693.3,754.6
2024-05-20 13:00:00+00:00,0.54,1703.0,1045.0
2024-05-20 14:00:00+00:00,3.25,1710.6,1367.3000000000002
2024-05-20 15:00:00+00:00,5.0,1565.5,1710.6
2024-05-20 16:00:00+00:00,15.17,1245.0,2137.2999999999997
2024-05-20 17:00:00+00:00,33.8,821.6,2373.0
2024-05-20 18:00:00+00:00,49.12,305.1,2380.4
2024-05-20 19:00:00+00:00,59.31,27.3,2313.6
2024-05-20 20:00:00+00:00,57.63,0.3,2100.2000000000003
2024-05-20 21:00:00+00:00,49.0,0.1,1940.9
2024-05-20 22:00:00+00:00,72.43,0.1,1938.5
2024-05-20 23:00:00+00:00,70.5,0.0,1836.9
2024-05-21 00:00:00+00:00,69.13,0.0,1686.9
2024-05-21 01:00:00+00:00,69.0,0.0,1530.1
2024-05-21 02:00:00+00:00,68.01,0.0,1333.9
2024-05-21 03:00:00+00:00,68.84,0.0,1201.5
2024-05-21 04:00:00+00:00,67.0,0.0,1174.9
2024-05-21 05:00:00+00:00,67.92,30.7,1186.3
2024-05-21 06:00:00+00:00,72.87,267.3,1010.4
2024-05-21 07:00:00+00:00,41.7,643.4,759.5999999999999
2024-05-21 08:00:00+00:00,30.0,961.6,692.9
2024-05-21 09:00:00+00:00,18.82,1346.2,721.6
2024-05-21 10:00:00+00:00,20.43,1589.1,807.1
2024-05-21 11:00:00+00:00,14.7,1629.2,924.8
2024-05-21 12:00:00+00:00,9.66,1672.3,1202.4
2024-05-21 13:00:00+00:00,8.21,1616.9,1497.5
2024-05-21 14:00:00+00:00,7.44,1718.9,1699.2
2024-05-21 15:00:00+00:00,14.7,1518.9,1872.5
2024-05-21 16:00:00+00:00,19.44,1273.6,2052.4
2024-05-21 17:00:00+00:00,34.79,835.9,1962.5
2024-05-21 18:00:00+00:00,62.73,305.0,1743.1999999999998
2024-05-21 19:00:00+00:00,68.01,27.5,1675.4
2024-05-21 20:00:00+00:00,66.77,0.2,1559.1000000000001
2024-05-21 21:00:00+00:00,63.08,0.1,1480.8
2024-05-21 22:00:00+00:00,72.0,0.1,1342.8
2024-05-21 23:00:00+00:00,68.9,0.0,1196.6000000000001
2024-05-22 00:00:00+00:00,65.9,0.0,1233.8999999999999
2024-05-22 01:00:00+00:00,66.32,0.1,1171.3
2024-05-22 02:00:00+00:00,64.76,0.0,1141.3999999999999
2024-05-22 03:00:00+00:00,67.88,0.0,1201.1000000000001
2024-05-22 04:00:00+00:00,62.9,0.0,1201.3
2024-05-22 05:00:00+00:00,66.43,30.7,1068.8000000000002
2024-05-22 06:00:00+00:00,58.58,288.8,908.9
2024-05-22 07:00:00+00:00,38.65,786.8,685.1999999999999
2024-05-22 08:00:00+00:00,24.17,1235.7,584.5
2024-05-22 09:00:00+00:00,22.0,1455.4,632.0999999999999
2024-05-22 10:00:00+00:00,21.76,1620.5,741.9
2024-05-22 11:00:00+00:00,11.72,1811.7,728.4
2024-05-22 12:00:00+00:00,10.23,1791.7,835.8000000000001
2024-05-22 13:00:00+00:00,3.25,1804.6,1067.9
2024-05-22 14:00:00+00:00,3.25,1810.6,1248.3
2024-05-22 15:00:00+00:00,8.47,1667.8,1414.5
2024-05-22 16:00:00+00:00,25.1,1369.3,1601.8
2024-05-22 17:00:00+00:00,41.2,900.0,1673.5
2024-05-22 18:00:00+00:00,57.24,323.6,1674.5
2024-05-22 19:00:00+00:00,74.63,33.9,1503.3
2024-05-22 20:00:00+00:00,67.88,0.3,1438.8
2024-05-22 21:00:00+00:00,71.0,0.1,1430.0
2024-05-22 22:00:00+00:00,72.0,0.1,1456.8999999999999
2024-05-22 23:00:00+00:00,71.12,0.1,1566.7
2024-05-23 00:00:00+00:00,54.0,0.1,1699.4
2024-05-23 01:00:00+00:00,71.3,0.1,1725.6
2024-05-23 02:00:00+00:00,71.12,0.0,1671.6
2024-05-23 03:00:00+00:00,71.74,0.1,1628.6
2024-05-23 04:00:00+00:00,72.0,0.1,1713.3999999999999
2024-05-23 05:00:00+00:00,80.58,32.9,1715.8000000000002
2024-05-23 06:00:00+00:00,82.67,296.3,1585.0
2024-05-23 07:00:00+00:00,71.74,844.2,1193.8
2024-05-23 08:00:00+00:00,49.21,1408.5,839.3000000000001
2024-05-23 09:00:00+00:00,42.63,1866.4,710.1
2024-05-23 10:00:00+00:00,35.01,2154.6,574.7
2024-05-23 11:00:00+00:00,35.0,2294.6,479.1
2024-05-23 12:00:00+00:00,30.39,2321.2,438.29999999999995
2024-05-23 13:00:00+00:00,26.1,2196.1,474.1
2024-05-23 14:00:00+00:00,26.31,2159.5,571.1
2024-05-23 15:00:00+00:00,35.01,1958.8,682.2
2024-05-23 16:00:00+00:00,43.56,1534.7,792.5
2024-05-23 17:00:00+00:00,71.12,960.1,875.2
2024-05-23 18:00:00+00:00,68.43,330.3,841.9
2024-05-23 19:00:00+00:00,91.73,34.1,848.4
2024-05-23 20:00:00+00:00,92.3,0.3,999.3
2024-05-23 21:00:00+00:00,85.65,0.1,981.6
2024-05-23 22:00:00+00:00,85.0,0.1,941.1
2024-05-23 23:00:00+00:00,78.34,0.1,869.9
2024-05-24 00:00:00+00:00,77.51,0.0,790.1999999999999
2024-05-24 01:00:00+00:00,72.0,0.0,708.9
2024-05-24 02:00:00+00:00,71.0,0.0,671.4
2024-05-24 03:00:00+00:00,81.09,0.0,605.2
2024-05-24 04:00:00+00:00,83.34,0.0,570.0
2024-05-24 05:00:00+00:00,89.72,36.7,584.2
2024-05-24 06:00:00+00:00,86.84,344.4,527.8000000000001
2024-05-24 07:00:00+00:00,74.9,947.5,353.8
2024-05-24 08:00:00+00:00,61.22,1514.8,164.29999999999998
2024-05-24 09:00:00+00:00,60.32,1959.7,86.7
2024-05-24 10:00:00+00:00,53.71,2239.5,59.0
2024-05-24 11:00:00+00:00,47.4,2364.8,85.3
2024-05-24 12:00:00+00:00,47.2,2384.0,156.9
2024-05-24 13:00:00+00:00,35.01,2348.7,280.6
2024-05-24 14:00:00+00:00,38.5,2240.1,425.7
2024-05-24 15:00:00+00:00,41.1,1981.1,589.4
2024-05-24 16:00:00+00:00,68.0,1483.2,758.3
2024-05-24 17:00:00+00:00,81.56,980.3,946.5999999999999
2024-05-24 18:00:00+00:00,92.76,349.2,1076.4
2024-05-24 19:00:00+00:00,117.19,34.7,1102.6000000000001
2024-05-24 20:00:00+00:00,111.1,0.4,1109.9
2024-05-24 21:00:00+00:00,99.84,0.1,1086.0
2024-05-24 22:00:00+00:00,94.88,0.1,1020.2
2024-05-24 23:00:00+00:00,85.74,0.1,997.5
2024-05-25 00:00:00+00:00,74.88,0.1,1025.7
2024-05-25 01:00:00+00:00,72.0,0.1,915.7
2024-05-25 02:00:00+00:00,70.99,0.0,861.4
2024-05-25 03:00:00+00:00,70.0,0.0,879.3
2024-05-25 04:00:00+00:00,71.3,0.0,789.6
2024-05-25 05:00:00+00:00,71.74,37.8,629.4
2024-05-25 06:00:00+00:00,30.52,351.8,593.6999999999999
2024-05-25 07:00:00+00:00,24.44,941.3,602.3000000000001
2024-05-25 08:00:00+00:00,16.5,1535.6,422.3
2024-05-25 09:00:00+00:00,9.32,1959.0,329.5
2024-05-25 10:00:00+00:00,3.24,1986.6,395.90000000000003
2024-05-25 11:00:00+00:00,0.04,2074.1,610.1
2024-05-25 12:00:00+00:00,0.0,2091.8,831.3000000000001
2024-05-25 13:00:00+00:00,0.0,2073.8,1036.2
2024-05-25 14:00:00+00:00,0.0,1906.0,1183.2
2024-05-25 15:00:00+00:00,0.0,1719.8,1327.1
2024-05-25 16:00:00+00:00,2.0,1447.9,1259.0
2024-05-25 17:00:00+00:00,28.5,965.7,1159.0
2024-05-25 18:00:00+00:00,70.99,339.3,1180.7
2024-05-25 19:00:00+00:00,80.54,35.0,1218.9
2024-05-25 20:00:00+00:00,86.85,0.3,1225.8999999999999
2024-05-25 21:00:00+00:00,84.68,0.1,1158.8
2024-05-25 22:00:00+00:00,56.64,0.1,1003.5
2024-05-25 23:00:00+00:00,53.71,0.1,913.8
2024-05-26 00:00:00+00:00,46.65,0.1,874.8000000000001
2024-05-26 01:00:00+00:00,46.65,0.0,966.1
2024-05-26 02:00:00+00:00,50.0,0.1,1008.8
2024-05-26 03:00:00+00:00,55.92,0.1,1066.7
2024-05-26 04:00:00+00:00,56.16,0.1,1102.3
2024-05-26 05:00:00+00:00,35.8,15.8,1007.4
2024-05-26 06:00:00+00:00,20.33,165.3,746.6999999999999
2024-05-26 07:00:00+00:00,0.02,433.6,618.6999999999999
2024-05-26 08:00:00+00:00,0.0,893.3,503.5
2024-05-26 09:00:00+00:00,-0.01,1532.2,499.0
2024-05-26 10:00:00+00:00,-0.01,1903.2,603.0999999999999
2024-05-26 11:00:00+00:00,-0.01,2017.0,893.4
2024-05-26 12:00:00+00:00,-0.03,1996.6,1032.9
2024-05-26 13:00:00+00:00,-0.6,1898.5,1121.1
2024-05-26 14:00:00+00:00,-0.6,1736.8,1187.0
2024-05-26 15:00:00+00:00,0.0,1618.3,1236.1
2024-05-26 16:00:00+00:00,0.44,1323.1,1483.4
2024-05-26 17:00:00+00:00,16.72,954.6,1804.5
2024-05-26 18:00:00+00:00,35.23,343.9,1922.6999999999998
2024-05-26 19:00:00+00:00,46.0,37.6,2051.9
2024-05-26 20:00:00+00:00,55.52,0.4,1975.7
2024-05-26 21:00:00+00:00,35.6,0.1,1834.8
2024-05-26 22:00:00+00:00,32.3,0.1,1762.4
2024-05-26 23:00:00+00:00,33.0,0.0,1762.6000000000001
2024-05-27 00:00:00+00:00,31.0,0.0,1695.7
2024-05-27 01:00:00+00:00,30.9,0.0,1679.1
2024-05-27 02:00:00+00:00,28.0,0.0,1928.4
2024-05-27 03:00:00+00:00,30.8,0.0,2042.7
2024-05-27 04:00:00+00:00,35.01,0.0,2156.8
2024-05-27 05:00:00+00:00,43.01,42.5,2176.1
2024-05-27 06:00:00+00:00,35.0,359.6,2103.5
2024-05-27 07:00:00+00:00,33.5,974.0,1797.1
2024-05-27 08:00:00+00:00,31.53,1589.9,1452.7
2024-05-27 09:00:00+00:00,26.12,2047.7,1057.2
2024-05-27 10:00:00+00:00,30.6,2292.6,856.3000000000001
2024-05-27 11:00:00+00:00,25.0,2404.2,815.1
2024-05-27 12:00:00+00:00,22.23,2406.9,938.4
2024-05-27 13:00:00+00:00,14.33,2330.8,1053.3
2024-05-27 14:00:00+00:00,6.0,2229.5,1163.0
2024-05-27 15:00:00+00:00,17.72,1968.7,1313.5
2024-05-27 16:00:00+00:00,25.57,1544.8,1377.5
2024-05-27 17:00:00+00:00,31.66,932.0,1394.8
2024-05-27 18:00:00+00:00,35.01,341.3,1381.5
2024-05-27 19:00:00+00:00,54.0,39.4,1507.3
2024-05-27 20:00:00+00:00,52.82,0.3,1554.6
2024-05-27 21:00:00+00:00,35.05,0.1,1533.0
2024-05-27 22:00:00+00:00,35.0,0.1,1450.3
2024-05-27 23:00:00+00:00,35.0,0.1,1422.4
2024-05-28 00:00:00+00:00,35.01,0.1,1432.6
2024-05-28 01:00:00+00:00,35.01,0.1,1476.4
2024-05-28 02:00:00+00:00,35.01,0.1,1520.6
2024-05-28 03:00:00+00:00,35.01,0.1,1633.5
2024-05-28 04:00:00+00:00,41.22,0.1,1658.8
2024-05-28 05:00:00+00:00,51.79,38.6,1564.0
2024-05-28 06:00:00+00:00,40.74,347.6,1396.7
2024-05-28 07:00:00+00:00,35.0,959.9,1121.6999999999998
2024-05-28 08:00:00+00:00,28.2,1525.0,793.9
2024-05-28 09:00:00+00:00,29.2,1925.1,548.5
2024-05-28 10:00:00+00:00,17.1,2179.8,394.4
2024-05-28 11:00:00+00:00,16.51,2295.5,337.4
2024-05-28 12:00:00+00:00,8.44,2281.3,392.40000000000003
2024-05-28 13:00:00+00:00,0.0,2241.0,477.5
2024-05-28 14:00:00+00:00,0.01,2052.0,626.6
2024-05-28 15:00:00+00:00,5.0,1797.3,815.9
2024-05-28 16:00:00+00:00,8.0,1469.5,997.9
2024-05-28 17:00:00+00:00,29.6,944.4,1083.3
2024-05-28 18:00:00+00:00,41.1,344.9,1207.4
2024-05-28 19:00:00+00:00,70.96,38.9,1397.2
2024-05-28 20:00:00+00:00,55.94,0.4,1453.7
2024-05-28 21:00:00+00:00,41.46,0.1,1397.9
2024-05-28 22:00:00+00:00,54.77,0.1,1384.5
2024-05-28 23:00:00+00:00,40.94,0.1,1335.7
2024-05-29 00:00:00+00:00,40.58,0.1,1189.6
2024-05-29 01:00:00+00:00,40.34,0.1,1075.0
2024-05-29 02:00:00+00:00,40.7,0.1,962.9
2024-05-29 03:00:00+00:00,40.94,0.1,884.5
2024-05-29 04:00:00+00:00,59.36,0.1,816.6
2024-05-29 05:00:00+00:00,65.0,40.6,799.5
2024-05-29 06:00:00+00:00,52.19,360.1,781.1
2024-05-29 07:00:00+00:00,38.5,967.4,674.8
2024-05-29 08:00:00+00:00,29.0,1528.3,540.5
2024-05-29 09:00:00+00:00,20.5,1945.4,403.6
2024-05-29 10:00:00+00:00,24.08,2192.5,332.9
2024-05-29 11:00:00+00:00,18.4,2323.4,308.8
2024-05-29 12:00:00+00:00,17.47,2342.6,358.09999999999997
2024-05-29 13:00:00+00:00,11.98,2264.3,458.2
2024-05-29 14:00:00+00:00,11.0,2152.7,604.3
2024-05-29 15:00:00+00:00,19.76,1914.2,793.5
2024-05-29 16:00:00+00:00,29.38,1527.6,946.6
2024-05-29 17:00:00+00:00,35.01,973.2,1077.7
2024-05-29 18:00:00+00:00,40.94,357.7,1238.5
2024-05-29 19:00:00+00:00,67.94,42.7,1474.2
2024-05-29 20:00:00+00:00,69.87,0.4,1553.4
2024-05-29 21:00:00+00:00,63.95,0.1,1521.2
2024-05-29 22:00:00+00:00,50.94,0.1,1435.9
2024-05-29 23:00:00+00:00,45.32,0.1,1427.7
2024-05-30 00:00:00+00:00,43.12,0.1,1343.3
2024-05-30 01:00:00+00:00,40.53,0.1,1318.3
2024-05-30 02:00:00+00:00,38.64,0.0,1334.5
2024-05-30 03:00:00+00:00,42.79,0.0,1397.2
2024-05-30 04:00:00+00:00,45.44,0.1,1424.1
2024-05-30 05:00:00+00:00,45.44,39.3,1399.1
2024-05-30 06:00:00+00:00,38.64,353.5,1257.3
2024-05-30 07:00:00+00:00,27.42,945.4,989.0
2024-05-30 08:00:00+00:00,10.27,1525.1,713.6
2024-05-30 09:00:00+00:00,3.82,1920.9,526.3
2024-05-30 10:00:00+00:00,3.25,2179.9,384.5
2024-05-30 11:00:00+00:00,0.44,2268.5,327.9
2024-05-30 12:00:00+00:00,0.0,2271.8,352.5
2024-05-30 13:00:00+00:00,0.0,2152.5,490.2
2024-05-30 14:00:00+00:00,0.0,2040.2,606.0
2024-05-30 15:00:00+00:00,0.0,1853.4,806.0
2024-05-30 16:00:00+00:00,1.0,1518.5,997.4
2024-05-30 17:00:00+00:00,7.0,980.4,1172.9
2024-05-30 18:00:00+00:00,37.5,361.6,1232.3
2024-05-30 19:00:00+00:00,35.01,44.9,1374.3
2024-05-30 20:00:00+00:00,37.92,0.4,1551.4
2024-05-30 21:00:00+00:00,30.33,0.1,1565.3
2024-05-30 22:00:00+00:00,10.0,0.1,1793.2
2024-05-30 23:00:00+00:00,5.5,0.1,2156.2999999999997
2024-05-31 00:00:00+00:00,4.77,0.0,2515.3
2024-05-31 01:00:00+00:00,3.25,0.1,2761.5
2024-05-31 02:00:00+00:00,3.25,0.1,2801.0
2024-05-31 03:00:00+00:00,4.37,0.0,2791.7000000000003
2024-05-31 04:00:00+00:00,6.67,0.1,2788.6000000000004
2024-05-31 05:00:00+00:00,5.0,36.5,2940.6
2024-05-31 06:00:00+00:00,2.47,317.5,2935.3
2024-05-31 07:00:00+00:00,0.0,848.8,2802.7000000000003
2024-05-31 08:00:00+00:00,0.0,1312.6,2533.8
2024-05-31 09:00:00+00:00,0.0,1672.9,2172.5
2024-05-31 10:00:00+00:00,0.0,1866.2,1859.5
2024-05-31 11:00:00+00:00,0.0,1954.6,1673.1000000000001
2024-05-31 12:00:00+00:00,0.0,2099.9,1559.0
2024-05-31 13:00:00+00:00,-0.01,2074.1,1405.5
2024-05-31 14:00:00+00:00,-0.01,1961.8,1353.5
2024-05-31 15:00:00+00:00,-0.01,1596.8,1292.0
2024-05-31 16:00:00+00:00,0.0,1252.8,1315.3
2024-05-31 17:00:00+00:00,0.0,829.8,1427.6
2024-05-31 18:00:00+00:00,3.25,319.3,1704.1
2024-05-31 19:00:00+00:00,7.3,40.3,2214.2
2024-05-31 20:00:00+00:00,5.5,0.3,2707.6
2024-05-31 21:00:00+00:00,3.25,0.1,2926.9
2024-05-31 22:00:00+00:00,4.99,0.1,2914.2000000000003
2024-05-31 23:00:00+00:00,3.25,0.1,2805.5
2024-06-01 00:00:00+00:00,3.25,0.0,2843.3
2024-06-01 01:00:00+00:00,1.23,0.1,2867.4
2024-06-01 02:00:00+00:00,0.09,0.1,3024.1
2024-06-01 03:00:00+00:00,3.25,0.0,3314.9
2024-06-01 04:00:00+00:00,3.25,0.1,3521.3
2024-06-01 05:00:00+00:00,3.25,33.7,3574.1
2024-06-01 06:00:00+00:00,0.0,303.7,3367.1
2024-06-01 07:00:00+00:00,0.0,838.3,2989.1
2024-06-01 08:00:00+00:00,-0.01,1285.1,2405.0
2024-06-01 09:00:00+00:00,-0.36,1649.9,1882.0
2024-06-01 10:00:00+00:00,-0.5,1887.1,1611.6999999999998
2024-06-01 11:00:00+00:00,-0.36,1988.6,1363.5
2024-06-01 12:00:00+00:00,-0.58,2012.7,1215.7
2024-06-01 13:00:00+00:00,-0.6,1975.9,1005.1999999999999
2024-06-01 14:00:00+00:00,-0.66,1852.0,881.1999999999999
2024-06-01 15:00:00+00:00,-0.28,1612.4,972.4000000000001
2024-06-01 16:00:00+00:00,-0.01,1270.3,1185.8
2024-06-01 17:00:00+00:00,0.0,817.9,1553.7
2024-06-01 18:00:00+00:00,3.25,324.4,1834.3999999999999
2024-06-01 19:00:00+00:00,7.2,42.0,2262.2999999999997
2024-06-01 20:00:00+00:00,8.44,0.4,2737.6000000000004
2024-06-01 21:00:00+00:00,4.5,0.1,3083.8999999999996
2024-06-01 22:00:00+00:00,7.2,0.1,3161.7999999999997
2024-06-01 23:00:00+00:00,5.0,0.1,3154.7999999999997
2024-06-02 00:00:00+00:00,4.35,0.1,3224.8
2024-06-02 01:00:00+00:00,3.6,0.1,3345.7
2024-06-02 02:00:00+00:00,3.6,0.1,3526.7999999999997
2024-06-02 03:00:00+00:00,5.0,0.1,3709.0
2024-06-02 04:00:00+00:00,4.43,0.1,3733.9
2024-06-02 05:00:00+00:00,3.25,33.2,3772.2
2024-06-02 06:00:00+00:00,0.0,268.7,3244.5
2024-06-02 07:00:00+00:00,-0.03,752.6,2537.4
2024-06-02 08:00:00+00:00,-1.05,1267.9,1942.3999999999999
2024-06-02 09:00:00+00:00,-0.58,1614.3,1493.1
2024-06-02 10:00:00+00:00,-0.53,1848.8,1124.0
2024-06-02 11:00:00+00:00,-0.47,1950.5,785.5
2024-06-02 12:00:00+00:00,-0.58,2100.6,515.0
2024-06-02 13:00:00+00:00,-0.6,2096.1,351.09999999999997
2024-06-02 14:00:00+00:00,-0.66,1950.0,318.8
2024-06-02 15:00:00+00:00,-0.28,1688.8,322.0
2024-06-02 16:00:00+00:00,-0.01,1323.4,354.09999999999997
2024-06-02 17:00:00+00:00,0.44,859.2,396.59999999999997
2024-06-02 18:00:00+00:00,11.35,340.6,450.5
2024-06-02 19:00:00+00:00,25.01,45.2,556.3
2024-06-02 20:00:00+00:00,28.87,0.4,894.8
2024-06-02 21:00:00+00:00,13.42,0.1,1338.4
2024-06-02 22:00:00+00:00,9.16,0.1,1699.1
2024-06-02 23:00:00+00:00,14.1,0.0,1920.1
2024-06-03 00:00:00+00:00,14.1,0.0,2048.0
2024-06-03 01:00:00+00:00,12.5,0.0,2073.8999999999996
2024-06-03 02:00:00+00:00,14.32,0.0,2086.7
2024-06-03 03:00:00+00:00,10.15,0.0,2049.0
2024-06-03 04:00:00+00:00,35.01,0.1,1938.6
2024-06-03 05:00:00+00:00,37.94,40.4,1805.6000000000001
2024-06-03 06:00:00+00:00,41.93,333.7,1655.8
2024-06-03 07:00:00+00:00,35.0,900.3,1360.6
2024-06-03 08:00:00+00:00,16.9,1443.3,1017.1
2024-06-03 09:00:00+00:00,22.2,1884.6,628.3
2024-06-03 10:00:00+00:00,25.08,2105.3,419.7
2024-06-03 11:00:00+00:00,25.08,2217.8,280.9
2024-06-03 12:00:00+00:00,25.08,2283.9,228.4
2024-06-03 13:00:00+00:00,22.2,2213.2,218.29999999999998
2024-06-03 14:00:00+00:00,22.2,2081.0,264.1
2024-06-03 15:00:00+00:00,25.08,1827.0,335.59999999999997
2024-06-03 16:00:00+00:00,35.0,1456.3,431.5
2024-06-03 17:00:00+00:00,49.22,919.4,534.9
2024-06-03 18:00:00+00:00,75.37,349.2,497.0
2024-06-03 19:00:00+00:00,102.15,47.4,456.7
2024-06-03 20:00:00+00:00,81.31,0.4,417.1
2024-06-03 21:00:00+00:00,63.3,0.1,331.8
2024-06-03 22:00:00+00:00,99.2,0.1,289.2
2024-06-03 23:00:00+00:00,92.72,0.0,258.4
2024-06-04 00:00:00+00:00,94.88,0.0,199.2
2024-06-04 01:00:00+00:00,84.82,0.0,180.3
2024-06-04 02:00:00+00:00,94.88,0.1,158.9
2024-06-04 03:00:00+00:00,95.4,0.0,161.5
2024-06-04 04:00:00+00:00,150.0,0.1,131.2
2024-06-04 05:00:00+00:00,175.55,42.3,130.7
2024-06-04 06:00:00+00:00,113.22,344.2,148.4
2024-06-04 07:00:00+00:00,81.82,938.8,131.7
2024-06-04 08:00:00+00:00,70.0,1506.1,130.5
2024-06-04 09:00:00+00:00,63.4,1897.2,132.0
2024-06-04 10:00:00+00:00,56.07,2144.9,164.9
2024-06-04 11:00:00+00:00,54.88,2268.8,306.7
2024-06-04 12:00:00+00:00,42.2,2230.4,469.3
2024-06-04 13:00:00+00:00,42.0,2147.3,573.7
2024-06-04 14:00:00+00:00,42.0,1976.8,681.5
2024-06-04 15:00:00+00:00,42.2,1708.7,684.1
2024-06-04 16:00:00+00:00,59.48,1268.1,755.3
2024-06-04 17:00:00+00:00,67.18,865.6,759.1
2024-06-04 18:00:00+00:00,116.24,363.8,651.1
2024-06-04 19:00:00+00:00,171.15,63.3,630.3
2024-06-04 20:00:00+00:00,157.0,0.4,650.4
2024-06-04 21:00:00+00:00,145.0,0.1,580.0
2024-06-04 22:00:00+00:00,117.01,0.1,438.7
2024-06-04 23:00:00+00:00,112.42,0.0,382.7
2024-06-05 00:00:00+00:00,110.0,0.0,308.4
2024-06-05 01:00:00+00:00,110.0,0.0,285.8
2024-06-05 02:00:00+00:00,104.68,0.0,257.1
2024-06-05 03:00:00+00:00,107.19,0.0,215.3
2024-06-05 04:00:00+00:00,110.0,0.1,220.0
2024-06-05 05:00:00+00:00,123.08,46.9,269.8
2024-06-05 06:00:00+00:00,120.22,355.0,291.1
2024-06-05 07:00:00+00:00,110.91,901.8,255.0
2024-06-05 08:00:00+00:00,81.56,1381.9,253.7
2024-06-05 09:00:00+00:00,67.8,1732.0,353.0
2024-06-05 10:00:00+00:00,63.5,1944.4,536.6
2024-06-05 11:00:00+00:00,62.7,2026.9,684.6
2024-06-05 12:00:00+00:00,62.7,2070.2,747.5
2024-06-05 13:00:00+00:00,45.01,2072.1,722.9
2024-06-05 14:00:00+00:00,45.01,1991.0,707.8
2024-06-05 15:00:00+00:00,54.88,1761.4,720.8
2024-06-05 16:00:00+00:00,79.0,1417.6,701.1999999999999
2024-06-05 17:00:00+00:00,108.41,880.2,642.7
2024-06-05 18:00:00+00:00,124.12,335.5,543.8
2024-06-05 19:00:00+00:00,170.01,56.1,622.1
2024-06-05 20:00:00+00:00,124.07,0.3,773.3
2024-06-05 21:00:00+00:00,113.2,0.1,795.2
2024-06-05 22:00:00+00:00,103.72,0.1,786.2
2024-06-05 23:00:00+00:00,107.63,0.0,695.1
2024-06-06 00:00:00+00:00,110.3,0.0,538.3000000000001
2024-06-06 01:00:00+00:00,109.53,0.0,463.59999999999997
2024-06-06 02:00:00+00:00,110.0,0.0,489.6
2024-06-06 03:00:00+00:00,110.3,0.0,490.3
2024-06-06 04:00:00+00:00,112.88,0.1,463.3
2024-06-06 05:00:00+00:00,114.47,55.5,428.2
2024-06-06 06:00:00+00:00,101.44,325.7,426.4
2024-06-06 07:00:00+00:00,84.16,847.6,327.59999999999997
2024-06-06 08:00:00+00:00,81.15,1254.5,269.3
2024-06-06 09:00:00+00:00,69.0,1615.5,228.6
2024-06-06 10:00:00+00:00,62.0,1779.7,235.70000000000002
2024-06-06 11:00:00+00:00,56.3,1909.0,233.2
2024-06-06 12:00:00+00:00,56.2,1956.6,238.6
2024-06-06 13:00:00+00:00,55.9,1799.3,283.0
2024-06-06 14:00:00+00:00,62.0,1562.6,332.2
2024-06-06 15:00:00+00:00,80.0,1210.7,280.29999999999995
2024-06-06 16:00:00+00:00,90.0,734.5,252.8
2024-06-06 17:00:00+00:00,100.3,443.6,289.9
2024-06-06 18:00:00+00:00,115.23,182.4,364.09999999999997
2024-06-06 19:00:00+00:00,122.37,25.7,416.9
2024-06-06 20:00:00+00:00,116.87,0.2,344.40000000000003
2024-06-06 21:00:00+00:00,110.41,0.1,472.79999999999995
2024-06-06 22:00:00+00:00,98.98,0.0,843.6999999999999
2024-06-06 23:00:00+00:00,98.0,0.0,1367.3999999999999
2024-06-07 00:00:00+00:00,95.0,0.0,1018.1
2024-06-07 01:00:00+00:00,97.79,0.0,847.0
2024-06-07 02:00:00+00:00,97.79,0.0,981.1999999999999
2024-06-07 03:00:00+00:00,98.0,0.0,1267.8
2024-06-07 04:00:00+00:00,98.0,0.0,1807.0
2024-06-07 05:00:00+00:00,99.82,32.1,2140.9
2024-06-07 06:00:00+00:00,103.49,244.3,2294.1
2024-06-07 07:00:00+00:00,97.65,636.8,2281.0
2024-06-07 08:00:00+00:00,78.2,1034.7,1801.5
2024-06-07 09:00:00+00:00,52.4,1235.6,1434.4
2024-06-07 10:00:00+00:00,50.69,1452.0,1231.1
2024-06-07 11:00:00+00:00,45.1,1533.4,924.7
2024-06-07 12:00:00+00:00,42.45,1398.9,806.4
2024-06-07 13:00:00+00:00,53.9,1164.3,767.5
2024-06-07 14:00:00+00:00,55.8,960.5,706.5
2024-06-07 15:00:00+00:00,55.8,844.3,768.8000000000001
2024-06-07 16:00:00+00:00,56.2,660.2,816.1999999999999
2024-06-07 17:00:00+00:00,82.84,417.2,1181.9
2024-06-07 18:00:00+00:00,94.2,160.5,1407.1
2024-06-07 19:00:00+00:00,100.0,16.7,1699.6
2024-06-07 20:00:00+00:00,99.94,0.2,1785.1000000000001
2024-06-07 21:00:00+00:00,99.4,0.0,1573.1000000000001
2024-06-07 22:00:00+00:00,95.09,0.0,1652.5
2024-06-07 23:00:00+00:00,90.0,0.0,1770.3
2024-06-08 00:00:00+00:00,85.86,0.0,1510.4
2024-06-08 01:00:00+00:00,85.64,0.0,1147.2
2024-06-08 02:00:00+00:00,85.64,0.0,1088.6
2024-06-08 03:00:00+00:00,85.88,0.0,1085.8999999999999
2024-06-08 04:00:00+00:00,99.35,0.0,886.9
2024-06-08 05:00:00+00:00,101.44,24.2,842.1999999999999
2024-06-08 06:00:00+00:00,100.3,173.3,441.8
2024-06-08 07:00:00+00:00,94.01,442.8,281.0
2024-06-08 08:00:00+00:00,70.2,644.7,253.7
2024-06-08 09:00:00+00:00,51.44,757.8,236.6
2024-06-08 10:00:00+00:00,42.1,948.7,215.4
2024-06-08 11:00:00+00:00,41.6,1189.0,224.4
2024-06-08 12:00:00+00:00,35.13,1218.9,336.5
2024-06-08 13:00:00+00:00,35.0,1273.4,503.40000000000003
2024-06-08 14:00:00+00:00,30.49,1263.9,832.3
2024-06-08 15:00:00+00:00,25.3,947.5,1152.9
2024-06-08 16:00:00+00:00,35.01,731.2,1371.0
2024-06-08 17:00:00+00:00,47.7,502.7,1390.8000000000002
2024-06-08 18:00:00+00:00,85.03,285.7,1230.7
2024-06-08 19:00:00+00:00,101.12,49.1,1158.5
2024-06-08 20:00:00+00:00,100.76,0.2,933.6
2024-06-08 21:00:00+00:00,90.0,0.0,814.3
2024-06-08 22:00:00+00:00,46.0,0.0,747.0
2024-06-08 23:00:00+00:00,42.0,0.0,642.0
2024-06-09 00:00:00+00:00,42.0,0.0,677.9000000000001
2024-06-09 01:00:00+00:00,41.8,0.0,648.1
2024-06-09 02:00:00+00:00,41.8,0.0,668.5
2024-06-09 03:00:00+00:00,41.8,0.0,752.1
2024-06-09 04:00:00+00:00,41.8,0.0,666.4
2024-06-09 05:00:00+00:00,5.0,30.7,526.9
2024-06-09 06:00:00+00:00,3.25,202.7,381.70000000000005
2024-06-09 07:00:00+00:00,0.0,427.2,236.1
2024-06-09 08:00:00+00:00,0.0,623.6,143.6
2024-06-09 09:00:00+00:00,0.0,857.2,108.0
2024-06-09 10:00:00+00:00,0.0,1014.1,93.5
2024-06-09 11:00:00+00:00,0.0,1049.6,84.3
2024-06-09 12:00:00+00:00,0.0,1047.3,106.5
2024-06-09 13:00:00+00:00,-0.01,1017.0,148.1
2024-06-09 14:00:00+00:00,-0.01,1075.7,220.70000000000002
2024-06-09 15:00:00+00:00,0.0,932.3,312.3
2024-06-09 16:00:00+00:00,3.25,808.1,468.1
2024-06-09 17:00:00+00:00,35.0,549.5,651.9000000000001
2024-06-09 18:00:00+00:00,41.8,276.3,713.0999999999999
2024-06-09 19:00:00+00:00,58.76,38.5,565.5
2024-06-09 20:00:00+00:00,69.64,0.3,421.90000000000003
2024-06-09 21:00:00+00:00,56.9,0.0,342.79999999999995
2024-06-09 22:00:00+00:00,69.41,0.0,270.8
2024-06-09 23:00:00+00:00,58.76,0.0,285.09999999999997
2024-06-10 00:00:00+00:00,40.0,0.0,407.7
2024-06-10 01:00:00+00:00,35.01,0.0,514.8
2024-06-10 02:00:00+00:00,35.0,0.0,577.0
2024-06-10 03:00:00+00:00,35.01,0.0,684.0
2024-06-10 04:00:00+00:00,38.5,0.0,726.3
2024-06-10 05:00:00+00:00,55.05,18.8,803.1
2024-06-10 06:00:00+00:00,35.5,156.3,858.0
2024-06-10 07:00:00+00:00,38.3,382.1,927.3
2024-06-10 08:00:00+00:00,35.13,591.7,834.3000000000001
2024-06-10 09:00:00+00:00,35.1,827.6,692.3000000000001
2024-06-10 10:00:00+00:00,35.01,1168.4,512.5
2024-06-10 11:00:00+00:00,35.01,1353.9,338.59999999999997
2024-06-10 12:00:00+00:00,35.0,1564.9,229.6
2024-06-10 13:00:00+00:00,34.8,1747.4,207.5
2024-06-10 14:00:00+00:00,34.8,1718.5,264.1
2024-06-10 15:00:00+00:00,35.0,1506.9,378.0
2024-06-10 16:00:00+00:00,35.0,1178.3,418.7
2024-06-10 17:00:00+00:00,40.56,779.0,541.5999999999999
2024-06-10 18:00:00+00:00,71.36,370.2,706.5
2024-06-10 19:00:00+00:00,86.75,64.1,881.0999999999999
2024-06-10 20:00:00+00:00,71.48,0.3,999.5
2024-06-10 21:00:00+00:00,70.06,0.0,957.5999999999999
2024-06-10 22:00:00+00:00,98.3,0.0,837.6999999999999
2024-06-10 23:00:00+00:00,95.09,0.0,819.4
2024-06-11 00:00:00+00:00,84.83,0.0,817.5999999999999
2024-06-11 01:00:00+00:00,78.2,0.0,950.9
2024-06-11 02:00:00+00:00,78.2,0.0,1128.6
2024-06-11 03:00:00+00:00,85.41,0.0,1207.2
2024-06-11 04:00:00+00:00,71.48,0.1,1165.3
2024-06-11 05:00:00+00:00,90.34,46.6,1069.8
2024-06-11 06:00:00+00:00,98.13,352.3,1004.0999999999999
2024-06-11 07:00:00+00:00,70.0,922.6,849.3
2024-06-11 08:00:00+00:00,44.8,1512.0,589.8
2024-06-11 09:00:00+00:00,42.3,1953.2,424.1
2024-06-11 10:00:00+00:00,41.2,2153.7,373.2
2024-06-11 11:00:00+00:00,40.0,2236.3,398.2
2024-06-11 12:00:00+00:00,35.02,2248.9,493.0
2024-06-11 13:00:00+00:00,35.01,2133.5,653.6999999999999
2024-06-11 14:00:00+00:00,35.01,1922.1,869.5
2024-06-11 15:00:00+00:00,35.13,1720.7,1116.3
2024-06-11 16:00:00+00:00,43.0,1374.6,1380.3
2024-06-11 17:00:00+00:00,66.05,959.1,1574.0
2024-06-11 18:00:00+00:00,71.12,428.4,1728.3
2024-06-11 19:00:00+00:00,85.41,77.4,1783.6
2024-06-11 20:00:00+00:00,77.29,0.4,1864.6
2024-06-11 21:00:00+00:00,70.13,0.1,1784.7
2024-06-11 22:00:00+00:00,83.13,0.1,1654.1
2024-06-11 23:00:00+00:00,61.4,0.0,1549.6
2024-06-12 00:00:00+00:00,61.58,0.0,1552.3
2024-06-12 01:00:00+00:00,60.1,0.0,1691.5
2024-06-12 02:00:00+00:00,55.2,0.0,1683.6
2024-06-12 03:00:00+00:00,55.2,0.0,1779.7
2024-06-12 04:00:00+00:00,60.0,0.1,1939.4
2024-06-12 05:00:00+00:00,90.34,38.5,1912.4
2024-06-12 06:00:00+00:00,75.0,293.8,1558.3000000000002
2024-06-12 07:00:00+00:00,51.8,833.3,1225.4
2024-06-12 08:00:00+00:00,51.6,1474.3,1007.5
2024-06-12 09:00:00+00:00,35.01,1946.3,869.7
2024-06-12 10:00:00+00:00,35.01,2258.6,796.2
2024-06-12 11:00:00+00:00,35.01,2329.9,871.6999999999999
2024-06-12 12:00:00+00:00,33.0,2383.9,929.0
2024-06-12 13:00:00+00:00,30.6,2321.3,915.1
2024-06-12 14:00:00+00:00,30.6,2266.8,938.0
2024-06-12 15:00:00+00:00,27.0,2013.8,1063.2
2024-06-12 16:00:00+00:00,40.0,1637.6,1231.9
2024-06-12 17:00:00+00:00,55.1,1085.0,1280.0
2024-06-12 18:00:00+00:00,75.0,437.5,1289.1
2024-06-12 19:00:00+00:00,101.34,66.1,1250.1000000000001
2024-06-12 20:00:00+00:00,100.98,0.5,1238.8
2024-06-12 21:00:00+00:00,85.17,0.1,1189.7
2024-06-12 22:00:00+00:00,97.86,0.1,979.7
2024-06-12 23:00:00+00:00,93.1,0.0,825.1
2024-06-13 00:00:00+00:00,90.34,0.0,796.2
2024-06-13 01:00:00+00:00,95.26,0.0,814.5
2024-06-13 02:00:00+00:00,101.76,0.0,794.2
2024-06-13 03:00:00+00:00,105.36,0.0,746.9
2024-06-13 04:00:00+00:00,120.0,0.1,675.6999999999999
2024-06-13 05:00:00+00:00,130.0,45.0,622.2
2024-06-13 06:00:00+00:00,90.0,343.8,555.4000000000001
2024-06-13 07:00:00+00:00,72.94,909.7,459.8
2024-06-13 08:00:00+00:00,37.52,1537.5,321.0
2024-06-13 09:00:00+00:00,35.0,2018.4,252.7
2024-06-13 10:00:00+00:00,33.9,2286.4,284.2
2024-06-13 11:00:00+00:00,33.9,2406.6,418.8
2024-06-13 12:00:00+00:00,33.7,2457.0,577.5
2024-06-13 13:00:00+00:00,33.7,2405.9,772.2
2024-06-13 14:00:00+00:00,5.34,2287.6,1059.2
2024-06-13 15:00:00+00:00,33.7,2027.7,1373.8
2024-06-13 16:00:00+00:00,14.74,1639.4,1615.0
2024-06-13 17:00:00+00:00,35.45,1080.1,1700.0
2024-06-13 18:00:00+00:00,82.1,433.8,1582.0
2024-06-13 19:00:00+00:00,111.81,65.3,1337.1
2024-06-13 20:00:00+00:00,109.81,0.4,1044.6000000000001
2024-06-13 21:00:00+00:00,95.26,0.1,934.9
2024-06-13 22:00:00+00:00,78.86,0.1,1059.3
2024-06-13 23:00:00+00:00,76.44,0.0,1249.8
2024-06-14 00:00:00+00:00,75.72,0.0,1362.1000000000001
2024-06-14 01:00:00+00:00,75.3,0.0,1357.7
2024-06-14 02:00:00+00:00,75.72,0.0,1333.6999999999998
2024-06-14 03:00:00+00:00,78.02,0.0,1503.8
2024-06-14 04:00:00+00:00,79.1,0.1,1538.1
2024-06-14 05:00:00+00:00,90.0,47.9,1339.2
2024-06-14 06:00:00+00:00,79.34,355.9,1075.3
2024-06-14 07:00:00+00:00,45.91,828.6,876.5999999999999
2024-06-14 08:00:00+00:00,35.01,1316.9,720.7
2024-06-14 09:00:00+00:00,12.21,1738.7,688.9
2024-06-14 10:00:00+00:00,3.25,1956.8,832.4
2024-06-14 11:00:00+00:00,0.44,1943.4,1137.4
2024-06-14 12:00:00+00:00,0.02,1960.1,1433.3
2024-06-14 13:00:00+00:00,0.0,1871.5,1746.8999999999999
2024-06-14 14:00:00+00:00,0.0,1681.4,2126.7
2024-06-14 15:00:00+00:00,0.0,1620.4,2343.9
2024-06-14 16:00:00+00:00,0.96,1321.6,2505.8
2024-06-14 17:00:00+00:00,7.0,938.3,2624.8999999999996
2024-06-14 18:00:00+00:00,35.02,421.4,2654.9
2024-06-14 19:00:00+00:00,75.72,71.6,2437.2000000000003
2024-06-14 20:00:00+00:00,76.44,0.4,2420.9
2024-06-14 21:00:00+00:00,49.36,0.1,2417.1
2024-06-14 22:00:00+00:00,38.1,0.0,2396.0
2024-06-14 23:00:00+00:00,35.02,0.0,2417.1
2024-06-15 00:00:00+00:00,35.02,0.0,2506.2
2024-06-15 01:00:00+00:00,35.02,0.0,2525.6
2024-06-15 02:00:00+00:00,35.02,0.0,2530.0
2024-06-15 03:00:00+00:00,35.02,0.0,2689.7999999999997
2024-06-15 04:00:00+00:00,35.02,0.1,2787.6
2024-06-15 05:00:00+00:00,35.01,46.5,2722.2
2024-06-15 06:00:00+00:00,17.8,374.8,2465.1
2024-06-15 07:00:00+00:00,0.0,825.5,2219.0
2024-06-15 08:00:00+00:00,-0.01,1253.4,2042.1
2024-06-15 09:00:00+00:00,-0.6,1641.7,1892.0
2024-06-15 10:00:00+00:00,-0.25,1842.6,1668.4
2024-06-15 11:00:00+00:00,-0.5,1899.5,1720.4
2024-06-15 12:00:00+00:00,-0.6,1946.4,1804.4
2024-06-15 13:00:00+00:00,-0.72,1948.4,1830.1
2024-06-15 14:00:00+00:00,-0.79,1855.8,1835.8
2024-06-15 15:00:00+00:00,-0.62,1632.7,1983.9
2024-06-15 16:00:00+00:00,0.0,1336.5,2159.6
2024-06-15 17:00:00+00:00,9.59,974.4,2306.4
2024-06-15 18:00:00+00:00,35.01,425.4,2258.5
2024-06-15 19:00:00+00:00,41.64,63.8,2100.8
2024-06-15 20:00:00+00:00,47.7,0.5,1984.9
2024-06-15 21:00:00+00:00,41.76,0.1,1868.8
2024-06-15 22:00:00+00:00,35.01,0.0,1819.1
2024-06-15 23:00:00+00:00,35.0,0.0,1895.1
2024-06-16 00:00:00+00:00,35.0,0.0,1885.2
2024-06-16 01:00:00+00:00,35.0,0.0,1769.7
2024-06-16 02:00:00+00:00,35.0,0.0,1948.3
2024-06-16 03:00:00+00:00,35.0,0.0,2176.7999999999997
2024-06-16 04:00:00+00:00,35.01,0.1,2176.4
2024-06-16 05:00:00+00:00,18.5,46.5,1892.3
2024-06-16 06:00:00+00:00,0.0,315.3,1577.8999999999999
2024-06-16 07:00:00+00:00,-0.62,776.0,1429.2
2024-06-16 08:00:00+00:00,-1.01,1150.5,1215.2
2024-06-16 09:00:00+00:00,3.17,1539.6,1081.5
2024-06-16 10:00:00+00:00,2.43,1783.6,1074.5
2024-06-16 11:00:00+00:00,0.0,1901.9,995.9
2024-06-16 12:00:00+00:00,-1.0,1852.4,1156.9
2024-06-16 13:00:00+00:00,-2.0,1874.6,1410.7
2024-06-16 14:00:00+00:00,-2.0,1939.2,1652.8
2024-06-16 15:00:00+00:00,-0.85,1746.4,1711.3
2024-06-16 16:00:00+00:00,-0.01,1428.1,1850.1999999999998
2024-06-16 17:00:00+00:00,3.25,949.1,1954.8000000000002
2024-06-16 18:00:00+00:00,16.8,398.8,1937.3
2024-06-16 19:00:00+00:00,35.02,62.1,1821.9
2024-06-16 20:00:00+00:00,41.26,0.3,1844.8
2024-06-16 21:00:00+00:00,41.62,0.1,1834.1
2024-06-16 22:00:00+00:00,41.49,0.0,1752.1000000000001
2024-06-16 23:00:00+00:00,35.01,0.0,1685.4
2024-06-17 00:00:00+00:00,35.0,0.0,1620.3999999999999
2024-06-17 01:00:00+00:00,35.0,0.0,1383.0
2024-06-17 02:00:00+00:00,32.0,0.0,1139.1000000000001
2024-06-17 03:00:00+00:00,35.0,0.0,1010.4
2024-06-17 04:00:00+00:00,35.01,0.1,910.6
2024-06-17 05:00:00+00:00,46.5,44.1,811.8
2024-06-17 06:00:00+00:00,46.5,343.7,589.7
2024-06-17 07:00:00+00:00,35.01,903.3,441.20000000000005
2024-06-17 08:00:00+00:00,22.28,1419.2,550.4
2024-06-17 09:00:00+00:00,21.3,1704.8,704.9
2024-06-17 10:00:00+00:00,21.3,1907.9,885.8000000000001
2024-06-17 11:00:00+00:00,20.9,2024.7,1057.2
2024-06-17 12:00:00+00:00,10.0,1970.7,1188.2
2024-06-17 13:00:00+00:00,0.0,1830.3,1273.6
2024-06-17 14:00:00+00:00,0.0,1603.0,1325.2
2024-06-17 15:00:00+00:00,0.44,1225.8,1049.6999999999998
2024-06-17 16:00:00+00:00,3.25,837.9,1027.5
2024-06-17 17:00:00+00:00,21.72,477.0,1056.5
2024-06-17 18:00:00+00:00,46.38,209.5,1275.3999999999999
2024-06-17 19:00:00+00:00,72.75,30.6,1510.0
2024-06-17 20:00:00+00:00,91.27,0.2,1460.1000000000001
2024-06-17 21:00:00+00:00,62.78,0.0,1347.3
2024-06-17 22:00:00+00:00,51.76,0.1,1279.2
2024-06-17 23:00:00+00:00,37.0,0.0,1117.4
2024-06-18 00:00:00+00:00,51.01,0.0,1010.2
2024-06-18 01:00:00+00:00,52.59,0.0,713.3
2024-06-18 02:00:00+00:00,53.99,0.0,745.6
2024-06-18 03:00:00+00:00,66.75,0.0,801.2
2024-06-18 04:00:00+00:00,96.13,0.0,653.8
2024-06-18 05:00:00+00:00,101.0,12.6,476.6
2024-06-18 06:00:00+00:00,96.13,139.8,395.3
2024-06-18 07:00:00+00:00,53.39,368.7,318.0
2024-06-18 08:00:00+00:00,39.0,667.4,310.0
2024-06-18 09:00:00+00:00,35.0,1002.7,358.4
2024-06-18 10:00:00+00:00,28.37,1427.9,468.3
2024-06-18 11:00:00+00:00,20.97,1573.0,590.6
2024-06-18 12:00:00+00:00,13.46,1540.2,741.8
2024-06-18 13:00:00+00:00,13.46,1625.1,782.7
2024-06-18 14:00:00+00:00,13.46,1574.5,942.7
2024-06-18 15:00:00+00:00,20.27,1471.7,1066.1
2024-06-18 16:00:00+00:00,35.0,1330.3,1146.2
2024-06-18 17:00:00+00:00,45.28,916.8,1190.8
2024-06-18 18:00:00+00:00,80.23,346.2,751.5
2024-06-18 19:00:00+00:00,124.12,56.6,462.8
2024-06-18 20:00:00+00:00,130.9,0.3,368.4
2024-06-18 21:00:00+00:00,110.41,0.1,242.39999999999998
2024-06-18 22:00:00+00:00,105.16,0.1,211.2
2024-06-18 23:00:00+00:00,99.96,0.0,195.6
2024-06-19 00:00:00+00:00,94.76,0.0,174.0
2024-06-19 01:00:00+00:00,90.56,0.0,178.2
2024-06-19 02:00:00+00:00,90.56,0.0,199.7
2024-06-19 03:00:00+00:00,94.76,0.0,200.70000000000002
2024-06-19 04:00:00+00:00,100.0,0.0,244.1
2024-06-19 05:00:00+00:00,114.32,31.0,275.2
2024-06-19 06:00:00+00:00,100.0,252.4,251.8
2024-06-19 07:00:00+00:00,84.69,614.3,213.9
2024-06-19 08:00:00+00:00,74.71,949.9,97.4
2024-06-19 09:00:00+00:00,46.41,1255.4,150.3
2024-06-19 10:00:00+00:00,43.54,1348.8,237.5
2024-06-19 11:00:00+00:00,37.0,1535.9,384.2
2024-06-19 12:00:00+00:00,36.4,1500.5,510.2
2024-06-19 13:00:00+00:00,36.4,1625.3,619.4
2024-06-19 14:00:00+00:00,36.28,1466.0,770.9
2024-06-19 15:00:00+00:00,36.28,1326.0,880.6
2024-06-19 16:00:00+00:00,38.47,1050.7,1019.2
2024-06-19 17:00:00+00:00,79.83,710.4,1191.4
2024-06-19 18:00:00+00:00,87.41,366.6,1151.6
2024-06-19 19:00:00+00:00,109.81,75.3,1127.4
2024-06-19 20:00:00+00:00,109.0,0.7,1148.8000000000002
2024-06-19 21:00:00+00:00,89.59,0.1,1239.7
2024-06-19 22:00:00+00:00,109.26,0.1,1239.1000000000001
2024-06-19 23:00:00+00:00,105.0,0.0,1278.0
2024-06-20 00:00:00+00:00,103.0,0.0,1236.8
2024-06-20 01:00:00+00:00,102.1,0.0,1112.2
2024-06-20 02:00:00+00:00,96.9,0.0,1099.6000000000001
2024-06-20 03:00:00+00:00,94.3,0.0,1183.2
2024-06-20 04:00:00+00:00,99.0,0.0,1184.9
2024-06-20 05:00:00+00:00,111.72,23.6,1011.3
2024-06-20 06:00:00+00:00,103.0,190.0,885.1
2024-06-20 07:00:00+00:00,95.0,487.8,879.5
2024-06-20 08:00:00+00:00,71.87,723.5,747.5
2024-06-20 09:00:00+00:00,63.04,927.4,713.3
2024-06-20 10:00:00+00:00,62.53,1113.4,605.1
2024-06-20 11:00:00+00:00,58.35,1138.3,607.1
2024-06-20 12:00:00+00:00,61.42,1332.4,765.6
2024-06-20 13:00:00+00:00,62.53,1398.1,854.3
2024-06-20 14:00:00+00:00,61.42,1461.4,1039.5
2024-06-20 15:00:00+00:00,62.15,1334.4,1317.2
2024-06-20 16:00:00+00:00,77.46,1145.5,1764.7
2024-06-20 17:00:00+00:00,107.0,785.3,2193.3
2024-06-20 18:00:00+00:00,115.28,367.5,2151.7000000000003
2024-06-20 19:00:00+00:00,122.78,53.7,1898.5
2024-06-20 20:00:00+00:00,120.0,0.3,1710.0
2024-06-20 21:00:00+00:00,112.48,0.1,1504.7
2024-06-20 22:00:00+00:00,102.72,0.1,1362.0
2024-06-20 23:00:00+00:00,100.34,0.0,1217.2
2024-06-21 00:00:00+00:00,102.3,0.0,1073.9
2024-06-21 01:00:00+00:00,102.3,0.0,916.3000000000001
2024-06-21 02:00:00+00:00,102.3,0.0,909.1
2024-06-21 03:00:00+00:00,102.72,0.0,888.7
2024-06-21 04:00:00+00:00,100.0,0.1,817.2
2024-06-21 05:00:00+00:00,113.47,34.3,722.1999999999999
2024-06-21 06:00:00+00:00,114.32,278.9,653.7
2024-06-21 07:00:00+00:00,105.0,750.1,492.2
2024-06-21 08:00:00+00:00,80.0,1364.7,312.7
2024-06-21 09:00:00+00:00,60.0,1865.9,207.39999999999998
2024-06-21 10:00:00+00:00,61.34,2170.6,157.29999999999998
2024-06-21 11:00:00+00:00,57.4,2352.6,241.60000000000002
2024-06-21 12:00:00+00:00,55.67,2409.4,399.6
2024-06-21 13:00:00+00:00,55.67,2384.7,586.8
2024-06-21 14:00:00+00:00,47.55,2286.5,811.3
2024-06-21 15:00:00+00:00,49.8,1980.8,1035.2
2024-06-21 16:00:00+00:00,56.75,1553.1,1226.3999999999999
2024-06-21 17:00:00+00:00,77.46,1037.4,1227.7
2024-06-21 18:00:00+00:00,100.01,428.0,1145.4
2024-06-21 19:00:00+00:00,114.86,68.9,1166.7
2024-06-21 20:00:00+00:00,115.0,0.4,1174.6
2024-06-21 21:00:00+00:00,105.74,0.1,1138.0
2024-06-21 22:00:00+00:00,84.0,0.1,1101.3
2024-06-21 23:00:00+00:00,76.58,0.1,1093.3999999999999
2024-06-22 00:00:00+00:00,75.64,0.0,1239.6000000000001
2024-06-22 01:00:00+00:00,76.1,0.0,1311.4
2024-06-22 02:00:00+00:00,75.74,0.0,1339.6
2024-06-22 03:00:00+00:00,75.62,0.0,1317.3999999999999
2024-06-22 04:00:00+00:00,75.64,0.0,1312.5
2024-06-22 05:00:00+00:00,63.45,41.5,1546.5
2024-06-22 06:00:00+00:00,36.95,355.0,1761.3999999999999
2024-06-22 07:00:00+00:00,34.65,946.5,1637.4
2024-06-22 08:00:00+00:00,18.13,1505.5,1430.3
2024-06-22 09:00:00+00:00,18.13,1876.3,988.9
2024-06-22 10:00:00+00:00,18.12,2118.7,751.2
2024-06-22 11:00:00+00:00,12.6,2223.6,626.1
2024-06-22 12:00:00+00:00,12.6,2243.1,674.4
2024-06-22 13:00:00+00:00,4.5,2109.3,865.2
2024-06-22 14:00:00+00:00,2.95,1907.9,1123.4
2024-06-22 15:00:00+00:00,0.0,1693.3,1297.0
2024-06-22 16:00:00+00:00,2.95,1364.1,1353.9
2024-06-22 17:00:00+00:00,35.0,1020.9,1438.7
2024-06-22 18:00:00+00:00,50.0,439.1,1582.2
2024-06-22 19:00:00+00:00,76.79,76.4,1739.4
2024-06-22 20:00:00+00:00,99.1,0.5,2001.8999999999999
2024-06-22 21:00:00+00:00,77.46,0.1,2227.8
2024-06-22 22:00:00+00:00,77.0,0.1,2358.6
2024-06-22 23:00:00+00:00,56.99,0.1,2388.6
2024-06-23 00:00:00+00:00,46.19,0.1,2348.1
2024-06-23 01:00:00+00:00,35.01,0.0,2244.6
2024-06-23 02:00:00+00:00,35.0,0.0,2232.7
2024-06-23 03:00:00+00:00,35.0,0.1,2250.4
2024-06-23 04:00:00+00:00,35.0,0.1,2346.3
2024-06-23 05:00:00+00:00,30.65,35.8,2348.8
2024-06-23 06:00:00+00:00,9.76,331.2,2179.0
2024-06-23 07:00:00+00:00,0.0,804.1,1842.2
2024-06-23 08:00:00+00:00,-0.01,1256.4,1324.9
2024-06-23 09:00:00+00:00,-0.11,1596.6,856.3
2024-06-23 10:00:00+00:00,0.0,1813.3,563.9
2024-06-23 11:00:00+00:00,0.0,1979.3,383.0
2024-06-23 12:00:00+00:00,0.0,1937.4,364.5
2024-06-23 13:00:00+00:00,-0.33,1912.6,462.4
2024-06-23 14:00:00+00:00,-0.85,1823.1,610.4
2024-06-23 15:00:00+00:00,-0.66,1581.0,688.3
2024-06-23 16:00:00+00:00,0.0,1333.8,711.3
2024-06-23 17:00:00+00:00,1.0,836.0,746.0
2024-06-23 18:00:00+00:00,35.01,393.5,770.9
2024-06-23 19:00:00+00:00,77.0,74.3,859.6
2024-06-23 20:00:00+00:00,95.62,0.9,993.8
2024-06-23 21:00:00+00:00,80.15,0.1,1023.6
2024-06-23 22:00:00+00:00,51.8,0.1,984.6
2024-06-23 23:00:00+00:00,43.6,0.0,936.4
2024-06-24 00:00:00+00:00,40.0,0.0,1038.3
2024-06-24 01:00:00+00:00,35.4,0.0,1292.4
2024-06-24 02:00:00+00:00,35.02,0.0,1488.0
2024-06-24 03:00:00+00:00,49.07,0.0,1406.3
2024-06-24 04:00:00+00:00,55.03,0.1,1257.4
2024-06-24 05:00:00+00:00,70.0,40.4,1212.8
2024-06-24 06:00:00+00:00,40.0,336.9,1106.6
2024-06-24 07:00:00+00:00,35.02,917.1,843.9000000000001
2024-06-24 08:00:00+00:00,35.1,1478.2,542.8000000000001
2024-06-24 09:00:00+00:00,35.3,1901.9,336.4
2024-06-24 10:00:00+00:00,35.3,2168.5,187.20000000000002
2024-06-24 11:00:00+00:00,35.1,2307.9,133.0
2024-06-24 12:00:00+00:00,35.3,2332.3,149.8
2024-06-24 13:00:00+00:00,65.36,2294.1,245.8
2024-06-24 14:00:00+00:00,65.36,2155.6,389.59999999999997
2024-06-24 15:00:00+00:00,73.7,1902.1,508.5
2024-06-24 16:00:00+00:00,70.0,1460.1,637.4
2024-06-24 17:00:00+00:00,73.7,985.4,745.8
2024-06-24 18:00:00+00:00,83.27,412.7,787.7
2024-06-24 19:00:00+00:00,117.33,66.6,796.9
2024-06-24 20:00:00+00:00,113.7,0.4,810.1
2024-06-24 21:00:00+00:00,91.54,0.1,839.3
2024-06-24 22:00:00+00:00,79.51,0.0,818.5
2024-06-24 23:00:00+00:00,94.85,0.0,773.0
2024-06-25 00:00:00+00:00,91.15,0.0,723.4000000000001
2024-06-25 01:00:00+00:00,82.0,0.0,650.2
2024-06-25 02:00:00+00:00,89.85,0.0,572.0
2024-06-25 03:00:00+00:00,73.0,0.0,518.5
2024-06-25 04:00:00+00:00,82.0,0.1,491.2
2024-06-25 05:00:00+00:00,98.2,21.8,458.9
2024-06-25 06:00:00+00:00,74.77,190.2,562.0
2024-06-25 07:00:00+00:00,64.9,538.3,607.9
2024-06-25 08:00:00+00:00,35.69,924.1,554.9
2024-06-25 09:00:00+00:00,35.02,1456.0,498.1
2024-06-25 10:00:00+00:00,35.01,1958.0,425.6
2024-06-25 11:00:00+00:00,35.01,2053.0,544.8
2024-06-25 12:00:00+00:00,35.0,2068.3,758.9
2024-06-25 13:00:00+00:00,35.0,2140.5,886.8
2024-06-25 14:00:00+00:00,35.0,2030.5,953.8000000000001
2024-06-25 15:00:00+00:00,35.02,1746.6,901.6
2024-06-25 16:00:00+00:00,48.99,1425.7,967.2
2024-06-25 17:00:00+00:00,77.0,1001.4,1035.9
2024-06-25 18:00:00+00:00,105.0,413.2,993.0
2024-06-25 19:00:00+00:00,117.41,67.1,1094.6
2024-06-25 20:00:00+00:00,116.81,0.4,1076.8000000000002
2024-06-25 21:00:00+00:00,105.45,0.0,894.5
2024-06-25 22:00:00+00:00,107.43,0.0,754.4
2024-06-25 23:00:00+00:00,99.96,0.0,638.1
2024-06-26 00:00:00+00:00,95.32,0.0,553.5
2024-06-26 01:00:00+00:00,95.46,0.0,492.5
2024-06-26 02:00:00+00:00,91.7,0.0,408.4
2024-06-26 03:00:00+00:00,97.12,0.0,444.59999999999997
2024-06-26 04:00:00+00:00,109.59,0.0,600.7
2024-06-26 05:00:00+00:00,130.0,22.0,684.0
2024-06-26 06:00:00+00:00,115.45,229.3,607.0
2024-06-26 07:00:00+00:00,101.76,678.1,504.1
2024-06-26 08:00:00+00:00,90.98,1125.7,426.7
2024-06-26 09:00:00+00:00,85.99,1519.5,468.4
2024-06-26 10:00:00+00:00,79.41,1712.9,494.6
2024-06-26 11:00:00+00:00,77.24,1772.3,538.5
2024-06-26 12:00:00+00:00,73.65,1890.3,538.7
2024-06-26 13:00:00+00:00,60.0,1858.4,535.1
2024-06-26 14:00:00+00:00,61.0,1854.7,479.7
2024-06-26 15:00:00+00:00,82.01,1640.3,423.5
2024-06-26 16:00:00+00:00,91.22,1261.1,378.09999999999997
2024-06-26 17:00:00+00:00,104.55,905.0,320.9
2024-06-26 18:00:00+00:00,116.05,428.7,367.8
2024-06-26 19:00:00+00:00,137.18,83.5,548.8
2024-06-26 20:00:00+00:00,118.98,0.4,723.8
2024-06-26 21:00:00+00:00,110.0,0.1,743.9000000000001
2024-06-26 22:00:00+00:00,102.07,0.0,770.5999999999999
2024-06-26 23:00:00+00:00,99.0,0.0,688.9
2024-06-27 00:00:00+00:00,101.77,0.0,576.7
2024-06-27 01:00:00+00:00,104.37,0.0,740.4
2024-06-27 02:00:00+00:00,101.77,0.0,1165.8
2024-06-27 03:00:00+00:00,99.17,0.0,1491.8
2024-06-27 04:00:00+00:00,112.72,0.0,1474.5
2024-06-27 05:00:00+00:00,120.74,25.9,1108.3999999999999
2024-06-27 06:00:00+00:00,115.44,293.0,736.3000000000001
2024-06-27 07:00:00+00:00,102.07,783.8,400.4
2024-06-27 08:00:00+00:00,100.47,1195.2,247.4
2024-06-27 09:00:00+00:00,77.0,1463.2,159.7
2024-06-27 10:00:00+00:00,65.01,1592.2,101.10000000000001
2024-06-27 11:00:00+00:00,64.75,1664.2,81.10000000000001
2024-06-27 12:00:00+00:00,51.1,1450.5,75.5
2024-06-27 13:00:00+00:00,45.66,1454.2,150.6
2024-06-27 14:00:00+00:00,46.89,1414.8,182.9
2024-06-27 15:00:00+00:00,48.0,1100.0,188.7
2024-06-27 16:00:00+00:00,65.29,824.6,280.5
2024-06-27 17:00:00+00:00,75.39,424.4,530.0
2024-06-27 18:00:00+00:00,99.75,152.7,860.3
2024-06-27 19:00:00+00:00,116.05,18.5,1067.4
2024-06-27 20:00:00+00:00,118.35,0.4,1066.7
2024-06-27 21:00:00+00:00,114.72,0.1,1035.5
2024-06-27 22:00:00+00:00,99.0,0.0,1165.7
2024-06-27 23:00:00+00:00,100.0,0.0,940.2
2024-06-28 00:00:00+00:00,98.6,0.0,871.0
2024-06-28 01:00:00+00:00,94.04,0.0,765.5
2024-06-28 02:00:00+00:00,93.4,0.0,586.1999999999999
2024-06-28 03:00:00+00:00,95.81,0.0,495.8
2024-06-28 04:00:00+00:00,99.9,0.0,467.6
2024-06-28 05:00:00+00:00,100.16,12.4,378.3
2024-06-28 06:00:00+00:00,103.5,122.2,371.4
2024-06-28 07:00:00+00:00,98.6,345.2,217.4
2024-06-28 08:00:00+00:00,92.0,539.5,209.7
2024-06-28 09:00:00+00:00,76.1,707.2,246.9
2024-06-28 10:00:00+00:00,59.99,829.9,215.7
2024-06-28 11:00:00+00:00,48.55,964.3,541.5
2024-06-28 12:00:00+00:00,47.5,1035.7,943.1
2024-06-28 13:00:00+00:00,47.08,820.3,946.5
2024-06-28 14:00:00+00:00,46.87,736.1,966.0
2024-06-28 15:00:00+00:00,47.08,487.2,1155.5
2024-06-28 16:00:00+00:00,48.64,339.0,1097.8
2024-06-28 17:00:00+00:00,88.5,257.0,1171.7
2024-06-28 18:00:00+00:00,94.04,139.0,1143.2
2024-06-28 19:00:00+00:00,105.42,26.4,1382.5
2024-06-28 20:00:00+00:00,113.3,0.2,1207.6
2024-06-28 21:00:00+00:00,105.18,0.1,917.9
2024-06-28 22:00:00+00:00,90.0,0.1,705.6
2024-06-28 23:00:00+00:00,71.6,0.0,817.3
2024-06-29 00:00:00+00:00,47.5,0.0,1141.9
2024-06-29 01:00:00+00:00,47.5,0.0,1077.4
2024-06-29 02:00:00+00:00,47.29,0.0,815.2
2024-06-29 03:00:00+00:00,47.01,0.1,723.6
2024-06-29 04:00:00+00:00,47.29,0.1,798.7
2024-06-29 05:00:00+00:00,50.2,6.4,889.0
2024-06-29 06:00:00+00:00,47.29,90.2,692.4
2024-06-29 07:00:00+00:00,46.62,248.1,639.6999999999999
2024-06-29 08:00:00+00:00,45.06,448.2,694.3000000000001
2024-06-29 09:00:00+00:00,35.02,590.1,788.5
2024-06-29 10:00:00+00:00,35.01,712.5,945.6
2024-06-29 11:00:00+00:00,35.0,721.2,1152.2
2024-06-29 12:00:00+00:00,10.0,802.6,1293.0
2024-06-29 13:00:00+00:00,1.5,918.1,1365.5
2024-06-29 14:00:00+00:00,12.76,859.1,1359.6
2024-06-29 15:00:00+00:00,31.86,952.8,1528.4
2024-06-29 16:00:00+00:00,35.02,946.7,1787.8
2024-06-29 17:00:00+00:00,46.6,710.8,1677.3
2024-06-29 18:00:00+00:00,73.37,330.9,1473.8
2024-06-29 19:00:00+00:00,102.36,55.2,1377.1
2024-06-29 20:00:00+00:00,106.08,0.2,1373.1
2024-06-29 21:00:00+00:00,100.94,0.1,1326.0
2024-06-29 22:00:00+00:00,102.9,0.1,1324.7
2024-06-29 23:00:00+00:00,101.7,0.0,1259.3
2024-06-30 00:00:00+00:00,101.7,0.0,1152.8
2024-06-30 01:00:00+00:00,101.7,0.0,976.6999999999999
2024-06-30 02:00:00+00:00,100.92,0.0,759.0
2024-06-30 03:00:00+00:00,100.92,0.0,671.6
2024-06-30 04:00:00+00:00,99.75,0.0,497.4
2024-06-30 05:00:00+00:00,73.37,13.6,354.2
2024-06-30 06:00:00+00:00,47.5,165.3,241.8
2024-06-30 07:00:00+00:00,44.01,417.4,132.5
2024-06-30 08:00:00+00:00,35.01,777.3,80.4
2024-06-30 09:00:00+00:00,22.99,1130.6,81.6
2024-06-30 10:00:00+00:00,10.0,1370.6,91.7
2024-06-30 11:00:00+00:00,4.49,1654.8,130.1
2024-06-30 12:00:00+00:00,0.02,1696.3,217.5
2024-06-30 13:00:00+00:00,40.0,1614.5,350.40000000000003
2024-06-30 14:00:00+00:00,4.99,1554.5,490.3
2024-06-30 15:00:00+00:00,3.6,1413.1,658.4
2024-06-30 16:00:00+00:00,27.43,1189.9,734.6999999999999
2024-06-30 17:00:00+00:00,46.62,787.9,877.1
2024-06-30 18:00:00+00:00,59.1,349.7,1027.2
2024-06-30 19:00:00+00:00,101.64,63.1,973.0
2024-06-30 20:00:00+00:00,103.22,0.4,970.5
2024-06-30 21:00:00+00:00,100.92,0.1,885.0
2024-06-30 22:00:00+00:00,73.37,0.1,827.5999999999999
2024-06-30 23:00:00+00:00,67.3,0.0,870.3
2024-07-01 00:00:00+00:00,60.0,0.0,941.3000000000001
2024-07-01 01:00:00+00:00,66.54,0.0,875.9
2024-07-01 02:00:00+00:00,50.2,0.0,900.2
2024-07-01 03:00:00+00:00,51.9,0.0,1026.9
2024-07-01 04:00:00+00:00,59.26,0.1,1080.0
2024-07-01 05:00:00+00:00,87.57,27.8,982.7
2024-07-01 06:00:00+00:00,71.18,263.0,950.4
2024-07-01 07:00:00+00:00,50.03,691.2,806.0
2024-07-01 08:00:00+00:00,45.0,1256.1,550.1999999999999
2024-07-01 09:00:00+00:00,49.5,1841.1,342.4
2024-07-01 10:00:00+00:00,49.5,2181.5,270.09999999999997
2024-07-01 11:00:00+00:00,49.5,2343.0,265.3
2024-07-01 12:00:00+00:00,49.5,2363.4,325.2
2024-07-01 13:00:00+00:00,48.87,2331.9,444.0
2024-07-01 14:00:00+00:00,48.87,2222.0,556.8
2024-07-01 15:00:00+00:00,48.87,1989.4,625.1
2024-07-01 16:00:00+00:00,48.87,1599.9,667.3
2024-07-01 17:00:00+00:00,49.28,1082.4,729.9
2024-07-01 18:00:00+00:00,71.18,447.1,844.8
2024-07-01 19:00:00+00:00,80.79,73.3,1021.7
2024-07-01 20:00:00+00:00,99.26,0.5,1215.1
2024-07-01 21:00:00+00:00,87.46,0.1,1209.7
2024-07-01 22:00:00+00:00,65.53,0.1,1159.3
2024-07-01 23:00:00+00:00,49.9,0.1,1087.8000000000002
2024-07-02 00:00:00+00:00,49.29,0.1,1062.5
2024-07-02 01:00:00+00:00,49.08,0.1,986.4
2024-07-02 02:00:00+00:00,49.08,0.1,1050.9
2024-07-02 03:00:00+00:00,49.08,0.1,1102.3999999999999
2024-07-02 04:00:00+00:00,55.0,0.1,1097.6
2024-07-02 05:00:00+00:00,81.82,35.5,1083.2
2024-07-02 06:00:00+00:00,61.66,339.4,1043.1
2024-07-02 07:00:00+00:00,45.0,939.9,802.5
2024-07-02 08:00:00+00:00,35.0,1514.5,499.70000000000005
2024-07-02 09:00:00+00:00,48.87,1938.3,309.2
2024-07-02 10:00:00+00:00,48.87,2218.3,216.1
2024-07-02 11:00:00+00:00,48.87,2354.4,126.4
2024-07-02 12:00:00+00:00,41.6,2367.0,148.29999999999998
2024-07-02 13:00:00+00:00,49.5,2343.7,262.8
2024-07-02 14:00:00+00:00,49.29,2221.0,335.8
2024-07-02 15:00:00+00:00,49.5,1979.6,423.5
2024-07-02 16:00:00+00:00,35.0,1603.0,520.4
2024-07-02 17:00:00+00:00,46.6,1062.9,647.0
2024-07-02 18:00:00+00:00,74.64,443.1,801.4
2024-07-02 19:00:00+00:00,110.41,71.0,925.4
2024-07-02 20:00:00+00:00,109.45,0.5,1074.3
2024-07-02 21:00:00+00:00,89.99,0.1,1113.4
2024-07-02 22:00:00+00:00,94.22,0.1,999.5
2024-07-02 23:00:00+00:00,83.79,0.1,772.0
2024-07-03 00:00:00+00:00,80.0,0.1,709.0
2024-07-03 01:00:00+00:00,72.0,0.0,603.2
2024-07-03 02:00:00+00:00,70.8,0.1,539.1
2024-07-03 03:00:00+00:00,65.65,0.0,548.5
2024-07-03 04:00:00+00:00,85.0,0.1,570.4
2024-07-03 05:00:00+00:00,99.77,35.1,533.6
2024-07-03 06:00:00+00:00,95.75,335.8,429.8
2024-07-03 07:00:00+00:00,76.0,927.0,326.5
2024-07-03 08:00:00+00:00,54.08,1481.3,244.8
2024-07-03 09:00:00+00:00,54.08,1895.2,190.4
2024-07-03 10:00:00+00:00,53.87,2147.2,209.4
2024-07-03 11:00:00+00:00,46.6,2244.4,265.0
2024-07-03 12:00:00+00:00,41.6,2266.5,357.7
2024-07-03 13:00:00+00:00,53.87,2315.6,486.5
2024-07-03 14:00:00+00:00,53.87,2227.4,617.2
2024-07-03 15:00:00+00:00,54.08,2000.7,728.9
2024-07-03 16:00:00+00:00,34.27,1626.6,790.1
2024-07-03 17:00:00+00:00,51.27,1090.9,842.8
2024-07-03 18:00:00+00:00,89.9,454.2,881.1
2024-07-03 19:00:00+00:00,107.51,74.2,954.4
2024-07-03 20:00:00+00:00,106.49,0.5,1093.7
2024-07-03 21:00:00+00:00,95.66,0.1,1042.7
2024-07-03 22:00:00+00:00,94.94,0.1,951.3
2024-07-03 23:00:00+00:00,80.0,0.0,932.2
2024-07-04 00:00:00+00:00,72.5,0.0,868.8
2024-07-04 01:00:00+00:00,83.54,0.0,823.9
2024-07-04 02:00:00+00:00,80.0,0.0,853.7
2024-07-04 03:00:00+00:00,86.27,0.0,1019.2
2024-07-04 04:00:00+00:00,96.04,0.1,1135.4
2024-07-04 05:00:00+00:00,99.88,37.0,1227.3
2024-07-04 06:00:00+00:00,83.82,352.1,1167.9
2024-07-04 07:00:00+00:00,40.0,974.3,997.1
2024-07-04 08:00:00+00:00,38.5,1579.5,726.9
2024-07-04 09:00:00+00:00,37.87,1939.3,482.79999999999995
2024-07-04 10:00:00+00:00,37.87,2162.0,389.6
2024-07-04 11:00:00+00:00,37.87,2228.7,303.7
2024-07-04 12:00:00+00:00,37.87,2289.7,177.5
2024-07-04 13:00:00+00:00,82.7,2352.2,122.5
2024-07-04 14:00:00+00:00,83.82,2250.9,118.8
2024-07-04 15:00:00+00:00,96.77,2011.3,127.8
2024-07-04 16:00:00+00:00,38.29,1638.1,142.7
2024-07-04 17:00:00+00:00,61.36,1086.0,177.6
2024-07-04 18:00:00+00:00,86.9,452.6,248.1
2024-07-04 19:00:00+00:00,99.64,72.5,397.7
2024-07-04 20:00:00+00:00,98.5,0.6,578.3
2024-07-04 21:00:00+00:00,90.0,0.1,630.0
2024-07-04 22:00:00+00:00,81.66,0.1,591.5
2024-07-04 23:00:00+00:00,81.66,0.1,506.5
2024-07-05 00:00:00+00:00,81.42,0.1,395.7
2024-07-05 01:00:00+00:00,87.75,0.0,279.40000000000003
2024-07-05 02:00:00+00:00,88.2,0.1,226.8
2024-07-05 03:00:00+00:00,90.01,0.1,232.5
2024-07-05 04:00:00+00:00,95.33,0.1,204.4
2024-07-05 05:00:00+00:00,104.25,33.2,158.6
2024-07-05 06:00:00+00:00,91.43,326.1,155.39999999999998
2024-07-05 07:00:00+00:00,59.5,917.5,144.3
2024-07-05 08:00:00+00:00,35.01,1516.0,157.0
2024-07-05 09:00:00+00:00,29.0,1902.5,155.9
2024-07-05 10:00:00+00:00,12.29,2175.8,210.4
2024-07-05 11:00:00+00:00,11.87,2329.4,339.8
2024-07-05 12:00:00+00:00,10.93,2389.0,573.1999999999999
2024-07-05 13:00:00+00:00,7.21,2353.8,801.9
2024-07-05 14:00:00+00:00,3.32,2215.5,1045.9
2024-07-05 15:00:00+00:00,17.42,1993.5,1366.7
2024-07-05 16:00:00+00:00,38.0,1596.6,1608.9
2024-07-05 17:00:00+00:00,63.31,1093.1,1837.5
2024-07-05 18:00:00+00:00,82.7,456.2,2062.9
2024-07-05 19:00:00+00:00,95.0,73.7,2245.9
2024-07-05 20:00:00+00:00,106.33,0.5,2431.1
2024-07-05 21:00:00+00:00,90.4,0.1,2530.8
2024-07-05 22:00:00+00:00,101.0,0.1,2660.2
2024-07-05 23:00:00+00:00,96.96,0.1,2768.4
2024-07-06 00:00:00+00:00,79.74,0.1,2876.2
2024-07-06 01:00:00+00:00,71.91,0.1,2877.2
2024-07-06 02:00:00+00:00,77.25,0.1,2861.6000000000004
2024-07-06 03:00:00+00:00,70.66,0.1,2974.2
2024-07-06 04:00:00+00:00,70.66,0.1,2912.7
2024-07-06 05:00:00+00:00,65.5,30.0,2796.1
2024-07-06 06:00:00+00:00,30.87,287.0,2758.7000000000003
2024-07-06 07:00:00+00:00,0.0,728.4,2591.2
2024-07-06 08:00:00+00:00,0.0,1209.6,2314.6
2024-07-06 09:00:00+00:00,-0.01,1525.4,1932.4
2024-07-06 10:00:00+00:00,-0.51,1859.5,1769.7
2024-07-06 11:00:00+00:00,-0.76,2085.7,1903.7
2024-07-06 12:00:00+00:00,-0.95,2181.2,2134.5
2024-07-06 13:00:00+00:00,-1.0,2159.0,2384.4
2024-07-06 14:00:00+00:00,-1.01,2067.8,2642.9
2024-07-06 15:00:00+00:00,-1.0,1860.3,2926.8
2024-07-06 16:00:00+00:00,-0.82,1637.8,2992.5
2024-07-06 17:00:00+00:00,0.0,1114.8,2901.2
2024-07-06 18:00:00+00:00,9.23,472.5,2884.3
2024-07-06 19:00:00+00:00,41.1,75.9,2846.4
2024-07-06 20:00:00+00:00,59.7,0.6,2828.5
2024-07-06 21:00:00+00:00,46.89,0.1,2727.9
2024-07-06 22:00:00+00:00,56.55,0.1,2581.1
2024-07-06 23:00:00+00:00,48.95,0.1,2516.7
2024-07-07 00:00:00+00:00,44.16,0.1,2565.7
2024-07-07 01:00:00+00:00,44.9,0.1,2477.8
2024-07-07 02:00:00+00:00,44.16,0.1,2357.6
2024-07-07 03:00:00+00:00,56.55,0.1,2171.2
2024-07-07 04:00:00+00:00,56.55,0.1,2073.3999999999996
2024-07-07 05:00:00+00:00,56.68,33.7,1986.9
2024-07-07 06:00:00+00:00,24.87,372.7,1716.1000000000001
2024-07-07 07:00:00+00:00,-0.01,984.1,1450.0
2024-07-07 08:00:00+00:00,-0.51,1475.2,973.3
2024-07-07 09:00:00+00:00,-0.78,1889.6,646.9
2024-07-07 10:00:00+00:00,-0.66,2169.7,445.20000000000005
2024-07-07 11:00:00+00:00,-0.01,2331.0,469.5
2024-07-07 12:00:00+00:00,-0.78,2341.6,720.1999999999999
2024-07-07 13:00:00+00:00,-1.0,2289.8,993.2
2024-07-07 14:00:00+00:00,-1.01,2246.8,1274.8
2024-07-07 15:00:00+00:00,0.0,2048.0,1568.8
2024-07-07 16:00:00+00:00,3.32,1783.4,1635.8999999999999
2024-07-07 17:00:00+00:00,35.94,1207.9,1574.8
2024-07-07 18:00:00+00:00,59.57,506.1,1452.3
2024-07-07 19:00:00+00:00,100.73,78.3,1355.1
2024-07-07 20:00:00+00:00,104.58,0.6,1340.4
2024-07-07 21:00:00+00:00,100.25,0.1,1234.1
2024-07-07 22:00:00+00:00,98.7,0.1,1215.4
2024-07-07 23:00:00+00:00,86.66,0.1,1096.9
2024-07-08 00:00:00+00:00,85.94,0.1,1044.2
2024-07-08 01:00:00+00:00,85.7,0.1,1015.8000000000001
2024-07-08 02:00:00+00:00,83.43,0.1,846.5
2024-07-08 03:00:00+00:00,85.94,0.1,687.1
2024-07-08 04:00:00+00:00,89.72,0.1,545.1
2024-07-08 05:00:00+00:00,103.21,34.7,384.9
2024-07-08 06:00:00+00:00,100.61,360.0,339.2
2024-07-08 07:00:00+00:00,78.22,1011.0,220.5
2024-07-08 08:00:00+00:00,58.94,1574.4,124.80000000000001
2024-07-08 09:00:00+00:00,58.94,1975.3,81.5
2024-07-08 10:00:00+00:00,35.0,2167.6,143.3
2024-07-08 11:00:00+00:00,32.65,2289.8,276.9
2024-07-08 12:00:00+00:00,31.98,2345.5,484.3
2024-07-08 13:00:00+00:00,35.0,2280.3,813.9000000000001
2024-07-08 14:00:00+00:00,35.0,2211.9,1129.8
2024-07-08 15:00:00+00:00,41.99,2029.7,1322.2
2024-07-08 16:00:00+00:00,44.88,1649.6,1342.3
2024-07-08 17:00:00+00:00,81.0,997.4,1377.6
2024-07-08 18:00:00+00:00,103.21,356.8,1305.1
2024-07-08 19:00:00+00:00,115.15,52.5,1271.4
2024-07-08 20:00:00+00:00,109.0,0.4,1379.1
2024-07-08 21:00:00+00:00,98.01,0.1,1460.6
2024-07-08 22:00:00+00:00,95.92,0.1,1407.9
2024-07-08 23:00:00+00:00,72.25,0.0,1483.6999999999998
2024-07-09 00:00:00+00:00,77.0,0.0,1614.7
2024-07-09 01:00:00+00:00,73.22,0.0,1429.7
2024-07-09 02:00:00+00:00,66.71,0.0,1113.8999999999999
2024-07-09 03:00:00+00:00,65.5,0.0,908.0
2024-07-09 04:00:00+00:00,80.0,0.0,805.3000000000001
2024-07-09 05:00:00+00:00,101.51,21.2,698.7
2024-07-09 06:00:00+00:00,88.33,199.3,550.0
2024-07-09 07:00:00+00:00,70.8,614.4,473.09999999999997
2024-07-09 08:00:00+00:00,63.58,1130.2,433.2
2024-07-09 09:00:00+00:00,62.0,1497.7,463.8
2024-07-09 10:00:00+00:00,57.75,1702.2,605.6999999999999
2024-07-09 11:00:00+00:00,22.98,1842.4,802.6999999999999
2024-07-09 12:00:00+00:00,8.3,1816.9,1020.9
2024-07-09 13:00:00+00:00,15.59,1836.4,1161.8
2024-07-09 14:00:00+00:00,29.39,1813.0,1287.6999999999998
2024-07-09 15:00:00+00:00,48.8,1779.2,1371.0
2024-07-09 16:00:00+00:00,60.7,1531.6,1381.9
2024-07-09 17:00:00+00:00,84.77,1065.7,1196.8999999999999
2024-07-09 18:00:00+00:00,106.18,453.0,1129.3999999999999
2024-07-09 19:00:00+00:00,120.09,64.9,1050.7
2024-07-09 20:00:00+00:00,141.94,0.3,1111.2
2024-07-09 21:00:00+00:00,116.38,0.1,1103.8
2024-07-09 22:00:00+00:00,107.94,0.1,1131.0
2024-07-09 23:00:00+00:00,106.81,0.0,1183.2
2024-07-10 00:00:00+00:00,104.22,0.0,1242.4
2024-07-10 01:00:00+00:00,102.61,0.0,1211.5
2024-07-10 02:00:00+00:00,101.92,0.0,1099.2
2024-07-10 03:00:00+00:00,104.22,0.0,1011.0
2024-07-10 04:00:00+00:00,101.5,0.1,966.5999999999999
2024-07-10 05:00:00+00:00,108.43,13.2,974.6999999999999
2024-07-10 06:00:00+00:00,101.92,159.0,892.1999999999999
2024-07-10 07:00:00+00:00,94.99,468.9,774.3000000000001
2024-07-10 08:00:00+00:00,65.0,951.1,650.4
2024-07-10 09:00:00+00:00,60.38,1585.6,556.1
2024-07-10 10:00:00+00:00,57.21,2069.2,415.09999999999997
2024-07-10 11:00:00+00:00,51.1,2335.1,343.70000000000005
2024-07-10 12:00:00+00:00,50.77,2331.4,372.59999999999997
2024-07-10 13:00:00+00:00,45.06,2277.3,531.0
2024-07-10 14:00:00+00:00,45.06,2128.9,625.0
2024-07-10 15:00:00+00:00,52.5,2043.2,686.4
2024-07-10 16:00:00+00:00,75.0,1700.7,750.4
2024-07-10 17:00:00+00:00,99.58,1145.4,768.6999999999999
2024-07-10 18:00:00+00:00,105.0,462.6,812.3
2024-07-10 19:00:00+00:00,120.18,68.1,780.1
2024-07-10 20:00:00+00:00,131.98,0.4,754.6
2024-07-10 21:00:00+00:00,111.87,0.1,776.0
2024-07-10 22:00:00+00:00,105.0,0.1,887.8
2024-07-10 23:00:00+00:00,101.78,0.1,1167.1000000000001
2024-07-11 00:00:00+00:00,101.74,0.1,1453.4
2024-07-11 01:00:00+00:00,100.0,0.0,1635.3
2024-07-11 02:00:00+00:00,99.5,0.1,1753.3999999999999
2024-07-11 03:00:00+00:00,99.92,0.1,1928.3
2024-07-11 04:00:00+00:00,100.0,0.1,2045.7
2024-07-11 05:00:00+00:00,107.34,21.5,1837.4
2024-07-11 06:00:00+00:00,100.96,241.1,1460.1
2024-07-11 07:00:00+00:00,90.69,748.9,1048.6
2024-07-11 08:00:00+00:00,81.0,1278.2,736.0
2024-07-11 09:00:00+00:00,68.49,1771.5,658.4
2024-07-11 10:00:00+00:00,60.0,2109.9,799.4
2024-07-11 11:00:00+00:00,54.19,2270.7,824.2
2024-07-11 12:00:00+00:00,52.0,2327.1,843.8
2024-07-11 13:00:00+00:00,57.11,2300.8,1065.5
2024-07-11 14:00:00+00:00,55.99,2245.0,1332.6
2024-07-11 15:00:00+00:00,57.61,2044.9,1443.7
2024-07-11 16:00:00+00:00,61.49,1656.9,1511.3
2024-07-11 17:00:00+00:00,84.19,1150.1,1604.8
2024-07-11 18:00:00+00:00,101.78,489.6,1664.3999999999999
2024-07-11 19:00:00+00:00,109.55,72.0,1696.1000000000001
2024-07-11 20:00:00+00:00,111.39,0.4,1622.1
2024-07-11 21:00:00+00:00,97.15,0.1,1633.8000000000002
2024-07-11 22:00:00+00:00,85.0,0.1,1655.8
2024-07-11 23:00:00+00:00,71.32,0.1,1727.7
2024-07-12 00:00:00+00:00,74.44,0.1,1827.3999999999999
2024-07-12 01:00:00+00:00,62.7,0.0,1927.5
2024-07-12 02:00:00+00:00,56.5,0.0,1817.1
2024-07-12 03:00:00+00:00,60.3,0.0,1782.7
2024-07-12 04:00:00+00:00,70.0,0.1,1693.8999999999999
2024-07-12 05:00:00+00:00,75.6,19.6,1635.6000000000001
2024-07-12 06:00:00+00:00,73.72,266.8,1499.1
2024-07-12 07:00:00+00:00,49.0,831.2,1132.5
2024-07-12 08:00:00+00:00,41.75,1531.4,814.0
2024-07-12 09:00:00+00:00,41.36,2058.3,603.6999999999999
2024-07-12 10:00:00+00:00,41.49,2373.5,481.8
2024-07-12 11:00:00+00:00,41.49,2544.8,446.3
2024-07-12 12:00:00+00:00,41.1,2558.5,508.0
2024-07-12 13:00:00+00:00,38.38,2443.1,595.5
2024-07-12 14:00:00+00:00,29.65,2362.5,775.7
2024-07-12 15:00:00+00:00,38.36,2127.1,997.4
2024-07-12 16:00:00+00:00,41.49,1796.7,1192.2
2024-07-12 17:00:00+00:00,52.2,1219.2,1198.5
2024-07-12 18:00:00+00:00,75.58,505.8,1297.2
2024-07-12 19:00:00+00:00,89.93,74.4,1383.6
2024-07-12 20:00:00+00:00,87.0,0.4,1391.1
2024-07-12 21:00:00+00:00,79.97,0.1,1232.0
2024-07-12 22:00:00+00:00,90.22,0.1,1035.2
2024-07-12 23:00:00+00:00,86.11,0.1,973.3
2024-07-13 00:00:00+00:00,75.9,0.1,994.2
2024-07-13 01:00:00+00:00,75.59,0.0,1015.5
2024-07-13 02:00:00+00:00,79.0,0.0,1014.5
2024-07-13 03:00:00+00:00,83.61,0.0,927.3
2024-07-13 04:00:00+00:00,86.22,0.0,826.6
2024-07-13 05:00:00+00:00,86.46,25.0,739.3
2024-07-13 06:00:00+00:00,50.01,315.2,602.4000000000001
2024-07-13 07:00:00+00:00,43.99,987.5,370.4
2024-07-13 08:00:00+00:00,10.0,1646.3,165.0
2024-07-13 09:00:00+00:00,3.32,2073.2,170.6
2024-07-13 10:00:00+00:00,1.9,2390.1,230.6
2024-07-13 11:00:00+00:00,1.89,2507.1,338.4
2024-07-13 12:00:00+00:00,0.0,2467.5,481.7
2024-07-13 13:00:00+00:00,0.0,2437.1,694.2
2024-07-13 14:00:00+00:00,0.0,2339.6,960.9
2024-07-13 15:00:00+00:00,0.9,2173.0,1136.1000000000001
2024-07-13 16:00:00+00:00,30.51,1836.4,1172.6
2024-07-13 17:00:00+00:00,49.38,1195.3,1395.5
2024-07-13 18:00:00+00:00,75.45,494.8,1398.6
2024-07-13 19:00:00+00:00,97.81,72.5,1302.2
2024-07-13 20:00:00+00:00,107.48,0.4,1422.6000000000001
2024-07-13 21:00:00+00:00,100.16,0.1,1404.6
2024-07-13 22:00:00+00:00,107.51,0.1,1319.5
2024-07-13 23:00:00+00:00,99.22,0.1,1251.5
2024-07-14 00:00:00+00:00,97.94,0.1,1307.6
2024-07-14 01:00:00+00:00,96.71,0.1,1298.7
2024-07-14 02:00:00+00:00,96.71,0.1,1096.5
2024-07-14 03:00:00+00:00,95.41,0.0,653.2
2024-07-14 04:00:00+00:00,96.8,0.0,503.0
2024-07-14 05:00:00+00:00,86.32,28.6,471.0
2024-07-14 06:00:00+00:00,46.0,349.3,471.7
2024-07-14 07:00:00+00:00,0.44,953.2,378.5
2024-07-14 08:00:00+00:00,-0.01,1472.3,282.40000000000003
2024-07-14 09:00:00+00:00,0.95,1942.8,234.4
2024-07-14 10:00:00+00:00,0.95,2196.7,292.6
2024-07-14 11:00:00+00:00,0.95,2271.1,390.8
2024-07-14 12:00:00+00:00,0.0,2168.6,520.2
2024-07-14 13:00:00+00:00,-0.95,1959.2,608.0
2024-07-14 14:00:00+00:00,-0.95,1826.7,790.9
2024-07-14 15:00:00+00:00,0.0,1759.0,907.6
2024-07-14 16:00:00+00:00,9.79,1592.0,1027.8
2024-07-14 17:00:00+00:00,44.81,1064.5,1240.4
2024-07-14 18:00:00+00:00,74.57,441.1,1575.3
2024-07-14 19:00:00+00:00,99.31,62.9,1755.9
2024-07-14 20:00:00+00:00,109.91,0.3,1963.5
2024-07-14 21:00:00+00:00,97.89,0.1,2219.2
2024-07-14 22:00:00+00:00,89.61,0.1,2595.1
2024-07-14 23:00:00+00:00,75.0,0.1,2762.4
2024-07-15 00:00:00+00:00,60.31,0.1,2643.2000000000003
2024-07-15 01:00:00+00:00,60.31,0.0,2413.9
2024-07-15 02:00:00+00:00,59.79,0.0,2311.7999999999997
2024-07-15 03:00:00+00:00,59.92,0.0,2179.6000000000004
2024-07-15 04:00:00+00:00,66.56,0.0,1960.8
2024-07-15 05:00:00+00:00,89.87,12.2,1898.7
2024-07-15 06:00:00+00:00,82.15,158.4,1670.1000000000001
2024-07-15 07:00:00+00:00,62.01,570.3,1284.6000000000001
2024-07-15 08:00:00+00:00,39.49,1071.9,1075.8
2024-07-15 09:00:00+00:00,15.84,1449.0,1123.6000000000001
2024-07-15 10:00:00+00:00,6.06,1715.0,1155.5
2024-07-15 11:00:00+00:00,3.74,1923.3,1277.0
2024-07-15 12:00:00+00:00,3.9,2078.4,1352.5
2024-07-15 13:00:00+00:00,7.48,2189.4,1478.6999999999998
2024-07-15 14:00:00+00:00,5.99,2185.5,1525.3
2024-07-15 15:00:00+00:00,14.0,2012.0,1641.4
2024-07-15 16:00:00+00:00,40.0,1743.2,1840.8999999999999
2024-07-15 17:00:00+00:00,60.0,1168.8,1937.5
2024-07-15 18:00:00+00:00,80.0,476.8,1912.3
2024-07-15 19:00:00+00:00,108.78,69.4,1765.2
2024-07-15 20:00:00+00:00,109.37,0.3,1662.2
2024-07-15 21:00:00+00:00,94.7,0.1,1525.3
2024-07-15 22:00:00+00:00,105.48,0.1,1430.7
2024-07-15 23:00:00+00:00,97.15,0.1,1339.8
2024-07-16 00:00:00+00:00,97.15,0.1,1151.5
2024-07-16 01:00:00+00:00,97.0,0.0,1258.6
2024-07-16 02:00:00+00:00,97.15,0.0,1294.4
2024-07-16 03:00:00+00:00,100.1,0.0,1135.3
2024-07-16 04:00:00+00:00,98.7,0.1,1041.1
2024-07-16 05:00:00+00:00,108.0,23.6,980.4
2024-07-16 06:00:00+00:00,98.45,299.9,939.1
2024-07-16 07:00:00+00:00,86.75,949.5,671.2
2024-07-16 08:00:00+00:00,73.28,1613.6,429.8
2024-07-16 09:00:00+00:00,61.59,2084.8,291.5
2024-07-16 10:00:00+00:00,61.38,2381.5,230.6
2024-07-16 11:00:00+00:00,61.38,2530.4,244.2
2024-07-16 12:00:00+00:00,60.31,2579.1,326.6
2024-07-16 13:00:00+00:00,59.92,2530.5,487.1
2024-07-16 14:00:00+00:00,59.79,2421.5,494.7
2024-07-16 15:00:00+00:00,60.18,2157.2,611.2
2024-07-16 16:00:00+00:00,67.77,1762.5,788.1999999999999
2024-07-16 17:00:00+00:00,94.5,1185.6,825.8
2024-07-16 18:00:00+00:00,109.11,479.0,759.5999999999999
2024-07-16 19:00:00+00:00,125.02,64.7,781.9
2024-07-16 20:00:00+00:00,115.0,0.4,780.6999999999999
2024-07-16 21:00:00+00:00,98.7,0.1,787.4
2024-07-16 22:00:00+00:00,101.78,0.1,777.4
2024-07-16 23:00:00+00:00,96.02,0.1,730.9
2024-07-17 00:00:00+00:00,92.23,0.1,723.6
2024-07-17 01:00:00+00:00,94.95,0.0,708.3
2024-07-17 02:00:00+00:00,96.25,0.1,739.3000000000001
2024-07-17 03:00:00+00:00,96.25,0.0,852.0
2024-07-17 04:00:00+00:00,107.0,0.1,893.9
2024-07-17 05:00:00+00:00,113.22,24.2,886.9000000000001
2024-07-17 06:00:00+00:00,105.7,300.0,816.1999999999999
2024-07-17 07:00:00+00:00,97.55,948.5,631.1
2024-07-17 08:00:00+00:00,93.65,1606.7,414.9
2024-07-17 09:00:00+00:00,75.0,2044.8,242.2
2024-07-17 10:00:00+00:00,71.38,2321.9,266.4
2024-07-17 11:00:00+00:00,70.18,2489.5,298.0
2024-07-17 12:00:00+00:00,70.0,2553.5,316.4
2024-07-17 13:00:00+00:00,69.79,2500.7,317.8
2024-07-17 14:00:00+00:00,69.66,2388.1,441.2
2024-07-17 15:00:00+00:00,70.18,2154.2,566.6
2024-07-17 16:00:00+00:00,87.69,1766.8,585.5
2024-07-17 17:00:00+00:00,104.63,1178.4,544.1
2024-07-17 18:00:00+00:00,115.75,481.0,581.1999999999999
2024-07-17 19:00:00+00:00,125.26,67.4,584.1
2024-07-17 20:00:00+00:00,127.0,0.4,607.9
2024-07-17 21:00:00+00:00,115.01,0.1,585.6
2024-07-17 22:00:00+00:00,108.13,0.1,565.5
2024-07-17 23:00:00+00:00,100.5,0.1,545.2
2024-07-18 00:00:00+00:00,96.37,0.1,552.3
2024-07-18 01:00:00+00:00,96.08,0.0,458.8
2024-07-18 02:00:00+00:00,96.18,0.0,432.2
2024-07-18 03:00:00+00:00,97.48,0.0,385.90000000000003
2024-07-18 04:00:00+00:00,107.31,0.0,281.5
2024-07-18 05:00:00+00:00,111.94,21.3,170.1
2024-07-18 06:00:00+00:00,107.21,296.9,101.6
2024-07-18 07:00:00+00:00,93.58,882.2,73.5
2024-07-18 08:00:00+00:00,94.0,1502.6,82.1
2024-07-18 09:00:00+00:00,90.98,1981.5,70.7
2024-07-18 10:00:00+00:00,86.38,2267.4,60.1
2024-07-18 11:00:00+00:00,84.61,2413.8,69.39999999999999
2024-07-18 12:00:00+00:00,83.0,2405.2,155.70000000000002
2024-07-18 13:00:00+00:00,79.21,2382.2,246.4
2024-07-18 14:00:00+00:00,80.0,2292.8,324.7
2024-07-18 15:00:00+00:00,90.0,2059.8,353.3
2024-07-18 16:00:00+00:00,102.85,1674.8,458.40000000000003
2024-07-18 17:00:00+00:00,121.22,1113.5,589.6
2024-07-18 18:00:00+00:00,130.05,446.1,590.1999999999999
2024-07-18 19:00:00+00:00,138.23,60.6,647.6
2024-07-18 20:00:00+00:00,124.24,0.4,748.6
2024-07-18 21:00:00+00:00,113.22,0.1,776.2
2024-07-18 22:00:00+00:00,108.49,0.1,841.0
2024-07-18 23:00:00+00:00,106.37,0.1,799.5
2024-07-19 00:00:00+00:00,103.99,0.1,678.6
2024-07-19 01:00:00+00:00,103.98,0.0,578.9
2024-07-19 02:00:00+00:00,103.98,0.0,410.8
2024-07-19 03:00:00+00:00,105.87,0.0,306.8
2024-07-19 04:00:00+00:00,109.8,0.0,306.0
2024-07-19 05:00:00+00:00,116.22,21.1,291.0
2024-07-19 06:00:00+00:00,108.85,307.9,241.70000000000002
2024-07-19 07:00:00+00:00,101.0,948.6,142.6
2024-07-19 08:00:00+00:00,95.46,1533.4,86.80000000000001
2024-07-19 09:00:00+00:00,83.8,1999.1,84.1
2024-07-19 10:00:00+00:00,80.35,2344.4,117.30000000000001
2024-07-19 11:00:00+00:00,78.59,2482.1,191.7
2024-07-19 12:00:00+00:00,77.92,2526.4,334.6
2024-07-19 13:00:00+00:00,75.0,2494.2,518.2
2024-07-19 14:00:00+00:00,68.72,2387.6,740.5
2024-07-19 15:00:00+00:00,78.05,2136.3,993.0
2024-07-19 16:00:00+00:00,85.06,1753.4,1205.0
2024-07-19 17:00:00+00:00,98.1,1183.8,1302.3
2024-07-19 18:00:00+00:00,111.9,479.6,1269.3
2024-07-19 19:00:00+00:00,121.22,62.7,1332.4
2024-07-19 20:00:00+00:00,114.94,0.4,1507.0
2024-07-19 21:00:00+00:00,109.11,0.1,1583.3
2024-07-19 22:00:00+00:00,101.7,0.1,1688.8
2024-07-19 23:00:00+00:00,98.65,0.1,1771.6
2024-07-20 00:00:00+00:00,101.01,0.1,1769.8
2024-07-20 01:00:00+00:00,98.65,0.1,1850.9
2024-07-20 02:00:00+00:00,96.86,0.0,1908.5
2024-07-20 03:00:00+00:00,96.05,0.0,1867.8999999999999
2024-07-20 04:00:00+00:00,94.75,0.0,1850.8999999999999
2024-07-20 05:00:00+00:00,92.9,12.3,1609.1000000000001
2024-07-20 06:00:00+00:00,67.74,193.0,1391.9
2024-07-20 07:00:00+00:00,50.0,704.3,1248.2
2024-07-20 08:00:00+00:00,9.96,1434.8,1081.0
2024-07-20 09:00:00+00:00,2.96,1861.6,1228.3999999999999
2024-07-20 10:00:00+00:00,0.44,2013.7,1464.7
2024-07-20 11:00:00+00:00,0.0,2120.4,1716.0
2024-07-20 12:00:00+00:00,-0.01,2154.6,1788.6000000000001
2024-07-20 13:00:00+00:00,0.0,2172.5,1965.4
2024-07-20 14:00:00+00:00,0.0,2125.1,2127.8
2024-07-20 15:00:00+00:00,0.0,1876.4,2189.2999999999997
2024-07-20 16:00:00+00:00,1.9,1611.3,2379.0
2024-07-20 17:00:00+00:00,6.15,1109.7,2473.5
2024-07-20 18:00:00+00:00,60.05,455.4,2459.6000000000004
2024-07-20 19:00:00+00:00,87.93,59.0,2233.8
2024-07-20 20:00:00+00:00,88.31,0.3,1984.2
2024-07-20 21:00:00+00:00,80.68,0.1,1913.8
2024-07-20 22:00:00+00:00,67.98,0.1,1910.3
2024-07-20 23:00:00+00:00,49.77,0.1,1846.8
2024-07-21 00:00:00+00:00,42.26,0.1,1698.5
2024-07-21 01:00:00+00:00,43.41,0.1,1618.7
2024-07-21 02:00:00+00:00,35.35,0.1,1475.0
2024-07-21 03:00:00+00:00,30.8,0.1,1508.1000000000001
2024-07-21 04:00:00+00:00,32.0,0.0,1599.6000000000001
2024-07-21 05:00:00+00:00,34.57,14.2,1705.3
2024-07-21 06:00:00+00:00,25.07,231.7,1504.3
2024-07-21 07:00:00+00:00,0.49,686.5,1397.3
2024-07-21 08:00:00+00:00,0.0,1329.5,1259.1
2024-07-21 09:00:00+00:00,0.0,1860.1,1019.9
2024-07-21 10:00:00+00:00,0.0,2246.6,815.4
2024-07-21 11:00:00+00:00,0.0,2360.5,760.4
2024-07-21 12:00:00+00:00,-0.03,2381.0,704.8
2024-07-21 13:00:00+00:00,-0.01,2380.9,737.6
2024-07-21 14:00:00+00:00,0.0,2281.9,793.2
2024-07-21 15:00:00+00:00,0.0,2037.4,855.9
2024-07-21 16:00:00+00:00,0.1,1729.5,935.4
2024-07-21 17:00:00+00:00,25.06,1210.8,979.5
2024-07-21 18:00:00+00:00,59.0,481.0,987.6
2024-07-21 19:00:00+00:00,95.0,58.7,1087.4
2024-07-21 20:00:00+00:00,95.44,0.5,1342.7
2024-07-21 21:00:00+00:00,93.98,0.1,1521.8
2024-07-21 22:00:00+00:00,94.5,0.1,1561.3
2024-07-21 23:00:00+00:00,90.9,0.1,1554.1
2024-07-22 00:00:00+00:00,80.0,0.1,1552.8
2024-07-22 01:00:00+00:00,77.98,0.0,1654.9
2024-07-22 02:00:00+00:00,76.31,0.0,2022.1
2024-07-22 03:00:00+00:00,82.0,0.0,2156.4
2024-07-22 04:00:00+00:00,92.21,0.1,2256.9
2024-07-22 05:00:00+00:00,96.11,18.8,2410.2999999999997
2024-07-22 06:00:00+00:00,94.81,309.1,2403.0
2024-07-22 07:00:00+00:00,63.37,985.3,2274.3
2024-07-22 08:00:00+00:00,56.18,1635.6,1934.9
2024-07-22 09:00:00+00:00,54.99,2092.7,1423.7
2024-07-22 10:00:00+00:00,55.66,2375.1,1024.1
2024-07-22 11:00:00+00:00,56.05,2485.9,659.3000000000001
2024-07-22 12:00:00+00:00,56.18,2500.7,390.90000000000003
2024-07-22 13:00:00+00:00,55.92,2456.0,218.7
2024-07-22 14:00:00+00:00,55.79,2338.8,178.39999999999998
2024-07-22 15:00:00+00:00,56.31,2087.3,231.2
2024-07-22 16:00:00+00:00,63.37,1701.9,316.5
2024-07-22 17:00:00+00:00,91.32,1130.6,400.6
2024-07-22 18:00:00+00:00,106.55,441.1,467.6
2024-07-22 19:00:00+00:00,133.58,53.1,654.0
2024-07-22 20:00:00+00:00,114.43,0.2,913.3
2024-07-22 21:00:00+00:00,104.21,0.1,1094.2
2024-07-22 22:00:00+00:00,101.98,0.1,1216.4
2024-07-22 23:00:00+00:00,99.74,0.1,1322.6999999999998
2024-07-23 00:00:00+00:00,96.02,0.1,1190.2
2024-07-23 01:00:00+00:00,96.02,0.0,1039.6999999999998
2024-07-23 02:00:00+00:00,98.62,0.0,984.5
2024-07-23 03:00:00+00:00,102.0,0.0,935.4
2024-07-23 04:00:00+00:00,103.92,0.1,743.0
2024-07-23 05:00:00+00:00,106.05,16.5,645.8
2024-07-23 06:00:00+00:00,102.5,286.2,575.6
2024-07-23 07:00:00+00:00,90.82,921.8,502.1
2024-07-23 08:00:00+00:00,70.7,1548.0,376.0
2024-07-23 09:00:00+00:00,66.18,1986.3,219.9
2024-07-23 10:00:00+00:00,70.0,2247.8,98.89999999999999
2024-07-23 11:00:00+00:00,72.2,2358.7,34.900000000000006
2024-07-23 12:00:00+00:00,74.14,2382.1,25.900000000000002
2024-07-23 13:00:00+00:00,70.7,2348.2,85.9
2024-07-23 14:00:00+00:00,70.7,2245.2,165.8
2024-07-23 15:00:00+00:00,80.0,2042.8,267.0
2024-07-23 16:00:00+00:00,84.32,1670.4,361.5
2024-07-23 17:00:00+00:00,100.0,1102.0,507.1
2024-07-23 18:00:00+00:00,106.57,428.1,570.3
2024-07-23 19:00:00+00:00,122.23,52.3,687.9
2024-07-23 20:00:00+00:00,110.0,0.2,768.1999999999999
2024-07-23 21:00:00+00:00,106.04,0.1,785.7
2024-07-23 22:00:00+00:00,104.38,0.1,717.6
2024-07-23 23:00:00+00:00,100.0,0.1,675.3
2024-07-24 00:00:00+00:00,98.0,0.1,603.9
2024-07-24 01:00:00+00:00,99.07,0.0,544.8000000000001
2024-07-24 02:00:00+00:00,100.0,0.0,502.2
2024-07-24 03:00:00+00:00,102.43,0.0,440.0
2024-07-24 04:00:00+00:00,107.9,0.1,393.2
2024-07-24 05:00:00+00:00,110.62,15.4,349.5
2024-07-24 06:00:00+00:00,105.3,271.5,256.1
2024-07-24 07:00:00+00:00,92.57,914.0,146.1
2024-07-24 08:00:00+00:00,84.77,1557.3,68.9
2024-07-24 09:00:00+00:00,76.0,2011.8,23.3
2024-07-24 10:00:00+00:00,80.0,2292.4,15.9
2024-07-24 11:00:00+00:00,82.0,2436.4,48.4
2024-07-24 12:00:00+00:00,80.0,2454.1,146.6
2024-07-24 13:00:00+00:00,75.8,2420.7,292.59999999999997
2024-07-24 14:00:00+00:00,75.31,2340.3,479.0
2024-07-24 15:00:00+00:00,75.99,2102.0,738.1
2024-07-24 16:00:00+00:00,76.01,1720.9,984.9
2024-07-24 17:00:00+00:00,99.07,1142.6,1174.4
2024-07-24 18:00:00+00:00,108.98,432.3,1261.3
2024-07-24 19:00:00+00:00,124.11,51.6,1301.4
2024-07-24 20:00:00+00:00,111.7,0.2,1331.1
2024-07-24 21:00:00+00:00,107.11,0.1,1316.0
2024-07-24 22:00:00+00:00,105.35,0.1,1325.4
2024-07-24 23:00:00+00:00,100.0,0.1,1246.7
2024-07-25 00:00:00+00:00,99.6,0.1,1173.7
2024-07-25 01:00:00+00:00,100.84,0.0,1176.3
2024-07-25 02:00:00+00:00,101.59,0.0,1168.2
2024-07-25 03:00:00+00:00,103.82,0.0,1217.6000000000001
2024-07-25 04:00:00+00:00,105.64,0.1,1177.9
2024-07-25 05:00:00+00:00,110.61,9.8,1104.0
2024-07-25 06:00:00+00:00,101.96,185.0,1055.3
2024-07-25 07:00:00+00:00,75.04,651.5,1036.6000000000001
2024-07-25 08:00:00+00:00,72.8,1331.5,912.2
2024-07-25 09:00:00+00:00,72.8,1916.1,862.1999999999999
2024-07-25 10:00:00+00:00,72.59,2280.6,821.4
2024-07-25 11:00:00+00:00,71.05,2454.2,869.9000000000001
2024-07-25 12:00:00+00:00,70.79,2505.4,919.4
2024-07-25 13:00:00+00:00,63.37,2490.7,1097.1
2024-07-25 14:00:00+00:00,59.1,2391.7,1418.2
2024-07-25 15:00:00+00:00,59.33,2029.4,1723.5
2024-07-25 16:00:00+00:00,70.92,1683.9,1896.7
2024-07-25 17:00:00+00:00,86.93,1163.6,2152.9
2024-07-25 18:00:00+00:00,106.44,440.4,2418.6
2024-07-25 19:00:00+00:00,116.52,49.5,2502.7
2024-07-25 20:00:00+00:00,113.97,0.2,2526.1
2024-07-25 21:00:00+00:00,107.74,0.1,2493.1
2024-07-25 22:00:00+00:00,105.44,0.1,2420.3
2024-07-25 23:00:00+00:00,104.71,0.1,2218.7
2024-07-26 00:00:00+00:00,104.31,0.1,2092.4
2024-07-26 01:00:00+00:00,104.71,0.0,2113.5
2024-07-26 02:00:00+00:00,104.98,0.0,2132.1
2024-07-26 03:00:00+00:00,105.22,0.0,2111.8
2024-07-26 04:00:00+00:00,106.2,0.0,1866.0
2024-07-26 05:00:00+00:00,110.1,10.9,1664.6
2024-07-26 06:00:00+00:00,106.01,233.6,1617.1
2024-07-26 07:00:00+00:00,102.88,892.1,1541.9
2024-07-26 08:00:00+00:00,84.0,1564.1,1338.9
2024-07-26 09:00:00+00:00,75.99,2046.8,1249.9
2024-07-26 10:00:00+00:00,75.29,2371.8,1128.0
2024-07-26 11:00:00+00:00,75.01,2536.9,1070.7
2024-07-26 12:00:00+00:00,72.8,2561.0,1101.3
2024-07-26 13:00:00+00:00,71.97,2510.3,1197.5
2024-07-26 14:00:00+00:00,71.2,2374.0,1544.0
2024-07-26 15:00:00+00:00,72.8,2111.6,1909.7
2024-07-26 16:00:00+00:00,76.0,1700.7,2084.8
2024-07-26 17:00:00+00:00,95.0,1116.4,2089.1000000000004
2024-07-26 18:00:00+00:00,107.26,426.8,2002.8999999999999
2024-07-26 19:00:00+00:00,122.23,47.2,2050.8
2024-07-26 20:00:00+00:00,113.97,0.2,2177.3
2024-07-26 21:00:00+00:00,109.44,0.1,2205.8
2024-07-26 22:00:00+00:00,106.51,0.1,2078.3
2024-07-26 23:00:00+00:00,108.47,0.1,1845.7
2024-07-27 00:00:00+00:00,104.48,0.1,1603.7
2024-07-27 01:00:00+00:00,106.09,0.0,1341.9
2024-07-27 02:00:00+00:00,106.09,0.0,1174.5
2024-07-27 03:00:00+00:00,106.09,0.0,1135.3
2024-07-27 04:00:00+00:00,108.21,0.1,1156.5
2024-07-27 05:00:00+00:00,107.71,11.8,1208.3000000000002
2024-07-27 06:00:00+00:00,102.2,262.6,1117.2
2024-07-27 07:00:00+00:00,72.96,876.6,851.5
2024-07-27 08:00:00+00:00,58.99,1576.1,542.6999999999999
2024-07-27 09:00:00+00:00,58.5,2063.3,316.6
2024-07-27 10:00:00+00:00,36.0,2385.6,205.3
2024-07-27 11:00:00+00:00,17.8,2514.0,242.0
2024-07-27 12:00:00+00:00,17.92,2551.2,454.3
2024-07-27 13:00:00+00:00,18.8,2519.6,783.2
2024-07-27 14:00:00+00:00,15.0,2421.2,1003.3
2024-07-27 15:00:00+00:00,31.51,2194.5,1191.6
2024-07-27 16:00:00+00:00,55.24,1792.1,1421.0
2024-07-27 17:00:00+00:00,67.84,1164.0,1316.5
2024-07-27 18:00:00+00:00,103.18,435.2,1199.7
2024-07-27 19:00:00+00:00,117.92,45.0,1124.4
2024-07-27 20:00:00+00:00,115.19,0.2,1184.3000000000002
2024-07-27 21:00:00+00:00,104.61,0.1,1088.6
2024-07-27 22:00:00+00:00,108.33,0.1,973.1
2024-07-27 23:00:00+00:00,105.25,0.1,849.0
2024-07-28 00:00:00+00:00,98.88,0.1,721.6999999999999
2024-07-28 01:00:00+00:00,101.87,0.1,792.3
2024-07-28 02:00:00+00:00,101.87,0.1,1000.4
2024-07-28 03:00:00+00:00,102.87,0.1,860.6
2024-07-28 04:00:00+00:00,104.07,0.0,807.0
2024-07-28 05:00:00+00:00,103.87,11.4,917.5
2024-07-28 06:00:00+00:00,70.0,265.6,849.8
2024-07-28 07:00:00+00:00,50.0,936.7,674.0
2024-07-28 08:00:00+00:00,0.44,1532.5,498.7
2024-07-28 09:00:00+00:00,0.0,1936.7,404.7
2024-07-28 10:00:00+00:00,0.0,2295.1,418.1
2024-07-28 11:00:00+00:00,0.0,2431.1,533.3
2024-07-28 12:00:00+00:00,0.0,2459.8,501.9
2024-07-28 13:00:00+00:00,0.0,2428.5,442.5
2024-07-28 14:00:00+00:00,0.0,2273.2,354.0
2024-07-28 15:00:00+00:00,0.15,2018.0,399.8
2024-07-28 16:00:00+00:00,41.26,1657.3,486.8
2024-07-28 17:00:00+00:00,66.84,1049.8,486.1
2024-07-28 18:00:00+00:00,105.47,391.8,408.9
2024-07-28 19:00:00+00:00,115.98,47.6,433.7
2024-07-28 20:00:00+00:00,125.5,0.2,522.9
2024-07-28 21:00:00+00:00,117.2,0.1,543.4000000000001
2024-07-28 22:00:00+00:00,113.64,0.1,530.5
2024-07-28 23:00:00+00:00,110.98,0.1,395.7
2024-07-29 00:00:00+00:00,106.91,0.1,373.7
2024-07-29 01:00:00+00:00,106.41,0.0,409.7
2024-07-29 02:00:00+00:00,106.91,0.0,640.3
2024-07-29 03:00:00+00:00,106.91,0.0,1073.5
2024-07-29 04:00:00+00:00,109.15,0.0,1169.7
2024-07-29 05:00:00+00:00,112.03,4.0,1139.4
2024-07-29 06:00:00+00:00,112.46,82.7,1375.7
2024-07-29 07:00:00+00:00,111.93,247.4,962.4
2024-07-29 08:00:00+00:00,111.41,421.7,545.5999999999999
2024-07-29 09:00:00+00:00,106.91,673.0,805.9
2024-07-29 10:00:00+00:00,104.31,1072.0,1232.6
2024-07-29 11:00:00+00:00,100.0,1482.3,1469.5
2024-07-29 12:00:00+00:00,99.09,1440.6,1923.8999999999999
2024-07-29 13:00:00+00:00,93.0,1538.6,1815.8
2024-07-29 14:00:00+00:00,93.56,1599.9,1183.2
2024-07-29 15:00:00+00:00,102.76,1538.0,830.1
2024-07-29 16:00:00+00:00,106.41,1216.2,806.1
2024-07-29 17:00:00+00:00,107.67,698.8,815.6
2024-07-29 18:00:00+00:00,112.22,262.7,833.4
2024-07-29 19:00:00+00:00,135.01,24.3,977.5
2024-07-29 20:00:00+00:00,129.0,0.1,1356.8000000000002
2024-07-29 21:00:00+00:00,111.98,0.1,1620.8999999999999
2024-07-29 22:00:00+00:00,110.2,0.1,2503.0
2024-07-29 23:00:00+00:00,108.83,0.1,2366.8
2024-07-30 00:00:00+00:00,107.83,0.1,2181.7999999999997
2024-07-30 01:00:00+00:00,108.33,0.0,2166.2
2024-07-30 02:00:00+00:00,108.48,0.0,2155.0
2024-07-30 03:00:00+00:00,108.95,0.0,2102.5
2024-07-30 04:00:00+00:00,109.13,0.0,2003.9
2024-07-30 05:00:00+00:00,111.43,7.4,1837.1
2024-07-30 06:00:00+00:00,110.06,191.7,1593.8000000000002
2024-07-30 07:00:00+00:00,106.23,637.9,1314.7
2024-07-30 08:00:00+00:00,88.5,1126.4,790.0
2024-07-30 09:00:00+00:00,76.59,1633.5,468.0
2024-07-30 10:00:00+00:00,76.59,2103.0,325.8
2024-07-30 11:00:00+00:00,75.0,2432.2,253.0
2024-07-30 12:00:00+00:00,74.98,2533.2,242.3
2024-07-30 13:00:00+00:00,68.43,2500.0,283.9
2024-07-30 14:00:00+00:00,64.0,2351.4,337.90000000000003
2024-07-30 15:00:00+00:00,73.99,2080.0,385.7
2024-07-30 16:00:00+00:00,83.74,1674.1,483.4
2024-07-30 17:00:00+00:00,108.31,1070.5,581.0
2024-07-30 18:00:00+00:00,113.03,370.1,640.1
2024-07-30 19:00:00+00:00,142.48,34.2,557.0
2024-07-30 20:00:00+00:00,142.48,0.2,546.1
2024-07-30 21:00:00+00:00,117.0,0.1,465.1
2024-07-30 22:00:00+00:00,115.82,0.1,401.4
2024-07-30 23:00:00+00:00,112.14,0.1,394.59999999999997
2024-07-31 00:00:00+00:00,111.14,0.1,338.1
2024-07-31 01:00:00+00:00,112.14,0.0,292.5
2024-07-31 02:00:00+00:00,112.44,0.0,251.2
2024-07-31 03:00:00+00:00,113.03,0.0,197.0
2024-07-31 04:00:00+00:00,115.34,0.0,157.1
2024-07-31 05:00:00+00:00,118.48,3.5,114.6
2024-07-31 06:00:00+00:00,115.34,103.1,95.2
2024-07-31 07:00:00+00:00,111.14,370.8,75.2
2024-07-31 08:00:00+00:00,110.33,869.3,65.89999999999999
2024-07-31 09:00:00+00:00,86.1,1675.8,60.1
2024-07-31 10:00:00+00:00,82.1,2211.9,68.60000000000001
2024-07-31 11:00:00+00:00,81.97,2412.2,116.2
2024-07-31 12:00:00+00:00,81.71,2490.0,219.9
2024-07-31 13:00:00+00:00,80.01,2475.1,378.1
2024-07-31 14:00:00+00:00,79.59,2357.2,609.1
2024-07-31 15:00:00+00:00,79.8,2092.1,823.8
2024-07-31 16:00:00+00:00,94.37,1674.9,1066.7
2024-07-31 17:00:00+00:00,111.14,1074.6,1179.5
2024-07-31 18:00:00+00:00,117.53,383.7,1240.3
2024-07-31 19:00:00+00:00,142.48,35.4,1367.8
2024-07-31 20:00:00+00:00,132.4,0.2,1450.9
2024-07-31 21:00:00+00:00,116.98,0.1,1555.2
2024-07-31 22:00:00+00:00,117.02,0.1,1608.7
2024-07-31 23:00:00+00:00,113.14,0.1,1516.1
2024-08-01 00:00:00+00:00,112.38,0.1,1344.0
2024-08-01 01:00:00+00:00,112.64,0.0,1228.8
2024-08-01 02:00:00+00:00,112.58,0.0,1076.3
2024-08-01 03:00:00+00:00,112.88,0.0,1072.2
2024-08-01 04:00:00+00:00,116.84,0.0,1016.6
2024-08-01 05:00:00+00:00,120.72,6.3,935.8
2024-08-01 06:00:00+00:00,116.84,177.7,823.3
2024-08-01 07:00:00+00:00,112.82,739.1,646.1
2024-08-01 08:00:00+00:00,111.92,1515.6,538.1
2024-08-01 09:00:00+00:00,98.0,1992.3,503.6
2024-08-01 10:00:00+00:00,92.98,2287.6,463.2
2024-08-01 11:00:00+00:00,92.79,2424.1,521.7
2024-08-01 12:00:00+00:00,88.99,2482.4,654.8
2024-08-01 13:00:00+00:00,83.0,2489.0,813.6
2024-08-01 14:00:00+00:00,81.8,2405.8,1088.1
2024-08-01 15:00:00+00:00,81.8,2141.4,1392.6
2024-08-01 16:00:00+00:00,94.37,1716.3,1650.8000000000002
2024-08-01 17:00:00+00:00,109.2,1110.9,1770.8999999999999
2024-08-01 18:00:00+00:00,117.6,386.7,1908.7
2024-08-01 19:00:00+00:00,132.66,32.5,2123.6
2024-08-01 20:00:00+00:00,125.5,0.2,2340.5
2024-08-01 21:00:00+00:00,117.14,0.1,2432.0
2024-08-01 22:00:00+00:00,113.84,0.1,2440.8
2024-08-01 23:00:00+00:00,114.24,0.1,2364.2
2024-08-02 00:00:00+00:00,111.64,0.1,2290.5
2024-08-02 01:00:00+00:00,112.64,0.0,2312.8
2024-08-02 02:00:00+00:00,111.64,0.0,2378.1
2024-08-02 03:00:00+00:00,111.64,0.0,2432.4
2024-08-02 04:00:00+00:00,112.64,0.0,2302.1
2024-08-02 05:00:00+00:00,114.0,5.5,2206.7999999999997
2024-08-02 06:00:00+00:00,109.92,170.2,2207.1000000000004
2024-08-02 07:00:00+00:00,104.42,660.4,2045.1000000000001
2024-08-02 08:00:00+00:00,75.59,1469.5,1818.1999999999998
2024-08-02 09:00:00+00:00,65.16,2039.3,1548.1
2024-08-02 10:00:00+00:00,69.83,2391.0,1425.2
2024-08-02 11:00:00+00:00,60.0,2545.6,1518.6
2024-08-02 12:00:00+00:00,58.1,2458.0,1760.0
2024-08-02 13:00:00+00:00,52.43,2420.2,1880.8
2024-08-02 14:00:00+00:00,49.95,2311.1,2026.0
2024-08-02 15:00:00+00:00,58.77,2061.6,2179.3
2024-08-02 16:00:00+00:00,65.0,1656.5,2288.0
2024-08-02 17:00:00+00:00,88.0,1099.5,2419.4
2024-08-02 18:00:00+00:00,114.0,388.3,2349.7
2024-08-02 19:00:00+00:00,128.53,33.3,2239.7999999999997
2024-08-02 20:00:00+00:00,126.63,0.2,2183.0
2024-08-02 21:00:00+00:00,115.36,0.1,2030.3
2024-08-02 22:00:00+00:00,119.34,0.1,1872.1
2024-08-02 23:00:00+00:00,116.1,0.1,1705.7
2024-08-03 00:00:00+00:00,113.85,0.1,1559.8
2024-08-03 01:00:00+00:00,113.85,0.1,1591.5
2024-08-03 02:00:00+00:00,112.37,0.1,1726.3
2024-08-03 03:00:00+00:00,112.67,0.1,1745.6
2024-08-03 04:00:00+00:00,114.3,0.1,1721.8
2024-08-03 05:00:00+00:00,115.65,7.8,1646.7
2024-08-03 06:00:00+00:00,103.02,242.7,1461.1999999999998
2024-08-03 07:00:00+00:00,68.3,905.0,1129.7
2024-08-03 08:00:00+00:00,32.44,1561.5,815.0
2024-08-03 09:00:00+00:00,20.36,2050.1,640.4
2024-08-03 10:00:00+00:00,14.66,2376.6,502.0
2024-08-03 11:00:00+00:00,6.41,2505.0,420.9
2024-08-03 12:00:00+00:00,5.0,2524.4,426.79999999999995
2024-08-03 13:00:00+00:00,10.07,2510.2,474.6
2024-08-03 14:00:00+00:00,10.2,2386.2,673.4
2024-08-03 15:00:00+00:00,20.0,2126.9,873.4
2024-08-03 16:00:00+00:00,58.75,1749.4,1044.5
2024-08-03 17:00:00+00:00,80.0,1095.7,1137.3
2024-08-03 18:00:00+00:00,121.49,375.3,1293.1
2024-08-03 19:00:00+00:00,136.53,31.1,1414.7
2024-08-03 20:00:00+00:00,131.49,0.3,1479.1
2024-08-03 21:00:00+00:00,126.63,0.1,1489.7
2024-08-03 22:00:00+00:00,115.34,0.1,1363.2
2024-08-03 23:00:00+00:00,112.82,0.1,1236.3
2024-08-04 00:00:00+00:00,106.0,0.1,1116.8
2024-08-04 01:00:00+00:00,111.47,0.1,1060.3
2024-08-04 02:00:00+00:00,111.92,0.1,1020.8
2024-08-04 03:00:00+00:00,113.27,0.1,994.1
2024-08-04 04:00:00+00:00,113.72,0.0,965.1
2024-08-04 05:00:00+00:00,113.53,6.5,918.9
2024-08-04 06:00:00+00:00,97.89,236.4,776.7
2024-08-04 07:00:00+00:00,68.1,903.1,559.1
2024-08-04 08:00:00+00:00,15.0,1569.5,328.2
2024-08-04 09:00:00+00:00,2.05,2031.6,185.6
2024-08-04 10:00:00+00:00,0.44,2330.8,158.2
2024-08-04 11:00:00+00:00,4.55,2474.0,191.39999999999998
2024-08-04 12:00:00+00:00,10.0,2491.2,298.3
2024-08-04 13:00:00+00:00,2.0,2451.4,460.2
2024-08-04 14:00:00+00:00,1.45,2345.2,733.0
2024-08-04 15:00:00+00:00,22.05,2104.8,967.7
2024-08-04 16:00:00+00:00,63.37,1721.8,1137.2
2024-08-04 17:00:00+00:00,82.97,1078.9,1204.5
2024-08-04 18:00:00+00:00,123.44,363.7,1290.1000000000001
2024-08-04 19:00:00+00:00,142.76,28.1,1383.2
2024-08-04 20:00:00+00:00,144.24,0.2,1467.8
2024-08-04 21:00:00+00:00,133.06,0.1,1448.5
2024-08-04 22:00:00+00:00,119.96,0.1,1394.8
2024-08-04 23:00:00+00:00,116.42,0.1,1448.7
2024-08-05 00:00:00+00:00,114.17,0.1,1487.0
2024-08-05 01:00:00+00:00,115.97,0.1,1481.8
2024-08-05 02:00:00+00:00,115.97,0.0,1460.4
2024-08-05 03:00:00+00:00,118.04,0.0,1391.9
2024-08-05 04:00:00+00:00,121.28,0.0,1338.8
2024-08-05 05:00:00+00:00,126.1,5.8,1248.2
2024-08-05 06:00:00+00:00,123.0,229.1,1209.6000000000001
2024-08-05 07:00:00+00:00,117.23,879.4,1095.7
2024-08-05 08:00:00+00:00,114.17,1562.3,916.3
2024-08-05 09:00:00+00:00,88.62,2057.6,754.2
2024-08-05 10:00:00+00:00,83.01,2379.4,706.6
2024-08-05 11:00:00+00:00,82.59,2532.3,761.0
2024-08-05 12:00:00+00:00,82.1,2546.6,1002.5
2024-08-05 13:00:00+00:00,81.58,2459.2,1370.6999999999998
2024-08-05 14:00:00+00:00,81.45,2346.6,1613.7
2024-08-05 15:00:00+00:00,81.97,2114.4,1823.9
2024-08-05 16:00:00+00:00,86.69,1715.8,1937.6999999999998
2024-08-05 17:00:00+00:00,118.85,1077.4,1989.7
2024-08-05 18:00:00+00:00,129.38,369.3,2118.3
2024-08-05 19:00:00+00:00,150.89,27.4,2363.7
2024-08-05 20:00:00+00:00,140.0,0.2,2408.7999999999997
2024-08-05 21:00:00+00:00,126.34,0.1,2384.4
2024-08-05 22:00:00+00:00,114.76,0.1,2264.0
2024-08-05 23:00:00+00:00,109.86,0.1,2080.7999999999997
2024-08-06 00:00:00+00:00,100.0,0.1,1904.3999999999999
2024-08-06 01:00:00+00:00,110.56,0.1,1748.2
2024-08-06 02:00:00+00:00,110.09,0.0,1588.3
2024-08-06 03:00:00+00:00,113.32,0.0,1480.8999999999999
2024-08-06 04:00:00+00:00,119.69,0.0,1420.6000000000001
2024-08-06 05:00:00+00:00,130.0,5.3,1435.9
2024-08-06 06:00:00+00:00,120.3,214.2,1415.6
2024-08-06 07:00:00+00:00,110.56,841.1,1309.0
2024-08-06 08:00:00+00:00,102.73,1535.6,1065.6000000000001
2024-08-06 09:00:00+00:00,90.0,2053.7,859.1999999999999
2024-08-06 10:00:00+00:00,83.78,2381.6,727.9
2024-08-06 11:00:00+00:00,83.4,2518.4,720.6999999999999
2024-08-06 12:00:00+00:00,83.18,2542.2,796.3
2024-08-06 13:00:00+00:00,82.44,2510.9,972.3000000000001
2024-08-06 14:00:00+00:00,82.31,2393.8,1216.1
2024-08-06 15:00:00+00:00,83.18,2123.8,1435.0
2024-08-06 16:00:00+00:00,90.4,1697.6,1557.8
2024-08-06 17:00:00+00:00,113.32,1067.9,1724.6999999999998
2024-08-06 18:00:00+00:00,123.21,353.4,1844.4
2024-08-06 19:00:00+00:00,132.34,24.1,1986.8
2024-08-06 20:00:00+00:00,126.1,0.2,1989.0
2024-08-06 21:00:00+00:00,117.86,0.1,1908.2
2024-08-06 22:00:00+00:00,107.22,0.1,1767.6
2024-08-06 23:00:00+00:00,107.22,0.1,1627.8
2024-08-07 00:00:00+00:00,107.21,0.1,1444.2
2024-08-07 01:00:00+00:00,107.21,0.1,1344.1
2024-08-07 02:00:00+00:00,95.0,0.1,1367.2
2024-08-07 03:00:00+00:00,102.44,0.1,1237.5
2024-08-07 04:00:00+00:00,105.0,0.0,1159.3
2024-08-07 05:00:00+00:00,115.1,4.7,1227.3
2024-08-07 06:00:00+00:00,102.44,213.3,1216.3
2024-08-07 07:00:00+00:00,87.97,859.8,903.8
2024-08-07 08:00:00+00:00,79.39,1558.7,582.8
2024-08-07 09:00:00+00:00,79.6,2050.5,433.2
2024-08-07 10:00:00+00:00,81.1,2388.6,332.70000000000005
2024-08-07 11:00:00+00:00,82.0,2517.0,314.1
2024-08-07 12:00:00+00:00,82.49,2525.1,389.2
2024-08-07 13:00:00+00:00,79.6,2472.0,497.0
2024-08-07 14:00:00+00:00,79.6,2389.5,695.2
2024-08-07 15:00:00+00:00,82.0,2130.4,872.3
2024-08-07 16:00:00+00:00,84.23,1710.4,1035.8
2024-08-07 17:00:00+00:00,89.0,1073.6,1106.1
2024-08-07 18:00:00+00:00,116.2,349.4,1052.4
2024-08-07 19:00:00+00:00,128.9,22.8,1023.0
2024-08-07 20:00:00+00:00,122.42,0.2,1029.6
2024-08-07 21:00:00+00:00,115.58,0.1,947.9
2024-08-07 22:00:00+00:00,107.75,0.1,880.9
2024-08-07 23:00:00+00:00,103.79,0.1,902.6
2024-08-08 00:00:00+00:00,98.38,0.1,907.2
2024-08-08 01:00:00+00:00,101.81,0.1,820.9
2024-08-08 02:00:00+00:00,101.81,0.1,762.5
2024-08-08 03:00:00+00:00,101.93,0.1,759.6
2024-08-08 04:00:00+00:00,107.75,0.0,830.0
2024-08-08 05:00:00+00:00,115.1,3.4,952.3
2024-08-08 06:00:00+00:00,107.82,169.8,1033.8
2024-08-08 07:00:00+00:00,109.1,684.6,840.1999999999999
2024-08-08 08:00:00+00:00,89.0,1386.6,606.4
2024-08-08 09:00:00+00:00,83.1,2017.3,417.6
2024-08-08 10:00:00+00:00,83.0,2376.5,338.8
2024-08-08 11:00:00+00:00,83.0,2532.0,351.6
2024-08-08 12:00:00+00:00,83.0,2558.8,461.3
2024-08-08 13:00:00+00:00,82.0,2509.5,573.0
2024-08-08 14:00:00+00:00,82.0,2419.9,568.2
2024-08-08 15:00:00+00:00,87.19,2151.2,723.9
2024-08-08 16:00:00+00:00,96.5,1716.9,923.2
2024-08-08 17:00:00+00:00,110.5,1071.4,932.9
2024-08-08 18:00:00+00:00,115.5,345.6,871.9
2024-08-08 19:00:00+00:00,140.01,22.0,909.3
2024-08-08 20:00:00+00:00,126.48,0.2,930.3
2024-08-08 21:00:00+00:00,111.95,0.1,841.7
2024-08-08 22:00:00+00:00,118.06,0.1,829.0
2024-08-08 23:00:00+00:00,116.92,0.1,883.7
2024-08-09 00:00:00+00:00,111.7,0.1,845.3
2024-08-09 01:00:00+00:00,117.1,0.0,866.9
2024-08-09 02:00:00+00:00,112.32,0.0,990.7
2024-08-09 03:00:00+00:00,110.46,0.0,1219.4
2024-08-09 04:00:00+00:00,116.92,0.0,1243.8
2024-08-09 05:00:00+00:00,118.85,3.1,1063.7
2024-08-09 06:00:00+00:00,116.92,162.6,826.2
2024-08-09 07:00:00+00:00,111.2,637.6,632.1
2024-08-09 08:00:00+00:00,85.0,1178.1,377.5
2024-08-09 09:00:00+00:00,81.81,1785.1,167.9
2024-08-09 10:00:00+00:00,81.68,2284.1,83.8
2024-08-09 11:00:00+00:00,81.68,2445.4,59.2
2024-08-09 12:00:00+00:00,81.55,2497.3,93.3
2024-08-09 13:00:00+00:00,80.0,2430.3,209.8
2024-08-09 14:00:00+00:00,80.0,2298.7,386.5
2024-08-09 15:00:00+00:00,81.18,1979.1,617.0
2024-08-09 16:00:00+00:00,82.07,1611.2,835.4
2024-08-09 17:00:00+00:00,97.7,992.5,981.0
2024-08-09 18:00:00+00:00,113.3,313.0,1062.3
2024-08-09 19:00:00+00:00,127.71,18.8,1159.8
2024-08-09 20:00:00+00:00,120.33,0.2,1221.9
2024-08-09 21:00:00+00:00,111.2,0.1,1107.6
2024-08-09 22:00:00+00:00,109.56,0.1,1059.2
2024-08-09 23:00:00+00:00,105.0,0.1,1000.4
2024-08-10 00:00:00+00:00,99.0,0.1,960.9
2024-08-10 01:00:00+00:00,117.75,0.0,1054.6000000000001
2024-08-10 02:00:00+00:00,115.01,0.0,1167.3
2024-08-10 03:00:00+00:00,115.43,0.0,1197.1
2024-08-10 04:00:00+00:00,116.93,0.0,1206.9
2024-08-10 05:00:00+00:00,117.89,3.0,1080.3
2024-08-10 06:00:00+00:00,113.3,194.0,898.9
2024-08-10 07:00:00+00:00,68.99,808.0,744.4000000000001
2024-08-10 08:00:00+00:00,12.55,1471.2,599.3
2024-08-10 09:00:00+00:00,0.44,1945.5,504.3
2024-08-10 10:00:00+00:00,0.44,2266.4,347.9
2024-08-10 11:00:00+00:00,1.9,2414.1,303.5
2024-08-10 12:00:00+00:00,2.4,2417.6,383.8
2024-08-10 13:00:00+00:00,0.45,2388.6,500.2
2024-08-10 14:00:00+00:00,0.45,2294.1,582.8
2024-08-10 15:00:00+00:00,3.32,2030.8,638.9
2024-08-10 16:00:00+00:00,50.0,1649.0,627.4
2024-08-10 17:00:00+00:00,81.67,987.3,633.1
2024-08-10 18:00:00+00:00,115.43,305.5,667.1
2024-08-10 19:00:00+00:00,127.57,18.1,626.5
2024-08-10 20:00:00+00:00,124.29,0.2,621.4
2024-08-10 21:00:00+00:00,112.82,0.1,586.5
2024-08-10 22:00:00+00:00,119.2,0.1,519.3
2024-08-10 23:00:00+00:00,116.7,0.1,421.4
2024-08-11 00:00:00+00:00,105.0,0.1,379.09999999999997
2024-08-11 01:00:00+00:00,109.74,0.0,284.6
2024-08-11 02:00:00+00:00,108.11,0.0,178.2
2024-08-11 03:00:00+00:00,110.0,0.0,123.7
2024-08-11 04:00:00+00:00,113.2,0.0,121.1
2024-08-11 05:00:00+00:00,110.0,2.4,133.4
2024-08-11 06:00:00+00:00,94.5,169.5,178.9
2024-08-11 07:00:00+00:00,50.0,702.7,224.79999999999998
2024-08-11 08:00:00+00:00,0.0,1246.8,242.1
2024-08-11 09:00:00+00:00,0.0,1673.4,244.5
2024-08-11 10:00:00+00:00,0.0,1974.3,280.2
2024-08-11 11:00:00+00:00,0.0,2264.7,359.9
2024-08-11 12:00:00+00:00,0.0,2404.3,436.09999999999997
2024-08-11 13:00:00+00:00,0.0,2393.6,596.8000000000001
2024-08-11 14:00:00+00:00,0.0,2257.4,816.4
2024-08-11 15:00:00+00:00,4.12,2037.3,1094.3
2024-08-11 16:00:00+00:00,36.42,1644.7,1380.1
2024-08-11 17:00:00+00:00,80.54,990.4,1556.1
2024-08-11 18:00:00+00:00,116.34,305.5,1562.0
2024-08-11 19:00:00+00:00,128.58,15.8,1665.5
2024-08-11 20:00:00+00:00,136.29,0.2,1605.8
2024-08-11 21:00:00+00:00,122.6,0.1,1358.7
2024-08-11 22:00:00+00:00,114.7,0.1,1163.0
2024-08-11 23:00:00+00:00,107.0,0.1,1143.8999999999999
2024-08-12 00:00:00+00:00,104.0,0.1,948.5
2024-08-12 01:00:00+00:00,110.0,0.0,814.2
2024-08-12 02:00:00+00:00,110.1,0.0,666.9
2024-08-12 03:00:00+00:00,119.26,0.0,788.4
2024-08-12 04:00:00+00:00,120.34,0.0,809.3000000000001
2024-08-12 05:00:00+00:00,128.22,2.1,767.7
2024-08-12 06:00:00+00:00,120.82,178.3,694.1999999999999
2024-08-12 07:00:00+00:00,116.45,827.9,636.4000000000001
2024-08-12 08:00:00+00:00,97.5,1540.9,473.0
2024-08-12 09:00:00+00:00,83.18,2044.0,400.6
2024-08-12 10:00:00+00:00,81.99,2373.6,402.29999999999995
2024-08-12 11:00:00+00:00,82.0,2516.8,584.4
2024-08-12 12:00:00+00:00,81.8,2527.9,851.3
2024-08-12 13:00:00+00:00,81.28,2511.7,1046.3
2024-08-12 14:00:00+00:00,80.1,2404.7,1263.5
2024-08-12 15:00:00+00:00,82.1,2127.8,1590.3
2024-08-12 16:00:00+00:00,90.57,1674.9,2288.3
2024-08-12 17:00:00+00:00,117.15,998.7,2962.8
2024-08-12 18:00:00+00:00,124.95,309.5,3085.3
2024-08-12 19:00:00+00:00,136.13,15.1,2908.1000000000004
2024-08-12 20:00:00+00:00,128.72,0.2,2638.6
2024-08-12 21:00:00+00:00,121.06,0.1,2449.8999999999996
2024-08-12 22:00:00+00:00,116.1,0.1,2230.5
2024-08-12 23:00:00+00:00,115.0,0.1,1844.6000000000001
2024-08-13 00:00:00+00:00,110.0,0.1,1768.2
2024-08-13 01:00:00+00:00,115.92,0.0,1841.8999999999999
2024-08-13 02:00:00+00:00,113.2,0.0,1885.1999999999998
2024-08-13 03:00:00+00:00,110.0,0.0,1941.3999999999999
2024-08-13 04:00:00+00:00,116.1,0.0,1866.1
2024-08-13 05:00:00+00:00,125.5,1.6,1824.9
2024-08-13 06:00:00+00:00,117.89,115.6,1687.4
2024-08-13 07:00:00+00:00,104.88,482.6,1650.8
2024-08-13 08:00:00+00:00,106.51,1099.4,1381.2
2024-08-13 09:00:00+00:00,96.0,1698.9,1307.5
2024-08-13 10:00:00+00:00,90.0,2182.5,1621.9
2024-08-13 11:00:00+00:00,88.0,2359.9,1574.1999999999998
2024-08-13 12:00:00+00:00,85.0,2384.4,1103.4
2024-08-13 13:00:00+00:00,81.39,2489.3,1231.8
2024-08-13 14:00:00+00:00,80.05,2304.5,1701.6
2024-08-13 15:00:00+00:00,84.5,2033.2,2063.2
2024-08-13 16:00:00+00:00,96.02,1609.4,2235.7999999999997
2024-08-13 17:00:00+00:00,101.51,959.3,2114.1
2024-08-13 18:00:00+00:00,118.71,302.5,2100.5
2024-08-13 19:00:00+00:00,130.48,13.1,2093.3999999999996
2024-08-13 20:00:00+00:00,129.2,0.2,1827.9
2024-08-13 21:00:00+00:00,120.96,0.1,1572.0
2024-08-13 22:00:00+00:00,115.02,0.1,1536.4
2024-08-13 23:00:00+00:00,108.64,0.1,1541.7
2024-08-14 00:00:00+00:00,104.63,0.1,1491.8999999999999
2024-08-14 01:00:00+00:00,105.25,0.1,1342.4
2024-08-14 02:00:00+00:00,93.63,0.1,1127.2
2024-08-14 03:00:00+00:00,94.37,0.1,1072.1
2024-08-14 04:00:00+00:00,99.45,0.1,1056.8
2024-08-14 05:00:00+00:00,113.3,1.2,1183.4
2024-08-14 06:00:00+00:00,109.87,125.2,1307.4
2024-08-14 07:00:00+00:00,90.0,594.1,1351.8
2024-08-14 08:00:00+00:00,75.0,1279.5,1101.3
2024-08-14 09:00:00+00:00,64.88,1971.3,860.8000000000001
2024-08-14 10:00:00+00:00,64.55,2420.5,780.0
2024-08-14 11:00:00+00:00,64.99,2591.3,697.5
2024-08-14 12:00:00+00:00,64.88,2664.4,755.5
2024-08-14 13:00:00+00:00,63.37,2618.4,997.4
2024-08-14 14:00:00+00:00,60.0,2485.0,1247.3
2024-08-14 15:00:00+00:00,63.91,2198.6,1305.9
2024-08-14 16:00:00+00:00,69.99,1728.0,1402.4
2024-08-14 17:00:00+00:00,85.53,1029.1,1459.1
2024-08-14 18:00:00+00:00,109.02,313.5,1492.7
2024-08-14 19:00:00+00:00,114.26,14.2,1707.7
2024-08-14 20:00:00+00:00,108.54,0.2,1922.2
2024-08-14 21:00:00+00:00,94.18,0.1,1853.6
2024-08-14 22:00:00+00:00,74.23,0.1,1754.9
2024-08-14 23:00:00+00:00,61.77,0.1,1727.7
2024-08-15 00:00:00+00:00,61.77,0.1,1772.5
2024-08-15 01:00:00+00:00,61.28,0.1,1962.0
2024-08-15 02:00:00+00:00,61.28,0.1,1871.2
2024-08-15 03:00:00+00:00,61.28,0.1,1704.6999999999998
2024-08-15 04:00:00+00:00,61.41,0.1,1719.1000000000001
2024-08-15 05:00:00+00:00,61.67,1.8,1663.1
2024-08-15 06:00:00+00:00,49.65,190.2,1598.0
2024-08-15 07:00:00+00:00,3.6,851.5,1284.3
2024-08-15 08:00:00+00:00,0.0,1502.0,948.5
2024-08-15 09:00:00+00:00,0.0,1910.9,559.5
2024-08-15 10:00:00+00:00,0.0,2288.3,329.79999999999995
2024-08-15 11:00:00+00:00,0.0,2421.1,273.59999999999997
2024-08-15 12:00:00+00:00,0.0,2468.2,353.2
2024-08-15 13:00:00+00:00,0.0,2433.2,521.3
2024-08-15 14:00:00+00:00,0.0,2373.3,693.3
2024-08-15 15:00:00+00:00,1.53,2126.0,859.3
2024-08-15 16:00:00+00:00,15.98,1700.7,991.9
2024-08-15 17:00:00+00:00,62.0,1033.1,1066.3
2024-08-15 18:00:00+00:00,97.64,292.6,1181.7
2024-08-15 19:00:00+00:00,117.13,10.1,1333.9
2024-08-15 20:00:00+00:00,112.45,0.2,1562.0
2024-08-15 21:00:00+00:00,98.3,0.1,1537.0
2024-08-15 22:00:00+00:00,106.09,0.1,1454.8
2024-08-15 23:00:00+00:00,104.44,0.1,1391.4
2024-08-16 00:00:00+00:00,90.0,0.1,1280.8
2024-08-16 01:00:00+00:00,88.33,0.1,1202.8
2024-08-16 02:00:00+00:00,103.27,0.1,1218.2
2024-08-16 03:00:00+00:00,104.71,0.1,1187.5
2024-08-16 04:00:00+00:00,105.61,0.1,1067.1000000000001
2024-08-16 05:00:00+00:00,114.02,1.8,1043.6
2024-08-16 06:00:00+00:00,100.57,189.3,967.6
2024-08-16 07:00:00+00:00,70.0,885.3,819.3
2024-08-16 08:00:00+00:00,63.87,1599.5,568.8
2024-08-16 09:00:00+00:00,63.37,2055.7,321.4
2024-08-16 10:00:00+00:00,59.22,2380.6,191.2
2024-08-16 11:00:00+00:00,53.93,2559.5,174.4
2024-08-16 12:00:00+00:00,50.72,2587.7,286.0
2024-08-16 13:00:00+00:00,56.27,2549.1,429.8
2024-08-16 14:00:00+00:00,62.17,2426.2,531.7
2024-08-16 15:00:00+00:00,63.37,2152.7,704.6
2024-08-16 16:00:00+00:00,65.4,1707.3,887.9
2024-08-16 17:00:00+00:00,103.52,1017.9,1103.1
2024-08-16 18:00:00+00:00,118.92,282.0,1290.2
2024-08-16 19:00:00+00:00,129.78,9.2,1540.7
2024-08-16 20:00:00+00:00,123.72,0.2,1755.6000000000001
2024-08-16 21:00:00+00:00,116.16,0.1,1702.8
2024-08-16 22:00:00+00:00,114.02,0.1,1622.1
2024-08-16 23:00:00+00:00,112.94,0.1,1519.5
2024-08-17 00:00:00+00:00,113.37,0.1,1356.1
2024-08-17 01:00:00+00:00,110.68,0.1,1256.4
2024-08-17 02:00:00+00:00,105.5,0.1,1165.4
2024-08-17 03:00:00+00:00,101.5,0.1,1150.3
2024-08-17 04:00:00+00:00,100.64,0.1,1276.4
2024-08-17 05:00:00+00:00,101.1,1.1,1444.4
2024-08-17 06:00:00+00:00,90.0,176.5,1511.7
2024-08-17 07:00:00+00:00,71.74,855.5,1270.8999999999999
2024-08-17 08:00:00+00:00,68.01,1610.0,886.6999999999999
2024-08-17 09:00:00+00:00,52.66,2109.9,509.5
2024-08-17 10:00:00+00:00,43.31,2414.7,411.5
2024-08-17 11:00:00+00:00,37.37,2513.9,627.7
2024-08-17 12:00:00+00:00,34.72,2518.8,996.9
2024-08-17 13:00:00+00:00,37.57,2516.2,1370.8000000000002
2024-08-17 14:00:00+00:00,47.81,2406.5,1836.9
2024-08-17 15:00:00+00:00,56.1,2124.6,2200.8
2024-08-17 16:00:00+00:00,68.54,1665.7,2543.7000000000003
2024-08-17 17:00:00+00:00,87.41,980.2,2680.7000000000003
2024-08-17 18:00:00+00:00,103.92,269.6,2509.8
2024-08-17 19:00:00+00:00,120.0,7.0,2492.0
2024-08-17 20:00:00+00:00,113.2,0.2,2495.2999999999997
2024-08-17 21:00:00+00:00,105.02,0.1,2389.7999999999997
2024-08-17 22:00:00+00:00,119.5,0.1,2250.6
2024-08-17 23:00:00+00:00,111.62,0.1,2328.7
2024-08-18 00:00:00+00:00,103.9,0.1,2478.0
2024-08-18 01:00:00+00:00,93.38,0.1,2402.1
2024-08-18 02:00:00+00:00,85.0,0.1,2253.1
2024-08-18 03:00:00+00:00,84.5,0.1,2197.7000000000003
2024-08-18 04:00:00+00:00,79.44,0.1,2188.4
2024-08-18 05:00:00+00:00,76.23,1.0,2179.1
2024-08-18 06:00:00+00:00,63.1,137.3,2141.0
2024-08-18 07:00:00+00:00,40.71,708.1,1925.3
2024-08-18 08:00:00+00:00,0.44,1422.3,1590.7
2024-08-18 09:00:00+00:00,0.0,1938.3,1285.7
2024-08-18 10:00:00+00:00,0.0,2255.8,1008.7
2024-08-18 11:00:00+00:00,0.0,2373.0,863.9
2024-08-18 12:00:00+00:00,0.0,2390.9,1001.8000000000001
2024-08-18 13:00:00+00:00,0.0,2313.1,1291.3
2024-08-18 14:00:00+00:00,0.0,2236.4,1501.3
2024-08-18 15:00:00+00:00,0.0,2001.4,1654.2
2024-08-18 16:00:00+00:00,3.32,1645.2,1834.2
2024-08-18 17:00:00+00:00,61.99,963.9,1805.3
2024-08-18 18:00:00+00:00,89.5,248.8,1802.7
2024-08-18 19:00:00+00:00,110.34,5.9,1890.3
2024-08-18 20:00:00+00:00,111.64,0.2,1930.7
2024-08-18 21:00:00+00:00,99.69,0.1,1853.6
2024-08-18 22:00:00+00:00,91.7,0.1,1705.0
2024-08-18 23:00:00+00:00,76.6,0.1,1624.6
2024-08-19 00:00:00+00:00,74.8,0.1,1596.3
2024-08-19 01:00:00+00:00,75.92,0.1,1620.4
2024-08-19 02:00:00+00:00,75.65,0.1,1658.0
2024-08-19 03:00:00+00:00,79.97,0.1,1709.4
2024-08-19 04:00:00+00:00,85.1,0.1,1669.3000000000002
2024-08-19 05:00:00+00:00,116.02,0.9,1626.8
2024-08-19 06:00:00+00:00,116.92,160.6,1478.8000000000002
2024-08-19 07:00:00+00:00,112.58,805.7,1177.0
2024-08-19 08:00:00+00:00,82.35,1527.3,812.7
2024-08-19 09:00:00+00:00,74.28,2054.6,560.6
2024-08-19 10:00:00+00:00,70.0,2392.4,514.4
2024-08-19 11:00:00+00:00,69.0,2532.9,643.9
2024-08-19 12:00:00+00:00,69.0,2560.0,815.3000000000001
2024-08-19 13:00:00+00:00,67.1,2530.2,1085.3
2024-08-19 14:00:00+00:00,70.0,2394.3,1407.7
2024-08-19 15:00:00+00:00,79.44,2108.1,1566.5
2024-08-19 16:00:00+00:00,103.0,1644.6,1694.6000000000001
2024-08-19 17:00:00+00:00,116.26,942.8,1758.1
2024-08-19 18:00:00+00:00,129.72,242.2,1773.6000000000001
2024-08-19 19:00:00+00:00,157.48,5.8,1846.5
2024-08-19 20:00:00+00:00,131.3,0.2,1900.0
2024-08-19 21:00:00+00:00,125.0,0.1,1896.0
2024-08-19 22:00:00+00:00,119.81,0.1,2047.8
2024-08-19 23:00:00+00:00,113.2,0.1,2107.7
2024-08-20 00:00:00+00:00,119.88,0.1,2146.6
2024-08-20 01:00:00+00:00,117.78,0.1,2255.4
2024-08-20 02:00:00+00:00,117.08,0.1,2323.8
2024-08-20 03:00:00+00:00,115.0,0.1,2294.0
2024-08-20 04:00:00+00:00,120.78,0.1,2298.9
2024-08-20 05:00:00+00:00,125.08,0.7,2364.6000000000004
2024-08-20 06:00:00+00:00,120.78,149.8,2320.8999999999996
2024-08-20 07:00:00+00:00,96.76,764.3,2068.9
2024-08-20 08:00:00+00:00,71.5,1502.8,1668.5
2024-08-20 09:00:00+00:00,63.37,2030.0,1287.2
2024-08-20 10:00:00+00:00,65.16,2308.2,1099.3
2024-08-20 11:00:00+00:00,68.14,2483.9,1106.4
2024-08-20 12:00:00+00:00,65.16,2503.9,1165.5
2024-08-20 13:00:00+00:00,63.1,2479.6,1227.5
2024-08-20 14:00:00+00:00,60.0,2392.1,1382.6
2024-08-20 15:00:00+00:00,61.99,2097.1,1521.1
2024-08-20 16:00:00+00:00,63.37,1635.7,1651.7
2024-08-20 17:00:00+00:00,95.0,937.0,1700.6
2024-08-20 18:00:00+00:00,110.0,239.5,1844.7
2024-08-20 19:00:00+00:00,121.5,5.3,2017.1
2024-08-20 20:00:00+00:00,113.86,0.2,1909.6
2024-08-20 21:00:00+00:00,106.64,0.1,1790.4
2024-08-20 22:00:00+00:00,105.29,0.1,1691.0
2024-08-20 23:00:00+00:00,82.8,0.1,1637.8
2024-08-21 00:00:00+00:00,80.18,0.1,1793.3
2024-08-21 01:00:00+00:00,65.16,0.1,2143.0
2024-08-21 02:00:00+00:00,60.0,0.1,2431.8
2024-08-21 03:00:00+00:00,65.16,0.1,2436.3
2024-08-21 04:00:00+00:00,82.28,0.1,2338.1
2024-08-21 05:00:00+00:00,104.76,0.7,2180.7999999999997
2024-08-21 06:00:00+00:00,89.16,144.9,2073.6
2024-08-21 07:00:00+00:00,57.27,767.8,1739.1
2024-08-21 08:00:00+00:00,8.0,1454.7,1221.1
2024-08-21 09:00:00+00:00,5.22,1966.5,691.1
2024-08-21 10:00:00+00:00,7.48,2279.2,362.9
2024-08-21 11:00:00+00:00,68.18,2481.2,219.8
2024-08-21 12:00:00+00:00,53.1,2491.7,228.2
2024-08-21 13:00:00+00:00,68.18,2436.5,378.40000000000003
2024-08-21 14:00:00+00:00,68.18,2327.5,564.4
2024-08-21 15:00:00+00:00,80.39,2067.3,749.4
2024-08-21 16:00:00+00:00,98.27,1612.3,875.8
2024-08-21 17:00:00+00:00,111.8,909.5,934.4000000000001
2024-08-21 18:00:00+00:00,129.2,220.8,933.5
2024-08-21 19:00:00+00:00,165.01,4.3,918.3000000000001
2024-08-21 20:00:00+00:00,150.34,0.2,911.0
2024-08-21 21:00:00+00:00,130.7,0.1,880.3
2024-08-21 22:00:00+00:00,120.3,0.1,819.8
2024-08-21 23:00:00+00:00,115.71,0.1,753.8000000000001
2024-08-22 00:00:00+00:00,118.85,0.1,787.3000000000001
2024-08-22 01:00:00+00:00,118.89,0.1,838.1
2024-08-22 02:00:00+00:00,118.85,0.1,926.9
2024-08-22 03:00:00+00:00,118.85,0.1,1013.5
2024-08-22 04:00:00+00:00,121.02,0.1,1049.2
2024-08-22 05:00:00+00:00,126.71,0.5,1063.3999999999999
2024-08-22 06:00:00+00:00,121.02,127.3,997.5
2024-08-22 07:00:00+00:00,117.49,704.7,854.5
2024-08-22 08:00:00+00:00,103.77,1424.1,723.0999999999999
2024-08-22 09:00:00+00:00,82.41,1919.9,630.8
2024-08-22 10:00:00+00:00,81.25,2202.3,521.1999999999999
2024-08-22 11:00:00+00:00,82.28,2343.7,526.1
2024-08-22 12:00:00+00:00,80.99,2362.7,703.3
2024-08-22 13:00:00+00:00,78.39,2367.1,866.1
2024-08-22 14:00:00+00:00,78.18,2291.6,1078.5
2024-08-22 15:00:00+00:00,80.99,2053.0,1270.6999999999998
2024-08-22 16:00:00+00:00,86.31,1641.1,1515.1
2024-08-22 17:00:00+00:00,117.49,933.9,1732.9
2024-08-22 18:00:00+00:00,131.99,225.5,1832.7
2024-08-22 19:00:00+00:00,164.5,3.6,1905.6000000000001
2024-08-22 20:00:00+00:00,137.79,0.2,1972.4
2024-08-22 21:00:00+00:00,121.5,0.1,1976.1
2024-08-22 22:00:00+00:00,115.85,0.1,1921.3
2024-08-22 23:00:00+00:00,113.49,0.1,1922.9
2024-08-23 00:00:00+00:00,109.21,0.1,1924.3
2024-08-23 01:00:00+00:00,116.69,0.1,1861.7
2024-08-23 02:00:00+00:00,116.69,0.1,1814.9
2024-08-23 03:00:00+00:00,115.85,0.1,1673.8
2024-08-23 04:00:00+00:00,117.27,0.1,1406.6999999999998
2024-08-23 05:00:00+00:00,124.9,0.6,1139.1
2024-08-23 06:00:00+00:00,119.39,144.9,930.5
2024-08-23 07:00:00+00:00,116.69,720.4,714.9000000000001
2024-08-23 08:00:00+00:00,104.92,1458.8,534.4
2024-08-23 09:00:00+00:00,82.36,1961.5,414.4
2024-08-23 10:00:00+00:00,81.87,2318.4,311.9
2024-08-23 11:00:00+00:00,82.36,2472.9,269.9
2024-08-23 12:00:00+00:00,81.74,2500.9,307.4
2024-08-23 13:00:00+00:00,77.0,2448.9,348.3
2024-08-23 14:00:00+00:00,77.95,2308.0,453.09999999999997
2024-08-23 15:00:00+00:00,82.15,2033.1,596.6
2024-08-23 16:00:00+00:00,104.76,1595.1,732.2
2024-08-23 17:00:00+00:00,116.57,888.4,763.0
2024-08-23 18:00:00+00:00,124.9,203.0,706.9
2024-08-23 19:00:00+00:00,141.2,2.7,682.8000000000001
2024-08-23 20:00:00+00:00,125.99,0.2,696.5
2024-08-23 21:00:00+00:00,120.29,0.1,655.4
2024-08-23 22:00:00+00:00,115.23,0.1,588.9
2024-08-23 23:00:00+00:00,113.92,0.1,573.2
2024-08-24 00:00:00+00:00,104.92,0.1,584.0
2024-08-24 01:00:00+00:00,109.02,0.1,581.0
2024-08-24 02:00:00+00:00,98.75,0.1,681.5
2024-08-24 03:00:00+00:00,98.0,0.1,746.2
2024-08-24 04:00:00+00:00,103.42,0.1,948.6999999999999
2024-08-24 05:00:00+00:00,105.91,0.3,1182.8999999999999
2024-08-24 06:00:00+00:00,82.9,107.6,1051.7
2024-08-24 07:00:00+00:00,15.0,618.2,785.3000000000001
2024-08-24 08:00:00+00:00,1.95,1367.4,668.0
2024-08-24 09:00:00+00:00,1.9,1885.8,651.9000000000001
2024-08-24 10:00:00+00:00,0.0,2084.3,619.5
2024-08-24 11:00:00+00:00,0.0,2264.6,841.9
2024-08-24 12:00:00+00:00,0.0,2335.7,1162.8000000000002
2024-08-24 13:00:00+00:00,0.0,2301.3,1594.8
2024-08-24 14:00:00+00:00,0.0,2215.1,1948.4
2024-08-24 15:00:00+00:00,3.32,1992.5,2079.4
2024-08-24 16:00:00+00:00,16.77,1582.1,2131.6
2024-08-24 17:00:00+00:00,71.41,886.4,2097.4
2024-08-24 18:00:00+00:00,103.42,195.3,2105.1
2024-08-24 19:00:00+00:00,116.62,2.5,2206.0
2024-08-24 20:00:00+00:00,98.75,0.2,2331.2
2024-08-24 21:00:00+00:00,90.41,0.1,2267.2
2024-08-24 22:00:00+00:00,70.0,0.1,2165.2
2024-08-24 23:00:00+00:00,56.44,0.1,2048.1
2024-08-25 00:00:00+00:00,50.0,0.1,2037.9
2024-08-25 01:00:00+00:00,42.02,0.1,2187.3
2024-08-25 02:00:00+00:00,8.0,0.1,2492.3
2024-08-25 03:00:00+00:00,6.99,0.1,2840.1
2024-08-25 04:00:00+00:00,14.0,0.1,3045.5
2024-08-25 05:00:00+00:00,14.0,0.4,2944.4
2024-08-25 06:00:00+00:00,3.32,135.9,2800.9
2024-08-25 07:00:00+00:00,0.0,722.6,2429.7
2024-08-25 08:00:00+00:00,-0.72,1385.1,1796.1
2024-08-25 09:00:00+00:00,-0.95,1838.6,1295.5
2024-08-25 10:00:00+00:00,-0.66,2130.0,909.9
2024-08-25 11:00:00+00:00,0.0,2299.5,744.4
2024-08-25 12:00:00+00:00,0.0,2320.2,676.5
2024-08-25 13:00:00+00:00,0.0,2273.9,694.7
2024-08-25 14:00:00+00:00,0.0,2163.4,802.3
2024-08-25 15:00:00+00:00,0.44,1998.6,1089.5
2024-08-25 16:00:00+00:00,14.2,1619.4,1183.1
2024-08-25 17:00:00+00:00,71.41,903.1,1280.4
2024-08-25 18:00:00+00:00,94.02,197.4,1444.4
2024-08-25 19:00:00+00:00,109.91,2.2,1711.7
2024-08-25 20:00:00+00:00,102.88,0.2,1761.2
2024-08-25 21:00:00+00:00,93.53,0.1,1739.6
2024-08-25 22:00:00+00:00,97.14,0.1,1573.5
2024-08-25 23:00:00+00:00,85.23,0.1,1565.0
2024-08-26 00:00:00+00:00,75.0,0.1,1643.4
2024-08-26 01:00:00+00:00,74.87,0.1,1668.0
2024-08-26 02:00:00+00:00,74.87,0.1,1685.2
2024-08-26 03:00:00+00:00,75.5,0.1,1556.0
2024-08-26 04:00:00+00:00,105.0,0.1,1526.0
2024-08-26 05:00:00+00:00,122.2,0.3,1454.1000000000001
2024-08-26 06:00:00+00:00,120.01,136.3,1284.3999999999999
2024-08-26 07:00:00+00:00,83.06,775.7,925.6
2024-08-26 08:00:00+00:00,64.99,1503.6,572.9
2024-08-26 09:00:00+00:00,63.37,1970.2,324.6
2024-08-26 10:00:00+00:00,64.99,2229.6,163.1
2024-08-26 11:00:00+00:00,73.94,2360.1,105.69999999999999
2024-08-26 12:00:00+00:00,74.87,2387.2,75.9
2024-08-26 13:00:00+00:00,74.07,2308.9,118.0
2024-08-26 14:00:00+00:00,73.81,2122.3,240.7
2024-08-26 15:00:00+00:00,85.34,1868.5,298.0
2024-08-26 16:00:00+00:00,110.78,1373.2,299.9
2024-08-26 17:00:00+00:00,120.0,751.0,332.2
2024-08-26 18:00:00+00:00,127.04,179.7,344.8
2024-08-26 19:00:00+00:00,160.0,1.6,385.5
2024-08-26 20:00:00+00:00,130.0,0.2,402.90000000000003
2024-08-26 21:00:00+00:00,124.54,0.1,371.6
2024-08-26 22:00:00+00:00,129.21,0.1,337.29999999999995
2024-08-26 23:00:00+00:00,122.73,0.1,332.8
2024-08-27 00:00:00+00:00,119.0,0.0,361.0
2024-08-27 01:00:00+00:00,119.0,0.0,409.1
2024-08-27 02:00:00+00:00,112.39,0.0,369.7
2024-08-27 03:00:00+00:00,109.99,0.0,351.7
2024-08-27 04:00:00+00:00,114.76,0.0,353.59999999999997
2024-08-27 05:00:00+00:00,124.1,0.2,347.09999999999997
2024-08-27 06:00:00+00:00,119.58,126.8,347.4
2024-08-27 07:00:00+00:00,110.78,714.4,295.6
2024-08-27 08:00:00+00:00,94.2,1427.9,180.3
2024-08-27 09:00:00+00:00,81.2,1901.8,125.5
2024-08-27 10:00:00+00:00,77.5,2191.2,185.70000000000002
2024-08-27 11:00:00+00:00,77.5,2318.9,303.6
2024-08-27 12:00:00+00:00,75.93,2365.0,380.70000000000005
2024-08-27 13:00:00+00:00,75.0,2314.7,452.2
2024-08-27 14:00:00+00:00,75.31,2198.6,558.7
2024-08-27 15:00:00+00:00,87.95,1935.3,725.1
2024-08-27 16:00:00+00:00,114.0,1485.6,921.0
2024-08-27 17:00:00+00:00,123.85,796.8,1042.3000000000002
2024-08-27 18:00:00+00:00,125.14,163.2,998.1
2024-08-27 19:00:00+00:00,153.2,1.6,1008.3
2024-08-27 20:00:00+00:00,123.78,0.2,931.6
2024-08-27 21:00:00+00:00,119.0,0.1,956.6999999999999
2024-08-27 22:00:00+00:00,122.92,0.1,923.0
2024-08-27 23:00:00+00:00,119.33,0.1,863.5999999999999
2024-08-28 00:00:00+00:00,117.8,0.0,759.9000000000001
2024-08-28 01:00:00+00:00,118.63,0.1,632.6
2024-08-28 02:00:00+00:00,118.63,0.1,548.4
2024-08-28 03:00:00+00:00,118.63,0.1,495.5
2024-08-28 04:00:00+00:00,117.0,0.1,445.7
2024-08-28 05:00:00+00:00,124.28,0.2,438.1
2024-08-28 06:00:00+00:00,120.76,119.5,389.5
2024-08-28 07:00:00+00:00,118.85,713.9,362.4
2024-08-28 08:00:00+00:00,105.91,1444.5,268.8
2024-08-28 09:00:00+00:00,83.7,1930.5,238.0
2024-08-28 10:00:00+00:00,80.2,2254.7,288.0
2024-08-28 11:00:00+00:00,79.94,2403.4,388.3
2024-08-28 12:00:00+00:00,77.16,2417.4,542.8
2024-08-28 13:00:00+00:00,75.0,2380.0,673.4
2024-08-28 14:00:00+00:00,82.0,2181.7,891.6
2024-08-28 15:00:00+00:00,94.38,1873.1,1076.5
2024-08-28 16:00:00+00:00,108.26,1392.8,1209.5
2024-08-28 17:00:00+00:00,123.16,746.7,1193.1
2024-08-28 18:00:00+00:00,125.78,140.9,1104.1000000000001
2024-08-28 19:00:00+00:00,138.58,1.2,1040.3
2024-08-28 20:00:00+00:00,119.93,0.1,1071.5
2024-08-28 21:00:00+00:00,111.53,0.1,1002.1
2024-08-28 22:00:00+00:00,124.36,0.1,856.3
2024-08-28 23:00:00+00:00,119.0,0.0,756.2
2024-08-29 00:00:00+00:00,117.13,0.0,744.9
2024-08-29 01:00:00+00:00,118.53,0.0,867.0
2024-08-29 02:00:00+00:00,118.85,0.0,872.0
2024-08-29 03:00:00+00:00,119.82,0.0,850.8
2024-08-29 04:00:00+00:00,124.5,0.0,832.4
2024-08-29 05:00:00+00:00,128.45,0.1,742.0
2024-08-29 06:00:00+00:00,128.85,60.4,660.2
2024-08-29 07:00:00+00:00,120.0,343.7,614.3
2024-08-29 08:00:00+00:00,112.84,770.4,579.7
2024-08-29 09:00:00+00:00,114.6,1342.1,630.0
2024-08-29 10:00:00+00:00,107.42,1893.4,525.6999999999999
2024-08-29 11:00:00+00:00,111.11,2252.8,544.8
2024-08-29 12:00:00+00:00,117.13,2363.1,574.0
2024-08-29 13:00:00+00:00,114.0,2376.7,679.7
2024-08-29 14:00:00+00:00,114.0,2250.3,822.0
2024-08-29 15:00:00+00:00,108.96,1986.3,995.6
2024-08-29 16:00:00+00:00,117.89,1546.3,1074.6
2024-08-29 17:00:00+00:00,128.18,809.4,1103.8
2024-08-29 18:00:00+00:00,131.99,155.5,1142.8
2024-08-29 19:00:00+00:00,138.0,0.8,1153.6
2024-08-29 20:00:00+00:00,128.45,0.1,1029.0
2024-08-29 21:00:00+00:00,124.73,0.1,922.8
2024-08-29 22:00:00+00:00,122.0,0.1,979.2
2024-08-29 23:00:00+00:00,120.16,0.0,932.2
2024-08-30 00:00:00+00:00,111.17,0.1,948.5
2024-08-30 01:00:00+00:00,120.16,0.1,1160.6
2024-08-30 02:00:00+00:00,119.46,0.1,1325.8
2024-08-30 03:00:00+00:00,116.2,0.1,1265.8
2024-08-30 04:00:00+00:00,123.16,0.1,1080.6
2024-08-30 05:00:00+00:00,129.0,0.4,934.1
2024-08-30 06:00:00+00:00,126.0,89.3,864.4
2024-08-30 07:00:00+00:00,125.5,452.6,671.7
2024-08-30 08:00:00+00:00,116.66,1065.6,382.2
2024-08-30 09:00:00+00:00,99.54,1567.3,259.1
2024-08-30 10:00:00+00:00,92.29,1928.3,187.79999999999998
2024-08-30 11:00:00+00:00,92.29,2285.1,153.1
2024-08-30 12:00:00+00:00,91.94,2319.7,169.9
2024-08-30 13:00:00+00:00,91.81,2137.4,199.70000000000002
2024-08-30 14:00:00+00:00,92.07,2025.6,276.0
2024-08-30 15:00:00+00:00,105.97,1884.6,401.0
2024-08-30 16:00:00+00:00,120.0,1460.9,632.1999999999999
2024-08-30 17:00:00+00:00,125.5,722.4,732.8000000000001
2024-08-30 18:00:00+00:00,131.99,125.8,693.4
2024-08-30 19:00:00+00:00,140.01,0.6,646.9
2024-08-30 20:00:00+00:00,131.99,0.1,708.0
2024-08-30 21:00:00+00:00,128.78,0.1,633.3000000000001
2024-08-30 22:00:00+00:00,128.5,0.1,469.90000000000003
2024-08-30 23:00:00+00:00,124.9,0.0,403.1
2024-08-31 00:00:00+00:00,121.26,0.0,380.79999999999995
2024-08-31 01:00:00+00:00,119.51,0.0,406.8
2024-08-31 02:00:00+00:00,120.0,0.0,425.4
2024-08-31 03:00:00+00:00,124.36,0.0,410.09999999999997
2024-08-31 04:00:00+00:00,126.26,0.0,344.59999999999997
2024-08-31 05:00:00+00:00,126.26,0.1,450.2
2024-08-31 06:00:00+00:00,128.5,63.4,556.5
2024-08-31 07:00:00+00:00,124.64,394.9,480.6
2024-08-31 08:00:00+00:00,115.91,837.9,318.40000000000003
2024-08-31 09:00:00+00:00,89.63,1294.2,263.09999999999997
2024-08-31 10:00:00+00:00,85.45,1739.6,266.4
2024-08-31 11:00:00+00:00,88.2,1982.7,280.2
2024-08-31 12:00:00+00:00,87.94,2075.4,405.6
2024-08-31 13:00:00+00:00,85.23,2117.6,611.5
2024-08-31 14:00:00+00:00,88.07,1933.6,852.9
2024-08-31 15:00:00+00:00,100.0,1611.0,1008.1
2024-08-31 16:00:00+00:00,118.85,1176.3,1176.3999999999999
2024-08-31 17:00:00+00:00,127.42,589.3,1256.6000000000001
2024-08-31 18:00:00+00:00,133.0,132.6,1249.7
2024-08-31 19:00:00+00:00,154.15,0.2,1271.1
2024-08-31 20:00:00+00:00,145.68,0.1,1372.7
2024-08-31 21:00:00+00:00,135.01,0.0,1448.0
2024-08-31 22:00:00+00:00,134.02,0.0,1450.7
2024-08-31 23:00:00+00:00,129.16,0.0,1280.6
2024-09-01 00:00:00+00:00,125.92,0.1,1249.0
2024-09-01 01:00:00+00:00,124.3,0.1,1282.2
2024-09-01 02:00:00+00:00,122.68,0.1,1365.2
2024-09-01 03:00:00+00:00,121.39,0.1,1328.2
2024-09-01 04:00:00+00:00,124.09,0.1,1173.8000000000002
2024-09-01 05:00:00+00:00,124.9,0.1,969.1
2024-09-01 06:00:00+00:00,113.08,74.6,877.2
2024-09-01 07:00:00+00:00,100.66,473.2,698.9
2024-09-01 08:00:00+00:00,78.5,972.7,621.5
2024-09-01 09:00:00+00:00,51.99,1521.4,627.6
2024-09-01 10:00:00+00:00,43.0,1985.2,576.2
2024-09-01 11:00:00+00:00,43.0,2245.1,576.8000000000001
2024-09-01 12:00:00+00:00,46.53,2243.9,740.6
2024-09-01 13:00:00+00:00,30.1,2262.6,1077.6000000000001
2024-09-01 14:00:00+00:00,28.98,2239.1,1467.0
2024-09-01 15:00:00+00:00,81.37,1976.0,1698.1
2024-09-01 16:00:00+00:00,99.64,1540.7,2019.6
2024-09-01 17:00:00+00:00,123.6,779.0,2078.8
2024-09-01 18:00:00+00:00,134.02,128.9,2017.4
2024-09-01 19:00:00+00:00,141.74,0.3,1797.1
2024-09-01 20:00:00+00:00,139.7,0.1,1628.7
2024-09-01 21:00:00+00:00,129.1,0.1,1604.2
2024-09-01 22:00:00+00:00,132.16,0.1,1536.5
2024-09-01 23:00:00+00:00,128.0,0.0,1548.1
2024-09-02 00:00:00+00:00,125.14,0.1,1563.0
2024-09-02 01:00:00+00:00,120.0,0.1,1631.8
2024-09-02 02:00:00+00:00,118.5,0.1,1711.0
2024-09-02 03:00:00+00:00,122.5,0.0,1681.8
2024-09-02 04:00:00+00:00,127.14,0.0,1568.1
2024-09-02 05:00:00+00:00,131.95,0.1,1420.8
2024-09-02 06:00:00+00:00,131.52,66.5,1243.2
2024-09-02 07:00:00+00:00,122.98,462.2,1170.5
2024-09-02 08:00:00+00:00,109.9,1006.4,1137.1
2024-09-02 09:00:00+00:00,90.98,1500.1,961.0
2024-09-02 10:00:00+00:00,89.87,1800.8,733.8
2024-09-02 11:00:00+00:00,90.29,2069.3,848.6
2024-09-02 12:00:00+00:00,90.08,2147.0,1034.7
2024-09-02 13:00:00+00:00,91.9,2133.2,1205.0
2024-09-02 14:00:00+00:00,95.97,2044.1,1510.0
2024-09-02 15:00:00+00:00,104.9,1821.7,1910.6
2024-09-02 16:00:00+00:00,122.09,1427.1,2287.9
2024-09-02 17:00:00+00:00,130.0,728.8,2514.2
2024-09-02 18:00:00+00:00,138.0,119.4,2514.5
2024-09-02 19:00:00+00:00,134.53,0.3,2400.3
2024-09-02 20:00:00+00:00,128.72,0.1,2390.8
2024-09-02 21:00:00+00:00,122.74,0.1,2397.4
2024-09-02 22:00:00+00:00,124.9,0.1,2357.4
2024-09-02 23:00:00+00:00,122.29,0.0,2167.4
2024-09-03 00:00:00+00:00,114.51,0.0,1903.5
2024-09-03 01:00:00+00:00,108.0,0.0,1824.1
2024-09-03 02:00:00+00:00,105.0,0.0,1778.3
2024-09-03 03:00:00+00:00,106.21,0.0,1693.4
2024-09-03 04:00:00+00:00,115.74,0.0,1772.6
2024-09-03 05:00:00+00:00,125.0,0.0,1880.6
2024-09-03 06:00:00+00:00,133.95,63.8,1894.2
2024-09-03 07:00:00+00:00,115.98,466.5,1682.9
2024-09-03 08:00:00+00:00,98.88,1064.3,1359.2
2024-09-03 09:00:00+00:00,90.02,1633.8,1109.4
2024-09-03 10:00:00+00:00,85.0,2058.8,995.0
2024-09-03 11:00:00+00:00,83.08,2336.7,972.3
2024-09-03 12:00:00+00:00,84.68,2400.0,981.0
2024-09-03 13:00:00+00:00,87.2,2376.5,1041.1
2024-09-03 14:00:00+00:00,86.08,2224.6,1190.5
2024-09-03 15:00:00+00:00,90.49,1942.2,1453.7
2024-09-03 16:00:00+00:00,101.92,1473.0,1636.4
2024-09-03 17:00:00+00:00,120.94,733.1,1815.0
2024-09-03 18:00:00+00:00,131.0,113.5,1905.4
2024-09-03 19:00:00+00:00,130.01,0.3,2038.7
2024-09-03 20:00:00+00:00,126.57,0.1,2070.2
2024-09-03 21:00:00+00:00,115.19,0.1,2066.8
2024-09-03 22:00:00+00:00,108.38,0.1,2053.4
2024-09-03 23:00:00+00:00,99.35,0.0,2286.3
2024-09-04 00:00:00+00:00,94.5,0.1,2513.7
2024-09-04 01:00:00+00:00,101.31,0.1,2579.9
2024-09-04 02:00:00+00:00,101.0,0.1,2401.7
2024-09-04 03:00:00+00:00,98.0,0.1,2265.3
2024-09-04 04:00:00+00:00,109.28,0.1,2271.3
2024-09-04 05:00:00+00:00,122.3,0.1,2283.5
2024-09-04 06:00:00+00:00,127.42,97.1,2204.4
2024-09-04 07:00:00+00:00,117.99,702.1,1791.6
2024-09-04 08:00:00+00:00,89.5,1455.4,1421.8
2024-09-04 09:00:00+00:00,79.96,1953.5,1168.3
2024-09-04 10:00:00+00:00,75.5,2251.4,1011.2
2024-09-04 11:00:00+00:00,76.0,2409.1,898.6
2024-09-04 12:00:00+00:00,70.5,2449.9,867.1
2024-09-04 13:00:00+00:00,60.89,2385.9,940.3
2024-09-04 14:00:00+00:00,51.99,2226.3,972.5
2024-09-04 15:00:00+00:00,53.1,1936.6,1141.6
2024-09-04 16:00:00+00:00,76.99,1467.8,1429.6
2024-09-04 17:00:00+00:00,103.0,722.3,1691.0
2024-09-04 18:00:00+00:00,122.81,104.3,1870.0
2024-09-04 19:00:00+00:00,124.44,0.2,2098.9
2024-09-04 20:00:00+00:00,117.14,0.1,2020.6
2024-09-04 21:00:00+00:00,108.55,0.1,1877.8
2024-09-04 22:00:00+00:00,105.0,0.1,1855.4
2024-09-04 23:00:00+00:00,105.7,0.0,1956.3
2024-09-05 00:00:00+00:00,99.35,0.0,2045.2
2024-09-05 01:00:00+00:00,99.41,0.0,2053.7
2024-09-05 02:00:00+00:00,96.0,0.0,2037.0
2024-09-05 03:00:00+00:00,100.0,0.1,1849.9
2024-09-05 04:00:00+00:00,118.06,0.1,1676.4
2024-09-05 05:00:00+00:00,124.9,0.1,1592.2
2024-09-05 06:00:00+00:00,125.0,95.1,1463.8
2024-09-05 07:00:00+00:00,113.42,631.4,1239.9
2024-09-05 08:00:00+00:00,92.5,1308.3,926.1
2024-09-05 09:00:00+00:00,87.87,1705.2,642.3
2024-09-05 10:00:00+00:00,87.0,1965.6,520.4
2024-09-05 11:00:00+00:00,84.81,2135.5,591.2
2024-09-05 12:00:00+00:00,84.68,2255.2,741.6
2024-09-05 13:00:00+00:00,81.18,2188.8,883.0
2024-09-05 14:00:00+00:00,84.55,1942.6,1090.1
2024-09-05 15:00:00+00:00,87.87,1749.3,1399.8
2024-09-05 16:00:00+00:00,105.7,1368.8,1744.5
2024-09-05 17:00:00+00:00,118.22,669.2,1917.2
2024-09-05 18:00:00+00:00,129.7,92.8,2252.0
2024-09-05 19:00:00+00:00,134.0,0.2,2491.8
2024-09-05 20:00:00+00:00,124.9,0.1,2580.6
2024-09-05 21:00:00+00:00,118.22,0.1,2728.4
2024-09-05 22:00:00+00:00,111.98,0.1,2733.8
2024-09-05 23:00:00+00:00,109.0,0.0,2708.9
2024-09-06 00:00:00+00:00,103.35,0.1,2466.0
2024-09-06 01:00:00+00:00,98.0,0.1,2257.2999999999997
2024-09-06 02:00:00+00:00,97.55,0.1,2169.7
2024-09-06 03:00:00+00:00,98.0,0.1,2039.0
2024-09-06 04:00:00+00:00,110.0,0.1,1831.5
2024-09-06 05:00:00+00:00,116.0,0.1,1693.2
2024-09-06 06:00:00+00:00,115.0,97.5,1769.3
2024-09-06 07:00:00+00:00,102.25,727.8,1562.9
2024-09-06 08:00:00+00:00,85.23,1496.5,1359.4
2024-09-06 09:00:00+00:00,74.99,1971.3,1322.6999999999998
2024-09-06 10:00:00+00:00,63.37,2218.9,1286.9
2024-09-06 11:00:00+00:00,46.22,2374.1,1263.2
2024-09-06 12:00:00+00:00,31.2,2321.3,1338.4
2024-09-06 13:00:00+00:00,26.85,2281.4,1539.0
2024-09-06 14:00:00+00:00,19.56,2153.4,1681.8
2024-09-06 15:00:00+00:00,43.6,1915.6,1628.6000000000001
2024-09-06 16:00:00+00:00,70.2,1438.9,1852.3000000000002
2024-09-06 17:00:00+00:00,104.41,692.5,1998.9
2024-09-06 18:00:00+00:00,114.81,93.4,1905.6000000000001
2024-09-06 19:00:00+00:00,118.2,0.2,1735.1
2024-09-06 20:00:00+00:00,112.46,0.1,1668.6000000000001
2024-09-06 21:00:00+00:00,109.14,0.1,1694.1
2024-09-06 22:00:00+00:00,117.32,0.1,1606.5
2024-09-06 23:00:00+00:00,116.42,0.1,1937.1
2024-09-07 00:00:00+00:00,103.35,0.1,1920.7
2024-09-07 01:00:00+00:00,103.35,0.1,1863.6000000000001
2024-09-07 02:00:00+00:00,101.12,0.1,1865.6000000000001
2024-09-07 03:00:00+00:00,99.34,0.1,1894.5
2024-09-07 04:00:00+00:00,104.0,0.1,1691.5
2024-09-07 05:00:00+00:00,108.83,0.1,1600.6000000000001
2024-09-07 06:00:00+00:00,104.68,89.8,1474.6
2024-09-07 07:00:00+00:00,77.95,693.6,1064.1
2024-09-07 08:00:00+00:00,51.52,1426.5,765.6
2024-09-07 09:00:00+00:00,34.12,1796.5,636.0
2024-09-07 10:00:00+00:00,37.55,2045.9,502.0
2024-09-07 11:00:00+00:00,37.55,2078.6,387.4
2024-09-07 12:00:00+00:00,37.55,2061.8,431.3
2024-09-07 13:00:00+00:00,37.55,1867.9,553.6
2024-09-07 14:00:00+00:00,34.12,1623.8,644.3000000000001
2024-09-07 15:00:00+00:00,50.24,1415.7,700.0
2024-09-07 16:00:00+00:00,83.32,1304.8,837.3
2024-09-07 17:00:00+00:00,116.51,689.4,925.9
2024-09-07 18:00:00+00:00,136.07,94.4,928.6
2024-09-07 19:00:00+00:00,148.56,0.2,859.4
2024-09-07 20:00:00+00:00,124.44,0.1,731.6999999999999
2024-09-07 21:00:00+00:00,123.86,0.1,748.8000000000001
2024-09-07 22:00:00+00:00,120.86,0.1,811.8000000000001
2024-09-07 23:00:00+00:00,117.14,0.1,1005.8
2024-09-08 00:00:00+00:00,114.32,0.1,1155.2
2024-09-08 01:00:00+00:00,110.0,0.1,1230.9
2024-09-08 02:00:00+00:00,107.8,0.1,1168.5
2024-09-08 03:00:00+00:00,106.87,0.1,1124.8
2024-09-08 04:00:00+00:00,110.11,0.1,921.9
2024-09-08 05:00:00+00:00,113.3,0.1,751.7
2024-09-08 06:00:00+00:00,108.04,84.0,795.9
2024-09-08 07:00:00+00:00,78.87,699.0,852.5
2024-09-08 08:00:00+00:00,8.29,1440.5,724.6
2024-09-08 09:00:00+00:00,0.44,1929.7,660.0
2024-09-08 10:00:00+00:00,0.04,2240.9,630.4
2024-09-08 11:00:00+00:00,0.01,2364.1,733.6
2024-09-08 12:00:00+00:00,0.0,2338.7,880.2
2024-09-08 13:00:00+00:00,0.0,2308.9,1141.0
2024-09-08 14:00:00+00:00,0.0,2161.4,1439.8000000000002
2024-09-08 15:00:00+00:00,0.0,1873.1,1714.3
2024-09-08 16:00:00+00:00,3.32,1440.9,1814.7
2024-09-08 17:00:00+00:00,76.16,669.6,1680.8
2024-09-08 18:00:00+00:00,106.87,77.7,1580.3999999999999
2024-09-08 19:00:00+00:00,117.22,0.2,1341.0
2024-09-08 20:00:00+00:00,116.42,0.1,1269.6
2024-09-08 21:00:00+00:00,110.11,0.1,1110.1000000000001
2024-09-08 22:00:00+00:00,115.7,0.1,1007.0
2024-09-08 23:00:00+00:00,110.3,0.0,983.2
2024-09-09 00:00:00+00:00,108.75,0.1,919.6
2024-09-09 01:00:00+00:00,108.66,0.1,824.7
2024-09-09 02:00:00+00:00,100.2,0.1,752.2
2024-09-09 03:00:00+00:00,108.36,0.1,674.4
2024-09-09 04:00:00+00:00,116.42,0.1,628.0
2024-09-09 05:00:00+00:00,120.0,0.1,673.8
2024-09-09 06:00:00+00:00,120.0,56.4,634.6999999999999
2024-09-09 07:00:00+00:00,115.1,487.8,527.0
2024-09-09 08:00:00+00:00,80.87,1199.2,390.1
2024-09-09 09:00:00+00:00,80.87,1769.1,258.6
2024-09-09 10:00:00+00:00,80.87,2201.3,247.39999999999998
2024-09-09 11:00:00+00:00,55.53,2384.5,292.7
2024-09-09 12:00:00+00:00,20.0,2334.4,401.1
2024-09-09 13:00:00+00:00,19.56,2294.8,565.2
2024-09-09 14:00:00+00:00,9.54,2152.1,780.5
2024-09-09 15:00:00+00:00,40.5,1931.6,1017.5
2024-09-09 16:00:00+00:00,71.94,1442.0,1202.1
2024-09-09 17:00:00+00:00,116.5,652.4,1384.1
2024-09-09 18:00:00+00:00,121.56,72.6,1385.1999999999998
2024-09-09 19:00:00+00:00,132.0,0.2,1328.9
2024-09-09 20:00:00+00:00,118.3,0.1,1313.1
2024-09-09 21:00:00+00:00,108.66,0.1,1211.8
2024-09-09 22:00:00+00:00,110.32,0.1,1165.7
2024-09-09 23:00:00+00:00,103.83,0.1,1071.1
2024-09-10 00:00:00+00:00,105.0,0.1,1037.4
2024-09-10 01:00:00+00:00,103.92,0.0,1030.4
2024-09-10 02:00:00+00:00,99.42,0.0,1023.1
2024-09-10 03:00:00+00:00,100.01,0.1,1029.8999999999999
2024-09-10 04:00:00+00:00,109.47,0.1,1062.7
2024-09-10 05:00:00+00:00,112.64,0.1,1069.3
2024-09-10 06:00:00+00:00,114.59,67.6,1069.6
2024-09-10 07:00:00+00:00,100.0,570.2,944.4
2024-09-10 08:00:00+00:00,72.87,1249.9,688.5999999999999
2024-09-10 09:00:00+00:00,72.87,1854.6,575.4
2024-09-10 10:00:00+00:00,67.47,2200.6,570.5
2024-09-10 11:00:00+00:00,19.56,2303.1,617.8
2024-09-10 12:00:00+00:00,6.31,2320.5,760.2
2024-09-10 13:00:00+00:00,64.24,2340.9,882.9
2024-09-10 14:00:00+00:00,4.59,2103.3,1102.9
2024-09-10 15:00:00+00:00,28.41,1855.8,1309.2
2024-09-10 16:00:00+00:00,53.1,1373.4,1511.0
2024-09-10 17:00:00+00:00,99.42,595.4,1743.9
2024-09-10 18:00:00+00:00,109.0,66.0,1869.5
2024-09-10 19:00:00+00:00,111.74,0.2,2035.3
2024-09-10 20:00:00+00:00,105.5,0.1,2220.8
2024-09-10 21:00:00+00:00,98.42,0.1,2280.3
2024-09-10 22:00:00+00:00,80.89,0.1,2191.7
2024-09-10 23:00:00+00:00,77.75,0.1,2145.1
2024-09-11 00:00:00+00:00,71.0,0.1,2134.2
2024-09-11 01:00:00+00:00,79.77,0.1,2104.5
2024-09-11 02:00:00+00:00,84.84,0.1,2176.5
2024-09-11 03:00:00+00:00,89.84,0.1,2309.1
2024-09-11 04:00:00+00:00,97.63,0.1,2332.4
2024-09-11 05:00:00+00:00,102.98,0.1,2191.5
2024-09-11 06:00:00+00:00,103.7,72.3,2071.2
2024-09-11 07:00:00+00:00,94.44,633.8,2077.7000000000003
2024-09-11 08:00:00+00:00,70.1,1367.0,2051.1
2024-09-11 09:00:00+00:00,51.99,1842.3,1691.3
2024-09-11 10:00:00+00:00,50.24,2100.1,1319.5
2024-09-11 11:00:00+00:00,47.7,2239.5,1331.2
2024-09-11 12:00:00+00:00,45.0,2232.9,1512.2
2024-09-11 13:00:00+00:00,23.75,2128.1,1761.5
2024-09-11 14:00:00+00:00,15.0,2036.2,1996.7
2024-09-11 15:00:00+00:00,50.24,1785.5,2247.7
2024-09-11 16:00:00+00:00,76.16,1287.0,2538.9
2024-09-11 17:00:00+00:00,99.95,542.6,2637.0
2024-09-11 18:00:00+00:00,113.0,64.5,2730.0
2024-09-11 19:00:00+00:00,110.04,0.1,2859.4
2024-09-11 20:00:00+00:00,102.98,0.1,2914.0
2024-09-11 21:00:00+00:00,102.74,0.1,2838.6
2024-09-11 22:00:00+00:00,100.64,0.1,2708.2
2024-09-11 23:00:00+00:00,99.83,0.1,2781.5
2024-09-12 00:00:00+00:00,99.5,0.1,2749.4
2024-09-12 01:00:00+00:00,95.0,0.1,2587.0
2024-09-12 02:00:00+00:00,95.42,0.0,2489.0
2024-09-12 03:00:00+00:00,98.42,0.0,2395.4
2024-09-12 04:00:00+00:00,100.64,0.0,2271.9
2024-09-12 05:00:00+00:00,113.55,0.1,2279.0
2024-09-12 06:00:00+00:00,116.37,58.2,2333.1
2024-09-12 07:00:00+00:00,101.46,575.8,2213.2
2024-09-12 08:00:00+00:00,73.6,1322.3,1876.8999999999999
2024-09-12 09:00:00+00:00,52.1,1852.8,1601.2
2024-09-12 10:00:00+00:00,44.3,2160.2,1367.6
2024-09-12 11:00:00+00:00,14.0,2257.7,1400.6000000000001
2024-09-12 12:00:00+00:00,3.6,2244.3,1673.1
2024-09-12 13:00:00+00:00,3.32,2181.5,2002.0
2024-09-12 14:00:00+00:00,3.32,2014.4,2285.2000000000003
2024-09-12 15:00:00+00:00,3.6,1755.8,2428.3999999999996
2024-09-12 16:00:00+00:00,51.55,1342.8,2487.1
2024-09-12 17:00:00+00:00,80.0,578.1,2497.4
2024-09-12 18:00:00+00:00,101.46,53.5,2458.1
2024-09-12 19:00:00+00:00,100.5,0.2,2400.7
2024-09-12 20:00:00+00:00,93.53,0.1,2433.4
2024-09-12 21:00:00+00:00,87.35,0.1,2379.8
2024-09-12 22:00:00+00:00,78.89,0.1,2432.0
2024-09-12 23:00:00+00:00,75.05,0.1,2359.2
2024-09-13 00:00:00+00:00,74.76,0.1,2260.7
2024-09-13 01:00:00+00:00,74.76,0.1,2459.5
2024-09-13 02:00:00+00:00,67.52,0.1,2844.9
2024-09-13 03:00:00+00:00,62.2,0.1,3055.1
2024-09-13 04:00:00+00:00,76.5,0.1,3261.0
2024-09-13 05:00:00+00:00,89.74,0.1,3425.8
2024-09-13 06:00:00+00:00,85.23,66.4,3404.8
2024-09-13 07:00:00+00:00,61.0,633.6,3312.1
2024-09-13 08:00:00+00:00,3.32,1341.6,3100.0
2024-09-13 09:00:00+00:00,0.0,1684.5,2788.9
2024-09-13 10:00:00+00:00,0.0,1881.5,2441.0
2024-09-13 11:00:00+00:00,0.0,2048.8,2080.2999999999997
2024-09-13 12:00:00+00:00,0.0,2095.3,1828.8
2024-09-13 13:00:00+00:00,0.01,2037.7,1649.6
2024-09-13 14:00:00+00:00,0.01,1933.9,1473.8
2024-09-13 15:00:00+00:00,0.55,1700.0,1546.2
2024-09-13 16:00:00+00:00,2.0,1239.1,1627.4
2024-09-13 17:00:00+00:00,62.07,514.7,1856.5
2024-09-13 18:00:00+00:00,89.98,43.0,2273.8
2024-09-13 19:00:00+00:00,85.29,0.2,2891.2000000000003
2024-09-13 20:00:00+00:00,80.01,0.1,3245.8999999999996
2024-09-13 21:00:00+00:00,62.2,0.1,3286.7
2024-09-13 22:00:00+00:00,55.2,0.1,3261.2999999999997
2024-09-13 23:00:00+00:00,54.0,0.1,3354.1
2024-09-14 00:00:00+00:00,49.86,0.1,3346.6
2024-09-14 01:00:00+00:00,45.98,0.1,3297.7
2024-09-14 02:00:00+00:00,49.08,0.1,3132.0
2024-09-14 03:00:00+00:00,48.88,0.1,3053.8
2024-09-14 04:00:00+00:00,55.07,0.1,2950.5
2024-09-14 05:00:00+00:00,65.0,0.1,2716.2
2024-09-14 06:00:00+00:00,68.86,61.1,2563.4
2024-09-14 07:00:00+00:00,56.18,608.9,2339.7
2024-09-14 08:00:00+00:00,10.0,1364.9,1909.7
2024-09-14 09:00:00+00:00,0.44,1792.7,1386.2
2024-09-14 10:00:00+00:00,0.44,2074.0,884.3
2024-09-14 11:00:00+00:00,0.79,2210.7,499.9
2024-09-14 12:00:00+00:00,0.44,2248.9,258.3
2024-09-14 13:00:00+00:00,0.44,2187.9,201.4
2024-09-14 14:00:00+00:00,0.44,2037.0,196.20000000000002
2024-09-14 15:00:00+00:00,11.25,1801.3,276.4
2024-09-14 16:00:00+00:00,55.2,1305.5,301.5
2024-09-14 17:00:00+00:00,89.55,513.5,357.7
2024-09-14 18:00:00+00:00,101.72,36.7,442.8
2024-09-14 19:00:00+00:00,106.85,0.1,527.3
2024-09-14 20:00:00+00:00,87.99,0.1,531.1
2024-09-14 21:00:00+00:00,80.98,0.1,544.0
2024-09-14 22:00:00+00:00,61.7,0.1,649.1
2024-09-14 23:00:00+00:00,60.5,0.1,708.1
2024-09-15 00:00:00+00:00,55.3,0.1,731.9
2024-09-15 01:00:00+00:00,54.05,0.1,781.6999999999999
2024-09-15 02:00:00+00:00,54.05,0.1,833.9000000000001
2024-09-15 03:00:00+00:00,54.16,0.1,813.5
2024-09-15 04:00:00+00:00,54.05,0.1,736.4
2024-09-15 05:00:00+00:00,54.05,0.1,753.5
2024-09-15 06:00:00+00:00,32.48,58.7,890.4
2024-09-15 07:00:00+00:00,6.0,568.6,899.2
2024-09-15 08:00:00+00:00,0.0,1203.8,728.0
2024-09-15 09:00:00+00:00,0.0,1659.5,562.2
2024-09-15 10:00:00+00:00,0.0,1953.0,447.8
2024-09-15 11:00:00+00:00,0.0,2106.6,390.9
2024-09-15 12:00:00+00:00,0.0,2030.4,292.40000000000003
2024-09-15 13:00:00+00:00,0.0,1959.1,255.4
2024-09-15 14:00:00+00:00,0.0,1841.9,327.3
2024-09-15 15:00:00+00:00,0.0,1599.8,435.7
2024-09-15 16:00:00+00:00,0.44,1118.1,537.9000000000001
2024-09-15 17:00:00+00:00,49.85,482.4,624.2
2024-09-15 18:00:00+00:00,65.08,37.7,873.1
2024-09-15 19:00:00+00:00,64.39,0.2,1295.9
2024-09-15 20:00:00+00:00,60.74,0.1,1807.1
2024-09-15 21:00:00+00:00,54.91,0.1,2202.7000000000003
2024-09-15 22:00:00+00:00,30.0,0.1,2488.9
2024-09-15 23:00:00+00:00,13.03,0.1,2764.7999999999997
2024-09-16 00:00:00+00:00,15.0,0.1,2896.3
2024-09-16 01:00:00+00:00,11.85,0.1,2846.2
2024-09-16 02:00:00+00:00,6.0,0.1,2888.9
2024-09-16 03:00:00+00:00,10.15,0.1,3112.5
2024-09-16 04:00:00+00:00,41.1,0.1,3251.9
2024-09-16 05:00:00+00:00,60.0,0.1,3321.8
2024-09-16 06:00:00+00:00,60.0,57.6,3284.5
2024-09-16 07:00:00+00:00,45.1,603.3,3068.6
2024-09-16 08:00:00+00:00,3.32,1319.0,2721.8
2024-09-16 09:00:00+00:00,0.0,1714.4,2327.7000000000003
2024-09-16 10:00:00+00:00,0.0,1977.4,1883.8
2024-09-16 11:00:00+00:00,0.0,2093.9,1671.8
2024-09-16 12:00:00+00:00,0.0,2203.3,1469.5
2024-09-16 13:00:00+00:00,0.1,2152.9,1412.5
2024-09-16 14:00:00+00:00,0.2,1994.6,1474.6999999999998
2024-09-16 15:00:00+00:00,1.9,1637.8,1469.4
2024-09-16 16:00:00+00:00,29.68,1159.1,1495.3
2024-09-16 17:00:00+00:00,60.98,459.7,1575.3999999999999
2024-09-16 18:00:00+00:00,88.4,33.5,1927.1000000000001
2024-09-16 19:00:00+00:00,81.82,0.2,2527.5
2024-09-16 20:00:00+00:00,55.92,0.1,2926.4
2024-09-16 21:00:00+00:00,40.06,0.1,3206.3
2024-09-16 22:00:00+00:00,26.3,0.1,3184.5
2024-09-16 23:00:00+00:00,12.18,0.1,3131.8
2024-09-17 00:00:00+00:00,6.99,0.1,3237.6000000000004
2024-09-17 01:00:00+00:00,9.24,0.0,3349.0
2024-09-17 02:00:00+00:00,5.15,0.0,3453.2999999999997
2024-09-17 03:00:00+00:00,5.0,0.0,3523.1
2024-09-17 04:00:00+00:00,33.88,0.0,3515.7
2024-09-17 05:00:00+00:00,49.71,0.1,3586.2
2024-09-17 06:00:00+00:00,53.34,52.6,3567.4
2024-09-17 07:00:00+00:00,33.99,529.3,3345.2999999999997
2024-09-17 08:00:00+00:00,0.44,1153.2,3014.6
2024-09-17 09:00:00+00:00,0.0,1599.0,2812.5
2024-09-17 10:00:00+00:00,0.0,1759.0,2499.9
2024-09-17 11:00:00+00:00,0.0,2034.7,2226.4
2024-09-17 12:00:00+00:00,0.0,2109.2,2137.4
2024-09-17 13:00:00+00:00,0.29,2037.0,1815.3
2024-09-17 14:00:00+00:00,0.29,1919.2,1496.0
2024-09-17 15:00:00+00:00,3.0,1651.2,1415.2
2024-09-17 16:00:00+00:00,32.26,1126.9,1413.0
2024-09-17 17:00:00+00:00,50.76,424.5,1364.1000000000001
2024-09-17 18:00:00+00:00,93.52,31.6,1614.5
2024-09-17 19:00:00+00:00,85.23,0.1,2111.7000000000003
2024-09-17 20:00:00+00:00,60.74,0.1,2376.2
2024-09-17 21:00:00+00:00,55.0,0.1,2509.7
2024-09-17 22:00:00+00:00,70.59,0.1,2527.0
2024-09-17 23:00:00+00:00,81.0,0.1,2419.7999999999997
2024-09-18 00:00:00+00:00,81.22,0.1,2350.3
2024-09-18 01:00:00+00:00,81.22,0.1,2349.0
2024-09-18 02:00:00+00:00,82.44,0.1,2214.2
2024-09-18 03:00:00+00:00,88.01,0.1,2194.1
2024-09-18 04:00:00+00:00,99.22,0.1,2265.6
2024-09-18 05:00:00+00:00,113.22,0.1,2407.8
2024-09-18 06:00:00+00:00,123.0,32.1,2495.1
2024-09-18 07:00:00+00:00,108.65,283.1,2320.0
2024-09-18 08:00:00+00:00,85.74,591.9,2015.1
2024-09-18 09:00:00+00:00,65.82,1004.3,1667.4
2024-09-18 10:00:00+00:00,60.0,1410.3,1355.8
2024-09-18 11:00:00+00:00,60.0,1706.0,1153.6999999999998
2024-09-18 12:00:00+00:00,57.61,1859.3,942.5
2024-09-18 13:00:00+00:00,56.47,1876.7,794.0
2024-09-18 14:00:00+00:00,61.0,1758.0,620.9
2024-09-18 15:00:00+00:00,85.5,1482.5,511.0
2024-09-18 16:00:00+00:00,88.0,975.9,418.0
2024-09-18 17:00:00+00:00,120.01,350.9,346.3
2024-09-18 18:00:00+00:00,143.02,21.8,287.0
2024-09-18 19:00:00+00:00,148.26,0.2,279.1
2024-09-18 20:00:00+00:00,112.24,0.1,260.2
2024-09-18 21:00:00+00:00,109.85,0.1,242.79999999999998
2024-09-18 22:00:00+00:00,100.67,0.1,180.4
2024-09-18 23:00:00+00:00,97.89,0.1,226.5
2024-09-19 00:00:00+00:00,98.02,0.1,253.70000000000002
2024-09-19 01:00:00+00:00,98.42,0.0,259.8
2024-09-19 02:00:00+00:00,100.67,0.0,290.5
2024-09-19 03:00:00+00:00,93.0,0.0,347.8
2024-09-19 04:00:00+00:00,106.42,0.0,416.8
2024-09-19 05:00:00+00:00,118.23,0.1,503.70000000000005
2024-09-19 06:00:00+00:00,120.85,28.5,597.9
2024-09-19 07:00:00+00:00,114.7,313.9,642.0
2024-09-19 08:00:00+00:00,97.94,742.3,562.1
2024-09-19 09:00:00+00:00,97.89,1141.4,576.1999999999999
2024-09-19 10:00:00+00:00,97.33,1451.2,608.3000000000001
2024-09-19 11:00:00+00:00,95.5,1666.1,567.5
2024-09-19 12:00:00+00:00,95.0,1778.1,544.4
2024-09-19 13:00:00+00:00,88.0,1773.1,540.6
2024-09-19 14:00:00+00:00,95.4,1591.2,514.4
2024-09-19 15:00:00+00:00,95.5,1284.7,371.5
2024-09-19 16:00:00+00:00,102.0,894.5,310.9
2024-09-19 17:00:00+00:00,119.44,290.6,262.5
2024-09-19 18:00:00+00:00,146.5,19.2,231.4
2024-09-19 19:00:00+00:00,155.01,0.1,173.1
2024-09-19 20:00:00+00:00,120.69,0.1,162.2
2024-09-19 21:00:00+00:00,112.46,0.1,221.5
2024-09-19 22:00:00+00:00,115.31,0.1,234.9
2024-09-19 23:00:00+00:00,108.9,0.1,307.7
2024-09-20 00:00:00+00:00,104.61,0.1,321.7
2024-09-20 01:00:00+00:00,104.61,0.1,451.1
2024-09-20 02:00:00+00:00,106.62,0.0,712.4
2024-09-20 03:00:00+00:00,107.9,0.0,1034.0
2024-09-20 04:00:00+00:00,111.6,0.0,1232.2
2024-09-20 05:00:00+00:00,124.9,0.1,1024.8
2024-09-20 06:00:00+00:00,124.9,25.1,904.7
2024-09-20 07:00:00+00:00,114.92,306.7,770.4
2024-09-20 08:00:00+00:00,115.98,821.0,628.5
2024-09-20 09:00:00+00:00,106.62,1149.2,493.5
2024-09-20 10:00:00+00:00,87.0,1436.5,363.7
2024-09-20 11:00:00+00:00,81.34,1640.5,295.7
2024-09-20 12:00:00+00:00,77.84,1642.6,236.6
2024-09-20 13:00:00+00:00,72.85,1443.3,188.6
2024-09-20 14:00:00+00:00,77.1,1222.6,212.7
2024-09-20 15:00:00+00:00,85.5,938.5,244.8
2024-09-20 16:00:00+00:00,106.62,697.9,240.9
2024-09-20 17:00:00+00:00,113.0,247.4,245.5
2024-09-20 18:00:00+00:00,145.73,15.2,273.2
2024-09-20 19:00:00+00:00,146.97,0.2,206.5
2024-09-20 20:00:00+00:00,125.0,0.1,200.2
2024-09-20 21:00:00+00:00,118.72,0.1,145.79999999999998
2024-09-20 22:00:00+00:00,104.64,0.1,96.9
2024-09-20 23:00:00+00:00,100.28,0.1,64.9
2024-09-21 00:00:00+00:00,98.02,0.1,53.2
2024-09-21 01:00:00+00:00,102.55,0.1,37.8
2024-09-21 02:00:00+00:00,100.07,0.0,41.7
2024-09-21 03:00:00+00:00,100.28,0.0,27.7
2024-09-21 04:00:00+00:00,94.9,0.0,34.8
2024-09-21 05:00:00+00:00,95.9,0.0,38.9
2024-09-21 06:00:00+00:00,100.07,20.8,43.400000000000006
2024-09-21 07:00:00+00:00,100.87,240.0,50.1
2024-09-21 08:00:00+00:00,95.01,611.7,34.9
2024-09-21 09:00:00+00:00,74.29,1124.7,31.0
2024-09-21 10:00:00+00:00,64.7,1561.5,71.0
2024-09-21 11:00:00+00:00,50.24,1512.3,168.5
2024-09-21 12:00:00+00:00,30.0,1595.4,306.2
2024-09-21 13:00:00+00:00,3.32,1465.4,493.5
2024-09-21 14:00:00+00:00,20.22,1377.6,694.7
2024-09-21 15:00:00+00:00,49.77,1118.9,820.9
2024-09-21 16:00:00+00:00,75.0,766.6,872.7
2024-09-21 17:00:00+00:00,108.67,260.7,802.8
2024-09-21 18:00:00+00:00,117.31,13.5,663.9
2024-09-21 19:00:00+00:00,133.02,0.1,510.8
2024-09-21 20:00:00+00:00,115.14,0.1,324.3
2024-09-21 21:00:00+00:00,115.0,0.1,203.2
2024-09-21 22:00:00+00:00,99.98,0.0,127.0
2024-09-21 23:00:00+00:00,95.58,0.1,99.4
2024-09-22 00:00:00+00:00,95.55,0.1,82.3
2024-09-22 01:00:00+00:00,95.84,0.1,67.0
2024-09-22 02:00:00+00:00,93.9,0.1,62.7
2024-09-22 03:00:00+00:00,97.9,0.1,86.1
2024-09-22 04:00:00+00:00,102.55,0.1,137.7
2024-09-22 05:00:00+00:00,102.98,0.1,194.2
2024-09-22 06:00:00+00:00,96.31,17.7,198.8
2024-09-22 07:00:00+00:00,90.63,235.9,181.3
2024-09-22 08:00:00+00:00,50.24,675.6,133.1
2024-09-22 09:00:00+00:00,11.87,1194.0,64.7
2024-09-22 10:00:00+00:00,11.68,1554.0,65.6
2024-09-22 11:00:00+00:00,0.79,1732.6,118.2
2024-09-22 12:00:00+00:00,0.15,1742.8,206.0
2024-09-22 13:00:00+00:00,2.0,1607.1,335.2
2024-09-22 14:00:00+00:00,2.0,1522.4,564.2
2024-09-22 15:00:00+00:00,28.45,1281.5,803.2
2024-09-22 16:00:00+00:00,70.0,826.2,993.7
2024-09-22 17:00:00+00:00,102.69,284.2,1215.1000000000001
2024-09-22 18:00:00+00:00,110.22,10.7,1329.0
2024-09-22 19:00:00+00:00,114.53,0.1,1397.7
2024-09-22 20:00:00+00:00,102.74,0.1,1328.3000000000002
2024-09-22 21:00:00+00:00,99.98,0.1,1210.2
2024-09-22 22:00:00+00:00,102.55,0.1,1176.7
2024-09-22 23:00:00+00:00,95.58,0.1,1187.6
2024-09-23 00:00:00+00:00,90.0,0.0,1169.4
2024-09-23 01:00:00+00:00,93.17,0.0,1107.1999999999998
2024-09-23 02:00:00+00:00,93.88,0.0,1050.1000000000001
2024-09-23 03:00:00+00:00,95.58,0.0,991.6999999999999
2024-09-23 04:00:00+00:00,96.4,0.0,865.0
2024-09-23 05:00:00+00:00,115.26,0.1,805.0
2024-09-23 06:00:00+00:00,120.01,35.4,797.1
2024-09-23 07:00:00+00:00,101.7,429.5,619.1
2024-09-23 08:00:00+00:00,85.0,1160.3,385.4
2024-09-23 09:00:00+00:00,68.29,1844.9,232.2
2024-09-23 10:00:00+00:00,67.87,2080.7,199.3
2024-09-23 11:00:00+00:00,50.24,2239.5,230.5
2024-09-23 12:00:00+00:00,39.9,2169.1,369.2
2024-09-23 13:00:00+00:00,20.5,2178.4,652.4
2024-09-23 14:00:00+00:00,40.65,2068.5,1099.0
2024-09-23 15:00:00+00:00,67.87,1816.5,1312.3
2024-09-23 16:00:00+00:00,95.58,1286.9,1466.5
2024-09-23 17:00:00+00:00,116.05,432.1,1850.7
2024-09-23 18:00:00+00:00,155.01,15.5,2050.7999999999997
2024-09-23 19:00:00+00:00,157.66,0.2,2001.3
2024-09-23 20:00:00+00:00,112.55,0.1,1837.8999999999999
2024-09-23 21:00:00+00:00,105.08,0.1,1636.3999999999999
2024-09-23 22:00:00+00:00,95.52,0.1,1652.6
2024-09-23 23:00:00+00:00,95.0,0.1,1630.4
2024-09-24 00:00:00+00:00,94.5,0.1,1783.9
2024-09-24 01:00:00+00:00,93.84,0.0,1607.0
2024-09-24 02:00:00+00:00,93.84,0.0,1357.7
2024-09-24 03:00:00+00:00,93.84,0.0,1161.5
2024-09-24 04:00:00+00:00,107.74,0.0,978.0
2024-09-24 05:00:00+00:00,120.1,0.1,899.7
2024-09-24 06:00:00+00:00,127.67,14.5,972.2
2024-09-24 07:00:00+00:00,117.9,245.1,1122.1
2024-09-24 08:00:00+00:00,94.08,564.5,1058.8
2024-09-24 09:00:00+00:00,79.49,983.9,945.9
2024-09-24 10:00:00+00:00,64.96,1188.0,1025.6
2024-09-24 11:00:00+00:00,59.77,1333.9,1102.2
2024-09-24 12:00:00+00:00,57.31,1457.3,973.9
2024-09-24 13:00:00+00:00,59.55,1305.0,962.4
2024-09-24 14:00:00+00:00,60.2,1073.1,824.0
2024-09-24 15:00:00+00:00,82.44,736.8,814.7
2024-09-24 16:00:00+00:00,83.65,424.5,710.1
2024-09-24 17:00:00+00:00,124.76,122.0,570.6999999999999
2024-09-24 18:00:00+00:00,140.0,3.1,530.0
2024-09-24 19:00:00+00:00,138.44,0.1,589.5
2024-09-24 20:00:00+00:00,112.55,0.1,676.3000000000001
2024-09-24 21:00:00+00:00,102.34,0.1,874.5
2024-09-24 22:00:00+00:00,92.4,0.1,1020.6
2024-09-24 23:00:00+00:00,75.49,0.1,1122.7
2024-09-25 00:00:00+00:00,73.08,0.1,1267.8000000000002
2024-09-25 01:00:00+00:00,72.72,0.1,1378.5
2024-09-25 02:00:00+00:00,60.8,0.0,1538.6999999999998
2024-09-25 03:00:00+00:00,60.7,0.1,1751.7
2024-09-25 04:00:00+00:00,60.7,0.1,1918.1999999999998
2024-09-25 05:00:00+00:00,84.24,0.1,2005.3
2024-09-25 06:00:00+00:00,88.09,12.1,2124.3
2024-09-25 07:00:00+00:00,70.76,183.5,2217.8
2024-09-25 08:00:00+00:00,61.5,442.6,2350.8
2024-09-25 09:00:00+00:00,52.1,803.0,2461.9
2024-09-25 10:00:00+00:00,40.0,852.3,2575.5
2024-09-25 11:00:00+00:00,34.27,918.2,3031.9
2024-09-25 12:00:00+00:00,36.23,1078.2,3326.8
2024-09-25 13:00:00+00:00,15.0,1064.4,3455.4
2024-09-25 14:00:00+00:00,14.0,827.6,3741.1
2024-09-25 15:00:00+00:00,34.23,704.9,3895.9
2024-09-25 16:00:00+00:00,41.91,428.4,3999.6
2024-09-25 17:00:00+00:00,60.8,148.6,4018.9
2024-09-25 18:00:00+00:00,74.0,5.4,4013.2
2024-09-25 19:00:00+00:00,73.08,0.1,4005.4
2024-09-25 20:00:00+00:00,57.3,0.1,4011.3
2024-09-25 21:00:00+00:00,40.0,0.1,4039.6
2024-09-25 22:00:00+00:00,20.3,0.1,4027.2
2024-09-25 23:00:00+00:00,6.99,0.1,4042.5
2024-09-26 00:00:00+00:00,10.29,0.1,4069.9
2024-09-26 01:00:00+00:00,4.92,0.1,4060.7
2024-09-26 02:00:00+00:00,3.32,0.1,4183.0
2024-09-26 03:00:00+00:00,7.33,0.1,4256.5
2024-09-26 04:00:00+00:00,33.83,0.1,4363.7
2024-09-26 05:00:00+00:00,58.27,0.1,4403.1
2024-09-26 06:00:00+00:00,65.0,13.2,4399.3
2024-09-26 07:00:00+00:00,53.52,178.4,4333.3
2024-09-26 08:00:00+00:00,3.6,471.4,4204.299999999999
2024-09-26 09:00:00+00:00,0.46,769.5,3993.2
2024-09-26 10:00:00+00:00,0.0,979.6,3785.2
2024-09-26 11:00:00+00:00,0.0,1185.1,3791.9
2024-09-26 12:00:00+00:00,0.0,1292.6,3726.2000000000003
2024-09-26 13:00:00+00:00,0.0,1247.3,3669.0
2024-09-26 14:00:00+00:00,0.0,1153.2,3502.3
2024-09-26 15:00:00+00:00,2.4,1061.4,3219.4
2024-09-26 16:00:00+00:00,11.99,837.3,2826.5
2024-09-26 17:00:00+00:00,55.23,335.0,2476.5
2024-09-26 18:00:00+00:00,65.5,10.0,2227.9
2024-09-26 19:00:00+00:00,72.5,0.2,2377.2
2024-09-26 20:00:00+00:00,54.9,0.1,2319.9
2024-09-26 21:00:00+00:00,49.9,0.1,2478.5
2024-09-26 22:00:00+00:00,40.39,0.1,2544.6
2024-09-26 23:00:00+00:00,30.71,0.1,2468.7000000000003
2024-09-27 00:00:00+00:00,30.71,0.1,2587.6
2024-09-27 01:00:00+00:00,30.71,0.1,2962.3999999999996
2024-09-27 02:00:00+00:00,3.32,0.1,3193.4
2024-09-27 03:00:00+00:00,3.32,0.1,2935.0
2024-09-27 04:00:00+00:00,5.14,0.1,2761.2999999999997
2024-09-27 05:00:00+00:00,45.0,0.1,2758.7
2024-09-27 06:00:00+00:00,52.1,23.1,2631.0
2024-09-27 07:00:00+00:00,10.08,433.7,2435.5
2024-09-27 08:00:00+00:00,0.44,1095.8,2285.9
2024-09-27 09:00:00+00:00,0.0,1469.0,2389.8
2024-09-27 10:00:00+00:00,0.0,1589.3,2366.9
2024-09-27 11:00:00+00:00,0.0,1648.6,2306.2000000000003
2024-09-27 12:00:00+00:00,0.0,1665.2,2291.8999999999996
2024-09-27 13:00:00+00:00,0.0,1861.0,2274.3999999999996
2024-09-27 14:00:00+00:00,0.0,1841.8,2204.5
2024-09-27 15:00:00+00:00,0.44,1690.8,2168.5
2024-09-27 16:00:00+00:00,34.21,1165.7,1953.1000000000001
2024-09-27 17:00:00+00:00,69.85,369.6,1800.8
2024-09-27 18:00:00+00:00,98.07,10.9,1775.3
2024-09-27 19:00:00+00:00,109.83,0.2,1686.0
2024-09-27 20:00:00+00:00,87.0,0.1,1667.7
2024-09-27 21:00:00+00:00,79.0,0.1,1612.3
2024-09-27 22:00:00+00:00,86.04,0.1,1636.0
2024-09-27 23:00:00+00:00,75.1,0.1,1713.8000000000002
2024-09-28 00:00:00+00:00,54.0,0.1,1787.6999999999998
2024-09-28 01:00:00+00:00,49.0,0.1,1807.5
2024-09-28 02:00:00+00:00,45.0,0.1,1841.6
2024-09-28 03:00:00+00:00,43.77,0.1,1721.2
2024-09-28 04:00:00+00:00,45.0,0.1,1805.3
2024-09-28 05:00:00+00:00,54.18,0.1,1941.1
2024-09-28 06:00:00+00:00,50.0,34.3,2013.1000000000001
2024-09-28 07:00:00+00:00,24.17,622.0,2048.7
2024-09-28 08:00:00+00:00,3.6,1466.1,1880.2
2024-09-28 09:00:00+00:00,0.0,1753.6,1395.8
2024-09-28 10:00:00+00:00,0.0,1985.0,983.4
2024-09-28 11:00:00+00:00,0.0,2068.6,721.0
2024-09-28 12:00:00+00:00,0.0,1992.6,466.9
2024-09-28 13:00:00+00:00,0.01,2005.9,311.6
2024-09-28 14:00:00+00:00,0.0,1868.8,192.8
2024-09-28 15:00:00+00:00,0.44,1545.0,182.5
2024-09-28 16:00:00+00:00,50.24,1109.1,181.1
2024-09-28 17:00:00+00:00,111.23,377.1,177.1
2024-09-28 18:00:00+00:00,114.29,8.9,286.8
2024-09-28 19:00:00+00:00,120.11,0.1,457.9
2024-09-28 20:00:00+00:00,106.0,0.1,648.2
2024-09-28 21:00:00+00:00,91.25,0.1,644.1
2024-09-28 22:00:00+00:00,84.99,0.1,598.7
2024-09-28 23:00:00+00:00,79.49,0.1,527.1
2024-09-29 00:00:00+00:00,74.9,0.1,617.5
2024-09-29 01:00:00+00:00,58.36,0.1,649.1999999999999
2024-09-29 02:00:00+00:00,49.2,0.1,651.6
2024-09-29 03:00:00+00:00,49.2,0.1,541.7
2024-09-29 04:00:00+00:00,55.0,0.1,557.5
2024-09-29 05:00:00+00:00,60.66,0.1,523.3
2024-09-29 06:00:00+00:00,57.94,28.9,514.2
2024-09-29 07:00:00+00:00,19.9,580.4,536.0999999999999
2024-09-29 08:00:00+00:00,0.0,1379.9,466.0
2024-09-29 09:00:00+00:00,0.0,1820.8,414.1
2024-09-29 10:00:00+00:00,0.13,2101.9,376.40000000000003
2024-09-29 11:00:00+00:00,0.25,2220.4,330.8
2024-09-29 12:00:00+00:00,0.0,2212.6,380.59999999999997
2024-09-29 13:00:00+00:00,0.0,2167.6,415.7
2024-09-29 14:00:00+00:00,0.0,2014.6,440.90000000000003
2024-09-29 15:00:00+00:00,0.0,1700.0,475.5
2024-09-29 16:00:00+00:00,8.6,1180.8,522.4
2024-09-29 17:00:00+00:00,72.34,355.5,526.3000000000001
2024-09-29 18:00:00+00:00,95.0,5.7,655.1999999999999
2024-09-29 19:00:00+00:00,101.89,0.1,674.6
2024-09-29 20:00:00+00:00,95.98,0.1,674.5
2024-09-29 21:00:00+00:00,84.99,0.1,704.9
2024-09-29 22:00:00+00:00,80.35,0.1,725.9
2024-09-29 23:00:00+00:00,83.0,0.1,741.9
2024-09-30 00:00:00+00:00,94.4,0.1,762.3
2024-09-30 01:00:00+00:00,88.0,0.1,695.7
2024-09-30 02:00:00+00:00,85.0,0.1,575.8
2024-09-30 03:00:00+00:00,95.98,0.1,515.5999999999999
2024-09-30 04:00:00+00:00,106.0,0.1,454.0
2024-09-30 05:00:00+00:00,141.94,0.1,310.7
2024-09-30 06:00:00+00:00,160.1,28.3,246.6
2024-09-30 07:00:00+00:00,106.0,565.9,190.60000000000002
2024-09-30 08:00:00+00:00,69.14,1384.1,125.6
2024-09-30 09:00:00+00:00,47.77,1957.9,69.0
2024-09-30 10:00:00+00:00,52.98,2245.7,68.7
2024-09-30 11:00:00+00:00,52.98,2390.2,80.5
2024-09-30 12:00:00+00:00,17.6,2326.1,115.5
2024-09-30 13:00:00+00:00,8.06,2260.3,225.89999999999998
2024-09-30 14:00:00+00:00,52.98,2130.5,381.9
2024-09-30 15:00:00+00:00,52.98,1834.2,502.2
2024-09-30 16:00:00+00:00,95.74,1181.3,663.3
2024-09-30 17:00:00+00:00,119.72,339.0,758.5
2024-09-30 18:00:00+00:00,176.21,4.3,790.0
2024-09-30 19:00:00+00:00,174.5,0.2,949.5
2024-09-30 20:00:00+00:00,124.44,0.1,1138.8
2024-09-30 21:00:00+00:00,125.45,0.1,1338.0
2024-09-30 22:00:00+00:00,104.0,0.1,1525.3
2024-09-30 23:00:00+00:00,97.68,0.1,1475.2
2024-10-01 00:00:00+00:00,97.68,0.1,1376.6000000000001
2024-10-01 01:00:00+00:00,94.86,0.1,1302.3999999999999
2024-10-01 02:00:00+00:00,84.01,0.1,1248.0
2024-10-01 03:00:00+00:00,80.35,0.0,1297.1000000000001
2024-10-01 04:00:00+00:00,88.13,0.0,1377.5
2024-10-01 05:00:00+00:00,117.04,0.1,1437.4
2024-10-01 06:00:00+00:00,123.81,12.0,1527.5
2024-10-01 07:00:00+00:00,100.0,272.8,1519.1000000000001
2024-10-01 08:00:00+00:00,99.54,869.5,1244.7
2024-10-01 09:00:00+00:00,79.49,1312.8,1154.5
2024-10-01 10:00:00+00:00,58.48,1618.6,1031.8
2024-10-01 11:00:00+00:00,57.73,1827.3,1128.0
2024-10-01 12:00:00+00:00,56.28,1935.0,1093.5
2024-10-01 13:00:00+00:00,57.98,1926.9,1184.5
2024-10-01 14:00:00+00:00,57.73,1838.6,1231.0
2024-10-01 15:00:00+00:00,76.14,1641.0,1199.3
2024-10-01 16:00:00+00:00,103.57,1015.0,1145.2
2024-10-01 17:00:00+00:00,143.44,267.3,1337.7
2024-10-01 18:00:00+00:00,173.81,4.2,1351.5
2024-10-01 19:00:00+00:00,165.98,0.2,1354.5
2024-10-01 20:00:00+00:00,125.45,0.2,1342.0
2024-10-01 21:00:00+00:00,110.6,0.2,1332.6000000000001
2024-10-01 22:00:00+00:00,98.02,0.2,1420.6000000000001
2024-10-01 23:00:00+00:00,99.0,0.1,1540.7
2024-10-02 00:00:00+00:00,98.02,0.1,1493.6999999999998
2024-10-02 01:00:00+00:00,88.66,0.0,1391.9
2024-10-02 02:00:00+00:00,86.43,0.1,1355.8999999999999
2024-10-02 03:00:00+00:00,81.59,0.1,1397.0
2024-10-02 04:00:00+00:00,101.6,0.1,1465.8
2024-10-02 05:00:00+00:00,119.48,0.1,1574.8
2024-10-02 06:00:00+00:00,124.24,9.5,2004.3
2024-10-02 07:00:00+00:00,109.25,178.2,2425.3
2024-10-02 08:00:00+00:00,90.22,435.0,2650.1
2024-10-02 09:00:00+00:00,88.66,631.7,2821.9
2024-10-02 10:00:00+00:00,87.26,862.4,3212.7000000000003
2024-10-02 11:00:00+00:00,78.38,955.8,3446.7
2024-10-02 12:00:00+00:00,65.0,849.1,3796.4
2024-10-02 13:00:00+00:00,65.0,815.6,4013.0
2024-10-02 14:00:00+00:00,71.5,739.2,3921.6000000000004
2024-10-02 15:00:00+00:00,79.44,661.6,3544.0
2024-10-02 16:00:00+00:00,101.84,359.9,3152.3
2024-10-02 17:00:00+00:00,116.86,109.0,2988.9
2024-10-02 18:00:00+00:00,117.25,0.8,2921.6
2024-10-02 19:00:00+00:00,100.0,0.2,2695.1
2024-10-02 20:00:00+00:00,93.55,0.2,2453.0
2024-10-02 21:00:00+00:00,85.0,0.2,2370.3999999999996
2024-10-02 22:00:00+00:00,59.36,0.2,2244.4
2024-10-02 23:00:00+00:00,40.0,0.1,2268.1
2024-10-03 00:00:00+00:00,40.0,0.1,2327.1000000000004
2024-10-03 01:00:00+00:00,17.8,0.1,2272.7
2024-10-03 02:00:00+00:00,8.0,0.1,2169.0
2024-10-03 03:00:00+00:00,32.57,0.0,1874.4
2024-10-03 04:00:00+00:00,57.17,0.1,1771.6
2024-10-03 05:00:00+00:00,77.63,0.1,1694.3
2024-10-03 06:00:00+00:00,86.74,15.3,1477.3
2024-10-03 07:00:00+00:00,74.61,283.9,1319.3
2024-10-03 08:00:00+00:00,68.8,775.6,1082.1999999999998
2024-10-03 09:00:00+00:00,68.38,1128.2,810.6
2024-10-03 10:00:00+00:00,74.61,1308.8,733.8000000000001
2024-10-03 11:00:00+00:00,55.08,1411.1,715.8000000000001
2024-10-03 12:00:00+00:00,51.2,1401.3,893.0
2024-10-03 13:00:00+00:00,54.4,1274.9,1007.9
2024-10-03 14:00:00+00:00,52.74,1079.5,842.0
2024-10-03 15:00:00+00:00,71.63,829.3,825.3
2024-10-03 16:00:00+00:00,74.61,589.5,769.8
2024-10-03 17:00:00+00:00,109.52,176.6,765.4
2024-10-03 18:00:00+00:00,125.0,0.9,932.8
2024-10-03 19:00:00+00:00,126.98,0.2,987.9
2024-10-03 20:00:00+00:00,99.99,0.2,853.9
2024-10-03 21:00:00+00:00,91.88,0.2,845.8
2024-10-03 22:00:00+00:00,99.0,0.2,695.0
2024-10-03 23:00:00+00:00,100.2,0.1,489.7
2024-10-04 00:00:00+00:00,98.02,0.1,393.0
2024-10-04 01:00:00+00:00,94.8,0.1,345.7
2024-10-04 02:00:00+00:00,102.68,0.1,319.3
2024-10-04 03:00:00+00:00,99.54,0.1,330.4
2024-10-04 04:00:00+00:00,103.0,0.1,270.6
2024-10-04 05:00:00+00:00,127.79,0.1,221.1
2024-10-04 06:00:00+00:00,141.37,9.7,167.3
2024-10-04 07:00:00+00:00,116.57,173.4,168.0
2024-10-04 08:00:00+00:00,100.11,527.4,112.8
2024-10-04 09:00:00+00:00,76.39,878.3,74.1
2024-10-04 10:00:00+00:00,60.2,1227.1,42.8
2024-10-04 11:00:00+00:00,59.3,1541.7,49.3
2024-10-04 12:00:00+00:00,50.0,1573.8,99.39999999999999
2024-10-04 13:00:00+00:00,49.1,1626.9,183.1
2024-10-04 14:00:00+00:00,57.88,1346.2,274.29999999999995
2024-10-04 15:00:00+00:00,77.42,1074.9,330.2
2024-10-04 16:00:00+00:00,100.2,688.9,384.9
2024-10-04 17:00:00+00:00,137.24,176.4,435.4
2024-10-04 18:00:00+00:00,146.03,1.1,456.5
2024-10-04 19:00:00+00:00,146.41,0.2,587.4
2024-10-04 20:00:00+00:00,117.17,0.2,673.4
2024-10-04 21:00:00+00:00,115.0,0.2,784.2
2024-10-04 22:00:00+00:00,93.1,0.2,805.3000000000001
2024-10-04 23:00:00+00:00,85.98,0.1,1008.1
2024-10-05 00:00:00+00:00,85.5,0.1,935.4
2024-10-05 01:00:00+00:00,85.5,0.1,1014.1
2024-10-05 02:00:00+00:00,82.47,0.1,1160.6000000000001
2024-10-05 03:00:00+00:00,79.82,0.1,1196.7
2024-10-05 04:00:00+00:00,86.2,0.0,1178.6
2024-10-05 05:00:00+00:00,100.4,0.1,1199.6000000000001
2024-10-05 06:00:00+00:00,109.38,5.1,1378.1000000000001
2024-10-05 07:00:00+00:00,89.02,158.9,1546.7
2024-10-05 08:00:00+00:00,57.0,491.0,1632.7
2024-10-05 09:00:00+00:00,39.99,843.5,1755.4
2024-10-05 10:00:00+00:00,2.0,1092.7,2135.8
2024-10-05 11:00:00+00:00,0.01,1192.5,2532.5
2024-10-05 12:00:00+00:00,0.0,1369.0,2839.4
2024-10-05 13:00:00+00:00,0.0,1358.0,3139.7
2024-10-05 14:00:00+00:00,0.0,1313.8,3407.1
2024-10-05 15:00:00+00:00,0.44,1138.9,3381.9
2024-10-05 16:00:00+00:00,45.0,690.6,3305.5
2024-10-05 17:00:00+00:00,85.23,153.6,3293.4
2024-10-05 18:00:00+00:00,95.18,0.4,3210.4
2024-10-05 19:00:00+00:00,82.47,0.0,3015.2000000000003
2024-10-05 20:00:00+00:00,77.8,0.1,2974.8
2024-10-05 21:00:00+00:00,67.0,0.0,2898.1
2024-10-05 22:00:00+00:00,47.4,0.0,2993.8
2024-10-05 23:00:00+00:00,30.83,0.0,3271.7
2024-10-06 00:00:00+00:00,25.0,0.0,3354.0
2024-10-06 01:00:00+00:00,10.39,0.0,3320.6
2024-10-06 02:00:00+00:00,5.0,0.0,3471.6
2024-10-06 03:00:00+00:00,4.69,0.0,3532.5
2024-10-06 04:00:00+00:00,10.39,0.0,3338.2000000000003
2024-10-06 05:00:00+00:00,10.39,0.0,3411.7000000000003
2024-10-06 06:00:00+00:00,10.39,9.2,3277.3
2024-10-06 07:00:00+00:00,10.39,139.8,3192.5
2024-10-06 08:00:00+00:00,3.32,361.3,3034.1
2024-10-06 09:00:00+00:00,0.01,599.5,2951.0
2024-10-06 10:00:00+00:00,0.0,850.9,2810.4
2024-10-06 11:00:00+00:00,-0.01,890.7,2931.6
2024-10-06 12:00:00+00:00,-0.01,1104.5,2970.1
2024-10-06 13:00:00+00:00,-0.01,1140.5,3181.0
2024-10-06 14:00:00+00:00,0.0,1068.1,3356.5
2024-10-06 15:00:00+00:00,0.44,817.2,3514.2
2024-10-06 16:00:00+00:00,17.76,418.2,3602.3999999999996
2024-10-06 17:00:00+00:00,59.03,88.1,3612.2
2024-10-06 18:00:00+00:00,78.05,0.3,3501.4
2024-10-06 19:00:00+00:00,85.23,0.0,3085.1
2024-10-06 20:00:00+00:00,63.5,0.1,2581.2000000000003
2024-10-06 21:00:00+00:00,54.9,0.0,2197.2999999999997
2024-10-06 22:00:00+00:00,65.08,0.1,1849.9
2024-10-06 23:00:00+00:00,46.34,0.0,1496.6000000000001
2024-10-07 00:00:00+00:00,40.0,0.0,1591.4
2024-10-07 01:00:00+00:00,30.1,0.0,1864.9
2024-10-07 02:00:00+00:00,29.97,0.0,1952.2
2024-10-07 03:00:00+00:00,30.1,0.0,1909.6
2024-10-07 04:00:00+00:00,52.02,0.0,1983.9
2024-10-07 05:00:00+00:00,84.5,0.1,2267.8
2024-10-07 06:00:00+00:00,108.32,2.8,3078.7
2024-10-07 07:00:00+00:00,91.75,103.1,3244.7
2024-10-07 08:00:00+00:00,65.98,500.8,3315.0
2024-10-07 09:00:00+00:00,56.01,763.8,3497.6
2024-10-07 10:00:00+00:00,44.71,999.2,3314.3999999999996
2024-10-07 11:00:00+00:00,30.1,1061.0,2895.1000000000004
2024-10-07 12:00:00+00:00,27.08,1142.5,2916.2999999999997
2024-10-07 13:00:00+00:00,26.83,1231.7,3171.9
2024-10-07 14:00:00+00:00,30.25,1417.1,3223.8999999999996
2024-10-07 15:00:00+00:00,50.24,1138.6,3314.3
2024-10-07 16:00:00+00:00,68.0,754.0,3112.3
2024-10-07 17:00:00+00:00,73.61,165.2,2864.7
2024-10-07 18:00:00+00:00,85.01,0.6,2997.2000000000003
2024-10-07 19:00:00+00:00,67.73,0.1,3222.9
2024-10-07 20:00:00+00:00,65.8,0.1,3289.9
2024-10-07 21:00:00+00:00,61.39,0.1,3260.6
2024-10-07 22:00:00+00:00,33.1,0.1,3459.3999999999996
2024-10-07 23:00:00+00:00,24.35,0.1,3443.0
2024-10-08 00:00:00+00:00,19.57,0.1,3515.4
2024-10-08 01:00:00+00:00,7.0,0.1,3514.4
2024-10-08 02:00:00+00:00,4.9,0.1,3521.7000000000003
2024-10-08 03:00:00+00:00,21.54,0.1,3382.6
2024-10-08 04:00:00+00:00,39.58,0.0,3340.1
2024-10-08 05:00:00+00:00,52.98,0.1,3254.2999999999997
2024-10-08 06:00:00+00:00,77.71,6.1,3277.0
2024-10-08 07:00:00+00:00,48.38,188.6,3375.1
2024-10-08 08:00:00+00:00,30.1,669.1,3254.0
2024-10-08 09:00:00+00:00,3.32,949.0,3217.0
2024-10-08 10:00:00+00:00,3.32,1149.2,3132.2
2024-10-08 11:00:00+00:00,0.97,1225.6,3254.9
2024-10-08 12:00:00+00:00,0.01,1251.7,3447.4
2024-10-08 13:00:00+00:00,0.0,1113.8,3802.0
2024-10-08 14:00:00+00:00,0.51,826.9,4121.1
2024-10-08 15:00:00+00:00,5.0,755.2,4033.7
2024-10-08 16:00:00+00:00,48.38,362.7,4009.2
2024-10-08 17:00:00+00:00,79.9,83.7,4145.7
2024-10-08 18:00:00+00:00,90.0,0.7,4269.4
2024-10-08 19:00:00+00:00,83.19,0.1,4341.1
2024-10-08 20:00:00+00:00,46.08,0.1,4367.4
2024-10-08 21:00:00+00:00,33.1,0.1,4506.2
2024-10-08 22:00:00+00:00,19.86,0.1,4588.5
2024-10-08 23:00:00+00:00,3.6,0.1,4601.6
2024-10-09 00:00:00+00:00,2.0,0.1,4682.7
2024-10-09 01:00:00+00:00,0.98,0.1,4639.8
2024-10-09 02:00:00+00:00,0.98,0.1,4571.2
2024-10-09 03:00:00+00:00,2.0,0.1,4373.1
2024-10-09 04:00:00+00:00,16.98,0.1,4162.2
2024-10-09 05:00:00+00:00,40.0,0.1,3576.9
2024-10-09 06:00:00+00:00,52.8,1.1,3143.8
2024-10-09 07:00:00+00:00,47.59,58.8,3248.9
2024-10-09 08:00:00+00:00,35.06,248.3,3617.0
2024-10-09 09:00:00+00:00,30.3,441.5,3990.1
2024-10-09 10:00:00+00:00,26.5,667.4,4118.7
2024-10-09 11:00:00+00:00,20.33,862.9,4284.5
2024-10-09 12:00:00+00:00,6.0,1192.6,4372.9
2024-10-09 13:00:00+00:00,3.32,1203.5,4266.8
2024-10-09 14:00:00+00:00,3.32,1130.8,4154.6
2024-10-09 15:00:00+00:00,8.75,981.0,4104.9
2024-10-09 16:00:00+00:00,30.3,567.3,3921.3
2024-10-09 17:00:00+00:00,40.0,130.7,3456.5
2024-10-09 18:00:00+00:00,60.8,0.5,2859.1
2024-10-09 19:00:00+00:00,49.08,0.2,2373.2
2024-10-09 20:00:00+00:00,46.69,0.1,2027.8
2024-10-09 21:00:00+00:00,41.13,0.1,1667.0
2024-10-09 22:00:00+00:00,40.08,0.1,1392.7
2024-10-09 23:00:00+00:00,40.0,0.1,1211.0
2024-10-10 00:00:00+00:00,40.0,0.1,865.3
2024-10-10 01:00:00+00:00,40.0,0.1,588.8000000000001
2024-10-10 02:00:00+00:00,44.0,0.1,476.5
2024-10-10 03:00:00+00:00,55.01,0.1,424.6
2024-10-10 04:00:00+00:00,69.0,0.1,375.4
2024-10-10 05:00:00+00:00,91.48,0.1,323.1
2024-10-10 06:00:00+00:00,108.8,9.4,263.90000000000003
2024-10-10 07:00:00+00:00,92.0,271.2,197.8
2024-10-10 08:00:00+00:00,69.0,839.0,92.89999999999999
2024-10-10 09:00:00+00:00,40.29,1326.9,48.7
2024-10-10 10:00:00+00:00,39.83,1595.5,65.8
2024-10-10 11:00:00+00:00,40.08,1743.5,75.10000000000001
2024-10-10 12:00:00+00:00,39.83,1588.7,93.60000000000001
2024-10-10 13:00:00+00:00,40.5,1585.9,113.4
2024-10-10 14:00:00+00:00,55.26,1438.5,123.7
2024-10-10 15:00:00+00:00,71.78,1163.3,135.5
2024-10-10 16:00:00+00:00,100.0,729.2,104.8
2024-10-10 17:00:00+00:00,129.22,135.0,110.1
2024-10-10 18:00:00+00:00,180.0,0.4,122.5
2024-10-10 19:00:00+00:00,173.4,0.2,99.3
2024-10-10 20:00:00+00:00,120.0,0.2,137.9
2024-10-10 21:00:00+00:00,108.8,0.2,225.8
2024-10-10 22:00:00+00:00,111.03,0.1,404.7
2024-10-10 23:00:00+00:00,99.0,0.1,765.8
2024-10-11 00:00:00+00:00,92.0,0.1,1424.0
2024-10-11 01:00:00+00:00,88.71,0.1,2022.1000000000001
2024-10-11 02:00:00+00:00,84.72,0.1,2483.4
2024-10-11 03:00:00+00:00,81.37,0.1,2699.9
2024-10-11 04:00:00+00:00,99.95,0.1,3016.9
2024-10-11 05:00:00+00:00,106.0,0.1,3251.9
2024-10-11 06:00:00+00:00,111.04,0.7,3604.6
2024-10-11 07:00:00+00:00,110.01,58.9,3796.2
2024-10-11 08:00:00+00:00,90.0,265.3,3929.0
2024-10-11 09:00:00+00:00,79.9,479.7,4120.3
2024-10-11 10:00:00+00:00,70.1,549.5,4249.1
2024-10-11 11:00:00+00:00,58.11,602.3,4345.3
2024-10-11 12:00:00+00:00,61.95,712.9,4154.4
2024-10-11 13:00:00+00:00,66.95,569.5,3817.7
2024-10-11 14:00:00+00:00,70.0,504.6,3721.0
2024-10-11 15:00:00+00:00,71.35,329.8,3837.3
2024-10-11 16:00:00+00:00,82.44,174.7,3954.8
2024-10-11 17:00:00+00:00,100.8,39.0,4064.6
2024-10-11 18:00:00+00:00,109.01,0.2,3958.7
2024-10-11 19:00:00+00:00,90.69,0.1,3728.8
2024-10-11 20:00:00+00:00,81.37,0.1,3741.9
2024-10-11 21:00:00+00:00,80.57,0.1,3670.2
2024-10-11 22:00:00+00:00,67.29,0.1,3412.8
2024-10-11 23:00:00+00:00,57.57,0.1,3468.0
2024-10-12 00:00:00+00:00,47.96,0.1,3392.8
2024-10-12 01:00:00+00:00,38.91,0.0,3250.9
2024-10-12 02:00:00+00:00,38.91,0.1,3113.7
2024-10-12 03:00:00+00:00,42.63,0.1,2842.9
2024-10-12 04:00:00+00:00,60.21,0.1,2491.6
2024-10-12 05:00:00+00:00,61.0,0.1,2230.5
2024-10-12 06:00:00+00:00,62.97,0.4,1962.0
2024-10-12 07:00:00+00:00,67.08,72.2,1807.8
2024-10-12 08:00:00+00:00,69.31,379.9,1466.5
2024-10-12 09:00:00+00:00,72.5,794.6,1290.7
2024-10-12 10:00:00+00:00,70.0,1058.8,1073.6000000000001
2024-10-12 11:00:00+00:00,69.31,1284.2,1047.0
2024-10-12 12:00:00+00:00,66.83,1448.5,1016.8000000000001
2024-10-12 13:00:00+00:00,53.0,1517.6,931.8000000000001
2024-10-12 14:00:00+00:00,53.0,1338.1,924.0
2024-10-12 15:00:00+00:00,67.08,973.9,882.0
2024-10-12 16:00:00+00:00,84.65,478.9,823.5
2024-10-12 17:00:00+00:00,92.08,110.8,1099.5
2024-10-12 18:00:00+00:00,119.93,0.3,1529.6
2024-10-12 19:00:00+00:00,117.1,0.1,1779.1
2024-10-12 20:00:00+00:00,105.62,0.1,2148.0
2024-10-12 21:00:00+00:00,91.61,0.1,2545.0
2024-10-12 22:00:00+00:00,69.78,0.1,3066.3
2024-10-12 23:00:00+00:00,62.91,0.1,3041.7000000000003
2024-10-13 00:00:00+00:00,57.0,0.1,2967.4
2024-10-13 01:00:00+00:00,58.69,0.1,2768.4
2024-10-13 02:00:00+00:00,55.0,0.1,2766.5
2024-10-13 03:00:00+00:00,60.87,0.1,2864.7999999999997
2024-10-13 04:00:00+00:00,55.1,0.1,2866.7999999999997
2024-10-13 05:00:00+00:00,64.97,0.1,2708.3
2024-10-13 06:00:00+00:00,60.0,2.5,2448.7000000000003
2024-10-13 07:00:00+00:00,46.5,228.3,2485.8
2024-10-13 08:00:00+00:00,35.06,876.2,2285.3
2024-10-13 09:00:00+00:00,6.99,1163.4,2200.1
2024-10-13 10:00:00+00:00,4.49,1448.8,1968.7
2024-10-13 11:00:00+00:00,0.35,1559.0,1979.3999999999999
2024-10-13 12:00:00+00:00,0.35,1532.2,1778.8000000000002
2024-10-13 13:00:00+00:00,0.11,1441.9,1501.5
2024-10-13 14:00:00+00:00,6.8,1424.9,1306.4
2024-10-13 15:00:00+00:00,31.28,1180.4,1091.2
2024-10-13 16:00:00+00:00,62.82,727.3,946.1
2024-10-13 17:00:00+00:00,93.08,126.6,855.1
2024-10-13 18:00:00+00:00,116.97,0.2,949.7
2024-10-13 19:00:00+00:00,121.28,0.1,886.4
2024-10-13 20:00:00+00:00,102.78,0.1,1044.4
2024-10-13 21:00:00+00:00,93.56,0.1,1335.8
2024-10-13 22:00:00+00:00,93.98,0.1,1283.7
2024-10-13 23:00:00+00:00,85.23,0.1,972.8000000000001
2024-10-14 00:00:00+00:00,85.75,0.1,695.1
2024-10-14 01:00:00+00:00,83.83,0.0,670.1999999999999
2024-10-14 02:00:00+00:00,85.23,0.1,658.0
2024-10-14 03:00:00+00:00,93.74,0.1,743.4000000000001
2024-10-14 04:00:00+00:00,102.0,0.0,666.8
2024-10-14 05:00:00+00:00,122.86,0.1,620.0
2024-10-14 06:00:00+00:00,155.0,3.5,848.4
2024-10-14 07:00:00+00:00,122.86,230.0,959.3
2024-10-14 08:00:00+00:00,111.54,787.0,890.1
2024-10-14 09:00:00+00:00,92.5,1198.1,785.5
2024-10-14 10:00:00+00:00,85.7,1497.7,948.4
2024-10-14 11:00:00+00:00,78.42,1666.0,912.4
2024-10-14 12:00:00+00:00,74.16,1560.6,789.4
2024-10-14 13:00:00+00:00,73.07,1352.7,528.6
2024-10-14 14:00:00+00:00,71.2,1094.4,358.0
2024-10-14 15:00:00+00:00,97.46,882.0,367.9
2024-10-14 16:00:00+00:00,121.04,514.4,396.0
2024-10-14 17:00:00+00:00,161.89,71.6,516.0
2024-10-14 18:00:00+00:00,178.61,0.4,597.9
2024-10-14 19:00:00+00:00,128.9,0.2,862.9
2024-10-14 20:00:00+00:00,100.24,0.2,972.1
2024-10-14 21:00:00+00:00,94.8,0.2,941.2
2024-10-14 22:00:00+00:00,82.19,0.2,868.0
2024-10-14 23:00:00+00:00,79.99,0.1,959.4
2024-10-15 00:00:00+00:00,80.0,0.1,975.1
2024-10-15 01:00:00+00:00,77.05,0.0,938.3
2024-10-15 02:00:00+00:00,69.78,0.1,1009.9000000000001
2024-10-15 03:00:00+00:00,72.0,0.1,1019.6999999999999
2024-10-15 04:00:00+00:00,72.0,0.0,1099.5
2024-10-15 05:00:00+00:00,91.36,0.1,1149.4
2024-10-15 06:00:00+00:00,122.28,1.6,1310.1
2024-10-15 07:00:00+00:00,110.47,160.2,1486.1000000000001
2024-10-15 08:00:00+00:00,92.74,455.0,1666.0
2024-10-15 09:00:00+00:00,83.05,647.6,1878.6000000000001
2024-10-15 10:00:00+00:00,80.0,651.4,2047.1999999999998
2024-10-15 11:00:00+00:00,79.92,776.2,2165.8
2024-10-15 12:00:00+00:00,70.16,764.8,2306.1
2024-10-15 13:00:00+00:00,71.9,744.7,2382.8
2024-10-15 14:00:00+00:00,82.19,515.1,2365.6
2024-10-15 15:00:00+00:00,81.0,224.1,2527.4
2024-10-15 16:00:00+00:00,90.08,80.4,2744.7999999999997
2024-10-15 17:00:00+00:00,105.01,16.7,3157.9
2024-10-15 18:00:00+00:00,125.89,0.2,3369.7000000000003
2024-10-15 19:00:00+00:00,105.01,0.2,3198.5
2024-10-15 20:00:00+00:00,90.08,0.2,2794.2000000000003
2024-10-15 21:00:00+00:00,79.26,0.2,2115.0
2024-10-15 22:00:00+00:00,54.5,0.2,1555.0
2024-10-15 23:00:00+00:00,47.51,0.1,1062.3
2024-10-16 00:00:00+00:00,45.0,0.1,949.8
2024-10-16 01:00:00+00:00,40.32,0.1,1188.3
2024-10-16 02:00:00+00:00,40.0,0.1,1765.2
2024-10-16 03:00:00+00:00,40.0,0.1,2114.7000000000003
2024-10-16 04:00:00+00:00,52.84,0.1,2213.4
2024-10-16 05:00:00+00:00,49.9,0.1,2376.7999999999997
2024-10-16 06:00:00+00:00,59.55,1.9,2434.3
2024-10-16 07:00:00+00:00,54.29,147.4,2386.6
2024-10-16 08:00:00+00:00,30.0,623.1,1947.0
2024-10-16 09:00:00+00:00,14.16,1090.4,1730.6000000000001
2024-10-16 10:00:00+00:00,4.09,1421.3,1568.1
2024-10-16 11:00:00+00:00,3.32,1504.2,1530.8
2024-10-16 12:00:00+00:00,4.0,1517.1,1539.4
2024-10-16 13:00:00+00:00,14.18,1415.1,1529.3999999999999
2024-10-16 14:00:00+00:00,30.84,1191.4,1872.6
2024-10-16 15:00:00+00:00,51.81,776.2,1784.9
2024-10-16 16:00:00+00:00,75.74,325.1,1749.2
2024-10-16 17:00:00+00:00,83.91,24.3,1812.9
2024-10-16 18:00:00+00:00,112.08,0.2,1390.3999999999999
2024-10-16 19:00:00+00:00,105.01,0.2,773.1
2024-10-16 20:00:00+00:00,83.3,0.2,813.6999999999999
2024-10-16 21:00:00+00:00,75.74,0.2,703.9
2024-10-16 22:00:00+00:00,84.8,0.2,854.3000000000001
2024-10-16 23:00:00+00:00,76.5,0.1,1267.0
2024-10-17 00:00:00+00:00,70.12,0.1,1466.9
2024-10-17 01:00:00+00:00,70.0,0.1,1671.8999999999999
2024-10-17 02:00:00+00:00,60.0,0.1,2145.4
2024-10-17 03:00:00+00:00,54.08,0.1,2351.7
2024-10-17 04:00:00+00:00,63.38,0.1,2461.8
2024-10-17 05:00:00+00:00,84.34,0.1,2631.9
2024-10-17 06:00:00+00:00,83.93,4.8,2731.5
2024-10-17 07:00:00+00:00,82.27,344.3,2716.5
2024-10-17 08:00:00+00:00,55.0,1167.6,2391.3
2024-10-17 09:00:00+00:00,7.0,1655.4,2275.5
2024-10-17 10:00:00+00:00,3.32,1747.9,2416.1
2024-10-17 11:00:00+00:00,3.32,1775.9,2334.6
2024-10-17 12:00:00+00:00,1.51,1684.1,2486.8999999999996
2024-10-17 13:00:00+00:00,0.44,1723.8,2779.8
2024-10-17 14:00:00+00:00,0.44,1495.1,3008.0
2024-10-17 15:00:00+00:00,3.32,1228.4,2921.3
2024-10-17 16:00:00+00:00,49.97,693.1,2697.1
2024-10-17 17:00:00+00:00,82.27,105.5,2561.0
2024-10-17 18:00:00+00:00,82.27,0.4,2516.8
2024-10-17 19:00:00+00:00,72.59,0.2,2391.7000000000003
2024-10-17 20:00:00+00:00,71.08,0.2,2349.2999999999997
2024-10-17 21:00:00+00:00,68.06,0.2,2011.1
2024-10-17 22:00:00+00:00,50.1,0.2,1425.9
2024-10-17 23:00:00+00:00,45.62,0.1,1027.5
2024-10-18 00:00:00+00:00,38.06,0.1,646.6999999999999
2024-10-18 01:00:00+00:00,30.3,0.1,724.9
2024-10-18 02:00:00+00:00,51.21,0.1,1010.9
2024-10-18 03:00:00+00:00,51.21,0.1,1117.9
2024-10-18 04:00:00+00:00,57.84,0.1,1165.0
2024-10-18 05:00:00+00:00,75.0,0.1,1124.8
2024-10-18 06:00:00+00:00,99.5,1.3,1247.2
2024-10-18 07:00:00+00:00,75.0,145.4,1303.6999999999998
2024-10-18 08:00:00+00:00,54.5,522.4,1255.5
2024-10-18 09:00:00+00:00,54.08,774.5,1235.8999999999999
2024-10-18 10:00:00+00:00,54.08,911.0,1176.6
2024-10-18 11:00:00+00:00,53.83,1000.7,1081.1
2024-10-18 12:00:00+00:00,51.21,964.6,1106.8
2024-10-18 13:00:00+00:00,46.69,1019.9,1035.3
2024-10-18 14:00:00+00:00,46.13,1018.4,1279.0
2024-10-18 15:00:00+00:00,51.21,743.3,1635.9
2024-10-18 16:00:00+00:00,81.89,386.1,1841.7
2024-10-18 17:00:00+00:00,109.56,42.1,1873.1
2024-10-18 18:00:00+00:00,103.25,0.3,2079.2000000000003
2024-10-18 19:00:00+00:00,93.89,0.2,2066.8999999999996
2024-10-18 20:00:00+00:00,81.2,0.2,1523.3000000000002
2024-10-18 21:00:00+00:00,71.08,0.2,1056.2
2024-10-18 22:00:00+00:00,65.0,0.2,1009.9
2024-10-18 23:00:00+00:00,62.14,0.1,1293.0
2024-10-19 00:00:00+00:00,51.21,0.1,1583.8
2024-10-19 01:00:00+00:00,50.47,0.1,1313.2
2024-10-19 02:00:00+00:00,50.47,0.1,1279.8
2024-10-19 03:00:00+00:00,47.5,0.1,1368.6
2024-10-19 04:00:00+00:00,54.78,0.1,1575.6
2024-10-19 05:00:00+00:00,62.4,0.1,1822.3999999999999
2024-10-19 06:00:00+00:00,70.0,2.5,1975.8
2024-10-19 07:00:00+00:00,64.53,224.3,1900.6
2024-10-19 08:00:00+00:00,46.42,706.4,1800.0
2024-10-19 09:00:00+00:00,35.0,1019.9,2007.2
2024-10-19 10:00:00+00:00,30.24,1161.0,2060.0
2024-10-19 11:00:00+00:00,17.67,1186.6,1893.8999999999999
2024-10-19 12:00:00+00:00,13.17,1228.8,1839.2
2024-10-19 13:00:00+00:00,5.79,1152.3,1835.3000000000002
2024-10-19 14:00:00+00:00,5.05,915.1,1924.9
2024-10-19 15:00:00+00:00,22.32,611.2,2069.1
2024-10-19 16:00:00+00:00,44.13,332.8,1828.8999999999999
2024-10-19 17:00:00+00:00,70.0,49.5,1316.8999999999999
2024-10-19 18:00:00+00:00,82.88,0.2,1336.3
2024-10-19 19:00:00+00:00,91.5,0.2,1303.6
2024-10-19 20:00:00+00:00,80.18,0.2,1228.7
2024-10-19 21:00:00+00:00,73.33,0.1,1176.0
2024-10-19 22:00:00+00:00,56.0,0.0,1124.7
2024-10-19 23:00:00+00:00,54.85,0.1,1072.6
2024-10-20 00:00:00+00:00,54.85,0.1,1056.1000000000001
2024-10-20 01:00:00+00:00,54.85,0.1,964.5
2024-10-20 02:00:00+00:00,54.6,0.1,919.9
2024-10-20 03:00:00+00:00,54.6,0.1,877.1
2024-10-20 04:00:00+00:00,54.85,0.1,783.0
2024-10-20 05:00:00+00:00,54.85,0.1,745.9
2024-10-20 06:00:00+00:00,55.27,1.8,746.4
2024-10-20 07:00:00+00:00,54.85,179.9,709.4
2024-10-20 08:00:00+00:00,54.6,642.6,684.4
2024-10-20 09:00:00+00:00,0.08,1114.7,703.6999999999999
2024-10-20 10:00:00+00:00,3.33,1514.8,627.6
2024-10-20 11:00:00+00:00,3.33,1811.8,616.0
2024-10-20 12:00:00+00:00,0.02,1770.9,614.8
2024-10-20 13:00:00+00:00,0.02,1757.0,500.7
2024-10-20 14:00:00+00:00,0.04,1629.2,421.90000000000003
2024-10-20 15:00:00+00:00,8.64,1344.6,402.7
2024-10-20 16:00:00+00:00,64.82,731.0,390.1
2024-10-20 17:00:00+00:00,99.87,101.5,374.3
2024-10-20 18:00:00+00:00,125.01,0.2,429.9
2024-10-20 19:00:00+00:00,125.89,0.1,376.2
2024-10-20 20:00:00+00:00,100.23,0.1,327.4
2024-10-20 21:00:00+00:00,95.56,0.1,296.4
2024-10-20 22:00:00+00:00,92.0,0.1,308.8
2024-10-20 23:00:00+00:00,85.23,0.1,337.3
2024-10-21 00:00:00+00:00,74.61,0.1,365.6
2024-10-21 01:00:00+00:00,68.41,0.1,405.7
2024-10-21 02:00:00+00:00,64.0,0.1,501.0
2024-10-21 03:00:00+00:00,70.0,0.1,544.4000000000001
2024-10-21 04:00:00+00:00,90.71,0.0,572.8
2024-10-21 05:00:00+00:00,105.01,0.1,520.0
2024-10-21 06:00:00+00:00,125.89,2.0,499.7
2024-10-21 07:00:00+00:00,103.9,273.6,423.09999999999997
2024-10-21 08:00:00+00:00,88.77,1033.8,245.0
2024-10-21 09:00:00+00:00,81.5,1575.9,133.0
2024-10-21 10:00:00+00:00,73.29,1958.1,90.5
2024-10-21 11:00:00+00:00,69.0,2148.4,105.0
2024-10-21 12:00:00+00:00,67.04,2117.1,143.0
2024-10-21 13:00:00+00:00,67.88,2087.1,247.0
2024-10-21 14:00:00+00:00,70.47,1840.9,320.09999999999997
2024-10-21 15:00:00+00:00,90.22,1385.1,365.5
2024-10-21 16:00:00+00:00,103.41,687.1,400.0
2024-10-21 17:00:00+00:00,158.4,66.1,455.40000000000003
2024-10-21 18:00:00+00:00,181.0,0.4,641.8
2024-10-21 19:00:00+00:00,126.39,0.2,850.5
2024-10-21 20:00:00+00:00,103.37,0.2,1002.0
2024-10-21 21:00:00+00:00,95.56,0.2,1148.0
2024-10-21 22:00:00+00:00,80.85,0.2,1186.2
2024-10-21 23:00:00+00:00,70.0,0.1,1082.2
2024-10-22 00:00:00+00:00,63.79,0.1,1079.8000000000002
2024-10-22 01:00:00+00:00,69.4,0.1,1174.5
2024-10-22 02:00:00+00:00,60.0,0.1,1284.8
2024-10-22 03:00:00+00:00,70.0,0.1,1413.0
2024-10-22 04:00:00+00:00,75.97,0.1,1592.2
2024-10-22 05:00:00+00:00,102.17,0.1,1742.2
2024-10-22 06:00:00+00:00,123.02,1.0,1873.6000000000001
2024-10-22 07:00:00+00:00,105.5,208.0,1898.5
2024-10-22 08:00:00+00:00,93.02,889.7,1783.2
2024-10-22 09:00:00+00:00,55.4,1617.4,1548.5
2024-10-22 10:00:00+00:00,53.54,2095.5,1332.8
2024-10-22 11:00:00+00:00,50.24,2283.2,1079.4
2024-10-22 12:00:00+00:00,53.54,2292.9,873.1
2024-10-22 13:00:00+00:00,53.54,2204.0,758.8
2024-10-22 14:00:00+00:00,52.5,1986.4,670.0
2024-10-22 15:00:00+00:00,74.99,1549.1,633.5
2024-10-22 16:00:00+00:00,95.91,755.4,670.6
2024-10-22 17:00:00+00:00,124.71,80.8,887.2
2024-10-22 18:00:00+00:00,112.02,0.3,1292.5
2024-10-22 19:00:00+00:00,100.0,0.2,1682.0
2024-10-22 20:00:00+00:00,95.78,0.2,1992.3999999999999
2024-10-22 21:00:00+00:00,88.35,0.2,2083.0
2024-10-22 22:00:00+00:00,75.56,0.2,2099.7000000000003
2024-10-22 23:00:00+00:00,79.25,0.1,2162.0
2024-10-23 00:00:00+00:00,71.0,0.1,2132.9
2024-10-23 01:00:00+00:00,64.32,0.1,2225.7000000000003
2024-10-23 02:00:00+00:00,64.29,0.1,2176.1
2024-10-23 03:00:00+00:00,65.0,0.1,2026.7
2024-10-23 04:00:00+00:00,84.98,0.1,2008.8999999999999
2024-10-23 05:00:00+00:00,102.1,0.1,1913.6
2024-10-23 06:00:00+00:00,134.71,1.7,1985.0
2024-10-23 07:00:00+00:00,110.06,280.3,2023.1
2024-10-23 08:00:00+00:00,85.0,1105.6,1803.4
2024-10-23 09:00:00+00:00,65.0,1757.2,1528.9
2024-10-23 10:00:00+00:00,64.08,2077.4,1300.7
2024-10-23 11:00:00+00:00,56.58,2204.2,1087.1000000000001
2024-10-23 12:00:00+00:00,56.08,2242.1,909.5
2024-10-23 13:00:00+00:00,59.99,2127.3,725.6
2024-10-23 14:00:00+00:00,63.83,1894.7,561.8
2024-10-23 15:00:00+00:00,71.99,1428.5,455.1
2024-10-23 16:00:00+00:00,103.41,637.7,423.1
2024-10-23 17:00:00+00:00,155.8,64.2,489.0
2024-10-23 18:00:00+00:00,145.97,0.4,695.0
2024-10-23 19:00:00+00:00,121.89,0.3,980.4
2024-10-23 20:00:00+00:00,99.87,0.2,1272.3999999999999
2024-10-23 21:00:00+00:00,93.16,0.2,1525.1
2024-10-23 22:00:00+00:00,74.9,0.2,1804.6
2024-10-23 23:00:00+00:00,65.15,0.1,1855.3
2024-10-24 00:00:00+00:00,62.08,0.1,1840.3999999999999
2024-10-24 01:00:00+00:00,62.08,0.1,1844.6
2024-10-24 02:00:00+00:00,62.29,0.1,1808.5
2024-10-24 03:00:00+00:00,66.3,0.1,1759.2
2024-10-24 04:00:00+00:00,71.76,0.1,1797.1
2024-10-24 05:00:00+00:00,90.01,0.1,1898.3
2024-10-24 06:00:00+00:00,120.01,0.9,1996.6
2024-10-24 07:00:00+00:00,98.15,225.7,2010.8999999999999
2024-10-24 08:00:00+00:00,69.17,969.4,1947.7
2024-10-24 09:00:00+00:00,60.0,1338.7,1811.4
2024-10-24 10:00:00+00:00,50.24,1369.6,1773.6000000000001
2024-10-24 11:00:00+00:00,43.54,1224.5,1850.1
2024-10-24 12:00:00+00:00,30.01,1188.3,2164.5
2024-10-24 13:00:00+00:00,24.55,1010.7,2534.5
2024-10-24 14:00:00+00:00,47.44,639.0,2007.5
2024-10-24 15:00:00+00:00,60.4,341.1,1788.3
2024-10-24 16:00:00+00:00,79.36,190.1,1950.3999999999999
2024-10-24 17:00:00+00:00,110.16,22.0,1967.3
2024-10-24 18:00:00+00:00,101.35,0.3,1809.4
2024-10-24 19:00:00+00:00,92.98,0.2,1804.1
2024-10-24 20:00:00+00:00,75.72,0.2,1718.7
2024-10-24 21:00:00+00:00,67.0,0.2,1756.3
2024-10-24 22:00:00+00:00,57.0,0.2,1872.6000000000001
2024-10-24 23:00:00+00:00,55.83,0.1,2199.7999999999997
2024-10-25 00:00:00+00:00,43.5,0.1,2568.0
2024-10-25 01:00:00+00:00,44.0,0.1,2585.6
2024-10-25 02:00:00+00:00,49.0,0.1,2524.5
2024-10-25 03:00:00+00:00,41.0,0.1,2445.2
2024-10-25 04:00:00+00:00,56.5,0.1,2390.7
2024-10-25 05:00:00+00:00,70.1,0.1,2442.4
2024-10-25 06:00:00+00:00,90.3,0.5,2336.7
2024-10-25 07:00:00+00:00,79.64,136.6,2142.8
2024-10-25 08:00:00+00:00,70.0,763.3,1899.0
2024-10-25 09:00:00+00:00,60.0,1349.4,1875.8
2024-10-25 10:00:00+00:00,55.83,1698.2,1828.1999999999998
2024-10-25 11:00:00+00:00,54.0,1786.9,1878.2
2024-10-25 12:00:00+00:00,50.0,1750.7,2080.4
2024-10-25 13:00:00+00:00,42.0,1685.2,2238.2
2024-10-25 14:00:00+00:00,40.0,1634.9,2435.8
2024-10-25 15:00:00+00:00,53.9,1237.2,2504.7000000000003
2024-10-25 16:00:00+00:00,70.57,622.4,2475.6
2024-10-25 17:00:00+00:00,102.17,57.2,2246.0
2024-10-25 18:00:00+00:00,103.06,0.3,2329.6
2024-10-25 19:00:00+00:00,90.5,0.2,2361.0
2024-10-25 20:00:00+00:00,79.03,0.2,2224.3
2024-10-25 21:00:00+00:00,74.0,0.2,1958.1
2024-10-25 22:00:00+00:00,67.82,0.2,1704.8
2024-10-25 23:00:00+00:00,56.29,0.1,1540.6
2024-10-26 00:00:00+00:00,50.0,0.1,1433.9
2024-10-26 01:00:00+00:00,42.76,0.0,1278.6
2024-10-26 02:00:00+00:00,42.9,0.1,1112.6
2024-10-26 03:00:00+00:00,41.94,0.1,1013.5999999999999
2024-10-26 04:00:00+00:00,50.1,0.1,840.7
2024-10-26 05:00:00+00:00,56.5,0.1,690.1
2024-10-26 06:00:00+00:00,57.82,0.5,915.5999999999999
2024-10-26 07:00:00+00:00,65.56,108.7,1177.8999999999999
2024-10-26 08:00:00+00:00,56.08,315.7,1305.9
2024-10-26 09:00:00+00:00,48.43,530.1,1252.0
2024-10-26 10:00:00+00:00,44.15,837.1,1186.5
2024-10-26 11:00:00+00:00,25.1,1025.2,1028.1
2024-10-26 12:00:00+00:00,16.41,1094.1,1045.5
2024-10-26 13:00:00+00:00,5.01,1080.4,1373.1
2024-10-26 14:00:00+00:00,5.01,888.5,1554.7
2024-10-26 15:00:00+00:00,40.0,565.6,1627.8999999999999
2024-10-26 16:00:00+00:00,57.4,240.4,1778.9
2024-10-26 17:00:00+00:00,90.98,22.0,1816.2
2024-10-26 18:00:00+00:00,83.3,0.1,1975.4
2024-10-26 19:00:00+00:00,66.25,0.2,2011.3000000000002
2024-10-26 20:00:00+00:00,68.22,0.2,1887.6999999999998
2024-10-26 21:00:00+00:00,75.0,0.1,1739.7
2024-10-26 22:00:00+00:00,87.71,0.0,1561.3
2024-10-26 23:00:00+00:00,83.31,0.1,1458.2
2024-10-27 00:00:00+00:00,82.23,0.1,1428.8
2024-10-27 01:00:00+00:00,80.68,0.1,1401.7
2024-10-27 02:00:00+00:00,81.3,0.0,1306.6000000000001
2024-10-27 03:00:00+00:00,80.68,0.0,1162.8
2024-10-27 04:00:00+00:00,70.0,0.0,1000.3
2024-10-27 05:00:00+00:00,80.0,0.1,947.1999999999999
2024-10-27 06:00:00+00:00,86.24,0.7,966.7
2024-10-27 07:00:00+00:00,81.3,223.0,977.8
2024-10-27 08:00:00+00:00,64.36,1032.4,870.0
2024-10-27 09:00:00+00:00,54.72,1769.0,901.4
2024-10-27 10:00:00+00:00,42.5,2166.4,787.5
2024-10-27 11:00:00+00:00,39.99,2207.8,652.5999999999999
2024-10-27 12:00:00+00:00,40.0,2253.0,692.2
2024-10-27 13:00:00+00:00,55.19,2115.9,939.5
2024-10-27 14:00:00+00:00,44.99,1800.5,1161.8999999999999
2024-10-27 15:00:00+00:00,63.97,1310.1,1561.8999999999999
2024-10-27 16:00:00+00:00,81.25,545.8,1783.3
2024-10-27 17:00:00+00:00,96.27,42.6,1683.8
2024-10-27 18:00:00+00:00,128.7,0.1,2023.0
2024-10-27 19:00:00+00:00,115.51,0.1,2633.5
2024-10-27 20:00:00+00:00,107.36,0.1,2832.3999999999996
2024-10-27 21:00:00+00:00,90.58,0.1,2990.6
2024-10-27 22:00:00+00:00,102.99,0.1,2999.9
2024-10-27 23:00:00+00:00,60.61,0.1,2900.9
2024-10-28 00:00:00+00:00,50.31,0.1,2834.4
2024-10-28 01:00:00+00:00,49.0,0.1,2995.3
2024-10-28 02:00:00+00:00,43.1,0.1,3119.8
2024-10-28 03:00:00+00:00,43.92,0.1,3222.8
2024-10-28 04:00:00+00:00,49.2,0.1,3310.0
2024-10-28 05:00:00+00:00,65.78,0.1,3379.3
2024-10-28 06:00:00+00:00,86.74,0.4,3259.2999999999997
2024-10-28 07:00:00+00:00,92.6,202.6,3259.3
2024-10-28 08:00:00+00:00,68.39,1062.7,3009.1
2024-10-28 09:00:00+00:00,60.61,1798.2,2682.1
2024-10-28 10:00:00+00:00,51.99,2002.7,2436.5
2024-10-28 11:00:00+00:00,50.24,2085.0,2325.2999999999997
2024-10-28 12:00:00+00:00,51.97,2026.3,2125.2999999999997
2024-10-28 13:00:00+00:00,51.97,2030.1,1846.2
2024-10-28 14:00:00+00:00,52.51,1881.4,1757.7
2024-10-28 15:00:00+00:00,84.89,1408.9,1503.3
2024-10-28 16:00:00+00:00,115.57,678.3,1273.5
2024-10-28 17:00:00+00:00,149.48,61.3,1578.8999999999999
2024-10-28 18:00:00+00:00,133.66,0.3,2203.0
2024-10-28 19:00:00+00:00,115.73,0.2,2629.0
2024-10-28 20:00:00+00:00,110.49,0.2,3017.5
2024-10-28 21:00:00+00:00,98.61,0.2,3321.8
2024-10-28 22:00:00+00:00,81.25,0.2,3263.4
2024-10-28 23:00:00+00:00,70.0,0.2,3141.0
2024-10-29 00:00:00+00:00,65.14,0.1,3206.6
2024-10-29 01:00:00+00:00,56.21,0.1,3235.9
2024-10-29 02:00:00+00:00,49.28,0.1,3336.1
2024-10-29 03:00:00+00:00,49.04,0.1,3356.4
2024-10-29 04:00:00+00:00,58.4,0.1,3504.4
2024-10-29 05:00:00+00:00,70.84,0.1,3524.7000000000003
2024-10-29 06:00:00+00:00,83.09,0.1,3666.7999999999997
2024-10-29 07:00:00+00:00,91.36,99.2,3767.8
2024-10-29 08:00:00+00:00,72.4,442.8,3591.5
2024-10-29 09:00:00+00:00,73.61,783.6,3453.1
2024-10-29 10:00:00+00:00,71.1,1097.6,3252.1000000000004
2024-10-29 11:00:00+00:00,71.1,1127.0,3210.1000000000004
2024-10-29 12:00:00+00:00,71.0,1070.3,2810.7
2024-10-29 13:00:00+00:00,70.84,1066.5,2461.6
2024-10-29 14:00:00+00:00,71.1,874.6,2362.3999999999996
2024-10-29 15:00:00+00:00,73.61,653.6,2400.5
2024-10-29 16:00:00+00:00,74.7,271.5,2534.6
2024-10-29 17:00:00+00:00,85.0,17.7,2926.3
2024-10-29 18:00:00+00:00,93.34,0.3,3370.3999999999996
2024-10-29 19:00:00+00:00,98.61,0.2,3678.0
2024-10-29 20:00:00+00:00,90.0,0.2,3398.4
2024-10-29 21:00:00+00:00,83.22,0.2,3280.2000000000003
2024-10-29 22:00:00+00:00,68.7,0.2,3189.5
2024-10-29 23:00:00+00:00,66.0,0.2,3151.8
2024-10-30 00:00:00+00:00,55.0,0.1,3321.5
2024-10-30 01:00:00+00:00,52.99,0.1,3098.2000000000003
2024-10-30 02:00:00+00:00,44.6,0.1,2934.3
2024-10-30 03:00:00+00:00,47.95,0.1,2957.5
2024-10-30 04:00:00+00:00,52.5,0.1,2733.5
2024-10-30 05:00:00+00:00,68.68,0.1,2546.8
2024-10-30 06:00:00+00:00,76.04,0.1,2359.0
2024-10-30 07:00:00+00:00,90.25,104.9,2200.4
2024-10-30 08:00:00+00:00,85.0,639.2,2095.5
2024-10-30 09:00:00+00:00,69.7,1189.6,1961.1
2024-10-30 10:00:00+00:00,69.57,1380.1,1661.4
2024-10-30 11:00:00+00:00,73.05,1392.0,1444.6
2024-10-30 12:00:00+00:00,73.52,1361.7,1205.3
2024-10-30 13:00:00+00:00,69.57,1233.8,1006.9
2024-10-30 14:00:00+00:00,72.65,835.0,981.2
2024-10-30 15:00:00+00:00,86.81,418.3,1024.2
2024-10-30 16:00:00+00:00,102.3,179.1,1166.8
2024-10-30 17:00:00+00:00,145.0,20.4,1697.3999999999999
2024-10-30 18:00:00+00:00,143.36,0.3,2207.1
2024-10-30 19:00:00+00:00,143.36,0.3,2508.1
2024-10-30 20:00:00+00:00,132.33,0.2,2751.8
2024-10-30 21:00:00+00:00,99.8,0.2,2957.3
2024-10-30 22:00:00+00:00,91.71,0.2,2859.4
2024-10-30 23:00:00+00:00,80.0,0.2,3039.0
2024-10-31 00:00:00+00:00,76.79,0.1,3151.5
2024-10-31 01:00:00+00:00,75.0,0.1,3095.4
2024-10-31 02:00:00+00:00,72.59,0.1,3049.2
2024-10-31 03:00:00+00:00,70.99,0.1,2986.3999999999996
2024-10-31 04:00:00+00:00,77.0,0.1,3006.6
2024-10-31 05:00:00+00:00,88.39,0.1,3002.7
2024-10-31 06:00:00+00:00,107.36,0.1,2957.4
2024-10-31 07:00:00+00:00,121.58,60.8,2963.0
2024-10-31 08:00:00+00:00,102.8,330.5,2835.2999999999997
2024-10-31 09:00:00+00:00,93.2,613.4,2588.4
2024-10-31 10:00:00+00:00,85.04,863.8,2406.0
2024-10-31 11:00:00+00:00,88.91,984.0,2321.2
2024-10-31 12:00:00+00:00,85.31,983.0,2211.6
2024-10-31 13:00:00+00:00,85.51,884.5,2213.1
2024-10-31 14:00:00+00:00,95.5,768.2,2373.0
2024-10-31 15:00:00+00:00,113.0,554.7,2456.9
2024-10-31 16:00:00+00:00,130.0,274.8,2454.6
2024-10-31 17:00:00+00:00,134.14,17.4,2431.7
2024-10-31 18:00:00+00:00,135.01,0.3,2585.9
2024-10-31 19:00:00+00:00,148.72,0.2,2687.1000000000004
2024-10-31 20:00:00+00:00,134.34,0.2,2705.0
2024-10-31 21:00:00+00:00,115.2,0.2,2540.9
2024-10-31 22:00:00+00:00,102.0,0.2,2479.7999999999997
2024-10-31 23:00:00+00:00,86.48,0.2,2492.6
2024-11-01 00:00:00+00:00,81.71,0.2,2426.7999999999997
2024-11-01 01:00:00+00:00,75.0,0.2,2340.0
2024-11-01 02:00:00+00:00,70.7,0.2,2130.5
2024-11-01 03:00:00+00:00,70.68,0.2,1978.5
2024-11-01 04:00:00+00:00,71.66,0.2,1895.3
2024-11-01 05:00:00+00:00,73.84,0.2,1897.9
2024-11-01 06:00:00+00:00,78.0,0.2,1910.1999999999998
2024-11-01 07:00:00+00:00,73.09,30.5,2059.7
2024-11-01 08:00:00+00:00,70.0,222.6,2181.0
2024-11-01 09:00:00+00:00,66.71,403.6,2086.2999999999997
2024-11-01 10:00:00+00:00,47.8,581.6,1835.8999999999999
2024-11-01 11:00:00+00:00,49.99,811.5,1571.7
2024-11-01 12:00:00+00:00,50.24,903.5,1481.7
2024-11-01 13:00:00+00:00,60.0,786.8,1533.8999999999999
2024-11-01 14:00:00+00:00,70.43,574.8,1471.4
2024-11-01 15:00:00+00:00,83.76,386.8,1529.6
2024-11-01 16:00:00+00:00,105.48,131.9,1526.5
2024-11-01 17:00:00+00:00,125.88,6.5,1559.6
2024-11-01 18:00:00+00:00,120.01,0.0,1677.8
2024-11-01 19:00:00+00:00,119.7,0.0,1696.3
2024-11-01 20:00:00+00:00,110.75,0.0,1539.0
2024-11-01 21:00:00+00:00,101.09,0.0,1569.1000000000001
2024-11-01 22:00:00+00:00,95.65,0.0,1481.9
2024-11-01 23:00:00+00:00,96.28,0.0,1732.6
2024-11-02 00:00:00+00:00,91.56,0.0,2060.4
2024-11-02 01:00:00+00:00,88.93,0.0,2060.0
2024-11-02 02:00:00+00:00,86.0,0.0,2037.0
2024-11-02 03:00:00+00:00,86.85,0.1,1655.1000000000001
2024-11-02 04:00:00+00:00,85.62,0.0,1441.7
2024-11-02 05:00:00+00:00,93.14,0.1,1442.9
2024-11-02 06:00:00+00:00,100.11,0.1,1627.5
2024-11-02 07:00:00+00:00,101.16,138.0,1865.0
2024-11-02 08:00:00+00:00,88.93,833.3,1686.8
2024-11-02 09:00:00+00:00,77.89,1504.0,1232.2
2024-11-02 10:00:00+00:00,71.77,1914.3,821.1
2024-11-02 11:00:00+00:00,74.63,1958.4,469.7
2024-11-02 12:00:00+00:00,69.84,1929.9,332.1
2024-11-02 13:00:00+00:00,72.34,1778.4,335.2
2024-11-02 14:00:00+00:00,70.63,1612.1,386.0
2024-11-02 15:00:00+00:00,85.0,1188.9,359.2
2024-11-02 16:00:00+00:00,105.82,468.2,274.7
2024-11-02 17:00:00+00:00,114.64,23.0,306.0
2024-11-02 18:00:00+00:00,114.64,0.1,561.5
2024-11-02 19:00:00+00:00,112.46,0.1,885.6
2024-11-02 20:00:00+00:00,111.54,0.1,1055.4
2024-11-02 21:00:00+00:00,106.28,0.1,1114.3
2024-11-02 22:00:00+00:00,100.61,0.0,1150.5
2024-11-02 23:00:00+00:00,101.19,0.1,1331.5
2024-11-03 00:00:00+00:00,91.36,0.1,1450.7
2024-11-03 01:00:00+00:00,85.51,0.0,1585.7
2024-11-03 02:00:00+00:00,85.0,0.1,1725.0
2024-11-03 03:00:00+00:00,76.25,0.1,1898.4
2024-11-03 04:00:00+00:00,75.12,0.1,1991.1
2024-11-03 05:00:00+00:00,84.18,0.1,2015.8
2024-11-03 06:00:00+00:00,87.14,0.1,2020.1
2024-11-03 07:00:00+00:00,77.89,157.8,2173.0
2024-11-03 08:00:00+00:00,40.1,855.5,2278.2999999999997
2024-11-03 09:00:00+00:00,30.0,1426.5,2199.6
2024-11-03 10:00:00+00:00,19.99,1743.0,2072.8999999999996
2024-11-03 11:00:00+00:00,7.4,1796.1,1939.5
2024-11-03 12:00:00+00:00,24.77,1746.7,1735.9
2024-11-03 13:00:00+00:00,25.1,1558.9,1709.6000000000001
2024-11-03 14:00:00+00:00,30.3,1150.9,1771.5
2024-11-03 15:00:00+00:00,65.97,663.4,1877.4
2024-11-03 16:00:00+00:00,94.73,197.7,2018.2
2024-11-03 17:00:00+00:00,116.67,10.6,2458.7999999999997
2024-11-03 18:00:00+00:00,114.01,0.0,2869.7
2024-11-03 19:00:00+00:00,111.04,0.0,3020.6
2024-11-03 20:00:00+00:00,102.54,0.0,2941.5
2024-11-03 21:00:00+00:00,100.2,0.0,2969.3
2024-11-03 22:00:00+00:00,95.24,0.1,2989.2999999999997
2024-11-03 23:00:00+00:00,92.04,0.1,3028.3
2024-11-04 00:00:00+00:00,89.96,0.0,2762.7999999999997
2024-11-04 01:00:00+00:00,90.07,0.0,2604.6
2024-11-04 02:00:00+00:00,83.82,0.1,2444.5
2024-11-04 03:00:00+00:00,85.36,0.1,2243.6
2024-11-04 04:00:00+00:00,89.89,0.0,2176.0
2024-11-04 05:00:00+00:00,104.14,0.1,2237.6
2024-11-04 06:00:00+00:00,121.15,0.1,2356.4
2024-11-04 07:00:00+00:00,120.75,62.5,2388.5
2024-11-04 08:00:00+00:00,118.04,350.6,2297.7
2024-11-04 09:00:00+00:00,99.88,766.9,2190.4
2024-11-04 10:00:00+00:00,93.32,954.2,2138.7000000000003
2024-11-04 11:00:00+00:00,91.39,853.2,2109.5
2024-11-04 12:00:00+00:00,90.1,916.5,2153.2
2024-11-04 13:00:00+00:00,92.4,802.9,2129.7000000000003
2024-11-04 14:00:00+00:00,109.64,579.7,1936.6
2024-11-04 15:00:00+00:00,120.94,333.5,1866.0
2024-11-04 16:00:00+00:00,135.24,129.9,1928.0
2024-11-04 17:00:00+00:00,160.54,6.2,2066.0
2024-11-04 18:00:00+00:00,151.52,0.2,2140.6
2024-11-04 19:00:00+00:00,123.0,0.1,2144.6
2024-11-04 20:00:00+00:00,118.28,0.1,2184.2
2024-11-04 21:00:00+00:00,118.28,0.1,2187.7999999999997
2024-11-04 22:00:00+00:00,109.64,0.1,2262.9
2024-11-04 23:00:00+00:00,101.47,0.1,2229.6
2024-11-05 00:00:00+00:00,94.0,0.0,2260.7999999999997
2024-11-05 01:00:00+00:00,90.43,0.0,2134.8
2024-11-05 02:00:00+00:00,90.89,0.1,2221.7
2024-11-05 03:00:00+00:00,91.1,0.1,2172.1
2024-11-05 04:00:00+00:00,101.47,0.0,2252.4
2024-11-05 05:00:00+00:00,115.17,0.1,2262.3999999999996
2024-11-05 06:00:00+00:00,124.09,0.1,2283.9
2024-11-05 07:00:00+00:00,133.14,38.9,2339.2000000000003
2024-11-05 08:00:00+00:00,118.23,237.4,2393.5
2024-11-05 09:00:00+00:00,105.87,525.0,2358.9
2024-11-05 10:00:00+00:00,95.28,703.4,2202.8
2024-11-05 11:00:00+00:00,94.92,737.3,2154.5
2024-11-05 12:00:00+00:00,99.25,969.0,2113.9
2024-11-05 13:00:00+00:00,109.5,914.7,2087.4
2024-11-05 14:00:00+00:00,111.33,658.6,1843.2
2024-11-05 15:00:00+00:00,115.54,455.1,1560.2
2024-11-05 16:00:00+00:00,123.62,186.4,1364.6000000000001
2024-11-05 17:00:00+00:00,193.0,9.5,1279.4
2024-11-05 18:00:00+00:00,186.2,0.1,1144.8000000000002
2024-11-05 19:00:00+00:00,154.45,0.1,971.0
2024-11-05 20:00:00+00:00,126.63,0.1,827.1999999999999
2024-11-05 21:00:00+00:00,121.28,0.1,781.0
2024-11-05 22:00:00+00:00,112.23,0.1,732.4
2024-11-05 23:00:00+00:00,123.04,0.1,796.9
2024-11-06 00:00:00+00:00,119.23,0.1,819.9
2024-11-06 01:00:00+00:00,117.98,0.1,823.6
2024-11-06 02:00:00+00:00,116.03,0.0,814.7
2024-11-06 03:00:00+00:00,110.43,0.1,774.2
2024-11-06 04:00:00+00:00,112.53,0.1,724.0
2024-11-06 05:00:00+00:00,119.23,0.1,782.5
2024-11-06 06:00:00+00:00,125.01,0.1,922.6999999999999
2024-11-06 07:00:00+00:00,128.89,86.7,1127.0
2024-11-06 08:00:00+00:00,119.23,564.3,1397.1000000000001
2024-11-06 09:00:00+00:00,100.34,1165.0,1451.8999999999999
2024-11-06 10:00:00+00:00,92.33,1657.4,1368.5
2024-11-06 11:00:00+00:00,88.0,1993.3,1210.4
2024-11-06 12:00:00+00:00,90.0,2025.6,966.7
2024-11-06 13:00:00+00:00,86.0,1992.0,710.6999999999999
2024-11-06 14:00:00+00:00,92.58,1787.5,489.90000000000003
2024-11-06 15:00:00+00:00,105.8,1298.1,386.5
2024-11-06 16:00:00+00:00,125.0,477.2,424.9
2024-11-06 17:00:00+00:00,171.89,13.3,674.6
2024-11-06 18:00:00+00:00,167.02,0.2,1215.8999999999999
2024-11-06 19:00:00+00:00,135.18,0.1,1762.8999999999999
2024-11-06 20:00:00+00:00,124.65,0.1,2234.6
2024-11-06 21:00:00+00:00,117.39,0.1,2643.1
2024-11-06 22:00:00+00:00,116.16,0.1,2935.4
2024-11-06 23:00:00+00:00,106.54,0.1,2895.3
2024-11-07 00:00:00+00:00,95.72,0.1,2736.3
2024-11-07 01:00:00+00:00,94.01,0.1,2628.9
2024-11-07 02:00:00+00:00,99.32,0.1,2601.0
2024-11-07 03:00:00+00:00,100.2,0.1,2452.0
2024-11-07 04:00:00+00:00,107.61,0.1,2297.4
2024-11-07 05:00:00+00:00,109.9,0.1,2341.2000000000003
2024-11-07 06:00:00+00:00,122.76,0.2,2402.1000000000004
2024-11-07 07:00:00+00:00,127.51,141.5,2433.5
2024-11-07 08:00:00+00:00,120.04,744.4,2186.2000000000003
2024-11-07 09:00:00+00:00,105.6,1312.0,1989.0
2024-11-07 10:00:00+00:00,95.0,1683.4,1856.2
2024-11-07 11:00:00+00:00,90.0,1808.5,1682.3
2024-11-07 12:00:00+00:00,90.0,1829.3,1600.8
2024-11-07 13:00:00+00:00,92.0,1817.8,1406.1000000000001
2024-11-07 14:00:00+00:00,106.87,1445.6,1268.9
2024-11-07 15:00:00+00:00,119.16,768.0,1062.8999999999999
2024-11-07 16:00:00+00:00,122.98,186.0,1173.7
2024-11-07 17:00:00+00:00,151.49,6.6,1471.7
2024-11-07 18:00:00+00:00,144.66,0.2,1680.6
2024-11-07 19:00:00+00:00,130.99,0.1,1846.5
2024-11-07 20:00:00+00:00,124.48,0.2,2105.9
2024-11-07 21:00:00+00:00,115.31,0.2,2348.4
2024-11-07 22:00:00+00:00,111.73,0.2,2650.8
2024-11-07 23:00:00+00:00,103.48,0.2,2603.6
2024-11-08 00:00:00+00:00,104.0,0.1,2272.8
2024-11-08 01:00:00+00:00,98.78,0.1,1767.1
2024-11-08 02:00:00+00:00,98.78,0.1,1526.8
2024-11-08 03:00:00+00:00,98.8,0.1,1497.8
2024-11-08 04:00:00+00:00,103.23,0.1,1581.4
2024-11-08 05:00:00+00:00,112.09,0.1,1476.2
2024-11-08 06:00:00+00:00,126.56,0.1,1302.1999999999998
2024-11-08 07:00:00+00:00,130.37,24.0,1112.5
2024-11-08 08:00:00+00:00,124.1,183.9,931.4
2024-11-08 09:00:00+00:00,117.34,405.1,749.1
2024-11-08 10:00:00+00:00,110.94,727.9,680.5
2024-11-08 11:00:00+00:00,105.59,1023.5,690.9
2024-11-08 12:00:00+00:00,106.81,1105.0,569.9000000000001
2024-11-08 13:00:00+00:00,112.53,1171.4,485.6
2024-11-08 14:00:00+00:00,122.8,1036.1,436.5
2024-11-08 15:00:00+00:00,127.74,757.5,348.0
2024-11-08 16:00:00+00:00,129.88,262.2,366.09999999999997
2024-11-08 17:00:00+00:00,133.58,7.7,453.6
2024-11-08 18:00:00+00:00,134.28,0.2,586.7
2024-11-08 19:00:00+00:00,134.28,0.2,702.5999999999999
2024-11-08 20:00:00+00:00,132.28,0.2,748.6999999999999
2024-11-08 21:00:00+00:00,127.74,0.2,688.0
2024-11-08 22:00:00+00:00,123.76,0.1,525.3
2024-11-08 23:00:00+00:00,115.7,0.1,490.0
2024-11-09 00:00:00+00:00,115.7,0.0,436.0
2024-11-09 01:00:00+00:00,98.96,0.0,430.8
2024-11-09 02:00:00+00:00,98.96,0.0,448.6
2024-11-09 03:00:00+00:00,98.41,0.0,598.6
2024-11-09 04:00:00+00:00,100.17,0.0,643.3
2024-11-09 05:00:00+00:00,104.31,0.1,506.3
2024-11-09 06:00:00+00:00,109.87,0.1,436.3
2024-11-09 07:00:00+00:00,114.1,49.3,451.7
2024-11-09 08:00:00+00:00,114.6,444.4,434.5
2024-11-09 09:00:00+00:00,109.97,989.3,329.4
2024-11-09 10:00:00+00:00,106.4,1424.4,242.0
2024-11-09 11:00:00+00:00,100.37,1859.1,191.0
2024-11-09 12:00:00+00:00,96.8,2079.8,215.3
2024-11-09 13:00:00+00:00,93.23,2066.7,288.7
2024-11-09 14:00:00+00:00,90.2,1841.1,311.9
2024-11-09 15:00:00+00:00,114.08,1258.3,339.9
2024-11-09 16:00:00+00:00,130.04,395.4,449.1
2024-11-09 17:00:00+00:00,133.34,10.0,692.9
2024-11-09 18:00:00+00:00,134.86,0.1,932.3
2024-11-09 19:00:00+00:00,128.32,0.2,1006.2
2024-11-09 20:00:00+00:00,117.96,0.1,998.8
2024-11-09 21:00:00+00:00,114.53,0.1,1045.2
2024-11-09 22:00:00+00:00,110.1,0.0,1162.3
2024-11-09 23:00:00+00:00,104.99,0.0,1228.0
2024-11-10 00:00:00+00:00,102.28,0.0,1314.3
2024-11-10 01:00:00+00:00,97.69,0.0,1368.0
2024-11-10 02:00:00+00:00,92.52,0.0,1351.5
2024-11-10 03:00:00+00:00,90.0,0.0,1644.8999999999999
2024-11-10 04:00:00+00:00,89.18,0.0,1771.7
2024-11-10 05:00:00+00:00,95.09,0.1,1695.8
2024-11-10 06:00:00+00:00,102.45,0.1,1567.6000000000001
2024-11-10 07:00:00+00:00,97.95,111.2,1585.4
2024-11-10 08:00:00+00:00,82.78,784.6,1501.1
2024-11-10 09:00:00+00:00,65.2,1472.0,1450.8999999999999
2024-11-10 10:00:00+00:00,50.0,1676.7,1289.3
2024-11-10 11:00:00+00:00,48.4,1839.9,1259.0
2024-11-10 12:00:00+00:00,49.01,1823.1,1263.5
2024-11-10 13:00:00+00:00,49.01,1766.7,1308.6999999999998
2024-11-10 14:00:00+00:00,50.24,1579.9,1313.5
2024-11-10 15:00:00+00:00,83.2,1005.5,1402.4
2024-11-10 16:00:00+00:00,116.0,336.7,1536.2
2024-11-10 17:00:00+00:00,127.99,11.8,1643.5
2024-11-10 18:00:00+00:00,128.02,0.1,1600.7
2024-11-10 19:00:00+00:00,125.31,0.1,1552.7
2024-11-10 20:00:00+00:00,115.28,0.1,1527.8
2024-11-10 21:00:00+00:00,111.1,0.1,1460.8
2024-11-10 22:00:00+00:00,108.02,0.1,1548.7
2024-11-10 23:00:00+00:00,109.0,0.0,1539.7
2024-11-11 00:00:00+00:00,101.71,0.0,1649.8
2024-11-11 01:00:00+00:00,99.39,0.0,1827.4
2024-11-11 02:00:00+00:00,85.38,0.0,1924.5
2024-11-11 03:00:00+00:00,80.66,0.0,1977.2
2024-11-11 04:00:00+00:00,80.2,0.0,1997.6
2024-11-11 05:00:00+00:00,84.1,0.1,2094.2000000000003
2024-11-11 06:00:00+00:00,105.72,0.1,2065.5
2024-11-11 07:00:00+00:00,109.0,91.5,2147.4
2024-11-11 08:00:00+00:00,79.9,744.8,2202.7999999999997
2024-11-11 09:00:00+00:00,50.24,1479.7,2336.6
2024-11-11 10:00:00+00:00,45.2,1901.3,2323.0
2024-11-11 11:00:00+00:00,33.49,2089.4,2208.3
2024-11-11 12:00:00+00:00,15.2,2139.8,2036.1000000000001
2024-11-11 13:00:00+00:00,33.27,2037.3,1911.0
2024-11-11 14:00:00+00:00,48.04,1758.6,1805.1000000000001
2024-11-11 15:00:00+00:00,65.63,1212.4,1779.9
2024-11-11 16:00:00+00:00,106.7,426.0,2052.7
2024-11-11 17:00:00+00:00,115.89,11.7,2278.1
2024-11-11 18:00:00+00:00,116.86,0.2,2519.7
2024-11-11 19:00:00+00:00,109.69,0.2,2746.7999999999997
2024-11-11 20:00:00+00:00,96.73,0.2,2901.7
2024-11-11 21:00:00+00:00,88.92,0.2,3133.4
2024-11-11 22:00:00+00:00,78.2,0.1,3250.6
2024-11-11 23:00:00+00:00,65.0,0.1,3330.5
2024-11-12 00:00:00+00:00,49.97,0.0,3309.7000000000003
2024-11-12 01:00:00+00:00,49.78,0.0,3517.4
2024-11-12 02:00:00+00:00,45.38,0.1,3509.5
2024-11-12 03:00:00+00:00,31.24,0.1,3424.7000000000003
2024-11-12 04:00:00+00:00,49.84,0.1,3360.7999999999997
2024-11-12 05:00:00+00:00,70.2,0.1,3368.2000000000003
2024-11-12 06:00:00+00:00,102.66,0.1,3410.2000000000003
2024-11-12 07:00:00+00:00,102.67,105.4,3298.9
2024-11-12 08:00:00+00:00,69.98,819.5,3252.4
2024-11-12 09:00:00+00:00,4.31,1492.5,3099.6
2024-11-12 10:00:00+00:00,3.32,1792.2,2733.1
2024-11-12 11:00:00+00:00,3.32,1861.6,2268.8
2024-11-12 12:00:00+00:00,3.32,1969.1,2129.5
2024-11-12 13:00:00+00:00,4.31,1927.8,1936.6000000000001
2024-11-12 14:00:00+00:00,11.01,1709.1,1558.5
2024-11-12 15:00:00+00:00,66.02,1206.4,1384.6
2024-11-12 16:00:00+00:00,102.67,421.2,1297.8999999999999
2024-11-12 17:00:00+00:00,115.06,17.1,1677.6
2024-11-12 18:00:00+00:00,120.76,0.2,1982.5
2024-11-12 19:00:00+00:00,128.86,0.2,2084.6
2024-11-12 20:00:00+00:00,120.28,0.1,2449.8999999999996
2024-11-12 21:00:00+00:00,119.92,0.2,2729.1
2024-11-12 22:00:00+00:00,113.87,0.1,3090.5
2024-11-12 23:00:00+00:00,100.13,0.1,3246.4
2024-11-13 00:00:00+00:00,99.47,0.3,3335.4
2024-11-13 01:00:00+00:00,99.12,0.1,3449.1
2024-11-13 02:00:00+00:00,95.33,0.1,3336.4
2024-11-13 03:00:00+00:00,91.82,0.0,3430.7
2024-11-13 04:00:00+00:00,94.9,0.0,3402.8
2024-11-13 05:00:00+00:00,104.09,0.1,3499.8
2024-11-13 06:00:00+00:00,120.0,0.1,3583.7999999999997
2024-11-13 07:00:00+00:00,121.76,84.6,3707.1
2024-11-13 08:00:00+00:00,120.86,723.3,3544.9
2024-11-13 09:00:00+00:00,104.09,1484.3,3493.6
2024-11-13 10:00:00+00:00,84.9,1736.6,3359.2999999999997
2024-11-13 11:00:00+00:00,82.99,1821.3,3261.4
2024-11-13 12:00:00+00:00,83.2,1822.9,3174.1000000000004
2024-11-13 13:00:00+00:00,84.9,1690.1,3037.8
2024-11-13 14:00:00+00:00,95.97,1379.4,3054.9
2024-11-13 15:00:00+00:00,112.35,859.9,3191.7
2024-11-13 16:00:00+00:00,116.28,305.7,3347.9
2024-11-13 17:00:00+00:00,121.28,9.4,3422.5
2024-11-13 18:00:00+00:00,132.18,0.2,3414.9
2024-11-13 19:00:00+00:00,133.61,0.2,3511.2000000000003
2024-11-13 20:00:00+00:00,119.8,0.2,3649.8
2024-11-13 21:00:00+00:00,115.88,0.2,3696.6
2024-11-13 22:00:00+00:00,100.0,0.2,3822.7999999999997
2024-11-13 23:00:00+00:00,90.2,0.1,3795.6
2024-11-14 00:00:00+00:00,90.0,0.0,3781.7
2024-11-14 01:00:00+00:00,89.53,0.0,3738.1
2024-11-14 02:00:00+00:00,89.99,0.0,3772.0
2024-11-14 03:00:00+00:00,90.2,0.0,3706.0
2024-11-14 04:00:00+00:00,95.74,0.0,3778.7
2024-11-14 05:00:00+00:00,110.99,0.0,3772.0
2024-11-14 06:00:00+00:00,125.28,0.0,3737.3999999999996
2024-11-14 07:00:00+00:00,134.11,32.2,3671.1
2024-11-14 08:00:00+00:00,125.8,287.2,3566.1
2024-11-14 09:00:00+00:00,121.71,479.0,3450.3999999999996
2024-11-14 10:00:00+00:00,120.76,441.3,3599.7999999999997
2024-11-14 11:00:00+00:00,119.8,408.0,3597.8
2024-11-14 12:00:00+00:00,120.76,399.5,3736.7
2024-11-14 13:00:00+00:00,122.54,419.0,3799.6
2024-11-14 14:00:00+00:00,126.04,326.4,3769.7000000000003
2024-11-14 15:00:00+00:00,133.12,204.5,3802.7000000000003
2024-11-14 16:00:00+00:00,136.23,134.9,3908.7000000000003
2024-11-14 17:00:00+00:00,146.26,10.4,4040.8999999999996
2024-11-14 18:00:00+00:00,151.63,0.1,4063.1
2024-11-14 19:00:00+00:00,140.1,0.1,3969.8999999999996
2024-11-14 20:00:00+00:00,129.81,0.1,3795.6
2024-11-14 21:00:00+00:00,123.28,0.1,3384.4
2024-11-14 22:00:00+00:00,112.91,0.1,3142.1
2024-11-14 23:00:00+00:00,111.6,0.1,2940.2000000000003
2024-11-15 00:00:00+00:00,107.31,0.0,2530.4
2024-11-15 01:00:00+00:00,107.43,0.0,2467.2
2024-11-15 02:00:00+00:00,104.05,0.0,2437.2000000000003
2024-11-15 03:00:00+00:00,104.81,0.0,2400.0
2024-11-15 04:00:00+00:00,109.55,0.0,2415.0
2024-11-15 05:00:00+00:00,130.98,0.1,2619.1
2024-11-15 06:00:00+00:00,141.66,0.0,2872.0
2024-11-15 07:00:00+00:00,147.22,11.9,2974.0
2024-11-15 08:00:00+00:00,138.36,123.1,2942.0
2024-11-15 09:00:00+00:00,131.25,313.8,2939.6
2024-11-15 10:00:00+00:00,125.6,504.7,2930.9
2024-11-15 11:00:00+00:00,120.47,615.7,2819.0
2024-11-15 12:00:00+00:00,119.54,583.3,2833.6000000000004
2024-11-15 13:00:00+00:00,120.0,551.8,2812.5
2024-11-15 14:00:00+00:00,119.55,423.9,2798.1
2024-11-15 15:00:00+00:00,128.7,201.8,2914.7
2024-11-15 16:00:00+00:00,139.68,49.9,3024.5
2024-11-15 17:00:00+00:00,138.66,0.8,3005.9
2024-11-15 18:00:00+00:00,134.05,0.1,3069.8
2024-11-15 19:00:00+00:00,133.85,0.1,3252.0
2024-11-15 20:00:00+00:00,134.19,0.1,3381.5
2024-11-15 21:00:00+00:00,126.69,0.1,3245.6
2024-11-15 22:00:00+00:00,114.08,0.1,3389.9
2024-11-15 23:00:00+00:00,104.59,0.1,3675.2000000000003
2024-11-16 00:00:00+00:00,99.0,0.0,3641.3
2024-11-16 01:00:00+00:00,94.5,0.0,3455.7999999999997
2024-11-16 02:00:00+00:00,92.28,0.0,3257.2000000000003
2024-11-16 03:00:00+00:00,92.37,0.0,3099.0
2024-11-16 04:00:00+00:00,91.98,0.0,3016.9
2024-11-16 05:00:00+00:00,93.99,0.0,3192.6
2024-11-16 06:00:00+00:00,104.52,0.0,3359.7000000000003
2024-11-16 07:00:00+00:00,114.32,30.8,3330.4
2024-11-16 08:00:00+00:00,116.0,364.4,3314.5
2024-11-16 09:00:00+00:00,112.2,867.4,3223.5
2024-11-16 10:00:00+00:00,104.0,1301.7,3320.2999999999997
2024-11-16 11:00:00+00:00,101.49,1567.8,3173.7
2024-11-16 12:00:00+00:00,99.54,1605.5,2984.3999999999996
2024-11-16 13:00:00+00:00,101.51,1323.0,2677.1
2024-11-16 14:00:00+00:00,109.05,1154.4,2199.3
2024-11-16 15:00:00+00:00,120.64,727.6,2003.1
2024-11-16 16:00:00+00:00,131.22,178.5,1955.4
2024-11-16 17:00:00+00:00,134.0,2.9,2203.6
2024-11-16 18:00:00+00:00,135.74,0.1,2540.3
2024-11-16 19:00:00+00:00,138.2,0.1,2687.0
2024-11-16 20:00:00+00:00,139.0,0.1,2820.0
2024-11-16 21:00:00+00:00,131.79,0.1,2763.8
2024-11-16 22:00:00+00:00,130.0,0.0,2744.7
2024-11-16 23:00:00+00:00,129.34,0.0,2722.7999999999997
2024-11-17 00:00:00+00:00,117.74,0.0,2771.8
2024-11-17 01:00:00+00:00,108.06,0.0,2819.0
2024-11-17 02:00:00+00:00,107.74,0.0,2836.8
2024-11-17 03:00:00+00:00,100.0,0.0,2824.5
2024-11-17 04:00:00+00:00,103.0,0.0,2762.4
2024-11-17 05:00:00+00:00,97.31,0.0,2598.4
2024-11-17 06:00:00+00:00,107.74,0.0,2478.2
2024-11-17 07:00:00+00:00,105.0,26.9,2519.3999999999996
2024-11-17 08:00:00+00:00,95.98,316.0,2462.6
2024-11-17 09:00:00+00:00,87.79,717.5,2010.3
2024-11-17 10:00:00+00:00,89.09,1014.9,1268.6000000000001
2024-11-17 11:00:00+00:00,92.68,1267.1,626.6
2024-11-17 12:00:00+00:00,87.79,1224.8,426.2
2024-11-17 13:00:00+00:00,92.73,1282.7,384.0
2024-11-17 14:00:00+00:00,96.11,895.6,365.0
2024-11-17 15:00:00+00:00,109.9,541.5,333.5
2024-11-17 16:00:00+00:00,135.01,181.8,224.6
2024-11-17 17:00:00+00:00,140.3,3.1,189.29999999999998
2024-11-17 18:00:00+00:00,145.43,0.1,244.0
2024-11-17 19:00:00+00:00,150.0,0.1,293.20000000000005
2024-11-17 20:00:00+00:00,154.43,0.1,302.4
2024-11-17 21:00:00+00:00,144.14,0.1,240.5
2024-11-17 22:00:00+00:00,139.2,0.0,205.9
2024-11-17 23:00:00+00:00,133.98,0.1,148.4
2024-11-18 00:00:00+00:00,126.61,0.0,94.4
2024-11-18 01:00:00+00:00,117.33,0.0,60.1
2024-11-18 02:00:00+00:00,122.03,0.0,36.4
2024-11-18 03:00:00+00:00,125.0,0.1,18.5
2024-11-18 04:00:00+00:00,126.46,0.0,13.1
2024-11-18 05:00:00+00:00,139.43,0.1,11.6
2024-11-18 06:00:00+00:00,143.41,0.1,19.1
2024-11-18 07:00:00+00:00,150.8,32.9,20.6
2024-11-18 08:00:00+00:00,140.22,387.1,22.9
2024-11-18 09:00:00+00:00,130.28,842.9,15.0
2024-11-18 10:00:00+00:00,126.31,1177.3,4.3
2024-11-18 11:00:00+00:00,117.27,1463.5,4.5
2024-11-18 12:00:00+00:00,117.33,1549.0,8.9
2024-11-18 13:00:00+00:00,122.9,1557.6,24.3
2024-11-18 14:00:00+00:00,130.98,1303.8,54.5
2024-11-18 15:00:00+00:00,139.98,825.1,84.5
2024-11-18 16:00:00+00:00,154.69,236.7,96.6
2024-11-18 17:00:00+00:00,168.2,3.8,110.4
2024-11-18 18:00:00+00:00,158.96,0.2,104.5
2024-11-18 19:00:00+00:00,159.38,0.1,92.8
2024-11-18 20:00:00+00:00,147.24,0.1,91.6
2024-11-18 21:00:00+00:00,139.98,0.1,86.5
2024-11-18 22:00:00+00:00,134.22,0.1,82.89999999999999
2024-11-18 23:00:00+00:00,139.31,0.1,84.8
2024-11-19 00:00:00+00:00,135.01,0.0,129.6
2024-11-19 01:00:00+00:00,133.5,0.0,188.1
2024-11-19 02:00:00+00:00,132.62,0.0,212.9
2024-11-19 03:00:00+00:00,125.33,0.0,273.2
2024-11-19 04:00:00+00:00,125.48,0.0,324.5
2024-11-19 05:00:00+00:00,136.0,0.1,372.8
2024-11-19 06:00:00+00:00,142.36,0.1,371.8
2024-11-19 07:00:00+00:00,145.61,22.4,435.70000000000005
2024-11-19 08:00:00+00:00,139.31,244.3,417.2
2024-11-19 09:00:00+00:00,139.33,618.7,325.4
2024-11-19 10:00:00+00:00,139.0,1042.7,328.7
2024-11-19 11:00:00+00:00,130.53,1459.2,452.2
2024-11-19 12:00:00+00:00,108.5,1611.5,622.7
2024-11-19 13:00:00+00:00,96.63,1500.0,839.3
2024-11-19 14:00:00+00:00,100.0,1307.4,1067.5
2024-11-19 15:00:00+00:00,134.02,922.6,1319.2
2024-11-19 16:00:00+00:00,146.98,265.8,1427.8
2024-11-19 17:00:00+00:00,147.48,4.0,1535.9
2024-11-19 18:00:00+00:00,147.48,0.2,1741.2
2024-11-19 19:00:00+00:00,147.48,0.2,1979.7
2024-11-19 20:00:00+00:00,146.5,0.1,1989.8000000000002
2024-11-19 21:00:00+00:00,139.83,0.1,1847.8
2024-11-19 22:00:00+00:00,125.48,0.1,1669.1000000000001
2024-11-19 23:00:00+00:00,102.01,0.1,1837.4
2024-11-20 00:00:00+00:00,88.78,0.0,2021.8999999999999
2024-11-20 01:00:00+00:00,86.03,0.0,2031.0
2024-11-20 02:00:00+00:00,81.5,0.0,2385.3
2024-11-20 03:00:00+00:00,76.15,0.0,2570.0
2024-11-20 04:00:00+00:00,83.79,0.0,2572.2000000000003
2024-11-20 05:00:00+00:00,101.73,0.0,2533.5
2024-11-20 06:00:00+00:00,122.0,0.0,2622.5
2024-11-20 07:00:00+00:00,129.74,39.4,2448.1
2024-11-20 08:00:00+00:00,108.36,399.2,2275.0
2024-11-20 09:00:00+00:00,89.5,919.0,2125.6
2024-11-20 10:00:00+00:00,64.89,1204.4,1892.5
2024-11-20 11:00:00+00:00,50.24,1306.8,1902.1999999999998
2024-11-20 12:00:00+00:00,50.2,1224.1,2012.5
2024-11-20 13:00:00+00:00,29.12,1142.1,2054.2999999999997
2024-11-20 14:00:00+00:00,50.2,983.1,1876.3999999999999
2024-11-20 15:00:00+00:00,89.24,624.3,1743.6000000000001
2024-11-20 16:00:00+00:00,126.74,191.7,1694.3999999999999
2024-11-20 17:00:00+00:00,143.18,2.9,1706.2
2024-11-20 18:00:00+00:00,141.56,0.2,1799.9
2024-11-20 19:00:00+00:00,135.98,0.2,1958.5
2024-11-20 20:00:00+00:00,126.91,0.2,2177.2000000000003
2024-11-20 21:00:00+00:00,117.5,0.2,2374.9
2024-11-20 22:00:00+00:00,103.5,0.2,2608.4
2024-11-20 23:00:00+00:00,93.96,0.2,2619.7
2024-11-21 00:00:00+00:00,84.99,0.0,2873.3
2024-11-21 01:00:00+00:00,75.0,0.0,3180.5
2024-11-21 02:00:00+00:00,65.1,0.0,3449.8
2024-11-21 03:00:00+00:00,64.89,0.0,3515.2000000000003
2024-11-21 04:00:00+00:00,65.18,0.0,3456.6
2024-11-21 05:00:00+00:00,75.2,0.0,3549.5
2024-11-21 06:00:00+00:00,95.0,0.0,3510.4
2024-11-21 07:00:00+00:00,107.99,9.0,3578.5
2024-11-21 08:00:00+00:00,87.8,154.1,3500.2
2024-11-21 09:00:00+00:00,69.39,416.4,3602.8
2024-11-21 10:00:00+00:00,50.0,654.5,3736.5
2024-11-21 11:00:00+00:00,33.2,755.7,3828.1
2024-11-21 12:00:00+00:00,33.2,847.7,3981.9
2024-11-21 13:00:00+00:00,29.8,803.4,4011.1000000000004
2024-11-21 14:00:00+00:00,33.2,613.4,4077.7
2024-11-21 15:00:00+00:00,64.78,425.3,3976.6000000000004
2024-11-21 16:00:00+00:00,84.99,124.4,3982.1
2024-11-21 17:00:00+00:00,116.49,2.3,3891.9
2024-11-21 18:00:00+00:00,125.01,0.2,3883.8
2024-11-21 19:00:00+00:00,122.11,0.2,4098.4
2024-11-21 20:00:00+00:00,116.92,0.2,4147.5
2024-11-21 21:00:00+00:00,107.74,0.1,4215.9
2024-11-21 22:00:00+00:00,87.22,0.2,4223.1
2024-11-21 23:00:00+00:00,87.63,0.1,4031.6
2024-11-22 00:00:00+00:00,84.53,0.0,3921.0
2024-11-22 01:00:00+00:00,83.2,0.0,3566.1
2024-11-22 02:00:00+00:00,80.58,0.0,3231.9
2024-11-22 03:00:00+00:00,77.13,0.0,2972.6
2024-11-22 04:00:00+00:00,87.6,0.0,2688.4
2024-11-22 05:00:00+00:00,100.09,0.0,2200.5
2024-11-22 06:00:00+00:00,129.57,0.0,1845.4
2024-11-22 07:00:00+00:00,141.31,34.3,1408.6000000000001
2024-11-22 08:00:00+00:00,136.32,427.1,1092.9
2024-11-22 09:00:00+00:00,116.71,991.2,905.5
2024-11-22 10:00:00+00:00,115.0,1275.6,850.1
2024-11-22 11:00:00+00:00,107.16,1238.4,819.3
2024-11-22 12:00:00+00:00,97.02,1167.1,731.6
2024-11-22 13:00:00+00:00,104.0,1172.0,548.0
2024-11-22 14:00:00+00:00,121.22,859.2,373.4
2024-11-22 15:00:00+00:00,140.01,546.1,331.20000000000005
2024-11-22 16:00:00+00:00,146.89,148.2,337.0
2024-11-22 17:00:00+00:00,151.24,3.1,391.09999999999997
2024-11-22 18:00:00+00:00,160.87,0.2,500.2
2024-11-22 19:00:00+00:00,161.26,0.2,676.6
2024-11-22 20:00:00+00:00,151.24,0.1,800.8000000000001
2024-11-22 21:00:00+00:00,143.9,0.1,1139.9
2024-11-22 22:00:00+00:00,143.9,0.1,1294.8
2024-11-22 23:00:00+00:00,131.63,0.1,1554.6000000000001
2024-11-23 00:00:00+00:00,114.28,0.1,1985.3
2024-11-23 01:00:00+00:00,104.0,0.1,2436.7000000000003
2024-11-23 02:00:00+00:00,97.0,0.1,2674.2999999999997
2024-11-23 03:00:00+00:00,84.99,0.1,2924.3
2024-11-23 04:00:00+00:00,84.78,0.1,3206.7000000000003
2024-11-23 05:00:00+00:00,85.95,0.1,3425.8
2024-11-23 06:00:00+00:00,93.0,0.1,3542.1000000000004
2024-11-23 07:00:00+00:00,99.25,35.9,3621.6000000000004
2024-11-23 08:00:00+00:00,85.62,477.9,3638.4
2024-11-23 09:00:00+00:00,67.04,1111.5,3630.3
2024-11-23 10:00:00+00:00,40.0,1513.7,3712.5
2024-11-23 11:00:00+00:00,42.5,1758.1,3845.4
2024-11-23 12:00:00+00:00,36.95,1800.7,3929.1000000000004
2024-11-23 13:00:00+00:00,30.52,1718.6,3860.7000000000003
2024-11-23 14:00:00+00:00,36.94,1492.3,3857.7000000000003
2024-11-23 15:00:00+00:00,58.9,906.2,3916.0
2024-11-23 16:00:00+00:00,84.53,229.3,4004.5
2024-11-23 17:00:00+00:00,101.0,2.5,4148.400000000001
2024-11-23 18:00:00+00:00,101.8,0.1,4255.5
2024-11-23 19:00:00+00:00,92.0,0.1,4319.3
2024-11-23 20:00:00+00:00,84.99,0.1,4365.8
2024-11-23 21:00:00+00:00,78.78,0.1,4568.1
2024-11-23 22:00:00+00:00,40.0,0.0,4623.8
2024-11-23 23:00:00+00:00,13.81,0.1,4700.3
2024-11-24 00:00:00+00:00,8.48,0.0,4730.1
2024-11-24 01:00:00+00:00,5.53,0.0,4656.0
2024-11-24 02:00:00+00:00,3.71,0.0,4650.5
2024-11-24 03:00:00+00:00,3.32,0.0,4694.1
2024-11-24 04:00:00+00:00,4.68,0.0,4684.6
2024-11-24 05:00:00+00:00,3.92,0.1,4568.400000000001
2024-11-24 06:00:00+00:00,3.71,0.0,4593.0
2024-11-24 07:00:00+00:00,3.32,16.4,4562.8
2024-11-24 08:00:00+00:00,5.24,156.8,4537.3
2024-11-24 09:00:00+00:00,3.32,314.2,4450.1
2024-11-24 10:00:00+00:00,3.32,380.6,4536.2
2024-11-24 11:00:00+00:00,3.32,374.2,4672.900000000001
2024-11-24 12:00:00+00:00,3.32,450.2,4650.1
2024-11-24 13:00:00+00:00,3.32,555.7,4566.6
2024-11-24 14:00:00+00:00,3.32,564.0,4602.8
2024-11-24 15:00:00+00:00,3.74,410.3,4658.0
2024-11-24 16:00:00+00:00,11.17,102.8,4692.0
2024-11-24 17:00:00+00:00,28.49,1.3,4750.3
2024-11-24 18:00:00+00:00,41.54,0.1,4713.700000000001
2024-11-24 19:00:00+00:00,34.61,0.0,4708.2
2024-11-24 20:00:00+00:00,27.14,0.0,4780.2
2024-11-24 21:00:00+00:00,20.26,0.1,4553.0
2024-11-24 22:00:00+00:00,14.46,0.0,4457.7
2024-11-24 23:00:00+00:00,10.32,0.1,4262.3
2024-11-25 00:00:00+00:00,8.41,0.0,3911.6
2024-11-25 01:00:00+00:00,3.94,0.0,3378.2999999999997
2024-11-25 02:00:00+00:00,9.99,0.0,3089.1
2024-11-25 03:00:00+00:00,3.33,0.0,3021.8
2024-11-25 04:00:00+00:00,3.71,0.0,2811.6
2024-11-25 05:00:00+00:00,15.27,0.1,2427.3
2024-11-25 06:00:00+00:00,83.0,0.0,2425.7
2024-11-25 07:00:00+00:00,107.29,14.2,2378.0
2024-11-25 08:00:00+00:00,100.95,315.1,2366.0
2024-11-25 09:00:00+00:00,82.9,1037.2,2085.6
2024-11-25 10:00:00+00:00,74.59,1571.3,1902.2
2024-11-25 11:00:00+00:00,76.23,1678.1,1819.0
2024-11-25 12:00:00+00:00,71.98,1553.4,1721.8
2024-11-25 13:00:00+00:00,71.3,1412.8,1541.5
2024-11-25 14:00:00+00:00,93.39,1235.0,1459.9
2024-11-25 15:00:00+00:00,118.71,831.3,1313.5
2024-11-25 16:00:00+00:00,141.91,229.1,1084.4
2024-11-25 17:00:00+00:00,145.62,2.4,935.7
2024-11-25 18:00:00+00:00,149.15,0.2,790.0
2024-11-25 19:00:00+00:00,159.82,0.2,635.1999999999999
2024-11-25 20:00:00+00:00,150.82,0.1,509.4
2024-11-25 21:00:00+00:00,145.26,0.1,474.7
2024-11-25 22:00:00+00:00,140.26,0.1,532.3
2024-11-25 23:00:00+00:00,139.1,0.1,601.9
2024-11-26 00:00:00+00:00,135.2,0.1,583.3
2024-11-26 01:00:00+00:00,132.0,0.1,520.0
2024-11-26 02:00:00+00:00,130.38,0.1,503.7
2024-11-26 03:00:00+00:00,133.48,0.1,506.09999999999997
2024-11-26 04:00:00+00:00,137.5,0.1,400.79999999999995
2024-11-26 05:00:00+00:00,142.6,0.1,262.4
2024-11-26 06:00:00+00:00,147.8,0.1,200.4
2024-11-26 07:00:00+00:00,156.11,10.2,205.89999999999998
2024-11-26 08:00:00+00:00,147.8,178.5,336.3
2024-11-26 09:00:00+00:00,144.06,472.5,422.40000000000003
2024-11-26 10:00:00+00:00,141.0,886.4,403.8
2024-11-26 11:00:00+00:00,139.1,1116.4,349.7
2024-11-26 12:00:00+00:00,138.7,1361.1,347.70000000000005
2024-11-26 13:00:00+00:00,138.7,1600.2,328.59999999999997
2024-11-26 14:00:00+00:00,140.5,1580.2,277.8
2024-11-26 15:00:00+00:00,140.5,1071.4,239.6
2024-11-26 16:00:00+00:00,148.85,293.5,204.0
2024-11-26 17:00:00+00:00,162.07,3.8,254.5
2024-11-26 18:00:00+00:00,154.84,0.2,288.3
2024-11-26 19:00:00+00:00,153.25,0.2,307.5
2024-11-26 20:00:00+00:00,149.73,0.2,353.40000000000003
2024-11-26 21:00:00+00:00,144.36,0.1,364.1
2024-11-26 22:00:00+00:00,140.26,0.1,392.59999999999997
2024-11-26 23:00:00+00:00,140.0,0.1,458.4
2024-11-27 00:00:00+00:00,135.21,0.1,501.6
2024-11-27 01:00:00+00:00,131.77,0.1,580.3000000000001
2024-11-27 02:00:00+00:00,128.0,0.1,551.0999999999999
2024-11-27 03:00:00+00:00,125.84,0.1,589.9
2024-11-27 04:00:00+00:00,131.77,0.1,651.5
2024-11-27 05:00:00+00:00,142.6,0.1,716.9
2024-11-27 06:00:00+00:00,151.7,0.2,757.2
2024-11-27 07:00:00+00:00,157.0,32.2,856.9
2024-11-27 08:00:00+00:00,145.47,539.3,1028.3
2024-11-27 09:00:00+00:00,122.0,1314.5,1027.4
2024-11-27 10:00:00+00:00,105.57,1751.6,850.5999999999999
2024-11-27 11:00:00+00:00,105.44,1931.2,683.1
2024-11-27 12:00:00+00:00,105.57,2009.0,505.09999999999997
2024-11-27 13:00:00+00:00,105.57,1964.7,439.8
2024-11-27 14:00:00+00:00,112.78,1713.2,415.7
2024-11-27 15:00:00+00:00,142.6,1132.1,437.9
2024-11-27 16:00:00+00:00,149.07,311.8,627.7
2024-11-27 17:00:00+00:00,165.08,4.4,943.6999999999999
2024-11-27 18:00:00+00:00,161.2,0.2,1215.1999999999998
2024-11-27 19:00:00+00:00,165.01,0.2,1691.1000000000001
2024-11-27 20:00:00+00:00,157.94,0.1,2117.0
2024-11-27 21:00:00+00:00,147.2,0.1,2605.5
2024-11-27 22:00:00+00:00,140.5,0.1,2901.7
2024-11-27 23:00:00+00:00,141.75,0.1,3204.5
2024-11-28 00:00:00+00:00,135.01,0.0,3337.0
2024-11-28 01:00:00+00:00,122.0,0.1,3433.8
2024-11-28 02:00:00+00:00,121.4,0.0,3481.1
2024-11-28 03:00:00+00:00,111.5,0.1,3564.1000000000004
2024-11-28 04:00:00+00:00,115.79,0.0,3452.7999999999997
2024-11-28 05:00:00+00:00,135.0,0.1,3414.3
2024-11-28 06:00:00+00:00,150.0,0.1,3427.5
2024-11-28 07:00:00+00:00,152.28,20.3,3576.4
2024-11-28 08:00:00+00:00,140.8,374.1,3597.7999999999997
2024-11-28 09:00:00+00:00,121.0,981.3,3531.2999999999997
2024-11-28 10:00:00+00:00,108.95,1388.8,3431.2000000000003
2024-11-28 11:00:00+00:00,103.5,1591.0,3369.2
2024-11-28 12:00:00+00:00,103.19,1684.5,3341.6000000000004
2024-11-28 13:00:00+00:00,108.5,1626.5,3184.7999999999997
2024-11-28 14:00:00+00:00,119.81,1262.5,3173.2
2024-11-28 15:00:00+00:00,137.1,664.6,3344.2
2024-11-28 16:00:00+00:00,150.4,140.2,3601.6
2024-11-28 17:00:00+00:00,158.24,1.0,3631.6
2024-11-28 18:00:00+00:00,154.12,0.2,3553.3
2024-11-28 19:00:00+00:00,153.0,0.1,3600.3
2024-11-28 20:00:00+00:00,148.58,0.1,3660.6
2024-11-28 21:00:00+00:00,140.6,0.1,3761.2
2024-11-28 22:00:00+00:00,140.01,0.1,3693.9
2024-11-28 23:00:00+00:00,120.9,0.1,3364.4
2024-11-29 00:00:00+00:00,109.78,0.1,3122.6000000000004
2024-11-29 01:00:00+00:00,105.0,0.0,2698.7
2024-11-29 02:00:00+00:00,105.0,0.0,2435.2
2024-11-29 03:00:00+00:00,102.0,0.0,2303.7
2024-11-29 04:00:00+00:00,105.0,0.0,2179.9
2024-11-29 05:00:00+00:00,121.06,0.0,2147.6
2024-11-29 06:00:00+00:00,140.01,0.1,2193.0
2024-11-29 07:00:00+00:00,144.08,12.1,2209.1
2024-11-29 08:00:00+00:00,140.01,223.5,1974.8
2024-11-29 09:00:00+00:00,121.06,543.1,1666.5
2024-11-29 10:00:00+00:00,109.99,758.7,1466.9
2024-11-29 11:00:00+00:00,109.78,862.9,1315.7
2024-11-29 12:00:00+00:00,109.78,985.0,1174.5
2024-11-29 13:00:00+00:00,109.99,979.3,1037.5
2024-11-29 14:00:00+00:00,121.06,837.5,793.0
2024-11-29 15:00:00+00:00,138.57,505.9,783.3
2024-11-29 16:00:00+00:00,144.26,155.6,885.5
2024-11-29 17:00:00+00:00,152.77,2.0,932.5
2024-11-29 18:00:00+00:00,155.95,0.1,937.6
2024-11-29 19:00:00+00:00,155.95,0.1,975.0
2024-11-29 20:00:00+00:00,150.0,0.1,1132.5
2024-11-29 21:00:00+00:00,144.08,0.1,1132.6999999999998
2024-11-29 22:00:00+00:00,139.1,0.1,1140.8
2024-11-29 23:00:00+00:00,136.15,0.1,1133.2
2024-11-30 00:00:00+00:00,128.5,0.1,1283.2
2024-11-30 01:00:00+00:00,132.83,0.1,1489.3999999999999
2024-11-30 02:00:00+00:00,129.5,0.0,1599.5
2024-11-30 03:00:00+00:00,127.29,0.0,1616.1000000000001
2024-11-30 04:00:00+00:00,125.34,0.0,1649.9
2024-11-30 05:00:00+00:00,125.34,0.1,1725.3
2024-11-30 06:00:00+00:00,132.83,0.0,1873.7
2024-11-30 07:00:00+00:00,137.07,15.8,2117.6
2024-11-30 08:00:00+00:00,122.77,250.9,2175.6000000000004
2024-11-30 09:00:00+00:00,100.0,646.3,2139.5
2024-11-30 10:00:00+00:00,88.67,1088.1,2042.3999999999999
2024-11-30 11:00:00+00:00,89.49,1359.1,1784.4
2024-11-30 12:00:00+00:00,92.0,1416.6,1633.8999999999999
2024-11-30 13:00:00+00:00,99.17,1194.6,1344.3999999999999
2024-11-30 14:00:00+00:00,105.99,798.7,1078.1000000000001
2024-11-30 15:00:00+00:00,120.91,374.4,992.8000000000001
2024-11-30 16:00:00+00:00,136.67,94.6,1158.2
2024-11-30 17:00:00+00:00,142.5,0.5,1285.6
2024-11-30 18:00:00+00:00,142.27,0.1,1331.0
2024-11-30 19:00:00+00:00,141.74,0.1,1468.2
2024-11-30 20:00:00+00:00,141.5,0.1,1566.9
2024-11-30 21:00:00+00:00,140.0,0.1,1645.7
2024-11-30 22:00:00+00:00,137.67,0.1,1756.5
2024-11-30 23:00:00+00:00,122.9,0.1,1836.3999999999999
2024-12-01 00:00:00+00:00,110.5,0.0,1921.8
2024-12-01 01:00:00+00:00,105.99,0.0,1952.9
2024-12-01 02:00:00+00:00,105.99,0.0,2065.3
2024-12-01 03:00:00+00:00,105.78,0.0,2105.4
2024-12-01 04:00:00+00:00,105.99,0.0,1973.2
2024-12-01 05:00:00+00:00,110.2,0.0,1766.7
2024-12-01 06:00:00+00:00,119.78,0.0,1550.3
2024-12-01 07:00:00+00:00,130.0,3.2,1729.7
2024-12-01 08:00:00+00:00,121.4,106.3,1762.8
2024-12-01 09:00:00+00:00,106.66,305.3,1587.3
2024-12-01 10:00:00+00:00,105.99,586.7,1371.3999999999999
2024-12-01 11:00:00+00:00,105.53,679.7,1240.7
2024-12-01 12:00:00+00:00,112.0,694.9,1157.3000000000002
2024-12-01 13:00:00+00:00,130.0,603.9,1122.7
2024-12-01 14:00:00+00:00,134.19,531.4,1355.3
2024-12-01 15:00:00+00:00,141.14,272.0,1417.2
2024-12-01 16:00:00+00:00,149.7,84.1,1434.7
2024-12-01 17:00:00+00:00,153.02,0.7,1284.9
2024-12-01 18:00:00+00:00,163.7,0.1,1139.1
2024-12-01 19:00:00+00:00,175.2,0.1,928.0999999999999
2024-12-01 20:00:00+00:00,145.2,0.1,888.9
2024-12-01 21:00:00+00:00,142.3,0.0,1018.6
2024-12-01 22:00:00+00:00,133.21,0.0,1012.4
2024-12-01 23:00:00+00:00,137.77,0.0,1083.2
2024-12-02 00:00:00+00:00,134.93,0.0,1027.3
2024-12-02 01:00:00+00:00,131.93,0.0,892.1
2024-12-02 02:00:00+00:00,128.93,0.0,948.0
2024-12-02 03:00:00+00:00,129.0,0.0,947.1
2024-12-02 04:00:00+00:00,133.0,0.0,675.6
2024-12-02 05:00:00+00:00,141.5,0.0,513.0
2024-12-02 06:00:00+00:00,150.83,0.1,400.2
2024-12-02 07:00:00+00:00,157.2,3.2,366.9
2024-12-02 08:00:00+00:00,154.73,139.8,307.0
2024-12-02 09:00:00+00:00,147.3,523.8,251.2
2024-12-02 10:00:00+00:00,139.1,878.8,191.5
2024-12-02 11:00:00+00:00,132.26,1169.1,153.7
2024-12-02 12:00:00+00:00,130.0,1198.2,147.79999999999998
2024-12-02 13:00:00+00:00,126.56,1195.7,215.0
2024-12-02 14:00:00+00:00,135.0,992.5,303.2
2024-12-02 15:00:00+00:00,147.3,606.5,334.5
2024-12-02 16:00:00+00:00,154.73,150.9,378.59999999999997
2024-12-02 17:00:00+00:00,156.48,1.6,457.2
2024-12-02 18:00:00+00:00,157.16,0.2,511.9
2024-12-02 19:00:00+00:00,157.2,0.2,601.3
2024-12-02 20:00:00+00:00,154.73,0.1,688.5
2024-12-02 21:00:00+00:00,152.13,0.1,502.4
2024-12-02 22:00:00+00:00,147.3,0.1,434.1
2024-12-02 23:00:00+00:00,139.46,0.1,399.6
2024-12-03 00:00:00+00:00,135.0,0.1,485.6
2024-12-03 01:00:00+00:00,130.46,0.1,626.3000000000001
2024-12-03 02:00:00+00:00,125.36,0.1,678.9
2024-12-03 03:00:00+00:00,123.72,0.1,726.9
2024-12-03 04:00:00+00:00,125.67,0.1,691.7
2024-12-03 05:00:00+00:00,138.54,0.0,568.9
2024-12-03 06:00:00+00:00,149.36,0.1,508.79999999999995
2024-12-03 07:00:00+00:00,158.84,10.3,529.8000000000001
2024-12-03 08:00:00+00:00,154.9,326.3,576.4000000000001
2024-12-03 09:00:00+00:00,146.06,725.9,532.0
2024-12-03 10:00:00+00:00,142.0,1135.6,501.8
2024-12-03 11:00:00+00:00,138.54,1447.1,650.1
2024-12-03 12:00:00+00:00,130.46,1357.7,818.5
2024-12-03 13:00:00+00:00,121.18,1083.2,1183.5
2024-12-03 14:00:00+00:00,121.46,860.7,1421.9
2024-12-03 15:00:00+00:00,140.65,458.2,1664.6000000000001
2024-12-03 16:00:00+00:00,150.0,108.2,1896.9
2024-12-03 17:00:00+00:00,157.23,1.1,2199.4
2024-12-03 18:00:00+00:00,160.02,0.2,2465.6
2024-12-03 19:00:00+00:00,158.46,0.1,2737.1
2024-12-03 20:00:00+00:00,150.0,0.1,2903.9
2024-12-03 21:00:00+00:00,142.08,0.1,2911.4
2024-12-03 22:00:00+00:00,130.81,0.1,2887.7999999999997
2024-12-03 23:00:00+00:00,124.12,0.1,2804.7
2024-12-04 00:00:00+00:00,116.66,0.1,2802.3999999999996
2024-12-04 01:00:00+00:00,112.79,0.1,2795.3
2024-12-04 02:00:00+00:00,108.9,0.1,2681.1
2024-12-04 03:00:00+00:00,106.98,0.1,2554.6000000000004
2024-12-04 04:00:00+00:00,110.72,0.1,2339.2000000000003
2024-12-04 05:00:00+00:00,132.55,0.1,2248.5
2024-12-04 06:00:00+00:00,149.23,0.1,2127.9
2024-12-04 07:00:00+00:00,155.52,9.2,1774.3999999999999
2024-12-04 08:00:00+00:00,150.16,280.0,1526.2
2024-12-04 09:00:00+00:00,137.94,755.7,1052.1
2024-12-04 10:00:00+00:00,113.78,1065.6,726.6
2024-12-04 11:00:00+00:00,113.78,1503.1,550.4
2024-12-04 12:00:00+00:00,113.78,1753.1,455.9
2024-12-04 13:00:00+00:00,113.78,1738.8,339.9
2024-12-04 14:00:00+00:00,121.12,1521.8,322.8
2024-12-04 15:00:00+00:00,147.53,992.2,369.9
2024-12-04 16:00:00+00:00,152.94,267.6,508.6
2024-12-04 17:00:00+00:00,174.99,5.5,663.0
2024-12-04 18:00:00+00:00,171.45,0.2,603.4
2024-12-04 19:00:00+00:00,153.02,0.2,423.5
2024-12-04 20:00:00+00:00,152.48,0.1,256.0
2024-12-04 21:00:00+00:00,148.03,0.1,264.8
2024-12-04 22:00:00+00:00,139.1,0.1,309.6
2024-12-04 23:00:00+00:00,137.61,0.1,463.4
2024-12-05 00:00:00+00:00,132.38,0.1,523.8
2024-12-05 01:00:00+00:00,130.69,0.1,742.6
2024-12-05 02:00:00+00:00,130.18,0.1,1035.7
2024-12-05 03:00:00+00:00,128.22,0.1,1141.7
2024-12-05 04:00:00+00:00,128.22,0.1,943.8
2024-12-05 05:00:00+00:00,140.01,0.1,897.2
2024-12-05 06:00:00+00:00,151.02,0.1,1150.8
2024-12-05 07:00:00+00:00,155.89,8.2,1234.8
2024-12-05 08:00:00+00:00,147.37,293.7,1132.0
2024-12-05 09:00:00+00:00,130.69,877.9,857.7
2024-12-05 10:00:00+00:00,112.71,1327.0,550.5999999999999
2024-12-05 11:00:00+00:00,108.93,1511.2,464.1
2024-12-05 12:00:00+00:00,107.56,1597.6,594.6999999999999
2024-12-05 13:00:00+00:00,108.45,1499.5,663.0
2024-12-05 14:00:00+00:00,112.85,1171.5,635.1
2024-12-05 15:00:00+00:00,131.22,858.0,702.0
2024-12-05 16:00:00+00:00,148.42,244.2,990.5
2024-12-05 17:00:00+00:00,154.55,2.3,1216.2
2024-12-05 18:00:00+00:00,155.27,0.1,1183.6
2024-12-05 19:00:00+00:00,156.22,0.1,1257.3
2024-12-05 20:00:00+00:00,152.98,0.1,1136.6999999999998
2024-12-05 21:00:00+00:00,148.41,0.1,966.9
2024-12-05 22:00:00+00:00,145.01,0.1,787.4
2024-12-05 23:00:00+00:00,129.0,0.1,908.0
2024-12-06 00:00:00+00:00,117.19,0.1,961.0999999999999
2024-12-06 01:00:00+00:00,101.38,0.1,835.4000000000001
2024-12-06 02:00:00+00:00,94.99,0.1,744.1999999999999
2024-12-06 03:00:00+00:00,94.78,0.1,741.7
2024-12-06 04:00:00+00:00,94.78,0.1,773.5999999999999
2024-12-06 05:00:00+00:00,100.0,0.1,944.1
2024-12-06 06:00:00+00:00,110.03,0.1,1011.9000000000001
2024-12-06 07:00:00+00:00,125.07,8.2,964.5
2024-12-06 08:00:00+00:00,120.73,271.2,806.9
2024-12-06 09:00:00+00:00,114.35,742.0,654.5999999999999
2024-12-06 10:00:00+00:00,114.35,1114.1,484.8
2024-12-06 11:00:00+00:00,101.38,1287.1,375.5
2024-12-06 12:00:00+00:00,100.7,1369.6,321.5
2024-12-06 13:00:00+00:00,100.83,1420.0,264.3
2024-12-06 14:00:00+00:00,112.0,1357.7,236.0
2024-12-06 15:00:00+00:00,129.22,901.0,334.1
2024-12-06 16:00:00+00:00,143.2,188.8,536.1
2024-12-06 17:00:00+00:00,146.85,1.5,811.6
2024-12-06 18:00:00+00:00,143.67,0.1,1216.1
2024-12-06 19:00:00+00:00,144.24,0.1,1487.5
2024-12-06 20:00:00+00:00,142.48,0.1,2021.5
2024-12-06 21:00:00+00:00,137.26,0.1,2289.6000000000004
2024-12-06 22:00:00+00:00,129.35,0.1,2342.4
2024-12-06 23:00:00+00:00,73.45,0.1,2522.2000000000003
2024-12-07 00:00:00+00:00,71.85,0.1,3004.0
2024-12-07 01:00:00+00:00,65.27,0.1,3324.2
2024-12-07 02:00:00+00:00,46.5,0.1,3130.8
2024-12-07 03:00:00+00:00,39.04,0.1,3159.6
2024-12-07 04:00:00+00:00,28.2,0.1,3326.2999999999997
2024-12-07 05:00:00+00:00,28.85,0.1,3394.6000000000004
2024-12-07 06:00:00+00:00,40.31,0.1,3246.7999999999997
2024-12-07 07:00:00+00:00,43.22,7.0,3311.6
2024-12-07 08:00:00+00:00,42.36,235.7,3224.5
2024-12-07 09:00:00+00:00,26.0,756.5,3118.8
2024-12-07 10:00:00+00:00,5.0,1124.1,3146.2
2024-12-07 11:00:00+00:00,3.32,1204.8,3208.3
2024-12-07 12:00:00+00:00,3.32,1303.8,3291.3
2024-12-07 13:00:00+00:00,2.28,1341.9,3227.3
2024-12-07 14:00:00+00:00,2.0,1293.9,3322.9
2024-12-07 15:00:00+00:00,3.6,893.2,3484.8
2024-12-07 16:00:00+00:00,41.9,214.0,3603.2
2024-12-07 17:00:00+00:00,56.34,1.8,3868.9
2024-12-07 18:00:00+00:00,62.97,0.2,4122.0
2024-12-07 19:00:00+00:00,71.85,0.2,4142.3
2024-12-07 20:00:00+00:00,45.51,0.2,4072.8
2024-12-07 21:00:00+00:00,41.9,0.2,4008.5
2024-12-07 22:00:00+00:00,35.0,0.1,4061.9
2024-12-07 23:00:00+00:00,18.64,0.1,4067.5
2024-12-08 00:00:00+00:00,13.9,0.1,4129.4
2024-12-08 01:00:00+00:00,8.19,0.1,4277.7
2024-12-08 02:00:00+00:00,3.6,0.1,4274.0
2024-12-08 03:00:00+00:00,3.32,0.1,4318.3
2024-12-08 04:00:00+00:00,3.32,0.1,4420.8
2024-12-08 05:00:00+00:00,3.32,0.1,4431.1
2024-12-08 06:00:00+00:00,5.0,0.1,4390.7
2024-12-08 07:00:00+00:00,5.0,9.6,4289.8
2024-12-08 08:00:00+00:00,3.32,419.8,4176.2
2024-12-08 09:00:00+00:00,3.04,1240.1,3867.4
2024-12-08 10:00:00+00:00,0.44,1691.0,3624.8
2024-12-08 11:00:00+00:00,0.44,1776.8,3545.2
2024-12-08 12:00:00+00:00,0.44,1843.1,3381.7
2024-12-08 13:00:00+00:00,0.44,1842.3,3482.2
2024-12-08 14:00:00+00:00,0.44,1655.7,3756.4
2024-12-08 15:00:00+00:00,3.32,1026.2,3766.0
2024-12-08 16:00:00+00:00,41.24,302.5,3784.8
2024-12-08 17:00:00+00:00,74.97,2.3,3772.3
2024-12-08 18:00:00+00:00,72.5,0.1,4028.7
2024-12-08 19:00:00+00:00,71.68,0.1,4176.4
2024-12-08 20:00:00+00:00,72.4,0.1,4080.0
2024-12-08 21:00:00+00:00,68.5,0.1,3989.6
2024-12-08 22:00:00+00:00,55.06,0.1,3929.9
2024-12-08 23:00:00+00:00,55.0,0.1,3950.1
2024-12-09 00:00:00+00:00,37.55,0.1,3879.5
2024-12-09 01:00:00+00:00,31.82,0.1,3598.3
2024-12-09 02:00:00+00:00,13.99,0.1,3548.6
2024-12-09 03:00:00+00:00,5.43,0.1,3402.2
2024-12-09 04:00:00+00:00,25.95,0.1,3280.0
2024-12-09 05:00:00+00:00,67.44,0.1,3454.6
2024-12-09 06:00:00+00:00,111.16,0.1,3597.2999999999997
2024-12-09 07:00:00+00:00,122.98,11.4,3434.1
2024-12-09 08:00:00+00:00,85.3,432.7,3216.5
2024-12-09 09:00:00+00:00,40.5,1277.3,2948.8
2024-12-09 10:00:00+00:00,14.0,1715.6,2826.8
2024-12-09 11:00:00+00:00,5.0,1868.0,2715.7999999999997
2024-12-09 12:00:00+00:00,3.85,1912.0,2581.6
2024-12-09 13:00:00+00:00,3.85,1842.3,2572.6
2024-12-09 14:00:00+00:00,9.07,1680.8,2709.4
2024-12-09 15:00:00+00:00,74.78,1113.6,2615.4
2024-12-09 16:00:00+00:00,125.34,302.2,2625.8
2024-12-09 17:00:00+00:00,132.06,2.8,2909.9
2024-12-09 18:00:00+00:00,130.0,0.2,2906.5
2024-12-09 19:00:00+00:00,132.95,0.2,2714.1
2024-12-09 20:00:00+00:00,137.21,0.2,2250.0
2024-12-09 21:00:00+00:00,132.95,0.2,1925.9
2024-12-09 22:00:00+00:00,114.35,0.2,1541.0
2024-12-09 23:00:00+00:00,122.19,0.2,1132.7
2024-12-10 00:00:00+00:00,109.02,0.1,959.9
2024-12-10 01:00:00+00:00,100.7,0.1,994.9
2024-12-10 02:00:00+00:00,100.7,0.1,980.9
2024-12-10 03:00:00+00:00,105.0,0.1,913.7
2024-12-10 04:00:00+00:00,115.0,0.1,904.9
2024-12-10 05:00:00+00:00,116.0,0.1,860.8
2024-12-10 06:00:00+00:00,140.0,0.1,869.7
2024-12-10 07:00:00+00:00,150.32,10.4,946.6
2024-12-10 08:00:00+00:00,142.18,400.4,1029.9
2024-12-10 09:00:00+00:00,132.77,1201.5,911.8
2024-12-10 10:00:00+00:00,119.0,1698.2,746.9
2024-12-10 11:00:00+00:00,117.35,1873.8,657.3
2024-12-10 12:00:00+00:00,115.21,1945.7,574.5
2024-12-10 13:00:00+00:00,120.72,1878.0,537.4
2024-12-10 14:00:00+00:00,131.0,1634.9,504.4
2024-12-10 15:00:00+00:00,145.01,1069.1,478.9
2024-12-10 16:00:00+00:00,160.6,270.5,498.2
2024-12-10 17:00:00+00:00,181.0,1.7,691.4
2024-12-10 18:00:00+00:00,178.28,0.2,913.4
2024-12-10 19:00:00+00:00,167.13,0.2,1082.5
2024-12-10 20:00:00+00:00,162.0,0.1,1184.6
2024-12-10 21:00:00+00:00,150.2,0.2,1210.2
2024-12-10 22:00:00+00:00,140.0,0.2,1211.6
2024-12-10 23:00:00+00:00,129.0,0.1,1363.0
2024-12-11 00:00:00+00:00,114.49,0.1,1447.2
2024-12-11 01:00:00+00:00,114.49,0.1,1544.0
2024-12-11 02:00:00+00:00,113.05,0.1,1530.4
2024-12-11 03:00:00+00:00,113.12,0.1,1527.1
2024-12-11 04:00:00+00:00,114.16,0.1,1510.3
2024-12-11 05:00:00+00:00,123.45,0.1,1488.4
2024-12-11 06:00:00+00:00,155.64,0.1,1475.3
2024-12-11 07:00:00+00:00,165.5,7.2,1457.2
2024-12-11 08:00:00+00:00,157.5,382.1,1244.6
2024-12-11 09:00:00+00:00,139.5,1172.6,908.2
2024-12-11 10:00:00+00:00,125.0,1655.0,618.6
2024-12-11 11:00:00+00:00,119.31,1790.0,409.9
2024-12-11 12:00:00+00:00,121.6,1823.7,298.9
2024-12-11 13:00:00+00:00,130.0,1742.5,225.0
2024-12-11 14:00:00+00:00,134.76,1425.3,164.3
2024-12-11 15:00:00+00:00,141.0,916.8,155.6
2024-12-11 16:00:00+00:00,158.66,256.5,195.1
2024-12-11 17:00:00+00:00,167.62,2.7,287.0
2024-12-11 18:00:00+00:00,170.0,0.2,332.7
2024-12-11 19:00:00+00:00,179.07,0.2,413.3
2024-12-11 20:00:00+00:00,165.2,0.2,530.5
2024-12-11 21:00:00+00:00,161.25,0.1,704.6
2024-12-11 22:00:00+00:00,161.25,0.1,897.4
2024-12-11 23:00:00+00:00,136.5,0.1,1042.8
2024-12-12 00:00:00+00:00,120.77,0.1,1202.8
2024-12-12 01:00:00+00:00,116.0,0.1,1289.4
2024-12-12 02:00:00+00:00,113.23,0.1,1301.7
2024-12-12 03:00:00+00:00,112.6,0.1,1420.5
2024-12-12 04:00:00+00:00,120.92,0.1,1528.6
2024-12-12 05:00:00+00:00,137.51,0.1,1609.0
2024-12-12 06:00:00+00:00,162.12,0.1,1785.6
2024-12-12 07:00:00+00:00,177.38,3.3,1885.4
2024-12-12 08:00:00+00:00,167.63,210.7,1863.7
2024-12-12 09:00:00+00:00,153.85,814.5,1816.6
2024-12-12 10:00:00+00:00,140.01,1332.2,1614.1
2024-12-12 11:00:00+00:00,137.97,1382.3,1369.5
2024-12-12 12:00:00+00:00,139.0,1437.6,1057.7
2024-12-12 13:00:00+00:00,142.91,1259.0,829.2
2024-12-12 14:00:00+00:00,148.0,985.1,773.1
2024-12-12 15:00:00+00:00,163.03,674.9,662.2
2024-12-12 16:00:00+00:00,162.42,174.1,632.0
2024-12-12 17:00:00+00:00,167.84,2.2,817.5
2024-12-12 18:00:00+00:00,172.06,0.2,1022.2
2024-12-12 19:00:00+00:00,174.25,0.2,1203.8
2024-12-12 20:00:00+00:00,169.4,0.2,1345.3
2024-12-12 21:00:00+00:00,150.0,0.2,1324.8
2024-12-12 22:00:00+00:00,134.75,0.2,1330.8
2024-12-12 23:00:00+00:00,132.71,0.2,1452.5
2024-12-13 00:00:00+00:00,125.0,0.1,1462.9
2024-12-13 01:00:00+00:00,118.97,0.1,1236.0
2024-12-13 02:00:00+00:00,114.95,0.1,1018.0
2024-12-13 03:00:00+00:00,115.64,0.1,968.3000000000001
2024-12-13 04:00:00+00:00,123.96,0.1,925.3
2024-12-13 05:00:00+00:00,138.0,0.1,871.8
2024-12-13 06:00:00+00:00,154.9,0.1,776.6
2024-12-13 07:00:00+00:00,164.07,6.3,760.6
2024-12-13 08:00:00+00:00,163.8,241.2,796.9000000000001
2024-12-13 09:00:00+00:00,150.35,704.0,671.8000000000001
2024-12-13 10:00:00+00:00,145.01,1111.2,624.5
2024-12-13 11:00:00+00:00,141.0,1264.8,549.9
2024-12-13 12:00:00+00:00,137.76,1291.9,437.3
2024-12-13 13:00:00+00:00,137.76,1317.9,303.7
2024-12-13 14:00:00+00:00,143.18,1167.5,224.1
2024-12-13 15:00:00+00:00,151.66,698.8,223.3
2024-12-13 16:00:00+00:00,156.06,211.3,252.5
2024-12-13 17:00:00+00:00,172.35,2.0,376.8
2024-12-13 18:00:00+00:00,172.35,0.2,485.5
2024-12-13 19:00:00+00:00,172.35,0.2,551.5999999999999
2024-12-13 20:00:00+00:00,164.52,0.2,626.1
2024-12-13 21:00:00+00:00,150.0,0.2,680.1
2024-12-13 22:00:00+00:00,140.62,0.2,722.2
2024-12-13 23:00:00+00:00,141.17,0.2,768.6
2024-12-14 00:00:00+00:00,130.93,0.1,670.6
2024-12-14 01:00:00+00:00,130.18,0.1,636.1999999999999
2024-12-14 02:00:00+00:00,129.47,0.1,555.0999999999999
2024-12-14 03:00:00+00:00,126.87,0.1,444.3
2024-12-14 04:00:00+00:00,126.15,0.1,394.0
2024-12-14 05:00:00+00:00,129.47,0.1,411.09999999999997
2024-12-14 06:00:00+00:00,133.37,0.1,385.7
2024-12-14 07:00:00+00:00,137.27,3.4,311.59999999999997
2024-12-14 08:00:00+00:00,132.07,241.2,289.40000000000003
2024-12-14 09:00:00+00:00,122.0,813.6,251.79999999999998
2024-12-14 10:00:00+00:00,110.43,1374.5,171.7
2024-12-14 11:00:00+00:00,109.73,1753.8,98.5
2024-12-14 12:00:00+00:00,107.95,1688.9,55.0
2024-12-14 13:00:00+00:00,104.07,1605.6,31.4
2024-12-14 14:00:00+00:00,104.58,1283.2,28.9
2024-12-14 15:00:00+00:00,112.29,680.3,56.5
2024-12-14 16:00:00+00:00,134.67,153.9,106.4
2024-12-14 17:00:00+00:00,151.32,1.0,187.20000000000002
2024-12-14 18:00:00+00:00,149.43,0.2,226.20000000000002
2024-12-14 19:00:00+00:00,150.0,0.2,316.5
2024-12-14 20:00:00+00:00,144.8,0.2,488.3
2024-12-14 21:00:00+00:00,142.37,0.2,703.8000000000001
2024-12-14 22:00:00+00:00,131.69,0.1,722.4
2024-12-14 23:00:00+00:00,125.92,0.1,714.0
2024-12-15 00:00:00+00:00,110.89,0.1,709.9
2024-12-15 01:00:00+00:00,108.0,0.1,838.1
2024-12-15 02:00:00+00:00,105.65,0.1,1115.8
2024-12-15 03:00:00+00:00,100.45,0.1,1413.4
2024-12-15 04:00:00+00:00,95.7,0.1,1741.0
2024-12-15 05:00:00+00:00,95.7,0.1,1965.0
2024-12-15 06:00:00+00:00,95.3,0.1,2235.1
2024-12-15 07:00:00+00:00,103.33,4.8,2609.5
2024-12-15 08:00:00+00:00,85.18,263.6,2829.9
2024-12-15 09:00:00+00:00,74.57,869.1,2803.7
2024-12-15 10:00:00+00:00,72.69,1257.4,2283.6
2024-12-15 11:00:00+00:00,77.87,1564.6,1954.6
2024-12-15 12:00:00+00:00,75.82,1593.8,1806.2
2024-12-15 13:00:00+00:00,71.89,1498.2,1536.1
2024-12-15 14:00:00+00:00,70.47,1375.1,1665.3
2024-12-15 15:00:00+00:00,85.18,905.0,2208.8
2024-12-15 16:00:00+00:00,115.9,197.1,2929.5
2024-12-15 17:00:00+00:00,133.95,1.8,3362.3
2024-12-15 18:00:00+00:00,133.95,0.1,3732.5
2024-12-15 19:00:00+00:00,138.84,0.1,4036.0
2024-12-15 20:00:00+00:00,135.07,0.1,3962.6
2024-12-15 21:00:00+00:00,131.71,0.1,3792.5
2024-12-15 22:00:00+00:00,127.84,0.1,3673.7000000000003
2024-12-15 23:00:00+00:00,110.0,0.1,3843.1
2024-12-16 00:00:00+00:00,103.51,0.1,3728.8999999999996
2024-12-16 01:00:00+00:00,101.2,0.1,3651.1
2024-12-16 02:00:00+00:00,100.63,0.1,3657.2000000000003
2024-12-16 03:00:00+00:00,100.14,0.1,3635.1
2024-12-16 04:00:00+00:00,99.14,0.1,3542.0
2024-12-16 05:00:00+00:00,110.9,0.1,3383.6000000000004
2024-12-16 06:00:00+00:00,131.15,0.1,3320.4
2024-12-16 07:00:00+00:00,141.04,7.1,3471.1000000000004
2024-12-16 08:00:00+00:00,135.22,321.1,3580.9
2024-12-16 09:00:00+00:00,111.6,1081.0,3592.2
2024-12-16 10:00:00+00:00,97.14,1527.9,3474.2
2024-12-16 11:00:00+00:00,95.19,1669.1,3221.8
2024-12-16 12:00:00+00:00,96.43,1791.1,2907.9
2024-12-16 13:00:00+00:00,96.89,1727.7,2753.3
2024-12-16 14:00:00+00:00,101.83,1410.3,2500.7
2024-12-16 15:00:00+00:00,121.5,885.4,2444.9
2024-12-16 16:00:00+00:00,137.8,265.1,2714.6
2024-12-16 17:00:00+00:00,163.43,3.8,2871.6
2024-12-16 18:00:00+00:00,165.23,0.2,2991.8
2024-12-16 19:00:00+00:00,166.89,0.2,2979.4
2024-12-16 20:00:00+00:00,152.94,0.2,3031.6
2024-12-16 21:00:00+00:00,135.5,0.2,3015.3
2024-12-16 22:00:00+00:00,125.38,0.2,2959.6
2024-12-16 23:00:00+00:00,122.13,0.2,2895.4
2024-12-17 00:00:00+00:00,116.13,0.1,2859.7
2024-12-17 01:00:00+00:00,106.25,0.1,2975.5
2024-12-17 02:00:00+00:00,104.99,0.1,3187.1
2024-12-17 03:00:00+00:00,101.24,0.1,3354.0
2024-12-17 04:00:00+00:00,104.13,0.1,3119.0
2024-12-17 05:00:00+00:00,110.5,0.1,2922.6
2024-12-17 06:00:00+00:00,128.8,0.1,2830.0
2024-12-17 07:00:00+00:00,145.0,1.6,2854.3
2024-12-17 08:00:00+00:00,140.78,174.3,3101.9
2024-12-17 09:00:00+00:00,124.1,641.4,2892.8
2024-12-17 10:00:00+00:00,107.13,952.1,2910.6
2024-12-17 11:00:00+00:00,102.91,1087.4,2796.4
2024-12-17 12:00:00+00:00,106.43,1203.9,2786.3
2024-12-17 13:00:00+00:00,109.93,1214.6,2863.7
2024-12-17 14:00:00+00:00,113.61,1100.5,2675.0
2024-12-17 15:00:00+00:00,123.8,667.8,2470.5
2024-12-17 16:00:00+00:00,135.74,143.9,2514.3
2024-12-17 17:00:00+00:00,143.33,3.3,2681.9
2024-12-17 18:00:00+00:00,145.01,0.2,2726.8
2024-12-17 19:00:00+00:00,146.24,0.2,2674.4
2024-12-17 20:00:00+00:00,139.03,0.2,2727.0
2024-12-17 21:00:00+00:00,125.16,0.2,2760.6
2024-12-17 22:00:00+00:00,122.13,0.2,2688.8
2024-12-17 23:00:00+00:00,116.9,0.2,2662.5
2024-12-18 00:00:00+00:00,104.15,0.1,2591.4
2024-12-18 01:00:00+00:00,91.89,0.1,2536.6
2024-12-18 02:00:00+00:00,91.68,0.1,2564.5
2024-12-18 03:00:00+00:00,91.89,0.1,2611.2000000000003
2024-12-18 04:00:00+00:00,98.96,0.1,2611.1
2024-12-18 05:00:00+00:00,119.41,0.1,2671.2000000000003
2024-12-18 06:00:00+00:00,129.05,0.1,2833.4
2024-12-18 07:00:00+00:00,146.54,1.1,2987.1
2024-12-18 08:00:00+00:00,134.12,111.7,3137.8
2024-12-18 09:00:00+00:00,119.41,403.8,3215.7
2024-12-18 10:00:00+00:00,98.0,639.2,3173.6
2024-12-18 11:00:00+00:00,90.8,724.8,3070.3
2024-12-18 12:00:00+00:00,90.46,882.9,3024.1
2024-12-18 13:00:00+00:00,90.0,956.9,3076.1
2024-12-18 14:00:00+00:00,101.15,758.3,3198.2000000000003
2024-12-18 15:00:00+00:00,120.44,418.9,3337.8
2024-12-18 16:00:00+00:00,132.55,103.8,3586.6000000000004
2024-12-18 17:00:00+00:00,136.14,1.2,3805.0
2024-12-18 18:00:00+00:00,135.15,0.2,3948.6
2024-12-18 19:00:00+00:00,135.01,0.2,3970.6
2024-12-18 20:00:00+00:00,129.95,0.2,3963.3
2024-12-18 21:00:00+00:00,122.03,0.2,3924.7
2024-12-18 22:00:00+00:00,97.0,0.2,3968.4
2024-12-18 23:00:00+00:00,75.0,0.2,3971.6
2024-12-19 00:00:00+00:00,56.98,0.1,4005.0
2024-12-19 01:00:00+00:00,26.29,0.1,4047.9
2024-12-19 02:00:00+00:00,26.29,0.1,4140.5
2024-12-19 03:00:00+00:00,26.29,0.1,4350.9
2024-12-19 04:00:00+00:00,22.33,0.1,4251.1
2024-12-19 05:00:00+00:00,58.12,0.1,4068.2999999999997
2024-12-19 06:00:00+00:00,86.09,0.1,3927.5
2024-12-19 07:00:00+00:00,111.0,1.4,3659.8
2024-12-19 08:00:00+00:00,109.79,142.4,3272.0
2024-12-19 09:00:00+00:00,86.3,631.0,3105.4
2024-12-19 10:00:00+00:00,76.96,1140.6,2836.4
2024-12-19 11:00:00+00:00,74.16,1370.3,2512.8
2024-12-19 12:00:00+00:00,70.4,1436.3,2329.0
2024-12-19 13:00:00+00:00,60.38,1439.5,2208.4
2024-12-19 14:00:00+00:00,61.2,1307.5,2137.3
2024-12-19 15:00:00+00:00,83.17,769.2,2034.8999999999999
2024-12-19 16:00:00+00:00,100.79,227.9,1929.0
2024-12-19 17:00:00+00:00,112.79,2.7,1872.8
2024-12-19 18:00:00+00:00,120.68,0.1,1956.6000000000001
2024-12-19 19:00:00+00:00,122.78,0.1,2076.7999999999997
2024-12-19 20:00:00+00:00,122.78,0.2,2176.2
2024-12-19 21:00:00+00:00,120.68,0.2,2088.6000000000004
2024-12-19 22:00:00+00:00,103.9,0.2,1906.8
2024-12-19 23:00:00+00:00,118.04,0.1,1817.0
2024-12-20 00:00:00+00:00,109.18,0.1,1964.6
2024-12-20 01:00:00+00:00,89.49,0.1,2076.0
2024-12-20 02:00:00+00:00,86.2,0.1,2058.5
2024-12-20 03:00:00+00:00,86.2,0.1,2041.2
2024-12-20 04:00:00+00:00,89.99,0.1,2042.0
2024-12-20 05:00:00+00:00,112.18,0.1,2187.5
2024-12-20 06:00:00+00:00,130.6,0.1,2335.7999999999997
2024-12-20 07:00:00+00:00,141.08,2.9,2377.9
2024-12-20 08:00:00+00:00,131.98,297.3,2374.1000000000004
2024-12-20 09:00:00+00:00,114.2,1070.2,2181.5
2024-12-20 10:00:00+00:00,99.27,1698.0,1643.2
2024-12-20 11:00:00+00:00,89.37,2009.5,1210.3
2024-12-20 12:00:00+00:00,85.81,2113.2,876.3
2024-12-20 13:00:00+00:00,90.63,2062.3,872.9
2024-12-20 14:00:00+00:00,101.19,1807.9,883.6
2024-12-20 15:00:00+00:00,112.18,1211.9,1029.0
2024-12-20 16:00:00+00:00,135.01,349.0,1284.5
2024-12-20 17:00:00+00:00,141.08,4.6,1691.0
2024-12-20 18:00:00+00:00,145.39,0.2,1974.2
2024-12-20 19:00:00+00:00,145.38,0.1,2025.4
2024-12-20 20:00:00+00:00,140.01,0.2,2057.5
2024-12-20 21:00:00+00:00,131.98,0.2,2265.4
2024-12-20 22:00:00+00:00,125.68,0.2,2431.2000000000003
2024-12-20 23:00:00+00:00,125.8,0.2,2356.1
2024-12-21 00:00:00+00:00,112.76,0.1,2211.4
2024-12-21 01:00:00+00:00,97.0,0.1,2124.0
2024-12-21 02:00:00+00:00,87.3,0.1,1973.5
2024-12-21 03:00:00+00:00,87.09,0.1,1922.1000000000001
2024-12-21 04:00:00+00:00,86.88,0.1,2049.0
2024-12-21 05:00:00+00:00,90.8,0.1,2033.0
2024-12-21 06:00:00+00:00,108.59,0.1,2278.8
2024-12-21 07:00:00+00:00,114.98,3.9,2413.5
2024-12-21 08:00:00+00:00,95.0,347.3,2457.2
2024-12-21 09:00:00+00:00,80.0,1240.1,2222.0
2024-12-21 10:00:00+00:00,43.0,1868.8,1843.8
2024-12-21 11:00:00+00:00,36.09,2080.3,1442.0
2024-12-21 12:00:00+00:00,35.78,2170.3,1183.7
2024-12-21 13:00:00+00:00,35.07,2103.7,1106.1
2024-12-21 14:00:00+00:00,38.98,1850.5,1058.6
2024-12-21 15:00:00+00:00,85.0,1252.7,1148.6
2024-12-21 16:00:00+00:00,126.2,366.5,1390.1999999999998
2024-12-21 17:00:00+00:00,130.12,5.5,1705.6
2024-12-21 18:00:00+00:00,133.24,0.1,1907.9
2024-12-21 19:00:00+00:00,133.48,0.1,2002.1999999999998
2024-12-21 20:00:00+00:00,133.48,0.2,1918.5
2024-12-21 21:00:00+00:00,130.01,0.2,1639.9
2024-12-21 22:00:00+00:00,126.78,0.1,1348.3
2024-12-21 23:00:00+00:00,100.5,0.1,1214.4
2024-12-22 00:00:00+00:00,85.0,0.1,1143.2
2024-12-22 01:00:00+00:00,72.62,0.1,987.7
2024-12-22 02:00:00+00:00,64.99,0.1,936.1
2024-12-22 03:00:00+00:00,59.88,0.1,1020.4
2024-12-22 04:00:00+00:00,59.2,0.1,1007.6
2024-12-22 05:00:00+00:00,59.63,0.1,1033.3000000000002
2024-12-22 06:00:00+00:00,60.28,0.1,971.6999999999999
2024-12-22 07:00:00+00:00,60.3,3.4,1146.7
2024-12-22 08:00:00+00:00,50.24,334.2,1605.5
2024-12-22 09:00:00+00:00,20.0,1163.3,1902.7
2024-12-22 10:00:00+00:00,16.01,1759.0,1756.4
2024-12-22 11:00:00+00:00,18.67,2003.4,1429.0
2024-12-22 12:00:00+00:00,15.38,2081.2,1291.3
2024-12-22 13:00:00+00:00,10.96,2006.5,1460.4
2024-12-22 14:00:00+00:00,5.0,1770.5,1761.3000000000002
2024-12-22 15:00:00+00:00,18.6,1192.7,2045.3
2024-12-22 16:00:00+00:00,55.0,356.7,2353.2999999999997
2024-12-22 17:00:00+00:00,77.44,5.7,2753.1
2024-12-22 18:00:00+00:00,79.97,0.1,2992.0
2024-12-22 19:00:00+00:00,84.75,0.1,3015.7000000000003
2024-12-22 20:00:00+00:00,84.97,0.1,3135.6
2024-12-22 21:00:00+00:00,70.3,0.1,3265.9
2024-12-22 22:00:00+00:00,64.6,0.1,3271.5
2024-12-22 23:00:00+00:00,17.27,0.1,3305.4
2024-12-23 00:00:00+00:00,11.48,0.1,3524.7000000000003
2024-12-23 01:00:00+00:00,10.19,0.1,3776.5
2024-12-23 02:00:00+00:00,7.33,0.1,3843.1
2024-12-23 03:00:00+00:00,6.0,0.1,3914.6
2024-12-23 04:00:00+00:00,7.07,0.1,3832.1
2024-12-23 05:00:00+00:00,25.95,0.1,3771.6000000000004
2024-12-23 06:00:00+00:00,61.2,0.1,3660.8
2024-12-23 07:00:00+00:00,72.47,3.9,3635.3
2024-12-23 08:00:00+00:00,70.93,319.2,3528.6
2024-12-23 09:00:00+00:00,25.0,1161.3,3212.7999999999997
2024-12-23 10:00:00+00:00,5.11,1789.2,2822.0
2024-12-23 11:00:00+00:00,3.32,2045.7,2479.0
2024-12-23 12:00:00+00:00,3.32,2108.2,2261.2999999999997
2024-12-23 13:00:00+00:00,3.6,2042.3,2265.3
2024-12-23 14:00:00+00:00,5.0,1829.4,2300.2999999999997
2024-12-23 15:00:00+00:00,30.9,1252.2,2324.4
2024-12-23 16:00:00+00:00,87.11,378.3,2412.7
2024-12-23 17:00:00+00:00,114.72,6.1,2876.2
2024-12-23 18:00:00+00:00,124.89,0.2,3157.1
2024-12-23 19:00:00+00:00,118.97,0.1,3388.1
2024-12-23 20:00:00+00:00,109.28,0.1,3651.0
2024-12-23 21:00:00+00:00,105.82,0.1,3874.7000000000003
2024-12-23 22:00:00+00:00,90.8,0.1,4077.7
2024-12-23 23:00:00+00:00,85.08,0.1,4031.3
2024-12-24 00:00:00+00:00,82.84,0.1,3906.1
2024-12-24 01:00:00+00:00,75.18,0.1,3999.6
2024-12-24 02:00:00+00:00,65.0,0.1,4053.1000000000004
2024-12-24 03:00:00+00:00,57.88,0.1,4044.1
2024-12-24 04:00:00+00:00,58.3,0.1,3996.7
2024-12-24 05:00:00+00:00,65.0,0.1,3991.2
2024-12-24 06:00:00+00:00,84.16,0.1,4024.2
2024-12-24 07:00:00+00:00,101.0,2.8,4048.9
2024-12-24 08:00:00+00:00,84.97,319.2,4106.0
2024-12-24 09:00:00+00:00,50.24,1203.2,4025.9
2024-12-24 10:00:00+00:00,40.0,1845.8,3678.3
2024-12-24 11:00:00+00:00,36.0,2005.5,3415.6
2024-12-24 12:00:00+00:00,35.78,2026.2,3124.6
2024-12-24 13:00:00+00:00,35.0,1863.4,2700.4
2024-12-24 14:00:00+00:00,36.0,1774.2,2592.4
2024-12-24 15:00:00+00:00,65.0,1234.9,2577.1
2024-12-24 16:00:00+00:00,112.21,371.2,2714.8
2024-12-24 17:00:00+00:00,110.98,6.7,2968.8
2024-12-24 18:00:00+00:00,105.66,0.2,3033.3
2024-12-24 19:00:00+00:00,102.56,0.2,3074.5
2024-12-24 20:00:00+00:00,94.63,0.1,3164.3
2024-12-24 21:00:00+00:00,99.04,0.1,3330.1
2024-12-24 22:00:00+00:00,90.0,0.1,3512.2
2024-12-24 23:00:00+00:00,91.37,0.1,3562.1
2024-12-25 00:00:00+00:00,86.44,0.1,3442.3
2024-12-25 01:00:00+00:00,85.07,0.1,3177.0
2024-12-25 02:00:00+00:00,80.81,0.1,2858.9
2024-12-25 03:00:00+00:00,75.99,0.1,2582.0
2024-12-25 04:00:00+00:00,80.81,0.1,2416.3
2024-12-25 05:00:00+00:00,83.18,0.1,2458.2
2024-12-25 06:00:00+00:00,84.94,0.1,2654.3
2024-12-25 07:00:00+00:00,90.21,3.9,2837.1
2024-12-25 08:00:00+00:00,99.24,325.1,2765.8
2024-12-25 09:00:00+00:00,86.7,1156.1,2553.2
2024-12-25 10:00:00+00:00,85.08,1706.9,2117.6
2024-12-25 11:00:00+00:00,86.63,1955.1,1696.6
2024-12-25 12:00:00+00:00,87.3,1979.0,1395.8
2024-12-25 13:00:00+00:00,85.08,1955.1,1072.0
2024-12-25 14:00:00+00:00,86.88,1633.1,701.4
2024-12-25 15:00:00+00:00,108.27,909.2,519.9
2024-12-25 16:00:00+00:00,120.5,200.9,589.9
2024-12-25 17:00:00+00:00,135.05,2.8,817.2
2024-12-25 18:00:00+00:00,136.6,0.1,1001.2
2024-12-25 19:00:00+00:00,140.7,0.1,1227.5
2024-12-25 20:00:00+00:00,141.08,0.1,1379.5
2024-12-25 21:00:00+00:00,136.6,0.1,1396.4
2024-12-25 22:00:00+00:00,128.11,0.1,1445.6
2024-12-25 23:00:00+00:00,138.08,0.1,1446.7
2024-12-26 00:00:00+00:00,130.65,0.1,1401.5
2024-12-26 01:00:00+00:00,128.11,0.1,1256.4
2024-12-26 02:00:00+00:00,120.48,0.1,1121.3
2024-12-26 03:00:00+00:00,120.48,0.1,1007.7
2024-12-26 04:00:00+00:00,122.39,0.1,892.5
2024-12-26 05:00:00+00:00,134.11,0.1,821.3
2024-12-26 06:00:00+00:00,141.73,0.1,832.9
2024-12-26 07:00:00+00:00,149.99,3.2,774.2
2024-12-26 08:00:00+00:00,143.28,264.3,647.2
2024-12-26 09:00:00+00:00,129.48,1034.1,529.1
2024-12-26 10:00:00+00:00,114.14,1638.2,386.8
2024-12-26 11:00:00+00:00,107.71,1853.7,279.0
2024-12-26 12:00:00+00:00,105.3,1978.0,203.7
2024-12-26 13:00:00+00:00,109.64,1876.9,153.7
2024-12-26 14:00:00+00:00,120.75,1588.4,127.3
2024-12-26 15:00:00+00:00,123.48,1027.4,129.0
2024-12-26 16:00:00+00:00,141.98,262.6,139.6
2024-12-26 17:00:00+00:00,155.52,2.8,179.0
2024-12-26 18:00:00+00:00,159.02,0.2,213.3
2024-12-26 19:00:00+00:00,161.57,0.1,275.3
2024-12-26 20:00:00+00:00,166.8,0.1,346.8
2024-12-26 21:00:00+00:00,148.0,0.1,336.8
2024-12-26 22:00:00+00:00,141.98,0.1,323.1
2024-12-26 23:00:00+00:00,139.83,0.1,349.8
2024-12-27 00:00:00+00:00,132.96,0.1,340.3
2024-12-27 01:00:00+00:00,127.83,0.1,380.1
2024-12-27 02:00:00+00:00,117.58,0.1,474.4
2024-12-27 03:00:00+00:00,115.83,0.1,608.8
2024-12-27 04:00:00+00:00,117.0,0.1,795.0
2024-12-27 05:00:00+00:00,130.62,0.1,1004.5
2024-12-27 06:00:00+00:00,144.33,0.1,1061.5
2024-12-27 07:00:00+00:00,148.2,2.1,1064.6
2024-12-27 08:00:00+00:00,145.01,261.8,1102.5
2024-12-27 09:00:00+00:00,130.0,1034.9,1028.1
2024-12-27 10:00:00+00:00,107.94,1633.7,766.8
2024-12-27 11:00:00+00:00,107.81,1913.4,531.2
2024-12-27 12:00:00+00:00,107.94,1999.7,386.6
2024-12-27 13:00:00+00:00,110.3,1967.7,269.1
2024-12-27 14:00:00+00:00,114.15,1747.4,151.0
2024-12-27 15:00:00+00:00,129.98,1176.4,141.2
2024-12-27 16:00:00+00:00,149.78,349.3,140.8
2024-12-27 17:00:00+00:00,158.4,5.1,215.0
2024-12-27 18:00:00+00:00,159.02,0.1,364.7
2024-12-27 19:00:00+00:00,161.5,0.1,596.8
2024-12-27 20:00:00+00:00,158.5,0.1,753.5
2024-12-27 21:00:00+00:00,147.63,0.1,843.3
2024-12-27 22:00:00+00:00,144.36,0.1,912.4
2024-12-27 23:00:00+00:00,142.0,0.1,1062.6999999999998
2024-12-28 00:00:00+00:00,135.33,0.1,1245.3999999999999
2024-12-28 01:00:00+00:00,132.25,0.1,1374.7
2024-12-28 02:00:00+00:00,125.42,0.1,1307.1
2024-12-28 03:00:00+00:00,121.35,0.1,1286.8
2024-12-28 04:00:00+00:00,122.05,0.1,1203.2
2024-12-28 05:00:00+00:00,130.0,0.1,1142.8
2024-12-28 06:00:00+00:00,135.0,0.1,1158.3
2024-12-28 07:00:00+00:00,141.66,2.0,1226.0
2024-12-28 08:00:00+00:00,137.25,266.3,1267.6
2024-12-28 09:00:00+00:00,122.83,1083.4,1114.2
2024-12-28 10:00:00+00:00,113.4,1694.5,850.5
2024-12-28 11:00:00+00:00,108.97,1976.6,595.4
2024-12-28 12:00:00+00:00,110.01,2092.0,384.8
2024-12-28 13:00:00+00:00,114.09,2063.1,218.6
2024-12-28 14:00:00+00:00,114.09,1836.1,82.7
2024-12-28 15:00:00+00:00,121.27,1265.5,44.1
2024-12-28 16:00:00+00:00,142.61,394.8,48.2
2024-12-28 17:00:00+00:00,152.78,8.3,104.5
2024-12-28 18:00:00+00:00,157.0,0.1,188.7
2024-12-28 19:00:00+00:00,160.78,0.1,311.5
2024-12-28 20:00:00+00:00,157.0,0.1,370.2
2024-12-28 21:00:00+00:00,151.54,0.1,402.2
2024-12-28 22:00:00+00:00,146.44,0.1,432.6
2024-12-28 23:00:00+00:00,146.28,0.1,419.0
2024-12-29 00:00:00+00:00,142.77,0.1,390.5
2024-12-29 01:00:00+00:00,140.08,0.1,372.8
2024-12-29 02:00:00+00:00,138.3,0.1,389.8
2024-12-29 03:00:00+00:00,137.26,0.1,411.7
2024-12-29 04:00:00+00:00,137.26,0.1,413.4
2024-12-29 05:00:00+00:00,134.11,0.1,411.3
2024-12-29 06:00:00+00:00,138.3,0.1,431.2
2024-12-29 07:00:00+00:00,141.66,1.9,476.5
2024-12-29 08:00:00+00:00,138.3,279.6,507.7
2024-12-29 09:00:00+00:00,115.88,1119.1,508.8
2024-12-29 10:00:00+00:00,109.94,1746.3,474.8
2024-12-29 11:00:00+00:00,109.4,2030.3,339.7
2024-12-29 12:00:00+00:00,108.88,2130.2,196.7
2024-12-29 13:00:00+00:00,109.81,2081.4,154.3
2024-12-29 14:00:00+00:00,113.87,1867.8,153.5
2024-12-29 15:00:00+00:00,125.13,1304.8,154.4
2024-12-29 16:00:00+00:00,145.18,419.3,203.3
2024-12-29 17:00:00+00:00,152.78,10.1,295.8
2024-12-29 18:00:00+00:00,158.67,0.1,335.8
2024-12-29 19:00:00+00:00,162.0,0.1,394.2
2024-12-29 20:00:00+00:00,161.94,0.1,526.3
2024-12-29 21:00:00+00:00,151.54,0.1,692.4
2024-12-29 22:00:00+00:00,148.19,0.1,752.6
2024-12-29 23:00:00+00:00,141.5,0.1,714.8
2024-12-30 00:00:00+00:00,135.0,0.1,680.7
2024-12-30 01:00:00+00:00,131.0,0.1,627.1
2024-12-30 02:00:00+00:00,125.0,0.1,598.4
2024-12-30 03:00:00+00:00,124.0,0.1,487.6
2024-12-30 04:00:00+00:00,130.53,0.1,411.0
2024-12-30 05:00:00+00:00,143.97,0.1,337.0
2024-12-30 06:00:00+00:00,150.01,0.1,343.3
2024-12-30 07:00:00+00:00,159.83,1.4,378.2
2024-12-30 08:00:00+00:00,152.03,231.0,381.5
2024-12-30 09:00:00+00:00,141.5,1003.4,344.5
2024-12-30 10:00:00+00:00,119.04,1678.0,243.9
2024-12-30 11:00:00+00:00,121.42,1984.9,179.79999999999998
2024-12-30 12:00:00+00:00,116.02,2083.4,129.79999999999998
2024-12-30 13:00:00+00:00,119.5,1984.0,98.8
2024-12-30 14:00:00+00:00,120.0,1666.7,60.4
2024-12-30 15:00:00+00:00,133.53,1213.1,43.7
2024-12-30 16:00:00+00:00,147.75,383.6,36.1
2024-12-30 17:00:00+00:00,162.43,10.6,42.4
2024-12-30 18:00:00+00:00,166.73,0.2,75.2
2024-12-30 19:00:00+00:00,172.72,0.1,144.7
2024-12-30 20:00:00+00:00,167.21,0.1,179.5
2024-12-30 21:00:00+00:00,155.65,0.1,176.79999999999998
2024-12-30 22:00:00+00:00,146.13,0.1,150.60000000000002
2024-12-30 23:00:00+00:00,145.0,0.1,156.10000000000002
